t,run_id,state,pos_n,pos_e,alt,vel_n,vel_e,yaw,cmd_vx,cmd_vy,speed,target_n,target_e,dist_to_target,front_dist,min_threat,min_threat_angle,collision,ok,n_obs,compute_ms,heading_score,clearance_score,velocity_score,heading_term,clearance_term,velocity_term,total,safe_dist
0.05,0,INIT,0.0,0.0,0.0,0.0,0.0,0.0,0.0,0.0,0.0,,,,,,0.0,0,,0,0.0,,,,,,,,
0.099,0,INIT,-0.0912,0.0588,1.0358,-0.0017,-0.0076,1.5671,0.0,0.0,0.0,,,,,,0.0,0,,0,0.0,,,,,,,,
0.149,0,INIT,-0.0884,0.0572,1.034,0.0,-0.0084,1.5669,0.0,0.0,0.0,,,,,,0.0,0,,0,0.0,,,,,,,,
0.199,0,INIT,-0.086,0.0558,1.0326,0.0015,-0.009,1.5674,0.0,0.0,0.0,,,,,,0.0,0,,0,0.0,,,,,,,,
0.249,0,INIT,-0.0849,0.0546,1.0308,0.0025,-0.0093,1.5682,0.0,0.0,0.0,,,,,,0.0,0,,0,0.0,,,,,,,,
0.299,0,INIT,-0.0858,0.0539,1.0283,0.0024,-0.009,1.569,0.0,0.0,0.0,,,,,,0.0,0,,0,0.0,,,,,,,,
0.349,0,INIT,-0.0868,0.0531,1.0259,0.0024,-0.0088,1.5697,0.0,0.0,0.0,,,,,,0.0,0,,0,0.0,,,,,,,,
0.4,0,INIT,-0.0836,0.0551,1.0206,0.0041,-0.0071,1.5701,0.0,0.0,0.0,,,,,,0.0,0,,0,0.0,,,,,,,,
0.449,0,INIT,-0.0796,0.0576,1.0156,0.0061,-0.0052,1.5699,0.0,0.0,0.0,,,,,,0.0,0,,0,0.0,,,,,,,,
0.499,0,INIT,-0.076,0.0599,1.0112,0.0079,-0.0036,1.5697,0.0,0.0,0.0,,,,,,0.0,0,,0,0.0,,,,,,,,
0.549,0,INIT,-0.0749,0.062,1.0074,0.0086,-0.0021,1.5695,0.0,0.0,0.0,,,,,,0.0,0,,0,0.0,,,,,,,,
0.6,0,INIT,-0.0751,0.0635,1.005,0.0086,-0.0011,1.5697,0.0,0.0,0.0,,,,,,0.0,0,,0,0.0,,,,,,,,
0.649,0,INIT,-0.0753,0.0651,1.0025,0.0086,-0.0001,1.5701,0.0,0.0,0.0,,,,,,0.0,0,,0,0.0,,,,,,,,
0.699,0,INIT,-0.0781,0.0658,0.9952,0.0075,0.0004,1.5705,0.0,0.0,0.0,,,,,,0.0,0,,0,0.0,,,,,,,,
0.75,0,INIT,-0.0806,0.0663,0.9891,0.0065,0.0007,1.5703,0.0,0.0,0.0,,,,,,0.0,0,,0,0.0,,,,,,,,
0.799,0,INIT,-0.0831,0.0672,0.9821,0.0055,0.0012,1.5694,0.0,0.0,0.0,,,,,,0.0,0,,0,0.0,,,,,,,,
0.849,0,INIT,-0.0852,0.0701,0.9723,0.0043,0.0029,1.5688,0.0,0.0,0.0,,,,,,0.0,0,,0,0.0,,,,,,,,
0.9,0,INIT,-0.0864,0.072,0.9665,0.0037,0.0039,1.5687,0.0,0.0,0.0,,,,,,0.0,0,,0,0.0,,,,,,,,
0.949,0,INIT,-0.0872,0.0746,0.9589,0.0032,0.0054,1.5697,0.0,0.0,0.0,,,,,,0.0,0,,0,0.0,,,,,,,,
0.999,0,INIT,-0.0836,0.0775,0.9512,0.0044,0.0075,1.571,0.0,0.0,0.0,,,,,,0.0,0,,0,0.0,,,,,,,,
1.049,0,INIT,-0.0809,0.0798,0.9458,0.0054,0.009,1.5723,0.0,0.0,0.0,,,,,,0.0,0,,0,0.0,,,,,,,,
1.1,0,TAKEOFF,-0.0784,0.0818,0.9419,0.0063,0.0102,1.5744,0.0,0.0,0.0,,,,,,0.0,0,,0,0.0,,,,,,,,
1.149,0,TAKEOFF,-0.0749,0.0832,0.9415,0.0077,0.011,1.5765,0.0,0.0,0.0,,,,,,0.0,0,,0,0.0,,,,,,,,
1.2,0,TAKEOFF,-0.0723,0.0843,0.9414,0.0087,0.0115,1.5776,0.0,0.0,0.0,,,,,,0.0,0,,0,0.0,,,,,,,,
1.249,0,TAKEOFF,-0.0695,0.0854,0.9404,0.0099,0.0121,1.5784,0.0,0.0,0.0,,,,,,0.0,0,,0,0.0,,,,,,,,
1.299,0,TAKEOFF,-0.0657,0.0867,0.9378,0.0117,0.0128,1.5791,0.0,0.0,0.0,,,,,,0.0,0,,0,0.0,,,,,,,,
1.349,0,TAKEOFF,-0.0623,0.088,0.9358,0.0132,0.0134,1.5789,0.0,0.0,0.0,,,,,,0.0,0,,0,0.0,,,,,,,,
1.4,0,TAKEOFF,-0.0603,0.0896,0.9362,0.0138,0.0142,1.5787,0.0,0.0,0.0,,,,,,0.0,0,,0,0.0,,,,,,,,
1.449,0,TAKEOFF,-0.0586,0.0918,0.938,0.0139,0.0153,1.5789,0.0,0.0,0.0,,,,,,0.0,0,,0,0.0,,,,,,,,
1.5,0,TAKEOFF,-0.0574,0.0935,0.9395,0.014,0.0161,1.5792,0.0,0.0,0.0,,,,,,0.0,0,,0,0.0,,,,,,,,
1.55,0,TAKEOFF,-0.0552,0.0962,0.9463,0.0147,0.0171,1.5796,0.0,0.0,0.0,,,,,,0.0,0,,0,0.0,,,,,,,,
1.599,0,TAKEOFF,-0.0525,0.0994,0.9551,0.0156,0.0181,1.5802,0.0,0.0,0.0,,,,,,0.0,0,,0,0.0,,,,,,,,
1.649,0,TAKEOFF,-0.0505,0.1019,0.9616,0.0164,0.0189,1.5807,0.0,0.0,0.0,,,,,,0.0,0,,0,0.0,,,,,,,,
1.699,0,TAKEOFF,-0.0512,0.1032,0.9689,0.016,0.0194,1.581,0.0,0.0,0.0,,,,,,0.0,0,,0,0.0,,,,,,,,
1.749,0,TAKEOFF,-0.0525,0.1045,0.977,0.0153,0.0198,1.5809,0.0,0.0,0.0,,,,,,0.0,0,,0,0.0,,,,,,,,
1.8,0,TAKEOFF,-0.0536,0.1057,0.9841,0.0147,0.0202,1.5805,0.0,0.0,0.0,,,,,,0.0,0,,0,0.0,,,,,,,,
1.85,0,TAKEOFF,-0.0544,0.1051,0.9869,0.0141,0.0198,1.5801,0.0,0.0,0.0,,,,,,0.0,0,,0,0.0,,,,,,,,
1.899,0,TAKEOFF,-0.0554,0.1044,0.9905,0.0133,0.0193,1.58,0.0,0.0,0.0,,,,,,0.0,0,,0,0.0,,,,,,,,
1.95,0,TAKEOFF,-0.0562,0.1039,0.9933,0.0127,0.019,1.5803,0.0,0.0,0.0,,,,,,0.0,0,,0,0.0,,,,,,,,
1.999,0,TAKEOFF,-0.0515,0.1021,0.9969,0.0144,0.0181,1.5806,0.0,0.0,0.0,,,,,,0.0,0,,0,0.0,,,,,,,,
2.049,0,TAKEOFF,-0.0481,0.1008,0.9997,0.0156,0.0176,1.5807,0.0,0.0,0.0,,,,,,0.0,0,,0,0.0,,,,,,,,
2.099,0,TAKEOFF,-0.0444,0.0996,1.0032,0.0169,0.0168,1.5813,0.0,0.0,0.0,,,,,,0.0,0,,0,0.0,,,,,,,,
2.149,0,TAKEOFF,-0.0419,0.0988,1.0079,0.0176,0.0159,1.5817,0.0,0.0,0.0,,,,,,0.0,0,,0,0.0,,,,,,,,
2.199,0,TAKEOFF,-0.0395,0.0981,1.0122,0.0182,0.0151,1.5819,0.0,0.0,0.0,,,,,,0.0,0,,0,0.0,,,,,,,,
2.249,0,TAKEOFF,-0.0377,0.0972,1.017,0.0186,0.0141,1.582,0.0,0.0,0.0,,,,,,0.0,0,,0,0.0,,,,,,,,
2.299,0,TAKEOFF,-0.0392,0.0953,1.021,0.0177,0.0128,1.5819,0.0,0.0,0.0,,,,,,0.0,0,,0,0.0,,,,,,,,
2.349,0,TAKEOFF,-0.0408,0.0935,1.0253,0.0167,0.0114,1.5816,0.0,0.0,0.0,,,,,,0.0,0,,0,0.0,,,,,,,,
2.4,0,TAKEOFF,-0.043,0.0923,1.027,0.0156,0.0106,1.5819,0.0,0.0,0.0,,,,,,0.0,0,,0,0.0,,,,,,,,
2.449,0,TAKEOFF,-0.0472,0.0914,1.0266,0.0138,0.0101,1.5829,0.0,0.0,0.0,,,,,,0.0,0,,0,0.0,,,,,,,,
2.499,0,TAKEOFF,-0.0502,0.0909,1.0264,0.0124,0.0097,1.5834,0.0,0.0,0.0,,,,,,0.0,0,,0,0.0,,,,,,,,
2.549,0,TAKEOFF,-0.0524,0.091,1.0257,0.0115,0.0097,1.5838,0.0,0.0,0.0,,,,,,0.0,0,,0,0.0,,,,,,,,
2.599,0,TAKEOFF,-0.0539,0.0923,1.0241,0.011,0.0103,1.5842,0.0,0.0,0.0,,,,,,0.0,0,,0,0.0,,,,,,,,
2.649,0,TAKEOFF,-0.0549,0.0933,1.0231,0.0106,0.0107,1.5843,0.0,0.0,0.0,,,,,,0.0,0,,0,0.0,,,,,,,,
2.699,0,TAKEOFF,-0.0572,0.0929,1.0224,0.0099,0.0105,1.5841,0.0,0.0,0.0,,,,,,0.0,0,,0,0.0,,,,,,,,
2.749,0,TAKEOFF,-0.0605,0.0914,1.022,0.0089,0.0099,1.5837,0.0,0.0,0.0,,,,,,0.0,0,,0,0.0,,,,,,,,
2.8,0,TAKEOFF,-0.0634,0.0902,1.0217,0.0081,0.0093,1.583,0.0,0.0,0.0,,,,,,0.0,0,,0,0.0,,,,,,,,
2.849,0,TAKEOFF,-0.0684,0.0882,1.0236,0.0061,0.0083,1.5823,0.0,0.0,0.0,,,,,,0.0,0,,0,0.0,,,,,,,,
2.899,0,TAKEOFF,-0.0736,0.0862,1.0258,0.004,0.0073,1.5815,0.0,0.0,0.0,,,,,,0.0,0,,0,0.0,,,,,,,,
2.95,0,TAKEOFF,-0.0791,0.0841,1.0283,0.0018,0.0062,1.5808,0.0,0.0,0.0,,,,,,0.0,0,,0,0.0,,,,,,,,
2.999,0,TAKEOFF,-0.0856,0.0818,1.0279,-0.0009,0.0048,1.5805,0.0,0.0,0.0,,,,,,0.0,0,,0,0.0,,,,,,,,
3.049,0,TAKEOFF,-0.0931,0.079,1.0271,-0.004,0.0032,1.5803,0.0,0.0,0.0,,,,,,0.0,0,,0,0.0,,,,,,,,
3.1,0,TAKEOFF,-0.0986,0.077,1.0266,-0.0062,0.0021,1.5803,0.0,0.0,0.0,,,,,,0.0,0,,0,0.0,,,,,,,,
3.149,0,TAKEOFF,-0.1024,0.0778,1.0265,-0.0074,0.0021,1.5802,0.0,0.0,0.0,,,,,,0.0,0,,0,0.0,,,,,,,,
3.199,0,TAKEOFF,-0.1047,0.0789,1.0265,-0.008,0.0024,1.58,0.0,0.0,0.0,,,,,,0.0,0,,0,0.0,,,,,,,,
3.249,0,TAKEOFF,-0.1076,0.0791,1.027,-0.0087,0.0024,1.5795,0.0,0.0,0.0,,,,,,0.0,0,,0,0.0,,,,,,,,
3.299,0,TAKEOFF,-0.1118,0.0754,1.0288,-0.0097,0.0007,1.5789,0.0,0.0,0.0,,,,,,0.0,0,,0,0.0,,,,,,,,
3.349,0,TAKEOFF,-0.1149,0.0726,1.0301,-0.0104,-0.0005,1.5782,0.0,0.0,0.0,,,,,,0.0,0,,0,0.0,,,,,,,,
3.4,0,TAKEOFF,-0.1191,0.0684,1.0296,-0.0115,-0.0025,1.5774,0.0,0.0,0.0,,,,,,0.0,0,,0,0.0,,,,,,,,
3.449,0,TAKEOFF,-0.1237,0.0634,1.026,-0.0129,-0.0051,1.5764,0.0,0.0,0.0,,,,,,0.0,0,,0,0.0,,,,,,,,
3.499,0,TAKEOFF,-0.1287,0.0579,1.0224,-0.0143,-0.0079,1.5751,0.0,0.0,0.0,,,,,,0.0,0,,0,0.0,,,,,,,,
3.549,0,TAKEOFF,-0.1348,0.0528,1.0196,-0.0162,-0.0104,1.5739,0.0,0.0,0.0,,,,,,0.0,0,,0,0.0,,,,,,,,
3.599,0,TAKEOFF,-0.1399,0.0489,1.0177,-0.0178,-0.0123,1.5727,0.0,0.0,0.0,,,,,,0.0,0,,0,0.0,,,,,,,,
3.649,0,TAKEOFF,-0.1454,0.0446,1.0159,-0.0195,-0.0143,1.5715,0.0,0.0,0.0,,,,,,0.0,0,,0,0.0,,,,,,,,
3.699,0,TAKEOFF,-0.1511,0.041,1.0152,-0.0214,-0.0161,1.5706,0.0,0.0,0.0,,,,,,0.0,0,,0,0.0,,,,,,,,
3.749,0,TAKEOFF,-0.1578,0.037,1.0146,-0.0236,-0.018,1.5696,0.0,0.0,0.0,,,,,,0.0,0,,0,0.0,,,,,,,,
3.8,0,TAKEOFF,-0.1627,0.0339,1.0142,-0.0251,-0.0195,1.569,0.0,0.0,0.0,,,,,,0.0,0,,0,0.0,,,,,,,,
3.849,0,TAKEOFF,-0.1679,0.0316,1.0145,-0.026,-0.0202,1.5689,0.0,0.0,0.0,,,,,,0.0,0,,0,0.0,,,,,,,,
3.9,0,TAKEOFF,-0.1725,0.0295,1.0148,-0.0268,-0.0208,1.5689,0.0,0.0,0.0,,,,,,0.0,0,,0,0.0,,,,,,,,
3.949,0,TAKEOFF,-0.1754,0.0278,1.0151,-0.0271,-0.0212,1.5689,0.0,0.0,0.0,,,,,,0.0,0,,0,0.0,,,,,,,,
3.999,0,TAKEOFF,-0.1761,0.0258,1.0155,-0.0262,-0.0213,1.5686,0.0,0.0,0.0,,,,,,0.0,0,,0,0.0,,,,,,,,
4.049,0,TAKEOFF,-0.1768,0.024,1.0159,-0.0255,-0.0214,1.5685,0.0,0.0,0.0,,,,,,0.0,0,,0,0.0,,,,,,,,
4.099,0,TAKEOFF,-0.1783,0.0219,1.0167,-0.0253,-0.0217,1.5686,0.0,0.0,0.0,,,,,,0.0,0,,0,0.0,,,,,,,,
4.149,0,TAKEOFF,-0.1817,0.0185,1.0182,-0.0259,-0.0224,1.5691,0.0,0.0,0.0,,,,,,0.0,0,,0,0.0,,,,,,,,
4.2,0,TAKEOFF,-0.1847,0.0154,1.0196,-0.0265,-0.023,1.5699,0.0,0.0,0.0,,,,,,0.0,0,,0,0.0,,,,,,,,
4.249,0,TAKEOFF,-0.1821,0.0117,1.023,-0.0249,-0.0241,1.5706,0.0,0.0,0.0,,,,,,0.0,0,,0,0.0,,,,,,,,
4.299,0,TAKEOFF,-0.178,0.0074,1.0274,-0.0226,-0.0254,1.5712,0.0,0.0,0.0,,,,,,0.0,0,,0,0.0,,,,,,,,
4.349,0,TAKEOFF,-0.1746,0.0034,1.0313,-0.0207,-0.0266,1.5716,0.0,0.0,0.0,,,,,,0.0,0,,0,0.0,,,,,,,,
4.399,0,TAKEOFF,-0.1742,0.0011,1.0363,-0.0201,-0.0273,1.5716,0.0,0.0,0.0,,,,,,0.0,0,,0,0.0,,,,,,,,
4.449,0,TAKEOFF,-0.1739,-0.0014,1.0416,-0.0195,-0.028,1.5714,0.0,0.0,0.0,,,,,,0.0,0,,0,0.0,,,,,,,,
4.5,0,TAKEOFF,-0.1737,-0.0034,1.0456,-0.0191,-0.0257,1.5711,0.0,0.0,0.0,,,,,,0.0,0,,0,0.0,,,,,,,,
4.549,0,TAKEOFF,-0.1744,-0.0027,1.0517,-0.0185,-0.0147,1.5708,0.0,0.0,0.0,,,,,,0.0,0,,0,0.0,,,,,,,,
4.599,0,TAKEOFF,-0.1751,-0.0016,1.0566,-0.018,0.0018,1.5706,0.0,0.0,0.0,,,,,,0.0,0,,0,0.0,,,,,,,,
4.649,0,TAKEOFF,-0.1759,-0.0001,1.059,-0.0173,0.0183,1.5704,0.0,0.0,0.0,,,,,,0.0,0,,0,0.0,,,,,,,,
4.699,0,TAKEOFF,-0.177,0.0018,1.0595,-0.0105,0.035,1.5709,0.0,0.0,0.0,,,,,,0.0,0,,0,0.0,,,,,,,,
4.75,0,TAKEOFF,-0.1777,0.0049,1.0592,-0.0026,0.055,1.5717,0.0,0.0,0.0,,,,,,0.0,0,,0,0.0,,,,,,,,
4.799,0,TAKEOFF,-0.1768,0.0086,1.0562,-0.0006,0.0745,1.572,0.0,0.0,0.0,,,,,,0.0,0,,0,0.0,,,,,,,,
4.849,0,TAKEOFF,-0.1738,0.0138,1.05,0.0071,0.1009,1.5719,0.0,0.0,0.0,,,,,,0.0,0,,0,0.0,,,,,,,,
4.9,0,TAKEOFF,-0.1701,0.0212,1.0397,0.0227,0.1375,1.571,0.0,0.0,0.0,,,,,,0.0,0,,0,0.0,,,,,,,,
4.949,0,TAKEOFF,-0.1673,0.0316,1.0265,0.0427,0.1761,1.5697,0.0,0.0,0.0,,,,,,0.0,0,,0,0.0,,,,,,,,
5.0,0,TAKEOFF,-0.1647,0.0418,1.0125,0.061,0.2068,1.5684,0.0,0.0,0.0,,,,,,0.0,0,,0,0.0,,,,,,,,
5.049,0,TAKEOFF,-0.1608,0.0553,0.9913,0.0828,0.2389,1.5667,0.0,0.0,0.0,,,,,,0.0,0,,0,0.0,,,,,,,,
5.099,0,TAKEOFF,-0.1542,0.0697,0.9672,0.1007,0.2623,1.5653,0.0,0.0,0.0,,,,,,0.0,0,,0,0.0,,,,,,,,
5.149,0,TAKEOFF,-0.1452,0.0881,0.933,0.1193,0.2841,1.5638,0.0,0.0,0.0,,,,,,0.0,0,,0,0.0,,,,,,,,
5.2,0,TAKEOFF,-0.1359,0.1067,0.8936,0.1338,0.2985,1.5622,0.0,0.0,0.0,,,,,,0.0,0,,0,0.0,,,,,,,,
5.249,0,TAKEOFF,-0.129,0.1235,0.8521,0.1426,0.3058,1.5608,0.0,0.0,0.0,,,,,,0.0,0,,0,0.0,,,,,,,,
5.299,0,TAKEOFF,-0.1206,0.1433,0.798,0.1496,0.3087,1.5588,0.0,0.0,0.0,,,,,,0.0,0,,0,0.0,,,,,,,,
5.349,0,TAKEOFF,-0.1114,0.1619,0.7387,0.1536,0.3058,1.5567,0.0,0.0,0.0,,,,,,0.0,0,,0,0.0,,,,,,,,
5.4,0,TAKEOFF,-0.1044,0.1731,0.6959,0.1551,0.3012,1.5555,0.0,0.0,0.0,,,,,,0.0,0,,0,0.0,,,,,,,,
5.449,0,TAKEOFF,-0.0942,0.1894,0.6277,0.1555,0.2909,1.5538,0.0,0.0,0.0,,,,,,0.0,0,,0,0.0,,,,,,,,
5.499,0,TAKEOFF,-0.0839,0.2056,0.5548,0.1541,0.278,1.5525,0.0,0.0,0.0,,,,,,0.0,0,,0,0.0,,,,,,,,
5.549,0,TAKEOFF,-0.075,0.2194,0.4914,0.1523,0.2665,1.5515,0.0,0.0,0.0,,,,,,0.0,0,,0,0.0,,,,,,,,
5.599,0,TAKEOFF,-0.0648,0.2349,0.413,0.149,0.2512,1.5504,0.0,0.0,0.0,,,,,,0.0,0,,0,0.0,,,,,,,,
5.649,0,TAKEOFF,-0.0552,0.2502,0.3308,0.1445,0.2346,1.5496,0.0,0.0,0.0,,,,,,0.0,0,,0,0.0,,,,,,,,
5.7,0,TAKEOFF,-0.0493,0.2603,0.2743,0.1409,0.2229,1.5492,0.0,0.0,0.0,,,,,,0.0,0,,0,0.0,,,,,,,,
5.749,0,TAKEOFF,-0.0409,0.2742,0.1908,0.1348,0.2042,1.5488,0.0,0.0,0.0,,,,,,0.0,0,,0,0.0,,,,,,,,
5.799,0,TAKEOFF,-0.0306,0.2858,0.107,0.1289,0.1841,1.5484,0.0,0.0,0.0,,,,,,0.0,0,,0,0.0,,,,,,,,
5.849,0,TAKEOFF,-0.0218,0.2941,0.0385,0.1237,0.1666,1.5481,0.0,0.0,0.0,,,,,,0.0,0,,0,0.0,,,,,,,,
5.899,0,TAKEOFF,-0.0121,0.3029,-0.041,0.1169,0.145,1.5481,0.0,0.0,0.0,,,,,,0.0,0,,0,0.0,,,,,,,,
5.949,0,TAKEOFF,0.0007,0.3113,-0.1159,0.1111,0.1237,1.5485,0.0,0.0,0.0,,,,,,0.0,0,,0,0.0,,,,,,,,
5.999,0,TAKEOFF,0.011,0.3175,-0.1757,0.106,0.1058,1.549,0.0,0.0,0.0,,,,,,0.0,0,,0,0.0,,,,,,,,
6.049,0,TAKEOFF,0.0203,0.3227,-0.2332,0.1003,0.088,1.5496,0.0,0.0,0.0,,,,,,0.0,0,,0,0.0,,,,,,,,
6.1,0,TAKEOFF,0.0295,0.3237,-0.298,0.0922,0.0644,1.5503,0.0,0.0,0.0,,,,,,0.0,0,,0,0.0,,,,,,,,
6.149,0,TAKEOFF,0.0364,0.324,-0.3497,0.0847,0.0452,1.551,0.0,0.0,0.0,,,,,,0.0,0,,0,0.0,,,,,,,,
6.199,0,TAKEOFF,0.0435,0.3237,-0.4091,0.0748,0.023,1.5521,0.0,0.0,0.0,,,,,,0.0,0,,0,0.0,,,,,,,,
6.249,0,TAKEOFF,0.049,0.3229,-0.4663,0.064,0.0023,1.5535,0.0,0.0,0.0,,,,,,0.0,0,,0,0.0,,,,,,,,
6.299,0,TAKEOFF,0.053,0.3217,-0.5117,0.0548,-0.0141,1.5547,0.0,0.0,0.0,,,,,,0.0,0,,0,0.0,,,,,,,,
6.349,0,TAKEOFF,0.0559,0.3202,-0.555,0.0451,-0.0295,1.5559,0.0,0.0,0.0,,,,,,0.0,0,,0,0.0,,,,,,,,
6.4,0,TAKEOFF,0.0569,0.3194,-0.6036,0.0323,-0.0465,1.5147,0.0,0.0,0.0,,,,,,0.0,0,,0,0.0,,,,,,,,
6.45,0,TAKEOFF,0.0573,0.318,-0.6423,0.0213,-0.0593,1.5148,0.0,0.0,0.0,,,,,,0.0,0,,0,0.0,,,,,,,,
6.499,0,TAKEOFF,0.0567,0.3151,-0.6858,0.0085,-0.0738,1.5165,0.0,0.0,0.0,,,,,,0.0,0,,0,0.0,,,,,,,,
6.55,0,TAKEOFF,0.0552,0.3111,-0.7264,-0.0035,-0.0873,1.5189,0.0,0.0,0.0,,,,,,0.0,0,,0,0.0,,,,,,,,
6.6,0,TAKEOFF,0.0536,0.3073,-0.7589,-0.0128,-0.0979,1.5186,0.0,0.0,0.0,,,,,,0.0,0,,0,0.0,,,,,,,,
6.649,0,TAKEOFF,0.0519,0.3024,-0.7984,-0.0222,-0.1095,1.5194,0.0,0.0,0.0,,,,,,0.0,0,,0,0.0,,,,,,,,
6.699,0,TAKEOFF,0.05,0.2972,-0.837,-0.0304,-0.12,1.5229,0.0,0.0,0.0,,,,,,0.0,0,,0,0.0,,,,,,,,
6.749,0,TAKEOFF,0.0483,0.2924,-0.8677,-0.0365,-0.1282,1.527,0.0,0.0,0.0,,,,,,0.0,0,,0,0.0,,,,,,,,
6.8,0,TAKEOFF,0.0478,0.2865,-0.8944,-0.0423,-0.1366,1.5317,0.0,0.0,0.0,,,,,,0.0,0,,0,0.0,,,,,,,,
6.849,0,TAKEOFF,0.0471,0.2788,-0.9245,-0.0489,-0.1464,1.5387,0.0,0.0,0.0,,,,,,0.0,0,,0,0.0,,,,,,,,
6.899,0,TAKEOFF,0.0459,0.2707,-0.9528,-0.0551,-0.1554,1.5453,0.0,0.0,0.0,,,,,,0.0,0,,0,0.0,,,,,,,,
6.949,0,TAKEOFF,0.0444,0.2634,-0.9727,-0.0597,-0.1626,1.5489,0.0,0.0,0.0,,,,,,0.0,0,,0,0.0,,,,,,,,
7.0,0,TAKEOFF,0.0423,0.2543,-0.9962,-0.065,-0.1702,1.5529,0.0,0.0,0.0,,,,,,0.0,0,,0,0.0,,,,,,,,
7.049,0,TAKEOFF,0.0406,0.2469,-1.0154,-0.0693,-0.1752,1.5571,0.0,0.0,0.0,,,,,,0.0,0,,0,0.0,,,,,,,,
7.099,0,TAKEOFF,0.0396,0.2388,-1.0378,-0.0754,-0.1781,1.5612,0.0,0.0,0.0,,,,,,0.0,0,,0,0.0,,,,,,,,
7.15,0,TAKEOFF,0.0383,0.232,-1.0561,-0.0802,-0.1796,1.5641,0.0,0.0,0.0,,,,,,0.0,0,,0,0.0,,,,,,,,
7.199,0,TAKEOFF,0.0352,0.224,-1.0801,-0.0866,-0.1813,1.5685,0.0,0.0,0.0,,,,,,0.0,0,,0,0.0,,,,,,,,
7.249,0,TAKEOFF,0.0316,0.2174,-1.1014,-0.0922,-0.1827,1.5723,0.0,0.0,0.0,,,,,,0.0,0,,0,0.0,,,,,,,,
7.3,0,TAKEOFF,0.027,0.2092,-1.1261,-0.0983,-0.1838,1.5769,0.0,0.0,0.0,,,,,,0.0,0,,0,0.0,,,,,,,,
7.349,0,TAKEOFF,0.0226,0.2018,-1.1484,-0.1027,-0.1861,1.5805,0.0,0.0,0.0,,,,,,0.0,0,,0,0.0,,,,,,,,
7.399,0,TAKEOFF,0.0171,0.1922,-1.1756,-0.107,-0.1897,1.5846,0.0,0.0,0.0,,,,,,0.0,0,,0,0.0,,,,,,,,
7.449,0,TAKEOFF,0.0113,0.1824,-1.2013,-0.1103,-0.1925,1.5889,0.0,0.0,0.0,,,,,,0.0,0,,0,0.0,,,,,,,,
7.499,0,TAKEOFF,0.0085,0.171,-1.2179,-0.1123,-0.1964,1.5916,0.0,0.0,0.0,,,,,,0.0,0,,0,0.0,,,,,,,,
7.549,0,TAKEOFF,0.0052,0.1566,-1.2361,-0.114,-0.2005,1.5935,0.0,0.0,0.0,,,,,,0.0,0,,0,0.0,,,,,,,,
7.599,0,TAKEOFF,0.0021,0.1449,-1.2509,-0.1149,-0.2027,1.5946,0.0,0.0,0.0,,,,,,0.0,0,,0,0.0,,,,,,,,
7.649,0,TAKEOFF,-0.0024,0.129,-1.2654,-0.1161,-0.2042,1.5953,0.0,0.0,0.0,,,,,,0.0,0,,0,0.0,,,,,,,,
7.699,0,TAKEOFF,-0.0064,0.1163,-1.2775,-0.1167,-0.2039,1.5953,0.0,0.0,0.0,,,,,,0.0,0,,0,0.0,,,,,,,,
7.75,0,TAKEOFF,-0.0106,0.1042,-1.2896,-0.117,-0.2021,1.5952,0.0,0.0,0.0,,,,,,0.0,0,,0,0.0,,,,,,,,
7.799,0,TAKEOFF,-0.0158,0.093,-1.3052,-0.1172,-0.1974,1.5952,0.0,0.0,0.0,,,,,,0.0,0,,0,0.0,,,,,,,,
7.849,0,TAKEOFF,-0.0213,0.0822,-1.3207,-0.1171,-0.1912,1.5945,0.0,0.0,0.0,,,,,,0.0,0,,0,0.0,,,,,,,,
7.899,0,TAKEOFF,-0.0257,0.0738,-1.335,-0.1164,-0.1849,1.5933,0.0,0.0,0.0,,,,,,0.0,0,,0,0.0,,,,,,,,
7.949,0,TAKEOFF,-0.0306,0.0653,-1.3591,-0.1143,-0.175,1.5915,0.0,0.0,0.0,,,,,,0.0,0,,0,0.0,,,,,,,,
7.999,0,TAKEOFF,-0.0346,0.0586,-1.3781,-0.1122,-0.1665,1.5898,0.0,0.0,0.0,,,,,,0.0,0,,0,0.0,,,,,,,,
8.049,0,TAKEOFF,-0.0402,0.0532,-1.4016,-0.1109,-0.1551,1.5878,0.0,0.0,0.0,,,,,,0.0,0,,0,0.0,,,,,,,,
8.099,0,TAKEOFF,-0.0454,0.0508,-1.4217,-0.1111,-0.1447,1.586,0.0,0.0,0.0,,,,,,0.0,0,,0,0.0,,,,,,,,
8.149,0,TAKEOFF,-0.0517,0.048,-1.444,-0.1108,-0.133,1.5837,0.0,0.0,0.0,,,,,,0.0,0,,0,0.0,,,,,,,,
8.199,0,TAKEOFF,-0.0568,0.0457,-1.459,-0.1103,-0.1234,1.5814,0.0,0.0,0.0,,,,,,0.0,0,,0,0.0,,,,,,,,
8.249,0,TAKEOFF,-0.0629,0.0431,-1.4741,-0.1092,-0.1124,1.5784,0.0,0.0,0.0,,,,,,0.0,0,,0,0.0,,,,,,,,
8.299,0,TAKEOFF,-0.0688,0.0408,-1.4883,-0.1072,-0.1025,1.5754,0.0,0.0,0.0,,,,,,0.0,0,,0,0.0,,,,,,,,
8.349,0,TAKEOFF,-0.0719,0.0391,-1.5003,-0.1028,-0.0961,1.5731,0.0,0.0,0.0,,,,,,0.0,0,,0,0.0,,,,,,,,
8.4,0,TAKEOFF,-0.075,0.0374,-1.5116,-0.098,-0.0902,1.571,0.0,0.0,0.0,,,,,,0.0,0,,0,0.0,,,,,,,,
8.449,0,TAKEOFF,-0.0785,0.0354,-1.5245,-0.092,-0.0838,1.5685,0.0,0.0,0.0,,,,,,0.0,0,,0,0.0,,,,,,,,
8.499,0,TAKEOFF,-0.0845,0.0366,-1.5327,-0.0866,-0.0743,1.5663,0.0,0.0,0.0,,,,,,0.0,0,,0,0.0,,,,,,,,
8.549,0,TAKEOFF,-0.0891,0.0375,-1.5394,-0.0821,-0.0669,1.5647,0.0,0.0,0.0,,,,,,0.0,0,,0,0.0,,,,,,,,
8.599,0,TAKEOFF,-0.0933,0.0382,-1.5462,-0.0778,-0.0601,1.5632,0.0,0.0,0.0,,,,,,0.0,0,,0,0.0,,,,,,,,
8.649,0,TAKEOFF,-0.0945,0.0426,-1.5501,-0.0689,-0.0495,1.5616,0.0,0.0,0.0,,,,,,0.0,0,,0,0.0,,,,,,,,
8.699,0,TAKEOFF,-0.0954,0.046,-1.5538,-0.0618,-0.0417,1.5607,0.0,0.0,0.0,,,,,,0.0,0,,0,0.0,,,,,,,,
8.749,0,TAKEOFF,-0.0963,0.0492,-1.5577,-0.0545,-0.0343,1.5603,0.0,0.0,0.0,,,,,,0.0,0,,0,0.0,,,,,,,,
8.799,0,TAKEOFF,-0.0973,0.0512,-1.5601,-0.0491,-0.0297,1.5606,0.0,0.0,0.0,,,,,,0.0,0,,0,0.0,,,,,,,,
8.849,0,TAKEOFF,-0.0981,0.0527,-1.5629,-0.0451,-0.0269,1.5614,0.0,0.0,0.0,,,,,,0.0,0,,0,0.0,,,,,,,,
8.9,0,TAKEOFF,-0.0945,0.0551,-1.5662,-0.0372,-0.0233,1.5618,0.0,0.0,0.0,,,,,,0.0,0,,0,0.0,,,,,,,,
8.949,0,TAKEOFF,-0.0869,0.0581,-1.5697,-0.0264,-0.0194,1.5616,0.0,0.0,0.0,,,,,,0.0,0,,0,0.0,,,,,,,,
8.999,0,TAKEOFF,-0.0811,0.0603,-1.5733,-0.0185,-0.0168,1.5612,0.0,0.0,0.0,,,,,,0.0,0,,0,0.0,,,,,,,,
9.05,0,TAKEOFF,-0.0761,0.0612,-1.5781,-0.0127,-0.0149,1.561,0.0,0.0,0.0,,,,,,0.0,0,,0,0.0,,,,,,,,
9.1,0,TAKEOFF,-0.071,0.0614,-1.5849,-0.0081,-0.0133,1.5614,0.0,0.0,0.0,,,,,,0.0,0,,0,0.0,,,,,,,,
9.149,0,TAKEOFF,-0.0664,0.0616,-1.5923,-0.0054,-0.0124,1.5623,0.0,0.0,0.0,,,,,,0.0,0,,0,0.0,,,,,,,,
9.199,0,TAKEOFF,-0.0631,0.0597,-1.5996,-0.0049,-0.013,1.5631,0.0,0.0,0.0,,,,,,0.0,0,,0,0.0,,,,,,,,
9.249,0,TAKEOFF,-0.0602,0.0581,-1.607,-0.0051,-0.0138,1.5638,0.0,0.0,0.0,,,,,,0.0,0,,0,0.0,,,,,,,,
9.299,0,TAKEOFF,-0.0573,0.0562,-1.616,-0.0063,-0.0149,1.5644,0.0,0.0,0.0,,,,,,0.0,0,,0,0.0,,,,,,,,
9.349,0,TAKEOFF,-0.0581,0.0568,-1.6227,-0.0088,-0.0136,1.5647,0.0,0.0,0.0,,,,,,0.0,0,,0,0.0,,,,,,,,
9.399,0,TAKEOFF,-0.059,0.0574,-1.6295,-0.0115,-0.0123,1.5647,0.0,0.0,0.0,,,,,,0.0,0,,0,0.0,,,,,,,,
9.449,0,TAKEOFF,-0.0601,0.0581,-1.638,-0.0145,-0.0109,1.5645,0.0,0.0,0.0,,,,,,0.0,0,,0,0.0,,,,,,,,
9.499,0,TAKEOFF,-0.0609,0.059,-1.6483,-0.0174,-0.01,1.5644,0.0,0.0,0.0,,,,,,0.0,0,,0,0.0,,,,,,,,
9.549,0,TAKEOFF,-0.0617,0.0596,-1.6565,-0.0195,-0.0095,1.5646,0.0,0.0,0.0,,,,,,0.0,0,,0,0.0,,,,,,,,
9.599,0,TAKEOFF,-0.0627,0.0596,-1.6634,-0.0213,-0.0097,1.5652,0.0,0.0,0.0,,,,,,0.0,0,,0,0.0,,,,,,,,
9.649,0,TAKEOFF,-0.0638,0.0577,-1.6661,-0.0233,-0.012,1.5659,0.0,0.0,0.0,,,,,,0.0,0,,0,0.0,,,,,,,,
9.699,0,TAKEOFF,-0.0649,0.0561,-1.6687,-0.0247,-0.014,1.5662,0.0,0.0,0.0,,,,,,0.0,0,,0,0.0,,,,,,,,
9.749,0,TAKEOFF,-0.0643,0.0549,-1.6721,-0.0249,-0.0155,1.5664,0.0,0.0,0.0,,,,,,0.0,0,,0,0.0,,,,,,,,
9.8,0,TAKEOFF,-0.0603,0.055,-1.6753,-0.0227,-0.0156,1.5665,0.0,0.0,0.0,,,,,,0.0,0,,0,0.0,,,,,,,,
9.849,0,TAKEOFF,-0.0574,0.0551,-1.6785,-0.0211,-0.0155,1.5668,0.0,0.0,0.0,,,,,,0.0,0,,0,0.0,,,,,,,,
9.9,0,TAKEOFF,-0.0525,0.0562,-1.6814,-0.0188,-0.0141,1.5672,0.0,0.0,0.0,,,,,,0.0,0,,0,0.0,,,,,,,,
9.949,0,TAKEOFF,-0.0457,0.0583,-1.685,-0.0157,-0.0116,1.5679,0.0,0.0,0.0,,,,,,0.0,0,,0,0.0,,,,,,,,
9.999,0,TAKEOFF,-0.0407,0.0599,-1.6886,-0.014,-0.0098,1.5683,0.0,0.0,0.0,,,,,,0.0,0,,0,0.0,,,,,,,,
10.049,0,TAKEOFF,-0.0359,0.0622,-1.6938,-0.0127,-0.0075,1.5686,0.0,0.0,0.0,,,,,,0.0,0,,0,0.0,,,,,,,,
10.1,0,TAKEOFF,-0.0307,0.0655,-1.7014,-0.012,-0.0047,1.5691,0.0,0.0,0.0,,,,,,0.0,0,,0,0.0,,,,,,,,
10.15,0,TAKEOFF,-0.0269,0.0679,-1.7078,-0.0123,-0.0031,1.5693,0.0,0.0,0.0,,,,,,0.0,0,,0,0.0,,,,,,,,
10.199,0,TAKEOFF,-0.0272,0.0674,-1.7191,-0.0162,-0.0043,1.5691,0.0,0.0,0.0,,,,,,0.0,0,,0,0.0,,,,,,,,
10.249,0,TAKEOFF,-0.0296,0.0652,-1.7317,-0.0219,-0.0072,1.5689,0.0,0.0,0.0,,,,,,0.0,0,,0,0.0,,,,,,,,
10.3,0,TAKEOFF,-0.0318,0.0635,-1.7416,-0.0267,-0.0098,1.5688,0.0,0.0,0.0,,,,,,0.0,0,,0,0.0,,,,,,,,
10.349,0,TAKEOFF,-0.0352,0.0605,-1.7533,-0.0331,-0.0128,1.5689,0.0,0.0,0.0,,,,,,0.0,0,,0,0.0,,,,,,,,
10.399,0,TAKEOFF,-0.0382,0.0581,-1.7624,-0.0377,-0.0149,1.5691,0.0,0.0,0.0,,,,,,0.0,0,,0,0.0,,,,,,,,
10.449,0,TAKEOFF,-0.0419,0.0546,-1.7733,-0.0422,-0.0172,1.5694,0.0,0.0,0.0,,,,,,0.0,0,,0,0.0,,,,,,,,
10.499,0,TAKEOFF,-0.0448,0.0484,-1.7848,-0.0452,-0.0205,1.569,0.0,0.0,0.0,,,,,,0.0,0,,0,0.0,,,,,,,,
10.549,0,TAKEOFF,-0.0483,0.0416,-1.7973,-0.0479,-0.0237,1.5683,0.0,0.0,0.0,,,,,,0.0,0,,0,0.0,,,,,,,,
10.599,0,TAKEOFF,-0.0533,0.0359,-1.808,-0.05,-0.0257,1.5674,0.0,0.0,0.0,,,,,,0.0,0,,0,0.0,,,,,,,,
10.652,1,NAVIGATE,-0.0583,0.0317,-1.8157,-0.0515,-0.0265,1.5668,0.0485,0.1735,0.1801,0.0,12.0,11.9684,6.121737003326416,2.905484676361084,14.39,0,1,180,2.164,0.9644,1.0,0.1158,0.2893,0.3,0.0463,0.6356,2.097
10.702,1,NAVIGATE,-0.064,0.0272,-1.824,-0.0527,-0.0269,1.5663,0.0473,0.1731,0.1794,0.0,12.0,11.973,6.124229431152344,2.9070096015930176,14.39,0,1,180,2.338,0.9661,1.0,0.1156,0.2898,0.3,0.0462,0.636,2.0968
10.751,1,NAVIGATE,-0.0684,0.0228,-1.8299,-0.0534,-0.0273,1.5661,0.0466,0.1727,0.1789,0.0,12.0,11.9774,6.125937461853027,2.909339189529419,14.39,0,1,180,1.809,0.9669,1.0,0.1153,0.2901,0.3,0.0461,0.6362,2.1019
10.801,1,NAVIGATE,-0.0725,0.0182,-1.8351,-0.0526,-0.0249,1.5661,0.0474,0.1751,0.1814,0.0,12.0,11.982,6.12733793258667,2.9101150035858154,14.39,0,1,180,1.635,0.9668,1.0,0.1169,0.29,0.3,0.0468,0.6368,2.0942
10.851,1,NAVIGATE,-0.077,0.0135,-1.8407,-0.0496,-0.0185,1.5663,0.0504,0.1815,0.1884,0.0,12.0,11.9868,6.126903057098389,2.910175323486328,14.39,0,1,180,1.628,0.9653,1.0,0.1212,0.2896,0.3,0.0485,0.6381,2.0748
10.901,1,NAVIGATE,-0.0799,0.0102,-1.8422,-0.0456,-0.0112,1.5663,-0.0456,0.1888,0.1943,0.0,12.0,11.9901,6.129866123199463,2.9103310108184814,14.39,0,1,180,1.533,0.9704,1.0,0.1257,0.2911,0.3,0.0503,0.6414,2.0373
10.951,1,NAVIGATE,-0.0825,0.0071,-1.8419,-0.0396,-0.001,1.5662,-0.0396,0.199,0.2029,0.0,12.0,11.9932,6.130951404571533,2.911284923553467,14.39,0,1,180,1.977,0.9794,1.0,0.1325,0.2938,0.3,0.053,0.6468,2.0128
11.002,1,NAVIGATE,-0.0845,0.0052,-1.8419,-0.0338,0.0082,1.5661,-0.0338,0.2082,0.211,0.0,12.0,11.9951,6.129894733428955,2.9085001945495605,14.39,0,1,180,2.108,0.9859,1.0,0.1387,0.2958,0.3,0.0555,0.6512,1.9904
11.051,1,NAVIGATE,-0.0856,0.0037,-1.8423,-0.0293,0.0178,1.5658,-0.0293,0.2178,0.2198,0.0,12.0,11.9966,6.129826068878174,2.909984827041626,14.39,0,1,180,1.847,0.9901,1.0,0.1451,0.297,0.3,0.058,0.655,1.9645
11.101,1,NAVIGATE,-0.0865,0.0026,-1.8433,-0.0262,0.0295,1.5656,-0.0262,0.2295,0.231,0.0,12.0,11.9977,6.128176689147949,2.906020164489746,14.39,0,1,180,1.615,0.9927,1.0,0.1528,0.2978,0.3,0.0611,0.6589,1.933
11.151,1,NAVIGATE,-0.0874,0.0023,-1.8445,-0.0255,0.0411,1.5652,-0.0255,0.2411,0.2425,0.0,12.0,11.998,6.12587308883667,2.9053242206573486,14.39,0,1,180,1.779,0.9936,1.0,0.1606,0.2981,0.3,0.0642,0.6623,1.8965
11.202,1,NAVIGATE,-0.0869,0.0029,-1.8447,-0.0256,0.0512,1.5649,-0.0256,0.2512,0.2525,0.0,12.0,11.9974,6.123091220855713,2.90393328666687,14.39,0,1,180,2.43,0.9941,1.0,0.1673,0.2982,0.3,0.0669,0.6652,1.8651
11.251,1,NAVIGATE,-0.0866,0.0044,-1.8452,-0.0264,0.0633,1.5642,-0.0264,0.2633,0.2646,0.0,12.0,11.9959,6.120913505554199,2.9029557704925537,14.64,0,1,180,1.766,0.9942,1.0,0.1754,0.2983,0.3,0.0702,0.6684,1.8283
11.301,1,NAVIGATE,-0.0866,0.0063,-1.846,-0.0274,0.0734,1.5637,-0.0274,0.2734,0.2748,0.0,12.0,11.994,6.11802864074707,2.9005374908447266,14.64,0,1,180,1.647,0.9943,1.0,0.1821,0.2983,0.3,0.0728,0.6711,1.7946
11.351,1,NAVIGATE,-0.0887,0.0135,-1.8457,-0.029,0.0885,1.5633,-0.029,0.2885,0.29,0.0,12.0,11.9868,6.1119890213012695,2.8930599689483643,14.64,0,1,180,1.908,0.9942,1.0,0.1922,0.2983,0.3,0.0769,0.6751,1.7441
11.402,1,NAVIGATE,-0.0904,0.0198,-1.8458,-0.0302,0.101,1.5632,-0.0302,0.301,0.3025,0.0,12.0,11.9806,6.111026763916016,2.891627311706543,14.64,0,1,180,1.924,0.9942,1.0,0.2005,0.2983,0.3,0.0802,0.6785,1.7027
11.451,1,NAVIGATE,-0.0926,0.0274,-1.8463,-0.0316,0.1154,1.5631,-0.0316,0.3154,0.317,0.0,12.0,11.973,6.1086602210998535,2.8891751766204834,14.64,0,1,180,1.79,0.9942,1.0,0.2101,0.2983,0.3,0.084,0.6823,1.6582
11.501,1,NAVIGATE,-0.0945,0.0336,-1.8468,-0.033,0.1271,1.5629,-0.033,0.3271,0.3288,0.0,12.0,11.9667,6.096536159515381,2.879948139190674,14.64,0,1,180,1.567,0.9941,1.0,0.2179,0.2982,0.3,0.0872,0.6854,1.6151
11.551,1,NAVIGATE,-0.0968,0.0416,-1.8479,-0.0344,0.1408,1.5629,-0.0344,0.3408,0.3425,0.0,12.0,11.9588,6.095644950866699,2.8781497478485107,14.89,0,1,180,1.845,0.9941,1.0,0.227,0.2982,0.3,0.0908,0.689,1.5688
11.601,1,NAVIGATE,-0.099,0.0479,-1.8483,-0.0352,0.1518,1.563,-0.0352,0.3518,0.3535,0.0,12.0,11.9525,6.092276573181152,2.875491142272949,14.89,0,1,180,1.631,0.9942,1.0,0.2343,0.2982,0.3,0.0937,0.692,1.5342
11.652,1,NAVIGATE,-0.1015,0.0537,-1.8479,-0.0357,0.1623,1.563,-0.0357,0.3623,0.364,0.0,12.0,11.9467,6.0865678787231445,2.8707633018493652,14.89,0,1,180,1.758,0.9943,1.0,0.2413,0.2983,0.3,0.0965,0.6948,1.4993
11.702,1,NAVIGATE,-0.1043,0.0614,-1.8479,-0.0362,0.175,1.5628,-0.0362,0.375,0.3767,0.0,12.0,11.9391,6.07488489151001,2.859158754348755,14.89,0,1,180,1.907,0.9945,1.0,0.2498,0.2983,0.3,0.0999,0.6983,1.4514
11.751,1,NAVIGATE,-0.1079,0.068,-1.8501,-0.0373,0.1855,1.5626,-0.0373,0.3855,0.3873,0.0,12.0,11.9325,6.069105625152588,2.8543012142181396,14.89,0,1,180,1.742,0.9945,1.0,0.2568,0.2983,0.3,0.1027,0.7011,1.4157
11.801,1,NAVIGATE,-0.113,0.0763,-1.8541,-0.0389,0.1983,1.5624,-0.0389,0.3983,0.4002,0.0,12.0,11.9242,6.0556960105896,2.83893084526062,14.89,0,1,180,1.725,0.9943,1.0,0.2653,0.2983,0.3,0.1061,0.7044,1.3628
11.851,1,NAVIGATE,-0.1177,0.0854,-1.8581,-0.0405,0.2111,1.5624,-0.0405,0.4111,0.4131,0.0,12.0,11.9152,6.049847602844238,2.8323428630828857,14.89,0,1,180,1.53,0.9942,1.0,0.2738,0.2983,0.3,0.1095,0.7078,1.3186
11.902,1,NAVIGATE,-0.1161,0.095,-1.862,-0.039,0.2228,1.5624,-0.039,0.4228,0.4246,0.0,12.0,11.9056,6.044190406799316,2.8279030323028564,15.14,0,1,180,1.776,0.9948,1.0,0.2816,0.2984,0.3,0.1126,0.7111,1.2835
11.951,1,NAVIGATE,-0.1131,0.1074,-1.8667,-0.0368,0.237,1.5626,-0.0368,0.437,0.4386,0.0,12.0,11.8931,6.028321743011475,2.8108630180358887,15.14,0,1,180,1.829,0.9956,1.0,0.2911,0.2987,0.3,0.1164,0.7151,1.2295
12.001,1,NAVIGATE,-0.111,0.1181,-1.8705,-0.0353,0.2488,1.5629,-0.0353,0.4488,0.4502,0.0,12.0,11.8824,6.021420001983643,2.8030710220336914,15.14,0,1,180,1.667,0.9961,1.0,0.299,0.2988,0.3,0.1196,0.7184,1.1979
12.051,1,NAVIGATE,-0.1104,0.1325,-1.8748,-0.0343,0.2632,1.5637,-0.0343,0.4632,0.4645,0.0,12.0,11.868,6.014880180358887,2.7965595722198486,15.14,0,1,180,1.66,0.9965,1.0,0.3086,0.299,0.3,0.1234,0.7224,1.1596
12.101,1,NAVIGATE,-0.1103,0.145,-1.8783,-0.0339,0.2751,1.5642,-0.0339,0.4751,0.4764,0.0,12.0,11.8555,5.995047569274902,2.7789783477783203,15.14,0,1,180,1.602,0.9968,1.0,0.3165,0.299,0.3,0.1266,0.7256,1.1289
12.151,1,NAVIGATE,-0.1092,0.1602,-1.8816,-0.0332,0.2891,1.5645,-0.0332,0.4891,0.4903,0.0,12.0,11.8403,5.986513137817383,2.7720658779144287,15.39,0,1,180,1.757,0.997,1.0,0.3259,0.2991,0.3,0.1303,0.7295,1.0826
12.201,1,NAVIGATE,-0.1028,0.1754,-1.8815,-0.0303,0.3025,1.5651,-0.0303,0.5025,0.5034,0.0,12.0,11.8251,5.978764533996582,2.7641286849975586,15.64,0,1,180,1.522,0.9976,1.0,0.3348,0.2993,0.3,0.1339,0.7332,1.0446
12.251,1,NAVIGATE,-0.0983,0.1883,-1.8816,-0.0284,0.3136,1.5656,-0.0284,0.5136,0.5144,0.0,12.0,11.8121,5.958340167999268,2.7427120208740234,15.39,0,1,180,1.535,0.998,1.0,0.3423,0.2994,0.3,0.1369,0.7363,1.0002
12.301,1,NAVIGATE,-0.094,0.2017,-1.8823,-0.0267,0.3249,1.566,-0.0267,0.5249,0.5256,0.0,12.0,11.7987,5.948056221008301,2.73542857170105,15.64,0,1,180,1.627,0.9983,1.0,0.3498,0.2995,0.3,0.1399,0.7394,0.9631
12.351,1,NAVIGATE,-0.0881,0.218,-1.8847,-0.0242,0.3386,1.5662,-0.0242,0.5386,0.5392,0.0,12.0,11.7823,5.93845796585083,2.7223427295684814,15.64,0,1,180,1.725,0.9986,1.0,0.359,0.2996,0.3,0.1436,0.7432,0.9203
12.402,1,NAVIGATE,-0.0831,0.2349,-1.8873,-0.0225,0.3525,1.5661,-0.0225,0.5525,0.553,0.0,12.0,11.7654,5.918086051940918,2.7012217044830322,15.89,0,1,180,2.281,0.9989,1.0,0.3682,0.2997,0.3,0.1473,0.7469,0.8696
12.451,1,NAVIGATE,-0.0781,0.253,-1.8889,-0.0208,0.3666,1.5659,-0.0208,0.5666,0.567,0.0,12.0,11.7473,5.906764030456543,2.6908938884735107,15.89,0,1,180,1.683,0.9991,1.0,0.3777,0.2997,0.3,0.1511,0.7508,0.8263
12.501,1,NAVIGATE,-0.074,0.2688,-1.8896,-0.0195,0.3786,1.5657,-0.0195,0.5786,0.5789,0.0,12.0,11.7315,5.894508361816406,2.68088698387146,15.89,0,1,180,1.82,0.9992,1.0,0.3856,0.2998,0.3,0.1542,0.754,0.7889
12.551,1,NAVIGATE,-0.0697,0.2882,-1.8908,-0.0182,0.3929,1.5651,-0.0182,0.5929,0.5931,0.0,12.0,11.712,5.870716571807861,2.657097578048706,16.14,0,1,180,1.608,0.9993,1.0,0.3952,0.2998,0.3,0.1581,0.7579,0.735
12.601,1,NAVIGATE,-0.0668,0.306,-1.8948,-0.0176,0.4054,1.5646,-0.0176,0.6054,0.6056,0.0,12.0,11.6942,5.857018947601318,2.6448962688446045,16.14,0,1,180,1.631,0.9994,1.0,0.4035,0.2998,0.3,0.1614,0.7612,0.6943
12.651,1,NAVIGATE,-0.064,0.3279,-1.9002,-0.0173,0.4204,1.564,-0.0173,0.6204,0.6207,0.0,12.0,11.6722,5.844295978546143,2.6328787803649902,16.14,0,1,180,1.813,0.9994,1.0,0.4135,0.2998,0.3,0.1654,0.7652,0.6516
12.701,1,NAVIGATE,-0.062,0.3466,-1.9044,-0.0171,0.4328,1.5634,-0.0171,0.6328,0.6331,0.0,12.0,11.6536,5.817659378051758,2.6061618328094482,16.39,0,1,180,1.551,0.9995,1.0,0.4218,0.2998,0.3,0.1687,0.7686,0.601
12.751,1,NAVIGATE,-0.0588,0.3677,-1.9064,-0.0162,0.4469,1.5628,-0.0162,0.6469,0.6471,0.0,12.0,11.6324,5.805233001708984,2.591618537902832,16.39,0,1,180,1.473,0.9995,1.0,0.4312,0.2999,0.3,0.1725,0.7723,0.5621
12.801,1,NAVIGATE,-0.0563,0.3856,-1.9077,-0.0155,0.4585,1.5624,-0.0155,0.6585,0.6587,0.0,12.0,11.6146,5.790152549743652,2.5765609741210938,16.39,0,1,180,1.601,0.9996,1.0,0.439,0.2999,0.3,0.1756,0.7755,0.5291
12.851,1,NAVIGATE,-0.054,0.4079,-1.9099,-0.0151,0.4727,1.5621,-0.0151,0.6727,0.6728,0.0,12.0,11.5922,5.760201930999756,2.549485206604004,16.64,0,1,180,1.588,0.9996,1.0,0.4484,0.2999,0.3,0.1794,0.7792,0.4997
12.902,1,NAVIGATE,-0.0531,0.428,-1.9138,-0.0155,0.485,1.562,-0.0155,0.685,0.6852,0.0,12.0,11.5721,5.746376991271973,2.5364673137664795,16.89,0,1,180,1.933,0.9996,1.0,0.4566,0.2999,0.3,0.1826,0.7825,0.4767
12.952,1,NAVIGATE,-0.0523,0.4527,-1.9182,-0.016,0.4998,1.5618,-0.016,0.6998,0.7,0.0,12.0,11.5475,5.730944633483887,2.5211126804351807,16.89,0,1,180,2.025,0.9996,1.0,0.4665,0.2999,0.3,0.1866,0.7865,0.4517
13.002,1,NAVIGATE,-0.052,0.4732,-1.9216,-0.0166,0.5119,1.5619,-0.0166,0.7119,0.7121,0.0,12.0,11.5269,5.699610710144043,2.4884440898895264,17.14,0,1,180,2.261,0.9996,1.0,0.4745,0.2999,0.3,0.1898,0.7897,0.4289
13.051,1,NAVIGATE,-0.052,0.4969,-1.9252,-0.0175,0.5255,1.5627,-0.0175,0.7255,0.7257,0.0,12.0,11.5032,5.684014320373535,2.4736790657043457,17.14,0,1,180,1.767,0.9996,1.0,0.4836,0.2999,0.3,0.1934,0.7933,0.4072
13.102,1,NAVIGATE,-0.0522,0.5173,-1.928,-0.0183,0.537,1.5637,-0.0183,0.737,0.7372,0.0,12.0,11.4828,5.667597770690918,2.4594345092773438,17.14,0,1,180,1.924,0.9996,1.0,0.4912,0.2999,0.3,0.1965,0.7964,0.3927
13.151,1,NAVIGATE,-0.0537,0.5414,-1.9301,-0.0195,0.5506,1.5648,-0.0195,0.7506,0.7508,0.0,12.0,11.4587,5.632503032684326,2.4252779483795166,17.39,0,1,180,1.886,0.9995,1.0,0.5003,0.2999,0.3,0.2001,0.8,0.3729
13.202,1,NAVIGATE,-0.0565,0.5607,-1.93,-0.0208,0.5615,1.5654,-0.0208,0.7615,0.7618,0.0,12.0,11.4395,5.61517333984375,2.4059700965881348,17.39,0,1,180,2.308,0.9995,1.0,0.5076,0.2998,0.3,0.2031,0.8029,0.3596
13.251,1,NAVIGATE,-0.0597,0.5848,-1.9302,-0.0223,0.5751,1.566,-0.0223,0.7751,0.7754,0.0,12.0,11.4153,5.580539226531982,2.3706512451171875,17.64,0,1,180,1.835,0.9994,1.0,0.5166,0.2998,0.3,0.2066,0.8065,0.345
13.301,1,NAVIGATE,-0.0643,0.6092,-1.9346,-0.024,0.5888,1.5664,-0.024,0.7888,0.7892,0.0,12.0,11.391,5.560085296630859,2.349881887435913,17.64,0,1,180,1.65,0.9994,1.0,0.5258,0.2998,0.3,0.2103,0.8101,0.3328
13.351,1,NAVIGATE,-0.0692,0.6344,-1.9405,-0.0257,0.6027,1.5668,-0.0257,0.8027,0.8031,0.0,12.0,11.3658,5.543184280395508,2.3342933654785156,17.89,0,1,180,1.889,0.9993,1.0,0.535,0.2998,0.3,0.214,0.8138,0.3246
13.402,1,NAVIGATE,-0.073,0.6563,-1.9449,-0.0268,0.6146,1.567,-0.0268,0.7146,0.7151,0.0,12.0,11.344,5.503647327423096,2.296142101287842,18.14,0,1,180,1.726,0.999,1.0,0.4763,0.2997,0.3,0.1905,0.7902,0.3241
13.451,1,NAVIGATE,-0.0797,0.6832,-1.9546,-0.0289,0.6293,1.5669,-0.0289,0.7293,0.7299,0.0,12.0,11.3171,5.481264591217041,2.27927303314209,18.39,0,1,180,1.765,0.9989,1.0,0.4861,0.2997,0.3,0.1944,0.7941,0.3141
13.501,1,NAVIGATE,-0.0851,0.7064,-1.9626,-0.0305,0.6418,1.5667,-0.0305,0.7418,0.7424,0.0,12.0,11.2939,5.463315486907959,2.2599306106567383,18.39,0,1,180,1.761,0.9988,1.0,0.4944,0.2996,0.3,0.1978,0.7974,0.3088
13.551,1,NAVIGATE,-0.0901,0.7304,-1.9695,-0.032,0.6522,1.5665,-0.032,0.7522,0.7529,0.0,12.0,11.27,5.421090126037598,2.219853639602661,18.64,0,1,180,1.915,0.9987,1.0,0.5013,0.2996,0.3,0.2005,0.8001,0.3047
13.602,1,NAVIGATE,-0.094,0.7625,-1.978,-0.0328,0.6633,1.5661,-0.0328,0.7633,0.764,0.0,12.0,11.2379,5.3979105949401855,2.1959002017974854,18.89,0,1,180,1.808,0.9987,1.0,0.5086,0.2996,0.3,0.2035,0.8031,0.3057
13.652,1,NAVIGATE,-0.0974,0.7956,-1.9854,-0.0333,0.6727,1.5657,-0.0333,0.7727,0.7734,0.0,12.0,11.2048,5.376636028289795,2.1746551990509033,18.89,0,1,180,2.268,0.9987,1.0,0.5149,0.2996,0.3,0.206,0.8056,0.3004
13.702,1,NAVIGATE,-0.1014,0.8237,-1.9907,-0.0342,0.6799,1.5653,0.0658,0.7799,0.7827,0.0,12.0,11.1767,5.332887649536133,2.1368918418884277,19.39,0,1,180,1.933,0.9972,1.0,0.5203,0.2992,0.3,0.2081,0.8073,0.3366
13.752,1,NAVIGATE,-0.1101,0.8535,-1.9956,-0.0372,0.6874,1.565,0.0628,0.7874,0.7899,0.0,12.0,11.147,5.310012340545654,2.1103017330169678,19.39,0,1,180,2.097,0.9976,1.0,0.5253,0.2993,0.3,0.2101,0.8094,0.3447
13.802,1,NAVIGATE,-0.1196,0.8893,-2.0005,-0.0408,0.6962,1.565,0.0592,0.7962,0.7984,0.0,12.0,11.1113,5.287936687469482,2.090646982192993,19.64,0,1,180,2.268,0.998,1.0,0.5312,0.2994,0.3,0.2125,0.8119,0.3549
13.851,1,NAVIGATE,-0.1266,0.9189,-2.0037,-0.0416,0.7034,1.5651,0.0584,0.8034,0.8056,0.0,12.0,11.0818,5.244831085205078,2.048032522201538,20.14,0,1,180,1.651,0.9981,1.0,0.536,0.2994,0.3,0.2144,0.8139,0.3587
13.901,1,NAVIGATE,-0.1329,0.9537,-2.0066,-0.0396,0.7116,1.565,0.0604,0.8116,0.8138,0.0,12.0,11.0471,5.220458030700684,2.0287156105041504,20.39,0,1,180,1.661,0.9981,1.0,0.5415,0.2994,0.3,0.2166,0.816,0.3552
13.951,1,NAVIGATE,-0.1384,0.9886,-2.0087,-0.0353,0.7199,1.5648,0.0647,0.8199,0.8224,0.0,12.0,11.0122,5.198212146759033,2.0041491985321045,20.39,0,1,180,1.782,0.9978,1.0,0.5471,0.2993,0.3,0.2188,0.8182,0.3468
14.001,1,NAVIGATE,-0.1455,1.0186,-2.0114,-0.0315,0.7274,1.5644,0.0685,0.8274,0.8302,0.0,12.0,10.9824,5.151820182800293,1.9590984582901,20.89,0,1,180,1.74,0.9976,0.9852,0.5521,0.2993,0.2956,0.2209,0.8157,0.3566
14.051,1,NAVIGATE,-0.1551,1.0552,-2.015,-0.0268,0.7367,1.5639,0.0732,0.7367,0.7403,0.0,12.0,10.9459,5.1270599365234375,1.9364874362945557,21.14,0,1,180,1.86,0.9964,0.9041,0.4918,0.2989,0.2712,0.1967,0.7668,0.3295
14.102,1,NAVIGATE,-0.1619,1.0858,-2.0172,-0.0224,0.7446,1.5633,0.0776,0.7446,0.7486,0.0,12.0,10.9154,5.1037983894348145,1.9128586053848267,21.39,0,1,180,2.058,0.996,0.8565,0.4971,0.2988,0.257,0.1988,0.7546,0.3184
14.151,1,NAVIGATE,-0.1665,1.1243,-2.0199,-0.0158,0.7549,1.5626,0.0842,0.7549,0.7596,0.0,12.0,10.877,5.057130813598633,1.8716602325439453,22.15,0,1,180,1.555,0.9954,0.8343,0.5041,0.2986,0.2503,0.2016,0.7505,0.3015
14.202,1,NAVIGATE,-0.169,1.1635,-2.022,-0.0085,0.7626,1.5618,-0.0085,0.7626,0.7627,0.0,12.0,10.8378,5.0281805992126465,1.845009207725525,22.4,0,1,180,1.588,0.9996,0.8071,0.5083,0.2999,0.2421,0.2033,0.7453,0.3634
14.251,1,NAVIGATE,-0.1708,1.2026,-2.0234,-0.0013,0.7677,1.5609,-0.0013,0.8677,0.8677,0.0,12.0,10.7988,4.980103969573975,1.8013511896133423,22.9,0,1,180,1.399,0.9999,0.8277,0.5784,0.3,0.2483,0.2313,0.7796,0.3825
14.301,1,NAVIGATE,-0.1697,1.2418,-2.0263,0.0063,0.7711,1.5598,0.0063,0.8711,0.8712,0.0,12.0,10.7595,4.957592010498047,1.7790473699569702,23.4,0,1,180,1.707,1.0,0.8537,0.5808,0.3,0.2561,0.2323,0.7884,0.3972
14.351,1,NAVIGATE,-0.1686,1.2744,-2.0282,0.0104,0.7733,1.5589,0.0104,0.8733,0.8733,0.0,12.0,10.7269,4.928703308105469,1.754101037979126,23.65,0,1,180,1.762,1.0,0.8391,0.5822,0.3,0.2517,0.2329,0.7846,0.4058
14.401,1,NAVIGATE,-0.167,1.3073,-2.0293,0.0128,0.7773,1.5581,0.0128,0.8773,0.8774,0.0,12.0,10.6941,4.880659103393555,1.7116607427597046,24.65,0,1,180,1.661,1.0,0.8305,0.5849,0.3,0.2491,0.234,0.7831,0.4094
14.451,1,NAVIGATE,-0.1629,1.3482,-2.0289,0.0148,0.7849,1.557,0.0148,0.8849,0.885,0.0,12.0,10.653,4.857809066772461,1.686829686164856,24.9,0,1,180,1.775,1.0,0.8392,0.59,0.3,0.2518,0.236,0.7878,0.4131
14.501,1,NAVIGATE,-0.1598,1.3823,-2.0282,0.0154,0.7925,1.5562,0.0154,0.8925,0.8926,0.0,12.0,10.6189,4.830718040466309,1.662907600402832,25.4,0,1,180,1.509,1.0,0.8345,0.5951,0.3,0.2504,0.238,0.7884,0.4151
14.551,1,NAVIGATE,-0.1579,1.416,-2.0275,0.0151,0.8006,1.5555,0.0151,0.9006,0.9007,0.0,12.0,10.5852,4.7799482345581055,1.6171894073486328,26.15,0,1,180,1.852,1.0,0.8299,0.6005,0.3,0.249,0.2402,0.7892,0.4166
14.601,1,NAVIGATE,-0.1599,1.4549,-2.0277,0.0134,0.8102,1.5549,0.0134,0.9102,0.9103,0.0,12.0,10.5463,4.754418849945068,1.5977305173873901,26.65,0,1,180,1.555,1.0,0.828,0.6069,0.3,0.2484,0.2428,0.7912,0.415
14.651,1,NAVIGATE,-0.1615,1.4942,-2.0275,0.012,0.82,1.5544,0.012,0.82,0.8201,0.0,12.0,10.507,4.728055000305176,1.5716129541397095,27.15,0,1,180,1.637,1.0,0.8285,0.5467,0.3,0.2485,0.2187,0.7672,0.415
14.701,1,NAVIGATE,-0.1632,1.5269,-2.0273,0.0109,0.8279,1.5538,0.0109,0.8279,0.8279,0.0,12.0,10.4744,4.674856662750244,1.5267058610916138,28.15,0,1,180,1.622,1.0,0.8308,0.5519,0.3,0.2492,0.2208,0.77,0.4157
14.751,1,NAVIGATE,-0.1659,1.5658,-2.0273,0.0098,0.837,1.553,0.0098,0.837,0.8371,0.0,12.0,10.4355,4.651581287384033,1.5047770738601685,28.65,0,1,180,1.596,1.0,0.8249,0.558,0.3,0.2475,0.2232,0.7707,0.409
14.801,1,NAVIGATE,-0.1681,1.6052,-2.027,0.009,0.8433,1.5526,0.009,0.8433,0.8434,0.0,12.0,10.3962,4.62273645401001,1.4787788391113281,29.15,0,1,180,1.553,1.0,0.8266,0.5622,0.3,0.248,0.2249,0.7729,0.4085
14.851,1,NAVIGATE,-0.1676,1.6404,-2.0255,0.0096,0.8478,1.5526,0.0096,0.8478,0.8479,0.0,12.0,10.361,4.567317485809326,1.4340194463729858,30.15,0,1,180,1.539,1.0,0.8207,0.5652,0.3,0.2462,0.2261,0.7723,0.4122
14.901,1,NAVIGATE,-0.1664,1.6832,-2.0233,0.0105,0.8519,1.5534,0.0105,0.8519,0.852,0.0,12.0,10.3181,4.541571617126465,1.413813591003418,30.65,0,1,180,1.55,1.0,0.8265,0.568,0.3,0.248,0.2272,0.7751,0.416
14.951,1,NAVIGATE,-0.1654,1.7188,-2.0214,0.0111,0.8545,1.5539,0.0111,0.8545,0.8546,0.0,12.0,10.2825,4.513176918029785,1.3870947360992432,31.4,0,1,180,1.631,1.0,0.8324,0.5697,0.3,0.2497,0.2279,0.7776,0.4183
15.001,1,NAVIGATE,-0.1655,1.7545,-2.0172,0.0114,0.8568,1.5542,0.0114,0.8568,0.8569,0.0,12.0,10.2469,4.4586358070373535,1.3448255062103271,32.66,0,1,180,1.566,1.0,0.8379,0.5712,0.3,0.2514,0.2285,0.7799,0.4178
15.051,1,NAVIGATE,-0.1659,1.7971,-2.0118,0.0114,0.8594,1.554,0.0114,0.8594,0.8594,0.0,12.0,10.2042,4.43201208114624,1.3207906484603882,33.16,0,1,180,1.629,1.0,0.8393,0.573,0.3,0.2518,0.2292,0.781,0.4186
15.102,1,NAVIGATE,-0.1657,1.8398,-2.007,0.0114,0.8619,1.5535,0.0114,0.8619,0.862,0.0,12.0,10.1615,4.402598857879639,1.295498013496399,33.91,0,1,180,2.067,1.0,0.8411,0.5747,0.3,0.2523,0.2299,0.7822,0.4199
15.152,1,NAVIGATE,-0.1641,1.876,-2.003,0.0118,0.864,1.5532,0.0118,0.864,0.8641,0.0,12.0,10.1253,4.347795486450195,1.2521257400512695,35.41,0,1,180,2.076,1.0,0.8449,0.5761,0.3,0.2535,0.2304,0.7839,0.4203
15.202,1,NAVIGATE,-0.1624,1.9193,-1.9988,0.0122,0.8666,1.5529,0.0122,0.8666,0.8667,0.0,12.0,10.082,4.32194709777832,1.2315000295639038,36.16,0,1,180,1.642,1.0,0.8413,0.5778,0.3,0.2524,0.2311,0.7835,0.4216
15.251,1,NAVIGATE,-0.1615,1.9555,-1.9954,0.0123,0.8689,1.5528,0.0123,0.8689,0.869,0.0,12.0,10.0458,4.291212558746338,1.2044750452041626,36.91,0,1,180,1.647,1.0,0.844,0.5794,0.3,0.2532,0.2317,0.785,0.4216
15.301,1,NAVIGATE,-0.1626,1.9998,-1.9905,0.0114,0.872,1.5528,0.0114,0.872,0.8721,0.0,12.0,10.0015,4.237545967102051,1.165234923362732,38.66,0,1,180,1.517,1.0,0.8438,0.5814,0.3,0.2531,0.2326,0.7857,0.4229
15.351,1,NAVIGATE,-0.1634,2.044,-1.9864,0.0106,0.875,1.5528,0.0106,0.875,0.8751,0.0,12.0,9.9574,4.211129188537598,1.144647240638733,39.41,0,1,180,1.624,1.0,0.8448,0.5834,0.3,0.2534,0.2334,0.7868,0.4215
15.401,1,NAVIGATE,-0.1636,2.08,-1.9848,0.01,0.8772,1.5529,0.01,0.8772,0.8772,0.0,12.0,9.9214,4.180096626281738,1.1217609643936157,40.66,0,1,180,1.518,1.0,0.8475,0.5848,0.3,0.2543,0.2339,0.7882,0.4224
15.452,1,NAVIGATE,-0.1631,2.1221,-1.9853,0.0094,0.8792,1.553,0.0094,0.8792,0.8792,0.0,12.0,9.8792,4.1257805824279785,1.0796641111373901,42.41,0,1,180,1.798,1.0,0.8479,0.5862,0.3,0.2544,0.2345,0.7888,0.4237
15.501,1,NAVIGATE,-0.1626,2.1643,-1.9859,0.009,0.8813,1.5531,0.009,0.8813,0.8813,0.0,12.0,9.837,4.099673271179199,1.0623921155929565,43.42,0,1,180,1.691,1.0,0.8496,0.5875,0.3,0.2549,0.235,0.7899,0.4235
15.551,1,NAVIGATE,-0.161,2.2009,-1.9861,0.0091,0.8836,1.553,0.0091,0.8836,0.8836,0.0,12.0,9.8005,4.039511680603027,1.0198432207107544,45.67,0,1,180,1.784,1.0,0.8447,0.5891,0.3,0.2534,0.2356,0.789,0.4228
15.601,1,NAVIGATE,-0.1592,2.2376,-1.9863,0.0093,0.886,1.5531,0.0093,0.886,0.886,0.0,12.0,9.7637,4.014361381530762,1.0016539096832275,46.67,0,1,180,1.807,1.0,0.8489,0.5907,0.3,0.2547,0.2363,0.7909,0.4248
15.651,1,NAVIGATE,-0.1573,2.2816,-1.9866,0.0095,0.8888,1.5533,0.0095,0.8888,0.8889,0.0,12.0,9.7196,3.986663579940796,0.9818078279495239,47.92,0,1,180,1.808,1.0,0.8506,0.5926,0.3,0.2552,0.237,0.7922,0.4256
15.702,1,NAVIGATE,-0.1553,2.3191,-1.9855,0.0096,0.8914,1.5534,0.0096,0.8914,0.8915,0.0,12.0,9.6821,3.9532439708709717,0.9656789898872375,49.17,0,1,180,1.871,1.0,0.8501,0.5943,0.3,0.255,0.2377,0.7928,0.4253
15.751,1,NAVIGATE,-0.1533,2.3566,-1.9844,0.0097,0.894,1.5535,0.0097,0.894,0.8941,0.0,12.0,9.6446,3.899730920791626,0.9288288950920105,51.92,0,1,180,1.642,1.0,0.8542,0.596,0.3,0.2563,0.2384,0.7947,0.4266
15.801,1,NAVIGATE,-0.1509,2.409,-1.983,0.0097,0.8974,1.5536,0.0097,0.8974,0.8974,0.0,12.0,9.5922,3.873053550720215,0.9153227806091309,53.17,0,1,180,1.636,1.0,0.8559,0.5983,0.3,0.2568,0.2393,0.7961,0.4271
15.851,1,NAVIGATE,-0.1518,2.4374,-1.9833,0.0087,0.8985,1.5536,0.0087,0.8985,0.8985,0.0,12.0,9.5638,3.8421244621276855,0.8951654434204102,54.93,0,1,180,1.759,1.0,0.8542,0.599,0.3,0.2562,0.2396,0.7958,0.426
15.901,1,NAVIGATE,-0.153,2.4801,-1.9836,0.0074,0.9001,1.5537,0.0074,0.9001,0.9001,0.0,12.0,9.5211,3.785466432571411,0.8639838695526123,57.93,0,1,180,1.626,1.0,0.8518,0.6001,0.3,0.2556,0.24,0.7956,0.4277
15.951,1,NAVIGATE,-0.1537,2.5226,-1.9825,0.0064,0.9016,1.554,0.0064,0.9016,0.9016,0.0,12.0,9.4786,3.758068799972534,0.8492670655250549,59.43,0,1,180,1.79,1.0,0.8537,0.6011,0.3,0.2561,0.2404,0.7965,0.4277
16.001,1,NAVIGATE,-0.1526,2.5568,-1.9756,0.0063,0.9025,1.554,0.0063,0.9025,0.9025,0.0,12.0,9.4445,3.699333906173706,0.8222455382347107,62.93,0,1,180,1.882,1.0,0.857,0.6016,0.3,0.2571,0.2407,0.7978,0.4288
16.051,1,NAVIGATE,-0.1514,2.598,-1.9685,0.0063,0.9037,1.5537,0.0063,0.9037,0.9038,0.0,12.0,9.4032,3.6721184253692627,0.8103132247924805,64.43,0,1,180,1.608,1.0,0.8588,0.6025,0.3,0.2576,0.241,0.7986,0.4274
16.101,1,NAVIGATE,-0.1508,2.6389,-1.9613,0.0063,0.9049,1.5533,0.0063,0.9049,0.9049,0.0,12.0,9.3624,3.6440534591674805,0.7985059022903442,66.69,0,1,180,1.71,1.0,0.8604,0.6032,0.3,0.2581,0.2413,0.7994,0.4286
16.151,1,NAVIGATE,-0.1508,2.6719,-1.9544,0.0063,0.9054,1.5529,0.0063,0.9054,0.9054,0.0,12.0,9.3293,3.5843849182128906,0.7780067920684814,70.44,0,1,180,1.708,1.0,0.8609,0.6036,0.3,0.2583,0.2414,0.7997,0.4292
16.201,1,NAVIGATE,-0.1508,2.7054,-1.9485,0.0063,0.9062,1.5526,0.0063,0.9062,0.9062,0.0,12.0,9.2959,3.5564005374908447,0.770758867263794,72.44,0,1,180,1.548,1.0,0.8581,0.6041,0.3,0.2574,0.2416,0.7991,0.4309
16.251,1,NAVIGATE,-0.1496,2.745,-1.9424,0.0068,0.9072,1.5525,0.0068,0.9072,0.9072,0.0,12.0,9.2562,3.529017448425293,0.7604696154594421,74.69,0,1,180,1.742,1.0,0.8628,0.6048,0.3,0.2588,0.2419,0.8007,0.4308
16.301,1,NAVIGATE,-0.1478,2.7777,-1.938,0.0074,0.908,1.5526,0.0074,0.908,0.908,0.0,12.0,9.2235,3.469270706176758,0.7476150989532471,78.7,0,1,180,1.734,1.0,0.8632,0.6053,0.3,0.259,0.2421,0.8011,0.4326
16.352,1,NAVIGATE,-0.1458,2.8176,-1.9339,0.0081,0.9093,1.5528,0.0081,0.9093,0.9093,0.0,12.0,9.1836,3.440612554550171,0.7436535358428955,80.7,0,1,180,1.837,1.0,0.8688,0.6062,0.3,0.2606,0.2425,0.8031,0.4334
16.401,1,NAVIGATE,-0.1396,2.8579,-1.9349,0.0103,0.9106,1.5532,0.0103,0.8106,0.8107,0.0,12.0,9.1431,3.4113388061523438,0.7402024269104004,82.95,0,1,180,1.602,1.0,0.8709,0.5405,0.3,0.2613,0.2162,0.7775,0.4342
16.451,1,NAVIGATE,-0.1333,2.8919,-1.9377,0.0123,0.9121,1.5534,0.0123,0.8121,0.8121,0.0,12.0,9.109,3.3516383171081543,0.7356827855110168,87.46,0,1,180,1.685,1.0,0.8783,0.5414,0.3,0.2635,0.2166,0.7801,0.4371
16.501,1,NAVIGATE,-0.1276,2.9263,-1.9406,0.014,0.9138,1.5536,0.014,0.8138,0.8139,0.0,12.0,9.0746,3.3230807781219482,0.7345820069313049,89.21,0,1,180,1.644,1.0,0.886,0.5426,0.3,0.2658,0.217,0.7828,0.4372
16.551,1,NAVIGATE,-0.1232,2.9676,-1.9408,0.0151,0.9131,1.5539,0.0151,0.8131,0.8132,0.0,12.0,9.0332,3.294433832168579,0.7343172430992126,89.21,0,1,180,1.542,1.0,0.8901,0.5421,0.3,0.267,0.2169,0.7839,0.4382
16.602,1,NAVIGATE,-0.1205,3.0021,-1.94,0.0155,0.9105,1.5542,0.0155,0.8105,0.8106,0.0,12.0,8.9987,3.233860731124878,0.7369117140769958,87.96,0,1,180,1.907,1.0,0.9133,0.5404,0.3,0.274,0.2162,0.7902,0.4438
16.652,1,NAVIGATE,-0.1176,3.0436,-1.9395,0.0158,0.9057,1.5544,0.0158,0.8057,0.8059,0.0,12.0,8.9571,3.2049598693847656,0.736675500869751,88.96,0,1,180,1.964,1.0,0.9212,0.5372,0.3,0.2764,0.2149,0.7913,0.4453
16.701,1,NAVIGATE,-0.1213,3.0855,-1.9386,0.0139,0.9,1.5542,0.0139,0.8,0.8001,0.0,12.0,8.9153,3.1773886680603027,0.7358199954032898,88.96,0,1,180,1.648,1.0,0.9381,0.5334,0.3,0.2814,0.2134,0.7948,0.4493
16.751,1,NAVIGATE,-0.1239,3.1203,-1.9383,0.0124,0.8951,1.5541,0.0124,0.7951,0.7952,0.0,12.0,8.8806,3.117276430130005,0.7398923635482788,90.96,0,1,180,1.694,1.0,0.9772,0.5301,0.3,0.2931,0.212,0.8052,0.4578
16.801,1,NAVIGATE,-0.1265,3.1616,-1.9375,0.0111,0.8891,1.5541,0.0111,0.7891,0.7891,0.0,12.0,8.8394,3.0896408557891846,0.7394822239875793,93.46,0,1,180,1.598,1.0,0.9891,0.5261,0.3,0.2967,0.2104,0.8072,0.4498
16.851,1,NAVIGATE,-0.1276,3.2007,-1.9337,0.0103,0.8823,1.5544,0.0103,0.7823,0.7824,0.0,12.0,8.8002,3.0606186389923096,0.7424548268318176,94.96,0,1,180,1.728,1.0,1.0,0.5216,0.3,0.3,0.2086,0.8086,0.4407
16.901,1,NAVIGATE,-0.1283,3.2334,-1.9312,0.0099,0.877,1.5551,0.0099,0.777,0.777,0.0,12.0,8.7675,3.0031635761260986,0.7505810856819153,99.97,0,1,180,1.865,1.0,1.0,0.518,0.3,0.3,0.2072,0.8072,0.4013
16.951,1,NAVIGATE,-0.1271,3.2731,-1.9281,0.0102,0.8712,1.556,0.0102,0.7712,0.7713,0.0,12.0,8.7278,2.975083589553833,0.7581616640090942,101.97,0,1,180,1.856,1.0,1.0,0.5142,0.3,0.3,0.2057,0.8057,0.3889
17.002,1,NAVIGATE,-0.1231,3.3066,-1.9246,0.0115,0.8669,1.5567,0.0115,0.7669,0.767,0.0,12.0,8.6942,2.945802688598633,0.7630017399787903,103.47,0,1,180,2.147,1.0,1.0,0.5113,0.3,0.3,0.2045,0.8045,0.3736
17.051,1,NAVIGATE,-0.1194,3.3402,-1.9219,0.0127,0.8628,1.5574,-0.1873,0.8628,0.8829,0.0,12.0,8.6606,2.889943838119507,0.7781355381011963,107.72,0,1,180,1.605,0.9742,1.0,0.5734,0.2923,0.3,0.2294,0.8216,0.4164
17.101,1,NAVIGATE,-0.1189,3.3811,-1.9194,0.013,0.8576,1.5583,-0.187,0.8576,0.8777,0.0,12.0,8.6197,2.8613972663879395,0.7873512506484985,109.73,0,1,180,1.819,0.974,1.0,0.5699,0.2922,0.3,0.228,0.8202,0.4164
17.151,1,NAVIGATE,-0.1216,3.4224,-1.9176,0.0119,0.8526,1.5589,-0.1881,0.8526,0.8731,0.0,12.0,8.5785,2.8343029022216797,0.7976264357566833,111.48,0,1,180,1.635,0.9734,1.0,0.5666,0.292,0.3,0.2266,0.8186,0.416
17.201,1,NAVIGATE,-0.1232,3.4498,-1.917,0.0085,0.851,1.5591,-0.1915,0.851,0.8722,0.0,12.0,8.5511,2.7777657508850098,0.8197941780090332,115.23,0,1,180,1.74,0.9723,1.0,0.5654,0.2917,0.3,0.2262,0.8179,0.4104
17.251,1,NAVIGATE,-0.1259,3.4932,-1.9161,-0.0006,0.8514,1.559,-0.2006,0.8514,0.8747,0.0,12.0,8.5078,2.750220537185669,0.8318334221839905,116.98,0,1,180,1.574,0.9698,1.0,0.5656,0.291,0.3,0.2262,0.8172,0.407
17.301,1,NAVIGATE,-0.1289,3.5384,-1.9155,-0.0134,0.8543,1.5589,-0.1134,0.7543,0.7628,0.0,12.0,8.4626,2.724031925201416,0.8457775712013245,118.73,0,1,180,1.641,0.9865,1.0,0.5017,0.296,0.3,0.2007,0.7966,0.381
17.351,1,NAVIGATE,-0.1316,3.5757,-1.9155,-0.0261,0.8572,1.559,-0.1261,0.7572,0.7676,0.0,12.0,8.4253,2.6667115688323975,0.8722239136695862,121.99,0,1,180,1.58,0.9837,1.0,0.5034,0.2951,0.3,0.2014,0.7965,0.3602
17.401,1,NAVIGATE,-0.1342,3.6132,-1.9138,-0.0399,0.8609,1.5596,-0.1399,0.7609,0.7736,0.0,12.0,8.3879,2.6393632888793945,0.8873279690742493,123.49,0,1,180,1.523,0.9805,1.0,0.5057,0.2942,0.3,0.2023,0.7964,0.3663
17.451,1,NAVIGATE,-0.1377,3.658,-1.9119,-0.0547,0.8624,1.5604,-0.1547,0.7624,0.7779,0.0,12.0,8.3431,2.6128313541412354,0.9008351564407349,124.99,0,1,180,1.711,0.9766,1.0,0.5065,0.293,0.3,0.2026,0.7956,0.3812
17.501,1,NAVIGATE,-0.1411,3.6949,-1.9111,-0.0647,0.8612,1.5609,-0.1647,0.7612,0.7788,0.0,12.0,8.3063,2.554229259490967,0.9315305352210999,127.99,0,1,180,1.619,0.9737,1.0,0.5055,0.2921,0.3,0.2022,0.7943,0.3732
17.551,1,NAVIGATE,-0.1476,3.7373,-1.9093,-0.0749,0.8569,1.561,-0.1749,0.7569,0.7769,0.0,12.0,8.264,2.5307421684265137,0.9473330974578857,128.99,0,1,180,1.65,0.9702,1.0,0.5024,0.291,0.3,0.201,0.792,0.391
17.601,1,NAVIGATE,-0.1545,3.7789,-1.9082,-0.0832,0.8512,1.5608,-0.1832,0.7512,0.7732,0.0,12.0,8.2225,2.5030763149261475,0.9618740677833557,130.5,0,1,180,1.77,0.9669,1.0,0.4984,0.2901,0.3,0.1994,0.7894,0.4086
17.651,1,NAVIGATE,-0.1602,3.8133,-1.9081,-0.0892,0.8462,1.5602,-0.1892,0.7462,0.7698,0.0,12.0,8.1882,2.4486587047576904,0.9959831237792969,133.25,0,1,180,1.839,0.9643,1.0,0.4949,0.2893,0.3,0.198,0.7873,0.4069
17.701,1,NAVIGATE,-0.1691,3.8539,-1.9085,-0.0969,0.8402,1.5594,-0.1969,0.7402,0.7659,0.0,12.0,8.1478,2.4213151931762695,1.0139479637145996,134.25,0,1,180,1.724,0.9609,1.0,0.4906,0.2883,0.3,0.1963,0.7845,0.4037
17.752,1,NAVIGATE,-0.1763,3.8875,-1.9094,-0.1032,0.8353,1.5586,-0.2032,0.7353,0.7629,0.0,12.0,8.1144,2.396437883377075,1.0359572172164917,135.0,0,1,180,1.952,0.9579,1.0,0.4872,0.2874,0.3,0.1949,0.7822,0.3957
17.801,1,NAVIGATE,-0.184,3.9266,-1.9116,-0.1105,0.8294,1.5577,-0.0105,0.6294,0.6295,0.0,12.0,8.0755,2.3413796424865723,1.100236415863037,-134.25,0,1,180,1.76,0.9992,1.0,0.4193,0.2998,0.3,0.1677,0.7675,0.2181
17.851,1,NAVIGATE,-0.1891,3.9576,-1.9147,-0.1167,0.8244,1.5571,-0.2167,0.8244,0.8524,0.0,12.0,8.0447,2.31622052192688,1.119457721710205,-135.0,0,1,180,1.623,0.9609,1.0,0.5461,0.2883,0.3,0.2184,0.8067,0.3766
17.901,1,NAVIGATE,-0.1956,3.9948,-1.9186,-0.124,0.8178,1.5567,-0.224,0.8178,0.8479,0.0,12.0,8.0076,2.29095196723938,1.1537842750549316,-135.0,0,1,180,1.69,0.9577,0.9702,0.5414,0.2873,0.2911,0.2166,0.7949,0.3964
17.952,1,NAVIGATE,-0.2009,4.0258,-1.9217,-0.1271,0.8105,1.5562,-0.2271,0.8105,0.8417,0.0,12.0,7.9768,2.2382888793945312,1.2312015295028687,-135.0,0,1,180,2.146,0.9558,0.9273,0.5363,0.2867,0.2782,0.2145,0.7795,0.4009
18.001,1,NAVIGATE,-0.2061,4.0566,-1.9242,-0.1302,0.8057,1.5556,-0.2302,0.8057,0.8379,0.0,12.0,7.9461,2.2125728130340576,1.2652748823165894,-135.0,0,1,180,1.657,0.9541,0.9011,0.533,0.2862,0.2703,0.2132,0.7697,0.3993
18.051,1,NAVIGATE,-0.2126,4.0936,-1.9273,-0.1349,0.803,1.5546,-0.2349,0.803,0.8366,0.0,12.0,7.9092,2.187462329864502,1.2986502647399902,-135.0,0,1,180,1.807,0.9519,0.8802,0.5309,0.2856,0.2641,0.2124,0.762,0.4005
18.101,1,NAVIGATE,-0.2183,4.1239,-1.9294,-0.1398,0.8022,1.5538,-0.2398,0.8022,0.8373,0.0,12.0,7.8792,2.1611568927764893,1.3382227420806885,-135.0,0,1,180,1.776,0.9498,0.8547,0.5302,0.2849,0.2564,0.2121,0.7534,0.3886
18.151,1,NAVIGATE,-0.2244,4.1533,-1.931,-0.1453,0.8022,1.553,-0.1453,0.6022,0.6194,0.0,12.0,7.85,2.111427068710327,1.4074046611785889,-135.0,0,1,180,1.754,0.965,0.9964,0.3985,0.2895,0.2989,0.1594,0.7478,0.3768
18.201,1,NAVIGATE,-0.2332,4.195,-1.9333,-0.1543,0.8035,1.5519,-0.1543,0.7035,0.7202,0.0,12.0,7.8085,2.087097406387329,1.4406194686889648,-135.0,0,1,180,1.707,0.9699,1.0,0.4657,0.291,0.3,0.1863,0.7773,0.2739
18.252,1,NAVIGATE,-0.2368,4.2192,-1.9327,-0.1593,0.8045,1.5516,-0.1593,0.7045,0.7222,0.0,12.0,7.7844,2.059321165084839,1.4801360368728638,-135.0,0,1,180,1.878,0.9682,1.0,0.4662,0.2905,0.3,0.1865,0.7769,0.2849
18.302,1,NAVIGATE,-0.2418,4.2556,-1.9312,-0.1647,0.8004,1.5512,-0.1647,0.7004,0.7195,0.0,12.0,7.7481,2.011892080307007,1.546042561531067,-135.0,0,1,180,1.791,0.9658,0.9823,0.4633,0.2897,0.2947,0.1853,0.7698,0.293
18.352,1,NAVIGATE,-0.2475,4.2922,-1.9305,-0.1678,0.794,1.5505,-0.1678,0.694,0.714,0.0,12.0,7.7118,1.988936185836792,1.5798646211624146,-135.0,0,1,180,2.081,0.964,0.9695,0.4589,0.2892,0.2908,0.1835,0.7636,0.3007
18.401,1,NAVIGATE,-0.2506,4.3209,-1.9261,-0.1681,0.7873,1.5499,-0.1681,0.6873,0.7076,0.0,12.0,7.6832,1.9379881620407104,1.5535629987716675,51.67,0,1,180,1.728,0.9631,0.9148,0.4543,0.2889,0.2744,0.1817,0.7451,0.297
18.451,1,NAVIGATE,-0.2544,4.355,-1.9208,-0.1673,0.779,1.5489,-0.1673,0.679,0.6993,0.0,12.0,7.6493,1.9149258136749268,1.5341514348983765,51.42,0,1,180,1.773,0.9625,0.891,0.4487,0.2887,0.2673,0.1795,0.7355,0.2999
18.501,1,NAVIGATE,-0.259,4.3888,-1.9161,-0.1664,0.771,1.5477,-0.1664,0.671,0.6913,0.0,12.0,7.6156,1.890700101852417,1.5134897232055664,51.17,0,1,180,1.656,0.9619,0.8678,0.4433,0.2886,0.2603,0.1773,0.7262,0.3029
18.551,1,NAVIGATE,-0.2633,4.4103,-1.9115,-0.1661,0.7657,1.5469,-0.1661,0.6657,0.6861,0.0,12.0,7.5943,1.865126132965088,1.493467926979065,51.92,0,1,180,1.704,0.9613,0.8421,0.4397,0.2884,0.2526,0.1759,0.7169,0.3032
18.602,1,NAVIGATE,-0.2698,4.4427,-1.9061,-0.166,0.7582,1.5456,-0.266,0.8582,0.8984,0.0,12.0,7.5621,1.8195658922195435,1.4540998935699463,53.42,0,1,180,2.088,0.944,0.8253,0.5654,0.2832,0.2476,0.2262,0.757,0.4101
18.651,1,NAVIGATE,-0.276,4.4755,-1.9026,-0.1659,0.7505,1.5445,-0.2659,0.8505,0.8912,0.0,12.0,7.5296,1.7953191995620728,1.4348433017730713,53.92,0,1,180,1.743,0.9428,0.822,0.5601,0.2829,0.2466,0.2241,0.7535,0.4098
18.701,1,NAVIGATE,-0.2797,4.5031,-1.902,-0.1656,0.7446,1.5435,-0.2656,0.8446,0.8854,0.0,12.0,7.5021,1.7484148740768433,1.3960871696472168,55.68,0,1,180,1.692,0.9421,0.8408,0.5561,0.2826,0.2522,0.2224,0.7573,0.4114
18.751,1,NAVIGATE,-0.2847,4.5364,-1.9024,-0.1677,0.7435,1.5422,-0.2677,0.8435,0.8849,0.0,12.0,7.4691,1.7269493341445923,1.377657413482666,56.18,0,1,180,1.55,0.9409,0.8303,0.5551,0.2823,0.2491,0.222,0.7534,0.4128
18.802,1,NAVIGATE,-0.2908,4.5701,-1.9034,-0.1728,0.7471,1.5407,-0.2728,0.8471,0.89,0.0,12.0,7.4356,1.706131100654602,1.3592151403427124,56.43,0,1,180,1.805,0.9392,0.8197,0.5572,0.2817,0.2459,0.2229,0.7505,0.4102
18.851,1,NAVIGATE,-0.2983,4.6043,-1.9046,-0.1803,0.7535,1.5393,-0.2803,0.8535,0.8984,0.0,12.0,7.4017,1.659885287284851,1.3208069801330566,58.18,0,1,180,1.657,0.9367,0.8099,0.561,0.281,0.243,0.2244,0.7484,0.405
18.901,1,NAVIGATE,-0.3051,4.6333,-1.9061,-0.1875,0.7599,1.5381,-0.2875,0.7599,0.8125,0.0,12.0,7.373,1.6394004821777344,1.3021408319473267,58.93,0,1,180,1.556,0.9199,0.7023,0.4983,0.276,0.2107,0.1993,0.686,0.3503
18.951,1,NAVIGATE,-0.3145,4.6695,-1.9097,-0.1969,0.7687,1.5368,-0.2969,0.7687,0.8241,0.0,12.0,7.3372,1.593986988067627,1.2645797729492188,61.18,0,1,180,1.76,0.9165,0.6959,0.5035,0.275,0.2088,0.2014,0.6851,0.3514
19.001,1,NAVIGATE,-0.3248,4.7067,-1.914,-0.2065,0.777,1.5355,-0.2065,0.677,0.7078,0.0,12.0,7.3005,1.5770660638809204,1.2467491626739502,61.18,0,1,180,1.705,0.9426,0.7662,0.4448,0.2828,0.2298,0.1779,0.6905,0.3807
19.051,1,NAVIGATE,-0.3337,4.7379,-1.9178,-0.2143,0.7815,1.5345,-0.2143,0.6815,0.7144,0.0,12.0,7.2697,1.556230902671814,1.227848768234253,62.43,0,1,180,1.569,0.9392,0.79,0.4473,0.2818,0.237,0.1789,0.6977,0.394
19.101,1,NAVIGATE,-0.3404,4.7704,-1.919,-0.2212,0.785,1.5338,-0.2212,0.685,0.7198,0.0,12.0,7.2376,1.5375975370407104,1.2099825143814087,62.43,0,1,180,1.709,0.9361,0.811,0.4492,0.2808,0.2433,0.1797,0.7038,0.4062
19.152,1,NAVIGATE,-0.3485,4.8096,-1.9203,-0.2271,0.785,1.533,-0.2271,0.685,0.7217,0.0,12.0,7.1988,1.498962163925171,1.1713439226150513,63.68,0,1,180,1.848,0.9329,0.8334,0.4488,0.2799,0.25,0.1795,0.7094,0.414
19.202,1,NAVIGATE,-0.3557,4.8421,-1.9217,-0.2299,0.7823,1.5322,-0.2299,0.7823,0.8154,0.0,12.0,7.1667,1.4825242757797241,1.1527173519134521,65.19,0,1,180,1.579,0.9442,0.7289,0.5133,0.2833,0.2187,0.2053,0.7072,0.3622
19.251,1,NAVIGATE,-0.3654,4.8798,-1.923,-0.2318,0.7767,1.5312,-0.2318,0.7767,0.8105,0.0,12.0,7.1296,1.464356541633606,1.1363718509674072,65.44,0,1,180,1.501,0.9423,0.7422,0.5092,0.2827,0.2227,0.2037,0.709,0.3681
19.301,1,NAVIGATE,-0.3738,4.9107,-1.9245,-0.2324,0.7707,1.5303,-0.2324,0.7707,0.805,0.0,12.0,7.0991,1.4320404529571533,1.099025845527649,67.19,0,1,180,1.524,0.9409,0.7537,0.5049,0.2823,0.2261,0.202,0.7103,0.3732
19.351,1,NAVIGATE,-0.3842,4.9477,-1.927,-0.2327,0.766,1.5293,-0.2327,0.766,0.8005,0.0,12.0,7.0628,1.4207251071929932,1.0818231105804443,67.44,0,1,180,1.583,0.9396,0.7524,0.5015,0.2819,0.2257,0.2006,0.7082,0.3735
19.401,1,NAVIGATE,-0.3936,4.9782,-1.931,-0.2333,0.7641,1.5283,-0.2333,0.7641,0.7989,0.0,12.0,7.0329,1.4046510457992554,1.0647733211517334,68.69,0,1,180,1.652,0.9386,0.757,0.4999,0.2816,0.2271,0.1999,0.7086,0.3761
19.451,1,NAVIGATE,-0.4031,5.0086,-1.9349,-0.234,0.7636,1.5273,-0.234,0.7636,0.7987,0.0,12.0,7.003,1.38302481174469,1.0286650657653809,70.94,0,1,180,1.693,0.9377,0.7516,0.4993,0.2813,0.2255,0.1997,0.7065,0.377
19.501,1,NAVIGATE,-0.4137,5.0451,-1.9392,-0.235,0.7643,1.526,-0.235,0.7643,0.7996,0.0,12.0,6.9672,1.374553918838501,1.0144647359848022,72.44,0,1,180,1.76,0.9367,0.7516,0.4993,0.281,0.2255,0.1997,0.7062,0.3773
19.551,1,NAVIGATE,-0.4212,5.081,-1.9423,-0.2351,0.7657,1.5247,-0.2351,0.7657,0.801,0.0,12.0,6.9318,1.3650230169296265,0.9978731274604797,73.44,0,1,180,1.779,0.9364,0.7519,0.5,0.2809,0.2256,0.2,0.7065,0.3778
19.602,1,NAVIGATE,-0.4278,5.1111,-1.9449,-0.2353,0.7669,1.5236,-0.2353,0.7669,0.8022,0.0,12.0,6.9021,1.3595231771469116,0.9664859175682068,75.95,0,1,180,1.9,0.936,0.7643,0.5006,0.2808,0.2293,0.2002,0.7103,0.3753
19.651,1,NAVIGATE,-0.4351,5.1413,-1.9486,-0.2361,0.7678,1.5224,-0.2361,0.7678,0.8033,0.0,12.0,6.8724,1.363396167755127,0.9520952105522156,76.2,0,1,180,1.947,0.9353,0.767,0.5009,0.2806,0.2301,0.2003,0.711,0.3761
19.702,1,NAVIGATE,-0.4447,5.1777,-1.9545,-0.2375,0.7684,1.5207,-0.2375,0.7684,0.8042,0.0,12.0,6.8368,1.3746317625045776,0.9373493194580078,77.7,0,1,180,2.325,0.9342,0.7649,0.5009,0.2802,0.2295,0.2003,0.7101,0.3797
19.751,1,NAVIGATE,-0.453,5.2081,-1.9591,-0.2387,0.7687,1.5192,-0.2387,0.7687,0.805,0.0,12.0,6.807,10.695605278015137,0.9085713028907776,79.7,0,1,180,1.723,0.9332,0.7601,0.5008,0.2799,0.228,0.2003,0.7083,0.3816
19.801,1,NAVIGATE,-0.4649,5.2452,-1.9628,-0.2408,0.7693,1.5172,-0.2408,0.7693,0.8061,0.0,12.0,6.7708,10.669801712036133,0.8941933512687683,79.2,0,1,180,1.693,0.9316,0.7667,0.5006,0.2795,0.23,0.2003,0.7097,0.3846
19.852,1,NAVIGATE,-0.4762,5.2766,-1.9646,-0.2428,0.7698,1.5157,-0.2428,0.7698,0.8072,0.0,12.0,6.7402,10.645417213439941,0.8821225762367249,81.2,0,1,180,1.967,0.93,0.7703,0.5005,0.279,0.2311,0.2002,0.7103,0.3861
19.901,1,NAVIGATE,-0.4896,5.3142,-1.9666,-0.2451,0.7704,1.5139,-0.2451,0.7704,0.8085,0.0,12.0,6.7037,10.592206954956055,0.856979489326477,84.2,0,1,180,1.725,0.9283,0.7809,0.5003,0.2785,0.2343,0.2001,0.7129,0.3888
19.952,1,NAVIGATE,-0.5023,5.3454,-1.9676,-0.2474,0.7707,1.5124,-0.2474,0.7707,0.8094,0.0,12.0,6.6736,10.56888198852539,0.8443595170974731,85.95,0,1,180,2.569,0.9264,0.7892,0.4999,0.2779,0.2367,0.2,0.7146,0.3928
20.002,1,NAVIGATE,-0.5184,5.3825,-1.9684,-0.2504,0.7707,1.5106,-0.2504,0.7707,0.8104,0.0,12.0,6.6377,10.543618202209473,0.8338270783424377,87.46,0,1,180,2.196,0.924,0.8074,0.4992,0.2772,0.2422,0.1997,0.7191,0.3992
20.051,1,NAVIGATE,-0.5316,5.4135,-1.9692,-0.2526,0.7708,1.5092,-0.2526,0.7708,0.8112,0.0,12.0,6.6079,10.491490364074707,0.8114860653877258,89.46,0,1,180,1.472,0.9221,0.7966,0.4987,0.2766,0.239,0.1995,0.7151,0.3768
20.101,1,NAVIGATE,-0.5456,5.4508,-1.97,-0.2546,0.7712,1.5075,-0.2546,0.7712,0.8122,0.0,12.0,6.5719,10.466713905334473,0.8013976216316223,89.71,0,1,180,1.554,0.9203,0.7984,0.4983,0.2761,0.2395,0.1993,0.7149,0.3521
20.151,1,NAVIGATE,-0.5593,5.488,-1.9709,-0.2563,0.7717,1.5059,-0.2563,0.6717,0.7189,0.0,12.0,6.5359,10.442788124084473,0.7924739122390747,90.71,0,1,180,1.737,0.9004,0.8157,0.4315,0.2701,0.2447,0.1726,0.6874,0.4057
20.201,1,NAVIGATE,-0.5683,5.5129,-1.9716,-0.2573,0.7721,1.5047,-0.2573,0.6721,0.7197,0.0,12.0,6.512,10.388628005981445,0.7754952907562256,94.46,0,1,180,1.659,0.8991,0.8336,0.4314,0.2697,0.2501,0.1726,0.6924,0.4114
20.251,1,NAVIGATE,-0.5796,5.5517,-1.9744,-0.2579,0.7742,1.5029,-0.2579,0.6742,0.7218,0.0,12.0,6.4743,10.365265846252441,0.7657976746559143,95.71,0,1,180,1.516,0.8983,0.8316,0.4322,0.2695,0.2495,0.1729,0.6919,0.4125
20.302,1,NAVIGATE,-0.5908,5.5907,-1.9773,-0.2584,0.7737,1.5008,-0.2584,0.6737,0.7216,0.0,12.0,6.4365,10.339824676513672,0.7602240443229675,98.47,0,1,180,1.938,0.8968,0.8292,0.4314,0.2691,0.2488,0.1726,0.6904,0.4112
20.352,1,NAVIGATE,-0.6002,5.6229,-1.9797,-0.2591,0.7711,1.4989,-0.2591,0.6711,0.7194,0.0,12.0,6.4053,10.286836624145508,0.7474775314331055,99.47,0,1,180,1.931,0.8951,0.8273,0.4293,0.2685,0.2482,0.1717,0.6884,0.4147
20.401,1,NAVIGATE,-0.6167,5.6631,-1.9855,-0.2614,0.7665,1.4966,-0.2614,0.6665,0.716,0.0,12.0,6.3669,10.2628173828125,0.7431522011756897,100.97,0,1,180,1.554,0.8912,0.8254,0.4254,0.2674,0.2476,0.1702,0.6852,0.4134
20.451,1,NAVIGATE,-0.6326,5.7026,-1.9907,-0.2636,0.7608,1.4941,-0.2636,0.6608,0.7114,0.0,12.0,6.3291,10.23920726776123,0.7377866506576538,103.97,0,1,180,1.556,0.8871,0.8291,0.4207,0.2661,0.2487,0.1683,0.6832,0.4158
20.501,1,NAVIGATE,-0.6432,5.7284,-1.9948,-0.2651,0.7567,1.4922,-0.2651,0.6567,0.7082,0.0,12.0,6.3045,10.187849998474121,0.7306911945343018,106.97,0,1,180,1.752,0.8843,0.836,0.4175,0.2653,0.2508,0.167,0.6831,0.4164
20.551,1,NAVIGATE,-0.6593,5.7664,-2.0042,-0.2672,0.7506,1.4893,-0.2672,0.6506,0.7033,0.0,12.0,6.2684,10.161675453186035,0.7279577255249023,108.98,0,1,180,1.742,0.88,0.8392,0.4126,0.264,0.2518,0.165,0.6808,0.4125
20.601,1,NAVIGATE,-0.6749,5.8038,-2.0122,-0.269,0.7444,1.4865,-0.269,0.6444,0.6983,0.0,12.0,6.2328,10.139974594116211,0.725509762763977,110.73,0,1,180,1.599,0.8757,0.846,0.4077,0.2627,0.2538,0.1631,0.6796,0.4074
20.651,1,NAVIGATE,-0.6879,5.8345,-2.0174,-0.2705,0.7392,1.4843,-0.2705,0.6392,0.6941,0.0,12.0,6.2037,10.089170455932617,0.7231130599975586,110.73,0,1,180,1.543,0.872,0.8624,0.4035,0.2616,0.2587,0.1614,0.6817,0.3719
20.701,1,NAVIGATE,-0.7009,5.8648,-2.0213,-0.272,0.734,1.482,-0.272,0.634,0.6899,0.0,12.0,6.1751,10.06624698638916,0.721906840801239,113.73,0,1,180,1.499,0.8683,0.8588,0.3993,0.2605,0.2576,0.1597,0.6779,0.3648
20.751,1,NAVIGATE,-0.7163,5.9007,-2.025,-0.2737,0.7276,1.4793,-0.2737,0.6276,0.6847,0.0,12.0,6.1412,10.04318904876709,0.7221460342407227,115.48,0,1,180,1.559,0.8638,0.8591,0.3943,0.2591,0.2577,0.1577,0.6746,0.3609
20.801,1,NAVIGATE,-0.7289,5.9307,-2.0285,-0.275,0.7224,1.477,-0.175,0.6224,0.6466,0.0,12.0,6.1129,9.995141983032227,0.7239416241645813,119.74,0,1,180,1.524,0.9236,0.78,0.3981,0.2771,0.234,0.1592,0.6703,0.3276
20.851,1,NAVIGATE,-0.7439,5.9666,-2.0327,-0.2766,0.7163,1.4742,-0.1766,0.6163,0.6411,0.0,12.0,6.0791,9.970816612243652,0.7258535027503967,119.99,0,1,180,1.474,0.9204,0.7852,0.3934,0.2761,0.2355,0.1574,0.669,0.3237
20.901,1,NAVIGATE,-0.7587,6.002,-2.0358,-0.2782,0.7101,1.4714,-0.1782,0.6101,0.6356,0.0,12.0,6.0457,9.947967529296875,0.7281436324119568,122.49,0,1,180,1.584,0.9171,0.7946,0.3886,0.2751,0.2384,0.1554,0.669,0.3185
20.951,1,NAVIGATE,-0.7705,6.0311,-2.0374,-0.2774,0.705,1.4691,-0.1774,0.605,0.6304,0.0,12.0,6.0185,9.901477813720703,0.7235276699066162,-54.43,0,1,180,1.663,0.9156,0.797,0.3848,0.2747,0.2391,0.1539,0.6677,0.2858
21.002,1,NAVIGATE,-0.7845,6.0655,-2.0386,-0.2742,0.6987,1.4664,-0.1742,0.5987,0.6236,0.0,12.0,5.9862,9.878866195678711,0.720108151435852,-56.43,0,1,180,1.743,0.9153,0.8013,0.3805,0.2746,0.2404,0.1522,0.6672,0.2814
21.051,1,NAVIGATE,-0.7981,6.0995,-2.0392,-0.269,0.6923,1.4636,-0.169,0.5923,0.616,0.0,12.0,5.9543,9.856101989746094,0.7165645360946655,-56.43,0,1,180,1.889,0.9162,0.8065,0.3762,0.2748,0.242,0.1505,0.6673,0.2803
21.102,1,NAVIGATE,-0.805,6.1219,-2.0383,-0.2646,0.6879,1.4617,-0.1646,0.5879,0.6105,0.0,12.0,5.933,9.810077667236328,0.7111642360687256,-59.43,0,1,180,1.857,0.9175,0.8144,0.3734,0.2752,0.2443,0.1494,0.6689,0.2456
21.152,1,NAVIGATE,-0.8153,6.1552,-2.0367,-0.2577,0.6811,1.4585,-0.1577,0.5811,0.6022,0.0,12.0,5.9014,9.787635803222656,0.7107831835746765,-61.18,0,1,180,2.144,0.9196,0.8192,0.3692,0.2759,0.2457,0.1477,0.6693,0.2464
21.202,1,NAVIGATE,-0.8249,6.188,-2.035,-0.2504,0.6743,1.4551,-0.1504,0.5743,0.5937,0.0,12.0,5.8702,9.766193389892578,0.710407018661499,-62.93,0,1,180,2.242,0.9222,0.8258,0.365,0.2767,0.2477,0.146,0.6704,0.245
21.251,1,NAVIGATE,-0.8296,6.2144,-2.0338,-0.2435,0.6683,1.4521,-0.1435,0.5683,0.5861,0.0,12.0,5.8448,9.721643447875977,0.7088974714279175,-64.68,0,1,180,1.803,0.925,0.8454,0.3614,0.2775,0.2536,0.1446,0.6757,0.2166
21.301,1,NAVIGATE,-0.8348,6.2406,-2.0326,-0.2369,0.6623,1.4491,-0.1369,0.5623,0.5787,0.0,12.0,5.8196,9.700429916381836,0.7103668451309204,-66.19,0,1,180,1.866,0.9276,0.8504,0.3579,0.2783,0.2551,0.1432,0.6766,0.2149
21.351,1,NAVIGATE,-0.8418,6.2716,-2.031,-0.2297,0.6552,1.4456,-0.2297,0.5552,0.6008,0.0,12.0,5.7899,9.679279327392578,0.7114295959472656,-67.69,0,1,180,1.868,0.8587,0.9394,0.3439,0.2576,0.2818,0.1376,0.677,0.2165
21.401,1,NAVIGATE,-0.8501,6.2966,-2.0292,-0.2247,0.6491,1.4428,-0.0247,0.5491,0.5497,0.0,12.0,5.7664,9.63544750213623,0.7142838835716248,-69.19,0,1,180,1.54,0.9815,0.7881,0.3596,0.2944,0.2364,0.1439,0.6747,0.2571
21.451,1,NAVIGATE,-0.8598,6.3264,-2.0271,-0.219,0.6419,1.4395,-0.019,0.5419,0.5422,0.0,12.0,5.7384,9.614410400390625,0.7161993980407715,-70.44,0,1,180,1.622,0.9829,0.7512,0.3553,0.2949,0.2253,0.1421,0.6623,0.2604
21.501,1,NAVIGATE,-0.8701,6.3562,-2.025,-0.2147,0.6348,1.4366,-0.3147,0.5348,0.6205,0.0,12.0,5.7105,9.594768524169922,0.718846321105957,-72.19,0,1,180,1.748,0.7746,1.0,0.3204,0.2324,0.3,0.1282,0.6605,0.1938
21.552,1,NAVIGATE,-0.8775,6.376,-2.0232,-0.2106,0.6302,1.4346,-0.0106,0.5302,0.5303,0.0,12.0,5.692,9.551103591918945,0.7253676056861877,-74.44,0,1,180,1.813,0.9848,0.6388,0.3482,0.2954,0.1917,0.1393,0.6264,0.2389
21.602,1,NAVIGATE,-0.8883,6.4056,-2.0208,-0.2006,0.6233,1.4312,-0.0006,0.5233,0.5233,0.0,12.0,5.6645,9.531575202941895,0.7288346290588379,-73.19,0,1,180,1.741,0.9874,0.6244,0.3445,0.2962,0.1873,0.1378,0.6214,0.252
21.652,1,NAVIGATE,-0.898,6.4356,-2.0209,-0.1948,0.6165,1.4278,0.0052,0.5165,0.5165,0.0,12.0,5.6364,9.512435913085938,0.7323619723320007,-76.2,0,1,180,2.24,0.9888,0.5975,0.3405,0.2966,0.1793,0.1362,0.6121,0.257
21.702,1,NAVIGATE,-0.9054,6.4608,-2.0225,-0.1893,0.6112,1.4256,0.0107,0.5112,0.5113,0.0,12.0,5.6127,9.490574836730957,0.7381361722946167,-77.45,0,1,180,1.943,0.9901,0.5682,0.3375,0.297,0.1705,0.135,0.6025,0.2561
21.751,1,NAVIGATE,-0.9126,6.4857,-2.0239,-0.1822,0.606,1.4242,0.0178,0.506,0.5063,0.0,12.0,5.5893,9.452217102050781,0.7458385229110718,-77.95,0,1,180,1.617,0.9917,0.5163,0.3347,0.2975,0.1549,0.1339,0.5863,0.2434
21.801,1,NAVIGATE,-0.9202,6.5137,-2.0278,-0.1714,0.5988,1.4227,0.0286,0.4988,0.4996,0.0,12.0,5.5629,9.432971000671387,0.750818133354187,-79.7,0,1,180,1.701,0.9941,0.525,0.3311,0.2982,0.1575,0.1324,0.5882,0.2634
21.851,1,NAVIGATE,-0.9256,6.5357,-2.0326,-0.1607,0.5921,1.4214,0.0393,0.4921,0.4937,0.0,12.0,5.5422,9.410913467407227,0.7558923959732056,-80.7,0,1,180,1.624,0.9961,0.533,0.3278,0.2988,0.1599,0.1311,0.5899,0.2796
21.901,1,NAVIGATE,-0.9318,6.562,-2.0373,-0.147,0.5841,1.4196,0.053,0.4841,0.487,0.0,12.0,5.5172,9.373589515686035,0.7663463950157166,-83.2,0,1,180,1.676,0.9982,0.5322,0.3241,0.2994,0.1596,0.1296,0.5887,0.29
21.951,1,NAVIGATE,-0.9347,6.5859,-2.0428,-0.1316,0.5752,1.4175,0.0684,0.5752,0.5793,0.0,12.0,5.4942,9.355520248413086,0.7698078155517578,-84.45,0,1,180,1.771,0.9986,0.5243,0.3857,0.2996,0.1573,0.1543,0.6111,0.1719
22.002,1,NAVIGATE,-0.9366,6.6056,-2.0467,-0.1187,0.5677,1.4156,0.0813,0.3677,0.3766,0.0,12.0,5.4751,9.335707664489746,0.7762737274169922,-84.45,0,1,180,1.837,0.999,0.7538,0.2508,0.2997,0.2262,0.1003,0.6262,0.4633
22.051,1,NAVIGATE,-0.9384,6.6253,-2.0499,-0.1061,0.5601,1.4136,0.0939,0.3601,0.3722,0.0,12.0,5.456,9.299040794372559,0.786812424659729,-85.7,0,1,180,1.609,0.9966,0.8073,0.2473,0.299,0.2422,0.0989,0.6401,0.4724
22.101,1,NAVIGATE,-0.9385,6.6488,-2.0526,-0.0908,0.5543,1.411,0.1092,0.3543,0.3708,0.0,12.0,5.4329,9.282060623168945,0.790833592414856,-87.46,0,1,180,1.868,0.9921,0.9074,0.2452,0.2976,0.2722,0.0981,0.6679,0.4725
22.152,1,NAVIGATE,-0.9382,6.6684,-2.0541,-0.0783,0.5472,1.409,0.1217,0.3472,0.3679,0.0,12.0,5.4135,9.2616605758667,0.7980221509933472,-87.71,0,1,180,1.99,0.9868,0.9472,0.242,0.296,0.2841,0.0968,0.677,0.4738
22.202,1,NAVIGATE,-0.9379,6.688,-2.055,-0.0662,0.5379,1.407,0.1338,0.3379,0.3635,0.0,12.0,5.3941,9.226314544677734,0.8075814247131348,-88.46,0,1,180,1.885,0.9796,0.9622,0.2374,0.2939,0.2887,0.0949,0.6775,0.4819
22.252,1,NAVIGATE,-0.9391,6.7148,-2.0535,-0.0526,0.5259,1.4048,0.1474,0.4259,0.4507,0.0,12.0,5.368,9.210884094238281,0.8121417164802551,-89.46,0,1,180,1.985,0.9876,0.9112,0.2967,0.2963,0.2734,0.1187,0.6883,0.4792
22.301,1,NAVIGATE,-0.9402,6.7414,-2.0513,-0.0391,0.5123,1.4027,0.1609,0.4123,0.4426,0.0,12.0,5.342,9.1925630569458,0.8171646595001221,-90.96,0,1,180,1.643,0.981,0.9994,0.2895,0.2943,0.2998,0.1158,0.7099,0.4991
22.351,1,NAVIGATE,-0.941,6.7624,-2.0489,-0.0278,0.4997,1.4013,0.1722,0.4997,0.5285,0.0,12.0,5.3215,9.16045093536377,0.8256539702415466,-92.96,0,1,180,1.751,0.9881,0.8983,0.3482,0.2964,0.2695,0.1393,0.7052,0.448
22.401,1,NAVIGATE,-0.9423,6.7846,-2.0445,-0.0141,0.4852,1.3996,0.1859,0.4852,0.5196,0.0,12.0,5.2998,9.144579887390137,0.8316079378128052,-93.46,0,1,180,1.6,0.9826,1.0,0.3403,0.2948,0.3,0.1361,0.7309,0.5018
22.451,1,NAVIGATE,-0.9428,6.8028,-2.041,-0.0025,0.4752,1.3983,0.1975,0.4752,0.5146,0.0,12.0,5.282,9.12705135345459,0.8370553851127625,-94.21,0,1,180,1.583,0.9771,1.0,0.3352,0.2931,0.3,0.1341,0.7272,0.5252
22.501,1,NAVIGATE,-0.942,6.8251,-2.0337,0.0119,0.4682,1.3967,0.2119,0.5682,0.6064,0.0,12.0,5.2599,9.093951225280762,0.8449221849441528,-94.46,0,1,180,1.757,0.9844,0.938,0.398,0.2953,0.2814,0.1592,0.7359,0.4654
22.551,1,NAVIGATE,-0.9388,6.8488,-2.021,0.027,0.465,1.395,0.227,0.565,0.6089,0.0,12.0,5.2361,9.07783031463623,0.8489709496498108,-96.21,0,1,180,1.58,0.9797,0.9957,0.3977,0.2939,0.2987,0.1591,0.7517,0.4904
22.602,1,NAVIGATE,-0.9358,6.8682,-2.0118,0.0397,0.4643,1.3936,0.2397,0.5643,0.6131,0.0,12.0,5.2164,9.060648918151855,0.854478120803833,-98.22,0,1,180,1.863,0.9756,1.0,0.3988,0.2927,0.3,0.1595,0.7522,0.5057
22.651,1,NAVIGATE,-0.9322,6.8863,-2.0047,0.0524,0.4658,1.3925,0.2524,0.5658,0.6195,0.0,12.0,5.198,9.03091049194336,0.8612541556358337,-96.96,0,1,180,1.595,0.9715,1.0,0.4013,0.2915,0.3,0.1605,0.752,0.5127
22.701,1,NAVIGATE,-0.927,6.906,-1.9992,0.0674,0.469,1.3912,0.2674,0.669,0.7205,0.0,12.0,5.1777,9.017792701721191,0.8647898435592651,-100.47,0,1,180,1.528,0.98,0.9093,0.4707,0.294,0.2728,0.1883,0.7551,0.451
22.751,1,NAVIGATE,-0.9224,6.9228,-1.9953,0.08,0.4729,1.3902,0.28,0.6729,0.7288,0.0,12.0,5.1603,8.999471664428711,0.8676817417144775,-98.97,0,1,180,1.773,0.9771,0.9716,0.4747,0.2931,0.2915,0.1899,0.7745,0.4808
22.802,1,NAVIGATE,-0.9185,6.9414,-1.9925,0.0921,0.4778,1.3894,0.2921,0.6778,0.7381,0.0,12.0,5.1413,8.971366882324219,0.8756204843521118,-99.97,0,1,180,1.914,0.9743,0.9893,0.4794,0.2923,0.2968,0.1918,0.7808,0.4979
22.851,1,NAVIGATE,-0.914,6.9651,-1.9899,0.1064,0.4873,1.3887,0.3064,0.6873,0.7525,0.0,12.0,5.1172,8.95416259765625,0.8780727982521057,-101.47,0,1,180,1.608,0.9714,1.0,0.4873,0.2914,0.3,0.1949,0.7863,0.5015
22.901,1,NAVIGATE,-0.9097,6.9852,-1.9883,0.1184,0.497,1.388,0.3184,0.697,0.7663,0.0,12.0,5.0967,8.938920021057129,0.8811007142066956,-101.97,0,1,180,1.758,0.9692,1.0,0.4951,0.2907,0.3,0.198,0.7888,0.5015
22.951,1,NAVIGATE,-0.9019,7.0035,-1.9844,0.1315,0.507,1.3874,0.3315,0.707,0.7808,0.0,12.0,5.0773,8.908486366271973,0.8885326981544495,-103.22,0,1,180,1.939,0.9664,0.996,0.5031,0.2899,0.2988,0.2012,0.79,0.4883
23.001,1,NAVIGATE,-0.89,7.0247,-1.9785,0.148,0.519,1.3869,0.348,0.719,0.7988,0.0,12.0,5.0543,8.89281940460205,0.8921579122543335,-105.72,0,1,180,1.686,0.9628,1.0,0.5127,0.2888,0.3,0.2051,0.7939,0.4347
23.051,1,NAVIGATE,-0.8781,7.047,-1.9738,0.1644,0.5315,1.3865,0.3644,0.7315,0.8172,0.0,12.0,5.0303,8.873085021972656,0.8967029452323914,-106.97,0,1,180,1.609,0.9592,1.0,0.5226,0.2878,0.3,0.209,0.7968,0.3815
23.102,1,NAVIGATE,-0.8713,7.0617,-1.9698,0.1748,0.5398,1.3864,0.3748,0.6398,0.7415,0.0,12.0,5.0146,8.857965469360352,0.9000385999679565,-107.72,0,1,180,1.845,0.9375,1.0,0.4634,0.2813,0.3,0.1854,0.7666,0.3438
23.151,1,NAVIGATE,-0.8607,7.0848,-1.9649,0.1905,0.5526,1.3863,0.2905,0.6526,0.7143,0.0,12.0,4.99,8.823163986206055,0.9078934192657471,-106.97,0,1,180,1.767,0.97,0.9631,0.4619,0.291,0.2889,0.1848,0.7647,0.4726
23.202,1,NAVIGATE,-0.8496,7.1089,-1.9611,0.2062,0.5654,1.3864,0.3062,0.6654,0.7324,0.0,12.0,4.9643,8.802828788757324,0.912072479724884,-109.73,0,1,180,2.241,0.9666,0.9848,0.472,0.29,0.2955,0.1888,0.7742,0.4907
23.252,1,NAVIGATE,-0.8389,7.1304,-1.9577,0.2198,0.574,1.3866,0.3198,0.674,0.7461,0.0,12.0,4.9413,8.783279418945312,0.915889322757721,-109.23,0,1,180,1.904,0.9631,0.9844,0.479,0.2889,0.2953,0.1916,0.7759,0.4863
23.301,1,NAVIGATE,-0.8279,7.1524,-1.9551,0.232,0.5809,1.3869,0.332,0.7809,0.8485,0.0,12.0,4.9178,8.744508743286133,0.9235608577728271,-111.73,0,1,180,1.789,0.973,0.9045,0.5504,0.2919,0.2713,0.2202,0.7834,0.4391
23.351,1,NAVIGATE,-0.8145,7.1793,-1.9528,0.2442,0.5874,1.3874,0.3442,0.7874,0.8593,0.0,12.0,4.889,8.722861289978027,0.9298388957977295,-112.48,0,1,180,1.791,0.9702,0.9086,0.5558,0.2911,0.2726,0.2223,0.786,0.3939
23.402,1,NAVIGATE,-0.8023,7.2029,-1.9544,0.253,0.5927,1.3883,0.353,0.6927,0.7775,0.0,12.0,4.8638,8.7046537399292,0.9322877526283264,-113.98,0,1,180,1.995,0.9537,1.0,0.4943,0.2861,0.3,0.1977,0.7838,0.358
23.451,1,NAVIGATE,-0.7876,7.2315,-1.9567,0.2622,0.6019,1.3894,0.3622,0.7019,0.7899,0.0,12.0,4.8331,8.665695190429688,0.9441190361976624,-116.48,0,1,180,1.649,0.9515,1.0,0.501,0.2854,0.3,0.2004,0.7859,0.3139
23.502,1,NAVIGATE,-0.7751,7.2552,-1.9591,0.2694,0.6112,1.3904,0.3694,0.6112,0.7142,0.0,12.0,4.8076,8.6453275680542,0.9513514041900635,-117.48,0,1,180,1.723,0.928,1.0,0.4419,0.2784,0.3,0.1767,0.7552,0.2844
23.551,1,NAVIGATE,-0.7591,7.282,-1.9639,0.278,0.6203,1.3918,0.278,0.8203,0.8661,0.0,12.0,4.7787,8.625580787658691,0.9589253664016724,-118.99,0,1,180,1.564,0.986,0.7507,0.5694,0.2958,0.2252,0.2277,0.7488,0.3761
23.601,1,NAVIGATE,-0.7458,7.3049,-1.9676,0.2853,0.6266,1.3932,0.2853,0.6266,0.6885,0.0,12.0,4.754,8.584128379821777,0.9701268076896667,-120.49,0,1,180,1.759,0.9638,0.9431,0.4424,0.2891,0.2829,0.177,0.749,0.4634
23.651,1,NAVIGATE,-0.7317,7.3279,-1.9712,0.2933,0.6294,1.3947,0.2933,0.7294,0.7861,0.0,12.0,4.7291,8.560567855834961,0.9784579873085022,-119.24,0,1,180,1.806,0.9743,0.8495,0.5106,0.2923,0.2548,0.2043,0.7514,0.4207
23.701,1,NAVIGATE,-0.711,7.3547,-1.9755,0.3026,0.6348,1.3966,0.3026,0.7348,0.7947,0.0,12.0,4.6994,8.53986644744873,0.9864509701728821,-120.49,0,1,180,1.822,0.9716,0.8578,0.5147,0.2915,0.2574,0.2059,0.7547,0.4249
23.752,1,NAVIGATE,-0.6942,7.3776,-1.9789,0.3083,0.637,1.3982,0.3083,0.737,0.7989,0.0,12.0,4.6742,8.49702262878418,1.001691222190857,-123.24,0,1,180,2.159,0.9696,0.8549,0.5164,0.2909,0.2565,0.2066,0.7539,0.4058
23.801,1,NAVIGATE,-0.6749,7.4061,-1.9826,0.3126,0.6404,1.4005,0.3126,0.8404,0.8967,0.0,12.0,4.6433,8.473917961120605,1.0102968215942383,-124.74,0,1,180,1.803,0.978,0.8017,0.5846,0.2934,0.2405,0.2339,0.7677,0.4028
23.851,1,NAVIGATE,-0.6598,7.4308,-1.9856,0.3146,0.6444,1.4027,0.3146,0.7444,0.8082,0.0,12.0,4.6166,8.452054023742676,1.019343376159668,-125.99,0,1,180,1.865,0.9673,0.8664,0.5212,0.2902,0.2599,0.2085,0.7586,0.3672
23.901,1,NAVIGATE,-0.642,7.4609,-1.9887,0.3162,0.6499,1.4054,0.3162,0.7499,0.8139,0.0,12.0,4.5843,8.409785270690918,0.9936925768852234,33.66,0,1,180,1.719,0.9668,0.8751,0.5245,0.29,0.2625,0.2098,0.7624,0.3798
23.951,1,NAVIGATE,-0.6292,7.4858,-1.9895,0.317,0.6573,1.4076,0.317,0.7573,0.821,0.0,12.0,4.5579,8.385445594787598,0.9743803143501282,34.66,0,1,180,1.714,0.9669,0.8608,0.5292,0.2901,0.2582,0.2117,0.76,0.3763
24.001,1,NAVIGATE,-0.6151,7.5157,-1.9892,0.3178,0.6661,1.4102,0.3178,0.7661,0.8294,0.0,12.0,4.5263,8.364324569702148,0.9597640037536621,35.66,0,1,180,1.765,0.9672,0.8767,0.5348,0.2902,0.263,0.2139,0.7671,0.3761
24.051,1,NAVIGATE,-0.6033,7.5412,-1.989,0.3187,0.673,1.4121,0.3187,0.773,0.8361,0.0,12.0,4.4995,8.343389511108398,0.9453366994857788,36.41,0,1,180,1.829,0.9673,0.8768,0.5392,0.2902,0.263,0.2157,0.7689,0.3759
24.101,1,NAVIGATE,-0.5941,7.567,-1.9913,0.3188,0.6794,1.4141,0.3188,0.7794,0.842,0.0,12.0,4.4726,8.295763969421387,0.9120165705680847,38.66,0,1,180,1.776,0.9677,0.8457,0.5432,0.2903,0.2537,0.2173,0.7613,0.3754
24.151,1,NAVIGATE,-0.5847,7.5985,-1.9955,0.3184,0.6865,1.4167,0.3184,0.7865,0.8486,0.0,12.0,4.4402,8.274067878723145,0.8966785073280334,39.91,0,1,180,1.798,0.9683,0.8539,0.5478,0.2905,0.2562,0.2191,0.7657,0.4109
24.202,1,NAVIGATE,-0.5762,7.6251,-1.9985,0.3185,0.6923,1.419,0.2185,0.7923,0.8219,0.0,12.0,4.4126,8.227605819702148,0.8673939108848572,42.16,0,1,180,1.932,0.9905,0.7188,0.5427,0.2971,0.2156,0.2171,9979.3257,0.3599
24.251,1,NAVIGATE,-0.5699,7.6579,-2.0008,0.3177,0.6993,1.4219,0.2177,0.7993,0.8284,0.0,12.0,4.3794,8.200568199157715,0.8516800403594971,43.67,0,1,180,1.674,0.9908,0.7128,0.5472,0.2973,0.2138,0.2189,9979.8685,0.3566
24.302,1,NAVIGATE,-0.5632,7.6912,-2.0026,0.3168,0.7064,1.4248,0.2168,0.8064,0.835,0.0,12.0,4.3455,8.178001403808594,0.8370605707168579,44.92,0,1,180,1.919,0.9912,0.7126,0.5518,0.2974,0.2138,0.2207,9980.4178,0.3563
24.351,1,NAVIGATE,-0.5567,7.7193,-2.0039,0.3146,0.7122,1.4271,0.2146,0.8122,0.8401,0.0,12.0,4.3168,8.131063461303711,0.8138157725334167,47.67,0,1,180,1.53,0.9917,0.7261,0.5554,0.2975,0.2178,0.2222,9980.8796,0.3633
24.401,1,NAVIGATE,-0.5472,7.7502,-2.0075,0.3112,0.7178,1.4296,0.2112,0.8178,0.8446,0.0,12.0,4.2848,8.1046142578125,0.7971059679985046,49.42,0,1,180,1.529,0.9922,0.7229,0.5587,0.2977,0.2169,0.2235,9981.3598,0.362
24.451,1,NAVIGATE,-0.5389,7.7767,-2.0099,0.3072,0.7227,1.432,0.2072,0.8227,0.8483,0.0,12.0,4.2575,8.080649375915527,0.7849370837211609,50.92,0,1,180,1.59,0.9928,0.7264,0.5615,0.2978,0.2179,0.2246,9981.7753,0.3643
24.501,1,NAVIGATE,-0.5302,7.8036,-2.012,0.3025,0.7277,1.4344,0.3025,0.8277,0.8812,0.0,12.0,4.2297,8.056722640991211,0.7739838361740112,52.42,0,1,180,1.854,0.9749,0.8086,0.5727,0.2925,0.2426,0.2291,9981.8385,0.4
24.551,1,NAVIGATE,-0.5266,7.8327,-2.0134,0.2951,0.734,1.4366,0.2951,0.834,0.8846,0.0,12.0,4.2004,8.006345748901367,0.7515496015548706,56.18,0,1,180,1.57,0.9771,0.8031,0.5763,0.2931,0.2409,0.2305,9982.3487,0.4027
24.602,1,NAVIGATE,-0.5214,7.868,-2.0147,0.2863,0.7416,1.4391,0.2863,0.8416,0.8889,0.0,12.0,4.1648,7.98057746887207,0.744068443775177,57.68,0,1,180,2.187,0.9796,0.8002,0.5805,0.2939,0.2401,0.2322,9982.9659,0.4035
24.652,1,NAVIGATE,-0.5159,7.8977,-2.0151,0.2813,0.7481,1.441,0.2813,0.8481,0.8935,0.0,12.0,4.1346,7.956526756286621,0.7333840131759644,59.68,0,1,180,2.001,0.981,0.7945,0.5844,0.2943,0.2383,0.2338,9983.4724,0.4001
24.701,1,NAVIGATE,-0.5062,7.9337,-2.0132,0.2792,0.7563,1.4429,0.1792,0.7563,0.7772,0.0,12.0,4.0977,7.903384685516357,0.7187511324882507,63.93,0,1,180,1.546,0.9941,0.7506,0.5151,0.2982,0.2252,0.206,9981.3002,0.3772
24.751,1,NAVIGATE,-0.4977,7.9641,-2.0118,0.2794,0.7631,1.4442,0.1794,0.7631,0.7839,0.0,12.0,4.0665,7.878381252288818,0.7113800048828125,65.69,0,1,180,1.729,0.9941,0.7552,0.5196,0.2982,0.2266,0.2078,9981.8138,0.38
24.802,1,NAVIGATE,-0.4883,8.0013,-2.0098,0.281,0.7715,1.4454,0.181,0.7715,0.7924,0.0,12.0,4.0284,7.853598594665527,0.7056217789649963,67.69,0,1,180,1.988,0.9941,0.7594,0.5251,0.2982,0.2278,0.2101,9982.4397,0.3793
24.851,1,NAVIGATE,-0.4818,8.0329,-2.0077,0.2802,0.7761,1.4463,0.1802,0.7761,0.7967,0.0,12.0,3.9962,7.799432277679443,0.6957308053970337,72.44,0,1,180,1.552,0.9943,0.7851,0.5281,0.2983,0.2355,0.2112,9982.8979,0.385
24.902,1,NAVIGATE,-0.4734,8.0711,-2.0055,0.2772,0.7792,1.4473,0.1772,0.7792,0.7991,0.0,12.0,3.9573,7.773434162139893,0.6943724155426025,74.44,0,1,180,1.826,0.9946,0.7941,0.5299,0.2984,0.2382,0.212,9983.3756,0.3875
24.951,1,NAVIGATE,-0.4653,8.1043,-2.0044,0.2734,0.7811,1.448,0.1734,0.7811,0.8001,0.0,12.0,3.9234,7.746583461761475,0.6913924813270569,76.7,0,1,180,1.759,0.995,0.8042,0.5308,0.2985,0.2413,0.2123,9983.7668,0.3905
25.001,1,NAVIGATE,-0.4545,8.1464,-2.0041,0.268,0.7836,1.4487,0.168,0.7836,0.8014,0.0,12.0,3.8803,7.690526485443115,0.6922633647918701,81.2,0,1,180,1.779,0.9956,0.836,0.5319,0.2987,0.2508,0.2128,9984.2647,0.4002
25.051,1,NAVIGATE,-0.4454,8.1811,-2.0038,0.2628,0.7852,1.4494,0.1628,0.8852,0.9001,0.0,12.0,3.8448,7.6654534339904785,0.6939477324485779,83.45,0,1,180,1.562,0.9978,0.8373,0.5987,0.2994,0.2512,0.2395,9987.7594,0.408
25.101,1,NAVIGATE,-0.4363,8.2154,-2.0041,0.2574,0.7867,1.45,0.1574,0.8867,0.9006,0.0,12.0,3.8097,7.6399970054626465,0.6954333186149597,85.7,0,1,180,1.694,0.9981,0.8547,0.5993,0.2994,0.2564,0.2397,9988.1498,0.4145
25.151,1,NAVIGATE,-0.4272,8.2493,-2.0046,0.2518,0.7878,1.4504,0.1518,0.8878,0.9007,0.0,12.0,3.7749,7.612722396850586,0.6991608738899231,87.71,0,1,180,1.841,0.9984,0.8652,0.5996,0.2995,0.2596,0.2398,9988.5255,0.4213
25.201,1,NAVIGATE,-0.4181,8.2831,-2.0052,0.2465,0.7909,1.4507,0.1465,0.8909,0.9028,0.0,12.0,3.7404,7.557695388793945,0.707569420337677,92.21,0,1,180,1.561,0.9987,0.8983,0.6011,0.2996,0.2695,0.2404,9988.9572,0.4377
25.252,1,NAVIGATE,-0.4075,8.3241,-2.0035,0.2403,0.7973,1.4511,0.1403,0.8973,0.9082,0.0,12.0,3.6984,7.53259801864624,0.7152191400527954,93.71,0,1,180,1.935,0.999,0.911,0.6049,0.2997,0.2733,0.242,9989.5674,0.4435
25.301,1,NAVIGATE,-0.397,8.3656,-1.9997,0.2342,0.8059,1.4514,0.1342,0.9059,0.9158,0.0,12.0,3.656,7.50647497177124,0.7216033935546875,95.71,0,1,180,1.811,0.9993,0.923,0.6101,0.2998,0.2769,0.244,9990.2483,0.4504
25.351,1,NAVIGATE,-0.3884,8.4003,-1.997,0.2293,0.8136,1.4517,0.1293,0.9136,0.9227,0.0,12.0,3.6206,7.450384140014648,0.737339437007904,96.21,0,1,180,1.654,0.9995,0.9504,0.6148,0.2998,0.2851,0.2459,9990.833,0.4637
25.402,1,NAVIGATE,-0.3809,8.4426,-1.9953,0.2226,0.8232,1.4522,0.1226,0.9232,0.9313,0.0,12.0,3.5777,7.42529821395874,0.7443789839744568,97.22,0,1,180,1.796,0.9997,0.9604,0.6207,0.2999,0.2881,0.2483,9991.5524,0.4714
25.451,1,NAVIGATE,-0.3749,8.478,-1.9943,0.217,0.8311,1.4529,0.117,0.9311,0.9384,0.0,12.0,3.5419,7.368775844573975,0.7601613998413086,98.97,0,1,180,1.836,0.9998,0.9897,0.6255,0.2999,0.2969,0.2502,9992.1481,0.4852
25.502,1,NAVIGATE,-0.3676,8.5206,-1.9934,0.2104,0.8402,1.454,0.1104,0.9402,0.9467,0.0,12.0,3.4988,7.3411030769348145,0.7671397924423218,101.22,0,1,180,1.761,0.9999,0.999,0.6311,0.3,0.2997,0.2524,9992.8498,0.4909
25.551,1,NAVIGATE,-0.3549,8.5649,-1.9967,0.2061,0.8495,1.4551,0.1061,0.9495,0.9554,0.0,12.0,3.4534,7.314776420593262,0.773821234703064,99.22,0,1,180,1.724,1.0,1.0,0.6369,0.3,0.3,0.2548,9993.5769,0.499
25.601,1,NAVIGATE,-0.3447,8.6018,-1.9991,0.2025,0.8568,1.4561,0.1025,0.9568,0.9623,0.0,12.0,3.4156,7.286787509918213,0.7803935408592224,97.72,0,1,180,1.503,1.0,1.0,0.6415,0.3,0.3,0.2566,9994.1713,0.503
25.651,1,NAVIGATE,-0.3349,8.6387,-2.0013,0.1987,0.8639,1.4572,0.0987,0.9639,0.9689,0.0,12.0,3.378,7.227958679199219,0.7957043051719666,96.96,0,1,180,1.814,1.0,1.0,0.6459,0.3,0.3,0.2584,9994.7555,0.5175
25.701,1,NAVIGATE,-0.3258,8.6833,-2.0028,0.1925,0.8723,1.4584,0.0925,0.9723,0.9767,0.0,12.0,3.3327,7.201107978820801,0.8016881346702576,98.22,0,1,180,1.546,1.0,1.0,0.6511,0.3,0.3,0.2604,9995.4481,0.522
25.752,1,NAVIGATE,-0.3185,8.7204,-2.0039,0.1871,0.8792,1.4594,0.0871,0.9792,0.983,0.0,12.0,3.295,7.17115592956543,0.8077383041381836,96.21,0,1,180,1.913,1.0,1.0,0.6553,0.3,0.3,0.2621,9996.0149,0.528
25.801,1,NAVIGATE,-0.3107,8.7576,-2.0043,0.1819,0.886,1.4606,0.0819,0.986,0.9894,0.0,12.0,3.2572,7.110062122344971,0.8208153247833252,97.22,0,1,180,1.695,0.9999,1.0,0.6595,0.3,0.3,0.2638,9996.5726,0.5389
25.851,1,NAVIGATE,-0.299,8.8026,-2.0029,0.1766,0.8943,1.4622,0.0766,0.9943,0.9972,0.0,12.0,3.2114,7.08348274230957,0.8267127871513367,96.21,0,1,180,1.618,0.9999,1.0,0.6647,0.3,0.3,0.2659,9997.2426,0.5452
25.901,1,NAVIGATE,-0.288,8.8476,-2.0016,0.1712,0.9025,1.4638,0.0712,1.0025,1.005,0.0,12.0,3.1656,7.05545711517334,0.8314573168754578,98.47,0,1,180,1.628,0.9998,1.0,0.6699,0.2999,0.3,0.2679,9997.8753,0.5497
25.951,1,NAVIGATE,-0.2801,8.8854,-2.0001,0.1662,0.9093,1.4652,0.0662,1.0093,1.0115,0.0,12.0,3.1272,6.992902755737305,0.8438917994499207,96.46,0,1,180,1.73,0.9997,1.0,0.6741,0.2999,0.3,0.2697,9998.3228,0.5609
26.001,1,NAVIGATE,-0.2735,8.9235,-1.998,0.1606,0.9163,1.4667,0.0606,1.0163,1.0181,0.0,12.0,3.0886,6.963983535766602,0.8492998480796814,94.71,0,1,180,1.594,0.9996,1.0,0.6785,0.2999,0.3,0.2714,9998.5605,0.5638
26.051,1,NAVIGATE,-0.2659,8.9694,-1.9958,0.1538,0.9246,1.4685,0.0538,1.0246,1.0261,0.0,12.0,3.0422,6.934967041015625,0.8547573089599609,96.46,0,1,180,1.705,0.9994,1.0,0.6836,0.2998,0.3,0.2734,9998.3951,0.568
26.101,1,NAVIGATE,-0.2617,9.0088,-1.9937,0.1475,0.9321,1.4699,0.0475,1.0321,1.0332,0.0,12.0,3.0026,6.871249198913574,0.8662728667259216,97.72,0,1,180,1.822,0.9991,1.0,0.6882,0.2997,0.3,0.2753,9997.9441,0.5781
26.151,1,NAVIGATE,-0.2599,9.0578,-1.9906,0.1389,0.9417,1.4716,0.1389,1.0417,1.0509,0.0,12.0,2.9537,6.842439651489258,0.8712133169174194,99.22,0,1,180,1.824,0.999,1.0,0.6999,0.2997,0.3,0.28,9998.2356,0.6004
26.202,1,NAVIGATE,-0.2578,9.1066,-1.9881,0.1305,0.9511,1.4734,0.1305,1.0511,1.0591,0.0,12.0,2.9049,6.8116774559021,0.8754213452339172,95.71,0,1,180,2.153,0.9994,1.0,0.7057,0.2998,0.3,0.2823,9998.3755,0.6037
26.251,1,NAVIGATE,-0.2544,9.1398,-1.9876,0.1256,0.9574,1.4747,0.1256,1.0574,1.0648,0.0,12.0,2.8715,6.747620582580566,0.8850839734077454,95.21,0,1,180,1.834,0.9996,1.0,0.7096,0.2999,0.3,0.2838,9998.2409,0.6119
26.301,1,NAVIGATE,-0.2485,9.1899,-1.9875,0.1208,0.9668,1.4766,0.1208,1.0668,1.0736,0.0,12.0,2.8211,6.716922283172607,0.8892115354537964,94.21,0,1,180,1.84,0.9997,1.0,0.7155,0.2999,0.3,0.2862,9998.8221,0.6156
26.351,1,NAVIGATE,-0.2427,9.2398,-1.9877,0.1187,0.9759,1.4783,0.1187,1.0759,1.0825,0.0,12.0,2.7709,6.686230659484863,0.8934080600738525,96.21,0,1,180,1.608,0.9998,1.0,0.7215,0.2999,0.3,0.2886,9998.8251,0.6208
26.401,1,NAVIGATE,-0.2419,9.2741,-1.986,0.1174,0.9822,1.4792,0.1174,0.9822,0.9892,0.0,12.0,2.7366,6.651157855987549,0.8977146148681641,95.46,0,1,180,1.756,0.9995,1.0,0.6591,0.2999,0.3,0.2637,9998.588,0.6244
26.451,1,NAVIGATE,-0.2415,9.326,-1.983,0.1162,0.9918,1.4801,0.1162,1.0918,1.0979,0.0,12.0,2.6849,6.58932638168335,0.9063097238540649,95.96,0,1,180,1.702,0.9999,1.0,0.7319,0.3,0.3,0.2927,9998.9435,0.6319
26.502,1,NAVIGATE,-0.2404,9.3776,-1.9806,0.1158,1.0006,1.4808,0.1158,1.1006,1.1067,0.0,12.0,2.6334,6.557534694671631,0.9110116958618164,93.21,0,1,180,2.056,0.9999,1.0,0.7377,0.3,0.3,0.2951,9999.1855,0.6357
26.551,1,NAVIGATE,-0.2404,9.4207,-1.983,0.1152,1.0055,1.4814,0.1152,1.0055,1.0121,0.0,12.0,2.5905,6.521358013153076,0.914688229560852,95.96,0,1,180,1.735,0.9998,1.0,0.6746,0.2999,0.3,0.2698,9998.8234,0.64
26.602,1,NAVIGATE,-0.2397,9.4636,-1.9853,0.1148,1.0109,1.4819,0.1148,1.1109,1.1168,0.0,12.0,2.5477,6.457937240600586,0.9239296317100525,94.71,0,1,180,1.964,1.0,1.0,0.7445,0.3,0.3,0.2978,9998.6846,0.6521
26.652,1,NAVIGATE,-0.2384,9.515,-1.9879,0.1143,1.0181,1.4823,0.1143,1.1181,1.1239,0.0,12.0,2.4964,6.425534248352051,0.9275490045547485,95.21,0,1,180,2.139,1.0,1.0,0.7493,0.3,0.3,0.2997,9999.3401,0.6615
26.702,1,NAVIGATE,-0.2339,9.5597,-1.9942,0.115,1.0235,1.4825,0.115,1.1235,1.1294,0.0,12.0,2.4514,6.389303684234619,0.9328961968421936,95.71,0,1,180,1.729,1.0,1.0,0.7529,0.3,0.3,0.3012,9999.2621,0.6705
26.752,1,NAVIGATE,-0.2285,9.6131,-2.0009,0.1156,1.0306,1.4825,0.1156,0.9306,0.9378,0.0,12.0,2.3978,6.325619697570801,0.9409449696540833,95.46,0,1,180,2.093,0.9996,1.0,0.6249,0.2999,0.3,0.25,9998.6462,0.6836
26.801,1,NAVIGATE,-0.2228,9.6657,-2.0061,0.1162,1.0391,1.4821,0.1162,1.1391,1.145,0.0,12.0,2.3449,6.292709827423096,0.947119414806366,97.47,0,1,180,1.692,1.0,1.0,0.7633,0.3,0.3,0.3053,9999.0758,0.7057
26.852,1,NAVIGATE,-0.2171,9.7077,-2.0076,0.1165,1.0451,1.4817,0.1165,1.1451,1.151,0.0,12.0,2.3026,6.224018573760986,0.9603679776191711,100.22,0,1,180,2.288,1.0,1.0,0.7673,0.3,0.3,0.3069,9999.4907,0.7304
26.901,1,NAVIGATE,-0.2105,9.7581,-2.0091,0.1168,1.0468,1.4813,0.1168,1.1468,1.1527,0.0,12.0,2.2518,6.189717769622803,0.9675589203834534,102.47,0,1,180,1.554,1.0,1.0,0.7684,0.3,0.3,0.3074,9999.0876,0.7437
26.951,1,NAVIGATE,-0.2042,9.7996,-2.0102,0.1173,1.0488,1.481,0.1173,1.1488,1.1548,0.0,12.0,2.2099,6.157081604003906,0.9759358167648315,104.47,0,1,180,1.824,1.0,1.0,0.7698,0.3,0.3,0.3079,9998.6355,0.7658
27.001,1,NAVIGATE,-0.1954,9.8487,-2.0112,0.1185,1.0529,1.4807,0.1185,1.0529,1.0595,0.0,12.0,2.1602,6.08669376373291,0.9989840388298035,107.97,0,1,180,1.694,0.9998,1.0,0.7062,0.2999,0.3,0.2825,9998.9417,0.7874
27.051,1,NAVIGATE,-0.1883,9.8898,-2.0118,0.1194,1.0578,1.4806,0.1194,1.1578,1.164,0.0,12.0,2.1185,6.052561283111572,1.010249376296997,109.73,0,1,180,1.759,0.9999,1.0,0.7759,0.3,0.3,0.3104,9999.2913,0.813
27.101,1,NAVIGATE,-0.1792,9.9388,-2.0145,0.1207,1.0646,1.4804,0.1207,1.2646,1.2704,0.0,12.0,2.069,6.0205583572387695,1.0234827995300293,111.48,0,1,180,1.862,1.0,1.0,0.8469,0.3,0.3,0.3388,9999.3674,0.8333
27.151,1,NAVIGATE,-0.1711,9.9793,-2.0182,0.1218,1.0687,1.4803,0.1218,1.2687,1.2745,0.0,12.0,2.0279,5.949100494384766,1.055804967880249,114.98,0,1,180,1.821,0.9999,1.0,0.8496,0.3,0.3,0.3399,9999.5189,0.8553
27.201,1,NAVIGATE,-0.1618,10.0284,-2.0221,0.123,1.0742,1.4805,0.123,1.2742,1.2801,0.0,12.0,1.9782,5.9160356521606445,1.071410894393921,116.73,0,1,180,1.853,0.9999,1.0,0.8533,0.3,0.3,0.3413,9999.0235,0.8802
27.251,1,NAVIGATE,-0.1542,10.0803,-2.0215,0.1236,1.0843,1.4808,0.1236,1.1843,1.1907,0.0,12.0,1.9259,5.883148193359375,1.0828680992126465,-107.47,0,1,180,1.604,0.9997,1.0,0.7936,0.2999,0.3,0.3174,9999.189,0.8832
27.301,1,NAVIGATE,-0.1497,10.1159,-2.0198,0.124,1.0931,1.4809,0.124,1.1931,1.1995,0.0,12.0,1.89,5.844169616699219,1.0940316915512085,-109.23,0,1,180,1.846,0.9997,1.0,0.7994,0.2999,0.3,0.3198,9999.1532,0.8947
27.352,1,NAVIGATE,-0.1429,10.1697,-2.0174,0.1244,1.1085,1.4812,0.1244,1.3085,1.3144,0.0,12.0,1.8359,5.776013374328613,1.1173173189163208,-112.98,0,1,180,2.361,0.9999,1.0,0.8761,0.3,0.3,0.3505,9999.5008,0.9424
27.401,1,NAVIGATE,-0.1315,10.2231,-2.0192,0.1264,1.1217,1.4817,0.1264,1.3217,1.3278,0.0,12.0,1.7818,5.742111682891846,1.1276215314865112,-114.48,0,1,180,1.5,0.9998,1.0,0.885,0.2999,0.3,0.354,9998.9629,0.963
27.451,1,NAVIGATE,-0.1218,10.2679,-2.0212,0.1282,1.1314,1.4823,0.1282,1.2314,1.238,0.0,12.0,1.7364,5.702168941497803,1.144853115081787,-116.23,0,1,180,1.873,0.9994,1.0,0.8249,0.2998,0.3,0.33,9999.1551,0.9843
27.501,1,NAVIGATE,-0.1125,10.3131,-2.0228,0.1298,1.1419,1.4829,0.1298,1.3419,1.3481,0.0,12.0,1.6906,5.630403995513916,1.176393985748291,-119.49,0,1,180,1.681,0.9996,1.0,0.8984,0.2999,0.3,0.3593,9998.9685,1.0431
27.551,1,NAVIGATE,-0.1004,10.3674,-2.0254,0.1322,1.1556,1.484,0.1322,1.3556,1.362,0.0,12.0,1.6357,5.595212459564209,1.196567177772522,-121.24,0,1,180,1.753,0.9994,1.0,0.9074,0.2998,0.3,0.363,9999.2761,1.0643
27.601,1,NAVIGATE,-0.0906,10.4131,-2.0273,0.1341,1.1656,1.4851,0.0341,1.3656,1.3661,0.0,12.0,1.5895,5.5531392097473145,1.2163307666778564,-122.74,0,1,180,1.742,0.9995,1.0,0.9102,0.2998,0.3,0.3641,9999.1718,1.1023
27.651,1,NAVIGATE,-0.0798,10.4685,-2.0281,0.1361,1.1787,1.4868,0.0361,1.2787,1.2792,0.0,12.0,1.5335,5.4802680015563965,1.2532711029052734,-125.74,0,1,180,1.649,0.9997,1.0,0.8526,0.2999,0.3,0.341,9999.4754,1.1404
27.702,1,NAVIGATE,-0.0713,10.5247,-2.0243,0.1371,1.1934,1.4886,0.0371,1.1934,1.194,0.0,12.0,1.4771,5.4436187744140625,1.2770591974258423,-127.24,0,1,180,1.983,0.9999,1.0,0.7959,0.3,0.3,0.3183,9999.2875,1.155
27.751,1,NAVIGATE,-0.0644,10.5721,-2.0213,0.136,1.2064,1.4903,0.036,1.2064,1.2069,0.0,12.0,1.4294,5.402268409729004,1.3026647567749023,-128.74,0,1,180,1.622,0.9999,1.0,0.8045,0.3,0.3,0.3218,9999.5541,1.1858
27.802,1,NAVIGATE,-0.0577,10.6201,-2.0189,0.1331,1.2181,1.4923,0.0331,1.1181,1.1186,0.0,12.0,1.3811,5.324219703674316,1.3505104780197144,-131.5,0,1,180,1.614,0.9999,1.0,0.7457,0.3,0.3,0.2983,9999.3694,1.2302
27.851,1,NAVIGATE,-0.0494,10.6784,-2.018,0.128,1.2283,1.4951,0.028,1.3283,1.3286,0.0,12.0,1.3225,5.286161422729492,1.377213954925537,-132.75,0,1,180,1.584,0.9999,1.0,0.8856,0.3,0.3,0.3542,9999.7291,1.0043
27.902,1,NAVIGATE,-0.043,10.7274,-2.0174,0.1227,1.2331,1.4976,0.0227,1.2331,1.2333,0.0,12.0,1.2733,5.242308139801025,1.4045578241348267,-134.25,0,1,180,1.715,0.9999,1.0,0.8221,0.3,0.3,0.3288,9999.5452,1.2469
27.951,1,NAVIGATE,-0.0371,10.7872,-2.0171,0.1152,1.2338,1.5005,0.0152,1.2338,1.2338,0.0,12.0,1.2134,5.162758827209473,1.4901340007781982,-135.0,0,1,180,1.781,0.9998,1.0,0.8224,0.3,0.3,0.329,9999.6577,1.1651
28.002,1,NAVIGATE,-0.0341,10.8486,-2.0175,0.107,1.2372,1.5035,0.007,1.1372,1.1372,0.0,12.0,1.1519,5.124324321746826,1.5440194606781006,-135.0,0,1,180,1.913,0.9997,1.0,0.7579,0.2999,0.3,0.3032,9999.6892,1.4139
28.051,1,NAVIGATE,-0.0316,10.8997,-2.0176,0.1003,1.2401,1.506,0.0003,1.1401,1.1401,0.0,12.0,1.1007,5.080656051635742,1.606099009513855,-135.0,0,1,180,1.787,0.9996,1.0,0.7597,0.2999,0.3,0.3039,9999.4504,1.3613
28.101,1,NAVIGATE,-0.0289,10.9495,-2.0192,0.0941,1.2428,1.5089,-0.0059,1.0428,1.0428,0.0,12.0,1.0509,5.001845836639404,1.7168983221054077,-135.0,0,1,180,1.779,0.9995,1.0,0.6948,0.2998,0.3,0.2779,9999.637,1.5749
28.151,1,NAVIGATE,-0.0255,11.0084,-2.0217,0.0869,1.2432,1.5128,-0.0131,1.2432,1.2433,0.0,12.0,0.992,4.9631147384643555,1.7730896472930908,-135.0,0,1,180,1.75,0.9993,1.0,0.8283,0.2998,0.3,0.3313,9999.3878,0.934
28.202,1,NAVIGATE,-0.0229,11.0575,-2.0233,0.0811,1.2414,1.5163,-0.0189,1.1414,1.1416,0.0,12.0,0.9427,4.91786003112793,1.8338850736618042,-135.0,0,1,180,2.46,0.9992,1.0,0.7604,0.2998,0.3,0.3042,9999.3197,1.1965
28.251,1,NAVIGATE,-0.0199,11.1052,-2.0269,0.0756,1.2351,1.5197,-0.0244,1.1351,1.1354,0.0,12.0,0.895,4.8406524658203125,1.947562336921692,-135.0,0,1,180,1.732,0.999,1.0,0.7562,0.2997,0.3,0.3025,9999.3371,1.1369
28.302,1,NAVIGATE,-0.0163,11.1613,-2.0323,0.0692,1.2294,1.5235,0.0692,1.0294,1.0317,0.0,12.0,0.8388,4.802011489868164,2.0031144618988037,-135.0,0,1,180,1.899,0.9989,1.0,0.687,0.2997,0.3,0.2748,9999.3727,1.4181
28.351,1,NAVIGATE,-0.0131,11.2177,-2.0365,0.0625,1.2242,1.5273,0.0625,1.0242,1.0261,0.0,12.0,0.7824,4.757702827453613,2.0665552616119385,-135.0,0,1,180,1.797,0.999,1.0,0.6834,0.2997,0.3,0.2734,9999.2022,1.3887
28.401,1,NAVIGATE,-0.0114,11.2669,-2.0425,0.0562,1.2209,1.5305,0.0562,1.1209,1.1223,0.0,12.0,0.7332,4.681949138641357,2.1812233924865723,-135.0,0,1,180,1.696,0.9994,1.0,0.7477,0.2998,0.3,0.2991,9998.9151,1.0213
28.451,1,NAVIGATE,-0.0098,11.3263,-2.0491,0.0505,1.2141,1.5344,0.0505,1.1141,1.1153,0.0,12.0,0.6738,4.643007755279541,2.2382521629333496,-135.0,0,1,180,1.54,0.9995,1.0,0.7432,0.2999,0.3,0.2973,9999.2623,1.0041
28.502,1,NAVIGATE,-0.0085,11.3754,-2.0536,0.0478,1.2065,1.5374,0.0478,1.0065,1.0076,0.0,12.0,0.6247,4.599087238311768,2.3011510372161865,-135.0,0,1,180,2.2,0.9994,1.0,0.6714,0.2998,0.3,0.2685,9999.2028,1.2824
28.551,1,NAVIGATE,-0.0068,11.4244,-2.0578,0.0467,1.2,1.5402,0.0467,1.0,1.0011,0.0,12.0,0.5756,4.523057460784912,2.4178643226623535,-135.0,0,1,180,1.596,0.9994,1.0,0.667,0.2998,0.3,0.2668,9999.0642,1.2264
28.601,1,NAVIGATE,-0.0049,11.4828,-2.0615,0.0465,1.1937,1.5437,0.0465,0.9937,0.9948,0.0,12.0,0.5172,4.486116409301758,2.4758646488189697,-135.0,0,1,180,1.586,0.9993,1.0,0.6628,0.2998,0.3,0.2651,9998.3671,1.2083
28.701,1,RETURN_HOME,-0.0002,11.5891,-2.0679,0.0478,1.1781,1.5498,0.2478,1.0781,1.1063,0.0,0.0,11.5891,4.368527889251709,2.6525917053222656,-135.0,0,1,180,1.728,-0.9746,1.0,0.3688,-0.2924,0.3,0.1475,0.1551,0.8427
28.751,1,RETURN_HOME,0.0027,11.6464,-2.0708,0.0463,1.1669,1.5513,0.2463,1.0669,1.095,0.0,0.0,11.6464,4.3324127197265625,2.7054543495178223,-135.0,0,1,180,1.622,-0.9744,1.0,0.365,-0.2923,0.3,0.146,0.1537,0.8403
28.801,1,RETURN_HOME,0.0048,11.6941,-2.0694,0.044,1.1589,1.5463,0.244,1.0589,1.0866,0.0,0.0,11.6941,4.290559768676758,2.769174337387085,-135.0,0,1,180,1.811,-0.9746,1.0,0.3622,-0.2924,0.3,0.1449,0.1525,0.8168
28.851,1,RETURN_HOME,0.0066,11.742,-2.0625,0.0432,1.1555,1.5349,0.2432,1.0555,1.0832,0.0,0.0,11.742,4.217009544372559,2.850022554397583,-135.0,0,1,180,1.668,-0.9746,1.0,0.3611,-0.2924,0.3,0.1444,0.152,0.7505
28.902,1,RETURN_HOME,0.0086,11.7991,-2.0511,0.0437,1.1558,1.5133,0.2437,1.0558,1.0836,0.0,0.0,11.7991,4.1806464195251465,2.8734383583068848,-135.0,0,1,180,1.874,-0.9745,1.0,0.3612,-0.2924,0.3,0.1445,0.1521,0.707
28.951,1,RETURN_HOME,0.0112,11.8558,-2.0355,0.0466,1.1591,1.4843,0.2466,1.0591,1.0874,0.0,0.0,11.8558,4.1402812004089355,2.8899776935577393,-135.0,0,1,180,1.795,-0.9742,1.0,0.3625,-0.2922,0.3,0.145,0.1527,0.6457
29.001,1,RETURN_HOME,0.0138,11.9028,-2.0198,0.0515,1.163,1.4548,-0.1485,1.063,1.0733,0.0,0.0,11.9028,4.068706512451172,2.890096664428711,-135.0,0,1,180,1.582,-0.9902,1.0,0.3578,-0.2971,0.3,0.1431,0.146,0.5899
29.051,1,RETURN_HOME,0.0172,11.9594,-2.0,0.0612,1.1684,1.4137,0.2612,0.9684,1.003,0.0,0.0,11.9594,4.033433437347412,2.8810646533966064,-135.0,0,1,180,1.596,-0.9659,1.0,0.3343,-0.2898,0.3,0.1337,0.144,0.8014
29.101,1,RETURN_HOME,0.0208,12.0073,-1.9831,0.0721,1.1721,1.375,0.2721,0.9721,1.0095,0.0,0.0,12.0073,3.992645025253296,2.866321325302124,-135.0,0,1,180,1.679,-0.9635,1.0,0.3365,-0.289,0.3,0.1346,0.1456,0.7449
29.151,1,RETURN_HOME,0.0249,12.0555,-1.9665,0.0787,1.1696,1.3324,0.2787,0.9696,1.0088,0.0,0.0,12.0556,3.92356014251709,2.8307669162750244,-135.0,0,1,180,1.823,-0.9617,1.0,0.3363,-0.2885,0.3,0.1345,0.146,0.6913
29.201,1,RETURN_HOME,0.0301,12.113,-1.9471,0.0903,1.1649,1.277,0.2903,0.9649,1.0077,0.0,0.0,12.113,3.8977315425872803,2.813666582107544,-135.0,0,1,180,1.599,-0.9583,1.0,0.3359,-0.2875,0.3,0.1344,0.1469,0.6534
29.252,1,RETURN_HOME,0.0353,12.1695,-1.9322,0.1049,1.1579,1.2168,0.3049,0.9579,1.0053,0.0,0.0,12.1695,3.8747940063476562,2.7921462059020996,-135.0,0,1,180,2.314,-0.9538,1.0,0.3351,-0.2861,0.3,0.134,0.1479,0.6197
29.301,1,RETURN_HOME,0.04,12.2161,-1.9202,0.1183,1.1507,1.163,0.3183,0.9507,1.0026,0.0,0.0,12.2162,3.851471424102783,2.757467746734619,-135.0,0,1,180,1.656,-0.9493,1.0,0.3342,-0.2848,0.3,0.1337,0.1489,0.5898
29.351,1,RETURN_HOME,0.0464,12.2715,-1.9055,0.1351,1.1406,1.0942,0.3351,0.9406,0.9985,0.0,0.0,12.2716,3.8542320728302,2.7455954551696777,-135.0,0,1,180,1.572,-0.9433,1.0,0.3328,-0.283,0.3,0.1331,0.1502,0.5665
29.401,1,RETURN_HOME,0.0552,12.3143,-1.892,0.1501,1.1299,1.0333,0.3501,0.9299,0.9936,0.0,0.0,12.3145,3.8679983615875244,2.7320873737335205,-135.0,0,1,180,1.529,-0.9374,1.0,0.3312,-0.2812,0.3,0.1325,0.1513,0.549
29.451,1,RETURN_HOME,0.0642,12.357,-1.8784,0.1647,1.119,0.9692,0.3647,0.919,0.9887,0.0,0.0,12.3572,3.9349217414855957,2.7618274688720703,-132.0,0,1,180,1.484,-0.9314,1.0,0.3296,-0.2794,0.3,0.1318,0.1524,0.5425
29.501,1,RETURN_HOME,0.0753,12.4079,-1.8622,0.1816,1.1062,0.8884,0.3816,0.9062,0.9833,0.0,0.0,12.4082,3.9899179935455322,2.789045572280884,-129.49,0,1,180,1.75,-0.924,1.0,0.3278,-0.2772,0.3,0.1311,0.1539,0.5206
29.551,1,RETURN_HOME,0.0883,12.4498,-1.8495,0.1967,1.0957,0.8176,0.3967,0.8957,0.9796,0.0,0.0,12.4501,4.074763298034668,2.8204925060272217,-126.49,0,1,180,1.549,-0.9172,1.0,0.3265,-0.2752,0.3,0.1306,0.1555,0.5027
29.602,1,RETURN_HOME,0.1012,12.4915,-1.8368,0.2115,1.0858,0.7439,0.4115,0.8858,0.9768,0.0,0.0,12.4919,4.298351287841797,2.86967396736145,-120.74,0,1,180,1.671,-0.9103,1.0,0.3256,-0.2731,0.3,0.1302,0.1571,0.5127
29.651,1,RETURN_HOME,0.117,12.5413,-1.8227,0.2293,1.0747,0.6515,0.4293,0.8747,0.9743,0.0,0.0,12.5419,4.456721305847168,2.8948466777801514,-117.73,0,1,180,1.601,-0.9018,1.0,0.3248,-0.2705,0.3,0.1299,0.1594,0.4772
29.702,1,RETURN_HOME,0.1342,12.5914,-1.8146,0.2475,1.0639,0.5549,0.3475,0.8639,0.9312,0.0,0.0,12.5921,4.687196254730225,2.925694704055786,-113.98,0,1,180,1.691,-0.9317,1.0,0.3104,-0.2795,0.3,0.1242,0.1447,0.4758
29.751,1,RETURN_HOME,0.1485,12.6328,-1.8069,0.2632,1.0552,0.4713,0.3632,0.8552,0.9291,0.0,0.0,12.6336,5.277724742889404,2.968487024307251,-107.47,0,1,180,1.651,-0.925,1.0,0.3097,-0.2775,0.3,0.1239,0.1464,0.4839
29.801,1,RETURN_HOME,0.1668,12.6822,-1.7963,0.2829,1.0447,0.3671,0.3829,0.8447,0.9275,0.0,0.0,12.6833,5.704737186431885,2.9892807006835938,-103.97,0,1,180,1.57,-0.9161,1.0,0.3092,-0.2748,0.3,0.1237,0.1488,0.4523
29.851,1,RETURN_HOME,0.1837,12.7232,-1.7864,0.2986,1.0351,0.2772,0.3986,0.8351,0.9253,0.0,0.0,12.7246,6.346982479095459,3.0170247554779053,-99.72,0,1,180,1.618,-0.9086,1.0,0.3084,-0.2726,0.3,0.1234,0.1508,0.4336
29.902,1,RETURN_HOME,0.2005,12.7639,-1.7761,0.313,1.0247,0.1845,0.313,0.8247,0.8821,0.0,0.0,12.7655,7.1333112716674805,3.0391578674316406,-95.96,0,1,180,2.068,-0.9404,1.0,0.294,-0.2821,0.3,0.1176,0.1355,0.4555
29.951,1,RETURN_HOME,0.2197,12.8107,-1.763,0.3289,1.0106,0.0698,0.4289,0.8106,0.9171,0.0,0.0,12.8126,8.502342224121094,3.0774970054626465,-88.21,0,1,180,1.744,-0.8918,1.0,0.3057,-0.2675,0.3,0.1223,0.1547,0.4394
30.001,1,RETURN_HOME,0.235,12.8481,-1.7515,0.3411,0.9977,-0.0288,0.4411,0.7977,0.9115,0.0,0.0,12.8503,8.490483283996582,3.1002886295318604,-83.45,0,1,180,1.54,-0.8838,1.0,0.3038,-0.2651,0.3,0.1215,0.1564,0.4369
30.051,1,RETURN_HOME,0.2505,12.8853,-1.7399,0.3509,0.9842,-0.13,0.4509,0.7842,0.9046,0.0,0.0,12.8877,8.480111122131348,3.1209092140197754,-79.2,0,1,180,1.6,-0.8764,1.0,0.3015,-0.2629,0.3,0.1206,0.1577,0.4276
30.101,1,RETURN_HOME,0.2681,12.9301,-1.7272,0.3629,0.9677,-0.2547,0.4629,0.7677,0.8965,0.0,0.0,12.9329,8.46181583404541,3.157944440841675,-70.44,0,1,180,1.707,-0.8669,1.0,0.2988,-0.2601,0.3,0.1195,0.1595,0.4699
30.152,1,RETURN_HOME,0.285,12.9749,-1.7153,0.3754,0.951,-0.383,0.4754,0.751,0.8888,0.0,0.0,12.978,8.482315063476562,3.170921564102173,104.22,0,1,180,2.066,-0.8565,1.0,0.2963,-0.2569,0.3,0.1185,0.1616,0.4566
30.201,1,RETURN_HOME,0.2997,13.0117,-1.7053,0.3867,0.9358,-0.4921,0.4867,0.7358,0.8822,0.0,0.0,13.0152,8.563467025756836,3.150036573410034,111.48,0,1,180,1.619,-0.8465,1.0,0.2941,-0.254,0.3,0.1176,0.1637,0.4486
30.251,1,RETURN_HOME,0.3182,13.0549,-1.6932,0.4012,0.915,-0.6234,0.6012,0.715,0.9341,0.0,0.0,13.0588,8.946654319763184,3.1110105514526367,119.24,0,1,180,1.646,-0.7808,1.0,0.3114,-0.2343,0.3,0.1245,0.1903,0.4801
30.302,1,RETURN_HOME,0.3343,13.0901,-1.686,0.4135,0.8951,-0.7315,0.6135,0.6951,0.9271,0.0,0.0,13.0943,9.309667587280273,3.08849835395813,124.74,0,1,180,2.027,-0.7664,1.0,0.309,-0.2299,0.3,0.1236,0.1937,0.502
30.351,1,RETURN_HOME,0.3509,13.1245,-1.6828,0.4249,0.8743,-0.8371,0.6249,0.6743,0.9194,0.0,0.0,13.1292,9.737454414367676,3.0698089599609375,131.5,0,1,180,1.841,-0.7514,1.0,0.3065,-0.2254,0.3,0.1226,0.1972,0.5073
30.402,1,RETURN_HOME,0.3712,13.1626,-1.6838,0.4385,0.8485,-0.9593,0.6385,0.6485,0.9101,0.0,0.0,13.1678,10.956201553344727,3.0399301052093506,135.0,0,1,180,1.985,-0.7321,1.0,0.3034,-0.2196,0.3,0.1214,0.2017,0.6188
30.451,1,RETURN_HOME,0.3921,13.1994,-1.6869,0.4513,0.8242,-1.075,0.6513,0.6242,0.9022,0.0,0.0,13.2053,3.633746862411499,3.0533950328826904,135.0,0,1,180,1.771,-0.7131,1.0,0.3007,-0.2139,0.3,0.1203,0.2064,0.6177
30.502,1,RETURN_HOME,0.41,13.2297,-1.6898,0.4611,0.8057,-1.1657,0.6611,0.6057,0.8967,0.0,0.0,13.236,3.539989471435547,3.0837361812591553,135.0,0,1,180,1.85,-0.6981,1.0,0.2989,-0.2094,0.3,0.1196,0.2101,0.6315
30.551,1,RETURN_HOME,0.4311,13.2631,-1.692,0.4713,0.7833,-1.2672,0.6713,0.5833,0.8893,0.0,0.0,13.2701,3.434333324432373,3.192629814147949,135.0,0,1,180,1.648,-0.68,1.0,0.2964,-0.204,0.3,0.1186,0.2146,0.7336
30.601,1,RETURN_HOME,0.4492,13.2906,-1.6934,0.4796,0.7657,-1.3458,0.6796,0.5657,0.8842,0.0,0.0,13.2981,3.416436195373535,3.277869462966919,135.0,0,1,180,1.563,-0.6653,1.0,0.2947,-0.1996,0.3,0.1179,0.2183,0.7507
30.652,1,RETURN_HOME,0.4677,13.3178,-1.6946,0.4879,0.7491,-1.419,0.6879,0.5491,0.8802,0.0,0.0,13.326,3.437142848968506,3.3701391220092773,135.0,0,1,180,1.858,-0.6509,1.0,0.2934,-0.1953,0.3,0.1174,0.2221,0.7593
30.701,1,RETURN_HOME,0.4972,13.3508,-1.6889,0.5007,0.7299,-1.5,0.7007,0.5299,0.8785,0.0,0.0,13.3601,3.478977680206299,3.478977680206299,0.13,0,1,180,1.578,-0.6324,1.0,0.2928,-0.1897,0.3,0.1171,0.2274,0.8539
30.752,1,RETURN_HOME,0.5216,13.3779,-1.6848,0.5114,0.7145,-1.5621,0.7114,0.5145,0.878,0.0,0.0,13.388,3.503427267074585,3.503427267074585,3.38,0,1,180,1.671,-0.6171,1.0,0.2927,-0.1851,0.3,0.1171,0.2319,0.9295
30.802,1,RETURN_HOME,0.5514,13.4088,-1.6793,0.5243,0.696,-1.63,0.7243,0.496,0.8779,0.0,0.0,13.4202,3.524674415588379,3.524674415588379,6.13,0,1,180,1.789,-0.5984,1.0,0.2926,-0.1795,0.3,0.1171,0.2375,1.0181
30.851,1,RETURN_HOME,0.5772,13.4327,-1.6735,0.5352,0.6799,-1.6812,0.7352,0.4799,0.878,0.0,0.0,13.4451,4.113824367523193,3.5643150806427,10.89,0,1,180,1.491,-0.5821,1.0,0.2927,-0.1746,0.3,0.1171,0.2424,1.3085
30.902,1,RETURN_HOME,0.6079,13.461,-1.6676,0.5481,0.6615,-1.7364,0.7481,0.4615,0.879,0.0,0.0,13.4747,6.3738908767700195,3.485975980758667,-135.0,0,1,180,1.843,-0.5629,1.0,0.293,-0.1689,0.3,0.1172,0.2483,1.4867
30.951,1,RETURN_HOME,0.6323,13.4845,-1.6625,0.5582,0.6476,-1.7773,0.7582,0.4476,0.8805,0.0,0.0,13.4993,4.969245910644531,3.362175226211548,-135.0,0,1,180,1.91,-0.5481,1.0,0.2935,-0.1644,0.3,0.1174,0.253,1.6598
31.002,1,RETURN_HOME,0.6551,13.5081,-1.6568,0.5676,0.6354,-1.8134,0.7676,0.4354,0.8824,0.0,0.0,13.524,4.245462417602539,3.1635403633117676,-135.0,0,1,180,1.776,-0.5349,1.0,0.2941,-0.1605,0.3,0.1177,0.2572,2.0342
31.052,1,RETURN_HOME,0.6828,13.5362,-1.6511,0.5792,0.6212,-1.8508,0.7792,0.4212,0.8858,0.0,0.0,13.5534,4.01364803314209,3.0754268169403076,-135.0,0,1,180,1.758,-0.5192,1.0,0.2953,-0.1558,0.3,0.1181,0.2623,2.2431
31.101,1,RETURN_HOME,0.7065,13.5603,-1.648,0.5894,0.6107,-1.877,0.7894,0.4107,0.8899,0.0,0.0,13.5787,4.034319877624512,3.0083301067352295,-135.0,0,1,180,1.664,-0.5071,1.0,0.2966,-0.1521,0.3,0.1187,0.2665,2.4187
31.152,1,RETURN_HOME,0.7307,13.5847,-1.6459,0.6001,0.6012,-1.8987,0.8001,0.4012,0.895,0.0,0.0,13.6043,4.060805797576904,2.951171636581421,-135.0,0,1,180,1.8,-0.4956,1.0,0.2983,-0.1487,0.3,0.1193,0.2707,2.5835
31.201,1,RETURN_HOME,0.7601,13.6135,-1.6441,0.6134,0.5893,-1.9191,0.8134,0.3893,0.9018,0.0,0.0,13.6347,4.114707946777344,2.8471450805664062,-135.0,0,1,180,1.549,-0.4813,1.0,0.3006,-0.1444,0.3,0.1202,0.2758,2.5873
31.251,1,RETURN_HOME,0.7846,13.6364,-1.6434,0.6241,0.5784,-1.9313,0.8241,0.3784,0.9069,0.0,0.0,13.6589,4.1380462646484375,2.8079898357391357,-135.0,0,1,180,1.545,-0.4688,1.0,0.3023,-0.1406,0.3,0.1209,0.2803,2.545
31.301,1,RETURN_HOME,0.8093,13.6583,-1.6434,0.6346,0.5668,-1.9393,0.8346,0.3668,0.9116,0.0,0.0,13.6823,4.164038181304932,2.7744295597076416,-135.0,0,1,180,1.754,-0.4558,1.0,0.3039,-0.1367,0.3,0.1216,0.2848,2.5129
31.352,1,RETURN_HOME,0.8395,13.6843,-1.6435,0.6474,0.5527,-1.9433,0.8474,0.3527,0.9179,0.0,0.0,13.71,4.214888572692871,2.7160768508911133,-135.0,0,1,180,1.931,-0.4401,1.0,0.306,-0.132,0.3,0.1224,0.2904,2.4567
31.401,1,RETURN_HOME,0.8648,13.7039,-1.6428,0.6582,0.5384,-1.9421,0.8582,0.3384,0.9225,0.0,0.0,13.7312,4.241190433502197,2.6946167945861816,-135.0,0,1,180,1.593,-0.4247,1.0,0.3075,-0.1274,0.3,0.123,0.2956,2.4383
31.451,1,RETURN_HOME,0.8957,13.7257,-1.6417,0.6715,0.519,-1.9354,0.8715,0.319,0.9281,0.0,0.0,13.7549,4.259994983673096,2.6762266159057617,-135.0,0,1,180,1.732,-0.4042,1.0,0.3094,-0.1213,0.3,0.1237,0.3025,2.426
31.502,1,RETURN_HOME,0.922,13.7434,-1.6415,0.6835,0.5028,-1.926,0.8835,0.3028,0.934,0.0,0.0,13.7743,4.310384750366211,2.6505720615386963,-135.0,0,1,180,2.144,-0.3868,1.0,0.3113,-0.116,0.3,0.1245,0.3085,2.4063
31.551,1,RETURN_HOME,0.9483,13.7623,-1.6421,0.6974,0.4881,-1.9136,0.8974,0.2881,0.9426,0.0,0.0,13.7949,4.335543155670166,2.6416144371032715,-135.0,0,1,180,1.591,-0.3704,1.0,0.3142,-0.1111,0.3,0.1257,0.3146,2.4047
31.601,1,RETURN_HOME,0.9809,13.7847,-1.6449,0.7158,0.4706,-1.8954,0.9158,0.2706,0.9549,0.0,0.0,13.8196,4.361615180969238,2.6368260383605957,-135.0,0,1,180,1.506,-0.3507,1.0,0.3183,-0.1052,0.3,0.1273,0.3221,2.4099
31.651,1,RETURN_HOME,1.0088,13.8029,-1.6498,0.7322,0.4554,-1.8781,0.9322,0.2554,0.9665,0.0,0.0,13.8397,4.407338619232178,2.6363484859466553,-135.0,0,1,180,1.654,-0.3338,1.0,0.3222,-0.1001,0.3,0.1289,0.3287,2.213
31.701,1,RETURN_HOME,1.0444,13.8228,-1.6579,0.7532,0.4371,-1.8555,0.9532,0.2371,0.9822,0.0,0.0,13.8622,4.435342311859131,2.6396069526672363,-135.0,0,1,180,1.514,-0.3138,1.0,0.3274,-0.0942,0.3,0.131,0.3368,2.0697
31.751,1,RETURN_HOME,1.075,13.8388,-1.6683,0.7713,0.4213,-1.8356,0.9713,0.2213,0.9962,0.0,0.0,13.8805,4.463825702667236,2.6441781520843506,-135.0,0,1,180,1.553,-0.297,1.0,0.3321,-0.0891,0.3,0.1328,0.3437,1.9447
31.801,1,RETURN_HOME,1.1063,13.8544,-1.6823,0.7891,0.4054,-1.8151,0.9891,0.2054,1.0101,0.0,0.0,13.8985,4.665100574493408,2.6506991386413574,-135.0,0,1,180,1.623,-0.2806,1.0,0.3367,-0.0842,0.3,0.1347,0.3505,1.8485
31.851,1,RETURN_HOME,1.1411,13.8709,-1.703,0.8067,0.387,-1.7903,1.0067,0.187,1.024,0.0,0.0,13.9178,5.16037130355835,2.6777589321136475,-135.0,0,1,180,1.633,-0.2626,1.0,0.3413,-0.0788,0.3,0.1365,0.3578,1.6548
31.901,1,RETURN_HOME,1.1705,13.8841,-1.7223,0.8204,0.3727,-1.7699,1.0204,0.1727,1.0349,0.0,0.0,13.9333,5.427829742431641,2.690350294113159,-135.0,0,1,180,1.651,-0.2491,1.0,0.345,-0.0747,0.3,0.138,0.3633,1.6292
31.951,1,RETURN_HOME,1.207,13.8992,-1.7464,0.8366,0.3562,-1.7461,1.0366,0.1562,1.0483,0.0,0.0,13.9515,6.885833263397217,2.705390691757202,-135.0,0,1,180,1.775,-0.234,1.0,0.3494,-0.0702,0.3,0.1398,0.3696,1.6408
32.001,1,RETURN_HOME,1.2385,13.91,-1.7662,0.8508,0.3404,-1.7272,1.0508,0.1404,1.0601,0.0,0.0,13.965,4.056481838226318,2.7366764545440674,-135.0,0,1,180,1.667,-0.2198,1.0,0.3534,-0.0659,0.3,0.1413,0.3754,1.5844
32.051,1,RETURN_HOME,1.2775,13.9225,-1.7899,0.868,0.3225,-1.7059,1.068,0.1225,1.075,0.0,0.0,13.981,4.067458629608154,2.7525830268859863,-135.0,0,1,180,1.576,-0.2043,1.0,0.3583,-0.0613,0.3,0.1433,0.3821,1.6511
32.101,1,RETURN_HOME,1.3108,13.9326,-1.8093,0.8829,0.3083,-1.6894,1.0829,0.1083,1.0883,0.0,0.0,13.9942,4.076639652252197,2.7697362899780273,-135.0,0,1,180,1.587,-0.1922,1.0,0.3628,-0.0577,0.3,0.1451,0.3874,1.6922
32.151,1,RETURN_HOME,1.3519,13.9442,-1.8319,0.9023,0.2916,-1.6713,1.1023,0.0916,1.1061,0.0,0.0,14.0096,4.09765625,2.800919771194458,-135.0,0,1,180,1.806,-0.1786,1.0,0.3687,-0.0536,0.3,0.1475,0.3939,1.6873
32.201,1,RETURN_HOME,1.387,13.9536,-1.85,0.9184,0.2781,-1.6578,1.1184,0.0781,1.1212,0.0,0.0,14.0224,4.106893062591553,2.8178470134735107,-135.0,0,1,180,1.519,-0.168,1.0,0.3737,-0.0504,0.3,0.1495,0.3991,1.7231
32.251,1,RETURN_HOME,1.4311,13.9659,-1.8737,0.9382,0.2636,-1.6436,1.1382,0.0636,1.14,0.0,0.0,14.039,4.116740703582764,2.831873655319214,-135.0,0,1,180,1.675,-0.1573,1.0,0.38,-0.0472,0.3,0.152,0.4048,1.7702
32.301,1,RETURN_HOME,1.477,13.9789,-1.8985,0.9584,0.2504,-1.6315,1.1584,0.0504,1.1595,0.0,0.0,14.0568,4.134119987487793,2.857104778289795,-135.0,0,1,180,1.715,-0.1482,1.0,0.3865,-0.0445,0.3,0.1546,0.4101,1.7679
32.351,1,RETURN_HOME,1.516,13.9893,-1.9177,0.9748,0.2394,-1.6231,1.1748,0.0394,1.1755,0.0,0.0,14.0712,4.14328670501709,2.8646161556243896,-135.0,0,1,180,1.572,-0.141,1.0,0.3918,-0.0423,0.3,0.1567,0.4144,1.7941
32.401,1,RETURN_HOME,1.5629,14.0008,-1.9367,0.9931,0.2264,-1.6151,1.1931,0.0264,1.1934,0.0,0.0,14.0877,4.1602559089660645,2.8791239261627197,-135.0,0,1,180,1.571,-0.1329,1.0,0.3978,-0.0399,0.3,0.1591,0.4193,1.7919
32.451,1,RETURN_HOME,1.6023,14.0097,-1.9504,1.0078,0.2153,-1.6099,1.2078,0.0153,1.2079,0.0,0.0,14.101,4.167831897735596,2.8803012371063232,-135.0,0,1,180,1.79,-0.1262,1.0,0.4026,-0.0379,0.3,0.1611,0.4232,1.8146
32.501,1,RETURN_HOME,1.6423,14.0182,-1.9632,1.0224,0.204,-1.6063,1.2224,0.004,1.2224,0.0,0.0,14.1141,4.17600154876709,2.8826119899749756,-135.0,0,1,180,1.696,-0.1196,1.0,0.4075,-0.0359,0.3,0.163,0.4271,1.8375
32.551,1,RETURN_HOME,1.6912,14.0275,-1.9785,1.0408,0.1898,-1.6036,1.2408,-0.0102,1.2409,0.0,0.0,14.1291,4.181773662567139,2.8802294731140137,-135.0,0,1,180,1.701,-0.1115,1.0,0.4136,-0.0335,0.3,0.1655,0.432,1.8514
32.601,1,RETURN_HOME,1.7326,14.0347,-1.9906,1.0566,0.1775,-1.6028,1.2566,-0.0225,1.2568,0.0,0.0,14.1413,4.195356369018555,2.87460994720459,-135.0,0,1,180,1.53,-0.1048,1.0,0.4189,-0.0314,0.3,0.1676,0.4361,1.8537
32.651,1,RETURN_HOME,1.7748,14.0415,-2.0017,1.0722,0.1651,-1.6032,1.2722,-0.0349,1.2727,0.0,0.0,14.1532,4.199717044830322,2.8679986000061035,-135.0,0,1,180,1.739,-0.0981,1.0,0.4242,-0.0294,0.3,0.1697,0.4403,1.8686
32.701,1,RETURN_HOME,1.8231,14.0477,-2.0147,1.0888,0.1475,-1.6051,1.2888,-0.0525,1.2899,0.0,0.0,14.1655,4.206502437591553,2.8609654903411865,-135.0,0,1,180,1.559,-0.0882,1.0,0.43,-0.0265,0.3,0.172,0.4455,1.8864
32.751,1,RETURN_HOME,1.8639,14.0521,-2.0246,1.1023,0.1324,-1.6078,1.3023,-0.0676,1.304,0.0,0.0,14.1752,4.2184858322143555,2.838411808013916,-135.0,0,1,180,1.764,-0.0799,1.0,0.4347,-0.024,0.3,0.1739,0.4499,1.899
32.802,1,RETURN_HOME,1.9055,14.0561,-2.0337,1.1158,0.1175,-1.6113,1.3158,-0.0825,1.3184,0.0,0.0,14.1846,4.222994327545166,2.8257431983947754,-135.0,0,1,180,1.756,-0.0721,1.0,0.4395,-0.0216,0.3,0.1758,0.4542,1.9142
32.851,1,RETURN_HOME,1.9588,14.0602,-2.0434,1.1326,0.0998,-1.6165,1.3326,-0.1002,1.3364,0.0,0.0,14.196,4.226958274841309,2.8146016597747803,-135.0,0,1,180,1.578,-0.0633,1.0,0.4455,-0.019,0.3,0.1782,0.4592,1.932
32.901,1,RETURN_HOME,2.0042,14.0631,-2.0506,1.1468,0.0851,-1.6216,1.3468,-0.1149,1.3517,0.0,0.0,14.2052,4.23452091217041,2.7841124534606934,-135.0,0,1,180,1.554,-0.0565,1.0,0.4506,-0.0169,0.3,0.1802,0.4633,1.9521
32.952,1,RETURN_HOME,2.0594,14.066,-2.0583,1.164,0.0679,-1.6284,1.364,-0.1321,1.3703,0.0,0.0,14.2159,4.239681720733643,2.7706246376037598,-135.0,0,1,180,1.837,-0.0488,1.0,0.4568,-0.0146,0.3,0.1827,0.4681,1.9702
33.002,1,RETURN_HOME,2.1115,14.0652,-2.0607,1.1781,0.0488,-1.6358,1.3781,-0.1512,1.3864,0.0,0.0,14.2228,4.241444110870361,2.7546322345733643,-135.0,0,1,180,2.294,-0.0397,1.0,0.4621,-0.0119,0.3,0.1848,0.4729,1.9902
33.052,1,RETURN_HOME,2.1559,14.0642,-2.0625,1.1902,0.0329,-1.6424,1.3902,-0.1671,1.4002,0.0,0.0,14.2285,4.24724817276001,2.719642162322998,-135.0,0,1,180,1.692,-0.0325,1.0,0.4667,-0.0097,0.3,0.1867,0.4769,2.0212
33.101,1,RETURN_HOME,2.2018,14.0628,-2.065,1.203,0.0173,-1.6492,1.403,-0.1827,1.4148,0.0,0.0,14.2341,4.247699737548828,2.7064270973205566,-135.0,0,1,180,1.728,-0.0258,1.0,0.4716,-0.0077,0.3,0.1886,0.4809,2.0382
33.151,1,RETURN_HOME,2.2612,14.0603,-2.0715,1.2202,-0.0012,-1.6576,1.4202,-0.2012,1.4344,0.0,0.0,14.2409,4.250975608825684,2.6910552978515625,-135.0,0,1,180,1.772,-0.0188,1.0,0.4781,-0.0056,0.3,0.1913,0.4856,2.0571
33.201,1,RETURN_HOME,2.3111,14.0578,-2.0764,1.2348,-0.0165,-1.6647,1.4348,-0.2165,1.4511,0.0,0.0,14.2465,4.255767822265625,2.6609456539154053,-135.0,0,1,180,1.551,-0.0132,1.0,0.4837,-0.004,0.3,0.1935,0.4895,1.9977
33.251,1,RETURN_HOME,2.3728,14.0526,-2.0825,1.253,-0.0363,-1.6733,1.453,-0.2363,1.4721,0.0,0.0,14.2515,4.257497787475586,2.649897336959839,-135.0,0,1,180,1.723,-0.0061,1.0,0.4907,-0.0018,0.3,0.1963,0.4945,1.9042
33.301,1,RETURN_HOME,2.4371,14.0435,-2.0894,1.2722,-0.0592,-1.6819,1.4722,-0.2592,1.4949,0.0,0.0,14.2534,4.259708881378174,2.6360926628112793,-135.0,0,1,180,1.666,0.0024,1.0,0.4983,0.0007,0.3,0.1993,0.5,1.8041
33.351,1,RETURN_HOME,2.491,14.0357,-2.0944,1.288,-0.0777,-1.689,1.388,-0.2777,1.4155,0.0,0.0,14.255,4.26051139831543,2.613603115081787,-135.0,0,1,180,1.678,0.0218,1.0,0.4718,0.0065,0.3,0.1887,0.4953,1.9767
33.401,1,RETURN_HOME,2.5431,14.0273,-2.1028,1.3025,-0.0952,-1.6959,1.4025,-0.2952,1.4332,0.0,0.0,14.256,4.264978885650635,2.6016287803649902,-135.0,0,1,180,1.674,0.0281,1.0,0.4777,0.0084,0.3,0.1911,0.4995,1.8919
33.451,1,RETURN_HOME,2.6048,14.0167,-2.1145,1.3189,-0.1154,-1.7039,1.4189,-0.3154,1.4535,0.0,0.0,14.2567,4.267049789428711,2.591655731201172,-135.0,0,1,180,1.568,0.035,1.0,0.4845,0.0105,0.3,0.1938,0.5043,1.8014
33.501,1,RETURN_HOME,2.6569,14.0077,-2.1227,1.3309,-0.1319,-1.7103,1.4309,-0.3319,1.4689,0.0,0.0,14.2575,4.27097225189209,2.5743699073791504,-135.0,0,1,180,1.73,0.0404,1.0,0.4896,0.0121,0.3,0.1958,0.508,1.6793
33.551,1,RETURN_HOME,2.7195,13.9986,-2.1278,1.343,-0.1492,-1.7178,1.443,-0.3492,1.4846,0.0,0.0,14.2603,4.27215051651001,2.568289041519165,-135.0,0,1,180,1.678,0.0455,1.0,0.4949,0.0137,0.3,0.1979,0.5116,1.5975
33.601,1,RETURN_HOME,2.7825,13.9901,-2.1301,1.3534,-0.1653,-1.7251,1.4534,-0.3653,1.4986,0.0,0.0,14.2641,4.275923252105713,2.5599355697631836,-135.0,0,1,180,1.648,0.0499,1.0,0.4995,0.015,0.3,0.1998,0.5148,1.5209
33.651,1,RETURN_HOME,2.825,13.9841,-2.1312,1.3598,-0.1763,-1.7298,1.3598,-0.3763,1.4109,0.0,0.0,14.2665,4.28272819519043,2.55029034614563,-135.0,0,1,180,1.78,0.0706,1.0,0.4703,0.0212,0.3,0.1881,0.5093,1.7162
33.702,1,RETURN_HOME,2.8883,13.9726,-2.1273,1.3697,-0.1949,-1.7366,1.3697,-0.3949,1.4255,0.0,0.0,14.268,4.285109519958496,2.5466341972351074,-135.0,0,1,180,1.927,0.0768,1.0,0.4752,0.023,0.3,0.1901,0.5131,1.6388
33.751,1,RETURN_HOME,2.9521,13.9597,-2.1213,1.38,-0.2149,-1.7431,1.38,-0.4149,1.441,0.0,0.0,14.2685,4.287689208984375,2.541569232940674,-135.0,0,1,180,1.746,0.0836,1.0,0.4803,0.0251,0.3,0.1921,0.5172,1.5633
33.802,1,RETURN_HOME,3.0059,13.9486,-2.1166,1.3871,-0.2317,-1.7482,1.3871,-0.4317,1.4527,0.0,0.0,14.2688,4.291368007659912,2.541238307952881,-135.0,0,1,180,2.024,0.0893,1.0,0.4842,0.0268,0.3,0.1937,0.5205,1.4949
33.851,1,RETURN_HOME,3.0602,13.935,-2.1094,1.3931,-0.2505,-1.7531,1.3931,-0.4505,1.4642,0.0,0.0,14.2671,4.295984268188477,2.538283109664917,-135.0,0,1,180,1.757,0.0965,1.0,0.4881,0.0289,0.3,0.1952,0.5242,1.3931
33.901,1,RETURN_HOME,3.126,13.9183,-2.1018,1.3989,-0.2728,-1.7587,1.3989,-0.4728,1.4766,0.0,0.0,14.2651,4.301849842071533,2.53586745262146,-135.0,0,1,180,1.568,0.1048,1.0,0.4922,0.0315,0.3,0.1969,0.5283,1.3274
33.951,1,RETURN_HOME,3.1811,13.904,-2.0961,1.4028,-0.291,-1.7632,1.4028,-0.491,1.4862,0.0,0.0,14.2633,4.305277347564697,2.5377609729766846,-135.0,0,1,180,1.274,0.1116,1.0,0.4954,0.0335,0.3,0.1982,0.5316,1.2679
34.001,1,RETURN_HOME,3.2347,13.8906,-2.0908,1.4057,-0.3069,-1.7676,1.4057,-0.5069,1.4943,0.0,0.0,14.2623,4.311920166015625,2.5405750274658203,-135.0,0,1,180,1.09,0.117,1.0,0.4981,0.0351,0.3,0.1992,0.5343,1.1737
34.05,1,RETURN_HOME,3.2997,13.874,-2.0853,1.4091,-0.3257,-1.7726,1.3091,-0.5257,1.4107,0.0,0.0,14.261,4.315131664276123,2.5428404808044434,-135.0,0,1,180,1.088,0.1478,1.0,0.4702,0.0443,0.3,0.1881,0.5324,1.4173
34.101,1,RETURN_HOME,3.3653,13.857,-2.0806,1.413,-0.3446,-1.7774,1.313,-0.5446,1.4214,0.0,0.0,14.2598,4.325656890869141,2.5464346408843994,-135.0,0,1,180,1.135,0.1543,1.0,0.4738,0.0463,0.3,0.1895,0.5358,1.3528
34.151,1,RETURN_HOME,3.4208,13.843,-2.0764,1.4171,-0.3604,-1.7812,1.3171,-0.5604,1.4313,0.0,0.0,14.2594,4.332058429718018,2.5560786724090576,-135.0,0,1,180,1.121,0.1594,1.0,0.4771,0.0478,0.3,0.1908,0.5387,1.2566
34.202,1,RETURN_HOME,3.4878,13.8254,-2.0722,1.4199,-0.3797,-1.7855,1.3199,-0.5797,1.4416,0.0,0.0,14.2585,4.3353657722473145,2.5607011318206787,-135.0,0,1,180,1.803,0.1659,1.0,0.4805,0.0498,0.3,0.1922,0.542,1.202
34.25,1,RETURN_HOME,3.5445,13.8108,-2.0685,1.4208,-0.3949,-1.789,1.3208,-0.5949,1.4486,0.0,0.0,14.2584,4.339390754699707,2.56731915473938,-135.0,0,1,180,1.044,0.1712,1.0,0.4829,0.0513,0.3,0.1931,0.5445,1.1478
34.301,1,RETURN_HOME,3.602,13.7969,-2.0645,1.4206,-0.4089,-1.7924,1.3206,-0.6089,1.4542,0.0,0.0,14.2593,4.3504638671875,2.5813281536102295,-135.0,0,1,180,1.068,0.1758,1.0,0.4847,0.0527,0.3,0.1939,0.5466,1.0614
34.35,1,RETURN_HOME,3.6709,13.7791,-2.0604,1.419,-0.4261,-1.7965,1.219,-0.6261,1.3704,0.0,0.0,14.2598,4.356466770172119,2.5893986225128174,-135.0,0,1,180,1.065,0.2125,1.0,0.4568,0.0637,0.3,0.1827,0.5465,1.314
34.4,1,RETURN_HOME,3.7386,13.7618,-2.0568,1.416,-0.4423,-1.8007,1.216,-0.6423,1.3752,0.0,0.0,14.2606,4.359675407409668,2.595794677734375,-135.0,0,1,180,0.979,0.2189,1.0,0.4584,0.0657,0.3,0.1834,0.549,1.2681
34.451,1,RETURN_HOME,3.7829,13.7505,-2.0546,1.4134,-0.4526,-1.8033,1.2134,-0.6526,1.3778,0.0,0.0,14.2614,4.37068510055542,2.6152327060699463,-135.0,0,1,180,1.134,0.2231,1.0,0.4593,0.0669,0.3,0.1837,0.5506,1.1909
34.501,1,RETURN_HOME,3.8494,13.7325,-2.052,1.4078,-0.4688,-1.8073,1.2078,-0.6688,1.3806,0.0,0.0,14.2619,4.374876499176025,2.6234633922576904,-135.0,0,1,180,1.038,0.2303,1.0,0.4602,0.0691,0.3,0.1841,0.5532,1.1603
34.55,1,RETURN_HOME,3.9178,13.7135,-2.0491,1.4013,-0.4859,-1.8113,1.2013,-0.6859,1.3834,0.0,0.0,14.2622,4.379899978637695,2.6349809169769287,-135.0,0,1,180,1.056,0.2382,1.0,0.4611,0.0715,0.3,0.1844,0.5559,1.1293
34.601,1,RETURN_HOME,3.9753,13.6968,-2.0468,1.3951,-0.5006,-1.8146,1.1951,-0.7006,1.3853,0.0,0.0,14.262,4.394680976867676,2.6559908390045166,-135.0,0,1,180,1.643,0.2452,1.0,0.4618,0.0736,0.3,0.1847,0.5583,1.0633
34.651,1,RETURN_HOME,4.0436,13.6756,-2.0447,1.3864,-0.5187,-1.8187,1.1864,-0.7187,1.3872,0.0,0.0,14.2609,4.402566909790039,2.6671524047851562,-135.0,0,1,180,1.711,0.2543,1.0,0.4624,0.0763,0.3,0.185,0.5613,1.0441
34.701,1,RETURN_HOME,4.0995,13.6589,-2.0405,1.3783,-0.5325,-1.8223,1.1783,-0.7325,1.3874,0.0,0.0,14.2609,4.455324172973633,2.6805005073547363,-135.0,0,1,180,1.631,0.2615,1.0,0.4625,0.0785,0.3,0.185,0.5634,1.0173
34.751,1,RETURN_HOME,4.1549,13.6418,-2.0364,1.3699,-0.5461,-1.8258,1.1699,-0.7461,1.3875,0.0,0.0,14.2605,4.5343499183654785,2.6935949325561523,-135.0,0,1,180,1.661,0.2687,1.0,0.4625,0.0806,0.3,0.185,0.5656,0.9958
34.802,1,RETURN_HOME,4.2209,13.6198,-2.0323,1.3597,-0.5631,-1.8302,1.1597,-0.6631,1.3358,0.0,0.0,14.2589,4.6852264404296875,2.719228982925415,-135.0,0,1,180,1.835,0.2171,1.0,0.4453,0.0651,0.3,0.1781,0.5433,0.9404
34.851,1,RETURN_HOME,4.2738,13.6007,-2.0325,1.3505,-0.5776,-1.8339,1.1505,-0.6776,1.3352,0.0,0.0,14.2564,4.76641845703125,2.734133005142212,-135.0,0,1,180,1.593,0.2258,1.0,0.4451,0.0678,0.3,0.178,0.5458,0.9208
34.901,1,RETURN_HOME,4.326,13.5806,-2.0335,1.3413,-0.5928,-1.8378,1.1413,-0.6928,1.3351,0.0,0.0,14.253,4.837423801422119,2.7495217323303223,-135.0,0,1,180,1.583,0.2349,1.0,0.445,0.0705,0.3,0.178,0.5485,0.9029
34.951,1,RETURN_HOME,4.3886,13.5553,-2.0349,1.3308,-0.6088,-1.8428,1.1308,-0.6088,1.2843,0.0,0.0,14.2481,4.9761061668396,2.775538206100464,-135.0,0,1,180,1.605,0.1798,1.0,0.4281,0.0539,0.3,0.1712,0.5252,0.8532
35.001,1,RETURN_HOME,4.4483,13.529,-2.0359,1.3185,-0.6223,-1.848,1.1185,-0.6223,1.28,0.0,0.0,14.2416,5.051156997680664,2.794280529022217,-135.0,0,1,180,1.739,0.1889,1.0,0.4267,0.0567,0.3,0.1707,0.5273,0.8365
35.052,1,RETURN_HOME,4.498,13.5063,-2.0367,1.3084,-0.6324,-1.8522,1.1084,-0.6324,1.2762,0.0,0.0,14.2356,5.1155853271484375,2.8074278831481934,-135.0,0,1,180,1.8,0.1957,1.0,0.4254,0.0587,0.3,0.1702,0.5289,0.8198
35.101,1,RETURN_HOME,4.5572,13.4781,-2.0379,1.2967,-0.6413,-1.8574,1.0967,-0.5413,1.223,0.0,0.0,14.2277,5.242619514465332,2.8384828567504883,-135.0,0,1,180,1.558,0.132,1.0,0.4077,0.0396,0.3,0.1631,0.5027,0.779
35.152,1,RETURN_HOME,4.605,13.4534,-2.0395,1.2865,-0.6472,-1.8615,1.0865,-0.5472,1.2165,0.0,0.0,14.2197,5.310729026794434,2.857560634613037,-135.0,0,1,180,1.925,0.1363,1.0,0.4055,0.0409,0.3,0.1622,0.5031,0.762
35.201,1,RETURN_HOME,4.6528,13.4283,-2.0408,1.2763,-0.6523,-1.8655,1.0763,-0.5523,1.2098,0.0,0.0,14.2115,5.37095308303833,2.873525857925415,-135.0,0,1,180,1.631,0.1401,1.0,0.4033,0.042,0.3,0.1613,0.5033,0.7486
35.251,1,RETURN_HOME,4.7104,13.3979,-2.0429,1.2648,-0.6552,-1.8701,1.0648,-0.4552,1.158,0.0,0.0,14.2018,5.485681533813477,2.906094551086426,-135.0,0,1,180,1.625,0.0659,1.0,0.386,0.0198,0.3,0.1544,0.4742,0.7015
35.302,1,RETURN_HOME,4.769,13.3675,-2.0475,1.2543,-0.6553,-1.8744,1.0543,-0.4553,1.1484,0.0,0.0,14.1927,7.9805073738098145,2.9234979152679443,-135.0,0,1,180,1.664,0.0649,1.0,0.3828,0.0195,0.3,0.1531,0.4726,0.6857
35.351,1,RETURN_HOME,4.8178,13.342,-2.0508,1.2455,-0.6546,-1.8779,0.0,0.0,0.0,0.0,0.0,14.1852,7.969567775726318,2.9584357738494873,-135.0,0,0,180,1.59,,,,,,,,
35.401,1,RETURN_HOME,4.8771,13.3105,-2.0526,1.2375,-0.652,-1.8819,0.0,0.0,0.0,0.0,0.0,14.1759,7.968696117401123,2.973989725112915,-135.0,0,0,180,1.651,,,,,,,,
35.451,1,RETURN_HOME,4.9372,13.2783,-2.0535,1.2277,-0.6462,-1.8843,0.0,0.0,0.0,0.0,0.0,14.1664,7.965649127960205,2.991973400115967,-135.0,0,0,180,1.542,,,,,,,,
35.501,1,RETURN_HOME,4.9864,13.2519,-2.0548,1.1996,-0.6314,-1.8862,0.9996,-0.4314,1.0887,0.0,0.0,14.159,7.957612991333008,3.0287728309631348,-135.0,0,1,180,1.853,0.0475,1.0,0.3629,0.0142,0.3,0.1452,0.4594,0.6213
35.551,1,RETURN_HOME,5.0464,13.2191,-2.0558,1.1429,-0.6029,-1.8895,0.9429,-0.7029,1.176,0.0,0.0,14.1496,7.956457614898682,3.05155873298645,-135.0,0,1,180,1.745,0.2724,1.0,0.392,0.0817,0.3,0.1568,0.5385,0.7603
35.601,1,RETURN_HOME,5.0949,13.1924,-2.0562,1.0814,-0.5724,-1.8944,0.8814,-0.7724,1.172,0.0,0.0,14.142,7.9542694091796875,3.0761547088623047,-135.0,0,1,180,1.738,0.3438,1.0,0.3907,0.1032,0.3,0.1563,0.5594,0.9147
35.651,1,RETURN_HOME,5.1406,13.1673,-2.0564,1.0271,-0.5447,-1.8997,0.8271,-0.7447,1.113,0.0,0.0,14.1351,7.9472856521606445,3.101572275161743,-135.0,0,1,180,1.764,0.353,1.0,0.371,0.1059,0.3,0.1484,0.5543,1.0156
35.701,1,RETURN_HOME,5.191,13.1435,-2.0536,0.9775,-0.5223,-1.9061,0.7775,-0.7223,1.0613,0.0,0.0,14.1315,7.947630405426025,3.110590696334839,-135.0,0,1,180,1.605,0.3639,1.0,0.3538,0.1092,0.3,0.1415,0.5507,1.112
35.751,1,RETURN_HOME,5.239,13.1211,-2.0505,0.947,-0.518,-1.9123,0.747,-0.718,1.0361,0.0,0.0,14.1283,7.942183971405029,3.1175785064697266,-135.0,0,1,180,1.686,0.3762,1.0,0.3454,0.1129,0.3,0.1381,0.551,1.1497
35.802,1,RETURN_HOME,5.2702,13.106,-2.0485,0.9352,-0.5235,-1.9161,0.7352,-0.7235,1.0315,0.0,0.0,14.1259,7.944923400878906,3.127500057220459,-135.0,0,1,180,1.787,0.3849,1.0,0.3438,0.1155,0.3,0.1375,0.553,1.1455
35.851,1,RETURN_HOME,5.3152,13.0839,-2.0429,0.9246,-0.5389,-1.9212,0.7246,-0.7389,1.0349,0.0,0.0,14.1223,7.943678379058838,3.1560752391815186,-135.0,0,1,180,1.632,0.3979,1.0,0.345,0.1194,0.3,0.138,0.5574,1.1137
35.901,1,RETURN_HOME,5.3595,13.0609,-2.0374,0.9185,-0.5593,-1.9255,0.7185,-0.7593,1.0454,0.0,0.0,14.1177,7.942813873291016,3.1692535877227783,-135.0,0,1,180,1.65,0.411,1.0,0.3485,0.1233,0.3,0.1394,0.5627,1.0966
35.951,1,RETURN_HOME,5.3961,13.0406,-2.0334,0.914,-0.5776,-1.9286,0.714,-0.7776,1.0557,0.0,0.0,14.1129,7.941571235656738,3.1837098598480225,-135.0,0,1,180,1.885,0.422,1.0,0.3519,0.1266,0.3,0.1408,0.5673,1.0786
36.002,1,RETURN_HOME,5.4328,13.0219,-2.0322,0.9087,-0.5938,-1.9318,0.7087,-0.7938,1.0641,0.0,0.0,14.1098,7.938725471496582,3.211306095123291,-135.0,0,1,180,1.917,0.432,1.0,0.3547,0.1296,0.3,0.1419,0.5715,1.0415
36.051,1,RETURN_HOME,5.4764,12.998,-2.0312,0.9,-0.6123,-1.9359,0.7,-0.8123,1.0723,0.0,0.0,14.1046,7.934316635131836,3.227769374847412,-135.0,0,1,180,1.74,0.4447,1.0,0.3574,0.1334,0.3,0.143,0.5764,1.0288
36.102,1,RETURN_HOME,5.5125,12.9772,-2.0306,0.8909,-0.627,-1.939,0.6909,-0.827,1.0776,0.0,0.0,14.0995,7.9297027587890625,3.2435874938964844,-135.0,0,1,180,1.614,0.4557,1.0,0.3592,0.1367,0.3,0.1437,0.5804,1.0249
36.151,1,RETURN_HOME,5.5562,12.9521,-2.0302,0.8793,-0.6435,-1.9427,0.6793,-0.8435,1.083,0.0,0.0,14.0936,7.921412944793701,3.2744033336639404,-135.0,0,1,180,1.861,0.4685,1.0,0.361,0.1406,0.3,0.1444,0.5849,1.0098
36.201,1,RETURN_HOME,5.592,12.93,-2.0301,0.8685,-0.6571,-1.9459,0.6685,-0.8571,1.0869,0.0,0.0,14.0874,7.91502571105957,3.294268846511841,-135.0,0,1,180,1.765,0.4796,1.0,0.3623,0.1439,0.3,0.1449,0.5888,1.0132
36.252,1,RETURN_HOME,5.6338,12.9033,-2.032,0.855,-0.6731,-1.9497,0.655,-0.8731,1.0914,0.0,0.0,14.0796,7.9104814529418945,3.2909677028656006,111.73,0,1,180,2.163,0.493,1.0,0.3638,0.1479,0.3,0.1455,0.5934,1.0254
36.302,1,RETURN_HOME,5.6673,12.8815,-2.0366,0.8434,-0.686,-1.9529,0.6434,-0.886,1.0949,0.0,0.0,14.0731,7.898853302001953,3.236332416534424,111.23,0,1,180,1.772,0.504,1.0,0.3679,0.1512,0.3,0.1472,0.5984,1.0083
36.351,1,RETURN_HOME,5.7071,12.8539,-2.0414,0.8296,-0.702,-1.9566,0.6296,-0.902,1.1,0.0,0.0,14.0639,7.891845703125,3.2034385204315186,110.73,0,1,180,1.95,0.5172,1.0,0.3792,0.1551,0.3,0.1517,0.6068,1.0165
36.401,1,RETURN_HOME,5.7391,12.8303,-2.0453,0.8178,-0.7152,-1.9599,0.6178,-0.9152,1.1042,0.0,0.0,14.0553,7.885980129241943,3.177008867263794,112.73,0,1,180,1.712,0.5281,1.0,0.3888,0.1584,0.3,0.1555,0.614,1.023
36.451,1,RETURN_HOME,5.7818,12.7967,-2.0506,0.8005,-0.7332,-1.9647,0.6005,-0.9332,1.1097,0.0,0.0,14.0423,7.8726654052734375,3.12508487701416,111.98,0,1,180,1.541,0.5435,1.0,0.4021,0.1631,0.3,0.1608,0.6239,1.02
36.502,1,RETURN_HOME,5.818,12.7662,-2.0543,0.786,-0.7493,-1.9688,0.586,-0.9493,1.1156,0.0,0.0,14.0294,7.863892078399658,3.0953006744384766,112.98,0,1,180,2.36,0.5565,1.0,0.4139,0.1669,0.3,0.1656,0.6325,1.0305
36.552,1,RETURN_HOME,5.8477,12.7398,-2.0611,0.7742,-0.763,-1.9723,0.5742,-0.963,1.1212,0.0,0.0,14.0178,7.847226142883301,3.0431766510009766,113.98,0,1,180,1.928,0.5669,1.0,0.4237,0.1701,0.3,0.1695,0.6396,1.0234
36.601,1,RETURN_HOME,5.883,12.7067,-2.0678,0.7603,-0.7797,-1.9763,0.5603,-0.9797,1.1286,0.0,0.0,14.0025,7.837063789367676,3.0182271003723145,113.48,0,1,180,1.582,0.5792,1.0,0.4358,0.1738,0.3,0.1743,0.6481,1.0367
36.651,1,RETURN_HOME,5.9121,12.6781,-2.0724,0.7487,-0.7941,-1.9794,0.5487,-0.9941,1.1355,0.0,0.0,13.9888,7.8281049728393555,2.9900684356689453,113.23,0,1,180,1.718,0.5892,1.0,0.446,0.1768,0.3,0.1784,0.6552,1.0425
36.701,1,RETURN_HOME,5.951,12.643,-2.0809,0.7374,-0.8109,-1.9834,0.5374,-1.0109,1.1449,0.0,0.0,13.9736,7.809695720672607,2.9387876987457275,114.48,0,1,180,1.707,0.599,1.0,0.4572,0.1797,0.3,0.1829,0.6626,1.035
36.751,1,RETURN_HOME,5.9889,12.6066,-2.0877,0.7257,-0.8282,-1.9873,0.5257,-1.0282,1.1548,0.0,0.0,13.9569,7.79788875579834,2.9164202213287354,113.48,0,1,180,1.666,0.6089,1.0,0.4688,0.1827,0.3,0.1875,0.6702,1.041
36.801,1,RETURN_HOME,6.0198,12.5725,-2.0928,0.7153,-0.8444,-1.9904,0.5153,-1.0444,1.1646,0.0,0.0,13.9393,7.773519515991211,2.8646810054779053,113.98,0,1,180,1.767,0.6178,1.0,0.4796,0.1853,0.3,0.1918,0.6772,1.0314
36.851,1,RETURN_HOME,6.0558,12.5259,-2.0986,0.702,-0.8664,-1.9936,0.502,-1.0664,1.1786,0.0,0.0,13.913,7.764011859893799,2.8418335914611816,112.73,0,1,180,1.713,0.6292,1.0,0.4944,0.1888,0.3,0.1978,0.6865,1.0437
36.901,1,RETURN_HOME,6.0909,12.4789,-2.1027,0.6884,-0.888,-1.9968,0.4884,-1.088,1.1926,0.0,0.0,13.8861,7.753389358520508,2.8200771808624268,114.48,0,1,180,1.587,0.6402,1.0,0.509,0.1921,0.3,0.2036,0.6957,1.0611
36.951,1,RETURN_HOME,6.1196,12.4406,-2.1047,0.677,-0.9051,-1.9997,0.477,-1.1051,1.2037,0.0,0.0,13.8643,7.727640628814697,2.7710156440734863,115.48,0,1,180,1.559,0.6489,1.0,0.5207,0.1947,0.3,0.2083,0.703,1.0518
37.002,1,RETURN_HOME,6.1533,12.3948,-2.1057,0.6633,-0.9249,-2.0033,0.4633,-1.1249,1.2166,0.0,0.0,13.8381,7.713432788848877,2.749295711517334,116.23,0,1,180,1.905,0.6589,1.0,0.5344,0.1977,0.3,0.2138,0.7114,1.0681
37.052,1,RETURN_HOME,6.1862,12.3482,-2.1057,0.6493,-0.9445,-2.0071,0.4493,-1.1445,1.2295,0.0,0.0,13.8111,7.701956272125244,2.727306365966797,115.23,0,1,180,2.206,0.6685,1.0,0.548,0.2006,0.3,0.2192,0.7198,1.0801
37.101,1,RETURN_HOME,6.2122,12.308,-2.1042,0.6373,-0.9612,-2.0102,0.4373,-1.1612,1.2408,0.0,0.0,13.7869,7.671614646911621,2.681419610977173,115.73,0,1,180,1.681,0.6767,1.0,0.5598,0.203,0.3,0.2239,0.7269,1.0758
37.152,1,RETURN_HOME,6.2425,12.2589,-2.1016,0.6227,-0.9814,-2.0139,0.4227,-1.1814,1.2548,0.0,0.0,13.7567,7.658079624176025,2.660402536392212,115.48,0,1,180,2.034,0.6862,1.0,0.574,0.2059,0.3,0.2296,0.7355,1.0968
37.201,1,RETURN_HOME,6.2672,12.2174,-2.099,0.6104,-0.9984,-2.0169,0.4104,-1.1984,1.2667,0.0,0.0,13.7311,7.641297340393066,2.6394736766815186,116.73,0,1,180,1.731,0.6939,1.0,0.586,0.2082,0.3,0.2344,0.7426,1.1147
37.251,1,RETURN_HOME,6.2937,12.1665,-2.1027,0.5945,-1.0188,-2.0204,0.3945,-1.2188,1.281,0.0,0.0,13.698,7.612274646759033,2.5967748165130615,115.48,0,1,180,1.502,0.7035,1.0,0.6008,0.2111,0.3,0.2403,0.7514,1.1255
37.301,1,RETURN_HOME,6.3198,12.1149,-2.1051,0.5787,-1.039,-2.024,0.3787,-1.239,1.2956,0.0,0.0,13.6642,7.594728469848633,2.5772767066955566,114.73,0,1,180,1.55,0.7127,1.0,0.6156,0.2138,0.3,0.2462,0.76,1.151
37.351,1,RETURN_HOME,6.3409,12.0721,-2.1057,0.5656,-1.0554,-2.0269,0.3656,-1.2554,1.3075,0.0,0.0,13.6361,7.560235500335693,2.537182569503784,116.48,0,1,180,1.53,0.72,1.0,0.6276,0.216,0.3,0.251,0.767,1.1557
37.401,1,RETURN_HOME,6.3641,12.0234,-2.1027,0.5497,-1.073,-2.0305,0.3497,-1.273,1.3202,0.0,0.0,13.6038,7.543611526489258,2.5177340507507324,116.48,0,1,180,1.623,0.7283,1.0,0.641,0.2185,0.3,0.2564,0.7749,1.181
37.451,1,RETURN_HOME,6.387,11.9734,-2.0992,0.5339,-1.0912,-2.0337,0.3339,-1.2912,1.3337,0.0,0.0,13.5704,7.526360988616943,2.499495267868042,115.98,0,1,180,1.658,0.7364,1.0,0.6547,0.2209,0.3,0.2619,0.7828,1.208
37.501,1,RETURN_HOME,6.4105,11.9209,-2.0963,0.5187,-1.1105,-2.0367,0.3187,-1.3105,1.3487,0.0,0.0,13.5353,7.488252639770508,2.4612984657287598,116.48,0,1,180,1.581,0.7439,1.0,0.6688,0.2232,0.3,0.2675,0.7907,1.2227
37.551,1,RETURN_HOME,6.4305,11.8754,-2.0942,0.5063,-1.1274,-2.0391,0.3063,-1.3274,1.3623,0.0,0.0,13.5047,7.470059394836426,2.4443304538726807,116.23,0,1,180,1.703,0.7498,1.0,0.681,0.2249,0.3,0.2724,0.7973,1.2404
37.601,1,RETURN_HOME,6.4538,11.8199,-2.0914,0.4914,-1.148,-2.0418,0.2914,-1.348,1.3791,0.0,0.0,13.4671,7.435263633728027,2.4093024730682373,116.98,0,1,180,1.547,0.7566,1.0,0.6956,0.227,0.3,0.2783,0.8052,1.2604
37.651,1,RETURN_HOME,6.4758,11.7643,-2.0893,0.4758,-1.1683,-2.0444,0.2758,-1.3683,1.3958,0.0,0.0,13.4289,7.412954807281494,2.390782594680786,117.48,0,1,180,1.541,0.7635,1.0,0.7104,0.229,0.3,0.2842,0.8132,1.2872
37.701,1,RETURN_HOME,6.4936,11.7172,-2.0873,0.4626,-1.1851,-2.0465,0.2626,-1.3851,1.4098,0.0,0.0,13.3963,7.391970634460449,2.375849723815918,118.23,0,1,180,1.558,0.769,1.0,0.7228,0.2307,0.3,0.2891,0.8198,1.3084
37.751,1,RETURN_HOME,6.5144,11.6599,-2.0847,0.4468,-1.2052,-2.0495,0.2468,-1.4052,1.4267,0.0,0.0,13.3563,7.353120803833008,2.3443915843963623,117.23,0,1,180,1.667,0.7754,1.0,0.7375,0.2326,0.3,0.295,0.8276,1.3312
37.801,1,RETURN_HOME,6.5336,11.6001,-2.0848,0.4304,-1.2263,-2.0529,0.2304,-1.4263,1.4448,0.0,0.0,13.3136,7.328683376312256,2.326820135116577,116.48,0,1,180,1.544,0.7819,1.0,0.7531,0.2346,0.3,0.3012,0.8358,1.3626
37.851,1,RETURN_HOME,6.5492,11.5497,-2.0843,0.4168,-1.2437,-2.0561,0.2168,-1.4437,1.4599,0.0,0.0,13.2773,7.305790424346924,2.3103926181793213,118.73,0,1,180,1.562,0.787,1.0,0.766,0.2361,0.3,0.3064,0.8425,1.3885
37.901,1,RETURN_HOME,6.5672,11.4889,-2.0825,0.4005,-1.2642,-2.06,0.2005,-1.4642,1.4779,0.0,0.0,13.2334,7.262194633483887,2.2844624519348145,118.99,0,1,180,1.646,0.7928,1.0,0.7811,0.2378,0.3,0.3124,0.8503,1.413
37.951,1,RETURN_HOME,6.5844,11.4282,-2.0788,0.3844,-1.2842,-2.0639,0.1844,-1.4842,1.4956,0.0,0.0,13.1893,7.237415790557861,2.267820119857788,119.49,0,1,180,1.615,0.7983,1.0,0.796,0.2395,0.3,0.3184,0.8579,1.4383
38.001,1,RETURN_HOME,6.5982,11.3768,-2.0756,0.3709,-1.3008,-2.0671,0.1709,-1.4,1.4104,0.0,0.0,13.1518,7.213895320892334,2.254356622695923,118.48,0,1,180,1.727,0.7979,1.0,0.7502,0.2394,0.3,0.3001,0.8394,1.4577
38.051,1,RETURN_HOME,6.6171,11.3129,-2.0694,0.3556,-1.3213,-2.071,0.1556,-1.4,1.4086,0.0,0.0,13.106,7.165985584259033,2.2280309200286865,118.48,0,1,180,1.556,0.8021,1.0,0.7533,0.2406,0.3,0.3013,0.842,1.483
38.101,1,RETURN_HOME,6.6343,11.258,-2.0628,0.3433,-1.3386,-2.0741,0.1433,-1.4,1.4073,0.0,0.0,13.0674,7.139963626861572,2.214531660079956,119.99,0,1,180,1.495,0.8054,1.0,0.7556,0.2416,0.3,0.3022,0.8438,1.5034
38.151,1,RETURN_HOME,6.6506,11.2026,-2.0565,0.3309,-1.3541,-2.0771,0.1309,-1.4,1.4061,0.0,0.0,13.028,7.114552021026611,2.202857255935669,119.24,0,1,180,1.837,0.8086,1.0,0.758,0.2426,0.3,0.3032,0.8458,1.5263
38.201,1,RETURN_HOME,6.6718,11.1355,-2.0481,0.3168,-1.3703,-2.0807,0.1168,-1.4,1.4049,0.0,0.0,12.9812,7.0644659996032715,2.1808180809020996,118.99,0,1,180,1.601,0.8121,1.0,0.7606,0.2436,0.3,0.3042,0.8479,1.5501
38.251,1,RETURN_HOME,6.6942,11.0679,-2.0392,0.3029,-1.3841,-2.0845,0.1029,-1.4,1.4038,0.0,0.0,12.9348,7.040453910827637,2.167692184448242,119.49,0,1,180,1.579,0.8154,1.0,0.7631,0.2446,0.3,0.3052,0.8499,1.5767
38.301,1,RETURN_HOME,6.7115,11.0112,-2.0326,0.2909,-1.3938,-2.0876,0.0909,-1.4,1.4029,0.0,0.0,12.8953,6.995761394500732,2.146040439605713,120.24,0,1,180,1.603,0.8184,1.0,0.7654,0.2455,0.3,0.3062,0.8517,1.5987
38.35,1,RETURN_HOME,6.7344,10.9444,-2.0259,0.2771,-1.4031,-2.0914,0.0771,-1.4,1.4021,0.0,0.0,12.8503,6.975783348083496,2.1356093883514404,120.99,0,1,180,1.07,0.8216,1.0,0.768,0.2465,0.3,0.3072,0.8537,1.6253
38.401,1,RETURN_HOME,6.756,10.8774,-2.0201,0.2629,-1.4109,-2.0952,0.0629,-1.4,1.4014,0.0,0.0,12.8048,6.951986789703369,2.1261160373687744,119.99,0,1,180,1.226,0.8249,1.0,0.7707,0.2475,0.3,0.3083,0.8558,1.652
38.451,1,RETURN_HOME,6.7726,10.8213,-2.016,0.2506,-1.4167,-2.0984,0.0506,-1.4,1.4009,0.0,0.0,12.7659,6.918725490570068,2.106900453567505,120.24,0,1,180,1.019,0.828,1.0,0.7733,0.2484,0.3,0.3093,0.8577,1.6783
38.502,1,RETURN_HOME,6.7883,10.7582,-2.0142,0.2338,-1.4212,-2.1027,0.0338,-1.4,1.4004,0.0,0.0,12.7209,6.903061866760254,2.0986101627349854,119.99,0,1,180,2.043,0.8326,1.0,0.7773,0.2498,0.3,0.3109,0.8607,1.713
38.55,1,RETURN_HOME,6.8003,10.7049,-2.013,0.2196,-1.4247,-2.1063,0.0196,-1.4,1.4001,0.0,0.0,12.6823,6.891489505767822,2.090092420578003,119.24,0,1,180,1.066,0.8365,1.0,0.7808,0.251,0.3,0.3123,0.8633,1.7436
38.601,1,RETURN_HOME,6.8114,10.6511,-2.0119,0.2055,-1.4282,-2.1098,0.0055,-1.4,1.4,0.0,0.0,12.6428,6.874581813812256,2.075014352798462,119.74,0,1,180,1.148,0.8404,1.0,0.7843,0.2521,0.3,0.3137,0.8658,1.7734
38.651,1,RETURN_HOME,6.8237,10.5737,-2.0072,0.1849,-1.4333,-2.1141,-0.0151,-1.4,1.4001,0.0,0.0,12.5844,6.865835666656494,2.066946268081665,121.49,0,1,180,1.109,0.846,1.0,0.7897,0.2538,0.3,0.3159,0.8697,1.7727
38.701,1,RETURN_HOME,6.8316,10.5181,-2.0043,0.1704,-1.437,-2.1169,-0.0296,-1.4,1.4003,0.0,0.0,12.5419,6.87528133392334,2.0591676235198975,120.74,0,1,180,1.124,0.8499,1.0,0.7935,0.255,0.3,0.3174,0.8724,1.768
38.751,1,RETURN_HOME,6.8381,10.4622,-2.0024,0.1558,-1.4405,-2.1198,-0.0442,-1.4,1.4007,0.0,0.0,12.4987,7.928448677062988,2.048271417617798,121.24,0,1,180,1.097,0.8539,1.0,0.7974,0.2562,0.3,0.319,0.8751,1.7602
38.801,1,RETURN_HOME,6.8439,10.3949,-2.0015,0.1376,-1.445,-2.1227,-0.0624,-1.4,1.4014,0.0,0.0,12.4456,7.887391090393066,2.041191577911377,120.99,0,1,180,1.29,0.8589,1.0,0.8024,0.2577,0.3,0.321,0.8786,1.7586
38.851,1,RETURN_HOME,6.849,10.3271,-2.0008,0.1197,-1.4492,-2.1255,-0.0803,-1.4,1.4023,0.0,0.0,12.3918,7.841061115264893,2.036292314529419,122.24,0,1,180,1.139,0.8637,1.0,0.8074,0.2591,0.3,0.323,0.8821,1.7559
38.9,1,RETURN_HOME,6.8538,10.2711,-2.001,0.1052,-1.4519,-2.128,-0.0948,-1.4,1.4032,0.0,0.0,12.3479,7.757631778717041,2.0277297496795654,121.74,0,1,180,0.995,0.8674,1.0,0.8114,0.2602,0.3,0.3246,0.8848,1.7498
38.95,1,RETURN_HOME,6.8597,10.2043,-2.0019,0.0881,-1.4543,-2.1316,-0.1119,-1.4,1.4045,0.0,0.0,12.2956,7.717367649078369,2.0241587162017822,122.99,0,1,180,1.034,0.8717,1.0,0.8162,0.2615,0.3,0.3265,0.888,1.7485
39.001,1,RETURN_HOME,6.8637,10.1482,-2.0026,0.0739,-1.4561,-2.135,-0.1261,-1.4,1.4057,0.0,0.0,12.2514,7.62652063369751,2.016108512878418,123.49,0,1,180,1.106,0.8752,1.0,0.8202,0.2626,0.3,0.3281,0.8907,1.7432
39.05,1,RETURN_HOME,6.8658,10.0796,-2.0029,0.0558,-1.4584,-2.1392,-0.1442,-1.4,1.4074,0.0,0.0,12.1958,7.585554122924805,2.012533187866211,123.99,0,1,180,0.962,0.8798,1.0,0.8255,0.2639,0.3,0.3302,0.8941,1.7439
39.1,1,RETURN_HOME,6.8662,10.0102,-2.003,0.0372,-1.4607,-2.1434,-0.1628,-1.4,1.4094,0.0,0.0,12.1387,7.545384407043457,2.010636568069458,122.24,0,1,180,1.066,0.8845,1.0,0.831,0.2653,0.3,0.3324,0.8978,1.7457
39.151,1,RETURN_HOME,6.8667,9.9408,-2.0026,0.0192,-1.4627,-2.1472,-0.1808,-1.4,1.4116,0.0,0.0,12.0819,7.454423904418945,2.0063393115997314,122.49,0,1,180,1.148,0.8888,1.0,0.8364,0.2666,0.3,0.3346,0.9012,1.7445
39.2,1,RETURN_HOME,6.8697,9.8838,-2.0011,0.0058,-1.4639,-2.1501,-0.1942,-1.4,1.4134,0.0,0.0,12.0367,7.412570953369141,2.0044665336608887,124.49,0,1,180,1.018,0.8918,1.0,0.8403,0.2675,0.3,0.3361,0.9036,1.7458
39.25,1,RETURN_HOME,6.8722,9.815,-1.9995,-0.0104,-1.4652,-2.1533,-0.2104,-1.4,1.4157,0.0,0.0,11.9816,7.3703460693359375,2.003380537033081,123.74,0,1,180,1.014,0.8953,1.0,0.845,0.2686,0.3,0.338,0.9066,1.7482
39.3,1,RETURN_HOME,6.8737,9.7572,-1.9988,-0.0241,-1.4664,-2.1559,-0.2241,-1.4,1.4178,0.0,0.0,11.9352,7.277571201324463,2.0015125274658203,123.74,0,1,180,1.09,0.8983,1.0,0.8491,0.2695,0.3,0.3396,0.9091,1.75
39.35,1,RETURN_HOME,6.8761,9.6866,-2.0005,-0.0404,-1.4679,-2.159,-0.2404,-1.4,1.4205,0.0,0.0,11.879,7.236056804656982,2.001674175262451,124.24,0,1,180,0.962,0.9016,1.0,0.8539,0.2705,0.3,0.3415,0.912,1.7529
39.4,1,RETURN_HOME,6.8771,9.6159,-2.0018,-0.0571,-1.4694,-2.1622,-0.2571,-1.4,1.4234,0.0,0.0,11.8221,7.19387674331665,2.000849962234497,125.24,0,1,180,1.029,0.9051,1.0,0.8589,0.2715,0.3,0.3435,0.9151,1.7557
39.45,1,RETURN_HOME,6.8784,9.5575,-2.0033,-0.0706,-1.4705,-2.1649,-0.2706,-1.4,1.4259,0.0,0.0,11.7754,7.101268291473389,2.003514289855957,124.99,0,1,180,0.986,0.9078,1.0,0.8629,0.2723,0.3,0.3452,0.9175,1.7607
39.501,1,RETURN_HOME,6.8797,9.4876,-2.0052,-0.0867,-1.4718,-2.1685,-0.2867,-1.4,1.429,0.0,0.0,11.7195,7.058554172515869,2.005211114883423,124.24,0,1,180,1.212,0.9109,1.0,0.8678,0.2733,0.3,0.3471,0.9204,1.7664
39.551,1,RETURN_HOME,6.8796,9.4292,-2.0064,-0.1003,-1.4727,-2.1715,-0.3003,-1.4,1.4318,0.0,0.0,11.6722,7.015498638153076,2.0059075355529785,126.24,0,1,180,1.321,0.9135,1.0,0.872,0.274,0.3,0.3488,0.9228,1.7694
39.6,1,RETURN_HOME,6.8772,9.3597,-2.0035,-0.1173,-1.4733,-2.1747,-0.3173,-1.4,1.4355,0.0,0.0,11.6146,6.921186923980713,2.0119333267211914,123.99,0,1,180,0.993,0.9168,1.0,0.8774,0.275,0.3,0.351,0.926,1.7688
39.651,1,RETURN_HOME,6.8737,9.302,-1.9996,-0.1319,-1.4734,-2.1772,-0.3319,-1.4,1.4388,0.0,0.0,11.5661,6.878527641296387,2.0145206451416016,126.99,0,1,180,1.071,0.9196,1.0,0.8821,0.2759,0.3,0.3528,0.9287,1.7209
39.7,1,RETURN_HOME,6.8686,9.2324,-1.9956,-0.1496,-1.4736,-2.1804,-0.3496,-1.4,1.443,0.0,0.0,11.5072,6.834569454193115,2.018052101135254,124.24,0,1,180,1.058,0.923,1.0,0.888,0.2769,0.3,0.3552,0.9321,1.6721
39.75,1,RETURN_HOME,6.8591,9.1653,-1.9894,-0.1681,-1.4722,-2.1839,-0.3681,-1.4,1.4476,0.0,0.0,11.4477,6.7413105964660645,2.026319742202759,124.99,0,1,180,0.979,0.9267,1.0,0.8943,0.278,0.3,0.3577,0.9357,1.5781
39.801,1,RETURN_HOME,6.8483,9.0981,-1.9837,-0.1868,-1.4707,-2.1877,-0.3868,-1.4,1.4525,0.0,0.0,11.3875,6.69887113571167,2.0299243927001953,125.99,0,1,180,1.031,0.9303,1.0,0.9008,0.2791,0.3,0.3603,0.9394,1.5297
39.85,1,RETURN_HOME,6.8387,9.0415,-1.9801,-0.2026,-1.4699,-2.191,-0.4026,-1.4,1.4567,0.0,0.0,11.3365,6.605017185211182,2.041278839111328,126.49,0,1,180,1.011,0.9332,1.0,0.9063,0.28,0.3,0.3625,0.9425,1.434
39.902,1,RETURN_HOME,6.8252,8.9716,-1.9784,-0.2221,-1.4702,-2.1949,-0.4221,-1.4,1.4622,0.0,0.0,11.2727,6.5600810050964355,2.0471651554107666,126.24,0,1,180,1.564,0.9368,1.0,0.9132,0.281,0.3,0.3653,0.9463,1.3845
39.95,1,RETURN_HOME,6.8136,8.9133,-1.9775,-0.2382,-1.4706,-2.198,-0.4382,-1.4,1.467,0.0,0.0,11.2192,6.517827987670898,2.053549289703369,126.99,0,1,180,1.053,0.9396,1.0,0.9189,0.2819,0.3,0.3676,0.9494,1.3383
40.001,1,RETURN_HOME,6.8007,8.843,-1.9773,-0.2567,-1.4712,-2.2018,-0.4567,-1.4,1.4726,0.0,0.0,11.1557,6.4237542152404785,2.0671472549438477,124.74,0,1,180,1.26,0.9427,1.0,0.9255,0.2828,0.3,0.3702,0.953,1.2407
40.051,1,RETURN_HOME,6.7917,8.7842,-1.9784,-0.2711,-1.4716,-2.2049,-0.4711,-1.4,1.4771,0.0,0.0,11.1036,6.378136157989502,2.074155569076538,126.74,0,1,180,1.318,0.9449,1.0,0.9305,0.2835,0.3,0.3722,0.9556,1.1938
40.101,1,RETURN_HOME,6.78,8.7136,-1.9797,-0.2884,-1.4721,-2.2085,-0.4884,-1.4,1.4827,0.0,0.0,11.0406,6.332717418670654,2.082141876220703,127.74,0,1,180,1.41,0.9475,1.0,0.9366,0.2842,0.3,0.3746,0.9589,1.1454
40.151,1,RETURN_HOME,6.7641,8.6441,-1.9805,-0.307,-1.472,-2.2119,-0.507,-1.3,1.3954,0.0,0.0,10.976,6.236818790435791,2.098411798477173,128.99,0,1,180,1.158,0.9576,1.0,0.8908,0.2873,0.3,0.3563,0.9436,1.3488
40.2,1,RETURN_HOME,6.7492,8.5865,-1.9811,-0.323,-1.4719,-2.2145,-0.523,-1.3,1.4012,0.0,0.0,10.9215,6.191926956176758,2.1084916591644287,127.99,0,1,180,1.016,0.96,1.0,0.8968,0.288,0.3,0.3587,0.9467,1.3019
40.251,1,RETURN_HOME,6.7308,8.5172,-1.9818,-0.342,-1.4717,-2.2179,-0.542,-1.3,1.4085,0.0,0.0,10.8557,6.098738193511963,2.127774953842163,127.74,0,1,180,1.233,0.9628,1.0,0.904,0.2888,0.3,0.3616,0.9504,1.2111
40.301,1,RETURN_HOME,6.7123,8.4586,-1.9832,-0.3588,-1.4698,-2.2206,-0.5588,-1.3,1.415,0.0,0.0,10.7983,6.047667980194092,2.1386306285858154,128.74,0,1,180,1.44,0.9651,1.0,0.9104,0.2895,0.3,0.3642,0.9537,1.1557
40.35,1,RETURN_HOME,6.6891,8.3881,-1.9849,-0.379,-1.4652,-2.2239,-0.579,-1.3,1.4231,0.0,0.0,10.7287,5.9992547035217285,2.1485273838043213,128.99,0,1,180,0.964,0.9679,1.0,0.9182,0.2904,0.3,0.3673,0.9577,1.1066
40.4,1,RETURN_HOME,6.6657,8.318,-1.9866,-0.3989,-1.4586,-2.2274,-0.5989,-1.2,1.3411,0.0,0.0,10.6593,5.907825946807861,2.17012095451355,127.74,0,1,180,1.019,0.9775,1.0,0.874,0.2932,0.3,0.3496,0.9428,1.3135
40.451,1,RETURN_HOME,6.6475,8.2594,-1.9862,-0.4147,-1.4523,-2.2307,-0.6147,-1.2,1.3483,0.0,0.0,10.6022,5.85656213760376,2.1833207607269287,127.74,0,1,180,1.115,0.9792,1.0,0.8801,0.2938,0.3,0.3521,0.9458,1.2626
40.501,1,RETURN_HOME,6.625,8.1895,-1.986,-0.4335,-1.4447,-2.2345,-0.6335,-1.2,1.357,0.0,0.0,10.5337,5.8077263832092285,2.1950783729553223,129.49,0,1,180,1.129,0.9812,1.0,0.8876,0.2943,0.3,0.355,0.9494,1.2129
40.55,1,RETURN_HOME,6.6061,8.1316,-1.9857,-0.449,-1.4366,-2.2374,-0.649,-1.2,1.3643,0.0,0.0,10.4768,5.715351581573486,2.219639778137207,129.24,0,1,180,0.987,0.9827,1.0,0.8938,0.2948,0.3,0.3575,0.9523,1.1228
40.6,1,RETURN_HOME,6.5838,8.063,-1.9849,-0.4674,-1.4255,-2.2406,-0.6674,-1.2,1.3731,0.0,0.0,10.4095,5.665142059326172,2.2349534034729004,130.0,0,1,180,1.017,0.9843,1.0,0.9011,0.2953,0.3,0.3604,0.9557,1.0695
40.651,1,RETURN_HOME,6.5606,7.995,-1.9843,-0.4859,-1.4133,-2.2434,-0.6859,-1.2,1.3822,0.0,0.0,10.3422,5.618537902832031,2.2484209537506104,130.25,0,1,180,1.185,0.9859,1.0,0.9085,0.2958,0.3,0.3634,0.9592,1.0208
40.7,1,RETURN_HOME,6.5403,7.9371,-1.9827,-0.5016,-1.4033,-2.2457,-0.6016,-1.2,1.3424,0.0,0.0,10.2846,5.523192405700684,2.2765161991119385,128.74,0,1,180,0.969,0.9749,1.0,0.8725,0.2925,0.3,0.349,0.9415,0.9335
40.751,1,RETURN_HOME,6.5145,7.8659,-1.979,-0.521,-1.3925,-2.2484,-0.721,-1.1,1.3152,0.0,0.0,10.2133,5.4688239097595215,2.2929491996765137,128.99,0,1,180,1.807,0.9938,1.0,0.8714,0.2981,0.3,0.3486,0.9467,1.1819
40.801,1,RETURN_HOME,6.4924,7.8075,-1.9765,-0.5371,-1.3838,-2.2512,-0.7371,-1.1,1.3241,0.0,0.0,10.1542,5.424193382263184,2.308042526245117,127.99,0,1,180,1.583,0.9947,1.0,0.8781,0.2984,0.3,0.3512,0.9496,1.1344
40.851,1,RETURN_HOME,6.4668,7.7381,-1.9734,-0.5533,-1.374,-2.2543,-0.7533,-1.1,1.3332,0.0,0.0,10.0845,5.33447790145874,2.33917236328125,130.25,0,1,180,1.532,0.9954,1.0,0.8847,0.2986,0.3,0.3539,0.9525,1.0507
40.901,1,RETURN_HOME,6.4418,7.6694,-1.9704,-0.5688,-1.3627,-2.2571,-0.7688,-1.1,1.342,0.0,0.0,10.0158,5.284278392791748,2.3557777404785156,131.0,0,1,180,1.666,0.9961,1.0,0.8912,0.2988,0.3,0.3565,0.9553,1.0021
40.952,1,RETURN_HOME,6.4158,7.6017,-1.9682,-0.5852,-1.3497,-2.2594,-0.6852,-1.1,1.296,0.0,0.0,9.9473,5.189537048339844,2.391174077987671,129.75,0,1,180,1.866,0.9897,1.0,0.855,0.2969,0.3,0.342,0.9389,0.9064
41.001,1,RETURN_HOME,6.3928,7.5323,-1.9655,-0.6013,-1.3368,-2.2615,-0.7013,-1.1,1.3045,0.0,0.0,9.8795,5.1438069343566895,2.4070334434509277,130.25,0,1,180,1.674,0.9907,1.0,0.8616,0.2972,0.3,0.3447,0.9419,0.8633
41.051,1,RETURN_HOME,6.3725,7.4756,-1.9638,-0.6157,-1.3256,-2.2634,-0.6157,-1.1,1.2606,0.0,0.0,9.8231,5.092904567718506,2.4284563064575195,128.99,0,1,180,1.753,0.9809,1.0,0.8244,0.2943,0.3,0.3297,0.924,0.8157
41.101,1,RETURN_HOME,6.3511,7.4196,-1.9626,-0.6291,-1.3142,-2.2653,-0.4291,-1.1,1.1807,0.0,0.0,9.7666,5.002776145935059,2.4642703533172607,130.75,0,1,180,1.656,0.9441,1.0,0.7431,0.2832,0.3,0.2972,0.8805,0.7278
41.152,1,RETURN_HOME,6.3209,7.3553,-1.9647,-0.645,-1.3,-2.2677,0.0,0.0,0.0,0.0,0.0,9.6982,4.958798885345459,2.4830822944641113,130.25,0,0,180,2.429,,,,,,,,
41.202,1,RETURN_HOME,6.2899,7.2919,-1.9669,-0.6571,-1.2876,-2.2704,0.0,0.0,0.0,0.0,0.0,9.6299,4.909273624420166,2.5036606788635254,130.0,0,0,180,1.889,,,,,,,,
41.251,1,RETURN_HOME,6.2623,7.2389,-1.9667,-0.6633,-1.2825,-2.2727,0.0,0.0,0.0,0.0,0.0,9.5718,4.823538780212402,2.5404293537139893,131.25,0,0,180,1.709,,,,,,,,
41.302,1,RETURN_HOME,6.227,7.1755,-1.9646,-0.6523,-1.2504,-2.2753,-0.4523,-1.0504,1.1437,0.0,0.0,9.5007,4.786640644073486,2.557586431503296,130.5,0,1,180,1.912,0.9529,1.0,0.7265,0.2859,0.3,0.2906,0.8765,0.6672
41.351,1,RETURN_HOME,6.1932,7.1147,-1.9642,-0.6223,-1.1875,-2.2778,-0.7223,-0.9875,1.2235,0.0,0.0,9.4327,4.727025508880615,2.5998177528381348,130.0,0,1,180,1.611,0.9964,1.0,0.8127,0.2989,0.3,0.3251,0.924,0.8072
41.401,1,RETURN_HOME,6.1663,7.0673,-1.9658,-0.5886,-1.1189,-2.2791,-0.7886,-0.9189,1.2109,0.0,0.0,9.3792,4.702924728393555,2.620103120803833,130.0,0,1,180,1.545,1.0,1.0,0.8073,0.3,0.3,0.3229,0.9229,0.9893
41.451,1,RETURN_HOME,6.1356,7.0141,-1.9686,-0.5592,-1.0583,-2.2797,-0.7592,-0.9583,1.2226,0.0,0.0,9.3189,4.661059856414795,2.637352228164673,130.25,0,1,180,1.895,0.9988,1.0,0.8141,0.2996,0.3,0.3256,0.9253,0.8354
41.501,1,RETURN_HOME,6.1063,6.9634,-1.9713,-0.5475,-1.0218,-2.2798,-0.7475,-0.9218,1.1868,0.0,0.0,9.2615,4.545049667358398,2.6712088584899902,130.5,0,1,180,1.555,0.9993,1.0,0.7906,0.2998,0.3,0.3162,0.916,0.8444
41.551,1,RETURN_HOME,6.0842,6.924,-1.9713,-0.5489,-1.0037,-2.2801,-0.7489,-0.9037,1.1737,0.0,0.0,9.2173,4.49456787109375,2.6885716915130615,130.0,0,1,180,1.634,0.9996,1.0,0.7821,0.2999,0.3,0.3128,0.9127,0.8553
41.601,1,RETURN_HOME,6.0579,6.8778,-1.9705,-0.5604,-0.9929,-2.2812,-0.7604,-0.8929,1.1728,0.0,0.0,9.1653,4.4513349533081055,2.706644058227539,131.25,0,1,180,1.649,0.9999,1.0,0.7818,0.3,0.3,0.3127,0.9127,0.8432
41.651,1,RETURN_HOME,6.0307,6.832,-1.9688,-0.5784,-0.9881,-2.2828,-0.7784,-0.8881,1.1809,0.0,0.0,9.1129,4.372151851654053,2.7446751594543457,130.5,0,1,180,1.549,1.0,1.0,0.7873,0.3,0.3,0.3149,0.9149,0.7808
41.701,1,RETURN_HOME,6.0014,6.7868,-1.9635,-0.5997,-0.9851,-2.2842,-0.7997,-0.8851,1.1928,0.0,0.0,9.0597,4.337953090667725,2.763035297393799,132.25,0,1,180,1.721,0.9999,1.0,0.7952,0.3,0.3,0.3181,0.9181,0.761
41.752,1,RETURN_HOME,5.9764,6.7492,-1.9598,-0.6176,-0.9824,-2.2856,-0.7176,-0.8824,1.1374,0.0,0.0,9.0149,4.2651824951171875,2.8001413345336914,131.25,0,1,180,1.757,0.9991,1.0,0.7576,0.2997,0.3,0.303,0.9028,0.7082
41.801,1,RETURN_HOME,5.9502,6.7118,-1.9563,-0.6352,-0.979,-2.2872,-0.7352,-0.879,1.1459,0.0,0.0,8.9695,4.231724739074707,2.818250894546509,131.0,0,1,180,1.596,0.9996,1.0,0.7636,0.2999,0.3,0.3055,0.9053,0.6822
41.851,1,RETURN_HOME,5.9155,6.6681,-1.9512,-0.6564,-0.9733,-2.2894,-0.8564,-0.7733,1.1538,0.0,0.0,8.9139,4.196859359741211,2.8373007774353027,132.0,0,1,180,1.477,0.9939,1.0,0.7645,0.2982,0.3,0.3058,0.904,0.9657
41.901,1,RETURN_HOME,5.8862,6.6316,-1.9479,-0.6713,-0.9677,-2.2912,-0.8713,-0.7677,1.1613,0.0,0.0,8.8671,4.163423538208008,2.855952501296997,131.25,0,1,180,1.627,0.9925,1.0,0.7684,0.2977,0.3,0.3074,0.9051,0.9521
41.951,1,RETURN_HOME,5.8523,6.5876,-1.9448,-0.6858,-0.9609,-2.2924,-0.8858,-0.7609,1.1677,0.0,0.0,8.8117,4.090478897094727,2.8959202766418457,131.5,0,1,180,1.612,0.9909,1.0,0.7714,0.2973,0.3,0.3086,0.9059,0.9093
42.001,1,RETURN_HOME,5.8259,6.551,-1.9426,-0.6973,-0.9533,-2.293,-0.8973,-0.7533,1.1716,0.0,0.0,8.7668,4.0582146644592285,2.915642499923706,132.0,0,1,180,1.848,0.9894,1.0,0.7728,0.2968,0.3,0.3091,0.9059,0.9053
42.051,1,RETURN_HOME,5.7933,6.5073,-1.941,-0.7124,-0.942,-2.2936,-0.9124,-0.742,1.176,0.0,0.0,8.7125,4.023827075958252,2.9370267391204834,131.75,0,1,180,1.801,0.9871,1.0,0.7739,0.2961,0.3,0.3096,0.9057,0.9083
42.101,1,RETURN_HOME,5.7671,6.4704,-1.9425,-0.7255,-0.9321,-2.2944,-0.9255,-0.7321,1.1801,0.0,0.0,8.6675,3.952993631362915,2.981905937194824,131.0,0,1,180,1.597,0.985,1.0,0.7749,0.2955,0.3,0.31,0.9054,0.8694
42.151,1,RETURN_HOME,5.7411,6.4334,-1.9457,-0.7393,-0.9218,-2.2953,-0.9393,-0.7218,1.1846,0.0,0.0,8.6225,3.916940212249756,3.004422187805176,131.25,0,1,180,1.87,0.9826,1.0,0.776,0.2948,0.3,0.3104,0.9052,0.8694
42.201,1,RETURN_HOME,5.7085,6.3895,-1.9496,-0.7569,-0.9088,-2.2965,-0.9569,-0.7088,1.1908,0.0,0.0,8.5682,3.884458303451538,3.0268313884735107,132.75,0,1,180,1.555,0.9793,1.0,0.7774,0.2938,0.3,0.311,0.9047,0.8796
42.251,1,RETURN_HOME,5.6774,6.3458,-1.9518,-0.774,-0.8958,-2.2978,-0.974,-0.6958,1.197,0.0,0.0,8.5148,3.815227508544922,3.0746257305145264,132.25,0,1,180,1.497,0.9758,1.0,0.7787,0.2927,0.3,0.3115,0.9042,0.8583
42.301,1,RETURN_HOME,5.6513,6.3097,-1.953,-0.7882,-0.885,-2.2989,-0.9882,-0.685,1.2023,0.0,0.0,8.4705,3.7825002670288086,3.0980889797210693,132.5,0,1,180,1.53,0.9727,1.0,0.7797,0.2918,0.3,0.3119,0.9037,0.8631
42.351,1,RETURN_HOME,5.6184,6.2671,-1.9548,-0.8054,-0.8719,-2.3002,-1.0054,-0.6719,1.2092,0.0,0.0,8.4168,3.748457670211792,3.1223063468933105,132.0,0,1,180,1.574,0.9687,1.0,0.7809,0.2906,0.3,0.3124,0.903,0.8728
42.401,1,RETURN_HOME,5.5868,6.2297,-1.9586,-0.8209,-0.8622,-2.3011,-1.0209,-0.6622,1.2168,0.0,0.0,8.3679,3.6819064617156982,3.1136534214019775,41.41,0,1,180,1.635,0.9653,1.0,0.783,0.2896,0.3,0.3132,0.9028,0.8236
42.451,1,RETURN_HOME,5.548,6.1858,-1.9629,-0.8395,-0.8503,-2.3021,-1.0395,-0.6503,1.2262,0.0,0.0,8.3093,3.651620864868164,3.0860595703125,42.41,0,1,180,1.674,0.9609,1.0,0.7855,0.2883,0.3,0.3142,0.9024,0.7721
42.502,1,RETURN_HOME,5.5084,6.1433,-1.9671,-0.8581,-0.8379,-2.3031,-1.0581,-0.6379,1.2355,0.0,0.0,8.2512,3.584088087081909,3.0284159183502197,41.91,0,1,180,2.158,0.9561,1.0,0.7875,0.2868,0.3,0.315,0.9018,0.7718
42.552,1,RETURN_HOME,5.4756,6.1102,-1.9709,-0.8731,-0.8264,-2.3041,-0.9731,-0.6264,1.1573,0.0,0.0,8.2047,3.553593158721924,2.9998087882995605,41.66,0,1,180,1.813,0.9643,1.0,0.7439,0.2893,0.3,0.2976,0.8869,0.833
42.601,1,RETURN_HOME,5.4352,6.0711,-1.9751,-0.8914,-0.8126,-2.3053,-0.9914,-0.6126,1.1654,0.0,0.0,8.1486,3.5259203910827637,2.972524642944336,42.66,0,1,180,1.592,0.9591,1.0,0.7451,0.2877,0.3,0.298,0.8858,0.806
42.651,1,RETURN_HOME,5.3927,6.0325,-1.9789,-0.9102,-0.7986,-2.3063,-1.0102,-0.5986,1.1742,0.0,0.0,8.0915,3.45969295501709,2.9180049896240234,41.66,0,1,180,1.712,0.9534,1.0,0.7463,0.286,0.3,0.2985,0.8846,0.7706
42.702,1,RETURN_HOME,5.3549,6.0007,-1.9818,-0.9248,-0.7865,-2.3069,-1.0248,-0.5865,1.1807,0.0,0.0,8.0426,3.430152654647827,2.891728639602661,42.41,0,1,180,2.076,0.9485,1.0,0.7466,0.2845,0.3,0.2986,0.8832,0.7409
42.751,1,RETURN_HOME,5.3089,5.9633,-1.985,-0.94,-0.7722,-2.3071,-0.94,-0.5722,1.1004,0.0,0.0,7.9841,3.399343490600586,2.8668694496154785,42.66,0,1,180,1.726,0.9564,1.0,0.7016,0.2869,0.3,0.2806,0.8675,0.8196
42.801,1,RETURN_HOME,5.2704,5.9321,-1.9893,-0.9512,-0.7605,-2.3069,-0.9512,-0.5605,1.1041,0.0,0.0,7.9351,3.340115547180176,2.8125717639923096,42.66,0,1,180,1.513,0.9517,1.0,0.7005,0.2855,0.3,0.2802,0.8657,0.7706
42.851,1,RETURN_HOME,5.2237,5.8951,-1.9953,-0.9638,-0.7467,-2.3067,-0.9638,-0.5467,1.1081,0.0,0.0,7.8765,3.310337781906128,2.78900408744812,41.91,0,1,180,1.579,0.9461,1.0,0.6989,0.2838,0.3,0.2796,0.8634,0.7227
42.901,1,RETURN_HOME,5.1844,5.8649,-1.9997,-0.9721,-0.735,-2.3064,-0.9721,-0.535,1.1096,0.0,0.0,7.8278,3.2800018787384033,2.76375675201416,43.67,0,1,180,1.654,0.9415,1.0,0.6965,0.2824,0.3,0.2786,0.861,0.7198
42.951,1,RETURN_HOME,5.1356,5.8281,-2.0043,-0.98,-0.7214,-2.3061,-0.98,-0.5214,1.1101,0.0,0.0,7.7679,3.2211315631866455,2.7132530212402344,43.42,0,1,180,1.552,0.9361,1.0,0.6928,0.2808,0.3,0.2771,0.8579,0.6715
43.001,1,RETURN_HOME,5.0942,5.7976,-2.0076,-0.9853,-0.7103,-2.3057,-0.9853,-0.5103,1.1096,0.0,0.0,7.7178,3.195218086242676,2.690180540084839,43.16,0,1,180,1.695,0.9316,1.0,0.6892,0.2795,0.3,0.2757,0.8551,0.636
43.051,1,RETURN_HOME,5.0447,5.762,-2.011,-0.9908,-0.6969,-2.3051,-0.8908,-0.5969,1.0723,0.0,0.0,7.6583,3.1688218116760254,2.6671769618988037,42.16,0,1,180,1.805,0.966,1.0,0.6906,0.2898,0.3,0.2762,0.8661,0.5915
43.101,1,RETURN_HOME,5.0027,5.7332,-2.0127,-0.9954,-0.6856,-2.3045,-0.8954,-0.5856,1.0699,0.0,0.0,7.6089,3.1087448596954346,2.618659496307373,42.66,0,1,180,1.922,0.9627,1.0,0.6866,0.2888,0.3,0.2746,0.8634,0.5754
43.151,1,RETURN_HOME,4.9521,5.6994,-2.0142,-1.0012,-0.6717,-2.3038,-0.9012,-0.5717,1.0672,0.0,0.0,7.5503,3.0816166400909424,2.596224784851074,42.91,0,1,180,1.806,0.9582,1.0,0.6817,0.2875,0.3,0.2727,0.8602,0.5998
43.202,1,RETURN_HOME,4.9101,5.6719,-2.0151,-1.0045,-0.6616,-2.3033,-0.9045,-0.5616,1.0647,0.0,0.0,7.502,3.0529773235321045,2.5746684074401855,43.67,0,1,180,1.931,0.9548,1.0,0.6777,0.2865,0.3,0.2711,0.8575,0.6073
43.251,1,RETURN_HOME,4.865,5.6398,-2.019,-1.0042,-0.6513,-2.3026,-0.9042,-0.5513,1.0591,0.0,0.0,7.4482,2.9971160888671875,2.527925729751587,42.41,0,1,180,1.565,0.9519,1.0,0.6721,0.2856,0.3,0.2688,0.8544,0.591
43.301,1,RETURN_HOME,4.8195,5.6083,-2.0222,-1.0022,-0.6429,-2.3017,-0.9022,-0.5429,1.0529,0.0,0.0,7.3946,2.9713170528411865,2.5059456825256348,42.41,0,1,180,1.627,0.9495,1.0,0.6665,0.2848,0.3,0.2666,0.8514,0.5973
43.352,1,RETURN_HOME,4.7817,5.5823,-2.0242,-0.9997,-0.6367,-2.3008,-0.8997,-0.5367,1.0476,0.0,0.0,7.3502,2.9443511962890625,2.4860925674438477,44.17,0,1,180,2.274,0.9478,1.0,0.6619,0.2843,0.3,0.2648,0.8491,0.5959
43.402,1,RETURN_HOME,4.7374,5.5509,-2.0252,-0.996,-0.63,-2.2995,-0.896,-0.53,1.041,0.0,0.0,7.2976,2.8876967430114746,2.4405579566955566,41.66,0,1,180,2.049,0.946,1.0,0.6565,0.2838,0.3,0.2626,0.8464,0.5726
43.451,1,RETURN_HOME,4.7002,5.5251,-2.0258,-0.993,-0.6244,-2.2983,-0.893,-0.5244,1.0356,0.0,0.0,7.2539,2.8625659942626953,2.419857978820801,42.91,0,1,180,1.783,0.9444,1.0,0.6521,0.2833,0.3,0.2608,0.8442,0.5678
43.501,1,RETURN_HOME,4.6553,5.4953,-2.0269,-0.9897,-0.617,-2.2967,-0.8897,-0.517,1.029,0.0,0.0,7.2021,2.837106943130493,2.399503231048584,41.16,0,1,180,1.779,0.9422,1.0,0.6464,0.2827,0.3,0.2585,0.8412,0.5707
43.551,1,RETURN_HOME,4.6176,5.4713,-2.028,-0.9871,-0.6102,-2.2953,-0.8871,-0.5102,1.0233,0.0,0.0,7.1594,2.780273199081421,2.356194019317627,41.41,0,1,180,1.807,0.9401,1.0,0.6414,0.282,0.3,0.2565,0.8386,0.5457
43.601,1,RETURN_HOME,4.5797,5.4475,-2.0289,-0.985,-0.6032,-2.2938,-0.885,-0.5032,1.018,0.0,0.0,7.1168,2.755537271499634,2.336531639099121,40.91,0,1,180,1.556,0.9378,1.0,0.6364,0.2813,0.3,0.2546,0.8359,0.5498
43.651,1,RETURN_HOME,4.5341,5.4192,-2.0311,-0.9827,-0.5949,-2.2917,-0.8827,-0.4949,1.012,0.0,0.0,7.0658,2.7303059101104736,2.3168914318084717,40.66,0,1,180,1.757,0.9348,1.0,0.6307,0.2804,0.3,0.2523,0.8327,0.5573
43.701,1,RETURN_HOME,4.496,5.3958,-2.0336,-0.981,-0.588,-2.2898,-0.881,-0.488,1.0072,0.0,0.0,7.0235,2.677774429321289,2.275869846343994,40.91,0,1,180,1.638,0.9322,1.0,0.6259,0.2797,0.3,0.2504,0.83,0.5311
43.751,1,RETURN_HOME,4.4501,5.3681,-2.0361,-0.9791,-0.5798,-2.2875,-0.8791,-0.4798,1.0015,0.0,0.0,6.9728,2.6518137454986572,2.256632089614868,41.66,0,1,180,1.579,0.929,1.0,0.6203,0.2787,0.3,0.2481,0.8268,0.5407
43.801,1,RETURN_HOME,4.4055,5.3413,-2.0333,-0.9766,-0.5717,-2.2851,-0.8766,-0.4717,0.9954,0.0,0.0,6.9237,2.6261191368103027,2.238086700439453,41.41,0,1,180,1.621,0.9259,1.0,0.6144,0.2778,0.3,0.2458,0.8235,0.5494
43.851,1,RETURN_HOME,4.3687,5.3193,-2.0293,-0.9743,-0.565,-2.2831,-0.8743,-0.465,0.9903,0.0,0.0,6.8834,2.574937105178833,2.1978933811187744,40.91,0,1,180,1.547,0.9232,1.0,0.6095,0.277,0.3,0.2438,0.8208,0.5258
43.901,1,RETURN_HOME,4.3243,5.2932,-2.0249,-0.9716,-0.557,-2.2807,-0.8716,-0.457,0.9842,0.0,0.0,6.835,2.550584316253662,2.177248001098633,39.91,0,1,180,1.534,0.9199,1.0,0.6036,0.276,0.3,0.2414,0.8174,0.5321
43.952,1,RETURN_HOME,4.2893,5.2719,-2.0229,-0.9687,-0.5502,-2.2788,-0.8687,-0.4502,0.9784,0.0,0.0,6.7964,2.5022053718566895,2.1419522762298584,40.41,0,1,180,1.976,0.9172,1.0,0.5983,0.2752,0.3,0.2393,0.8145,0.5158
44.002,1,RETURN_HOME,4.2467,5.2466,-2.0206,-0.9654,-0.542,-2.2764,-0.8654,-0.442,0.9717,0.0,0.0,6.75,2.4780256748199463,2.121727466583252,41.91,0,1,180,2.15,0.9138,1.0,0.592,0.2741,0.3,0.2368,0.811,0.5216
44.051,1,RETURN_HOME,4.2031,5.2214,-2.0193,-0.9626,-0.5339,-2.274,-0.8626,-0.4339,0.9656,0.0,0.0,6.7029,2.452326536178589,2.1033596992492676,41.66,0,1,180,1.967,0.9102,1.0,0.5859,0.2731,0.3,0.2344,0.8074,0.5283
44.101,1,RETURN_HOME,4.156,5.1956,-2.0214,-0.961,-0.5265,-2.2715,-0.861,-0.4265,0.9609,0.0,0.0,6.6533,2.4071953296661377,2.068629741668701,-56.93,0,1,180,1.68,0.9064,1.0,0.5806,0.2719,0.3,0.2323,0.8042,0.5125
44.152,1,RETURN_HOME,4.117,5.1743,-2.0228,-0.9597,-0.5203,-2.2693,-0.8597,-0.4203,0.9569,0.0,0.0,6.6123,2.380598545074463,2.038710832595825,-57.93,0,1,180,1.975,0.9031,1.0,0.5761,0.2709,0.3,0.2304,0.8014,0.5132
44.202,1,RETURN_HOME,4.071,5.1496,-2.023,-0.9575,-0.5125,-2.2668,-0.8575,-0.4125,0.9516,0.0,0.0,6.5644,2.3585875034332275,2.0113837718963623,-58.43,0,1,180,2.067,0.8989,1.0,0.5703,0.2697,0.3,0.2281,0.7978,0.5235
44.251,1,RETURN_HOME,4.0265,5.126,-2.0208,-0.9546,-0.504,-2.2641,-0.8546,-0.404,0.9453,0.0,0.0,6.5183,2.314100503921509,1.9598581790924072,-60.18,0,1,180,1.662,0.8946,1.0,0.5638,0.2684,0.3,0.2255,0.7939,0.5087
44.302,1,RETURN_HOME,3.9893,5.1065,-2.0191,-0.9522,-0.4969,-2.2616,-0.8522,-0.3969,0.9401,0.0,0.0,6.48,2.2912728786468506,1.9294906854629517,-60.68,0,1,180,1.696,0.8908,1.0,0.5583,0.2672,0.3,0.2233,0.7905,0.5137
44.351,1,RETURN_HOME,3.9515,5.0891,-2.0206,-0.9499,-0.4891,-2.259,-0.8499,-0.3891,0.9347,0.0,0.0,6.4431,2.2689757347106934,1.9048899412155151,-61.68,0,1,180,1.705,0.8864,1.0,0.5524,0.2659,0.3,0.221,0.7869,0.523
44.401,1,RETURN_HOME,3.9058,5.0698,-2.0243,-0.9473,-0.4794,-2.2559,-0.8473,-0.3794,0.9283,0.0,0.0,6.3998,2.226085662841797,1.8547850847244263,-63.43,0,1,180,1.869,0.8807,1.0,0.5451,0.2642,0.3,0.218,0.7823,0.5192
44.451,1,RETURN_HOME,3.8602,5.0503,-2.0273,-0.9447,-0.4699,-2.2527,-0.9447,-0.3699,1.0145,0.0,0.0,6.3566,2.204976797103882,1.8267393112182617,-63.93,0,1,180,1.629,0.8551,1.0,0.5784,0.2565,0.3,0.2313,0.7879,0.5291
44.501,1,RETURN_HOME,3.8229,5.0352,-2.0285,-0.9421,-0.4612,-2.25,-0.9421,-0.3612,1.009,0.0,0.0,6.322,2.16398549079895,1.7773962020874023,-65.69,0,1,180,1.511,0.8497,1.0,0.5716,0.2549,0.3,0.2286,0.7836,0.521
44.551,1,RETURN_HOME,3.7782,5.0174,-2.0294,-0.9386,-0.4508,-2.2467,-0.9386,-0.3508,1.002,0.0,0.0,6.2809,2.1435866355895996,1.7518750429153442,-66.19,0,1,180,1.622,0.8431,1.0,0.5632,0.2529,0.3,0.2253,0.7782,0.5394
44.601,1,RETURN_HOME,3.7336,4.9995,-2.03,-0.9376,-0.441,-2.2432,-0.9376,-0.341,0.9977,0.0,0.0,6.2398,2.1190145015716553,1.726596474647522,-66.44,0,1,180,1.891,0.8362,1.0,0.5562,0.2509,0.3,0.2225,0.7733,0.5527
44.652,1,RETURN_HOME,3.7041,4.9886,-2.0306,-0.9385,-0.4345,-2.241,-0.9385,-0.3345,0.9963,0.0,0.0,6.2134,2.0997090339660645,1.7026681900024414,-67.94,0,1,180,2.01,0.8311,1.0,0.552,0.2493,0.3,0.2208,0.7701,0.5555
44.701,1,RETURN_HOME,3.6597,4.972,-2.0313,-0.9414,-0.4249,-2.2377,-0.9414,-0.3249,0.9959,0.0,0.0,6.1737,2.0609564781188965,1.6559913158416748,-69.69,0,1,180,1.556,0.8231,1.0,0.5465,0.2469,0.3,0.2186,0.7655,0.5552
44.751,1,RETURN_HOME,3.6146,4.9553,-2.0311,-0.9457,-0.4152,-2.2346,-0.9457,-0.3152,0.9969,0.0,0.0,6.1336,2.0403566360473633,1.6290878057479858,-70.19,0,1,180,1.486,0.8145,1.0,0.5413,0.2444,0.3,0.2165,0.7609,0.5431
44.801,1,RETURN_HOME,3.5752,4.9416,-2.0285,-0.9504,-0.4069,-2.2318,-0.9504,-0.3069,0.9988,0.0,0.0,6.0993,2.003626585006714,1.5825222730636597,-70.94,0,1,180,1.752,0.8067,1.0,0.5372,0.242,0.3,0.2149,0.7569,0.5456
44.851,1,RETURN_HOME,3.5279,4.9251,-2.0256,-0.9561,-0.3969,-2.2283,-0.9561,-0.2969,1.0012,0.0,0.0,6.0583,1.9836169481277466,1.560383915901184,-72.19,0,1,180,1.55,0.7972,1.0,0.5321,0.2392,0.3,0.2128,0.752,0.5332
44.901,1,RETURN_HOME,3.4822,4.9093,-2.0227,-0.9608,-0.3868,-2.2245,-0.9608,-0.2868,1.0027,0.0,0.0,6.0189,1.9635623693466187,1.5354076623916626,-73.19,0,1,180,1.565,0.7877,1.0,0.5265,0.2363,0.3,0.2106,0.7469,0.5181
44.951,1,RETURN_HOME,3.4464,4.897,-2.0202,-0.9634,-0.378,-2.2214,-0.9634,-0.278,1.0027,0.0,0.0,5.9882,1.930222511291504,1.491622805595398,-74.94,0,1,180,1.731,0.7797,1.0,0.5212,0.2339,0.3,0.2085,0.7424,0.5149
45.001,1,RETURN_HOME,3.4029,4.8823,-2.0176,-0.9665,-0.3678,-2.2175,-0.9665,-0.2678,1.0029,0.0,0.0,5.9511,1.9108574390411377,1.469944715499878,-76.2,0,1,180,1.798,0.7701,1.0,0.5149,0.231,0.3,0.206,0.737,0.5056
45.051,1,RETURN_HOME,3.3687,4.8694,-2.0167,-0.9682,-0.3597,-2.2142,-0.9682,-0.2597,1.0024,0.0,0.0,5.9211,1.8916010856628418,1.4443752765655518,-77.2,0,1,180,1.705,0.7626,1.0,0.5096,0.2288,0.3,0.2038,0.7326,0.5025
45.102,1,RETURN_HOME,3.3356,4.8564,-2.0165,-0.9695,-0.3519,-2.2109,-0.9695,-0.2519,1.0017,0.0,0.0,5.8916,1.858449935913086,1.4019871950149536,-80.45,0,1,180,1.727,0.7552,0.9999,0.5044,0.2266,0.3,0.2017,0.7283,0.5033
45.151,1,RETURN_HOME,3.2948,4.841,-2.0163,-0.9715,-0.3426,-2.2068,-0.8715,-0.2426,0.9047,0.0,0.0,5.8558,1.8417503833770752,1.3807766437530518,-79.45,0,1,180,1.835,0.7638,1.0,0.4606,0.2291,0.3,0.1843,0.7134,0.5245
45.201,1,RETURN_HOME,3.2517,4.8259,-2.0179,-0.9746,-0.3337,-2.2029,-0.8746,-0.2337,0.9053,0.0,0.0,5.8191,1.8238658905029297,1.3566842079162598,-81.95,0,1,180,1.8,0.7539,1.0,0.455,0.2262,0.3,0.182,0.7082,0.5151
45.251,1,RETURN_HOME,3.2147,4.8135,-2.0198,-0.9777,-0.3262,-2.1998,-0.8777,-0.2262,0.9064,0.0,0.0,5.7882,1.790258765220642,1.3155012130737305,-82.95,0,1,180,1.754,0.7454,1.0,0.4504,0.2236,0.3,0.1802,0.7038,0.5171
45.301,1,RETURN_HOME,3.1698,4.7989,-2.0217,-0.9792,-0.3169,-2.1961,-0.7792,-0.3169,0.8412,0.0,0.0,5.7513,1.77535080909729,1.2943670749664307,-83.95,0,1,180,1.557,0.8249,1.0,0.4626,0.2475,0.3,0.185,0.7325,0.3639
45.351,1,RETURN_HOME,3.132,4.7891,-2.021,-0.9785,-0.3082,-2.1929,-0.7785,-0.3082,0.8373,0.0,0.0,5.7223,1.7587904930114746,1.2724703550338745,-85.45,0,1,180,1.468,0.817,1.0,0.456,0.2451,0.3,0.1824,0.7275,0.3782
45.401,1,RETURN_HOME,3.0941,4.7798,-2.02,-0.9768,-0.299,-2.1896,-0.7768,-0.299,0.8323,0.0,0.0,5.6939,1.7288546562194824,1.234182357788086,-87.21,0,1,180,1.553,0.8087,1.0,0.4488,0.2426,0.3,0.1795,0.7221,0.3802
45.452,1,RETURN_HOME,3.0486,4.7686,-2.0188,-0.9718,-0.2905,-2.1854,-0.9718,-0.2905,1.0143,0.0,0.0,5.6598,1.7143298387527466,1.2163562774658203,-87.46,0,1,180,1.805,0.7574,1.0,0.5121,0.2272,0.3,0.2049,0.7321,0.5318
45.501,1,RETURN_HOME,3.0108,4.7593,-2.016,-0.9652,-0.2856,-2.1817,-0.9652,-0.2856,1.0065,0.0,0.0,5.6317,1.6970551013946533,1.1956920623779297,-90.21,0,1,180,1.81,0.7525,1.0,0.5049,0.2257,0.3,0.202,0.7277,0.537
45.551,1,RETURN_HOME,2.9657,4.748,-2.013,-0.955,-0.282,-2.1771,-0.755,-0.282,0.8059,0.0,0.0,5.5981,1.6688439846038818,1.160413384437561,-91.71,0,1,180,1.734,0.7931,1.0,0.4261,0.2379,0.3,0.1704,0.7084,0.3877
45.601,1,RETURN_HOME,2.9212,4.7361,-2.0106,-0.9489,-0.2805,-2.172,-0.9489,-0.2805,0.9895,0.0,0.0,5.5645,1.6531974077224731,1.144521713256836,-94.96,0,1,180,1.737,0.7447,1.0,0.4913,0.2234,0.3,0.1965,0.7199,0.4972
45.651,1,RETURN_HOME,2.8861,4.7247,-2.0094,-0.9463,-0.2802,-2.1678,-0.9463,-0.2802,0.9869,0.0,0.0,5.5364,1.6364530324935913,1.1252049207687378,-95.96,0,1,180,1.934,0.7421,1.0,0.4883,0.2226,0.3,0.1953,0.7179,0.4955
45.701,1,RETURN_HOME,2.8508,4.7133,-2.0083,-0.9422,-0.2791,-2.1635,-0.9422,-0.2791,0.9827,0.0,0.0,5.5083,1.6096136569976807,1.093939185142517,-97.22,0,1,180,1.52,0.7393,1.0,0.4843,0.2218,0.3,0.1937,0.7155,0.4832
45.751,1,RETURN_HOME,2.8079,4.6992,-2.0084,-0.9396,-0.2782,-2.1581,-0.9396,-0.2782,0.9799,0.0,0.0,5.4742,1.594752311706543,1.0793675184249878,-98.47,0,1,180,1.686,0.7356,1.0,0.4805,0.2207,0.3,0.1922,0.7129,0.4868
45.802,1,RETURN_HOME,2.7643,4.6846,-2.0106,-0.9397,-0.2775,-2.1525,-0.9397,-0.2775,0.9798,0.0,0.0,5.4394,1.578744888305664,1.0637332201004028,-100.22,0,1,180,1.848,0.7313,1.0,0.4777,0.2194,0.3,0.1911,0.7105,0.4931
45.851,1,RETURN_HOME,2.7351,4.6749,-2.012,-0.9411,-0.2767,-2.1489,-0.9411,-0.2767,0.9809,0.0,0.0,5.4162,1.5514328479766846,1.038382887840271,-104.22,0,1,180,1.687,0.7279,1.0,0.476,0.2184,0.3,0.1904,0.7088,0.4883
45.902,1,RETURN_HOME,2.6919,4.6606,-2.0132,-0.9438,-0.2749,-2.1434,-0.9438,-0.2749,0.983,0.0,0.0,5.3822,1.5367505550384521,1.0261626243591309,-105.72,0,1,180,2.042,0.7224,1.0,0.4734,0.2167,0.3,0.1894,0.7061,0.4934
45.951,1,RETURN_HOME,2.6496,4.6467,-2.0134,-0.9463,-0.2724,-2.1379,-0.9463,-0.2724,0.9848,0.0,0.0,5.3491,1.5222762823104858,1.0141741037368774,-105.97,0,1,180,1.624,0.7163,1.0,0.4703,0.2149,0.3,0.1881,0.703,0.5023
46.001,1,RETURN_HOME,2.614,4.6353,-2.0134,-0.9488,-0.2702,-2.1333,-0.9488,-0.2702,0.9865,0.0,0.0,5.3216,1.5071195363998413,1.004292607307434,-106.47,0,1,180,1.69,0.711,1.0,0.4676,0.2133,0.3,0.187,0.7003,0.5106
46.051,1,RETURN_HOME,2.572,4.6201,-2.014,-0.9512,-0.2679,-2.1277,-0.9512,-0.2679,0.9882,0.0,0.0,5.2878,1.4798341989517212,0.9830686450004578,-109.73,0,1,180,1.813,0.7051,1.0,0.4645,0.2115,0.3,0.1858,0.6973,0.512
46.101,1,RETURN_HOME,2.5306,4.6037,-2.0151,-0.9531,-0.2661,-2.1221,-0.9531,-0.2661,0.9896,0.0,0.0,5.2533,1.466204285621643,0.9739125370979309,-111.73,0,1,180,1.73,0.6996,1.0,0.4616,0.2099,0.3,0.1846,0.6945,0.5152
46.152,1,RETURN_HOME,2.4955,4.5905,-2.0158,-0.9548,-0.2646,-2.1174,-0.9548,-0.2646,0.9908,0.0,0.0,5.2249,1.4389643669128418,0.9568266272544861,-116.73,0,1,180,1.956,0.6949,1.0,0.459,0.2085,0.3,0.1836,0.6921,0.5088
46.202,1,RETURN_HOME,2.4523,4.5731,-2.0152,-0.957,-0.2642,-2.1118,-0.957,-0.2642,0.9928,0.0,0.0,5.1891,1.4259226322174072,0.9507177472114563,-117.48,0,1,180,2.089,0.69,1.0,0.4567,0.207,0.3,0.1827,0.6897,0.4957
46.251,1,RETURN_HOME,2.4159,4.5588,-2.0145,-0.959,-0.2639,-2.1073,-0.859,-0.2639,0.8986,0.0,0.0,5.1594,1.4120206832885742,0.9443570375442505,-120.49,0,1,180,1.742,0.7071,1.0,0.4236,0.2121,0.3,0.1695,0.6816,0.4504
46.302,1,RETURN_HOME,2.3791,4.5449,-2.0138,-0.9611,-0.2635,-2.1027,-0.8611,-0.2635,0.9006,0.0,0.0,5.13,1.3832242488861084,0.9345217943191528,-122.24,0,1,180,2.137,0.7027,1.0,0.4219,0.2108,0.3,0.1687,0.6796,0.4455
46.351,1,RETURN_HOME,2.3353,4.53,-2.011,-0.9637,-0.2625,-2.0975,-0.8637,-0.2625,0.9027,0.0,0.0,5.0966,1.3735122680664062,0.9295192360877991,-124.49,0,1,180,1.709,0.6969,1.0,0.4194,0.2091,0.3,0.1678,0.6768,0.448
46.402,1,RETURN_HOME,2.2912,4.5157,-2.0082,-0.964,-0.261,-2.0922,-0.864,-0.261,0.9026,0.0,0.0,5.0637,1.3590506315231323,0.9251937866210938,-125.99,0,1,180,2.259,0.691,1.0,0.4158,0.2073,0.3,0.1663,0.6736,0.4506
46.451,1,RETURN_HOME,2.2542,4.504,-2.0062,-0.9624,-0.2595,-2.0876,-0.8624,-0.2595,0.9006,0.0,0.0,5.0366,1.3341093063354492,0.9223195910453796,-130.25,0,1,180,1.709,0.6863,1.0,0.412,0.2059,0.3,0.1648,0.6707,0.444
46.501,1,RETURN_HOME,2.2067,4.4901,-1.9989,-0.9602,-0.2585,-2.0819,-0.8602,-0.2585,0.8982,0.0,0.0,5.0031,1.321168303489685,0.9219645857810974,-132.5,0,1,180,1.603,0.6807,1.0,0.4076,0.2042,0.3,0.163,0.6672,0.4481
46.551,1,RETURN_HOME,2.1595,4.4764,-1.9927,-0.9568,-0.2574,-2.076,-0.8568,-0.2574,0.8946,0.0,0.0,4.9701,1.309112787246704,0.9228819012641907,-132.5,0,1,180,2.041,0.6753,1.0,0.4027,0.2026,0.3,0.1611,0.6637,0.4497
46.601,1,RETURN_HOME,2.1278,4.4675,-1.9888,-0.9544,-0.2567,-2.072,-0.7544,-0.2567,0.7969,0.0,0.0,4.9483,1.283992886543274,0.9278312921524048,-134.75,0,1,180,1.562,0.6979,0.8894,0.3707,0.2094,0.2668,0.1483,0.6245,0.3954
46.651,1,RETURN_HOME,2.0703,4.4526,-1.9816,-0.9516,-0.2554,-2.0648,-0.7516,-0.2554,0.7938,0.0,0.0,4.9104,1.2733817100524902,0.9362040758132935,-135.0,0,1,180,1.729,0.6909,0.881,0.3656,0.2073,0.2643,0.1462,0.6178,0.3986
46.701,1,RETURN_HOME,2.0297,4.442,-1.9774,-0.9494,-0.2543,-2.0597,-0.7494,-0.2543,0.7914,0.0,0.0,4.8838,1.2576353549957275,0.9524003267288208,-135.0,0,1,180,2.05,0.6858,0.8681,0.3618,0.2057,0.2604,0.1447,0.6109,0.3998
46.751,1,RETURN_HOME,1.9886,4.431,-1.9727,-0.9457,-0.2532,-2.0545,-0.9457,-0.1532,0.958,0.0,0.0,4.8567,1.2354446649551392,0.9942499995231628,-135.0,0,1,180,1.785,0.5501,1.0,0.3513,0.165,0.3,0.1405,0.6056,0.4766
46.801,1,RETURN_HOME,1.9385,4.4168,-1.9661,-0.9387,-0.2526,-2.0481,-0.9387,-0.1526,0.951,0.0,0.0,4.8235,1.2231038808822632,1.0271596908569336,-135.0,0,1,180,1.613,0.5436,1.0,0.3446,0.1631,0.3,0.1379,0.6009,0.4647
46.851,1,RETURN_HOME,1.8894,4.403,-1.9611,-0.9296,-0.2516,-2.0411,-0.9296,-0.1516,0.9419,0.0,0.0,4.7913,1.208631992340088,1.0852477550506592,-135.0,0,1,180,1.715,0.5371,1.0,0.3373,0.1611,0.3,0.1349,0.5961,0.4551
46.901,1,RETURN_HOME,1.8459,4.3923,-1.9569,-0.9257,-0.2488,-2.035,-0.8257,-0.1488,0.839,0.0,0.0,4.7644,1.1888834238052368,1.1312044858932495,28.4,0,1,180,1.613,0.5448,1.0,0.3048,0.1635,0.3,0.1219,0.5854,0.4895
46.951,1,RETURN_HOME,1.7939,4.3799,-1.9529,-0.9255,-0.2431,-2.0277,-0.9255,-0.1431,0.9365,0.0,0.0,4.733,1.1774564981460571,1.1224002838134766,27.65,0,1,180,1.564,0.516,1.0,0.3221,0.1548,0.3,0.1288,0.5836,0.4465
47.002,1,RETURN_HOME,1.7513,4.3698,-1.9505,-0.9276,-0.2367,-2.0218,-0.7276,-0.2367,0.7651,0.0,0.0,4.7077,1.1648176908493042,1.111670970916748,26.9,0,1,180,1.978,0.6409,0.8476,0.3269,0.1923,0.2543,0.1308,0.5773,0.4108
47.051,1,RETURN_HOME,1.7007,4.3573,-1.9467,-0.9301,-0.2279,-2.0148,-0.7301,-0.2279,0.7649,0.0,0.0,4.6775,1.1423991918563843,1.094623327255249,28.4,0,1,180,1.643,0.6247,0.8744,0.3185,0.1874,0.2623,0.1274,0.5771,0.3807
47.102,1,RETURN_HOME,1.6508,4.3453,-1.9439,-0.9331,-0.2191,-2.0079,-0.7331,-0.2191,0.7652,0.0,0.0,4.6483,1.1332755088806152,1.0863213539123535,25.65,0,1,180,2.108,0.608,0.9117,0.3101,0.1824,0.2735,0.1241,0.5799,0.382
47.152,1,RETURN_HOME,1.6097,4.3356,-1.9425,-0.9324,-0.2137,-2.0023,-0.7324,-0.2137,0.7629,0.0,0.0,4.6248,1.1196622848510742,1.0754324197769165,24.9,0,1,180,2.17,0.5967,0.9166,0.3035,0.179,0.275,0.1214,0.5754,0.3475
47.201,1,RETURN_HOME,1.5699,4.3245,-1.9429,-0.9281,-0.2111,-1.9965,-0.7281,-0.2111,0.7581,0.0,0.0,4.6006,1.1000118255615234,1.0591912269592285,24.15,0,1,180,1.658,0.5895,0.8923,0.2979,0.1769,0.2677,0.1192,0.5637,0.2898
47.251,1,RETURN_HOME,1.523,4.3116,-1.9439,-0.9193,-0.2097,-1.989,-0.7193,-0.2097,0.7492,0.0,0.0,4.5727,1.0905951261520386,1.052917242050171,23.9,0,1,180,1.947,0.5836,0.9131,0.2915,0.1751,0.2739,0.1166,0.5656,0.2995
47.301,1,RETURN_HOME,1.4849,4.3013,-1.946,-0.9098,-0.2091,-1.9825,-0.7098,-0.2091,0.74,0.0,0.0,4.5504,1.079839825630188,1.043031096458435,25.65,0,1,180,1.759,0.5802,0.9037,0.2862,0.174,0.2711,0.1145,0.5596,0.3012
47.351,1,RETURN_HOME,1.4488,4.2916,-1.9513,-0.8991,-0.2083,-1.9756,-0.8991,-0.1083,0.9056,0.0,0.0,4.5295,1.0615270137786865,1.0279924869537354,22.4,0,1,180,1.519,0.4309,1.0,0.3019,0.1293,0.3,0.1207,0.55,0.4415
47.401,1,RETURN_HOME,1.406,4.2802,-1.9573,-0.8855,-0.2075,-1.9669,-0.8855,-0.1075,0.892,0.0,0.0,4.5052,1.0528827905654907,1.0200382471084595,22.4,0,1,180,1.635,0.4243,1.0,0.2973,0.1273,0.3,0.1189,0.5462,0.4451
47.452,1,RETURN_HOME,1.3654,4.2687,-1.9621,-0.8718,-0.2064,-1.9577,-0.6718,-0.2064,0.7027,0.0,0.0,4.4818,1.0419974327087402,1.0126960277557373,23.4,0,1,180,1.86,0.571,0.8945,0.2675,0.1713,0.2684,0.107,0.5466,0.2639
47.502,1,RETURN_HOME,1.3342,4.2589,-1.9643,-0.8636,-0.2035,-1.9497,-0.8636,-0.1035,0.8698,0.0,0.0,4.463,1.0243381261825562,0.9972279071807861,22.15,0,1,180,1.763,0.4104,1.0,0.2899,0.1231,0.3,0.116,0.5391,0.4284
47.551,1,RETURN_HOME,1.2965,4.2476,-1.9671,-0.8592,-0.1974,-1.9404,-0.8592,-0.0974,0.8647,0.0,0.0,4.441,1.0146739482879639,0.9899423718452454,20.89,0,1,180,1.755,0.3978,1.0,0.2882,0.1193,0.3,0.1153,0.5346,0.4471
47.601,1,RETURN_HOME,1.2667,4.2378,-1.9711,-0.8548,-0.1929,-1.9327,-0.9548,-0.0929,0.9593,0.0,0.0,4.4231,1.0048160552978516,0.981235921382904,20.64,0,1,180,1.535,0.3778,1.0,0.3198,0.1133,0.3,0.1279,0.5412,0.4616
47.651,1,RETURN_HOME,1.2392,4.2275,-1.9774,-0.8509,-0.1882,-1.925,-0.8509,-0.0882,0.8555,0.0,0.0,4.4054,0.9892037510871887,0.9693516492843628,18.14,0,1,180,1.769,0.3787,1.0,0.2852,0.1136,0.3,0.1141,0.5277,0.4407
47.702,1,RETURN_HOME,1.2054,4.2158,-1.9841,-0.8488,-0.1814,-1.9158,-0.9488,-0.0814,0.9523,0.0,0.0,4.3847,0.9802694320678711,0.9622251987457275,19.39,0,1,180,1.867,0.3561,1.0,0.3174,0.1068,0.3,0.127,0.5338,0.4724
47.751,1,RETURN_HOME,1.172,4.2063,-1.9909,-0.8499,-0.173,-1.907,-0.6499,-0.173,0.6725,0.0,0.0,4.3665,0.9732550978660583,0.9535027742385864,20.64,0,1,180,1.735,0.5071,0.9667,0.2274,0.1521,0.29,0.0909,0.5331,0.2425
47.801,1,RETURN_HOME,1.1438,4.1995,-1.9963,-0.8517,-0.1649,-1.8998,-0.9517,-0.0649,0.9539,0.0,0.0,4.3524,0.9571879506111145,0.9418874979019165,20.14,0,1,180,1.551,0.3278,1.0,0.318,0.0983,0.3,0.1272,0.5255,0.4954
47.851,1,RETURN_HOME,1.1089,4.1917,-2.0019,-0.8565,-0.155,-1.8916,-0.9565,-0.055,0.9581,0.0,0.0,4.3359,0.950490415096283,0.9350564479827881,19.64,0,1,180,1.755,0.3108,1.0,0.3194,0.0933,0.3,0.1277,0.521,0.5193
47.901,1,RETURN_HOME,1.0802,4.1863,-2.0072,-0.8566,-0.1482,-1.8847,-0.6566,-0.1482,0.6732,0.0,0.0,4.3234,0.9433346390724182,0.9292258620262146,20.89,0,1,180,1.739,0.4569,1.0,0.2244,0.1371,0.3,0.0898,0.5268,0.2284
47.951,1,RETURN_HOME,1.0511,4.1812,-2.0121,-0.8576,-0.1414,-1.8777,-0.6576,-0.1414,0.6726,0.0,0.0,4.3113,0.928752064704895,0.9182179570198059,18.14,0,1,180,1.542,0.4423,1.0,0.2242,0.1327,0.3,0.0897,0.5224,0.2348
48.001,1,RETURN_HOME,1.0152,4.1754,-2.0171,-0.8609,-0.1329,-1.8696,-1.0609,-0.0329,1.0615,0.0,0.0,4.297,0.9235616326332092,0.913040041923523,17.64,0,1,180,1.619,0.2663,1.0,0.3538,0.0799,0.3,0.1415,0.5214,0.5719
48.051,1,RETURN_HOME,0.9812,4.1702,-2.0232,-0.8579,-0.1265,-1.862,-1.0579,-0.0265,1.0583,0.0,0.0,4.284,0.9176942706108093,0.9066262245178223,16.89,0,1,180,1.538,0.2533,1.0,0.3528,0.076,0.3,0.1411,0.5171,0.5897
48.102,1,RETURN_HOME,0.9522,4.166,-2.0275,-0.8517,-0.1225,-1.8552,-1.0517,-0.0225,1.0519,0.0,0.0,4.2734,0.9061207175254822,0.8977930545806885,16.64,0,1,180,2.268,0.2436,1.0,0.3506,0.0731,0.3,0.1403,0.5133,0.5761
48.151,1,RETURN_HOME,0.9178,4.1611,-2.0317,-0.8487,-0.117,-1.8469,-1.0487,-0.017,1.0488,0.0,0.0,4.2611,0.9005545973777771,0.8931271433830261,17.39,0,1,180,1.916,0.2312,1.0,0.3496,0.0694,0.3,0.1398,0.5092,0.5946
48.201,1,RETURN_HOME,0.8924,4.1573,-2.0339,-0.85,-0.1112,-1.84,-1.05,-0.0112,1.05,0.0,0.0,4.252,0.8961570262908936,0.8885364532470703,17.64,0,1,180,1.615,0.2202,1.0,0.35,0.0661,0.3,0.14,0.5061,0.5905
48.251,1,RETURN_HOME,0.8657,4.1537,-2.0356,-0.856,-0.1043,-1.8334,-1.056,-0.0043,1.056,0.0,0.0,4.243,0.885716438293457,0.8806520700454712,16.39,0,1,180,1.757,0.208,1.0,0.352,0.0624,0.3,0.1408,0.5032,0.5827
48.301,1,RETURN_HOME,0.8316,4.1494,-2.0373,-0.8682,-0.0951,-1.8256,-1.0682,0.0049,1.0682,0.0,0.0,4.2319,0.8811448216438293,0.875704824924469,15.39,0,1,180,1.663,0.192,1.0,0.3561,0.0576,0.3,0.1424,0.5,0.5804
48.352,1,RETURN_HOME,0.7937,4.1439,-2.0393,-0.8842,-0.0858,-1.8182,-0.9842,0.0142,0.9843,0.0,0.0,4.2193,0.8769561052322388,0.8720318078994751,14.89,0,1,180,1.925,0.1739,1.0,0.3281,0.0522,0.3,0.1312,0.4834,0.5791
48.402,1,RETURN_HOME,0.7609,4.1399,-2.0405,-0.8987,-0.0779,-1.8123,-0.9987,0.0221,0.9989,0.0,0.0,4.2092,0.8697965145111084,0.8649452328681946,14.89,0,1,180,1.842,0.159,1.0,0.333,0.0477,0.3,0.1332,0.4809,0.5759
48.451,1,RETURN_HOME,0.7217,4.1342,-2.0414,-0.9159,-0.0688,-1.8055,-1.0159,0.0312,1.0164,0.0,0.0,4.1968,0.8657287955284119,0.8612023591995239,13.64,0,1,180,1.72,0.1417,1.0,0.3388,0.0425,0.3,0.1355,0.478,0.5749
48.502,1,RETURN_HOME,0.6889,4.1291,-2.0419,-0.9279,-0.0616,-1.8,-1.0279,0.0384,1.0286,0.0,0.0,4.1862,0.8612499237060547,0.857568085193634,15.64,0,1,180,1.612,0.1276,1.0,0.3429,0.0383,0.3,0.1372,0.4754,0.578
48.551,1,RETURN_HOME,0.6483,4.1237,-2.042,-0.9394,-0.0529,-1.7933,-0.9394,-0.0529,0.9409,0.0,0.0,4.1743,7.871173858642578,0.8528357744216919,14.14,0,1,180,1.669,0.2106,0.9881,0.3136,0.0632,0.2964,0.1255,0.4851,0.4435
48.602,1,RETURN_HOME,0.6052,4.1188,-2.0421,-0.9496,-0.0437,-1.7864,-0.9496,-0.0437,0.9506,0.0,0.0,4.163,7.865389347076416,0.8493449091911316,13.14,0,1,180,1.829,0.1907,1.0,0.3169,0.0572,0.3,0.1268,0.484,0.4681
48.652,1,RETURN_HOME,0.5681,4.1152,-2.0421,-0.9572,-0.0362,-1.7805,-0.9572,-0.0362,0.9579,0.0,0.0,4.1542,7.86266565322876,0.8493592739105225,14.64,0,1,180,2.07,0.1741,1.0,0.3193,0.0522,0.3,0.1277,0.4799,0.4932
48.701,1,RETURN_HOME,0.5305,4.1122,-2.0419,-0.9625,-0.0308,-1.7744,-0.9625,-0.0308,0.963,0.0,0.0,4.1463,7.854866981506348,0.8482285737991333,18.14,0,1,180,1.585,0.1596,1.0,0.321,0.0479,0.3,0.1284,0.4763,0.4969
48.751,1,RETURN_HOME,0.4858,4.1093,-2.0421,-0.9662,-0.0265,-1.7669,-0.9662,-0.0265,0.9666,0.0,0.0,4.138,7.852273941040039,0.851792573928833,19.89,0,1,180,1.586,0.1446,1.0,0.3222,0.0434,0.3,0.1289,0.4722,0.5157
48.801,1,RETURN_HOME,0.4484,4.1074,-2.0423,-0.9678,-0.0241,-1.7604,-0.9678,-0.0241,0.9681,0.0,0.0,4.1318,7.846124172210693,0.8553728461265564,21.9,0,1,180,1.869,0.1332,1.0,0.3227,0.04,0.3,0.1291,0.469,0.5246
48.851,1,RETURN_HOME,0.4108,4.1057,-2.0423,-0.9688,-0.0223,-1.7536,-0.9688,-0.0223,0.9691,0.0,0.0,4.1262,7.841245651245117,0.8659105896949768,25.65,0,1,180,1.587,0.1224,1.0,0.323,0.0367,0.3,0.1292,0.4659,0.517
48.901,1,RETURN_HOME,0.3553,4.1033,-2.0382,-0.9711,-0.0201,-1.7438,-0.9711,-0.0201,0.9713,0.0,0.0,4.1187,7.839803695678711,0.8724110126495361,27.15,0,1,180,1.589,0.1068,1.0,0.3238,0.0321,0.3,0.1295,0.4616,0.5296
48.951,1,RETURN_HOME,0.3154,4.1018,-2.0351,-0.973,-0.0185,-1.7367,-0.973,-0.0185,0.9732,0.0,0.0,4.1139,7.836691379547119,0.8831755518913269,28.9,0,1,180,1.613,0.0956,1.0,0.3244,0.0287,0.3,0.1298,0.4584,0.5352
49.002,1,RETURN_HOME,0.2754,4.1004,-2.0321,-0.975,-0.0168,-1.7294,-0.975,-0.0168,0.9752,0.0,0.0,4.1097,7.834936618804932,0.9009401202201843,32.15,0,1,180,1.693,0.0842,1.0,0.3251,0.0253,0.3,0.13,0.4553,0.5275
49.051,1,RETURN_HOME,0.2283,4.0956,-2.0296,-0.9772,-0.0162,-1.7202,-0.9772,-0.0162,0.9773,0.0,0.0,4.102,7.83358907699585,0.9133136868476868,33.66,0,1,180,1.751,0.0722,1.0,0.3258,0.0217,0.3,0.1303,0.452,0.5336
49.102,1,RETURN_HOME,0.1889,4.0921,-2.0277,-0.9791,-0.0155,-1.7124,-0.9791,-0.0155,0.9792,0.0,0.0,4.0965,7.832692623138428,0.9258919954299927,35.16,0,1,180,1.811,0.0619,1.0,0.3264,0.0186,0.3,0.1306,0.4491,0.5366
49.151,1,RETURN_HOME,0.1418,4.0878,-2.025,-0.9815,-0.0146,-1.7027,-0.9815,-0.0146,0.9816,0.0,0.0,4.0903,7.829944610595703,0.9562957882881165,37.91,0,1,180,1.791,0.0495,1.0,0.3272,0.0149,0.3,0.1309,0.4457,0.5317
49.201,1,RETURN_HOME,0.0949,4.0829,-2.0215,-0.9841,-0.0139,-1.6928,-0.9841,-0.0139,0.9842,0.0,0.0,4.084,7.829743385314941,0.9704431891441345,39.16,0,1,180,1.634,0.0373,1.0,0.3281,0.0112,0.3,0.1312,0.4424,0.5354
49.252,1,RETURN_HOME,0.0556,4.0793,-2.0189,-0.9862,-0.013,-1.6844,-0.9862,-0.013,0.9863,0.0,0.0,4.0797,7.828810214996338,1.0033631324768066,41.66,0,1,180,1.75,0.0269,1.0,0.3288,0.0081,0.3,0.1315,0.4396,0.5289
49.301,1,RETURN_HOME,0.0074,4.0772,-2.0168,-0.9891,-0.0109,-1.6739,-0.9891,-0.0109,0.9891,0.0,0.0,4.0772,7.828196048736572,1.0253318548202515,42.66,0,1,180,1.93,0.0128,1.0,0.3297,0.0038,0.3,0.1319,0.4357,0.5352
49.351,1,RETURN_HOME,-0.0417,4.0771,-2.0157,-0.9922,-0.0077,-1.6631,-0.9922,-0.0077,0.9922,0.0,0.0,4.0773,7.8282647132873535,1.0427639484405518,43.92,0,1,180,1.896,-0.0024,1.0,0.3307,-0.0007,0.3,0.1323,0.4316,0.5424
49.401,1,RETURN_HOME,-0.0826,4.0771,-2.0149,-0.9947,-0.0052,-1.6539,-0.9947,-0.0052,0.9947,0.0,0.0,4.078,7.827601432800293,1.084118127822876,45.92,0,1,180,1.71,-0.0151,1.0,0.3316,-0.0045,0.3,0.1326,0.4281,0.536
49.451,1,RETURN_HOME,-0.1248,4.0777,-2.0132,-0.9973,-0.0026,-1.6447,-0.9973,-0.0026,0.9973,0.0,0.0,4.0796,7.826573371887207,1.105148196220398,46.67,0,1,180,1.548,-0.028,1.0,0.3324,-0.0084,0.3,0.133,0.4246,0.5388
49.501,1,RETURN_HOME,-0.1762,4.0787,-2.0107,-1.0005,0.0004,-1.6333,-1.0005,0.0004,1.0005,0.0,0.0,4.0825,7.827620506286621,1.1111966371536255,-36.91,0,1,180,1.579,-0.0435,1.0,0.3335,-0.0131,0.3,0.1334,0.4203,0.5441
49.552,1,RETURN_HOME,-0.2187,4.0795,-2.0089,-1.0029,0.0027,-1.6238,-1.0029,0.0027,1.0029,0.0,0.0,4.0854,7.826557159423828,1.0660450458526611,-35.16,0,1,180,1.845,-0.0563,1.0,0.3343,-0.0169,0.3,0.1337,0.4168,0.5418
49.602,1,RETURN_HOME,-0.2683,4.0834,-2.008,-1.0054,0.0064,-1.6121,-1.0054,0.0064,1.0054,0.0,0.0,4.0922,7.826292991638184,1.0467381477355957,-34.41,0,1,180,1.85,-0.0719,1.0,0.3351,-0.0216,0.3,0.1341,0.4125,0.5413
49.652,1,RETURN_HOME,-0.3176,4.0875,-2.0075,-1.0077,0.0099,-1.6003,-1.0077,0.0099,1.0077,0.0,0.0,4.0998,7.825992584228516,1.027010440826416,-33.41,0,1,180,2.433,-0.0873,1.0,0.3359,-0.0262,0.3,0.1344,0.4082,0.5477
49.701,1,RETURN_HOME,-0.3587,4.0907,-2.0073,-1.0095,0.0127,-1.5904,-1.0095,0.0127,1.0096,0.0,0.0,4.1063,7.8263840675354,0.9887720942497253,-31.15,0,1,180,1.652,-0.0999,1.0,0.3365,-0.03,0.3,0.1346,0.4047,0.5435
49.751,1,RETURN_HOME,-0.4091,4.0953,-2.0091,-1.0122,0.0164,-1.5782,-1.0122,0.0164,1.0124,0.0,0.0,4.1156,7.827325820922852,0.9723807573318481,-30.15,0,1,180,1.549,-0.1155,1.0,0.3375,-0.0346,0.3,0.135,0.4003,0.5485
49.802,1,RETURN_HOME,-0.4594,4.0995,-2.0107,-1.0149,0.0198,-1.5659,-1.0149,0.0198,1.0151,0.0,0.0,4.1252,7.826115608215332,0.9581442475318909,-28.9,0,1,180,1.837,-0.1307,1.0,0.3384,-0.0392,0.3,0.1353,0.3961,0.5495
49.851,1,RETURN_HOME,-0.501,4.1025,-2.0116,-1.0169,0.0223,-1.5556,-1.0169,0.0223,1.0171,0.0,0.0,4.133,7.8264570236206055,0.9253604412078857,-26.15,0,1,180,1.565,-0.1429,1.0,0.339,-0.0429,0.3,0.1356,0.3927,0.545
49.901,1,RETURN_HOME,-0.5497,4.1047,-2.0115,-1.0186,0.0241,-1.5432,-1.0186,0.0241,1.0189,0.0,0.0,4.1413,7.827835559844971,0.911300003528595,-24.9,0,1,180,1.564,-0.1561,1.0,0.3396,-0.0468,0.3,0.1359,0.389,0.5473
49.951,1,RETURN_HOME,-0.5904,4.1064,-2.0114,-1.0201,0.0256,-1.5328,-1.0201,0.0256,1.0204,0.0,0.0,4.1486,7.828803539276123,0.8978592753410339,-23.4,0,1,180,1.713,-0.1671,1.0,0.3401,-0.0501,0.3,0.1361,0.3859,0.549
50.002,1,RETURN_HOME,-0.632,4.1076,-2.0137,-1.0219,0.0269,-1.5224,-1.0219,0.0269,1.0223,0.0,0.0,4.1559,7.8298540115356445,0.8772926926612854,-20.39,0,1,180,1.909,-0.1781,1.0,0.3408,-0.0534,0.3,0.1363,0.3829,0.5446
50.051,1,RETURN_HOME,-0.6835,4.108,-2.0201,-1.0248,0.0284,-1.5098,-1.0248,0.0284,1.0252,0.0,0.0,4.1645,7.831060409545898,0.8670257329940796,-18.64,0,1,180,1.797,-0.1914,1.0,0.3417,-0.0574,0.3,0.1367,0.3793,0.5435
50.102,1,RETURN_HOME,-0.7348,4.1087,-2.0256,-1.0275,0.03,-1.4973,-1.0275,0.03,1.0279,0.0,0.0,4.1739,7.831973552703857,0.8588462471961975,-17.14,0,1,180,1.852,-0.2047,1.0,0.3426,-0.0614,0.3,0.1371,0.3756,0.5439
50.151,1,RETURN_HOME,-0.7774,4.1087,-2.0275,-1.0296,0.0311,-1.4868,-1.0296,0.0311,1.0301,0.0,0.0,4.1816,7.833033084869385,0.8457896709442139,-13.64,0,1,180,1.808,-0.2155,1.0,0.3434,-0.0646,0.3,0.1373,0.3727,0.5439
50.202,1,RETURN_HOME,-0.82,4.1084,-2.0278,-1.0316,0.0321,-1.4764,-1.0316,0.0321,1.0321,0.0,0.0,4.1894,7.833440780639648,0.8419598340988159,-12.14,0,1,180,1.732,-0.2261,1.0,0.344,-0.0678,0.3,0.1376,0.3698,0.545
50.251,1,RETURN_HOME,-0.871,4.1083,-2.0279,-1.0338,0.0335,-1.4638,-1.0338,0.0335,1.0344,0.0,0.0,4.1996,0.8406417965888977,0.8382782936096191,-10.38,0,1,180,1.866,-0.239,1.0,0.3448,-0.0717,0.3,0.1379,0.3662,0.5481
50.301,1,RETURN_HOME,-0.915,4.1088,-2.0269,-1.0361,0.0349,-1.4534,-1.0361,0.0349,1.0366,0.0,0.0,4.2095,0.836578369140625,0.836578369140625,-6.63,0,1,180,1.594,-0.2501,1.0,0.3455,-0.075,0.3,0.1382,0.3632,0.5496
50.351,1,RETURN_HOME,-0.9679,4.1098,-2.0252,-1.0387,0.0366,-1.4409,-1.0387,0.0366,1.0393,0.0,0.0,4.2223,0.8384679555892944,0.8384679555892944,-7.63,0,1,180,1.559,-0.2634,1.0,0.3464,-0.079,0.3,0.1386,0.3596,0.5505
50.402,1,RETURN_HOME,-1.0205,4.111,-2.0236,-1.0412,0.0384,-1.4284,-1.0412,0.0384,1.0419,0.0,0.0,4.2358,0.8391556143760681,0.8391556143760681,-8.63,0,1,180,1.939,-0.2766,1.0,0.3473,-0.083,0.3,0.1389,0.356,0.552
50.451,1,RETURN_HOME,-1.065,4.1127,-2.0217,-1.0435,0.0399,-1.4181,-1.0435,0.0399,1.0442,0.0,0.0,4.2483,0.8418616056442261,0.8416116237640381,-11.39,0,1,180,1.541,-0.2875,1.0,0.3481,-0.0862,0.3,0.1392,0.353,0.5546
50.501,1,RETURN_HOME,-1.118,4.1148,-2.0196,-1.0461,0.0416,-1.4056,-1.0461,0.0416,1.0469,0.0,0.0,4.264,0.8429205417633057,0.8429205417633057,-7.63,0,1,180,1.631,-0.3003,1.0,0.349,-0.0901,0.3,0.1396,0.3495,0.5583
50.552,1,RETURN_HOME,-1.162,4.1166,-2.0181,-1.0481,0.0431,-1.3953,-0.9481,-0.0569,0.9498,0.0,0.0,4.2774,0.8451115489006042,0.8451115489006042,-5.38,0,1,180,2.094,-0.2135,0.9833,0.3166,-0.064,0.295,0.1266,0.3576,0.4544
50.601,1,RETURN_HOME,-1.215,4.1221,-2.0186,-1.0511,0.0464,-1.383,-1.0511,0.0464,1.0522,0.0,0.0,4.2975,0.8483958840370178,0.8483958840370178,-9.88,0,1,180,1.857,-0.3248,1.0,0.3507,-0.0974,0.3,0.1403,0.3429,0.5619
50.651,1,RETURN_HOME,-1.259,4.1265,-2.019,-1.0535,0.049,-1.3727,-0.9535,-0.051,0.9549,0.0,0.0,4.3143,0.8504741191864014,0.8504741191864014,-9.38,0,1,180,1.724,-0.2403,1.0,0.3183,-0.0721,0.3,0.1273,0.3552,0.4703
50.702,1,RETURN_HOME,-1.3095,4.1316,-2.0201,-1.053,0.0491,-1.3605,-0.953,-0.0509,0.9544,0.0,0.0,4.3342,0.8527911901473999,0.8526360988616943,-11.64,0,1,180,2.041,-0.2509,1.0,0.3181,-0.0753,0.3,0.1272,0.352,0.4805
50.751,1,RETURN_HOME,-1.3484,4.1358,-2.0218,-1.0514,0.0498,-1.3503,-0.9514,-0.0502,0.9527,0.0,0.0,4.3501,0.8566356897354126,0.8558262586593628,-14.64,0,1,180,1.758,-0.2594,1.0,0.3176,-0.0778,0.3,0.127,0.3492,0.4689
50.802,1,RETURN_HOME,-1.3876,4.1397,-2.0233,-1.0486,0.0487,-1.3401,-0.9486,-0.0513,0.95,0.0,0.0,4.3661,0.8582823872566223,0.8576211929321289,-12.64,0,1,180,2.004,-0.2662,1.0,0.3167,-0.0799,0.3,0.1267,0.3468,0.4629
50.852,1,RETURN_HOME,-1.4357,4.1438,-2.0254,-1.0442,0.0458,-1.328,-0.9442,-0.0542,0.9458,0.0,0.0,4.3855,0.8602867126464844,0.8579761385917664,-11.39,0,1,180,1.767,-0.2727,1.0,0.3153,-0.0818,0.3,0.1261,0.3443,0.4642
50.901,1,RETURN_HOME,-1.477,4.1465,-2.0279,-1.0404,0.0425,-1.3181,-0.9404,-0.0575,0.9422,0.0,0.0,4.4017,0.8641093969345093,0.8628839254379272,-14.14,0,1,180,1.568,-0.2774,1.0,0.3141,-0.0832,0.3,0.1256,0.3424,0.4465
50.951,1,RETURN_HOME,-1.5264,4.1495,-2.0302,-1.0353,0.0379,-1.3062,-0.9353,-0.0621,0.9374,0.0,0.0,4.4213,0.8666998744010925,0.864115834236145,-15.64,0,1,180,1.62,-0.2823,1.0,0.3125,-0.0847,0.3,0.125,0.3403,0.4409
51.002,1,RETURN_HOME,-1.5757,4.1527,-2.0327,-1.0301,0.0333,-1.2945,-0.9301,-0.0667,0.9325,0.0,0.0,4.4416,0.8680118918418884,0.8649687767028809,-15.89,0,1,180,2.067,-0.287,0.9985,0.3108,-0.0861,0.2996,0.1243,0.3378,0.4358
51.051,1,RETURN_HOME,-1.6167,4.1555,-2.035,-1.0259,0.0295,-1.2849,-1.0259,0.0295,1.0263,0.0,0.0,4.4589,0.8731836080551147,0.868177056312561,-14.14,0,1,180,1.571,-0.3892,1.0,0.3421,-0.1168,0.3,0.1368,0.3201,0.5796
51.101,1,RETURN_HOME,-1.6576,4.158,-2.0368,-1.0216,0.0256,-1.2754,-1.0216,0.0256,1.0219,0.0,0.0,4.4762,0.875761866569519,0.8693460822105408,-16.64,0,1,180,1.586,-0.3935,1.0,0.3406,-0.118,0.3,0.1363,0.3182,0.5799
51.151,1,RETURN_HOME,-1.7049,4.1601,-2.0373,-1.0155,0.0207,-1.264,-1.0155,0.0207,1.0157,0.0,0.0,4.4959,0.8773713707923889,0.8708974123001099,-15.64,0,1,180,1.883,-0.398,1.0,0.3386,-0.1194,0.3,0.1354,0.316,0.58
51.202,1,RETURN_HOME,-1.7437,4.1615,-2.037,-1.0122,0.019,-1.2547,-1.0122,0.019,1.0124,0.0,0.0,4.5121,0.8813090920448303,0.8717440962791443,-16.39,0,1,180,1.9,-0.4037,1.0,0.3375,-0.1211,0.3,0.135,0.3139,0.581
51.251,1,RETURN_HOME,-1.7905,4.1631,-2.0364,-1.0108,0.0191,-1.2436,-1.0108,0.0191,1.011,0.0,0.0,4.5318,0.8831602931022644,0.8736426830291748,-18.64,0,1,180,1.655,-0.4124,1.0,0.337,-0.1237,0.3,0.1348,0.3111,0.5823
51.302,1,RETURN_HOME,-1.8387,4.1623,-2.0353,-1.012,0.0194,-1.2328,-1.012,0.0194,1.0121,0.0,0.0,4.5503,0.8842224478721619,0.8754144310951233,-17.89,0,1,180,2.029,-0.4215,1.0,0.3374,-0.1265,0.3,0.135,0.3085,0.5846
51.351,1,RETURN_HOME,-1.8791,4.1615,-2.0342,-1.0139,0.0199,-1.224,-1.0139,0.0199,1.0141,0.0,0.0,4.5661,0.8891977071762085,0.8771349191665649,-20.89,0,1,180,1.675,-0.4294,1.0,0.338,-0.1288,0.3,0.1352,0.3064,0.586
51.402,1,RETURN_HOME,-1.9196,4.1609,-2.033,-1.0161,0.0208,-1.2154,-1.0161,0.0208,1.0163,0.0,0.0,4.5823,0.8916715383529663,0.8783732056617737,-21.9,0,1,180,1.835,-0.4374,1.0,0.3388,-0.1312,0.3,0.1355,0.3043,0.5866
51.451,1,RETURN_HOME,-1.9717,4.158,-2.03,-1.0199,0.0208,-1.2052,-1.0199,0.0208,1.0201,0.0,0.0,4.6018,0.8918514847755432,0.8793067336082458,-19.39,0,1,180,1.808,-0.4468,1.0,0.34,-0.134,0.3,0.136,0.302,0.5887
51.501,1,RETURN_HOME,-2.0148,4.1561,-2.0277,-1.0227,0.0209,-1.1969,-1.0227,0.0209,1.0229,0.0,0.0,4.6187,0.8978443741798401,0.8801920413970947,-21.65,0,1,180,1.845,-0.4545,1.0,0.341,-0.1364,0.3,0.1364,0.3,0.5902
51.551,1,RETURN_HOME,-2.066,4.1541,-2.0251,-1.0255,0.0213,-1.187,-1.0255,0.0213,1.0257,0.0,0.0,4.6395,0.8999178409576416,0.8803380131721497,-21.14,0,1,180,1.707,-0.4638,1.0,0.3419,-0.1391,0.3,0.1368,0.2976,0.5917
51.601,1,RETURN_HOME,-2.1151,4.1526,-2.0229,-1.027,0.0223,-1.1771,-1.027,0.0223,1.0273,0.0,0.0,4.6602,0.9021672606468201,0.8824644088745117,-21.39,0,1,180,1.82,-0.4731,1.0,0.3424,-0.1419,0.3,0.137,0.295,0.593
51.651,1,RETURN_HOME,-2.156,4.1517,-2.0213,-1.0282,0.0232,-1.169,-1.0282,0.0232,1.0284,0.0,0.0,4.6782,0.9068350195884705,0.8855355978012085,-21.14,0,1,180,1.819,-0.4808,1.0,0.3428,-0.1442,0.3,0.1371,0.2929,0.5939
51.701,1,RETURN_HOME,-2.197,4.151,-2.0197,-1.0292,0.0242,-1.1609,-1.0292,0.0242,1.0295,0.0,0.0,4.6966,0.9097505211830139,0.8878973722457886,-21.9,0,1,180,1.569,-0.4884,1.0,0.3432,-0.1465,0.3,0.1373,0.2907,0.5969
51.752,1,RETURN_HOME,-2.2462,4.15,-2.0177,-1.0303,0.0254,-1.1512,-1.0303,0.0254,1.0306,0.0,0.0,4.7189,0.9120337963104248,0.8882913589477539,-23.4,0,1,180,1.808,-0.4976,1.0,0.3435,-0.1493,0.3,0.1374,0.2881,0.5994
51.801,1,RETURN_HOME,-2.2873,4.1495,-2.0162,-1.0313,0.0265,-1.1431,-1.0313,0.0265,1.0317,0.0,0.0,4.7381,0.9182974696159363,0.8922625780105591,-22.9,0,1,180,1.55,-0.5051,1.0,0.3439,-0.1515,0.3,0.1376,0.286,0.6021
51.851,1,RETURN_HOME,-2.338,4.1493,-2.0139,-1.0331,0.0279,-1.1336,-0.8331,-0.0721,0.8362,0.0,0.0,4.7626,0.9219420552253723,0.8932453989982605,-24.15,0,1,180,1.67,-0.4139,0.9919,0.2787,-0.1242,0.2976,0.1115,0.2849,0.4318
51.902,1,RETURN_HOME,-2.3899,4.1495,-2.0114,-1.0358,0.0296,-1.1241,-0.9358,-0.0704,0.9385,0.0,0.0,4.7885,0.9238213300704956,0.8946055173873901,-23.4,0,1,180,1.798,-0.4327,1.0,0.3128,-0.1298,0.3,0.1251,0.2953,0.4476
51.951,1,RETURN_HOME,-2.433,4.1499,-2.0097,-1.038,0.031,-1.1163,-0.838,-0.069,0.8408,0.0,0.0,4.8105,0.9304236173629761,0.8986884355545044,-24.4,0,1,180,1.728,-0.4333,1.0,0.2803,-0.13,0.3,0.1121,0.2821,0.4357
52.001,1,RETURN_HOME,-2.4862,4.1528,-2.0098,-1.0365,0.0306,-1.107,-0.9365,-0.0694,0.9391,0.0,0.0,4.8401,0.9347454309463501,0.8989830017089844,-24.65,0,1,180,1.816,-0.4488,1.0,0.313,-0.1346,0.3,0.1252,0.2906,0.4445
52.052,1,RETURN_HOME,-2.5308,4.1558,-2.0105,-1.0333,0.0287,-1.0993,-0.9333,-0.0713,0.936,0.0,0.0,4.8658,0.9379687309265137,0.9009968042373657,-25.65,0,1,180,1.736,-0.4535,1.0,0.312,-0.1361,0.3,0.1248,0.2887,0.4469
52.101,1,RETURN_HOME,-2.5836,4.1591,-2.0112,-1.0255,0.0247,-1.09,-0.9255,-0.0753,0.9285,0.0,0.0,4.8963,0.9445075988769531,0.9033870100975037,-25.4,0,1,180,1.639,-0.457,1.0,0.3095,-0.1371,0.3,0.1238,0.2867,0.4371
52.152,1,RETURN_HOME,-2.6266,4.1616,-2.0115,-1.0183,0.0209,-1.0821,-0.9183,-0.0791,0.9217,0.0,0.0,4.9212,0.9470889568328857,0.9062320590019226,-27.65,0,1,180,1.907,-0.4592,1.0,0.3072,-0.1378,0.3,0.1229,0.2851,0.4259
52.202,1,RETURN_HOME,-2.6773,4.1642,-2.0116,-1.0104,0.0161,-1.0726,-0.9104,-0.0839,0.9142,0.0,0.0,4.9507,0.9509754180908203,0.9065656065940857,-28.65,0,1,180,1.896,-0.4614,1.0,0.3047,-0.1384,0.3,0.1219,0.2835,0.4186
52.251,1,RETURN_HOME,-2.7192,4.166,-2.0116,-1.0047,0.012,-1.0648,-1.1047,0.012,1.1047,0.0,0.0,4.9749,0.9561392664909363,0.9094553589820862,-29.65,0,1,180,1.795,-0.5556,1.0,0.3682,-0.1667,0.3,0.1473,0.2806,0.6168
52.302,1,RETURN_HOME,-2.7667,4.1664,-2.0084,-0.9973,0.0058,-1.0554,-1.0973,0.0058,1.0974,0.0,0.0,5.0013,0.9609583020210266,0.9104505777359009,-26.65,0,1,180,1.872,-0.5576,1.0,0.3658,-0.1673,0.3,0.1463,0.279,0.6168
52.352,1,RETURN_HOME,-2.806,4.1665,-2.006,-0.9918,0.0006,-1.0476,-1.0918,0.0006,1.0918,0.0,0.0,5.0233,0.9642735719680786,0.9121181964874268,-28.15,0,1,180,2.098,-0.5591,1.0,0.3639,-0.1677,0.3,0.1456,0.2778,0.6177
52.401,1,RETURN_HOME,-2.8453,4.1664,-2.0039,-0.9904,-0.0022,-1.0398,-1.0904,-0.0022,1.0904,0.0,0.0,5.0453,0.9706203937530518,0.9147024750709534,-29.9,0,1,180,1.621,-0.5623,1.0,0.3635,-0.1687,0.3,0.1454,0.2767,0.6177
52.451,1,RETURN_HOME,-2.8933,4.1681,-2.0028,-0.9938,-0.0024,-1.0307,-1.0938,-0.0024,1.0938,0.0,0.0,5.0739,0.9735323786735535,0.9151095747947693,-30.9,0,1,180,1.734,-0.5684,1.0,0.3646,-0.1705,0.3,0.1458,0.2753,0.6195
52.502,1,RETURN_HOME,-2.9415,4.1696,-2.002,-1.0011,-0.0011,-1.0217,-1.1011,-0.0011,1.1011,0.0,0.0,5.1027,0.9776603579521179,0.9157121181488037,-31.15,0,1,180,2.021,-0.5756,1.0,0.367,-0.1727,0.3,0.1468,0.2741,0.6209
52.551,1,RETURN_HOME,-2.9833,4.1715,-2.0003,-1.0094,0.0006,-1.0144,-1.1094,0.0006,1.1094,0.0,0.0,5.1285,0.9821255803108215,0.9174228310585022,-29.65,0,1,180,1.68,-0.5821,1.0,0.3698,-0.1746,0.3,0.1479,0.2733,0.6199
52.602,1,RETURN_HOME,-3.0362,4.1749,-1.9967,-1.0208,0.003,-1.0059,-1.0208,0.003,1.0208,0.0,0.0,5.1622,0.9852713942527771,0.9174729585647583,-30.9,0,1,180,1.813,-0.5905,1.0,0.3403,-0.1772,0.3,0.1361,0.2589,0.6221
52.651,1,RETURN_HOME,-3.0803,4.1774,-1.9942,-1.0302,0.0049,-0.9989,-1.0302,0.0049,1.0302,0.0,0.0,5.1903,0.9901320934295654,0.9188868403434753,-32.66,0,1,180,1.829,-0.5973,1.0,0.3434,-0.1792,0.3,0.1374,0.2582,0.6245
52.701,1,RETURN_HOME,-3.1242,4.1807,-1.9942,-1.0396,0.007,-0.992,-1.0396,0.007,1.0396,0.0,0.0,5.2191,0.9968082904815674,0.920596718788147,-32.91,0,1,180,1.724,-0.604,1.0,0.3465,-0.1812,0.3,0.1386,0.2574,0.626
52.751,1,RETURN_HOME,-3.1766,4.186,-1.9977,-1.0481,0.0098,-0.9839,-1.0481,0.0098,1.0482,0.0,0.0,5.2548,1.0002583265304565,0.9200038909912109,-32.41,0,1,180,1.592,-0.6119,1.0,0.3494,-0.1836,0.3,0.1398,0.2562,0.6265
52.801,1,RETURN_HOME,-3.2291,4.1907,-2.0008,-1.0533,0.0123,-0.9759,-0.8533,-0.0877,0.8578,0.0,0.0,5.2904,1.0014716386795044,0.9205037355422974,-33.16,0,1,180,1.587,-0.5261,0.9979,0.2859,-0.1578,0.2994,0.1144,0.2559,0.4154
52.851,1,RETURN_HOME,-3.264,4.194,-2.0012,-1.0555,0.014,-0.9706,-1.0555,0.014,1.0556,0.0,0.0,5.3144,1.0079312324523926,0.9238781929016113,-33.91,0,1,180,1.737,-0.6246,1.0,0.3519,-0.1874,0.3,0.1407,0.2534,0.631
52.901,1,RETURN_HOME,-3.3165,4.199,-1.9998,-1.058,0.0173,-0.9627,-0.858,-0.0827,0.862,0.0,0.0,5.3508,1.011231780052185,0.9240373373031616,-34.66,0,1,180,1.539,-0.5416,1.0,0.2873,-0.1625,0.3,0.1149,0.2524,0.4234
52.951,1,RETURN_HOME,-3.3686,4.2036,-1.9987,-1.0548,0.0173,-0.9548,-0.8548,-0.0827,0.8588,0.0,0.0,5.3868,1.0151792764663696,0.925246000289917,-32.91,0,1,180,1.529,-0.5473,1.0,0.2863,-0.1642,0.3,0.1145,0.2503,0.4332
53.002,1,RETURN_HOME,-3.4141,4.2057,-1.9991,-1.0527,0.0171,-0.9482,-0.8527,-0.0829,0.8567,0.0,0.0,5.4171,1.0215879678726196,0.9274724721908569,-36.41,0,1,180,1.927,-0.5522,1.0,0.2856,-0.1657,0.3,0.1142,0.2486,0.4172
53.051,1,RETURN_HOME,-3.4597,4.2074,-1.9998,-1.0478,0.0151,-0.9418,-0.8478,-0.0849,0.8521,0.0,0.0,5.4472,1.024583339691162,0.9267840385437012,-35.41,0,1,180,1.525,-0.555,1.0,0.284,-0.1665,0.3,0.1136,0.2471,0.4136
53.101,1,RETURN_HOME,-3.5134,4.2091,-2.0005,-1.0389,0.011,-0.9342,-0.8389,-0.089,0.8436,0.0,0.0,5.4828,1.0302828550338745,0.9270241260528564,-34.41,0,1,180,1.478,-0.5562,0.9986,0.2812,-0.1669,0.2996,0.1125,0.2452,0.4077
53.151,1,RETURN_HOME,-3.5578,4.2085,-2.0024,-1.0297,0.0057,-0.9279,-1.0297,0.0057,1.0297,0.0,0.0,5.5109,1.0355411767959595,0.9294431805610657,-36.91,0,1,180,1.842,-0.6498,1.0,0.3432,-0.1949,0.3,0.1373,0.2423,0.6329
53.202,1,RETURN_HOME,-3.6016,4.2075,-2.0044,-1.0193,-0.0002,-0.9215,-1.1193,-0.0002,1.1193,0.0,0.0,5.5384,1.0388492345809937,0.9299681186676025,-36.66,0,1,180,1.779,-0.6501,1.0,0.3731,-0.195,0.3,0.1492,0.2542,0.6335
53.251,1,RETURN_HOME,-3.653,4.206,-2.0064,-1.0057,-0.0076,-0.9138,-1.1057,-0.0076,1.1058,0.0,0.0,5.5709,1.0399879217147827,0.9290063977241516,-36.91,0,1,180,1.598,-0.6505,1.0,0.3686,-0.1951,0.3,0.1474,0.2523,0.6343
53.302,1,RETURN_HOME,-3.6964,4.2037,-2.012,-0.9981,-0.012,-0.9073,-1.0981,-0.012,1.0981,0.0,0.0,5.5978,1.0457035303115845,0.930978000164032,-38.41,0,1,180,1.876,-0.6521,1.0,0.366,-0.1956,0.3,0.1464,0.2508,0.6329
53.351,1,RETURN_HOME,-3.7395,4.2013,-2.0178,-0.9958,-0.0141,-0.9008,-1.0958,-0.0141,1.0959,0.0,0.0,5.6245,1.0521283149719238,0.9303738474845886,-37.41,0,1,180,1.846,-0.6552,1.0,0.3653,-0.1966,0.3,0.1461,0.2496,0.6327
53.402,1,RETURN_HOME,-3.7907,4.1986,-2.0239,-0.9992,-0.0148,-0.8932,-1.0992,-0.0148,1.0993,0.0,0.0,5.6567,1.0546108484268188,0.9312841296195984,-38.66,0,1,180,1.699,-0.6601,1.0,0.3664,-0.198,0.3,0.1466,0.2485,0.6339
53.451,1,RETURN_HOME,-3.839,4.1954,-2.0314,-1.0057,-0.0142,-0.8859,-1.1057,-0.0142,1.1058,0.0,0.0,5.6867,1.0595840215682983,0.9317656755447388,-36.91,0,1,180,1.824,-0.6655,1.0,0.3686,-0.1997,0.3,0.1474,0.2478,0.6342
53.501,1,RETURN_HOME,-3.8794,4.1931,-2.0365,-1.013,-0.0135,-0.8799,-1.113,-0.0135,1.1131,0.0,0.0,5.7124,1.0656909942626953,0.9319823384284973,-35.41,0,1,180,1.869,-0.6701,1.0,0.371,-0.201,0.3,0.1484,0.2474,0.632
53.551,1,RETURN_HOME,-3.9269,4.1908,-2.0419,-1.022,-0.0126,-0.8728,-1.122,-0.0126,1.122,0.0,0.0,5.7431,1.0662481784820557,0.9324407577514648,-39.16,0,1,180,1.782,-0.6755,1.0,0.374,-0.2027,0.3,0.1496,0.247,0.6349
53.602,1,RETURN_HOME,-3.9621,4.1899,-2.0472,-1.0277,-0.0111,-0.867,-1.1277,-0.0111,1.1277,0.0,0.0,5.7665,1.070814609527588,0.9330540299415588,-39.91,0,1,180,2.17,-0.6799,1.0,0.3759,-0.204,0.3,0.1504,0.2464,0.6362
53.651,1,RETURN_HOME,-3.9981,4.1891,-2.0514,-1.0333,-0.0098,-0.8612,-1.0333,-0.0098,1.0334,0.0,0.0,5.7908,1.0771299600601196,0.9333202242851257,-38.91,0,1,180,1.865,-0.6835,1.0,0.3445,-0.2051,0.3,0.1378,0.2327,0.6348
53.701,1,RETURN_HOME,-4.0425,4.1889,-2.054,-1.0403,-0.0079,-0.8543,-1.0403,-0.0079,1.0403,0.0,0.0,5.8215,1.0792585611343384,0.9328696727752686,-38.91,0,1,180,1.515,-0.6889,1.0,0.3468,-0.2067,0.3,0.1387,0.232,0.6371
53.751,1,RETURN_HOME,-4.0882,4.1899,-2.0533,-1.0473,-0.0058,-0.8476,-1.0473,-0.0058,1.0473,0.0,0.0,5.854,1.0828285217285156,0.9340853095054626,-38.66,0,1,180,1.621,-0.6944,1.0,0.3491,-0.2083,0.3,0.1396,0.2313,0.6378
53.801,1,RETURN_HOME,-4.1191,4.1906,-2.0525,-1.0505,-0.0046,-0.8432,-1.0505,-0.0046,1.0505,0.0,0.0,5.876,1.0900979042053223,0.9324384331703186,-40.91,0,1,180,1.658,-0.6979,1.0,0.3502,-0.2094,0.3,0.1401,0.2307,0.6357
53.852,1,RETURN_HOME,-4.1667,4.1915,-2.0508,-1.0534,-0.003,-0.8367,-1.0534,-0.003,1.0534,0.0,0.0,5.9102,1.0927292108535767,0.9349791407585144,-40.91,0,1,180,1.738,-0.703,1.0,0.3511,-0.2109,0.3,0.1405,0.2296,0.6388
53.902,1,RETURN_HOME,-4.2159,4.1924,-2.0482,-1.0549,-0.0014,-0.8303,-1.0549,-0.0014,1.0549,0.0,0.0,5.9456,1.0961098670959473,0.9345094561576843,-43.16,0,1,180,2.165,-0.7082,1.0,0.3516,-0.2125,0.3,0.1406,0.2282,0.6385
53.951,1,RETURN_HOME,-4.2571,4.1931,-2.0459,-1.0553,-0.0,-0.825,-1.0553,-0.0,1.0553,0.0,0.0,5.9754,1.1042287349700928,0.9359294176101685,-43.42,0,1,180,1.67,-0.7124,1.0,0.3518,-0.2137,0.3,0.1407,0.227,0.6401
54.001,1,RETURN_HOME,-4.307,4.1925,-2.0434,-1.0555,0.0008,-0.8187,-0.9555,-0.0992,0.9607,0.0,0.0,6.0106,1.1083297729492188,0.9359815716743469,-41.41,0,1,180,1.681,-0.6407,1.0,0.3202,-0.1922,0.3,0.1281,0.2359,0.4641
54.051,1,RETURN_HOME,-4.3489,4.1908,-2.0414,-1.0559,0.0011,-0.8135,-0.9559,-0.0989,0.961,0.0,0.0,6.0395,1.109978437423706,0.9383597373962402,-44.92,0,1,180,1.614,-0.6449,1.0,0.3203,-0.1935,0.3,0.1281,0.2347,0.4711
54.101,1,RETURN_HOME,-4.3909,4.1894,-2.0395,-1.0567,0.0019,-0.8084,-0.9567,-0.0981,0.9618,0.0,0.0,6.0689,1.1143206357955933,0.9370136857032776,-43.42,0,1,180,1.615,-0.6493,1.0,0.3206,-0.1948,0.3,0.1282,0.2334,0.4742
54.152,1,RETURN_HOME,-4.4402,4.1864,-2.0362,-1.0547,-0.0002,-0.8023,-0.9547,-0.1002,0.9599,0.0,0.0,6.1026,1.1233432292938232,0.9378816485404968,-43.67,0,1,180,1.906,-0.652,1.0,0.32,-0.1956,0.3,0.128,0.2324,0.4808
54.202,1,RETURN_HOME,-4.4808,4.1835,-2.033,-1.0509,-0.0041,-0.7973,-0.9509,-0.1041,0.9566,0.0,0.0,6.1302,1.1246283054351807,0.9389326572418213,-43.42,0,1,180,2.024,-0.6523,1.0,0.3189,-0.1957,0.3,0.1275,0.2318,0.4763
54.251,1,RETURN_HOME,-4.5215,4.1808,-2.03,-1.046,-0.0091,-0.7924,-0.946,-0.1091,0.9523,0.0,0.0,6.1581,1.132566213607788,0.9397686719894409,-43.42,0,1,180,1.797,-0.6516,0.9795,0.3174,-0.1955,0.2938,0.127,0.2253,0.4661
54.302,1,RETURN_HOME,-4.5801,4.1791,-2.0313,-1.039,-0.0163,-0.7856,-0.939,-0.1163,0.9462,0.0,0.0,6.2002,1.1337422132492065,0.939338743686676,-44.67,0,1,180,1.821,-0.6502,0.9637,0.3154,-0.1951,0.2891,0.1262,0.2202,0.4579
54.351,1,RETURN_HOME,-4.6222,4.1782,-2.0332,-1.0339,-0.0215,-0.7808,-1.0339,-0.0215,1.0341,0.0,0.0,6.2307,1.14067804813385,0.9388610124588013,-44.92,0,1,180,1.595,-0.7277,1.0,0.3447,-0.2183,0.3,0.1379,0.2196,0.6354
54.401,1,RETURN_HOME,-4.664,4.1772,-2.0346,-1.0288,-0.0269,-0.776,-1.0288,-0.0269,1.0291,0.0,0.0,6.2611,1.1420893669128418,0.9408446550369263,-46.17,0,1,180,1.843,-0.7272,1.0,0.343,-0.2182,0.3,0.1372,0.2191,0.6264
54.452,1,RETURN_HOME,-4.7111,4.1755,-2.0323,-1.0217,-0.0335,-0.7703,-1.0217,-0.0335,1.0222,0.0,0.0,6.2952,1.1462663412094116,0.9391406774520874,-44.42,0,1,180,1.848,-0.7262,1.0,0.3407,-0.2179,0.3,0.1363,0.2184,0.6162
54.501,1,RETURN_HOME,-4.7578,4.1735,-2.0294,-1.0175,-0.0373,-0.7647,-1.0175,-0.0373,1.0181,0.0,0.0,6.3289,1.1503325700759888,0.9391835331916809,-46.42,0,1,180,1.564,-0.7271,1.0,0.3394,-0.2181,0.3,0.1358,0.2176,0.6126
54.551,1,RETURN_HOME,-4.7972,4.1715,-2.0271,-1.0161,-0.0387,-0.7601,-1.0161,-0.0387,1.0168,0.0,0.0,6.3572,1.155481219291687,0.938880205154419,-44.92,0,1,180,1.688,-0.7291,1.0,0.3389,-0.2187,0.3,0.1356,0.2168,0.6056
54.602,1,RETURN_HOME,-4.8459,4.1683,-2.0249,-1.0162,-0.0396,-0.7546,-1.0162,-0.0396,1.0169,0.0,0.0,6.392,1.159743070602417,0.938486635684967,-47.17,0,1,180,1.591,-0.7322,1.0,0.339,-0.2196,0.3,0.1356,0.2159,0.6068
54.651,1,RETURN_HOME,-4.8864,4.1657,-2.0231,-1.017,-0.0396,-0.75,-1.017,-0.0396,1.0178,0.0,0.0,6.4211,1.1611078977584839,0.9383355975151062,-47.17,0,1,180,1.779,-0.7352,1.0,0.3393,-0.2206,0.3,0.1357,0.2151,0.6071
54.701,1,RETURN_HOME,-4.9268,4.163,-2.022,-1.018,-0.0394,-0.7454,-1.018,-0.0394,1.0188,0.0,0.0,6.4501,1.1665199995040894,0.9370813965797424,-47.42,0,1,180,1.594,-0.7383,1.0,0.3396,-0.2215,0.3,0.1358,0.2143,0.604
54.751,1,RETURN_HOME,-4.9741,4.1584,-2.0229,-1.019,-0.0393,-0.7399,-1.019,-0.0393,1.0197,0.0,0.0,6.4833,1.1689743995666504,0.9363828897476196,-46.17,0,1,180,1.856,-0.7419,1.0,0.3399,-0.2226,0.3,0.136,0.2134,0.6089
54.801,1,RETURN_HOME,-5.0216,4.1542,-2.0235,-1.0198,-0.0391,-0.7345,-1.0198,-0.0391,1.0206,0.0,0.0,6.5172,1.1730211973190308,0.9352269768714905,-46.67,0,1,180,1.657,-0.7455,1.0,0.3402,-0.2236,0.3,0.1361,0.2124,0.6099
54.851,1,RETURN_HOME,-5.0617,4.1517,-2.0228,-1.0206,-0.0387,-0.73,-1.0206,-0.0387,1.0214,0.0,0.0,6.5466,1.1756166219711304,0.934100866317749,-47.42,0,1,180,1.73,-0.7486,1.0,0.3405,-0.2246,0.3,0.1362,0.2116,0.6067
54.902,1,RETURN_HOME,-5.1102,4.1494,-2.0212,-1.0216,-0.038,-0.7247,-1.0216,-0.038,1.0223,0.0,0.0,6.5827,1.1782563924789429,0.9332470893859863,-47.42,0,1,180,1.867,-0.7524,1.0,0.3408,-0.2257,0.3,0.1363,0.2106,0.6105
54.951,1,RETURN_HOME,-5.1507,4.1476,-2.0198,-1.0224,-0.0374,-0.7203,-1.0224,-0.0374,1.0231,0.0,0.0,6.613,1.1801798343658447,0.9339925646781921,-48.17,0,1,180,1.545,-0.7554,1.0,0.341,-0.2266,0.3,0.1364,0.2098,0.6108
55.002,1,RETURN_HOME,-5.1903,4.1459,-2.0194,-1.0227,-0.0367,-0.7158,-0.9227,-0.1367,0.9328,0.0,0.0,6.6429,1.1839662790298462,0.9330392479896545,-49.67,0,1,180,1.767,-0.6815,0.968,0.3109,-0.2044,0.2904,0.1244,0.2103,0.4886
55.051,1,RETURN_HOME,-5.2374,4.144,-2.0194,-1.0231,-0.0353,-0.7106,-0.9231,-0.1353,0.933,0.0,0.0,6.6785,1.1919835805892944,0.9323386549949646,-48.92,0,1,180,1.625,-0.6859,0.9719,0.311,-0.2058,0.2916,0.1244,0.2102,0.4879
55.102,1,RETURN_HOME,-5.2848,4.1422,-2.0192,-1.0233,-0.0344,-0.7053,-0.9233,-0.1344,0.9331,0.0,0.0,6.7147,1.1936346292495728,0.9318265318870544,-47.17,0,1,180,1.737,-0.69,1.0,0.311,-0.207,0.3,0.1244,0.2174,0.4943
55.152,1,RETURN_HOME,-5.3153,4.1414,-2.0197,-1.0215,-0.0355,-0.7018,-0.9215,-0.1355,0.9314,0.0,0.0,6.7383,1.1989532709121704,0.9300321340560913,-48.92,0,1,180,1.885,-0.691,1.0,0.3105,-0.2073,0.3,0.1242,0.2169,0.4993
55.201,1,RETURN_HOME,-5.3609,4.1403,-2.0205,-1.0166,-0.0393,-0.6966,-0.9166,-0.1393,0.9271,0.0,0.0,6.7736,1.2003555297851562,0.9302261471748352,-48.17,0,1,180,1.612,-0.6906,1.0,0.309,-0.2072,0.3,0.1236,0.2164,0.4987
55.251,1,RETURN_HOME,-5.4068,4.1388,-2.0208,-1.0102,-0.045,-0.6915,-0.9102,-0.145,0.9217,0.0,0.0,6.809,1.204753041267395,0.9285088181495667,-49.17,0,1,180,1.626,-0.6885,0.9929,0.3072,-0.2066,0.2979,0.1229,0.2142,0.5015
55.302,1,RETURN_HOME,-5.444,4.1358,-2.0229,-1.0037,-0.0514,-0.6873,-0.9037,-0.1514,0.9163,0.0,0.0,6.8368,1.208190679550171,0.9290157556533813,-49.67,0,1,180,1.768,-0.6854,0.9769,0.3054,-0.2056,0.2931,0.1222,0.2096,0.4931
55.351,1,RETURN_HOME,-5.4889,4.1319,-2.0248,-0.9958,-0.0592,-0.6823,-0.8958,-0.1592,0.9099,0.0,0.0,6.8703,1.2111282348632812,0.9267283082008362,-50.17,0,1,180,1.526,-0.6814,0.9872,0.3033,-0.2044,0.2962,0.1213,0.2131,0.4897
55.401,1,RETURN_HOME,-5.5263,4.1286,-2.0259,-0.9895,-0.0656,-0.6782,-0.8895,-0.1656,0.9048,0.0,0.0,6.8982,1.2112921476364136,0.9263056516647339,-48.92,0,1,180,1.544,-0.6781,0.974,0.3016,-0.2034,0.2922,0.1206,0.2094,0.4831
55.451,1,RETURN_HOME,-5.5625,4.125,-2.0251,-0.9829,-0.072,-0.6742,-0.8829,-0.172,0.8995,0.0,0.0,6.9251,1.2171740531921387,0.924999475479126,-51.67,0,1,180,1.54,-0.6745,0.9857,0.2998,-0.2023,0.2957,0.1199,0.2133,0.4842
55.501,1,RETURN_HOME,-5.6061,4.1205,-2.024,-0.9754,-0.0795,-0.6695,-0.8754,-0.1795,0.8936,0.0,0.0,6.9575,1.2194621562957764,0.9222080707550049,-51.92,0,1,180,1.538,-0.6704,0.9722,0.2979,-0.2011,0.2917,0.1191,0.2097,0.4825
55.551,1,RETURN_HOME,-5.6502,4.116,-2.0222,-0.9684,-0.0866,-0.6648,-0.8684,-0.1866,0.8882,0.0,0.0,6.9904,1.2185853719711304,0.9210376143455505,-49.92,0,1,180,1.631,-0.6666,0.9631,0.2961,-0.2,0.2889,0.1184,0.2074,0.484
55.601,1,RETURN_HOME,-5.6887,4.1125,-2.0186,-0.9635,-0.0919,-0.661,-0.8635,-0.1919,0.8846,0.0,0.0,7.0195,1.2214974164962769,0.9194044470787048,-51.42,0,1,180,1.666,-0.664,0.967,0.2949,-0.1992,0.2901,0.1179,0.2089,0.4859
55.651,1,RETURN_HOME,-5.7347,4.108,-2.0145,-0.9577,-0.0984,-0.6564,-0.8577,-0.1984,0.8803,0.0,0.0,7.0542,1.2236018180847168,0.9151429533958435,-50.42,0,1,180,1.728,-0.6608,0.9595,0.2934,-0.1982,0.2879,0.1174,0.207,0.4803
55.701,1,RETURN_HOME,-5.7744,4.1043,-2.0113,-0.9533,-0.1038,-0.6527,-0.8533,-0.2038,0.8773,0.0,0.0,7.0844,1.225687026977539,0.9125301837921143,-52.17,0,1,180,1.591,-0.6582,0.9631,0.2924,-0.1975,0.2889,0.117,0.2084,0.4801
55.751,1,RETURN_HOME,-5.8161,4.1007,-2.0081,-0.9498,-0.1091,-0.649,-0.8498,-0.2091,0.8752,0.0,0.0,7.1164,1.224233627319336,0.9098080396652222,-51.42,0,1,180,1.782,-0.6559,0.9702,0.2917,-0.1968,0.2911,0.1167,0.211,0.4818
55.801,1,RETURN_HOME,-5.8655,4.0959,-2.0046,-0.9452,-0.1157,-0.6447,-0.8452,-0.2157,0.8723,0.0,0.0,7.154,1.222934603691101,0.9052379131317139,-49.42,0,1,180,1.704,-0.6528,0.971,0.2908,-0.1958,0.2913,0.1163,0.2118,0.4799
55.851,1,RETURN_HOME,-5.9053,4.0922,-2.0024,-0.9406,-0.1212,-0.641,-0.8406,-0.2212,0.8692,0.0,0.0,7.1846,1.2232407331466675,0.9028759598731995,-51.67,0,1,180,1.704,-0.6499,0.9762,0.2897,-0.195,0.2929,0.1159,0.2138,0.4801
55.902,1,RETURN_HOME,-5.9512,4.0883,-2.0007,-0.9342,-0.1276,-0.6367,-0.8342,-0.2276,0.8647,0.0,0.0,7.2201,1.2219032049179077,0.8995932340621948,-51.67,0,1,180,2.257,-0.6461,0.9707,0.2882,-0.1938,0.2912,0.1153,0.2127,0.4707
55.951,1,RETURN_HOME,-5.9891,4.0846,-1.9994,-0.9287,-0.1331,-0.6331,-0.8287,-0.2331,0.8609,0.0,0.0,7.2493,1.2204333543777466,0.8937193155288696,-54.93,0,1,180,1.722,-0.6427,0.9669,0.287,-0.1928,0.2901,0.1148,0.212,0.4281
56.001,1,RETURN_HOME,-6.0336,4.0812,-2.0002,-0.9214,-0.1394,-0.6288,-0.8214,-0.2394,0.8556,0.0,0.0,7.2842,1.2187987565994263,0.8880904912948608,-53.67,0,1,180,1.603,-0.6384,0.9692,0.2852,-0.1915,0.2908,0.1141,0.2133,0.4156
56.051,1,RETURN_HOME,-6.0701,4.0784,-2.0016,-0.915,-0.1447,-0.6252,-0.815,-0.2447,0.851,0.0,0.0,7.313,1.2197623252868652,0.884469211101532,-52.67,0,1,180,1.691,-0.6347,0.9684,0.2837,-0.1904,0.2905,0.1135,0.2136,0.4061
56.101,1,RETURN_HOME,-6.1136,4.0743,-2.003,-0.9077,-0.1511,-0.6209,-0.8077,-0.2511,0.8458,0.0,0.0,7.3469,1.2136237621307373,0.8784728646278381,-53.17,0,1,180,1.744,-0.63,0.9831,0.2819,-0.189,0.2949,0.1128,0.2187,0.3685
56.151,1,RETURN_HOME,-6.1473,4.0673,-2.0006,-0.901,-0.1577,-0.6174,-0.801,-0.2577,0.8414,0.0,0.0,7.3711,1.212064504623413,0.8746240735054016,-55.93,0,1,180,1.767,-0.6249,0.985,0.2805,-0.1875,0.2955,0.1122,0.2202,0.3572
56.201,1,RETURN_HOME,-6.1872,4.0577,-1.9972,-0.8931,-0.1661,-0.6132,-0.7931,-0.2661,0.8365,0.0,0.0,7.3991,1.2078163623809814,0.8701484799385071,-55.68,0,1,180,1.842,-0.6184,0.9904,0.2788,-0.1855,0.2971,0.1115,0.2232,0.3511
56.251,1,RETURN_HOME,-6.2205,4.0496,-1.9946,-0.8866,-0.1729,-0.6098,-0.6866,-0.3729,0.7814,0.0,0.0,7.4226,1.2057950496673584,0.8613359332084656,-53.42,0,1,180,1.701,-0.4761,0.8666,0.2605,-0.1428,0.26,0.1042,0.2213,0.4322
56.301,1,RETURN_HOME,-6.2587,4.0424,-1.9944,-0.8786,-0.1795,-0.6057,-0.6786,-0.3795,0.7775,0.0,0.0,7.4507,1.202419400215149,0.8562571406364441,-54.18,0,1,180,1.599,-0.4683,0.8737,0.2592,-0.1405,0.2621,0.1037,0.2253,0.435
56.351,1,RETURN_HOME,-6.2905,4.0363,-1.9948,-0.8718,-0.1849,-0.6022,-0.6718,-0.3849,0.7743,0.0,0.0,7.4741,1.1979072093963623,0.8524516820907593,-55.68,0,1,180,1.577,-0.4618,0.884,0.2581,-0.1385,0.2652,0.1032,0.2299,0.4393
56.401,1,RETURN_HOME,-6.3223,4.0299,-1.9952,-0.863,-0.1924,-0.5988,-0.663,-0.3924,0.7704,0.0,0.0,7.4974,1.1888680458068848,0.84125155210495,-52.92,0,1,180,1.828,-0.4519,0.9107,0.2568,-0.1356,0.2732,0.1027,0.2404,0.4508
56.451,1,RETURN_HOME,-6.3635,4.0212,-1.9932,-0.8519,-0.2043,-0.5947,-0.6519,-0.4043,0.7671,0.0,0.0,7.5276,1.1828967332839966,0.8381170034408569,-51.17,0,1,180,1.573,-0.4369,0.9117,0.2557,-0.1311,0.2735,0.1023,0.2447,0.4501
56.501,1,RETURN_HOME,-6.3974,4.0133,-1.9916,-0.8414,-0.2156,-0.5914,-0.6414,-0.4156,0.7643,0.0,0.0,7.5521,1.1797481775283813,0.834255576133728,-48.92,0,1,180,1.608,-0.4219,0.9345,0.2548,-0.1266,0.2803,0.1019,0.2557,0.4616
56.551,1,RETURN_HOME,-6.4309,4.005,-1.9902,-0.8301,-0.2278,-0.5881,-0.6301,-0.4278,0.7616,0.0,0.0,7.576,1.175062894821167,0.8331764936447144,-47.67,0,1,180,1.619,-0.4053,0.9312,0.2539,-0.1216,0.2793,0.1016,0.2593,0.4606
56.601,1,RETURN_HOME,-6.4671,3.9932,-1.9877,-0.815,-0.2429,-0.5842,-0.615,-0.4429,0.7579,0.0,0.0,7.6006,1.1625962257385254,0.828542172908783,-43.92,0,1,180,1.705,-0.3834,0.9393,0.2526,-0.115,0.2818,0.101,0.2678,0.4664
56.651,1,RETURN_HOME,-6.4971,3.9829,-1.986,-0.8023,-0.2556,-0.581,-0.6023,-0.4556,0.7552,0.0,0.0,7.6208,1.1579277515411377,0.8292719721794128,-42.16,0,1,180,1.536,-0.3646,0.9377,0.2517,-0.1094,0.2813,0.1007,0.2726,0.466
56.701,1,RETURN_HOME,-6.5269,3.9722,-1.9845,-0.7898,-0.2681,-0.5779,-0.5898,-0.4681,0.753,0.0,0.0,7.6406,1.148074984550476,0.8300818800926208,-40.66,0,1,180,1.548,-0.3459,0.9422,0.251,-0.1038,0.2827,0.1004,0.2793,0.4686
56.751,1,RETURN_HOME,-6.5607,3.9589,-1.985,-0.7739,-0.2831,-0.574,-0.5739,-0.4831,0.7502,0.0,0.0,7.6626,1.1334724426269531,0.82894366979599,-36.91,0,1,180,1.522,-0.3224,0.9768,0.2501,-0.0967,0.293,0.1,0.2964,0.4885
56.801,1,RETURN_HOME,-6.5887,3.9474,-1.9856,-0.761,-0.2954,-0.5709,-0.561,-0.4954,0.7484,0.0,0.0,7.6806,1.1249384880065918,0.8322634100914001,-35.16,0,1,180,1.697,-0.3028,0.9797,0.2495,-0.0908,0.2939,0.0998,0.3029,0.4902
56.851,1,RETURN_HOME,-6.6227,3.9319,-1.9852,-0.7458,-0.3106,-0.5671,-0.5458,-0.5106,0.7474,0.0,0.0,7.702,1.1166517734527588,0.8332051038742065,-33.66,0,1,180,1.781,-0.2792,0.9863,0.2491,-0.0838,0.2959,0.0997,0.3118,0.4935
56.901,1,RETURN_HOME,-6.6518,3.9171,-1.9835,-0.7337,-0.324,-0.5639,-0.5337,-0.524,0.748,0.0,0.0,7.7195,1.0946651697158813,0.8387208580970764,-30.15,0,1,180,1.533,-0.2593,1.0,0.2493,-0.0778,0.3,0.0997,0.3219,0.5042
56.951,1,RETURN_HOME,-6.6862,3.899,-1.9818,-0.7193,-0.34,-0.5602,-0.5193,-0.54,0.7491,0.0,0.0,7.74,1.0851397514343262,0.8410725593566895,-28.65,0,1,180,1.606,-0.2357,1.0,0.2497,-0.0707,0.3,0.0999,0.3292,0.5068
57.001,1,RETURN_HOME,-6.7201,3.8795,-1.982,-0.7046,-0.3561,-0.5564,-0.5046,-0.5561,0.7509,0.0,0.0,7.7595,1.0727124214172363,0.8436728119850159,-27.15,0,1,180,1.721,-0.2117,1.0,0.2503,-0.0635,0.3,0.1001,0.3366,0.5096
57.051,1,RETURN_HOME,-6.7478,3.8623,-1.9834,-0.6922,-0.3696,-0.5533,-0.4922,-0.5696,0.7528,0.0,0.0,7.775,1.047521710395813,0.849980354309082,-23.9,0,1,180,1.556,-0.1915,1.0,0.2509,-0.0575,0.3,0.1004,0.3429,0.526
57.101,1,RETURN_HOME,-6.7804,3.8414,-1.985,-0.6772,-0.3856,-0.5495,-0.4772,-0.5856,0.7554,0.0,0.0,7.793,1.0339924097061157,0.854624330997467,-22.65,0,1,180,1.485,-0.1675,1.0,0.2518,-0.0502,0.3,0.1007,0.3505,0.5286
57.152,1,RETURN_HOME,-6.807,3.8252,-1.9853,-0.6646,-0.3984,-0.5463,-0.4646,-0.5984,0.7576,0.0,0.0,7.8082,1.0228400230407715,0.8607266545295715,-21.14,0,1,180,1.936,-0.1477,1.0,0.2525,-0.0443,0.3,0.101,0.3567,0.5355
57.201,1,RETURN_HOME,-6.8383,3.8056,-1.9855,-0.6496,-0.4136,-0.5424,-0.4496,-0.6136,0.7607,0.0,0.0,7.8259,0.9921521544456482,0.8686766028404236,-18.14,0,1,180,1.631,-0.1243,1.0,0.2536,-0.0373,0.3,0.1014,0.3641,0.5476
57.252,1,RETURN_HOME,-6.8639,3.7887,-1.9858,-0.6371,-0.4263,-0.5391,-0.4371,-0.6263,0.7637,0.0,0.0,7.8401,0.9780568480491638,0.8741220831871033,-16.64,0,1,180,2.164,-0.1048,1.0,0.2546,-0.0314,0.3,0.1018,0.3704,0.5539
57.302,1,RETURN_HOME,-6.8912,3.7733,-1.9813,-0.6254,-0.4382,-0.5358,-0.4254,-0.6382,0.767,0.0,0.0,7.8566,0.9609598517417908,0.8787755966186523,-15.14,0,1,180,1.867,-0.0868,1.0,0.2557,-0.026,0.3,0.1023,0.3762,0.5597
57.351,1,RETURN_HOME,-6.9182,3.7577,-1.9763,-0.6138,-0.4502,-0.5325,-0.4138,-0.6502,0.7707,0.0,0.0,7.8729,0.930199384689331,0.8911968469619751,-12.39,0,1,180,1.606,-0.0691,1.0,0.2569,-0.0207,0.3,0.1028,0.382,0.5773
57.401,1,RETURN_HOME,-6.9497,3.738,-1.9712,-0.5995,-0.4649,-0.5286,-0.3995,-0.6649,0.7757,0.0,0.0,7.8912,0.910060465335846,0.8960660696029663,-10.89,0,1,180,1.61,-0.0476,1.0,0.2586,-0.0143,0.3,0.1034,0.3892,0.5851
57.451,1,RETURN_HOME,-6.9772,3.7186,-1.9662,-0.5883,-0.4783,-0.5252,-0.3883,-0.6783,0.7816,0.0,0.0,7.9063,0.9008648991584778,0.9008648991584778,-9.63,0,1,180,1.519,-0.0302,1.0,0.2605,-0.0091,0.3,0.1042,0.3951,0.597
57.502,1,RETURN_HOME,-7.0042,3.6982,-1.9617,-0.577,-0.492,-0.5219,-0.377,-0.692,0.7881,0.0,0.0,7.9206,0.9067025184631348,0.9067025184631348,-8.38,0,1,180,1.764,-0.013,1.0,0.2627,-0.0039,0.3,0.1051,0.4012,0.6022
57.551,1,RETURN_HOME,-7.0354,3.6732,-1.9573,-0.563,-0.5086,-0.5179,-0.363,-0.7086,0.7962,0.0,0.0,7.9366,0.9169881939888,0.9169881939888,-5.63,0,1,180,1.608,0.0078,1.0,0.2654,0.0023,0.3,0.1062,0.4085,0.6133
57.602,1,RETURN_HOME,-7.0604,3.6539,-1.9496,-0.5505,-0.5215,-0.5145,-0.3505,-0.7215,0.8021,0.0,0.0,7.9498,0.9268996119499207,0.9268996119499207,-4.38,0,1,180,1.708,0.0253,1.0,0.2674,0.0076,0.3,0.1069,0.4145,0.6179
57.651,1,RETURN_HOME,-7.0892,3.6298,-1.9421,-0.5353,-0.537,-0.5104,-0.3353,-0.737,0.8097,0.0,0.0,7.9644,0.9357354640960693,0.9357354640960693,-3.38,0,1,180,1.782,0.0463,1.0,0.2699,0.0139,0.3,0.108,0.4218,0.6291
57.701,1,RETURN_HOME,-7.1123,3.609,-1.9372,-0.5225,-0.5501,-0.5069,-0.3225,-0.7501,0.8164,0.0,0.0,7.9756,0.9465854167938232,0.9465854167938232,-0.63,0,1,180,1.638,0.0635,1.0,0.2721,0.0191,0.3,0.1089,0.4279,0.6478
57.751,1,RETURN_HOME,-7.1352,3.5834,-1.9326,-0.5056,-0.5657,-0.5026,-0.3056,-0.7657,0.8245,0.0,0.0,7.9845,0.9502269625663757,0.9502269625663757,0.63,0,1,180,1.616,0.0856,1.0,0.2748,0.0257,0.3,0.1099,0.4356,0.651
57.802,1,RETURN_HOME,-7.1539,3.5613,-1.9299,-0.4915,-0.579,-0.499,-0.2915,-0.779,0.8317,0.0,0.0,7.9913,0.9586097598075867,0.9586097598075867,1.63,0,1,180,2.081,0.1036,1.0,0.2772,0.0311,0.3,0.1109,0.442,0.6576
57.851,1,RETURN_HOME,-7.1722,3.5387,-1.9281,-0.4777,-0.5923,-0.4954,-0.2777,-0.7923,0.8395,0.0,0.0,7.9976,0.9730227589607239,0.9730227589607239,4.13,0,1,180,1.742,0.121,1.0,0.2798,0.0363,0.3,0.1119,0.4482,0.6763
57.901,1,RETURN_HOME,-7.1922,3.5111,-1.9272,-0.4603,-0.6081,-0.4911,-0.2603,-0.8081,0.849,0.0,0.0,8.0034,0.9810734391212463,0.9810734391212463,5.13,0,1,180,1.716,0.1421,1.0,0.283,0.0426,0.3,0.1132,0.4558,0.6836
57.952,1,RETURN_HOME,-7.2117,3.4825,-1.9273,-0.4433,-0.6241,-0.4867,-0.2433,-0.8241,0.8593,0.0,0.0,8.0085,0.9866771697998047,0.9866771697998047,6.38,0,1,180,1.848,0.1621,1.0,0.2864,0.0486,0.3,0.1146,0.4632,0.6884
58.001,1,RETURN_HOME,-7.229,3.4578,-1.9288,-0.43,-0.6377,-0.4832,-0.23,-0.8377,0.8687,0.0,0.0,8.0134,1.0024174451828003,1.0024174451828003,8.38,0,1,180,1.719,0.1772,1.0,0.2896,0.0532,0.3,0.1158,0.469,0.7086
58.051,1,RETURN_HOME,-7.2477,3.4322,-1.9318,-0.4177,-0.6517,-0.4798,-0.2177,-0.8517,0.8791,0.0,0.0,8.0193,1.007045865058899,1.007045865058899,9.88,0,1,180,1.738,0.1909,1.0,0.293,0.0573,0.3,0.1172,0.4745,0.7165
58.102,1,RETURN_HOME,-7.2693,3.4007,-1.9356,-0.4028,-0.6684,-0.4758,-0.2028,-0.8684,0.8918,0.0,0.0,8.0254,1.0206046104431152,1.0152167081832886,11.14,0,1,180,2.512,0.2067,1.0,0.2973,0.062,0.3,0.1189,0.4809,0.7243
58.151,1,RETURN_HOME,-7.285,3.3744,-1.9386,-0.3899,-0.682,-0.4723,-0.1899,-0.882,0.9022,0.0,0.0,8.0286,1.0490479469299316,1.0310486555099487,13.39,0,1,180,1.739,0.2199,1.0,0.3007,0.066,0.3,0.1203,0.4863,0.742
58.201,1,RETURN_HOME,-7.3008,3.3431,-1.9416,-0.3737,-0.6975,-0.4681,-0.1737,-0.8975,0.9141,0.0,0.0,8.0298,1.0619499683380127,1.0388866662979126,14.64,0,1,180,1.908,0.236,1.0,0.3047,0.0708,0.3,0.1219,0.4927,0.7535
58.251,1,RETURN_HOME,-7.3162,3.3107,-1.9447,-0.3574,-0.7131,-0.4639,-0.1574,-0.9131,0.9266,0.0,0.0,8.0304,1.0745168924331665,1.0453271865844727,15.64,0,1,180,1.885,0.2515,1.0,0.3089,0.0754,0.3,0.1235,0.499,0.7557
58.301,1,RETURN_HOME,-7.3275,3.2874,-1.9475,-0.3471,-0.7241,-0.4611,-0.1471,-0.9241,0.9358,0.0,0.0,8.0311,1.0972005128860474,1.0622007846832275,17.89,0,1,180,1.758,0.2608,1.0,0.3119,0.0783,0.3,0.1248,0.503,0.7786
58.351,1,RETURN_HOME,-7.3444,3.2512,-1.9518,-0.3318,-0.741,-0.4568,-0.1318,-0.941,0.9502,0.0,0.0,8.0319,1.109182596206665,1.070343017578125,19.14,0,1,180,1.668,0.2741,1.0,0.3167,0.0822,0.3,0.1267,0.5089,0.7882
58.402,1,RETURN_HOME,-7.3606,3.2143,-1.956,-0.3164,-0.758,-0.4524,-0.1164,-0.958,0.965,0.0,0.0,8.0318,11.877833366394043,1.0763543844223022,20.14,0,1,180,2.01,0.2868,1.0,0.3217,0.086,0.3,0.1287,0.5147,0.7943
58.451,1,RETURN_HOME,-7.371,3.1915,-1.9604,-0.3059,-0.7681,-0.4494,-0.1059,-0.9681,0.9739,0.0,0.0,8.0323,11.900036811828613,1.0951052904129028,21.9,0,1,180,1.754,0.2952,1.0,0.3246,0.0886,0.3,0.1299,0.5184,0.8158
58.501,1,RETURN_HOME,-7.386,3.1574,-1.9675,-0.29,-0.783,-0.445,-0.09,-0.983,0.9871,0.0,0.0,8.0326,11.907561302185059,1.1021661758422852,21.9,0,1,180,1.688,0.3076,1.0,0.329,0.0923,0.3,0.1316,0.5239,0.8231
58.551,1,RETURN_HOME,-7.4002,3.1221,-1.9738,-0.274,-0.7981,-0.4403,-0.074,-0.9981,1.0009,0.0,0.0,8.0318,11.919258117675781,1.1104680299758911,24.15,0,1,180,1.541,0.3196,1.0,0.3336,0.0959,0.3,0.1334,0.5293,0.8305
58.602,1,RETURN_HOME,-7.4113,3.0936,-1.9744,-0.2604,-0.8105,-0.4363,-0.0604,-1.0105,1.0123,0.0,0.0,8.0311,11.938216209411621,1.1287444829940796,26.65,0,1,180,2.13,0.3294,1.0,0.3374,0.0988,0.3,0.135,0.5338,0.8473
58.651,1,RETURN_HOME,-7.4239,3.0585,-1.974,-0.244,-0.8255,-0.4312,-0.044,-1.0255,1.0264,0.0,0.0,8.0293,11.94884967803955,1.1382755041122437,24.9,0,1,180,1.958,0.3409,1.0,0.3421,0.1023,0.3,0.1369,0.5391,0.854
58.701,1,RETURN_HOME,-7.4358,3.0219,-1.9737,-0.2275,-0.8413,-0.4261,-0.0275,-1.0413,1.0416,0.0,0.0,8.0264,11.95833969116211,1.1463267803192139,26.65,0,1,180,1.552,0.3519,1.0,0.3472,0.1056,0.3,0.1389,0.5444,0.8599
58.752,1,RETURN_HOME,-7.4438,2.9957,-1.973,-0.2167,-0.8525,-0.4228,-0.0167,-1.0525,1.0527,0.0,0.0,8.024,11.977169036865234,1.1625460386276245,26.15,0,1,180,1.906,0.3585,1.0,0.3509,0.1076,0.3,0.1404,0.5479,0.8806
58.801,1,RETURN_HOME,-7.455,2.9556,-1.9723,-0.2004,-0.8697,-0.418,-0.0004,-1.0697,1.0697,0.0,0.0,8.0195,11.983715057373047,1.1693291664123535,25.65,0,1,180,1.8,0.3682,1.0,0.3566,0.1105,0.3,0.1426,0.5531,0.889
58.851,1,RETURN_HOME,-7.4647,2.914,-1.9715,-0.1837,-0.8873,-0.4133,0.0163,-1.0873,1.0874,0.0,0.0,8.0133,11.991695404052734,1.1762653589248657,25.4,0,1,180,1.738,0.3776,1.0,0.3625,0.1133,0.3,0.145,0.5583,0.8956
58.902,1,RETURN_HOME,-7.4697,2.8765,-1.9697,-0.169,-0.9029,-0.4095,0.031,-1.1029,1.1033,0.0,0.0,8.0044,11.999833106994629,1.1835639476776123,25.9,0,1,180,1.93,0.3855,1.0,0.3678,0.1156,0.3,0.1471,0.5627,0.9057
58.951,1,RETURN_HOME,-7.4744,2.8386,-1.9682,-0.1543,-0.9184,-0.4057,0.0457,-1.1184,1.1193,0.0,0.0,7.9953,12.012880325317383,1.1970878839492798,27.4,0,1,180,1.536,0.3929,1.0,0.3731,0.1179,0.3,0.1492,0.5671,0.9304
59.001,1,RETURN_HOME,-7.4798,2.7922,-1.9672,-0.1367,-0.937,-0.4011,0.0633,-1.137,1.1387,0.0,0.0,7.984,12.017437934875488,1.2038785219192505,28.4,0,1,180,1.621,0.4012,1.0,0.3796,0.1204,0.3,0.1518,0.5722,0.9339
59.051,1,RETURN_HOME,-7.4845,2.7522,-1.9672,-0.1225,-0.9529,-0.3974,0.0775,-1.1529,1.1555,0.0,0.0,7.9745,12.022997856140137,1.2142678499221802,29.65,0,1,180,1.489,0.4073,1.0,0.3852,0.1222,0.3,0.1541,0.5763,0.9506
59.101,1,RETURN_HOME,-7.4887,2.7118,-1.9675,-0.1083,-0.9687,-0.3935,0.0917,-1.1687,1.1723,0.0,0.0,7.9646,12.033761024475098,1.2286345958709717,31.9,0,1,180,1.679,0.413,1.0,0.3908,0.1239,0.3,0.1563,0.5802,0.975
59.151,1,RETURN_HOME,-7.4946,2.6626,-1.9686,-0.0917,-0.9875,-0.3886,0.1083,-1.1875,1.1925,0.0,0.0,7.9535,12.041158676147461,1.2390047311782837,33.41,0,1,180,1.771,0.4189,1.0,0.3975,0.1257,0.3,0.159,0.5847,0.9889
59.201,1,RETURN_HOME,-7.5025,2.6126,-1.971,-0.0762,-1.0065,-0.3836,0.1238,-1.2065,1.2128,0.0,0.0,7.9444,12.046554565429688,1.2476592063903809,34.66,0,1,180,1.84,0.4235,1.0,0.4043,0.1271,0.3,0.1617,0.5888,1.0005
59.251,1,RETURN_HOME,-7.5081,2.5704,-1.973,-0.0631,-1.0221,-0.3793,0.1369,-1.2221,1.2297,0.0,0.0,7.936,12.058019638061523,1.266924500465393,36.66,0,1,180,1.974,0.4272,1.0,0.4099,0.1282,0.3,0.164,0.5921,1.0345
59.301,1,RETURN_HOME,-7.5112,2.52,-1.9752,-0.0461,-1.0402,-0.374,0.1539,-1.2402,1.2497,0.0,0.0,7.9226,12.065364837646484,1.2750314474105835,37.66,0,1,180,1.868,0.4324,1.0,0.4166,0.1297,0.3,0.1666,0.5964,1.0519
59.351,1,RETURN_HOME,-7.511,2.478,-1.977,-0.0309,-1.055,-0.3694,0.1691,-1.255,1.2663,0.0,0.0,7.9092,12.073068618774414,1.2875378131866455,39.16,0,1,180,1.743,0.4373,1.0,0.4221,0.1312,0.3,0.1688,0.6,1.0558
59.401,1,RETURN_HOME,-7.5104,2.4355,-1.9787,-0.0158,-1.0697,-0.3647,0.1842,-1.2697,1.283,0.0,0.0,7.8954,12.089258193969727,1.3119843006134033,41.41,0,1,180,1.587,0.4419,1.0,0.4277,0.1326,0.3,0.1711,0.6036,1.0938
59.451,1,RETURN_HOME,-7.5087,2.385,-1.9818,0.0025,-1.0868,-0.3592,0.2025,-1.2868,1.3026,0.0,0.0,7.8784,12.095047950744629,1.3226776123046875,42.41,0,1,180,1.615,0.4472,1.0,0.4342,0.1342,0.3,0.1737,0.6079,1.1168
59.501,1,RETURN_HOME,-7.5062,2.3342,-1.9851,0.0207,-1.1038,-0.3538,0.2207,-1.3038,1.3223,0.0,0.0,7.8607,12.104318618774414,1.3364607095718384,43.67,0,1,180,1.62,0.4522,1.0,0.4408,0.1357,0.3,0.1763,0.612,1.1266
59.551,1,RETURN_HOME,-7.5042,2.2997,-1.9872,0.0328,-1.1152,-0.3501,0.2328,-1.3152,1.3357,0.0,0.0,7.8487,12.125249862670898,1.3636784553527832,45.92,0,1,180,1.587,0.4552,1.0,0.4452,0.1365,0.3,0.1781,0.6146,1.1696
59.601,1,RETURN_HOME,-7.4981,2.2493,-1.992,0.0514,-1.1318,-0.3445,0.2514,-1.3318,1.3553,0.0,0.0,7.8282,12.131897926330566,1.3781068325042725,46.92,0,1,180,1.684,0.46,1.0,0.4518,0.138,0.3,0.1807,0.6187,1.1916
59.651,1,RETURN_HOME,-7.4918,2.2071,-1.9964,0.0672,-1.1456,-0.3398,0.2672,-1.3456,1.3719,0.0,0.0,7.8101,12.144499778747559,1.3931752443313599,48.17,0,1,180,1.554,0.464,1.0,0.4573,0.1392,0.3,0.1829,0.6221,1.2052
59.701,1,RETURN_HOME,-7.4853,2.164,-2.0003,0.0827,-1.1597,-0.3351,0.2827,-1.3597,1.3887,0.0,0.0,7.7918,12.155500411987305,1.408054232597351,49.17,0,1,180,1.87,0.4675,1.0,0.4629,0.1402,0.3,0.1852,0.6254,1.2228
59.751,1,RETURN_HOME,-7.4769,2.1121,-2.0057,0.1014,-1.1762,-0.3294,0.3014,-1.3762,1.4089,0.0,0.0,7.7694,12.178505897521973,1.4412665367126465,51.42,0,1,180,1.564,0.4714,1.0,0.4696,0.1414,0.3,0.1878,0.6293,1.2658
59.802,1,RETURN_HOME,-7.4694,2.0682,-2.01,0.117,-1.1901,-0.3246,0.317,-1.3901,1.4258,0.0,0.0,7.7505,12.188974380493164,1.4597810506820679,52.42,0,1,180,2.049,0.4744,1.0,0.4753,0.1423,0.3,0.1901,0.6324,1.2844
59.851,1,RETURN_HOME,-7.4602,2.0142,-2.0145,0.1354,-1.2071,-0.3188,0.3354,-1.4071,1.4465,0.0,0.0,7.7273,12.20110034942627,1.4756903648376465,53.42,0,1,180,1.9,0.4774,1.0,0.4822,0.1432,0.3,0.1929,0.6361,1.3158
59.901,1,RETURN_HOME,-7.4524,1.9702,-2.0189,0.1506,-1.2204,-0.3137,0.3506,-1.4204,1.4631,0.0,0.0,7.7085,12.22409439086914,1.5115318298339844,55.43,0,1,180,1.661,0.4798,1.0,0.4877,0.1439,0.3,0.1951,0.639,1.3303
59.951,1,RETURN_HOME,-7.4427,1.916,-2.0234,0.1687,-1.2369,-0.3074,0.3687,-1.4369,1.4835,0.0,0.0,7.6854,12.240665435791016,1.5347038507461548,56.43,0,1,180,1.761,0.4822,1.0,0.4945,0.1447,0.3,0.1978,0.6424,1.2342
60.001,1,RETURN_HOME,-7.4342,1.8697,-2.0264,0.1838,-1.251,-0.3023,0.3838,-1.351,1.4044,0.0,0.0,7.6657,12.253592491149902,1.559159755706787,57.43,0,1,180,1.69,0.4996,1.0,0.4681,0.1499,0.3,0.1873,0.6372,1.4029
60.051,1,RETURN_HOME,-7.4257,1.8216,-2.0282,0.1987,-1.2656,-0.2971,0.3987,-1.3656,1.4227,0.0,0.0,7.6458,12.27975845336914,1.6000651121139526,59.43,0,1,180,1.598,0.5009,1.0,0.4751,0.1503,0.3,0.19,0.6403,1.3365
60.101,1,RETURN_HOME,-7.4148,1.7627,-2.0299,0.2168,-1.2836,-0.2908,0.4168,-1.0836,1.161,0.0,0.0,7.6215,12.29412841796875,1.6247268915176392,60.43,0,1,180,1.667,0.5651,1.0,0.4374,0.1695,0.3,0.175,0.6445,1.4408
60.151,1,RETURN_HOME,-7.4052,1.7128,-2.0308,0.2319,-1.2975,-0.2856,0.4319,-1.0975,1.1794,0.0,0.0,7.6007,12.306285858154297,1.6467971801757812,61.43,0,1,180,1.796,0.5665,1.0,0.4454,0.1699,0.3,0.1781,0.6481,1.4545
60.201,1,RETURN_HOME,-7.392,1.6649,-2.0323,0.2482,-1.3093,-0.2806,0.4482,-1.1,1.1878,0.0,0.0,7.5772,12.313740730285645,1.6725447177886963,62.43,0,1,180,1.649,0.5716,1.0,0.4526,0.1715,0.3,0.181,0.6525,1.4991
60.252,1,RETURN_HOME,-7.376,1.6063,-2.0335,0.2674,-1.3158,-0.2749,0.4674,-1.1,1.1952,0.0,0.0,7.5489,12.318582534790039,1.7216145992279053,64.18,0,1,180,1.996,0.578,1.0,0.4605,0.1734,0.3,0.1842,0.6576,1.5447
60.301,1,RETURN_HOME,-7.3619,1.5566,-2.0336,0.2834,-1.3147,-0.2699,0.4834,-1.1,1.2015,0.0,0.0,7.5247,12.31854248046875,1.74445641040802,64.94,0,1,180,1.748,0.583,1.0,0.467,0.1749,0.3,0.1868,0.6617,1.5739
60.352,1,RETURN_HOME,-7.343,1.4955,-2.0307,0.3031,-1.3078,-0.2632,0.5031,-1.1,1.2096,0.0,0.0,7.4938,12.324028015136719,1.7710639238357544,65.69,0,1,180,1.91,0.589,1.0,0.475,0.1767,0.3,0.19,0.6667,1.594
60.402,1,RETURN_HOME,-7.3271,1.4447,-2.0284,0.3196,-1.2988,-0.2573,0.5196,-1.0988,1.2154,0.0,0.0,7.4682,12.351133346557617,1.8259155750274658,67.44,0,1,180,1.766,0.5943,1.0,0.4816,0.1783,0.3,0.1926,0.6709,1.6497
60.451,1,RETURN_HOME,-7.3082,1.384,-2.0259,0.3393,-1.2861,-0.2499,0.5393,-1.0861,1.2126,0.0,0.0,7.438,12.370670318603516,1.8519092798233032,68.19,0,1,180,1.605,0.6036,1.0,0.488,0.1811,0.3,0.1952,0.6763,1.6906
60.501,1,RETURN_HOME,-7.2927,1.3338,-2.0241,0.3555,-1.2752,-0.2436,0.5555,-1.0752,1.2102,0.0,0.0,7.4137,12.397459030151367,1.8785548210144043,68.94,0,1,180,1.632,0.6114,1.0,0.4933,0.1834,0.3,0.1973,0.6807,1.7024
60.551,1,RETURN_HOME,-7.2768,1.2839,-2.0224,0.3718,-1.2649,-0.2371,0.5718,-1.0649,1.2087,0.0,0.0,7.3892,12.467330932617188,1.9380618333816528,70.19,0,1,180,1.558,0.6189,1.0,0.4987,0.1857,0.3,0.1995,0.6852,1.6789
60.601,1,RETURN_HOME,-7.2572,1.2247,-2.0198,0.3915,-1.2538,-0.2295,0.5915,-1.0538,1.2085,0.0,0.0,7.3598,12.506414413452148,1.962591290473938,70.94,0,1,180,1.655,0.6277,1.0,0.5057,0.1883,0.3,0.2023,0.6906,1.6689
60.651,1,RETURN_HOME,-7.2403,1.1758,-2.0174,0.4081,-1.2453,-0.2232,0.6081,-1.0453,1.2094,0.0,0.0,7.3351,12.545331001281738,1.9892196655273438,71.44,0,1,180,1.557,0.6349,1.0,0.5119,0.1905,0.3,0.2048,0.6952,1.6509
60.701,1,RETURN_HOME,-7.2228,1.127,-2.0152,0.4247,-1.2375,-0.2168,0.6247,-1.0375,1.211,0.0,0.0,7.3102,12.637771606445312,2.0455543994903564,72.69,0,1,180,1.533,0.6417,1.0,0.5181,0.1925,0.3,0.2072,0.6998,1.5963
60.751,1,RETURN_HOME,-7.2004,1.0702,-2.0119,0.4447,-1.2277,-0.2093,0.6447,-1.0277,1.2132,0.0,0.0,7.2795,12.680870056152344,2.072606086730957,73.44,0,1,180,1.581,0.6502,1.0,0.5259,0.1951,0.3,0.2104,0.7054,1.5797
60.801,1,RETURN_HOME,-7.1805,1.0241,-2.0087,0.4616,-1.2191,-0.2031,0.6616,-1.0191,1.215,0.0,0.0,7.2531,12.731324195861816,2.1017072200775146,73.69,0,1,180,1.559,0.6575,1.0,0.5326,0.1972,0.3,0.213,0.7103,1.5629
60.851,1,RETURN_HOME,-7.156,0.9688,-2.0054,0.4818,-1.2089,-0.1956,0.6818,-1.0089,1.2177,0.0,0.0,7.2212,12.83548355102539,2.15750789642334,74.94,0,1,180,1.686,0.666,1.0,0.5406,0.1998,0.3,0.2163,0.716,1.5138
60.901,1,RETURN_HOME,-7.1347,0.9241,-2.0026,0.4986,-1.1998,-0.1894,0.6986,-0.9998,1.2197,0.0,0.0,7.1943,12.89015007019043,2.1844322681427,75.44,0,1,180,1.755,0.6733,1.0,0.5475,0.202,0.3,0.219,0.721,1.5041
60.953,1,RETURN_HOME,-7.1083,0.8714,-1.9996,0.5187,-1.1884,-0.1821,0.7187,-0.9884,1.2221,0.0,0.0,7.1615,12.944376945495605,2.2153778076171875,75.95,0,1,180,2.47,0.6821,1.0,0.5558,0.2046,0.3,0.2223,0.7269,1.4925
61.001,1,RETURN_HOME,-7.0858,0.8273,-1.9976,0.5355,-1.1791,-0.176,0.7355,-0.9791,1.2246,0.0,0.0,7.134,13.068872451782227,2.2720789909362793,76.95,0,1,180,1.656,0.6893,1.0,0.5627,0.2068,0.3,0.2251,0.7319,1.449
61.052,1,RETURN_HOME,-7.0622,0.7747,-1.994,0.5539,-1.1682,-0.1688,0.7539,-0.9682,1.2271,0.0,0.0,7.1045,13.13288688659668,2.302297830581665,77.45,0,1,180,1.982,0.6967,1.0,0.57,0.209,0.3,0.228,0.737,1.4381
61.102,1,RETURN_HOME,-7.0422,0.7308,-1.9913,0.5691,-1.1593,-0.1628,0.7691,-0.9593,1.2295,0.0,0.0,7.08,13.19778823852539,2.3271002769470215,77.95,0,1,180,2.056,0.7027,1.0,0.576,0.2108,0.3,0.2304,0.7412,1.4258
61.152,1,RETURN_HOME,-7.0213,0.6869,-1.9891,0.5846,-1.1504,-0.1568,0.7846,-0.9504,1.2325,0.0,0.0,7.0548,13.264657974243164,2.3526530265808105,78.45,0,1,180,1.831,0.7087,1.0,0.5823,0.2126,0.3,0.2329,0.7455,1.4129
61.201,1,RETURN_HOME,-6.9952,0.6338,-1.9894,0.6035,-1.1402,-0.1498,0.8035,-0.9402,1.2367,0.0,0.0,7.0239,13.416133880615234,2.41135311126709,79.2,0,1,180,1.551,0.7156,1.0,0.59,0.2147,0.3,0.236,0.7507,1.3752
61.251,1,RETURN_HOME,-6.9726,0.5897,-1.9903,0.6194,-1.1317,-0.1441,0.8194,-0.9317,1.2407,0.0,0.0,6.9975,13.49100112915039,2.437869071960449,79.7,0,1,180,1.555,0.7213,1.0,0.5967,0.2164,0.3,0.2387,0.7551,1.3617
61.301,1,RETURN_HOME,-6.9444,0.5368,-1.9914,0.6386,-1.1215,-0.1371,0.8386,-0.9215,1.246,0.0,0.0,6.9651,13.567292213439941,2.4677724838256836,80.2,0,1,180,1.735,0.7281,1.0,0.6048,0.2184,0.3,0.2419,0.7603,1.3508
61.351,1,RETURN_HOME,-6.9209,0.4944,-1.9929,0.6545,-1.1124,-0.1313,0.8545,-0.9124,1.2501,0.0,0.0,6.9386,13.744410514831543,2.5289745330810547,80.7,0,1,180,1.588,0.7338,1.0,0.6116,0.2201,0.3,0.2446,0.7648,1.3126
61.401,1,RETURN_HOME,-6.8966,0.4519,-1.9944,0.6704,-1.1034,-0.1254,0.8704,-0.9034,1.2545,0.0,0.0,6.9114,13.831864356994629,2.5567376613616943,81.2,0,1,180,1.581,0.7395,1.0,0.6184,0.2218,0.3,0.2474,0.7692,1.3017
61.451,1,RETURN_HOME,-6.8659,0.4011,-1.9974,0.6897,-1.0925,-0.1183,0.8897,-0.8925,1.2601,0.0,0.0,6.8776,13.921692848205566,2.58132004737854,81.7,0,1,180,1.702,0.7461,1.0,0.6268,0.2238,0.3,0.2507,0.7745,1.2911
61.501,1,RETURN_HOME,-6.8381,0.3586,-2.0048,0.7063,-1.0831,-0.1123,0.9063,-0.8831,1.2654,0.0,0.0,6.8475,14.131386756896973,2.644808769226074,82.2,0,1,180,1.596,0.7518,1.0,0.6342,0.2255,0.3,0.2537,0.7792,1.258
61.551,1,RETURN_HOME,-6.8097,0.3163,-2.0113,0.7228,-1.0738,-0.1062,0.9228,-0.8738,1.2708,0.0,0.0,6.817,14.235669136047363,2.6689841747283936,82.7,0,1,180,1.507,0.7572,1.0,0.6415,0.2272,0.3,0.2566,0.7838,1.2442
61.602,1,RETURN_HOME,-6.7737,0.266,-2.0168,0.7429,-1.0627,-0.0989,0.9429,-0.8627,1.278,0.0,0.0,6.7789,14.347060203552246,2.6960864067077637,83.2,0,1,180,1.707,0.7637,1.0,0.6507,0.2291,0.3,0.2603,0.7894,1.2355
61.651,1,RETURN_HOME,-6.7389,0.2245,-2.0163,0.7612,-1.0532,-0.0928,0.9612,-0.8532,1.2853,0.0,0.0,6.7427,14.593790054321289,2.7547595500946045,83.95,0,1,180,2.008,0.7696,1.0,0.6594,0.2309,0.3,0.2638,0.7946,1.2028
61.701,1,RETURN_HOME,-6.6971,0.1751,-2.0154,0.7828,-1.0418,-0.0856,0.9828,-0.8418,1.294,0.0,0.0,6.6994,14.719615936279297,2.7869021892547607,83.95,0,1,180,1.633,0.7762,1.0,0.6696,0.2329,0.3,0.2679,0.8007,1.1986
61.751,1,RETURN_HOME,-6.6553,0.1262,-2.0144,0.8038,-1.0305,-0.0783,1.0038,-0.8305,1.3028,0.0,0.0,6.6565,14.84776782989502,2.8113248348236084,84.45,0,1,180,1.503,0.7825,1.0,0.6796,0.2347,0.3,0.2718,0.8066,1.1884
61.801,1,RETURN_HOME,-6.6205,0.0859,-2.0134,0.821,-1.021,-0.0723,1.021,-0.821,1.3101,0.0,0.0,6.6211,15.140928268432617,2.869641065597534,85.2,0,1,180,1.833,0.7874,1.0,0.6877,0.2362,0.3,0.2751,0.8113,1.1598
61.851,1,RETURN_HOME,-6.5853,0.0459,-2.0124,0.8381,-1.0115,-0.0664,1.0381,-0.8115,1.3177,0.0,0.0,6.5855,15.286209106445312,2.9018795490264893,85.45,0,1,180,1.645,0.7921,1.0,0.6958,0.2376,0.3,0.2783,0.816,1.1492
61.901,1,RETURN_HOME,-6.5438,-0.0013,-2.0133,0.858,-0.9999,-0.0591,1.058,-0.7999,1.3264,0.0,0.0,6.5438,15.357293128967285,2.926347255706787,85.95,0,1,180,1.522,0.7976,1.0,0.7053,0.2393,0.3,0.2821,0.8214,1.1421
61.951,1,RETURN_HOME,-6.5097,-0.04,-2.0154,0.8742,-0.99,-0.0529,1.0742,-0.79,1.3335,0.0,0.0,6.5098,15.329140663146973,2.959876537322998,85.95,0,1,180,1.592,0.8019,1.0,0.7129,0.2406,0.3,0.2852,0.8257,1.133
62.001,1,RETURN_HOME,-6.4749,-0.0784,-2.0172,0.8905,-0.9802,-0.0467,1.0905,-0.7802,1.3408,0.0,0.0,6.4754,15.276143074035645,3.014986038208008,86.71,0,1,180,1.824,0.8062,1.0,0.7206,0.2419,0.3,0.2883,0.8301,1.1109
62.051,1,RETURN_HOME,-6.4337,-0.1234,-2.0206,0.9097,-0.968,-0.0392,1.1097,-0.768,1.3495,0.0,0.0,6.4349,15.24999713897705,3.0437569618225098,87.21,0,1,180,1.859,0.8112,1.0,0.7298,0.2434,0.3,0.2919,0.8353,1.1049
62.102,1,RETURN_HOME,-6.3996,-0.16,-2.0243,0.9255,-0.9575,-0.033,1.1255,-0.7575,1.3567,0.0,0.0,6.4016,15.219685554504395,3.073974132537842,87.46,0,1,180,1.85,0.8154,1.0,0.7375,0.2446,0.3,0.295,0.8396,1.0962
62.151,1,RETURN_HOME,-6.3575,-0.2037,-2.0279,0.9446,-0.9452,-0.0256,1.1446,-0.7452,1.3658,0.0,0.0,6.3608,15.16320514678955,3.1305010318756104,87.96,0,1,180,1.778,0.8201,1.0,0.7467,0.246,0.3,0.2987,0.8447,1.0792
62.201,1,RETURN_HOME,-6.3139,-0.247,-2.0287,0.964,-0.9329,-0.0185,1.164,-0.7329,1.3755,0.0,0.0,6.3188,15.133565902709961,3.158311367034912,88.21,0,1,180,1.598,0.8248,1.0,0.7563,0.2474,0.3,0.3025,0.8499,1.0783
62.251,1,RETURN_HOME,-6.2767,-0.2828,-2.0287,0.9804,-0.9228,-0.0129,1.1804,-0.7228,1.3841,0.0,0.0,6.283,15.101255416870117,3.1889495849609375,88.46,0,1,180,1.728,0.8285,1.0,0.7645,0.2485,0.3,0.3058,0.8543,1.0704
62.301,1,RETURN_HOME,-6.2386,-0.3185,-2.0284,0.997,-0.9127,-0.0074,1.197,-0.7127,1.3931,0.0,0.0,6.2467,15.043258666992188,3.245821952819824,89.21,0,1,180,1.508,0.832,1.0,0.7727,0.2496,0.3,0.3091,0.8587,1.0544
62.351,1,RETURN_HOME,-6.1949,-0.3604,-2.0314,1.0164,-0.9006,-0.0009,1.2164,-0.7006,1.4037,0.0,0.0,6.2054,15.010699272155762,3.272839307785034,89.46,0,1,180,1.821,0.8361,1.0,0.7825,0.2508,0.3,0.313,0.8638,1.0539
62.402,1,RETURN_HOME,-6.1578,-0.395,-2.0338,1.0327,-0.8904,0.0047,1.2327,-0.6904,1.4129,0.0,0.0,6.1704,14.977437973022461,3.304990530014038,89.71,0,1,180,1.792,0.8394,1.0,0.7907,0.2518,0.3,0.3163,0.8681,1.0518
62.451,1,RETURN_HOME,-6.1195,-0.4294,-2.0357,1.0491,-0.8803,0.0105,1.2491,-0.6803,1.4224,0.0,0.0,6.1346,14.913200378417969,3.3617820739746094,89.96,0,1,180,1.486,0.8426,1.0,0.799,0.2528,0.3,0.3196,0.8724,1.0392
62.501,1,RETURN_HOME,-6.0705,-0.4692,-2.0407,1.0697,-0.8673,0.0175,1.2697,-0.6673,1.4344,0.0,0.0,6.0886,14.882393836975098,3.3909733295440674,90.46,0,1,180,1.853,0.8467,1.0,0.8097,0.254,0.3,0.3239,0.8779,1.0381
62.551,1,RETURN_HOME,-6.0198,-0.5086,-2.0452,1.0906,-0.8543,0.0247,1.1906,-0.6543,1.3585,0.0,0.0,6.0413,14.844715118408203,3.375462770462036,-89.46,0,1,180,1.588,0.8327,1.0,0.7542,0.2498,0.3,0.3017,0.8515,1.0421
62.601,1,RETURN_HOME,-5.9854,-0.5346,-2.0476,1.1044,-0.8457,0.0295,1.2044,-0.6457,1.3666,0.0,0.0,6.0092,14.776655197143555,3.3210909366607666,-90.96,0,1,180,1.843,0.8358,1.0,0.7615,0.2507,0.3,0.3046,0.8553,1.0269
62.651,1,RETURN_HOME,-5.9332,-0.5756,-2.0507,1.1254,-0.8336,0.0367,1.2254,-0.6336,1.3795,0.0,0.0,5.961,14.742449760437012,3.291783094406128,-89.46,0,1,180,1.784,0.8398,1.0,0.7723,0.2519,0.3,0.3089,0.8609,1.0276
62.701,1,RETURN_HOME,-5.8888,-0.6092,-2.0524,1.141,-0.8236,0.0427,1.241,-0.6236,1.3889,0.0,0.0,5.9202,14.702651023864746,3.262561798095703,-90.46,0,1,180,1.729,0.8426,1.0,0.7802,0.2528,0.3,0.3121,0.8648,1.0262
62.751,1,RETURN_HOME,-5.8437,-0.6425,-2.0535,1.1548,-0.8137,0.0486,1.2548,-0.6137,1.3968,0.0,0.0,5.8789,14.665144920349121,3.235989809036255,-89.96,0,1,180,1.937,0.8449,1.0,0.7868,0.2535,0.3,0.3147,0.8682,1.0249
62.801,1,RETURN_HOME,-5.7898,-0.6827,-2.0547,1.1693,-0.802,0.0556,1.2693,-0.602,1.4048,0.0,0.0,5.8299,14.588489532470703,3.1835439205169678,-92.21,0,1,180,1.759,0.8471,1.0,0.7934,0.2541,0.3,0.3174,0.8715,1.0162
62.851,1,RETURN_HOME,-5.7349,-0.7222,-2.0551,1.1829,-0.7901,0.0627,1.2829,-0.5901,1.4121,0.0,0.0,5.7802,14.546765327453613,3.153996706008911,-93.96,0,1,180,1.865,0.8492,1.0,0.7994,0.2548,0.3,0.3198,0.8745,1.0151
62.902,1,RETURN_HOME,-5.6884,-0.7551,-2.0555,1.194,-0.7801,0.0687,1.294,-0.5801,1.4181,0.0,0.0,5.7383,14.51063346862793,3.128142833709717,-92.71,0,1,180,1.758,0.8507,1.0,0.8043,0.2552,0.3,0.3217,0.8769,1.0149
62.952,1,RETURN_HOME,-5.6318,-0.7947,-2.0562,1.2072,-0.7683,0.0761,1.2072,-0.5683,1.3343,0.0,0.0,5.6875,14.436589241027832,3.0769431591033936,-93.46,0,1,180,1.763,0.8364,1.0,0.744,0.2509,0.3,0.2976,0.8485,1.0085
63.001,1,RETURN_HOME,-5.5839,-0.8269,-2.0563,1.2185,-0.7582,0.0824,1.2185,-0.5582,1.3403,0.0,0.0,5.6448,14.394326210021973,3.049290418624878,-91.96,0,1,180,1.713,0.8383,1.0,0.749,0.2515,0.3,0.2996,0.8511,1.0065
63.052,1,RETURN_HOME,-5.5358,-0.8595,-2.056,1.2303,-0.7482,0.0888,1.2303,-0.5482,1.3469,0.0,0.0,5.6021,14.35537052154541,3.02419114112854,-92.96,0,1,180,2.339,0.8402,1.0,0.7544,0.252,0.3,0.3018,0.8538,1.0061
63.101,1,RETURN_HOME,-5.4777,-0.8992,-2.0553,1.2419,-0.7367,0.0966,1.2419,-0.5367,1.3529,0.0,0.0,5.551,14.278586387634277,2.975168228149414,-94.21,0,1,180,1.66,0.8416,1.0,0.7591,0.2525,0.3,0.3036,0.8561,1.0006
63.152,1,RETURN_HOME,-5.4288,-0.9314,-2.0544,1.2498,-0.7268,0.1031,1.2498,-0.5268,1.3563,0.0,0.0,5.5081,14.231612205505371,2.9485585689544678,-95.71,0,1,180,2.143,0.8425,1.0,0.7618,0.2528,0.3,0.3047,0.8575,0.9998
63.202,1,RETURN_HOME,-5.3682,-0.9698,-2.052,1.2585,-0.7149,0.1108,1.2585,-0.5149,1.3597,0.0,0.0,5.4551,14.192312240600586,2.9254519939422607,-95.46,0,1,180,2.201,0.8435,1.0,0.7646,0.253,0.3,0.3058,0.8589,1.0038
63.251,1,RETURN_HOME,-5.3163,-1.0015,-2.0493,1.2654,-0.7049,0.1172,1.2654,-0.5049,1.3624,0.0,0.0,5.4098,14.111540794372559,2.87959623336792,-95.71,0,1,180,1.765,0.8441,1.0,0.7667,0.2532,0.3,0.3067,0.8599,1.0007
63.301,1,RETURN_HOME,-5.2539,-1.0385,-2.0459,1.2731,-0.6927,0.125,1.2731,-0.4927,1.3651,0.0,0.0,5.3556,14.068146705627441,2.8537707328796387,-95.71,0,1,180,1.605,0.8449,1.0,0.769,0.2535,0.3,0.3076,0.8611,1.0045
63.351,1,RETURN_HOME,-5.2028,-1.0692,-2.0437,1.2788,-0.6825,0.1316,1.2788,-0.4825,1.3668,0.0,0.0,5.3115,14.027969360351562,2.8314552307128906,-95.96,0,1,180,1.914,0.8454,1.0,0.7704,0.2536,0.3,0.3081,0.8618,1.0071
63.401,1,RETURN_HOME,-5.1517,-1.0992,-2.0415,1.2844,-0.6721,0.1383,1.2844,-0.4721,1.3684,0.0,0.0,5.2676,13.94762134552002,2.787480115890503,-96.21,0,1,180,1.733,0.846,1.0,0.7717,0.2538,0.3,0.3087,0.8625,1.0089
63.451,1,RETURN_HOME,-5.09,-1.1343,-2.0388,1.2913,-0.6593,0.1462,1.2913,-0.4593,1.3706,0.0,0.0,5.2148,13.901945114135742,2.76334547996521,-97.72,0,1,180,1.684,0.8467,1.0,0.7737,0.254,0.3,0.3095,0.8635,1.0151
63.502,1,RETURN_HOME,-5.0305,-1.172,-2.0406,1.2974,-0.6474,0.1541,1.2974,-0.4474,1.3723,0.0,0.0,5.1652,13.862421035766602,2.742677688598633,-98.22,0,1,180,1.956,0.8467,1.0,0.7747,0.254,0.3,0.3099,0.8639,1.0198
63.551,1,RETURN_HOME,-4.9808,-1.2029,-2.0423,1.3024,-0.6374,0.1607,1.3024,-0.4374,1.3739,0.0,0.0,5.124,13.78093147277832,2.700943946838379,-98.97,0,1,180,1.807,0.8467,1.0,0.7755,0.254,0.3,0.3102,0.8642,1.024
63.601,1,RETURN_HOME,-4.9206,-1.2386,-2.0438,1.3085,-0.6252,0.1691,1.3085,-0.4252,1.3759,0.0,0.0,5.0741,13.735698699951172,2.6774332523345947,-97.97,0,1,180,1.867,0.8468,1.0,0.7768,0.2541,0.3,0.3107,0.8648,1.0285
63.651,1,RETURN_HOME,-4.8689,-1.2696,-2.0383,1.3144,-0.6158,0.1764,1.3144,-0.4158,1.3786,0.0,0.0,5.0317,13.696166038513184,2.6581029891967773,-98.22,0,1,180,1.832,0.8465,1.0,0.7779,0.2539,0.3,0.3112,0.8651,1.0304
63.701,1,RETURN_HOME,-4.8065,-1.3053,-2.0322,1.3214,-0.604,0.1852,1.3214,-0.404,1.3818,0.0,0.0,4.9806,13.612858772277832,2.618818521499634,-98.47,0,1,180,1.708,0.8463,1.0,0.7796,0.2539,0.3,0.3118,0.8657,1.0342
63.751,1,RETURN_HOME,-4.7539,-1.3337,-2.0279,1.3274,-0.5936,0.1927,1.3274,-0.3936,1.3845,0.0,0.0,4.9374,13.563944816589355,2.5991947650909424,-100.47,0,1,180,1.738,0.8463,1.0,0.7812,0.2539,0.3,0.3125,0.8664,1.0404
63.801,1,RETURN_HOME,-4.6892,-1.3657,-2.0251,1.3347,-0.58,0.202,1.3347,-0.38,1.3877,0.0,0.0,4.884,13.524295806884766,2.579944133758545,-100.22,0,1,180,1.614,0.8468,1.0,0.7834,0.254,0.3,0.3134,0.8674,1.0483
63.851,1,RETURN_HOME,-4.6352,-1.3914,-2.0229,1.3408,-0.5685,0.2097,1.3408,-0.3685,1.3905,0.0,0.0,4.8395,13.442941665649414,2.543117046356201,-100.97,0,1,180,1.947,0.8473,1.0,0.7855,0.2542,0.3,0.3142,0.8684,1.0619
63.902,1,RETURN_HOME,-4.5807,-1.4162,-2.0216,1.3469,-0.5569,0.2174,1.3469,-0.3569,1.3934,0.0,0.0,4.7946,13.398561477661133,2.523253917694092,-101.72,0,1,180,1.676,0.8479,1.0,0.7876,0.2544,0.3,0.315,0.8694,1.074
63.951,1,RETURN_HOME,-4.5141,-1.4444,-2.0236,1.3548,-0.5429,0.2265,1.3548,-0.3429,1.3975,0.0,0.0,4.7396,13.356706619262695,2.5062859058380127,-102.72,0,1,180,1.761,0.8485,1.0,0.7906,0.2546,0.3,0.3162,0.8708,1.0848
64.002,1,RETURN_HOME,-4.4586,-1.4672,-2.0249,1.3613,-0.5312,0.2342,1.3613,-0.3312,1.401,0.0,0.0,4.6937,13.277151107788086,2.472625255584717,-102.22,0,1,180,1.715,0.8491,1.0,0.793,0.2547,0.3,0.3172,0.8719,1.1044
64.051,1,RETURN_HOME,-4.3912,-1.4945,-2.0268,1.3687,-0.5173,0.2434,1.3687,-0.3173,1.405,0.0,0.0,4.6385,13.233734130859375,2.4547178745269775,-103.72,0,1,180,1.738,0.8495,1.0,0.7957,0.2548,0.3,0.3183,0.8731,1.1193
64.102,1,RETURN_HOME,-4.3233,-1.5215,-2.0287,1.3759,-0.5035,0.2528,1.3759,-0.3035,1.409,0.0,0.0,4.5832,13.197093963623047,2.4384195804595947,-102.22,0,1,180,2.088,0.8496,1.0,0.7981,0.2549,0.3,0.3192,0.8741,1.131
64.151,1,RETURN_HOME,-4.2666,-1.5432,-2.0298,1.3817,-0.4919,0.2608,1.3817,-0.2919,1.4122,0.0,0.0,4.5372,10.91619873046875,2.4072282314300537,-103.22,0,1,180,1.923,0.8497,1.0,0.8,0.2549,0.3,0.32,0.8749,1.1564
64.202,1,RETURN_HOME,-4.2101,-1.5631,-2.0321,1.3872,-0.4795,0.2688,1.3872,-0.2795,1.4151,0.0,0.0,4.4909,10.78111743927002,2.3891348838806152,-105.22,0,1,180,1.893,0.8503,1.0,0.8021,0.2551,0.3,0.3209,0.8759,1.1738
64.251,1,RETURN_HOME,-4.1422,-1.5853,-2.0353,1.3937,-0.4639,0.2787,1.3937,-0.2639,1.4184,0.0,0.0,4.4352,10.660269737243652,2.3752684593200684,-104.97,0,1,180,1.601,0.8511,1.0,0.8049,0.2553,0.3,0.3219,0.8773,1.1945
64.301,1,RETURN_HOME,-4.0856,-1.6032,-2.0372,1.3991,-0.451,0.287,1.3991,-0.251,1.4214,0.0,0.0,4.3889,10.426313400268555,2.3466334342956543,-106.22,0,1,180,1.776,0.8518,1.0,0.8071,0.2555,0.3,0.3229,0.8784,1.2233
64.35,1,RETURN_HOME,-4.0155,-1.6231,-2.0373,1.4062,-0.4354,0.297,1.4062,-0.2354,1.4258,0.0,0.0,4.3312,10.298638343811035,2.331057071685791,-105.72,0,1,180,1.056,0.8525,1.0,0.8103,0.2558,0.3,0.3241,0.8799,1.2423
64.401,1,RETURN_HOME,-3.9564,-1.639,-2.0365,1.4124,-0.4225,0.3054,1.4124,-0.2225,1.4298,0.0,0.0,4.2825,10.190472602844238,2.31876802444458,-105.72,0,1,180,1.167,0.8531,1.0,0.8132,0.2559,0.3,0.3253,0.8812,1.2603
64.45,1,RETURN_HOME,-3.8974,-1.6544,-2.0354,1.4186,-0.4096,0.3138,1.4186,-0.2096,1.434,0.0,0.0,4.234,10.078873634338379,2.3052570819854736,-105.47,0,1,180,1.046,0.8535,1.0,0.8159,0.256,0.3,0.3264,0.8824,1.2771
64.502,1,RETURN_HOME,-3.8256,-1.672,-2.0368,1.4263,-0.394,0.3241,1.4263,-0.194,1.4395,0.0,0.0,4.175,9.853318214416504,2.2792508602142334,-105.97,0,1,180,1.455,0.854,1.0,0.8195,0.2562,0.3,0.3278,0.884,1.3173
64.551,1,RETURN_HOME,-3.7656,-1.6861,-2.038,1.4328,-0.381,0.3327,1.4328,-0.181,1.4442,0.0,0.0,4.1259,9.750194549560547,2.266793727874756,-107.47,0,1,180,1.084,0.8543,1.0,0.8225,0.2563,0.3,0.329,0.8853,1.3383
64.601,1,RETURN_HOME,-3.6938,-1.7026,-2.0387,1.4403,-0.3653,0.3431,1.4403,-0.1653,1.4498,0.0,0.0,4.0673,9.650141716003418,2.255478858947754,-108.73,0,1,180,1.325,0.8545,1.0,0.8259,0.2564,0.3,0.3304,0.8867,1.3601
64.651,1,RETURN_HOME,-3.6361,-1.7137,-2.0307,1.4453,-0.3516,0.3519,1.4453,-0.1516,1.4532,0.0,0.0,4.0197,9.441688537597656,2.2314798831939697,-109.48,0,1,180,1.076,0.8551,1.0,0.8285,0.2565,0.3,0.3314,0.8879,1.3978
64.701,1,RETURN_HOME,-3.5666,-1.7269,-2.022,1.4513,-0.3353,0.3624,1.4513,-0.1353,1.4576,0.0,0.0,3.9627,9.344408988952637,2.220576524734497,-110.23,0,1,180,1.093,0.8557,1.0,0.8315,0.2567,0.3,0.3326,0.8893,1.4198
64.75,1,RETURN_HOME,-3.5085,-1.7376,-2.0154,1.4564,-0.3216,0.3713,1.4564,-0.1216,1.4615,0.0,0.0,3.9152,9.253003120422363,2.2100942134857178,-110.23,0,1,180,1.01,0.8561,1.0,0.8341,0.2568,0.3,0.3336,0.8905,1.4421
64.8,1,RETURN_HOME,-3.4387,-1.7542,-2.012,1.4624,-0.307,0.382,1.4624,-0.107,1.4663,0.0,0.0,3.8603,9.056930541992188,2.1892480850219727,-109.98,0,1,180,1.096,0.8553,1.0,0.8361,0.2566,0.3,0.3344,0.891,1.4874
64.85,1,RETURN_HOME,-3.3804,-1.7673,-2.0095,1.4676,-0.2946,0.3909,1.4676,-0.0946,1.4707,0.0,0.0,3.8145,8.97188949584961,2.1793205738067627,-112.48,0,1,180,1.032,0.8545,1.0,0.8378,0.2564,0.3,0.3351,9980.1577,1.5083
64.901,1,RETURN_HOME,-3.3106,-1.7818,-2.0071,1.4738,-0.2793,0.4016,1.4738,-0.0793,1.4759,0.0,0.0,3.7596,8.882657051086426,2.1702401638031006,-110.48,0,1,180,1.239,0.8538,1.0,0.8401,0.2561,0.3,0.336,9980.4015,1.5279
64.951,1,RETURN_HOME,-3.2532,-1.7926,-2.0057,1.4782,-0.2659,0.4108,1.4782,-0.0659,1.4797,0.0,0.0,3.7144,8.7062349319458,2.153419017791748,-110.98,0,1,180,1.106,0.8535,1.0,0.8419,0.256,0.3,0.3368,9980.6049,1.5742
65.001,1,RETURN_HOME,-3.1955,-1.8028,-2.0044,1.4828,-0.2524,0.4201,1.4828,-0.0524,1.4837,0.0,0.0,3.669,8.624030113220215,2.1447408199310303,-113.48,0,1,180,1.076,0.8531,1.0,0.8438,0.2559,0.3,0.3375,9980.7916,1.5981
65.051,1,RETURN_HOME,-3.1257,-1.8148,-2.0043,1.4883,-0.2361,0.4313,1.4883,-0.0361,1.4887,0.0,0.0,3.6143,8.540421485900879,2.1372323036193848,-114.73,0,1,180,1.153,0.8524,1.0,0.8459,0.2557,0.3,0.3384,9981.0592,1.6238
65.101,1,RETURN_HOME,-3.0668,-1.8247,-2.0061,1.4931,-0.2225,0.4404,1.4931,-0.0225,1.4933,0.0,0.0,3.5686,8.375272750854492,2.122079849243164,-114.48,0,1,180,1.146,0.8516,1.0,0.8478,0.2555,0.3,0.3391,9981.2789,1.6714
65.151,1,RETURN_HOME,-3.0076,-1.8339,-2.0077,1.4981,-0.2087,0.4491,1.4981,-0.0087,1.4981,0.0,0.0,3.5226,8.293445587158203,2.116401195526123,-112.98,0,1,180,1.195,0.8508,1.0,0.8497,0.2552,0.3,0.3399,9981.4845,1.6995
65.2,1,RETURN_HOME,-2.9388,-1.8435,-2.01,1.5034,-0.1926,0.4597,1.4034,0.0074,1.4034,0.0,0.0,3.4691,8.21829605102539,2.109851121902466,-114.73,0,1,180,0.883,0.8499,1.0,0.7952,0.255,0.3,0.3181,9981.5721,1.7385
65.25,1,RETURN_HOME,-2.8829,-1.8504,-2.0122,1.5073,-0.1792,0.4687,1.4073,0.0208,1.4075,0.0,0.0,3.4257,8.058660507202148,2.0964016914367676,-115.98,0,1,180,0.867,0.8495,1.0,0.7971,0.2548,0.3,0.3188,9981.807,1.7872
65.3,1,RETURN_HOME,-2.8148,-1.8581,-2.0142,1.5128,-0.1633,0.4796,1.4128,0.0367,1.4133,0.0,0.0,3.3728,7.982490539550781,2.0925188064575195,-116.48,0,1,180,0.859,0.8486,1.0,0.7995,0.2546,0.3,0.3198,9982.0659,1.7934
65.35,1,RETURN_HOME,-2.7565,-1.8641,-2.015,1.516,-0.1503,0.4889,1.416,0.0497,1.4169,0.0,0.0,3.3276,7.909012794494629,2.0875015258789062,-115.98,0,1,180,0.835,0.8475,1.0,0.8005,0.2542,0.3,0.3202,9982.2531,1.7919
65.401,1,RETURN_HOME,-2.6852,-1.8709,-2.0152,1.5182,-0.1351,0.5004,1.4182,0.0649,1.4197,0.0,0.0,3.2727,7.752383708953857,2.078514575958252,-118.48,0,1,180,0.987,0.8458,1.0,0.8005,0.2537,0.3,0.3202,9982.4438,1.7878
65.45,1,RETURN_HOME,-2.6255,-1.8759,-2.0152,1.5186,-0.1221,0.5103,1.3186,0.0779,1.3209,0.0,0.0,3.2269,7.679186820983887,2.0742526054382324,-119.49,0,1,180,0.858,0.8465,1.0,0.7454,0.254,0.3,0.2982,9982.6194,1.7859
65.5,1,RETURN_HOME,-2.5556,-1.8803,-2.0122,1.5173,-0.1056,0.5223,1.3173,0.0944,1.3207,0.0,0.0,3.1728,7.6089186668396,2.0717735290527344,-119.24,0,1,180,0.848,0.8458,1.0,0.7447,0.2537,0.3,0.2979,9982.8866,1.7839
65.551,1,RETURN_HOME,-2.4978,-1.8831,-2.0087,1.5155,-0.0916,0.5324,1.3155,0.1084,1.32,0.0,0.0,3.1281,7.458985805511475,2.0660128593444824,-119.24,0,1,180,0.849,0.8452,1.0,0.7438,0.2536,0.3,0.2975,9983.103,1.7846
65.601,1,RETURN_HOME,-2.4397,-1.8856,-2.0056,1.5119,-0.0778,0.5428,1.3119,0.1222,1.3176,0.0,0.0,3.0834,7.387641906738281,2.0635077953338623,-118.99,0,1,180,1.367,0.8445,1.0,0.7418,0.2534,0.3,0.2967,9983.3023,1.7827
65.65,1,RETURN_HOME,-2.3694,-1.8873,-2.0017,1.5055,-0.0613,0.5557,1.3055,0.1387,1.3128,0.0,0.0,3.0292,7.317142486572266,2.061880588531494,-121.24,0,1,180,0.911,0.8436,1.0,0.7384,0.2531,0.3,0.2953,9983.5338,1.785
65.7,1,RETURN_HOME,-2.2991,-1.8884,-1.9983,1.4975,-0.0447,0.569,1.2975,0.1553,1.3068,0.0,0.0,2.9752,7.1717848777771,2.058149576187134,-121.49,0,1,180,1.019,0.8427,1.0,0.7342,0.2528,0.3,0.2937,9983.7546,1.7852
65.751,1,RETURN_HOME,-2.2406,-1.8889,-1.9958,1.4903,-0.0308,0.5803,1.2903,0.1692,1.3013,0.0,0.0,2.9306,7.1030426025390625,2.0578129291534424,-122.24,0,1,180,1.105,0.8419,1.0,0.7304,0.2526,0.3,0.2921,9983.9369,1.7876
65.8,1,RETURN_HOME,-2.1658,-1.8902,-1.991,1.4826,-0.0144,0.5941,1.2826,0.1856,1.296,0.0,0.0,2.8746,7.03415584564209,2.0578815937042236,-121.49,0,1,180,1.057,0.8398,1.0,0.7256,0.252,0.3,0.2902,9984.1703,1.7904
65.85,1,RETURN_HOME,-2.104,-1.8905,-1.9875,1.4762,-0.0003,0.6054,1.2762,0.1997,1.2918,0.0,0.0,2.8285,6.89558744430542,2.056185483932495,-122.99,0,1,180,1.065,0.8382,1.0,0.7218,0.2515,0.3,0.2887,9984.3597,1.794
65.9,1,RETURN_HOME,-2.0304,-1.8896,-1.9839,1.4686,0.0168,0.619,1.2686,0.2168,1.287,0.0,0.0,2.7737,6.827651500701904,2.0580148696899414,-122.74,0,1,180,1.066,0.8363,1.0,0.7176,0.2509,0.3,0.287,9984.5814,1.7968
65.951,1,RETURN_HOME,-1.9692,-1.8864,-1.9811,1.4626,0.0321,0.6303,1.2626,0.2321,1.2838,0.0,0.0,2.727,6.762596130371094,2.05995774269104,-124.24,0,1,180,1.063,0.8353,1.0,0.7149,0.2506,0.3,0.2859,9984.787,1.8018
66.001,1,RETURN_HOME,-1.9085,-1.8828,-1.9787,1.4565,0.0473,0.6419,1.2565,0.2473,1.2806,0.0,0.0,2.6809,6.697969913482666,2.0611701011657715,-125.49,0,1,180,1.075,0.8341,1.0,0.7121,0.2502,0.3,0.2849,9984.9765,1.8062
66.051,1,RETURN_HOME,-1.8354,-1.8764,-1.9756,1.4497,0.0663,0.6554,1.2497,0.2663,1.2777,0.0,0.0,2.6248,6.561110973358154,2.0662832260131836,-126.24,0,1,180,1.066,0.8329,1.0,0.7095,0.2499,0.3,0.2838,9985.2062,1.8142
66.102,1,RETURN_HOME,-1.7738,-1.8686,-1.9721,1.4442,0.0829,0.6671,1.2442,0.2829,1.2759,0.0,0.0,2.5764,6.496165752410889,2.0688109397888184,-127.24,0,1,180,1.379,0.8322,1.0,0.7079,0.2497,0.3,0.2831,9985.4524,1.8208
66.151,1,RETURN_HOME,-1.7009,-1.8591,-1.9688,1.4372,0.1025,0.6818,1.2372,0.3025,1.2736,0.0,0.0,2.5197,6.364706516265869,2.0757720470428467,-128.99,0,1,180,1.097,0.831,1.0,0.7055,0.2493,0.3,0.2822,9985.744,1.8319
66.201,1,RETURN_HOME,-1.6312,-1.8507,-1.9663,1.4289,0.121,0.697,1.2289,0.321,1.2702,0.0,0.0,2.467,6.299367427825928,2.0787534713745117,-128.49,0,1,180,1.049,0.8294,1.0,0.7023,0.2488,0.3,0.2809,9985.9867,1.8401
66.251,1,RETURN_HOME,-1.5754,-1.8444,-1.9649,1.4212,0.1358,0.7101,1.2212,0.3358,1.2665,0.0,0.0,2.4256,6.237703323364258,2.0841305255889893,-130.25,0,1,180,1.037,0.8278,1.0,0.699,0.2484,0.3,0.2796,9986.1585,1.8459
66.301,1,RETURN_HOME,-1.5086,-1.8362,-1.9636,1.4119,0.1534,0.7262,1.2119,0.3534,1.2624,0.0,0.0,2.3765,6.106036186218262,2.0945498943328857,-131.0,0,1,180,1.088,0.8258,1.0,0.6949,0.2477,0.3,0.278,9986.3461,1.8611
66.351,1,RETURN_HOME,-1.4513,-1.8283,-1.9665,1.405,0.1684,0.7399,1.205,0.3684,1.2601,0.0,0.0,2.3343,6.043699264526367,2.1005430221557617,-130.75,0,1,180,1.174,0.8236,1.0,0.6918,0.2471,0.3,0.2767,9986.4859,1.8703
66.401,1,RETURN_HOME,-1.3825,-1.8182,-1.9708,1.397,0.1865,0.7567,1.197,0.3865,1.2578,0.0,0.0,2.2841,5.984781265258789,2.1052887439727783,-132.0,0,1,180,1.795,0.8206,1.0,0.6881,0.2462,0.3,0.2752,9986.6544,1.8773
66.451,1,RETURN_HOME,-1.3255,-1.8093,-1.9741,1.3902,0.2014,0.771,1.1902,0.4014,1.2561,0.0,0.0,2.2429,5.857519626617432,2.1179885864257812,-134.25,0,1,180,1.89,0.8178,1.0,0.6848,0.2453,0.3,0.2739,9986.825,1.8974
66.501,1,RETURN_HOME,-1.2572,-1.799,-1.9746,1.3824,0.2184,0.7887,1.1824,0.4184,1.2542,0.0,0.0,2.1948,5.798829078674316,2.1261963844299316,-133.5,0,1,180,1.539,0.8135,1.0,0.6802,0.244,0.3,0.2721,9986.9853,1.9043
66.551,1,RETURN_HOME,-1.2008,-1.7901,-1.9745,1.3755,0.2325,0.8041,1.1755,0.4325,1.2525,0.0,0.0,2.1555,5.737267017364502,2.1340909004211426,-134.5,0,1,180,1.817,0.8096,1.0,0.676,0.2429,0.3,0.2704,9987.0983,1.9148
66.601,1,RETURN_HOME,-1.1447,-1.7807,-1.9745,1.3684,0.2467,0.8198,1.1684,0.4467,1.2509,0.0,0.0,2.1169,5.6814188957214355,2.142332077026367,-135.0,0,1,180,1.732,0.8055,1.0,0.6717,0.2416,0.3,0.2687,9987.1967,1.9237
66.651,1,RETURN_HOME,-1.0764,-1.77,-1.9748,1.3602,0.263,0.8391,1.1602,0.463,1.2492,0.0,0.0,2.0716,5.559317588806152,2.162623882293701,-134.5,0,1,180,1.742,0.7993,1.0,0.6656,0.2398,0.3,0.2663,9987.2649,1.9483
66.702,1,RETURN_HOME,-1.0199,-1.7605,-1.9751,1.3532,0.2769,0.8555,1.1532,0.4769,1.2479,0.0,0.0,2.0346,5.502264976501465,2.172096014022827,-134.5,0,1,180,1.8,0.7939,1.0,0.6604,0.2382,0.3,0.2642,9987.3205,1.9585
66.752,1,RETURN_HOME,-0.9527,-1.7482,-1.9756,1.3445,0.2937,0.8755,1.1445,0.4937,1.2464,0.0,0.0,1.991,5.447666168212891,2.1821508407592773,-134.75,0,1,180,2.172,0.7872,1.0,0.6541,0.2362,0.3,0.2617,9987.4477,1.9699
66.801,1,RETURN_HOME,-0.901,-1.7373,-1.9779,1.3357,0.3077,0.8926,1.1357,0.5077,1.244,0.0,0.0,1.9571,5.331815242767334,2.2082326412200928,-135.0,0,1,180,1.673,0.7826,1.0,0.649,0.2348,0.3,0.2596,9987.5542,1.9966
66.851,1,RETURN_HOME,-0.8391,-1.7234,-1.9805,1.3252,0.3247,0.9137,1.1252,0.5247,1.2415,0.0,0.0,1.9168,5.278943061828613,2.221794605255127,-134.75,0,1,180,1.612,0.7767,1.0,0.6429,0.233,0.3,0.2571,9987.6688,2.0088
66.902,1,RETURN_HOME,-0.7879,-1.7103,-1.9828,1.3164,0.3394,0.9317,1.1164,0.5394,1.2399,0.0,0.0,1.883,5.225988388061523,2.235673189163208,-135.0,0,1,180,1.675,0.7719,1.0,0.638,0.2316,0.3,0.2552,9987.7634,2.0249
66.951,1,RETURN_HOME,-0.7279,-1.6905,-1.987,1.3056,0.3585,0.9536,1.1056,0.5585,1.2387,0.0,0.0,1.8405,5.113834381103516,2.270775079727173,-134.75,0,1,180,1.759,0.7671,1.0,0.6335,0.2301,0.3,0.2534,9987.9082,2.0562
67.002,1,RETURN_HOME,-0.6778,-1.6736,-1.99,1.2967,0.3745,0.9723,1.0967,0.5745,1.2381,0.0,0.0,1.8056,5.064340591430664,2.287367343902588,-135.0,0,1,180,2.082,0.7626,1.0,0.6295,0.2288,0.3,0.2518,9988.0076,2.0742
67.051,1,RETURN_HOME,-0.6191,-1.654,-1.9946,1.2857,0.3929,0.9951,1.0857,0.5929,1.2371,0.0,0.0,1.7661,5.012912750244141,2.304885149002075,-135.0,0,1,180,1.839,0.7565,1.0,0.6239,0.227,0.3,0.2496,9988.1452,2.0928
67.101,1,RETURN_HOME,-0.5724,-1.6393,-2.0002,1.276,0.4071,1.0146,1.076,0.6071,1.2354,0.0,0.0,1.7364,4.911296844482422,2.3477602005004883,-135.0,0,1,180,1.688,0.751,1.0,0.6185,0.2253,0.3,0.2474,9988.2496,2.1367
67.151,1,RETURN_HOME,-0.5254,-1.6239,-2.0051,1.2664,0.4212,1.0346,1.0664,0.6212,1.2342,0.0,0.0,1.7068,4.862271785736084,2.371386766433716,-135.0,0,1,180,2.009,0.7449,1.0,0.6129,0.2235,0.3,0.2452,9988.341,2.1574
67.201,1,RETURN_HOME,-0.4675,-1.6038,-2.011,1.2555,0.439,1.0589,1.0555,0.639,1.2338,0.0,0.0,1.6706,4.817578315734863,2.392333507537842,-135.0,0,1,180,1.813,0.7366,1.0,0.6059,0.221,0.3,0.2424,9988.435,2.1807
67.251,1,RETURN_HOME,-0.4184,-1.586,-2.016,1.2468,0.4542,1.0796,1.0468,0.6542,1.2344,0.0,0.0,1.6402,4.72232723236084,2.4481399059295654,-135.0,0,1,180,1.753,0.7287,1.0,0.5997,0.2186,0.3,0.2399,9988.4954,2.2344
67.302,1,RETURN_HOME,-0.3597,-1.5638,-2.0209,1.2364,0.4723,1.1049,1.0364,0.6723,1.2354,0.0,0.0,1.6046,4.6783528327941895,2.4766879081726074,-135.0,0,1,180,1.815,0.7184,1.0,0.5917,0.2155,0.3,0.2367,9988.5573,2.2177
67.351,1,RETURN_HOME,-0.3017,-1.5405,-2.0209,1.2256,0.4911,1.1306,1.0256,0.6911,1.2367,0.0,0.0,1.5698,4.63410758972168,2.5042495727539062,-135.0,0,1,180,1.857,0.7078,1.0,0.5836,0.2123,0.3,0.2334,9988.6185,2.1734
67.401,1,RETURN_HOME,-0.2634,-1.5245,-2.0195,1.2181,0.5038,1.1479,1.0181,0.7038,1.2377,0.0,0.0,1.5471,4.548168182373047,2.5731489658355713,-135.0,0,1,180,1.696,0.7004,1.0,0.5779,0.2101,0.3,0.2312,9988.7088,2.0411
67.451,1,RETURN_HOME,-0.2062,-1.4997,-2.0173,1.2069,0.5231,1.1743,1.0069,0.7231,1.2396,0.0,0.0,1.5138,4.510690689086914,2.605860710144043,-135.0,0,1,180,1.592,0.6885,1.0,0.569,0.2065,0.3,0.2276,9988.8254,1.9951
67.501,1,RETURN_HOME,-0.15,-1.4745,-2.0098,1.1954,0.5419,1.2013,0.9954,0.7419,1.2415,0.0,0.0,1.4821,4.4732255935668945,2.64386248588562,-135.0,0,1,180,1.811,0.6757,1.0,0.5592,0.2027,0.3,0.2237,9988.9132,1.9486
67.551,1,RETURN_HOME,-0.1035,-1.4529,-2.0034,1.1858,0.5577,1.2244,0.9858,0.7577,1.2434,0.0,0.0,1.4566,4.396792411804199,2.727790594100952,-135.0,0,1,180,2.053,0.6642,1.0,0.5505,0.1993,0.3,0.2202,9988.9675,1.8123
67.601,1,RETURN_HOME,-0.0481,-1.426,-1.9967,1.1743,0.577,1.2529,0.9743,0.777,1.2462,0.0,0.0,1.4268,4.369706153869629,2.771860361099243,-135.0,0,1,180,1.717,0.6495,1.0,0.5396,0.1948,0.3,0.2158,9989.0123,1.7633
67.651,1,RETURN_HOME,0.0049,-1.3979,-1.9956,1.1623,0.5969,1.282,0.9623,0.7969,1.2494,0.0,0.0,1.3979,4.345522403717041,2.8173410892486572,-135.0,0,1,180,1.861,0.6352,1.0,0.5291,0.1905,0.3,0.2116,9989.0543,1.712
67.701,1,RETURN_HOME,0.049,-1.3737,-1.9949,1.1524,0.6137,1.3068,0.9524,0.8137,1.2527,0.0,0.0,1.3745,4.294358730316162,2.926997184753418,-135.0,0,1,180,1.941,0.6221,1.0,0.5195,0.1866,0.3,0.2078,9989.1182,1.5626
67.751,1,RETURN_HOME,0.0931,-1.3488,-1.9943,1.1427,0.6305,1.3322,0.9427,0.8305,1.2563,0.0,0.0,1.352,4.26747989654541,2.9810807704925537,-135.0,0,1,180,1.638,0.6078,1.0,0.5091,0.1823,0.3,0.2036,9989.1936,1.5117
67.801,1,RETURN_HOME,0.1423,-1.3172,-1.9933,1.13,0.6512,1.3637,0.93,0.8512,1.2608,0.0,0.0,1.3248,4.239234447479248,3.042062759399414,-135.0,0,1,180,1.676,0.592,1.0,0.4976,0.1776,0.3,0.199,9989.2957,1.4624
67.851,1,RETURN_HOME,0.1835,-1.2903,-1.9926,1.1196,0.6683,1.3908,0.9196,0.8683,1.2648,0.0,0.0,1.3032,4.186853885650635,3.180873155593872,-135.0,0,1,180,1.712,0.5773,1.0,0.4868,0.1732,0.3,0.1947,9989.3557,1.3081
67.902,1,RETURN_HOME,0.2329,-1.2571,-1.9919,1.1073,0.6887,1.4243,0.9073,0.8887,1.2701,0.0,0.0,1.2784,4.1582183837890625,3.2528257369995117,-135.0,0,1,180,2.493,0.5579,1.0,0.4724,0.1674,0.3,0.1889,9989.3564,1.2565
67.951,1,RETURN_HOME,0.2819,-1.2228,-1.9913,1.0952,0.7092,1.4587,0.8952,0.9092,1.2759,0.0,0.0,1.2549,4.134309768676758,3.333512783050537,-135.0,0,1,180,1.661,0.5367,1.0,0.4566,0.161,0.3,0.1826,9989.3249,1.2043
68.001,1,RETURN_HOME,0.3228,-1.1936,-1.9909,1.085,0.7262,1.4881,0.885,0.9262,1.2811,0.0,0.0,1.2365,4.079226970672607,3.5203826427459717,-135.0,0,1,180,1.71,0.5176,1.0,0.442,0.1553,0.3,0.1768,9989.2763,1.0564
68.051,1,RETURN_HOME,0.3704,-1.1576,-1.9912,1.0725,0.7468,1.5242,0.8725,0.9468,1.2875,0.0,0.0,1.2154,4.050910472869873,3.6195366382598877,-135.0,0,1,180,1.685,0.4939,1.0,0.4292,0.1482,0.3,0.1717,9989.3061,1.0007
68.102,1,RETURN_HOME,0.4091,-1.1268,-1.9919,1.0616,0.7642,1.5551,0.8616,0.9642,1.2931,0.0,0.0,1.1987,4.024403095245361,3.724947214126587,-135.0,0,1,180,1.888,0.4735,1.0,0.431,0.1421,0.3,0.1724,9989.3187,0.9437
68.151,1,RETURN_HOME,0.4555,-1.089,-1.9926,1.0486,0.7849,1.5931,0.8486,0.8849,1.2261,0.0,0.0,1.1804,3.967897653579712,3.967897653579712,-3.88,0,1,180,1.808,0.3988,1.0,0.4087,0.1196,0.3,0.1635,9989.1135,1.0931
68.201,1,RETURN_HOME,0.4939,-1.0562,-1.9921,1.0376,0.8028,1.6256,0.8376,0.9028,1.2315,0.0,0.0,1.166,3.9401144981384277,3.9401144981384277,-4.88,0,1,180,1.678,0.3759,1.0,0.4105,0.1128,0.3,0.1642,9989.1045,1.0272
68.251,1,RETURN_HOME,0.5398,-1.0155,-1.9907,1.0245,0.8246,1.6655,0.8245,0.9246,1.2388,0.0,0.0,1.15,3.8830270767211914,3.8830270767211914,-7.13,0,1,180,1.696,0.3467,1.0,0.4129,0.104,0.3,0.1652,9989.071,0.8719
68.301,1,RETURN_HOME,0.5855,-0.9741,-1.9895,1.0116,0.8436,1.7065,0.8116,0.9436,1.2446,0.0,0.0,1.1365,3.856243848800659,3.8338980674743652,135.0,0,1,180,1.626,0.3138,1.0,0.4149,0.0941,0.3,0.166,9989.0392,0.8199
68.351,1,RETURN_HOME,0.6268,-0.9343,-1.9884,0.9978,0.8593,1.7487,0.7978,0.9593,1.2477,0.0,0.0,1.1251,3.8262555599212646,3.7833454608917236,135.0,0,1,180,1.799,0.2822,1.0,0.4159,0.0847,0.3,0.1664,9989.0555,0.7817
68.402,1,RETURN_HOME,0.6616,-0.9005,-1.9877,0.9863,0.8711,1.7847,0.7863,0.8711,1.1735,0.0,0.0,1.1174,4.065659046173096,3.685533046722412,135.0,0,1,180,1.955,0.2015,1.0,0.3912,0.0605,0.3,0.1565,9988.9925,0.9318
68.451,1,RETURN_HOME,0.7036,-0.8593,-1.9876,0.9725,0.8847,1.829,0.7725,0.8847,1.1745,0.0,0.0,1.1106,4.006906509399414,3.6523852348327637,135.0,0,1,180,1.744,0.1661,1.0,0.3915,0.0498,0.3,0.1566,9988.967,0.8992
68.501,1,RETURN_HOME,0.7463,-0.818,-1.9895,0.9589,0.8973,1.8747,0.7589,0.8973,1.1752,0.0,0.0,1.1073,3.9951417446136475,3.6152350902557373,135.0,0,1,180,1.648,0.1288,1.0,0.3917,0.0386,0.3,0.1567,9988.9074,0.8732
68.551,1,RETURN_HOME,0.7819,-0.7829,-1.991,0.9478,0.9058,1.9134,0.7478,0.9058,1.1746,0.0,0.0,1.1065,3.9680569171905518,3.5512921810150146,135.0,0,1,180,1.892,0.0958,1.0,0.3915,0.0287,0.3,0.1566,9988.8377,0.7273
68.602,1,RETURN_HOME,0.8265,-0.7395,-1.9906,0.9352,0.9148,1.9608,0.7352,0.9148,1.1736,0.0,0.0,1.1091,3.9497756958007812,3.524925947189331,135.0,0,1,180,1.757,0.0529,1.0,0.3912,0.0159,0.3,0.1565,9988.7155,0.7079
68.651,1,RETURN_HOME,0.8651,-0.7025,-1.9887,0.9251,0.9215,2.001,0.7251,0.8215,1.0958,0.0,0.0,1.1144,3.933885335922241,3.504535675048828,135.0,0,1,180,1.83,-0.041,1.0,0.3653,-0.0123,0.3,0.1461,9988.5416,0.9811
68.702,1,RETURN_HOME,0.9106,-0.6578,-1.9868,0.9125,0.9292,2.0502,0.7125,0.8292,1.0932,0.0,0.0,1.1234,3.907500982284546,3.4724514484405518,135.0,0,1,180,1.792,-0.0842,1.0,0.3644,-0.0252,0.3,0.1458,9988.3526,0.8495
68.751,1,RETURN_HOME,0.9546,-0.6122,-1.9881,0.8993,0.9367,2.1004,0.6993,0.8367,1.0904,0.0,0.0,1.134,3.887909412384033,3.461439847946167,135.0,0,1,180,1.752,-0.1256,1.0,0.3635,-0.0377,0.3,0.1454,9988.1506,0.8425
68.802,1,RETURN_HOME,0.9904,-0.5737,-1.9902,0.8882,0.9409,2.143,0.6882,0.8409,1.0866,0.0,0.0,1.1445,3.8628530502319336,3.451218366622925,135.0,0,1,180,1.671,-0.1601,1.0,0.3622,-0.048,0.3,0.1449,9987.9643,0.7168
68.851,1,RETURN_HOME,1.0328,-0.5274,-1.9924,0.8745,0.9437,2.195,0.6745,0.8437,1.0802,0.0,0.0,1.1597,3.85136079788208,3.4260473251342773,-34.41,0,1,180,1.543,-0.2008,1.0,0.3601,-0.0603,0.3,0.144,9987.7157,0.7001
68.901,1,RETURN_HOME,1.0722,-0.4787,-1.9934,0.8595,0.9455,2.248,0.6595,0.8455,1.0723,0.0,0.0,1.1743,3.8364946842193604,3.397695541381836,-34.91,0,1,180,1.714,-0.2402,1.0,0.3574,-0.0721,0.3,0.143,9987.4778,0.7043
68.951,1,RETURN_HOME,1.1044,-0.4381,-1.9939,0.8468,0.9461,2.2929,0.6468,0.8461,1.065,0.0,0.0,1.1881,3.8170340061187744,3.344043731689453,-38.91,0,1,180,1.451,-0.2715,1.0,0.355,-0.0815,0.3,0.142,9987.2645,0.5937
69.002,1,RETURN_HOME,1.143,-0.3895,-1.9945,0.8317,0.9462,2.3476,0.6317,0.8462,1.056,0.0,0.0,1.2076,3.8707079887390137,3.3140528202056885,-42.41,0,1,180,1.893,-0.3077,1.0,0.352,-0.0923,0.3,0.1408,9986.9832,0.5894
69.051,1,RETURN_HOME,1.1759,-0.3478,-1.9955,0.8198,0.9464,2.3935,0.6198,0.8464,1.0491,0.0,0.0,1.2263,3.9282360076904297,3.2868235111236572,-43.67,0,1,180,1.873,-0.3377,1.0,0.3497,-0.1013,0.3,0.1399,9986.7229,0.5811
69.101,1,RETURN_HOME,1.2149,-0.2984,-1.9965,0.8054,0.9464,2.4491,0.6054,0.7464,0.9611,0.0,0.0,1.251,4.070082664489746,3.231977701187134,-47.17,0,1,180,1.578,-0.4265,1.0,0.3204,-0.1279,0.3,0.1281,9986.2932,0.7883
69.151,1,RETURN_HOME,1.2463,-0.258,-1.9966,0.793,0.9462,2.4956,0.593,0.7462,0.9531,0.0,0.0,1.2727,4.168440341949463,3.202857732772827,-50.17,0,1,180,1.784,-0.4506,1.0,0.3177,-0.1352,0.3,0.1271,9986.0176,0.7707
69.201,1,RETURN_HOME,1.2813,-0.2109,-1.9944,0.7767,0.9452,2.5515,0.5767,0.7452,0.9423,0.0,0.0,1.2985,4.270721912384033,3.1769826412200928,-51.92,0,1,180,1.692,-0.4754,1.0,0.3141,-0.1426,0.3,0.1256,9985.6989,0.779
69.251,1,RETURN_HOME,1.3158,-0.1643,-1.9923,0.7605,0.9418,2.6072,0.5605,0.7418,0.9297,0.0,0.0,1.326,4.510509490966797,3.1250059604644775,-56.18,0,1,180,1.82,-0.4993,1.0,0.3099,-0.1498,0.3,0.124,9985.3647,0.696
69.301,1,RETURN_HOME,1.3444,-0.1248,-1.9925,0.7469,0.9374,2.6533,0.5469,0.7374,0.918,0.0,0.0,1.3502,4.675621509552002,3.0971763134002686,-57.68,0,1,180,1.583,-0.5189,1.0,0.306,-0.1557,0.3,0.1224,9985.074,0.6905
69.351,1,RETURN_HOME,1.373,-0.0843,-1.9951,0.7331,0.9322,2.699,0.5331,0.7322,0.9057,0.0,0.0,1.3756,4.84163236618042,3.0710818767547607,-60.68,0,1,180,1.594,-0.538,1.0,0.3019,-0.1614,0.3,0.1208,9984.7731,0.688
69.402,1,RETURN_HOME,1.4067,-0.0365,-1.9978,0.7166,0.9244,2.753,0.5166,0.7244,0.8897,0.0,0.0,1.4072,5.23818826675415,3.020124912261963,-66.44,0,1,180,2.142,-0.5593,1.0,0.2966,-0.1678,0.3,0.1186,9984.4038,0.631
69.451,1,RETURN_HOME,1.4373,0.0108,-2.0019,0.6993,0.9156,2.8059,0.4993,0.7156,0.8725,0.0,0.0,1.4374,5.508127689361572,2.9933996200561523,-67.94,0,1,180,1.567,-0.5783,1.0,0.2908,-0.1735,0.3,0.1163,9984.0548,0.6457
69.501,1,RETURN_HOME,1.4616,0.0498,-2.0056,0.6845,0.908,2.8489,0.4845,0.708,0.8579,0.0,0.0,1.4624,5.779697895050049,2.9680063724517822,-68.69,0,1,180,1.711,-0.5926,1.0,0.286,-0.1778,0.3,0.1144,9983.7687,0.6522
69.551,1,RETURN_HOME,1.4904,0.0958,-2.0092,0.6672,0.8987,2.8991,0.4672,0.6987,0.8405,0.0,0.0,1.4935,6.4399094581604,2.919466257095337,-72.44,0,1,180,1.699,-0.608,1.0,0.2802,-0.1824,0.3,0.1121,9983.4179,0.6004
69.602,1,RETURN_HOME,1.5193,0.1401,-2.0135,0.6506,0.8884,2.9477,0.4506,0.6884,0.8228,0.0,0.0,1.5258,6.895355224609375,2.891659736633301,-76.2,0,1,180,2.019,-0.6222,1.0,0.2743,-0.1866,0.3,0.1097,9983.0582,0.6185
69.651,1,RETURN_HOME,1.5384,0.1691,-2.016,0.6397,0.8815,2.9791,0.4397,0.6815,0.811,0.0,0.0,1.5477,7.904669284820557,2.844332456588745,-78.2,0,1,180,1.732,-0.6307,1.0,0.2703,-0.1892,0.3,0.1081,9982.8159,0.5407
69.701,1,RETURN_HOME,1.5665,0.2118,-2.0191,0.6235,0.8709,3.025,0.4235,0.6709,0.7934,0.0,0.0,1.5808,10.433921813964844,2.820244789123535,-79.45,0,1,180,1.656,-0.6423,1.0,0.2645,-0.1927,0.3,0.1058,9982.4523,0.5649
69.751,1,RETURN_HOME,1.5933,0.2533,-2.0222,0.6071,0.8607,3.0692,0.4071,0.6607,0.7761,0.0,0.0,1.6133,10.457545280456543,2.7926762104034424,-82.95,0,1,180,1.513,-0.6518,1.0,0.2587,-0.1955,0.3,0.1035,9982.099,0.5821
69.801,1,RETURN_HOME,1.6153,0.2875,-2.0242,0.5937,0.8522,3.1045,0.3937,0.6522,0.7618,0.0,0.0,1.6407,10.4974365234375,2.747066020965576,-85.45,0,1,180,1.636,-0.6588,1.0,0.2539,-0.1976,0.3,0.1016,9981.8135,0.5276
69.851,1,RETURN_HOME,1.6417,0.3282,-2.0258,0.5777,0.8422,-3.1383,0.3777,0.6422,0.745,0.0,0.0,1.6742,10.517467498779297,2.7229807376861572,-86.46,0,1,180,1.548,-0.6662,1.0,0.2483,-0.1998,0.3,0.0993,9981.4756,0.5515
69.901,1,RETURN_HOME,1.6698,0.3695,-2.0262,0.5627,0.8327,-3.1001,0.3627,0.6327,0.7293,0.0,0.0,1.7102,10.538942337036133,2.6974241733551025,-90.21,0,1,180,1.711,-0.673,1.0,0.2431,-0.2019,0.3,0.0972,9981.114,0.5606
69.951,1,RETURN_HOME,1.6926,0.4033,-2.0262,0.55,0.8246,-3.0701,0.35,0.6246,0.716,0.0,0.0,1.74,10.579298973083496,2.651642084121704,-92.71,0,1,180,1.468,-0.6778,1.0,0.2387,-0.2033,0.3,0.0955,9980.8157,0.5152
70.002,1,RETURN_HOME,1.7209,0.4432,-2.0248,0.5353,0.8147,-3.0364,0.3353,0.6147,0.7002,0.0,0.0,1.7771,10.598102569580078,2.629171371459961,-92.71,0,1,180,1.867,-0.6827,1.0,0.2334,-0.2048,0.3,0.0934,9980.4455,0.5324
70.052,1,RETURN_HOME,1.7515,0.4815,-2.0213,0.5215,0.804,-3.0051,0.3215,0.604,0.6842,0.0,0.0,1.8165,10.618983268737793,2.6034514904022217,-94.96,0,1,180,2.503,-0.687,1.0,0.2281,-0.2061,0.3,0.0912,9980.0534,0.5402
70.101,1,RETURN_HOME,1.7759,0.5132,-2.0186,0.5096,0.795,-2.9806,0.3096,0.595,0.6707,0.0,0.0,1.8485,10.656547546386719,2.557431936264038,-97.22,0,1,180,1.527,-0.6897,1.0,0.2236,-0.2069,0.3,0.0894,9979.7359,0.5046
70.151,1,RETURN_HOME,1.8066,0.5511,-2.0185,0.4959,0.7841,-2.9531,0.2959,0.5841,0.6548,0.0,0.0,1.8888,10.674652099609375,2.5365359783172607,-97.72,0,1,180,1.861,-0.6925,1.0,0.2183,-0.2078,0.3,0.0873,9979.337,0.52
70.202,1,RETURN_HOME,1.8321,0.5824,-2.0194,0.4845,0.7751,-2.9317,0.2845,0.5751,0.6417,0.0,0.0,1.9225,10.693589210510254,2.5110464096069336,-99.72,0,1,180,1.872,-0.6941,1.0,0.2139,-0.2082,0.3,0.0856,0.1773,0.522
70.251,1,RETURN_HOME,1.8611,0.6195,-2.0202,0.4704,0.7644,-2.9077,0.2704,0.5644,0.6259,0.0,0.0,1.9615,10.733899116516113,2.465939521789551,-101.22,0,1,180,1.627,-0.6948,1.0,0.2086,-0.2084,0.3,0.0834,0.175,0.4989
70.301,1,RETURN_HOME,1.8909,0.6552,-2.0195,0.4567,0.7535,-2.8856,0.2567,0.5535,0.6101,0.0,0.0,2.0012,10.756625175476074,2.4448015689849854,-101.72,0,1,180,1.815,-0.6945,1.0,0.2034,-0.2084,0.3,0.0814,0.173,0.5133
70.352,1,RETURN_HOME,1.9148,0.6845,-2.0185,0.4451,0.7444,-2.8686,0.2451,0.5444,0.597,0.0,0.0,2.0335,10.7850341796875,2.419955253601074,-103.47,0,1,180,1.943,-0.6936,1.0,0.199,-0.2081,0.3,0.0796,0.1715,0.5164
70.401,1,RETURN_HOME,1.9376,0.7135,-2.0175,0.4333,0.7352,-2.8528,0.2333,0.5352,0.5838,0.0,0.0,2.0648,10.435115814208984,2.3770530223846436,-103.97,0,1,180,1.569,-0.6918,1.0,0.1946,-0.2075,0.3,0.0778,0.1703,0.4903
70.451,1,RETURN_HOME,1.9645,0.7469,-2.0126,0.4189,0.7234,-2.8354,0.2189,0.5234,0.5674,0.0,0.0,2.1017,10.212782859802246,2.3549094200134277,-106.47,0,1,180,1.724,-0.6885,1.0,0.1891,-0.2065,0.3,0.0756,0.1691,0.5053
70.501,1,RETURN_HOME,1.9858,0.7743,-2.0083,0.4066,0.7136,-2.8221,0.2066,0.5136,0.5536,0.0,0.0,2.1314,9.996832847595215,2.3314952850341797,-106.72,0,1,180,1.631,-0.6848,1.0,0.1845,-0.2054,0.3,0.0738,0.1684,0.5094
70.551,1,RETURN_HOME,2.0095,0.8071,-2.003,0.3914,0.7021,-2.8076,0.1914,0.5021,0.5373,0.0,0.0,2.1656,9.682784080505371,2.28924298286438,-107.47,0,1,180,1.521,-0.6789,1.0,0.1791,-0.2037,0.3,0.0716,0.168,0.499
70.602,1,RETURN_HOME,2.0297,0.8409,-1.9954,0.375,0.6915,-2.7946,0.175,0.5915,0.6168,0.0,0.0,2.197,9.555370330810547,2.269426107406616,-108.73,0,1,180,2.077,-0.6291,1.0,0.2056,-0.1887,0.3,0.0822,0.1935,0.2109
70.651,1,RETURN_HOME,2.0456,0.8686,-1.99,0.3611,0.6826,-2.7849,0.1611,0.5826,0.6044,0.0,0.0,2.2224,9.431136131286621,2.2457010746002197,-107.97,0,1,180,1.886,-0.622,1.0,0.2015,-0.1866,0.3,0.0806,0.194,0.2138
70.701,1,RETURN_HOME,2.0611,0.8956,-1.9851,0.3472,0.6733,-2.7758,0.1472,0.5733,0.5919,0.0,0.0,2.2473,9.247060775756836,2.204794406890869,-110.23,0,1,180,1.84,-0.6141,0.922,0.1973,-0.1842,0.2766,0.0789,0.1713,0.1952
70.751,1,RETURN_HOME,2.0795,0.9267,-1.9795,0.3311,0.6642,-2.766,0.2311,0.5642,0.6097,0.0,0.0,2.2766,9.16848087310791,2.1855227947235107,-111.48,0,1,180,1.762,-0.7229,1.0,0.2032,-0.2169,0.3,0.0813,0.1644,0.2096
70.801,1,RETURN_HOME,2.0968,0.9576,-1.975,0.3145,0.6575,-2.7571,0.5145,0.6575,0.8349,0.0,0.0,2.3051,9.032306671142578,2.1430649757385254,-111.98,0,1,180,1.482,-0.8878,1.0,0.2783,-0.2663,0.3,0.1113,0.145,0.3553
70.851,1,RETURN_HOME,2.1109,0.9823,-1.9724,0.3006,0.6529,-2.7503,0.5006,0.6529,0.8227,0.0,0.0,2.3283,8.981583595275879,2.1232919692993164,-112.73,0,1,180,1.634,-0.8865,1.0,0.2742,-0.2659,0.3,0.1097,0.1437,0.3417
70.902,1,RETURN_HOME,2.1272,1.0113,-1.9704,0.2857,0.6482,-2.7427,0.4857,0.6482,0.81,0.0,0.0,2.3554,8.935014724731445,2.1027443408966064,-111.23,0,1,180,1.964,-0.8852,1.0,0.27,-0.2655,0.3,0.108,0.1424,0.3287
70.951,1,RETURN_HOME,2.1402,1.0356,-1.9692,0.2816,0.6471,-2.7368,0.3816,0.5471,0.667,0.0,0.0,2.3776,8.859086990356445,2.0612871646881104,-112.23,0,1,180,1.681,-0.8722,1.0,0.2223,-0.2617,0.3,0.0889,0.1273,0.2673
71.002,1,RETURN_HOME,2.1563,1.0635,-1.9705,0.2865,0.6477,-2.7299,0.4865,0.6477,0.8101,0.0,0.0,2.4043,8.829703330993652,2.0415987968444824,-114.23,0,1,180,1.783,-0.8923,1.0,0.27,-0.2677,0.3,0.108,0.1403,0.3305
71.051,1,RETURN_HOME,2.1729,1.0911,-1.9731,0.2971,0.6489,-2.7233,0.4971,0.6489,0.8174,0.0,0.0,2.4314,8.80685043334961,2.0214767456054688,-112.98,0,1,180,1.883,-0.8997,1.0,0.2725,-0.2699,0.3,0.109,0.1391,0.3603
71.101,1,RETURN_HOME,2.1868,1.1145,-1.9752,0.3058,0.6484,-2.7178,0.5058,0.6484,0.8224,0.0,0.0,2.4544,8.75820541381836,1.9805316925048828,-114.73,0,1,180,1.583,-0.906,1.0,0.2741,-0.2718,0.3,0.1097,0.1378,0.3701
71.151,1,RETURN_HOME,2.2044,1.142,-1.9809,0.3182,0.6486,-2.7115,0.5182,0.6486,0.8302,0.0,0.0,2.4826,8.739556312561035,1.9605976343154907,-113.98,0,1,180,1.713,-0.9136,1.0,0.2767,-0.2741,0.3,0.1107,0.1366,0.3985
71.201,1,RETURN_HOME,2.2224,1.1698,-1.9864,0.3311,0.6497,-2.7054,0.5311,0.6497,0.8391,0.0,0.0,2.5115,8.72114372253418,1.9405874013900757,-113.23,0,1,180,1.498,-0.9207,1.0,0.2797,-0.2762,0.3,0.1119,0.1357,0.4279
71.251,1,RETURN_HOME,2.2375,1.1936,-1.9897,0.3418,0.651,-2.7003,0.5418,0.651,0.847,0.0,0.0,2.536,8.688657760620117,1.899714708328247,-114.73,0,1,180,1.498,-0.9262,1.0,0.2823,-0.2778,0.3,0.1129,0.1351,0.4314
71.301,1,RETURN_HOME,2.2525,1.2184,-1.99,0.3522,0.6526,-2.6954,0.5522,0.6526,0.8548,0.0,0.0,2.5609,8.673822402954102,1.8796898126602173,-115.73,0,1,180,1.522,-0.9313,1.0,0.2849,-0.2794,0.3,0.114,0.1346,0.4482
71.351,1,RETURN_HOME,2.2709,1.2484,-1.9903,0.3644,0.6547,-2.6895,0.5644,0.6547,0.8644,0.0,0.0,2.5914,8.65941047668457,1.8597872257232666,-115.73,0,1,180,1.676,-0.9371,1.0,0.2881,-0.2811,0.3,0.1153,0.1341,0.4709
71.401,1,RETURN_HOME,2.2911,1.2787,-1.9907,0.3773,0.657,-2.6839,0.5773,0.657,0.8746,0.0,0.0,2.6238,8.634387016296387,1.817293405532837,-116.98,0,1,180,1.562,-0.9425,1.0,0.2915,-0.2827,0.3,0.1166,0.1339,0.4734
71.451,1,RETURN_HOME,2.3102,1.3042,-1.9917,0.3888,0.6589,-2.6793,0.5888,0.6589,0.8836,0.0,0.0,2.6529,8.624226570129395,1.7970634698867798,-116.98,0,1,180,1.598,-0.9468,1.0,0.2945,-0.2841,0.3,0.1178,0.1338,0.4879
71.501,1,RETURN_HOME,2.3332,1.335,-1.9926,0.4024,0.6611,-2.6737,0.6024,0.6611,0.8944,0.0,0.0,2.6881,8.603326797485352,1.7553702592849731,-117.48,0,1,180,1.617,-0.9517,1.0,0.2981,-0.2855,0.3,0.1192,0.1337,0.4927
71.552,1,RETURN_HOME,2.3553,1.3665,-1.9934,0.4153,0.6637,-2.6682,0.6153,0.6637,0.905,0.0,0.0,2.723,8.594867706298828,1.7342649698257446,-117.73,0,1,180,1.691,-0.9561,1.0,0.3017,-0.2868,0.3,0.1207,0.1338,0.504
71.602,1,RETURN_HOME,2.3732,1.3932,-1.9938,0.4257,0.666,-2.6636,0.6257,0.666,0.9138,0.0,0.0,2.7519,8.583083152770996,1.713904619216919,-117.73,0,1,180,2.036,-0.9595,1.0,0.3046,-0.2878,0.3,0.1218,0.134,0.5134
71.651,1,RETURN_HOME,2.3951,1.4254,-1.9941,0.438,0.6688,-2.6581,0.638,0.6688,0.9243,0.0,0.0,2.7872,8.567502975463867,1.6707819700241089,-117.48,0,1,180,1.772,-0.9632,1.0,0.3081,-0.289,0.3,0.1232,0.1343,0.5138
71.702,1,RETURN_HOME,2.4114,1.4533,-1.991,0.4473,0.6711,-2.6534,0.6473,0.6711,0.9324,0.0,0.0,2.8155,8.558931350708008,1.6493033170700073,-117.23,0,1,180,1.685,-0.9661,1.0,0.3108,-0.2898,0.3,0.1243,0.1345,0.5146
71.751,1,RETURN_HOME,2.431,1.487,-1.9869,0.4582,0.6739,-2.6478,0.6582,0.6739,0.942,0.0,0.0,2.8497,8.551779747009277,1.6303762197494507,-117.48,0,1,180,1.681,-0.9694,1.0,0.314,-0.2908,0.3,0.1256,0.1348,0.5215
71.801,1,RETURN_HOME,2.4515,1.5205,-1.9833,0.4696,0.6765,-2.6421,0.6696,0.6765,0.9518,0.0,0.0,2.8847,8.534845352172852,1.5857810974121094,-118.73,0,1,180,1.621,-0.9724,1.0,0.3173,-0.2917,0.3,0.1269,0.1352,0.52
71.851,1,RETURN_HOME,2.4676,1.5485,-1.9878,0.4791,0.6793,-2.6373,0.6791,0.6793,0.9605,0.0,0.0,2.9133,8.525837898254395,1.5660879611968994,-116.98,0,1,180,1.514,-0.9748,1.0,0.3202,-0.2924,0.3,0.1281,0.1356,0.5198
71.901,1,RETURN_HOME,2.488,1.5822,-1.9927,0.4906,0.6826,-2.6315,0.6906,0.6826,0.971,0.0,0.0,2.9484,8.518653869628906,1.5438265800476074,-118.99,0,1,180,1.508,-0.9774,1.0,0.3237,-0.2932,0.3,0.1295,0.1363,0.5226
71.951,1,RETURN_HOME,2.5059,1.6102,-1.9963,0.5006,0.6851,-2.6267,0.7006,0.6851,0.9799,0.0,0.0,2.9786,8.50212287902832,1.5005565881729126,-118.48,0,1,180,1.65,-0.9795,1.0,0.3266,-0.2938,0.3,0.1307,0.1368,0.5122
72.002,1,RETURN_HOME,2.5288,1.6432,-2.0002,0.5131,0.6876,-2.6209,0.7131,0.6876,0.9907,0.0,0.0,3.0158,8.493135452270508,1.478139877319336,-118.73,0,1,180,2.176,-0.9818,1.0,0.3302,-0.2945,0.3,0.1321,0.1375,0.5198
72.052,1,RETURN_HOME,2.5486,1.6707,-2.003,0.5236,0.6897,-2.6159,0.7236,0.6897,0.9997,0.0,0.0,3.0474,8.48522663116455,1.4581369161605835,-119.74,0,1,180,2.011,-0.9836,1.0,0.3332,-0.2951,0.3,0.1333,0.1382,0.5187
72.102,1,RETURN_HOME,2.5715,1.7041,-2.007,0.5357,0.6922,-2.6098,0.7357,0.5922,0.9445,0.0,0.0,3.0849,8.469535827636719,1.41362726688385,-119.74,0,1,180,2.081,-0.9957,1.0,0.3148,-0.2987,0.3,0.1259,0.1272,0.5975
72.151,1,RETURN_HOME,2.5925,1.7379,-2.0122,0.5471,0.6949,-2.6038,0.7471,0.5949,0.955,0.0,0.0,3.1211,8.46019172668457,1.392775535583496,-120.24,0,1,180,1.761,-0.9966,1.0,0.3183,-0.299,0.3,0.1273,0.1283,0.5946
72.202,1,RETURN_HOME,2.6111,1.7661,-2.0158,0.5567,0.6972,-2.5989,0.7567,0.5972,0.964,0.0,0.0,3.1523,8.445588111877441,1.3509351015090942,-118.99,0,1,180,2.101,-0.9973,1.0,0.3213,-0.2992,0.3,0.1285,0.1293,0.5792
72.251,1,RETURN_HOME,2.634,1.8002,-2.0176,0.5681,0.6977,-2.593,0.7681,0.5977,0.9732,0.0,0.0,3.1904,8.436371803283691,1.3264890909194946,-120.99,0,1,180,1.702,-0.9981,1.0,0.3244,-0.2994,0.3,0.1298,0.1303,0.5779
72.301,1,RETURN_HOME,2.6577,1.8344,-2.0172,0.5798,0.6958,-2.5872,0.7798,0.5958,0.9813,0.0,0.0,3.2293,8.4284029006958,1.3067033290863037,-119.49,0,1,180,1.651,-0.9988,1.0,0.3271,-0.2996,0.3,0.1308,0.1312,0.5761
72.352,1,RETURN_HOME,2.6783,1.8627,-2.0166,0.5899,0.6928,-2.5823,0.7899,0.5928,0.9875,0.0,0.0,3.2624,8.418055534362793,1.2643475532531738,-121.24,0,1,180,1.853,-0.9993,1.0,0.3292,-0.2998,0.3,0.1317,0.1319,0.558
72.402,1,RETURN_HOME,2.7067,1.8974,-2.0132,0.6036,0.6882,-2.5765,0.8036,0.5882,0.9959,0.0,0.0,3.3055,8.409302711486816,1.241011619567871,-120.74,0,1,180,1.776,-0.9998,1.0,0.332,-0.2999,0.3,0.1328,0.1329,0.5606
72.451,1,RETURN_HOME,2.7363,1.9318,-2.0097,0.6178,0.6832,-2.5706,0.8178,0.5832,1.0044,0.0,0.0,3.3495,8.403111457824707,1.220368504524231,-123.74,0,1,180,1.814,-1.0,1.0,0.3348,-0.3,0.3,0.1339,0.1339,0.5644
72.501,1,RETURN_HOME,2.7614,1.9601,-2.0069,0.6296,0.6788,-2.5658,0.8296,0.5788,1.0116,0.0,0.0,3.3864,8.391138076782227,1.1790050268173218,-123.24,0,1,180,1.652,-1.0,1.0,0.3372,-0.3,0.3,0.1349,0.1349,0.5431
72.551,1,RETURN_HOME,2.7902,1.9958,-2.0036,0.6431,0.6746,-2.5601,0.8431,0.5746,1.0203,0.0,0.0,3.4305,8.386285781860352,1.1560752391815186,-123.24,0,1,180,1.741,-0.9997,1.0,0.3401,-0.2999,0.3,0.136,0.1361,0.539
72.602,1,RETURN_HOME,2.8148,2.0251,-2.0011,0.6542,0.6711,-2.5554,0.8542,0.5711,1.0275,0.0,0.0,3.4676,8.381863594055176,1.135726809501648,-123.74,0,1,180,2.166,-0.9994,1.0,0.3425,-0.2998,0.3,0.137,0.1372,0.5349
72.652,1,RETURN_HOME,2.8455,2.0594,-1.9979,0.6677,0.6667,-2.5501,0.8677,0.4667,0.9852,0.0,0.0,3.5125,8.37308406829834,1.0937598943710327,-122.74,0,1,180,1.807,-0.9912,1.0,0.3284,-0.2974,0.3,0.1314,0.134,0.5828
72.701,1,RETURN_HOME,2.8781,2.0922,-1.9924,0.6819,0.6618,-2.5451,0.8819,0.4618,0.9955,0.0,0.0,3.5582,8.36542797088623,1.0716547966003418,-123.24,0,1,180,1.822,-0.9893,1.0,0.3318,-0.2968,0.3,0.1327,0.1359,0.571
72.752,1,RETURN_HOME,2.9058,2.1193,-1.9885,0.6937,0.6578,-2.5412,0.8937,0.4578,1.0041,0.0,0.0,3.5965,8.365097999572754,1.0522980690002441,-121.24,0,1,180,1.946,-0.9877,1.0,0.3347,-0.2963,0.3,0.1339,0.1376,0.5617
72.801,1,RETURN_HOME,2.9393,2.151,-1.9846,0.7074,0.6504,-2.5368,0.9074,0.4504,1.013,0.0,0.0,3.6423,8.3653564453125,1.0123875141143799,-123.74,0,1,180,1.794,-0.9854,1.0,0.3377,-0.2956,0.3,0.1351,0.1394,0.5378
72.851,1,RETURN_HOME,2.9733,2.1817,-1.9813,0.7211,0.6403,-2.5326,0.9211,0.4403,1.0209,0.0,0.0,3.6879,8.365097045898438,0.9915371537208557,-124.74,0,1,180,1.583,-0.9825,1.0,0.3403,-0.2948,0.3,0.1361,0.1414,0.531
72.901,1,RETURN_HOME,3.0022,2.207,-1.9791,0.7327,0.6305,-2.5292,0.8327,0.4305,0.9373,0.0,0.0,3.7261,8.367715835571289,0.9527546763420105,-124.49,0,1,180,1.718,-0.9877,0.9731,0.3124,-0.2963,0.2919,0.125,0.1206,0.4835
72.951,1,RETURN_HOME,3.0369,2.2382,-1.9782,0.7469,0.6184,-2.5253,0.8469,0.4184,0.9446,0.0,0.0,3.7725,8.370885848999023,0.9335629940032959,-124.74,0,1,180,1.564,-0.9845,0.9573,0.3149,-0.2954,0.2872,0.1259,0.1178,0.4782
73.002,1,RETURN_HOME,3.072,2.2693,-1.9783,0.761,0.606,-2.5218,0.861,0.406,0.9519,0.0,0.0,3.8193,8.375024795532227,0.9122294783592224,-124.99,0,1,180,1.912,-0.9809,0.9451,0.3173,-0.2943,0.2835,0.1269,0.1162,0.4748
73.051,1,RETURN_HOME,3.1019,2.2945,-1.9786,0.7707,0.5953,-2.5189,0.7707,0.3953,0.8662,0.0,0.0,3.8583,8.381293296813965,0.8764704465866089,-126.24,0,1,180,1.667,-0.9868,0.8528,0.2887,-0.296,0.2559,0.1155,0.0753,0.4263
73.101,1,RETURN_HOME,3.1373,2.3213,-1.9789,0.7805,0.5816,-2.5156,0.7805,0.3816,0.8687,0.0,0.0,3.9027,8.387715339660645,0.8592180013656616,-122.24,0,1,180,1.598,-0.9834,0.8454,0.2896,-0.295,0.2536,0.1158,0.0744,0.4234
73.151,1,RETURN_HOME,3.1673,2.3433,-1.9794,0.7874,0.5703,-2.513,0.7874,0.3703,0.8701,0.0,0.0,3.9399,8.390548706054688,0.8390012979507446,-126.49,0,1,180,1.746,-0.9806,0.8289,0.29,-0.2942,0.2487,0.116,0.0705,0.416
73.201,1,RETURN_HOME,3.2042,2.3686,-1.9797,0.7925,0.5567,-2.5102,0.7925,0.3567,0.8691,0.0,0.0,3.9846,8.406207084655762,0.8055723905563354,-126.49,0,1,180,1.602,-0.9773,0.7923,0.2897,-0.2932,0.2377,0.1159,0.0604,0.3974
73.251,1,RETURN_HOME,3.2425,2.3901,-1.9789,0.7957,0.542,-2.5078,0.7957,0.342,0.866,0.0,0.0,4.0283,8.413651466369629,0.7884576320648193,-125.24,0,1,180,1.795,-0.9738,0.7882,0.2887,-0.2921,0.2365,0.1155,0.0598,0.3908
73.301,1,RETURN_HOME,3.2746,2.4081,-1.9783,0.7969,0.5301,-2.506,0.7969,0.3301,0.8626,0.0,0.0,4.0647,8.42215633392334,0.7700369358062744,-123.74,0,1,180,1.689,-0.971,0.7709,0.2875,-0.2913,0.2313,0.115,0.055,0.3776
73.351,1,RETURN_HOME,3.3067,2.4252,-1.9777,0.7976,0.5183,-2.5043,0.6976,0.3183,0.7668,0.0,0.0,4.1007,8.441970825195312,0.7380903363227844,-125.24,0,1,180,1.597,-0.9791,0.6894,0.2556,-0.2937,0.2068,0.1022,0.0153,0.3393
73.401,1,RETURN_HOME,3.3453,2.4427,-1.9761,0.7986,0.5032,-2.5027,0.6986,0.3032,0.7616,0.0,0.0,4.1422,8.451251029968262,0.7225340604782104,-127.24,0,1,180,1.7,-0.9756,0.6818,0.2539,-0.2927,0.2046,0.1015,0.0134,0.3328
73.452,1,RETURN_HOME,3.3774,2.4574,-1.9752,0.7994,0.4909,-2.5017,0.6994,0.2909,0.7575,0.0,0.0,4.1768,8.466565132141113,0.7040879726409912,-126.99,0,1,180,1.799,-0.9726,0.6563,0.2525,-0.2918,0.1969,0.101,0.0061,0.3217
73.501,1,RETURN_HOME,3.4194,2.4745,-1.9736,0.7992,0.4758,-2.5006,0.6992,0.2758,0.7516,0.0,0.0,4.2208,8.494808197021484,0.6748125553131104,-126.49,0,1,180,1.684,-0.9687,0.61,0.2505,-0.2906,0.183,0.1002,-0.0074,0.3007
73.551,1,RETURN_HOME,3.464,2.4909,-1.9717,0.7978,0.4605,-2.5,0.6978,0.2605,0.7448,0.0,0.0,4.2666,8.511155128479004,0.6609631180763245,-127.24,0,1,180,1.805,-0.9648,0.5904,0.2483,-0.2894,0.1771,0.0993,-0.013,0.2925
73.601,1,RETURN_HOME,3.5004,2.5046,-1.9706,0.7951,0.4481,-2.4997,0.5951,0.2481,0.6447,0.0,0.0,4.3042,8.547853469848633,0.6302452683448792,-126.24,0,1,180,1.705,-0.9746,0.5169,0.2149,-0.2924,0.1551,0.086,-0.0513,0.2576
73.651,1,RETURN_HOME,3.5438,2.5214,-1.9658,0.7911,0.4339,-2.4997,0.5911,0.2339,0.6357,0.0,0.0,4.3492,8.568077087402344,0.6168546676635742,-126.99,0,1,180,1.7,-0.9709,0.4991,0.2119,-0.2913,0.1497,0.0848,-0.0568,0.2492
73.702,1,RETURN_HOME,3.5864,2.5383,-1.9604,0.7858,0.4198,-2.5,0.5858,0.2198,0.6257,0.0,0.0,4.3938,8.588454246520996,0.6027742028236389,-126.99,0,1,180,2.045,-0.9672,0.4846,0.2086,-0.2901,0.1454,0.0834,-0.0613,0.2423
73.751,1,RETURN_HOME,3.6212,2.5523,-1.9568,0.779,0.4079,-2.5005,0.579,0.2079,0.6152,0.0,0.0,4.4302,8.634303092956543,0.5747109651565552,-124.24,0,1,180,1.759,-0.964,0.4397,0.2051,-0.2892,0.1319,0.082,-0.0753,0.22
73.802,1,RETURN_HOME,3.6544,2.5653,-1.9534,0.7698,0.3957,-2.5014,0.5698,0.1957,0.6025,0.0,0.0,4.4649,8.659271240234375,0.561884343624115,-127.24,0,1,180,1.914,-0.9607,0.4232,0.2008,-0.2882,0.1269,0.0803,-0.0809,0.2117
73.851,1,RETURN_HOME,3.6931,2.5805,-1.9502,0.7571,0.381,-2.503,0.5571,0.181,0.5858,0.0,0.0,4.5053,8.68350601196289,0.5486907362937927,-123.49,0,1,180,1.65,-0.9566,0.4078,0.1953,-0.287,0.1223,0.0781,-0.0865,0.2037
73.901,1,RETURN_HOME,3.7246,2.5931,-1.9483,0.7458,0.3689,-2.5046,0.5458,0.1689,0.5713,0.0,0.0,4.5383,8.738887786865234,0.5243910551071167,-124.24,0,1,180,1.653,-0.9529,0.3669,0.1904,-0.2859,0.1101,0.0762,-0.0996,0.1826
73.951,1,RETURN_HOME,3.7584,2.607,-1.9441,0.7302,0.3539,-2.507,0.5302,0.1539,0.5521,0.0,0.0,4.574,8.766347885131836,0.5116416811943054,-126.74,0,1,180,1.523,-0.948,0.3563,0.184,-0.2844,0.1069,0.0736,-0.1039,0.1765
74.002,1,RETURN_HOME,3.7916,2.6208,-1.9412,0.7149,0.3393,-2.5097,0.5149,0.1393,0.5334,0.0,0.0,4.6092,8.795683860778809,0.5003295540809631,-126.49,0,1,180,1.698,-0.9425,0.3447,0.1778,-0.2828,0.1034,0.0711,-0.1082,0.1696
74.051,1,RETURN_HOME,3.819,2.632,-1.9398,0.7025,0.3271,-2.512,0.5025,0.1271,0.5184,0.0,0.0,4.6381,8.859803199768066,0.47817984223365784,-122.99,0,1,180,1.659,-0.9374,0.3113,0.1728,-0.2812,0.0934,0.0691,-0.1187,0.1511
74.101,1,RETURN_HOME,3.8522,2.6449,-1.9395,0.6882,0.3124,-2.5149,0.4882,0.1124,0.501,0.0,0.0,4.6727,8.888517379760742,0.4668991267681122,-126.74,0,1,180,1.534,-0.9304,0.3,0.167,-0.2791,0.09,0.0668,-0.1223,0.1437
74.15,1,RETURN_HOME,3.8413,2.5878,-1.9304,-0.5933,-1.6957,-1.9069,0.0,0.0,0.0,0.0,0.0,4.6317,8.921947479248047,0.4573073089122772,-121.74,0,0,180,0.727,,,,,,,,
74.2,1,RETURN_HOME,3.8081,2.5057,-1.9144,-0.6788,-1.9201,-1.2787,0.0,0.0,0.0,0.0,0.0,4.5585,6.287856578826904,0.6631255745887756,-135.0,0,0,180,0.377,,,,,,,,
74.249,1,RETURN_HOME,3.763,2.3907,-1.8852,-0.619,-2.1522,-0.5722,0.0,0.0,0.0,0.0,0.0,4.4582,6.257718086242676,0.7625027298927307,135.0,0,0,180,0.14,,,,,,,,
74.3,1,RETURN_HOME,3.7299,2.2904,-1.856,-0.5294,-2.2327,0.014,0.0,0.0,0.0,0.0,0.0,4.3771,6.413455963134766,0.6860469579696655,133.75,0,0,180,0.146,,,,,,,,
74.35,1,RETURN_HOME,3.6992,2.1668,-1.8212,-0.4801,-2.1815,0.7301,0.0,0.0,0.0,0.0,0.0,4.287,2.2229604721069336,0.7073891758918762,80.45,0,0,180,0.139,,,,,,,,
74.4,1,RETURN_HOME,3.6712,2.0486,-1.7854,-0.5242,-2.0255,1.385,0.0,0.0,0.0,0.0,0.0,4.2041,1.020815372467041,0.7210910320281982,55.93,0,0,180,0.128,,,,,,,,
74.45,1,RETURN_HOME,3.645,1.9586,-1.7518,-0.6286,-1.8558,1.9017,0.0,0.0,0.0,0.0,0.0,4.1379,0.8069760203361511,0.8069760203361511,-0.63,0,0,180,0.16,,,,,,,,
74.501,1,RETURN_HOME,3.6146,1.8753,-1.7112,-0.7829,-1.701,2.4636,0.0,0.0,0.0,0.0,0.0,4.0721,0.9177416563034058,0.8791301846504211,-24.65,0,0,180,0.739,,,,,,,,
74.55,1,RETURN_HOME,3.5691,1.7834,-1.6514,-1.0159,-1.5895,-3.1354,0.0,0.0,0.0,0.0,0.0,3.9899,1.2962560653686523,0.972740650177002,-48.17,0,0,180,0.727,,,,,,,,
74.601,1,RETURN_HOME,3.5111,1.6957,-1.5786,-1.2332,-1.5721,-2.5441,0.0,0.0,0.0,0.0,0.0,3.8991,11.41224479675293,1.1957204341888428,-101.72,0,0,180,0.894,,,,,,,,
74.65,1,RETURN_HOME,3.4488,1.6215,-1.5083,-1.3727,-1.5737,-2.0788,0.0,0.0,0.0,0.0,0.0,3.8109,7.980469703674316,1.3034747838974,-126.24,0,0,180,0.912,,,,,,,,
74.7,1,RETURN_HOME,3.3699,1.5349,-1.4216,-1.453,-1.5403,-1.4556,0.0,0.0,0.0,0.0,0.0,3.703,6.2184624671936035,1.4576921463012695,-135.0,0,0,180,0.916,,,,,,,,
74.751,1,RETURN_HOME,3.3031,1.4664,-1.3486,-1.4516,-1.4718,-0.9085,0.0,0.0,0.0,0.0,0.0,3.614,6.023437976837158,1.7590305805206299,135.0,0,0,180,1.003,,,,,,,,
74.801,1,RETURN_HOME,3.2231,1.3915,-1.2591,-1.3801,-1.3242,-0.3519,0.0,0.0,0.0,0.0,0.0,3.5106,6.915594577789307,1.6192933320999146,134.75,0,0,180,1.764,,,,,,,,
74.851,1,RETURN_HOME,3.1499,1.3263,-1.1691,-1.2357,-1.1183,0.0968,-1.1357,-0.9183,1.4605,0.0,0.0,3.4178,5.775117874145508,1.6411340236663818,120.99,0,1,180,1.777,0.9607,1.0,0.9354,0.2882,0.3,0.3742,9990.442,1.361
74.902,1,RETURN_HOME,3.0952,1.281,-1.0907,-1.0938,-0.9185,0.4786,-1.2938,-0.7185,1.4799,0.0,0.0,3.3498,5.5796074867248535,1.7111510038375854,77.7,0,1,167,1.628,0.9934,1.0,0.9802,0.298,0.3,0.3921,9996.0849,1.4788
74.951,1,RETURN_HOME,3.0368,1.238,-0.9869,-0.9511,-0.6709,1.0911,-1.1511,-0.4709,1.2437,0.0,0.0,3.2795,2.7366745471954346,1.7634844779968262,57.93,0,1,170,1.262,1.0,1.0,0.8291,0.3,0.3,0.3316,9999.2822,0.8705
75.001,1,RETURN_HOME,2.9929,1.2121,-0.8882,-0.9064,-0.4515,1.6321,-1.0064,-0.4515,1.1031,0.0,0.0,3.229,2.064556360244751,1.7975428104400635,40.41,0,1,180,1.706,0.9993,1.0,0.7349,0.2998,0.3,0.294,9998.1547,0.6721
75.051,1,RETURN_HOME,2.9483,1.2024,-0.757,-0.9166,-0.172,2.1518,-1.0166,-0.372,1.0825,0.0,0.0,3.1841,1.66924250125885,1.66924250125885,-7.88,0,1,167,1.221,0.9993,1.0,0.7212,0.2998,0.3,0.2885,9998.2484,1.1451
75.101,1,RETURN_HOME,2.9056,1.2082,-0.6196,-0.955,0.0245,2.5994,-0.855,-0.1755,0.8728,0.0,0.0,3.1468,1.6732670068740845,1.592311978340149,-26.4,0,1,180,1.513,0.9817,1.0,0.5712,0.2945,0.3,0.2285,9991.7519,0.4526
75.151,1,RETURN_HOME,2.869,1.2175,-0.5035,-0.9636,0.1032,2.9828,0.0,0.0,0.0,0.0,0.0,3.1166,1.9459764957427979,1.5533356666564941,-47.17,0,0,180,1.885,,,,,,,,
75.201,1,RETURN_HOME,2.8224,1.2378,-0.3628,-0.9317,0.1326,-2.8075,-0.9317,-0.0674,0.9342,0.0,0.0,3.0819,6.575222969055176,1.5741136074066162,-88.21,0,1,180,1.804,0.9424,1.0,0.5869,0.2827,0.3,0.2348,9989.0744,0.4797
75.251,1,RETURN_HOME,2.7852,1.2547,-0.246,-0.8702,0.1165,-2.4015,-0.7702,-0.0835,0.7747,0.0,0.0,3.0548,12.341560363769531,1.6027148962020874,-104.47,0,1,180,1.904,0.9507,1.0,0.491,0.2852,0.3,0.1964,9988.1667,0.4454
75.301,1,RETURN_HOME,2.7447,1.2719,-0.1049,-0.7719,0.0632,-1.9591,-0.7719,-0.1368,0.784,0.0,0.0,3.0251,7.671575546264648,1.6291998624801636,-123.24,0,1,180,1.605,0.9668,1.0,0.5053,0.29,0.3,0.2021,9989.6616,0.3327
75.351,1,RETURN_HOME,2.7167,1.2867,0.0126,-0.6834,-0.0116,-1.6228,-0.8834,-0.2116,0.9084,0.0,0.0,3.006,5.214791774749756,1.8457627296447754,-135.0,0,1,180,1.584,0.9786,1.0,0.5926,0.2936,0.3,0.2371,9992.8553,1.2354
75.402,1,RETURN_HOME,2.6882,1.2979,0.1583,-0.5671,-0.1284,-1.21,-0.7671,-0.3284,0.8344,0.0,0.0,2.9852,5.1435322761535645,2.270923614501953,-135.0,0,1,180,1.883,0.999,1.0,0.5557,0.2997,0.3,0.2223,9994.3588,1.3702
75.451,1,RETURN_HOME,2.6701,1.3023,0.2861,-0.46,-0.2205,-0.8434,-0.66,-0.4205,0.7825,0.0,0.0,2.9708,5.183541297912598,1.9846116304397583,135.0,0,1,180,1.863,0.9936,1.0,0.5183,0.2981,0.3,0.2073,9992.3683,1.7801
75.501,1,RETURN_HOME,2.6605,1.3043,0.4213,-0.3538,-0.2965,-0.4827,-0.5538,-0.3965,0.6811,0.0,0.0,2.963,3.466508626937866,1.6872831583023071,132.5,0,1,180,1.79,0.9863,1.0,0.4479,0.2959,0.3,0.1792,9989.1257,1.4372
75.551,1,RETURN_HOME,2.6537,1.3014,0.5914,-0.2428,-0.3711,-0.0915,-0.4428,-0.4711,0.6465,0.0,0.0,2.9556,3.5531108379364014,1.6765817403793335,116.73,0,1,180,1.754,0.9358,1.0,0.4033,0.2807,0.3,0.1613,9985.8465,1.4316
75.601,1,RETURN_HOME,2.6537,1.2956,0.7392,-0.1809,-0.4317,0.2053,-0.3809,-0.4317,0.5757,0.0,0.0,2.953,4.830829620361328,1.666919231414795,101.72,0,1,180,1.79,0.9235,1.0,0.3545,0.2771,0.3,0.1418,9983.9672,1.416
75.651,1,RETURN_HOME,2.6674,1.2862,0.9216,-0.1573,-0.5199,0.5701,-0.3573,-0.4199,0.5514,0.0,0.0,2.9613,6.0494794845581055,1.6667245626449585,72.19,0,1,180,1.716,0.9145,1.0,0.3362,0.2744,0.3,0.1345,9983.0957,0.6299
75.701,1,RETURN_HOME,2.6662,1.2889,1.0522,-0.9227,0.5377,0.9633,0.0,0.0,0.0,0.0,0.0,2.9614,2.5281362533569336,1.4027490615844727,-134.75,0,0,180,1.546,,,,,,,,
75.751,1,RETURN_HOME,2.6423,1.3295,1.044,-0.7069,0.7261,1.1939,0.0,0.0,0.0,0.0,0.0,2.9579,2.021416187286377,1.2045531272888184,-135.0,0,0,180,1.878,,,,,,,,
75.801,1,RETURN_HOME,2.6085,1.3779,1.023,-0.7187,0.6393,1.4402,0.0,0.0,0.0,0.0,0.0,2.9501,1.5868746042251587,1.5627317428588867,20.14,0,0,180,1.731,,,,,,,,
75.851,1,RETURN_HOME,2.5808,1.4127,1.0083,-0.7011,0.5345,1.6333,0.0,0.0,0.0,0.0,0.0,2.9422,1.5337339639663696,1.5337339639663696,9.88,0,0,180,1.789,,,,,,,,
75.902,1,RETURN_HOME,2.5532,1.4389,0.997,-0.6586,0.4337,1.8159,-0.4586,0.2337,0.5147,0.0,0.0,2.9308,1.506108283996582,1.506108283996582,-0.38,0,1,180,1.984,0.5532,0.4226,0.1898,0.166,0.1268,0.0759,0.3687,0.1798
75.952,1,RETURN_HOME,2.522,1.4619,0.9869,-0.5978,0.3275,2.0198,-0.7978,0.1275,0.808,0.0,0.0,2.9151,1.458865761756897,1.444177508354187,-17.64,0,1,180,2.34,0.7752,1.0,0.4175,0.2326,0.3,0.167,9980.8919,0.5369
76.001,1,RETURN_HOME,2.4932,1.4802,0.978,-0.5592,0.2728,2.2114,-0.7592,0.0728,0.7627,0.0,0.0,2.8995,1.4765185117721558,1.4220240116119385,-24.9,0,1,180,1.665,0.8072,1.0,0.4104,0.2422,0.3,0.1642,9982.1396,0.5283
76.051,1,RETURN_HOME,2.4697,1.4911,0.9694,-0.5313,0.2549,2.3638,-0.7313,0.0549,0.7334,0.0,0.0,2.8849,1.5227371454238892,1.4055618047714233,-32.15,0,1,180,1.774,0.815,1.0,0.3985,0.2445,0.3,0.1594,9982.4483,0.519
76.101,1,RETURN_HOME,2.4468,1.5008,0.9607,-0.5204,0.2526,2.5105,-0.7204,0.0526,0.7223,0.0,0.0,2.8704,1.748757243156433,1.3922197818756104,-49.42,0,1,180,1.715,0.8121,1.0,0.3911,0.2436,0.3,0.1564,9982.393,0.7409
76.151,1,RETURN_HOME,2.4197,1.5123,0.9504,-0.5273,0.2534,2.6796,-0.7273,0.0534,0.7293,0.0,0.0,2.8534,1.9305933713912964,1.3927602767944336,-55.68,0,1,180,1.767,0.8069,1.0,0.3923,0.2421,0.3,0.1569,9982.3368,0.6488
76.201,1,RETURN_HOME,2.3968,1.5225,0.9402,-0.5411,0.2487,2.8148,-0.7411,0.0487,0.7427,0.0,0.0,2.8395,2.185286521911621,1.3945952653884888,-59.18,0,1,180,1.925,0.8071,1.0,0.3996,0.2421,0.3,0.1598,9982.4656,0.6098
76.251,1,RETURN_HOME,2.369,1.5341,0.9295,-0.5598,0.2339,2.9695,-0.7598,0.0339,0.7606,0.0,0.0,2.8224,3.5002429485321045,1.4025678634643555,-73.19,0,1,180,1.844,0.8143,1.0,0.4129,0.2443,0.3,0.1652,9982.8772,0.8267
76.301,1,RETURN_HOME,2.3409,1.5446,0.9206,-0.5756,0.2117,3.1161,-0.7756,0.0117,0.7757,0.0,0.0,2.8046,3.99477481842041,1.407064437866211,-80.45,0,1,180,1.537,0.8263,1.0,0.4273,0.2479,0.3,0.1709,9983.4782,0.8049
76.352,1,RETURN_HOME,2.3177,1.5523,0.914,-0.585,0.1907,-3.0513,-0.785,-0.0093,0.785,0.0,0.0,2.7895,5.468827724456787,1.4118719100952148,-84.2,0,1,180,2.237,0.8374,1.0,0.4383,0.2512,0.3,0.1753,9984.0369,0.8294
76.401,1,RETURN_HOME,2.2895,1.5603,0.9073,-0.5923,0.1659,-2.9196,-0.7923,-0.0341,0.793,0.0,0.0,2.7706,11.280159950256348,1.4195373058319092,-96.96,0,1,180,1.567,0.8498,1.0,0.4493,0.2549,0.3,0.1797,9984.6873,1.0154
76.451,1,RETURN_HOME,2.2651,1.565,0.9018,-0.5967,0.1463,-2.816,-0.7967,-0.0537,0.7985,0.0,0.0,2.7531,11.269490242004395,1.4235267639160156,-100.47,0,1,180,1.522,0.8591,1.0,0.4573,0.2577,0.3,0.1829,9985.204,1.0337
76.502,1,RETURN_HOME,2.2345,1.5679,0.8951,-0.6013,0.1245,-2.6987,-0.8013,-0.0755,0.8049,0.0,0.0,2.7296,10.503971099853516,1.4302549362182617,-110.98,0,1,180,1.972,0.8689,1.0,0.4662,0.2607,0.3,0.1865,9985.7845,1.1344
76.552,1,RETURN_HOME,2.209,1.5699,0.8902,-0.605,0.1087,-2.607,-0.705,-0.0913,0.7109,0.0,0.0,2.71,9.195561408996582,1.432732105255127,-115.98,0,1,180,2.086,0.8828,1.0,0.4184,0.2648,0.3,0.1673,9986.2169,1.1417
76.601,1,RETURN_HOME,2.1783,1.5708,0.8829,-0.6094,0.0915,-2.5039,-0.7094,-0.1085,0.7177,0.0,0.0,2.6856,8.365830421447754,1.4365178346633911,-120.24,0,1,180,1.712,0.8902,1.0,0.4259,0.2671,0.3,0.1704,9986.7555,1.1423
76.651,1,RETURN_HOME,2.1475,1.5705,0.8751,-0.6143,0.0754,-2.4083,-0.7143,-0.1246,0.7251,0.0,0.0,2.6605,7.246016025543213,1.440670371055603,-126.99,0,1,180,1.539,0.8966,1.0,0.4334,0.269,0.3,0.1734,9987.2567,1.1563
76.701,1,RETURN_HOME,2.1168,1.5701,0.8684,-0.6145,0.0608,-2.3202,-0.7145,-0.1392,0.7279,0.0,0.0,2.6356,6.820780277252197,1.441460371017456,-130.0,0,1,180,1.735,0.9023,1.0,0.4378,0.2707,0.3,0.1751,9987.6992,1.1576
76.751,1,RETURN_HOME,2.0888,1.5698,0.863,-0.6124,0.0499,-2.2523,-0.7124,-0.1501,0.728,0.0,0.0,2.613,6.526290416717529,1.4432770013809204,-134.25,0,1,180,1.872,0.9061,1.0,0.4398,0.2718,0.3,0.1759,9988.0215,1.1602
76.801,1,RETURN_HOME,2.0551,1.5694,0.8569,-0.6076,0.0375,-2.1774,-0.7076,-0.1625,0.7261,0.0,0.0,2.5858,6.096409797668457,1.4567502737045288,-134.75,0,1,180,1.666,0.9105,1.0,0.4407,0.2731,0.3,0.1763,9988.3867,1.1724
76.851,1,RETURN_HOME,2.0277,1.5688,0.8522,-0.6025,0.027,-2.1205,-0.7025,-0.173,0.7235,0.0,0.0,2.5637,5.9256591796875,1.4688050746917725,-135.0,0,1,180,1.834,0.9143,1.0,0.441,0.2743,0.3,0.1764,9988.6962,1.1794
76.902,1,RETURN_HOME,1.9989,1.5688,0.8484,-0.5938,0.0148,-2.0585,-0.6938,-0.1852,0.7181,0.0,0.0,2.541,5.802475452423096,1.4838777780532837,-135.0,0,1,180,2.195,0.9193,1.0,0.4401,0.2758,0.3,0.176,9989.0516,1.1894
76.951,1,RETURN_HOME,1.9705,1.5684,0.8448,-0.5854,0.002,-2.0034,-0.6854,-0.198,0.7135,0.0,0.0,2.5185,5.625525951385498,1.5177992582321167,-135.0,0,1,180,1.933,0.9245,1.0,0.4397,0.2773,0.3,0.1759,9989.4306,1.2209
77.001,1,RETURN_HOME,1.9471,1.5676,0.843,-0.5792,-0.0091,-1.9627,-0.6792,-0.2091,0.7107,0.0,0.0,2.4997,5.557175159454346,1.5363739728927612,-135.0,0,1,180,1.716,0.929,1.0,0.4401,0.2787,0.3,0.176,9989.7641,1.241
77.052,1,RETURN_HOME,1.9236,1.5657,0.8446,-0.5734,-0.0206,-1.9265,-0.6734,-0.2206,0.7086,0.0,0.0,2.4802,5.506606101989746,1.556960105895996,-135.0,0,1,180,1.991,0.9335,1.0,0.441,0.2801,0.3,0.1764,9990.117,1.2587
77.101,1,RETURN_HOME,1.8959,1.5631,0.8461,-0.5673,-0.0344,-1.8891,-0.6673,-0.2344,0.7073,0.0,0.0,2.4572,5.440814018249512,1.5967103242874146,-135.0,0,1,180,1.529,0.9388,1.0,0.4426,0.2816,0.3,0.1771,9990.5417,1.2945
77.151,1,RETURN_HOME,1.8736,1.5609,0.8468,-0.5627,-0.0456,-1.863,-0.6627,-0.2456,0.7067,0.0,0.0,2.4386,5.415196418762207,1.6183347702026367,-135.0,0,1,180,1.756,0.9429,1.0,0.4442,0.2829,0.3,0.1777,9990.8873,1.3157
77.202,1,RETURN_HOME,1.8489,1.5593,0.8463,-0.5574,-0.0582,-1.8378,-0.6574,-0.2582,0.7063,0.0,0.0,2.4187,5.3974199295043945,1.6365766525268555,-135.0,0,1,180,1.821,0.9472,1.0,0.446,0.2842,0.3,0.1784,9991.2614,1.3343
77.251,1,RETURN_HOME,1.8242,1.5571,0.8455,-0.5528,-0.0706,-1.8191,-0.6528,-0.2706,0.7067,0.0,0.0,2.3984,5.378511428833008,1.6673864126205444,-135.0,0,1,180,1.698,0.9512,1.0,0.4481,0.2854,0.3,0.1793,9991.6327,1.3666
77.301,1,RETURN_HOME,1.8033,1.5549,0.845,-0.5496,-0.0811,-1.8082,-0.6496,-0.2811,0.7078,0.0,0.0,2.3811,5.368710041046143,1.6833523511886597,-135.0,0,1,180,1.629,0.9544,1.0,0.4504,0.2863,0.3,0.1802,9991.9451,1.3837
77.352,1,RETURN_HOME,1.782,1.5523,0.8445,-0.547,-0.0919,-1.8016,-0.647,-0.2919,0.7098,0.0,0.0,2.3632,5.363559722900391,1.6929231882095337,-135.0,0,1,180,1.857,0.9575,1.0,0.4531,0.2872,0.3,0.1812,9992.2611,1.3951
77.401,1,RETURN_HOME,1.7563,1.5483,0.8438,-0.5442,-0.1052,-1.7991,-0.5442,-0.3052,0.6239,0.0,0.0,2.3413,5.358413219451904,1.706244707107544,-135.0,0,1,180,1.804,0.9777,1.0,0.4067,0.2933,0.3,0.1627,9992.6766,1.4281
77.451,1,RETURN_HOME,1.7309,1.5446,0.8406,-0.5417,-0.1185,-1.8023,-0.5417,-0.3185,0.6284,0.0,0.0,2.3199,5.354280471801758,1.7113404273986816,-135.0,0,1,180,1.627,0.9807,1.0,0.4108,0.2942,0.3,0.1643,9993.1434,1.4341
77.502,1,RETURN_HOME,1.7099,1.5411,0.8375,-0.5399,-0.1296,-1.8095,-0.5399,-0.3296,0.6325,0.0,0.0,2.3019,5.351752281188965,1.7112001180648804,-135.0,0,1,180,2.129,0.9828,1.0,0.4144,0.2949,0.3,0.1658,9993.5351,1.437
77.551,1,RETURN_HOME,1.6846,1.5361,0.8339,-0.5342,-0.1422,-1.8234,-0.5342,-0.3422,0.6344,0.0,0.0,2.2799,5.354145050048828,1.7043695449829102,-135.0,0,1,180,1.663,0.9857,1.0,0.4169,0.2957,0.3,0.1668,9993.9747,1.4332
77.601,1,RETURN_HOME,1.6636,1.5338,0.8293,-0.5268,-0.1525,-1.8394,-0.5268,-0.3525,0.6338,0.0,0.0,2.2628,5.356902599334717,1.698259949684143,-135.0,0,1,180,1.796,0.988,1.0,0.4175,0.2964,0.3,0.167,9994.2989,1.4307
77.651,1,RETURN_HOME,1.6429,1.5305,0.8249,-0.5172,-0.1633,-1.8593,-0.5172,-0.3633,0.632,0.0,0.0,2.2454,5.35576057434082,1.6898878812789917,-135.0,0,1,180,1.697,0.9905,1.0,0.4174,0.2972,0.3,0.1669,9994.6316,1.4283
77.701,1,RETURN_HOME,1.6227,1.5265,0.8208,-0.5063,-0.1749,-1.8832,-0.5063,-0.3749,0.6299,0.0,0.0,2.2279,5.37407922744751,1.6667436361312866,-135.0,0,1,180,1.575,0.9931,1.0,0.4171,0.2979,0.3,0.1668,9994.9785,1.4103
77.751,1,RETURN_HOME,1.5996,1.5195,0.8163,-0.4926,-0.1904,-1.9169,-0.4926,-0.3904,0.6286,0.0,0.0,2.2062,5.386793613433838,1.6514898538589478,-135.0,0,1,180,1.537,0.996,1.0,0.4174,0.2988,0.3,0.1669,9995.4389,1.4023
77.801,1,RETURN_HOME,1.5771,1.5112,0.8115,-0.4794,-0.2074,-1.955,-0.4794,-0.4074,0.6292,0.0,0.0,2.1843,5.401116371154785,1.637252688407898,-135.0,0,1,180,1.534,0.9982,1.0,0.4187,0.2995,0.3,0.1675,9995.9233,1.3935
77.851,1,RETURN_HOME,1.5588,1.5034,0.8062,-0.4693,-0.2226,-1.9891,-0.5693,-0.4226,0.709,0.0,0.0,2.1657,5.448566913604736,1.608453631401062,-135.0,0,1,180,1.507,0.9917,1.0,0.4687,0.2975,0.3,0.1875,9996.4195,1.3635
77.901,1,RETURN_HOME,1.5377,1.4961,0.7993,-0.4568,-0.2401,-2.0318,-0.5568,-0.4401,0.7097,0.0,0.0,2.1454,5.486283779144287,1.5946688652038574,-135.0,0,1,180,1.555,0.9947,1.0,0.4707,0.2984,0.3,0.1883,9997.0079,1.3576
77.951,1,RETURN_HOME,1.5206,1.4889,0.7896,-0.4478,-0.2556,-2.0681,-0.5478,-0.4556,0.7126,0.0,0.0,2.1281,5.524978160858154,1.5828574895858765,-135.0,0,1,180,1.482,0.9967,1.0,0.4735,0.299,0.3,0.1894,9997.4813,1.3549
78.001,1,RETURN_HOME,1.5001,1.4796,0.7725,-0.4443,-0.2747,-2.1118,-0.5443,-0.4747,0.7222,0.0,0.0,2.107,5.621156215667725,1.5636632442474365,-135.0,0,1,180,1.595,0.9981,1.0,0.4805,0.2994,0.3,0.1922,9997.7838,1.3419
78.051,1,RETURN_HOME,1.4828,1.4717,0.7529,-0.4462,-0.2899,-2.1477,-0.5462,-0.4899,0.7337,0.0,0.0,2.0891,5.684209823608398,1.5552743673324585,-135.0,0,1,180,1.536,0.9987,1.0,0.4885,0.2996,0.3,0.1954,9998.1317,1.3405
78.101,1,RETURN_HOME,1.4654,1.4628,0.7293,-0.4509,-0.3041,-2.1827,-0.5509,-0.5041,0.7468,0.0,0.0,2.0705,5.745906352996826,1.552369236946106,-135.0,0,1,180,1.531,0.9991,1.0,0.4974,0.2997,0.3,0.199,9998.3206,1.3416
78.151,1,RETURN_HOME,1.4439,1.4518,0.6972,-0.4577,-0.3194,-2.2229,-0.5577,-0.5194,0.7621,0.0,0.0,2.0475,5.882744312286377,1.5463602542877197,-135.0,0,1,180,1.726,0.9993,1.0,0.5077,0.2998,0.3,0.2031,9998.2468,1.3415
78.201,1,RETURN_HOME,1.4252,1.4429,0.6687,-0.4629,-0.3305,-2.2542,-0.5629,-0.5305,0.7735,0.0,0.0,2.0281,5.963415145874023,1.547324299812317,-135.0,0,1,180,1.6,0.9994,1.0,0.5154,0.2998,0.3,0.2061,9998.5311,1.347
78.251,1,RETURN_HOME,1.4027,1.431,0.6303,-0.4678,-0.3433,-2.2889,-0.5678,-0.5433,0.7859,0.0,0.0,2.0039,6.038351058959961,1.5477218627929688,-135.0,0,1,180,1.557,0.9995,1.0,0.5236,0.2998,0.3,0.2095,9998.5266,1.3561
78.302,1,RETURN_HOME,1.3837,1.4205,0.596,-0.4709,-0.3535,-2.3152,-0.4709,-0.4535,0.6538,0.0,0.0,1.983,6.187514781951904,1.5595110654830933,-134.5,0,1,180,1.783,0.9995,1.0,0.4357,0.2998,0.3,0.1743,9998.4876,1.3478
78.351,1,RETURN_HOME,1.3605,1.4073,0.5525,-0.4743,-0.3657,-2.3431,-0.5743,-0.5657,0.8061,0.0,0.0,1.9574,6.2708659172058105,1.5653003454208374,-134.75,0,1,180,1.63,0.9997,1.0,0.5372,0.2999,0.3,0.2149,9998.7783,1.3802
78.401,1,RETURN_HOME,1.3372,1.393,0.506,-0.476,-0.3765,-2.367,-0.576,-0.5765,0.815,0.0,0.0,1.9309,6.340929985046387,1.573298692703247,-133.75,0,1,180,1.532,0.9998,1.0,0.5432,0.2999,0.3,0.2173,9998.8532,1.3913
78.451,1,RETURN_HOME,1.3215,1.3784,0.4625,-0.473,-0.3839,-2.3841,-0.473,-0.4839,0.6767,0.0,0.0,1.9095,6.465599536895752,1.590842843055725,-134.25,0,1,180,1.58,1.0,1.0,0.4511,0.3,0.3,0.1804,9998.9406,1.3873
78.502,1,RETURN_HOME,1.3031,1.3598,0.4069,-0.4709,-0.3949,-2.4011,-0.4709,-0.4949,0.6831,0.0,0.0,1.8834,6.5256876945495605,1.601243495941162,-133.75,0,1,180,1.843,1.0,1.0,0.4554,0.3,0.3,0.1822,9998.8817,1.402
78.551,1,RETURN_HOME,1.2874,1.3438,0.3588,-0.4704,-0.4047,-2.4124,-0.5704,-0.6047,0.8313,0.0,0.0,1.861,6.571974754333496,1.6119364500045776,-133.0,0,1,180,1.736,1.0,1.0,0.5542,0.3,0.3,0.2217,9998.98,1.433
78.601,1,RETURN_HOME,1.2723,1.3274,0.3096,-0.4676,-0.4124,-2.4213,-0.5676,-0.6124,0.835,0.0,0.0,1.8387,6.641289234161377,1.6311633586883545,-132.75,0,1,180,1.778,0.9999,1.0,0.5566,0.3,0.3,0.2226,9999.0266,1.4542
78.651,1,RETURN_HOME,1.2542,1.3073,0.2472,-0.4621,-0.4193,-2.4291,-0.5621,-0.6193,0.8364,0.0,0.0,1.8116,6.667141437530518,1.644058108329773,-130.25,0,1,180,1.673,0.9996,1.0,0.5574,0.2999,0.3,0.2229,9998.7569,1.469
78.701,1,RETURN_HOME,1.2388,1.2902,0.1924,-0.4597,-0.4269,-2.4333,-0.6597,-0.6269,0.91,0.0,0.0,1.7887,6.679261684417725,1.6547287702560425,-130.25,0,1,180,1.601,0.999,1.0,0.6061,0.2997,0.3,0.2424,9998.5259,1.4809
78.751,1,RETURN_HOME,1.2209,1.2665,0.1216,-0.4582,-0.4392,-2.4359,-0.5582,-0.5392,0.7761,0.0,0.0,1.7592,6.687194347381592,1.679160237312317,-130.5,0,1,180,1.689,0.9994,1.0,0.5171,0.2998,0.3,0.2068,9998.4703,1.4879
78.801,1,RETURN_HOME,1.2056,1.2466,0.0598,-0.459,-0.4506,-2.4361,-0.559,-0.5506,0.7847,0.0,0.0,1.7342,6.677656173706055,1.693575382232666,-128.99,0,1,180,1.541,0.9997,1.0,0.523,0.2999,0.3,0.2092,9998.8578,1.5033
78.851,1,RETURN_HOME,1.1866,1.2223,-0.0177,-0.4637,-0.4648,-2.4342,-0.6637,-0.6648,0.9394,0.0,0.0,1.7035,6.661107540130615,1.7065613269805908,-130.5,0,1,180,1.727,0.9999,1.0,0.6262,0.3,0.3,0.2505,9999.1708,1.5383
78.901,1,RETURN_HOME,1.1733,1.2045,-0.0905,-0.466,-0.4731,-2.4312,-0.666,-0.6731,0.9469,0.0,0.0,1.6815,6.640950679779053,1.71962308883667,-130.5,0,1,180,1.658,1.0,1.0,0.6312,0.3,0.3,0.2525,9999.1826,1.5529
78.951,1,RETURN_HOME,1.1563,1.1826,-0.1813,-0.468,-0.4799,-2.4265,-0.568,-0.5799,0.8117,0.0,0.0,1.654,6.580216884613037,1.7473551034927368,-130.5,0,1,180,1.616,1.0,1.0,0.5411,0.3,0.3,0.2165,9999.0056,1.5637
79.002,1,RETURN_HOME,1.1411,1.1644,-0.2587,-0.4717,-0.4857,-2.4219,-0.5717,-0.5857,0.8185,0.0,0.0,1.6303,6.541776657104492,1.7602077722549438,-130.75,0,1,180,1.717,1.0,1.0,0.5457,0.3,0.3,0.2183,9999.2447,1.5764
79.051,1,RETURN_HOME,1.1235,1.1472,-0.3365,-0.4775,-0.4915,-2.4167,-0.6775,-0.6915,0.9681,0.0,0.0,1.6057,6.504423141479492,1.7739540338516235,-130.25,0,1,180,1.597,1.0,1.0,0.6454,0.3,0.3,0.2582,9998.9137,1.6121
79.102,1,RETURN_HOME,1.1019,1.1258,-0.4282,-0.482,-0.4962,-2.41,-0.682,-0.6962,0.9745,0.0,0.0,1.5753,6.420002460479736,1.8041963577270508,-132.25,0,1,180,1.872,1.0,1.0,0.6497,0.3,0.3,0.2599,9999.3472,1.6415
79.151,1,RETURN_HOME,1.084,1.1078,-0.5017,-0.4833,-0.4981,-2.4042,-0.6833,-0.6981,0.9769,0.0,0.0,1.55,6.3758015632629395,1.819958209991455,-132.0,0,1,180,1.792,1.0,1.0,0.6512,0.3,0.3,0.2605,9999.3975,1.6589
79.201,1,RETURN_HOME,1.0629,1.086,-0.5853,-0.4855,-0.5014,-2.3971,-0.5855,-0.6014,0.8393,0.0,0.0,1.5196,6.336538791656494,1.8341833353042603,-131.25,0,1,180,1.72,1.0,1.0,0.5596,0.3,0.3,0.2238,9999.314,1.6528
79.251,1,RETURN_HOME,1.0449,1.0674,-0.6523,-0.4882,-0.5057,-2.3911,-0.5882,-0.6057,0.8443,0.0,0.0,1.4937,6.244630813598633,1.8646219968795776,-132.25,0,1,180,1.734,1.0,1.0,0.5629,0.3,0.3,0.2252,9999.1671,1.6866
79.301,1,RETURN_HOME,1.0264,1.048,-0.7175,-0.492,-0.5116,-2.3851,-0.392,-0.4116,0.5684,0.0,0.0,1.4669,6.200281620025635,1.8807780742645264,-131.25,0,1,180,1.562,0.9999,1.0,0.3789,0.3,0.3,0.1515,9998.9462,1.6626
79.351,1,RETURN_HOME,1.0034,1.0237,-0.7936,-0.4955,-0.5179,-2.378,-0.6955,-0.7179,0.9996,0.0,0.0,1.4334,6.156968593597412,1.895433783531189,-132.75,0,1,180,1.686,1.0,1.0,0.6664,0.3,0.3,0.2666,9999.2835,1.7389
79.401,1,RETURN_HOME,0.98,0.9989,-0.8651,-0.4971,-0.5226,-2.371,-0.6971,-0.7226,1.0041,0.0,0.0,1.3994,6.070234298706055,1.9284487962722778,-134.5,0,1,180,1.712,1.0,1.0,0.6693,0.3,0.3,0.2677,9999.529,1.7727
79.451,1,RETURN_HOME,0.9586,0.9787,-0.9214,-0.4941,-0.5214,-2.3655,-0.5941,-0.6214,0.8597,0.0,0.0,1.3699,6.030491352081299,1.9426599740982056,-132.75,0,1,180,1.712,0.9999,1.0,0.5731,0.3,0.3,0.2292,9999.3669,1.7676
79.502,1,RETURN_HOME,0.9317,0.9548,-0.9851,-0.4939,-0.5221,-2.3593,-0.5939,-0.6221,0.8601,0.0,0.0,1.334,5.99058723449707,1.9585086107254028,-133.5,0,1,180,1.751,0.9999,1.0,0.5733,0.3,0.3,0.2293,9999.1219,1.7822
79.551,1,RETURN_HOME,0.9051,0.9304,-1.0447,-0.4963,-0.5261,-2.3535,-0.4963,-0.5261,0.7233,0.0,0.0,1.298,5.913158893585205,1.991478443145752,-134.25,0,1,180,1.607,0.9999,1.0,0.4821,0.3,0.3,0.1928,9999.2574,1.7966
79.601,1,RETURN_HOME,0.8846,0.9128,-1.0902,-0.4978,-0.5281,-2.3489,-0.6978,-0.7281,1.0085,0.0,0.0,1.2711,5.878190517425537,2.007864236831665,-134.75,0,1,180,1.717,1.0,1.0,0.6723,0.3,0.3,0.2689,9999.1537,1.8532
79.651,1,RETURN_HOME,0.8601,0.8909,-1.1416,-0.4991,-0.5306,-2.3438,-0.6991,-0.7306,1.0112,0.0,0.0,1.2384,5.812900543212891,2.038257122039795,-134.5,0,1,180,1.66,1.0,1.0,0.6741,0.3,0.3,0.2696,9999.5403,1.8838
79.701,1,RETURN_HOME,0.8398,0.8723,-1.182,-0.4978,-0.5307,-2.34,-0.6978,-0.7307,1.0104,0.0,0.0,1.2108,5.774883270263672,2.0560262203216553,-133.75,0,1,180,1.585,1.0,1.0,0.6736,0.3,0.3,0.2694,9999.7666,1.9005
79.751,1,RETURN_HOME,0.8221,0.8536,-1.2238,-0.4974,-0.5323,-2.3366,-0.6974,-0.7323,1.0112,0.0,0.0,1.1851,5.74726676940918,2.071779489517212,-135.0,0,1,180,1.879,1.0,1.0,0.6741,0.3,0.3,0.2696,9999.5492,1.9172
79.801,1,RETURN_HOME,0.8004,0.8306,-1.2706,-0.4995,-0.537,-2.3329,-0.4995,-0.537,0.7334,0.0,0.0,1.1535,5.715542793273926,2.088263750076294,-134.5,0,1,180,1.547,0.9998,1.0,0.4889,0.3,0.3,0.1955,9999.3035,1.8939
79.851,1,RETURN_HOME,0.7795,0.8076,-1.3144,-0.5044,-0.5448,-2.3298,-0.6044,-0.6448,0.8838,0.0,0.0,1.1224,5.657869815826416,2.121896743774414,-134.5,0,1,180,1.723,0.9999,1.0,0.5891,0.3,0.3,0.2357,9999.1295,1.9515
79.901,1,RETURN_HOME,0.7633,0.7888,-1.349,-0.5086,-0.5517,-2.3274,-0.6086,-0.6517,0.8917,0.0,0.0,1.0976,5.632035255432129,2.1392822265625,-134.75,0,1,180,1.662,0.9998,1.0,0.5943,0.3,0.3,0.2377,9999.4614,1.9674
79.952,1,RETURN_HOME,0.7466,0.7694,-1.3813,-0.5094,-0.5553,-2.3255,-0.6094,-0.6553,0.8949,0.0,0.0,1.072,5.60669469833374,2.1558499336242676,-135.0,0,1,180,1.838,0.9998,1.0,0.5965,0.2999,0.3,0.2386,9999.5965,1.9855
80.002,1,RETURN_HOME,0.7274,0.7452,-1.4158,-0.5087,-0.5588,-2.3237,-0.7087,-0.7588,1.0383,0.0,0.0,1.0413,5.549905300140381,2.1907317638397217,-134.5,0,1,180,1.803,0.9998,1.0,0.692,0.2999,0.3,0.2768,9999.7667,2.0412
80.051,1,RETURN_HOME,0.7102,0.7198,-1.4446,-0.5063,-0.562,-2.3226,-0.7063,-0.762,1.039,0.0,0.0,1.0112,5.526031494140625,2.206146240234375,-134.5,0,1,180,1.624,0.9995,1.0,0.6923,0.2999,0.3,0.2769,9999.5479,2.0269
80.102,1,RETURN_HOME,0.6952,0.6984,-1.4672,-0.5048,-0.5649,-2.3221,-0.7048,-0.6649,0.9689,0.0,0.0,0.9854,5.501327037811279,2.22582745552063,-135.0,0,1,180,1.883,0.9995,1.0,0.6456,0.2999,0.3,0.2583,9999.6354,2.3023
80.151,1,RETURN_HOME,0.6795,0.6772,-1.4886,-0.5059,-0.5696,-2.3221,-0.7059,-0.6696,0.973,0.0,0.0,0.9593,5.456596374511719,2.732865571975708,-102.22,0,1,180,1.755,0.9997,1.0,0.6485,0.2999,0.3,0.2594,9999.7105,2.2515
80.201,1,RETURN_HOME,0.6596,0.6521,-1.5126,-0.5102,-0.5774,-2.3225,-0.6102,-0.6774,0.9117,0.0,0.0,0.9275,5.436001300811768,2.736786127090454,-102.97,0,1,180,1.699,0.9983,1.0,0.6068,0.2995,0.3,0.2427,9999.433,2.2098
80.251,1,RETURN_HOME,0.6422,0.6307,-1.5315,-0.5156,-0.5839,-2.3233,-0.6156,-0.5839,0.8485,0.0,0.0,0.9002,5.416181564331055,2.7400758266448975,-103.22,0,1,180,1.824,0.9998,1.0,0.5656,0.3,0.3,0.2262,9999.4152,2.4715
80.301,1,RETURN_HOME,0.6206,0.6051,-1.5536,-0.524,-0.591,-2.3249,-0.624,-0.591,0.8594,0.0,0.0,0.8667,5.37766170501709,2.755547046661377,-104.22,0,1,180,1.626,0.9999,1.0,0.5729,0.3,0.3,0.2292,9999.8519,2.4092
80.351,1,RETURN_HOME,0.6018,0.5835,-1.5712,-0.5299,-0.5959,-2.3267,-0.6299,-0.5959,0.8671,0.0,0.0,0.8382,5.360317230224609,2.7611448764801025,-104.47,0,1,180,1.486,0.9999,1.0,0.578,0.3,0.3,0.2312,9999.6486,2.3764
80.401,1,RETURN_HOME,0.5787,0.557,-1.5911,-0.535,-0.5989,-2.3293,-0.735,-0.6989,1.0143,0.0,0.0,0.8032,5.343520641326904,2.7681941986083984,-105.22,0,1,180,1.679,1.0,1.0,0.6762,0.3,0.3,0.2705,9999.6684,2.0473
80.451,1,RETURN_HOME,0.5621,0.5345,-1.6064,-0.5369,-0.5995,-2.3319,-0.5369,-0.4995,0.7333,0.0,0.0,0.7756,5.309802532196045,2.780388832092285,-105.97,0,1,180,1.549,0.9999,1.0,0.4888,0.3,0.3,0.1955,9999.5595,2.5349
80.501,1,RETURN_HOME,0.5421,0.5072,-1.6239,-0.5389,-0.5995,-2.3352,-0.5389,-0.4995,0.7348,0.0,0.0,0.7424,5.294753074645996,2.789217948913574,-106.47,0,1,180,1.524,1.0,1.0,0.4899,0.3,0.3,0.1959,9999.8782,2.5455
80.551,1,RETURN_HOME,0.5246,0.4842,-1.6377,-0.5423,-0.6006,-2.3383,-0.4423,-0.4006,0.5968,0.0,0.0,0.7139,5.279650688171387,2.7932498455047607,-106.72,0,1,180,1.826,1.0,1.0,0.3978,0.3,0.3,0.1591,9999.8727,2.5222
80.601,1,RETURN_HOME,0.5014,0.4562,-1.6542,-0.544,-0.5992,-2.3424,-0.444,-0.3992,0.597,0.0,0.0,0.6779,5.253316879272461,2.8081250190734863,-107.47,0,1,180,1.79,1.0,1.0,0.398,0.3,0.3,0.1592,9999.6117,2.5588
80.652,1,RETURN_HOME,0.4814,0.4329,-1.6672,-0.5434,-0.5957,-2.3463,-0.4434,-0.3957,0.5943,0.0,0.0,0.6474,5.2393903732299805,2.8189799785614014,-107.72,0,1,180,1.799,1.0,1.0,0.3962,0.3,0.3,0.1585,9999.4168,2.5733
80.702,1,RETURN_HOME,0.4613,0.4097,-1.6796,-0.5393,-0.5888,-2.3506,-0.4393,-0.3888,0.5866,0.0,0.0,0.617,5.232467174530029,2.823291063308716,-107.97,0,1,180,1.746,1.0,1.0,0.3911,0.3,0.3,0.1564,9999.5935,2.5684
80.801,2,NAVIGATE,0.4146,0.352,-1.7054,-0.5216,-0.5643,-2.3622,-0.7216,-0.3643,0.8084,0.0,12.0,11.6553,5.20709228515625,2.8531503677368164,-108.98,0,1,180,1.656,-0.4186,1.0,0.2695,-0.1256,0.3,0.1078,0.2822,2.568
80.851,2,NAVIGATE,0.395,0.3293,-1.7151,-0.5119,-0.5527,-2.3677,-0.7119,-0.3527,0.7945,0.0,12.0,11.6774,5.199301719665527,2.8566815853118896,-109.23,0,1,180,1.734,-0.4134,1.0,0.2648,-0.124,0.3,0.1059,0.2819,2.5818
80.901,2,NAVIGATE,0.375,0.3086,-1.7231,-0.5007,-0.5425,-2.3781,-0.7007,-0.3425,0.7799,0.0,12.0,11.6974,5.193742752075195,2.8721985816955566,-109.73,0,1,180,1.661,-0.4102,1.0,0.26,-0.123,0.3,0.104,0.2809,2.582
80.951,2,NAVIGATE,0.3513,0.284,-1.7297,-0.4957,-0.5342,-2.3992,-0.6957,-0.3342,0.7718,0.0,12.0,11.7213,5.209194183349609,2.8796565532684326,-109.48,0,1,180,1.644,-0.4058,1.0,0.2573,-0.1217,0.3,0.1029,0.2812,2.6024
81.002,2,NAVIGATE,0.3279,0.2621,-1.7321,-0.4968,-0.5286,-2.4288,-0.6968,-0.3286,0.7704,0.0,12.0,11.7425,5.242697238922119,2.8846373558044434,-109.23,0,1,180,1.718,-0.401,1.0,0.2568,-0.1203,0.3,0.1027,0.2824,2.6188
81.051,2,NAVIGATE,0.3084,0.2456,-1.7313,-0.5013,-0.5248,-2.4595,-0.7013,-0.3248,0.7729,0.0,12.0,11.7584,5.375659465789795,2.902700424194336,-107.72,0,1,180,1.706,-0.3964,1.0,0.2576,-0.1189,0.3,0.1031,0.2841,2.6357
81.102,2,NAVIGATE,0.2846,0.2253,-1.7282,-0.5102,-0.5214,-2.5029,-0.7102,-0.3214,0.7796,0.0,12.0,11.7782,5.475132942199707,2.910001039505005,-106.72,0,1,180,1.637,-0.3901,1.0,0.2599,-0.117,0.3,0.1039,0.2869,2.6263
81.151,2,NAVIGATE,0.2644,0.209,-1.7263,-0.5201,-0.5174,-2.5442,-0.7201,-0.3174,0.7869,0.0,12.0,11.7939,5.597011566162109,2.915767192840576,-105.47,0,1,180,1.837,-0.3828,1.0,0.2623,-0.1148,0.3,0.1049,0.2901,2.6381
81.201,2,NAVIGATE,0.2396,0.1899,-1.7241,-0.5339,-0.5104,-2.5995,-0.7339,-0.3104,0.7969,0.0,12.0,11.8125,5.959033966064453,2.779301643371582,-133.25,0,1,180,1.59,-0.3708,1.0,0.2656,-0.1112,0.3,0.1062,0.295,2.5793
81.251,2,NAVIGATE,0.2184,0.1736,-1.7211,-0.5465,-0.5026,-2.65,-0.7465,-0.3026,0.8055,0.0,12.0,11.8284,6.1930646896362305,2.7948668003082275,-131.5,0,1,180,1.772,-0.3584,1.0,0.2685,-0.1075,0.3,0.1074,0.2999,2.6012
81.301,2,NAVIGATE,0.1903,0.1543,-1.7167,-0.5627,-0.49,-2.7155,-0.7627,-0.29,0.816,0.0,12.0,11.8473,6.4768781661987305,2.8068931102752686,-129.49,0,1,180,1.635,-0.3404,1.0,0.272,-0.1021,0.3,0.1088,0.3067,2.6226
81.351,2,NAVIGATE,0.1658,0.1384,-1.7124,-0.5763,-0.4777,-2.7741,-0.7763,-0.2777,0.8245,0.0,12.0,11.8628,7.319616794586182,2.8397722244262695,-124.99,0,1,180,1.524,-0.3236,1.0,0.2748,-0.0971,0.3,0.1099,0.3129,2.6497
81.401,2,NAVIGATE,0.1358,0.1194,-1.7069,-0.5923,-0.4614,-2.8489,-0.7923,-0.2614,0.8344,0.0,12.0,11.8813,7.873775959014893,2.851126194000244,-122.74,0,1,180,1.617,-0.3025,1.0,0.2781,-0.0907,0.3,0.1112,0.3205,2.6579
81.451,2,NAVIGATE,0.1074,0.1039,-1.7013,-0.607,-0.4472,-2.915,-0.807,-0.2472,0.844,0.0,12.0,11.8966,8.578388214111328,2.8685662746429443,-120.24,0,1,180,1.543,-0.2842,1.0,0.2813,-0.0853,0.3,0.1125,0.3273,2.6601
81.501,2,NAVIGATE,0.0731,0.0856,-1.6948,-0.6239,-0.43,-2.9983,-0.8239,-0.23,0.8554,0.0,12.0,11.9147,9.009466171264648,2.8938732147216797,-114.48,0,1,180,1.682,-0.263,1.0,0.2851,-0.0789,0.3,0.114,0.3351,2.6612
81.551,2,NAVIGATE,0.039,0.0677,-1.6883,-0.6401,-0.4131,-3.086,-0.8401,-0.2131,0.8667,0.0,12.0,11.9323,8.98400592803955,2.905280351638794,-111.73,0,1,180,1.492,-0.2427,1.0,0.2889,-0.0728,0.3,0.1156,0.3427,2.6716
81.601,2,NAVIGATE,0.0123,0.0537,-1.6827,-0.6531,-0.3989,3.1211,-0.8531,-0.1989,0.8759,0.0,12.0,11.9463,8.941609382629395,2.9263899326324463,-105.72,0,1,180,1.739,-0.2261,1.0,0.292,-0.0678,0.3,0.1168,0.349,2.6629
81.652,2,NAVIGATE,-0.0149,0.04,-1.6771,-0.6661,-0.3849,3.042,-0.8661,-0.1849,0.8856,0.0,12.0,11.96,8.916378021240234,2.9385626316070557,-102.22,0,1,180,1.92,-0.21,1.0,0.2952,-0.063,0.3,0.1181,0.3551,2.6574
81.702,2,NAVIGATE,-0.0483,0.0239,-1.6706,-0.6822,-0.368,2.9433,-0.8822,-0.168,0.8981,0.0,12.0,11.9762,8.898102760314941,2.9460368156433105,-69.44,0,1,180,1.857,-0.191,1.0,0.2994,-0.0573,0.3,0.1197,0.3624,2.6578
81.751,2,NAVIGATE,-0.0771,0.0109,-1.6652,-0.6964,-0.3535,2.8578,-0.8964,-0.1535,0.9095,0.0,12.0,11.9893,8.877182960510254,2.945873737335205,-65.94,0,1,180,1.742,-0.1751,1.0,0.3032,-0.0525,0.3,0.1213,0.3687,2.6718
81.801,2,NAVIGATE,-0.1124,-0.0042,-1.6589,-0.7137,-0.3359,2.7515,-0.9137,-0.1359,0.9237,0.0,12.0,12.0047,6.086450576782227,2.9435067176818848,-58.43,0,1,180,1.569,-0.1563,1.0,0.3079,-0.0469,0.3,0.1232,0.3763,2.659
81.851,2,NAVIGATE,-0.1422,-0.0156,-1.6541,-0.7283,-0.3203,2.6597,-0.9283,-0.1203,0.9361,0.0,12.0,12.0164,5.388607025146484,2.943497657775879,-54.68,0,1,180,1.521,-0.1402,1.0,0.312,-0.0421,0.3,0.1248,0.3827,2.6507
81.901,2,NAVIGATE,-0.1786,-0.0277,-1.6495,-0.7462,-0.2996,2.5466,-0.9462,-0.0996,0.9514,0.0,12.0,12.029,4.845381736755371,2.938114643096924,-51.17,0,1,180,1.616,-0.1195,1.0,0.3171,-0.0358,0.3,0.1269,0.391,2.6485
81.951,2,NAVIGATE,-0.2095,-0.0373,-1.6469,-0.7615,-0.2802,2.4513,-0.9615,-0.0802,0.9648,0.0,12.0,12.0391,4.03052282333374,2.935943603515625,-42.66,0,1,180,1.567,-0.1004,1.0,0.3216,-0.0301,0.3,0.1286,0.3985,2.6363
82.001,2,NAVIGATE,-0.242,-0.0455,-1.6464,-0.7774,-0.2582,2.3562,-0.9774,-0.0582,0.9791,0.0,12.0,12.048,3.76271390914917,2.933922290802002,-38.66,0,1,180,1.672,-0.0794,1.0,0.3264,-0.0238,0.3,0.1305,0.4067,2.638
82.051,2,NAVIGATE,-0.2835,-0.0531,-1.65,-0.7966,-0.2292,2.2441,-0.9966,-0.0292,0.997,0.0,12.0,12.0565,3.5466344356536865,2.9324417114257812,-34.66,0,1,180,1.756,-0.0528,1.0,0.3323,-0.0158,0.3,0.1329,0.4171,2.6314
82.101,2,NAVIGATE,-0.3183,-0.0589,-1.6571,-0.8104,-0.2054,2.1536,-1.0104,-0.0054,1.0104,0.0,12.0,12.0631,3.223501443862915,2.92973256111145,-26.15,0,1,180,1.712,-0.0317,1.0,0.3368,-0.0095,0.3,0.1347,0.4252,2.6103
82.151,2,NAVIGATE,-0.3587,-0.0655,-1.669,-0.8238,-0.1788,2.0494,-1.0238,0.0212,1.024,0.0,12.0,12.0709,3.122267961502075,2.9299063682556152,-22.4,0,1,180,1.769,-0.009,1.0,0.3413,-0.0027,0.3,0.1365,0.4338,2.6158
82.201,2,NAVIGATE,-0.3922,-0.0705,-1.6807,-0.833,-0.1583,1.9671,-1.033,0.0417,1.0338,0.0,12.0,12.0769,3.0427169799804688,2.9268856048583984,-18.89,0,1,180,2.023,0.0079,1.0,0.3446,0.0024,0.3,0.1378,0.4402,2.6131
82.251,2,NAVIGATE,-0.426,-0.075,-1.6933,-0.8408,-0.1394,1.8895,-1.0408,0.0606,1.0426,0.0,12.0,12.0825,2.9412708282470703,2.9270198345184326,-11.64,0,1,180,1.625,0.0229,1.0,0.3475,0.0069,0.3,0.139,0.4459,2.5342
82.302,2,NAVIGATE,-0.4658,-0.0798,-1.712,-0.8483,-0.1182,1.8031,-1.0483,0.0818,1.0515,0.0,12.0,12.0887,2.924952983856201,2.924952983856201,-8.63,0,1,180,1.621,0.0393,1.0,0.3505,0.0118,0.3,0.1402,0.452,2.5602
82.352,2,NAVIGATE,-0.5055,-0.0838,-1.7315,-0.8545,-0.0984,1.7245,-1.0545,0.1016,1.0594,0.0,12.0,12.0944,2.924858808517456,2.924858808517456,-5.63,0,1,180,1.764,0.0542,1.0,0.3531,0.0163,0.3,0.1413,0.4575,2.5701
82.402,2,NAVIGATE,-0.5389,-0.0867,-1.7466,-0.8593,-0.0827,1.6653,-1.0593,0.1173,1.0658,0.0,12.0,12.0987,2.925830602645874,2.925830602645874,-0.13,0,1,180,1.753,0.0656,1.0,0.3553,0.0197,0.3,0.1421,0.4618,2.362
82.451,2,NAVIGATE,-0.5807,-0.0871,-1.7608,-0.8649,-0.0638,1.6022,-1.0649,0.1362,1.0736,0.0,12.0,12.101,2.9259018898010254,2.9259018898010254,2.13,0,1,180,1.739,0.0791,1.0,0.3579,0.0237,0.3,0.1431,0.4669,2.3669
82.502,2,NAVIGATE,-0.6158,-0.0867,-1.7711,-0.8696,-0.0484,1.5561,-1.0696,0.1516,1.0803,0.0,12.0,12.1024,2.9273486137390137,2.9273486137390137,4.13,0,1,180,1.662,0.0898,1.0,0.3601,0.0269,0.3,0.144,0.471,2.3344
82.551,2,NAVIGATE,-0.6589,-0.0865,-1.7819,-0.8756,-0.0307,1.5084,-1.0756,0.1693,1.0889,0.0,12.0,12.1044,2.9254729747772217,2.9254729747772217,7.63,0,1,180,1.577,0.1015,1.0,0.363,0.0305,0.3,0.1452,0.4756,2.1861
82.601,2,NAVIGATE,-0.6977,-0.088,-1.7891,-0.8815,-0.0167,1.4745,-1.0815,0.1833,1.0969,0.0,12.0,12.1081,2.925252676010132,2.925252676010132,9.13,0,1,180,1.685,0.11,1.0,0.3656,0.033,0.3,0.1463,0.4793,2.1592
82.652,2,NAVIGATE,-0.7439,-0.089,-1.7966,-0.8889,-0.0001,1.4406,-1.0889,0.1999,1.1071,0.0,12.0,12.1119,3.074042558670044,2.924588441848755,10.38,0,1,180,1.92,0.1198,1.0,0.369,0.0359,0.3,0.1476,0.4836,2.1271
82.702,2,NAVIGATE,-0.79,-0.0903,-1.8034,-0.897,0.0162,1.4139,-1.097,0.2162,1.1181,0.0,12.0,12.1161,6.280033588409424,2.924257278442383,11.89,0,1,180,1.885,0.129,1.0,0.3727,0.0387,0.3,0.1491,0.4878,2.015
82.751,2,NAVIGATE,-0.8283,-0.0925,-1.8089,-0.9043,0.0294,1.397,-1.1043,0.2294,1.1279,0.0,12.0,12.1209,6.284368991851807,2.92350435256958,12.39,0,1,180,1.718,0.136,1.0,0.376,0.0408,0.3,0.1504,0.4912,1.9722
82.801,2,NAVIGATE,-0.8743,-0.094,-1.8151,-0.914,0.0456,1.3827,-1.114,0.2456,1.1407,0.0,12.0,12.1256,6.289159774780273,2.921156883239746,13.39,0,1,180,1.551,0.1443,1.0,0.3802,0.0433,0.3,0.1521,0.4954,1.8856
82.851,2,NAVIGATE,-0.919,-0.0939,-1.8222,-0.924,0.0625,1.3743,-1.124,0.2625,1.1542,0.0,12.0,12.1288,6.294086456298828,2.9205918312072754,12.89,0,1,180,1.58,0.1529,1.0,0.3847,0.0459,0.3,0.1539,0.4998,1.8319
82.901,2,NAVIGATE,-0.9555,-0.0929,-1.8291,-0.9328,0.0769,1.3714,-1.1328,0.2769,1.1661,0.0,12.0,12.1306,6.297509670257568,2.918349027633667,13.14,0,1,180,1.685,0.1602,1.0,0.3887,0.0481,0.3,0.1555,0.5035,1.7802
82.951,2,NAVIGATE,-0.9998,-0.0907,-1.8385,-0.9446,0.0948,1.3724,-1.1446,0.2948,1.1819,0.0,12.0,12.1319,6.3039398193359375,2.9144344329833984,12.39,0,1,180,1.691,0.1687,1.0,0.394,0.0506,0.3,0.1576,0.5082,1.7042
83.001,2,NAVIGATE,-1.0354,-0.0871,-1.8473,-0.9543,0.1104,1.3764,-1.1543,0.3104,1.1953,0.0,12.0,12.1313,6.308167934417725,2.9111135005950928,12.64,0,1,180,1.871,0.1763,1.0,0.3984,0.0529,0.3,0.1594,0.5123,1.6456
83.052,2,NAVIGATE,-1.0784,-0.0816,-1.859,-0.9662,0.1288,1.3844,-1.1662,0.3288,1.2116,0.0,12.0,12.1296,6.311250686645508,2.90865159034729,12.39,0,1,180,1.761,0.1847,1.0,0.4039,0.0554,0.3,0.1615,0.517,1.5705
83.102,2,NAVIGATE,-1.1151,-0.0764,-1.8693,-0.9762,0.1436,1.3931,-1.1762,0.3436,1.2253,0.0,12.0,12.1277,2.9040493965148926,2.9023351669311523,10.13,0,1,180,1.767,0.191,1.0,0.4084,0.0573,0.3,0.1634,0.5207,1.5254
83.151,2,NAVIGATE,-1.1648,-0.0696,-1.8776,-0.9906,0.161,1.4054,-1.1906,0.361,1.2442,0.0,12.0,12.1256,2.897484540939331,2.897484540939331,9.63,0,1,180,1.782,0.1969,1.0,0.4147,0.0591,0.3,0.1659,0.5249,1.4529
83.201,2,NAVIGATE,-1.2157,-0.0619,-1.8856,-1.0056,0.178,1.419,-1.2056,0.378,1.2635,0.0,12.0,12.123,2.8953115940093994,2.8942229747772217,11.39,0,1,180,1.854,0.2019,1.0,0.4212,0.0606,0.3,0.1685,0.5291,1.3793
83.251,2,NAVIGATE,-1.2585,-0.055,-1.8926,-1.0185,0.1917,1.4312,-1.2185,0.3917,1.28,0.0,12.0,12.1205,2.88388729095459,2.88388729095459,9.38,0,1,180,1.814,0.2056,1.0,0.4267,0.0617,0.3,0.1707,0.5323,1.3487
83.301,2,NAVIGATE,-1.3009,-0.0478,-1.9003,-1.0314,0.2053,1.4438,-1.2314,0.4053,1.2964,0.0,12.0,12.1178,2.8781826496124268,2.8781826496124268,8.88,0,1,180,1.765,0.2088,1.0,0.4321,0.0627,0.3,0.1729,0.5355,1.2942
83.351,2,NAVIGATE,-1.3524,-0.0383,-1.9095,-1.047,0.2215,1.4588,-1.247,0.4215,1.3163,0.0,12.0,12.1141,2.871607780456543,2.871607780456543,8.13,0,1,180,1.776,0.2124,1.0,0.4388,0.0637,0.3,0.1755,0.5392,1.219
83.402,2,NAVIGATE,-1.3961,-0.03,-1.9167,-1.0602,0.235,1.4709,-1.2602,0.435,1.3332,0.0,12.0,12.1107,2.8595504760742188,2.8595504760742188,5.38,0,1,180,2.147,0.2151,1.0,0.4444,0.0645,0.3,0.1778,0.5423,1.1962
83.451,2,NAVIGATE,-1.4503,-0.02,-1.9241,-1.0766,0.2508,1.4846,-1.2766,0.4508,1.3539,0.0,12.0,12.1072,2.8519744873046875,2.8519744873046875,6.38,0,1,180,1.733,0.2176,1.0,0.4513,0.0653,0.3,0.1805,0.5458,1.1321
83.501,2,NAVIGATE,-1.5049,-0.0091,-1.9314,-1.093,0.2669,1.4974,-1.293,0.4669,1.3747,0.0,12.0,12.103,2.845043897628784,2.845043897628784,5.63,0,1,180,1.522,0.22,1.0,0.4582,0.066,0.3,0.1833,0.5493,1.0621
83.551,2,NAVIGATE,-1.5501,0.0003,-1.9373,-1.1062,0.2802,1.5072,-1.3062,0.4802,1.3917,0.0,12.0,12.0994,2.8291046619415283,2.8291046619415283,5.38,0,1,180,1.686,0.222,1.0,0.4639,0.0666,0.3,0.1856,0.5521,1.0356
83.601,2,NAVIGATE,-1.5949,0.0097,-1.9428,-1.1187,0.2933,1.5159,-1.2187,0.4933,1.3148,0.0,12.0,12.0959,2.820699691772461,2.820699691772461,4.88,0,1,180,1.685,0.2497,1.0,0.4383,0.0749,0.3,0.1753,0.5502,0.9958
83.651,2,NAVIGATE,-1.6492,0.0221,-1.9494,-1.134,0.3094,1.525,-1.234,0.5094,1.335,0.0,12.0,12.0909,2.8115551471710205,2.8115551471710205,3.13,0,1,180,1.704,0.2519,1.0,0.445,0.0756,0.3,0.178,0.5536,0.931
83.701,2,NAVIGATE,-1.6933,0.0333,-1.955,-1.1461,0.3231,1.5314,-1.1461,0.5231,1.2598,0.0,12.0,12.0859,2.793938636779785,2.793938636779785,2.13,0,1,180,1.7,0.2837,1.0,0.4199,0.0851,0.3,0.168,0.5531,0.8968
83.751,2,NAVIGATE,-1.7459,0.0477,-1.9616,-1.1583,0.3395,1.538,-1.1583,0.5395,1.2778,0.0,12.0,12.0792,2.7832531929016113,2.7832531929016113,3.13,0,1,180,1.734,0.2868,1.0,0.4259,0.086,0.3,0.1704,0.5564,0.8339
83.801,2,NAVIGATE,-1.7905,0.0604,-1.9669,-1.1667,0.3535,1.5424,-1.0667,0.5535,1.2018,0.0,12.0,12.0732,2.773087978363037,2.773087978363037,1.63,0,1,180,1.666,0.3238,1.0,0.4006,0.0971,0.3,0.1602,0.5574,0.7876
83.851,2,NAVIGATE,-1.8434,0.0789,-1.9704,-1.1734,0.3718,1.5464,-0.9734,0.5718,1.1289,0.0,12.0,12.0628,2.752669334411621,2.752669334411621,2.63,0,1,180,1.733,0.3688,1.0,0.3763,0.1106,0.3,0.1505,0.5611,0.7175
83.901,2,NAVIGATE,-1.8874,0.0957,-1.9723,-1.1763,0.3876,1.5486,-0.9763,0.5876,1.1395,0.0,12.0,12.053,2.739447593688965,2.739447593688965,2.63,0,1,180,1.583,0.3752,1.0,0.3798,0.1125,0.3,0.1519,0.5645,0.6592
83.951,2,NAVIGATE,-1.9409,0.1165,-1.9749,-1.1758,0.4066,1.5499,-1.1758,0.5066,1.2802,0.0,12.0,12.0409,2.7275948524475098,2.7275948524475098,0.88,0,1,180,1.565,0.2425,1.0,0.4267,0.0727,0.3,0.1707,0.5434,0.8894
84.001,2,NAVIGATE,-1.9848,0.1334,-1.9753,-1.1704,0.4218,1.5497,-1.1704,0.5218,1.2814,0.0,12.0,12.0314,2.704772710800171,2.704772710800171,1.88,0,1,180,1.707,0.2509,1.0,0.4271,0.0753,0.3,0.1709,0.5461,0.8228
84.051,2,NAVIGATE,-2.0375,0.1541,-1.9758,-1.1592,0.4399,1.5475,-1.0592,0.5399,1.1889,0.0,12.0,12.0198,2.6895101070404053,2.6895101070404053,2.63,0,1,180,1.519,0.2966,1.0,0.3963,0.089,0.3,0.1585,0.5475,0.7611
84.101,2,NAVIGATE,-2.0813,0.1719,-1.9766,-1.1511,0.4527,1.5443,-0.9511,0.5527,1.1,0.0,12.0,12.0098,2.676693916320801,2.676693916320801,1.88,0,1,180,1.518,0.345,1.0,0.3667,0.1035,0.3,0.1467,0.5502,0.712
84.151,2,NAVIGATE,-2.1258,0.191,-1.9775,-1.1459,0.4636,1.5402,-0.9459,0.5636,1.1011,0.0,12.0,11.9988,2.6629276275634766,2.6629276275634766,1.38,0,1,180,1.803,0.3516,1.0,0.367,0.1055,0.3,0.1468,0.5523,0.6732
84.201,2,NAVIGATE,-2.1703,0.2103,-1.9787,-1.1423,0.4733,1.5355,-1.2423,0.4733,1.3294,0.0,12.0,11.9878,2.632577419281006,2.632577419281006,1.88,0,1,180,1.714,0.181,1.0,0.4431,0.0543,0.3,0.1773,0.5316,0.9081
84.251,2,NAVIGATE,-2.2236,0.2339,-1.9805,-1.1359,0.4848,1.5291,-1.1359,0.4848,1.235,0.0,12.0,11.9744,2.619980812072754,2.619980812072754,1.88,0,1,180,1.738,0.2149,1.0,0.4117,0.0645,0.3,0.1647,0.5291,0.8687
84.302,2,NAVIGATE,-2.2644,0.2538,-1.9802,-1.1272,0.4944,1.5227,-1.1272,0.4944,1.2309,0.0,12.0,11.9625,2.6038808822631836,2.6038808822631836,2.38,0,1,180,1.761,0.2211,1.0,0.4103,0.0663,0.3,0.1641,0.5304,0.8314
84.351,2,NAVIGATE,-2.3138,0.278,-1.9804,-1.1212,0.503,1.5142,-1.1212,0.503,1.2289,0.0,12.0,11.9482,2.5726158618927,2.5726158618927,3.63,0,1,180,1.59,0.2249,1.0,0.4096,0.0675,0.3,0.1639,0.5313,0.7671
84.401,2,NAVIGATE,-2.3646,0.3024,-1.9807,-1.1193,0.5089,1.5056,-0.9193,0.5089,1.0507,0.0,12.0,11.9342,2.557905673980713,2.557905673980713,4.13,0,1,180,1.658,0.3014,1.0,0.3502,0.0904,0.3,0.1401,0.5305,0.7449
84.453,2,NAVIGATE,-2.4083,0.3229,-1.9805,-1.1199,0.5129,1.4983,-0.9199,0.5129,1.0532,0.0,12.0,11.9228,2.5419304370880127,2.5419304370880127,4.13,0,1,180,3.082,0.3006,1.0,0.3511,0.0902,0.3,0.1404,0.5306,0.7209
84.502,2,NAVIGATE,-2.461,0.3477,-1.9809,-1.1221,0.5172,1.4895,-0.9221,0.5172,1.0573,0.0,12.0,11.9093,2.5088818073272705,2.5088818073272705,3.63,0,1,180,1.834,0.2984,1.0,0.3524,0.0895,0.3,0.141,0.5305,0.6663
84.551,2,NAVIGATE,-2.5057,0.3678,-1.9815,-1.1211,0.5205,1.482,-0.9211,0.5205,1.058,0.0,12.0,11.899,2.494678258895874,2.494678258895874,4.88,0,1,180,1.596,0.2976,1.0,0.3527,0.0893,0.3,0.1411,0.5303,0.6464
84.601,2,NAVIGATE,-2.5602,0.3908,-1.9821,-1.1156,0.5237,1.4728,-0.9156,0.5237,1.0548,0.0,12.0,11.8881,2.4785079956054688,2.4785079956054688,4.88,0,1,180,1.651,0.2979,1.0,0.3516,0.0894,0.3,0.1406,0.53,0.6257
84.651,2,NAVIGATE,-2.6051,0.4103,-1.983,-1.1073,0.5267,1.465,-0.9073,0.5267,1.049,0.0,12.0,11.8789,2.445387601852417,2.445387601852417,6.63,0,1,180,1.875,0.3001,1.0,0.3497,0.09,0.3,0.1399,0.5299,0.566
84.703,2,NAVIGATE,-2.6582,0.4339,-1.9853,-1.0942,0.5304,1.4555,-0.8942,0.5304,1.0397,0.0,12.0,11.8676,2.428011655807495,2.428011655807495,6.88,0,1,180,2.606,0.3046,1.0,0.3466,0.0914,0.3,0.1386,0.53,0.5488
84.751,2,NAVIGATE,-2.7016,0.4537,-1.9879,-1.0819,0.5337,1.4474,-1.2819,0.4337,1.3533,0.0,12.0,11.8581,2.4126222133636475,2.4126222133636475,6.13,0,1,180,1.95,0.0962,1.0,0.4511,0.0289,0.3,0.1804,0.5093,0.9178
84.802,2,NAVIGATE,-2.7445,0.4739,-1.9906,-1.0689,0.5372,1.4393,-1.0689,0.4372,1.1548,0.0,12.0,11.8483,2.3785340785980225,2.3785340785980225,6.88,0,1,180,1.818,0.1539,1.0,0.3849,0.0462,0.3,0.154,0.5001,0.767
84.851,2,NAVIGATE,-2.7962,0.4955,-1.9943,-1.0528,0.5406,1.4291,-1.0528,0.4406,1.1413,0.0,12.0,11.8395,2.3614704608917236,2.3614704608917236,7.13,0,1,180,1.601,0.1573,1.0,0.3804,0.0472,0.3,0.1522,0.4994,0.7514
84.901,2,NAVIGATE,-2.8478,0.5162,-1.9981,-1.0467,0.5405,1.4192,-1.1467,0.4405,1.2284,0.0,12.0,11.8316,2.344576358795166,2.344576358795166,8.63,0,1,180,1.657,0.1233,1.0,0.4095,0.037,0.3,0.1638,0.5008,0.7613
84.951,2,NAVIGATE,-2.8904,0.5341,-2.0013,-1.0462,0.5388,1.4115,-1.0462,0.4388,1.1344,0.0,12.0,11.8246,2.3107521533966064,2.3107521533966064,9.63,0,1,180,1.601,0.1496,1.0,0.3781,0.0449,0.3,0.1513,0.4961,0.7013
85.001,2,NAVIGATE,-2.9297,0.5514,-2.0062,-1.0463,0.5357,1.4041,-1.0463,0.4357,1.1334,0.0,12.0,11.8176,2.293792963027954,2.293792963027954,8.13,0,1,180,1.751,0.1436,1.0,0.3778,0.0431,0.3,0.1511,0.4942,0.6962
85.051,2,NAVIGATE,-2.9766,0.5722,-2.0121,-1.0497,0.5313,1.3959,-1.0497,0.4313,1.1349,0.0,12.0,11.8091,2.277916669845581,2.277916669845581,9.38,0,1,180,1.57,0.1346,1.0,0.3783,0.0404,0.3,0.1513,0.4917,0.698
85.101,2,NAVIGATE,-3.0162,0.5899,-2.0167,-1.053,0.5278,1.3895,-1.053,0.4278,1.1366,0.0,12.0,11.802,2.2429113388061523,2.2419559955596924,11.14,0,1,180,1.643,0.1271,1.0,0.3789,0.0381,0.3,0.1515,0.4897,0.6577
85.152,2,NAVIGATE,-3.0669,0.6136,-2.0212,-1.0569,0.5249,1.3822,-1.0569,0.4249,1.1391,0.0,12.0,11.7922,2.227360963821411,2.226438283920288,11.14,0,1,180,1.996,0.1188,1.0,0.3797,0.0356,0.3,0.1519,0.4875,0.664
85.201,2,NAVIGATE,-3.1097,0.6337,-2.0246,-1.0591,0.5227,1.3764,-0.8591,0.4227,0.9575,0.0,12.0,11.784,2.210175037384033,2.210175037384033,9.88,0,1,180,1.671,0.189,1.0,0.3192,0.0567,0.3,0.1277,0.4844,0.6459
85.251,2,NAVIGATE,-3.1612,0.6581,-2.0283,-1.0608,0.5202,1.3696,-0.8608,0.4202,0.9579,0.0,12.0,11.7742,2.17690110206604,2.1743550300598145,12.14,0,1,180,1.691,0.1813,1.0,0.3193,0.0544,0.3,0.1277,0.4821,0.6086
85.302,2,NAVIGATE,-3.2048,0.6791,-2.0318,-1.0617,0.5186,1.3642,-0.8617,0.4186,0.9579,0.0,12.0,11.7658,2.1601271629333496,2.15842342376709,12.39,0,1,180,1.735,0.1754,1.0,0.3193,0.0526,0.3,0.1277,0.4803,0.6007
85.351,2,NAVIGATE,-3.2568,0.7042,-2.0356,-1.0577,0.5168,1.3581,-0.8577,0.4168,0.9536,0.0,12.0,11.7559,2.144746780395508,2.142648220062256,13.39,0,1,180,1.628,0.1708,1.0,0.3179,0.0512,0.3,0.1271,0.4784,0.5975
85.401,2,NAVIGATE,-3.3006,0.7249,-2.0385,-1.0507,0.515,1.3533,-0.8507,0.415,0.9465,0.0,12.0,11.7482,2.110107660293579,2.108464002609253,12.64,0,1,180,1.558,0.1683,1.0,0.3155,0.0505,0.3,0.1262,0.4767,0.5589
85.451,2,NAVIGATE,-3.3559,0.7493,-2.0425,-1.0401,0.5122,1.3476,-0.8401,0.4122,0.9358,0.0,12.0,11.7405,2.09546160697937,2.090977191925049,13.64,0,1,180,1.591,0.1655,1.0,0.3119,0.0497,0.3,0.1248,0.4744,0.5546
85.501,2,NAVIGATE,-3.4009,0.7696,-2.0453,-1.0292,0.5098,1.3428,-0.8292,0.4098,0.9249,0.0,12.0,11.734,2.079435110092163,2.075160503387451,13.89,0,1,180,1.557,0.1642,1.0,0.3083,0.0493,0.3,0.1233,0.4726,0.5495
85.551,2,NAVIGATE,-3.4526,0.7941,-2.047,-1.0145,0.5067,1.3371,-0.8145,0.4067,0.9104,0.0,12.0,11.7257,2.047628879547119,2.041438341140747,13.89,0,1,180,1.481,0.1635,1.0,0.3035,0.0491,0.3,0.1214,0.4704,0.5189
85.601,2,NAVIGATE,-3.4939,0.8145,-2.0473,-1.0015,0.504,1.3326,-0.8015,0.404,0.8976,0.0,12.0,11.7184,2.0306198596954346,2.0261406898498535,15.64,0,1,180,1.606,0.1633,1.0,0.2992,0.049,0.3,0.1197,0.4687,0.512
85.651,2,NAVIGATE,-3.5346,0.8348,-2.0474,-0.9889,0.5013,1.3283,-0.7889,0.4013,0.8851,0.0,12.0,11.7113,2.0165553092956543,2.010741949081421,13.39,0,1,180,1.74,0.1632,1.0,0.295,0.049,0.3,0.118,0.467,0.5058
85.701,2,NAVIGATE,-3.5807,0.8602,-2.0459,-0.9735,0.4987,1.3231,-0.7735,0.3987,0.8702,0.0,12.0,11.7012,1.984986662864685,1.9772998094558716,14.64,0,1,180,1.605,0.1642,1.0,0.2901,0.0493,0.3,0.116,0.4653,0.4715
85.751,2,NAVIGATE,-3.6172,0.8821,-2.0436,-0.9603,0.4971,1.319,-0.7603,0.3971,0.8577,0.0,12.0,11.6916,1.9693214893341064,1.9617656469345093,14.14,0,1,180,1.524,0.1661,1.0,0.2859,0.0498,0.3,0.1144,0.4642,0.463
85.802,2,NAVIGATE,-3.6605,0.9079,-2.0411,-0.9449,0.4951,1.3143,-0.7449,0.3951,0.8432,0.0,12.0,11.6805,1.954297423362732,1.9452046155929565,14.89,0,1,180,1.846,0.1681,1.0,0.2811,0.0504,0.3,0.1124,0.4629,0.4568
85.851,2,NAVIGATE,-3.7027,0.933,-2.0424,-0.9294,0.4926,1.3094,-0.7294,0.3926,0.8283,0.0,12.0,11.6699,1.9215961694717407,1.9138514995574951,16.14,0,1,180,1.747,0.1701,1.0,0.2761,0.051,0.3,0.1104,0.4615,0.4257
85.902,2,NAVIGATE,-3.7373,0.9535,-2.0447,-0.9166,0.4902,1.3054,-0.7166,0.3902,0.816,0.0,12.0,11.6616,1.907660722732544,1.8974131345748901,15.14,0,1,180,1.759,0.1716,1.0,0.272,0.0515,0.3,0.1088,0.4603,0.4188
85.951,2,NAVIGATE,-3.7784,0.9778,-2.0471,-0.9014,0.4873,1.3008,-0.7014,0.3873,0.8013,0.0,12.0,11.6518,1.8931747674942017,1.8836908340454102,14.64,0,1,180,1.837,0.1734,1.0,0.2671,0.052,0.3,0.1068,0.4588,0.4156
86.001,2,NAVIGATE,-3.8086,0.9956,-2.048,-0.8919,0.4864,1.2977,-0.6919,0.3864,0.7925,0.0,12.0,11.6448,1.8635106086730957,1.849578619003296,16.14,0,1,180,1.691,0.1751,1.0,0.2642,0.0525,0.3,0.1057,0.4582,0.3779
86.051,2,NAVIGATE,-3.853,1.022,-2.0491,-0.8777,0.4847,1.2932,-0.6777,0.3847,0.7793,0.0,12.0,11.6346,1.8473479747772217,1.8358652591705322,16.14,0,1,180,1.83,0.1779,1.0,0.2598,0.0534,0.3,0.1039,0.4573,0.3703
86.102,2,NAVIGATE,-3.8893,1.0436,-2.0498,-0.8657,0.4832,1.2893,-0.6657,0.3832,0.7681,0.0,12.0,11.6263,1.8341962099075317,1.8200525045394897,17.64,0,1,180,2.181,0.1802,1.0,0.256,0.054,0.3,0.1024,0.4565,0.3626
86.151,2,NAVIGATE,-3.9288,1.0653,-2.0522,-0.85,0.4789,1.2845,-0.65,0.3789,0.7524,0.0,12.0,11.6191,1.8183629512786865,1.8046575784683228,16.14,0,1,180,1.876,0.1818,1.0,0.2508,0.0545,0.3,0.1003,0.4549,0.3656
86.201,2,NAVIGATE,-3.9607,1.0827,-2.0541,-0.8368,0.475,1.2804,-0.6368,0.375,0.739,0.0,12.0,11.6135,1.7895210981369019,1.7719390392303467,16.39,0,1,180,1.868,0.1831,1.0,0.2463,0.0549,0.3,0.0985,0.4535,0.3385
86.252,2,NAVIGATE,-3.9923,1.1002,-2.0557,-0.8237,0.4712,1.2763,-0.6237,0.3712,0.7258,0.0,12.0,11.608,1.7725543975830078,1.759273648262024,17.39,0,1,180,2.303,0.1847,1.0,0.2419,0.0554,0.3,0.0968,0.4522,0.3391
86.302,2,NAVIGATE,-4.0263,1.1228,-2.0557,-0.8069,0.4675,1.2714,-0.6069,0.3675,0.7095,0.0,12.0,11.5984,1.7618213891983032,1.7447147369384766,17.39,0,1,180,1.778,0.1889,1.0,0.2365,0.0567,0.3,0.0946,0.4513,0.3387
86.351,2,NAVIGATE,-4.054,1.1418,-2.0553,-0.7929,0.4647,1.2674,-0.5929,0.3647,0.696,0.0,12.0,11.5903,1.7298203706741333,1.7136996984481812,18.14,0,1,180,1.867,0.1929,1.0,0.232,0.0579,0.3,0.0928,0.4507,0.3115
86.401,2,NAVIGATE,-4.0869,1.1643,-2.0548,-0.7763,0.4612,1.2627,-0.5763,0.3612,0.6801,0.0,12.0,11.5808,1.7169294357299805,1.6987911462783813,19.14,0,1,180,1.731,0.1979,1.0,0.2267,0.0594,0.3,0.0907,0.4501,0.3113
86.451,2,NAVIGATE,-4.1184,1.1861,-2.0545,-0.7595,0.4575,1.258,-0.5595,0.3575,0.664,0.0,12.0,11.5716,1.7021437883377075,1.684636116027832,17.14,0,1,180,1.705,0.2033,1.0,0.2213,0.061,0.3,0.0885,0.4495,0.3106
86.501,2,NAVIGATE,-4.1446,1.2042,-2.0541,-0.7458,0.4545,1.2542,-0.5458,0.3545,0.6508,0.0,12.0,11.564,1.6751915216445923,1.6538667678833008,19.14,0,1,180,1.829,0.2079,1.0,0.2169,0.0624,0.3,0.0868,0.4491,0.2853
86.551,2,NAVIGATE,-4.1705,1.2218,-2.0537,-0.7322,0.4512,1.2505,-0.5322,0.3512,0.6376,0.0,12.0,11.5569,1.6619521379470825,1.6398128271102905,20.39,0,1,180,1.856,0.2125,1.0,0.2125,0.0637,0.3,0.085,0.4488,0.2839
86.602,2,NAVIGATE,-4.2001,1.2409,-2.0534,-0.7158,0.4462,1.2461,-0.5158,0.3462,0.6212,0.0,12.0,11.5498,1.6459993124008179,1.6262301206588745,18.14,0,1,180,1.726,0.2172,0.9756,0.2071,0.0652,0.2927,0.0828,0.4407,0.2872
86.651,2,NAVIGATE,-4.2247,1.257,-2.053,-0.7022,0.4422,1.2426,-0.6022,0.3422,0.6926,0.0,12.0,11.5439,1.620554804801941,1.59567391872406,18.64,0,1,180,1.739,0.1416,1.0,0.2309,0.0425,0.3,0.0924,0.4348,0.26
86.701,2,NAVIGATE,-4.2539,1.2764,-2.0545,-0.6854,0.4377,1.2384,-0.5854,0.3377,0.6758,0.0,12.0,11.5365,1.6067994832992554,1.5832031965255737,19.89,0,1,180,1.708,0.145,1.0,0.2253,0.0435,0.3,0.0901,0.4336,0.2633
86.751,2,NAVIGATE,-4.2826,1.296,-2.0576,-0.6685,0.4334,1.2342,-0.5685,0.3334,0.659,0.0,12.0,11.5289,1.5927140712738037,1.569441795349121,19.64,0,1,180,1.785,0.1493,1.0,0.2197,0.0448,0.3,0.0879,0.4326,0.2657
86.802,2,NAVIGATE,-4.3017,1.3091,-2.0592,-0.6587,0.4305,1.2314,-0.7587,0.3305,0.8275,0.0,12.0,11.5239,1.563094973564148,1.540223479270935,18.89,0,1,180,1.957,0.0283,1.0,0.2758,0.0085,0.3,0.1103,0.4188,0.3504
86.851,2,NAVIGATE,-4.3307,1.3303,-2.0614,-0.6464,0.4273,1.2274,-0.7464,0.3273,0.815,0.0,12.0,11.515,1.550857663154602,1.5253891944885254,21.14,0,1,180,1.661,0.0276,1.0,0.2717,0.0083,0.3,0.1087,0.417,0.3468
86.901,2,NAVIGATE,-4.36,1.353,-2.0632,-0.6364,0.425,1.2233,-0.7364,0.325,0.8049,0.0,12.0,11.5052,1.5406694412231445,1.5132492780685425,21.14,0,1,180,1.78,0.027,1.0,0.2683,0.0081,0.3,0.1073,0.4154,0.3424
86.951,2,NAVIGATE,-4.3794,1.3678,-2.064,-0.6331,0.4231,1.2205,-0.7331,0.3231,0.8011,0.0,12.0,11.4988,1.512260913848877,1.4850295782089233,19.14,0,1,180,1.717,0.0244,1.0,0.267,0.0073,0.3,0.1068,0.4141,0.3325
87.001,2,NAVIGATE,-4.4088,1.3897,-2.0659,-0.6331,0.4198,1.2166,-0.7331,0.3198,0.7998,0.0,12.0,11.4898,1.5005143880844116,1.4724786281585693,20.64,0,1,180,1.84,0.0175,1.0,0.2666,0.0053,0.3,0.1066,0.4119,0.3432
87.051,2,NAVIGATE,-4.4385,1.4111,-2.0682,-0.6375,0.4163,1.2128,-0.7375,0.3163,0.8025,0.0,12.0,11.4815,1.4872112274169922,1.4580446481704712,20.39,0,1,180,1.764,0.0082,1.0,0.2675,0.0025,0.3,0.107,0.4094,0.3597
87.101,2,NAVIGATE,-4.4636,1.4286,-2.0695,-0.6429,0.4133,1.2099,-0.7429,0.3133,0.8062,0.0,12.0,11.4751,1.4731258153915405,1.4433298110961914,19.64,0,1,180,1.604,-0.0005,1.0,0.2687,-0.0001,0.3,0.1075,0.4074,0.3667
87.152,2,NAVIGATE,-4.4915,1.4446,-2.0717,-0.6501,0.4097,1.207,-0.7501,0.3097,0.8116,0.0,12.0,11.4712,1.4481772184371948,1.4182051420211792,20.89,0,1,180,1.797,-0.0107,1.0,0.2705,-0.0032,0.3,0.1082,0.405,0.3367
87.201,2,NAVIGATE,-4.5258,1.4634,-2.0739,-0.659,0.4054,1.2037,-0.859,0.3054,0.9116,0.0,12.0,11.4675,1.435568928718567,1.4053981304168701,20.89,0,1,180,1.745,-0.0641,1.0,0.3039,-0.0192,0.3,0.1216,0.4023,0.445
87.252,2,NAVIGATE,-4.5544,1.4789,-2.0752,-0.6656,0.4017,1.201,-0.8656,0.3017,0.9166,0.0,12.0,11.4646,1.4207147359848022,1.3913029432296753,21.39,0,1,180,1.891,-0.0731,1.0,0.3055,-0.0219,0.3,0.1222,0.4003,0.4505
87.301,2,NAVIGATE,-4.5862,1.4942,-2.0758,-0.6721,0.3981,1.1981,-0.8721,0.2981,0.9216,0.0,12.0,11.4632,1.3966869115829468,1.3655775785446167,21.65,0,1,180,1.646,-0.0821,1.0,0.3072,-0.0246,0.3,0.1229,0.3982,0.4503
87.351,2,NAVIGATE,-4.6247,1.5123,-2.0759,-0.6812,0.3935,1.1947,-0.8812,0.2935,0.9288,0.0,12.0,11.4621,1.3856747150421143,1.3534358739852905,21.39,0,1,180,1.746,-0.0937,1.0,0.3096,-0.0281,0.3,0.1238,0.3957,0.4668
87.401,2,NAVIGATE,-4.6566,1.5274,-2.0756,-0.6902,0.3896,1.1918,-0.8902,0.2896,0.9361,0.0,12.0,11.4612,1.3708245754241943,1.3393840789794922,22.9,0,1,180,1.645,-0.1037,1.0,0.312,-0.0311,0.3,0.1248,0.3937,0.4748
87.451,2,NAVIGATE,-4.6885,1.5418,-2.0762,-0.7005,0.3856,1.1891,-0.9005,0.2856,0.9447,0.0,12.0,11.4611,1.3483529090881348,1.31536066532135,22.65,0,1,180,1.771,-0.1141,1.0,0.3149,-0.0342,0.3,0.126,0.3917,0.4732
87.501,2,NAVIGATE,-4.7269,1.559,-2.0767,-0.7136,0.3809,1.1858,-0.9136,0.2809,0.9558,0.0,12.0,11.4612,1.3372504711151123,1.302764892578125,23.15,0,1,180,1.569,-0.1265,1.0,0.3186,-0.0379,0.3,0.1274,0.3895,0.4893
87.551,2,NAVIGATE,-4.7654,1.5759,-2.0782,-0.7275,0.3762,1.1825,-0.9275,0.2762,0.9677,0.0,12.0,11.4617,1.3208354711532593,1.2902909517288208,22.9,0,1,180,1.492,-0.1389,1.0,0.3226,-0.0417,0.3,0.129,0.3874,0.5022
87.601,2,NAVIGATE,-4.7984,1.5894,-2.0858,-0.7399,0.372,1.1797,-0.9399,0.272,0.9785,0.0,12.0,11.4632,1.299538493156433,1.2655839920043945,22.15,0,1,180,1.517,-0.1496,1.0,0.3262,-0.0449,0.3,0.1305,0.3856,0.5231
87.651,2,NAVIGATE,-4.8381,1.6056,-2.093,-0.7544,0.367,1.1764,-0.9544,0.267,0.9911,0.0,12.0,11.4652,1.2880522012710571,1.2538222074508667,24.65,0,1,180,1.89,-0.1621,1.0,0.3304,-0.0486,0.3,0.1321,0.3835,0.5359
87.701,2,NAVIGATE,-4.8762,1.6213,-2.0982,-0.768,0.3619,1.1731,-0.968,0.2619,1.0028,0.0,12.0,11.4672,1.276371717453003,1.2407528162002563,23.9,0,1,180,1.792,-0.1741,1.0,0.3343,-0.0522,0.3,0.1337,0.3815,0.5414
87.751,2,NAVIGATE,-4.9056,1.6335,-2.1008,-0.7783,0.3573,1.1703,-0.9783,0.2573,1.0116,0.0,12.0,11.4686,1.2553960084915161,1.2184048891067505,24.65,0,1,180,1.75,-0.1837,1.0,0.3372,-0.0551,0.3,0.1349,0.3798,0.538
87.801,2,NAVIGATE,-4.9417,1.6484,-2.1027,-0.7906,0.3518,1.1668,-0.9906,0.2518,1.0221,0.0,12.0,11.4707,1.244417667388916,1.2066419124603271,24.15,0,1,180,1.653,-0.1952,1.0,0.3407,-0.0586,0.3,0.1363,0.3777,0.5493
87.851,2,NAVIGATE,-4.9713,1.6622,-2.1042,-0.8006,0.3477,1.1639,-1.0006,0.2477,1.0308,0.0,12.0,11.471,1.2314562797546387,1.1932967901229858,24.65,0,1,180,1.8,-0.2042,1.0,0.3436,-0.0612,0.3,0.1374,0.3762,0.5541
87.902,2,NAVIGATE,-5.0008,1.6767,-2.1054,-0.8106,0.3438,1.161,-1.0106,0.2438,1.0396,0.0,12.0,11.4708,1.2104469537734985,1.173088788986206,23.9,0,1,180,2.141,-0.2127,1.0,0.3465,-0.0638,0.3,0.1386,0.3748,0.5438
87.952,2,NAVIGATE,-5.0311,1.6909,-2.1057,-0.8208,0.3399,1.1579,-0.9208,0.2399,0.9515,0.0,12.0,11.4712,1.1983647346496582,1.1618332862854004,22.9,0,1,180,1.871,-0.1978,1.0,0.3172,-0.0593,0.3,0.1269,0.3675,0.5121
88.002,2,NAVIGATE,-5.0685,1.7088,-2.1046,-0.8335,0.3354,1.1542,-0.9335,0.2354,0.9627,0.0,12.0,11.4717,1.1873654127120972,1.1490046977996826,22.15,0,1,180,2.249,-0.209,1.0,0.3209,-0.0627,0.3,0.1284,0.3657,0.5209
88.051,2,NAVIGATE,-5.1005,1.7241,-2.1025,-0.8446,0.3319,1.1511,-0.9446,0.2319,0.9726,0.0,12.0,11.4721,1.1755971908569336,1.1379356384277344,24.65,0,1,180,1.89,-0.2182,1.0,0.3242,-0.0655,0.3,0.1297,0.3642,0.5339
88.101,2,NAVIGATE,-5.1398,1.742,-2.0995,-0.8558,0.3277,1.1473,-0.9558,0.2277,0.9825,0.0,12.0,11.4736,1.1565649509429932,1.11786687374115,23.65,0,1,180,1.642,-0.2286,1.0,0.3275,-0.0686,0.3,0.131,0.3624,0.531
88.152,2,NAVIGATE,-5.1724,1.7559,-2.0977,-0.8631,0.3238,1.1442,-0.9631,0.2238,0.9888,0.0,12.0,11.4759,1.1447420120239258,1.1049948930740356,25.4,0,1,180,1.906,-0.237,1.0,0.3296,-0.0711,0.3,0.1318,0.3607,0.5337
88.202,2,NAVIGATE,-5.2051,1.7691,-2.0961,-0.8688,0.3196,1.1411,-0.9688,0.2196,0.9934,0.0,12.0,11.4789,1.136610984802246,1.0958598852157593,25.65,0,1,180,1.782,-0.2452,1.0,0.3311,-0.0735,0.3,0.1325,0.3589,0.5373
88.251,2,NAVIGATE,-5.2449,1.7847,-2.0938,-0.8746,0.3144,1.1372,-0.9746,0.2144,0.998,0.0,12.0,11.4831,1.1158521175384521,1.0741788148880005,24.9,0,1,180,1.779,-0.2549,1.0,0.3327,-0.0765,0.3,0.1331,0.3566,0.5353
88.302,2,NAVIGATE,-5.2843,1.801,-2.084,-0.8799,0.3093,1.1333,-0.9799,0.2093,1.002,0.0,12.0,11.4866,1.1054339408874512,1.0640987157821655,25.4,0,1,180,2.42,-0.2644,1.0,0.334,-0.0793,0.3,0.1336,0.3543,0.537
88.351,2,NAVIGATE,-5.3175,1.8145,-2.0752,-0.8844,0.305,1.1301,-0.9844,0.205,1.0055,0.0,12.0,11.49,1.0957010984420776,1.054282784461975,27.4,0,1,180,1.804,-0.2723,1.0,0.3352,-0.0817,0.3,0.1341,0.3524,0.5393
88.402,2,NAVIGATE,-5.3511,1.8277,-2.0671,-0.889,0.3007,1.127,-0.989,0.2007,1.0091,0.0,12.0,11.4939,1.0777549743652344,1.034321665763855,26.65,0,1,180,1.682,-0.2803,1.0,0.3364,-0.0841,0.3,0.1346,0.3505,0.5385
88.451,2,NAVIGATE,-5.3929,1.8457,-2.064,-0.8953,0.2965,1.1232,-0.8953,0.1965,0.9166,0.0,12.0,11.4975,1.0655854940414429,1.024203896522522,26.9,0,1,180,1.731,-0.2688,1.0,0.3055,-0.0806,0.3,0.1222,0.3416,0.5141
88.502,2,NAVIGATE,-5.4282,1.8605,-2.0623,-0.9009,0.293,1.12,-0.9009,0.193,0.9213,0.0,12.0,11.5011,1.0577919483184814,1.0148319005966187,24.4,0,1,180,2.601,-0.2768,1.0,0.3071,-0.083,0.3,0.1228,0.3398,0.5271
88.551,2,NAVIGATE,-5.471,1.8776,-2.0603,-0.9081,0.2887,1.1162,-0.9081,0.1887,0.9275,0.0,12.0,11.5063,1.040976643562317,0.9963141083717346,26.65,0,1,180,1.657,-0.2865,1.0,0.3092,-0.0859,0.3,0.1237,0.3377,0.5169
88.602,2,NAVIGATE,-5.5092,1.8905,-2.0578,-0.9129,0.2845,1.1131,-0.9129,0.1845,0.9314,0.0,12.0,11.5131,1.0302654504776,0.9850285649299622,26.65,0,1,180,1.75,-0.2951,1.0,0.3105,-0.0885,0.3,0.1242,0.3357,0.5218
88.651,2,NAVIGATE,-5.5474,1.9031,-2.0553,-0.9159,0.2802,1.1101,-0.9159,0.1802,0.9335,0.0,12.0,11.5204,1.0226434469223022,0.9761463403701782,26.65,0,1,180,1.819,-0.3033,1.0,0.3112,-0.091,0.3,0.1245,0.3335,0.5207
88.702,2,NAVIGATE,-5.5918,1.9172,-2.0519,-0.917,0.2744,1.1063,-0.917,0.1744,0.9335,0.0,12.0,11.5295,1.0032227039337158,0.9600317478179932,28.4,0,1,180,2.058,-0.313,1.0,0.3112,-0.0939,0.3,0.1245,0.3306,0.5224
88.752,2,NAVIGATE,-5.6239,1.9266,-2.0475,-0.9149,0.2682,1.103,-0.9149,0.1682,0.9303,0.0,12.0,11.537,0.9949908256530762,0.9500992298126221,27.4,0,1,180,1.934,-0.3216,1.0,0.3101,-0.0965,0.3,0.124,0.3276,0.4984
88.802,2,NAVIGATE,-5.663,1.9377,-2.0425,-0.9121,0.2608,1.099,-0.9121,0.1608,0.9262,0.0,12.0,11.5464,0.9883744120597839,0.9411429166793823,29.4,0,1,180,2.052,-0.3317,1.0,0.3087,-0.0995,0.3,0.1235,0.324,0.479
88.851,2,NAVIGATE,-5.6962,1.9471,-2.0394,-0.91,0.255,1.0956,-0.91,0.255,0.9451,0.0,12.0,11.5546,0.9787040948867798,0.9327773451805115,23.65,0,1,180,1.92,-0.24,0.896,0.315,-0.072,0.2688,0.126,0.3228,0.4477
88.901,2,NAVIGATE,-5.7306,1.9575,-2.0393,-0.9087,0.2502,1.092,-0.8087,0.1502,0.8225,0.0,12.0,11.5625,0.9629290699958801,0.9149487614631653,27.4,0,1,180,1.642,-0.3286,1.0,0.2742,-0.0986,0.3,0.1097,0.3111,0.5061
88.951,2,NAVIGATE,-5.7721,1.9696,-2.039,-0.9077,0.2444,1.0878,-0.8077,0.1444,0.8205,0.0,12.0,11.5726,0.954623281955719,0.9062801003456116,27.9,0,1,180,1.565,-0.3384,1.0,0.2735,-0.1015,0.3,0.1094,0.3079,0.5111
89.002,2,NAVIGATE,-5.8054,1.9805,-2.0382,-0.9067,0.2425,1.0844,-0.8067,0.2425,0.8424,0.0,12.0,11.5798,0.9463831186294556,0.8986258506774902,27.65,0,1,180,1.717,-0.231,0.878,0.2808,-0.0693,0.2634,0.1123,0.3064,0.4358
89.051,2,NAVIGATE,-5.8432,1.9949,-2.0364,-0.9033,0.2406,1.0804,-0.8033,0.2406,0.8386,0.0,12.0,11.5864,0.932510256767273,0.8825356960296631,26.15,0,1,180,1.764,-0.2354,0.8831,0.2795,-0.0706,0.2649,0.1118,0.3061,0.4337
89.101,2,NAVIGATE,-5.8817,2.0088,-2.0345,-0.8978,0.2377,1.0765,-0.7978,0.2377,0.8324,0.0,12.0,11.5939,0.9261193871498108,0.8748188018798828,27.15,0,1,180,1.551,-0.2401,0.8874,0.2775,-0.072,0.2662,0.111,0.3052,0.4397
89.151,2,NAVIGATE,-5.9134,2.017,-2.0332,-0.8915,0.2351,1.0733,-0.7915,0.2351,0.8257,0.0,12.0,11.6029,0.9172366857528687,0.8678398728370667,26.4,0,1,180,1.938,-0.2435,0.8854,0.2752,-0.0731,0.2656,0.1101,0.3027,0.4431
89.201,2,NAVIGATE,-5.945,2.0235,-2.0319,-0.8845,0.2328,1.07,-0.7845,0.3328,0.8522,0.0,12.0,11.6135,0.9031630158424377,0.8511486649513245,30.9,0,1,180,1.726,-0.1358,0.7667,0.2841,-0.0407,0.23,0.1136,0.3029,0.382
89.251,2,NAVIGATE,-5.9832,2.0315,-2.0303,-0.8759,0.2309,1.066,-0.7759,0.3309,0.8435,0.0,12.0,11.6262,0.8936294317245483,0.8447549939155579,26.4,0,1,180,1.781,-0.137,0.7678,0.2812,-0.0411,0.2303,0.1125,0.3017,0.3835
89.301,2,NAVIGATE,-6.0181,2.0383,-2.0284,-0.8698,0.2303,1.0625,-0.7698,0.3303,0.8377,0.0,12.0,11.6385,0.8879106640815735,0.8365877866744995,30.15,0,1,180,1.634,-0.1377,0.7733,0.2792,-0.0413,0.232,0.1117,0.3024,0.3865
89.351,2,NAVIGATE,-6.062,2.0467,-2.0256,-0.8633,0.233,1.0582,-0.7633,0.333,0.8328,0.0,12.0,11.654,0.8727192282676697,0.8183879256248474,29.15,0,1,180,1.633,-0.1352,0.7784,0.2776,-0.0406,0.2335,0.111,0.304,0.3892
89.402,2,NAVIGATE,-6.1052,2.0557,-2.0229,-0.8568,0.2385,1.054,-0.7568,0.3385,0.8291,0.0,12.0,11.6689,0.8620932698249817,0.8127734661102295,30.4,0,1,180,1.928,-0.1297,0.7826,0.2764,-0.0389,0.2348,0.1105,0.3064,0.3911
89.451,2,NAVIGATE,-6.1372,2.0641,-2.0199,-0.8501,0.2447,1.0506,-0.7501,0.3447,0.8255,0.0,12.0,11.6785,0.8489512801170349,0.7967318892478943,28.65,0,1,180,1.893,-0.1222,0.7914,0.2752,-0.0367,0.2374,0.1101,0.3108,0.3947
89.501,2,NAVIGATE,-6.1755,2.0747,-2.0165,-0.8421,0.253,1.0468,-0.7421,0.353,0.8218,0.0,12.0,11.6896,0.8422663807868958,0.7880417704582214,30.15,0,1,180,1.748,-0.1123,0.814,0.2739,-0.0337,0.2442,0.1096,0.3201,0.3974
89.551,2,NAVIGATE,-6.2074,2.0841,-2.0139,-0.8356,0.2601,1.0438,-0.7356,0.3601,0.819,0.0,12.0,11.6986,0.8342951536178589,0.7790842652320862,32.41,0,1,180,1.64,-0.1039,0.8048,0.273,-0.0312,0.2414,0.1092,0.3195,0.3947
89.601,2,NAVIGATE,-6.2426,2.095,-2.0134,-0.8307,0.2678,1.0409,-0.6307,0.4678,0.7852,0.0,12.0,11.7081,0.8175370693206787,0.764432966709137,27.9,0,1,180,1.67,0.0757,0.667,0.2617,0.0227,0.2001,0.1047,0.3275,0.3312
89.651,2,NAVIGATE,-6.2843,2.1085,-2.0128,-0.8247,0.2766,1.0376,-0.6247,0.4766,0.7858,0.0,12.0,11.719,0.8052550554275513,0.7568418979644775,26.65,0,1,180,1.806,0.0856,0.6962,0.2619,0.0257,0.2089,0.1048,0.3393,0.3445
89.702,2,NAVIGATE,-6.3253,2.1226,-2.013,-0.8188,0.2849,1.0344,-0.6188,0.4849,0.7861,0.0,12.0,11.7291,0.7973686456680298,0.7503395080566406,23.65,0,1,180,2.126,0.095,0.7021,0.262,0.0285,0.2106,0.1048,0.3439,0.3459
89.751,2,NAVIGATE,-6.3583,2.1353,-2.0161,-0.8116,0.2942,1.0317,-0.6116,0.4942,0.7863,0.0,12.0,11.7363,0.7792640328407288,0.7381067872047424,20.64,0,1,180,1.681,0.1069,0.7181,0.2621,0.0321,0.2154,0.1048,0.3524,0.3515
89.801,2,NAVIGATE,-6.391,2.1483,-2.0188,-0.8024,0.3051,1.029,-0.6024,0.5051,0.7862,0.0,12.0,11.7432,0.7674335837364197,0.7341552972793579,18.39,0,1,180,1.54,0.122,0.7253,0.2621,0.0366,0.2176,0.1048,0.359,0.3577
89.851,2,NAVIGATE,-6.4235,2.1617,-2.0206,-0.7919,0.3171,1.0263,-0.5919,0.5171,0.786,0.0,12.0,11.7496,0.7595535516738892,0.7312744855880737,16.14,0,1,180,1.898,0.1391,0.7204,0.262,0.0417,0.2161,0.1048,0.3627,0.3561
89.901,2,NAVIGATE,-6.4627,2.1789,-2.0207,-0.7786,0.3321,1.0229,-0.5786,0.5321,0.7861,0.0,12.0,11.7567,0.7480186820030212,0.7267279624938965,14.64,0,1,180,1.706,0.1608,0.7386,0.262,0.0482,0.2216,0.1048,0.3746,0.367
89.951,2,NAVIGATE,-6.4947,2.1937,-2.0205,-0.7669,0.3449,1.0201,-0.5669,0.5449,0.7864,0.0,12.0,11.762,0.7243046760559082,0.7243046760559082,9.63,0,1,180,1.722,0.1796,0.7389,0.2621,0.0539,0.2217,0.1048,0.3804,0.3697
90.001,2,NAVIGATE,-6.5333,2.2115,-2.0195,-0.7529,0.3601,1.0167,-0.5529,0.5601,0.787,0.0,12.0,11.7686,0.7236810922622681,0.7236810922622681,8.38,0,1,180,1.849,0.2019,0.7607,0.2623,0.0606,0.2282,0.1049,0.3937,0.3824
90.052,2,NAVIGATE,-6.5661,2.2263,-2.018,-0.7414,0.3726,1.0137,-0.5414,0.5726,0.788,0.0,12.0,11.7745,0.7222501635551453,0.7222501635551453,6.13,0,1,180,1.99,0.22,0.759,0.2627,0.066,0.2277,0.1051,0.3988,0.3822
90.101,2,NAVIGATE,-6.6044,2.2447,-2.0162,-0.7275,0.3875,1.0102,-0.5275,0.5875,0.7896,0.0,12.0,11.7807,0.7241925597190857,0.7241925597190857,2.13,0,1,180,1.507,0.2417,0.7937,0.2632,0.0725,0.2381,0.1053,0.4159,0.3997
90.151,2,NAVIGATE,-6.6322,2.26,-2.0129,-0.7145,0.4,1.0071,-0.5145,0.6,0.7904,0.0,12.0,11.7836,0.7261947393417358,0.7261947393417358,0.38,0,1,180,1.704,0.261,0.7957,0.2635,0.0783,0.2387,0.1054,0.4224,0.399
90.202,2,NAVIGATE,-6.6626,2.2788,-2.008,-0.6982,0.4149,1.0034,-0.4982,0.6149,0.7914,0.0,12.0,11.7852,0.7271396517753601,0.7271396517753601,-1.63,0,1,180,2.109,0.285,0.794,0.2638,0.0855,0.2382,0.1055,0.4292,0.3979
90.251,2,NAVIGATE,-6.6877,2.2951,-2.0044,-0.6847,0.4274,1.0004,-0.4847,0.6274,0.7929,0.0,12.0,11.7861,0.7335491180419922,0.7335491180419922,-5.88,0,1,180,1.663,0.3047,0.8446,0.2643,0.0914,0.2534,0.1057,0.4505,0.4183
90.302,2,NAVIGATE,-6.7179,2.317,-1.9999,-0.6686,0.4436,0.9966,-0.4686,0.6436,0.7961,0.0,12.0,11.7852,0.7372146248817444,0.7372146248817444,-7.38,0,1,180,1.999,0.3287,0.844,0.2654,0.0986,0.2532,0.1061,0.458,0.4178
90.351,2,NAVIGATE,-6.7428,2.3364,-1.9963,-0.6552,0.4575,0.9935,-0.4552,0.6575,0.7997,0.0,12.0,11.7835,0.7403824925422668,0.7403824925422668,-9.38,0,1,180,1.601,0.3486,0.8554,0.2666,0.1046,0.2566,0.1066,0.4678,0.4231
90.401,2,NAVIGATE,-6.7722,2.3602,-1.9927,-0.6393,0.474,0.9898,-0.4393,0.674,0.8046,0.0,12.0,11.7808,0.7908666133880615,0.7495319247245789,-13.14,0,1,180,1.712,0.3716,0.9044,0.2682,0.1115,0.2713,0.1073,0.4901,0.4458
90.451,2,NAVIGATE,-6.7998,2.3805,-1.9894,-0.6277,0.4877,0.987,-0.4277,0.6877,0.8098,0.0,12.0,11.7801,0.8196945190429688,0.7566329836845398,-14.89,0,1,180,1.527,0.3886,0.919,0.2699,0.1166,0.2757,0.108,0.5002,0.4501
90.502,2,NAVIGATE,-6.833,2.4055,-1.9858,-0.614,0.5038,0.9836,-0.414,0.7038,0.8166,0.0,12.0,11.779,0.8464738130569458,0.7612540125846863,-16.64,0,1,180,1.81,0.4079,0.9242,0.2722,0.1224,0.2773,0.1089,0.5085,0.4525
90.551,2,NAVIGATE,-6.8597,2.4267,-1.9834,-0.6024,0.5173,0.9808,-0.4024,0.7173,0.8225,0.0,12.0,11.7772,0.900101900100708,0.7742853164672852,-20.14,0,1,180,1.578,0.4239,0.9751,0.2742,0.1272,0.2925,0.1097,0.5294,0.4756
90.601,2,NAVIGATE,-6.8938,2.454,-1.9772,-0.589,0.5342,0.9774,-0.389,0.7342,0.8309,0.0,12.0,11.775,7.433174133300781,0.7785221934318542,-21.9,0,1,180,1.772,0.4423,0.9892,0.277,0.1327,0.2968,0.1108,0.5402,0.4826
90.651,2,NAVIGATE,-6.9211,2.4771,-1.9729,-0.5775,0.5481,0.9745,-0.3775,0.7481,0.838,0.0,12.0,11.7723,7.42519474029541,0.7866765856742859,-23.65,0,1,180,1.859,0.4574,1.0,0.2793,0.1372,0.3,0.1117,0.5489,0.4934
90.701,2,NAVIGATE,-6.9474,2.5007,-1.9695,-0.5656,0.562,0.9716,-0.3656,0.762,0.8451,0.0,12.0,11.7688,7.428582191467285,0.8022714257240295,-26.9,0,1,180,1.594,0.4724,1.0,0.2817,0.1417,0.3,0.1127,0.5544,0.514
90.751,2,NAVIGATE,-6.9753,2.5262,-1.9679,-0.5498,0.5771,0.968,-0.3498,0.7771,0.8522,0.0,12.0,11.7647,7.420802116394043,0.8089798092842102,-28.4,0,1,180,1.571,0.4909,1.0,0.2841,0.1473,0.3,0.1136,0.5609,0.5195
90.801,2,NAVIGATE,-6.9978,2.5482,-1.9671,-0.5365,0.5898,0.9651,-0.3365,0.7898,0.8586,0.0,12.0,11.7603,7.411049842834473,0.8148826360702515,-30.15,0,1,180,1.714,0.5061,1.0,0.2897,0.1518,0.3,0.1159,0.5677,0.5267
90.851,2,NAVIGATE,-7.0197,2.571,-1.9667,-0.5233,0.6026,0.9622,-0.3233,0.8026,0.8653,0.0,12.0,11.7551,7.409518718719482,0.8240478038787842,-31.65,0,1,180,1.725,0.5209,1.0,0.3005,0.1563,0.3,0.1202,0.5765,0.5375
90.902,2,NAVIGATE,-7.0462,2.5978,-1.967,-0.5076,0.6177,0.9587,-0.3076,0.8177,0.8737,0.0,12.0,11.7495,7.418979167938232,0.8433848023414612,-34.66,0,1,180,1.81,0.5378,1.0,0.3132,0.1613,0.3,0.1253,0.5866,0.5623
90.951,2,NAVIGATE,-7.0675,2.6209,-1.9675,-0.4946,0.6305,0.9558,-0.2946,0.8305,0.8812,0.0,12.0,11.7438,7.416572570800781,0.8503050804138184,-36.16,0,1,180,1.524,0.5515,1.0,0.324,0.1654,0.3,0.1296,0.595,0.5712
91.001,2,NAVIGATE,-7.0921,2.6494,-1.9674,-0.4789,0.6458,0.9522,-0.2789,0.8458,0.8906,0.0,12.0,11.7359,7.3898186683654785,0.8723418116569519,-38.91,0,1,180,1.702,0.5675,1.0,0.3369,0.1702,0.3,0.1348,0.605,0.5991
91.051,2,NAVIGATE,-7.1157,2.6784,-1.9657,-0.4629,0.6608,0.9485,-0.2629,0.8608,0.9001,0.0,12.0,11.7271,7.376933574676514,0.8799002170562744,-40.91,0,1,180,1.61,0.583,1.0,0.3498,0.1749,0.3,0.1399,0.6148,0.6096
91.101,2,NAVIGATE,-7.1346,2.7034,-1.9648,-0.4496,0.6736,0.9455,-0.2496,0.8736,0.9086,0.0,12.0,11.7187,7.363656997680664,0.8903140425682068,-42.16,0,1,180,1.606,0.5955,1.0,0.3607,0.1787,0.3,0.1443,0.6229,0.6208
91.152,2,NAVIGATE,-7.1547,2.7342,-1.962,-0.4331,0.689,0.942,-0.2331,0.889,0.919,0.0,12.0,11.7066,7.359935283660889,0.9110773205757141,-44.92,0,1,180,2.305,0.6106,1.0,0.3741,0.1832,0.3,0.1496,0.6328,0.6466
91.202,2,NAVIGATE,-7.1695,2.7605,-1.9587,-0.419,0.7018,0.9391,-0.219,0.9018,0.928,0.0,12.0,11.6949,7.345681667327881,0.9224156141281128,-46.42,0,1,180,1.961,0.6231,1.0,0.3855,0.1869,0.3,0.1542,0.6411,0.6568
91.251,2,NAVIGATE,-7.187,2.793,-1.9556,-0.4021,0.7174,0.9357,-0.2021,0.9174,0.9394,0.0,12.0,11.6799,7.333037853240967,0.9315798878669739,-47.67,0,1,180,1.795,0.6374,1.0,0.3992,0.1912,0.3,0.1597,0.6509,0.6678
91.301,2,NAVIGATE,-7.2015,2.8216,-1.9539,-0.3884,0.7306,0.9329,-0.1884,0.9306,0.9494,0.0,12.0,11.6664,7.334373950958252,0.9435615539550781,-48.92,0,1,180,1.585,0.6486,1.0,0.4106,0.1946,0.3,0.1642,0.6588,0.6789
91.351,2,NAVIGATE,-7.2157,2.8509,-1.9529,-0.3748,0.7439,0.9302,-0.1748,0.9439,0.9599,0.0,12.0,11.6521,7.3017578125,0.9664254784584045,-51.67,0,1,180,1.481,0.6593,1.0,0.4219,0.1978,0.3,0.1688,0.6666,0.702
91.401,2,NAVIGATE,-7.2322,2.8867,-1.9524,-0.3584,0.76,0.9269,-0.1584,0.96,0.973,0.0,12.0,11.6343,7.300483703613281,0.978520393371582,-53.17,0,1,180,1.562,0.6717,1.0,0.4357,0.2015,0.3,0.1743,0.6758,0.7111
91.451,2,NAVIGATE,-7.2452,2.919,-1.9496,-0.3446,0.7745,0.924,-0.1446,0.9745,0.9851,0.0,12.0,11.6171,7.293142795562744,0.9897589683532715,-51.92,0,1,180,1.658,0.6817,1.0,0.4477,0.2045,0.3,0.1791,0.6836,0.7202
91.501,2,NAVIGATE,-7.2601,2.9598,-1.945,-0.3281,0.7924,0.9205,-0.1281,0.9924,1.0006,0.0,12.0,11.5946,7.26902961730957,1.0118826627731323,-53.92,0,1,180,1.633,0.6931,1.0,0.4624,0.2079,0.3,0.1849,0.6929,0.7448
91.551,2,NAVIGATE,-7.2721,2.994,-1.9421,-0.3142,0.8072,0.9177,-0.1142,1.0072,1.0137,0.0,12.0,11.5755,7.255458354949951,1.02308988571167,-52.67,0,1,180,1.624,0.7023,1.0,0.4746,0.2107,0.3,0.1898,0.7005,0.755
91.602,2,NAVIGATE,-7.2853,3.0363,-1.9374,-0.2975,0.8254,0.9145,-0.0975,1.0254,1.03,0.0,12.0,11.5509,7.23568058013916,1.0334875583648682,-49.42,0,1,180,1.755,0.7129,1.0,0.4895,0.2139,0.3,0.1958,0.7097,0.7664
91.651,2,NAVIGATE,-7.2957,3.072,-1.9343,-0.2834,0.8405,0.9117,-0.0834,1.0405,1.0438,0.0,12.0,11.5298,7.216159343719482,1.0542840957641602,-52.17,0,1,180,1.756,0.7213,1.0,0.5019,0.2164,0.3,0.2008,0.7172,0.7934
91.701,2,NAVIGATE,-7.3079,3.1153,-1.9321,-0.2664,0.8584,0.9085,-0.0664,1.0584,1.0605,0.0,12.0,11.504,7.191087245941162,1.0637404918670654,-54.43,0,1,180,1.686,0.731,1.0,0.5168,0.2193,0.3,0.2067,0.726,0.8069
91.751,2,NAVIGATE,-7.3182,3.1521,-1.9323,-0.2522,0.8735,0.9059,-0.0522,1.0735,1.0748,0.0,12.0,11.4822,7.187195777893066,1.0719715356826782,-54.43,0,1,180,1.591,0.7387,1.0,0.5293,0.2216,0.3,0.2117,0.7333,0.8216
91.802,2,NAVIGATE,-7.3299,3.1967,-1.9333,-0.2352,0.8914,0.9028,-0.0352,1.0914,1.092,0.0,12.0,11.4554,7.149463176727295,1.093891978263855,-57.18,0,1,180,2.132,0.7474,1.0,0.5441,0.2242,0.3,0.2176,0.7419,0.8424
91.852,2,NAVIGATE,-7.3385,3.2338,-1.9355,-0.2209,0.906,0.9003,-0.0209,1.106,1.1062,0.0,12.0,11.4324,7.141104221343994,1.1039601564407349,-58.43,0,1,180,1.924,0.7545,1.0,0.5564,0.2264,0.3,0.2226,0.7489,0.8595
91.901,2,NAVIGATE,-7.3461,3.2767,-1.942,-0.2029,0.9227,0.8972,-0.0029,1.1227,1.1227,0.0,12.0,11.4044,7.117034912109375,1.1158324480056763,-59.93,0,1,180,1.674,0.7632,1.0,0.5713,0.229,0.3,0.2285,0.7575,0.8739
91.951,2,NAVIGATE,-7.352,3.3132,-1.9473,-0.1881,0.9365,0.8947,0.0119,1.1365,1.1366,0.0,12.0,11.3803,7.100793361663818,1.1411455869674683,-62.43,0,1,180,1.524,0.7701,1.0,0.5835,0.231,0.3,0.2334,0.7644,0.9082
92.001,2,NAVIGATE,-7.3589,3.3585,-1.9533,-0.1707,0.9533,0.8916,0.0293,1.1533,1.1537,0.0,12.0,11.3503,7.085474014282227,1.1543647050857544,-64.18,0,1,180,1.914,0.7776,1.0,0.5981,0.2333,0.3,0.2392,0.7725,0.9262
92.052,2,NAVIGATE,-7.3648,3.398,-1.9579,-0.1564,0.968,0.889,0.0436,1.168,1.1688,0.0,12.0,11.3241,7.054206848144531,1.1646615266799927,-65.44,0,1,180,2.45,0.7834,1.0,0.6104,0.235,0.3,0.2442,0.7792,0.9467
92.101,2,NAVIGATE,-7.3712,3.4461,-1.963,-0.1393,0.9854,0.886,0.0607,1.1854,1.187,0.0,12.0,11.2918,7.017121315002441,1.1948362588882446,-67.94,0,1,180,1.584,0.7899,1.0,0.6251,0.237,0.3,0.25,0.787,0.982
92.151,2,NAVIGATE,-7.3743,3.4879,-1.9694,-0.1244,1.0004,0.8834,0.0756,1.2004,1.2028,0.0,12.0,11.2622,6.988317012786865,1.2094368934631348,-68.94,0,1,180,1.822,0.7955,1.0,0.6379,0.2386,0.3,0.2552,0.7938,0.9939
92.202,2,NAVIGATE,-7.3763,3.5395,-1.9782,-0.106,1.0186,0.8803,0.094,1.2186,1.2222,0.0,12.0,11.2245,6.973423957824707,1.2231329679489136,-70.44,0,1,180,1.699,0.802,1.0,0.6535,0.2406,0.3,0.2614,0.802,1.0137
92.252,2,NAVIGATE,-7.3777,3.5828,-1.9848,-0.0909,1.0335,0.8777,0.1091,1.2335,1.2384,0.0,12.0,11.1928,6.92950439453125,1.2579070329666138,-72.94,0,1,180,1.94,0.8072,1.0,0.6664,0.2422,0.3,0.2666,0.8087,1.0622
92.301,2,NAVIGATE,-7.3794,3.6349,-1.993,-0.073,1.0511,0.8747,0.127,1.2511,1.2575,0.0,12.0,11.1549,6.911924839019775,1.271962285041809,-74.19,0,1,180,1.593,0.8129,1.0,0.6815,0.2439,0.3,0.2726,0.8165,1.0828
92.352,2,NAVIGATE,-7.3806,3.6785,-1.9995,-0.0583,1.0656,0.8722,0.1417,1.2656,1.2735,0.0,12.0,11.123,6.886781215667725,1.2883394956588745,-75.7,0,1,180,2.204,0.8173,1.0,0.6939,0.2452,0.3,0.2776,0.8228,1.0918
92.401,2,NAVIGATE,-7.3815,3.7314,-2.0062,-0.0407,1.0828,0.8692,0.1593,1.2828,1.2927,0.0,12.0,11.084,6.838871002197266,1.3234721422195435,-77.7,0,1,180,1.787,0.8224,1.0,0.7087,0.2467,0.3,0.2835,0.8302,1.1425
92.451,2,NAVIGATE,-7.3822,3.7756,-2.0136,-0.0261,1.0965,0.8666,0.1739,1.2965,1.3081,0.0,12.0,11.0516,6.823358535766602,1.344075322151184,-78.95,0,1,180,1.739,0.8264,1.0,0.7207,0.2479,0.3,0.2883,0.8362,1.1726
92.501,2,NAVIGATE,-7.3824,3.8293,-2.0211,-0.0086,1.113,0.8634,0.1914,1.313,1.3269,0.0,12.0,11.0118,6.793265342712402,1.3604992628097534,-80.2,0,1,180,1.818,0.8309,1.0,0.735,0.2493,0.3,0.294,0.8433,1.1924
92.551,2,NAVIGATE,-7.382,3.8745,-2.0263,0.006,1.1269,0.8607,0.206,1.3269,1.3428,0.0,12.0,10.9781,6.744377613067627,1.4034714698791504,-82.45,0,1,180,1.538,0.8345,1.0,0.7471,0.2504,0.3,0.2988,0.8492,1.2373
92.601,2,NAVIGATE,-7.3776,3.9342,-2.0293,0.0248,1.1459,0.8574,0.2248,1.3459,1.3646,0.0,12.0,10.931,6.732605934143066,1.423278570175171,-83.7,0,1,180,1.688,0.839,1.0,0.7633,0.2517,0.3,0.3053,0.857,1.2708
92.652,2,NAVIGATE,-7.3737,3.984,-2.0311,0.0404,1.1618,0.8547,0.2404,1.3618,1.3829,0.0,12.0,10.8916,6.716676235198975,1.4455876350402832,-84.7,0,1,180,1.83,0.8425,1.0,0.7767,0.2527,0.3,0.3107,0.8634,1.2894
92.701,2,NAVIGATE,-7.3694,4.0341,-2.0325,0.056,1.1775,0.8521,0.256,1.3775,1.4011,0.0,12.0,10.8519,6.642458438873291,1.4895957708358765,-86.96,0,1,180,1.708,0.8458,1.0,0.79,0.2537,0.3,0.316,0.8697,1.3426
92.752,2,NAVIGATE,-7.3654,4.0969,-2.0292,0.0739,1.1972,0.849,0.2739,1.3972,1.4238,0.0,12.0,10.8031,6.61659049987793,1.5121090412139893,-87.96,0,1,180,1.919,0.849,1.0,0.8059,0.2547,0.3,0.3224,0.8771,1.3857
92.802,2,NAVIGATE,-7.3606,4.1598,-2.026,0.092,1.2168,0.8459,0.292,1.4168,1.4466,0.0,12.0,10.7539,6.595094203948975,1.5319972038269043,-88.96,0,1,180,1.758,0.8522,1.0,0.8218,0.2557,0.3,0.3287,0.8844,1.3959
92.851,2,NAVIGATE,-7.3552,4.2133,-2.0245,0.1074,1.2333,0.8432,0.3074,1.4333,1.4659,0.0,12.0,10.7113,6.542106628417969,1.5858234167099,-90.96,0,1,180,1.762,0.8548,1.0,0.8353,0.2564,0.3,0.3341,0.8906,1.4705
92.902,2,NAVIGATE,-7.3466,4.2791,-2.0241,0.1264,1.2534,0.8401,0.3264,1.4534,1.4896,0.0,12.0,10.6577,6.505831718444824,1.6121351718902588,-92.21,0,1,180,1.985,0.8579,1.0,0.8519,0.2574,0.3,0.3408,0.8981,1.4908
92.952,2,NAVIGATE,-7.3391,4.3339,-2.0238,0.1422,1.2699,0.8374,0.3422,1.3699,1.412,0.0,12.0,10.6128,6.449589252471924,1.6664708852767944,-94.21,0,1,180,1.999,0.8684,1.0,0.8175,0.2605,0.3,0.327,0.8875,1.518
93.001,2,NAVIGATE,-7.3287,4.3993,-2.0229,0.1615,1.2895,0.8339,0.3615,1.3895,1.4358,0.0,12.0,10.5584,6.413933277130127,1.6907609701156616,-94.96,0,1,180,1.764,0.8714,1.0,0.8341,0.2614,0.3,0.3336,0.8951,1.5259
93.051,2,NAVIGATE,-7.317,4.4646,-2.0216,0.1808,1.3088,0.8304,0.3808,1.4088,1.4594,0.0,12.0,10.5033,6.396197319030762,1.717198133468628,-95.96,0,1,180,1.599,0.8743,1.0,0.8507,0.2623,0.3,0.3403,0.9026,1.5328
93.102,2,NAVIGATE,-7.3069,4.5194,-2.0205,0.1965,1.3228,0.8275,0.3965,1.4228,1.4771,0.0,12.0,10.4571,6.33629035949707,1.766950249671936,131.0,0,1,180,2.009,0.8767,1.0,0.8633,0.263,0.3,0.3453,0.9083,1.549
93.151,2,NAVIGATE,-7.2957,4.5886,-2.02,0.2149,1.3385,0.824,0.4149,1.4385,1.4972,0.0,12.0,10.3998,6.297854900360107,1.773240327835083,131.25,0,1,180,1.774,0.8791,1.0,0.8775,0.2637,0.3,0.351,0.9147,1.556
93.201,2,NAVIGATE,-7.2844,4.6592,-2.0197,0.2332,1.3529,0.8204,0.4332,1.3529,1.4205,0.0,12.0,10.3416,6.263164520263672,1.7801151275634766,133.75,0,1,180,1.768,0.8908,1.0,0.8436,0.2672,0.3,0.3374,0.9047,1.567
93.251,2,NAVIGATE,-7.2744,4.7179,-2.0195,0.2487,1.364,0.8175,0.4487,1.364,1.4359,0.0,12.0,10.293,6.196771621704102,1.792546033859253,134.0,0,1,180,1.612,0.8929,1.0,0.8547,0.2679,0.3,0.3419,0.9098,1.583
93.302,2,NAVIGATE,-7.2619,4.7764,-2.0229,0.2651,1.3748,0.8146,0.4651,1.3748,1.4514,0.0,12.0,10.2429,6.167913913726807,1.800844430923462,132.25,0,1,180,1.896,0.8952,1.0,0.8662,0.2686,0.3,0.3465,0.9151,1.5951
93.351,2,NAVIGATE,-7.2464,4.8465,-2.0265,0.2845,1.3852,0.811,0.4845,1.3852,1.4675,0.0,12.0,10.1825,6.127035140991211,1.8082739114761353,134.0,0,1,180,1.801,0.8981,1.0,0.8786,0.2694,0.3,0.3514,0.9209,1.6057
93.401,2,NAVIGATE,-7.2294,4.9165,-2.0289,0.304,1.3929,0.8075,0.504,1.3929,1.4813,0.0,12.0,10.1213,6.0664496421813965,1.8257619142532349,132.75,0,1,180,1.707,0.9011,1.0,0.8899,0.2703,0.3,0.356,0.9263,1.6281
93.451,2,NAVIGATE,-7.2109,4.9751,-2.0284,0.3217,1.3982,0.8045,0.5217,1.3982,1.4924,0.0,12.0,10.0671,6.026339054107666,1.8351287841796875,133.5,0,1,180,1.684,0.9042,1.0,0.8996,0.2713,0.3,0.3598,0.9311,1.639
93.501,2,NAVIGATE,-7.1887,5.0452,-2.0277,0.3426,1.4035,0.8009,0.5426,1.3035,1.4119,0.0,12.0,10.0023,6.002830982208252,1.8450700044631958,132.0,0,1,180,1.109,0.9181,1.0,0.8642,0.2754,0.3,0.3457,0.9211,1.6517
93.551,2,NAVIGATE,-7.1715,5.1033,-2.0285,0.3593,1.4077,0.7978,0.5593,1.3077,1.4223,0.0,12.0,9.9496,5.9582133293151855,1.865285873413086,134.75,0,1,180,1.16,0.9208,1.0,0.873,0.2762,0.3,0.3492,0.9254,1.6776
93.601,2,NAVIGATE,-7.1558,5.1611,-2.0311,0.3751,1.4121,0.7949,0.5751,1.3121,1.4326,0.0,12.0,9.8983,5.933395862579346,1.8753968477249146,134.75,0,1,180,1.121,0.923,1.0,0.8816,0.2769,0.3,0.3526,0.9295,1.6919
93.651,2,NAVIGATE,-7.1364,5.2304,-2.0335,0.3936,1.4154,0.7913,0.5936,1.3154,1.4431,0.0,12.0,9.8365,5.9092817306518555,1.8855395317077637,135.0,0,1,180,1.078,0.9257,1.0,0.8906,0.2777,0.3,0.3562,0.934,1.7062
93.701,2,NAVIGATE,-7.1213,5.2878,-2.0352,0.4084,1.4161,0.7883,0.6084,1.3161,1.4499,0.0,12.0,9.786,5.857611656188965,1.9121249914169312,133.75,0,1,180,1.273,0.9279,1.0,0.897,0.2784,0.3,0.3588,0.9372,1.7332
93.751,2,NAVIGATE,-7.1076,5.3447,-2.0366,0.4224,1.4154,0.7852,0.6224,1.3154,1.4552,0.0,12.0,9.7371,5.832364082336426,1.922759771347046,134.5,0,1,180,1.084,0.93,1.0,0.9023,0.279,0.3,0.3609,0.9399,1.7496
93.801,2,NAVIGATE,-7.09,5.413,-2.0377,0.4398,1.4135,0.7814,0.6398,1.3135,1.4611,0.0,12.0,9.6777,5.806717395782471,1.9357792139053345,134.5,0,1,180,1.103,0.9327,1.0,0.9085,0.2798,0.3,0.3634,0.9432,1.7645
93.851,2,NAVIGATE,-7.0732,5.4704,-2.0382,0.4551,1.4118,0.7783,0.6551,1.3118,1.4663,0.0,12.0,9.6263,5.781919479370117,1.9497216939926147,134.5,0,1,180,1.229,0.9351,1.0,0.9141,0.2805,0.3,0.3656,0.9462,1.7801
93.9,2,NAVIGATE,-7.0499,5.5404,-2.0382,0.4744,1.4099,0.7745,0.6744,1.3099,1.4733,0.0,12.0,9.5618,5.724433422088623,1.9784337282180786,133.75,0,1,180,1.057,0.9381,1.0,0.9214,0.2814,0.3,0.3686,0.95,1.8141
93.95,2,NAVIGATE,-7.03,5.5983,-2.038,0.4907,1.4082,0.7714,0.6907,1.3082,1.4793,0.0,12.0,9.508,5.698337554931641,1.9931560754776,135.0,0,1,180,1.067,0.9406,1.0,0.9276,0.2822,0.3,0.3711,0.9532,1.8292
94.001,2,NAVIGATE,-7.0069,5.6679,-2.0399,0.5092,1.406,0.7675,0.7092,1.306,1.4862,0.0,12.0,9.4442,5.670829772949219,2.0076162815093994,133.75,0,1,180,1.106,0.9433,1.0,0.9346,0.283,0.3,0.3738,0.9568,1.8489
94.051,2,NAVIGATE,-6.9876,5.7257,-2.042,0.5243,1.4042,0.7643,0.7243,1.3042,1.4918,0.0,12.0,9.3911,5.610187530517578,2.040484666824341,135.0,0,1,180,1.11,0.9453,1.0,0.9402,0.2836,0.3,0.3761,0.9597,1.8845
94.1,2,NAVIGATE,-6.9634,5.7947,-2.0438,0.5425,1.402,0.7605,0.7425,1.302,1.4988,0.0,12.0,9.3271,5.581010341644287,2.0543951988220215,135.0,0,1,180,1.027,0.9478,1.0,0.947,0.2843,0.3,0.3788,0.9631,1.9034
94.151,2,NAVIGATE,-6.9391,5.8626,-2.0439,0.5606,1.3995,0.7567,0.7606,1.1995,1.4203,0.0,12.0,9.2638,5.517904758453369,2.090906858444214,135.0,0,1,180,1.654,0.9606,1.0,0.9096,0.2882,0.3,0.3638,0.952,1.9426
94.202,2,NAVIGATE,-6.9181,5.9189,-2.0435,0.5758,1.3975,0.7535,0.7758,1.1975,1.4269,0.0,12.0,9.2109,5.491048336029053,2.109518051147461,134.5,0,1,180,1.993,0.9625,1.0,0.9156,0.2887,0.3,0.3662,0.955,1.9634
94.251,2,NAVIGATE,-6.8963,5.975,-2.0428,0.5913,1.3958,0.7504,0.7913,1.1958,1.4339,0.0,12.0,9.1575,5.458761215209961,2.126707077026367,135.0,0,1,180,1.752,0.9643,1.0,0.9218,0.2893,0.3,0.3687,0.958,1.9148
94.301,2,NAVIGATE,-6.8713,6.0413,-2.0379,0.6089,1.3909,0.7467,0.8089,1.1909,1.4396,0.0,12.0,9.0952,5.42911958694458,2.1443750858306885,135.0,0,1,180,1.698,0.9665,1.0,0.9275,0.2899,0.3,0.371,0.961,1.8466
94.351,2,NAVIGATE,-6.8498,6.0962,-2.0335,0.6238,1.3848,0.7435,0.8238,1.1848,1.443,0.0,12.0,9.043,5.364132881164551,2.1853089332580566,134.75,0,1,180,1.552,0.9684,1.0,0.9317,0.2905,0.3,0.3727,0.9632,1.7547
94.401,2,NAVIGATE,-6.8218,6.1615,-2.0288,0.6425,1.3757,0.7396,0.8425,1.1757,1.4463,0.0,12.0,8.9792,5.331650733947754,2.203355312347412,135.0,0,1,180,1.562,0.9711,1.0,0.9363,0.2913,0.3,0.3745,0.9659,1.6827
94.451,2,NAVIGATE,-6.794,6.2146,-2.0259,0.6596,1.3669,0.7364,0.8596,1.1669,1.4493,0.0,12.0,8.9235,5.297964096069336,2.224449396133423,135.0,0,1,180,1.711,0.9736,1.0,0.9407,0.2921,0.3,0.3763,0.9683,1.6132
94.502,2,NAVIGATE,-6.76,6.2782,-2.0228,0.6803,1.356,0.7327,0.8803,1.156,1.453,0.0,12.0,8.8565,5.229603290557861,2.2687668800354004,134.5,0,1,180,2.081,0.9764,1.0,0.9458,0.2929,0.3,0.3783,0.9713,1.5041
94.551,2,NAVIGATE,-6.7305,6.3309,-2.0202,0.6979,1.3469,0.7296,0.8979,1.1469,1.4565,0.0,12.0,8.7999,5.19901180267334,2.290116548538208,134.75,0,1,180,1.526,0.9787,1.0,0.9504,0.2936,0.3,0.3802,0.9738,1.4315
94.602,2,NAVIGATE,-6.691,6.3939,-2.0161,0.72,1.3359,0.7258,0.92,1.1359,1.4618,0.0,12.0,8.7291,5.166208267211914,2.3121426105499268,135.0,0,1,180,1.779,0.9815,1.0,0.9565,0.2944,0.3,0.3826,0.977,1.3483
94.651,2,NAVIGATE,-6.658,6.4462,-2.0131,0.7382,1.327,0.7227,0.9382,1.127,1.4664,0.0,12.0,8.6703,5.089500427246094,2.3600075244903564,135.0,0,1,180,1.837,0.9836,1.0,0.9616,0.2951,0.3,0.3846,0.9797,1.2408
94.701,2,NAVIGATE,-6.6264,6.4973,-2.0101,0.7555,1.3177,0.7195,0.9555,1.1177,1.4705,0.0,12.0,8.6133,5.055450916290283,2.3837335109710693,135.0,0,1,180,1.634,0.9855,1.0,0.9661,0.2957,0.3,0.3864,0.9821,1.1686
94.751,2,NAVIGATE,-6.5907,6.5571,-2.0065,0.775,1.3061,0.7158,0.975,1.1061,1.4745,0.0,12.0,8.5476,5.020118713378906,2.4066338539123535,135.0,0,1,180,1.908,0.9875,1.0,0.9707,0.2963,0.3,0.3883,0.9846,1.0916
94.801,2,NAVIGATE,-6.5601,6.6068,-2.0041,0.7913,1.2965,0.7127,0.8913,1.1965,1.492,0.0,12.0,8.4924,4.945464611053467,2.4592018127441406,135.0,0,1,180,1.545,0.9707,1.0,0.9656,0.2912,0.3,0.3862,0.9774,1.3476
94.851,2,NAVIGATE,-6.5213,6.6665,-2.0041,0.8116,1.2851,0.7091,0.9116,1.1851,1.4951,0.0,12.0,8.4246,4.9096527099609375,2.48256516456604,135.0,0,1,180,1.781,0.9738,1.0,0.9706,0.2921,0.3,0.3882,0.9804,1.2703
94.902,2,NAVIGATE,-6.4806,6.7261,-2.0066,0.8321,1.274,0.7053,0.9321,1.174,1.4991,0.0,12.0,8.3554,4.876536846160889,2.508405923843384,135.0,0,1,180,1.745,0.9766,1.0,0.976,0.293,0.3,0.3904,0.9834,1.2546
94.951,2,NAVIGATE,-6.4461,6.7756,-2.0085,0.8474,1.2667,0.7021,0.9474,1.0667,1.4266,0.0,12.0,8.2974,4.7948994636535645,2.562800645828247,135.0,0,1,180,1.588,0.9867,1.0,0.9384,0.296,0.3,0.3754,0.9714,1.0629
95.001,2,NAVIGATE,-6.4098,6.8245,-2.0117,0.8615,1.261,0.699,0.8615,1.161,1.4457,0.0,12.0,8.2384,4.75836181640625,2.5900371074676514,135.0,0,1,180,1.618,0.9681,1.0,0.9331,0.2904,0.3,0.3732,0.9637,1.3948
95.051,2,NAVIGATE,-6.3649,6.8829,-2.0162,0.8771,1.2562,0.6956,0.8771,1.1562,1.4512,0.0,12.0,8.1668,4.723782062530518,2.618114948272705,135.0,0,1,180,1.624,0.9702,1.0,0.9387,0.2911,0.3,0.3755,0.9665,1.3391
95.101,2,NAVIGATE,-6.3273,6.9315,-2.0193,0.889,1.2509,0.6929,0.889,1.1509,1.4543,0.0,12.0,8.107,4.642922401428223,2.673105239868164,134.75,0,1,180,1.83,0.9719,1.0,0.9423,0.2916,0.3,0.3769,0.9685,1.272
95.151,2,NAVIGATE,-6.2893,6.977,-2.0224,0.899,1.2441,0.6902,0.899,1.1441,1.455,0.0,12.0,8.049,4.605414867401123,2.702180862426758,135.0,0,1,180,1.905,0.9735,1.0,0.9443,0.292,0.3,0.3777,0.9698,1.2306
95.202,2,NAVIGATE,-6.236,7.0399,-2.0259,0.9098,1.2351,0.6865,0.9098,1.1351,1.4547,0.0,12.0,7.968,4.568971633911133,2.7308382987976074,135.0,0,1,180,2.034,0.9752,1.0,0.9457,0.2926,0.3,0.3783,0.9708,1.1877
95.251,2,NAVIGATE,-6.2055,7.0762,-2.0274,0.9147,1.2306,0.6846,0.9147,1.1306,1.4543,0.0,12.0,7.9216,4.488087177276611,2.7902591228485107,135.0,0,1,180,1.885,0.9759,1.0,0.9462,0.2928,0.3,0.3785,0.9713,1.1433
95.302,2,NAVIGATE,-6.1613,7.1308,-2.0307,0.9205,1.2248,0.6817,0.9205,1.1248,1.4535,0.0,12.0,7.8531,4.450586318969727,2.818849563598633,135.0,0,1,180,1.979,0.9767,1.0,0.9464,0.293,0.3,0.3786,0.9716,1.1174
95.351,2,NAVIGATE,-6.1172,7.1859,-2.0336,0.9258,1.2197,0.6792,0.9258,1.1197,1.4529,0.0,12.0,7.7844,4.415315628051758,2.8499014377593994,135.0,0,1,180,1.901,0.9774,1.0,0.9467,0.2932,0.3,0.3787,0.9719,1.0936
95.401,2,NAVIGATE,-6.0877,7.2227,-2.035,0.9294,1.2165,0.6776,0.9294,1.1165,1.4527,0.0,12.0,7.7384,4.372984886169434,2.8816475868225098,135.0,0,1,180,1.707,0.9778,1.0,0.947,0.2933,0.3,0.3788,0.9721,1.0728
95.451,2,NAVIGATE,-6.0452,7.2795,-2.0363,0.9344,1.2127,0.6755,0.8344,1.2127,1.472,0.0,12.0,7.6699,4.302675247192383,2.938774824142456,135.0,0,1,180,1.765,0.9538,1.0,0.936,0.2861,0.3,0.3744,0.9605,1.4433
95.502,2,NAVIGATE,-6.0026,7.3367,-2.037,0.9399,1.2087,0.6735,0.8399,1.2087,1.4719,0.0,12.0,7.6012,4.266833782196045,2.967784881591797,135.0,0,1,180,1.741,0.9544,1.0,0.9366,0.2863,0.3,0.3746,0.961,1.418
95.552,2,NAVIGATE,-5.9659,7.3849,-2.0368,0.9451,1.2055,0.6716,0.9451,1.1055,1.4545,0.0,12.0,7.5426,4.22365665435791,3.0029420852661133,135.0,0,1,180,1.878,0.9791,1.0,0.9493,0.2937,0.3,0.3797,0.9734,1.0819
95.601,2,NAVIGATE,-5.9263,7.4357,-2.0352,0.9496,1.2052,0.6698,0.8496,1.2052,1.4746,0.0,12.0,7.4803,4.153705596923828,3.0617380142211914,135.0,0,1,180,1.558,0.9552,1.0,0.939,0.2866,0.3,0.3756,0.9622,1.4345
95.651,2,NAVIGATE,-5.879,7.4962,-2.0333,0.9528,1.2066,0.6679,0.8528,1.2066,1.4776,0.0,12.0,7.4058,4.11663293838501,3.090637445449829,135.0,0,1,180,1.722,0.9548,1.0,0.9405,0.2864,0.3,0.3762,0.9627,1.4218
95.701,2,NAVIGATE,-5.8398,7.5465,-2.031,0.9557,1.2071,0.6662,0.8557,1.2071,1.4796,0.0,12.0,7.3442,4.076963901519775,3.1241061687469482,135.0,0,1,180,1.808,0.9546,1.0,0.9416,0.2864,0.3,0.3766,0.963,1.4054
95.751,2,NAVIGATE,-5.8015,7.5965,-2.0262,0.9574,1.2077,0.6645,0.8574,1.2077,1.4811,0.0,12.0,7.2834,4.00344181060791,3.1841936111450195,135.0,0,1,180,1.715,0.9541,1.0,0.942,0.2862,0.3,0.3768,0.963,1.3828
95.802,2,NAVIGATE,-5.7478,7.6663,-2.0201,0.9582,1.2096,0.6621,0.8582,1.2096,1.4831,0.0,12.0,7.1985,3.968318223953247,3.215078115463257,135.0,0,1,180,2.196,0.953,1.0,0.9423,0.2859,0.3,0.3769,0.9628,1.3796
95.852,2,NAVIGATE,-5.7065,7.7164,-2.0187,0.9591,1.2117,0.6605,0.9591,1.1117,1.4683,0.0,12.0,7.1353,3.9266622066497803,3.248533248901367,135.0,0,1,180,1.987,0.977,1.0,0.9563,0.2931,0.3,0.3825,0.9756,1.0913
95.901,2,NAVIGATE,-5.6636,7.7668,-2.0191,0.9601,1.2144,0.659,0.8601,1.2144,1.4881,0.0,12.0,7.0709,3.8559625148773193,3.3092830181121826,135.0,0,1,180,1.57,0.9515,1.0,0.944,0.2855,0.3,0.3776,0.9631,1.4091
95.951,2,NAVIGATE,-5.6129,7.827,-2.0193,0.9608,1.2178,0.6574,0.8608,1.2178,1.4913,0.0,12.0,6.9942,3.819915294647217,3.3391342163085938,135.0,0,1,180,1.613,0.9504,1.0,0.9449,0.2851,0.3,0.378,0.9631,1.4054
96.001,2,NAVIGATE,-5.5722,7.877,-2.0179,0.9622,1.219,0.6561,0.8622,1.219,1.4931,0.0,12.0,6.9317,3.781263589859009,3.3735530376434326,135.0,0,1,180,1.715,0.9498,1.0,0.9454,0.2849,0.3,0.3782,0.9631,1.3916
96.051,2,NAVIGATE,-5.5244,7.9368,-2.0152,0.9632,1.2199,0.6542,0.8632,1.2199,1.4944,0.0,12.0,6.8578,3.7109761238098145,3.3471720218658447,-27.4,0,1,180,1.611,0.949,1.0,0.9454,0.2847,0.3,0.3782,0.9629,1.3621
96.101,2,NAVIGATE,-5.4769,7.9964,-2.0127,0.9637,1.221,0.6521,0.9637,1.121,1.4783,0.0,12.0,6.7842,3.675870180130005,3.312894344329834,-27.9,0,1,180,1.712,0.9738,1.0,0.9597,0.2921,0.3,0.3839,0.976,1.1076
96.152,2,NAVIGATE,-5.4391,8.0472,-2.0099,0.9627,1.2233,0.6503,0.9627,1.1233,1.4794,0.0,12.0,6.7238,3.6360487937927246,3.2737157344818115,-28.4,0,1,180,1.933,0.9728,1.0,0.9594,0.2918,0.3,0.3838,0.9756,1.1015
96.201,2,NAVIGATE,-5.4018,8.0982,-2.0071,0.961,1.2263,0.6485,0.861,1.2263,1.4984,0.0,12.0,6.6636,10.841275215148926,3.20534610748291,-29.4,0,1,180,1.611,0.945,1.0,0.944,0.2835,0.3,0.3776,0.9611,1.3898
96.251,2,NAVIGATE,-5.3569,8.1592,-2.0041,0.9613,1.2278,0.6464,0.8613,1.2278,1.4998,0.0,12.0,6.5915,10.803394317626953,3.169978141784668,-29.9,0,1,180,1.593,0.9437,1.0,0.9436,0.2831,0.3,0.3774,0.9606,1.3789
96.302,2,NAVIGATE,-5.3221,8.2074,-2.0021,0.9623,1.2261,0.6445,0.8623,1.2261,1.499,0.0,12.0,6.5352,10.75801944732666,3.1321845054626465,-30.65,0,1,180,1.915,0.9432,1.0,0.9425,0.283,0.3,0.377,0.96,1.3607
96.351,2,NAVIGATE,-5.2868,8.2556,-2.0002,0.9632,1.2245,0.6423,0.9632,1.1245,1.4806,0.0,12.0,6.4785,10.67744255065918,3.0650086402893066,-31.9,0,1,180,1.694,0.9698,1.0,0.9573,0.291,0.3,0.3829,0.9739,1.107
96.401,2,NAVIGATE,-5.244,8.3136,-1.9983,0.9633,1.2236,0.6396,0.9633,1.1236,1.48,0.0,12.0,6.4101,10.642109870910645,3.033518075942993,-32.41,0,1,180,1.643,0.9691,1.0,0.9562,0.2907,0.3,0.3825,0.9732,1.0986
96.451,2,NAVIGATE,-5.2014,8.3708,-1.9952,0.9618,1.2242,0.6371,0.8618,1.2242,1.4972,0.0,12.0,6.3423,10.601334571838379,2.996131658554077,-33.16,0,1,180,1.584,0.94,1.0,0.9382,0.282,0.3,0.3753,0.9573,1.3713
96.501,2,NAVIGATE,-5.1727,8.4091,-1.9934,0.9618,1.224,0.6354,0.9618,1.124,1.4794,0.0,12.0,6.297,10.526049613952637,2.934040069580078,-33.91,0,1,180,1.556,0.9674,1.0,0.9541,0.2902,0.3,0.3816,0.9718,1.131
96.551,2,NAVIGATE,-5.1293,8.4666,-1.9912,0.9638,1.2221,0.6327,0.9638,1.1221,1.4791,0.0,12.0,6.2286,10.489021301269531,2.9037747383117676,-34.91,0,1,180,1.655,0.9669,1.0,0.9535,0.2901,0.3,0.3814,0.9715,1.1211
96.602,2,NAVIGATE,-5.0988,8.5148,-1.9938,0.9627,1.2209,0.6303,0.9627,1.1209,1.4776,0.0,12.0,6.1761,10.447518348693848,2.869704008102417,-35.41,0,1,180,1.803,0.966,1.0,0.9515,0.2898,0.3,0.3806,0.9704,1.1077
96.652,2,NAVIGATE,-5.0674,8.5631,-1.9963,0.9627,1.2191,0.6278,0.9627,1.1191,1.4762,0.0,12.0,6.123,10.414769172668457,2.8397104740142822,-35.91,0,1,180,1.876,0.9653,1.0,0.9499,0.2896,0.3,0.38,0.9695,1.0947
96.702,2,NAVIGATE,-5.0282,8.6212,-1.9993,0.9644,1.2157,0.6247,0.9644,1.1157,1.4748,0.0,12.0,6.058,10.34497356414795,2.779470443725586,-36.41,0,1,180,1.76,0.9647,1.0,0.9485,0.2894,0.3,0.3794,0.9688,1.1184
96.751,2,NAVIGATE,-4.9864,8.6801,-2.0035,0.968,1.2115,0.6215,0.968,1.1115,1.4739,0.0,12.0,5.9905,10.306402206420898,2.745645046234131,-35.91,0,1,180,1.828,0.9646,1.0,0.9478,0.2894,0.3,0.3791,0.9685,1.0997
96.802,2,NAVIGATE,-4.9509,8.729,-2.0065,0.9717,1.2074,0.6186,0.8717,1.2074,1.4892,0.0,12.0,5.9339,10.273758888244629,2.716125249862671,-36.66,0,1,180,2.643,0.9353,1.0,0.9286,0.2806,0.3,0.3714,0.952,1.3152
96.851,2,NAVIGATE,-4.9143,8.7775,-2.0091,0.9758,1.2031,0.6156,0.9758,1.1031,1.4727,0.0,12.0,5.8766,10.209471702575684,2.6554501056671143,-34.91,0,1,180,1.809,0.9648,1.0,0.9472,0.2894,0.3,0.3789,9980.0849,1.0976
96.902,2,NAVIGATE,-4.8672,8.8352,-2.0122,0.9815,1.1975,0.6117,0.8815,1.1975,1.487,0.0,12.0,5.8057,10.176177978515625,2.620948314666748,-34.16,0,1,180,1.843,0.936,1.0,0.9279,0.2808,0.3,0.3712,0.952,1.2988
96.952,2,NAVIGATE,-4.8278,8.8831,-2.0144,0.9845,1.1945,0.6085,0.9845,1.0945,1.4721,0.0,12.0,5.7466,10.146306991577148,2.589665174484253,-35.91,0,1,180,2.049,0.9651,1.0,0.9472,0.2895,0.3,0.3789,9981.1551,1.1078
97.001,2,NAVIGATE,-4.7836,8.9388,-2.0169,0.9865,1.1909,0.6047,0.8865,1.1909,1.4846,0.0,12.0,5.6793,10.08964729309082,2.52746319770813,-35.16,0,1,180,1.73,0.9353,1.0,0.9257,0.2806,0.3,0.3703,0.9509,1.2814
97.051,2,NAVIGATE,-4.749,8.9842,-2.019,0.9857,1.189,0.6015,0.9857,0.989,1.3963,0.0,12.0,5.6257,10.058809280395508,2.4934029579162598,-36.41,0,1,180,1.872,0.9756,1.0,0.9082,0.2927,0.3,0.3633,9981.9702,1.0009
97.101,2,NAVIGATE,-4.7067,9.0388,-2.0209,0.9856,1.1867,0.5976,0.9856,0.9867,1.3946,0.0,12.0,5.5607,10.031118392944336,2.4616036415100098,-35.16,0,1,180,1.865,0.9749,1.0,0.9064,0.2925,0.3,0.3626,9982.3956,0.9908
97.151,2,NAVIGATE,-4.6702,9.0837,-2.0204,0.985,1.1853,0.5945,0.985,0.9853,1.3932,0.0,12.0,5.506,9.978252410888672,2.3996760845184326,-34.41,0,1,180,1.857,0.9743,1.0,0.9049,0.2923,0.3,0.362,9982.7356,1.0151
97.201,2,NAVIGATE,-4.6329,9.1282,-2.0187,0.9852,1.1815,0.5914,0.9852,0.9815,1.3907,0.0,12.0,5.4508,9.944524765014648,2.3651933670043945,-34.16,0,1,180,1.785,0.974,1.0,0.903,0.2922,0.3,0.3612,9983.1019,0.9952
97.251,2,NAVIGATE,-4.5879,9.1817,-2.0168,0.987,1.1735,0.5877,0.987,0.9735,1.3863,0.0,12.0,5.3843,9.914726257324219,2.33339262008667,-32.66,0,1,180,1.775,0.9742,1.0,0.9004,0.2923,0.3,0.3601,9983.5852,0.9737
97.302,2,NAVIGATE,-4.5516,9.227,-2.0152,0.9891,1.1647,0.5843,0.9891,0.9647,1.3816,0.0,12.0,5.3298,9.859877586364746,2.2727224826812744,-32.91,0,1,180,1.825,0.9746,1.0,0.8977,0.2924,0.3,0.3591,9983.9927,0.9747
97.351,2,NAVIGATE,-4.516,9.2726,-2.0136,0.9918,1.1546,0.5809,0.9918,0.9546,1.3766,0.0,12.0,5.2757,9.829465866088867,2.2357282638549805,-33.16,0,1,180,1.64,0.9753,1.0,0.895,0.2926,0.3,0.358,9984.4117,0.9947
97.402,2,NAVIGATE,-4.4723,9.3267,-2.0118,0.9959,1.1413,0.5766,0.9959,0.9413,1.3704,0.0,12.0,5.2104,9.804638862609863,2.204287528991699,-33.66,0,1,180,1.778,0.9762,1.0,0.8919,0.2929,0.3,0.3567,9984.9484,0.9662
97.451,2,NAVIGATE,-4.4365,9.3701,-2.0107,0.9992,1.1294,0.5727,0.9992,0.9294,1.3646,0.0,12.0,5.1574,9.780117988586426,2.1730451583862305,-33.16,0,1,180,1.862,0.9772,1.0,0.8889,0.2931,0.3,0.3556,9985.388,0.9418
97.502,2,NAVIGATE,-4.3929,9.4214,-2.0094,1.0031,1.115,0.568,1.0031,0.915,1.3578,0.0,12.0,5.0938,9.730948448181152,2.105120897293091,-32.66,0,1,180,1.896,0.9783,1.0,0.8855,0.2935,0.3,0.3542,9985.9227,0.936
97.552,2,NAVIGATE,-4.3559,9.4639,-2.0084,1.0065,1.1034,0.5641,1.0065,0.9034,1.3525,0.0,12.0,5.0404,9.70910930633545,2.0736653804779053,-31.65,0,1,180,2.133,0.9792,1.0,0.8829,0.2938,0.3,0.3532,9986.376,0.9465
97.602,2,NAVIGATE,-4.3112,9.5181,-2.0055,1.0111,1.0917,0.5594,1.0111,0.8917,1.3481,0.0,12.0,4.9745,9.6889066696167,2.041442394256592,-31.4,0,1,180,1.802,0.98,1.0,0.8808,0.294,0.3,0.3523,9986.9232,0.9199
97.652,2,NAVIGATE,-4.2733,9.5633,-2.0031,1.0149,1.0823,0.5556,1.0149,0.8823,1.3449,0.0,12.0,4.9192,9.645163536071777,1.972825288772583,-31.9,0,1,180,2.053,0.9806,1.0,0.8792,0.2942,0.3,0.3517,9987.3814,0.9142
97.701,2,NAVIGATE,-4.2272,9.6167,-2.0005,1.0196,1.071,0.551,1.0196,0.871,1.341,0.0,12.0,4.8527,9.623963356018066,1.9393974542617798,-30.15,0,1,180,1.69,0.9813,1.0,0.8773,0.2944,0.3,0.3509,9987.9335,0.9272
97.752,2,NAVIGATE,-4.1878,9.6599,-2.0039,1.0237,1.0606,0.5472,1.0237,0.8606,1.3374,0.0,12.0,4.7972,9.603078842163086,1.9073883295059204,-32.66,0,1,180,2.272,0.9821,1.0,0.8756,0.2946,0.3,0.3502,9988.411,0.9034
97.801,2,NAVIGATE,-4.148,9.7026,-2.007,1.0277,1.0502,0.5435,1.0277,0.8502,1.3337,0.0,12.0,4.7417,9.56397819519043,1.8365998268127441,-31.9,0,1,180,1.621,0.9829,1.0,0.8739,0.2949,0.3,0.3496,9988.8878,0.9224
97.851,2,NAVIGATE,-4.0995,9.7528,-2.0101,1.0324,1.0373,0.539,1.0324,0.8373,1.3293,0.0,12.0,4.675,9.545184135437012,1.803781270980835,-32.91,0,1,180,1.886,0.9838,1.0,0.8719,0.2952,0.3,0.3487,9989.4631,0.8938
97.902,2,NAVIGATE,-4.0493,9.8011,-2.0119,1.0371,1.024,0.5344,1.0371,0.824,1.3246,0.0,12.0,4.6078,9.528153419494629,1.774266242980957,-33.91,0,1,180,1.859,0.9849,1.0,0.8698,0.2955,0.3,0.3479,9990.0564,0.8995
97.952,2,NAVIGATE,-4.0073,9.841,-2.0131,1.041,1.0129,0.5307,1.041,0.8129,1.3208,0.0,12.0,4.5519,9.490472793579102,1.7098909616470337,-35.91,0,1,180,1.852,0.9858,1.0,0.868,0.2957,0.3,0.3472,9990.5463,0.8859
98.001,2,NAVIGATE,-3.9578,9.8875,-2.0155,1.0451,0.9992,0.5263,1.0451,0.7992,1.3157,0.0,12.0,4.4863,9.472357749938965,1.6799043416976929,-36.91,0,1,180,1.66,0.9868,1.0,0.8656,0.296,0.3,0.3462,9991.1114,0.8936
98.052,2,NAVIGATE,-3.9181,9.9247,-2.0191,1.0479,0.9874,0.5225,1.0479,0.7874,1.3108,0.0,12.0,4.4337,9.457706451416016,1.6511483192443848,-38.16,0,1,180,1.771,0.9877,1.0,0.8631,0.2963,0.3,0.3452,9991.5536,0.8989
98.102,2,NAVIGATE,-3.8779,9.9617,-2.0221,1.0508,0.9757,0.5187,1.0508,0.7757,1.3061,0.0,12.0,4.3809,9.422280311584473,1.5918829441070557,-40.66,0,1,180,1.903,0.9885,1.0,0.8607,0.2965,0.3,0.3443,9991.998,0.8718
98.151,2,NAVIGATE,-3.8312,10.0047,-2.0263,1.0538,0.9614,0.5142,1.0538,0.7614,1.3001,0.0,12.0,4.3196,9.409215927124023,1.5633039474487305,-41.66,0,1,180,1.851,0.9894,1.0,0.8576,0.2968,0.3,0.343,9992.5044,0.8737
98.201,2,NAVIGATE,-3.7856,10.0464,-2.0307,1.0564,0.947,0.5096,1.0564,0.747,1.2938,0.0,12.0,4.26,9.394510269165039,1.5396580696105957,-42.91,0,1,180,1.632,0.9903,1.0,0.8542,0.2971,0.3,0.3417,9992.9916,0.8781
98.251,2,NAVIGATE,-3.7469,10.0811,-2.0336,1.0588,0.935,0.506,1.0588,0.735,1.2889,0.0,12.0,4.2097,9.363851547241211,1.485770583152771,-45.67,0,1,180,1.57,0.9911,1.0,0.8516,0.2973,0.3,0.3406,9993.4059,0.8864
98.301,2,NAVIGATE,-3.7102,10.116,-2.0382,1.0606,0.9233,0.5024,1.0606,0.7233,1.2837,0.0,12.0,4.1611,9.350547790527344,1.4640940427780151,-47.17,0,1,180,1.581,0.9917,1.0,0.8487,0.2975,0.3,0.3395,9993.774,0.8783
98.351,2,NAVIGATE,-3.6671,10.158,-2.0443,1.0624,0.9095,0.498,1.0624,0.7095,1.2775,0.0,12.0,4.1037,9.3359956741333,1.4402220249176025,-48.42,0,1,180,1.806,0.9924,1.0,0.8452,0.2977,0.3,0.3381,9994.1891,0.8735
98.401,2,NAVIGATE,-3.6301,10.1926,-2.0482,1.0643,0.8979,0.4944,1.0643,0.6979,1.2727,0.0,12.0,4.0552,9.307031631469727,1.394389033317566,-51.67,0,1,180,1.571,0.993,1.0,0.8425,0.2979,0.3,0.337,9994.5449,0.875
98.451,2,NAVIGATE,-3.5863,10.2358,-2.0488,1.0664,0.885,0.4901,1.0664,0.685,1.2674,0.0,12.0,3.9967,9.292097091674805,1.3762825727462769,-53.17,0,1,180,1.526,0.9935,1.0,0.8395,0.2981,0.3,0.3358,9994.9241,0.8724
98.501,2,NAVIGATE,-3.5495,10.2721,-2.0476,1.0683,0.8744,0.4865,1.0683,0.6744,1.2633,0.0,12.0,3.9477,9.282925605773926,1.357035517692566,-54.68,0,1,180,1.725,0.9939,1.0,0.8371,0.2982,0.3,0.3348,9995.2236,0.8717
98.551,2,NAVIGATE,-3.5042,10.315,-2.0458,1.0709,0.8614,0.4821,1.0709,0.6614,1.2587,0.0,12.0,3.8883,9.252836227416992,1.3223477602005005,-58.18,0,1,180,1.554,0.9945,1.0,0.8345,0.2983,0.3,0.3338,9995.5817,0.8859
98.601,2,NAVIGATE,-3.4606,10.3516,-2.045,1.0756,0.8509,0.4787,1.0756,0.6509,1.2572,0.0,12.0,3.8332,9.242345809936523,1.304085373878479,-59.68,0,1,180,1.754,0.995,1.0,0.834,0.2985,0.3,0.3336,9995.9201,0.8813
98.651,2,NAVIGATE,-3.4081,10.3946,-2.0436,1.0812,0.8379,0.4745,1.0812,0.6379,1.2554,0.0,12.0,3.7673,9.22731876373291,1.2897838354110718,-61.43,0,1,180,1.756,0.9957,1.0,0.8333,0.2987,0.3,0.3333,9996.26,0.8758
98.702,2,NAVIGATE,-3.3549,10.4364,-2.0429,1.0868,0.8244,0.4704,1.0868,0.6244,1.2534,0.0,12.0,3.7014,9.204691886901855,1.2645457983016968,-65.19,0,1,180,1.702,0.9964,1.0,0.8326,0.2989,0.3,0.333,9996.5161,0.883
98.752,2,NAVIGATE,-3.3086,10.4691,-2.0464,1.0919,0.8125,0.4669,1.0919,0.6125,1.252,0.0,12.0,3.6456,9.195352554321289,1.2532581090927124,-66.94,0,1,180,1.869,0.997,1.0,0.8321,0.2991,0.3,0.3328,9996.6681,0.8859
98.802,2,NAVIGATE,-3.2624,10.5013,-2.0492,1.0967,0.8005,0.4634,1.0967,0.6005,1.2504,0.0,12.0,3.5901,9.185464859008789,1.2452919483184814,-68.94,0,1,180,2.37,0.9975,1.0,0.8315,0.2993,0.3,0.3326,9997.1022,0.8883
98.851,2,NAVIGATE,-3.2065,10.5395,-2.0513,1.1024,0.786,0.4592,1.1024,0.586,1.2485,0.0,12.0,3.5235,9.166862487792969,1.229246735572815,-72.69,0,1,180,1.655,0.9981,1.0,0.8308,0.2994,0.3,0.3323,9997.5833,0.8983
98.901,2,NAVIGATE,-3.1582,10.5707,-2.0517,1.1079,0.7737,0.4557,1.1079,0.5737,1.2476,0.0,12.0,3.4665,9.158912658691406,1.2249603271484375,-74.69,0,1,180,1.567,0.9986,1.0,0.8306,0.2996,0.3,0.3322,9997.8888,0.8994
98.951,2,NAVIGATE,-3.1005,10.6076,-2.0515,1.1141,0.759,0.4515,1.1141,0.559,1.2464,0.0,12.0,3.3988,9.149473190307617,1.220818281173706,-76.7,0,1,180,1.921,0.9991,1.0,0.8302,0.2997,0.3,0.3321,9998.0083,0.8919
99.002,2,NAVIGATE,-3.0515,10.6376,-2.0504,1.1192,0.7466,0.448,1.2192,0.5466,1.3361,0.0,12.0,3.3418,9.135499000549316,1.2189686298370361,-80.7,0,1,180,1.89,1.0,1.0,0.8908,0.3,0.3,0.3563,9998.5132,0.9033
99.051,2,NAVIGATE,-2.9912,10.6727,-2.0479,1.1254,0.7316,0.4438,1.2254,0.5316,1.3357,0.0,12.0,3.2725,9.12927532196045,1.2160438299179077,-82.45,0,1,180,1.723,1.0,1.0,0.8904,0.3,0.3,0.3562,9999.1153,0.9069
99.101,2,NAVIGATE,-2.9415,10.7014,-2.0457,1.1302,0.719,0.4405,1.2302,0.519,1.3352,0.0,12.0,3.2154,9.12254524230957,1.2177804708480835,-84.45,0,1,180,1.761,0.9999,1.0,0.89,0.3,0.3,0.356,9999.2944,0.9106
99.151,2,NAVIGATE,-2.8814,10.7359,-2.0414,1.1386,0.7043,0.4368,1.1386,0.5043,1.2453,0.0,12.0,3.1465,9.10669994354248,1.2247639894485474,-88.46,0,1,180,1.682,1.0,1.0,0.8302,0.3,0.3,0.3321,9998.8264,0.9445
99.201,2,NAVIGATE,-2.831,10.7646,-2.0368,1.1475,0.692,0.4337,1.1475,0.492,1.2486,0.0,12.0,3.0888,9.099024772644043,1.2322043180465698,-90.21,0,1,180,1.651,1.0,1.0,0.8324,0.3,0.3,0.3329,9998.8062,0.9511
99.251,2,NAVIGATE,-2.7706,10.7982,-2.0315,1.1598,0.6771,0.4299,1.0598,0.4771,1.1623,0.0,12.0,3.02,9.090224266052246,1.2348480224609375,-92.21,0,1,180,1.582,0.9999,1.0,0.7748,0.3,0.3,0.3099,9999.2477,0.9669
99.301,2,NAVIGATE,-2.718,10.8248,-2.0225,1.1695,0.664,0.4267,1.0695,0.464,1.1659,0.0,12.0,2.9612,9.076834678649902,1.2514305114746094,-96.21,0,1,180,1.652,1.0,1.0,0.7772,0.3,0.3,0.3109,9998.9645,0.9937
99.351,2,NAVIGATE,-2.6546,10.8559,-2.0116,1.1793,0.6483,0.4228,1.1793,0.5483,1.3005,0.0,12.0,2.8907,9.070578575134277,1.261703372001648,-97.97,0,1,180,1.556,0.9996,1.0,0.8667,0.2999,0.3,0.3467,9998.936,1.0259
99.401,2,NAVIGATE,-2.6023,10.8812,-2.0036,1.1835,0.6348,0.4197,1.2835,0.5348,1.3905,0.0,12.0,2.8326,9.067081451416016,1.2733521461486816,-99.47,0,1,180,1.581,0.9999,1.0,0.9269,0.3,0.3,0.3708,9999.2845,1.0415
99.451,2,NAVIGATE,-2.5415,10.9139,-1.9923,1.1843,0.6197,0.4163,0.9843,0.4197,1.07,0.0,12.0,2.7638,9.054272651672363,1.2987957000732422,-103.22,0,1,180,1.479,1.0,1.0,0.7133,0.3,0.3,0.2853,9999.3867,1.0634
99.502,2,NAVIGATE,-2.4815,10.9462,-1.9825,1.1861,0.608,0.4134,1.2861,0.508,1.3828,0.0,12.0,2.696,9.045402526855469,1.3123482465744019,-104.72,0,1,180,1.652,0.9997,1.0,0.9216,0.2999,0.3,0.3686,9998.8997,1.0985
99.551,2,NAVIGATE,-2.4316,10.9724,-1.9756,1.1901,0.6001,0.4111,1.1901,0.5001,1.2909,0.0,12.0,2.6398,9.035235404968262,1.3282727003097534,-106.47,0,1,180,1.547,1.0,1.0,0.8606,0.3,0.3,0.3442,9999.2075,1.1156
99.601,2,NAVIGATE,-2.3774,10.9986,-1.9678,1.1918,0.5909,0.409,1.1918,0.4909,1.289,0.0,12.0,2.5796,9.012571334838867,1.3634527921676636,-108.98,0,1,180,1.774,1.0,1.0,0.8593,0.3,0.3,0.3437,9999.5837,1.1582
99.651,2,NAVIGATE,-2.3131,11.0293,-1.9604,1.1976,0.5814,0.4067,1.2976,0.5814,1.4219,0.0,12.0,2.5086,8.998278617858887,1.3789342641830444,-111.23,0,1,180,1.527,0.9997,1.0,0.9477,0.2999,0.3,0.3791,9999.1316,1.195
99.703,2,NAVIGATE,-2.2604,11.0544,-1.9559,1.2029,0.5738,0.4047,1.1029,0.4738,1.2003,0.0,12.0,2.4502,8.983789443969727,1.399200677871704,-110.98,0,1,180,2.456,1.0,1.0,0.8002,0.3,0.3,0.3201,9999.1537,1.1949
99.751,2,NAVIGATE,-2.2088,11.0795,-1.9543,1.2079,0.5663,0.4028,1.1079,0.4663,1.202,0.0,12.0,2.393,8.954141616821289,1.438401699066162,-115.48,0,1,180,1.624,1.0,1.0,0.8013,0.3,0.3,0.3205,9999.5638,1.2333
99.801,2,NAVIGATE,-2.1472,11.1089,-1.9532,1.2163,0.5598,0.4007,1.3163,0.5598,1.4304,0.0,12.0,2.3248,8.93792724609375,1.4575092792510986,-112.73,0,1,180,1.521,1.0,1.0,0.9536,0.3,0.3,0.3814,9999.5173,1.2691
99.851,2,NAVIGATE,-2.0869,11.139,-1.9518,1.2199,0.5533,0.3987,1.3199,0.5533,1.4312,0.0,12.0,2.2575,8.923090934753418,1.4762179851531982,-112.98,0,1,180,1.546,1.0,1.0,0.9541,0.3,0.3,0.3816,9999.5833,1.2864
99.901,2,NAVIGATE,-2.0386,11.1656,-1.9501,1.2195,0.5482,0.3972,1.1195,0.4482,1.2059,0.0,12.0,2.2027,8.886225700378418,1.5160157680511475,-114.48,0,1,180,1.568,1.0,1.0,0.8039,0.3,0.3,0.3216,9999.3433,1.3056
99.951,2,NAVIGATE,-1.9805,11.1966,-1.9487,1.223,0.5443,0.3957,1.123,0.4443,1.2078,0.0,12.0,2.1373,8.869945526123047,1.5337942838668823,-113.23,0,1,180,1.745,1.0,1.0,0.8051,0.3,0.3,0.3221,9999.2965,1.3237
100.002,2,NAVIGATE,-1.9224,11.2263,-1.9474,1.2295,0.5418,0.3942,1.3295,0.5418,1.4357,0.0,12.0,2.0723,8.848031044006348,1.5520658493041992,-114.73,0,1,180,1.922,1.0,1.0,0.9571,0.3,0.3,0.3828,9999.3059,1.3616
100.051,2,NAVIGATE,-1.874,11.2502,-1.9462,1.2319,0.5377,0.3929,1.3319,0.5377,1.4364,0.0,12.0,2.0185,8.805838584899902,1.5899899005889893,-112.23,0,1,180,1.741,1.0,1.0,0.9576,0.3,0.3,0.383,9999.8384,1.3993
100.101,2,NAVIGATE,-1.8157,11.2781,-1.9455,1.2319,0.531,0.3916,1.3319,0.531,1.4339,0.0,12.0,1.954,8.786490440368652,1.6080108880996704,-110.98,0,1,180,1.713,1.0,1.0,0.9559,0.3,0.3,0.3824,9999.399,1.4144
100.151,2,NAVIGATE,-1.7644,11.2986,-1.9452,1.2353,0.5253,0.3904,1.2353,0.5253,1.3424,0.0,12.0,1.8987,8.766188621520996,1.6249192953109741,-112.23,0,1,180,1.852,0.9997,1.0,0.8947,0.2999,0.3,0.3579,9999.3545,1.4312
100.201,2,NAVIGATE,-1.7021,11.3224,-1.9452,1.243,0.5198,0.3891,1.043,0.4198,1.1243,0.0,12.0,1.832,8.721569061279297,1.6632827520370483,-111.98,0,1,180,1.638,1.0,1.0,0.7495,0.3,0.3,0.2998,9999.2861,1.4482
100.251,2,NAVIGATE,-1.6502,11.3421,-1.9454,1.2517,0.5166,0.3879,1.3517,0.5166,1.4471,0.0,12.0,1.7765,8.703377723693848,1.6804423332214355,-112.23,0,1,180,1.762,0.9999,1.0,0.9646,0.3,0.3,0.3858,9999.4739,1.4848
100.301,2,NAVIGATE,-1.5882,11.3671,-1.9486,1.2604,0.5139,0.3863,1.3604,0.5139,1.4542,0.0,12.0,1.7097,8.667186737060547,1.7150121927261353,-111.48,0,1,180,1.653,0.9998,1.0,0.9693,0.3,0.3,0.3877,9999.4831,1.5184
100.351,2,NAVIGATE,-1.5263,11.3921,-1.9523,1.2603,0.5087,0.385,1.2603,0.5087,1.3591,0.0,12.0,1.6429,8.646174430847168,1.7339684963226318,-111.23,0,1,180,1.973,1.0,1.0,0.9061,0.3,0.3,0.3624,9999.7175,1.5357
100.401,2,NAVIGATE,-1.4749,11.413,-1.9556,1.262,0.5052,0.384,1.262,0.5052,1.3593,0.0,12.0,1.5875,8.627008438110352,1.7504496574401855,-112.98,0,1,180,1.621,1.0,1.0,0.9062,0.3,0.3,0.3625,9999.4459,1.5532
100.451,2,NAVIGATE,-1.4132,11.4388,-1.96,1.2669,0.5028,0.3828,1.1669,0.5028,1.2706,0.0,12.0,1.5205,8.587753295898438,1.7845191955566406,-112.48,0,1,180,1.723,0.9996,1.0,0.8467,0.2999,0.3,0.3387,9999.4014,1.5862
100.502,2,NAVIGATE,-1.3513,11.4642,-1.9638,1.2724,0.5008,0.3816,1.3724,0.5008,1.4609,0.0,12.0,1.4537,8.56372356414795,1.8033522367477417,-109.98,0,1,180,1.782,0.9996,1.0,0.9736,0.2999,0.3,0.3894,9999.5119,1.6054
100.551,2,NAVIGATE,-1.3005,11.4856,-1.9666,1.2761,0.4994,0.3807,1.2761,0.4994,1.3703,0.0,12.0,1.3985,8.545926094055176,1.820792317390442,-111.98,0,1,180,1.754,1.0,1.0,0.9135,0.3,0.3,0.3654,9999.6837,1.6216
100.601,2,NAVIGATE,-1.2427,11.513,-1.9694,1.276,0.4983,0.3796,1.276,0.4983,1.3698,0.0,12.0,1.3347,8.502483367919922,1.853452205657959,-110.98,0,1,180,1.631,1.0,1.0,0.9132,0.3,0.3,0.3653,9999.5712,1.6563
100.651,2,NAVIGATE,-1.1844,11.5398,-1.972,1.2785,0.4975,0.3787,1.1785,0.4975,1.2792,0.0,12.0,1.2707,8.476785659790039,1.8725261688232422,-111.48,0,1,180,1.699,0.9996,1.0,0.8524,0.2999,0.3,0.341,9999.5846,1.6748
100.701,2,NAVIGATE,-1.1344,11.5615,-1.9749,1.2813,0.4964,0.3779,1.1813,0.3964,1.2461,0.0,12.0,1.2162,8.430801391601562,1.9055794477462769,-111.23,0,1,180,1.66,0.999,1.0,0.8299,0.2997,0.3,0.3319,9999.3205,1.6926
100.751,2,NAVIGATE,-1.0733,11.587,-1.9787,1.2852,0.4949,0.3768,1.0852,0.3949,1.1548,0.0,12.0,1.15,8.40831470489502,1.9220190048217773,-111.73,0,1,180,1.638,0.9998,1.0,0.7697,0.2999,0.3,0.3079,9999.7688,1.7143
100.801,2,NAVIGATE,-1.012,11.6121,-1.9819,1.2864,0.4929,0.3758,1.2864,0.4929,1.3776,0.0,12.0,1.0838,8.3837308883667,1.9407860040664673,-111.98,0,1,180,1.675,1.0,1.0,0.9184,0.3,0.3,0.3674,9999.5201,1.7623
100.851,2,NAVIGATE,-0.9579,11.6345,-1.981,1.2859,0.4899,0.375,1.1859,0.4899,1.2831,0.0,12.0,1.0252,8.339020729064941,1.9768972396850586,-114.23,0,1,180,1.492,0.9996,1.0,0.8551,0.2999,0.3,0.342,9999.462,1.799
100.902,2,NAVIGATE,-0.8936,11.6607,-1.9803,1.2807,0.4836,0.3741,1.0807,0.3836,1.1468,0.0,12.0,0.9558,8.313946723937988,1.9953360557556152,-115.48,0,1,180,2.622,0.9998,1.0,0.7643,0.2999,0.3,0.3057,9999.3729,1.7998
100.951,2,NAVIGATE,-0.83,11.6863,-1.9798,1.278,0.4784,0.373,1.078,0.3784,1.1425,0.0,12.0,0.8874,8.291287422180176,2.015690803527832,-116.73,0,1,180,1.572,0.9997,1.0,0.7614,0.2999,0.3,0.3046,9999.3956,1.827
101.001,2,NAVIGATE,-0.7783,11.7075,-1.9793,1.2756,0.4751,0.3719,1.2756,0.4751,1.3612,0.0,12.0,0.8314,8.2490816116333,2.0579564571380615,-118.99,0,1,180,1.691,1.0,1.0,0.9075,0.3,0.3,0.363,9999.3043,1.9002
101.051,2,NAVIGATE,-0.7165,11.7325,-1.9789,1.2693,0.4696,0.3706,1.1693,0.4696,1.26,0.0,12.0,0.7648,8.2306489944458,2.080155372619629,-119.99,0,1,180,1.883,0.9997,1.0,0.8398,0.2999,0.3,0.3359,9999.2611,1.9224
101.102,2,NAVIGATE,-0.6659,11.753,-1.9788,1.2619,0.4639,0.3696,1.0619,0.3639,1.1225,0.0,12.0,0.7103,8.20747184753418,2.1012823581695557,-120.74,0,1,180,1.915,0.9997,1.0,0.7481,0.2999,0.3,0.2992,9999.1192,1.9293
101.151,2,NAVIGATE,-0.6179,11.7734,-1.9793,1.2575,0.4598,0.3685,1.0575,0.3598,1.117,0.0,12.0,0.6581,8.171748161315918,2.148144483566284,-122.49,0,1,180,1.774,0.9997,1.0,0.7445,0.2999,0.3,0.2978,9999.2475,1.9771
101.201,2,NAVIGATE,-0.56,11.7974,-1.9798,1.2535,0.4562,0.367,1.3535,0.4562,1.4284,0.0,12.0,0.5955,8.152305603027344,2.171708822250366,-123.49,0,1,180,1.658,0.9998,1.0,0.952,0.2999,0.3,0.3808,9998.7348,2.0472
101.252,2,NAVIGATE,-0.5015,11.8233,-1.9833,1.2467,0.4519,0.3655,1.2467,0.4519,1.3261,0.0,12.0,0.5318,8.133406639099121,2.200256586074829,-124.74,0,1,180,1.696,1.0,1.0,0.884,0.3,0.3,0.3536,9998.8764,2.0578
101.351,2,RETURN_HOME,-0.3937,11.8724,-1.9939,1.2383,0.4442,0.3626,1.4383,0.2442,1.4589,0.0,0.0,11.8789,8.084854125976562,2.273175001144409,-126.99,0,1,180,1.812,-0.1346,1.0,0.4863,-0.0404,0.3,0.1945,0.4541,2.0875
101.401,2,RETURN_HOME,-0.3344,11.8953,-1.9978,1.2384,0.4429,0.3593,1.4384,0.2429,1.4588,0.0,0.0,11.9,8.058188438415527,2.328881025314331,-128.74,0,1,180,1.6,-0.1387,1.0,0.4863,-0.0416,0.3,0.1945,0.4529,2.1023
101.451,2,RETURN_HOME,-0.2848,11.9132,-1.9991,1.2402,0.4434,0.3506,1.4402,0.2434,1.4606,0.0,0.0,11.9166,8.067063331604004,2.3526313304901123,-129.24,0,1,180,1.454,-0.143,1.0,0.4869,-0.0429,0.3,0.1947,0.4518,2.1086
101.502,2,RETURN_HOME,-0.2249,11.9346,-1.9971,1.2495,0.4435,0.3321,1.4495,0.2435,1.4698,0.0,0.0,11.9367,8.13736629486084,2.37819504737854,-129.75,0,1,180,1.832,-0.1471,1.0,0.4899,-0.0441,0.3,0.196,0.4519,2.1296
101.551,2,RETURN_HOME,-0.1746,11.9533,-1.9948,1.262,0.4434,0.3103,1.462,0.2434,1.4821,0.0,0.0,11.9546,8.49247932434082,2.436964273452759,-130.0,0,1,180,1.553,-0.1498,1.0,0.494,-0.0449,0.3,0.1976,0.4527,2.1434
101.601,2,RETURN_HOME,-0.1135,11.9756,-1.9886,1.2807,0.4416,0.2772,1.3807,0.2416,1.4017,0.0,0.0,11.9761,8.771223068237305,2.463691234588623,-129.75,0,1,180,1.788,-0.163,1.0,0.4672,-0.0489,0.3,0.1869,0.438,2.1598
101.651,2,RETURN_HOME,-0.051,11.9979,-1.9798,1.3025,0.4369,0.2369,1.4025,0.2369,1.4224,0.0,0.0,11.998,9.001160621643066,2.486297130584717,-128.99,0,1,180,1.529,-0.1624,1.0,0.4741,-0.0487,0.3,0.1896,0.4409,2.1653
101.702,2,RETURN_HOME,0.0033,12.0175,-1.9719,1.3218,0.4307,0.1983,1.4218,0.2307,1.4404,0.0,0.0,12.0175,8.875762939453125,2.5056402683258057,-80.45,0,1,180,1.897,-0.1605,1.0,0.4801,-0.0481,0.3,0.1921,0.4439,2.1592
101.751,2,RETURN_HOME,0.0692,12.0402,-1.9606,1.3425,0.4194,0.1465,1.4425,0.2194,1.4591,0.0,0.0,12.0404,8.82010555267334,2.4993488788604736,-79.7,0,1,180,1.581,-0.1561,1.0,0.4864,-0.0468,0.3,0.1945,0.4477,2.1652
101.801,2,RETURN_HOME,0.1359,12.0612,-1.9472,1.3602,0.4042,0.0891,1.4602,0.2042,1.4744,0.0,0.0,12.062,8.774027824401855,2.492766857147217,-78.95,0,1,180,1.605,-0.1497,1.0,0.4915,-0.0449,0.3,0.1966,0.4517,2.1715
101.851,2,RETURN_HOME,0.1919,12.0772,-1.9342,1.3729,0.3894,0.0374,1.4729,0.1894,1.4851,0.0,0.0,12.0787,8.678457260131836,2.47795033454895,-76.2,0,1,180,1.678,-0.1433,1.0,0.495,-0.043,0.3,0.198,0.455,2.1612
101.901,2,RETURN_HOME,0.2483,12.0924,-1.9211,1.3843,0.3737,-0.0176,1.4843,0.1737,1.4944,0.0,0.0,12.095,8.633247375488281,2.475895881652832,-74.69,0,1,180,1.605,-0.1366,1.0,0.4981,-0.041,0.3,0.1993,0.4583,2.1615
101.952,2,RETURN_HOME,0.3151,12.1093,-1.9047,1.3962,0.3545,-0.0879,1.3962,0.1545,1.4047,0.0,0.0,12.1134,8.588991165161133,2.468543529510498,-73.44,0,1,180,2.09,-0.1358,1.0,0.4682,-0.0407,0.3,0.1873,0.4465,2.1673
102.001,2,RETURN_HOME,0.3811,12.1249,-1.8878,1.4072,0.3357,-0.1628,1.4072,0.1357,1.4138,0.0,0.0,12.1309,8.495624542236328,2.451986074447632,-69.94,0,1,180,1.106,-0.1272,1.0,0.4713,-0.0382,0.3,0.1885,0.4503,2.1503
102.051,2,RETURN_HOME,0.4368,12.1373,-1.8738,1.4167,0.321,-0.2288,1.4167,0.121,1.4219,0.0,0.0,12.1451,8.450202941894531,2.4511852264404297,-67.94,0,1,180,1.094,-0.1209,1.0,0.474,-0.0363,0.3,0.1896,0.4533,2.1505
102.101,2,RETURN_HOME,0.504,12.1531,-1.855,1.4265,0.3043,-0.3121,1.4265,0.1043,1.4303,0.0,0.0,12.1635,8.41430950164795,2.445328950881958,-65.94,0,1,180,1.422,-0.1142,1.0,0.4768,-0.0343,0.3,0.1907,0.4565,2.1595
102.151,2,RETURN_HOME,0.5605,12.1661,-1.839,1.4336,0.2902,-0.3847,1.4336,0.0902,1.4365,0.0,0.0,12.179,8.414538383483887,2.4370298385620117,-61.43,0,1,180,1.106,-0.1087,1.0,0.4788,-0.0326,0.3,0.1915,0.4589,2.1415
102.2,2,RETURN_HOME,0.6288,12.1805,-1.8205,1.4412,0.2727,-0.4755,1.4412,0.0727,1.4431,0.0,0.0,12.1968,8.462759971618652,2.4315450191497803,-59.18,0,1,180,1.005,-0.1018,1.0,0.481,-0.0305,0.3,0.1924,0.4619,2.1471
102.251,2,RETURN_HOME,0.6926,12.193,-1.803,1.4464,0.2538,-0.5703,1.4464,0.0538,1.4474,0.0,0.0,12.2126,8.68325424194336,2.425647497177124,-53.67,0,1,180,1.171,-0.0938,1.0,0.4825,-0.0281,0.3,0.193,0.4648,2.1357
102.3,2,RETURN_HOME,0.7458,12.2024,-1.7889,1.4504,0.2374,-0.6524,1.4504,0.0374,1.4509,0.0,0.0,12.2252,8.858991622924805,2.4229888916015625,-51.17,0,1,180,1.071,-0.0867,1.0,0.4836,-0.026,0.3,0.1934,0.4674,2.1398
102.35,2,RETURN_HOME,0.8105,12.2124,-1.7737,1.4551,0.2157,-0.7538,1.4551,0.0157,1.4551,0.0,0.0,12.2393,9.090707778930664,2.419957160949707,-48.17,0,1,180,0.994,-0.077,1.0,0.485,-0.0231,0.3,0.194,0.4709,2.1474
102.401,2,RETURN_HOME,0.8756,12.219,-1.765,1.4593,0.1901,-0.8564,1.4593,-0.0099,1.4594,0.0,0.0,12.2503,9.812816619873047,2.4172420501708984,-41.91,0,1,180,1.476,-0.0647,1.0,0.4865,-0.0194,0.3,0.1946,0.4752,2.1329
102.45,2,RETURN_HOME,0.9305,12.2237,-1.761,1.4629,0.1662,-0.9413,1.4629,-0.0338,1.4633,0.0,0.0,12.259,10.284187316894531,2.417249917984009,-39.16,0,1,180,1.104,-0.0529,1.0,0.4878,-0.0159,0.3,0.1951,0.4792,2.1344
102.501,2,RETURN_HOME,0.9966,12.2264,-1.7604,1.4663,0.1357,-1.0408,1.4663,-0.0643,1.4677,0.0,0.0,12.2669,10.016277313232422,2.416105270385742,-36.16,0,1,180,1.082,-0.0375,1.0,0.4892,-0.0113,0.3,0.1957,0.4844,2.1388
102.55,2,RETURN_HOME,1.0627,12.2246,-1.7629,1.4681,0.105,-1.1367,1.4681,-0.095,1.4712,0.0,0.0,12.2707,2.558762311935425,2.417025327682495,-29.65,0,1,180,1.031,-0.0221,1.0,0.4904,-0.0066,0.3,0.1962,0.4895,2.1209
102.601,2,RETURN_HOME,1.1183,12.2228,-1.7677,1.4686,0.0813,-1.2128,1.4686,-0.1187,1.4734,0.0,0.0,12.2738,2.5091700553894043,2.4177298545837402,-24.4,0,1,180,1.104,-0.0106,1.0,0.4911,-0.0032,0.3,0.1965,0.4933,2.119
102.65,2,RETURN_HOME,1.1881,12.2192,-1.7773,1.469,0.0547,-1.299,1.469,-0.1453,1.4762,0.0,0.0,12.2768,2.4472012519836426,2.4174909591674805,-17.89,0,1,180,1.087,0.0017,1.0,0.4921,0.0005,0.3,0.1968,0.4973,2.0689
102.701,2,RETURN_HOME,1.2475,12.2154,-1.7868,1.4691,0.0339,-1.3659,1.4691,-0.1661,1.4784,0.0,0.0,12.2789,2.4300763607025146,2.4196784496307373,-14.39,0,1,180,1.369,0.0108,1.0,0.4928,0.0032,0.3,0.1971,0.5004,2.068
102.75,2,RETURN_HOME,1.3187,12.2106,-1.799,1.4683,0.0108,-1.4399,1.4683,-0.1892,1.4805,0.0,0.0,12.2816,2.421290874481201,2.41879940032959,-11.64,0,1,180,1.04,0.0206,1.0,0.4935,0.0062,0.3,0.1974,0.5036,2.0735
102.8,2,RETURN_HOME,1.3765,12.2058,-1.8076,1.4668,-0.0077,-1.4962,1.4668,-0.2077,1.4814,0.0,0.0,12.2832,2.4208996295928955,2.4208996295928955,-8.88,0,1,180,1.026,0.0284,1.0,0.4938,0.0085,0.3,0.1975,0.506,2.0685
102.851,2,RETURN_HOME,1.4342,12.2007,-1.8159,1.4649,-0.0254,-1.5475,1.4649,-0.2254,1.4821,0.0,0.0,12.2847,2.422363042831421,2.422363042831421,-3.63,0,1,180,1.078,0.0357,1.0,0.494,0.0107,0.3,0.1976,0.5083,2.0169
102.9,2,RETURN_HOME,1.5035,12.1943,-1.8259,1.4625,-0.0459,-1.6023,1.4625,-0.2459,1.483,0.0,0.0,12.2866,2.421729326248169,2.421729326248169,-0.38,0,1,180,1.022,0.0439,1.0,0.4943,0.0132,0.3,0.1977,0.5109,2.0235
102.951,2,RETURN_HOME,1.5643,12.1885,-1.8316,1.4617,-0.0622,-1.6423,1.4617,-0.2622,1.4851,0.0,0.0,12.2885,2.422152042388916,2.422152042388916,1.88,0,1,180,1.452,0.0498,1.0,0.495,0.0149,0.3,0.198,0.513,2.0225
103.0,2,RETURN_HOME,1.6377,12.1812,-1.8379,1.4611,-0.0812,-1.6839,1.4611,-0.2812,1.4879,0.0,0.0,12.2908,2.4207193851470947,2.4207193851470947,5.38,0,1,180,1.082,0.0565,1.0,0.496,0.0169,0.3,0.1984,0.5153,1.9911
103.051,2,RETURN_HOME,1.6985,12.1749,-1.8434,1.4605,-0.0969,-1.7132,1.4605,-0.2969,1.4904,0.0,0.0,12.2928,2.4214560985565186,2.4214560985565186,8.38,0,1,180,1.062,0.0619,1.0,0.4968,0.0186,0.3,0.1987,0.5173,1.992
103.101,2,RETURN_HOME,1.7739,12.1676,-1.8486,1.4614,-0.1157,-1.7424,1.4614,-0.3157,1.4951,0.0,0.0,12.2962,2.419210433959961,2.419210433959961,7.13,0,1,180,1.458,0.0679,1.0,0.4984,0.0204,0.3,0.1993,0.5197,1.9953
103.15,2,RETURN_HOME,1.8486,12.1598,-1.8547,1.4624,-0.1345,-1.7654,1.3624,-0.3345,1.4029,0.0,0.0,12.2995,2.4158058166503906,2.415698528289795,10.13,0,1,180,1.016,0.0898,1.0,0.4676,0.0269,0.3,0.187,0.514,1.9569
103.201,2,RETURN_HOME,1.9104,12.1527,-1.8616,1.4636,-0.1502,-1.7802,1.3636,-0.3502,1.4078,0.0,0.0,12.302,2.4143004417419434,2.412271738052368,11.14,0,1,180,1.094,0.0953,1.0,0.4693,0.0286,0.3,0.1877,0.5163,1.9536
103.251,2,RETURN_HOME,1.9833,12.144,-1.8753,1.4647,-0.1685,-1.793,1.3647,-0.3685,1.4136,0.0,0.0,12.3049,2.412882089614868,2.4109394550323486,13.39,0,1,180,1.07,0.1017,1.0,0.4712,0.0305,0.3,0.1885,0.519,1.9596
103.301,2,RETURN_HOME,2.0438,12.1363,-1.8869,1.4642,-0.1834,-1.8,1.3642,-0.3834,1.417,0.0,0.0,12.3071,2.4067578315734863,2.401772975921631,13.14,0,1,180,1.392,0.1069,1.0,0.4723,0.0321,0.3,0.1889,0.521,1.9617
103.351,2,RETURN_HOME,2.1167,12.1271,-1.9001,1.4618,-0.2004,-1.8047,1.3618,-0.4004,1.4194,0.0,0.0,12.3105,2.40394926071167,2.399111032485962,12.39,0,1,180,1.175,0.1129,1.0,0.4731,0.0339,0.3,0.1893,0.5231,1.9504
103.401,2,RETURN_HOME,2.1782,12.1201,-1.9101,1.4589,-0.2138,-1.8059,1.3589,-0.4138,1.4205,0.0,0.0,12.3143,2.4004197120666504,2.394011974334717,14.64,0,1,180,1.299,0.1175,1.0,0.4735,0.0353,0.3,0.1894,0.5247,1.9555
103.45,2,RETURN_HOME,2.2512,12.1108,-1.9215,1.4546,-0.2297,-1.8046,1.3546,-0.4297,1.4211,0.0,0.0,12.3183,2.389115810394287,2.38309645652771,15.14,0,1,180,1.039,0.1231,1.0,0.4737,0.0369,0.3,0.1895,0.5264,1.9547
103.501,2,RETURN_HOME,2.3102,12.1009,-1.9287,1.4496,-0.2437,-1.8018,1.3496,-0.4437,1.4207,0.0,0.0,12.3194,2.383964776992798,2.377735137939453,13.39,0,1,180,1.411,0.1286,1.0,0.4736,0.0386,0.3,0.1894,0.528,1.9592
103.551,2,RETURN_HOME,2.3793,12.0872,-1.9356,1.4432,-0.2608,-1.7966,1.3432,-0.4608,1.42,0.0,0.0,12.3192,2.376985788345337,2.3699676990509033,12.39,0,1,180,1.155,0.1357,1.0,0.4733,0.0407,0.3,0.1893,0.5301,1.9626
103.601,2,RETURN_HOME,2.4367,12.0755,-1.9412,1.4381,-0.275,-1.7913,1.3381,-0.475,1.42,0.0,0.0,12.3189,2.360419750213623,2.359767436981201,10.13,0,1,180,1.14,0.1415,1.0,0.4733,0.0425,0.3,0.1893,0.5318,1.9587
103.651,2,RETURN_HOME,2.5027,12.0622,-1.9475,1.4316,-0.2912,-1.7838,1.3316,-0.4912,1.4193,0.0,0.0,12.3191,2.3573038578033447,2.3573038578033447,8.13,0,1,180,1.138,0.1483,1.0,0.4731,0.0445,0.3,0.1892,0.5337,1.9583
103.701,2,RETURN_HOME,2.5675,12.0486,-1.9535,1.4252,-0.3073,-1.7754,1.3252,-0.5073,1.419,0.0,0.0,12.3191,2.347785234451294,2.347785234451294,6.13,0,1,180,1.163,0.155,1.0,0.473,0.0465,0.3,0.1892,0.5357,1.9682
103.751,2,RETURN_HOME,2.6217,12.0366,-1.9583,1.4207,-0.3208,-1.768,1.3207,-0.5208,1.4197,0.0,0.0,12.3188,2.345107316970825,2.345107316970825,4.38,0,1,180,1.181,0.1605,1.0,0.4732,0.0481,0.3,0.1893,0.5374,1.9695
103.801,2,RETURN_HOME,2.687,12.0213,-1.958,1.416,-0.3377,-1.7591,1.316,-0.5377,1.4216,0.0,0.0,12.318,2.342956066131592,2.342956066131592,2.63,0,1,180,1.147,0.1672,1.0,0.4739,0.0501,0.3,0.1896,0.5397,1.9708
103.85,2,RETURN_HOME,2.7416,12.0079,-1.9583,1.4126,-0.3521,-1.7517,1.3126,-0.5521,1.424,0.0,0.0,12.3169,2.3387954235076904,2.3387954235076904,-0.13,0,1,180,1.06,0.1728,1.0,0.4747,0.0518,0.3,0.1899,0.5417,1.986
103.901,2,RETURN_HOME,2.8076,11.991,-1.9583,1.409,-0.3697,-1.7433,1.309,-0.5697,1.4276,0.0,0.0,12.3153,2.341087579727173,2.341087579727173,-1.63,0,1,180,1.095,0.1795,1.0,0.4759,0.0539,0.3,0.1903,0.5442,1.9914
103.95,2,RETURN_HOME,2.8752,11.9736,-1.955,1.4061,-0.3873,-1.7355,1.3061,-0.5873,1.4321,0.0,0.0,12.314,2.340588092803955,2.340588092803955,-3.13,0,1,180,1.054,0.1858,1.0,0.4774,0.0558,0.3,0.1909,0.5467,1.9724
104.001,2,RETURN_HOME,2.9315,11.9584,-1.9531,1.4037,-0.4023,-1.7298,1.3037,-0.6023,1.4361,0.0,0.0,12.3124,2.3393919467926025,2.3393919467926025,-5.88,0,1,180,1.411,0.1912,1.0,0.4787,0.0574,0.3,0.1915,0.5488,1.8765
104.05,2,RETURN_HOME,3.0004,11.9388,-1.9513,1.4012,-0.4208,-1.724,1.3012,-0.6208,1.4417,0.0,0.0,12.31,2.341187000274658,2.341187000274658,-7.38,0,1,180,1.003,0.1976,1.0,0.4806,0.0593,0.3,0.1922,0.5515,1.8369
104.101,2,RETURN_HOME,3.06,11.9211,-1.9498,1.4,-0.4369,-1.72,1.3,-0.6369,1.4476,0.0,0.0,12.3076,2.3456521034240723,2.3456521034240723,-8.88,0,1,180,1.61,0.2029,1.0,0.4825,0.0609,0.3,0.193,0.5539,1.7952
104.152,2,RETURN_HOME,3.119,11.9029,-1.949,1.3984,-0.453,-1.7169,1.2984,-0.653,1.4534,0.0,0.0,12.3047,2.513517379760742,2.352163553237915,-11.64,0,1,180,1.932,0.2081,1.0,0.4845,0.0624,0.3,0.1938,0.5562,1.7063
104.202,2,RETURN_HOME,3.1901,11.8813,-1.9488,1.3964,-0.472,-1.7145,1.2964,-0.672,1.4602,0.0,0.0,12.3021,2.690124750137329,2.3554461002349854,-12.89,0,1,180,2.011,0.2142,1.0,0.4867,0.0643,0.3,0.1947,0.559,1.6603
104.251,2,RETURN_HOME,3.2494,11.8635,-1.9492,1.3946,-0.4875,-1.7134,1.2946,-0.6875,1.4658,0.0,0.0,12.3005,2.8426554203033447,2.359457015991211,-14.14,0,1,180,1.702,0.2191,1.0,0.4886,0.0657,0.3,0.1954,0.5612,1.6241
104.302,2,RETURN_HOME,3.32,11.8411,-1.9504,1.3919,-0.5061,-1.7134,1.2919,-0.7061,1.4723,0.0,0.0,12.2977,3.1342389583587646,2.3682265281677246,-16.39,0,1,180,1.752,0.2249,1.0,0.4908,0.0675,0.3,0.1963,0.5638,1.5374
104.351,2,RETURN_HOME,3.3897,11.8162,-1.9519,1.3889,-0.5251,-1.7147,1.2889,-0.7251,1.4788,0.0,0.0,12.2928,3.2889068126678467,2.373774766921997,-17.64,0,1,180,1.569,0.231,1.0,0.4929,0.0693,0.3,0.1972,0.5665,1.4967
104.402,2,RETURN_HOME,3.4474,11.7943,-1.9536,1.3861,-0.5412,-1.7166,1.2861,-0.7412,1.4844,0.0,0.0,12.2878,3.419675588607788,2.3844470977783203,-18.89,0,1,180,2.087,0.2362,1.0,0.4948,0.0709,0.3,0.1979,0.5688,1.4563
104.451,2,RETURN_HOME,3.516,11.7671,-1.9561,1.3825,-0.5605,-1.72,1.2825,-0.7605,1.4911,0.0,0.0,12.2812,6.041934967041016,2.398057222366333,-20.89,0,1,180,1.563,0.2425,1.0,0.497,0.0727,0.3,0.1988,0.5715,1.3788
104.502,2,RETURN_HOME,3.5824,11.7392,-1.9559,1.3782,-0.5795,-1.7245,1.2782,-0.7795,1.4971,0.0,0.0,12.2737,6.0348968505859375,2.4054975509643555,-21.9,0,1,180,1.848,0.2488,1.0,0.499,0.0746,0.3,0.1996,0.5743,1.3408
104.551,2,RETURN_HOME,3.6371,11.7154,-1.956,1.3743,-0.5952,-1.7291,1.1743,-0.7952,1.4182,0.0,0.0,12.267,6.022507190704346,2.4229512214660645,-23.65,0,1,180,1.477,0.29,1.0,0.4727,0.087,0.3,0.1891,0.5761,1.5667
104.601,2,RETURN_HOME,3.7022,11.6865,-1.9558,1.3696,-0.6139,-1.7355,1.1696,-0.8139,1.4249,0.0,0.0,12.2589,6.0161519050598145,2.4294190406799316,-24.4,0,1,180,1.544,0.2966,1.0,0.475,0.089,0.3,0.19,0.579,1.5322
104.651,2,RETURN_HOME,3.7653,11.6591,-1.9524,1.3631,-0.6316,-1.7426,1.1631,-0.8316,1.4298,0.0,0.0,12.252,6.009364128112793,2.4426794052124023,-25.4,0,1,180,1.821,0.3035,1.0,0.4766,0.0911,0.3,0.1906,0.5817,1.4994
104.701,2,RETURN_HOME,3.8073,11.6401,-1.9509,1.3574,-0.6438,-1.7477,1.1574,-0.8438,1.4324,0.0,0.0,12.247,6.003410816192627,2.4526917934417725,-26.15,0,1,180,1.674,0.3087,1.0,0.4775,0.0926,0.3,0.191,0.5836,1.4733
104.752,2,RETURN_HOME,3.8799,11.6048,-1.9491,1.345,-0.6659,-1.7573,1.145,-0.8659,1.4356,0.0,0.0,12.2363,5.989421367645264,2.47127628326416,-27.65,0,1,180,1.936,0.3192,1.0,0.4785,0.0958,0.3,0.1914,0.5872,1.4286
104.802,2,RETURN_HOME,3.9305,11.5773,-1.948,1.3343,-0.6828,-1.7645,1.1343,-0.8828,1.4373,0.0,0.0,12.2263,5.98146915435791,2.486865520477295,-28.4,0,1,180,1.893,0.3279,1.0,0.4791,0.0984,0.3,0.1916,0.59,1.4133
104.851,2,RETURN_HOME,3.981,11.5492,-1.9477,1.323,-0.6995,-1.7721,1.123,-0.8995,1.4388,0.0,0.0,12.2161,5.975549221038818,2.501455545425415,-29.15,0,1,180,1.771,0.3367,1.0,0.4796,0.101,0.3,0.1918,0.5928,1.4008
104.903,2,RETURN_HOME,4.0409,11.5161,-1.9499,1.3089,-0.7188,-1.7816,1.1089,-0.9188,1.4401,0.0,0.0,12.2045,5.961218357086182,2.5230624675750732,-30.4,0,1,180,2.779,0.3471,1.0,0.48,0.1041,0.3,0.192,0.5961,1.3688
104.952,2,RETURN_HOME,4.0904,11.4888,-1.9535,1.2969,-0.7345,-1.7897,1.0969,-0.9345,1.441,0.0,0.0,12.1953,5.9525532722473145,2.5413434505462646,-31.15,0,1,180,2.791,0.3556,1.0,0.4803,0.1067,0.3,0.1921,0.5988,1.3562
105.001,2,RETURN_HOME,4.1496,11.4549,-1.958,1.283,-0.7533,-1.7995,1.083,-0.9533,1.4428,0.0,0.0,12.1833,5.938278675079346,2.56494402885437,-32.41,0,1,180,1.966,0.3656,1.0,0.4809,0.1097,0.3,0.1924,0.6021,1.3243
105.051,2,RETURN_HOME,4.2069,11.42,-1.9638,1.2686,-0.7725,-1.8093,1.0686,-0.9725,1.4449,0.0,0.0,12.1702,5.930606842041016,2.5815234184265137,-33.16,0,1,180,1.863,0.3759,1.0,0.4816,0.1128,0.3,0.1927,0.6054,1.3161
105.102,2,RETURN_HOME,4.2539,11.3901,-1.9689,1.2567,-0.7885,-1.8176,1.0567,-0.9885,1.447,0.0,0.0,12.1585,5.922049045562744,2.592106819152832,-33.66,0,1,180,1.844,0.3845,1.0,0.4823,0.1153,0.3,0.1929,0.6083,1.3032
105.151,2,RETURN_HOME,4.3008,11.3595,-1.9739,1.2451,-0.8045,-1.8259,1.0451,-1.0045,1.4495,0.0,0.0,12.1464,5.905181884765625,2.6173593997955322,-34.91,0,1,180,1.831,0.3928,1.0,0.4832,0.1178,0.3,0.1933,0.6111,1.2755
105.202,2,RETURN_HOME,4.3567,11.3212,-1.9765,1.231,-0.8242,-1.8357,1.031,-1.0242,1.4532,0.0,0.0,12.1306,5.896234512329102,2.636035680770874,-35.41,0,1,180,1.828,0.403,1.0,0.4844,0.1209,0.3,0.1938,0.6147,1.2676
105.251,2,RETURN_HOME,4.4123,11.2817,-1.9779,1.2169,-0.8443,-1.8454,1.0169,-1.0443,1.4576,0.0,0.0,12.1138,5.887110710144043,2.653106451034546,-35.91,0,1,180,1.559,0.4131,1.0,0.4859,0.1239,0.3,0.1943,0.6183,1.2594
105.301,2,RETURN_HOME,4.4585,11.2479,-1.9792,1.2052,-0.861,-1.8533,1.0052,-1.061,1.4616,0.0,0.0,12.0993,5.871206760406494,2.6814963817596436,-37.16,0,1,180,1.707,0.4214,1.0,0.4872,0.1264,0.3,0.1949,0.6213,1.2304
105.351,2,RETURN_HOME,4.5042,11.2146,-1.9815,1.1938,-0.8767,-1.861,0.9938,-1.0767,1.4652,0.0,0.0,12.0853,5.8616204261779785,2.6997480392456055,-37.66,0,1,180,1.749,0.4291,1.0,0.4884,0.1287,0.3,0.1954,0.6241,1.2196
105.401,2,RETURN_HOME,4.5588,11.1737,-1.9845,1.1802,-0.8957,-1.8699,0.9802,-1.0957,1.4702,0.0,0.0,12.0679,5.850715160369873,2.714564800262451,-38.41,0,1,180,1.675,0.4382,1.0,0.4901,0.1315,0.3,0.196,0.6275,1.2118
105.451,2,RETURN_HOME,4.6041,11.1387,-1.987,1.1687,-0.9118,-1.8772,0.9687,-1.1118,1.4746,0.0,0.0,12.0527,5.842367172241211,2.73003888130188,-38.91,0,1,180,1.558,0.4458,1.0,0.4915,0.1337,0.3,0.1966,0.6304,1.2045
105.501,2,RETURN_HOME,4.6576,11.0943,-1.9934,1.1541,-0.9322,-1.8857,0.9541,-1.1322,1.4806,0.0,0.0,12.0323,5.823475360870361,2.7685155868530273,-39.91,0,1,180,1.501,0.4556,1.0,0.4935,0.1367,0.3,0.1974,0.6341,1.1848
105.551,2,RETURN_HOME,4.702,11.0565,-1.9984,1.142,-0.9493,-1.8926,0.942,-1.1493,1.486,0.0,0.0,12.0148,5.810983180999756,2.7837347984313965,-40.66,0,1,180,1.464,0.4636,1.0,0.4953,0.1391,0.3,0.1981,0.6372,1.1801
105.601,2,RETURN_HOME,4.746,11.0181,-2.003,1.13,-0.9663,-1.8992,0.93,-1.1663,1.4917,0.0,0.0,11.9968,5.8032121658325195,2.7997665405273438,-41.16,0,1,180,1.525,0.4714,1.0,0.4972,0.1414,0.3,0.1989,0.6403,1.1765
105.652,2,RETURN_HOME,4.8027,10.9674,-2.0063,1.1175,-0.9881,-1.9071,0.9175,-1.0881,1.4233,0.0,0.0,11.9729,5.7814788818359375,2.83483624458313,-42.41,0,1,180,2.438,0.4417,1.0,0.4744,0.1325,0.3,0.1898,0.6223,1.1528
105.701,2,RETURN_HOME,4.8584,10.9162,-2.0094,1.1048,-1.0099,-1.9146,0.9048,-1.1099,1.432,0.0,0.0,11.9485,5.772125244140625,2.8549115657806396,-42.91,0,1,180,1.876,0.4512,1.0,0.4773,0.1354,0.3,0.1909,0.6263,1.1412
105.751,2,RETURN_HOME,4.9032,10.8732,-2.0134,1.0937,-1.0279,-1.9206,0.8937,-1.1279,1.4391,0.0,0.0,11.9276,5.759090900421143,2.87442946434021,-43.42,0,1,180,1.767,0.4592,1.0,0.4797,0.1378,0.3,0.1919,0.6296,1.1356
105.801,2,RETURN_HOME,4.9548,10.821,-2.0203,1.0799,-1.0466,-1.9274,0.8799,-1.1466,1.4453,0.0,0.0,11.9015,5.737772464752197,2.9064323902130127,-44.67,0,1,180,1.525,0.4679,1.0,0.4818,0.1404,0.3,0.1927,0.6331,1.1162
105.851,2,RETURN_HOME,4.9975,10.7772,-2.0255,1.0683,-1.0602,-1.9329,0.8683,-1.1602,1.4491,0.0,0.0,11.8795,5.7247090339660645,2.9308574199676514,-45.42,0,1,180,1.582,0.4742,1.0,0.483,0.1423,0.3,0.1932,0.6355,1.1118
105.902,2,RETURN_HOME,5.0396,10.7332,-2.0292,1.0566,-1.0721,-1.9384,0.8566,-1.1721,1.4518,0.0,0.0,11.8574,5.712779998779297,2.9505207538604736,-45.92,0,1,180,2.042,0.4801,1.0,0.4839,0.144,0.3,0.1936,0.6376,1.1119
105.951,2,RETURN_HOME,5.0894,10.6804,-2.0316,1.0422,-1.0852,-1.9447,0.8422,-1.1852,1.4539,0.0,0.0,11.831,5.689093589782715,2.988255023956299,-46.92,0,1,180,1.557,0.4867,1.0,0.4846,0.146,0.3,0.1939,0.6399,1.0955
106.001,2,RETURN_HOME,5.1386,10.6272,-2.0337,1.0277,-1.0979,-1.951,0.8277,-1.1979,1.456,0.0,0.0,11.8043,5.676936626434326,3.0111749172210693,-47.67,0,1,180,1.534,0.4932,1.0,0.4853,0.148,0.3,0.1941,0.6421,1.0981
106.051,2,RETURN_HOME,5.1806,10.5835,-2.0353,1.016,-1.108,-1.9562,0.816,-1.208,1.4578,0.0,0.0,11.7834,5.665408134460449,3.030665874481201,-48.17,0,1,180,1.966,0.4982,1.0,0.4859,0.1494,0.3,0.1944,0.6438,1.0969
106.101,2,RETURN_HOME,5.2311,10.5313,-2.037,1.0025,-1.12,-1.9623,0.8025,-1.22,1.4603,0.0,0.0,11.7589,5.642792224884033,3.0715978145599365,-49.17,0,1,180,1.602,0.5038,1.0,0.4904,0.1511,0.3,0.1962,0.6473,1.0814
106.151,2,RETURN_HOME,5.2726,10.4872,-2.0382,0.9911,-1.1305,-1.9673,0.7911,-1.2305,1.4628,0.0,0.0,11.738,5.6289191246032715,3.0921764373779297,-49.92,0,1,180,1.743,0.5086,1.0,0.496,0.1526,0.3,0.1984,0.651,1.0799
106.201,2,RETURN_HOME,5.3117,10.443,-2.0392,0.9791,-1.141,-1.9722,0.7791,-1.241,1.4653,0.0,0.0,11.7162,5.618118762969971,3.1128008365631104,-50.42,0,1,180,1.755,0.5138,1.0,0.5019,0.1541,0.3,0.2008,0.6549,1.0817
106.251,2,RETURN_HOME,5.3653,10.3802,-2.0404,0.9621,-1.1561,-1.9791,0.7621,-1.1561,1.3847,0.0,0.0,11.6849,5.595790386199951,3.1564743518829346,-51.42,0,1,180,1.574,0.489,1.0,0.4616,0.1467,0.3,0.1846,0.6313,1.0671
106.301,2,RETURN_HOME,5.4031,10.3347,-2.0411,0.9499,-1.1673,-1.9839,0.7499,-1.1673,1.3874,0.0,0.0,11.6619,5.583862781524658,3.1831514835357666,-51.92,0,1,180,2.014,0.4952,1.0,0.4625,0.1486,0.3,0.185,0.6335,1.0682
106.351,2,RETURN_HOME,5.4382,10.2892,-2.0495,0.9373,-1.1787,-1.9887,0.7373,-1.1787,1.3903,0.0,0.0,11.6379,5.5651984214782715,3.223773241043091,-52.92,0,1,180,1.799,0.5018,1.0,0.465,0.1505,0.3,0.186,0.6365,1.0569
106.401,2,RETURN_HOME,5.4801,10.2338,-2.0582,0.9225,-1.19,-1.9944,0.7225,-1.19,1.3921,0.0,0.0,11.6087,5.559958457946777,3.240595579147339,-53.67,0,1,180,1.592,0.5086,1.0,0.472,0.1526,0.3,0.1888,0.6414,1.0632
106.451,2,RETURN_HOME,5.5215,10.1781,-2.0652,0.9078,-1.1985,-1.9999,0.7078,-1.1985,1.3919,0.0,0.0,11.5794,5.552055835723877,3.2667548656463623,-54.18,0,1,180,1.554,0.5144,1.0,0.4773,0.1543,0.3,0.1909,0.6452,1.0704
106.502,2,RETURN_HOME,5.555,10.1327,-2.0693,0.8952,-1.2031,-2.0045,0.6952,-1.2031,1.3895,0.0,0.0,11.5555,5.549432754516602,3.313046932220459,-55.18,0,1,180,1.928,0.5187,1.0,0.4805,0.1556,0.3,0.1922,0.6478,1.0601
106.551,2,RETURN_HOME,5.595,10.0777,-2.0732,0.8801,-1.2079,-2.0101,0.6801,-1.2079,1.3862,0.0,0.0,11.5266,5.553875923156738,3.3338816165924072,-55.68,0,1,180,1.584,0.5237,1.0,0.484,0.1571,0.3,0.1936,0.6507,1.072
106.601,2,RETURN_HOME,5.6361,10.023,-2.0734,0.8657,-1.2122,-2.0158,0.6657,-1.2122,1.3829,0.0,0.0,11.499,5.558595657348633,3.3615455627441406,-56.18,0,1,180,1.654,0.5281,1.0,0.4869,0.1584,0.3,0.1947,0.6532,1.078
106.651,2,RETURN_HOME,5.6641,9.9869,-2.0715,0.8565,-1.2148,-2.0195,0.6565,-1.2148,1.3809,0.0,0.0,11.4813,5.584880828857422,3.3195252418518066,114.98,0,1,180,1.7,0.5307,1.0,0.4886,0.1592,0.3,0.1954,0.6546,1.0662
106.701,2,RETURN_HOME,5.7124,9.9229,-2.0681,0.8401,-1.2202,-2.0261,0.6401,-1.3202,1.4672,0.0,0.0,11.4497,5.611888885498047,3.2911601066589355,116.73,0,1,180,1.661,0.5621,1.0,0.5499,0.1686,0.3,0.2199,0.6886,1.0767
106.751,2,RETURN_HOME,5.7446,9.8758,-2.0662,0.8277,-1.2248,-2.0309,0.6277,-1.3248,1.466,0.0,0.0,11.4251,5.675311088562012,3.2612547874450684,116.73,0,1,180,1.822,0.5659,1.0,0.553,0.1698,0.3,0.2212,0.691,1.0818
106.801,2,RETURN_HOME,5.7754,9.8279,-2.0645,0.8147,-1.2295,-2.0357,0.6147,-1.3295,1.4648,0.0,0.0,11.3992,7.065549850463867,3.208127498626709,116.98,0,1,180,1.623,0.5699,1.0,0.5565,0.171,0.3,0.2226,0.6936,1.08
106.851,2,RETURN_HOME,5.812,9.7698,-2.0626,0.7989,-1.2379,-2.0416,0.5989,-1.3379,1.4659,0.0,0.0,11.3679,7.035330295562744,3.181533098220825,117.23,0,1,180,1.899,0.5755,1.0,0.5624,0.1727,0.3,0.225,0.6976,1.0939
106.901,2,RETURN_HOME,5.8482,9.7079,-2.0609,0.7832,-1.2505,-2.0475,0.5832,-1.3505,1.4711,0.0,0.0,11.3334,7.00236701965332,3.1526474952697754,118.73,0,1,180,1.734,0.5818,1.0,0.5706,0.1745,0.3,0.2282,0.7028,1.1056
106.951,2,RETURN_HOME,5.8781,9.6555,-2.0595,0.7703,-1.2625,-2.0522,0.5703,-1.3625,1.477,0.0,0.0,11.304,6.940816879272461,3.0999467372894287,116.98,0,1,180,1.585,0.5872,1.0,0.5782,0.1761,0.3,0.2313,0.7074,1.1028
107.001,2,RETURN_HOME,5.9134,9.5924,-2.0579,0.7549,-1.2774,-2.0578,0.5549,-1.3774,1.485,0.0,0.0,11.2686,6.911769866943359,3.0749642848968506,117.73,0,1,180,1.79,0.5935,1.0,0.5875,0.178,0.3,0.235,0.7131,1.1152
107.052,2,RETURN_HOME,5.9435,9.5412,-2.059,0.7423,-1.289,-2.0624,0.5423,-1.389,1.4911,0.0,0.0,11.241,6.873236179351807,3.048611640930176,118.73,0,1,180,2.3,0.5984,1.0,0.5948,0.1795,0.3,0.2379,0.7174,1.1246
107.101,2,RETURN_HOME,5.9732,9.4895,-2.06,0.7296,-1.3004,-2.0671,0.5296,-1.4,1.4968,0.0,0.0,11.2129,6.811242580413818,3.000647783279419,118.23,0,1,180,1.474,0.6031,1.0,0.6018,0.1809,0.3,0.2407,0.7216,1.1273
107.151,2,RETURN_HOME,6.0128,9.4173,-2.0615,0.7113,-1.3158,-2.0738,0.5113,-1.4,1.4905,0.0,0.0,11.1732,6.776596546173096,2.9768664836883545,118.99,0,1,180,1.596,0.6071,1.0,0.6032,0.1821,0.3,0.2413,0.7234,1.1463
107.201,2,RETURN_HOME,6.0389,9.3667,-2.0632,0.6977,-1.326,-2.0786,0.4977,-1.4,1.4858,0.0,0.0,11.1447,6.738194465637207,2.950469732284546,118.73,0,1,180,1.724,0.6104,1.0,0.6047,0.1831,0.3,0.2419,0.725,1.1598
107.251,2,RETURN_HOME,6.0699,9.3051,-2.0647,0.6814,-1.3382,-2.0845,0.4814,-1.4,1.4805,0.0,0.0,11.1098,6.671741008758545,2.904771089553833,119.49,0,1,180,1.522,0.6144,1.0,0.6064,0.1843,0.3,0.2425,0.7269,1.171
107.301,2,RETURN_HOME,6.0954,9.2525,-2.0662,0.6679,-1.3484,-2.0894,0.4679,-1.4,1.4761,0.0,0.0,11.0798,6.6363959312438965,2.881540298461914,119.74,0,1,180,1.551,0.6176,1.0,0.6078,0.1853,0.3,0.2431,0.7284,1.1843
107.351,2,RETURN_HOME,6.1207,9.1985,-2.0682,0.6544,-1.3585,-2.0944,0.4544,-1.4,1.4719,0.0,0.0,11.0487,6.564058780670166,2.8358678817749023,118.73,0,1,180,1.589,0.6208,1.0,0.6092,0.1862,0.3,0.2437,0.7299,1.1947
107.402,2,RETURN_HOME,6.1504,9.1331,-2.07,0.6383,-1.37,-2.1003,0.4383,-1.4,1.467,0.0,0.0,11.011,6.530381679534912,2.8147761821746826,120.49,0,1,180,2.018,0.6247,1.0,0.611,0.1874,0.3,0.2444,0.7318,1.2134
107.451,2,RETURN_HOME,6.1792,9.0675,-2.0704,0.622,-1.3806,-2.1062,0.422,-1.4,1.4622,0.0,0.0,10.9728,6.493573188781738,2.7931511402130127,120.49,0,1,180,1.855,0.6287,1.0,0.6128,0.1886,0.3,0.2451,0.7337,1.2324
107.502,2,RETURN_HOME,6.2024,9.0126,-2.0698,0.6084,-1.3888,-2.1112,0.4084,-1.4,1.4583,0.0,0.0,10.9406,6.419711112976074,2.749903440475464,121.99,0,1,180,1.835,0.6321,1.0,0.6145,0.1896,0.3,0.2458,0.7354,1.2453
107.551,2,RETURN_HOME,6.2298,8.9462,-2.0688,0.592,-1.3978,-2.1172,0.392,-1.4,1.4539,0.0,0.0,10.9016,6.384174346923828,2.7300899028778076,120.49,0,1,180,1.648,0.6361,1.0,0.6166,0.1908,0.3,0.2466,0.7375,1.2652
107.6,2,RETURN_HOME,6.2552,8.8802,-2.0672,0.575,-1.4057,-2.1232,0.375,-1.4,1.4493,0.0,0.0,10.8621,6.347997188568115,2.7103121280670166,121.99,0,1,180,1.052,0.6407,1.0,0.6191,0.1922,0.3,0.2476,0.7398,1.2887
107.65,2,RETURN_HOME,6.2757,8.8249,-2.0657,0.5607,-1.4116,-2.1282,0.3607,-1.4,1.4457,0.0,0.0,10.8288,6.2694244384765625,2.66981840133667,121.24,0,1,180,1.066,0.6446,1.0,0.6213,0.1934,0.3,0.2485,0.7419,1.3071
107.701,2,RETURN_HOME,6.3,8.758,-2.0638,0.5436,-1.4183,-2.1342,0.3436,-1.4,1.4415,0.0,0.0,10.7886,6.232349395751953,2.652047634124756,122.49,0,1,180,1.094,0.6492,1.0,0.6239,0.1948,0.3,0.2496,0.7443,1.3307
107.751,2,RETURN_HOME,6.3214,8.6928,-2.0609,0.5256,-1.4237,-2.1403,0.3256,-1.4,1.4374,0.0,0.0,10.7483,6.197004795074463,2.6340088844299316,123.49,0,1,180,1.178,0.6545,1.0,0.6272,0.1964,0.3,0.2509,0.7472,1.3582
107.8,2,RETURN_HOME,6.3356,8.649,-2.059,0.5137,-1.4271,-2.1442,0.3137,-1.4,1.4347,0.0,0.0,10.7212,6.116443157196045,2.5960192680358887,124.24,0,1,180,1.081,0.658,1.0,0.6294,0.1974,0.3,0.2517,0.7491,1.3757
107.851,2,RETURN_HOME,6.3565,8.5827,-2.0563,0.496,-1.4319,-2.1502,0.296,-1.4,1.431,0.0,0.0,10.6803,6.079709529876709,2.5788064002990723,123.24,0,1,180,1.114,0.6631,1.0,0.6326,0.1989,0.3,0.253,0.752,1.4044
107.901,2,RETURN_HOME,6.3788,8.5136,-2.0521,0.4792,-1.4379,-2.1562,0.2792,-1.4,1.4276,0.0,0.0,10.6381,6.041162967681885,2.5607399940490723,122.99,0,1,180,1.084,0.6676,1.0,0.6353,0.2003,0.3,0.2541,0.7544,1.4306
107.95,2,RETURN_HOME,6.3969,8.4557,-2.0489,0.4652,-1.4426,-2.1611,0.2652,-1.4,1.4249,0.0,0.0,10.6028,5.962273597717285,2.5276284217834473,124.99,0,1,180,1.066,0.6713,1.0,0.6377,0.2014,0.3,0.2551,0.7565,1.4005
108.001,2,RETURN_HOME,6.4179,8.3856,-2.0453,0.4482,-1.4481,-2.1671,0.2482,-1.4,1.4218,0.0,0.0,10.5597,5.923694133758545,2.5110585689544678,124.24,0,1,180,1.161,0.6758,1.0,0.6406,0.2027,0.3,0.2562,0.759,1.3555
108.05,2,RETURN_HOME,6.4381,8.3143,-2.042,0.4309,-1.4535,-2.173,0.2309,-1.4,1.4189,0.0,0.0,10.5155,5.88364839553833,2.496457576751709,124.99,0,1,180,1.012,0.6805,1.0,0.6437,0.2041,0.3,0.2575,0.7616,1.3042
108.101,2,RETURN_HOME,6.4512,8.2667,-2.04,0.4194,-1.4568,-2.177,0.2194,-1.4,1.4171,0.0,0.0,10.486,5.800705909729004,2.464768409729004,124.99,0,1,180,1.388,0.6836,1.0,0.6458,0.2051,0.3,0.2583,0.7634,1.2251
108.15,2,RETURN_HOME,6.4701,8.1951,-2.037,0.4021,-1.4613,-2.1827,0.2021,-1.4,1.4145,0.0,0.0,10.4414,5.765410423278809,2.4492709636688232,124.24,0,1,180,1.049,0.6883,1.0,0.6491,0.2065,0.3,0.2596,0.7661,1.1744
108.201,2,RETURN_HOME,6.4884,8.1231,-2.0339,0.3847,-1.4657,-2.1885,0.1847,-1.4,1.4121,0.0,0.0,10.3964,5.723753452301025,2.436349868774414,125.24,0,1,180,1.315,0.693,1.0,0.6524,0.2079,0.3,0.261,0.7689,1.1236
108.251,2,RETURN_HOME,6.5001,8.0752,-2.032,0.3731,-1.4682,-2.1923,0.1731,-1.4,1.4107,0.0,0.0,10.3663,5.640280246734619,2.4070563316345215,125.99,0,1,180,1.177,0.6961,1.0,0.6547,0.2088,0.3,0.2619,0.7707,1.0459
108.301,2,RETURN_HOME,6.5191,8.0042,-2.031,0.3565,-1.4709,-2.1981,0.1565,-1.4,1.4087,0.0,0.0,10.3231,5.5997514724731445,2.3940999507904053,126.49,0,1,180,1.127,0.7004,1.0,0.6578,0.2101,0.3,0.2631,0.7732,0.9956
108.351,2,RETURN_HOME,6.5389,7.9341,-2.0316,0.3407,-1.4725,-2.2038,0.1407,-1.3,1.3076,0.0,0.0,10.2814,5.5614705085754395,2.3826024532318115,125.49,0,1,180,1.215,0.6988,1.0,0.6092,0.2096,0.3,0.2437,0.7533,1.1539
108.401,2,RETURN_HOME,6.5545,7.8756,-2.032,0.3273,-1.4737,-2.2086,0.1273,-1.3,1.3062,0.0,0.0,10.2463,5.515732765197754,2.369124412536621,126.99,0,1,180,1.112,0.7026,1.0,0.6119,0.2108,0.3,0.2447,0.7555,1.1013
108.451,2,RETURN_HOME,6.5703,7.8165,-2.0326,0.3139,-1.4754,-2.2134,0.1139,-1.3,1.305,0.0,0.0,10.2111,5.435075759887695,2.345858573913574,128.74,0,1,180,1.18,0.7064,1.0,0.6146,0.2119,0.3,0.2458,0.7578,1.018
108.501,2,RETURN_HOME,6.5887,7.7452,-2.0333,0.2979,-1.475,-2.2192,0.0979,-1.3,1.3037,0.0,0.0,10.1686,5.395534038543701,2.335031032562256,127.49,0,1,180,1.117,0.7109,1.0,0.6178,0.2133,0.3,0.2471,0.7604,0.9678
108.551,2,RETURN_HOME,6.6031,7.686,-2.0338,0.2844,-1.4726,-2.2239,0.0844,-1.3,1.3027,0.0,0.0,10.1329,5.351407527923584,2.3227434158325195,126.99,0,1,180,1.14,0.7147,1.0,0.6207,0.2144,0.3,0.2483,0.7627,0.9133
108.601,2,RETURN_HOME,6.6206,7.6193,-2.0322,0.2685,-1.4659,-2.2297,0.0685,-1.2,1.202,0.0,0.0,10.0939,5.268697738647461,2.3036530017852783,126.99,0,1,180,1.229,0.7162,1.0,0.5739,0.2149,0.3,0.2296,0.7444,1.048
108.651,2,RETURN_HOME,6.6374,7.5545,-2.0298,0.2522,-1.4574,-2.2355,0.0522,-1.2,1.2011,0.0,0.0,10.0561,5.22965145111084,2.294048309326172,129.75,0,1,180,1.344,0.7218,1.0,0.578,0.2166,0.3,0.2312,0.7478,0.9949
108.701,2,RETURN_HOME,6.6503,7.5002,-2.0279,0.2383,-1.4504,-2.2405,0.0383,-1.2,1.2006,0.0,0.0,10.0239,5.142524719238281,2.274873971939087,128.24,0,1,180,1.132,0.7267,1.0,0.5816,0.218,0.3,0.2327,0.7507,0.9024
108.751,2,RETURN_HOME,6.6657,7.4345,-2.0322,0.2219,-1.4404,-2.2464,0.0219,-1.2,1.2002,0.0,0.0,9.9851,5.103388786315918,2.265582799911499,128.49,0,1,180,1.157,0.7322,1.0,0.5859,0.2197,0.3,0.2344,0.754,0.8474
108.8,2,RETURN_HOME,6.6797,7.3687,-2.0357,0.2053,-1.4289,-2.2523,0.0053,-1.2,1.2,0.0,0.0,9.9457,5.062684059143066,2.2582991123199463,130.75,0,1,180,1.032,0.7379,1.0,0.5904,0.2214,0.3,0.2361,0.7575,0.7943
108.85,2,RETURN_HOME,6.6929,7.304,-2.0363,0.1887,-1.4161,-2.2583,0.0887,-1.2,1.2033,0.0,0.0,9.9067,4.97932767868042,2.2435290813446045,129.24,0,1,180,1.006,0.6855,1.0,0.5499,0.2056,0.3,0.22,0.7256,0.9272
108.901,2,RETURN_HOME,6.7036,7.2515,-2.033,0.175,-1.4046,-2.2633,0.075,-1.2,1.2023,0.0,0.0,9.8754,4.940234184265137,2.2359986305236816,129.49,0,1,180,1.109,0.6905,1.0,0.5535,0.2072,0.3,0.2214,0.7286,0.8794
108.951,2,RETURN_HOME,6.7153,7.1884,-2.0293,0.158,-1.3915,-2.2694,-0.042,-1.1,1.1008,0.0,0.0,9.8371,4.860963344573975,2.2228446006774902,128.74,0,1,180,1.661,0.7563,1.0,0.555,0.2269,0.3,0.222,0.7489,0.7882
109.001,2,RETURN_HOME,6.7275,7.1278,-2.0242,0.1439,-1.3784,-2.2756,-0.0561,-1.1,1.1014,0.0,0.0,9.8012,4.820744037628174,2.217705011367798,129.24,0,1,180,1.619,0.7613,1.0,0.559,0.2284,0.3,0.2236,0.752,0.7378
109.051,2,RETURN_HOME,6.7381,7.0789,-2.019,0.134,-1.3676,-2.2805,-0.066,-1.1,1.102,0.0,0.0,9.7731,4.782722473144531,2.2112233638763428,131.75,0,1,180,1.782,0.7643,1.0,0.5615,0.2293,0.3,0.2246,0.7539,0.6915
109.101,2,RETURN_HOME,6.7495,7.0198,-2.0136,0.1213,-1.354,-2.2861,0.0213,-1.1,1.1002,0.0,0.0,9.7383,4.700446605682373,2.2007617950439453,131.25,0,1,180,1.633,0.7073,1.0,0.5188,0.2122,0.3,0.2075,0.7197,0.7558
109.151,2,RETURN_HOME,6.7579,6.9716,-2.0097,0.1093,-1.3416,-2.2906,0.0093,-1.1,1.1,0.0,0.0,9.7094,4.662405490875244,2.1962809562683105,131.25,0,1,180,1.711,0.7121,1.0,0.5222,0.2136,0.3,0.2089,0.7225,0.6892
109.202,2,RETURN_HOME,6.7667,6.9138,-2.0057,0.0931,-1.3262,-2.2963,-0.0069,-1.1,1.1,0.0,0.0,9.6741,4.624218940734863,2.1931068897247314,132.75,0,1,180,1.954,0.719,1.0,0.5273,0.2157,0.3,0.2109,0.7266,0.6298
109.251,2,RETURN_HOME,6.7741,6.8558,-2.0025,0.0781,-1.3108,-2.3021,0.1781,-1.3,1.3121,0.0,0.0,9.638,4.543684959411621,2.1860859394073486,133.25,0,1,180,1.775,0.6094,1.0,0.533,0.1828,0.3,0.2132,0.696,0.9279
109.301,2,RETURN_HOME,6.7784,6.8061,-1.9964,0.0659,-1.2984,-2.3069,0.1659,-1.2984,1.3089,0.0,0.0,9.6057,4.506046772003174,2.181943416595459,132.25,0,1,180,1.612,0.6134,1.0,0.5353,0.184,0.3,0.2141,0.6981,0.8999
109.351,2,RETURN_HOME,6.782,6.7565,-1.9914,0.0544,-1.2864,-2.312,0.1544,-1.2864,1.2956,0.0,0.0,9.5731,4.470733165740967,2.178618907928467,133.0,0,1,180,1.805,0.6163,1.0,0.5324,0.1849,0.3,0.2129,0.6978,0.8786
109.401,2,RETURN_HOME,6.7839,6.6971,-1.9855,0.0452,-1.2775,-2.3182,0.1452,-1.2775,1.2858,0.0,0.0,9.5327,4.392086982727051,2.17401123046875,134.0,0,1,180,1.586,0.6177,1.0,0.5294,0.1853,0.3,0.2118,0.6971,0.8536
109.451,2,RETURN_HOME,6.7791,6.6474,-1.9784,0.0397,-1.2749,-2.3232,0.1397,-1.2749,1.2825,0.0,0.0,9.4944,4.354915618896484,2.1721396446228027,132.25,0,1,180,1.712,0.6182,1.0,0.5285,0.1855,0.3,0.2114,0.6969,0.8467
109.501,2,RETURN_HOME,6.7742,6.5876,-1.9713,0.0377,-1.2764,-2.3289,0.1377,-1.2764,1.2838,0.0,0.0,9.4491,4.317838191986084,2.1683707237243652,133.25,0,1,180,1.81,0.6162,1.0,0.5274,0.1849,0.3,0.211,0.6958,0.8514
109.551,2,RETURN_HOME,6.769,6.5271,-1.9653,0.0386,-1.2811,-2.3341,0.1386,-1.2811,1.2886,0.0,0.0,9.4033,4.240224361419678,2.1654109954833984,134.25,0,1,180,1.668,0.6127,1.0,0.5263,0.1838,0.3,0.2105,0.6943,0.8426
109.602,2,RETURN_HOME,6.7636,6.476,-1.9609,0.0401,-1.2861,-2.3381,0.1401,-1.2861,1.2937,0.0,0.0,9.364,4.1988043785095215,2.1617140769958496,134.0,0,1,180,1.661,0.6093,1.0,0.5255,0.1828,0.3,0.2102,0.693,0.8445
109.651,2,RETURN_HOME,6.7584,6.4143,-1.957,0.0424,-1.2921,-2.3428,0.0424,-1.0921,1.0929,0.0,0.0,9.3177,4.161553382873535,2.1609554290771484,134.0,0,1,180,1.692,0.6597,1.0,0.4807,0.1979,0.3,0.1923,0.6902,0.6208
109.701,2,RETURN_HOME,6.7547,6.3627,-1.9545,0.0443,-1.2967,-2.3465,0.2443,-1.3967,1.4179,0.0,0.0,9.2795,4.07448673248291,2.1558682918548584,134.0,0,1,180,1.741,0.55,1.0,0.5199,0.165,0.3,0.208,0.673,1.019
109.752,2,RETURN_HOME,6.7508,6.3004,-1.9523,0.0457,-1.3012,-2.3507,0.2457,-1.4,1.4214,0.0,0.0,9.2341,4.034493923187256,2.154080867767334,134.75,0,1,180,1.753,0.5457,1.0,0.5171,0.1637,0.3,0.2068,0.6705,1.023
109.801,2,RETURN_HOME,6.7483,6.2485,-1.9514,0.0451,-1.3006,-2.3544,0.2451,-1.4,1.4213,0.0,0.0,9.1969,3.993208169937134,2.1518912315368652,134.5,0,1,180,1.707,0.5427,1.0,0.5142,0.1628,0.3,0.2057,0.6685,1.0241
109.851,2,RETURN_HOME,6.7462,6.186,-1.9529,0.0462,-1.3015,-2.3591,0.1462,-1.2,1.2089,0.0,0.0,9.153,3.904431104660034,2.1469805240631104,134.25,0,1,180,1.568,0.5817,1.0,0.4688,0.1745,0.3,0.1875,0.6621,0.8415
109.901,2,RETURN_HOME,6.7452,6.1339,-1.9551,0.0496,-1.305,-2.3632,0.2496,-1.4,1.4221,0.0,0.0,9.1171,3.8608996868133545,2.143552303314209,134.25,0,1,180,1.596,0.5325,1.0,0.5048,0.1597,0.3,0.2019,0.6617,1.0124
109.951,2,RETURN_HOME,6.7446,6.071,-1.958,0.0563,-1.3123,-2.3675,0.0563,-1.1,1.1014,0.0,0.0,9.0745,3.8193979263305664,2.141063928604126,134.5,0,1,180,1.785,0.6301,1.0,0.4627,0.189,0.3,0.1851,0.6741,0.6432
110.001,2,RETURN_HOME,6.7464,6.0182,-1.9629,0.063,-1.3164,-2.371,0.063,-1.1,1.1018,0.0,0.0,9.0406,3.7291197776794434,2.1346993446350098,135.0,0,1,180,1.563,0.6219,1.0,0.4568,0.1866,0.3,0.1827,0.6693,0.6496
110.051,2,RETURN_HOME,6.7495,5.9546,-1.9693,0.0721,-1.3231,-2.375,0.0721,-1.1,1.1024,0.0,0.0,9.0007,3.685025215148926,2.1325249671936035,134.75,0,1,180,1.823,0.6111,1.0,0.4491,0.1833,0.3,0.1797,0.663,0.6701
110.101,2,RETURN_HOME,6.7524,5.9014,-1.9742,0.0771,-1.3246,-2.3781,0.0771,-1.1,1.1027,0.0,0.0,8.9678,3.640474557876587,2.1297407150268555,134.5,0,1,180,1.883,0.6038,1.0,0.4439,0.1811,0.3,0.1776,0.6587,0.6775
110.151,2,RETURN_HOME,6.7533,5.849,-1.98,0.0784,-1.3212,-2.3813,0.0784,-1.1,1.1028,0.0,0.0,8.934,3.5456817150115967,2.121434211730957,135.0,0,1,180,1.679,0.5993,1.0,0.4406,0.1798,0.3,0.1762,0.656,0.6664
110.201,2,RETURN_HOME,6.7541,5.7864,-1.9865,0.0764,-1.3119,-2.3854,0.0764,-1.1,1.1027,0.0,0.0,8.8939,3.4982433319091797,2.1194612979888916,135.0,0,1,180,1.713,0.5964,1.0,0.4384,0.1789,0.3,0.1754,0.6543,0.6689
110.251,2,RETURN_HOME,6.755,5.7346,-1.9914,0.0729,-1.3015,-2.3891,0.0729,-1.1,1.1024,0.0,0.0,8.8609,3.453922748565674,2.1174581050872803,134.5,0,1,180,1.762,0.5954,1.0,0.4376,0.1786,0.3,0.175,0.6536,0.6644
110.302,2,RETURN_HOME,6.7561,5.6706,-1.9968,0.0672,-1.2892,-2.3937,0.0672,-1.0892,1.0913,0.0,0.0,8.8205,3.361407518386841,2.109964370727539,134.75,0,1,180,1.979,0.5945,1.0,0.4325,0.1783,0.3,0.173,0.6513,0.651
110.351,2,RETURN_HOME,6.7571,5.6179,-2.0008,0.0624,-1.2787,-2.3978,0.0624,-1.0787,1.0806,0.0,0.0,8.7875,3.3179430961608887,2.1051769256591797,135.0,0,1,180,1.558,0.5938,1.0,0.4278,0.1782,0.3,0.1711,0.6493,0.6456
110.401,2,RETURN_HOME,6.7592,5.5557,-2.0059,0.0573,-1.2666,-2.403,0.0573,-1.0666,1.0681,0.0,0.0,8.7494,3.2750985622406006,2.1020450592041016,135.0,0,1,180,1.581,0.5926,1.0,0.422,0.1778,0.3,0.1688,0.6466,0.6428
110.451,2,RETURN_HOME,6.764,5.5059,-2.0127,0.0548,-1.2566,-2.4074,0.0548,-1.0566,1.058,0.0,0.0,8.7217,3.1846251487731934,2.0947468280792236,135.0,0,1,180,1.609,0.5903,1.0,0.4163,0.1771,0.3,0.1665,0.6436,0.6328
110.501,2,RETURN_HOME,6.7694,5.4465,-2.0199,0.0522,-1.2455,-2.4128,0.0522,-1.0455,1.0468,0.0,0.0,8.6884,3.1436359882354736,2.092937707901001,135.0,0,1,180,1.918,0.5872,1.0,0.4098,0.1762,0.3,0.1639,0.6401,0.6348
110.551,2,RETURN_HOME,6.7747,5.3977,-2.0255,0.0506,-1.2365,-2.4174,0.0506,-1.0365,1.0378,0.0,0.0,8.6621,3.1019411087036133,2.0911593437194824,134.25,0,1,180,1.878,0.5843,1.0,0.4042,0.1753,0.3,0.1617,0.637,0.6356
110.601,2,RETURN_HOME,6.7813,5.3498,-2.0314,0.0495,-1.2276,-2.422,0.0495,-1.0276,1.0288,0.0,0.0,8.6375,3.0606613159179688,2.089984893798828,135.0,0,1,180,1.713,0.5809,1.0,0.3984,0.1743,0.3,0.1594,0.6336,0.6287
110.651,2,RETURN_HOME,6.7885,5.2925,-2.0372,0.048,-1.217,-2.4276,0.048,-1.017,1.0181,0.0,0.0,8.6078,2.971496343612671,2.084843635559082,135.0,0,1,180,1.733,0.577,1.0,0.3916,0.1731,0.3,0.1566,0.6297,0.6249
110.702,2,RETURN_HOME,6.7945,5.2362,-2.0395,0.046,-1.2063,-2.4332,0.046,-1.1063,1.1072,0.0,0.0,8.5781,2.9293041229248047,2.0826516151428223,135.0,0,1,180,1.955,0.577,1.0,0.4259,0.1731,0.3,0.1704,0.6435,0.6186
110.751,2,RETURN_HOME,6.7987,5.19,-2.0391,0.0439,-1.197,-2.4377,0.0439,-1.097,1.0978,0.0,0.0,8.5533,2.8439457416534424,2.07706618309021,135.0,0,1,180,1.83,0.5745,1.0,0.4205,0.1724,0.3,0.1682,0.6406,0.6113
110.801,2,RETURN_HOME,6.8033,5.1347,-2.0384,0.0411,-1.1856,-2.4433,0.0411,-1.0856,1.0864,0.0,0.0,8.5235,2.803272247314453,2.074751853942871,135.0,0,1,180,1.723,0.5718,1.0,0.4141,0.1715,0.3,0.1657,0.6372,0.6122
110.851,2,RETURN_HOME,6.8062,5.0897,-2.0364,0.0381,-1.1774,-2.4481,0.0381,-1.0774,1.0781,0.0,0.0,8.4988,2.7619733810424805,2.074409246444702,134.75,0,1,180,1.63,0.5702,1.0,0.4098,0.1711,0.3,0.1639,0.635,0.6108
110.901,2,RETURN_HOME,6.809,5.0364,-2.0331,0.0343,-1.1694,-2.4538,0.0343,-1.0694,1.07,0.0,0.0,8.4692,2.6748478412628174,2.0720138549804688,135.0,0,1,180,1.678,0.5686,1.0,0.4056,0.1706,0.3,0.1622,0.6328,0.5976
110.951,2,RETURN_HOME,6.811,4.9918,-2.0305,0.0313,-1.1642,-2.4586,0.0313,-1.0642,1.0647,0.0,0.0,8.4444,2.635505199432373,2.0701725482940674,135.0,0,1,180,1.491,0.5672,1.0,0.4026,0.1702,0.3,0.161,0.6312,0.5956
111.001,2,RETURN_HOME,6.8129,4.9384,-2.0308,0.0276,-1.159,-2.4644,0.0276,-1.059,1.0593,0.0,0.0,8.4144,2.5955522060394287,2.06942081451416,134.75,0,1,180,1.879,0.5656,1.0,0.3994,0.1697,0.3,0.1598,0.6294,0.5941
111.052,2,RETURN_HOME,6.8141,4.8938,-2.0323,0.0247,-1.155,-2.4691,0.0247,-1.055,1.0552,0.0,0.0,8.3894,2.5528347492218018,2.0680296421051025,135.0,0,1,180,2.391,0.5642,1.0,0.3969,0.1693,0.3,0.1588,0.628,0.5914
111.102,2,RETURN_HOME,6.8152,4.8492,-2.0335,0.0219,-1.1511,-2.4739,0.0219,-1.0511,1.0514,0.0,0.0,8.3643,2.467041015625,2.0214240550994873,26.9,0,1,180,2.192,0.5627,1.0,0.3944,0.1688,0.3,0.1578,0.6266,0.5813
111.151,2,RETURN_HOME,6.8167,4.8049,-2.0374,0.0196,-1.1472,-2.4788,0.0196,-1.0472,1.0474,0.0,0.0,8.3399,2.427591323852539,1.9847713708877563,26.9,0,1,180,1.842,0.5608,1.0,0.3916,0.1682,0.3,0.1566,0.6249,0.5813
111.201,2,RETURN_HOME,6.8184,4.7518,-2.042,0.0169,-1.1425,-2.4846,0.0169,-1.0425,1.0426,0.0,0.0,8.3108,2.387070417404175,1.9514118432998657,26.4,0,1,180,1.697,0.5584,1.0,0.3881,0.1675,0.3,0.1552,0.6228,0.5822
111.251,2,RETURN_HOME,6.8196,4.7075,-2.0452,0.0146,-1.1383,-2.4894,0.0146,-1.0383,1.0384,0.0,0.0,8.2866,2.296724557876587,1.8878685235977173,25.9,0,1,180,1.712,0.5565,1.0,0.3852,0.1669,0.3,0.1541,0.621,0.5737
111.301,2,RETURN_HOME,6.8204,4.6566,-2.0519,0.0116,-1.1323,-2.4951,0.0116,-1.0323,1.0324,0.0,0.0,8.2585,2.2563014030456543,1.8542965650558472,25.65,0,1,180,1.734,0.5546,1.0,0.3817,0.1664,0.3,0.1527,0.6191,0.5729
111.351,2,RETURN_HOME,6.821,4.606,-2.0579,0.0084,-1.1261,-2.5007,0.0084,-1.0261,1.0262,0.0,0.0,8.2305,2.2143402099609375,1.8222131729125977,25.15,0,1,180,1.525,0.5528,1.0,0.3782,0.1658,0.3,0.1513,0.6171,0.571
111.401,2,RETURN_HOME,6.8213,4.5721,-2.0612,0.0063,-1.1221,-2.5045,0.0063,-1.0221,1.0221,0.0,0.0,8.2118,2.126919746398926,1.7585556507110596,24.4,0,1,180,1.581,0.5517,1.0,0.3759,0.1655,0.3,0.1504,0.6159,0.563
111.451,2,RETURN_HOME,6.8245,4.5216,-2.0635,0.004,-1.1156,-2.51,0.004,-1.0156,1.0156,0.0,0.0,8.1865,2.0845730304718018,1.72941255569458,23.9,0,1,180,1.484,0.549,1.0,0.3717,0.1647,0.3,0.1487,0.6134,0.5641
111.501,2,RETURN_HOME,6.8272,4.4709,-2.065,0.0016,-1.1093,-2.5156,0.0016,-1.0093,1.0093,0.0,0.0,8.1609,2.0403738021850586,1.6993328332901,23.4,0,1,180,1.665,0.5465,1.0,0.3677,0.1639,0.3,0.1471,0.611,0.565
111.551,2,RETURN_HOME,6.829,4.4285,-2.0656,-0.0005,-1.1041,-2.5203,-0.0005,-1.0041,1.0041,0.0,0.0,8.1392,1.9517550468444824,1.6316403150558472,22.65,0,1,180,1.579,0.5445,1.0,0.3645,0.1634,0.3,0.1458,0.6092,0.5601
111.601,2,RETURN_HOME,6.8299,4.3861,-2.0659,-0.003,-1.0988,-2.5249,-0.003,-0.9988,0.9988,0.0,0.0,8.117,1.9073628187179565,1.6069058179855347,22.15,0,1,180,1.827,0.5429,1.0,0.3615,0.1629,0.3,0.1446,0.6075,0.558
111.651,2,RETURN_HOME,6.8306,4.3352,-2.0657,-0.006,-1.0927,-2.5306,-0.006,-0.9927,0.9927,0.0,0.0,8.0902,1.8632006645202637,1.5745339393615723,21.65,0,1,180,1.6,0.541,1.0,0.358,0.1623,0.3,0.1432,0.6055,0.5579
111.701,2,RETURN_HOME,6.8315,4.293,-2.0664,-0.0082,-1.0876,-2.5353,-0.0082,-0.9876,0.9877,0.0,0.0,8.0684,1.773819088935852,1.5113599300384521,20.39,0,1,180,1.645,0.5391,1.0,0.3549,0.1617,0.3,0.142,0.6037,0.5526
111.751,2,RETURN_HOME,6.8329,4.2512,-2.0684,-0.0098,-1.0826,-2.5399,-0.0098,-0.9826,0.9826,0.0,0.0,8.0474,1.7280265092849731,1.4847534894943237,19.89,0,1,180,1.73,0.5367,1.0,0.3516,0.161,0.3,0.1406,0.6017,0.5511
111.802,2,RETURN_HOME,6.8342,4.2009,-2.07,-0.0119,-1.0767,-2.5454,-0.0119,-0.9767,0.9768,0.0,0.0,8.0221,1.683958649635315,1.4595451354980469,19.14,0,1,180,1.939,0.534,1.0,0.3478,0.1602,0.3,0.1391,0.5993,0.5533
111.851,2,RETURN_HOME,6.8362,4.1595,-2.071,-0.0134,-1.0716,-2.55,-0.0134,-0.9716,0.9717,0.0,0.0,8.0022,1.6338145732879639,1.4269920587539673,18.39,0,1,180,1.743,0.5315,1.0,0.3443,0.1595,0.3,0.1377,0.5972,0.553
111.902,2,RETURN_HOME,6.8403,4.1105,-2.072,-0.0145,-1.0655,-2.5555,-0.0145,-0.9655,0.9656,0.0,0.0,7.9803,1.5473905801773071,1.3753492832183838,17.14,0,1,180,1.955,0.5279,1.0,0.3398,0.1584,0.3,0.1359,0.5943,0.5525
111.951,2,RETURN_HOME,6.8437,4.0613,-2.0722,-0.016,-1.0594,-2.5611,-0.016,-0.9594,0.9596,0.0,0.0,7.958,1.4997293949127197,1.3478392362594604,16.14,0,1,180,1.568,0.5246,1.0,0.3356,0.1574,0.3,0.1342,0.5916,0.5526
112.001,2,RETURN_HOME,6.8447,4.0211,-2.0725,-0.0182,-1.0542,-2.5656,-0.0182,-0.9542,0.9544,0.0,0.0,7.9385,1.4512767791748047,1.318548321723938,15.39,0,1,180,1.7,0.5229,1.0,0.3327,0.1569,0.3,0.1331,0.5899,0.5514
112.051,2,RETURN_HOME,6.8445,3.9734,-2.0728,-0.0215,-1.0479,-2.571,-0.0215,-0.9479,0.9481,0.0,0.0,7.9143,1.3620414733886719,1.2692445516586304,13.64,0,1,180,1.645,0.5216,1.0,0.3297,0.1565,0.3,0.1319,0.5883,0.5479
112.101,2,RETURN_HOME,6.8441,3.9256,-2.0724,-0.0249,-1.0416,-2.5764,-0.0249,-1.0416,1.0419,0.0,0.0,7.89,1.315146803855896,1.2431443929672241,12.89,0,1,180,1.712,0.5181,1.0,0.3599,0.1554,0.3,0.144,0.5994,0.5467
112.152,2,RETURN_HOME,6.8447,3.8943,-2.0746,-0.0271,-1.0371,-2.58,-0.0271,-1.0371,1.0374,0.0,0.0,7.875,1.2161446809768677,1.191949486732483,10.89,0,1,180,2.084,0.517,1.0,0.3576,0.1551,0.3,0.143,0.5981,0.5434
112.202,2,RETURN_HOME,6.8452,3.8473,-2.0771,-0.0302,-1.03,-2.5853,-0.0302,-1.03,1.0304,0.0,0.0,7.8523,1.1688642501831055,1.1688642501831055,9.88,0,1,180,2.003,0.5153,1.0,0.354,0.1546,0.3,0.1416,0.5962,0.5428
112.251,2,RETURN_HOME,6.8452,3.8001,-2.0787,-0.0336,-1.0253,-2.5907,-0.0336,-1.0253,1.0258,0.0,0.0,7.8293,1.147934079170227,1.147934079170227,8.88,0,1,180,1.751,0.5137,1.0,0.3513,0.1541,0.3,0.1405,0.5947,0.5438
112.301,2,RETURN_HOME,6.8506,3.7613,-2.0792,-0.0345,-1.0235,-2.5952,-0.1345,-0.9235,0.9333,0.0,0.0,7.8152,1.1214754581451416,1.1214754581451416,7.63,0,1,180,1.617,0.6025,0.8742,0.3749,0.1808,0.2622,0.15,0.593,0.438
112.351,2,RETURN_HOME,6.855,3.7222,-2.0792,-0.0353,-1.0234,-2.5996,-0.1353,-0.9234,0.9332,0.0,0.0,7.8004,1.0826398134231567,1.0826398134231567,5.38,0,1,180,1.583,0.5995,0.89,0.373,0.1799,0.267,0.1492,0.5961,0.4412
112.402,2,RETURN_HOME,6.8594,3.675,-2.0785,-0.0362,-1.0247,-2.6047,-0.1362,-0.9247,0.9347,0.0,0.0,7.7818,1.0594139099121094,1.0594139099121094,4.13,0,1,180,1.821,0.5957,0.8948,0.3712,0.1787,0.2684,0.1485,0.5956,0.4431
112.452,2,RETURN_HOME,6.8639,3.6351,-2.0789,-0.0387,-1.025,-2.6088,-0.1387,-0.925,0.9353,0.0,0.0,7.7671,1.0377243757247925,1.0377243757247925,2.63,0,1,180,1.74,0.5939,0.916,0.3703,0.1782,0.2748,0.1481,0.6011,0.4504
112.501,2,RETURN_HOME,6.8681,3.5871,-2.0788,-0.0442,-1.0231,-2.6138,-0.1442,-0.9231,0.9343,0.0,0.0,7.7484,1.0012829303741455,1.0012829303741455,-0.13,0,1,180,1.559,0.5942,0.9096,0.3701,0.1783,0.2729,0.148,0.5992,0.455
112.551,2,RETURN_HOME,6.8711,3.5392,-2.0782,-0.0518,-1.019,-2.619,-0.1518,-0.919,0.9314,0.0,0.0,7.729,0.9834136366844177,0.9834136366844177,-1.63,0,1,180,1.497,0.5967,0.8986,0.3705,0.179,0.2696,0.1482,0.5968,0.4496
112.602,2,RETURN_HOME,6.8728,3.4996,-2.0777,-0.059,-1.0143,-2.6234,-0.159,-0.9143,0.928,0.0,0.0,7.7125,0.9661315083503723,0.9661315083503723,-3.38,0,1,180,1.892,0.5997,0.8915,0.371,0.1799,0.2674,0.1484,0.5958,0.4459
112.651,2,RETURN_HOME,6.8737,3.46,-2.0768,-0.0667,-1.009,-2.6278,-0.1667,-0.909,0.9241,0.0,0.0,7.6954,0.9359729886054993,0.9359729886054993,-6.63,0,1,180,1.699,0.6034,0.9006,0.3717,0.181,0.2702,0.1487,0.5999,0.4495
112.702,2,RETURN_HOME,6.8735,3.4124,-2.0748,-0.0764,-1.0023,-2.6332,-0.1764,-0.9023,0.9193,0.0,0.0,7.674,0.9217463731765747,0.9217463731765747,-8.13,0,1,180,1.884,0.6082,0.9039,0.3728,0.1825,0.2712,0.1491,0.6028,0.4504
112.751,2,RETURN_HOME,6.8724,3.3724,-2.0722,-0.0844,-0.9968,-2.6378,-0.1844,-0.8968,0.9156,0.0,0.0,7.6553,0.9062927961349487,0.9062927961349487,-10.13,0,1,180,1.862,0.6123,0.9086,0.3738,0.1837,0.2726,0.1495,0.6058,0.4499
112.801,2,RETURN_HOME,6.8707,3.3325,-2.0695,-0.0925,-0.9914,-2.6426,-0.1925,-0.8914,0.912,0.0,0.0,7.6363,0.9008383750915527,0.884161651134491,-13.64,0,1,180,1.627,0.6165,0.906,0.3748,0.1849,0.2718,0.1499,0.6067,0.4499
112.851,2,RETURN_HOME,6.867,3.2839,-2.066,-0.1025,-0.9858,-2.6484,-0.2025,-0.8858,0.9086,0.0,0.0,7.6118,0.8968123197555542,0.8730452060699463,-15.39,0,1,180,1.586,0.6216,0.9019,0.3766,0.1865,0.2706,0.1506,0.6077,0.449
112.902,2,RETURN_HOME,6.8617,3.2347,-2.0625,-0.1129,-0.9808,-2.6542,-0.3129,-0.7808,0.8412,0.0,0.0,7.5859,0.8910062909126282,0.8616631627082825,-17.14,0,1,180,2.028,0.7323,0.7446,0.4106,0.2197,0.2234,0.1643,0.6073,0.363
112.951,2,RETURN_HOME,6.858,3.2021,-2.0602,-0.1197,-0.9775,-2.658,-0.3197,-0.7775,0.8407,0.0,0.0,7.5687,0.8816661238670349,0.8455682396888733,-21.39,0,1,180,1.729,0.7359,0.7498,0.4124,0.2208,0.2249,0.165,0.6107,0.3744
113.002,2,RETURN_HOME,6.8493,3.1474,-2.0562,-0.132,-0.9713,-2.6644,-0.332,-0.7713,0.8397,0.0,0.0,7.5378,11.71181583404541,0.8390922546386719,-23.4,0,1,180,2.043,0.7428,0.7449,0.4158,0.2228,0.2235,0.1663,0.6126,0.3721
113.051,2,RETURN_HOME,6.842,3.1095,-2.0535,-0.143,-0.9649,-2.6688,-0.343,-0.7649,0.8383,0.0,0.0,7.5155,11.714960098266602,0.8326280117034912,-25.4,0,1,180,1.751,0.75,0.7385,0.4192,0.225,0.2216,0.1677,0.6142,0.3691
113.102,2,RETURN_HOME,6.8345,3.0718,-2.0508,-0.1556,-0.9567,-2.6733,-0.3556,-0.7567,0.8361,0.0,0.0,7.493,11.721450805664062,0.8225473761558533,-26.4,0,1,180,1.914,0.7589,0.7651,0.423,0.2277,0.2295,0.1692,0.6264,0.3826
113.151,2,RETURN_HOME,6.8265,3.0264,-2.0455,-0.172,-0.9449,-2.6787,-0.372,-0.7449,0.8326,0.0,0.0,7.4673,11.726784706115723,0.8178987503051758,-27.65,0,1,180,1.822,0.771,0.7592,0.428,0.2313,0.2278,0.1712,0.6302,0.3796
113.201,2,RETURN_HOME,6.8198,2.9888,-2.0406,-0.1864,-0.9339,-2.6833,-0.3864,-0.7339,0.8294,0.0,0.0,7.446,11.73332691192627,0.8112379312515259,-27.4,0,1,180,1.737,0.7819,0.7742,0.4323,0.2346,0.2323,0.1729,0.6398,0.3869
113.251,2,RETURN_HOME,6.8125,2.9516,-2.036,-0.2013,-0.9222,-2.6879,-0.4013,-0.7222,0.8262,0.0,0.0,7.4244,11.747380256652832,0.8003143072128296,-26.4,0,1,180,1.798,0.7932,0.7892,0.4369,0.238,0.2368,0.1748,0.6495,0.394
113.302,2,RETURN_HOME,6.8054,2.9076,-2.0294,-0.2185,-0.9078,-2.6935,-0.4185,-0.8078,0.9097,0.0,0.0,7.4006,11.758390426635742,0.7949250340461731,-26.65,0,1,180,2.203,0.7719,0.8448,0.4681,0.2316,0.2534,0.1873,0.6723,0.4159
113.351,2,RETURN_HOME,6.7976,2.8643,-2.0232,-0.2356,-0.8931,-2.6991,-0.4356,-0.7931,0.9049,0.0,0.0,7.3764,11.771982192993164,0.7887459993362427,-27.9,0,1,180,1.608,0.784,0.8385,0.4729,0.2352,0.2516,0.1892,0.6759,0.4139
113.402,2,RETURN_HOME,6.79,2.8287,-2.0187,-0.2499,-0.8811,-2.7038,-0.4499,-0.7811,0.9014,0.0,0.0,7.3557,11.795659065246582,0.7781251668930054,-32.15,0,1,180,1.69,0.794,0.8538,0.4771,0.2382,0.2561,0.1908,0.6852,0.429
113.451,2,RETURN_HOME,6.7784,2.7867,-2.0134,-0.268,-0.8688,-2.7094,-0.468,-0.7688,0.9,0.0,0.0,7.3289,11.80609130859375,0.7754471302032471,-34.16,0,1,180,1.678,0.8057,0.8522,0.4834,0.2417,0.2557,0.1934,0.6907,0.4292
113.501,2,RETURN_HOME,6.7657,2.7453,-2.0089,-0.286,-0.8593,-2.715,-0.486,-0.7593,0.9015,0.0,0.0,7.3014,11.821297645568848,0.7738222479820251,-36.16,0,1,180,1.611,0.8162,0.8467,0.4905,0.2449,0.254,0.1962,0.6951,0.4278
113.551,2,RETURN_HOME,6.7567,2.7179,-2.0063,-0.2979,-0.8541,-2.7187,-0.4979,-0.7541,0.9036,0.0,0.0,7.2828,11.854936599731445,0.7697353363037109,-40.41,0,1,180,1.569,0.8226,0.8802,0.4956,0.2468,0.2641,0.1982,0.7091,0.4411
113.602,2,RETURN_HOME,6.7418,2.6762,-2.0012,-0.3158,-0.8477,-2.7241,-0.5158,-0.7477,0.9084,0.0,0.0,7.2535,11.86826229095459,0.7702823281288147,-42.41,0,1,180,2.228,0.8315,0.8806,0.5035,0.2494,0.2642,0.2014,0.715,0.4404
113.652,2,RETURN_HOME,6.726,2.635,-1.9969,-0.3337,-0.8418,-2.7293,-0.5337,-0.7418,0.9139,0.0,0.0,7.2237,11.882125854492188,0.7715628147125244,-44.67,0,1,180,1.824,0.8399,0.9045,0.5117,0.252,0.2714,0.2047,0.728,0.4499
113.701,2,RETURN_HOME,6.7121,2.6008,-1.9925,-0.3486,-0.8369,-2.7335,-0.5486,-0.7369,0.9187,0.0,0.0,7.1983,11.909001350402832,0.7731919288635254,-48.67,0,1,180,1.68,0.8466,0.9436,0.5186,0.254,0.2831,0.2074,0.7445,0.467
113.751,2,RETURN_HOME,6.6943,2.5599,-1.9855,-0.3668,-0.8308,-2.7386,-0.5668,-0.7308,0.9248,0.0,0.0,7.1671,11.92078971862793,0.7752804160118103,-50.42,0,1,180,1.846,0.8546,0.9578,0.5269,0.2564,0.2873,0.2108,0.7545,0.4717
113.802,2,RETURN_HOME,6.6789,2.5262,-1.9806,-0.3819,-0.8254,-2.7428,-0.5819,-0.7254,0.93,0.0,0.0,7.1407,11.934760093688965,0.7799562811851501,-52.67,0,1,180,1.686,0.8612,0.9626,0.534,0.2584,0.2888,0.2136,0.7607,0.4733
113.851,2,RETURN_HOME,6.6575,2.4859,-1.9757,-0.4011,-0.8185,-2.748,-0.6011,-0.7185,0.9368,0.0,0.0,7.1065,11.960082054138184,0.7883878350257874,-56.68,0,1,180,1.663,0.8694,1.0,0.543,0.2608,0.3,0.2172,0.778,0.497
113.901,2,RETURN_HOME,6.6335,2.446,-1.9717,-0.421,-0.8113,-2.7532,-0.621,-0.7113,0.9443,0.0,0.0,7.0701,11.971390724182129,0.7945759892463684,-58.68,0,1,180,1.768,0.8777,1.0,0.5525,0.2633,0.3,0.221,0.7843,0.5015
113.951,2,RETURN_HOME,6.6132,2.4131,-1.9691,-0.4374,-0.8052,-2.7574,-0.6374,-0.6052,0.8789,0.0,0.0,7.0397,11.984292030334473,0.8013100624084473,-60.68,0,1,180,1.59,0.9173,1.0,0.5375,0.2752,0.3,0.215,0.7902,0.5028
114.002,2,RETURN_HOME,6.5932,2.3801,-1.9639,-0.4533,-0.7993,-2.7615,-0.6533,-0.5993,0.8866,0.0,0.0,7.0097,12.007506370544434,0.8179453611373901,-64.68,0,1,180,1.941,0.9227,1.0,0.5454,0.2768,0.3,0.2181,0.7949,0.5231
114.051,2,RETURN_HOME,6.5689,2.3408,-1.9581,-0.4723,-0.7923,-2.7662,-0.6723,-0.5923,0.896,0.0,0.0,6.9735,12.019262313842773,0.8248141407966614,-66.44,0,1,180,1.796,0.9287,1.0,0.5548,0.2786,0.3,0.2219,0.8005,0.5329
114.102,2,RETURN_HOME,6.5482,2.3084,-1.9544,-0.4879,-0.7845,-2.77,-0.6879,-0.5845,0.9027,0.0,0.0,6.9432,12.031322479248047,0.8338278532028198,-68.44,0,1,180,2.069,0.934,1.0,0.5621,0.2802,0.3,0.2248,0.805,0.553
114.151,2,RETURN_HOME,6.5279,2.275,-1.951,-0.5033,-0.7755,-2.7737,-0.7033,-0.5755,0.9088,0.0,0.0,6.9129,12.049724578857422,0.8553698658943176,-71.69,0,1,180,1.713,0.9392,1.0,0.569,0.2818,0.3,0.2276,0.8094,0.5785
114.202,2,RETURN_HOME,6.5029,2.2354,-1.9479,-0.5218,-0.7629,-2.7781,-0.7218,-0.5629,0.9153,0.0,0.0,6.8764,12.057263374328613,0.8687442541122437,-73.44,0,1,180,1.918,0.9456,1.0,0.577,0.2837,0.3,0.2308,0.8145,0.5906
114.251,2,RETURN_HOME,6.477,2.1968,-1.9459,-0.5404,-0.7489,-2.7825,-0.7404,-0.6489,0.9845,0.0,0.0,6.8394,12.070268630981445,0.8801336288452148,-75.44,0,1,180,1.853,0.9239,1.0,0.6064,0.2772,0.3,0.2425,0.8197,0.6224
114.302,2,RETURN_HOME,6.4569,2.1651,-1.9443,-0.5553,-0.7367,-2.7862,-0.7553,-0.6367,0.9878,0.0,0.0,6.8102,12.0913667678833,0.9054979681968689,-78.7,0,1,180,2.149,0.9298,1.0,0.6123,0.2789,0.3,0.2449,0.8239,0.6549
114.351,2,RETURN_HOME,6.4316,2.1279,-1.9433,-0.5733,-0.7217,-2.7906,-0.7733,-0.6217,0.9922,0.0,0.0,6.7745,12.103482246398926,0.916316032409668,-80.2,0,1,180,1.753,0.9367,1.0,0.6196,0.281,0.3,0.2478,0.8289,0.6692
114.401,2,RETURN_HOME,6.4044,2.0914,-1.9431,-0.592,-0.7094,-2.795,-0.792,-0.7094,1.0632,0.0,0.0,6.7373,12.119732856750488,0.929792582988739,-81.95,0,1,180,1.539,0.9152,1.0,0.6487,0.2746,0.3,0.2595,0.834,0.7052
114.451,2,RETURN_HOME,6.38,2.0609,-1.9435,-0.6081,-0.7012,-2.7986,-0.8081,-0.7012,1.07,0.0,0.0,6.7046,12.146678924560547,0.9570136070251465,-84.7,0,1,180,1.491,0.9202,1.0,0.6564,0.2761,0.3,0.2625,0.8386,0.7381
114.502,2,RETURN_HOME,6.3498,2.025,-1.9445,-0.6273,-0.693,-2.8029,-0.8273,-0.693,1.0792,0.0,0.0,6.6648,12.16413688659668,0.9714967012405396,-86.2,0,1,180,1.968,0.9255,1.0,0.6658,0.2776,0.3,0.2663,0.844,0.7594
114.551,2,RETURN_HOME,6.324,1.9959,-1.9448,-0.6432,-0.6885,-2.8065,-0.8432,-0.6885,1.0886,0.0,0.0,6.6315,12.178885459899902,0.9881832599639893,-87.71,0,1,180,1.84,0.929,1.0,0.6742,0.2787,0.3,0.2697,0.8484,0.7773
114.601,2,RETURN_HOME,6.2978,1.9673,-1.9443,-0.6588,-0.6859,-2.81,-0.8588,-0.7859,1.1641,0.0,0.0,6.5979,12.2107572555542,1.017625331878662,-90.46,0,1,180,1.575,0.9055,1.0,0.7027,0.2716,0.3,0.2811,0.8527,0.836
114.651,2,RETURN_HOME,6.2655,1.9332,-1.9442,-0.6774,-0.6845,-2.8141,-0.8774,-0.7845,1.1769,0.0,0.0,6.5569,12.223730087280273,1.0340639352798462,-91.71,0,1,180,1.898,0.9089,1.0,0.7131,0.2727,0.3,0.2852,0.8579,0.8526
114.702,2,RETURN_HOME,6.2379,1.9042,-1.9465,-0.693,-0.6843,-2.8174,-0.893,-0.7843,1.1885,0.0,0.0,6.5221,12.236987113952637,1.0527695417404175,-92.96,0,1,180,1.724,0.9113,1.0,0.7221,0.2734,0.3,0.2888,0.8622,0.8763
114.751,2,RETURN_HOME,6.2096,1.8744,-1.9515,-0.7089,-0.6864,-2.8207,-0.9089,-0.7864,1.2019,0.0,0.0,6.4863,12.263116836547852,1.0861716270446777,-95.96,0,1,180,1.76,0.913,1.0,0.7316,0.2739,0.3,0.2926,0.8666,0.9194
114.802,2,RETURN_HOME,6.1748,1.8388,-1.9572,-0.7278,-0.691,-2.8245,-0.9278,-0.791,1.2193,0.0,0.0,6.4428,12.275920867919922,1.1054530143737793,-96.96,0,1,180,2.245,0.9145,1.0,0.7433,0.2743,0.3,0.2973,0.8717,0.9424
114.851,2,RETURN_HOME,6.1466,1.8092,-1.9603,-0.7428,-0.6961,-2.8275,-0.9428,-0.7961,1.234,0.0,0.0,6.4073,12.286561965942383,1.1287020444869995,-98.22,0,1,180,1.597,0.9151,1.0,0.7528,0.2745,0.3,0.3011,0.8757,0.9717
114.901,2,RETURN_HOME,6.1127,1.7737,-1.963,-0.7603,-0.7029,-2.8311,-0.9603,-0.8029,1.2517,0.0,0.0,6.3649,12.301285743713379,1.1663347482681274,-100.72,0,1,180,1.586,0.9155,1.0,0.764,0.2747,0.3,0.3056,0.8803,1.0188
114.951,2,RETURN_HOME,6.0777,1.7382,-1.9657,-0.7779,-0.7098,-2.8347,-0.9779,-0.8098,1.2697,0.0,0.0,6.3214,12.307997703552246,1.1865984201431274,-101.47,0,1,180,1.542,0.9159,1.0,0.7753,0.2748,0.3,0.3101,0.8849,1.0444
115.002,2,RETURN_HOME,6.0465,1.7088,-1.9659,-0.7934,-0.7156,-2.8376,-0.9934,-0.8156,1.2853,0.0,0.0,6.2833,12.31220817565918,1.2109193801879883,-102.22,0,1,180,1.794,0.9163,1.0,0.7852,0.2749,0.3,0.3141,0.889,1.0718
115.051,2,RETURN_HOME,6.0143,1.6793,-1.9658,-0.8092,-0.7212,-2.8405,-1.0092,-0.8212,1.3011,0.0,0.0,6.2444,12.320034980773926,1.2561955451965332,-105.22,0,1,180,1.594,0.9168,1.0,0.7952,0.275,0.3,0.3181,0.8931,1.1207
115.101,2,RETURN_HOME,5.9749,1.6438,-1.966,-0.8282,-0.7276,-2.844,-1.0282,-0.8276,1.3199,0.0,0.0,6.1969,12.323143005371094,1.2800993919372559,-105.47,0,1,180,1.684,0.9174,1.0,0.8073,0.2752,0.3,0.3229,0.8981,1.1453
115.151,2,RETURN_HOME,5.9338,1.6061,-1.968,-0.8478,-0.7352,-2.8476,-1.0478,-0.8352,1.34,0.0,0.0,6.1474,12.326441764831543,1.3065048456192017,-106.47,0,1,180,1.689,0.9177,1.0,0.8198,0.2753,0.3,0.3279,0.9032,1.1742
115.201,2,RETURN_HOME,5.899,1.5747,-1.9697,-0.8642,-0.7413,-2.8506,-1.0642,-0.8413,1.3566,0.0,0.0,6.1056,12.331534385681152,1.3553125858306885,-107.22,0,1,180,1.645,0.9179,1.0,0.8301,0.2754,0.3,0.3321,0.9074,1.2233
115.251,2,RETURN_HOME,5.8566,1.5367,-1.9719,-0.8837,-0.7484,-2.8543,-1.0837,-0.8484,1.3763,0.0,0.0,6.0548,12.336181640625,1.3789323568344116,-107.47,0,1,180,1.698,0.9181,1.0,0.8424,0.2754,0.3,0.337,0.9124,1.2497
115.302,2,RETURN_HOME,5.8213,1.5039,-1.9744,-0.8999,-0.7546,-2.8573,-1.0999,-0.8546,1.3929,0.0,0.0,6.0124,12.338892936706543,1.4079700708389282,-108.23,0,1,180,2.167,0.918,1.0,0.8524,0.2754,0.3,0.341,0.9164,1.2781
115.351,2,RETURN_HOME,5.7852,1.4712,-1.9768,-0.9159,-0.7607,-2.8603,-1.1159,-0.8607,1.4092,0.0,0.0,5.9694,12.346807479858398,1.458001732826233,-105.97,0,1,180,1.741,0.9179,1.0,0.8624,0.2754,0.3,0.345,0.9203,1.33
115.401,2,RETURN_HOME,5.7407,1.4319,-1.9803,-0.9353,-0.7678,-2.8639,-1.1353,-0.8678,1.4289,0.0,0.0,5.9166,12.351484298706055,1.4825003147125244,-106.47,0,1,180,1.777,0.9178,1.0,0.8744,0.2754,0.3,0.3497,0.9251,1.356
115.451,2,RETURN_HOME,5.6937,1.3925,-1.9869,-0.9554,-0.7751,-2.8675,-1.1554,-0.7751,1.3913,0.0,0.0,5.8615,12.355133056640625,1.5106799602508545,-106.22,0,1,180,1.607,0.939,1.0,0.871,0.2817,0.3,0.3484,0.9301,1.3652
115.501,2,RETURN_HOME,5.6619,1.3662,-1.9909,-0.9687,-0.7799,-2.8699,-1.1687,-0.7799,1.405,0.0,0.0,5.8244,12.360454559326172,1.5367454290390015,-106.47,0,1,180,1.556,0.9388,1.0,0.8794,0.2816,0.3,0.3517,0.9334,1.3933
115.551,2,RETURN_HOME,5.6125,1.3278,-1.9952,-0.9888,-0.7869,-2.8735,-1.1888,-0.7869,1.4256,0.0,0.0,5.7675,12.371520042419434,1.5871012210845947,-104.22,0,1,180,1.776,0.9385,1.0,0.892,0.2816,0.3,0.3568,0.9384,1.4439
115.601,2,RETURN_HOME,5.5607,1.2912,-1.9969,-1.0089,-0.7909,-2.8771,-1.2089,-0.5909,1.3456,0.0,0.0,5.7087,12.374612808227539,1.6154961585998535,-106.22,0,1,180,1.642,0.9745,1.0,0.8741,0.2923,0.3,0.3497,9979.9134,1.4317
115.651,2,RETURN_HOME,5.5173,1.2604,-1.9982,-1.0255,-0.7927,-2.8801,-1.2255,-0.5927,1.3613,0.0,0.0,5.6594,12.376256942749023,1.6414779424667358,-103.97,0,1,180,1.542,0.9746,1.0,0.8845,0.2924,0.3,0.3538,9980.7391,1.46
115.702,2,RETURN_HOME,5.4657,1.2238,-1.9994,-1.0449,-0.7932,-2.8836,-1.2449,-0.5932,1.379,0.0,0.0,5.6011,12.38758373260498,1.6927756071090698,-104.72,0,1,180,2.121,0.9749,1.0,0.8963,0.2925,0.3,0.3585,9981.6981,1.51
115.751,2,RETURN_HOME,5.4232,1.1937,-2.0003,-1.0606,-0.7891,-2.8866,-1.2606,-0.5891,1.3914,0.0,0.0,5.553,12.388481140136719,1.721019983291626,-104.22,0,1,180,1.625,0.9758,1.0,0.9052,0.2927,0.3,0.3621,9982.5039,1.5379
115.801,2,RETURN_HOME,5.38,1.1636,-2.0012,-1.0763,-0.781,-2.8898,-1.2763,-0.581,1.4023,0.0,0.0,5.5044,12.392181396484375,1.747127890586853,-103.97,0,1,180,1.641,0.9771,1.0,0.9135,0.2931,0.3,0.3654,9983.3434,1.5633
115.851,2,RETURN_HOME,5.3269,1.1277,-2.0036,-1.0957,-0.7678,-2.8939,-1.2957,-0.5678,1.4146,0.0,0.0,5.445,12.409287452697754,1.7984288930892944,-103.97,0,1,180,1.612,0.9792,1.0,0.9235,0.2938,0.3,0.3694,9984.4083,1.6112
115.901,2,RETURN_HOME,5.2724,1.0921,-2.007,-1.1157,-0.7524,-2.8983,-1.3157,-0.5524,1.4269,0.0,0.0,5.3843,12.427577018737793,1.8256500959396362,-103.22,0,1,180,1.565,0.9814,1.0,0.9336,0.2944,0.3,0.3734,9985.5195,1.6363
115.951,2,RETURN_HOME,5.2264,1.0629,-2.0095,-1.1324,-0.7388,-2.9021,-1.3324,-0.5388,1.4372,0.0,0.0,5.3334,12.44755744934082,1.8500664234161377,-103.97,0,1,180,1.767,0.9832,1.0,0.942,0.295,0.3,0.3768,9986.4561,1.6597
116.002,2,RETURN_HOME,5.1705,1.0236,-2.0127,-1.1526,-0.7252,-2.9067,-1.3526,-0.5252,1.451,0.0,0.0,5.2709,12.49725341796875,1.9002975225448608,-101.72,0,1,180,1.871,0.9847,1.0,0.9525,0.2954,0.3,0.381,9987.5278,1.7041
116.051,2,RETURN_HOME,5.1234,0.9909,-2.0151,-1.1694,-0.7144,-2.9106,-1.3694,-0.5144,1.4628,0.0,0.0,5.2183,12.534181594848633,1.9271987676620483,-101.72,0,1,180,1.686,0.9859,1.0,0.9614,0.2958,0.3,0.3846,9988.4047,1.7289
116.102,2,RETURN_HOME,5.0756,0.9591,-2.0171,-1.1861,-0.7037,-2.9146,-1.3861,-0.5037,1.4747,0.0,0.0,5.1655,12.56412410736084,1.9501818418502808,-103.47,0,1,180,2.202,0.9869,1.0,0.9703,0.2961,0.3,0.3881,9989.2676,1.7516
116.151,2,RETURN_HOME,5.0189,0.9219,-2.019,-1.2057,-0.6913,-2.9194,-1.4057,-0.4913,1.4891,0.0,0.0,5.1029,12.635313987731934,1.9957839250564575,-103.47,0,1,180,1.819,0.9881,1.0,0.9809,0.2964,0.3,0.3924,9990.2554,1.7936
116.201,2,RETURN_HOME,4.971,0.8917,-2.0203,-1.2221,-0.6808,-2.9235,-1.3221,-0.4808,1.4068,0.0,0.0,5.0503,12.679529190063477,2.0215253829956055,-101.72,0,1,180,1.801,0.9854,1.0,0.9241,0.2956,0.3,0.3697,9988.4495,1.8183
116.251,2,RETURN_HOME,4.9132,0.8561,-2.0214,-1.2419,-0.668,-2.9284,-1.3419,-0.468,1.4212,0.0,0.0,4.9872,12.720036506652832,2.0446555614471436,-101.72,0,1,180,1.551,0.9867,1.0,0.9349,0.296,0.3,0.374,9989.4926,1.8375
116.301,2,RETURN_HOME,4.8664,0.8261,-2.0213,-1.2578,-0.6575,-2.9327,-1.3578,-0.4575,1.4328,0.0,0.0,4.9361,12.806029319763184,2.087676763534546,-101.22,0,1,180,1.588,0.9877,1.0,0.9434,0.2963,0.3,0.3774,9990.3015,1.8801
116.351,2,RETURN_HOME,4.8091,0.7912,-2.0212,-1.2743,-0.6444,-2.9378,-1.3743,-0.4444,1.4443,0.0,0.0,4.8737,12.86460018157959,2.1114706993103027,-101.47,0,1,180,1.572,0.9888,1.0,0.9521,0.2966,0.3,0.3808,9991.1999,1.9014
116.401,2,RETURN_HOME,4.7604,0.763,-2.0211,-1.2864,-0.633,-2.9422,-1.3864,-0.433,1.4524,0.0,0.0,4.8212,12.917793273925781,2.1330928802490234,-100.97,0,1,180,1.554,0.9897,1.0,0.9583,0.2969,0.3,0.3833,9991.8961,1.9205
116.451,2,RETURN_HOME,4.7015,0.7303,-2.021,-1.2996,-0.6191,-2.9474,-1.3996,-0.4191,1.461,0.0,0.0,4.7579,13.027789115905762,2.172884225845337,-100.47,0,1,180,1.57,0.9906,1.0,0.9649,0.2972,0.3,0.386,9992.6767,1.958
116.502,2,RETURN_HOME,4.6516,0.7038,-2.0209,-1.3101,-0.6073,-2.9517,-1.4,-0.4073,1.458,0.0,0.0,4.7046,13.09503173828125,2.1961746215820312,-101.97,0,1,180,2.085,0.9912,1.0,0.9635,0.2974,0.3,0.3854,9993.0859,1.977
116.552,2,RETURN_HOME,4.5917,0.674,-2.0208,-1.3222,-0.5925,-2.9567,-1.4,-0.3925,1.454,0.0,0.0,4.6409,13.154753684997559,2.215909004211426,-102.47,0,1,180,1.82,0.9919,1.0,0.9614,0.2976,0.3,0.3846,9993.5739,1.9948
116.602,2,RETURN_HOME,4.5424,0.6513,-2.0209,-1.3321,-0.5795,-2.9609,-1.4,-0.3795,1.4505,0.0,0.0,4.5888,13.283398628234863,2.25361967086792,-100.72,0,1,180,1.944,0.9925,1.0,0.9598,0.2978,0.3,0.3839,9993.9947,2.0285
116.651,2,RETURN_HOME,4.482,0.6246,-2.0209,-1.344,-0.564,-2.9658,-1.4,-0.364,1.4465,0.0,0.0,4.5254,13.358024597167969,2.2743921279907227,-99.47,0,1,180,1.628,0.9933,1.0,0.9579,0.298,0.3,0.3832,9994.4881,2.0471
116.702,2,RETURN_HOME,4.4312,0.6035,-2.0186,-1.3537,-0.5508,-2.9698,-1.4,-0.3508,1.4433,0.0,0.0,4.4721,13.424771308898926,2.2931721210479736,-100.22,0,1,180,1.964,0.9939,1.0,0.9564,0.2982,0.3,0.3825,9994.8931,2.0631
116.751,2,RETURN_HOME,4.3694,0.5792,-2.0144,-1.3649,-0.535,-2.9747,-1.4,-0.335,1.4395,0.0,0.0,4.4076,13.355230331420898,2.327460765838623,-99.47,0,1,180,1.828,0.9947,1.0,0.9546,0.2984,0.3,0.3818,9995.3567,2.096
116.801,2,RETURN_HOME,4.3066,0.5554,-2.0109,-1.3755,-0.5192,-2.9795,-1.4,-0.3192,1.4359,0.0,0.0,4.3422,13.30518627166748,2.346486806869507,-99.47,0,1,180,1.78,0.9954,1.0,0.9529,0.2986,0.3,0.3812,9995.7751,2.1123
116.851,2,RETURN_HOME,4.2551,0.5364,-2.0094,-1.3834,-0.5057,-2.9836,-1.4,-0.3057,1.433,0.0,0.0,4.2888,13.26259994506836,2.363924503326416,-98.72,0,1,180,1.884,0.996,1.0,0.9515,0.2988,0.3,0.3806,9996.0878,2.1256
116.901,2,RETURN_HOME,4.1927,0.5142,-2.0083,-1.3921,-0.4894,-2.9884,-1.4,-0.2894,1.4296,0.0,0.0,4.2241,13.174615859985352,2.397603988647461,-98.97,0,1,180,1.705,0.9967,1.0,0.9499,0.299,0.3,0.38,9996.389,2.1547
116.951,2,RETURN_HOME,4.14,0.4962,-2.0075,-1.3989,-0.4759,-2.9924,-1.4,-0.2759,1.4269,0.0,0.0,4.1696,13.124064445495605,2.4142744541168213,-97.47,0,1,180,1.565,0.9972,1.0,0.9486,0.2991,0.3,0.3794,9996.5576,2.1705
117.001,2,RETURN_HOME,4.0836,0.4799,-2.0068,-1.4064,-0.462,-2.9963,-1.4,-0.262,1.4243,0.0,0.0,4.1117,13.079338073730469,2.4305012226104736,-96.96,0,1,180,1.096,0.9977,1.0,0.9473,0.2993,0.3,0.3789,9996.9062,2.1844
117.05,2,RETURN_HOME,4.0148,0.4612,-2.0061,-1.4151,-0.4453,-3.0009,-1.4,-0.2453,1.4213,0.0,0.0,4.0412,12.990391731262207,2.4596283435821533,-96.46,0,1,180,1.065,0.9983,1.0,0.9459,0.2995,0.3,0.3784,9997.4743,2.2094
117.101,2,RETURN_HOME,3.9572,0.4459,-2.0057,-1.4217,-0.4314,-3.0046,-1.4,-0.2314,1.419,0.0,0.0,3.9822,12.939316749572754,2.47658634185791,-97.22,0,1,180,1.039,0.9987,1.0,0.9447,0.2996,0.3,0.3779,9997.8652,2.2209
117.151,2,RETURN_HOME,3.8859,0.4262,-2.0022,-1.4297,-0.4152,-3.0089,-1.4,-0.2152,1.4165,0.0,0.0,3.9092,12.895096778869629,2.4910500049591064,-97.22,0,1,180,1.162,0.9991,1.0,0.9434,0.2997,0.3,0.3774,9998.1191,2.2337
117.201,2,RETURN_HOME,3.8265,0.4104,-1.9997,-1.4357,-0.4018,-3.0124,-1.4,-0.2018,1.4145,0.0,0.0,3.8484,12.804591178894043,2.5184664726257324,-97.97,0,1,180,1.114,0.9993,1.0,0.9424,0.2998,0.3,0.3769,9998.1072,2.2568
117.25,2,RETURN_HOME,3.7554,0.3919,-1.998,-1.4421,-0.3856,-3.0163,-1.4,-0.1856,1.4123,0.0,0.0,3.7758,12.752791404724121,2.533015012741089,-96.96,0,1,180,1.041,0.9996,1.0,0.9411,0.2999,0.3,0.3765,9998.4446,2.2701
117.3,2,RETURN_HOME,3.6966,0.3769,-1.9997,-1.4465,-0.372,-3.0195,-1.4,-0.172,1.4105,0.0,0.0,3.7158,12.706582069396973,2.5447912216186523,-97.72,0,1,180,1.008,0.9998,1.0,0.9401,0.2999,0.3,0.3761,9999.0087,2.2809
117.351,2,RETURN_HOME,3.6261,0.3596,-2.0016,-1.4511,-0.3556,-3.0232,-1.4,-0.1556,1.4086,0.0,0.0,3.6439,12.61569595336914,2.5701563358306885,-96.46,0,1,180,1.105,0.9999,1.0,0.939,0.3,0.3,0.3756,9999.4394,2.3013
117.401,2,RETURN_HOME,3.5667,0.3455,-2.0019,-1.4546,-0.342,-3.0261,-1.4,-0.142,1.4072,0.0,0.0,3.5834,12.56454849243164,2.5829343795776367,-96.46,0,1,180,1.177,1.0,1.0,0.9381,0.3,0.3,0.3752,9999.1371,2.3118
117.451,2,RETURN_HOME,3.4947,0.3288,-2.0002,-1.4586,-0.326,-3.0295,-1.3,-0.126,1.3061,0.0,0.0,3.5101,12.518205642700195,2.595221757888794,-98.22,0,1,180,1.122,1.0,1.0,0.8707,0.3,0.3,0.3483,9998.6594,2.3206
117.501,2,RETURN_HOME,3.4347,0.3156,-1.9991,-1.4617,-0.3125,-3.0323,-1.3,-0.1125,1.3049,0.0,0.0,3.4492,12.424759864807129,2.617015838623047,-96.46,0,1,180,1.04,1.0,1.0,0.8699,0.3,0.3,0.348,9999.2109,2.3377
117.55,2,RETURN_HOME,3.3749,0.3034,-1.9984,-1.4647,-0.2989,-3.0351,-1.2,-0.0989,1.2041,0.0,0.0,3.3885,12.374829292297363,2.6290836334228516,-97.47,0,1,180,1.044,1.0,1.0,0.8027,0.3,0.3,0.3211,9999.4,2.3494
117.601,2,RETURN_HOME,3.3035,0.2902,-1.9983,-1.4654,-0.2824,-3.0385,-1.2,-0.0824,1.2028,0.0,0.0,3.3162,12.327407836914062,2.639503002166748,-96.21,0,1,180,1.053,0.9998,1.0,0.8017,0.2999,0.3,0.3207,9998.8819,2.3562
117.65,2,RETURN_HOME,3.2322,0.2777,-1.9984,-1.4635,-0.2659,-3.0418,-1.3,-0.1659,1.3105,0.0,0.0,3.2441,12.233616828918457,2.657254695892334,-96.71,0,1,180,1.081,0.9992,1.0,0.873,0.2997,0.3,0.3492,9998.165,2.3921
117.701,2,RETURN_HOME,3.1703,0.2678,-1.9997,-1.459,-0.2519,-3.0445,-1.4,-0.1519,1.4082,0.0,0.0,3.1816,12.182963371276855,2.667771100997925,-95.96,0,1,180,1.082,0.9997,1.0,0.9385,0.2999,0.3,0.3754,9998.7873,2.3983
117.751,2,RETURN_HOME,3.0948,0.2566,-2.002,-1.4501,-0.235,-3.0475,-1.4,-0.135,1.4065,0.0,0.0,3.1055,12.137373924255371,2.6773085594177246,-95.21,0,1,180,1.222,0.9999,1.0,0.9376,0.3,0.3,0.375,9999.4768,2.4043
117.801,2,RETURN_HOME,3.0329,0.2478,-2.0038,-1.4432,-0.2226,-3.0496,-1.4,-0.1226,1.4054,0.0,0.0,3.043,12.047035217285156,2.691828489303589,-95.46,0,1,180,1.153,1.0,1.0,0.9369,0.3,0.3,0.3748,9999.386,2.4183
117.851,2,RETURN_HOME,2.9616,0.2419,-2.0029,-1.4378,-0.2084,-3.0519,-1.2,-0.1084,1.2049,0.0,0.0,2.9715,11.995439529418945,2.7004544734954834,-96.21,0,1,180,1.271,1.0,1.0,0.8032,0.3,0.3,0.3213,9998.8685,2.4234
117.901,2,RETURN_HOME,2.903,0.2376,-2.0017,-1.4366,-0.1979,-3.0536,-1.2,-0.0979,1.204,0.0,0.0,2.9127,11.949828147888184,2.7084901332855225,-95.71,0,1,180,1.137,1.0,1.0,0.8027,0.3,0.3,0.3211,9999.4725,2.429
117.95,2,RETURN_HOME,2.8328,0.2324,-2.0005,-1.438,-0.1866,-3.0557,-1.3,-0.0866,1.3029,0.0,0.0,2.8423,11.861701011657715,2.7216055393218994,-93.71,0,1,180,1.117,0.9999,1.0,0.8685,0.3,0.3,0.3474,9999.3036,2.4411
118.0,2,RETURN_HOME,2.7565,0.2252,-2.0039,-1.4377,-0.177,-3.0576,-1.4,-0.077,1.4021,0.0,0.0,2.7656,11.81006908416748,2.7300302982330322,-93.46,0,1,180,1.058,0.9996,1.0,0.9344,0.2999,0.3,0.3738,9999.0682,2.4466
118.051,2,RETURN_HOME,2.6938,0.2193,-2.0066,-1.434,-0.1693,-3.0591,-1.2,-0.0693,1.202,0.0,0.0,2.7027,11.76461124420166,2.7361321449279785,-94.21,0,1,180,1.119,0.9997,1.0,0.8011,0.2999,0.3,0.3204,9998.8434,2.4507
118.101,2,RETURN_HOME,2.6191,0.212,-2.0082,-1.4298,-0.1603,-3.0605,-1.2,-0.0603,1.2015,0.0,0.0,2.6277,11.67529582977295,2.7487430572509766,-94.21,0,1,180,1.28,0.9995,1.0,0.8006,0.2999,0.3,0.3203,9998.8801,2.4608
118.151,2,RETURN_HOME,2.5558,0.2043,-2.0042,-1.4293,-0.1535,-3.0615,-1.4,-0.1535,1.4084,0.0,0.0,2.5639,11.6257963180542,2.755857229232788,-95.46,0,1,180,1.115,0.9996,1.0,0.9385,0.2999,0.3,0.3754,9999.1049,2.4858
118.202,2,RETURN_HOME,2.4932,0.197,-2.0007,-1.4264,-0.1461,-3.0624,-1.4,-0.1461,1.4076,0.0,0.0,2.501,11.580714225769043,2.761030435562134,-94.21,0,1,180,1.573,0.9997,1.0,0.9381,0.2999,0.3,0.3752,9999.1957,2.4911
118.251,2,RETURN_HOME,2.4198,0.1884,-1.9962,-1.4193,-0.1368,-3.0634,-1.2,-0.1368,1.2078,0.0,0.0,2.4272,11.49282455444336,2.771574020385742,-93.71,0,1,180,1.132,0.9994,1.0,0.8047,0.2998,0.3,0.3219,9998.8327,2.4988
118.301,2,RETURN_HOME,2.3485,0.1795,-1.9905,-1.4157,-0.1301,-3.0642,-1.3,-0.1301,1.3065,0.0,0.0,2.3553,11.443342208862305,2.7775990962982178,-93.21,0,1,180,1.06,0.9997,1.0,0.8708,0.2999,0.3,0.3483,9999.2524,2.5053
118.351,2,RETURN_HOME,2.2895,0.1725,-1.9866,-1.4154,-0.1262,-3.0649,-1.4,-0.1262,1.4057,0.0,0.0,2.296,11.397337913513184,2.7830471992492676,-95.46,0,1,180,1.047,0.9999,1.0,0.937,0.3,0.3,0.3748,9999.3298,2.5086
118.401,2,RETURN_HOME,2.2202,0.164,-1.9824,-1.4112,-0.123,-3.0654,-1.4,-0.123,1.4054,0.0,0.0,2.2263,11.3109769821167,2.792370319366455,-94.46,0,1,180,1.085,0.9999,1.0,0.9368,0.3,0.3,0.3747,9999.5225,2.5168
118.451,2,RETURN_HOME,2.1636,0.157,-1.9795,-1.4076,-0.1213,-3.0658,-1.2,-0.1213,1.2061,0.0,0.0,2.1693,11.262474060058594,2.797102451324463,-94.21,0,1,180,1.09,0.9996,1.0,0.8038,0.2999,0.3,0.3215,9999.0917,2.5217
118.501,2,RETURN_HOME,2.1072,0.1502,-1.9772,-1.4063,-0.1199,-3.0661,-1.3,-0.1199,1.3055,0.0,0.0,2.1125,11.219396591186523,2.8020482063293457,-94.46,0,1,180,1.05,0.9998,1.0,0.8702,0.2999,0.3,0.3481,9999.3084,2.5261
118.551,2,RETURN_HOME,2.0418,0.1431,-1.9763,-1.4075,-0.1179,-3.0665,-1.3,-0.1179,1.3053,0.0,0.0,2.0469,11.13107681274414,2.811358690261841,-93.21,0,1,180,1.05,0.9998,1.0,0.87,0.2999,0.3,0.348,9999.2109,2.5342
118.6,2,RETURN_HOME,1.9773,0.1367,-1.9765,-1.4057,-0.1155,-3.067,-1.4,-0.1155,1.4048,0.0,0.0,1.982,11.083681106567383,2.816007614135742,-93.21,0,1,180,0.993,0.9999,1.0,0.9364,0.3,0.3,0.3746,9999.6006,2.5367
118.651,2,RETURN_HOME,1.9233,0.1315,-1.9769,-1.4034,-0.1132,-3.0675,-1.4,-0.1132,1.4046,0.0,0.0,1.9278,11.039827346801758,2.8203959465026855,-93.46,0,1,180,1.162,0.9999,1.0,0.9363,0.3,0.3,0.3745,9999.449,2.5405
118.701,2,RETURN_HOME,1.8709,0.128,-1.9763,-1.3995,-0.1103,-3.0678,-1.3,-0.1103,1.3047,0.0,0.0,1.8752,10.953343391418457,2.8283300399780273,-92.21,0,1,180,1.806,0.9999,1.0,0.8697,0.3,0.3,0.3479,9999.2315,2.5492
118.751,2,RETURN_HOME,1.808,0.1243,-1.9757,-1.3975,-0.1066,-3.0683,-1.3,-0.1066,1.3044,0.0,0.0,1.8123,10.904369354248047,2.8337717056274414,-92.46,0,1,180,1.793,0.9999,1.0,0.8695,0.3,0.3,0.3478,9999.5269,2.553
118.802,2,RETURN_HOME,1.7553,0.1211,-1.9755,-1.3977,-0.1036,-3.0686,-1.1,-0.1036,1.1049,0.0,0.0,1.7594,10.861244201660156,2.8365814685821533,-94.21,0,1,180,2.182,0.9997,1.0,0.7363,0.2999,0.3,0.2945,9999.1559,2.5574
118.851,2,RETURN_HOME,1.6953,0.1175,-1.9716,-1.3962,-0.1003,-3.0692,-1.4,-0.1003,1.4036,0.0,0.0,1.6993,10.77443790435791,2.8440141677856445,-94.46,0,1,180,1.774,1.0,1.0,0.9357,0.3,0.3,0.3743,9999.7483,2.5638
118.901,2,RETURN_HOME,1.6452,0.1144,-1.9684,-1.3932,-0.0976,-3.0698,-1.4,-0.0976,1.4034,0.0,0.0,1.6491,10.725320816040039,2.8476343154907227,-93.71,0,1,180,1.683,1.0,1.0,0.9356,0.3,0.3,0.3742,9999.5542,2.5674
118.951,2,RETURN_HOME,1.5848,0.111,-1.9654,-1.3827,-0.0941,-3.0705,-1.3,-0.0941,1.3034,0.0,0.0,1.5886,10.681193351745605,2.852416753768921,-93.96,0,1,180,1.737,1.0,1.0,0.8689,0.3,0.3,0.3476,9999.5794,2.5707
119.002,2,RETURN_HOME,1.5349,0.1086,-1.9627,-1.3766,-0.0912,-3.071,-1.3,-0.0912,1.3032,0.0,0.0,1.5388,10.592645645141602,2.859503746032715,-93.96,0,1,180,1.82,1.0,1.0,0.8688,0.3,0.3,0.3475,9999.6109,2.5763
119.051,2,RETURN_HOME,1.4846,0.1062,-1.9608,-1.3743,-0.0883,-3.0714,-1.2,-0.0883,1.2032,0.0,0.0,1.4884,10.54692268371582,2.862135648727417,-93.96,0,1,180,1.892,1.0,1.0,0.8022,0.3,0.3,0.3209,9999.3511,2.5797
119.102,2,RETURN_HOME,1.4226,0.1035,-1.9591,-1.3733,-0.0848,-3.0718,-1.2,-0.0848,1.203,0.0,0.0,1.4264,10.50473403930664,2.8654298782348633,-93.96,0,1,180,2.142,1.0,1.0,0.802,0.3,0.3,0.3208,9999.6671,2.5829
119.151,2,RETURN_HOME,1.3666,0.1025,-1.9585,-1.3745,-0.0814,-3.072,-1.4,-0.0814,1.4024,0.0,0.0,1.3704,10.418184280395508,2.8728787899017334,-93.96,0,1,180,1.902,0.9999,1.0,0.9348,0.3,0.3,0.3739,9999.522,2.5886
119.201,2,RETURN_HOME,1.2995,0.1011,-1.9582,-1.3723,-0.0774,-3.0723,-1.3,-0.0774,1.3023,0.0,0.0,1.3035,10.368486404418945,2.8766911029815674,-94.46,0,1,180,1.812,0.9998,1.0,0.8681,0.3,0.3,0.3472,9999.7283,2.5901
119.251,2,RETURN_HOME,1.2441,0.0995,-1.9596,-1.3682,-0.0743,-3.0725,-1.2,-0.0743,1.2023,0.0,0.0,1.2481,10.324956893920898,2.879878520965576,-93.46,0,1,180,1.757,0.9998,1.0,0.8014,0.3,0.3,0.3206,9999.471,2.5946
119.302,2,RETURN_HOME,1.1895,0.0967,-1.965,-1.367,-0.0719,-3.0725,-1.2,-0.0719,1.2022,0.0,0.0,1.1935,10.282562255859375,2.8814423084259033,-93.21,0,1,180,1.883,0.9998,1.0,0.8013,0.2999,0.3,0.3205,9999.7064,2.5971
119.351,2,RETURN_HOME,1.1241,0.0935,-1.9709,-1.3667,-0.0691,-3.0725,-1.1,-0.0691,1.1022,0.0,0.0,1.128,10.191754341125488,2.888420820236206,-92.21,0,1,180,1.86,0.9998,1.0,0.7346,0.2999,0.3,0.2939,9999.6385,2.603
119.402,2,RETURN_HOME,1.0705,0.0907,-1.9773,-1.3643,-0.0667,-3.0723,-1.1,-0.0667,1.102,0.0,0.0,1.0743,10.148910522460938,2.8915536403656006,-94.71,0,1,180,1.987,0.9997,1.0,0.7345,0.2999,0.3,0.2938,9999.5894,2.6048
119.452,2,RETURN_HOME,1.0182,0.0875,-1.9857,-1.36,-0.0644,-3.0719,-1.3,-0.0644,1.3016,0.0,0.0,1.0219,10.106013298034668,2.8945605754852295,-94.71,0,1,180,2.006,0.9993,1.0,0.8672,0.2998,0.3,0.3469,9999.2988,2.6059
119.501,2,RETURN_HOME,0.9554,0.084,-1.9946,-1.35,-0.0615,-3.0713,-1.2,-0.0615,1.2016,0.0,0.0,0.959,10.01486873626709,2.8998591899871826,-94.21,0,1,180,1.677,0.9993,1.0,0.8005,0.2998,0.3,0.3202,9999.4055,2.6131
119.551,2,RETURN_HOME,0.9038,0.0805,-2.0023,-1.3386,-0.0593,-3.0706,-1.1,-0.0593,1.1016,0.0,0.0,0.9074,9.971882820129395,2.9023659229278564,-93.71,0,1,180,1.722,0.9994,1.0,0.7339,0.2998,0.3,0.2936,9999.3938,2.6151
119.602,2,RETURN_HOME,0.8431,0.0754,-2.0121,-1.3285,-0.0574,-3.0695,-1.1,-0.0574,1.1015,0.0,0.0,0.8465,9.931255340576172,2.9073173999786377,-94.46,0,1,180,1.994,0.9993,1.0,0.7338,0.2998,0.3,0.2935,9999.2589,2.6154
119.652,2,RETURN_HOME,0.7925,0.0715,-2.019,-1.3215,-0.0557,-3.0686,-1.3,-0.1557,1.3093,0.0,0.0,0.7957,9.841482162475586,2.9112586975097656,-94.46,0,1,180,1.718,0.9996,1.0,0.8725,0.2999,0.3,0.349,9999.2068,2.643
119.701,2,RETURN_HOME,0.7428,0.0647,-2.0245,-1.3127,-0.055,-3.0675,-1.2,-0.155,1.21,0.0,0.0,0.7456,9.798771858215332,2.9133529663085938,-92.96,0,1,180,1.659,0.9991,1.0,0.8059,0.2997,0.3,0.3224,9999.1276,2.6475
119.751,2,RETURN_HOME,0.6837,0.055,-2.0299,-1.3009,-0.0546,-3.0662,-1.1,-0.0546,1.1014,0.0,0.0,0.686,9.75818920135498,2.915966510772705,-93.46,0,1,180,1.769,0.9995,1.0,0.7339,0.2999,0.3,0.2936,9999.1831,2.6321
119.801,2,RETURN_HOME,0.6345,0.0477,-2.0335,-1.2951,-0.0559,-3.065,-1.0951,-0.0559,1.0965,0.0,0.0,0.6363,9.668987274169922,2.920287847518921,-95.46,0,1,180,1.696,0.9997,1.0,0.7308,0.2999,0.3,0.2923,9999.1589,2.6416
119.901,3,NAVIGATE,0.5327,0.0332,-2.0384,-1.2815,-0.0621,-3.0622,-1.4815,0.1379,1.4879,0.0,12.0,11.9786,9.588988304138184,2.9265458583831787,-95.46,0,1,180,1.759,0.1368,1.0,0.496,0.0411,0.3,0.1984,0.5394,2.1806
119.951,3,NAVIGATE,0.4865,0.0273,-2.0396,-1.2722,-0.0649,-3.0616,-1.4722,0.1351,1.4784,0.0,12.0,11.9826,9.546952247619629,2.9310038089752197,-96.46,0,1,180,1.62,0.1317,1.0,0.4928,0.0395,0.3,0.1971,0.5366,2.1927
120.001,3,NAVIGATE,0.4329,0.018,-2.0393,-1.2597,-0.0696,-3.0679,-1.4597,0.1304,1.4655,0.0,12.0,11.9898,9.460508346557617,2.939415693283081,-98.22,0,1,180,1.58,0.1249,1.0,0.4885,0.0375,0.3,0.1954,0.5329,2.2409
120.051,3,NAVIGATE,0.3796,0.0083,-2.0355,-1.259,-0.0699,-3.0832,-1.459,0.1301,1.4648,0.0,12.0,11.9977,9.420088768005371,2.942854642868042,-98.47,0,1,180,1.584,0.1203,1.0,0.4883,0.0361,0.3,0.1953,0.5314,2.2904
120.101,3,NAVIGATE,0.3251,-0.0007,-2.0273,-1.2681,-0.0678,-3.1067,-1.4681,0.1322,1.474,0.0,12.0,12.0051,9.339621543884277,2.951786756515503,-98.72,0,1,180,1.504,0.1166,1.0,0.4913,0.035,0.3,0.1965,0.5315,2.2848
120.151,3,NAVIGATE,0.2696,-0.0098,-2.013,-1.2834,-0.0645,-3.1377,-1.4834,0.1355,1.4896,0.0,12.0,12.0129,9.3021240234375,2.9585041999816895,-98.72,0,1,180,1.464,0.1133,1.0,0.4965,0.034,0.3,0.1986,0.5326,2.3481
120.201,3,NAVIGATE,0.2124,-0.018,-1.9968,-1.3029,-0.059,3.1077,-1.4,0.141,1.4071,0.0,12.0,12.0198,9.226497650146484,2.971085786819458,-97.97,0,1,180,1.781,0.1178,1.0,0.469,0.0353,0.3,0.1876,0.523,2.3037
120.251,3,NAVIGATE,0.1536,-0.0233,-1.9821,-1.3246,-0.0499,3.0638,-1.4,0.1501,1.408,0.0,12.0,12.0243,9.181246757507324,2.9742980003356934,-96.96,0,1,180,1.584,0.1193,1.0,0.4693,0.0358,0.3,0.1877,0.5235,2.335
120.302,3,NAVIGATE,0.1033,-0.0257,-1.9713,-1.3431,-0.0396,3.0228,-1.4,0.1604,1.4092,0.0,12.0,12.0261,9.138723373413086,2.979017496109009,-96.21,0,1,180,1.794,0.1224,1.0,0.4697,0.0367,0.3,0.1879,0.5246,2.357
120.351,3,NAVIGATE,0.0414,-0.0279,-1.9574,-1.3624,-0.0248,2.9688,-1.4,0.1752,1.4109,0.0,12.0,12.028,9.049866676330566,2.990847110748291,-94.21,0,1,180,1.431,0.1276,1.0,0.4703,0.0383,0.3,0.1881,0.5264,2.2548
120.401,3,NAVIGATE,-0.0236,-0.0303,-1.9438,-1.3789,-0.0082,2.9099,-1.4,0.1918,1.4131,0.0,12.0,12.0303,8.99831485748291,2.9964635372161865,-92.46,0,1,180,1.608,0.1338,1.0,0.471,0.0401,0.3,0.1884,0.5286,2.2847
120.451,3,NAVIGATE,-0.0903,-0.0319,-1.9303,-1.392,0.0098,2.8461,-1.4,0.2098,1.4156,0.0,12.0,12.0322,8.94184684753418,3.0078020095825195,-89.71,0,1,180,1.375,0.1408,1.0,0.4719,0.0422,0.3,0.1888,0.531,2.1486
120.5,3,NAVIGATE,-0.1577,-0.0327,-1.9166,-1.4021,0.0283,2.7776,-1.4,0.2283,1.4185,0.0,12.0,12.0337,6.361795902252197,2.9976680278778076,-58.93,0,1,180,0.886,0.148,1.0,0.4728,0.0444,0.3,0.1891,0.5335,2.2004
120.55,3,NAVIGATE,-0.2254,-0.0339,-1.903,-1.4099,0.0467,2.7046,-1.4,0.2467,1.4216,0.0,12.0,12.036,5.343703746795654,2.9613564014434814,-55.18,0,1,180,0.909,0.1551,1.0,0.4739,0.0465,0.3,0.1895,0.5361,2.0197
120.602,3,NAVIGATE,-0.282,-0.0339,-1.8917,-1.4153,0.0619,2.6405,-1.4,0.2619,1.4243,0.0,12.0,12.0372,4.954676628112793,2.9468071460723877,-52.92,0,1,180,1.587,0.1608,1.0,0.4748,0.0482,0.3,0.1899,0.5381,2.0311
120.65,3,NAVIGATE,-0.3626,-0.0335,-1.8784,-1.4224,0.0828,2.5458,-1.4,0.2828,1.4283,0.0,12.0,12.039,4.620163440704346,2.926945209503174,-50.92,0,1,180,0.994,0.1684,1.0,0.4761,0.0505,0.3,0.1904,0.541,2.1512
120.701,3,NAVIGATE,-0.4211,-0.033,-1.8711,-1.4275,0.0976,2.4745,-1.4,0.2976,1.4313,0.0,12.0,12.0404,4.0339508056640625,2.8959505558013916,-45.92,0,1,180,1.306,0.1736,1.0,0.4771,0.0521,0.3,0.1908,0.5429,1.9058
120.75,3,NAVIGATE,-0.4914,-0.0311,-1.8619,-1.4333,0.1163,2.3854,-1.4,0.3163,1.4353,0.0,12.0,12.0411,3.8105828762054443,2.8802108764648438,-43.16,0,1,180,0.991,0.1804,1.0,0.4784,0.0541,0.3,0.1914,0.5455,1.9702
120.8,3,NAVIGATE,-0.5617,-0.0268,-1.8535,-1.4387,0.1384,2.2939,-1.4,0.3384,1.4403,0.0,12.0,12.0399,3.4287846088409424,2.849109649658203,-37.91,0,1,180,0.905,0.1893,1.0,0.4801,0.0568,0.3,0.192,0.5488,1.7264
120.85,3,NAVIGATE,-0.6321,-0.0208,-1.848,-1.4431,0.1637,2.2017,-1.4,0.3637,1.4465,0.0,12.0,12.0374,3.2826993465423584,2.8341264724731445,-35.41,0,1,180,0.893,0.2002,1.0,0.4822,0.0601,0.3,0.1929,0.5529,1.7872
120.901,3,NAVIGATE,-0.6909,-0.0146,-1.8472,-1.4458,0.1869,2.1259,-1.4,0.3869,1.4525,0.0,12.0,12.0345,3.1611485481262207,2.8226377964019775,-32.41,0,1,180,1.031,0.2106,1.0,0.4842,0.0632,0.3,0.1937,0.5568,1.7689
120.95,3,NAVIGATE,-0.7731,-0.0048,-1.8509,-1.4471,0.2197,2.0226,-1.4,0.4197,1.4615,0.0,12.0,12.0296,2.966393232345581,2.790599822998047,-26.9,0,1,180,0.918,0.225,1.0,0.4872,0.0675,0.3,0.1949,0.5624,1.5275
121.001,3,NAVIGATE,-0.8433,0.0054,-1.8587,-1.446,0.2461,1.9382,-1.4,0.4461,1.4693,0.0,12.0,12.0242,2.8415331840515137,2.7648632526397705,-21.9,0,1,180,1.117,0.236,1.0,0.4898,0.0708,0.3,0.1959,0.5667,1.2996
121.051,3,NAVIGATE,-0.9131,0.0181,-1.8674,-1.4433,0.2707,1.8584,-1.4,0.4707,1.477,0.0,12.0,12.0166,2.7978293895721436,2.753343105316162,-19.39,0,1,180,1.029,0.2457,1.0,0.4923,0.0737,0.3,0.1969,0.5707,1.3139
121.101,3,NAVIGATE,-0.9826,0.0329,-1.8763,-1.4395,0.2939,1.7841,-1.4,0.4939,1.4846,0.0,12.0,12.0073,2.7615392208099365,2.740419864654541,-17.14,0,1,180,1.203,0.2544,1.0,0.4949,0.0763,0.3,0.1979,0.5743,1.2939
121.151,3,NAVIGATE,-1.0518,0.0487,-1.8866,-1.4351,0.3155,1.7159,-1.3,0.5155,1.3985,0.0,12.0,11.9975,2.7182347774505615,2.718104600906372,-10.89,0,1,180,1.403,0.2857,1.0,0.4662,0.0857,0.3,0.1865,0.5722,1.0672
121.201,3,NAVIGATE,-1.1219,0.0697,-1.8964,-1.4309,0.3381,1.654,-1.3,0.5381,1.407,0.0,12.0,11.983,2.705772638320923,2.705772638320923,-8.88,0,1,180,0.988,0.2943,1.0,0.469,0.0883,0.3,0.1876,0.5759,1.0496
121.25,3,NAVIGATE,-1.1918,0.091,-1.9069,-1.4267,0.3595,1.5988,-1.4,0.4595,1.4735,0.0,12.0,11.9684,2.679811716079712,2.679811716079712,-3.88,0,1,180,1.035,0.2157,1.0,0.4912,0.0647,0.3,0.1965,0.5612,1.1473
121.301,3,NAVIGATE,-1.2496,0.109,-1.916,-1.4214,0.3765,1.5579,-1.4,0.4765,1.4789,0.0,12.0,11.9564,2.6669416427612305,2.6669416427612305,-1.88,0,1,180,1.45,0.2215,1.0,0.493,0.0664,0.3,0.1972,0.5636,1.1072
121.35,3,NAVIGATE,-1.318,0.1309,-1.9275,-1.4129,0.3962,1.5145,-1.3,0.4962,1.3915,0.0,12.0,11.9421,2.6552703380584717,2.6552703380584717,0.88,0,1,180,0.923,0.2513,1.0,0.4638,0.0754,0.3,0.1855,0.5609,1.0596
121.401,3,NAVIGATE,-1.3861,0.1533,-1.9387,-1.405,0.4128,1.4772,-1.2,0.5128,1.305,0.0,12.0,11.9275,2.627362012863159,2.627362012863159,4.38,0,1,180,1.342,0.2834,1.0,0.435,0.085,0.3,0.174,0.559,0.8756
121.45,3,NAVIGATE,-1.4444,0.1728,-1.9467,-1.4009,0.4248,1.4508,-1.4,0.4248,1.463,0.0,12.0,11.9151,2.613860607147217,2.613860607147217,5.38,0,1,180,0.911,0.1722,1.0,0.4877,0.0517,0.3,0.1951,0.5467,1.1539
121.501,3,NAVIGATE,-1.529,0.2017,-1.9555,-1.3962,0.4404,1.4208,-1.3,0.4404,1.3726,0.0,12.0,11.897,2.584153175354004,2.584153175354004,8.13,0,1,180,1.692,0.1965,1.0,0.4575,0.0589,0.3,0.183,0.5419,1.0113
121.551,3,NAVIGATE,-1.6004,0.2266,-1.9629,-1.39,0.4516,1.4007,-1.3,0.4516,1.3762,0.0,12.0,11.8817,2.5687451362609863,2.5687451362609863,8.38,0,1,180,1.392,0.1979,1.0,0.4587,0.0594,0.3,0.1835,0.5429,0.9774
121.601,3,NAVIGATE,-1.6543,0.2488,-1.969,-1.3841,0.459,1.3878,-1.2,0.459,1.2848,0.0,12.0,11.867,2.55629301071167,2.5558621883392334,10.89,0,1,180,1.45,0.2235,1.0,0.4283,0.0671,0.3,0.1713,0.5384,0.9326
121.651,3,NAVIGATE,-1.719,0.2753,-1.9759,-1.3778,0.4653,1.3763,-1.2,0.4653,1.2871,0.0,12.0,11.85,2.5255496501922607,2.522752046585083,10.89,0,1,180,1.425,0.2225,1.0,0.429,0.0667,0.3,0.1716,0.5383,0.8422
121.701,3,NAVIGATE,-1.7825,0.3017,-1.9828,-1.3716,0.4702,1.369,-1.1,0.4702,1.1963,0.0,12.0,11.8334,2.5101585388183594,2.509307861328125,10.13,0,1,180,1.693,0.25,1.0,0.3988,0.075,0.3,0.1595,0.5345,0.8123
121.751,3,NAVIGATE,-1.8403,0.3282,-1.9902,-1.3618,0.4745,1.3651,-1.1,0.4745,1.198,0.0,12.0,11.816,2.4813899993896484,2.4789326190948486,11.64,0,1,180,1.607,0.2482,1.0,0.3993,0.0745,0.3,0.1597,0.5342,0.7514
121.801,3,NAVIGATE,-1.8987,0.3544,-1.997,-1.3506,0.4784,1.3643,-1.3,0.3784,1.354,0.0,12.0,11.7993,2.4644274711608887,2.461036443710327,13.39,0,1,180,1.374,0.1214,1.0,0.4513,0.0364,0.3,0.1805,0.5169,1.0181
121.851,3,NAVIGATE,-1.9482,0.3749,-2.0046,-1.3392,0.4812,1.3656,-1.3,0.3812,1.3547,0.0,12.0,11.7872,2.4329309463500977,2.4301795959472656,11.89,0,1,180,1.368,0.1189,1.0,0.4516,0.0357,0.3,0.1806,0.5163,0.9726
121.901,3,NAVIGATE,-2.0081,0.3985,-2.0144,-1.3236,0.4839,1.3686,-1.3,0.3839,1.3555,0.0,12.0,11.774,2.416426658630371,2.4141311645507812,11.64,0,1,180,1.473,0.1155,1.0,0.4518,0.0346,0.3,0.1807,0.5154,0.9417
121.952,3,NAVIGATE,-2.0679,0.422,-2.023,-1.3113,0.4838,1.3731,-1.2,0.3838,1.2599,0.0,12.0,11.7612,2.397714138031006,2.397714138031006,9.63,0,1,180,1.617,0.1324,1.0,0.42,0.0397,0.3,0.168,0.5077,0.9149
122.002,3,NAVIGATE,-2.1296,0.4476,-2.031,-1.3045,0.4822,1.3788,-1.2,0.3822,1.2594,0.0,12.0,11.7471,2.367352247238159,2.3655004501342773,11.14,0,1,180,2.0,0.1257,1.0,0.4198,0.0377,0.3,0.1679,0.5056,0.89
122.051,3,NAVIGATE,-2.1917,0.473,-2.0379,-1.302,0.4795,1.3855,-1.2,0.3795,1.2586,0.0,12.0,11.7335,2.351289987564087,2.3498923778533936,11.14,0,1,180,1.487,0.1181,1.0,0.4195,0.0354,0.3,0.1678,0.5032,0.8716
122.101,3,NAVIGATE,-2.2539,0.4986,-2.0434,-1.3009,0.4766,1.393,-1.2,0.3766,1.2577,0.0,12.0,11.7202,2.3180580139160156,2.3158388137817383,11.39,0,1,180,1.561,0.1103,1.0,0.4192,0.0331,0.3,0.1677,0.5008,0.8528
122.151,3,NAVIGATE,-2.3167,0.5265,-2.0463,-1.2998,0.4747,1.4007,-1.1998,0.3747,1.257,0.0,12.0,11.7051,2.301206111907959,2.3009581565856934,10.38,0,1,180,1.632,0.1033,1.0,0.419,0.031,0.3,0.1676,0.4986,0.8327
122.202,3,NAVIGATE,-2.3794,0.5535,-2.0486,-1.298,0.4725,1.4084,-1.198,0.3725,1.2545,0.0,12.0,11.6912,2.2670772075653076,2.2664661407470703,10.89,0,1,180,1.712,0.0963,1.0,0.4182,0.0289,0.3,0.1673,0.4962,0.8178
122.251,3,NAVIGATE,-2.4442,0.5806,-2.0537,-1.2961,0.4701,1.4156,-1.1961,0.3701,1.2521,0.0,12.0,11.6781,2.253141164779663,2.25307297706604,10.38,0,1,180,1.501,0.0891,1.0,0.4174,0.0267,0.3,0.1669,0.4937,0.801
122.301,3,NAVIGATE,-2.5097,0.6072,-2.0593,-1.294,0.4677,1.4221,-1.194,0.3677,1.2493,0.0,12.0,11.6659,2.236943483352661,2.236943483352661,8.13,0,1,180,1.616,0.0818,1.0,0.4164,0.0245,0.3,0.1666,0.4911,0.7877
122.351,3,NAVIGATE,-2.5746,0.6332,-2.0639,-1.2911,0.465,1.4277,-1.1911,0.365,1.2458,0.0,12.0,11.6547,2.2055413722991943,2.2054026126861572,10.63,0,1,180,1.546,0.0746,1.0,0.4153,0.0224,0.3,0.1661,0.4885,0.7781
122.401,3,NAVIGATE,-2.6346,0.656,-2.0661,-1.2861,0.4606,1.4322,-1.1861,0.3606,1.2397,0.0,12.0,11.6459,2.1906707286834717,2.1906707286834717,8.63,0,1,180,1.442,0.0669,1.0,0.4132,0.0201,0.3,0.1653,0.4854,0.778
122.451,3,NAVIGATE,-2.6948,0.6784,-2.0676,-1.281,0.456,1.4358,-1.181,0.356,1.2335,0.0,12.0,11.6379,2.1596457958221436,2.1596457958221436,7.63,0,1,180,1.462,0.0591,1.0,0.4112,0.0177,0.3,0.1645,0.4822,0.7695
122.501,3,NAVIGATE,-2.7454,0.6969,-2.0674,-1.2771,0.4522,1.4379,-1.1771,0.3522,1.2286,0.0,12.0,11.6318,2.1428380012512207,2.1428380012512207,7.88,0,1,180,1.449,0.0525,1.0,0.4095,0.0157,0.3,0.1638,0.4796,0.766
122.551,3,NAVIGATE,-2.8086,0.7191,-2.0617,-1.2736,0.4478,1.4393,-1.2736,0.3478,1.3203,0.0,12.0,11.6252,2.114255666732788,2.114255666732788,7.13,0,1,180,1.352,0.0226,1.0,0.4401,0.0068,0.3,0.176,0.4828,0.8769
122.602,3,NAVIGATE,-2.8715,0.7412,-2.0566,-1.2702,0.4437,1.4394,-1.2702,0.3437,1.3159,0.0,12.0,11.6192,2.0995161533355713,2.0995161533355713,8.13,0,1,180,1.734,0.0145,1.0,0.4386,0.0044,0.3,0.1754,0.4798,0.8784
122.652,3,NAVIGATE,-2.9368,0.7616,-2.0528,-1.2676,0.4392,1.438,-1.2676,0.3392,1.3122,0.0,12.0,11.6158,2.083498001098633,2.083498001098633,8.88,0,1,180,1.657,0.0059,1.0,0.4374,0.0018,0.3,0.175,0.4767,0.8858
122.702,3,NAVIGATE,-2.9917,0.7779,-2.0502,-1.2675,0.4352,1.436,-1.2675,0.3352,1.311,0.0,12.0,11.6141,2.054464340209961,2.054464340209961,7.38,0,1,180,1.581,-0.002,1.0,0.437,-0.0006,0.3,0.1748,0.4742,0.8889
122.751,3,NAVIGATE,-3.0679,0.8005,-2.0472,-1.2694,0.4298,1.4322,-1.2694,0.3298,1.3115,0.0,12.0,11.612,2.0409791469573975,2.0409791469573975,7.63,0,1,180,1.439,-0.0132,1.0,0.4372,-0.004,0.3,0.1749,0.4709,0.9027
122.801,3,NAVIGATE,-3.1242,0.819,-2.0443,-1.2729,0.4273,1.4288,-1.2729,0.3273,1.3143,0.0,12.0,11.6093,2.0105397701263428,2.0105397701263428,8.13,0,1,180,1.393,-0.0208,1.0,0.4381,-0.0062,0.3,0.1752,0.469,0.8946
122.851,3,NAVIGATE,-3.1914,0.8409,-2.0413,-1.2776,0.4244,1.4239,-1.2776,0.3244,1.3181,0.0,12.0,11.6065,1.9968723058700562,1.9968723058700562,8.63,0,1,180,1.552,-0.0299,1.0,0.4394,-0.009,0.3,0.1757,0.4668,0.9101
122.902,3,NAVIGATE,-3.2582,0.863,-2.0378,-1.2822,0.4217,1.4182,-1.2822,0.3217,1.322,0.0,12.0,11.6039,1.9833011627197266,1.9833011627197266,8.38,0,1,180,1.818,-0.0388,1.0,0.4407,-0.0116,0.3,0.1763,0.4646,0.9278
122.952,3,NAVIGATE,-3.3252,0.8859,-2.033,-1.2868,0.4197,1.4119,-1.2868,0.3197,1.3259,0.0,12.0,11.6009,1.9529695510864258,1.9529695510864258,8.63,0,1,180,2.054,-0.0472,1.0,0.442,-0.0142,0.3,0.1768,0.4626,0.9192
123.001,3,NAVIGATE,-3.3918,0.9083,-2.0289,-1.2906,0.4173,1.4048,-1.2906,0.3173,1.329,0.0,12.0,11.5987,1.9395536184310913,1.9395536184310913,8.13,0,1,180,1.623,-0.0557,1.0,0.443,-0.0167,0.3,0.1772,0.4605,0.9331
123.051,3,NAVIGATE,-3.4559,0.9312,-2.026,-1.2928,0.4145,1.397,-1.2928,0.3145,1.3305,0.0,12.0,11.5958,1.911924123764038,1.9118638038635254,10.38,0,1,180,1.732,-0.064,1.0,0.4435,-0.0192,0.3,0.1774,0.4582,0.9352
123.101,3,NAVIGATE,-3.5085,0.9502,-2.0243,-1.2938,0.4118,1.3902,-1.2938,0.3118,1.3309,0.0,12.0,11.5935,1.8983826637268066,1.8973084688186646,10.38,0,1,180,1.382,-0.0709,1.0,0.4436,-0.0213,0.3,0.1774,0.4562,0.9402
123.151,3,NAVIGATE,-3.5714,0.9723,-2.0227,-1.2948,0.4083,1.3816,-1.2948,0.3083,1.331,0.0,12.0,11.5916,1.8721740245819092,1.869782567024231,10.13,0,1,180,1.703,-0.0794,1.0,0.4437,-0.0238,0.3,0.1775,0.4537,0.9351
123.201,3,NAVIGATE,-3.6311,0.994,-2.0249,-1.2946,0.4047,1.3727,-1.2946,0.3047,1.3299,0.0,12.0,11.5896,1.857487678527832,1.8569016456604004,11.89,0,1,180,1.61,-0.0874,1.0,0.4433,-0.0262,0.3,0.1773,0.4511,0.9496
123.251,3,NAVIGATE,-3.6906,1.0151,-2.0276,-1.2943,0.4009,1.3636,-1.2943,0.3009,1.3288,0.0,12.0,11.5883,1.8449293375015259,1.842604398727417,11.89,0,1,180,1.536,-0.0955,1.0,0.4429,-0.0287,0.3,0.1772,0.4485,0.9302
123.302,3,NAVIGATE,-3.7404,1.0325,-2.0291,-1.2943,0.3977,1.3559,-1.2943,0.2977,1.3281,0.0,12.0,11.5878,1.820101022720337,1.816673994064331,11.14,0,1,180,2.002,-0.1024,1.0,0.4427,-0.0307,0.3,0.1771,0.4464,0.9257
123.351,3,NAVIGATE,-3.8108,1.057,-2.0279,-1.2953,0.3935,1.3449,-1.2953,0.2935,1.3281,0.0,12.0,11.5876,1.8054914474487305,1.8033064603805542,13.14,0,1,180,1.422,-0.1121,1.0,0.4427,-0.0336,0.3,0.1771,0.4435,0.944
123.401,3,NAVIGATE,-3.8614,1.074,-2.0272,-1.2962,0.3902,1.337,-1.2962,0.2902,1.3283,0.0,12.0,11.5883,1.7835397720336914,1.7769719362258911,12.89,0,1,180,1.462,-0.1191,1.0,0.4428,-0.0357,0.3,0.1771,0.4414,0.9304
123.451,3,NAVIGATE,-3.9212,1.0938,-2.025,-1.2971,0.386,1.3275,-1.2971,0.286,1.3282,0.0,12.0,11.5896,1.7701671123504639,1.7661139965057373,14.64,0,1,180,1.452,-0.1277,1.0,0.4427,-0.0383,0.3,0.1771,0.4388,0.9455
123.501,3,NAVIGATE,-3.9803,1.1131,-2.0216,-1.2977,0.3815,1.3181,-1.2977,0.2815,1.3279,0.0,12.0,11.5917,1.7466107606887817,1.7396702766418457,13.89,0,1,180,1.441,-0.1365,1.0,0.4426,-0.0409,0.3,0.1771,0.4361,0.9434
123.551,3,NAVIGATE,-4.0399,1.1318,-2.0188,-1.2986,0.3767,1.3088,-1.2986,0.2767,1.3277,0.0,12.0,11.5947,1.7357430458068848,1.7283484935760498,14.39,0,1,180,1.421,-0.1454,1.0,0.4426,-0.0436,0.3,0.177,0.4334,0.9103
123.602,3,NAVIGATE,-4.1036,1.1487,-2.0137,-1.301,0.3716,1.2997,-1.2,0.2716,1.2304,0.0,12.0,11.6013,1.7246729135513306,1.715025544166565,13.64,0,1,180,2.066,-0.1385,1.0,0.4101,-0.0416,0.3,0.164,0.4225,0.925
123.651,3,NAVIGATE,-4.1573,1.1624,-2.0097,-1.3034,0.3673,1.2922,-1.1,0.3673,1.1597,0.0,12.0,11.6076,1.701629400253296,1.6902340650558472,16.39,0,1,180,1.436,-0.044,1.0,0.3866,-0.0132,0.3,0.1546,0.4414,0.6725
123.701,3,NAVIGATE,-4.2218,1.1789,-2.0052,-1.3063,0.3619,1.2836,-1.1,0.3619,1.158,0.0,12.0,11.6155,1.6903235912322998,1.6793795824050903,17.39,0,1,180,1.525,-0.0541,1.0,0.386,-0.0162,0.3,0.1544,0.4382,0.6882
123.751,3,NAVIGATE,-4.2872,1.1956,-1.999,-1.3066,0.3572,1.2753,-1.1,0.3572,1.1566,0.0,12.0,11.6239,1.6676565408706665,1.6544013023376465,16.14,0,1,180,1.457,-0.0637,1.0,0.3855,-0.0191,0.3,0.1542,0.4351,0.6852
123.802,3,NAVIGATE,-4.3521,1.2123,-1.9942,-1.3012,0.3558,1.2674,-1.1,0.3558,1.1561,0.0,12.0,11.6325,1.6570236682891846,1.6417808532714844,18.39,0,1,180,1.738,-0.0706,1.0,0.3854,-0.0212,0.3,0.1541,0.433,0.6934
123.851,3,NAVIGATE,-4.4161,1.2307,-1.9919,-1.2911,0.3572,1.2596,-1.0911,0.3572,1.148,0.0,12.0,11.6396,1.646318793296814,1.6308703422546387,17.14,0,1,180,1.533,-0.0727,1.0,0.3827,-0.0218,0.3,0.1531,0.4313,0.6908
123.901,3,NAVIGATE,-4.4686,1.2472,-1.9915,-1.2801,0.3597,1.2532,-1.0801,0.3597,1.1385,0.0,12.0,11.6443,1.625291347503662,1.6062477827072144,18.39,0,1,180,1.563,-0.0723,1.0,0.3795,-0.0217,0.3,0.1518,0.4301,0.6702
123.951,3,NAVIGATE,-4.5308,1.2669,-1.9916,-1.2659,0.363,1.2457,-1.0659,0.363,1.126,0.0,12.0,11.6502,1.6137479543685913,1.5951285362243652,19.14,0,1,180,1.474,-0.0712,1.0,0.3753,-0.0213,0.3,0.1501,0.4288,0.6601
124.001,3,NAVIGATE,-4.5934,1.2846,-1.9918,-1.2518,0.3651,1.2382,-1.0518,0.3651,1.1133,0.0,12.0,11.6585,1.5929466485977173,1.5719540119171143,18.89,0,1,180,1.413,-0.0708,1.0,0.3711,-0.0212,0.3,0.1484,0.4272,0.6636
124.051,3,NAVIGATE,-4.6553,1.302,-1.9925,-1.2381,0.3667,1.231,-1.0381,0.3667,1.101,0.0,12.0,11.667,1.5813945531845093,1.558813452720642,19.64,0,1,180,1.568,-0.0708,1.0,0.367,-0.0212,0.3,0.1468,0.4256,0.6534
124.102,3,NAVIGATE,-4.7161,1.3199,-1.9928,-1.2249,0.3685,1.224,-1.1249,0.3685,1.1838,0.0,12.0,11.675,1.571726679801941,1.5468169450759888,19.64,0,1,180,2.455,-0.0991,1.0,0.3946,-0.0297,0.3,0.1578,0.4281,0.7013
124.151,3,NAVIGATE,-4.7756,1.3402,-1.9902,-1.2115,0.3713,1.2172,-1.0115,0.3713,1.0775,0.0,12.0,11.6807,1.5485708713531494,1.5229921340942383,20.14,0,1,180,1.507,-0.0694,1.0,0.3592,-0.0208,0.3,0.1437,0.4229,0.6215
124.201,3,NAVIGATE,-4.8343,1.3602,-1.9885,-1.199,0.3737,1.2105,-0.999,0.3737,1.0666,0.0,12.0,11.6866,1.5365424156188965,1.5091489553451538,20.14,0,1,180,1.867,-0.0685,1.0,0.3555,-0.0205,0.3,0.1422,0.4217,0.6103
124.251,3,NAVIGATE,-4.8915,1.3781,-1.9873,-1.1886,0.375,1.2041,-1.0886,0.375,1.1514,0.0,12.0,11.6941,1.516848087310791,1.4864261150360107,22.15,0,1,180,1.521,-0.0996,1.0,0.3838,-0.0299,0.3,0.1535,0.4236,0.6771
124.302,3,NAVIGATE,-4.9475,1.3943,-1.9867,-1.1775,0.3757,1.1979,-1.0775,0.3757,1.1411,0.0,12.0,11.7029,1.5034501552581787,1.47438383102417,21.9,0,1,180,1.756,-0.1008,1.0,0.3804,-0.0302,0.3,0.1521,0.4219,0.6701
124.351,3,NAVIGATE,-4.9938,1.408,-1.9866,-1.1676,0.3764,1.1929,-1.0676,0.3764,1.132,0.0,12.0,11.7102,1.4795453548431396,1.4481661319732666,23.15,0,1,180,1.459,-0.1014,1.0,0.3773,-0.0304,0.3,0.1509,0.4205,0.6654
124.401,3,NAVIGATE,-5.0458,1.4244,-1.9879,-1.1558,0.3771,1.187,-1.0558,0.3771,1.1211,0.0,12.0,11.7177,1.4710383415222168,1.4356765747070312,21.9,0,1,180,1.38,-0.102,1.0,0.3737,-0.0306,0.3,0.1495,0.4189,0.6567
124.451,3,NAVIGATE,-5.0971,1.4409,-1.9897,-1.1458,0.3779,1.1813,-1.0458,0.3779,1.112,0.0,12.0,11.725,1.4600290060043335,1.4241013526916504,22.15,0,1,180,1.366,-0.1027,1.0,0.3707,-0.0308,0.3,0.1483,0.4174,0.6477
124.501,3,NAVIGATE,-5.14,1.4548,-1.9912,-1.1387,0.3788,1.1767,-0.9387,0.3788,1.0123,0.0,12.0,11.7311,1.4366501569747925,1.3985569477081299,23.9,0,1,180,1.55,-0.0699,1.0,0.3374,-0.021,0.3,0.135,0.414,0.6015
124.551,3,NAVIGATE,-5.1897,1.4738,-1.9935,-1.1306,0.3817,1.1714,-0.9306,0.3817,1.0058,0.0,12.0,11.736,1.4238152503967285,1.3848344087600708,23.4,0,1,180,1.379,-0.0687,1.0,0.3353,-0.0206,0.3,0.1341,0.4135,0.5908
124.601,3,NAVIGATE,-5.2398,1.4929,-1.9958,-1.123,0.3847,1.1663,-0.923,0.3847,1.0,0.0,12.0,11.7412,1.3992154598236084,1.3585275411605835,25.65,0,1,180,1.36,-0.0677,1.0,0.3333,-0.0203,0.3,0.1333,0.413,0.5838
124.651,3,NAVIGATE,-5.2974,1.5152,-1.9982,-1.1112,0.3883,1.1604,-0.9112,0.3883,0.9905,0.0,12.0,11.7471,1.386847972869873,1.3456944227218628,23.9,0,1,180,1.413,-0.065,1.0,0.3302,-0.0195,0.3,0.1321,0.4126,0.5701
124.702,3,NAVIGATE,-5.3378,1.5313,-1.9998,-1.1008,0.3908,1.1563,-0.9008,0.3908,0.9819,0.0,12.0,11.751,1.364264726638794,1.3213222026824951,22.65,0,1,180,2.04,-0.0622,1.0,0.3273,-0.0187,0.3,0.1309,0.4123,0.5697
124.751,3,NAVIGATE,-5.3863,1.5506,-2.0016,-1.0867,0.3933,1.1512,-0.8867,0.3933,0.97,0.0,12.0,11.756,1.3500902652740479,1.3068734407424927,23.9,0,1,180,1.568,-0.0584,1.0,0.3233,-0.0175,0.3,0.1293,0.4118,0.5546
124.802,3,NAVIGATE,-5.4391,1.5688,-2.0017,-1.0736,0.3951,1.1461,-0.8736,0.3951,0.9588,0.0,12.0,11.7641,1.3383105993270874,1.2935541868209839,22.65,0,1,180,1.656,-0.0559,1.0,0.3196,-0.0168,0.3,0.1278,0.4111,0.5639
124.851,3,NAVIGATE,-5.4919,1.587,-2.0016,-1.0604,0.3967,1.141,-0.8604,0.3967,0.9474,0.0,12.0,11.7725,1.3149142265319824,1.2696532011032104,23.9,0,1,180,1.374,-0.0533,1.0,0.3158,-0.016,0.3,0.1263,0.4103,0.5392
124.901,3,NAVIGATE,-5.5444,1.6054,-2.0028,-1.0471,0.3983,1.136,-0.8471,0.3983,0.936,0.0,12.0,11.7809,1.300241470336914,1.2548141479492188,24.9,0,1,180,1.384,-0.0505,1.0,0.312,-0.0151,0.3,0.1248,0.4097,0.5402
124.951,3,NAVIGATE,-5.5981,1.6239,-2.0095,-1.0345,0.4001,1.1311,-0.8345,0.4001,0.9254,0.0,12.0,11.7899,1.2768096923828125,1.2289807796478271,24.15,0,1,180,1.366,-0.0476,1.0,0.3085,-0.0143,0.3,0.1234,0.4091,0.5357
125.001,3,NAVIGATE,-5.6507,1.6426,-2.0153,-1.0217,0.402,1.1262,-0.8217,0.402,0.9148,0.0,12.0,11.7986,1.2639007568359375,1.216841459274292,24.9,0,1,180,1.49,-0.0444,1.0,0.3049,-0.0133,0.3,0.122,0.4087,0.5409
125.051,3,NAVIGATE,-5.7004,1.6631,-2.0158,-1.0083,0.4049,1.1214,-0.8083,0.4049,0.904,0.0,12.0,11.8045,1.2383731603622437,1.1880263090133667,24.9,0,1,180,1.456,-0.0395,1.0,0.3013,-0.0118,0.3,0.1205,0.4087,0.5344
125.101,3,NAVIGATE,-5.7404,1.6808,-2.0144,-0.9966,0.4076,1.1174,-0.7966,0.4076,0.8949,0.0,12.0,11.8084,1.2254551649093628,1.1757304668426514,25.4,0,1,180,1.359,-0.0347,1.0,0.2983,-0.0104,0.3,0.1193,0.4089,0.519
125.151,3,NAVIGATE,-5.7958,1.7055,-2.0127,-0.9803,0.4109,1.1117,-0.7803,0.4109,0.8819,0.0,12.0,11.8138,1.2123827934265137,1.1626681089401245,27.65,0,1,180,1.739,-0.028,1.0,0.294,-0.0084,0.3,0.1176,0.4092,0.5173
125.202,3,NAVIGATE,-5.8337,1.7232,-2.0117,-0.9679,0.4131,1.1076,-0.7679,0.4131,0.872,0.0,12.0,11.8171,1.1857391595840454,1.1344012022018433,26.9,0,1,180,1.853,-0.0227,1.0,0.2907,-0.0068,0.3,0.1163,0.4095,0.5058
125.251,3,NAVIGATE,-5.8787,1.7444,-2.0107,-0.953,0.4155,1.1028,-0.753,0.4155,0.86,0.0,12.0,11.821,1.1729636192321777,1.1210271120071411,26.65,0,1,180,1.719,-0.0162,1.0,0.2867,-0.0049,0.3,0.1147,0.4098,0.5057
125.301,3,NAVIGATE,-5.9229,1.7657,-2.0099,-0.9381,0.4178,1.098,-0.7381,0.4178,0.8482,0.0,12.0,11.8246,1.1455210447311401,1.0924595594406128,26.9,0,1,180,1.675,-0.0095,0.9918,0.2827,-0.0028,0.2975,0.1131,0.4078,0.4937
125.351,3,NAVIGATE,-5.9657,1.7881,-2.009,-0.9232,0.4204,1.0932,-0.7232,0.4204,0.8365,0.0,12.0,11.8268,1.1340159177780151,1.0785956382751465,26.65,0,1,180,1.67,-0.0021,0.9878,0.2788,-0.0006,0.2963,0.1115,0.4072,0.4947
125.401,3,NAVIGATE,-6.0011,1.8066,-2.0084,-0.9108,0.4225,1.0892,-0.7108,0.4225,0.8269,0.0,12.0,11.8287,1.12104332447052,1.0658222436904907,27.65,0,1,180,1.515,0.0042,0.9893,0.2756,0.0013,0.2968,0.1103,0.4083,0.4979
125.451,3,NAVIGATE,-6.042,1.8275,-2.0051,-0.895,0.4243,1.0844,-0.695,0.4243,0.8143,0.0,12.0,11.8315,1.0936356782913208,1.0365368127822876,28.4,0,1,180,1.372,0.0122,0.9953,0.2714,0.0037,0.2986,0.1086,0.4108,0.4963
125.502,3,NAVIGATE,-6.0813,1.8474,-1.9999,-0.8783,0.4257,1.0795,-0.7783,0.4257,0.8871,0.0,12.0,11.8345,1.081407070159912,1.0244868993759155,28.15,0,1,180,1.784,-0.0392,1.0,0.2957,-0.0118,0.3,0.1183,0.4065,0.4384
125.551,3,NAVIGATE,-6.1202,1.8674,-1.9956,-0.8616,0.4271,1.0746,-0.7616,0.5271,0.9262,0.0,12.0,11.8375,1.053526759147644,0.9971625208854675,25.9,0,1,180,1.383,0.062,0.9351,0.3087,0.0186,0.2805,0.1235,0.4226,0.4338
125.601,3,NAVIGATE,-6.1583,1.8859,-1.9939,-0.8451,0.4277,1.0697,-0.7451,0.5277,0.913,0.0,12.0,11.8415,1.0379226207733154,0.9810834527015686,30.65,0,1,180,1.424,0.0692,0.9414,0.3043,0.0208,0.2824,0.1217,0.4249,0.4493
125.652,3,NAVIGATE,-6.1898,1.9012,-1.9933,-0.8335,0.4282,1.0655,-0.7335,0.5282,0.9039,0.0,12.0,11.8448,1.0243749618530273,0.9672179818153381,29.4,0,1,180,1.804,0.0742,0.9387,0.3013,0.0223,0.2816,0.1205,0.4244,0.4546
125.701,3,NAVIGATE,-6.2273,1.92,-1.993,-0.8218,0.4318,1.0607,-0.7218,0.5318,0.8966,0.0,12.0,11.8485,0.996806263923645,0.9417188167572021,28.9,0,1,180,1.423,0.0815,0.9358,0.2989,0.0245,0.2808,0.1195,0.4248,0.4403
125.751,3,NAVIGATE,-6.2733,1.9436,-1.9955,-0.8114,0.4392,1.0553,-0.7114,0.5392,0.8927,0.0,12.0,11.8526,0.9833624362945557,0.9258771538734436,27.15,0,1,180,1.73,0.0906,0.929,0.2976,0.0272,0.2787,0.119,0.4249,0.4379
125.801,3,NAVIGATE,-6.3059,1.9609,-1.9972,-0.805,0.4459,1.0516,-0.705,0.5459,0.8916,0.0,12.0,11.8553,0.9555985927581787,0.9005125164985657,24.4,0,1,180,1.534,0.0979,0.9347,0.2972,0.0294,0.2804,0.1189,0.4287,0.4062
125.851,3,NAVIGATE,-6.3443,1.982,-2.0001,-0.7972,0.4549,1.0474,-0.6972,0.5549,0.8911,0.0,12.0,11.8579,0.9415866732597351,0.8891143202781677,22.15,0,1,180,1.372,0.1075,0.9331,0.297,0.0322,0.2799,0.1188,0.431,0.3979
125.901,3,NAVIGATE,-6.382,2.0038,-2.0035,-0.789,0.4642,1.0433,-0.589,0.5642,0.8156,0.0,12.0,11.8598,0.9105932712554932,0.8667264580726624,19.39,0,1,180,1.418,0.1945,0.8559,0.2719,0.0583,0.2568,0.1087,0.4239,0.4276
125.951,3,NAVIGATE,-6.4193,2.0259,-2.0066,-0.7808,0.4732,1.0392,-0.5808,0.6732,0.8891,0.0,12.0,11.8613,0.8933154940605164,0.8572279810905457,17.39,0,1,180,1.474,0.2832,0.7908,0.2964,0.085,0.2373,0.1185,0.4407,0.3954
126.002,3,NAVIGATE,-6.461,2.0472,-2.0101,-0.7743,0.4812,1.0353,-0.5743,0.6812,0.891,0.0,12.0,11.8661,0.8798624277114868,0.8498256206512451,15.89,0,1,180,2.486,0.2903,0.8132,0.297,0.0871,0.244,0.1188,0.4499,0.4085
126.051,3,NAVIGATE,-6.5026,2.0687,-2.0134,-0.7651,0.4894,1.0314,-0.5651,0.6894,0.8914,0.0,12.0,11.8707,0.844788670539856,0.8340973854064941,12.14,0,1,180,1.487,0.2997,0.8296,0.2971,0.0899,0.2489,0.1189,0.4577,0.4169
126.101,3,NAVIGATE,-6.5362,2.0871,-2.0158,-0.755,0.4981,1.0282,-0.555,0.6981,0.8919,0.0,12.0,11.8739,0.8294854760169983,0.8282948136329651,10.13,0,1,180,1.902,0.3109,0.8329,0.2973,0.0933,0.2499,0.1189,0.4621,0.4157
126.151,3,NAVIGATE,-6.5751,2.1091,-2.0181,-0.7409,0.5103,1.0243,-0.5409,0.7103,0.8928,0.0,12.0,11.8769,0.8149321675300598,0.8149321675300598,6.38,0,1,180,1.511,0.3271,0.8756,0.2976,0.0981,0.2627,0.119,0.4799,0.4274
126.201,3,NAVIGATE,-6.6128,2.132,-2.0199,-0.7257,0.5242,1.0203,-0.5257,0.7242,0.8949,0.0,12.0,11.8788,0.8120288848876953,0.8120288848876953,4.38,0,1,180,1.909,0.3453,0.8675,0.2983,0.1036,0.2603,0.1193,0.4832,0.4245
126.251,3,NAVIGATE,-6.649,2.1557,-2.0202,-0.7102,0.5389,1.0165,-0.5102,0.7389,0.8979,0.0,12.0,11.8794,0.8058778643608093,0.8058778643608093,0.63,0,1,180,1.362,0.3639,0.8982,0.2993,0.1092,0.2694,0.1197,0.4983,0.4455
126.302,3,NAVIGATE,-6.6839,2.1801,-2.0194,-0.6947,0.5539,1.0126,-0.4947,0.7539,0.9018,0.0,12.0,11.8787,0.8015037775039673,0.8015037775039673,-1.38,0,1,180,1.63,0.3825,0.8837,0.3006,0.1147,0.2651,0.1202,0.5001,0.4403
126.351,3,NAVIGATE,-6.7179,2.2055,-2.0186,-0.6793,0.5692,1.0088,-0.4793,0.7692,0.9063,0.0,12.0,11.877,0.8010336756706238,0.8010336756706238,-3.38,0,1,180,1.556,0.4008,0.8895,0.3021,0.1202,0.2668,0.1208,0.5079,0.444
126.402,3,NAVIGATE,-6.7484,2.2323,-2.0142,-0.663,0.5853,1.0049,-0.463,0.7853,0.9116,0.0,12.0,11.8722,0.7995408177375793,0.7995408177375793,-7.13,0,1,180,1.756,0.4201,0.9152,0.3039,0.126,0.2745,0.1215,0.5221,0.4621
126.451,3,NAVIGATE,-6.7779,2.2601,-2.0097,-0.6465,0.6015,1.001,-0.4465,0.8015,0.9175,0.0,12.0,11.8661,0.7981910109519958,0.7981910109519958,-9.38,0,1,180,1.735,0.4391,0.9109,0.3058,0.1317,0.2733,0.1223,0.5273,0.4594
126.501,3,NAVIGATE,-6.8063,2.2881,-2.0056,-0.6298,0.6173,0.9972,-0.4298,0.8173,0.9234,0.0,12.0,11.8595,0.8435821533203125,0.7996061444282532,-13.39,0,1,180,1.445,0.4577,0.9476,0.3078,0.1373,0.2843,0.1231,0.5447,0.4757
126.551,3,NAVIGATE,-6.8333,2.3158,-2.0016,-0.6124,0.6324,0.9934,-0.4124,0.8324,0.9289,0.0,12.0,11.8523,0.8712962865829468,0.8018038272857666,-15.14,0,1,180,1.519,0.4762,0.9476,0.3096,0.1429,0.2843,0.1239,0.551,0.4734
126.602,3,NAVIGATE,-6.8598,2.3446,-1.9984,-0.5952,0.6476,0.9895,-0.3952,0.8476,0.9352,0.0,12.0,11.8441,0.9272875785827637,0.8040045499801636,-19.14,0,1,180,2.087,0.4941,0.9934,0.3117,0.1482,0.298,0.1247,0.571,0.4946
126.651,3,NAVIGATE,-6.8862,2.3761,-1.9961,-0.5784,0.6644,0.9858,-0.3784,0.8644,0.9436,0.0,12.0,11.8338,7.484598159790039,0.8089848756790161,-20.89,0,1,180,1.53,0.5117,0.9986,0.3219,0.1535,0.2996,0.1287,0.5818,0.4951
126.701,3,NAVIGATE,-6.9121,2.4092,-1.9944,-0.5619,0.6819,0.9821,-0.3619,0.8819,0.9532,0.0,12.0,11.822,7.457709312438965,0.819465696811676,-24.9,0,1,180,1.703,0.5285,1.0,0.3359,0.1586,0.3,0.1344,0.5929,0.5147
126.751,3,NAVIGATE,-6.9375,2.4431,-1.9933,-0.5454,0.6992,0.9783,-0.3454,0.8992,0.9632,0.0,12.0,11.8095,7.44411563873291,0.8226149678230286,-26.9,0,1,180,1.806,0.5448,1.0,0.3498,0.1634,0.3,0.1399,0.6034,0.5227
126.801,3,NAVIGATE,-6.9612,2.4791,-1.9927,-0.5286,0.7174,0.9746,-0.3286,0.9174,0.9745,0.0,12.0,11.7943,7.442663669586182,0.8271905183792114,-28.65,0,1,180,1.559,0.5609,1.0,0.3644,0.1683,0.3,0.1458,0.614,0.5248
126.851,3,NAVIGATE,-6.9844,2.5157,-1.9925,-0.5119,0.7353,0.9709,-0.3119,0.9353,0.9859,0.0,12.0,11.7785,7.420064926147461,0.8399285674095154,-32.41,0,1,180,1.369,0.5763,1.0,0.3788,0.1729,0.3,0.1515,0.6244,0.5509
126.901,3,NAVIGATE,-7.0073,2.5535,-1.9925,-0.4951,0.7531,0.9672,-0.2951,0.9531,0.9978,0.0,12.0,11.7617,7.418828964233398,0.8473237752914429,-34.16,0,1,180,1.558,0.591,1.0,0.3931,0.1773,0.3,0.1573,0.6346,0.5623
126.951,3,NAVIGATE,-7.0301,2.593,-1.9927,-0.4783,0.7712,0.9635,-0.2783,0.9712,1.0102,0.0,12.0,11.7437,7.392464637756348,0.8639880418777466,-37.66,0,1,180,1.451,0.6052,1.0,0.4076,0.1815,0.3,0.163,0.6446,0.5819
127.001,3,NAVIGATE,-7.0522,2.633,-1.9932,-0.4614,0.7889,0.9598,-0.2614,0.9889,1.0229,0.0,12.0,11.7249,7.395468711853027,0.8706638216972351,-39.66,0,1,180,1.391,0.6186,1.0,0.4218,0.1856,0.3,0.1687,0.6543,0.5946
127.051,3,NAVIGATE,-7.0713,2.6673,-1.9913,-0.448,0.8041,0.9568,-0.248,1.0041,1.0342,0.0,12.0,11.709,7.3676862716674805,0.8909153938293457,-43.16,0,1,180,1.469,0.629,1.0,0.4337,0.1887,0.3,0.1735,0.6622,0.6204
127.101,3,NAVIGATE,-7.0937,2.7091,-1.9889,-0.4319,0.8222,0.9533,-0.2319,1.0222,1.0482,0.0,12.0,11.6894,7.365565776824951,0.9001574516296387,-44.67,0,1,180,1.378,0.6408,1.0,0.4478,0.1923,0.3,0.1791,0.6714,0.632
127.151,3,NAVIGATE,-7.1154,2.7512,-1.9872,-0.4158,0.8402,0.9497,-0.2158,1.0402,1.0624,0.0,12.0,11.6692,7.344019889831543,0.912109911441803,-46.67,0,1,180,1.712,0.6522,1.0,0.4619,0.1957,0.3,0.1848,0.6804,0.6466
127.201,3,NAVIGATE,-7.1372,2.7928,-1.9864,-0.4001,0.8579,0.9462,-0.2001,1.0579,1.0766,0.0,12.0,11.6496,7.325384140014648,0.9322960376739502,-49.67,0,1,180,1.539,0.6627,1.0,0.4757,0.1988,0.3,0.1903,0.6891,0.6708
127.251,3,NAVIGATE,-7.158,2.8351,-1.986,-0.3841,0.8753,0.9426,-0.1841,1.0753,1.091,0.0,12.0,11.6289,7.309577465057373,0.9456442594528198,-51.17,0,1,180,1.394,0.6729,1.0,0.4894,0.2019,0.3,0.1958,0.6977,0.6806
127.301,3,NAVIGATE,-7.1794,2.8794,-1.9861,-0.3684,0.8932,0.9391,-0.1684,1.0932,1.1061,0.0,12.0,11.6073,7.281106948852539,0.9717513918876648,-50.42,0,1,180,1.377,0.6824,1.0,0.5032,0.2047,0.3,0.2013,0.706,0.7073
127.351,3,NAVIGATE,-7.2011,2.9253,-1.9867,-0.3529,0.9115,0.9357,-0.1529,1.1115,1.1219,0.0,12.0,11.5848,7.273665904998779,0.9833218455314636,-53.67,0,1,180,1.529,0.6913,1.0,0.5171,0.2074,0.3,0.2068,0.7142,0.72
127.402,3,NAVIGATE,-7.2215,2.9717,-1.9875,-0.3371,0.9295,0.9322,-0.1371,1.1295,1.1378,0.0,12.0,11.5612,7.240506172180176,1.0088603496551514,-51.42,0,1,180,2.325,0.7,1.0,0.531,0.21,0.3,0.2124,0.7224,0.7509
127.451,3,NAVIGATE,-7.2394,3.0207,-1.9907,-0.3204,0.9484,0.9287,-0.1204,1.1484,1.1547,0.0,12.0,11.5341,7.237876892089844,1.0196728706359863,-51.17,0,1,180,1.5,0.7088,1.0,0.5456,0.2126,0.3,0.2182,0.7309,0.7609
127.501,3,NAVIGATE,-7.2533,3.0622,-1.9936,-0.3063,0.964,0.9258,-0.1063,1.164,1.1689,0.0,12.0,11.5106,7.209892749786377,1.0412200689315796,-53.17,0,1,180,1.848,0.7159,1.0,0.5579,0.2148,0.3,0.2232,0.7379,0.7942
127.551,3,NAVIGATE,-7.2726,3.1217,-1.9985,-0.287,0.986,0.9216,-0.087,1.186,1.1892,0.0,12.0,11.4767,7.182595729827881,1.0532078742980957,-55.43,0,1,180,1.454,0.7251,1.0,0.5749,0.2175,0.3,0.23,0.7475,0.8087
127.601,3,NAVIGATE,-7.2874,3.1663,-2.0034,-0.2739,1.0025,0.9185,-0.0739,1.2025,1.2047,0.0,12.0,11.4517,7.159307479858398,1.0638493299484253,-56.18,0,1,180,1.448,0.7309,1.0,0.587,0.2193,0.3,0.2348,0.7541,0.8275
127.651,3,NAVIGATE,-7.3038,3.2199,-2.0087,-0.2581,1.0217,0.9148,-0.0581,1.2217,1.223,0.0,12.0,11.4209,7.126285552978516,1.0893230438232422,-59.43,0,1,180,1.355,0.7375,1.0,0.6014,0.2213,0.3,0.2405,0.7618,0.8613
127.701,3,NAVIGATE,-7.32,3.2737,-2.0125,-0.2423,1.0403,0.9109,-0.0423,1.2403,1.2411,0.0,12.0,11.3899,7.114777565002441,1.1041992902755737,-61.18,0,1,180,1.429,0.7438,1.0,0.6154,0.2231,0.3,0.2462,0.7693,0.8815
127.751,3,NAVIGATE,-7.3356,3.3278,-2.015,-0.2265,1.0586,0.907,-0.0265,1.2586,1.2589,0.0,12.0,11.3586,7.0712971687316895,1.131369709968567,-63.68,0,1,180,1.488,0.7497,1.0,0.6292,0.2249,0.3,0.2517,0.7766,0.9189
127.801,3,NAVIGATE,-7.3498,3.3823,-2.0171,-0.2103,1.0766,0.903,-0.0103,1.2766,1.2767,0.0,12.0,11.3263,7.063403606414795,1.146178960800171,-65.44,0,1,180,1.464,0.7556,1.0,0.6431,0.2267,0.3,0.2572,0.7839,0.9417
127.851,3,NAVIGATE,-7.3592,3.4299,-2.0185,-0.1962,1.0927,0.8997,0.0038,1.2927,1.2927,0.0,12.0,11.2962,7.032769680023193,1.163413405418396,-66.69,0,1,180,1.512,0.7606,1.0,0.6555,0.2282,0.3,0.2622,0.7904,0.9656
127.901,3,NAVIGATE,-7.3692,3.4877,-2.02,-0.1789,1.1121,0.8957,0.0211,1.3121,1.3122,0.0,12.0,11.2589,6.998175144195557,1.1947338581085205,-69.44,0,1,180,1.449,0.7665,1.0,0.6705,0.2299,0.3,0.2682,0.7982,1.0007
127.951,3,NAVIGATE,-7.3789,3.546,-2.0212,-0.1616,1.1313,0.8917,0.0384,1.3313,1.3318,0.0,12.0,11.2213,6.970989227294922,1.2123914957046509,-70.69,0,1,180,1.365,0.772,1.0,0.6855,0.2316,0.3,0.2742,0.8058,1.019
128.001,3,NAVIGATE,-7.3888,3.5955,-2.0226,-0.1477,1.1472,0.8884,0.0523,1.3472,1.3482,0.0,12.0,11.1907,6.929780006408691,1.2496891021728516,-73.44,0,1,180,1.708,0.7761,1.0,0.6975,0.2328,0.3,0.279,0.8118,1.0713
128.051,3,NAVIGATE,-7.3994,3.655,-2.0239,-0.1309,1.166,0.8844,0.0691,1.366,1.3678,0.0,12.0,11.153,6.9096808433532715,1.2657619714736938,-74.69,0,1,180,1.581,0.7808,1.0,0.712,0.2342,0.3,0.2848,0.819,1.0972
128.101,3,NAVIGATE,-7.407,3.7148,-2.0242,-0.1131,1.1847,0.8803,0.0869,1.3847,1.3874,0.0,12.0,11.1134,6.890892505645752,1.2861627340316772,-75.95,0,1,180,1.592,0.7858,1.0,0.7268,0.2357,0.3,0.2907,0.8265,1.1261
128.151,3,NAVIGATE,-7.4104,3.775,-2.0228,-0.0938,1.2031,0.876,0.1062,1.4031,1.4071,0.0,12.0,11.0709,6.847263336181641,1.3278530836105347,-78.45,0,1,180,1.495,0.7913,1.0,0.7423,0.2374,0.3,0.2969,0.8343,1.1728
128.202,3,NAVIGATE,-7.4127,3.8254,-2.0216,-0.0778,1.2183,0.8724,0.1222,1.4183,1.4236,0.0,12.0,11.0351,6.834018230438232,1.3502955436706543,-79.45,0,1,180,1.711,0.7957,1.0,0.7552,0.2387,0.3,0.3021,0.8408,1.1923
128.251,3,NAVIGATE,-7.4157,3.8944,-2.021,-0.0558,1.2389,0.8674,0.1442,1.4389,1.4461,0.0,12.0,10.9861,6.765942573547363,1.397073745727539,-82.2,0,1,180,1.513,0.8014,1.0,0.7726,0.2404,0.3,0.309,0.8495,1.2608
128.301,3,NAVIGATE,-7.4174,3.9431,-2.021,-0.0404,1.2531,0.8637,0.1596,1.4531,1.4618,0.0,12.0,10.9513,6.741786003112793,1.4179298877716064,-83.2,0,1,180,1.369,0.8053,1.0,0.7848,0.2416,0.3,0.3139,0.8555,1.2847
128.351,3,NAVIGATE,-7.4186,4.0024,-2.0209,-0.022,1.2703,0.8593,0.178,1.4703,1.4811,0.0,12.0,10.9086,6.721402645111084,1.4421080350875854,-84.2,0,1,180,1.514,0.8096,1.0,0.7994,0.2429,0.3,0.3197,0.8626,1.3029
128.402,3,NAVIGATE,-7.4162,4.0634,-2.0198,-0.0028,1.2879,0.855,0.1972,1.3879,1.4019,0.0,12.0,10.8623,6.669144153594971,1.4922007322311401,-86.46,0,1,180,1.58,0.8194,1.0,0.7658,0.2458,0.3,0.3063,0.8522,1.3645
128.451,3,NAVIGATE,-7.4134,4.1252,-2.0187,0.0163,1.306,0.8509,0.2163,1.406,1.4226,0.0,12.0,10.8153,6.631088733673096,1.5180436372756958,-87.71,0,1,180,1.453,0.8239,1.0,0.7813,0.2472,0.3,0.3125,0.8597,1.3872
128.501,3,NAVIGATE,-7.4106,4.1774,-2.018,0.0321,1.3212,0.8476,0.2321,1.4212,1.4401,0.0,12.0,10.7754,6.5761613845825195,1.5709774494171143,-89.71,0,1,180,1.442,0.8273,1.0,0.7943,0.2482,0.3,0.3177,0.8659,1.4535
128.552,3,NAVIGATE,-7.4065,4.2405,-2.0184,0.0511,1.3371,0.8437,0.2511,1.4371,1.4589,0.0,12.0,10.7269,6.5554609298706055,1.60089111328125,-90.71,0,1,180,1.674,0.8314,1.0,0.8086,0.2494,0.3,0.3235,0.8729,1.4674
128.601,3,NAVIGATE,-7.4018,4.3043,-2.0186,0.0701,1.3507,0.8397,0.2701,1.4507,1.4756,0.0,12.0,10.6776,6.521298408508301,1.6288151741027832,-91.71,0,1,180,1.51,0.8355,1.0,0.8219,0.2506,0.3,0.3288,0.8794,1.4739
128.651,3,NAVIGATE,-7.3963,4.3699,-2.0189,0.0896,1.3632,0.8357,0.2896,1.4632,1.4916,0.0,12.0,10.6265,6.465564727783203,1.6807187795639038,-93.46,0,1,180,1.658,0.8395,1.0,0.8348,0.2518,0.3,0.3339,0.8858,1.4817
128.701,3,NAVIGATE,-7.3899,4.4366,-2.0192,0.1092,1.3749,0.8315,0.3092,1.3749,1.4093,0.0,12.0,10.5743,6.427546501159668,1.718989372253418,-94.46,0,1,180,1.743,0.8512,1.0,0.7997,0.2554,0.3,0.3199,0.8752,1.4878
128.751,3,NAVIGATE,-7.3828,4.5036,-2.0192,0.1289,1.3865,0.8274,0.3289,1.3865,1.425,0.0,12.0,10.5215,6.389276027679443,1.7314121723175049,133.0,0,1,180,1.561,0.8552,1.0,0.8125,0.2566,0.3,0.325,0.8815,1.4986
128.801,3,NAVIGATE,-7.373,4.5737,-2.0102,0.1487,1.3998,0.8233,0.3487,1.3998,1.4426,0.0,12.0,10.4647,6.34463357925415,1.734560251235962,131.5,0,1,180,1.389,0.8589,1.0,0.826,0.2577,0.3,0.3304,0.8881,1.5055
128.85,3,NAVIGATE,-7.3645,4.6323,-2.0036,0.165,1.4088,0.82,0.365,1.4088,1.4553,0.0,12.0,10.4172,6.275104999542236,1.743568778038025,132.75,0,1,180,0.928,0.862,1.0,0.8363,0.2586,0.3,0.3345,0.8931,1.5185
128.901,3,NAVIGATE,-7.3533,4.7027,-1.9976,0.1846,1.4173,0.8161,0.3846,1.4173,1.4686,0.0,12.0,10.3596,6.246975421905518,1.7493590116500854,132.75,0,1,180,1.138,0.8657,1.0,0.8476,0.2597,0.3,0.339,0.8987,1.5273
128.95,3,NAVIGATE,-7.3392,4.7739,-1.9964,0.2052,1.4243,0.8122,0.4052,1.4243,1.4808,0.0,12.0,10.2995,6.179312705993652,1.7607439756393433,133.0,0,1,180,0.95,0.8698,1.0,0.8587,0.2609,0.3,0.3435,0.9044,1.543
129.001,3,NAVIGATE,-7.3248,4.8449,-1.9956,0.2257,1.4301,0.8082,0.4257,1.4301,1.4921,0.0,12.0,10.2395,6.143003463745117,1.76693594455719,133.25,0,1,180,1.205,0.8738,1.0,0.8692,0.2621,0.3,0.3477,0.9098,1.5524
129.051,3,NAVIGATE,-7.3093,4.9163,-1.997,0.246,1.4355,0.8042,0.446,1.3355,1.408,0.0,12.0,10.1786,6.122347354888916,1.7729490995407104,134.5,0,1,180,1.05,0.8876,1.0,0.8331,0.2663,0.3,0.3332,0.8995,1.5635
129.102,3,NAVIGATE,-7.2931,4.9878,-1.9992,0.2659,1.441,0.8002,0.4659,1.341,1.4196,0.0,12.0,10.1173,6.060649394989014,1.788935899734497,134.0,0,1,180,1.613,0.8913,1.0,0.8435,0.2674,0.3,0.3374,0.9048,1.5827
129.15,3,NAVIGATE,-7.2765,5.0591,-2.0013,0.2855,1.4463,0.7964,0.4855,1.3463,1.4312,0.0,12.0,10.056,6.038685321807861,1.7963535785675049,134.0,0,1,180,0.975,0.8948,1.0,0.8537,0.2684,0.3,0.3415,0.9099,1.5934
129.201,3,NAVIGATE,-7.2637,5.117,-2.0035,0.3012,1.4478,0.7932,0.5012,1.3478,1.438,0.0,12.0,10.0069,5.9970855712890625,1.8132797479629517,133.0,0,1,180,1.379,0.8977,1.0,0.8606,0.2693,0.3,0.3442,0.9135,1.6157
129.25,3,NAVIGATE,-7.245,5.198,-2.0062,0.3232,1.4471,0.7888,0.5232,1.3471,1.4451,0.0,12.0,9.9376,5.970702648162842,1.823685884475708,135.0,0,1,180,1.01,0.902,1.0,0.869,0.2706,0.3,0.3476,0.9182,1.6288
129.301,3,NAVIGATE,-7.2307,5.2548,-2.0076,0.339,1.4447,0.7856,0.539,1.3447,1.4487,0.0,12.0,9.8884,5.9488067626953125,1.8327796459197998,134.75,0,1,180,0.994,0.9052,1.0,0.8743,0.2716,0.3,0.3497,0.9213,1.6411
129.35,3,NAVIGATE,-7.2124,5.3212,-2.0087,0.3582,1.44,0.7817,0.5582,1.34,1.4516,0.0,12.0,9.8298,5.902815341949463,1.8537384271621704,134.0,0,1,180,0.995,0.9093,1.0,0.88,0.2728,0.3,0.352,0.9248,1.666
129.402,3,NAVIGATE,-7.1935,5.3877,-2.0095,0.3776,1.4354,0.7777,0.5776,1.3354,1.4549,0.0,12.0,9.7708,5.878016471862793,1.8643341064453125,134.5,0,1,180,1.647,0.9134,1.0,0.8859,0.274,0.3,0.3544,0.9284,1.6815
129.45,3,NAVIGATE,-7.1699,5.4539,-2.0146,0.3987,1.431,0.7736,0.5987,1.331,1.4595,0.0,12.0,9.7087,5.8287672996521,1.8873215913772583,133.75,0,1,180,1.053,0.9178,1.0,0.893,0.2754,0.3,0.3572,0.9326,1.7083
129.501,3,NAVIGATE,-7.1441,5.5199,-2.021,0.4202,1.4271,0.7695,0.6202,1.3271,1.4649,0.0,12.0,9.6452,5.804290294647217,1.8997026681900024,134.25,0,1,180,0.986,0.9223,1.0,0.9007,0.2767,0.3,0.3603,0.9369,1.7243
129.551,3,NAVIGATE,-7.1225,5.5751,-2.0255,0.4377,1.4243,0.7661,0.6377,1.3243,1.4698,0.0,12.0,9.5922,5.775172233581543,1.9146277904510498,134.0,0,1,180,0.93,0.9256,1.0,0.907,0.2777,0.3,0.3628,0.9405,1.7408
129.6,3,NAVIGATE,-7.0961,5.6406,-2.0251,0.4584,1.4205,0.7621,0.6584,1.3205,1.4755,0.0,12.0,9.5287,5.724595069885254,1.9403576850891113,134.75,0,1,180,0.935,0.9296,1.0,0.9144,0.2789,0.3,0.3658,0.9446,1.7721
129.65,3,NAVIGATE,-7.0693,5.706,-2.0235,0.4787,1.4168,0.7581,0.6787,1.3168,1.4814,0.0,12.0,9.4652,5.698029518127441,1.9537800550460815,135.0,0,1,180,0.895,0.9332,1.0,0.9217,0.28,0.3,0.3687,0.9486,1.7885
129.701,3,NAVIGATE,-7.0426,5.7714,-2.0242,0.4988,1.4132,0.7542,0.6988,1.3132,1.4875,0.0,12.0,9.4018,5.640737533569336,1.9847105741500854,135.0,0,1,180,1.128,0.9367,1.0,0.9289,0.281,0.3,0.3716,0.9526,1.8233
129.75,3,NAVIGATE,-7.016,5.8366,-2.029,0.5185,1.4094,0.7503,0.7185,1.3094,1.4935,0.0,12.0,9.3387,5.612994194030762,1.9984310865402222,134.25,0,1,180,1.075,0.94,1.0,0.9359,0.282,0.3,0.3744,0.9564,1.8415
129.8,3,NAVIGATE,-6.9888,5.9018,-2.0328,0.5382,1.4057,0.7464,0.7382,1.3057,1.4999,0.0,12.0,9.2753,5.555173397064209,2.0331838130950928,134.5,0,1,180,0.906,0.9431,1.0,0.9431,0.2829,0.3,0.3772,0.9602,1.879
129.85,3,NAVIGATE,-6.9616,5.9682,-2.0354,0.5577,1.4028,0.7427,0.7577,1.2028,1.4216,0.0,12.0,9.2113,5.528407573699951,2.0488922595977783,134.0,0,1,180,0.903,0.9569,1.0,0.9069,0.2871,0.3,0.3627,0.9498,1.8982
129.901,3,NAVIGATE,-6.9387,6.0238,-2.0368,0.574,1.4007,0.7396,0.774,1.2007,1.4286,0.0,12.0,9.1576,5.499090194702148,2.066101312637329,133.75,0,1,180,0.923,0.959,1.0,0.9134,0.2877,0.3,0.3653,0.9531,1.9185
129.951,3,NAVIGATE,-6.9056,6.1016,-2.0382,0.5968,1.3978,0.7356,0.7968,1.1978,1.4386,0.0,12.0,9.0818,5.438801288604736,2.1033105850219727,134.75,0,1,180,1.418,0.9619,1.0,0.9226,0.2886,0.3,0.369,0.9576,1.9232
130.001,3,NAVIGATE,-6.884,6.1558,-2.0401,0.6116,1.3931,0.7328,0.8116,1.1931,1.443,0.0,12.0,9.0302,5.410007953643799,2.120896816253662,135.0,0,1,180,1.379,0.9639,1.0,0.9273,0.2892,0.3,0.3709,0.9601,1.8625
130.051,3,NAVIGATE,-6.857,6.2208,-2.0419,0.6296,1.3852,0.7296,0.8296,1.1852,1.4467,0.0,12.0,8.9676,5.3499650955200195,2.1572210788726807,134.75,0,1,180,1.433,0.9664,1.0,0.9321,0.2899,0.3,0.3729,0.9628,1.7674
130.101,3,NAVIGATE,-6.828,6.2857,-2.0427,0.6485,1.3756,0.7262,0.8485,1.1756,1.4498,0.0,12.0,8.9037,5.317038059234619,2.1794302463531494,135.0,0,1,180,1.414,0.9692,1.0,0.9368,0.2908,0.3,0.3747,0.9655,1.6914
130.151,3,NAVIGATE,-6.7967,6.3503,-2.0423,0.6684,1.3651,0.7227,0.8684,1.1651,1.4531,0.0,12.0,8.8382,5.256121635437012,2.221294403076172,134.25,0,1,180,1.475,0.9721,1.0,0.9417,0.2916,0.3,0.3767,0.9683,1.6099
130.201,3,NAVIGATE,-6.7644,6.4146,-2.0415,0.6886,1.3542,0.7191,0.8886,1.1542,1.4566,0.0,12.0,8.7723,5.225107192993164,2.2408008575439453,134.75,0,1,180,1.529,0.9749,1.0,0.9467,0.2925,0.3,0.3787,0.9712,1.5344
130.252,3,NAVIGATE,-6.7358,6.4774,-2.0378,0.7074,1.3433,0.7155,0.9074,1.1433,1.4596,0.0,12.0,8.7103,5.156661510467529,2.2849745750427246,135.0,0,1,180,2.014,0.9774,1.0,0.9511,0.2932,0.3,0.3804,0.9736,1.4358
130.301,3,NAVIGATE,-6.7077,6.5394,-2.033,0.7258,1.3325,0.712,0.9258,1.1325,1.4628,0.0,12.0,8.6494,5.1242876052856445,2.308602809906006,135.0,0,1,180,1.533,0.9796,1.0,0.9553,0.2939,0.3,0.3821,0.976,1.3642
130.352,3,NAVIGATE,-6.678,6.6014,-2.0289,0.7446,1.322,0.7085,0.9446,1.122,1.4666,0.0,12.0,8.5872,5.092229843139648,2.3301663398742676,135.0,0,1,180,1.57,0.9818,1.0,0.9599,0.2945,0.3,0.384,0.9785,1.2925
130.401,3,NAVIGATE,-6.6472,6.6636,-2.0261,0.7633,1.3115,0.7051,0.9633,1.1115,1.4709,0.0,12.0,8.5242,5.022525787353516,2.379331588745117,135.0,0,1,180,1.348,0.9838,1.0,0.9647,0.2951,0.3,0.3859,0.981,1.1931
130.451,3,NAVIGATE,-6.6202,6.7152,-2.0241,0.7792,1.3028,0.7022,0.9792,1.1028,1.4748,0.0,12.0,8.4709,4.988577842712402,2.4026434421539307,135.0,0,1,180,1.451,0.9854,1.0,0.9689,0.2956,0.3,0.3875,0.9832,1.1273
130.502,3,NAVIGATE,-6.5855,6.776,-2.0223,0.7988,1.292,0.6987,0.8988,1.192,1.4929,0.0,12.0,8.4059,4.913578033447266,2.455575704574585,134.5,0,1,180,1.785,0.9679,1.0,0.9633,0.2904,0.3,0.3853,0.9757,1.416
130.551,3,NAVIGATE,-6.548,6.8351,-2.0217,0.8192,1.2801,0.6952,0.9192,1.1801,1.4959,0.0,12.0,8.3398,4.879916667938232,2.4814951419830322,135.0,0,1,180,1.491,0.9711,1.0,0.9684,0.2913,0.3,0.3874,0.9787,1.3419
130.602,3,NAVIGATE,-6.5093,6.894,-2.0211,0.8396,1.2684,0.6915,0.9396,1.1684,1.4994,0.0,12.0,8.273,4.843682765960693,2.506213665008545,135.0,0,1,180,2.014,0.974,1.0,0.9736,0.2922,0.3,0.3895,0.9817,1.2688
130.651,3,NAVIGATE,-6.4739,6.9528,-2.0221,0.8559,1.259,0.6877,0.9559,1.059,1.4267,0.0,12.0,8.2088,4.765766143798828,2.5639443397521973,135.0,0,1,180,1.399,0.9848,1.0,0.9367,0.2955,0.3,0.3747,0.9701,1.0636
130.701,3,NAVIGATE,-6.439,7.0115,-2.0237,0.8692,1.2524,0.684,0.9692,1.0524,1.4307,0.0,12.0,8.1453,4.730319976806641,2.590613603591919,134.75,0,1,180,1.716,0.986,1.0,0.9405,0.2958,0.3,0.3762,0.972,1.0712
130.751,3,NAVIGATE,-6.4027,7.0701,-2.0252,0.8811,1.2475,0.6806,0.8811,1.1475,1.4467,0.0,12.0,8.0807,4.653260707855225,2.64473819732666,135.0,0,1,180,1.58,0.9664,1.0,0.9321,0.2899,0.3,0.3728,0.9628,1.4217
130.801,3,NAVIGATE,-6.365,7.1284,-2.0279,0.8921,1.2406,0.6775,0.8921,1.1406,1.4481,0.0,12.0,8.0154,4.613147258758545,2.6730668544769287,135.0,0,1,180,1.375,0.968,1.0,0.9345,0.2904,0.3,0.3738,0.9642,1.3778
130.851,3,NAVIGATE,-6.3327,7.1768,-2.0296,0.9015,1.2332,0.6748,0.9015,1.1332,1.4481,0.0,12.0,7.9603,4.538060188293457,2.731611490249634,135.0,0,1,180,1.37,0.9694,1.0,0.9359,0.2908,0.3,0.3743,0.9652,1.3251
130.901,3,NAVIGATE,-6.2925,7.234,-2.0305,0.9114,1.2245,0.6715,0.9114,1.1245,1.4474,0.0,12.0,7.8937,4.500053882598877,2.7607672214508057,135.0,0,1,180,1.367,0.971,1.0,0.937,0.2913,0.3,0.3748,0.9661,1.2867
130.951,3,NAVIGATE,-6.2506,7.2899,-2.0296,0.92,1.2165,0.668,0.92,1.1165,1.4467,0.0,12.0,7.8265,4.456493854522705,2.795891761779785,135.0,0,1,180,1.422,0.9723,1.0,0.9378,0.2917,0.3,0.3751,0.9668,1.2522
131.001,3,NAVIGATE,-6.208,7.3459,-2.0284,0.9273,1.21,0.6647,0.9273,1.11,1.4464,0.0,12.0,7.7588,4.382109642028809,2.8543477058410645,134.75,0,1,180,1.354,0.9733,1.0,0.9385,0.292,0.3,0.3754,0.9674,1.2148
131.051,3,NAVIGATE,-6.1634,7.404,-2.028,0.9342,1.2057,0.6616,0.9342,1.1057,1.4475,0.0,12.0,7.6883,4.34298849105835,2.8844873905181885,134.75,0,1,180,1.579,0.974,1.0,0.9399,0.2922,0.3,0.376,0.9682,1.1934
131.101,3,NAVIGATE,-6.1254,7.4532,-2.0279,0.9399,1.2029,0.6591,0.9399,1.1029,1.4491,0.0,12.0,7.6285,4.263514041900635,2.948599338531494,135.0,0,1,180,1.48,0.9745,1.0,0.9414,0.2923,0.3,0.3766,0.9689,1.1533
131.151,3,NAVIGATE,-6.0796,7.5119,-2.0274,0.9465,1.1997,0.6562,0.9465,1.0997,1.4509,0.0,12.0,7.5567,4.22688102722168,2.978362560272217,135.0,0,1,180,1.521,0.975,1.0,0.9431,0.2925,0.3,0.3772,0.9697,1.1298
131.201,3,NAVIGATE,-6.0376,7.5706,-2.0259,0.9514,1.196,0.6534,0.9514,1.096,1.4513,0.0,12.0,7.4881,4.1886820793151855,3.0093579292297363,135.0,0,1,180,1.58,0.9752,1.0,0.9436,0.2926,0.3,0.3774,0.97,1.1985
131.251,3,NAVIGATE,-5.9948,7.6289,-2.0244,0.9565,1.192,0.6507,0.9565,1.092,1.4517,0.0,12.0,7.4192,4.1087822914123535,3.0747666358947754,135.0,0,1,180,1.437,0.9756,1.0,0.9441,0.2927,0.3,0.3777,0.9703,1.1624
131.301,3,NAVIGATE,-5.9512,7.6868,-2.0241,0.9622,1.1876,0.6479,0.9622,1.0876,1.4521,0.0,12.0,7.3498,4.0709099769592285,3.10807466506958,135.0,0,1,180,1.464,0.976,1.0,0.9449,0.2928,0.3,0.378,0.9708,1.1387
131.351,3,NAVIGATE,-5.9065,7.7444,-2.0263,0.9685,1.1829,0.6451,0.9685,1.0829,1.4528,0.0,12.0,7.2799,3.9919545650482178,3.174715995788574,135.0,0,1,180,1.438,0.9766,1.0,0.9459,0.293,0.3,0.3784,0.9713,1.0994
131.402,3,NAVIGATE,-5.8613,7.8016,-2.0278,0.975,1.1781,0.6424,0.975,1.0781,1.4536,0.0,12.0,7.2098,3.9536306858062744,3.2050492763519287,135.0,0,1,180,1.925,0.9772,1.0,0.9469,0.2932,0.3,0.3788,0.9719,1.0764
131.451,3,NAVIGATE,-5.8131,7.8577,-2.0341,0.9825,1.1731,0.6397,0.8825,1.1731,1.468,0.0,12.0,7.138,3.8751745223999023,3.2707927227020264,135.0,0,1,180,1.583,0.9533,1.0,0.933,0.286,0.3,0.3732,0.9592,1.3838
131.501,3,NAVIGATE,-5.7724,7.9042,-2.0393,0.9889,1.1687,0.6374,0.9889,1.0687,1.4561,0.0,12.0,7.0778,3.8323450088500977,3.3049683570861816,135.0,0,1,180,1.45,0.9786,1.0,0.95,0.2936,0.3,0.38,0.9736,1.0881
131.551,3,NAVIGATE,-5.7233,7.9599,-2.0443,0.9964,1.1634,0.6346,0.8964,1.1634,1.4687,0.0,12.0,7.0056,3.7947912216186523,3.3394534587860107,135.0,0,1,180,1.574,0.9554,1.0,0.9355,0.2866,0.3,0.3742,0.9608,1.3984
131.601,3,NAVIGATE,-5.6737,8.0142,-2.0504,1.0016,1.1595,0.6318,0.9016,1.1595,1.4687,0.0,12.0,6.9338,3.7171730995178223,3.372246026992798,-28.4,0,1,180,1.509,0.9561,1.0,0.9362,0.2868,0.3,0.3745,0.9613,1.3549
131.651,3,NAVIGATE,-5.6241,8.0685,-2.0552,1.0062,1.156,0.6289,0.9062,1.156,1.4689,0.0,12.0,6.862,3.6747028827667236,3.331273078918457,-28.65,0,1,180,1.6,0.9566,1.0,0.9367,0.287,0.3,0.3747,0.9616,1.331
131.702,3,NAVIGATE,-5.575,8.1229,-2.0594,1.0083,1.1543,0.6261,0.9083,1.1543,1.4689,0.0,12.0,6.7906,10.95237922668457,3.2579758167266846,-29.65,0,1,180,1.782,0.9564,1.0,0.9365,0.2869,0.3,0.3746,0.9615,1.3002
131.751,3,NAVIGATE,-5.5271,8.1772,-2.0638,1.008,1.154,0.6234,0.908,1.154,1.4684,0.0,12.0,6.7203,10.9180269241333,3.2222847938537598,-29.9,0,1,180,1.595,0.9556,1.0,0.9355,0.2867,0.3,0.3742,0.9609,1.2923
131.802,3,NAVIGATE,-5.4871,8.2226,-2.0664,1.0069,1.1548,0.6212,0.9069,1.1548,1.4684,0.0,12.0,6.6616,10.88184928894043,3.1818900108337402,-30.9,0,1,180,1.892,0.9547,1.0,0.9346,0.2864,0.3,0.3738,0.9602,1.3471
131.851,3,NAVIGATE,-5.4404,8.2784,-2.0661,1.0048,1.1569,0.6187,0.9048,1.1569,1.4687,0.0,12.0,6.5915,10.812920570373535,3.1130378246307373,-31.9,0,1,180,1.383,0.9532,1.0,0.9333,0.286,0.3,0.3733,0.9593,1.3219
131.901,3,NAVIGATE,-5.3942,8.3347,-2.0641,1.0025,1.1595,0.6164,0.9025,1.1595,1.4694,0.0,12.0,6.5216,10.777017593383789,3.0789802074432373,-32.15,0,1,180,1.45,0.9516,1.0,0.9321,0.2855,0.3,0.3729,0.9583,1.318
131.951,3,NAVIGATE,-5.3477,8.391,-2.0616,1.0005,1.162,0.6139,1.0005,1.062,1.4591,0.0,12.0,6.4516,10.701390266418457,3.008469820022583,-33.16,0,1,180,1.367,0.9756,1.0,0.949,0.2927,0.3,0.3796,0.9722,1.0753
132.001,3,NAVIGATE,-5.2998,8.4457,-2.0588,0.9993,1.1635,0.6114,0.9993,1.0635,1.4593,0.0,12.0,6.3813,10.662742614746094,2.975350856781006,-34.16,0,1,180,1.815,0.9746,1.0,0.9482,0.2924,0.3,0.3793,0.9717,1.0708
132.051,3,NAVIGATE,-5.252,8.5007,-2.0557,0.9985,1.1647,0.6092,0.8985,1.1647,1.471,0.0,12.0,6.311,10.584553718566895,2.907130241394043,-34.41,0,1,180,1.44,0.9473,1.0,0.929,0.2842,0.3,0.3716,0.9558,1.312
132.101,3,NAVIGATE,-5.2122,8.5466,-2.0534,0.9999,1.1639,0.6074,0.8999,1.1639,1.4712,0.0,12.0,6.2524,10.54666805267334,2.874633312225342,-35.16,0,1,180,1.477,0.9468,1.0,0.9287,0.2841,0.3,0.3715,0.9555,1.2938
132.152,3,NAVIGATE,-5.165,8.6021,-2.0517,1.0038,1.1607,0.605,1.0038,1.0607,1.4604,0.0,12.0,6.1824,10.506997108459473,2.8434486389160156,-35.91,0,1,180,2.108,0.9734,1.0,0.9477,0.292,0.3,0.3791,0.9711,1.0749
132.201,3,NAVIGATE,-5.1094,8.6666,-2.0494,1.0074,1.1574,0.6019,0.9074,1.1574,1.4707,0.0,12.0,6.1006,10.432173728942871,2.775597333908081,-34.16,0,1,180,1.736,0.9467,1.0,0.9282,0.284,0.3,0.3713,0.9553,1.2899
132.251,3,NAVIGATE,-5.0684,8.7127,-2.0498,1.0089,1.1565,0.5997,0.9089,1.1565,1.4709,0.0,12.0,6.0411,10.396202087402344,2.7440695762634277,-35.16,0,1,180,1.599,0.9463,1.0,0.9279,0.2839,0.3,0.3712,0.9551,1.2705
132.301,3,NAVIGATE,-5.0188,8.7678,-2.0504,1.012,1.1545,0.597,0.912,1.1545,1.4713,0.0,12.0,5.9695,10.32573413848877,2.6798882484436035,-33.91,0,1,180,1.598,0.946,1.0,0.9279,0.2838,0.3,0.3712,0.955,1.2784
132.352,3,NAVIGATE,-4.961,8.8324,-2.049,1.0142,1.1533,0.5936,0.9142,1.1533,1.4717,0.0,12.0,5.886,10.286396980285645,2.642404317855835,-33.66,0,1,180,1.57,0.9453,1.0,0.9274,0.2836,0.3,0.371,0.9546,1.2621
132.401,3,NAVIGATE,-4.9197,8.8795,-2.0427,1.0144,1.1538,0.5912,0.9144,1.1538,1.4722,0.0,12.0,5.8259,10.220005989074707,2.5788509845733643,-33.91,0,1,180,1.322,0.9443,1.0,0.9268,0.2833,0.3,0.3707,0.954,1.2749
132.451,3,NAVIGATE,-4.862,8.9452,-2.0345,1.0135,1.1555,0.5879,0.9135,1.1555,1.473,0.0,12.0,5.7421,10.185662269592285,2.5471086502075195,-33.41,0,1,180,1.332,0.9425,1.0,0.9255,0.2827,0.3,0.3702,0.9529,1.2628
132.501,3,NAVIGATE,-4.8216,8.9943,-2.0303,1.0122,1.1584,0.5855,0.9122,1.1584,1.4744,0.0,12.0,5.6817,10.113188743591309,2.478470802307129,-32.66,0,1,180,1.643,0.9406,1.0,0.9246,0.2822,0.3,0.3698,0.952,1.2687
132.551,3,NAVIGATE,-4.7736,9.0546,-2.0266,1.0101,1.1628,0.5826,0.9101,1.1628,1.4766,0.0,12.0,5.6092,10.078442573547363,2.4455177783966064,-33.66,0,1,180,1.39,0.938,1.0,0.9234,0.2814,0.3,0.3694,0.9508,1.2602
132.602,3,NAVIGATE,-4.7256,9.1144,-2.0232,1.0082,1.1669,0.5797,1.0082,0.9669,1.3969,0.0,12.0,5.5369,10.044051170349121,2.413813591003418,-32.66,0,1,180,1.883,0.9767,1.0,0.9096,0.293,0.3,0.3638,9982.8861,1.006
132.651,3,NAVIGATE,-4.6791,9.1741,-2.0176,1.0058,1.1709,0.5767,0.9058,0.9709,1.3278,0.0,12.0,5.4662,9.971678733825684,2.3456461429595947,-31.9,0,1,180,1.435,0.9619,1.0,0.8515,0.2886,0.3,0.3406,9980.1909,1.083
132.701,3,NAVIGATE,-4.6327,9.2336,-2.0121,1.0039,1.1742,0.574,1.0039,0.9742,1.3989,0.0,12.0,5.3958,9.936386108398438,2.3125836849212646,-32.15,0,1,180,1.455,0.9732,1.0,0.9076,0.292,0.3,0.363,9983.6148,1.0128
132.751,3,NAVIGATE,-4.5861,9.2928,-2.0073,1.0042,1.1721,0.5711,1.0042,0.9721,1.3976,0.0,12.0,5.3255,9.861908912658691,2.24466609954834,-33.66,0,1,180,1.563,0.9723,1.0,0.9059,0.2917,0.3,0.3624,9984.0237,1.0242
132.801,3,NAVIGATE,-4.539,9.3519,-2.003,1.0044,1.165,0.5679,1.0044,0.965,1.3928,0.0,12.0,5.255,9.826332092285156,2.2131316661834717,-31.9,0,1,180,1.667,0.972,1.0,0.9025,0.2916,0.3,0.361,9984.436,1.0048
132.851,3,NAVIGATE,-4.4916,9.4101,-1.9994,1.007,1.1544,0.5643,1.007,0.9544,1.3874,0.0,12.0,5.1848,9.763712882995605,2.1476199626922607,-31.65,0,1,180,1.618,0.9724,1.0,0.8994,0.2917,0.3,0.3597,9984.9281,0.9984
132.902,3,NAVIGATE,-4.4448,9.4684,-1.9955,1.011,1.142,0.5603,1.011,0.942,1.3818,0.0,12.0,5.1152,9.730144500732422,2.1116528511047363,-32.15,0,1,180,1.862,0.9731,1.0,0.8965,0.2919,0.3,0.3586,9985.4613,1.008
132.951,3,NAVIGATE,-4.398,9.526,-1.9918,1.0161,1.1288,0.5561,1.0161,0.9288,1.3766,0.0,12.0,5.0461,9.677906036376953,2.0476808547973633,-33.66,0,1,180,1.661,0.9741,1.0,0.894,0.2922,0.3,0.3576,9986.0219,0.9981
133.001,3,NAVIGATE,-4.3414,9.5916,-1.9892,1.0229,1.1133,0.5508,1.0229,0.9133,1.3713,0.0,12.0,4.9647,9.651885986328125,2.015071153640747,-31.65,0,1,180,1.373,0.9754,1.0,0.8917,0.2926,0.3,0.3567,9986.7194,0.9673
133.051,3,NAVIGATE,-4.2959,9.6367,-1.9911,1.0297,1.1023,0.5469,1.0297,0.9023,1.3691,0.0,12.0,4.9031,9.606388092041016,1.9439336061477661,-30.65,0,1,180,1.387,0.9766,1.0,0.8914,0.293,0.3,0.3566,9987.3212,0.9933
133.102,3,NAVIGATE,-4.2416,9.69,-1.9933,1.0372,1.0895,0.5421,1.0372,0.8895,1.3664,0.0,12.0,4.8298,9.586342811584473,1.9116647243499756,-31.9,0,1,180,1.709,0.978,1.0,0.8909,0.2934,0.3,0.3564,9988.0129,0.9624
133.151,3,NAVIGATE,-4.1783,9.7514,-1.9927,1.0453,1.0749,0.5363,1.0453,0.8749,1.3632,0.0,12.0,4.745,9.549144744873047,1.8432202339172363,-33.66,0,1,180,1.424,0.9794,1.0,0.8901,0.2938,0.3,0.356,9988.7816,0.9419
133.202,3,NAVIGATE,-4.1242,9.8033,-1.9895,1.0517,1.0626,0.5314,1.0517,0.8626,1.3602,0.0,12.0,4.6727,9.530319213867188,1.8109018802642822,-33.91,0,1,180,1.944,0.9806,1.0,0.8892,0.2942,0.3,0.3557,9989.411,0.9509
133.251,3,NAVIGATE,-4.0702,9.8545,-1.9868,1.0576,1.0502,0.5264,1.0576,0.8502,1.357,0.0,12.0,4.601,9.499439239501953,1.7500783205032349,-35.91,0,1,180,1.36,0.9816,1.0,0.888,0.2945,0.3,0.3552,9990.0114,0.9399
133.301,3,NAVIGATE,-4.0142,9.9033,-1.9864,1.0639,1.037,0.5214,1.0639,0.837,1.3537,0.0,12.0,4.5288,9.48190975189209,1.7172002792358398,-37.66,0,1,180,1.407,0.9829,1.0,0.887,0.2949,0.3,0.3548,9990.6436,0.9397
133.351,3,NAVIGATE,-3.9587,9.9516,-1.9861,1.0699,1.0236,0.5165,1.0699,0.8236,1.3502,0.0,12.0,4.4572,9.467158317565918,1.6855573654174805,-38.41,0,1,180,1.563,0.9841,1.0,0.8858,0.2952,0.3,0.3543,9991.2508,0.9425
133.401,3,NAVIGATE,-3.9032,9.9988,-1.9858,1.0758,1.0099,0.5115,1.0758,0.8099,1.3466,0.0,12.0,4.3863,9.441007614135742,1.6316531896591187,-40.66,0,1,180,1.463,0.9853,1.0,0.8845,0.2956,0.3,0.3538,9991.8445,0.9189
133.451,3,NAVIGATE,-3.8474,10.0443,-1.9854,1.0817,0.9957,0.5066,1.0817,0.7957,1.3428,0.0,12.0,4.316,9.427094459533691,1.6002542972564697,-41.66,0,1,180,1.583,0.9866,1.0,0.8832,0.296,0.3,0.3533,9992.4341,0.9199
133.501,3,NAVIGATE,-3.792,10.0894,-1.9851,1.0874,0.9816,0.5018,1.0874,0.7816,1.3392,0.0,12.0,4.2461,9.399922370910645,1.5495665073394775,-44.17,0,1,180,1.717,0.9878,1.0,0.8819,0.2963,0.3,0.3527,9992.9897,0.9253
133.551,3,NAVIGATE,-3.7341,10.1359,-1.9872,1.0938,0.9681,0.4971,1.0938,0.7681,1.3366,0.0,12.0,4.1736,9.387739181518555,1.5242983102798462,-45.42,0,1,180,1.581,0.9889,1.0,0.8812,0.2967,0.3,0.3525,9993.5228,0.9122
133.601,3,NAVIGATE,-3.6763,10.182,-1.9895,1.1001,0.9547,0.4923,1.1001,0.7547,1.3341,0.0,12.0,4.1012,9.364677429199219,1.4765937328338623,-48.17,0,1,180,1.435,0.9899,1.0,0.8804,0.297,0.3,0.3522,9994.0011,0.9022
133.651,3,NAVIGATE,-3.6181,10.2274,-1.9914,1.1063,0.9411,0.4876,1.1063,0.7411,1.3316,0.0,12.0,4.029,9.352592468261719,1.4520994424819946,-49.67,0,1,180,1.531,0.9909,1.0,0.8797,0.2973,0.3,0.3519,9994.4219,0.8977
133.702,3,NAVIGATE,-3.5564,10.2718,-1.9927,1.1134,0.9273,0.483,1.1134,0.7273,1.3299,0.0,12.0,3.9541,9.329475402832031,1.4129352569580078,-52.92,0,1,180,1.84,0.992,1.0,0.8795,0.2976,0.3,0.3518,9994.8048,0.9019
133.751,3,NAVIGATE,-3.4956,10.3156,-1.9937,1.12,0.9134,0.4785,1.12,0.7134,1.3279,0.0,12.0,3.8803,9.318258285522461,1.3912383317947388,-54.43,0,1,180,1.525,0.993,1.0,0.8791,0.2979,0.3,0.3516,9995.0739,0.8996
133.801,3,NAVIGATE,-3.4363,10.359,-1.9927,1.1257,0.8995,0.474,1.1257,0.6995,1.3253,0.0,12.0,3.8081,9.291794776916504,1.3570207357406616,-57.43,0,1,180,1.544,0.9939,1.0,0.8782,0.2982,0.3,0.3513,9995.5636,0.9125
133.851,3,NAVIGATE,-3.3783,10.402,-1.9902,1.1308,0.8856,0.4697,1.1308,0.6856,1.3224,0.0,12.0,3.7372,9.280001640319824,1.3408644199371338,-59.18,0,1,180,1.368,0.9947,1.0,0.8769,0.2984,0.3,0.3508,9995.9694,0.916
133.901,3,NAVIGATE,-3.3206,10.4443,-1.9879,1.1357,0.8717,0.4655,1.1357,0.6717,1.3194,0.0,12.0,3.6669,9.268754959106445,1.3276574611663818,-61.18,0,1,180,1.514,0.9954,1.0,0.8756,0.2986,0.3,0.3502,9996.2784,0.9159
133.951,3,NAVIGATE,-3.2649,10.4854,-1.9908,1.14,0.8578,0.4614,1.14,0.6578,1.3161,0.0,12.0,3.5991,9.242018699645996,1.3004790544509888,-64.43,0,1,180,1.444,0.996,1.0,0.874,0.2988,0.3,0.3496,9996.4636,0.912
134.001,3,NAVIGATE,-3.2092,10.5259,-1.9934,1.1444,0.8439,0.4573,1.1444,0.6439,1.3131,0.0,12.0,3.5316,9.228946685791016,1.2892330884933472,-66.44,0,1,180,1.478,0.9966,1.0,0.8724,0.299,0.3,0.349,9996.7361,0.9115
134.052,3,NAVIGATE,-3.1628,10.5593,-1.9946,1.148,0.8323,0.454,1.148,0.6323,1.3106,0.0,12.0,3.4755,9.204033851623535,1.271180272102356,-70.19,0,1,180,1.902,0.9971,1.0,0.8712,0.2991,0.3,0.3485,9997.1084,0.9364
134.101,3,NAVIGATE,-3.0981,10.6059,-1.993,1.1528,0.8164,0.4494,1.1528,0.6164,1.3073,0.0,12.0,3.3973,9.192314147949219,1.2647899389266968,-71.94,0,1,180,1.439,0.9977,1.0,0.8695,0.2993,0.3,0.3478,9997.4922,0.9254
134.151,3,NAVIGATE,-3.0517,10.6386,-1.9919,1.1563,0.8048,0.4462,1.1563,0.6048,1.3049,0.0,12.0,3.3416,9.165145874023438,1.2567840814590454,-75.95,0,1,180,1.489,0.9981,1.0,0.8683,0.2994,0.3,0.3473,9997.6469,0.9354
134.201,3,NAVIGATE,-2.9968,10.677,-1.9909,1.1602,0.7906,0.4424,1.1602,0.5906,1.3019,0.0,12.0,3.2758,9.150618553161621,1.2523561716079712,-77.7,0,1,180,1.54,0.9985,1.0,0.8666,0.2995,0.3,0.3466,9997.6675,0.9436
134.251,3,NAVIGATE,-2.9423,10.7146,-1.99,1.1639,0.776,0.4388,1.1639,0.576,1.2986,0.0,12.0,3.2108,9.140048027038574,1.250138282775879,-79.7,0,1,180,1.507,0.9989,1.0,0.8647,0.2997,0.3,0.3459,9998.0204,0.9359
134.301,3,NAVIGATE,-2.8875,10.7515,-1.9893,1.1677,0.7614,0.4352,1.1677,0.5614,1.2956,0.0,12.0,3.1458,9.110274314880371,1.2503386735916138,-83.7,0,1,180,1.735,0.9992,1.0,0.8631,0.2998,0.3,0.3452,9998.4919,0.9598
134.351,3,NAVIGATE,-2.8314,10.7882,-1.9913,1.1718,0.7469,0.4317,1.1718,0.5469,1.2932,0.0,12.0,3.0798,9.100884437561035,1.2549721002578735,-85.7,0,1,180,1.607,0.9995,1.0,0.8617,0.2998,0.3,0.3447,9998.7687,0.9635
134.401,3,NAVIGATE,-2.7751,10.8241,-1.993,1.176,0.7324,0.4282,1.276,0.5324,1.3826,0.0,12.0,3.014,9.075189590454102,1.2612276077270508,-89.46,0,1,180,1.35,1.0,1.0,0.9217,0.3,0.3,0.3687,9999.5576,0.9858
134.451,3,NAVIGATE,-2.7188,10.8587,-1.9954,1.18,0.7174,0.4248,1.28,0.5174,1.3806,0.0,12.0,2.9486,9.0658540725708,1.2702562808990479,-91.21,0,1,180,1.508,0.9999,1.0,0.9203,0.3,0.3,0.3681,9998.9082,1.0005
134.501,3,NAVIGATE,-2.6623,10.8917,-1.9992,1.1842,0.7018,0.4215,1.1842,0.5018,1.2861,0.0,12.0,2.8837,9.045892715454102,1.2854703664779663,-94.71,0,1,180,1.441,1.0,1.0,0.8574,0.3,0.3,0.343,9999.2132,1.0264
134.551,3,NAVIGATE,-2.6055,10.9241,-2.0023,1.1915,0.6865,0.4183,1.1915,0.4865,1.287,0.0,12.0,2.8189,9.03139877319336,1.296208381652832,-96.71,0,1,180,1.303,1.0,1.0,0.858,0.3,0.3,0.3432,9999.6203,1.0442
134.601,3,NAVIGATE,-2.5499,10.9571,-2.0037,1.2003,0.6716,0.4147,1.2003,0.4716,1.2896,0.0,12.0,2.7549,9.011710166931152,1.3193172216415405,-99.97,0,1,180,1.526,0.9999,1.0,0.8597,0.3,0.3,0.3439,9998.88,1.0783
134.651,3,NAVIGATE,-2.494,10.9894,-2.0046,1.2077,0.6564,0.411,1.1077,0.4564,1.198,0.0,12.0,2.6909,9.00596809387207,1.3307833671569824,-101.47,0,1,180,1.781,1.0,1.0,0.7986,0.3,0.3,0.3195,9999.1231,1.0972
134.701,3,NAVIGATE,-2.4378,11.0209,-2.0038,1.2137,0.6411,0.4072,1.1137,0.4411,1.1979,0.0,12.0,2.6271,9.00062370300293,1.3435440063476562,-103.72,0,1,180,1.684,1.0,1.0,0.7986,0.3,0.3,0.3194,9999.5465,1.1129
134.751,3,NAVIGATE,-2.3918,11.0463,-1.9977,1.2175,0.6283,0.4039,1.3175,0.5283,1.4195,0.0,12.0,2.575,8.992039680480957,1.3743255138397217,-106.47,0,1,180,1.675,1.0,1.0,0.9463,0.3,0.3,0.3785,9999.714,1.1729
134.802,3,NAVIGATE,-2.3361,11.076,-1.9913,1.2181,0.6123,0.4001,1.3181,0.5123,1.4142,0.0,12.0,2.5122,8.988699913024902,1.3923295736312866,-108.23,0,1,180,1.928,1.0,1.0,0.9428,0.3,0.3,0.3771,9999.5488,1.1917
134.851,3,NAVIGATE,-2.2897,11.0999,-1.9877,1.2167,0.5988,0.3974,1.3167,0.4988,1.408,0.0,12.0,2.4602,8.984423637390137,1.4106242656707764,-109.73,0,1,180,1.782,0.9999,1.0,0.9386,0.3,0.3,0.3754,9999.1043,1.2112
134.902,3,NAVIGATE,-2.2437,11.1225,-1.988,1.218,0.5871,0.3948,1.018,0.3871,1.0891,0.0,12.0,2.4092,8.976086616516113,1.4465876817703247,-112.98,0,1,180,1.843,1.0,1.0,0.7261,0.3,0.3,0.2904,9999.326,1.2252
134.952,3,NAVIGATE,-2.1879,11.1492,-1.9884,1.2245,0.5758,0.3917,1.2245,0.4758,1.3137,0.0,12.0,2.3475,8.969877243041992,1.46527898311615,-111.98,0,1,180,2.055,1.0,1.0,0.8758,0.3,0.3,0.3503,9999.6413,1.2635
135.001,3,NAVIGATE,-2.132,11.1759,-1.9861,1.2333,0.566,0.3884,1.3333,0.566,1.4485,0.0,12.0,2.2857,8.96300220489502,1.4848154783248901,-113.23,0,1,180,1.678,0.9995,1.0,0.9651,0.2998,0.3,0.3861,9999.1323,1.3028
135.051,3,NAVIGATE,-2.0855,11.1983,-1.9825,1.2341,0.5556,0.3857,1.1341,0.4556,1.2222,0.0,12.0,2.2343,8.956557273864746,1.5229965448379517,-111.98,0,1,180,1.579,0.9999,1.0,0.8147,0.3,0.3,0.3259,9999.2449,1.3161
135.101,3,NAVIGATE,-2.0292,11.2245,-1.979,1.2351,0.5441,0.3826,1.1351,0.4441,1.2189,0.0,12.0,2.1723,8.952178001403809,1.5404928922653198,-110.73,0,1,180,1.496,1.0,1.0,0.8126,0.3,0.3,0.325,9999.4421,1.3311
135.151,3,NAVIGATE,-1.9816,11.2459,-1.9768,1.2389,0.5374,0.3799,1.2389,0.4374,1.3138,0.0,12.0,2.1203,8.94797420501709,1.5613964796066284,-112.73,0,1,180,1.758,0.9997,1.0,0.8756,0.2999,0.3,0.3502,9999.2715,1.3509
135.201,3,NAVIGATE,-1.924,11.2713,-1.9747,1.2408,0.5297,0.3769,1.3408,0.5297,1.4416,0.0,12.0,2.0574,8.940006256103516,1.5960098505020142,-112.23,0,1,180,1.88,0.9999,1.0,0.961,0.3,0.3,0.3844,9999.455,1.4026
135.251,3,NAVIGATE,-1.8661,11.2963,-1.9731,1.2404,0.5217,0.3742,1.3404,0.5217,1.4384,0.0,12.0,1.9943,8.935657501220703,1.6124804019927979,-111.73,0,1,180,1.557,0.9999,1.0,0.9589,0.3,0.3,0.3835,9999.6512,1.4201
135.302,3,NAVIGATE,-1.8185,11.3166,-1.9713,1.2411,0.515,0.3721,1.1411,0.415,1.2142,0.0,12.0,1.9427,8.918854713439941,1.648900032043457,-110.98,0,1,180,1.763,0.9999,1.0,0.8094,0.3,0.3,0.3238,9999.5073,1.4351
135.351,3,NAVIGATE,-1.7612,11.3406,-1.9693,1.2466,0.5094,0.3698,1.2466,0.5094,1.3466,0.0,12.0,1.8806,8.910778999328613,1.666114330291748,-112.98,0,1,180,1.541,0.9996,1.0,0.8974,0.2999,0.3,0.3589,9999.2862,1.4691
135.401,3,NAVIGATE,-1.7025,11.3647,-1.9681,1.2549,0.5052,0.3676,1.0549,0.4052,1.13,0.0,12.0,1.8171,8.902681350708008,1.6822439432144165,-112.23,0,1,180,1.547,1.0,1.0,0.7533,0.3,0.3,0.3013,9999.4342,1.4641
135.451,3,NAVIGATE,-1.6503,11.3857,-1.9688,1.2603,0.5011,0.3658,1.3603,0.5011,1.4497,0.0,12.0,1.7609,8.879654884338379,1.7169685363769531,-110.48,0,1,180,1.565,1.0,1.0,0.9665,0.3,0.3,0.3866,9999.7285,1.5172
135.502,3,NAVIGATE,-1.5981,11.4064,-1.9695,1.2657,0.4979,0.364,1.3657,0.4979,1.4536,0.0,12.0,1.7048,8.872427940368652,1.733459711074829,-112.48,0,1,180,1.897,1.0,1.0,0.969,0.3,0.3,0.3876,9999.5451,1.5341
135.551,3,NAVIGATE,-1.5351,11.4305,-1.9705,1.2655,0.4921,0.3622,1.2655,0.4921,1.3578,0.0,12.0,1.6373,8.859559059143066,1.748957633972168,-110.73,0,1,180,1.709,0.9999,1.0,0.9051,0.3,0.3,0.362,9999.5911,1.5508
135.601,3,NAVIGATE,-1.4805,11.4487,-1.971,1.2687,0.4878,0.361,1.0687,0.3878,1.1369,0.0,12.0,1.5798,8.83351993560791,1.784708857536316,-111.73,0,1,180,1.639,1.0,1.0,0.7579,0.3,0.3,0.3032,9999.4887,1.5629
135.651,3,NAVIGATE,-1.4153,11.4705,-1.9717,1.2764,0.484,0.3596,1.3764,0.484,1.459,0.0,12.0,1.5111,8.820633888244629,1.799036979675293,-111.73,0,1,180,1.578,0.9998,1.0,0.9725,0.2999,0.3,0.389,9999.3643,1.5985
135.701,3,NAVIGATE,-1.3499,11.4906,-1.9721,1.284,0.4799,0.3581,1.384,0.4799,1.4649,0.0,12.0,1.4429,8.80443000793457,1.8158290386199951,-108.98,0,1,180,1.802,0.9996,1.0,0.9762,0.2999,0.3,0.3905,9999.4576,1.6144
135.751,3,NAVIGATE,-1.2954,11.506,-1.9724,1.2854,0.4741,0.3571,1.2854,0.4741,1.3701,0.0,12.0,1.3864,8.77426815032959,1.849548578262329,-110.98,0,1,180,1.881,0.9999,1.0,0.9133,0.3,0.3,0.3653,9999.7389,1.6464
135.801,3,NAVIGATE,-1.2303,11.5247,-1.9729,1.2901,0.4684,0.3561,1.1901,0.4684,1.2789,0.0,12.0,1.3189,8.754615783691406,1.8649635314941406,-109.73,0,1,180,1.713,1.0,1.0,0.8526,0.3,0.3,0.341,9999.5908,1.6619
135.851,3,NAVIGATE,-1.1639,11.5448,-1.9735,1.2982,0.4641,0.3552,1.1982,0.4641,1.285,0.0,12.0,1.2498,8.736788749694824,1.8800359964370728,-110.23,0,1,180,1.609,1.0,1.0,0.8566,0.3,0.3,0.3427,9999.5854,1.6769
135.901,3,NAVIGATE,-1.1083,11.562,-1.974,1.3048,0.4612,0.3547,1.1048,0.4612,1.1972,0.0,12.0,1.1917,8.690195083618164,1.9128767251968384,-110.48,0,1,180,1.56,0.9998,1.0,0.798,0.2999,0.3,0.3192,9999.7448,1.7118
135.951,3,NAVIGATE,-1.0528,11.5793,-1.9745,1.3087,0.4584,0.3543,1.3087,0.5584,1.4229,0.0,12.0,1.1338,8.664536476135254,1.928429365158081,-108.98,0,1,180,1.56,0.9997,1.0,0.9483,0.2999,0.3,0.3793,9999.437,1.7551
136.001,3,NAVIGATE,-0.9868,11.6,-1.9746,1.3096,0.4551,0.3544,1.2096,0.4551,1.2923,0.0,12.0,1.0648,8.637540817260742,1.943912386894226,-110.73,0,1,180,1.555,0.9997,1.0,0.8613,0.2999,0.3,0.3445,9999.363,1.753
136.051,3,NAVIGATE,-0.9323,11.6172,-1.9747,1.3061,0.4525,0.3547,1.2061,0.4525,1.2882,0.0,12.0,1.0078,8.573761940002441,1.979589581489563,-112.73,0,1,180,1.676,0.9995,1.0,0.8584,0.2999,0.3,0.3434,9999.3332,1.7936
136.101,3,NAVIGATE,-0.8674,11.638,-1.9751,1.3042,0.4527,0.3557,1.1042,0.4527,1.1934,0.0,12.0,0.9399,8.534906387329102,1.9953044652938843,-113.98,0,1,180,1.567,1.0,1.0,0.7956,0.3,0.3,0.3182,9999.5858,1.8121
136.152,3,NAVIGATE,-0.8033,11.6576,-1.9707,1.3023,0.4529,0.3573,1.3023,0.5529,1.4148,0.0,12.0,0.8732,8.496916770935059,2.0153086185455322,-115.23,0,1,180,1.898,1.0,1.0,0.9432,0.3,0.3,0.3773,9999.2058,1.8656
136.201,3,NAVIGATE,-0.75,11.6742,-1.9676,1.2998,0.4523,0.359,1.1998,0.5523,1.3209,0.0,12.0,0.8177,8.399568557739258,2.0562424659729004,-117.48,0,1,180,1.717,0.9998,1.0,0.8804,0.2999,0.3,0.3521,9999.1697,1.9171
136.251,3,NAVIGATE,-0.6864,11.6942,-1.9652,1.2939,0.4504,0.3613,1.0939,0.5504,1.2245,0.0,12.0,0.7514,8.3490571975708,2.0767297744750977,-118.73,0,1,180,1.56,0.9989,1.0,0.8155,0.2997,0.3,0.3262,9999.0967,1.9254
136.301,3,NAVIGATE,-0.6222,11.7142,-1.9656,1.2918,0.4506,0.3642,1.0918,0.4506,1.1812,0.0,12.0,0.6847,8.232056617736816,2.121980667114258,-120.99,0,1,180,1.838,0.9992,1.0,0.7868,0.2998,0.3,0.3147,9999.0631,1.9663
136.351,3,NAVIGATE,-0.569,11.731,-1.9662,1.2905,0.4523,0.3671,1.2905,0.6523,1.446,0.0,12.0,0.6294,8.17415714263916,2.1466269493103027,-122.24,0,1,180,1.904,0.9997,1.0,0.9637,0.2999,0.3,0.3855,9998.5289,1.9431
136.402,3,NAVIGATE,-0.5057,11.7522,-1.9658,1.2853,0.4554,0.3716,1.2853,0.6554,1.4428,0.0,12.0,0.5632,8.11047077178955,2.1692605018615723,-123.24,0,1,180,1.841,0.9999,1.0,0.9617,0.3,0.3,0.3847,9998.7467,1.9253
136.501,3,RETURN_HOME,-0.3918,11.7938,-1.9627,1.2755,0.4646,0.3815,1.4755,0.2646,1.4991,0.0,0.0,11.8003,7.889476776123047,2.2452940940856934,-126.49,0,1,180,1.655,-0.1437,1.0,0.4997,-0.0431,0.3,0.1999,0.4568,2.0916
136.551,3,RETURN_HOME,-0.3296,11.8169,-1.9603,1.2739,0.4756,0.3869,1.4739,0.2756,1.4994,0.0,0.0,11.8215,7.813723564147949,2.2741594314575195,-127.74,0,1,180,1.753,-0.1563,1.0,0.4998,-0.0469,0.3,0.1999,0.453,2.1167
136.601,3,RETURN_HOME,-0.2675,11.8406,-1.9565,1.2748,0.4888,0.385,1.3748,0.2888,1.4048,0.0,0.0,11.8436,7.665011882781982,2.331993818283081,-130.0,0,1,180,1.561,-0.1834,1.0,0.4683,-0.055,0.3,0.1873,0.4323,2.1534
136.651,3,RETURN_HOME,-0.2156,11.8606,-1.9512,1.2839,0.4973,0.377,1.3839,0.2973,1.4155,0.0,0.0,11.8626,7.654661655426025,2.360675096511841,-130.75,0,1,180,1.447,-0.1922,1.0,0.4718,-0.0577,0.3,0.1887,0.4311,2.1626
136.702,3,RETURN_HOME,-0.1546,11.8857,-1.9451,1.3008,0.5044,0.3602,1.4008,0.3044,1.4335,0.0,0.0,11.8867,7.692635536193848,2.3882555961608887,-131.25,0,1,180,1.796,-0.1996,1.0,0.4778,-0.0599,0.3,0.1911,0.4312,2.1871
136.751,3,RETURN_HOME,-0.0929,11.9109,-1.9368,1.3202,0.5058,0.3359,1.4202,0.3058,1.4528,0.0,0.0,11.9112,7.927609920501709,2.447582721710205,-131.5,0,1,180,1.911,-0.2029,1.0,0.4843,-0.0609,0.3,0.1937,0.4328,2.2018
136.801,3,RETURN_HOME,-0.0407,11.932,-1.9281,1.3366,0.5019,0.3102,1.4366,0.3019,1.468,0.0,0.0,11.9321,8.119070053100586,2.473057508468628,-131.25,0,1,180,1.546,-0.2024,1.0,0.4893,-0.0607,0.3,0.1957,0.435,2.2044
136.851,3,RETURN_HOME,0.0234,11.9584,-1.9156,1.3546,0.4922,0.2734,1.4546,0.2922,1.4836,0.0,0.0,11.9584,8.697698593139648,2.5323538780212402,-130.5,0,1,180,1.699,-0.1989,1.0,0.4945,-0.0597,0.3,0.1978,0.4382,2.209
136.901,3,RETURN_HOME,0.0882,11.9838,-1.9024,1.3703,0.4774,0.2306,1.4703,0.2774,1.4962,0.0,0.0,11.9842,8.914137840270996,2.5369696617126465,-83.2,0,1,180,1.497,-0.1926,1.0,0.4987,-0.0578,0.3,0.1995,0.4417,2.2137
136.951,3,RETURN_HOME,0.1429,12.0044,-1.8915,1.3816,0.4624,0.1908,1.3816,0.2624,1.4063,0.0,0.0,12.0052,8.84897518157959,2.532733917236328,-82.45,0,1,180,1.569,-0.1983,1.0,0.4688,-0.0595,0.3,0.1875,0.428,2.2148
137.001,3,RETURN_HOME,0.2094,12.0284,-1.8792,1.3937,0.4433,0.1383,1.3937,0.2433,1.4148,0.0,0.0,12.0302,8.738228797912598,2.5250401496887207,-80.95,0,1,180,1.522,-0.1891,1.0,0.4716,-0.0567,0.3,0.1886,0.4319,2.2128
137.05,3,RETURN_HOME,0.2652,12.0474,-1.8688,1.4028,0.4276,0.0908,1.4028,0.2276,1.4211,0.0,0.0,12.0503,8.687114715576172,2.519458770751953,-79.95,0,1,180,1.02,-0.1818,1.0,0.4737,-0.0545,0.3,0.1895,0.4349,2.2083
137.101,3,RETURN_HOME,0.3335,12.0697,-1.857,1.4111,0.4096,0.0294,1.4111,0.2096,1.4266,0.0,0.0,12.0743,8.641218185424805,2.516486644744873,-78.95,0,1,180,1.139,-0.1742,1.0,0.4755,-0.0523,0.3,0.1902,0.438,2.2163
137.151,3,RETURN_HOME,0.3914,12.0877,-1.8478,1.4167,0.3953,-0.0254,1.4167,0.1953,1.4301,0.0,0.0,12.094,8.551801681518555,2.5084216594696045,-76.2,0,1,180,1.157,-0.1686,1.0,0.4767,-0.0506,0.3,0.1907,0.4401,2.2105
137.201,3,RETURN_HOME,0.4608,12.1083,-1.8368,1.4223,0.3789,-0.0954,1.4223,0.1789,1.4335,0.0,0.0,12.1171,8.501044273376465,2.5061779022216797,-74.69,0,1,180,1.13,-0.1625,1.0,0.4778,-0.0487,0.3,0.1911,0.4424,2.2123
137.251,3,RETURN_HOME,0.5175,12.1253,-1.8273,1.426,0.3661,-0.1571,1.426,0.1661,1.4356,0.0,0.0,12.1364,8.457531929016113,2.5022287368774414,-72.94,0,1,180,1.167,-0.158,1.0,0.4785,-0.0474,0.3,0.1914,0.444,2.218
137.3,3,RETURN_HOME,0.5854,12.1449,-1.816,1.4305,0.351,-0.2351,1.4305,0.151,1.4384,0.0,0.0,12.159,8.371049880981445,2.497340440750122,-69.19,0,1,180,1.026,-0.1527,1.0,0.4795,-0.0458,0.3,0.1918,0.446,2.2073
137.35,3,RETURN_HOME,0.6535,12.1635,-1.8049,1.4355,0.3356,-0.3176,1.4355,0.1356,1.4419,0.0,0.0,12.181,8.33554744720459,2.4955854415893555,-66.94,0,1,180,0.961,-0.1473,1.0,0.4806,-0.0442,0.3,0.1923,0.4481,2.2166
137.401,3,RETURN_HOME,0.7083,12.178,-1.7926,1.4394,0.3222,-0.3895,1.4394,0.1222,1.4446,0.0,0.0,12.1985,8.331281661987305,2.4929957389831543,-64.94,0,1,180,0.952,-0.1423,1.0,0.4815,-0.0427,0.3,0.1926,0.4499,2.2223
137.45,3,RETURN_HOME,0.7747,12.1944,-1.7785,1.4447,0.3054,-0.4797,1.4447,0.1054,1.4485,0.0,0.0,12.2189,8.408581733703613,2.4901039600372314,-60.18,0,1,180,0.983,-0.1359,1.0,0.4828,-0.0408,0.3,0.1931,0.4524,2.2161
137.501,3,RETURN_HOME,0.8305,12.2072,-1.7672,1.4496,0.2908,-0.5579,1.4496,0.0908,1.4525,0.0,0.0,12.2354,8.508468627929688,2.4897682666778564,-57.43,0,1,180,1.389,-0.1301,1.0,0.4842,-0.039,0.3,0.1937,0.4546,2.2207
137.551,3,RETURN_HOME,0.8984,12.2205,-1.7547,1.456,0.2723,-0.6555,1.456,0.0723,1.4578,0.0,0.0,12.2534,8.82952880859375,2.4878475666046143,-52.17,0,1,180,1.052,-0.1227,1.0,0.4859,-0.0368,0.3,0.1944,0.4576,2.2154
137.6,3,RETURN_HOME,0.9668,12.2329,-1.7431,1.4626,0.2517,-0.7563,1.4626,0.0517,1.4635,0.0,0.0,12.2711,9.067537307739258,2.4899814128875732,-48.92,0,1,180,0.974,-0.1139,1.0,0.4878,-0.0342,0.3,0.1951,0.4609,2.2253
137.65,3,RETURN_HOME,1.036,12.2439,-1.7346,1.4688,0.2277,-0.8584,1.4688,0.0277,1.469,0.0,0.0,12.2876,9.416781425476074,2.4906935691833496,-46.17,0,1,180,0.995,-0.1031,1.0,0.4897,-0.0309,0.3,0.1959,0.4649,2.2314
137.7,3,RETURN_HOME,1.0943,12.2517,-1.7314,1.4734,0.2051,-0.9429,1.4734,0.0051,1.4735,0.0,0.0,12.3005,10.294304847717285,2.493027448654175,-39.16,0,1,180,1.036,-0.0924,1.0,0.4912,-0.0277,0.3,0.1965,0.4687,2.2168
137.751,3,RETURN_HOME,1.1646,12.2598,-1.733,1.4782,0.1765,-1.0421,1.4782,-0.0235,1.4784,0.0,0.0,12.315,10.043627738952637,2.4958977699279785,-35.16,0,1,180,1.097,-0.0787,1.0,0.4928,-0.0236,0.3,0.1971,0.4735,2.2243
137.801,3,RETURN_HOME,1.2231,12.2649,-1.7389,1.4807,0.1529,-1.1221,1.4807,-0.0471,1.4814,0.0,0.0,12.3258,2.6971330642700195,2.497628927230835,-31.15,0,1,180,1.313,-0.0675,1.0,0.4938,-0.0203,0.3,0.1975,0.4773,2.2238
137.851,3,RETURN_HOME,1.2815,12.2688,-1.7477,1.4818,0.1304,-1.1989,1.4818,-0.0696,1.4834,0.0,0.0,12.3356,2.5888829231262207,2.501922369003296,-25.9,0,1,180,1.053,-0.0571,1.0,0.4945,-0.0171,0.3,0.1978,0.4807,2.208
137.901,3,RETURN_HOME,1.3517,12.2727,-1.7608,1.4819,0.1055,-1.2863,1.4819,-0.0945,1.4849,0.0,0.0,12.347,2.5498545169830322,2.50518536567688,-20.14,0,1,180,1.161,-0.046,1.0,0.495,-0.0138,0.3,0.198,0.4842,2.2122
137.951,3,RETURN_HOME,1.4199,12.274,-1.7756,1.4801,0.0817,-1.3676,1.4801,-0.1183,1.4848,0.0,0.0,12.3558,2.5284836292266846,2.5064733028411865,-16.64,0,1,180,1.076,-0.0354,1.0,0.4949,-0.0106,0.3,0.198,0.4873,2.2147
138.001,3,RETURN_HOME,1.4766,12.2742,-1.7888,1.4779,0.0633,-1.4302,1.4779,-0.1367,1.4843,0.0,0.0,12.3627,2.513216972351074,2.5105555057525635,-12.14,0,1,180,1.1,-0.0275,1.0,0.4948,-0.0082,0.3,0.1979,0.4897,2.1815
138.051,3,RETURN_HOME,1.5449,12.274,-1.8051,1.4752,0.0425,-1.4989,1.4752,-0.1575,1.4836,0.0,0.0,12.3708,2.5137295722961426,2.5137295722961426,-8.38,0,1,180,1.121,-0.0188,1.0,0.4945,-0.0056,0.3,0.1978,0.4922,2.1884
138.101,3,RETURN_HOME,1.5987,12.2735,-1.8168,1.4718,0.026,-1.5506,1.4718,-0.174,1.4821,0.0,0.0,12.3772,2.5145089626312256,2.5145089626312256,-5.63,0,1,180,1.453,-0.0118,1.0,0.494,-0.0036,0.3,0.1976,0.4941,2.1812
138.151,3,RETURN_HOME,1.6529,12.2727,-1.8287,1.4685,0.0102,-1.5972,1.4685,-0.1898,1.4807,0.0,0.0,12.3835,2.517719030380249,2.517719030380249,-0.63,0,1,180,1.215,-0.0053,1.0,0.4936,-0.0016,0.3,0.1974,0.4958,2.1509
138.2,3,RETURN_HOME,1.7185,12.2711,-1.843,1.4648,-0.0083,-1.6465,1.4648,-0.2083,1.4795,0.0,0.0,12.3909,2.5190110206604004,2.5190110206604004,2.38,0,1,180,1.052,0.0021,1.0,0.4932,0.0006,0.3,0.1973,0.4979,2.1572
138.251,3,RETURN_HOME,1.7782,12.2696,-1.8611,1.4591,-0.0261,-1.6887,1.4591,-0.2261,1.4765,0.0,0.0,12.3977,2.5205116271972656,2.5205116271972656,2.38,0,1,180,1.585,0.0098,1.0,0.4922,0.0029,0.3,0.1969,0.4998,2.1546
138.301,3,RETURN_HOME,1.8289,12.2677,-1.8758,1.455,-0.0407,-1.7186,1.455,-0.2407,1.4747,0.0,0.0,12.4033,2.522167205810547,2.522167205810547,5.38,0,1,180,1.124,0.016,1.0,0.4916,0.0048,0.3,0.1966,0.5014,2.1331
138.35,3,RETURN_HOME,1.8913,12.2646,-1.8938,1.4511,-0.0583,-1.7484,1.4511,-0.2583,1.4739,0.0,0.0,12.4096,2.5210976600646973,2.5210976600646973,7.38,0,1,180,1.049,0.0231,1.0,0.4913,0.0069,0.3,0.1965,0.5035,2.1398
138.401,3,RETURN_HOME,1.9464,12.2607,-1.9113,1.4493,-0.0731,-1.7683,1.4493,-0.2731,1.4748,0.0,0.0,12.4142,2.5209717750549316,2.5209717750549316,9.63,0,1,180,1.234,0.0288,1.0,0.4916,0.0087,0.3,0.1966,0.5053,2.1393
138.45,3,RETURN_HOME,2.0129,12.2554,-1.9312,1.4478,-0.0906,-1.7869,1.4478,-0.2906,1.4766,0.0,0.0,12.4196,2.520704746246338,2.5188851356506348,11.64,0,1,180,1.06,0.0353,1.0,0.4922,0.0106,0.3,0.1969,0.5075,2.1321
138.501,3,RETURN_HOME,2.0772,12.2498,-1.9504,1.4462,-0.1075,-1.8,1.4462,-0.3075,1.4785,0.0,0.0,12.4246,2.520679473876953,2.5181844234466553,11.14,0,1,180,1.703,0.0415,1.0,0.4928,0.0124,0.3,0.1971,0.5096,2.1298
138.551,3,RETURN_HOME,2.1292,12.2449,-1.9659,1.4448,-0.1211,-1.8072,1.4448,-0.3211,1.48,0.0,0.0,12.4287,2.5166666507720947,2.5131442546844482,12.64,0,1,180,1.13,0.0465,1.0,0.4933,0.0139,0.3,0.1973,0.5113,2.1313
138.601,3,RETURN_HOME,2.1925,12.2384,-1.9826,1.4439,-0.1371,-1.8121,1.4439,-0.3371,1.4827,0.0,0.0,12.4333,2.5150279998779297,2.5108559131622314,13.89,0,1,180,1.077,0.0521,1.0,0.4942,0.0156,0.3,0.1977,0.5133,2.1242
138.65,3,RETURN_HOME,2.2547,12.2321,-1.9947,1.4433,-0.1526,-1.8134,1.4433,-0.3526,1.4857,0.0,0.0,12.4382,2.5129904747009277,2.507500648498535,12.39,0,1,180,1.016,0.0573,1.0,0.4952,0.0172,0.3,0.1981,0.5153,2.1279
138.701,3,RETURN_HOME,2.2962,12.2277,-2.001,1.4432,-0.1629,-1.8125,1.4432,-0.3629,1.4882,0.0,0.0,12.4414,2.505343437194824,2.499680519104004,12.39,0,1,180,1.258,0.0607,1.0,0.4961,0.0182,0.3,0.1984,0.5166,2.0807
138.751,3,RETURN_HOME,2.3593,12.2204,-2.0095,1.4438,-0.1784,-1.8091,1.4438,-0.3784,1.4926,0.0,0.0,12.4461,2.501225233078003,2.4949522018432617,12.14,0,1,180,1.094,0.0655,1.0,0.4975,0.0197,0.3,0.199,0.5187,2.0322
138.801,3,RETURN_HOME,2.4193,12.2101,-2.0138,1.4437,-0.195,-1.8036,1.4437,-0.395,1.4968,0.0,0.0,12.4475,2.4965016841888428,2.4932069778442383,11.39,0,1,180,1.122,0.0714,1.0,0.4989,0.0214,0.3,0.1996,0.521,1.987
138.851,3,RETURN_HOME,2.4698,12.2005,-2.0166,1.4441,-0.2094,-1.7975,1.3441,-0.4094,1.405,0.0,0.0,12.4479,2.4882583618164062,2.4882583618164062,8.63,0,1,180,1.209,0.0958,1.0,0.4683,0.0287,0.3,0.1873,0.5161,2.145
138.9,3,RETURN_HOME,2.5315,12.1884,-2.0196,1.4455,-0.2266,-1.789,1.3455,-0.4266,1.4115,0.0,0.0,12.4485,2.487098217010498,2.487098217010498,7.13,0,1,180,1.043,0.1021,1.0,0.4705,0.0306,0.3,0.1882,0.5188,2.1375
138.951,3,RETURN_HOME,2.5879,12.1764,-2.0256,1.4482,-0.2419,-1.7813,1.3482,-0.4419,1.4188,0.0,0.0,12.4483,2.4849166870117188,2.4849166870117188,5.88,0,1,180,1.099,0.1071,1.0,0.4729,0.0321,0.3,0.1892,0.5213,2.0875
139.001,3,RETURN_HOME,2.6446,12.164,-2.0309,1.4496,-0.2571,-1.7732,1.3496,-0.4571,1.4249,0.0,0.0,12.4482,2.4829933643341064,2.4829933643341064,4.13,0,1,180,1.309,0.1123,1.0,0.475,0.0337,0.3,0.19,0.5237,2.0318
139.05,3,RETURN_HOME,2.7128,12.1487,-2.0365,1.4492,-0.2753,-1.7633,1.3492,-0.4753,1.4304,0.0,0.0,12.4479,2.486440658569336,2.486440658569336,1.13,0,1,180,1.06,0.1187,1.0,0.4768,0.0356,0.3,0.1907,0.5263,1.928
139.1,3,RETURN_HOME,2.781,12.1323,-2.041,1.4471,-0.2929,-1.7537,1.3471,-0.4929,1.4345,0.0,0.0,12.447,2.4903063774108887,2.4903063774108887,-0.38,0,1,180,1.017,0.1251,1.0,0.4782,0.0375,0.3,0.1913,0.5288,1.8925
139.15,3,RETURN_HOME,2.838,12.1183,-2.0443,1.4445,-0.3076,-1.746,1.3445,-0.5076,1.4371,0.0,0.0,12.4462,2.490722894668579,2.490722894668579,-3.38,0,1,180,1.059,0.1306,1.0,0.479,0.0392,0.3,0.1916,0.5308,1.7916
139.2,3,RETURN_HOME,2.9053,12.1017,-2.047,1.4405,-0.3249,-1.7375,1.3405,-0.5249,1.4396,0.0,0.0,12.4455,2.495640277862549,2.495640277862549,-4.88,0,1,180,1.096,0.1372,1.0,0.4799,0.0412,0.3,0.1919,0.5331,1.7624
139.25,3,RETURN_HOME,2.9596,12.0883,-2.0478,1.4363,-0.339,-1.7311,1.3363,-0.539,1.4409,0.0,0.0,12.4454,2.5007665157318115,2.5007665157318115,-6.13,0,1,180,1.029,0.1428,1.0,0.4803,0.0428,0.3,0.1921,0.535,1.7289
139.301,3,RETURN_HOME,3.0142,12.0744,-2.0485,1.4323,-0.3533,-1.7255,1.3323,-0.5533,1.4426,0.0,0.0,12.445,2.5055153369903564,2.5055153369903564,-7.88,0,1,180,1.2,0.1484,1.0,0.4809,0.0445,0.3,0.1923,0.5369,1.6854
139.35,3,RETURN_HOME,3.0696,12.0602,-2.0488,1.4289,-0.3677,-1.7207,1.3289,-0.5677,1.4451,0.0,0.0,12.4447,2.559230089187622,2.5174505710601807,-10.63,0,1,180,1.004,0.1539,1.0,0.4817,0.0462,0.3,0.1927,0.5388,1.591
139.401,3,RETURN_HOME,3.1389,12.0432,-2.0475,1.4261,-0.3849,-1.7161,1.3261,-0.5849,1.4494,0.0,0.0,12.4456,2.733231544494629,2.5200295448303223,-11.89,0,1,180,1.01,0.1598,1.0,0.4831,0.0479,0.3,0.1933,0.5412,1.5582
139.451,3,RETURN_HOME,3.2079,12.0253,-2.0463,1.4234,-0.4026,-1.7127,1.3234,-0.6026,1.4542,0.0,0.0,12.4458,2.929936170578003,2.529884099960327,-13.39,0,1,180,1.26,0.1658,1.0,0.4847,0.0497,0.3,0.1939,0.5436,1.5116
139.501,3,RETURN_HOME,3.2629,12.0097,-2.0434,1.4199,-0.4174,-1.7109,1.3199,-0.6174,1.4572,0.0,0.0,12.4451,3.2703897953033447,2.5412819385528564,-15.64,0,1,180,1.102,0.1714,1.0,0.4857,0.0514,0.3,0.1943,0.5457,1.4256
139.55,3,RETURN_HOME,3.3273,11.9904,-2.0387,1.4147,-0.4352,-1.71,1.3147,-0.6352,1.4601,0.0,0.0,12.4435,3.431020498275757,2.5500659942626953,-16.89,0,1,180,0.988,0.1785,1.0,0.4867,0.0535,0.3,0.1947,0.5482,1.392
139.6,3,RETURN_HOME,3.3811,11.9735,-2.0355,1.4104,-0.4503,-1.7104,1.3104,-0.6503,1.4628,0.0,0.0,12.4417,3.6090025901794434,2.5578787326812744,-18.14,0,1,180,1.085,0.1844,1.0,0.4876,0.0553,0.3,0.195,0.5504,1.3527
139.65,3,RETURN_HOME,3.446,11.9514,-2.0271,1.4056,-0.4689,-1.712,1.3056,-0.6689,1.467,0.0,0.0,12.4382,6.235090255737305,2.576663017272949,-20.14,0,1,180,0.974,0.1915,1.0,0.489,0.0575,0.3,0.1956,0.5531,1.2697
139.7,3,RETURN_HOME,3.5111,11.9279,-2.0179,1.4012,-0.4879,-1.7149,1.3012,-0.6879,1.4718,0.0,0.0,12.4339,6.2312726974487305,2.5933096408843994,-21.14,0,1,180,1.001,0.1987,1.0,0.4906,0.0596,0.3,0.1962,0.5559,1.2362
139.751,3,RETURN_HOME,3.5656,11.9077,-2.0114,1.3976,-0.5038,-1.7182,1.2976,-0.7038,1.4762,0.0,0.0,12.4301,6.227169513702393,2.603158950805664,-22.15,0,1,180,1.722,0.2046,1.0,0.4921,0.0614,0.3,0.1968,0.5582,1.1912
139.801,3,RETURN_HOME,3.6191,11.8874,-2.0052,1.394,-0.5192,-1.7222,1.294,-0.7192,1.4804,0.0,0.0,12.4261,6.2190141677856445,2.6230123043060303,-23.65,0,1,180,1.652,0.2102,1.0,0.4935,0.0631,0.3,0.1974,0.5605,1.1128
139.851,3,RETURN_HOME,3.6939,11.858,-1.998,1.3889,-0.5411,-1.7289,1.1889,-0.7411,1.401,0.0,0.0,12.42,6.216782093048096,2.634657859802246,-24.65,0,1,180,1.736,0.2526,1.0,0.467,0.0758,0.3,0.1868,0.5626,1.3743
139.901,3,RETURN_HOME,3.7482,11.8361,-1.9946,1.3856,-0.5569,-1.7343,1.1856,-0.7569,1.4066,0.0,0.0,12.4154,6.208798885345459,2.664365291595459,-26.4,0,1,180,1.683,0.2585,1.0,0.4689,0.0776,0.3,0.1875,0.5651,1.2942
139.951,3,RETURN_HOME,3.8047,11.8134,-1.9938,1.3833,-0.5727,-1.74,1.1833,-0.7727,1.4133,0.0,0.0,12.411,6.205366134643555,2.678551435470581,-27.15,0,1,180,1.693,0.2637,1.0,0.4711,0.0791,0.3,0.1884,0.5676,1.2509
140.002,3,RETURN_HOME,3.8723,11.7854,-1.9937,1.3784,-0.5919,-1.7474,1.1784,-0.7919,1.4197,0.0,0.0,12.4053,6.202075481414795,2.684917449951172,-27.65,0,1,180,2.109,0.2708,1.0,0.4732,0.0812,0.3,0.1893,0.5705,1.2156
140.051,3,RETURN_HOME,3.9285,11.762,-1.9948,1.3721,-0.6078,-1.7541,1.1721,-0.8078,1.4235,0.0,0.0,12.4007,6.195113182067871,2.717477798461914,-29.15,0,1,180,1.755,0.2774,1.0,0.4745,0.0832,0.3,0.1898,0.573,1.1499
140.101,3,RETURN_HOME,3.9854,11.74,-1.999,1.3646,-0.6228,-1.7613,1.1646,-0.8228,1.4259,0.0,0.0,12.398,6.190429210662842,2.734969139099121,-29.9,0,1,180,1.518,0.2838,1.0,0.4753,0.0852,0.3,0.1901,0.5753,1.1261
140.151,3,RETURN_HOME,4.0643,11.7078,-2.0046,1.3522,-0.6438,-1.7721,1.1522,-0.8438,1.4281,0.0,0.0,12.3931,6.18690824508667,2.7454147338867188,-30.4,0,1,180,1.896,0.2936,1.0,0.476,0.0881,0.3,0.1904,0.5785,1.1081
140.201,3,RETURN_HOME,4.1089,11.6882,-2.0065,1.3447,-0.6558,-1.7786,1.1447,-0.8558,1.4293,0.0,0.0,12.3894,6.1815643310546875,2.7607338428497314,-31.15,0,1,180,1.697,0.2993,1.0,0.4764,0.0898,0.3,0.1906,0.5804,1.0839
140.251,3,RETURN_HOME,4.1752,11.6574,-2.0075,1.3334,-0.674,-1.7884,1.1334,-0.874,1.4312,0.0,0.0,12.3825,6.172310829162598,2.7937309741973877,-32.15,0,1,180,1.511,0.3079,1.0,0.4771,0.0924,0.3,0.1908,0.5832,1.0394
140.301,3,RETURN_HOME,4.2407,11.6255,-2.0088,1.3218,-0.6924,-1.7984,1.1218,-0.7924,1.3735,0.0,0.0,12.3748,6.167501449584961,2.806443452835083,-32.66,0,1,180,1.877,0.2621,1.0,0.4578,0.0786,0.3,0.1831,0.5618,1.0218
140.352,3,RETURN_HOME,4.2951,11.5994,-2.0134,1.3122,-0.7071,-1.8068,1.1122,-0.8071,1.3742,0.0,0.0,12.3691,6.163087368011475,2.8261373043060303,-33.41,0,1,180,1.862,0.2697,1.0,0.4581,0.0809,0.3,0.1832,0.5641,0.9979
140.401,3,RETURN_HOME,4.3491,11.5734,-2.0199,1.3025,-0.7217,-1.8151,1.1025,-0.8217,1.375,0.0,0.0,12.3636,6.154199600219727,2.8631393909454346,-34.41,0,1,180,1.537,0.2773,1.0,0.4583,0.0832,0.3,0.1833,0.5665,0.953
140.451,3,RETURN_HOME,4.4131,11.541,-2.0269,1.291,-0.7371,-1.825,1.091,-0.7371,1.3166,0.0,0.0,12.356,6.147562026977539,2.87686824798584,-34.91,0,1,180,1.683,0.2269,1.0,0.4389,0.0681,0.3,0.1755,0.5436,0.9429
140.501,3,RETURN_HOME,4.4672,11.5129,-2.0334,1.2817,-0.7483,-1.8332,1.0817,-0.7483,1.3153,0.0,0.0,12.3492,6.139916896820068,2.893892288208008,-35.41,0,1,180,1.589,0.2329,1.0,0.4384,0.0699,0.3,0.1754,0.5453,0.9228
140.552,3,RETURN_HOME,4.5321,11.4781,-2.0412,1.2706,-0.7608,-1.8431,1.0706,-0.7608,1.3134,0.0,0.0,12.3404,6.128873825073242,2.9285714626312256,-36.41,0,1,180,1.862,0.2394,1.0,0.4378,0.0718,0.3,0.1751,0.547,0.8809
140.601,3,RETURN_HOME,4.596,11.4425,-2.0478,1.2592,-0.7699,-1.8527,1.0592,-0.7699,1.3095,0.0,0.0,12.331,6.1222662925720215,2.948514223098755,-36.66,0,1,180,1.658,0.2441,1.0,0.4365,0.0732,0.3,0.1746,0.5478,0.8641
140.651,3,RETURN_HOME,4.6483,11.4113,-2.0502,1.2491,-0.7758,-1.8606,1.0491,-0.6758,1.2479,0.0,0.0,12.3217,6.108621120452881,2.9882125854492188,-37.66,0,1,180,1.478,0.1844,1.0,0.416,0.0553,0.3,0.1664,0.5217,0.8226
140.701,3,RETURN_HOME,4.7103,11.3736,-2.0524,1.2365,-0.7817,-1.87,1.0365,-0.6817,1.2406,0.0,0.0,12.3103,6.101918697357178,3.0007917881011963,-38.16,0,1,180,1.567,0.188,1.0,0.4135,0.0564,0.3,0.1654,0.5218,0.8162
140.751,3,RETURN_HOME,4.7718,11.3358,-2.0533,1.2238,-0.7866,-1.8792,1.0238,-0.6866,1.2327,0.0,0.0,12.2992,6.097555160522461,3.0226223468780518,-38.66,0,1,180,1.64,0.1911,1.0,0.4109,0.0573,0.3,0.1644,0.5217,0.8099
140.801,3,RETURN_HOME,4.8243,11.3045,-2.0508,1.2139,-0.7883,-1.8865,1.0139,-0.6883,1.2254,0.0,0.0,12.2908,6.0876994132995605,3.0647695064544678,-39.66,0,1,180,1.701,0.1918,1.0,0.4085,0.0576,0.3,0.1634,0.5209,0.7644
140.851,3,RETURN_HOME,4.8761,11.273,-2.0484,1.2038,-0.7885,-1.8936,1.0038,-0.6885,1.2173,0.0,0.0,12.2824,6.082263469696045,3.0859415531158447,-39.91,0,1,180,1.782,0.1918,1.0,0.4058,0.0575,0.3,0.1623,0.5198,0.7539
140.901,3,RETURN_HOME,4.9366,11.2354,-2.0465,1.1913,-0.7874,-1.9017,0.9913,-0.6874,1.2063,0.0,0.0,12.2721,6.078507423400879,3.1069912910461426,-40.41,0,1,180,1.515,0.1911,1.0,0.4021,0.0573,0.3,0.1608,0.5182,0.7506
140.952,3,RETURN_HOME,4.9838,11.2046,-2.0475,1.1795,-0.7852,-1.9083,0.9795,-0.5852,1.141,0.0,0.0,12.263,6.069029808044434,3.1471526622772217,-41.41,0,1,180,2.042,0.1198,1.0,0.3803,0.0359,0.3,0.1521,0.4881,0.7178
141.001,3,RETURN_HOME,5.0399,11.1677,-2.0484,1.1653,-0.7828,-1.9161,0.9653,-0.6828,1.1823,0.0,0.0,12.2523,6.063420295715332,3.170379161834717,-41.91,0,1,180,1.498,0.1905,1.0,0.3941,0.0572,0.3,0.1576,0.5148,0.7112
141.051,3,RETURN_HOME,5.0947,11.13,-2.0489,1.1507,-0.7805,-1.9237,0.9507,-0.6805,1.1691,0.0,0.0,12.2406,6.05985689163208,3.191632032394409,-42.16,0,1,180,1.704,0.1908,1.0,0.3897,0.0572,0.3,0.1559,0.5131,0.7148
141.101,3,RETURN_HOME,5.1304,11.1044,-2.0489,1.1408,-0.7774,-1.9287,0.9408,-0.6774,1.1593,0.0,0.0,12.2323,6.0565361976623535,3.2168068885803223,-42.66,0,1,180,1.535,0.1901,1.0,0.3864,0.057,0.3,0.1546,0.5116,0.7024
141.151,3,RETURN_HOME,5.1836,11.0663,-2.0489,1.1261,-0.7735,-1.9357,0.9261,-0.6735,1.1451,0.0,0.0,12.2202,6.051069259643555,3.256802797317505,-43.42,0,1,180,1.594,0.1895,1.0,0.3817,0.0569,0.3,0.1527,0.5095,0.6797
141.202,3,RETURN_HOME,5.2356,11.0287,-2.0481,1.1115,-0.7706,-1.9425,0.9115,-0.6706,1.1316,0.0,0.0,12.2083,6.047082901000977,3.282996892929077,-43.67,0,1,180,2.116,0.1899,1.0,0.3772,0.057,0.3,0.1509,0.5079,0.6835
141.252,3,RETURN_HOME,5.278,10.9975,-2.0469,1.0993,-0.769,-1.948,0.8993,-0.669,1.1208,0.0,0.0,12.1985,6.045094013214111,3.307833671569824,-44.17,0,1,180,2.167,0.1909,1.0,0.3736,0.0573,0.3,0.1494,0.5067,0.6789
141.301,3,RETURN_HOME,5.3202,10.9665,-2.0456,1.0872,-0.7677,-1.9533,0.8872,-0.6677,1.1104,0.0,0.0,12.1888,6.038503646850586,3.3503103256225586,-44.92,0,1,180,1.661,0.1923,1.0,0.3701,0.0577,0.3,0.1481,0.5057,0.6505
141.351,3,RETURN_HOME,5.3706,10.9295,-2.0459,1.0727,-0.7663,-1.9596,0.8727,-0.6663,1.098,0.0,0.0,12.1777,6.036655426025391,3.372455358505249,-45.42,0,1,180,1.498,0.1941,1.0,0.366,0.0582,0.3,0.1464,0.5046,0.6555
141.402,3,RETURN_HOME,5.4122,10.8989,-2.0467,1.0607,-0.7651,-1.9648,0.8607,-0.6651,1.0877,0.0,0.0,12.1687,6.034475803375244,3.405122995376587,-45.67,0,1,180,2.239,0.1958,1.0,0.3626,0.0587,0.3,0.145,0.5038,0.6515
141.451,3,RETURN_HOME,5.4535,10.8683,-2.0473,1.0487,-0.764,-1.9698,0.8487,-0.664,1.0776,0.0,0.0,12.1598,6.032395839691162,3.4473748207092285,-46.42,0,1,180,1.498,0.1975,1.0,0.3592,0.0592,0.3,0.1437,0.5029,0.623
141.501,3,RETURN_HOME,5.5014,10.8324,-2.0523,1.0336,-0.7618,-1.9757,0.8336,-0.6618,1.0644,0.0,0.0,12.1493,6.032023906707764,3.444716215133667,112.73,0,1,180,1.616,0.1997,1.0,0.3548,0.0599,0.3,0.1419,0.5018,0.6332
141.551,3,RETURN_HOME,5.5483,10.797,-2.0586,1.0183,-0.7593,-1.9813,0.8183,-0.7593,1.1163,0.0,0.0,12.1391,6.031337738037109,3.4068174362182617,113.73,0,1,180,1.693,0.27,1.0,0.3721,0.081,0.3,0.1488,0.5298,0.6374
141.602,3,RETURN_HOME,5.5871,10.7674,-2.0629,1.0056,-0.7571,-1.9859,0.8056,-0.7571,1.1055,0.0,0.0,12.1306,6.034139156341553,3.3406097888946533,112.23,0,1,180,1.792,0.2722,1.0,0.3685,0.0817,0.3,0.1474,0.5291,0.6157
141.651,3,RETURN_HOME,5.635,10.7307,-2.0676,0.9914,-0.7549,-1.9913,0.7914,-0.7549,1.0937,0.0,0.0,12.1203,6.038043975830078,3.3078484535217285,115.48,0,1,180,1.545,0.2747,1.0,0.3646,0.0824,0.3,0.1458,0.5282,0.6213
141.701,3,RETURN_HOME,5.6746,10.7001,-2.0708,0.9795,-0.7553,-1.9957,0.7795,-0.7553,1.0854,0.0,0.0,12.1117,6.042018890380859,3.2706830501556396,113.23,0,1,180,1.618,0.2783,1.0,0.3618,0.0835,0.3,0.1447,0.5282,0.6209
141.751,3,RETURN_HOME,5.7205,10.6634,-2.0738,0.9649,-0.7579,-2.001,0.7649,-0.7579,1.0768,0.0,0.0,12.1009,6.0561394691467285,3.2057993412017822,114.73,0,1,180,1.581,0.2845,1.0,0.3589,0.0853,0.3,0.1436,0.5289,0.6039
141.801,3,RETURN_HOME,5.7603,10.6268,-2.0762,0.9488,-0.7623,-2.0063,0.7488,-0.7623,1.0685,0.0,0.0,12.0876,6.061400413513184,3.1743268966674805,113.98,0,1,180,1.779,0.2933,1.0,0.3562,0.088,0.3,0.1425,0.5304,0.6164
141.851,3,RETURN_HOME,5.8004,10.59,-2.0776,0.9329,-0.7675,-2.0115,0.7329,-0.7675,1.0612,0.0,0.0,12.0744,6.087437152862549,3.1077308654785156,114.48,0,1,180,1.977,0.3025,1.0,0.3537,0.0908,0.3,0.1415,0.5322,0.6035
141.902,3,RETURN_HOME,5.8348,10.559,-2.0786,0.9202,-0.7719,-2.0158,0.7202,-0.7719,1.0557,0.0,0.0,12.0639,6.099338054656982,3.0771310329437256,114.48,0,1,180,1.696,0.31,1.0,0.3519,0.093,0.3,0.1408,0.5338,0.6087
141.951,3,RETURN_HOME,5.8777,10.5213,-2.08,0.9057,-0.777,-2.0209,0.7057,-0.777,1.0497,0.0,0.0,12.0518,6.116121292114258,3.0456502437591553,115.98,0,1,180,1.767,0.3183,1.0,0.3499,0.0955,0.3,0.14,0.5355,0.6175
142.001,3,RETURN_HOME,5.9131,10.4898,-2.0806,0.8936,-0.7812,-2.0252,0.6936,-0.7812,1.0447,0.0,0.0,12.0416,6.162233352661133,2.9803104400634766,116.98,0,1,180,1.59,0.3254,1.0,0.3482,0.0976,0.3,0.1393,0.5369,0.597
142.051,3,RETURN_HOME,5.9489,10.458,-2.0813,0.8819,-0.7853,-2.0293,0.6819,-0.7853,1.04,0.0,0.0,12.0316,6.192035675048828,2.951761484146118,116.48,0,1,180,1.589,0.3322,1.0,0.3467,0.0997,0.3,0.1387,0.5383,0.5997
142.101,3,RETURN_HOME,5.9927,10.4194,-2.0826,0.8682,-0.7905,-2.0343,0.6682,-0.7905,1.035,0.0,0.0,12.0198,6.238748073577881,2.9233505725860596,116.98,0,1,180,1.677,0.3402,1.0,0.345,0.1021,0.3,0.138,0.5401,0.6082
142.151,3,RETURN_HOME,6.0284,10.387,-2.0831,0.8564,-0.7947,-2.0384,0.6564,-0.7947,1.0307,0.0,0.0,12.0096,7.582780361175537,2.8612043857574463,115.98,0,1,180,1.723,0.3472,1.0,0.3436,0.1042,0.3,0.1374,0.5416,0.5889
142.201,3,RETURN_HOME,6.0639,10.3526,-2.0852,0.8445,-0.7996,-2.0425,0.6445,-0.7996,1.027,0.0,0.0,11.9978,7.562430381774902,2.8327999114990234,117.73,0,1,180,1.7,0.3547,1.0,0.3423,0.1064,0.3,0.1369,0.5433,0.5936
142.251,3,RETURN_HOME,6.1128,10.303,-2.0888,0.8276,-0.8068,-2.0483,0.6276,-0.9068,1.1028,0.0,0.0,11.9799,7.5455098152160645,2.805727958679199,115.73,0,1,180,1.631,0.4168,1.0,0.3676,0.125,0.3,0.147,0.5721,0.6145
142.301,3,RETURN_HOME,6.1402,10.2748,-2.0902,0.8179,-0.8107,-2.0517,0.6179,-0.9107,1.1005,0.0,0.0,11.9696,7.525288105010986,2.7744030952453613,118.48,0,1,180,1.622,0.4224,1.0,0.3668,0.1267,0.3,0.1467,0.5734,0.6132
142.351,3,RETURN_HOME,6.1824,10.2359,-2.0941,0.8038,-0.8144,-2.0566,0.6038,-0.9144,1.0957,0.0,0.0,11.9581,7.488779067993164,2.7186172008514404,118.23,0,1,180,1.64,0.4294,1.0,0.3652,0.1288,0.3,0.1461,0.5749,0.6036
142.402,3,RETURN_HOME,6.2243,10.1984,-2.098,0.7894,-0.8198,-2.0617,0.5894,-0.9198,1.0924,0.0,0.0,11.9478,7.469738483428955,2.69258975982666,117.48,0,1,180,1.914,0.4376,1.0,0.3641,0.1313,0.3,0.1457,0.5769,0.6147
142.451,3,RETURN_HOME,6.2584,10.1667,-2.1002,0.7772,-0.8264,-2.0659,0.5772,-0.9264,1.0915,0.0,0.0,11.9386,7.44973611831665,2.662862777709961,117.98,0,1,180,1.797,0.4456,1.0,0.3638,0.1337,0.3,0.1455,0.5792,0.6191
142.501,3,RETURN_HOME,6.293,10.1344,-2.1022,0.7654,-0.8344,-2.07,0.5654,-0.9344,1.0921,0.0,0.0,11.9293,7.413542747497559,2.610438823699951,119.24,0,1,180,1.585,0.4537,1.0,0.364,0.1361,0.3,0.1456,0.5817,0.6101
142.551,3,RETURN_HOME,6.3333,10.0951,-2.1035,0.7511,-0.8451,-2.075,0.5511,-0.9451,1.094,0.0,0.0,11.9173,7.394376277923584,2.5850837230682373,118.48,0,1,180,1.514,0.4641,1.0,0.3647,0.1392,0.3,0.1459,0.5851,0.6196
142.601,3,RETURN_HOME,6.366,10.0618,-2.1038,0.739,-0.8545,-2.0792,0.539,-0.9545,1.0961,0.0,0.0,11.9065,7.373706340789795,2.557924747467041,118.99,0,1,180,1.744,0.4729,1.0,0.3654,0.1419,0.3,0.1462,0.588,0.6237
142.651,3,RETURN_HOME,6.4045,10.0273,-2.1067,0.7245,-0.8632,-2.0842,0.5245,-0.9632,1.0967,0.0,0.0,11.8981,7.3329081535339355,2.507800340652466,118.73,0,1,180,1.492,0.4827,1.0,0.3656,0.1448,0.3,0.1462,0.591,0.6236
142.701,3,RETURN_HOME,6.4419,9.9915,-2.1083,0.7097,-0.8722,-2.0892,0.5097,-0.9722,1.0977,0.0,0.0,11.8881,7.3133344650268555,2.4837090969085693,119.49,0,1,180,1.566,0.4928,1.0,0.3659,0.1478,0.3,0.1464,0.5942,0.6392
142.751,3,RETURN_HOME,6.473,9.9602,-2.1089,0.6975,-0.8803,-2.0933,0.4975,-0.9803,1.0993,0.0,0.0,11.8788,7.290970325469971,2.4573607444763184,119.99,0,1,180,1.671,0.5011,1.0,0.3672,0.1503,0.3,0.1469,0.5972,0.6514
142.801,3,RETURN_HOME,6.5065,9.9265,-2.1094,0.6866,-0.8895,-2.0975,0.4866,-0.9895,1.1026,0.0,0.0,11.8689,7.248001575469971,2.4106178283691406,118.73,0,1,180,1.689,0.5086,1.0,0.3739,0.1526,0.3,0.1495,0.6021,0.6447
142.851,3,RETURN_HOME,6.5515,9.8785,-2.1089,0.6707,-0.9024,-2.1033,0.4707,-1.0024,1.1074,0.0,0.0,11.8535,7.229799747467041,2.3884437084198,120.24,0,1,180,1.79,0.5194,1.0,0.3835,0.1558,0.3,0.1534,0.6092,0.6598
142.901,3,RETURN_HOME,6.5759,9.8518,-2.1074,0.6611,-0.9093,-2.1067,0.4611,-1.0093,1.1097,0.0,0.0,11.8448,7.203897953033447,2.363030195236206,120.24,0,1,180,1.533,0.5258,1.0,0.389,0.1577,0.3,0.1556,0.6133,0.6664
142.951,3,RETURN_HOME,6.6107,9.8126,-2.1041,0.6463,-0.9189,-2.1117,0.4463,-1.0189,1.1124,0.0,0.0,11.8317,7.161292552947998,2.3185524940490723,120.49,0,1,180,1.589,0.5355,1.0,0.3971,0.1606,0.3,0.1588,0.6195,0.6755
143.001,3,RETURN_HOME,6.6444,9.7723,-2.1003,0.6312,-0.9287,-2.1168,0.4312,-1.0287,1.1154,0.0,0.0,11.8172,7.139698505401611,2.2984085083007812,121.49,0,1,180,1.476,0.5453,1.0,0.4055,0.1636,0.3,0.1622,0.6258,0.6939
143.052,3,RETURN_HOME,6.6708,9.7379,-2.0961,0.6182,-0.9375,-2.121,0.4182,-1.0375,1.1186,0.0,0.0,11.8036,7.112649440765381,2.27351450920105,122.24,0,1,180,1.873,0.5539,1.0,0.4131,0.1662,0.3,0.1652,0.6314,0.7051
143.101,3,RETURN_HOME,6.696,9.7026,-2.0913,0.6049,-0.9468,-2.1252,0.4049,-1.0468,1.1224,0.0,0.0,11.7889,7.069238185882568,2.2335762977600098,121.24,0,1,180,1.569,0.5627,1.0,0.421,0.1688,0.3,0.1684,0.6372,0.7121
143.151,3,RETURN_HOME,6.7254,9.6594,-2.0856,0.5889,-0.9581,-2.1302,0.3889,-1.0581,1.1273,0.0,0.0,11.7701,7.045676231384277,2.212545871734619,123.74,0,1,180,1.685,0.5732,1.0,0.4308,0.172,0.3,0.1723,0.6443,0.7376
143.201,3,RETURN_HOME,6.7518,9.6225,-2.084,0.5763,-0.9677,-2.1342,0.3763,-1.0677,1.132,0.0,0.0,11.755,7.020826816558838,2.192291259765625,121.24,0,1,180,1.696,0.5811,1.0,0.4386,0.1743,0.3,0.1754,0.6498,0.7517
143.251,3,RETURN_HOME,6.7789,9.5851,-2.0839,0.5642,-0.9771,-2.1381,0.3642,-1.0771,1.137,0.0,0.0,11.74,6.9708991050720215,2.1534905433654785,122.74,0,1,180,1.758,0.5885,1.0,0.4461,0.1765,0.3,0.1784,0.655,0.7574
143.301,3,RETURN_HOME,6.81,9.5394,-2.0833,0.5493,-0.9885,-2.1428,0.3493,-1.1885,1.2387,0.0,0.0,11.7207,6.94647741317749,2.134827136993408,122.99,0,1,180,1.716,0.617,1.0,0.5096,0.1851,0.3,0.2038,0.6889,0.7742
143.351,3,RETURN_HOME,6.8384,9.4935,-2.0775,0.5331,-0.9991,-2.1476,0.3331,-1.1991,1.2445,0.0,0.0,11.7,6.917660713195801,2.114583969116211,121.74,0,1,180,1.69,0.6254,1.0,0.5188,0.1876,0.3,0.2075,0.6951,0.7958
143.402,3,RETURN_HOME,6.861,9.4548,-2.072,0.5192,-1.0079,-2.1516,0.3192,-1.2079,1.2494,0.0,0.0,11.6819,6.870237827301025,2.0793325901031494,121.49,0,1,180,1.944,0.6324,1.0,0.5268,0.1897,0.3,0.2107,0.7004,0.8084
143.451,3,RETURN_HOME,6.887,9.4076,-2.0659,0.5021,-1.0212,-2.1565,0.3021,-1.2212,1.258,0.0,0.0,11.6591,6.8448662757873535,2.0632450580596924,122.74,0,1,180,1.651,0.6414,1.0,0.5379,0.1924,0.3,0.2152,0.7076,0.8379
143.501,3,RETURN_HOME,6.9099,9.367,-2.0628,0.4883,-1.0349,-2.1605,0.2883,-1.2349,1.2681,0.0,0.0,11.6399,6.818087100982666,2.0449588298797607,123.24,0,1,180,1.562,0.6487,1.0,0.5484,0.1946,0.3,0.2194,0.714,0.8603
143.551,3,RETURN_HOME,6.9317,9.3258,-2.0598,0.4746,-1.0498,-2.1643,0.2746,-1.2498,1.2797,0.0,0.0,11.6198,6.7639055252075195,2.0123672485351562,124.99,0,1,180,1.84,0.6559,1.0,0.5595,0.1968,0.3,0.2238,0.7206,0.8835
143.601,3,RETURN_HOME,6.9558,9.2755,-2.0571,0.4579,-1.0688,-2.1688,0.2579,-1.2688,1.2947,0.0,0.0,11.5939,6.738614082336426,1.9960368871688843,124.24,0,1,180,1.622,0.6645,1.0,0.5736,0.1994,0.3,0.2294,0.7288,0.9113
143.651,3,RETURN_HOME,6.9707,9.233,-2.0586,0.4423,-1.0851,-2.1725,0.2423,-1.2851,1.3077,0.0,0.0,11.5689,6.7076873779296875,1.9795550107955933,123.74,0,1,180,1.488,0.6726,1.0,0.5864,0.2018,0.3,0.2346,0.7363,0.9377
143.701,3,RETURN_HOME,6.9854,9.1897,-2.0596,0.427,-1.1013,-2.1762,0.227,-1.3013,1.321,0.0,0.0,11.5432,6.649514675140381,1.9509552717208862,124.24,0,1,180,1.666,0.6803,1.0,0.5991,0.2041,0.3,0.2396,0.7437,0.9635
143.751,3,RETURN_HOME,7.0023,9.1364,-2.0603,0.4088,-1.1208,-2.1806,0.2088,-1.3208,1.3372,0.0,0.0,11.5111,6.620384693145752,1.9373698234558105,124.99,0,1,180,1.647,0.689,1.0,0.6142,0.2067,0.3,0.2457,0.7524,1.0022
143.802,3,RETURN_HOME,7.0175,9.08,-2.0606,0.3905,-1.1407,-2.185,0.1905,-1.3407,1.3542,0.0,0.0,11.4757,6.584566116333008,1.9209314584732056,125.24,0,1,180,1.65,0.6974,1.0,0.6296,0.2092,0.3,0.2518,0.761,1.0397
143.851,3,RETURN_HOME,7.0274,9.0421,-2.0605,0.3784,-1.1538,-2.188,0.1784,-1.3538,1.3655,0.0,0.0,11.4519,6.552811622619629,1.9080383777618408,124.24,0,1,180,1.742,0.7026,1.0,0.6396,0.2108,0.3,0.2558,0.7666,1.0603
143.901,3,RETURN_HOME,7.0415,8.9849,-2.061,0.3603,-1.1729,-2.1924,0.1603,-1.3729,1.3822,0.0,0.0,11.4153,6.490705490112305,1.882114291191101,125.24,0,1,180,1.649,0.7103,1.0,0.6545,0.2131,0.3,0.2618,0.7749,1.0931
143.951,3,RETURN_HOME,7.0522,8.9277,-2.0659,0.3409,-1.191,-2.1969,0.1409,-1.391,1.3981,0.0,0.0,11.3771,6.455423831939697,1.8677171468734741,125.99,0,1,180,1.596,0.7182,1.0,0.6694,0.2155,0.3,0.2678,0.7832,1.1335
144.001,3,RETURN_HOME,7.0611,8.8796,-2.069,0.3251,-1.2059,-2.2006,0.1251,-1.4059,1.4114,0.0,0.0,11.3449,6.421299457550049,1.8566290140151978,125.49,0,1,180,1.558,0.7244,1.0,0.6817,0.2173,0.3,0.2727,0.79,1.166
144.051,3,RETURN_HOME,7.0723,8.8215,-2.0718,0.3068,-1.224,-2.205,0.1068,-1.424,1.428,0.0,0.0,11.3065,6.354554176330566,1.8340165615081787,125.74,0,1,180,1.743,0.7312,1.0,0.6961,0.2194,0.3,0.2784,0.7978,1.2064
144.101,3,RETURN_HOME,7.0818,8.7727,-2.0734,0.2919,-1.2394,-2.2087,0.0919,-1.4394,1.4424,0.0,0.0,11.2745,6.315176010131836,1.8217699527740479,127.99,0,1,180,1.819,0.7365,1.0,0.7082,0.221,0.3,0.2833,0.8042,1.2395
144.151,3,RETURN_HOME,7.0928,8.7133,-2.0744,0.2742,-1.2581,-2.213,0.0742,-1.4581,1.46,0.0,0.0,11.2352,6.24569845199585,1.8012481927871704,126.24,0,1,180,1.738,0.7425,1.0,0.7227,0.2227,0.3,0.2891,0.8118,1.2789
144.201,3,RETURN_HOME,7.1038,8.6516,-2.0736,0.2565,-1.2777,-2.2171,0.0565,-1.4777,1.4788,0.0,0.0,11.1944,6.2102742195129395,1.793163776397705,127.99,0,1,180,1.803,0.748,1.0,0.7375,0.2244,0.3,0.295,0.8194,1.3126
144.251,3,RETURN_HOME,7.1126,8.5991,-2.0721,0.2419,-1.2944,-2.2204,0.0419,-1.4944,1.495,0.0,0.0,11.1595,6.169471740722656,1.7832512855529785,126.24,0,1,180,1.772,0.7524,1.0,0.7499,0.2257,0.3,0.3,0.8257,1.3178
144.301,3,RETURN_HOME,7.121,8.546,-2.0702,0.2273,-1.311,-2.2236,0.0273,-1.4,1.4003,0.0,0.0,11.124,6.09479284286499,1.7635778188705444,126.74,0,1,180,1.569,0.7556,1.0,0.7054,0.2267,0.3,0.2822,0.8088,1.3819
144.351,3,RETURN_HOME,7.1275,8.4798,-2.0671,0.2083,-1.3319,-2.2276,0.0083,-1.4,1.4,0.0,0.0,11.0774,6.05549430847168,1.75723397731781,126.49,0,1,180,1.515,0.7617,1.0,0.7109,0.2285,0.3,0.2844,0.8129,1.3592
144.401,3,RETURN_HOME,7.1315,8.4235,-2.0642,0.1921,-1.3496,-2.2308,-0.0079,-1.4,1.4,0.0,0.0,11.0369,6.010768413543701,1.7473689317703247,129.24,0,1,180,1.577,0.7668,1.0,0.7157,0.2301,0.3,0.2863,0.8163,1.2965
144.451,3,RETURN_HOME,7.1354,8.3668,-2.0611,0.1763,-1.3651,-2.2341,-0.0237,-1.4,1.4002,0.0,0.0,10.9962,5.970399856567383,1.7405749559402466,125.99,0,1,180,1.522,0.7718,1.0,0.7204,0.2315,0.3,0.2882,0.8197,1.2387
144.502,3,RETURN_HOME,7.1433,8.2959,-2.0582,0.1589,-1.3819,-2.2381,-0.0411,-1.4,1.4006,0.0,0.0,10.9476,5.88634729385376,1.726562261581421,127.74,0,1,180,2.224,0.7766,1.0,0.7251,0.233,0.3,0.2901,0.823,1.1422
144.551,3,RETURN_HOME,7.152,8.224,-2.0555,0.1421,-1.3958,-2.2422,-0.0579,-1.4,1.4012,0.0,0.0,10.8988,5.841203212738037,1.7203489542007446,128.74,0,1,180,1.754,0.781,1.0,0.7296,0.2343,0.3,0.2918,0.8261,1.0822
144.601,3,RETURN_HOME,7.1585,8.1641,-2.0532,0.1278,-1.4052,-2.2457,-0.0722,-1.4,1.4019,0.0,0.0,10.858,5.7992777824401855,1.7151929140090942,127.74,0,1,180,1.296,0.7849,1.0,0.7335,0.2355,0.3,0.2934,0.8289,1.0276
144.65,3,RETURN_HOME,7.1641,8.089,-2.0497,0.1095,-1.4163,-2.2501,-0.0905,-1.3,1.3031,0.0,0.0,10.8054,5.714055061340332,1.7044765949249268,128.24,0,1,180,1.199,0.7928,1.0,0.6888,0.2379,0.3,0.2755,0.8134,1.1468
144.701,3,RETURN_HOME,7.1682,8.0269,-2.0468,0.0939,-1.4241,-2.2539,-0.1061,-1.3,1.3043,0.0,0.0,10.7617,5.665449142456055,1.6996808052062988,127.49,0,1,180,0.973,0.7976,1.0,0.6935,0.2393,0.3,0.2774,0.8167,1.0812
144.752,3,RETURN_HOME,7.1722,7.9653,-2.0429,0.0785,-1.4312,-2.2577,-0.1215,-1.3,1.3057,0.0,0.0,10.7185,5.62262487411499,1.6956799030303955,130.25,0,1,180,1.63,0.8022,1.0,0.6982,0.2406,0.3,0.2793,0.8199,1.0203
144.801,3,RETURN_HOME,7.179,7.893,-2.0341,0.0614,-1.4359,-2.2623,-0.1386,-1.3,1.3074,0.0,0.0,10.6695,5.539091110229492,1.6877491474151611,129.24,0,1,180,1.13,0.807,1.0,0.7033,0.2421,0.3,0.2813,0.8234,0.9155
144.85,3,RETURN_HOME,7.1836,7.833,-2.0275,0.0468,-1.4371,-2.2661,-0.1532,-1.2,1.2097,0.0,0.0,10.6283,5.491560459136963,1.6847386360168457,130.5,0,1,180,1.084,0.8166,1.0,0.6586,0.245,0.3,0.2634,0.8084,1.0875
144.901,3,RETURN_HOME,7.1889,7.761,-2.0197,0.0292,-1.4364,-2.2708,-0.1708,-1.2,1.2121,0.0,0.0,10.5789,5.448495388031006,1.681835651397705,131.5,0,1,180,1.076,0.822,1.0,0.6643,0.2466,0.3,0.2657,0.8123,1.0265
144.951,3,RETURN_HOME,7.1939,7.7009,-2.013,0.0148,-1.4342,-2.2747,-0.1852,-1.2,1.2142,0.0,0.0,10.5383,5.365365028381348,1.6782751083374023,129.24,0,1,180,1.11,0.8263,1.0,0.6689,0.2479,0.3,0.2676,0.8155,0.929
145.001,3,RETURN_HOME,7.1977,7.6412,-2.007,0.0002,-1.4295,-2.2786,-0.1998,-1.2,1.2165,0.0,0.0,10.4974,5.314852237701416,1.6757744550704956,131.0,0,1,180,1.111,0.8306,1.0,0.6737,0.2492,0.3,0.2695,0.8187,0.8615
145.051,3,RETURN_HOME,7.2021,7.5693,-2.0018,-0.0173,-1.4215,-2.2834,-0.2173,-1.2,1.2195,0.0,0.0,10.4482,5.272993087768555,1.6751521825790405,131.0,0,1,180,1.679,0.8357,1.0,0.6794,0.2507,0.3,0.2718,0.8225,0.8033
145.101,3,RETURN_HOME,7.2064,7.5084,-1.9999,-0.0317,-1.414,-2.2874,-0.1317,-1.2,1.2072,0.0,0.0,10.4071,5.190515995025635,1.6747053861618042,129.24,0,1,180,1.222,0.7927,1.0,0.638,0.2378,0.3,0.2552,0.793,0.8956
145.15,3,RETURN_HOME,7.2099,7.4364,-1.9979,-0.0494,-1.4041,-2.2923,-0.1494,-1.2,1.2093,0.0,0.0,10.3577,5.14346170425415,1.6743277311325073,130.0,0,1,180,1.011,0.7985,1.0,0.6437,0.2395,0.3,0.2575,0.797,0.8275
145.201,3,RETURN_HOME,7.2111,7.3656,-1.9945,-0.0675,-1.394,-2.2975,-0.2675,-1.1,1.1321,0.0,0.0,10.3079,5.10309362411499,1.6759494543075562,130.5,0,1,180,1.915,0.8596,1.0,0.6488,0.2579,0.3,0.2595,0.8174,0.8413
145.251,3,RETURN_HOME,7.2108,7.3075,-1.9912,-0.0805,-1.3855,-2.3019,-0.2805,-1.1,1.1352,0.0,0.0,10.2662,5.021526336669922,1.6778563261032104,132.0,0,1,180,1.842,0.8633,1.0,0.6534,0.259,0.3,0.2613,0.8203,0.7491
145.304,3,RETURN_HOME,7.2093,7.2386,-1.9879,-0.0938,-1.3763,-2.307,-0.2938,-1.1,1.1386,0.0,0.0,10.2162,4.974492073059082,1.6798732280731201,131.0,0,1,180,4.117,0.8667,1.0,0.6578,0.26,0.3,0.2631,0.8231,0.6873
145.352,3,RETURN_HOME,7.204,7.1856,-1.9851,-0.1063,-1.366,-2.3112,-0.2063,-1.1,1.1192,0.0,0.0,10.175,4.937420845031738,1.6817712783813477,131.75,0,1,180,2.685,0.8246,1.0,0.6153,0.2474,0.3,0.2461,0.7935,0.7844
145.401,3,RETURN_HOME,7.1976,7.1337,-1.9827,-0.1201,-1.3543,-2.3153,-0.2201,-1.1,1.1218,0.0,0.0,10.1338,4.85811710357666,1.6872918605804443,133.5,0,1,180,1.57,0.8296,1.0,0.6205,0.2489,0.3,0.2482,0.7971,0.6922
145.451,3,RETURN_HOME,7.1894,7.0717,-1.9801,-0.1383,-1.3394,-2.3205,-0.1383,-1.1,1.1087,0.0,0.0,10.0844,4.813966751098633,1.691338062286377,132.75,0,1,180,1.626,0.7847,1.0,0.58,0.2354,0.3,0.232,0.7674,0.833
145.501,3,RETURN_HOME,7.1812,7.02,-1.9748,-0.1531,-1.3266,-2.3251,-0.1531,-1.1,1.1106,0.0,0.0,10.0424,4.773921012878418,1.6946316957473755,133.5,0,1,180,1.648,0.7909,1.0,0.5856,0.2373,0.3,0.2342,0.7715,0.7751
145.551,3,RETURN_HOME,7.1707,6.9584,-1.9684,-0.1692,-1.3117,-2.3307,-0.1692,-1.1,1.1129,0.0,0.0,9.9919,4.697333335876465,1.7024102210998535,134.0,0,1,180,1.608,0.7974,1.0,0.5916,0.2392,0.3,0.2367,0.7759,0.6805
145.602,3,RETURN_HOME,7.1598,6.8973,-1.963,-0.1812,-1.2973,-2.3363,-0.0812,-1.0973,1.1003,0.0,0.0,9.9416,4.657701015472412,1.7062314748764038,133.5,0,1,180,2.442,0.745,1.0,0.5465,0.2235,0.3,0.2186,0.7421,0.842
145.651,3,RETURN_HOME,7.1502,6.847,-1.9588,-0.1887,-1.2862,-2.3409,-0.0887,-1.0862,1.0898,0.0,0.0,9.8998,4.6182475090026855,1.7118104696273804,132.25,0,1,180,1.588,0.7481,1.0,0.5435,0.2244,0.3,0.2174,0.7418,0.8021
145.701,3,RETURN_HOME,7.1405,6.797,-1.9554,-0.1946,-1.2762,-2.3453,-0.0946,-1.0762,1.0803,0.0,0.0,9.8583,4.542172908782959,1.7210397720336914,134.5,0,1,180,1.566,0.7503,1.0,0.5404,0.2251,0.3,0.2161,0.7412,0.7341
145.751,3,RETURN_HOME,7.129,6.7376,-1.9524,-0.198,-1.2651,-2.3506,-0.098,-1.0651,1.0696,0.0,0.0,9.809,4.501518726348877,1.726786732673645,134.75,0,1,180,1.604,0.7506,1.0,0.5353,0.2252,0.3,0.2141,0.7393,0.7233
145.801,3,RETURN_HOME,7.1174,6.6797,-1.9512,-0.1983,-1.2545,-2.3555,-0.0983,-1.0545,1.059,0.0,0.0,9.7609,4.4623188972473145,1.7321360111236572,134.25,0,1,180,1.708,0.749,1.0,0.5288,0.2247,0.3,0.2115,0.7363,0.7245
145.851,3,RETURN_HOME,7.108,6.6316,-1.9507,-0.1969,-1.246,-2.3593,-0.0969,-1.046,1.0505,0.0,0.0,9.7212,4.38686466217041,1.742893934249878,133.25,0,1,180,1.637,0.7467,1.0,0.523,0.224,0.3,0.2092,0.7332,0.6969
145.901,3,RETURN_HOME,7.0988,6.5847,-1.9515,-0.1949,-1.2373,-2.363,0.0051,-1.3373,1.3373,0.0,0.0,9.6825,4.343694686889648,1.7484475374221802,134.0,0,1,180,1.728,0.6773,1.0,0.6038,0.2032,0.3,0.2415,0.7447,0.8977
145.951,3,RETURN_HOME,7.0882,6.5301,-1.954,-0.1924,-1.2249,-2.3672,0.0076,-1.3249,1.3249,0.0,0.0,9.6377,4.3065972328186035,1.7545913457870483,134.5,0,1,180,1.512,0.6733,1.0,0.5947,0.202,0.3,0.2379,0.7399,0.9074
146.002,3,RETURN_HOME,7.0796,6.4846,-1.9562,-0.1904,-1.2151,-2.3709,-0.0904,-1.0151,1.0191,0.0,0.0,9.6006,4.226605415344238,1.762930154800415,135.0,0,1,180,1.848,0.7382,1.0,0.5016,0.2215,0.3,0.2006,0.7221,0.6805
146.051,3,RETURN_HOME,7.0703,6.4313,-1.9589,-0.1862,-1.2108,-2.3754,0.0138,-1.3108,1.3109,0.0,0.0,9.5577,4.185940742492676,1.7701694965362549,134.5,0,1,180,1.73,0.6651,1.0,0.5812,0.1995,0.3,0.2325,0.732,0.8786
146.103,3,RETURN_HOME,7.0633,6.3874,-1.961,-0.1805,-1.2122,-2.3785,0.0195,-1.3122,1.3124,0.0,0.0,9.523,4.146541595458984,1.7753105163574219,134.75,0,1,180,2.684,0.6597,1.0,0.5771,0.1979,0.3,0.2309,0.7288,0.8836
146.151,3,RETURN_HOME,7.0552,6.334,-1.9635,-0.1736,-1.2113,-2.3821,0.0264,-1.3113,1.3116,0.0,0.0,9.4813,4.065729141235352,1.7857221364974976,134.75,0,1,180,1.593,0.6529,1.0,0.5709,0.1959,0.3,0.2284,0.7243,0.884
146.201,3,RETURN_HOME,7.045,6.2827,-1.9622,-0.1671,-1.2125,-2.3858,0.0329,-1.3125,1.3129,0.0,0.0,9.4396,4.020598411560059,1.790917158126831,135.0,0,1,180,1.992,0.6467,1.0,0.566,0.194,0.3,0.2264,0.7204,0.8993
146.252,3,RETURN_HOME,7.0362,6.2403,-1.96,-0.1611,-1.2159,-2.3888,-0.0611,-1.1159,1.1176,0.0,0.0,9.4047,3.980806350708008,1.794433355331421,135.0,0,1,180,2.291,0.7035,1.0,0.5241,0.211,0.3,0.2096,0.7207,0.6276
146.302,3,RETURN_HOME,7.0262,6.1881,-1.9577,-0.1528,-1.2232,-2.3921,-0.0528,-1.1232,1.1245,0.0,0.0,9.3627,3.8980138301849365,1.803191900253296,134.75,0,1,180,2.378,0.6954,1.0,0.5213,0.2086,0.3,0.2085,0.7172,0.6469
146.351,3,RETURN_HOME,7.0192,6.1356,-1.9544,-0.1428,-1.2317,-2.3949,-0.0428,-1.1317,1.1325,0.0,0.0,9.3228,3.8514654636383057,1.8084269762039185,134.75,0,1,180,1.715,0.6861,1.0,0.518,0.2058,0.3,0.2072,0.713,0.6755
146.402,3,RETURN_HOME,7.0137,6.0909,-1.9521,-0.1358,-1.2356,-2.3971,-0.0358,-1.1356,1.1361,0.0,0.0,9.2893,3.806861400604248,1.812654733657837,134.75,0,1,180,2.324,0.6792,1.0,0.5144,0.2038,0.3,0.2058,0.7095,0.6919
146.452,3,RETURN_HOME,7.0085,6.0455,-1.9504,-0.1306,-1.2363,-2.3994,-0.0306,-1.1363,1.1367,0.0,0.0,9.2556,3.717271089553833,1.8191769123077393,134.0,0,1,180,2.4,0.6733,1.0,0.5102,0.202,0.3,0.2041,0.7061,0.6967
146.501,3,RETURN_HOME,7.0042,5.987,-1.945,-0.1255,-1.2357,-2.4023,-0.0255,-1.1357,1.1359,0.0,0.0,9.2143,3.6662065982818604,1.8246889114379883,134.75,0,1,180,1.656,0.6666,1.0,0.5048,0.2,0.3,0.2019,0.7019,0.7127
146.551,3,RETURN_HOME,7.0007,5.9382,-1.9415,-0.1225,-1.2332,-2.405,-0.0225,-1.1332,1.1334,0.0,0.0,9.18,3.623042583465576,1.8263047933578491,135.0,0,1,180,1.811,0.6619,1.0,0.5001,0.1986,0.3,0.2,0.6986,0.7369
146.601,3,RETURN_HOME,6.9971,5.8894,-1.9387,-0.1202,-1.2296,-2.4078,-0.0202,-1.1296,1.1298,0.0,0.0,9.1457,3.535918951034546,1.8337589502334595,135.0,0,1,180,1.742,0.6575,1.0,0.4953,0.1973,0.3,0.1981,0.6954,0.7259
146.651,3,RETURN_HOME,6.9943,5.8397,-1.9375,-0.1179,-1.2259,-2.4106,-0.0179,-1.1259,1.126,0.0,0.0,9.1117,3.486973524093628,1.8381203413009644,135.0,0,1,180,1.522,0.6531,1.0,0.4902,0.1959,0.3,0.1961,0.692,0.7211
146.702,3,RETURN_HOME,6.9909,5.7803,-1.9368,-0.1153,-1.2213,-2.4141,-0.0153,-1.1213,1.1214,0.0,0.0,9.0711,3.4426965713500977,1.8410615921020508,134.5,0,1,180,1.763,0.6476,1.0,0.4842,0.1943,0.3,0.1937,0.688,0.7277
146.751,3,RETURN_HOME,6.9875,5.7211,-1.9355,-0.1124,-1.2171,-2.4177,-0.0124,-1.1171,1.1172,0.0,0.0,9.0309,3.355113983154297,1.847152829170227,134.75,0,1,180,1.813,0.642,1.0,0.4782,0.1926,0.3,0.1913,0.6839,0.7259
146.802,3,RETURN_HOME,6.9851,5.6719,-1.933,-0.1098,-1.2139,-2.4207,-0.0098,-1.1139,1.114,0.0,0.0,8.9979,3.305922269821167,1.8490628004074097,135.0,0,1,180,2.431,0.6371,1.0,0.4732,0.1911,0.3,0.1893,0.6804,0.7304
146.851,3,RETURN_HOME,6.982,5.613,-1.931,-0.1064,-1.2103,-2.4245,-0.0064,-1.2103,1.2104,0.0,0.0,8.9585,3.266218423843384,1.8534272909164429,134.75,0,1,180,1.558,0.6307,1.0,0.5089,0.1892,0.3,0.2036,0.6928,0.741
146.901,3,RETURN_HOME,6.9799,5.5646,-1.9322,-0.1032,-1.207,-2.4277,-0.0032,-1.207,1.207,0.0,0.0,8.9265,3.1786177158355713,1.8588230609893799,134.25,0,1,180,1.623,0.6254,1.0,0.5033,0.1876,0.3,0.2013,0.6889,0.7425
146.951,3,RETURN_HOME,6.9782,5.5073,-1.9377,-0.0989,-1.2025,-2.4318,0.0011,-1.2025,1.2025,0.0,0.0,8.8896,3.1313419342041016,1.8617186546325684,134.75,0,1,180,1.63,0.6188,1.0,0.496,0.1856,0.3,0.1984,0.6841,0.7536
147.001,3,RETURN_HOME,6.9763,5.45,-1.9431,-0.0951,-1.2006,-2.4359,-0.0951,-1.0006,1.0051,0.0,0.0,8.8528,3.087395191192627,1.8652092218399048,134.5,0,1,180,1.617,0.6874,1.0,0.4606,0.2062,0.3,0.1842,0.6905,0.5052
147.051,3,RETURN_HOME,6.9728,5.3936,-1.9493,-0.0914,-1.2011,-2.4402,-0.0914,-1.0011,1.0053,0.0,0.0,8.8154,3.0021097660064697,1.8716078996658325,134.75,0,1,180,1.857,0.6812,1.0,0.4565,0.2044,0.3,0.1826,0.687,0.5135
147.102,3,RETURN_HOME,6.9697,5.3466,-1.9543,-0.0881,-1.2029,-2.4434,-0.0881,-1.0029,1.0068,0.0,0.0,8.7842,2.9527668952941895,1.8729606866836548,135.0,0,1,180,1.857,0.6758,1.0,0.4536,0.2027,0.3,0.1814,0.6842,0.5231
147.151,3,RETURN_HOME,6.9666,5.2994,-1.959,-0.0862,-1.2021,-2.4465,-0.0862,-1.0021,1.0058,0.0,0.0,8.7531,2.9094343185424805,1.8757317066192627,135.0,0,1,180,1.741,0.6714,1.0,0.4502,0.2014,0.3,0.1801,0.6815,0.5261
147.201,3,RETURN_HOME,6.9648,5.2494,-1.9659,-0.0855,-1.1996,-2.4497,-0.0855,-0.9996,1.0033,0.0,0.0,8.7216,2.824845314025879,1.8819947242736816,135.0,0,1,180,1.657,0.6677,1.0,0.4466,0.2003,0.3,0.1786,0.679,0.5387
147.251,3,RETURN_HOME,6.9628,5.1892,-1.9739,-0.0864,-1.1932,-2.4539,-0.0864,-0.9932,0.997,0.0,0.0,8.6838,2.774407386779785,1.886018991470337,135.0,0,1,180,1.542,0.6648,1.0,0.4419,0.1995,0.3,0.1768,0.6762,0.5368
147.301,3,RETURN_HOME,6.9604,5.1298,-1.9809,-0.089,-1.1836,-2.4583,-0.089,-0.9836,0.9876,0.0,0.0,8.6465,2.7320120334625244,1.8882983922958374,134.75,0,1,180,1.556,0.6634,1.0,0.4368,0.199,0.3,0.1747,0.6737,0.531
147.351,3,RETURN_HOME,6.9594,5.0824,-1.9869,-0.0913,-1.1734,-2.4623,-0.0913,-0.9734,0.9776,0.0,0.0,8.6177,2.6472179889678955,1.8930957317352295,135.0,0,1,180,1.512,0.6626,1.0,0.4319,0.1988,0.3,0.1727,0.6715,0.5181
147.401,3,RETURN_HOME,6.958,5.0355,-1.9922,-0.0939,-1.1627,-2.4665,-0.0939,-0.9627,0.9673,0.0,0.0,8.589,2.6013102531433105,1.897924780845642,135.0,0,1,180,1.531,0.6622,1.0,0.427,0.1987,0.3,0.1708,0.6695,0.511
147.451,3,RETURN_HOME,6.9564,4.9795,-1.9966,-0.0969,-1.1501,-2.4716,-0.0969,-0.9501,0.955,0.0,0.0,8.5549,2.5580615997314453,1.898808240890503,135.0,0,1,180,1.616,0.6615,1.0,0.4212,0.1985,0.3,0.1685,0.6669,0.5056
147.501,3,RETURN_HOME,6.9572,4.9319,-1.996,-0.0979,-1.1404,-2.476,-0.0979,-0.9404,0.9455,0.0,0.0,8.528,2.517331600189209,1.9037657976150513,135.0,0,1,180,1.518,0.6597,1.0,0.4158,0.1979,0.3,0.1663,0.6642,0.5015
147.551,3,RETURN_HOME,6.9574,4.8849,-1.9954,-0.0989,-1.131,-2.4805,-0.0989,-0.931,0.9363,0.0,0.0,8.5011,2.4293651580810547,1.9112945795059204,135.0,0,1,180,1.539,0.6579,1.0,0.4106,0.1974,0.3,0.1643,0.6616,0.4894
147.602,3,RETURN_HOME,6.9563,4.8292,-1.9948,-0.1006,-1.1199,-2.486,-0.1006,-1.0199,1.0249,0.0,0.0,8.4682,2.3886096477508545,1.9147531986236572,135.0,0,1,180,1.59,0.6482,1.0,0.4429,0.1944,0.3,0.1771,0.6716,0.5255
147.651,3,RETURN_HOME,6.9525,4.7829,-1.995,-0.1033,-1.1108,-2.4906,-0.1033,-1.0108,1.0161,0.0,0.0,8.4388,2.3478341102600098,1.9193094968795776,135.0,0,1,180,1.699,0.6476,1.0,0.4387,0.1943,0.3,0.1755,0.6698,0.5193
147.701,3,RETURN_HOME,6.9476,4.7282,-1.9953,-0.1067,-1.0995,-2.4962,-0.1067,-0.8995,0.9058,0.0,0.0,8.4039,2.2634360790252686,1.9262681007385254,135.0,0,1,180,1.534,0.656,1.0,0.3962,0.1968,0.3,0.1585,0.6553,0.4814
147.751,3,RETURN_HOME,6.9438,4.6834,-1.9946,-0.1096,-1.0918,-2.5009,-0.1096,-0.8918,0.8985,0.0,0.0,8.3756,2.2229561805725098,1.898738980293274,21.65,0,1,180,1.722,0.6561,1.0,0.393,0.1968,0.3,0.1572,0.654,0.4748
147.801,3,RETURN_HOME,6.9405,4.6317,-1.9901,-0.1125,-1.084,-2.5064,-0.1125,-0.984,0.9904,0.0,0.0,8.3441,2.1819968223571777,1.8660725355148315,21.39,0,1,180,1.705,0.6459,1.0,0.4265,0.1938,0.3,0.1706,0.6644,0.4914
147.851,3,RETURN_HOME,6.9374,4.5889,-1.9869,-0.1145,-1.0771,-2.5109,-0.1145,-0.8771,0.8845,0.0,0.0,8.3178,2.09692120552063,1.8013819456100464,20.89,0,1,180,1.534,0.6551,0.9728,0.3863,0.1965,0.2918,0.1545,0.6429,0.4534
147.901,3,RETURN_HOME,6.9347,4.5461,-1.9811,-0.1164,-1.0691,-2.5154,-0.1164,-0.9691,0.976,0.0,0.0,8.2919,2.059340000152588,1.7724475860595703,20.64,0,1,180,1.614,0.6441,0.9951,0.4191,0.1932,0.2985,0.1676,0.6594,0.4851
147.951,3,RETURN_HOME,6.9321,4.4945,-1.9702,-0.1186,-1.0606,-2.5208,-0.1186,-0.9606,0.9678,0.0,0.0,8.2617,2.018056869506836,1.7454097270965576,20.14,0,1,180,1.72,0.6427,0.9836,0.4147,0.1928,0.2951,0.1659,0.6538,0.4816
148.001,3,RETURN_HOME,6.9289,4.4435,-1.9612,-0.121,-1.0511,-2.5264,-0.121,-0.9511,0.9588,0.0,0.0,8.2314,1.9339354038238525,1.6764048337936401,19.64,0,1,180,1.61,0.6417,0.9531,0.4102,0.1925,0.2859,0.1641,0.6425,0.4708
148.051,3,RETURN_HOME,6.9249,4.4018,-1.9556,-0.1237,-1.0441,-2.531,-0.1237,-0.9441,0.9522,0.0,0.0,8.2054,1.8947830200195312,1.6525506973266602,19.14,0,1,180,1.671,0.6415,0.9362,0.4072,0.1925,0.2808,0.1629,0.6362,0.4649
148.101,3,RETURN_HOME,6.9189,4.3523,-1.9506,-0.1274,-1.037,-2.5366,-0.1274,-0.937,0.9456,0.0,0.0,8.1739,1.8549630641937256,1.6204357147216797,18.89,0,1,180,1.613,0.6416,0.9197,0.4045,0.1925,0.2759,0.1618,0.6302,0.4582
148.151,3,RETURN_HOME,6.9137,4.3112,-1.9475,-0.1304,-1.0319,-2.5412,-0.1304,-0.9319,0.941,0.0,0.0,8.1478,1.7707263231277466,1.5594336986541748,18.14,0,1,180,1.572,0.6416,0.8977,0.4025,0.1925,0.2693,0.161,0.6228,0.449
148.201,3,RETURN_HOME,6.9061,4.2628,-1.9465,-0.1343,-1.0262,-2.5468,-0.1343,-0.9262,0.9359,0.0,0.0,8.1157,1.7313523292541504,1.5312318801879883,17.64,0,1,180,2.023,0.6419,0.8849,0.4005,0.1926,0.2655,0.1602,0.6183,0.4424
148.251,3,RETURN_HOME,6.8995,4.2226,-1.9465,-0.1374,-1.0217,-2.5514,-0.0374,-1.0217,1.0224,0.0,0.0,8.0891,1.6918871402740479,1.5060276985168457,17.14,0,1,180,1.725,0.5529,1.0,0.3769,0.1659,0.3,0.1507,0.6166,0.5953
148.301,3,RETURN_HOME,6.8915,4.1745,-1.9472,-0.1412,-1.0163,-2.5568,-0.0412,-1.0163,1.0171,0.0,0.0,8.0573,1.605127215385437,1.4445018768310547,16.14,0,1,180,1.643,0.5523,1.0,0.3745,0.1657,0.3,0.1498,0.6155,0.5811
148.351,3,RETURN_HOME,6.8853,4.1342,-1.9509,-0.1435,-1.0115,-2.5614,-0.0435,-1.0115,1.0125,0.0,0.0,8.0311,1.5635247230529785,1.4149202108383179,15.89,0,1,180,1.542,0.5512,1.0,0.372,0.1653,0.3,0.1488,0.6142,0.5768
148.401,3,RETURN_HOME,6.8791,4.094,-1.9547,-0.1441,-1.0082,-2.5661,-0.0441,-1.0082,1.0092,0.0,0.0,8.0052,1.5204977989196777,1.3902900218963623,15.14,0,1,180,1.8,0.5484,1.0,0.369,0.1645,0.3,0.1476,0.6121,0.5749
148.451,3,RETURN_HOME,6.8718,4.0459,-1.9592,-0.1423,-1.0066,-2.5716,-0.0423,-1.0066,1.0074,0.0,0.0,7.9743,1.4347987174987793,1.3330669403076172,14.14,0,1,180,1.821,0.5431,1.0,0.3648,0.1629,0.3,0.1459,0.6088,0.5674
148.501,3,RETURN_HOME,6.8701,4.0038,-1.9652,-0.1383,-1.0074,-2.5759,-0.0383,-1.0074,1.0081,0.0,0.0,7.9517,1.3934203386306763,1.3095651865005493,13.64,0,1,180,1.693,0.536,1.0,0.3602,0.1608,0.3,0.1441,0.6049,0.5715
148.551,3,RETURN_HOME,6.8677,3.9536,-1.9717,-0.1326,-1.0095,-2.5809,-0.1326,-0.9095,0.9191,0.0,0.0,7.9244,1.3536450862884521,1.2828636169433594,12.89,0,1,180,1.586,0.6187,0.8832,0.3791,0.1856,0.265,0.1516,0.6022,0.445
148.602,3,RETURN_HOME,6.8659,3.9121,-1.9771,-0.1274,-1.0114,-2.5849,-0.1274,-0.9114,0.9203,0.0,0.0,7.9023,1.2619006633758545,1.2267528772354126,11.39,0,1,180,2.344,0.6106,0.9137,0.3746,0.1832,0.2741,0.1498,0.6071,0.4477
148.651,3,RETURN_HOME,6.8656,3.864,-1.9849,-0.1203,-1.0133,-2.5895,-0.1203,-0.9133,0.9212,0.0,0.0,7.8782,1.2197335958480835,1.206670880317688,10.63,0,1,180,1.618,0.6001,0.9226,0.3685,0.18,0.2768,0.1474,0.6042,0.4548
148.701,3,RETURN_HOME,6.8648,3.8238,-1.9907,-0.1166,-1.0131,-2.5931,-0.1166,-0.9131,0.9205,0.0,0.0,7.858,1.180473804473877,1.180473804473877,9.63,0,1,180,1.564,0.5934,0.9285,0.3641,0.178,0.2786,0.1457,0.6022,0.4666
148.751,3,RETURN_HOME,6.8647,3.7757,-1.9975,-0.1146,-1.0103,-2.5975,-0.1146,-0.9103,0.9175,0.0,0.0,7.8345,1.129059076309204,1.129059076309204,7.88,0,1,180,1.747,0.5876,0.923,0.3594,0.1763,0.2769,0.1438,0.5969,0.4621
148.802,3,RETURN_HOME,6.8659,3.7357,-2.0037,-0.1139,-1.0063,-2.6013,-0.1139,-0.9063,0.9134,0.0,0.0,7.8164,1.1072981357574463,1.1072981357574463,6.88,0,1,180,1.884,0.5837,0.918,0.3555,0.1751,0.2754,0.1422,0.5927,0.4585
148.851,3,RETURN_HOME,6.8664,3.688,-2.01,-0.1146,-1.0001,-2.606,-0.1146,-0.9001,0.9073,0.0,0.0,7.7942,1.0834927558898926,1.0834927558898926,5.88,0,1,180,1.825,0.5807,0.9144,0.3513,0.1742,0.2743,0.1405,0.589,0.456
148.901,3,RETURN_HOME,6.8667,3.6483,-2.0146,-0.1159,-0.9944,-2.6101,-0.1159,-0.8944,0.9019,0.0,0.0,7.7757,1.0384528636932373,1.0384528636932373,3.63,0,1,180,1.795,0.5788,0.9177,0.348,0.1736,0.2753,0.1392,0.5882,0.4503
148.952,3,RETURN_HOME,6.8671,3.6085,-2.0188,-0.1174,-0.9888,-2.6142,-0.1174,-0.8888,0.8965,0.0,0.0,7.7575,1.0164974927902222,1.0164974927902222,2.63,0,1,180,2.139,0.5771,0.9132,0.3449,0.1731,0.274,0.138,0.585,0.4537
149.002,3,RETURN_HOME,6.8667,3.561,-2.023,-0.1193,-0.9822,-2.6193,-0.1193,-0.8822,0.8902,0.0,0.0,7.7351,0.9962282180786133,0.9962282180786133,1.38,0,1,180,1.776,0.5751,0.9109,0.3413,0.1725,0.2733,0.1365,0.5823,0.4586
149.051,3,RETURN_HOME,6.8646,3.5215,-2.0283,-0.1213,-0.9768,-2.6236,-0.1213,-0.8768,0.8852,0.0,0.0,7.7151,0.9546279907226562,0.9546279907226562,-1.13,0,1,180,1.791,0.5741,0.895,0.3388,0.1722,0.2685,0.1355,0.5762,0.4485
149.102,3,RETURN_HOME,6.8606,3.4743,-2.0354,-0.1241,-0.9707,-2.6288,-0.1241,-0.8707,0.8795,0.0,0.0,7.6902,0.9373270869255066,0.9373270869255066,-2.63,0,1,180,1.804,0.5731,0.8944,0.336,0.1719,0.2683,0.1344,0.5747,0.4458
149.151,3,RETURN_HOME,6.8562,3.4274,-2.0411,-0.1266,-0.9648,-2.6341,-0.0266,-0.9648,0.9651,0.0,0.0,7.6651,0.9193026423454285,0.9193026423454285,-3.88,0,1,180,1.871,0.4716,1.0,0.3217,0.1415,0.3,0.1287,0.5702,0.5172
149.201,3,RETURN_HOME,6.8545,3.3899,-2.0445,-0.1278,-0.9593,-2.6386,-0.1278,-0.8593,0.8687,0.0,0.0,7.6469,0.8858837485313416,0.8858837485313416,-6.63,0,1,180,1.614,0.5703,0.8968,0.3303,0.1711,0.269,0.1321,0.5723,0.4418
149.251,3,RETURN_HOME,6.8525,3.3453,-2.0475,-0.1288,-0.9527,-2.6441,-0.1288,-0.8527,0.8623,0.0,0.0,7.6254,0.869121789932251,0.869121789932251,-8.63,0,1,180,1.778,0.568,0.8879,0.3265,0.1704,0.2664,0.1306,0.5674,0.4428
149.303,3,RETURN_HOME,6.8503,3.3083,-2.0493,-0.1278,-0.9489,-2.6486,-0.0278,-0.9489,0.9493,0.0,0.0,7.6073,0.8555347919464111,0.8555347919464111,-9.88,0,1,180,2.857,0.461,0.9967,0.3164,0.1383,0.299,0.1266,0.5639,0.501
149.351,3,RETURN_HOME,6.8432,3.2722,-2.0543,-0.1287,-0.9447,-2.653,-0.2287,-0.7447,0.779,0.0,0.0,7.5853,0.843105137348175,0.8271021842956543,-13.64,0,1,180,1.634,0.6773,0.7206,0.3517,0.2032,0.2162,0.1407,0.5601,0.3501
149.401,3,RETURN_HOME,6.8349,3.2289,-2.059,-0.1298,-0.9397,-2.6583,-0.2298,-0.7397,0.7746,0.0,0.0,7.5592,0.8354126811027527,0.8143011927604675,-15.14,0,1,180,1.555,0.6762,0.7166,0.3492,0.2029,0.215,0.1397,0.5575,0.3539
149.452,3,RETURN_HOME,6.8282,3.1927,-2.0621,-0.1296,-0.9366,-2.6625,-0.2296,-0.8366,0.8675,0.0,0.0,7.5378,0.8306400775909424,0.8043836951255798,-16.89,0,1,180,1.971,0.6482,0.7547,0.3749,0.1944,0.2264,0.15,0.5708,0.3767
149.501,3,RETURN_HOME,6.8231,3.15,-2.0634,-0.1315,-0.9303,-2.6674,-0.2315,-0.8303,0.862,0.0,0.0,7.5152,0.8154109120368958,0.7849251627922058,-20.89,0,1,180,1.663,0.6476,0.7575,0.3721,0.1943,0.2272,0.1489,0.5704,0.3795
149.551,3,RETURN_HOME,6.8186,3.1146,-2.0639,-0.1358,-0.9221,-2.6715,-0.2358,-0.8221,0.8552,0.0,0.0,7.4962,0.8092002272605896,0.7749454379081726,-22.4,0,1,180,1.753,0.6501,0.7571,0.3707,0.195,0.2271,0.1483,0.5704,0.3796
149.601,3,RETURN_HOME,6.8127,3.0726,-2.0636,-0.1434,-0.9115,-2.6767,-0.2434,-0.8115,0.8473,0.0,0.0,7.4735,11.74081039428711,0.7686373591423035,-23.65,0,1,180,1.561,0.6557,0.7555,0.3704,0.1967,0.2266,0.1482,0.5715,0.3786
149.651,3,RETURN_HOME,6.8076,3.0393,-2.0622,-0.1508,-0.9023,-2.6811,-0.3508,-0.7023,0.7851,0.0,0.0,7.4552,11.750679016113281,0.7560185194015503,-26.9,0,1,180,1.665,0.7728,0.6226,0.4045,0.2318,0.1868,0.1618,0.5804,0.3107
149.701,3,RETURN_HOME,6.8021,3.006,-2.0605,-0.1587,-0.894,-2.6856,-0.3587,-0.694,0.7812,0.0,0.0,7.4367,11.759194374084473,0.7504332661628723,-28.15,0,1,180,1.699,0.7791,0.6225,0.4058,0.2337,0.1868,0.1623,0.5828,0.3098
149.751,3,RETURN_HOME,6.7933,2.965,-2.0599,-0.1688,-0.8858,-2.6907,-0.3688,-0.6858,0.7787,0.0,0.0,7.4122,11.768829345703125,0.7439098358154297,-26.15,0,1,180,1.925,0.7864,0.626,0.4082,0.2359,0.1878,0.1633,0.587,0.3108
149.801,3,RETURN_HOME,6.7831,2.9293,-2.0615,-0.18,-0.8788,-2.6948,-0.38,-0.6788,0.7779,0.0,0.0,7.3886,11.77676773071289,0.7381287813186646,-27.15,0,1,180,1.645,0.7944,0.6468,0.412,0.2383,0.194,0.1648,0.5971,0.3195
149.851,3,RETURN_HOME,6.7708,2.8869,-2.0627,-0.1952,-0.8687,-2.6997,-0.3952,-0.6687,0.7767,0.0,0.0,7.3605,11.790099143981934,0.7238948941230774,-24.15,0,1,180,1.837,0.8057,0.6539,0.4172,0.2417,0.1962,0.1669,0.6047,0.3195
149.901,3,RETURN_HOME,6.7602,2.8522,-2.0633,-0.2089,-0.8587,-2.7038,-0.4089,-0.6587,0.7753,0.0,0.0,7.3373,11.796961784362793,0.7163956761360168,-25.9,0,1,180,1.67,0.8162,0.6663,0.4219,0.2449,0.1999,0.1687,0.6135,0.3258
149.951,3,RETURN_HOME,6.7473,2.8114,-2.0636,-0.226,-0.8453,-2.7088,-0.426,-0.6453,0.7733,0.0,0.0,7.3095,11.805739402770996,0.7103749513626099,-28.15,0,1,180,1.786,0.8295,0.6551,0.4276,0.2488,0.1965,0.171,0.6164,0.3207
150.002,3,RETURN_HOME,6.7361,2.7778,-2.0634,-0.2404,-0.8336,-2.7131,-0.4404,-0.6336,0.7716,0.0,0.0,7.2864,11.824305534362793,0.7012531757354736,-32.41,0,1,180,1.614,0.8407,0.665,0.4325,0.2522,0.1995,0.173,0.6247,0.3297
150.051,3,RETURN_HOME,6.7247,2.738,-2.0623,-0.2568,-0.8194,-2.7182,-0.4568,-0.6194,0.7696,0.0,0.0,7.2607,11.834685325622559,0.6955450773239136,-34.16,0,1,180,1.752,0.8532,0.6563,0.4377,0.256,0.1969,0.1751,0.6279,0.3257
150.101,3,RETURN_HOME,6.7164,2.7051,-2.0607,-0.2697,-0.8076,-2.7223,-0.4697,-0.6076,0.768,0.0,0.0,7.2407,11.846611022949219,0.6907963156700134,-36.16,0,1,180,1.633,0.8629,0.65,0.4418,0.2589,0.195,0.1767,0.6306,0.3232
150.151,3,RETURN_HOME,6.7055,2.6664,-2.0586,-0.2852,-0.7936,-2.7273,-0.4852,-0.5936,0.7667,0.0,0.0,7.2162,11.875321388244629,0.6858022809028625,-40.66,0,1,180,1.834,0.8742,0.6689,0.4468,0.2623,0.2007,0.1787,0.6416,0.336
150.201,3,RETURN_HOME,6.6958,2.6359,-2.0533,-0.2983,-0.7814,-2.7314,-0.4983,-0.6814,0.8441,0.0,0.0,7.196,11.886381149291992,0.6857183575630188,-42.91,0,1,180,1.655,0.8449,0.7287,0.4755,0.2535,0.2186,0.1902,0.6623,0.3619
150.251,3,RETURN_HOME,6.6832,2.6003,-2.0465,-0.3141,-0.7665,-2.7362,-0.5141,-0.6665,0.8417,0.0,0.0,7.1712,11.901456832885742,0.6845437288284302,-44.67,0,1,180,1.561,0.8563,0.727,0.4805,0.2569,0.2181,0.1922,0.6672,0.3606
150.302,3,RETURN_HOME,6.6719,2.5709,-2.0413,-0.3276,-0.7543,-2.7402,-0.5276,-0.6543,0.8405,0.0,0.0,7.1501,11.927809715270996,0.6834763288497925,-49.17,0,1,180,2.225,0.8656,0.7539,0.485,0.2597,0.2262,0.194,0.6799,0.3691
150.351,3,RETURN_HOME,6.6597,2.543,-2.0364,-0.3416,-0.7435,-2.744,-0.5416,-0.6435,0.841,0.0,0.0,7.1287,11.945032119750977,0.684171736240387,-51.17,0,1,180,1.814,0.8745,0.7584,0.4903,0.2623,0.2275,0.1961,0.686,0.3706
150.401,3,RETURN_HOME,6.6441,2.5101,-2.0312,-0.3586,-0.7329,-2.7486,-0.5586,-0.6329,0.8441,0.0,0.0,7.1025,11.958745956420898,0.6850239038467407,-53.17,0,1,180,1.618,0.884,0.7793,0.4975,0.2652,0.2338,0.199,0.698,0.3809
150.451,3,RETURN_HOME,6.6303,2.4827,-2.0274,-0.3729,-0.7256,-2.7522,-0.5729,-0.6256,0.8483,0.0,0.0,7.0799,11.991294860839844,0.6887601613998413,-57.43,0,1,180,1.543,0.8911,0.813,0.5039,0.2673,0.2439,0.2016,0.7128,0.393
150.501,3,RETURN_HOME,6.6169,2.4566,-2.0218,-0.3867,-0.7187,-2.7558,-0.5867,-0.6187,0.8526,0.0,0.0,7.0582,12.006409645080566,0.6940692067146301,-59.68,0,1,180,1.655,0.8976,0.8355,0.5102,0.2693,0.2507,0.2041,0.7241,0.4031
150.551,3,RETURN_HOME,6.5998,2.4252,-2.016,-0.4034,-0.7111,-2.7599,-0.6034,-0.6111,0.8587,0.0,0.0,7.0313,12.019291877746582,0.6957207918167114,-61.43,0,1,180,1.638,0.9049,0.8436,0.5181,0.2715,0.2531,0.2072,0.7318,0.4051
150.601,3,RETURN_HOME,6.5846,2.399,-2.0118,-0.4173,-0.7049,-2.7633,-0.6173,-0.7049,0.937,0.0,0.0,7.0081,12.044084548950195,0.7067934274673462,-65.69,0,1,180,1.691,0.8765,0.9361,0.5476,0.263,0.2808,0.219,0.7628,0.4466
150.651,3,RETURN_HOME,6.5627,2.3677,-2.0122,-0.4353,-0.6972,-2.7674,-0.6353,-0.6972,0.9433,0.0,0.0,6.9767,12.056182861328125,0.7100993394851685,-67.69,0,1,180,1.628,0.8844,0.9375,0.5562,0.2653,0.2812,0.2225,0.769,0.4471
150.702,3,RETURN_HOME,6.54,2.3363,-2.0126,-0.4533,-0.6895,-2.7716,-0.6533,-0.6895,0.9498,0.0,0.0,6.9448,12.068496704101562,0.7188813090324402,-69.44,0,1,180,2.266,0.8919,0.9648,0.5648,0.2676,0.2894,0.2259,0.7829,0.4608
150.751,3,RETURN_HOME,6.5201,2.3107,-2.0132,-0.4686,-0.6846,-2.775,-0.6686,-0.6846,0.9569,0.0,0.0,6.9174,12.094389915466309,0.7333822250366211,-73.44,0,1,180,1.617,0.8975,1.0,0.5726,0.2693,0.3,0.229,0.7983,0.487
150.802,3,RETURN_HOME,6.4977,2.2866,-2.0147,-0.4847,-0.6809,-2.7784,-0.6847,-0.5809,0.8979,0.0,0.0,6.8883,12.106623649597168,0.739602267742157,-75.44,0,1,180,1.864,0.9341,1.0,0.5591,0.2802,0.3,0.2236,0.8039,0.4774
150.851,3,RETURN_HOME,6.4705,2.2574,-2.0163,-0.5035,-0.6784,-2.7821,-0.7035,-0.5784,0.9108,0.0,0.0,6.853,12.118210792541504,0.7493914365768433,-77.45,0,1,180,1.615,0.9385,1.0,0.5699,0.2816,0.3,0.2279,0.8095,0.4919
150.901,3,RETURN_HOME,6.447,2.2321,-2.016,-0.5191,-0.6777,-2.785,-0.7191,-0.5777,0.9224,0.0,0.0,6.8225,12.132187843322754,0.7618969082832336,-79.2,0,1,180,1.674,0.9416,1.0,0.579,0.2825,0.3,0.2316,0.8141,0.5115
150.951,3,RETURN_HOME,6.4227,2.2059,-2.0138,-0.5345,-0.676,-2.7878,-0.7345,-0.676,0.9983,0.0,0.0,6.7909,12.144912719726562,0.7827926874160767,-82.7,0,1,180,1.527,0.9159,1.0,0.6095,0.2748,0.3,0.2438,0.8186,0.5566
151.001,3,RETURN_HOME,6.3931,2.1744,-2.0114,-0.5528,-0.6716,-2.791,-0.7528,-0.6716,1.0088,0.0,0.0,6.7528,12.149979591369629,0.792535126209259,-84.45,0,1,180,1.554,0.9208,1.0,0.6193,0.2762,0.3,0.2477,0.824,0.5696
151.051,3,RETURN_HOME,6.3669,2.1479,-2.0097,-0.5683,-0.6664,-2.7938,-0.7683,-0.6664,1.017,0.0,0.0,6.7195,12.149662017822266,0.8049362301826477,-86.46,0,1,180,1.723,0.9253,1.0,0.6274,0.2776,0.3,0.2509,0.8285,0.5908
151.101,3,RETURN_HOME,6.3333,2.1155,-2.008,-0.5877,-0.6611,-2.7971,-0.7877,-0.7611,1.0954,0.0,0.0,6.6773,12.159979820251465,0.8302658796310425,-89.96,0,1,180,1.621,0.9022,1.0,0.6589,0.2707,0.3,0.2635,0.8342,0.644
151.151,3,RETURN_HOME,6.2995,2.0834,-2.0064,-0.6069,-0.657,-2.8004,-0.8069,-0.757,1.1064,0.0,0.0,6.6351,12.162405967712402,0.8442109823226929,-91.46,0,1,180,1.532,0.9073,1.0,0.6692,0.2722,0.3,0.2677,0.8399,0.6638
151.202,3,RETURN_HOME,6.2694,2.0583,-2.0074,-0.6237,-0.6547,-2.8031,-0.8237,-0.7547,1.1172,0.0,0.0,6.5986,12.16889476776123,0.8614116907119751,-93.21,0,1,180,1.747,0.9113,1.0,0.6787,0.2734,0.3,0.2715,0.8449,0.6811
151.251,3,RETURN_HOME,6.2382,2.034,-2.0097,-0.6407,-0.6546,-2.8059,-0.8407,-0.8546,1.1988,0.0,0.0,6.5614,12.180672645568848,0.8903230428695679,-96.21,0,1,180,1.615,0.8877,1.0,0.7095,0.2663,0.3,0.2838,0.8501,0.7389
151.301,3,RETURN_HOME,6.2007,2.0044,-2.012,-0.6605,-0.6574,-2.8091,-0.8605,-0.8574,1.2147,0.0,0.0,6.5166,12.186599731445312,0.9087267518043518,-97.22,0,1,180,1.637,0.8911,1.0,0.7217,0.2673,0.3,0.2887,0.856,0.7632
151.352,3,RETURN_HOME,6.1705,1.9816,-2.0088,-0.6763,-0.6606,-2.8118,-0.8763,-0.8606,1.2283,0.0,0.0,6.4808,12.189430236816406,0.9267300367355347,-99.22,0,1,180,2.23,0.8935,1.0,0.7317,0.2681,0.3,0.2927,0.8607,0.7858
151.401,3,RETURN_HOME,6.1403,1.9586,-2.0049,-0.6919,-0.6664,-2.8143,-0.8919,-0.8664,1.2434,0.0,0.0,6.4451,12.197080612182617,0.9638440608978271,-101.97,0,1,180,1.561,0.8951,1.0,0.742,0.2685,0.3,0.2968,0.8653,0.8308
151.451,3,RETURN_HOME,6.0976,1.9252,-2.0002,-0.7135,-0.6783,-2.8176,-0.9135,-0.8783,1.2672,0.0,0.0,6.3943,12.199318885803223,0.9828554391860962,-103.22,0,1,180,1.524,0.8961,1.0,0.757,0.2688,0.3,0.3028,0.8716,0.8547
151.502,3,RETURN_HOME,6.0683,1.8989,-1.9957,-0.7286,-0.6896,-2.8198,-0.9286,-0.8896,1.2859,0.0,0.0,6.3585,12.195198059082031,1.004682183265686,-103.72,0,1,180,2.023,0.8957,1.0,0.7679,0.2687,0.3,0.3072,0.8759,0.8825
151.551,3,RETURN_HOME,6.0385,1.8719,-1.9919,-0.7435,-0.7015,-2.8218,-0.9435,-0.9015,1.305,0.0,0.0,6.322,12.182220458984375,1.0473735332489014,-106.47,0,1,180,1.676,0.8951,1.0,0.7788,0.2685,0.3,0.3115,0.8801,0.9273
151.602,3,RETURN_HOME,6.0013,1.8386,-1.9887,-0.7619,-0.7161,-2.8242,-0.9619,-0.9161,1.3283,0.0,0.0,6.2766,12.17342472076416,1.069900631904602,-108.23,0,1,180,1.979,0.8944,1.0,0.792,0.2683,0.3,0.3168,0.8851,0.9546
151.651,3,RETURN_HOME,5.9671,1.81,-1.9893,-0.7781,-0.7282,-2.8261,-0.9781,-0.9282,1.3484,0.0,0.0,6.2356,12.160614967346191,1.0950567722320557,-108.48,0,1,180,1.709,0.8939,1.0,0.8036,0.2682,0.3,0.3214,0.8896,0.9822
151.702,3,RETURN_HOME,5.9258,1.7749,-1.9902,-0.7975,-0.7423,-2.8285,-0.9975,-0.9423,1.3722,0.0,0.0,6.186,12.132563591003418,1.1426829099655151,-107.47,0,1,180,2.052,0.8934,1.0,0.8173,0.268,0.3,0.3269,0.8949,1.0319
151.752,3,RETURN_HOME,5.8911,1.7452,-1.9903,-0.8137,-0.7536,-2.8305,-1.0137,-0.9536,1.3917,0.0,0.0,6.1442,12.117988586425781,1.1658589839935303,-106.97,0,1,180,1.898,0.893,1.0,0.8285,0.2679,0.3,0.3314,0.8993,1.0574
151.802,3,RETURN_HOME,5.8491,1.7091,-1.9876,-0.8331,-0.7671,-2.833,-1.0331,-0.9671,1.4151,0.0,0.0,6.0937,12.1012544631958,1.194042444229126,-105.97,0,1,180,1.851,0.8924,1.0,0.8419,0.2677,0.3,0.3368,0.9045,1.0894
151.851,3,RETURN_HOME,5.8137,1.6784,-1.9857,-0.8492,-0.7781,-2.8351,-1.0492,-0.9781,1.4344,0.0,0.0,6.0511,12.069632530212402,1.2419365644454956,-107.72,0,1,180,1.806,0.8919,1.0,0.8529,0.2676,0.3,0.3411,0.9087,1.14
151.901,3,RETURN_HOME,5.7698,1.6409,-1.9834,-0.8686,-0.7912,-2.8376,-1.0686,-0.9912,1.4576,0.0,0.0,5.9986,12.052678108215332,1.267425298690796,-105.72,0,1,180,1.715,0.8912,1.0,0.866,0.2674,0.3,0.3464,0.9138,1.167
151.951,3,RETURN_HOME,5.7314,1.609,-1.9811,-0.8854,-0.8021,-2.8399,-1.0854,-1.0021,1.4773,0.0,0.0,5.953,12.03650951385498,1.2965136766433716,-106.22,0,1,180,1.775,0.8907,1.0,0.8773,0.2672,0.3,0.3509,0.9181,1.1954
152.001,3,RETURN_HOME,5.6928,1.5767,-1.9793,-0.9021,-0.8131,-2.8422,-1.1021,-1.0131,1.497,0.0,0.0,5.9071,12.006083488464355,1.347604513168335,-105.47,0,1,180,1.725,0.8901,1.0,0.8883,0.267,0.3,0.3553,0.9224,1.2515
152.051,3,RETURN_HOME,5.6458,1.5367,-1.977,-0.922,-0.8269,-2.8452,-1.122,-0.9269,1.4553,0.0,0.0,5.8511,11.991360664367676,1.3737496137619019,-106.47,0,1,180,1.734,0.9112,1.0,0.884,0.2733,0.3,0.3536,0.927,1.2603
152.101,3,RETURN_HOME,5.5979,1.4953,-1.9748,-0.942,-0.8415,-2.8482,-1.142,-0.9415,1.48,0.0,0.0,5.7942,11.977498054504395,1.4039386510849,-106.47,0,1,180,1.744,0.9096,1.0,0.8975,0.2729,0.3,0.359,0.9319,1.2935
152.151,3,RETURN_HOME,5.5576,1.4604,-1.9734,-0.9584,-0.8538,-2.8507,-1.1584,-0.8538,1.4391,0.0,0.0,5.7463,11.949710845947266,1.4573386907577515,-106.97,0,1,180,1.75,0.9293,1.0,0.8916,0.2788,0.3,0.3566,0.9354,1.3306
152.201,3,RETURN_HOME,5.5086,1.4186,-1.9724,-0.9782,-0.8659,-2.8536,-1.1782,-0.8659,1.4622,0.0,0.0,5.6884,11.930482864379883,1.4849330186843872,-108.23,0,1,180,1.656,0.928,1.0,0.9046,0.2784,0.3,0.3618,0.9402,1.36
152.251,3,RETURN_HOME,5.4672,1.3837,-1.9719,-0.9947,-0.8739,-2.8561,-1.1947,-0.6739,1.3717,0.0,0.0,5.6396,11.91145133972168,1.5148184299468994,-108.73,0,1,180,1.621,0.9649,1.0,0.8823,0.2895,0.3,0.3529,9979.9883,1.353
152.302,3,RETURN_HOME,5.4254,1.3485,-1.9718,-1.011,-0.8791,-2.8587,-1.211,-0.6791,1.3884,0.0,0.0,5.5905,11.880730628967285,1.5711418390274048,-106.22,0,1,180,2.398,0.9644,1.0,0.8927,0.2893,0.3,0.3571,9980.687,1.4085
152.351,3,RETURN_HOME,5.3734,1.3072,-1.9658,-1.0311,-0.882,-2.8618,-1.2311,-0.682,1.4073,0.0,0.0,5.5301,11.86489200592041,1.5978176593780518,-106.97,0,1,180,1.871,0.9645,1.0,0.9049,0.2894,0.3,0.362,9981.553,1.4354
152.401,3,RETURN_HOME,5.3291,1.2731,-1.9593,-1.0477,-0.8788,-2.8644,-1.2477,-0.6788,1.4204,0.0,0.0,5.4791,11.844465255737305,1.629770278930664,-105.22,0,1,180,1.605,0.9654,1.0,0.9142,0.2896,0.3,0.3657,9982.3203,1.4666
152.452,3,RETURN_HOME,5.2845,1.239,-1.954,-1.0644,-0.8712,-2.8673,-1.2644,-0.6712,1.4315,0.0,0.0,5.4279,11.8341646194458,1.657684564590454,-105.72,0,1,180,2.022,0.967,1.0,0.9228,0.2901,0.3,0.3691,9983.1264,1.4923
152.501,3,RETURN_HOME,5.2295,1.1981,-1.9484,-1.0851,-0.8582,-2.8712,-1.2851,-0.6582,1.4439,0.0,0.0,5.365,11.824137687683105,1.7130361795425415,-106.22,0,1,180,1.609,0.9694,1.0,0.9331,0.2908,0.3,0.3732,9984.1607,1.5459
152.551,3,RETURN_HOME,5.1831,1.1644,-1.9448,-1.1026,-0.8454,-2.8748,-1.3026,-0.6454,1.4537,0.0,0.0,5.3123,11.823299407958984,1.743820309638977,-104.47,0,1,180,1.541,0.9716,1.0,0.9416,0.2915,0.3,0.3766,9985.0462,1.5743
152.602,3,RETURN_HOME,5.1363,1.1311,-1.9421,-1.12,-0.832,-2.8786,-1.32,-0.632,1.4635,0.0,0.0,5.2594,11.832143783569336,1.7704665660858154,-105.97,0,1,180,2.285,0.9737,1.0,0.95,0.2921,0.3,0.38,9985.9312,1.5981
152.652,3,RETURN_HOME,5.0772,1.0935,-1.9437,-1.1417,-0.8153,-2.8835,-1.3417,-0.6153,1.476,0.0,0.0,5.1936,11.862427711486816,1.824371576309204,-105.22,0,1,180,2.175,0.9764,1.0,0.9608,0.2929,0.3,0.3843,9987.0415,1.6497
152.702,3,RETURN_HOME,5.0172,1.0567,-1.9465,-1.1631,-0.7992,-2.8886,-1.3631,-0.5992,1.489,0.0,0.0,5.1273,11.88516616821289,1.8546698093414307,-105.22,0,1,180,1.739,0.9787,1.0,0.9716,0.2936,0.3,0.3886,9988.1161,1.6755
152.752,3,RETURN_HOME,4.9676,1.0262,-1.9488,-1.1804,-0.7867,-2.8929,-1.3804,-0.5867,1.4999,0.0,0.0,5.0725,11.909150123596191,1.8802497386932373,-104.22,0,1,180,2.143,0.9804,1.0,0.9804,0.2941,0.3,0.3921,9988.9487,1.7008
152.801,3,RETURN_HOME,4.9197,0.9952,-1.9505,-1.1966,-0.7753,-2.8973,-1.2966,-0.5753,1.4185,0.0,0.0,5.0194,11.96794319152832,1.9318392276763916,-102.72,0,1,180,1.707,0.9763,1.0,0.9233,0.2929,0.3,0.3693,9987.291,1.7489
152.851,3,RETURN_HOME,4.8615,0.9585,-1.9529,-1.2159,-0.762,-2.9026,-1.3159,-0.562,1.4309,0.0,0.0,4.9551,12.004083633422852,1.9592392444610596,-104.22,0,1,180,1.707,0.9782,1.0,0.9332,0.2935,0.3,0.3733,9988.2507,1.774
152.902,3,RETURN_HOME,4.8119,0.9283,-1.9551,-1.2325,-0.7511,-2.9072,-1.3325,-0.5511,1.442,0.0,0.0,4.9006,12.03630256652832,1.9845046997070312,-105.22,0,1,180,1.684,0.9797,1.0,0.9418,0.2939,0.3,0.3767,9989.0372,1.7976
152.951,3,RETURN_HOME,4.7497,0.8921,-1.9592,-1.2502,-0.7379,-2.9127,-1.3502,-0.5379,1.4534,0.0,0.0,4.8328,12.113592147827148,2.0322957038879395,-103.97,0,1,180,1.582,0.9814,1.0,0.9509,0.2944,0.3,0.3804,9989.9077,1.8426
153.001,3,RETURN_HOME,4.6976,0.8625,-1.9624,-1.263,-0.7267,-2.9172,-1.363,-0.5267,1.4613,0.0,0.0,4.7761,12.160856246948242,2.0595290660858154,-102.22,0,1,180,1.653,0.9825,1.0,0.9572,0.2948,0.3,0.3829,9990.5535,1.8675
153.051,3,RETURN_HOME,4.6345,0.8276,-1.967,-1.2766,-0.7129,-2.9227,-1.3766,-0.5129,1.4691,0.0,0.0,4.7078,12.203838348388672,2.0824642181396484,-103.72,0,1,180,1.637,0.9839,1.0,0.9636,0.2952,0.3,0.3854,9991.2504,1.8888
153.102,3,RETURN_HOME,4.5814,0.799,-1.9719,-1.2872,-0.7009,-2.9271,-1.3872,-0.5009,1.4748,0.0,0.0,4.6505,12.29605484008789,2.1298110485076904,-103.72,0,1,180,1.804,0.9849,1.0,0.9684,0.2955,0.3,0.3874,9991.7801,1.9303
153.151,3,RETURN_HOME,4.5174,0.7654,-1.9774,-1.2994,-0.6865,-2.9325,-1.3994,-0.4865,1.4816,0.0,0.0,4.5818,12.348958969116211,2.1543734073638916,-101.22,0,1,180,1.813,0.9861,1.0,0.974,0.2958,0.3,0.3896,9992.3413,1.9545
153.201,3,RETURN_HOME,4.464,0.7401,-1.9801,-1.3096,-0.6736,-2.9369,-1.4,-0.4736,1.4779,0.0,0.0,4.5249,12.399085998535156,2.1767539978027344,-101.22,0,1,180,1.764,0.9869,1.0,0.9724,0.2961,0.3,0.389,9992.6779,1.9744
153.251,3,RETURN_HOME,4.4104,0.7164,-1.9816,-1.3198,-0.6601,-2.9413,-1.4,-0.4601,1.4737,0.0,0.0,4.4682,12.498191833496094,2.220973014831543,-101.22,0,1,180,1.601,0.9878,1.0,0.9704,0.2963,0.3,0.3882,9993.0093,2.0157
153.301,3,RETURN_HOME,4.3457,0.6882,-1.9834,-1.3323,-0.6441,-2.9466,-1.4,-0.4441,1.4688,0.0,0.0,4.3999,12.558633804321289,2.2442193031311035,-102.47,0,1,180,1.854,0.9888,1.0,0.9682,0.2966,0.3,0.3873,9993.3647,2.0357
153.351,3,RETURN_HOME,4.2921,0.6654,-1.9854,-1.3427,-0.6308,-2.9511,-1.4,-0.4308,1.4648,0.0,0.0,4.3434,12.613763809204102,2.2657392024993896,-100.97,0,1,180,1.774,0.9895,1.0,0.9663,0.2969,0.3,0.3865,9993.6283,2.0535
153.401,3,RETURN_HOME,4.2276,0.6386,-1.9882,-1.3547,-0.6149,-2.9564,-1.4,-0.4149,1.4602,0.0,0.0,4.2756,12.73022747039795,2.307849884033203,-99.97,0,1,180,1.727,0.9905,1.0,0.9642,0.2971,0.3,0.3857,9993.8919,2.0913
153.451,3,RETURN_HOME,4.1734,0.6164,-1.9903,-1.3643,-0.602,-2.9607,-1.4,-0.402,1.4566,0.0,0.0,4.2187,12.798720359802246,2.329965353012085,-99.97,0,1,180,1.858,0.9912,1.0,0.9625,0.2974,0.3,0.385,9994.2698,2.1116
153.501,3,RETURN_HOME,4.1081,0.5917,-1.9936,-1.3749,-0.5857,-2.9658,-1.4,-0.3857,1.4522,0.0,0.0,4.1505,12.8602933883667,2.350813627243042,-101.22,0,1,180,1.683,0.9921,1.0,0.9605,0.2976,0.3,0.3842,9994.719,2.1286
153.551,3,RETURN_HOME,4.0534,0.5719,-1.9964,-1.383,-0.572,-2.9701,-1.4,-0.372,1.4486,0.0,0.0,4.0936,12.919814109802246,2.3693997859954834,-99.47,0,1,180,1.611,0.9929,1.0,0.9588,0.2979,0.3,0.3835,9995.0662,2.1468
153.601,3,RETURN_HOME,3.9983,0.5523,-1.9989,-1.3905,-0.5585,-2.9744,-1.4,-0.3585,1.4452,0.0,0.0,4.0363,12.988314628601074,2.409003496170044,-100.47,0,1,180,1.661,0.9936,1.0,0.9573,0.2981,0.3,0.3829,9995.3626,2.1849
153.651,3,RETURN_HOME,3.9305,0.5302,-1.9986,-1.3991,-0.5422,-2.9794,-1.4,-0.3422,1.4412,0.0,0.0,3.9661,12.944014549255371,2.428561210632324,-100.47,0,1,180,1.746,0.9944,1.0,0.9555,0.2983,0.3,0.3822,9995.6605,2.1996
153.701,3,RETURN_HOME,3.8735,0.5121,-1.9979,-1.4057,-0.5287,-2.9833,-1.4,-0.3287,1.4381,0.0,0.0,3.9073,12.90072250366211,2.4468460083007812,-100.22,0,1,180,1.04,0.9951,1.0,0.954,0.2985,0.3,0.3816,9995.8295,2.2149
153.751,3,RETURN_HOME,3.8051,0.4906,-1.9972,-1.4129,-0.5127,-2.9877,-1.4,-0.3127,1.4345,0.0,0.0,3.8366,12.804555892944336,2.48457932472229,-98.72,0,1,180,1.343,0.9958,1.0,0.9523,0.2987,0.3,0.3809,9996.3112,2.2491
153.802,3,RETURN_HOME,3.7476,0.473,-1.9958,-1.4186,-0.499,-2.9911,-1.4,-0.299,1.4316,0.0,0.0,3.7773,12.759724617004395,2.502458095550537,-99.72,0,1,180,1.709,0.9964,1.0,0.951,0.2989,0.3,0.3804,9996.7023,2.265
153.851,3,RETURN_HOME,3.6784,0.4522,-1.9944,-1.4249,-0.4827,-2.995,-1.4,-0.2827,1.4283,0.0,0.0,3.7061,12.713875770568848,2.5196011066436768,-98.72,0,1,180,1.204,0.997,1.0,0.9494,0.2991,0.3,0.3797,9997.0731,2.2787
153.901,3,RETURN_HOME,3.6204,0.4347,-1.9946,-1.4297,-0.4694,-2.9982,-1.4,-0.2694,1.4257,0.0,0.0,3.6464,12.620179176330566,2.5541648864746094,-99.72,0,1,180,1.044,0.9975,1.0,0.9481,0.2993,0.3,0.3792,9997.2611,2.3106
153.95,3,RETURN_HOME,3.5495,0.4122,-2.0001,-1.4354,-0.4543,-3.0018,-1.4,-0.2543,1.4229,0.0,0.0,3.5733,12.575641632080078,2.569117546081543,-98.22,0,1,180,1.024,0.998,1.0,0.9467,0.2994,0.3,0.3787,9997.2751,2.3233
154.001,3,RETURN_HOME,3.4904,0.3941,-2.0042,-1.4397,-0.4417,-3.0047,-1.4,-0.2417,1.4207,0.0,0.0,3.5126,12.529207229614258,2.585881233215332,-99.47,0,1,180,1.109,0.9983,1.0,0.9455,0.2995,0.3,0.3782,9997.6495,2.3376
154.051,3,RETURN_HOME,3.4321,0.3764,-2.0081,-1.4433,-0.4293,-3.0076,-1.4,-0.2293,1.4186,0.0,0.0,3.4527,12.433235168457031,2.6187846660614014,-96.96,0,1,180,1.086,0.9986,1.0,0.9444,0.2996,0.3,0.3778,9998.0361,2.3651
154.101,3,RETURN_HOME,3.3653,0.3554,-2.014,-1.446,-0.4151,-3.0111,-1.4,-0.2151,1.4164,0.0,0.0,3.384,12.38735294342041,2.6350436210632324,-98.97,0,1,180,1.009,0.9989,1.0,0.9432,0.2997,0.3,0.3773,9998.3078,2.3795
154.151,3,RETURN_HOME,3.3092,0.3385,-2.0181,-1.4479,-0.403,-3.0141,-1.4,-0.203,1.4146,0.0,0.0,3.3265,12.341246604919434,2.648738384246826,-97.97,0,1,180,1.09,0.9991,1.0,0.9423,0.2997,0.3,0.3769,9998.3424,2.3921
154.201,3,RETURN_HOME,3.2526,0.3224,-2.0224,-1.4498,-0.3906,-3.017,-1.4,-0.1906,1.4129,0.0,0.0,3.2685,12.243664741516113,2.67863392829895,-97.97,0,1,180,1.091,0.9993,1.0,0.9413,0.2998,0.3,0.3765,9998.1867,2.4183
154.251,3,RETURN_HOME,3.1829,0.3055,-2.0303,-1.4523,-0.3747,-3.0205,-1.4,-0.1747,1.4109,0.0,0.0,3.1975,12.197110176086426,2.692039966583252,-97.72,0,1,180,1.119,0.9996,1.0,0.9402,0.2999,0.3,0.3761,9998.6147,2.4286
154.301,3,RETURN_HOME,3.1247,0.2917,-2.0358,-1.4542,-0.3613,-3.0234,-1.4,-0.1613,1.4093,0.0,0.0,3.1383,12.150766372680664,2.704150438308716,-96.71,0,1,180,1.026,0.9998,1.0,0.9393,0.2999,0.3,0.3757,9999.1348,2.439
154.35,3,RETURN_HOME,3.0531,0.2753,-2.0412,-1.4569,-0.3454,-3.0267,-1.4,-0.1454,1.4075,0.0,0.0,3.0655,12.054268836975098,2.732065439224243,-97.22,0,1,180,0.988,0.9999,1.0,0.9383,0.3,0.3,0.3753,9999.3866,2.4626
154.401,3,RETURN_HOME,2.9921,0.2617,-2.0449,-1.4593,-0.3322,-3.0295,-1.4,-0.1322,1.4062,0.0,0.0,3.0036,12.007589340209961,2.744518280029297,-95.21,0,1,180,1.502,1.0,1.0,0.9375,0.3,0.3,0.375,9998.9808,2.473
154.45,3,RETURN_HOME,2.9193,0.2461,-2.0482,-1.4619,-0.3163,-3.0327,-1.3,-0.1163,1.3052,0.0,0.0,2.9297,11.962238311767578,2.75662899017334,-95.96,0,1,180,0.978,1.0,1.0,0.8701,0.3,0.3,0.348,9999.204,2.4803
154.501,3,RETURN_HOME,2.8583,0.2325,-2.0508,-1.464,-0.3034,-3.0353,-1.3,-0.1034,1.3041,0.0,0.0,2.8678,11.865568161010742,2.7800750732421875,-95.71,0,1,180,1.074,1.0,1.0,0.8694,0.3,0.3,0.3478,9999.7517,2.503
154.55,3,RETURN_HOME,2.785,0.2162,-2.0533,-1.4665,-0.2883,-3.0385,-1.4,-0.0883,1.4028,0.0,0.0,2.7934,11.819377899169922,2.790813684463501,-95.96,0,1,180,1.008,0.9999,1.0,0.9351,0.3,0.3,0.374,9999.4788,2.511
154.601,3,RETURN_HOME,2.7242,0.2033,-2.0547,-1.466,-0.2755,-3.0412,-1.4,-0.0755,1.402,0.0,0.0,2.7318,11.77238655090332,2.801708459854126,-95.46,0,1,180,1.155,0.9998,1.0,0.9345,0.2999,0.3,0.3738,9998.9805,2.5189
154.65,3,RETURN_HOME,2.6496,0.1862,-2.0573,-1.4632,-0.2611,-3.0443,-1.2,-0.0611,1.2016,0.0,0.0,2.6562,11.674250602722168,2.8218905925750732,-95.96,0,1,180,1.027,0.9998,1.0,0.8009,0.2999,0.3,0.3204,9999.1743,2.536
154.701,3,RETURN_HOME,2.5873,0.1719,-2.0595,-1.4619,-0.2494,-3.0468,-1.3,-0.0494,1.3009,0.0,0.0,2.593,11.6282320022583,2.832087516784668,-95.71,0,1,180,1.061,0.9996,1.0,0.8669,0.2999,0.3,0.3468,9999.0593,2.5435
154.751,3,RETURN_HOME,2.5131,0.1559,-2.0612,-1.4616,-0.2351,-3.0501,-1.4,-0.1351,1.4065,0.0,0.0,2.518,11.581500053405762,2.8409342765808105,-94.46,0,1,180,1.09,0.9994,1.0,0.9371,0.2998,0.3,0.3748,9999.0312,2.5714
154.801,3,RETURN_HOME,2.4525,0.1436,-2.0599,-1.4573,-0.2227,-3.0529,-1.4,-0.1227,1.4054,0.0,0.0,2.4567,11.484439849853516,2.858720064163208,-95.21,0,1,180,1.05,0.9996,1.0,0.9365,0.2999,0.3,0.3746,9998.8785,2.5847
154.85,3,RETURN_HOME,2.3804,0.1299,-2.0579,-1.4507,-0.2072,-3.0563,-1.3,-0.1072,1.3044,0.0,0.0,2.3839,11.439743041992188,2.8677332401275635,-95.46,0,1,180,1.042,0.9996,1.0,0.8693,0.2999,0.3,0.3477,9999.0548,2.5909
154.901,3,RETURN_HOME,2.3208,0.1194,-2.056,-1.4471,-0.1958,-3.0592,-1.3,-0.0958,1.3035,0.0,0.0,2.3239,11.392679214477539,2.875452756881714,-95.96,0,1,180,1.284,0.9998,1.0,0.8688,0.2999,0.3,0.3475,9999.239,2.5964
154.95,3,RETURN_HOME,2.2473,0.1086,-2.0517,-1.446,-0.1837,-3.0628,-1.4,-0.0837,1.4025,0.0,0.0,2.2499,11.296170234680176,2.8906760215759277,-94.46,0,1,180,1.08,0.9999,1.0,0.9349,0.3,0.3,0.374,9999.6385,2.6067
155.0,3,RETURN_HOME,2.1866,0.1002,-2.0482,-1.4444,-0.175,-3.0659,-1.4,-0.075,1.402,0.0,0.0,2.1889,11.25135612487793,2.89738392829895,-94.96,0,1,180,1.008,1.0,1.0,0.9346,0.3,0.3,0.3739,9999.3325,2.6148
155.051,3,RETURN_HOME,2.1155,0.0909,-2.0423,-1.4408,-0.1656,-3.0696,-1.3,-0.0656,1.3017,0.0,0.0,2.1174,11.206097602844238,2.9038524627685547,-94.71,0,1,180,1.093,1.0,1.0,0.8677,0.3,0.3,0.3471,9999.4203,2.6189
155.101,3,RETURN_HOME,2.0582,0.0839,-2.0351,-1.4389,-0.1581,-3.0726,-1.3,-0.0581,1.3013,0.0,0.0,2.0599,11.111114501953125,2.9159796237945557,-94.46,0,1,180,1.248,1.0,1.0,0.8675,0.3,0.3,0.347,9999.5644,2.6274
155.151,3,RETURN_HOME,1.9894,0.0759,-2.0273,-1.4384,-0.1493,-3.0761,-1.4,-0.0493,1.4009,0.0,0.0,1.9909,11.06574821472168,2.922419548034668,-94.46,0,1,180,1.431,1.0,1.0,0.9339,0.3,0.3,0.3736,9999.5983,2.6335
155.201,3,RETURN_HOME,1.9325,0.0691,-2.0218,-1.4366,-0.1419,-3.0791,-1.4,-0.0419,1.4006,0.0,0.0,1.9338,11.020628929138184,2.9272749423980713,-93.71,0,1,180,1.269,1.0,1.0,0.9337,0.3,0.3,0.3735,9999.6067,2.6385
155.25,3,RETURN_HOME,1.8649,0.0606,-2.0166,-1.4328,-0.1332,-3.0825,-1.3,-0.0332,1.3004,0.0,0.0,1.8658,10.925620079040527,2.939218282699585,-92.21,0,1,180,1.013,1.0,1.0,0.8669,0.3,0.3,0.3468,9999.33,2.6473
155.301,3,RETURN_HOME,1.8085,0.054,-2.0129,-1.4313,-0.1256,-3.0853,-1.3,-0.0256,1.3003,0.0,0.0,1.8093,10.879724502563477,2.945617437362671,-94.46,0,1,180,1.097,0.9999,1.0,0.8668,0.3,0.3,0.3467,9999.5854,2.6514
155.351,3,RETURN_HOME,1.741,0.0474,-2.01,-1.431,-0.1159,-3.0887,-1.4,-0.0159,1.4001,0.0,0.0,1.7416,10.835956573486328,2.948725938796997,-93.71,0,1,180,1.199,0.9999,1.0,0.9333,0.3,0.3,0.3733,9999.2276,2.6535
155.401,3,RETURN_HOME,1.6849,0.0429,-2.0086,-1.4292,-0.1073,-3.0915,-1.4,-0.0073,1.4,0.0,0.0,1.6854,10.739832878112793,2.959073305130005,-93.71,0,1,180,1.102,0.9998,1.0,0.9332,0.2999,0.3,0.3733,9999.5549,2.6621
155.451,3,RETURN_HOME,1.6176,0.038,-2.0073,-1.4254,-0.0969,-3.095,-1.4,0.0031,1.4,0.0,0.0,1.618,10.695141792297363,2.9622366428375244,-93.21,0,1,180,1.408,0.9997,1.0,0.933,0.2999,0.3,0.3732,9999.1539,2.6622
155.501,3,RETURN_HOME,1.5597,0.0339,-2.0043,-1.4241,-0.0883,-3.0979,-1.3,0.0117,1.3001,0.0,0.0,1.5601,10.649127006530762,2.9672412872314453,-91.71,0,1,180,1.186,0.9995,1.0,0.8663,0.2999,0.3,0.3465,9999.3642,2.6446
155.55,3,RETURN_HOME,1.4901,0.0295,-2.0007,-1.4248,-0.078,-3.1013,-1.2,0.022,1.2002,0.0,0.0,1.4903,10.55595588684082,2.9740068912506104,-92.71,0,1,180,0.999,0.9993,1.0,0.7996,0.2998,0.3,0.3198,9999.0423,2.6158
155.601,3,RETURN_HOME,1.4206,0.0257,-1.9976,-1.4269,-0.0677,-3.1046,-1.4,-0.0677,1.4016,0.0,0.0,1.4208,10.51097583770752,2.977583169937134,-91.71,0,1,180,1.321,0.9995,1.0,0.934,0.2999,0.3,0.3736,9999.4871,2.6937
155.65,3,RETURN_HOME,1.3633,0.0239,-1.9924,-1.4259,-0.0582,-3.1075,-1.4,-0.0582,1.4012,0.0,0.0,1.3636,10.466769218444824,2.979936361312866,-92.21,0,1,180,1.056,0.9997,1.0,0.9339,0.2999,0.3,0.3735,9999.4111,2.693
155.701,3,RETURN_HOME,1.295,0.0223,-1.9872,-1.4201,-0.0468,-3.1108,-1.3,-0.0468,1.3008,0.0,0.0,1.2952,10.370251655578613,2.9864187240600586,-91.46,0,1,180,1.236,0.9998,1.0,0.8671,0.2999,0.3,0.3468,9999.7098,2.696
155.75,3,RETURN_HOME,1.2383,0.0212,-1.9837,-1.417,-0.0393,-3.1134,-1.2,-0.0393,1.2006,0.0,0.0,1.2384,10.323845863342285,2.9881999492645264,-91.21,0,1,180,1.021,0.9999,1.0,0.8003,0.3,0.3,0.3201,9999.5622,2.6973
155.801,3,RETURN_HOME,1.1711,0.0182,-1.9778,-1.416,-0.0336,-3.1163,-1.2,-0.0336,1.2005,0.0,0.0,1.1712,10.281201362609863,2.9914886951446533,-93.21,0,1,180,1.145,0.9999,1.0,0.8003,0.3,0.3,0.3201,9999.6306,2.6987
155.85,3,RETURN_HOME,1.115,0.0161,-1.9736,-1.4146,-0.0302,-3.1185,-1.4,-0.0302,1.4003,0.0,0.0,1.1152,10.186271667480469,2.994020462036133,-91.96,0,1,180,0.974,1.0,1.0,0.9335,0.3,0.3,0.3734,9999.6136,2.7018
155.901,3,RETURN_HOME,1.0595,0.0138,-1.9702,-1.4101,-0.028,-3.1206,-1.3,-0.028,1.3003,0.0,0.0,1.0596,10.140069007873535,2.9972851276397705,-90.71,0,1,180,1.097,1.0,1.0,0.8668,0.3,0.3,0.3467,9999.5442,2.704
155.951,3,RETURN_HOME,0.9951,0.0099,-1.9669,-1.4007,-0.0265,-3.1227,-1.2,-0.0265,1.2003,0.0,0.0,0.9952,10.096484184265137,2.998652935028076,-90.71,0,1,180,1.205,0.9999,1.0,0.8001,0.3,0.3,0.3201,9999.4258,2.7057
156.001,3,RETURN_HOME,0.9414,0.0069,-1.965,-1.3958,-0.0253,-3.1242,-1.2,-0.0253,1.2003,0.0,0.0,0.9414,10.052363395690918,3.000586748123169,-91.21,0,1,180,1.619,0.9999,1.0,0.8001,0.3,0.3,0.32,9999.5106,2.7083
156.051,3,RETURN_HOME,0.8771,0.0021,-1.9628,-1.3913,-0.0243,-3.126,-1.1,-0.0243,1.1003,0.0,0.0,0.8771,9.958953857421875,3.0036237239837646,-91.71,0,1,180,1.587,0.9998,1.0,0.7334,0.2999,0.3,0.2933,9999.5925,2.7099
156.101,3,RETURN_HOME,0.8238,-0.004,-1.9606,-1.386,-0.0241,-3.1275,-1.4,-0.0241,1.4002,0.0,0.0,0.8238,9.915521621704102,3.005312919616699,-91.46,0,1,180,1.646,0.9998,1.0,0.9332,0.2999,0.3,0.3733,9999.1592,2.7127
156.151,3,RETURN_HOME,0.7705,-0.0094,-1.9591,-1.3789,-0.0235,-3.1291,-1.3,-0.0235,1.3002,0.0,0.0,0.7706,9.871455192565918,3.007244110107422,-89.96,0,1,180,1.717,0.9995,1.0,0.8664,0.2999,0.3,0.3466,9999.1817,2.7145
156.202,3,RETURN_HOME,0.7059,-0.0152,-1.9597,-1.3671,-0.0219,-3.1309,-1.2,-0.0219,1.2002,0.0,0.0,0.706,9.779067993164062,3.0105443000793457,-90.21,0,1,180,2.029,0.9992,1.0,0.7995,0.2998,0.3,0.3198,9999.125,2.7191
156.251,3,RETURN_HOME,0.6515,-0.0194,-1.9619,-1.3622,-0.02,-3.1326,-1.1,0.08,1.1029,0.0,0.0,0.6517,9.735575675964355,3.0120906829833984,-90.96,0,1,180,1.616,0.9991,1.0,0.7346,0.2997,0.3,0.2938,9999.1495,2.478
156.351,4,NAVIGATE,0.5347,-0.0276,-1.9698,-1.3552,-0.0162,-3.1369,-1.4,0.1838,1.412,0.0,12.0,12.0395,9.600747108459473,3.0154075622558594,-91.46,0,1,180,1.745,0.1741,1.0,0.4707,0.0522,0.3,0.1883,0.5405,2.1636
156.401,4,NAVIGATE,0.4745,-0.032,-1.978,-1.3444,-0.0139,-3.1405,-1.4,0.1861,1.4123,0.0,12.0,12.0414,9.557219505310059,3.018132448196411,-92.21,0,1,180,1.562,0.1707,1.0,0.4708,0.0512,0.3,0.1883,0.5395,2.1672
156.451,4,NAVIGATE,0.4243,-0.0352,-1.9832,-1.3337,-0.0118,3.134,-1.4,0.1882,1.4126,0.0,12.0,12.0427,9.515263557434082,3.0208969116210938,-92.96,0,1,180,1.675,0.1681,1.0,0.4709,0.0504,0.3,0.1883,0.5388,2.1916
156.501,4,NAVIGATE,0.3634,-0.0383,-1.9863,-1.3281,-0.0052,3.1151,-1.4,0.1948,1.4135,0.0,12.0,12.0438,9.425535202026367,3.0265655517578125,-93.71,0,1,180,1.541,0.1676,1.0,0.4712,0.0503,0.3,0.1885,0.5388,2.199
156.551,4,NAVIGATE,0.302,-0.0405,-1.9854,-1.3291,0.0031,3.0877,-1.4,0.2031,1.4147,0.0,12.0,12.0443,9.382391929626465,3.0293567180633545,-93.71,0,1,180,1.649,0.1683,1.0,0.4716,0.0505,0.3,0.1886,0.5391,2.2351
156.601,4,NAVIGATE,0.2504,-0.0417,-1.9818,-1.334,0.0105,3.0588,-1.4,0.2105,1.4157,0.0,12.0,12.0443,9.294493675231934,3.037308692932129,-93.21,0,1,180,1.637,0.1692,1.0,0.4719,0.0508,0.3,0.1888,0.5395,2.1672
156.651,4,NAVIGATE,0.1883,-0.0379,-1.9714,-1.3431,0.0217,3.0175,-1.4,0.2217,1.4174,0.0,12.0,12.0394,9.255569458007812,3.0374481678009033,-92.46,0,1,180,1.758,0.1718,1.0,0.4725,0.0515,0.3,0.189,0.5405,2.2025
156.701,4,NAVIGATE,0.136,-0.0345,-1.9613,-1.3526,0.0316,2.978,-1.4,0.2316,1.419,0.0,12.0,12.0352,9.211970329284668,3.0412397384643555,-91.96,0,1,180,1.685,0.1743,1.0,0.473,0.0523,0.3,0.1892,0.5415,2.2229
156.751,4,NAVIGATE,0.0832,-0.0308,-1.9503,-1.3628,0.0423,2.9343,-1.4,0.2423,1.4208,0.0,12.0,12.0311,9.1258544921875,3.0463156700134277,-89.71,0,1,180,1.642,0.1774,1.0,0.4736,0.0532,0.3,0.1894,0.5426,2.0849
156.802,4,NAVIGATE,0.0208,-0.0273,-1.9362,-1.3745,0.0566,2.8767,-1.4,0.2566,1.4233,0.0,12.0,12.0273,9.09378719329834,3.051100254058838,-88.46,0,1,180,1.86,0.182,1.0,0.4744,0.0546,0.3,0.1898,0.5444,2.1254
156.852,4,NAVIGATE,-0.0319,-0.0239,-1.9242,-1.3838,0.0698,2.8248,-1.4,0.2698,1.4258,0.0,12.0,12.0239,9.073135375976562,3.0527641773223877,-86.96,0,1,180,1.964,0.1866,1.0,0.4753,0.056,0.3,0.1901,0.5461,2.13
156.902,4,NAVIGATE,-0.0957,-0.0194,-1.9104,-1.3938,0.0869,2.7582,-1.4,0.2869,1.4291,0.0,12.0,12.0198,6.546902179718018,3.053621530532837,-85.45,0,1,180,1.861,0.1929,1.0,0.4764,0.0579,0.3,0.1905,0.5484,2.1921
156.951,4,NAVIGATE,-0.1476,-0.0157,-1.9017,-1.4007,0.1016,2.6992,-1.4,0.3016,1.4321,0.0,12.0,12.0166,5.530667304992676,3.063711166381836,-81.95,0,1,180,1.134,0.1986,1.0,0.4774,0.0596,0.3,0.1909,0.5505,1.9753
157.0,4,NAVIGATE,-0.2002,-0.0114,-1.8929,-1.4068,0.1169,2.6371,-1.4,0.3169,1.4354,0.0,12.0,12.0131,5.140995025634766,3.0452094078063965,-51.42,0,1,180,1.019,0.2045,1.0,0.4785,0.0613,0.3,0.1914,0.5527,1.9872
157.051,4,NAVIGATE,-0.2651,-0.0053,-1.8818,-1.4134,0.1359,2.5587,-1.4,0.3359,1.4397,0.0,12.0,12.0082,4.798211574554443,3.029745101928711,-49.17,0,1,180,1.094,0.2118,1.0,0.4799,0.0635,0.3,0.192,0.5555,2.0513
157.1,4,NAVIGATE,-0.3213,0.0009,-1.872,-1.419,0.1521,2.49,-1.4,0.3521,1.4436,0.0,12.0,12.0034,4.195262908935547,2.99391508102417,-44.42,0,1,180,1.002,0.2179,1.0,0.4812,0.0654,0.3,0.1925,0.5578,1.8029
157.151,4,NAVIGATE,-0.3893,0.0088,-1.8604,-1.4251,0.1718,2.404,-1.4,0.3718,1.4485,0.0,12.0,11.9975,3.9666473865509033,2.976670026779175,-41.91,0,1,180,1.074,0.2252,1.0,0.4828,0.0676,0.3,0.1931,0.5607,1.8591
157.202,4,NAVIGATE,-0.4593,0.0169,-1.8515,-1.431,0.1936,2.3149,-1.4,0.3936,1.4543,0.0,12.0,11.9919,3.760730028152466,2.9580228328704834,-39.41,0,1,180,1.457,0.2336,1.0,0.4848,0.0701,0.3,0.1939,0.564,1.932
157.25,4,NAVIGATE,-0.5071,0.0226,-1.8481,-1.4348,0.2098,2.2547,-1.4,0.4098,1.4587,0.0,12.0,11.9882,3.4093680381774902,2.9249844551086426,-33.66,0,1,180,1.053,0.24,1.0,0.4862,0.072,0.3,0.1945,0.5665,1.5685
157.301,4,NAVIGATE,-0.5789,0.0322,-1.8462,-1.4395,0.2363,2.1644,-1.4,0.4363,1.4664,0.0,12.0,11.9818,3.2792608737945557,2.906298875808716,-31.15,0,1,180,1.22,0.2511,1.0,0.4888,0.0753,0.3,0.1955,0.5708,1.6106
157.35,4,NAVIGATE,-0.6399,0.0423,-1.8495,-1.443,0.2602,2.0903,-1.4,0.4602,1.4737,0.0,12.0,11.9748,3.1710965633392334,2.8917462825775146,-28.4,0,1,180,1.025,0.261,1.0,0.4912,0.0783,0.3,0.1965,0.5748,1.5873
157.401,4,NAVIGATE,-0.7016,0.054,-1.8568,-1.4453,0.2837,2.018,-1.4,0.4837,1.4812,0.0,12.0,11.9666,3.067720413208008,2.873347043991089,-25.65,0,1,180,1.341,0.2706,1.0,0.4937,0.0812,0.3,0.1975,0.5787,1.5283
157.45,4,NAVIGATE,-0.775,0.069,-1.8683,-1.4459,0.3099,1.9346,-1.4,0.5099,1.49,0.0,12.0,11.9561,2.9311304092407227,2.8433191776275635,-20.39,0,1,180,1.031,0.2806,1.0,0.4967,0.0842,0.3,0.1987,0.5828,1.2935
157.502,4,NAVIGATE,-0.8476,0.0856,-1.8809,-1.4445,0.3342,1.8559,-1.4,0.5342,1.4985,0.0,12.0,11.9445,2.8839385509490967,2.830568552017212,-17.89,0,1,180,2.293,0.2893,1.0,0.4995,0.0868,0.3,0.1998,0.5866,1.3097
157.551,4,NAVIGATE,-0.9078,0.1002,-1.8919,-1.4424,0.353,1.7943,-1.3,0.553,1.4128,0.0,12.0,11.9343,2.8394007682800293,2.813250780105591,-15.64,0,1,180,1.193,0.3203,1.0,0.4709,0.0961,0.3,0.1884,0.5845,1.2135
157.6,4,NAVIGATE,-0.9676,0.1155,-1.9032,-1.4397,0.3708,1.7368,-1.2,0.5708,1.3288,0.0,12.0,11.9239,2.7901813983917236,2.789254903793335,-11.39,0,1,180,1.029,0.3548,1.0,0.4429,0.1064,0.3,0.1772,0.5836,0.9532
157.651,4,NAVIGATE,-1.0373,0.1335,-1.922,-1.4357,0.3909,1.6735,-1.2,0.5909,1.3376,0.0,12.0,11.9117,2.7751288414001465,2.7751288414001465,-8.88,0,1,180,1.124,0.3619,1.0,0.4459,0.1086,0.3,0.1783,0.5869,0.9515
157.701,4,NAVIGATE,-1.0947,0.1489,-1.939,-1.4306,0.4066,1.6258,-1.4,0.5066,1.4889,0.0,12.0,11.9015,2.7625553607940674,2.7625553607940674,-7.13,0,1,180,1.633,0.2524,1.0,0.4963,0.0757,0.3,0.1985,0.5742,1.2291
157.75,4,NAVIGATE,-1.1517,0.165,-1.955,-1.422,0.4217,1.5825,-1.3,0.5217,1.4008,0.0,12.0,11.8909,2.7365713119506836,2.7365713119506836,-3.13,0,1,180,1.02,0.2808,1.0,0.4669,0.0842,0.3,0.1868,0.571,1.0053
157.801,4,NAVIGATE,-1.2188,0.1827,-1.9672,-1.4069,0.4382,1.5362,-1.2,0.5382,1.3152,0.0,12.0,11.8799,2.7230422496795654,2.7230422496795654,-0.88,0,1,180,1.718,0.3135,1.0,0.4384,0.094,0.3,0.1754,0.5694,0.9777
157.852,4,NAVIGATE,-1.285,0.2013,-1.9775,-1.3925,0.4523,1.4957,-1.2,0.5523,1.321,0.0,12.0,11.8685,2.708913564682007,2.708913564682007,2.13,0,1,180,2.01,0.3173,1.0,0.4403,0.0952,0.3,0.1761,0.5713,0.9334
157.902,4,NAVIGATE,-1.3289,0.2142,-1.9839,-1.3839,0.4606,1.4722,-1.1,0.5606,1.2346,0.0,12.0,11.8605,2.682915687561035,2.682915687561035,6.63,0,1,180,1.828,0.3514,1.0,0.4115,0.1054,0.3,0.1646,0.57,0.764
157.951,4,NAVIGATE,-1.3957,0.2353,-1.9971,-1.3715,0.4719,1.4419,-1.3,0.4719,1.383,0.0,12.0,11.8472,2.668416976928711,2.668416976928711,6.38,0,1,180,1.555,0.2281,1.0,0.461,0.0684,0.3,0.1844,0.5528,1.0545
158.002,4,NAVIGATE,-1.4621,0.2573,-2.0097,-1.3588,0.4827,1.4175,-1.3,0.4827,1.3867,0.0,12.0,11.8334,2.651934862136841,2.651934862136841,7.63,0,1,180,2.232,0.2296,1.0,0.4622,0.0689,0.3,0.1849,0.5538,1.0194
158.051,4,NAVIGATE,-1.5169,0.2761,-2.0191,-1.3464,0.4911,1.4009,-1.2,0.4911,1.2966,0.0,12.0,11.8216,2.623178482055664,2.623178482055664,8.38,0,1,180,1.911,0.2569,1.0,0.4322,0.0771,0.3,0.1729,0.55,0.8973
158.103,4,NAVIGATE,-1.5859,0.2992,-2.0322,-1.3351,0.4979,1.3855,-1.2,0.4979,1.2992,0.0,12.0,11.8078,2.6085925102233887,2.6085925102233887,9.63,0,1,180,2.622,0.2557,1.0,0.4331,0.0767,0.3,0.1732,0.5499,0.8699
158.152,4,NAVIGATE,-1.6424,0.3187,-2.0417,-1.3281,0.5019,1.3761,-1.1,0.5019,1.2091,0.0,12.0,11.7962,2.5918240547180176,2.5918240547180176,9.63,0,1,180,2.143,0.2844,1.0,0.403,0.0853,0.3,0.1612,0.5465,0.8318
158.201,4,NAVIGATE,-1.6979,0.3387,-2.0498,-1.3219,0.5052,1.3695,-1.1,0.5052,1.2105,0.0,12.0,11.7843,2.561140298843384,2.5598065853118896,10.89,0,1,180,1.959,0.2821,1.0,0.4035,0.0846,0.3,0.1614,0.546,0.7637
158.251,4,NAVIGATE,-1.7614,0.3634,-2.0573,-1.3145,0.5085,1.3651,-1.3,0.4085,1.3627,0.0,12.0,11.7692,2.5462844371795654,2.5430662631988525,11.89,0,1,180,1.923,0.1536,1.0,0.4542,0.0461,0.3,0.1817,0.5278,1.038
158.302,4,NAVIGATE,-1.8244,0.3882,-2.0634,-1.3051,0.512,1.3639,-1.3,0.412,1.3637,0.0,12.0,11.7542,2.530022621154785,2.526582956314087,10.63,0,1,180,1.741,0.1505,1.0,0.4546,0.0452,0.3,0.1818,0.527,0.9984
158.351,4,NAVIGATE,-1.8769,0.4097,-2.069,-1.2963,0.5148,1.3647,-1.2963,0.4148,1.361,0.0,12.0,11.7413,2.4972941875457764,2.495037078857422,10.13,0,1,180,1.913,0.1486,1.0,0.4537,0.0446,0.3,0.1815,0.5261,0.9502
158.403,4,NAVIGATE,-1.9398,0.4365,-2.077,-1.2886,0.516,1.3675,-1.2886,0.416,1.3541,0.0,12.0,11.7251,2.4812397956848145,2.4782779216766357,11.89,0,1,180,2.937,0.1456,1.0,0.4514,0.0437,0.3,0.1805,0.5242,0.9216
158.451,4,NAVIGATE,-1.9919,0.4586,-2.0824,-1.2849,0.5153,1.3713,-1.1849,0.4153,1.2556,0.0,12.0,11.712,2.463268518447876,2.4611001014709473,11.39,0,1,180,1.687,0.1654,1.0,0.4185,0.0496,0.3,0.1674,0.517,0.8997
158.502,4,NAVIGATE,-2.0453,0.4806,-2.088,-1.2843,0.5133,1.3761,-1.1843,0.4133,1.2544,0.0,12.0,11.6996,2.4298856258392334,2.4284989833831787,12.64,0,1,180,1.812,0.1593,1.0,0.4181,0.0478,0.3,0.1673,0.515,0.8763
158.551,4,NAVIGATE,-2.1101,0.5066,-2.0943,-1.2868,0.51,1.383,-1.1868,0.41,1.2556,0.0,12.0,11.6855,2.413320779800415,2.4118285179138184,10.89,0,1,180,1.65,0.1505,1.0,0.4185,0.0451,0.3,0.1674,0.5125,0.8609
158.602,4,NAVIGATE,-2.1639,0.5279,-2.0984,-1.2884,0.507,1.3895,-1.1884,0.407,1.2562,0.0,12.0,11.6744,2.3950517177581787,2.394883394241333,11.14,0,1,180,2.468,0.143,1.0,0.4187,0.0429,0.3,0.1675,0.5104,0.8474
158.652,4,NAVIGATE,-2.2163,0.5501,-2.1014,-1.2887,0.5042,1.3963,-1.1887,0.4042,1.2556,0.0,12.0,11.6624,2.3622024059295654,2.3622024059295654,9.88,0,1,180,1.881,0.1362,1.0,0.4185,0.0408,0.3,0.1674,0.5083,0.8357
158.701,4,NAVIGATE,-2.2782,0.5771,-2.1038,-1.2872,0.501,1.4043,-1.1872,0.401,1.2531,0.0,12.0,11.6478,2.344882011413574,2.344882011413574,9.63,0,1,180,1.768,0.1285,1.0,0.4177,0.0385,0.3,0.1671,0.5056,0.8188
158.751,4,NAVIGATE,-2.34,0.6036,-2.105,-1.284,0.4977,1.4118,-1.184,0.3977,1.2491,0.0,12.0,11.6342,2.328356981277466,2.328356981277466,8.63,0,1,180,1.746,0.1212,1.0,0.4164,0.0364,0.3,0.1665,0.5029,0.8029
158.802,4,NAVIGATE,-2.393,0.6243,-2.1013,-1.2811,0.4945,1.4176,-1.1811,0.3945,1.2452,0.0,12.0,11.6247,2.3118486404418945,2.3118486404418945,9.88,0,1,180,2.266,0.1148,1.0,0.4151,0.0344,0.3,0.166,0.5005,0.7934
158.851,4,NAVIGATE,-2.4566,0.6485,-2.0957,-1.2771,0.4905,1.4239,-1.1771,0.3905,1.2401,0.0,12.0,11.6143,2.2815186977386475,2.2815186977386475,8.88,0,1,180,1.709,0.107,1.0,0.4134,0.0321,0.3,0.1654,0.4974,0.7854
158.902,4,NAVIGATE,-2.5185,0.6725,-2.0907,-1.2723,0.4867,1.4293,-1.1723,0.3867,1.2345,0.0,12.0,11.6041,2.2631404399871826,2.2631404399871826,8.13,0,1,180,2.035,0.0997,1.0,0.4115,0.0299,0.3,0.1646,0.4945,0.7767
158.951,4,NAVIGATE,-2.5653,0.6931,-2.0881,-1.2669,0.4841,1.433,-1.1669,0.3841,1.2285,0.0,12.0,11.5943,2.2314047813415527,2.2314047813415527,9.13,0,1,180,1.735,0.0948,1.0,0.4095,0.0284,0.3,0.1638,0.4922,0.7652
159.001,4,NAVIGATE,-2.6218,0.7174,-2.0849,-1.2607,0.4811,1.4366,-1.1607,0.3811,1.2217,0.0,12.0,11.5832,2.216597080230713,2.216597080230713,7.38,0,1,180,1.643,0.0888,1.0,0.4072,0.0266,0.3,0.1629,0.4895,0.7587
159.051,4,NAVIGATE,-2.6682,0.7371,-2.082,-1.2556,0.4784,1.4387,-1.1556,0.3784,1.2159,0.0,12.0,11.5747,2.1998331546783447,2.1998331546783447,7.13,0,1,180,1.891,0.0837,1.0,0.4053,0.0251,0.3,0.1621,0.4872,0.7525
159.102,4,NAVIGATE,-2.7118,0.7553,-2.0779,-1.2495,0.4751,1.4401,-1.1495,0.3751,1.2091,0.0,12.0,11.5671,2.1842868328094482,2.1842868328094482,9.63,0,1,180,1.843,0.0787,1.0,0.403,0.0236,0.3,0.1612,0.4848,0.7496
159.151,4,NAVIGATE,-2.7647,0.7772,-2.0734,-1.2427,0.4713,1.4406,-1.1427,0.3713,1.2015,0.0,12.0,11.5584,2.153823137283325,2.153823137283325,7.13,0,1,180,1.827,0.0726,1.0,0.4005,0.0218,0.3,0.1602,0.482,0.735
159.201,4,NAVIGATE,-2.8091,0.7952,-2.069,-1.2373,0.468,1.4402,-1.1373,0.368,1.1954,0.0,12.0,11.5516,2.136997699737549,2.136997699737549,7.63,0,1,180,1.828,0.0673,1.0,0.3985,0.0202,0.3,0.1594,0.4796,0.7302
159.252,4,NAVIGATE,-2.8531,0.8125,-2.0617,-1.2322,0.4644,1.4389,-1.1322,0.3644,1.1894,0.0,12.0,11.5456,2.1228995323181152,2.1228995323181152,7.38,0,1,180,1.889,0.0616,1.0,0.3965,0.0185,0.3,0.1586,0.4771,0.7303
159.301,4,NAVIGATE,-2.9064,0.8333,-2.054,-1.2264,0.4601,1.4363,-1.1264,0.3601,1.1825,0.0,12.0,11.5388,2.09177565574646,2.09177565574646,8.13,0,1,180,1.594,0.0548,1.0,0.3942,0.0164,0.3,0.1577,0.4741,0.7133
159.351,4,NAVIGATE,-2.9603,0.854,-2.0481,-1.2207,0.4561,1.4328,-1.2207,0.3561,1.2715,0.0,12.0,11.5324,2.0757033824920654,2.0757033824920654,8.38,0,1,180,1.825,0.0242,1.0,0.4238,0.0073,0.3,0.1695,0.4768,0.8193
159.402,4,NAVIGATE,-3.0056,0.8713,-2.0451,-1.2158,0.4531,1.4292,-1.2158,0.3531,1.266,0.0,12.0,11.5274,2.0605862140655518,2.0605862140655518,8.63,0,1,180,1.846,0.0189,1.0,0.422,0.0057,0.3,0.1688,0.4745,0.8231
159.451,4,NAVIGATE,-3.051,0.8887,-2.0425,-1.2106,0.4502,1.425,-1.1106,0.3502,1.1645,0.0,12.0,11.5226,2.0310373306274414,2.0310373306274414,8.13,0,1,180,1.595,0.0375,1.0,0.3882,0.0112,0.3,0.1553,0.4665,0.6966
159.501,4,NAVIGATE,-3.1066,0.9103,-2.0388,-1.2065,0.4465,1.4192,-1.1065,0.3465,1.1595,0.0,12.0,11.5166,2.0149097442626953,2.0149097442626953,7.13,0,1,180,1.763,0.0304,1.0,0.3865,0.0091,0.3,0.1546,0.4637,0.7032
159.551,4,NAVIGATE,-3.1537,0.929,-2.0354,-1.2053,0.4434,1.414,-1.2053,0.3434,1.2533,0.0,12.0,11.5114,2.000443935394287,2.000443935394287,8.38,0,1,180,1.662,0.0,1.0,0.4178,0.0,0.3,0.1671,0.4671,0.7921
159.601,4,NAVIGATE,-3.2103,0.9511,-2.032,-1.2034,0.4397,1.4074,-1.2034,0.3397,1.2504,0.0,12.0,11.5059,1.9718172550201416,1.9718172550201416,8.88,0,1,180,1.62,-0.0076,1.0,0.4168,-0.0023,0.3,0.1667,0.4644,0.7949
159.652,4,NAVIGATE,-3.2584,0.9694,-2.0349,-1.2014,0.437,1.4014,-1.2014,0.337,1.2477,0.0,12.0,11.5018,1.9562938213348389,1.956084132194519,10.13,0,1,180,1.683,-0.0138,1.0,0.4159,-0.0041,0.3,0.1664,0.4622,0.8082
159.701,4,NAVIGATE,-3.3163,0.9911,-2.0393,-1.2,0.4336,1.3937,-1.2,0.3336,1.2455,0.0,12.0,11.4975,1.940683364868164,1.940683364868164,9.13,0,1,180,1.922,-0.0214,1.0,0.4152,-0.0064,0.3,0.1661,0.4596,0.8211
159.751,4,NAVIGATE,-3.3645,1.009,-2.0424,-1.1998,0.4306,1.387,-1.1998,0.3306,1.2445,0.0,12.0,11.4944,1.9139142036437988,1.913475751876831,11.14,0,1,180,1.673,-0.0282,1.0,0.4148,-0.0085,0.3,0.1659,0.4575,0.8158
159.801,4,NAVIGATE,-3.4223,1.029,-2.0488,-1.2009,0.4266,1.3788,-1.2009,0.3266,1.2445,0.0,12.0,11.4924,1.8982720375061035,1.8966567516326904,10.89,0,1,180,1.539,-0.0368,1.0,0.4148,-0.011,0.3,0.1659,0.4549,0.8366
159.851,4,NAVIGATE,-3.4706,1.0454,-2.0539,-1.2023,0.4232,1.3719,-1.3023,0.3232,1.3418,0.0,12.0,11.4913,1.8837651014328003,1.8825520277023315,12.14,0,1,180,1.523,-0.0635,1.0,0.4473,-0.0191,0.3,0.1789,0.4598,0.9093
159.902,4,NAVIGATE,-3.519,1.0617,-2.0581,-1.2037,0.4197,1.3648,-1.2037,0.3197,1.2454,0.0,12.0,11.4904,1.8577054738998413,1.8549723625183105,10.89,0,1,180,1.943,-0.0516,1.0,0.4151,-0.0155,0.3,0.1661,0.4506,0.8098
159.951,4,NAVIGATE,-3.5781,1.0808,-2.0632,-1.2057,0.4154,1.3562,-1.2057,0.3154,1.2462,0.0,12.0,11.4906,1.843410611152649,1.8402631282806396,11.64,0,1,180,1.759,-0.0608,1.0,0.4154,-0.0182,0.3,0.1662,0.4479,0.8237
160.001,4,NAVIGATE,-3.6375,1.0997,-2.0674,-1.2097,0.4109,1.3474,-1.2097,0.3109,1.249,0.0,12.0,11.4912,1.8285086154937744,1.826389193534851,12.14,0,1,180,1.583,-0.0705,1.0,0.4163,-0.0211,0.3,0.1665,0.4454,0.8439
160.051,4,NAVIGATE,-3.6871,1.1153,-2.07,-1.2131,0.407,1.3402,-1.2131,0.307,1.2513,0.0,12.0,11.4923,1.8039686679840088,1.8008968830108643,11.39,0,1,180,1.791,-0.0786,1.0,0.4171,-0.0236,0.3,0.1668,0.4433,0.8463
160.102,4,NAVIGATE,-3.7372,1.1302,-2.0717,-1.2163,0.4028,1.333,-1.2163,0.3028,1.2534,0.0,12.0,11.4944,1.7885828018188477,1.7844078540802002,12.89,0,1,180,2.028,-0.0871,1.0,0.4178,-0.0261,0.3,0.1671,0.441,0.8532
160.151,4,NAVIGATE,-3.7973,1.1479,-2.0729,-1.2193,0.3976,1.3246,-1.3193,0.2976,1.3524,0.0,12.0,11.4973,1.7760618925094604,1.7723749876022339,13.14,0,1,180,1.815,-0.1145,1.0,0.4508,-0.0343,0.3,0.1803,0.446,0.9186
160.202,4,NAVIGATE,-3.847,1.1626,-2.0733,-1.2209,0.3934,1.3178,-1.2209,0.2934,1.2557,0.0,12.0,11.4999,1.7524993419647217,1.7465190887451172,14.89,0,1,180,1.905,-0.1051,1.0,0.4186,-0.0315,0.3,0.1674,0.4359,0.8673
160.251,4,NAVIGATE,-3.9057,1.1807,-2.0732,-1.2221,0.3889,1.3096,-1.3221,0.2889,1.3533,0.0,12.0,11.5026,1.7387019395828247,1.73050856590271,14.39,0,1,180,1.556,-0.1309,1.0,0.4511,-0.0393,0.3,0.1804,0.4412,0.925
160.302,4,NAVIGATE,-3.9547,1.1957,-2.0727,-1.2248,0.385,1.3029,-1.3248,0.285,1.3551,0.0,12.0,11.5053,1.7263777256011963,1.7190378904342651,16.39,0,1,180,1.663,-0.1386,1.0,0.4517,-0.0416,0.3,0.1807,0.4391,0.9318
160.351,4,NAVIGATE,-4.0037,1.2104,-2.0714,-1.2272,0.3811,1.2963,-1.2272,0.2811,1.2589,0.0,12.0,11.5085,1.7000629901885986,1.693084478378296,14.39,0,1,180,1.826,-0.1298,1.0,0.4196,-0.0389,0.3,0.1679,0.4289,0.8519
160.402,4,NAVIGATE,-4.0624,1.2268,-2.0674,-1.2314,0.3761,1.2884,-1.2314,0.2761,1.262,0.0,12.0,11.5136,1.6892728805541992,1.6787189245224,14.39,0,1,180,1.824,-0.1396,1.0,0.4207,-0.0419,0.3,0.1683,0.4264,0.8629
160.451,4,NAVIGATE,-4.1116,1.2406,-2.0642,-1.2368,0.3719,1.2819,-1.2368,0.2719,1.2663,0.0,12.0,11.5182,1.67750084400177,1.666642189025879,16.89,0,1,180,1.868,-0.1481,1.0,0.4221,-0.0444,0.3,0.1688,0.4244,0.8747
160.502,4,NAVIGATE,-4.17,1.2559,-2.0617,-1.2421,0.3668,1.2746,-1.2421,0.2668,1.2704,0.0,12.0,11.5249,1.6664471626281738,1.6535886526107788,16.14,0,1,180,2.101,-0.158,1.0,0.4235,-0.0474,0.3,0.1694,0.422,0.8903
160.551,4,NAVIGATE,-4.2183,1.2678,-2.0606,-1.2451,0.3624,1.2686,-1.2451,0.2624,1.2724,0.0,12.0,11.5314,1.6415505409240723,1.6278198957443237,16.89,0,1,180,1.613,-0.166,1.0,0.4241,-0.0498,0.3,0.1697,0.4199,0.8774
160.601,4,NAVIGATE,-4.2767,1.2823,-2.0591,-1.2473,0.3573,1.2617,-1.2473,0.2573,1.2735,0.0,12.0,11.5394,1.6307551860809326,1.615453839302063,17.39,0,1,180,1.535,-0.1753,1.0,0.4245,-0.0526,0.3,0.1698,0.4172,0.8859
160.652,4,NAVIGATE,-4.3242,1.2933,-2.0555,-1.2478,0.3524,1.2561,-1.0478,0.3524,1.1055,0.0,12.0,11.547,1.6206754446029663,1.6030704975128174,18.39,0,1,180,2.354,-0.0594,1.0,0.3685,-0.0178,0.3,0.1474,0.4296,0.6367
160.701,4,NAVIGATE,-4.3712,1.3036,-2.0507,-1.248,0.3469,1.2506,-1.048,0.3469,1.1039,0.0,12.0,11.5551,1.5966753959655762,1.5777095556259155,18.39,0,1,180,1.521,-0.0682,1.0,0.368,-0.0205,0.3,0.1472,0.4267,0.6296
160.751,4,NAVIGATE,-4.4281,1.3163,-2.0454,-1.2482,0.3405,1.2442,-1.0482,0.3405,1.1021,0.0,12.0,11.565,1.5841984748840332,1.566318392753601,19.14,0,1,180,1.711,-0.0788,1.0,0.3674,-0.0236,0.3,0.1469,0.4233,0.6433
160.801,4,NAVIGATE,-4.4832,1.3299,-2.0392,-1.2432,0.3377,1.2381,-1.0432,0.3377,1.0965,0.0,12.0,11.5737,1.5735135078430176,1.5525524616241455,18.14,0,1,180,1.737,-0.0846,1.0,0.3655,-0.0254,0.3,0.1462,0.4208,0.648
160.851,4,NAVIGATE,-4.529,1.3415,-2.0342,-1.2356,0.3373,1.2331,-1.0356,0.3373,1.0891,0.0,12.0,11.5809,1.5507993698120117,1.528006672859192,20.14,0,1,180,1.466,-0.0868,1.0,0.363,-0.026,0.3,0.1452,0.4192,0.633
160.902,4,NAVIGATE,-4.5842,1.3557,-2.0288,-1.2233,0.3383,1.2271,-1.0233,0.3383,1.0778,0.0,12.0,11.5895,1.539862036705017,1.515293002128601,18.64,0,1,180,2.077,-0.0873,1.0,0.3593,-0.0262,0.3,0.1437,0.4175,0.6253
160.951,4,NAVIGATE,-4.6324,1.3672,-2.028,-1.2127,0.3393,1.2221,-1.0127,0.3393,1.068,0.0,12.0,11.5981,1.5277131795883179,1.5048182010650635,20.14,0,1,180,1.662,-0.0875,1.0,0.356,-0.0263,0.3,0.1424,0.4161,0.6163
161.001,4,NAVIGATE,-4.6898,1.3813,-2.0271,-1.1991,0.3406,1.2163,-1.0991,0.3406,1.1507,0.0,12.0,11.6082,1.5061615705490112,1.4800280332565308,18.64,0,1,180,1.708,-0.1151,1.0,0.3836,-0.0345,0.3,0.1534,0.4189,0.6703
161.051,4,NAVIGATE,-4.7372,1.3934,-2.0264,-1.1876,0.3418,1.2115,-1.0876,0.3418,1.14,0.0,12.0,11.6164,1.4941496849060059,1.4676427841186523,20.14,0,1,180,1.749,-0.1153,1.0,0.38,-0.0346,0.3,0.152,0.4174,0.6595
161.101,4,NAVIGATE,-4.7937,1.4064,-2.0193,-1.1739,0.3423,1.2056,-1.0739,0.3423,1.1272,0.0,12.0,11.6277,1.481791377067566,1.454720377922058,20.89,0,1,180,1.803,-0.1161,1.0,0.3757,-0.0348,0.3,0.1503,0.4155,0.6519
161.151,4,NAVIGATE,-4.8403,1.4177,-2.014,-1.1645,0.3426,1.2008,-1.0645,0.3426,1.1182,0.0,12.0,11.6367,1.4573842287063599,1.4297235012054443,20.64,0,1,180,1.745,-0.1173,1.0,0.3727,-0.0352,0.3,0.1491,0.4139,0.63
161.202,4,NAVIGATE,-4.8861,1.4293,-2.01,-1.1566,0.3431,1.1961,-1.0566,0.3431,1.1109,0.0,12.0,11.6454,1.4468164443969727,1.416864037513733,22.15,0,1,180,1.947,-0.1188,1.0,0.3703,-0.0356,0.3,0.1481,0.4125,0.6221
161.252,4,NAVIGATE,-4.9382,1.4434,-2.0085,-1.1479,0.344,1.1907,-1.0479,0.344,1.1029,0.0,12.0,11.6546,1.4350913763046265,1.4045512676239014,22.65,0,1,180,1.895,-0.1201,1.0,0.3676,-0.036,0.3,0.1471,0.411,0.64
161.301,4,NAVIGATE,-4.9904,1.4579,-2.0073,-1.1407,0.3452,1.1855,-1.0407,0.3452,1.0964,0.0,12.0,11.6637,1.413084626197815,1.3788139820098877,22.9,0,1,180,1.729,-0.1215,1.0,0.3655,-0.0365,0.3,0.1462,0.4097,0.6218
161.351,4,NAVIGATE,-5.0333,1.4723,-2.0098,-1.1352,0.3474,1.1812,-1.0352,0.3474,1.0919,0.0,12.0,11.669,1.3998377323150635,1.366409420967102,24.15,0,1,180,1.569,-0.1219,1.0,0.364,-0.0366,0.3,0.1456,0.409,0.6097
161.402,4,NAVIGATE,-5.0836,1.4933,-2.0178,-1.1287,0.3516,1.1762,-1.0287,0.3516,1.0871,0.0,12.0,11.6719,1.3880295753479004,1.3538320064544678,20.89,0,1,180,2.123,-0.121,1.0,0.3624,-0.0363,0.3,0.1449,0.4087,0.6151
161.451,4,NAVIGATE,-5.1258,1.5105,-2.0236,-1.1233,0.3548,1.1722,-1.0233,0.3548,1.0831,0.0,12.0,11.6749,1.3625874519348145,1.3268990516662598,24.4,0,1,180,1.597,-0.1205,1.0,0.361,-0.0361,0.3,0.1444,0.4083,0.5922
161.502,4,NAVIGATE,-5.1781,1.5324,-2.0281,-1.1172,0.3587,1.1673,-0.9172,0.3587,0.9849,0.0,12.0,11.6783,1.3481711149215698,1.313242793083191,22.4,0,1,180,1.939,-0.0864,1.0,0.3283,-0.0259,0.3,0.1313,0.4054,0.5315
161.552,4,NAVIGATE,-5.2226,1.5514,-2.03,-1.1124,0.362,1.1632,-1.0124,0.362,1.0752,0.0,12.0,11.6811,1.336727499961853,1.3013334274291992,21.39,0,1,180,2.343,-0.1198,1.0,0.3584,-0.0359,0.3,0.1434,0.4074,0.5921
161.601,4,NAVIGATE,-5.2759,1.5738,-2.0318,-1.1065,0.3654,1.1585,-0.9065,0.3654,0.9774,0.0,12.0,11.6851,1.3126587867736816,1.2736265659332275,24.15,0,1,180,1.476,-0.0852,1.0,0.3258,-0.0256,0.3,0.1303,0.4047,0.5149
161.651,4,NAVIGATE,-5.3303,1.597,-2.0289,-1.0988,0.3692,1.1537,-0.8988,0.3692,0.9717,0.0,12.0,11.6891,1.3002632856369019,1.2603133916854858,25.65,0,1,180,1.595,-0.0836,1.0,0.3239,-0.0251,0.3,0.1296,0.4045,0.5213
161.701,4,NAVIGATE,-5.3754,1.6161,-2.0259,-1.0923,0.3721,1.1498,-0.8923,0.3721,0.9667,0.0,12.0,11.6928,1.2751482725143433,1.2350637912750244,24.15,0,1,180,1.604,-0.0825,0.998,0.3222,-0.0248,0.2994,0.1289,0.4035,0.4994
161.751,4,NAVIGATE,-5.429,1.6385,-2.0225,-1.0824,0.3752,1.145,-0.8824,0.3752,0.9589,0.0,12.0,11.6976,1.2613880634307861,1.2204023599624634,23.65,0,1,180,1.774,-0.0805,1.0,0.3196,-0.0242,0.3,0.1279,0.4037,0.5075
161.801,4,NAVIGATE,-5.4737,1.6585,-2.0171,-1.0732,0.3786,1.1411,-0.8732,0.3786,0.9518,0.0,12.0,11.7008,1.247495412826538,1.207464337348938,25.65,0,1,180,1.639,-0.0777,0.9771,0.3173,-0.0233,0.2931,0.1269,0.3967,0.4925
161.851,4,NAVIGATE,-5.5178,1.678,-2.0122,-1.0629,0.3816,1.1371,-0.8629,0.3816,0.9436,0.0,12.0,11.7043,1.2365989685058594,1.193661093711853,25.4,0,1,180,1.546,-0.0745,0.9908,0.3145,-0.0223,0.2973,0.1258,0.4007,0.4924
161.901,4,NAVIGATE,-5.5698,1.7012,-2.0071,-1.0496,0.385,1.1321,-0.8496,0.385,0.9328,0.0,12.0,11.7085,1.2090840339660645,1.1659048795700073,25.4,0,1,180,1.728,-0.0702,0.9801,0.3109,-0.0211,0.294,0.1244,0.3973,0.4832
161.951,4,NAVIGATE,-5.6115,1.7211,-2.0038,-1.0378,0.388,1.1279,-0.8378,0.388,0.9233,0.0,12.0,11.7109,1.1977565288543701,1.1528069972991943,25.65,0,1,180,1.631,-0.066,0.9472,0.3078,-0.0198,0.2841,0.1231,0.3875,0.4682
162.001,4,NAVIGATE,-5.661,1.7446,-2.0004,-1.0235,0.3912,1.1227,-0.8235,0.3912,0.9117,0.0,12.0,11.7142,1.184046745300293,1.1392736434936523,23.9,0,1,180,1.706,-0.0608,0.9425,0.3039,-0.0183,0.2828,0.1216,0.3861,0.4713
162.051,4,NAVIGATE,-5.7017,1.7636,-1.9982,-1.0114,0.3937,1.1184,-0.8114,0.3937,0.9019,0.0,12.0,11.7172,1.156968355178833,1.110463261604309,26.9,0,1,180,1.759,-0.0565,0.9201,0.3006,-0.0169,0.276,0.1202,0.3794,0.4646
162.101,4,NAVIGATE,-5.7417,1.7822,-1.9968,-0.9991,0.396,1.1141,-0.7991,0.396,0.8918,0.0,12.0,11.7205,1.1424459218978882,1.097064733505249,28.15,0,1,180,1.552,-0.0518,0.8923,0.2973,-0.0155,0.2677,0.1189,0.3711,0.4505
162.151,4,NAVIGATE,-5.7891,1.8042,-1.9953,-0.9845,0.3987,1.109,-0.7845,0.3987,0.88,0.0,12.0,11.7246,1.1323626041412354,1.0837048292160034,25.65,0,1,180,1.693,-0.0462,0.898,0.2933,-0.0139,0.2694,0.1173,0.3729,0.4481
162.201,4,NAVIGATE,-5.8277,1.8225,-1.9937,-0.9723,0.4007,1.1047,-0.7723,0.4007,0.8701,0.0,12.0,11.7279,1.1023056507110596,1.0549688339233398,26.4,0,1,180,1.801,-0.0414,0.8877,0.29,-0.0124,0.2663,0.116,0.3699,0.434
162.251,4,NAVIGATE,-5.8648,1.8413,-1.9897,-0.9596,0.4028,1.1005,-0.7596,0.4028,0.8598,0.0,12.0,11.7301,1.0905452966690063,1.0412148237228394,27.4,0,1,180,1.685,-0.0359,0.8819,0.2866,-0.0108,0.2646,0.1146,0.3684,0.4353
162.302,4,NAVIGATE,-5.9088,1.8635,-1.9856,-0.9444,0.4052,1.0953,-0.8444,0.4052,0.9366,0.0,12.0,11.7329,1.0773831605911255,1.027957797050476,27.65,0,1,180,2.101,-0.0803,0.9256,0.3122,-0.0241,0.2777,0.1249,0.3785,0.4546
162.351,4,NAVIGATE,-5.9446,1.8812,-1.9821,-0.9317,0.407,1.0911,-0.8317,0.407,0.9259,0.0,12.0,11.7357,1.0497334003448486,0.9992295503616333,28.9,0,1,180,1.742,-0.076,0.9233,0.3086,-0.0228,0.277,0.1235,0.3776,0.4364
162.402,4,NAVIGATE,-5.9864,1.9015,-1.9776,-0.9162,0.4087,1.0858,-0.8162,0.4087,0.9128,0.0,12.0,11.7396,1.0358949899673462,0.9856078624725342,27.15,0,1,180,1.978,-0.0708,0.9238,0.3043,-0.0212,0.2771,0.1217,0.3776,0.4502
162.451,4,NAVIGATE,-6.021,1.9183,-1.9744,-0.9051,0.4099,1.0814,-0.8051,0.4099,0.9034,0.0,12.0,11.7428,1.02288019657135,0.9713135361671448,29.15,0,1,180,1.605,-0.0673,0.9277,0.3011,-0.0202,0.2783,0.1205,0.3786,0.4523
162.501,4,NAVIGATE,-6.0606,1.9373,-1.969,-0.8936,0.4109,1.0762,-0.7936,0.4109,0.8937,0.0,12.0,11.7468,0.9932645559310913,0.9424341917037964,27.4,0,1,180,1.605,-0.0643,0.9059,0.2979,-0.0193,0.2718,0.1192,0.3717,0.429
162.551,4,NAVIGATE,-6.0986,1.9555,-1.9624,-0.8837,0.4116,1.0712,-0.7837,0.4116,0.8852,0.0,12.0,11.751,0.9810065031051636,0.9287751317024231,27.65,0,1,180,1.63,-0.0621,0.8984,0.2951,-0.0186,0.2695,0.118,0.3689,0.4296
162.601,4,NAVIGATE,-6.1306,1.9708,-1.958,-0.8765,0.4124,1.0671,-0.7765,0.4124,0.8793,0.0,12.0,11.7545,0.9685084819793701,0.9142976999282837,28.65,0,1,180,1.687,-0.0604,0.8928,0.2931,-0.0181,0.2678,0.1172,0.3669,0.4226
162.651,4,NAVIGATE,-6.1747,1.9909,-1.9546,-0.8707,0.4147,1.0622,-0.7707,0.4147,0.8752,0.0,12.0,11.7605,0.9368992447853088,0.8845540285110474,28.65,0,1,180,1.613,-0.0591,0.8855,0.2917,-0.0177,0.2656,0.1167,0.3646,0.3832
162.702,4,NAVIGATE,-6.2132,2.0084,-1.9529,-0.8666,0.4171,1.0584,-0.6666,0.5171,0.8437,0.0,12.0,11.7659,0.9252415299415588,0.8699822425842285,26.65,0,1,180,1.956,0.1032,0.7191,0.2812,0.031,0.2157,0.1125,0.3592,0.3589
162.752,4,NAVIGATE,-6.2511,2.0258,-1.9518,-0.8623,0.4192,1.0545,-0.6623,0.5192,0.8416,0.0,12.0,11.7712,0.9101729989051819,0.8556272983551025,28.9,0,1,180,2.155,0.1049,0.721,0.2805,0.0315,0.2163,0.1122,0.36,0.3601
162.801,4,NAVIGATE,-6.2968,2.0482,-1.9525,-0.8566,0.4223,1.0501,-0.6566,0.5223,0.839,0.0,12.0,11.7766,0.8809089064598083,0.8264120817184448,28.4,0,1,180,1.593,0.1076,0.7189,0.2797,0.0323,0.2157,0.1119,0.3598,0.3595
162.852,4,NAVIGATE,-6.3343,2.067,-1.9538,-0.8493,0.4271,1.0464,-0.6493,0.5271,0.8363,0.0,12.0,11.7809,0.8680532574653625,0.812764585018158,26.4,0,1,180,1.866,0.1139,0.72,0.2788,0.0342,0.216,0.1115,0.3617,0.36
162.901,4,NAVIGATE,-6.3783,2.0896,-1.9555,-0.8377,0.4347,1.0421,-0.6377,0.5347,0.8322,0.0,12.0,11.7856,0.8518022298812866,0.801295280456543,24.15,0,1,180,1.706,0.1255,0.7429,0.2774,0.0377,0.2229,0.111,0.3715,0.3714
162.951,4,NAVIGATE,-6.421,2.1124,-1.9596,-0.8237,0.4439,1.0378,-0.6237,0.5439,0.8275,0.0,12.0,11.7896,0.8188548684120178,0.777576744556427,20.64,0,1,180,1.743,0.1408,0.741,0.2758,0.0422,0.2223,0.1103,0.3749,0.3681
163.001,4,NAVIGATE,-6.4557,2.1316,-1.9629,-0.8111,0.4518,1.0342,-0.6111,0.5518,0.8234,0.0,12.0,11.7924,0.805519700050354,0.7680931091308594,18.64,0,1,180,1.581,0.1546,0.753,0.2745,0.0464,0.2259,0.1098,0.382,0.3721
163.051,4,NAVIGATE,-6.4896,2.151,-1.966,-0.7982,0.4596,1.0305,-0.5982,0.5596,0.8192,0.0,12.0,11.7948,0.788483202457428,0.7583929896354675,17.14,0,1,180,1.788,0.1687,0.7563,0.2731,0.0506,0.2269,0.1092,0.3867,0.3696
163.102,4,NAVIGATE,-6.5257,2.1709,-1.972,-0.7863,0.4678,1.0268,-0.5863,0.5678,0.8162,0.0,12.0,11.7982,0.7558358311653137,0.7419061064720154,13.14,0,1,180,1.781,0.1822,0.7484,0.2721,0.0547,0.2245,0.1088,0.388,0.3694
163.151,4,NAVIGATE,-6.5677,2.195,-1.9784,-0.7721,0.4773,1.0223,-0.5721,0.5773,0.8128,0.0,12.0,11.8014,0.7411730289459229,0.7351179122924805,10.89,0,1,180,1.72,0.1984,0.7488,0.2709,0.0595,0.2246,0.1084,0.3925,0.3727
163.201,4,NAVIGATE,-6.6012,2.2157,-1.9827,-0.7601,0.4852,1.0187,-0.5601,0.5852,0.81,0.0,12.0,11.8029,0.7278634309768677,0.7278634309768677,8.88,0,1,180,1.705,0.2121,0.7374,0.27,0.0636,0.2212,0.108,0.3929,0.3683
163.251,4,NAVIGATE,-6.6383,2.2427,-1.9849,-0.7448,0.495,1.0144,-0.5448,0.595,0.8068,0.0,12.0,11.8014,0.7232680916786194,0.7232680916786194,6.88,0,1,180,1.723,0.2299,0.7527,0.2689,0.069,0.2258,0.1076,0.4024,0.3763
163.301,4,NAVIGATE,-6.6685,2.2651,-1.9865,-0.7321,0.503,1.0109,-0.5321,0.603,0.8042,0.0,12.0,11.7999,0.7152014374732971,0.7152014374732971,2.38,0,1,180,1.633,0.2447,0.755,0.2681,0.0734,0.2265,0.1072,0.4071,0.3818
163.351,4,NAVIGATE,-6.7042,2.2917,-1.9867,-0.7169,0.5121,1.0066,-0.5169,0.6121,0.8011,0.0,12.0,11.7982,0.71266108751297,0.71266108751297,0.63,0,1,180,1.56,0.262,0.7697,0.267,0.0786,0.2309,0.1068,0.4163,0.386
163.401,4,NAVIGATE,-6.7336,2.3132,-1.9845,-0.7042,0.5191,1.0031,-0.5042,0.6191,0.7984,0.0,12.0,11.7973,0.7097671031951904,0.7097671031951904,-1.63,0,1,180,1.82,0.2763,0.7629,0.2661,0.0829,0.2289,0.1065,0.4182,0.3813
163.451,4,NAVIGATE,-6.7681,2.3393,-1.9823,-0.6888,0.5275,0.9989,-0.4888,0.6275,0.7955,0.0,12.0,11.7956,0.7097347974777222,0.7097347974777222,-5.88,0,1,180,1.658,0.2935,0.7974,0.2652,0.0881,0.2392,0.1061,0.4334,0.3932
163.502,4,NAVIGATE,-6.7917,2.3622,-1.9817,-0.6741,0.5352,0.9953,-0.4741,0.7352,0.8748,0.0,12.0,11.7905,0.7103116512298584,0.7103116512298584,-7.88,0,1,180,1.846,0.3748,0.7699,0.2916,0.1124,0.231,0.1166,0.46,0.384
163.552,4,NAVIGATE,-6.8166,2.3904,-1.982,-0.6555,0.5445,0.9909,-0.4555,0.7445,0.8728,0.0,12.0,11.7817,0.7112785577774048,0.7112785577774048,-10.13,0,1,180,1.892,0.3938,0.7908,0.2909,0.1181,0.2372,0.1164,0.4718,0.3942
163.601,4,NAVIGATE,-6.8374,2.4141,-1.9824,-0.6402,0.5524,0.9873,-0.4402,0.7524,0.8717,0.0,12.0,11.7745,0.7689056992530823,0.715269148349762,-14.39,0,1,180,1.701,0.4095,0.8223,0.2906,0.1229,0.2467,0.1162,0.4858,0.4053
163.651,4,NAVIGATE,-6.8595,2.4425,-1.9829,-0.6212,0.5645,0.9833,-0.4212,0.7645,0.8728,0.0,12.0,11.7643,0.7961209416389465,0.7186834216117859,-16.14,0,1,180,1.783,0.4302,0.8381,0.2909,0.1291,0.2514,0.1164,0.4969,0.411
163.702,4,NAVIGATE,-6.8771,2.4663,-1.9832,-0.6054,0.5764,0.98,-0.4054,0.7764,0.8758,0.0,12.0,11.7552,0.8214612603187561,0.7235649824142456,-18.39,0,1,180,1.873,0.4481,0.8434,0.2919,0.1344,0.253,0.1168,0.5042,0.4132
163.751,4,NAVIGATE,-6.8985,2.4955,-1.9836,-0.5873,0.5919,0.9761,-0.3873,0.7919,0.8816,0.0,12.0,11.7442,7.379344940185547,0.7320935726165771,-22.4,0,1,180,1.553,0.4689,0.89,0.2939,0.1407,0.267,0.1175,0.5252,0.435
163.801,4,NAVIGATE,-6.9195,2.5225,-1.9835,-0.5696,0.6075,0.9724,-0.3696,0.8075,0.888,0.0,12.0,11.7346,7.377909183502197,0.7355861663818359,-24.15,0,1,180,1.772,0.489,0.8952,0.296,0.1467,0.2686,0.1184,0.5337,0.4355
163.852,4,NAVIGATE,-6.9369,2.5454,-1.9834,-0.5552,0.6206,0.9694,-0.3552,0.8206,0.8942,0.0,12.0,11.7265,7.3790388107299805,0.7437228560447693,-26.15,0,1,180,2.372,0.5049,0.9197,0.301,0.1515,0.2759,0.1204,0.5478,0.4476
163.902,4,NAVIGATE,-6.9545,2.569,-1.9833,-0.541,0.6338,0.9665,-0.341,0.8338,0.9008,0.0,12.0,11.7178,7.358551979064941,0.7575289011001587,-29.9,0,1,180,1.819,0.5203,0.9718,0.3124,0.1561,0.2915,0.125,0.5726,0.4714
163.951,4,NAVIGATE,-6.9808,2.6007,-1.9802,-0.5256,0.6513,0.963,-0.3256,0.8513,0.9115,0.0,12.0,11.7081,7.364066123962402,0.7650993466377258,-31.65,0,1,180,1.857,0.5368,0.9882,0.3262,0.1611,0.2965,0.1305,0.588,0.4785
164.002,4,NAVIGATE,-7.0022,2.6277,-1.9779,-0.5126,0.6658,0.9601,-0.3126,0.8658,0.9205,0.0,12.0,11.6992,7.368887901306152,0.7711976170539856,-33.66,0,1,180,1.804,0.5503,1.0,0.3377,0.1651,0.3,0.1351,0.6002,0.4895
164.051,4,NAVIGATE,-7.0229,2.6552,-1.976,-0.4994,0.6801,0.9573,-0.2994,0.8801,0.9297,0.0,12.0,11.6896,7.3520660400390625,0.7886529564857483,-37.41,0,1,180,1.779,0.5634,1.0,0.3492,0.169,0.3,0.1397,0.6087,0.5154
164.101,4,NAVIGATE,-7.0492,2.6851,-1.9669,-0.4843,0.6959,0.954,-0.2843,0.8959,0.94,0.0,12.0,11.6816,7.33617639541626,0.798784077167511,-38.91,0,1,180,1.664,0.5775,1.0,0.3619,0.1733,0.3,0.1448,0.618,0.5276
164.151,4,NAVIGATE,-7.0745,2.7162,-1.9594,-0.4687,0.7118,0.9507,-0.2687,0.9118,0.9506,0.0,12.0,11.6721,7.320133209228516,0.8075292706489563,-40.66,0,1,180,1.797,0.5916,1.0,0.3749,0.1775,0.3,0.15,0.6274,0.538
164.201,4,NAVIGATE,-7.0947,2.7424,-1.9543,-0.4554,0.7249,0.9478,-0.2554,0.9249,0.9595,0.0,12.0,11.6636,7.309817314147949,0.8282174468040466,-44.17,0,1,180,1.798,0.6032,1.0,0.3859,0.181,0.3,0.1543,0.6353,0.5664
164.251,4,NAVIGATE,-7.1181,2.7738,-1.9494,-0.439,0.7402,0.9444,-0.239,0.9402,0.9701,0.0,12.0,11.6529,7.291224002838135,0.8414856195449829,-45.67,0,1,180,1.82,0.6168,1.0,0.399,0.1851,0.3,0.1596,0.6446,0.5789
164.301,4,NAVIGATE,-7.1368,2.8011,-1.9463,-0.4252,0.7533,0.9417,-0.2252,0.9533,0.9795,0.0,12.0,11.6428,7.295514106750488,0.8490490317344666,-46.92,0,1,180,1.666,0.628,1.0,0.4101,0.1884,0.3,0.164,0.6524,0.5895
164.351,4,NAVIGATE,-7.1559,2.8357,-1.9424,-0.4076,0.7694,0.9384,-0.2076,0.9694,0.9914,0.0,12.0,11.6272,7.265377044677734,0.8753133416175842,-49.92,0,1,180,1.538,0.6419,1.0,0.4242,0.1926,0.3,0.1697,0.6623,0.6158
164.401,4,NAVIGATE,-7.1694,2.8661,-1.9392,-0.3921,0.7834,0.9357,-0.1921,0.9834,1.002,0.0,12.0,11.6115,7.266420841217041,0.8868597149848938,-51.92,0,1,180,1.647,0.6536,1.0,0.4366,0.1961,0.3,0.1746,0.6707,0.6255
164.451,4,NAVIGATE,-7.1852,2.9035,-1.9364,-0.3739,0.8001,0.9325,-0.1739,1.0001,1.0151,0.0,12.0,11.592,7.234482765197754,0.9111752510070801,-54.18,0,1,180,1.687,0.6669,1.0,0.4513,0.2001,0.3,0.1805,0.6806,0.6487
164.501,4,NAVIGATE,-7.197,2.9443,-1.9376,-0.3545,0.818,0.9294,-0.1545,1.018,1.0297,0.0,12.0,11.5673,7.2261152267456055,0.9240572452545166,-50.92,0,1,180,1.76,0.6806,1.0,0.4672,0.2042,0.3,0.1869,0.6911,0.6609
164.551,4,NAVIGATE,-7.2053,2.9798,-1.94,-0.3381,0.8332,0.9267,-0.1381,1.0332,1.0424,0.0,12.0,11.5447,7.2052507400512695,0.9352945685386658,-53.92,0,1,180,1.571,0.6917,1.0,0.4807,0.2075,0.3,0.1923,0.6998,0.672
164.602,4,NAVIGATE,-7.2136,3.0155,-1.9426,-0.3222,0.8481,0.9241,-0.1222,1.0481,1.0552,0.0,12.0,11.522,7.202094078063965,0.9468815326690674,-51.67,0,1,180,2.229,0.702,1.0,0.4939,0.2106,0.3,0.1975,0.7082,0.6824
164.651,4,NAVIGATE,-7.2227,3.0587,-1.948,-0.3031,0.866,0.9208,-0.1031,1.066,1.0709,0.0,12.0,11.4941,7.166829586029053,0.9695249199867249,-51.67,0,1,180,1.662,0.7138,1.0,0.5096,0.2141,0.3,0.2038,0.718,0.7088
164.702,4,NAVIGATE,-7.2302,3.095,-1.9526,-0.2875,0.8807,0.918,-0.0875,1.0807,1.0842,0.0,12.0,11.4706,7.161467552185059,0.9798094034194946,-53.17,0,1,180,2.045,0.7229,1.0,0.5225,0.2169,0.3,0.209,0.7259,0.7215
164.751,4,NAVIGATE,-7.239,3.1392,-1.9577,-0.2692,0.898,0.9147,-0.0692,1.098,1.1002,0.0,12.0,11.4419,7.128273963928223,1.0017048120498657,-55.93,0,1,180,1.697,0.7331,1.0,0.5377,0.2199,0.3,0.2151,0.735,0.7582
164.801,4,NAVIGATE,-7.2434,3.1872,-1.9645,-0.2499,0.9163,0.9113,-0.0499,1.1163,1.1174,0.0,12.0,11.4075,7.107385158538818,1.0123625993728638,-57.68,0,1,180,1.619,0.7434,1.0,0.5538,0.223,0.3,0.2215,0.7445,0.7742
164.851,4,NAVIGATE,-7.2473,3.2275,-1.9697,-0.2341,0.9313,0.9086,-0.0341,1.1313,1.1318,0.0,12.0,11.379,7.091773509979248,1.0254442691802979,-58.93,0,1,180,1.635,0.7514,1.0,0.5669,0.2254,0.3,0.2268,0.7522,0.789
164.901,4,NAVIGATE,-7.2513,3.2678,-1.9743,-0.2187,0.946,0.9059,-0.0187,1.146,1.1462,0.0,12.0,11.3504,7.088040828704834,1.0367470979690552,-60.43,0,1,180,1.712,0.7588,1.0,0.5798,0.2276,0.3,0.2319,0.7596,0.8011
164.951,4,NAVIGATE,-7.2558,3.3177,-1.9838,-0.2005,0.9644,0.9028,-0.0005,1.1644,1.1644,0.0,12.0,11.315,7.047636985778809,1.0650756359100342,-63.68,0,1,180,1.566,0.7671,1.0,0.5954,0.2301,0.3,0.2382,0.7683,0.8448
165.002,4,NAVIGATE,-7.2595,3.3594,-1.9907,-0.1854,0.9794,0.9003,0.0146,1.1794,1.1795,0.0,12.0,11.2854,7.019534587860107,1.0789331197738647,-64.94,0,1,180,1.582,0.7735,1.0,0.6083,0.2321,0.3,0.2433,0.7754,0.8591
165.051,4,NAVIGATE,-7.2649,3.41,-1.9982,-0.168,0.997,0.8973,0.032,1.197,1.1975,0.0,12.0,11.2502,6.980986595153809,1.1088957786560059,-67.94,0,1,180,1.882,0.7805,1.0,0.6231,0.2342,0.3,0.2492,0.7834,0.8949
165.101,4,NAVIGATE,-7.2718,3.4614,-2.005,-0.1514,1.0142,0.8943,0.0486,1.2142,1.2151,0.0,12.0,11.2155,6.970869064331055,1.1246917247772217,-69.19,0,1,180,1.817,0.7866,1.0,0.6373,0.236,0.3,0.2549,0.7909,0.9131
165.151,4,NAVIGATE,-7.2771,3.5044,-2.0098,-0.1375,1.0284,0.8918,0.0625,1.2284,1.2299,0.0,12.0,11.1862,6.945461750030518,1.1407520771026611,-70.69,0,1,180,1.606,0.7916,1.0,0.6491,0.2375,0.3,0.2596,0.7971,0.9341
165.201,4,NAVIGATE,-7.28,3.5554,-2.0149,-0.1197,1.0447,0.8888,0.0803,1.2447,1.2473,0.0,12.0,11.1494,6.903744697570801,1.174025535583496,-73.19,0,1,180,1.567,0.7979,1.0,0.6635,0.2394,0.3,0.2654,0.8048,0.9838
165.251,4,NAVIGATE,-7.2799,3.5977,-2.0186,-0.1039,1.0581,0.8862,0.0961,1.2581,1.2617,0.0,12.0,11.1174,6.891928672790527,1.193690538406372,-74.44,0,1,180,1.986,0.8034,1.0,0.6758,0.241,0.3,0.2703,0.8114,1.0075
165.301,4,NAVIGATE,-7.2799,3.649,-2.0223,-0.0852,1.0743,0.8831,0.1148,1.2743,1.2794,0.0,12.0,11.0786,6.863842487335205,1.2114444971084595,-75.95,0,1,180,1.742,0.8097,1.0,0.6906,0.2429,0.3,0.2763,0.8192,1.0331
165.351,4,NAVIGATE,-7.2812,3.6943,-2.0231,-0.0702,1.0887,0.8806,0.1298,1.2887,1.2953,0.0,12.0,11.0454,6.819153785705566,1.2492607831954956,-78.45,0,1,180,1.727,0.8142,1.0,0.7031,0.2443,0.3,0.2812,0.8255,1.0721
165.401,4,NAVIGATE,-7.2828,3.7498,-2.0232,-0.0525,1.1065,0.8776,0.1475,1.3065,1.3148,0.0,12.0,11.0048,6.803777694702148,1.2690377235412598,-79.7,0,1,180,1.569,0.8192,1.0,0.7181,0.2458,0.3,0.2872,0.833,1.0929
165.451,4,NAVIGATE,-7.2838,3.8056,-2.0229,-0.0347,1.1245,0.8747,0.1653,1.3245,1.3347,0.0,12.0,10.9637,6.773719787597656,1.2876434326171875,-80.7,0,1,180,1.765,0.8239,1.0,0.7332,0.2472,0.3,0.2933,0.8404,1.1251
165.501,4,NAVIGATE,-7.2866,3.8552,-2.0165,-0.0208,1.1411,0.8722,0.1792,1.3411,1.353,0.0,12.0,10.9285,6.748849868774414,1.3342523574829102,-83.2,0,1,180,1.649,0.827,1.0,0.746,0.2481,0.3,0.2984,0.8465,1.1845
165.551,4,NAVIGATE,-7.2889,3.9148,-2.0095,-0.0038,1.1609,0.8691,0.1962,1.3609,1.375,0.0,12.0,10.8857,6.713667869567871,1.3557312488555908,-84.2,0,1,180,1.649,0.8307,1.0,0.7614,0.2492,0.3,0.3046,0.8538,1.1976
165.602,4,NAVIGATE,-7.2913,3.9749,-2.0026,0.0132,1.1806,0.8661,0.2132,1.3806,1.3969,0.0,12.0,10.8428,6.678246974945068,1.37664794921875,-85.45,0,1,180,2.106,0.8341,1.0,0.7768,0.2502,0.3,0.3107,0.8609,1.2261
165.651,4,NAVIGATE,-7.2966,4.0256,-1.9945,0.0262,1.1969,0.8635,0.2262,1.3969,1.4151,0.0,12.0,10.8089,6.6277642250061035,1.4262025356292725,-87.96,0,1,180,1.535,0.8362,1.0,0.7888,0.2509,0.3,0.3155,0.8664,1.2981
165.702,4,NAVIGATE,-7.3014,4.0867,-1.9861,0.0424,1.2162,0.8602,0.2424,1.4162,1.4368,0.0,12.0,10.7671,6.60513162612915,1.452389121055603,-88.71,0,1,180,1.713,0.8388,1.0,0.8035,0.2516,0.3,0.3214,0.873,1.3142
165.751,4,NAVIGATE,-7.3031,4.1376,-1.9821,0.0569,1.2319,0.8573,0.2569,1.4319,1.4548,0.0,12.0,10.7309,6.5785441398620605,1.4747483730316162,-89.96,0,1,180,1.836,0.8414,1.0,0.816,0.2524,0.3,0.3264,0.8788,1.3484
165.801,4,NAVIGATE,-7.3021,4.1983,-1.9815,0.0754,1.2502,0.8538,0.2754,1.4502,1.4761,0.0,12.0,10.6858,6.5270795822143555,1.5298519134521484,-91.96,0,1,180,1.629,0.8448,1.0,0.8313,0.2534,0.3,0.3325,0.8859,1.4112
165.852,4,NAVIGATE,-7.3003,4.2495,-1.9814,0.0909,1.2654,0.8508,0.2909,1.4654,1.494,0.0,12.0,10.6473,6.490501403808594,1.5551812648773193,-92.96,0,1,180,1.987,0.8475,1.0,0.8441,0.2543,0.3,0.3376,0.8919,1.4427
165.902,4,NAVIGATE,-7.2955,4.3118,-1.9805,0.1104,1.2837,0.8471,0.3104,1.3837,1.418,0.0,12.0,10.5988,6.474133014678955,1.580847978591919,-93.96,0,1,180,1.909,0.8585,1.0,0.8116,0.2575,0.3,0.3246,0.8822,1.4667
165.951,4,NAVIGATE,-7.2883,4.3751,-1.9791,0.1305,1.3024,0.8434,0.3305,1.4024,1.4408,0.0,12.0,10.5479,6.409265518188477,1.6384602785110474,-95.96,0,1,180,1.735,0.8621,1.0,0.8281,0.2586,0.3,0.3312,0.8899,1.5246
166.001,4,NAVIGATE,-7.2817,4.4284,-1.9782,0.1469,1.3179,0.8404,0.3469,1.4179,1.4597,0.0,12.0,10.5049,6.380359649658203,1.66834557056427,-96.71,0,1,180,1.633,0.8649,1.0,0.8416,0.2595,0.3,0.3367,0.8961,1.5637
166.051,4,NAVIGATE,-7.2722,4.4929,-1.9779,0.1663,1.3343,0.8368,0.3663,1.4343,1.4804,0.0,12.0,10.4519,6.327045917510986,1.725695252418518,-98.47,0,1,180,1.743,0.8681,1.0,0.8567,0.2604,0.3,0.3427,0.9031,1.5794
166.101,4,NAVIGATE,-7.2618,4.558,-1.9781,0.1855,1.3485,0.8331,0.3855,1.4485,1.4989,0.0,12.0,10.3979,6.281299591064453,1.762407898902893,-99.47,0,1,180,1.587,0.8712,1.0,0.8706,0.2614,0.3,0.3483,0.9096,1.5886
166.151,4,NAVIGATE,-7.2526,4.6127,-1.9784,0.2015,1.359,0.8299,0.4015,1.359,1.4171,0.0,12.0,10.3524,6.250509262084961,1.790819764137268,-100.22,0,1,180,1.543,0.8828,1.0,0.834,0.2648,0.3,0.3336,0.8985,1.5966
166.202,4,NAVIGATE,-7.239,4.6798,-1.9806,0.2216,1.3713,0.826,0.4216,1.3713,1.4347,0.0,12.0,10.295,6.18584680557251,1.8272981643676758,133.5,0,1,180,2.134,0.8863,1.0,0.8477,0.2659,0.3,0.3391,0.905,1.6128
166.251,4,NAVIGATE,-7.2273,4.736,-1.9824,0.2384,1.3812,0.8228,0.4384,1.3812,1.4491,0.0,12.0,10.2469,6.154679298400879,1.8338197469711304,133.0,0,1,180,1.572,0.889,1.0,0.8589,0.2667,0.3,0.3436,0.9103,1.6229
166.301,4,NAVIGATE,-7.214,4.8035,-1.9843,0.2575,1.3904,0.8189,0.4575,1.3904,1.4637,0.0,12.0,10.1898,6.124175548553467,1.8413488864898682,133.0,0,1,180,1.762,0.8922,1.0,0.8706,0.2676,0.3,0.3482,0.9159,1.6334
166.351,4,NAVIGATE,-7.2057,4.8704,-1.9864,0.2746,1.3967,0.815,0.4746,1.3967,1.4752,0.0,12.0,10.1367,6.060294151306152,1.8554264307022095,132.5,0,1,180,1.58,0.8947,1.0,0.8798,0.2684,0.3,0.3519,0.9203,1.6519
166.4,4,NAVIGATE,-7.1976,4.9263,-1.9879,0.2891,1.4008,0.8117,0.4891,1.4008,1.4837,0.0,12.0,10.0917,6.021334648132324,1.86478853225708,133.5,0,1,180,0.959,0.8969,1.0,0.8871,0.2691,0.3,0.3549,0.9239,1.6636
166.451,4,NAVIGATE,-7.1885,4.9823,-1.9887,0.3039,1.4043,0.8084,0.5039,1.4043,1.492,0.0,12.0,10.046,6.000335693359375,1.8725312948226929,135.0,0,1,180,1.299,0.8992,1.0,0.8944,0.2698,0.3,0.3577,0.9275,1.6739
166.5,4,NAVIGATE,-7.1759,5.0495,-1.9863,0.3221,1.4082,0.8044,0.5221,1.3082,1.4086,0.0,12.0,9.9902,5.954015731811523,1.8908581733703613,134.5,0,1,180,1.011,0.9124,1.0,0.8568,0.2737,0.3,0.3427,0.9164,1.6962
166.55,4,NAVIGATE,-7.1621,5.1169,-1.9843,0.3407,1.4125,0.8004,0.5407,1.3125,1.4195,0.0,12.0,9.9334,5.929317474365234,1.9010250568389893,135.0,0,1,180,1.052,0.9153,1.0,0.8662,0.2746,0.3,0.3465,0.9211,1.71
166.601,4,NAVIGATE,-7.1495,5.1753,-1.9815,0.3564,1.4173,0.797,0.5564,1.3173,1.43,0.0,12.0,9.884,5.90676212310791,1.9118496179580688,133.75,0,1,180,1.632,0.9175,1.0,0.8747,0.2753,0.3,0.3499,0.9251,1.7219
166.65,4,NAVIGATE,-7.1333,5.2468,-1.9774,0.375,1.4215,0.793,0.575,1.3215,1.4411,0.0,12.0,9.8229,5.857332706451416,1.932286024093628,133.75,0,1,180,1.014,0.9201,1.0,0.884,0.276,0.3,0.3536,0.9297,1.748
166.701,4,NAVIGATE,-7.116,5.3179,-1.9742,0.3939,1.4231,0.7891,0.5939,1.3231,1.4502,0.0,12.0,9.7615,5.828839302062988,1.9450687170028687,134.0,0,1,180,1.008,0.923,1.0,0.8924,0.2769,0.3,0.357,0.9339,1.7642
166.751,4,NAVIGATE,-7.1014,5.3761,-1.9706,0.4092,1.4225,0.7858,0.6092,1.3225,1.456,0.0,12.0,9.7112,5.777275562286377,1.9702732563018799,135.0,0,1,180,1.082,0.9255,1.0,0.8984,0.2776,0.3,0.3593,0.937,1.7907
166.8,4,NAVIGATE,-7.0832,5.4453,-1.9669,0.4278,1.4205,0.7819,0.6278,1.3205,1.4621,0.0,12.0,9.6506,5.749304294586182,1.9816689491271973,133.75,0,1,180,1.022,0.9286,1.0,0.9051,0.2786,0.3,0.362,0.9406,1.8076
166.851,4,NAVIGATE,-7.0638,5.5137,-1.9641,0.4468,1.4175,0.778,0.6468,1.3175,1.4677,0.0,12.0,9.5901,5.723405838012695,1.9968796968460083,135.0,0,1,180,1.108,0.9318,1.0,0.9117,0.2795,0.3,0.3647,0.9442,1.825
166.901,4,NAVIGATE,-7.0468,5.5677,-1.9626,0.4629,1.4134,0.7745,0.6629,1.3134,1.4712,0.0,12.0,9.541,5.665913105010986,2.0230021476745605,135.0,0,1,180,1.187,0.9347,1.0,0.9167,0.2804,0.3,0.3667,0.9471,1.8575
166.95,4,NAVIGATE,-7.0253,5.6328,-1.9614,0.4823,1.4088,0.7702,0.6823,1.3088,1.476,0.0,12.0,9.4814,5.638636589050293,2.03924822807312,134.0,0,1,180,0.994,0.938,1.0,0.923,0.2814,0.3,0.3692,0.9506,1.8747
167.001,4,NAVIGATE,-7.0061,5.6873,-1.9609,0.4988,1.4054,0.7666,0.6988,1.3054,1.4807,0.0,12.0,9.4306,5.607587814331055,2.055144786834717,134.0,0,1,180,1.4,0.9408,1.0,0.9287,0.2822,0.3,0.3715,0.9537,1.8932
167.051,4,NAVIGATE,-6.9798,5.7541,-1.9608,0.5192,1.402,0.7624,0.7192,1.302,1.4875,0.0,12.0,9.3664,5.550204753875732,2.0853285789489746,134.75,0,1,180,1.08,0.944,1.0,0.9362,0.2832,0.3,0.3745,0.9577,1.9313
167.101,4,NAVIGATE,-6.9528,5.8207,-1.9611,0.5395,1.399,0.7582,0.7395,1.299,1.4948,0.0,12.0,9.3019,5.52169942855835,2.101440191268921,134.75,0,1,180,1.553,0.9471,1.0,0.9438,0.2841,0.3,0.3775,0.9617,1.9497
167.151,4,NAVIGATE,-6.9302,5.8762,-1.9616,0.5562,1.3967,0.7548,0.7562,1.1967,1.4156,0.0,12.0,9.2481,5.487609386444092,2.120954990386963,135.0,0,1,180,1.603,0.9601,1.0,0.906,0.288,0.3,0.3624,0.9504,1.9717
167.202,4,NAVIGATE,-6.9075,5.9316,-1.9625,0.5726,1.3946,0.7515,0.7726,1.1946,1.4227,0.0,12.0,9.1945,5.4267072677612305,2.1567649841308594,134.5,0,1,180,1.987,0.9622,1.0,0.9126,0.2887,0.3,0.365,0.9537,1.9388
167.252,4,NAVIGATE,-6.8795,5.998,-1.9637,0.5923,1.3922,0.7476,0.7923,1.1922,1.4314,0.0,12.0,9.1297,5.3970723152160645,2.173746347427368,135.0,0,1,180,1.771,0.9646,1.0,0.9205,0.2894,0.3,0.3682,0.9576,1.8663
167.301,4,NAVIGATE,-6.8546,6.0533,-1.9662,0.6089,1.3881,0.7444,0.8089,1.1881,1.4373,0.0,12.0,9.0746,5.329222202301025,2.2137186527252197,134.0,0,1,180,1.637,0.9668,1.0,0.9264,0.29,0.3,0.3705,0.9606,1.7672
167.351,4,NAVIGATE,-6.8232,6.1194,-1.9701,0.6289,1.3809,0.7405,0.8289,1.1809,1.4427,0.0,12.0,9.0076,5.298379421234131,2.232146739959717,134.75,0,1,180,1.586,0.9695,1.0,0.9325,0.2909,0.3,0.373,0.9639,1.6938
167.403,4,NAVIGATE,-6.7911,6.1852,-1.9738,0.649,1.3716,0.7365,0.849,1.1716,1.4469,0.0,12.0,8.9404,5.266103267669678,2.2513821125030518,135.0,0,1,180,2.539,0.9724,1.0,0.9379,0.2917,0.3,0.3752,0.9669,1.6197
167.451,4,NAVIGATE,-6.7575,6.2504,-1.9794,0.6695,1.3614,0.7327,0.8695,1.1614,1.4508,0.0,12.0,8.8726,5.197988033294678,2.29550838470459,135.0,0,1,180,1.732,0.9752,1.0,0.9432,0.2926,0.3,0.3773,0.9698,1.5107
167.502,4,NAVIGATE,-6.7289,6.3043,-1.9839,0.6865,1.3526,0.7295,0.8865,1.1526,1.4541,0.0,12.0,8.8158,5.167392253875732,2.3174500465393066,134.75,0,1,180,1.826,0.9775,1.0,0.9476,0.2932,0.3,0.379,0.9723,1.4434
167.551,4,NAVIGATE,-6.6938,6.3685,-1.9886,0.7069,1.3419,0.7257,0.9069,1.1419,1.4583,0.0,12.0,8.7477,5.1334919929504395,2.3384618759155273,134.25,0,1,180,1.591,0.98,1.0,0.9528,0.294,0.3,0.3811,0.9751,1.3656
167.601,4,NAVIGATE,-6.664,6.4208,-1.9913,0.724,1.3328,0.7226,0.924,1.1328,1.4618,0.0,12.0,8.6911,5.061380863189697,2.3865444660186768,134.75,0,1,180,1.521,0.9821,1.0,0.9571,0.2946,0.3,0.3828,0.9775,1.2635
167.651,4,NAVIGATE,-6.6274,6.4834,-1.9941,0.7443,1.322,0.719,0.9443,1.122,1.4665,0.0,12.0,8.623,5.02830171585083,2.410137414932251,134.75,0,1,180,1.467,0.9844,1.0,0.9624,0.2953,0.3,0.3849,0.9803,1.1849
167.702,4,NAVIGATE,-6.5904,6.5459,-1.9986,0.7646,1.3115,0.7155,0.9646,1.1115,1.4717,0.0,12.0,8.5545,4.996951580047607,2.431314706802368,135.0,0,1,180,1.984,0.9865,1.0,0.9679,0.2959,0.3,0.3871,0.9831,1.1345
167.751,4,NAVIGATE,-6.5592,6.5984,-2.005,0.7815,1.3031,0.7127,0.8815,1.2031,1.4915,0.0,12.0,8.4971,4.922744274139404,2.4830503463745117,135.0,0,1,180,1.787,0.969,1.0,0.9635,0.2907,0.3,0.3854,0.9761,1.425
167.801,4,NAVIGATE,-6.5274,6.6505,-2.0105,0.7983,1.2946,0.7099,0.8983,1.1946,1.4947,0.0,12.0,8.4394,4.887864112854004,2.5087127685546875,134.75,0,1,180,1.6,0.9715,1.0,0.968,0.2914,0.3,0.3872,0.9786,1.3609
167.852,4,NAVIGATE,-6.488,6.7133,-2.0164,0.8188,1.2847,0.7065,0.9188,1.1847,1.4992,0.0,12.0,8.3691,4.8529253005981445,2.531764507293701,135.0,0,1,180,2.035,0.9743,1.0,0.9738,0.2923,0.3,0.3895,0.9818,1.2885
167.901,4,NAVIGATE,-6.4469,6.7772,-2.0216,0.8373,1.2776,0.703,0.9373,1.0776,1.4282,0.0,12.0,8.297,4.777069568634033,2.5871694087982178,135.0,0,1,180,1.731,0.9849,1.0,0.9377,0.2955,0.3,0.3751,0.9706,1.0838
167.952,4,NAVIGATE,-6.4123,6.83,-2.0251,0.8506,1.2735,0.7002,0.9506,1.0735,1.4339,0.0,12.0,8.2369,4.739553928375244,2.6129863262176514,135.0,0,1,180,1.727,0.986,1.0,0.9426,0.2958,0.3,0.377,0.9728,1.0309
168.002,4,NAVIGATE,-6.3715,6.8938,-2.0256,0.8647,1.2704,0.6971,0.8647,1.1704,1.4552,0.0,12.0,8.1651,4.7046709060668945,2.640718460083008,134.5,0,1,180,1.893,0.9667,1.0,0.9378,0.29,0.3,0.3751,0.9651,1.3759
168.051,4,NAVIGATE,-6.3375,6.9469,-2.0246,0.8754,1.2664,0.6947,0.8754,1.1664,1.4584,0.0,12.0,8.1054,4.62470006942749,2.694622278213501,135.0,0,1,180,1.794,0.968,1.0,0.9411,0.2904,0.3,0.3764,0.9668,1.3156
168.101,4,NAVIGATE,-6.296,7.01,-2.0232,0.8881,1.2594,0.6917,0.8881,1.1594,1.4605,0.0,12.0,8.0337,4.588998317718506,2.7231252193450928,135.0,0,1,180,1.612,0.9697,1.0,0.9441,0.2909,0.3,0.3776,0.9685,1.2683
168.151,4,NAVIGATE,-6.2545,7.0733,-2.0212,0.8983,1.2532,0.6886,0.8983,1.1532,1.4618,0.0,12.0,7.9619,4.509269714355469,2.7839574813842773,135.0,0,1,180,1.655,0.9709,1.0,0.9462,0.2913,0.3,0.3785,0.9697,1.2137
168.202,4,NAVIGATE,-6.2196,7.1256,-2.0194,0.9053,1.2489,0.6861,0.9053,1.1489,1.4627,0.0,12.0,7.9021,4.4720988273620605,2.8110544681549072,135.0,0,1,180,2.028,0.9716,1.0,0.9475,0.2915,0.3,0.379,0.9705,1.1862
168.251,4,NAVIGATE,-6.1771,7.1878,-2.0173,0.9124,1.2446,0.6833,0.9124,1.1446,1.4637,0.0,12.0,7.8303,4.435148239135742,2.8401737213134766,135.0,0,1,180,1.687,0.9723,1.0,0.9488,0.2917,0.3,0.3795,0.9712,1.1609
168.301,4,NAVIGATE,-6.1337,7.2486,-2.0182,0.9196,1.2405,0.6806,0.9196,1.1405,1.4651,0.0,12.0,7.7588,4.35778284072876,2.9017984867095947,134.75,0,1,180,1.718,0.9729,1.0,0.9503,0.2919,0.3,0.3801,0.972,1.2122
168.351,4,NAVIGATE,-6.0972,7.2989,-2.0187,0.9253,1.2375,0.6784,0.9253,1.1375,1.4663,0.0,12.0,7.6991,4.3187150955200195,2.9301860332489014,135.0,0,1,180,1.648,0.9734,1.0,0.9516,0.292,0.3,0.3806,0.9726,1.1889
168.402,4,NAVIGATE,-6.0516,7.3593,-2.0193,0.9324,1.2341,0.6758,0.9324,1.1341,1.4682,0.0,12.0,7.6261,4.282869338989258,2.961077928543091,134.75,0,1,180,2.026,0.974,1.0,0.9533,0.2922,0.3,0.3813,0.9735,1.1632
168.451,4,NAVIGATE,-6.0111,7.4097,-2.0202,0.9389,1.2313,0.6737,0.9389,1.1313,1.4702,0.0,12.0,7.5633,4.20431661605835,3.019136667251587,135.0,0,1,180,1.76,0.9746,1.0,0.9552,0.2924,0.3,0.3821,0.9745,1.1273
168.501,4,NAVIGATE,-5.9626,7.4699,-2.0208,0.9467,1.2277,0.671,0.9467,1.1277,1.4724,0.0,12.0,7.4883,4.166808605194092,3.0517609119415283,135.0,0,1,180,1.57,0.9753,1.0,0.9573,0.2926,0.3,0.3829,0.9755,1.1045
168.552,4,NAVIGATE,-5.9227,7.5189,-2.0197,0.9528,1.224,0.6687,0.8528,1.224,1.4918,0.0,12.0,7.4269,4.131599426269531,3.083991050720215,135.0,0,1,180,1.694,0.9509,1.0,0.9458,0.2853,0.3,0.3783,0.9636,1.4503
168.601,4,NAVIGATE,-5.8756,7.5762,-2.0161,0.96,1.2185,0.6659,0.86,1.2185,1.4915,0.0,12.0,7.3548,4.051184177398682,3.146714448928833,135.0,0,1,180,1.674,0.9521,1.0,0.9467,0.2856,0.3,0.3787,0.9643,1.4072
168.651,4,NAVIGATE,-5.8283,7.6333,-2.0129,0.9668,1.2133,0.663,0.8668,1.2133,1.4912,0.0,12.0,7.2826,4.013812065124512,3.1785714626312256,135.0,0,1,180,1.791,0.9531,1.0,0.9475,0.2859,0.3,0.379,0.9649,1.3828
168.701,4,NAVIGATE,-5.7794,7.688,-2.0072,0.9713,1.2093,0.66,0.8713,1.2093,1.4905,0.0,12.0,7.2108,3.9383811950683594,3.239748239517212,134.75,0,1,180,1.67,0.9537,1.0,0.9477,0.2861,0.3,0.3791,0.9652,1.4119
168.751,4,NAVIGATE,-5.7305,7.7426,-2.0017,0.9733,1.2077,0.6571,0.8733,1.2077,1.4904,0.0,12.0,7.139,3.895289659500122,3.2738068103790283,135.0,0,1,180,1.727,0.9536,1.0,0.9475,0.2861,0.3,0.379,0.9651,1.3987
168.801,4,NAVIGATE,-5.69,7.7884,-1.9978,0.9737,1.208,0.6549,0.8737,1.208,1.4909,0.0,12.0,7.0791,3.859658718109131,3.304551362991333,135.0,0,1,180,1.868,0.9531,1.0,0.9473,0.2859,0.3,0.3789,0.9649,1.39
168.851,4,NAVIGATE,-5.6424,7.8434,-1.9946,0.9725,1.2098,0.6522,0.8725,1.2098,1.4916,0.0,12.0,7.0081,3.784001111984253,3.36781644821167,135.0,0,1,180,1.629,0.952,1.0,0.9467,0.2856,0.3,0.3787,0.9643,1.3767
168.901,4,NAVIGATE,-5.595,7.899,-1.9921,0.9711,1.2122,0.6498,0.8711,1.2122,1.4927,0.0,12.0,6.9371,3.741265296936035,3.3879873752593994,-26.65,0,1,180,1.667,0.9507,1.0,0.9461,0.2852,0.3,0.3784,0.9637,1.3678
168.951,4,NAVIGATE,-5.5559,7.9447,-1.9908,0.9698,1.2139,0.6478,0.8698,1.2139,1.4934,0.0,12.0,6.8785,3.669769048690796,3.313138008117676,-27.65,0,1,180,1.725,0.9497,1.0,0.9455,0.2849,0.3,0.3782,0.9631,1.3438
169.001,4,NAVIGATE,-5.5096,7.9961,-1.9918,0.9683,1.2138,0.6456,0.9683,1.1138,1.4759,0.0,12.0,6.8108,3.632340908050537,3.279529571533203,-28.15,0,1,180,1.656,0.9744,1.0,0.9588,0.2923,0.3,0.3835,0.9758,1.0937
169.051,4,NAVIGATE,-5.4635,8.0485,-1.9928,0.9669,1.2141,0.6433,0.8669,1.2141,1.4918,0.0,12.0,6.7427,3.5922012329101562,3.2393312454223633,-28.4,0,1,180,1.547,0.9478,1.0,0.9426,0.2843,0.3,0.377,0.9614,1.3955
169.101,4,NAVIGATE,-5.4257,8.0944,-1.9916,0.966,1.215,0.6416,0.866,1.215,1.492,0.0,12.0,6.6852,10.84640121459961,3.1717114448547363,-29.65,0,1,180,1.565,0.9468,1.0,0.9418,0.284,0.3,0.3767,0.9607,1.3679
169.151,4,NAVIGATE,-5.3809,8.1512,-1.9891,0.9674,1.2144,0.6395,0.8674,1.2144,1.4923,0.0,12.0,6.6157,10.808478355407715,3.134685516357422,-30.4,0,1,180,1.933,0.9462,1.0,0.9413,0.2838,0.3,0.3765,0.9604,1.3527
169.201,4,NAVIGATE,-5.3357,8.2081,-1.987,0.9688,1.2136,0.6374,0.8688,1.2136,1.4925,0.0,12.0,6.5459,10.761397361755371,3.097851276397705,-30.9,0,1,180,1.822,0.9455,1.0,0.9408,0.2837,0.3,0.3763,0.96,1.3346
169.251,4,NAVIGATE,-5.2998,8.2553,-1.9833,0.969,1.213,0.6355,0.869,1.213,1.4921,0.0,12.0,6.4893,10.685596466064453,3.031736135482788,-32.15,0,1,180,1.588,0.9447,1.0,0.9398,0.2834,0.3,0.3759,0.9593,1.3655
169.301,4,NAVIGATE,-5.2568,8.3119,-1.9788,0.9683,1.2129,0.6333,0.8683,1.2129,1.4917,0.0,12.0,6.4215,10.64893627166748,2.9974215030670166,-32.66,0,1,180,1.712,0.9435,1.0,0.9383,0.2831,0.3,0.3753,0.9584,1.3578
169.352,4,NAVIGATE,-5.2206,8.3593,-1.9757,0.9672,1.2136,0.6314,0.8672,1.2136,1.4916,0.0,12.0,6.3647,10.604516983032227,2.9631969928741455,-33.41,0,1,180,2.133,0.9423,1.0,0.937,0.2827,0.3,0.3748,0.9575,1.3427
169.401,4,NAVIGATE,-5.1774,8.4162,-1.9684,0.9654,1.2147,0.6291,0.9654,1.1147,1.4746,0.0,12.0,6.2968,10.528304100036621,2.899204969406128,-34.41,0,1,180,1.531,0.9685,1.0,0.9521,0.2906,0.3,0.3809,0.9714,1.1152
169.451,4,NAVIGATE,-5.1341,8.4733,-1.9616,0.9631,1.2165,0.6269,0.9631,1.1165,1.4745,0.0,12.0,6.2287,10.488127708435059,2.8693618774414062,-35.66,0,1,180,1.72,0.9671,1.0,0.9507,0.2901,0.3,0.3803,0.9704,1.1074
169.502,4,NAVIGATE,-5.0982,8.5215,-1.9576,0.9611,1.2183,0.6251,0.9611,1.1183,1.4746,0.0,12.0,6.1718,10.44385051727295,2.8345015048980713,-35.66,0,1,180,1.899,0.9658,1.0,0.9495,0.2898,0.3,0.3798,0.9695,1.0978
169.551,4,NAVIGATE,-5.0638,8.5711,-1.9567,0.9601,1.2191,0.6234,0.9601,1.1191,1.4746,0.0,12.0,6.1155,10.367315292358398,2.774996519088745,-36.16,0,1,180,1.761,0.9647,1.0,0.9483,0.2894,0.3,0.3793,0.9687,1.1292
169.601,4,NAVIGATE,-5.0149,8.6404,-1.9562,0.9621,1.2171,0.6208,0.9621,1.1171,1.4743,0.0,12.0,6.0362,10.325471878051758,2.7445743083953857,-36.16,0,1,180,1.576,0.9639,1.0,0.9474,0.2892,0.3,0.379,0.9681,1.1157
169.651,4,NAVIGATE,-4.9795,8.6894,-1.9563,0.9651,1.2137,0.6187,0.9651,1.1137,1.4737,0.0,12.0,5.9796,10.240655899047852,2.680830478668213,-35.91,0,1,180,1.551,0.9638,1.0,0.9469,0.2891,0.3,0.3787,0.9679,1.1312
169.702,4,NAVIGATE,-4.9439,8.7378,-1.9568,0.9687,1.2091,0.6163,0.9687,1.1091,1.4726,0.0,12.0,5.9232,10.20560359954834,2.6508584022521973,-35.66,0,1,180,2.254,0.9639,1.0,0.9463,0.2892,0.3,0.3785,0.9677,1.1093
169.752,4,NAVIGATE,-4.8933,8.8053,-1.9577,0.9746,1.2018,0.6126,0.9746,1.1018,1.471,0.0,12.0,5.8438,10.169208526611328,2.620030641555786,-35.66,0,1,180,2.66,0.9643,1.0,0.9456,0.2893,0.3,0.3783,9980.2461,1.0852
169.802,4,NAVIGATE,-4.857,8.8525,-1.9562,0.9788,1.1961,0.6099,0.9788,1.0961,1.4695,0.0,12.0,5.7876,10.098492622375488,2.5561599731445312,-33.66,0,1,180,1.914,0.9646,1.0,0.945,0.2894,0.3,0.378,9980.7114,1.0941
169.851,4,NAVIGATE,-4.8203,8.8994,-1.9545,0.9828,1.1905,0.6071,0.8828,1.1905,1.4821,0.0,12.0,5.7314,10.063936233520508,2.5252468585968018,-34.91,0,1,180,1.766,0.9355,1.0,0.9243,0.2806,0.3,0.3697,0.9504,1.2809
169.901,4,NAVIGATE,-4.7757,8.9555,-1.9532,0.9878,1.1839,0.6036,0.9878,0.9839,1.3943,0.0,12.0,5.6635,10.03123664855957,2.4935731887817383,-34.16,0,1,180,1.673,0.9768,1.0,0.9079,0.293,0.3,0.3632,9981.7492,0.9889
169.951,4,NAVIGATE,-4.7324,9.014,-1.951,0.9914,1.1797,0.5998,0.8914,1.1797,1.4786,0.0,12.0,5.5957,9.96573543548584,2.428720712661743,-34.16,0,1,180,1.582,0.9356,1.0,0.9223,0.2807,0.3,0.3689,0.9496,1.2556
170.002,4,NAVIGATE,-4.6961,9.0628,-1.9496,0.9923,1.1783,0.5967,0.9923,0.9783,1.3934,0.0,12.0,5.539,9.93803882598877,2.3969671726226807,-33.66,0,1,180,1.813,0.976,1.0,0.9067,0.2928,0.3,0.3627,9982.7002,0.9944
170.051,4,NAVIGATE,-4.652,9.121,-1.9486,0.9934,1.1743,0.593,0.9934,0.9743,1.3914,0.0,12.0,5.4708,9.909259796142578,2.3649184703826904,-35.66,0,1,180,1.769,0.9756,1.0,0.9049,0.2927,0.3,0.362,9983.1677,0.9782
170.101,4,NAVIGATE,-4.6137,9.1689,-1.9484,0.9938,1.1718,0.5899,0.9938,0.9718,1.39,0.0,12.0,5.4131,9.84709358215332,2.29683518409729,-35.16,0,1,180,1.596,0.9751,1.0,0.9036,0.2925,0.3,0.3614,9983.5457,0.9824
170.151,4,NAVIGATE,-4.5675,9.2261,-1.9487,0.9952,1.1664,0.5862,0.9952,0.9664,1.3872,0.0,12.0,5.3439,9.820313453674316,2.266528606414795,-33.41,0,1,180,1.667,0.9748,1.0,0.9015,0.2924,0.3,0.3606,9984.0167,0.966
170.201,4,NAVIGATE,-4.5222,9.2837,-1.9496,0.9976,1.1583,0.5823,0.9976,0.9583,1.3833,0.0,12.0,5.2753,9.758458137512207,2.198962450027466,-33.91,0,1,180,1.732,0.9749,1.0,0.8991,0.2925,0.3,0.3596,9984.5075,0.9709
170.251,4,NAVIGATE,-4.4785,9.3421,-1.951,1.0008,1.1486,0.5781,1.0008,0.9486,1.379,0.0,12.0,5.2078,9.728031158447266,2.167656421661377,-31.65,0,1,180,1.711,0.9752,1.0,0.8965,0.2926,0.3,0.3586,9984.9996,0.9903
170.301,4,NAVIGATE,-4.4414,9.3902,-1.9523,1.0043,1.1392,0.5744,1.0043,0.9392,1.375,0.0,12.0,5.1515,9.700712203979492,2.1366875171661377,-34.66,0,1,180,1.7,0.9758,1.0,0.8945,0.2927,0.3,0.3578,9985.4398,0.9653
170.351,4,NAVIGATE,-4.3974,9.4475,-1.9544,1.0085,1.1272,0.5698,1.0085,0.9272,1.37,0.0,12.0,5.0845,9.654294967651367,2.0670881271362305,-33.41,0,1,180,1.742,0.9764,1.0,0.8918,0.2929,0.3,0.3567,9985.9621,0.9531
170.401,4,NAVIGATE,-4.3609,9.4949,-1.9566,1.0119,1.1171,0.5658,1.0119,0.9171,1.3656,0.0,12.0,5.0292,9.631808280944824,2.0358211994171143,-32.15,0,1,180,1.61,0.977,1.0,0.8895,0.2931,0.3,0.3558,9986.3862,0.9699
170.451,4,NAVIGATE,-4.3163,9.5509,-1.9592,1.016,1.1048,0.5609,1.016,0.9048,1.3605,0.0,12.0,4.9627,9.609183311462402,2.003274440765381,-32.15,0,1,180,1.587,0.9777,1.0,0.8868,0.2933,0.3,0.3547,9986.903,0.943
170.501,4,NAVIGATE,-4.2795,9.5966,-1.9607,1.0193,1.0945,0.5568,1.0193,0.8945,1.3562,0.0,12.0,4.9082,9.569551467895508,1.9320447444915771,-32.66,0,1,180,1.671,0.9783,1.0,0.8845,0.2935,0.3,0.3538,9987.3235,0.9398
170.551,4,NAVIGATE,-4.2426,9.6415,-1.9617,1.0225,1.0842,0.5526,1.0225,0.8842,1.3518,0.0,12.0,4.8541,9.551936149597168,1.900564432144165,-30.9,0,1,180,1.534,0.9789,1.0,0.8822,0.2937,0.3,0.3529,9987.7389,0.9468
170.601,4,NAVIGATE,-4.1975,9.6946,-1.963,1.0265,1.0718,0.5475,1.0265,0.8718,1.3467,0.0,12.0,4.789,9.534761428833008,1.868282437324524,-31.9,0,1,180,1.621,0.9797,1.0,0.8796,0.2939,0.3,0.3518,9988.2436,0.9207
170.651,4,NAVIGATE,-4.1599,9.7413,-1.9645,1.0295,1.0624,0.5432,1.0295,0.8624,1.343,0.0,12.0,4.7336,9.502113342285156,1.8004742860794067,-33.66,0,1,180,1.584,0.9801,1.0,0.8775,0.294,0.3,0.351,9988.6368,0.9405
170.702,4,NAVIGATE,-4.1141,9.797,-1.9664,1.0332,1.0513,0.538,1.0332,0.8513,1.3387,0.0,12.0,4.6668,9.487055778503418,1.7693731784820557,-34.66,0,1,180,1.822,0.9806,1.0,0.8751,0.2942,0.3,0.35,9989.1045,0.915
170.751,4,NAVIGATE,-4.0754,9.8424,-1.9679,1.0364,1.0417,0.5336,1.0364,0.8417,1.3352,0.0,12.0,4.6113,9.4738187789917,1.7398860454559326,-36.16,0,1,180,1.827,0.981,1.0,0.8732,0.2943,0.3,0.3493,9989.499,0.927
170.801,4,NAVIGATE,-4.0381,9.8867,-1.968,1.0388,1.0321,0.5292,1.0388,0.8321,1.3309,0.0,12.0,4.5577,9.448930740356445,1.6760351657867432,-38.16,0,1,180,1.585,0.9814,1.0,0.8708,0.2944,0.3,0.3483,9989.8486,0.9109
170.851,4,NAVIGATE,-3.9932,9.9388,-1.9679,1.0416,1.0202,0.5239,1.0416,0.8202,1.3257,0.0,12.0,4.4938,9.434449195861816,1.6475366353988647,-38.91,0,1,180,1.819,0.9819,1.0,0.8678,0.2946,0.3,0.3471,9990.2666,0.9143
170.901,4,NAVIGATE,-3.9476,9.9902,-1.9681,1.0448,1.0081,0.5185,1.0448,0.8081,1.3209,0.0,12.0,4.4297,9.424917221069336,1.617671251296997,-39.91,0,1,180,1.779,0.9825,1.0,0.8652,0.2947,0.3,0.3461,9990.6937,0.9175
170.951,4,NAVIGATE,-3.9096,10.0334,-1.9685,1.0478,0.9987,0.514,1.0478,0.7987,1.3175,0.0,12.0,4.3764,9.40494441986084,1.5632410049438477,-42.41,0,1,180,1.806,0.9829,1.0,0.8633,0.2949,0.3,0.3453,9991.0349,0.9116
171.001,4,NAVIGATE,-3.8633,10.0843,-1.9692,1.0517,0.9869,0.5084,1.0517,0.7869,1.3136,0.0,12.0,4.3122,9.398950576782227,1.537444829940796,-43.92,0,1,180,1.538,0.9835,1.0,0.8612,0.295,0.3,0.3445,9991.4503,0.9046
171.051,4,NAVIGATE,-3.8165,10.1339,-1.9705,1.0556,0.9748,0.5029,1.0556,0.7748,1.3094,0.0,12.0,4.2483,9.391468048095703,1.5114444494247437,-44.92,0,1,180,1.789,0.9841,1.0,0.8591,0.2952,0.3,0.3436,9991.8581,0.9088
171.102,4,NAVIGATE,-3.7776,10.1741,-1.9723,1.0585,0.9644,0.4982,1.0585,0.7644,1.3056,0.0,12.0,4.1957,9.37904167175293,1.4599584341049194,-47.67,0,1,180,1.963,0.9847,1.0,0.8571,0.2954,0.3,0.3428,9992.1843,0.9067
171.151,4,NAVIGATE,-3.7381,10.2137,-1.9741,1.0615,0.9538,0.4935,1.0615,0.7538,1.3019,0.0,12.0,4.143,9.374443054199219,1.4368618726730347,-49.17,0,1,180,1.892,0.9853,1.0,0.8552,0.2956,0.3,0.3421,9992.5075,0.9088
171.201,4,NAVIGATE,-3.6891,10.261,-1.9773,1.0656,0.941,0.4878,1.0656,0.741,1.2979,0.0,12.0,4.0785,9.36993408203125,1.4174391031265259,-50.42,0,1,180,1.689,0.9861,1.0,0.8532,0.2958,0.3,0.3413,9992.8955,0.9088
171.251,4,NAVIGATE,-3.6379,10.3083,-1.9824,1.0705,0.9282,0.482,1.0705,0.7282,1.2947,0.0,12.0,4.012,9.365053176879883,1.37693452835083,-53.67,0,1,180,1.702,0.9869,1.0,0.8518,0.2961,0.3,0.3407,9993.2774,0.9108
171.302,4,NAVIGATE,-3.5949,10.347,-1.9861,1.0745,0.9174,0.4771,1.0745,0.7174,1.292,0.0,12.0,3.9568,9.364556312561035,1.3570811748504639,-55.18,0,1,180,1.978,0.9876,1.0,0.8506,0.2963,0.3,0.3403,9993.5704,0.9104
171.351,4,NAVIGATE,-3.5412,10.3911,-1.9937,1.0803,0.9039,0.4713,1.0803,0.7039,1.2894,0.0,12.0,3.8896,9.362752914428711,1.3412489891052246,-56.68,0,1,180,1.758,0.9886,1.0,0.8498,0.2966,0.3,0.3399,9993.9335,0.9042
171.402,4,NAVIGATE,-3.4957,10.4268,-2.0006,1.0854,0.8923,0.4665,1.0854,0.6923,1.2874,0.0,12.0,3.8334,9.365626335144043,1.3090846538543701,-60.18,0,1,180,1.973,0.9895,1.0,0.8493,0.2969,0.3,0.3397,9994.2093,0.8959
171.452,4,NAVIGATE,-3.441,10.4691,-2.0077,1.0911,0.8783,0.4607,1.0911,0.6783,1.2848,0.0,12.0,3.7662,9.368776321411133,1.29531729221344,-61.93,0,1,180,2.065,0.9905,1.0,0.8484,0.2972,0.3,0.3394,9994.4729,0.8968
171.501,4,NAVIGATE,-3.393,10.5037,-2.0113,1.0966,0.8668,0.456,1.0966,0.6668,1.2834,0.0,12.0,3.7083,9.37028694152832,1.2847442626953125,-63.68,0,1,180,1.749,0.9914,1.0,0.8483,0.2974,0.3,0.3393,9994.8699,0.9012
171.551,4,NAVIGATE,-3.335,10.5447,-2.0144,1.103,0.8529,0.4504,1.103,0.6529,1.2817,0.0,12.0,3.6387,9.37871265411377,1.2605382204055786,-67.44,0,1,180,1.493,0.9924,1.0,0.848,0.2977,0.3,0.3392,9995.311,0.9129
171.601,4,NAVIGATE,-3.2774,10.5851,-2.0167,1.1089,0.8389,0.4448,1.1089,0.6389,1.2798,0.0,12.0,3.5698,9.38047981262207,1.252015471458435,-69.19,0,1,180,1.67,0.9934,1.0,0.8475,0.298,0.3,0.339,9995.6612,0.9053
171.651,4,NAVIGATE,-3.2281,10.6179,-2.018,1.1143,0.8271,0.4403,1.1143,0.6271,1.2786,0.0,12.0,3.5115,9.384000778198242,1.2460362911224365,-70.94,0,1,180,1.846,0.9942,1.0,0.8474,0.2983,0.3,0.339,9995.888,0.9061
171.702,4,NAVIGATE,-3.179,10.6504,-2.0188,1.1193,0.8152,0.4358,1.1193,0.6152,1.2773,0.0,12.0,3.4537,9.39186954498291,1.2383369207382202,-74.69,0,1,180,1.776,0.9949,1.0,0.8472,0.2985,0.3,0.3389,9996.1076,0.9215
171.751,4,NAVIGATE,-3.1206,10.6892,-2.0203,1.1251,0.801,0.4305,1.1251,0.601,1.2755,0.0,12.0,3.3848,9.39571475982666,1.2312253713607788,-76.7,0,1,180,1.732,0.9957,1.0,0.8467,0.2987,0.3,0.3387,9996.5892,0.9138
171.801,4,NAVIGATE,-3.0725,10.7226,-2.0242,1.1296,0.7894,0.4263,1.1296,0.5894,1.2741,0.0,12.0,3.3274,9.400724411010742,1.231353759765625,-78.45,0,1,180,1.611,0.9962,1.0,0.8462,0.2989,0.3,0.3385,9996.8863,0.9211
171.851,4,NAVIGATE,-3.0149,10.7618,-2.028,1.1347,0.7753,0.4213,1.2347,0.5753,1.3622,0.0,12.0,3.2592,9.405618667602539,1.2330561876296997,-82.2,0,1,180,1.55,0.9989,1.0,0.9071,0.2997,0.3,0.3629,9998.3462,0.9383
171.901,4,NAVIGATE,-2.9666,10.7938,-2.0307,1.1389,0.7635,0.4172,1.2389,0.5635,1.361,0.0,12.0,3.2025,9.406004905700684,1.2327232360839844,-84.2,0,1,180,1.669,0.9992,1.0,0.9066,0.2998,0.3,0.3626,9998.3982,0.9379
171.951,4,NAVIGATE,-2.9072,10.8317,-2.0339,1.1442,0.7491,0.4125,1.2442,0.5491,1.3599,0.0,12.0,3.1332,9.40803337097168,1.239737629890442,-86.2,0,1,180,1.693,0.9994,1.0,0.9061,0.2998,0.3,0.3624,9998.1699,0.951
172.001,4,NAVIGATE,-2.858,10.8625,-2.0359,1.1505,0.7372,0.4088,1.2505,0.5372,1.361,0.0,12.0,3.076,9.409675598144531,1.2488508224487305,-89.96,0,1,180,1.648,0.9996,1.0,0.907,0.2999,0.3,0.3628,9998.7041,0.98
172.052,4,NAVIGATE,-2.7985,10.8971,-2.0368,1.1605,0.7221,0.4044,1.2605,0.5221,1.3643,0.0,12.0,3.008,9.410260200500488,1.2563625574111938,-91.71,0,1,180,2.086,0.9999,1.0,0.9094,0.3,0.3,0.3638,9999.3412,0.9905
172.102,4,NAVIGATE,-2.7486,10.924,-2.0363,1.1702,0.7089,0.4008,1.2702,0.5089,1.3683,0.0,12.0,2.9517,9.412461280822754,1.2629127502441406,-93.71,0,1,180,2.997,1.0,1.0,0.9122,0.3,0.3,0.3649,9999.2363,1.006
172.152,4,NAVIGATE,-2.6886,10.9559,-2.0353,1.1825,0.6929,0.3966,1.1825,0.4929,1.2812,0.0,12.0,2.8843,9.412182807922363,1.2864826917648315,-96.96,0,1,180,2.718,0.9997,1.0,0.8539,0.2999,0.3,0.3415,9998.8219,1.0431
172.202,4,NAVIGATE,-2.6297,10.9866,-2.0339,1.1949,0.6766,0.3925,1.1949,0.4766,1.2865,0.0,12.0,2.8182,9.413580894470215,1.297287106513977,-98.72,0,1,180,2.097,0.9999,1.0,0.8576,0.3,0.3,0.343,9999.4342,1.0623
172.251,4,NAVIGATE,-2.5809,11.0116,-2.0326,1.2049,0.663,0.389,1.3049,0.463,1.3846,0.0,12.0,2.7636,9.415698051452637,1.3083949089050293,-100.72,0,1,180,1.588,0.9997,1.0,0.9228,0.2999,0.3,0.3691,9999.1962,1.0744
172.301,4,NAVIGATE,-2.5219,11.0412,-2.0308,1.2139,0.6465,0.3848,1.1139,0.4465,1.2,0.0,12.0,2.698,9.421981811523438,1.3393124341964722,-103.97,0,1,180,1.632,0.9998,1.0,0.7999,0.3,0.3,0.32,9998.9489,1.1164
172.351,4,NAVIGATE,-2.471,11.0635,-2.0283,1.2203,0.6321,0.3815,1.1203,0.4321,1.2008,0.0,12.0,2.6425,9.425413131713867,1.3538992404937744,-105.72,0,1,180,1.566,1.0,1.0,0.8005,0.3,0.3,0.3202,9999.5453,1.1333
172.401,4,NAVIGATE,-2.4096,11.0896,-2.0252,1.2298,0.6153,0.3775,1.3298,0.5153,1.4261,0.0,12.0,2.5758,9.4254789352417,1.371561884880066,-107.22,0,1,180,1.726,1.0,1.0,0.9507,0.3,0.3,0.3803,9999.6912,1.1701
172.451,4,NAVIGATE,-2.3583,11.1111,-2.0228,1.2341,0.601,0.3742,1.3341,0.501,1.4251,0.0,12.0,2.5203,9.428335189819336,1.4085527658462524,-109.98,0,1,180,1.641,1.0,1.0,0.95,0.3,0.3,0.38,9999.4755,1.209
172.502,4,NAVIGATE,-2.2975,11.1357,-2.0151,1.235,0.5834,0.3707,1.035,0.3834,1.1038,0.0,12.0,2.4547,9.43104076385498,1.427922010421753,-110.98,0,1,180,1.805,1.0,1.0,0.7358,0.3,0.3,0.2943,9999.3123,1.2062
172.551,4,NAVIGATE,-2.2469,11.156,-2.0096,1.2385,0.5714,0.3682,1.2385,0.4714,1.3252,0.0,12.0,2.4002,9.431414604187012,1.4459960460662842,-110.48,0,1,180,1.676,1.0,1.0,0.8835,0.3,0.3,0.3534,9999.6437,1.2409
172.601,4,NAVIGATE,-2.1866,11.1803,-2.0035,1.246,0.5596,0.3653,1.246,0.4596,1.328,0.0,12.0,2.3353,9.421439170837402,1.4842925071716309,-110.98,0,1,180,1.711,1.0,1.0,0.8853,0.3,0.3,0.3541,9999.2621,1.2761
172.651,4,NAVIGATE,-2.1288,11.2048,-1.997,1.2471,0.547,0.3627,1.3471,0.547,1.4539,0.0,12.0,2.2724,9.420225143432617,1.503655195236206,-109.48,0,1,180,1.545,0.9996,1.0,0.9689,0.2999,0.3,0.3876,9999.1107,1.3138
172.701,4,NAVIGATE,-2.0803,11.2251,-1.9924,1.2482,0.5375,0.3608,1.1482,0.4375,1.2287,0.0,12.0,2.2199,9.402755737304688,1.538631558418274,-110.23,0,1,180,1.538,1.0,1.0,0.8191,0.3,0.3,0.3277,9999.5442,1.3271
172.751,4,NAVIGATE,-2.0233,11.2483,-1.9888,1.2501,0.5268,0.3587,1.1501,0.4268,1.2267,0.0,12.0,2.1585,9.392627716064453,1.5581201314926147,-111.73,0,1,180,1.598,1.0,1.0,0.8178,0.3,0.3,0.3271,9999.2305,1.346
172.801,4,NAVIGATE,-1.9778,11.2663,-1.988,1.2537,0.5197,0.3571,1.2537,0.4197,1.3221,0.0,12.0,2.1095,9.37850570678711,1.5758132934570312,-111.48,0,1,180,1.54,0.9995,1.0,0.8809,0.2998,0.3,0.3524,9999.1398,1.3607
172.851,4,NAVIGATE,-1.9224,11.2879,-1.9873,1.2553,0.5114,0.3552,1.3553,0.5114,1.4486,0.0,12.0,2.05,9.352044105529785,1.609302043914795,-111.23,0,1,180,1.587,1.0,1.0,0.9657,0.3,0.3,0.3863,9999.696,1.4122
172.902,4,NAVIGATE,-1.8744,11.3062,-1.9875,1.2549,0.5041,0.354,1.3549,0.5041,1.4456,0.0,12.0,1.9987,9.334798812866211,1.628365159034729,-110.23,0,1,180,1.868,1.0,1.0,0.9638,0.3,0.3,0.3855,9999.6914,1.4302
172.951,4,NAVIGATE,-1.8156,11.3281,-1.9884,1.2553,0.4949,0.3528,1.2553,0.4949,1.3493,0.0,12.0,1.9359,9.31464672088623,1.6451882123947144,-111.98,0,1,180,1.568,0.9998,1.0,0.8993,0.2999,0.3,0.3597,9999.2307,1.4447
173.001,4,NAVIGATE,-1.7663,11.3463,-1.9892,1.259,0.489,0.352,1.259,0.489,1.3506,0.0,12.0,1.8834,9.274717330932617,1.6776397228240967,-108.98,0,1,180,1.677,0.9999,1.0,0.9003,0.3,0.3,0.3601,9999.5403,1.4759
173.051,4,NAVIGATE,-1.7094,11.3674,-1.9893,1.2659,0.4837,0.351,1.0659,0.3837,1.1328,0.0,12.0,1.8227,9.249881744384766,1.6962695121765137,-109.98,0,1,180,1.552,1.0,1.0,0.7552,0.3,0.3,0.3021,9999.4416,1.472
173.101,4,NAVIGATE,-1.6624,11.3848,-1.9889,1.2712,0.4805,0.3503,1.3712,0.4805,1.4529,0.0,12.0,1.7726,9.22727108001709,1.7114465236663818,-110.73,0,1,180,1.805,0.9998,1.0,0.9685,0.3,0.3,0.3874,9999.531,1.5082
173.151,4,NAVIGATE,-1.605,11.4059,-1.9886,1.2763,0.4775,0.3497,1.3763,0.4775,1.4568,0.0,12.0,1.7115,9.178445816040039,1.7443712949752808,-109.48,0,1,180,1.579,0.9998,1.0,0.971,0.2999,0.3,0.3884,9999.4454,1.5406
173.201,4,NAVIGATE,-1.5567,11.4276,-1.9875,1.2758,0.4751,0.3493,1.2758,0.4751,1.3614,0.0,12.0,1.6586,9.14742660522461,1.7614562511444092,-110.98,0,1,180,1.679,1.0,1.0,0.9076,0.3,0.3,0.363,9999.6025,1.558
173.251,4,NAVIGATE,-1.4982,11.4531,-1.9868,1.2784,0.473,0.3491,1.2784,0.473,1.3631,0.0,12.0,1.5949,9.119823455810547,1.778395414352417,-108.98,0,1,180,1.527,1.0,1.0,0.9087,0.3,0.3,0.3635,9999.4693,1.5728
173.302,4,NAVIGATE,-1.449,11.474,-1.9863,1.283,0.4715,0.3489,1.183,0.4715,1.2735,0.0,12.0,1.5415,9.061949729919434,1.809532880783081,-109.98,0,1,180,1.93,0.9995,1.0,0.8486,0.2999,0.3,0.3394,9999.3353,1.6037
173.351,4,NAVIGATE,-1.3878,11.4972,-1.9897,1.2895,0.4687,0.3488,1.3895,0.4687,1.4664,0.0,12.0,1.4761,9.027031898498535,1.826149582862854,-109.48,0,1,180,1.647,0.9998,1.0,0.9774,0.2999,0.3,0.391,9999.5901,1.624
173.402,4,NAVIGATE,-1.3263,11.5202,-1.9927,1.2943,0.4659,0.3485,1.2943,0.4659,1.3756,0.0,12.0,1.4104,8.996262550354004,1.8425272703170776,-107.97,0,1,180,2.302,1.0,1.0,0.9171,0.3,0.3,0.3668,9999.6251,1.6399
173.451,4,NAVIGATE,-1.2747,11.5392,-1.9951,1.2957,0.4637,0.3483,1.2957,0.4637,1.3762,0.0,12.0,1.3554,8.938424110412598,1.873121738433838,-109.73,0,1,180,1.663,1.0,1.0,0.9174,0.3,0.3,0.367,9999.72,1.679
173.501,4,NAVIGATE,-1.2121,11.562,-1.9981,1.3007,0.4616,0.3481,1.2007,0.4616,1.2864,0.0,12.0,1.2888,8.903951644897461,1.8916395902633667,-110.98,0,1,180,1.612,0.9998,1.0,0.8574,0.2999,0.3,0.343,9999.7075,1.6993
173.551,4,NAVIGATE,-1.1597,11.5809,-2.0003,1.3053,0.4599,0.348,1.2053,0.4599,1.29,0.0,12.0,1.2331,8.874789237976074,1.9052289724349976,-110.23,0,1,180,1.533,0.9998,1.0,0.8599,0.3,0.3,0.344,9999.3093,1.7126
173.601,4,NAVIGATE,-1.0955,11.6039,-2.0024,1.3108,0.4581,0.3478,1.1108,0.3581,1.1671,0.0,12.0,1.1649,8.814820289611816,1.9400687217712402,-112.73,0,1,180,1.664,0.9994,1.0,0.7776,0.2998,0.3,0.311,9999.5763,1.7342
173.651,4,NAVIGATE,-1.0411,11.6235,-2.0039,1.3134,0.4566,0.3476,1.3134,0.4566,1.3906,0.0,12.0,1.1071,8.78432559967041,1.958822250366211,-113.98,0,1,180,1.797,0.9999,1.0,0.927,0.3,0.3,0.3708,9999.563,1.7875
173.703,4,NAVIGATE,-0.976,11.6466,-2.0054,1.3135,0.4548,0.3475,1.2135,0.4548,1.2959,0.0,12.0,1.038,8.75523853302002,1.9782185554504395,-114.73,0,1,180,3.241,0.9999,1.0,0.8639,0.3,0.3,0.3456,9999.6248,1.8092
173.751,4,NAVIGATE,-0.922,11.6666,-2.0072,1.3099,0.4516,0.3474,1.1099,0.4516,1.1983,0.0,12.0,0.9804,8.696354866027832,2.016305685043335,-116.98,0,1,180,1.837,0.9992,1.0,0.7982,0.2998,0.3,0.3193,9999.3413,1.8449
173.801,4,NAVIGATE,-0.8683,11.6868,-2.0092,1.3085,0.449,0.3474,1.1085,0.349,1.1621,0.0,12.0,0.923,8.662757873535156,2.0405051708221436,-118.23,0,1,180,1.654,0.9992,1.0,0.7741,0.2997,0.3,0.3096,9999.371,1.8558
173.851,4,NAVIGATE,-0.804,11.7106,-2.0112,1.3071,0.4462,0.3473,1.3071,0.4462,1.3811,0.0,12.0,0.8545,8.634127616882324,2.059168815612793,-119.24,0,1,180,1.816,0.9999,1.0,0.9206,0.3,0.3,0.3683,9999.1675,1.9158
173.902,4,NAVIGATE,-0.7496,11.7306,-2.0133,1.3036,0.4443,0.3472,1.2036,0.4443,1.283,0.0,12.0,0.7965,8.577376365661621,2.105750560760498,-121.49,0,1,180,1.862,1.0,1.0,0.8553,0.3,0.3,0.3421,9999.2112,1.9561
173.951,4,NAVIGATE,-0.6841,11.7545,-2.016,1.2972,0.4405,0.3471,1.0972,0.4405,1.1823,0.0,12.0,0.7268,8.545563697814941,2.1311938762664795,-122.49,0,1,180,1.677,0.9993,1.0,0.7877,0.2998,0.3,0.3151,9999.1728,1.9825
174.001,4,NAVIGATE,-0.6192,11.7778,-2.0182,1.2944,0.4372,0.347,1.0944,0.3372,1.1451,0.0,12.0,0.6578,8.518136024475098,2.1564598083496094,-123.99,0,1,180,1.69,0.999,1.0,0.7626,0.2997,0.3,0.3051,9998.9924,1.9961
174.051,4,NAVIGATE,-0.5647,11.798,-2.0217,1.293,0.4353,0.3467,1.393,0.5353,1.4923,0.0,12.0,0.5998,8.460381507873535,2.204150438308716,-125.49,0,1,180,1.702,0.9997,1.0,0.9946,0.2999,0.3,0.3978,9998.8121,2.105
174.101,4,NAVIGATE,-0.5,11.8216,-2.0251,1.2879,0.4329,0.3464,1.1879,0.4329,1.2643,0.0,12.0,0.5308,8.429802894592285,2.234875202178955,-126.49,0,1,180,1.76,1.0,1.0,0.8428,0.3,0.3,0.3371,9998.7305,2.1141
174.201,4,RETURN_HOME,-0.3915,11.8586,-2.0343,1.282,0.4279,0.3461,1.482,0.2279,1.4995,0.0,0.0,11.8651,8.35242748260498,2.3161163330078125,-129.24,0,1,180,1.768,-0.1193,1.0,0.4998,-0.0358,0.3,0.1999,0.4641,2.0462
174.251,4,RETURN_HOME,-0.3259,11.8797,-2.0409,1.2806,0.4285,0.3447,1.4806,0.2285,1.4982,0.0,0.0,11.8842,8.323141098022461,2.3473169803619385,-130.25,0,1,180,1.531,-0.1254,1.0,0.4994,-0.0376,0.3,0.1998,0.4621,2.0519
174.302,4,RETURN_HOME,-0.2617,11.9016,-2.0448,1.2801,0.4306,0.3355,1.4801,0.2306,1.498,0.0,0.0,11.9044,8.301677703857422,2.3718466758728027,-131.0,0,1,180,1.865,-0.1322,1.0,0.4993,-0.0396,0.3,0.1997,0.4601,2.0762
174.351,4,RETURN_HOME,-0.2095,11.9209,-2.0452,1.2861,0.432,0.321,1.3861,0.232,1.4054,0.0,0.0,11.9228,8.43090534210205,2.427959680557251,-131.75,0,1,180,1.642,-0.1477,1.0,0.4685,-0.0443,0.3,0.1874,0.4431,2.099
174.401,4,RETURN_HOME,-0.1465,11.9439,-2.0414,1.2998,0.4325,0.2959,1.3998,0.2325,1.419,0.0,0.0,11.9448,8.619749069213867,2.462071657180786,-132.0,0,1,180,1.586,-0.1517,1.0,0.473,-0.0455,0.3,0.1892,0.4437,2.1097
174.451,4,RETURN_HOME,-0.0923,11.9622,-2.0361,1.3158,0.4312,0.2692,1.4158,0.2312,1.4346,0.0,0.0,11.9625,8.8666410446167,2.4663679599761963,-83.95,0,1,180,1.578,-0.1535,1.0,0.4782,-0.0461,0.3,0.1913,0.4452,2.1202
174.501,4,RETURN_HOME,-0.0246,11.9828,-2.0284,1.3363,0.4262,0.2305,1.4363,0.2262,1.454,0.0,0.0,11.9828,8.829204559326172,2.4548938274383545,-83.45,0,1,180,1.56,-0.1535,1.0,0.4847,-0.0461,0.3,0.1939,0.4478,2.1184
174.551,4,RETURN_HOME,0.032,11.9998,-2.0198,1.3526,0.419,0.1931,1.4526,0.219,1.469,0.0,0.0,11.9998,8.763165473937988,2.4480268955230713,-82.95,0,1,180,1.583,-0.1517,1.0,0.4897,-0.0455,0.3,0.1959,0.4504,2.1187
174.602,4,RETURN_HOME,0.1003,12.0192,-2.007,1.3703,0.4067,0.1424,1.4703,0.2067,1.4848,0.0,0.0,12.0197,8.708869934082031,2.4470977783203125,-82.2,0,1,180,2.205,-0.1475,1.0,0.4949,-0.0443,0.3,0.198,0.4537,2.1321
174.651,4,RETURN_HOME,0.1575,12.0347,-1.9948,1.3834,0.3941,0.0958,1.4834,0.1941,1.4961,0.0,0.0,12.0357,8.61443042755127,2.4365711212158203,-80.45,0,1,180,1.69,-0.1427,1.0,0.4987,-0.0428,0.3,0.1995,0.4567,2.1237
174.701,4,RETURN_HOME,0.2263,12.0524,-1.9794,1.3973,0.3769,0.035,1.3973,0.1769,1.4085,0.0,0.0,12.0546,8.564810752868652,2.433917760848999,-79.2,0,1,180,1.569,-0.1442,1.0,0.4695,-0.0433,0.3,0.1878,0.4445,2.1298
174.751,4,RETURN_HOME,0.2854,12.0679,-1.9669,1.4085,0.3623,-0.0192,1.4085,0.1623,1.4178,0.0,0.0,12.0712,8.519171714782715,2.425816774368286,-77.95,0,1,180,1.178,-0.1379,1.0,0.4726,-0.0414,0.3,0.189,0.4477,2.1283
174.801,4,RETURN_HOME,0.3569,12.0859,-1.9517,1.4214,0.3451,-0.0886,1.4214,0.1451,1.4288,0.0,0.0,12.0911,8.427841186523438,2.417318344116211,-75.19,0,1,180,1.5,-0.1308,1.0,0.4763,-0.0393,0.3,0.1905,0.4513,2.1148
174.85,4,RETURN_HOME,0.4166,12.1001,-1.9387,1.4302,0.3306,-0.1499,1.4302,0.1306,1.4361,0.0,0.0,12.1073,8.375940322875977,2.4143331050872803,-73.44,0,1,180,1.05,-0.1252,1.0,0.4787,-0.0375,0.3,0.1915,0.4539,2.1245
174.901,4,RETURN_HOME,0.4919,12.1183,-1.9239,1.4401,0.3141,-0.2276,1.4401,0.1141,1.4446,0.0,0.0,12.1283,8.331193923950195,2.411485195159912,-71.69,0,1,180,1.146,-0.1193,1.0,0.4815,-0.0358,0.3,0.1926,0.4568,2.1283
174.95,4,RETURN_HOME,0.5548,12.1329,-1.9115,1.4474,0.3003,-0.2957,1.4474,0.1003,1.4509,0.0,0.0,12.1456,8.260986328125,2.403350353240967,-67.94,0,1,180,1.029,-0.1146,1.0,0.4836,-0.0344,0.3,0.1935,0.4591,2.1203
175.001,4,RETURN_HOME,0.6297,12.1495,-1.8965,1.4553,0.2835,-0.3814,1.4553,0.0835,1.4577,0.0,0.0,12.1658,8.26626205444336,2.40402889251709,-65.44,0,1,180,1.073,-0.1089,1.0,0.4859,-0.0327,0.3,0.1944,0.4617,2.1242
175.051,4,RETURN_HOME,0.6895,12.1635,-1.8856,1.4607,0.2694,-0.4562,1.4607,0.0694,1.4623,0.0,0.0,12.183,8.295589447021484,2.4013893604278564,-63.18,0,1,180,1.15,-0.1039,1.0,0.4874,-0.0312,0.3,0.195,0.4638,2.1294
175.101,4,RETURN_HOME,0.7613,12.1791,-1.8721,1.467,0.2519,-0.5497,1.467,0.0519,1.468,0.0,0.0,12.2028,8.456023216247559,2.39810848236084,-58.68,0,1,180,1.256,-0.0976,1.0,0.4893,-0.0293,0.3,0.1957,0.4664,2.1229
175.15,4,RETURN_HOME,0.8316,12.1929,-1.8597,1.4731,0.2337,-0.6474,1.4731,0.0337,1.4735,0.0,0.0,12.2212,8.61990737915039,2.396095037460327,-55.68,0,1,180,1.023,-0.0909,1.0,0.4912,-0.0273,0.3,0.1965,0.4692,2.1299
175.2,4,RETURN_HOME,0.8877,12.2027,-1.8513,1.4771,0.2172,-0.7313,1.4771,0.0172,1.4772,0.0,0.0,12.2349,8.816530227661133,2.395477294921875,-52.67,0,1,180,1.068,-0.0842,1.0,0.4924,-0.0253,0.3,0.197,0.4717,2.1344
175.25,4,RETURN_HOME,0.9556,12.2135,-1.8423,1.4819,0.1947,-0.8336,1.4819,-0.0053,1.4819,0.0,0.0,12.2508,9.400823593139648,2.395510196685791,-47.42,0,1,180,1.094,-0.0745,1.0,0.494,-0.0223,0.3,0.1976,0.4753,2.1224
175.301,4,RETURN_HOME,1.0134,12.2214,-1.838,1.4863,0.1732,-0.9187,1.4863,-0.0268,1.4865,0.0,0.0,12.2634,9.862726211547852,2.3954102993011475,-43.16,0,1,180,1.241,-0.0647,1.0,0.4955,-0.0194,0.3,0.1982,0.4788,2.1213
175.351,4,RETURN_HOME,1.0846,12.2292,-1.8387,1.4915,0.1448,-1.0191,1.4915,-0.0552,1.4925,0.0,0.0,12.2772,9.828141212463379,2.397458076477051,-34.41,0,1,180,1.133,-0.0514,1.0,0.4975,-0.0154,0.3,0.199,0.4836,2.1061
175.4,4,RETURN_HOME,1.1558,12.2355,-1.8439,1.495,0.1165,-1.1161,1.495,-0.0835,1.4974,0.0,0.0,12.29,2.5752129554748535,2.3980979919433594,-32.15,0,1,180,1.028,-0.0384,1.0,0.4991,-0.0115,0.3,0.1996,0.4881,2.1114
175.45,4,RETURN_HOME,1.2147,12.2382,-1.8523,1.4961,0.0934,-1.1935,1.4961,-0.1066,1.4999,0.0,0.0,12.2983,2.509946584701538,2.399665355682373,-28.15,0,1,180,1.005,-0.0278,1.0,0.5,-0.0083,0.3,0.2,0.4917,2.1064
175.5,4,RETURN_HOME,1.2735,12.2397,-1.8624,1.4962,0.0716,-1.2671,1.3962,-0.1284,1.4021,0.0,0.0,12.3058,2.4685146808624268,2.3989145755767822,-23.65,0,1,180,1.031,-0.012,1.0,0.4674,-0.0036,0.3,0.1869,0.4833,2.1039
175.551,4,RETURN_HOME,1.3444,12.2407,-1.8756,1.4956,0.0474,-1.3497,1.3956,-0.1526,1.404,0.0,0.0,12.3143,2.4157886505126953,2.400120496749878,-16.14,0,1,180,1.163,-0.0005,1.0,0.468,-0.0001,0.3,0.1872,0.487,2.0717
175.6,4,RETURN_HOME,1.4162,12.2386,-1.889,1.4943,0.0246,-1.4254,1.3943,-0.1754,1.4053,0.0,0.0,12.3203,2.4045536518096924,2.400153398513794,-13.39,0,1,180,1.044,0.01,1.0,0.4684,0.003,0.3,0.1874,0.4904,2.0672
175.651,4,RETURN_HOME,1.464,12.2367,-1.8978,1.492,0.0102,-1.472,1.392,-0.1898,1.4048,0.0,0.0,12.324,2.400986671447754,2.3996386528015137,-10.89,0,1,180,1.285,0.0165,1.0,0.4683,0.0049,0.3,0.1873,0.4922,2.0604
175.7,4,RETURN_HOME,1.5354,12.2336,-1.9108,1.4859,-0.0102,-1.536,1.3859,-0.2102,1.4018,0.0,0.0,12.3296,2.398876428604126,2.398876428604126,-4.63,0,1,180,1.041,0.0257,1.0,0.4673,0.0077,0.3,0.1869,0.4946,2.0212
175.75,4,RETURN_HOME,1.6058,12.2288,-1.9181,1.4775,-0.0303,-1.5929,1.4775,-0.2303,1.4953,0.0,0.0,12.3338,2.3984007835388184,2.3984007835388184,-2.63,0,1,180,1.028,0.0241,1.0,0.4984,0.0072,0.3,0.1994,0.5066,2.0321
175.802,4,RETURN_HOME,1.6641,12.2244,-1.9235,1.4693,-0.0466,-1.6348,1.4693,-0.2466,1.4898,0.0,0.0,12.3371,2.3984954357147217,2.3984954357147217,-0.88,0,1,180,1.738,0.031,1.0,0.4966,0.0093,0.3,0.1986,0.5079,2.0272
175.851,4,RETURN_HOME,1.7332,12.2181,-1.9303,1.4587,-0.0662,-1.6787,1.4587,-0.2662,1.4828,0.0,0.0,12.3404,2.3969504833221436,2.3969504833221436,4.63,0,1,180,1.083,0.0396,1.0,0.4943,0.0119,0.3,0.1977,0.5096,2.0103
175.901,4,RETURN_HOME,1.7892,12.2109,-1.9362,1.4514,-0.083,-1.71,1.4514,-0.283,1.4787,0.0,0.0,12.3413,2.396470069885254,2.396470069885254,6.13,0,1,180,1.132,0.047,1.0,0.4929,0.0141,0.3,0.1972,0.5113,2.0011
175.951,4,RETURN_HOME,1.8452,12.2035,-1.9423,1.4463,-0.0996,-1.7367,1.4463,-0.2996,1.477,0.0,0.0,12.3423,2.3936824798583984,2.3936824798583984,6.13,0,1,180,1.146,0.0542,1.0,0.4923,0.0163,0.3,0.1969,0.5132,2.0024
176.001,4,RETURN_HOME,1.9133,12.1943,-1.9487,1.4431,-0.1194,-1.7627,1.4431,-0.3194,1.478,0.0,0.0,12.3435,2.3894340991973877,2.3894340991973877,9.88,0,1,180,1.08,0.0622,1.0,0.4927,0.0187,0.3,0.1971,0.5157,1.9955
176.051,4,RETURN_HOME,1.9846,12.1842,-1.9503,1.4431,-0.139,-1.7827,1.4431,-0.339,1.4824,0.0,0.0,12.3447,2.386516571044922,2.386359930038452,10.63,0,1,180,1.184,0.0692,1.0,0.4941,0.0208,0.3,0.1977,0.5184,1.9908
176.101,4,RETURN_HOME,2.0438,12.1754,-1.9525,1.4441,-0.155,-1.795,1.4441,-0.355,1.4871,0.0,0.0,12.3457,2.384636163711548,2.383091688156128,11.39,0,1,180,1.206,0.0746,1.0,0.4957,0.0224,0.3,0.1983,0.5207,1.988
176.151,4,RETURN_HOME,2.1139,12.1643,-1.9546,1.4457,-0.1735,-1.8053,1.4457,-0.3735,1.4932,0.0,0.0,12.3466,2.3803367614746094,2.3748526573181152,12.39,0,1,180,1.109,0.0807,1.0,0.4977,0.0242,0.3,0.1991,0.5233,1.9874
176.201,4,RETURN_HOME,2.1713,12.1546,-1.9551,1.447,-0.1888,-1.8106,1.447,-0.3888,1.4983,0.0,0.0,12.347,2.3758397102355957,2.3701672554016113,12.64,0,1,180,1.433,0.0856,1.0,0.4994,0.0257,0.3,0.1998,0.5255,1.9803
176.251,4,RETURN_HOME,2.2287,12.1446,-1.9562,1.4483,-0.2036,-1.8133,1.3483,-0.4036,1.4074,0.0,0.0,12.3474,2.3709962368011475,2.3641622066497803,13.39,0,1,180,1.128,0.1092,1.0,0.4691,0.0327,0.3,0.1876,0.5204,1.9728
176.301,4,RETURN_HOME,2.2968,12.1319,-1.9567,1.4494,-0.2212,-1.8136,1.3494,-0.4212,1.4136,0.0,0.0,12.3474,2.3603222370147705,2.35603928565979,12.14,0,1,180,1.104,0.1152,1.0,0.4712,0.0345,0.3,0.1885,0.523,1.9749
176.35,4,RETURN_HOME,2.3642,12.1184,-1.9566,1.4501,-0.2387,-1.8111,1.3501,-0.4387,1.4196,0.0,0.0,12.3469,2.3548014163970947,2.3494985103607178,11.39,0,1,180,1.019,0.1212,1.0,0.4732,0.0364,0.3,0.1893,0.5256,1.9767
176.4,4,RETURN_HOME,2.4204,12.1067,-1.9571,1.4491,-0.2534,-1.8072,1.3491,-0.4534,1.4233,0.0,0.0,12.3463,2.3463518619537354,2.3463518619537354,9.88,0,1,180,0.971,0.1266,1.0,0.4744,0.038,0.3,0.1898,0.5277,1.9812
176.45,4,RETURN_HOME,2.4893,12.0937,-1.9565,1.4467,-0.2702,-1.8008,1.3467,-0.4702,1.4265,0.0,0.0,12.3472,2.3408470153808594,2.3408470153808594,7.38,0,1,180,1.02,0.1325,1.0,0.4755,0.0398,0.3,0.1902,0.53,1.9768
176.5,4,RETURN_HOME,2.5471,12.0828,-1.956,1.4437,-0.284,-1.7944,1.3437,-0.484,1.4283,0.0,0.0,12.3484,2.3373827934265137,2.3373827934265137,5.88,0,1,180,1.027,0.1375,1.0,0.4761,0.0413,0.3,0.1904,0.5317,1.9792
176.551,4,RETURN_HOME,2.6048,12.0714,-1.9561,1.4402,-0.2979,-1.7874,1.3402,-0.4979,1.4297,0.0,0.0,12.3493,2.3374314308166504,2.3374314308166504,4.13,0,1,180,1.127,0.1427,1.0,0.4766,0.0428,0.3,0.1906,0.5334,1.9847
176.601,4,RETURN_HOME,2.6699,12.0553,-1.9558,1.434,-0.3153,-1.7786,1.334,-0.5153,1.4301,0.0,0.0,12.3474,2.3345322608947754,2.3345322608947754,1.13,0,1,180,1.384,0.1501,1.0,0.4767,0.045,0.3,0.1907,0.5357,1.971
176.651,4,RETURN_HOME,2.7238,12.0411,-1.956,1.429,-0.33,-1.7711,1.329,-0.53,1.4308,0.0,0.0,12.3454,2.3346049785614014,2.3346049785614014,-0.38,0,1,180,1.32,0.1563,1.0,0.4769,0.0469,0.3,0.1908,0.5377,1.936
176.7,4,RETURN_HOME,2.7888,12.0236,-1.9571,1.4235,-0.3477,-1.7622,1.3235,-0.5477,1.4324,0.0,0.0,12.3428,2.3361964225769043,2.3361964225769043,-1.63,0,1,180,1.112,0.1637,1.0,0.4775,0.0491,0.3,0.191,0.5401,1.9124
176.75,4,RETURN_HOME,2.8416,12.0076,-1.9579,1.4189,-0.3634,-1.7551,1.3189,-0.5634,1.4342,0.0,0.0,12.3393,2.3386294841766357,2.3386294841766357,-4.88,0,1,180,1.042,0.1705,1.0,0.4781,0.0512,0.3,0.1912,0.5424,1.8257
176.801,4,RETURN_HOME,2.9053,11.988,-1.9596,1.4138,-0.3821,-1.7471,1.3138,-0.5821,1.437,0.0,0.0,12.335,2.3448123931884766,2.3448123931884766,-6.63,0,1,180,1.086,0.1784,1.0,0.479,0.0535,0.3,0.1916,0.5451,1.7932
176.85,4,RETURN_HOME,2.9586,11.9711,-1.9615,1.4099,-0.3977,-1.741,1.3099,-0.5977,1.4398,0.0,0.0,12.3313,2.3432414531707764,2.3432414531707764,-7.88,0,1,180,1.045,0.1847,1.0,0.4799,0.0554,0.3,0.192,0.5474,1.7556
176.9,4,RETURN_HOME,3.01,11.953,-1.9639,1.406,-0.4136,-1.7357,1.306,-0.6136,1.443,0.0,0.0,12.3262,2.432251214981079,2.35624098777771,-10.89,0,1,180,1.019,0.1914,1.0,0.481,0.0574,0.3,0.1924,0.5498,1.6669
176.95,4,RETURN_HOME,3.0724,11.9308,-1.9672,1.4015,-0.4327,-1.7301,1.3015,-0.6327,1.4472,0.0,0.0,12.32,2.619715452194214,2.358962059020996,-12.39,0,1,180,1.009,0.1991,1.0,0.4824,0.0597,0.3,0.193,0.5527,1.6288
177.001,4,RETURN_HOME,3.1251,11.9116,-1.9704,1.3981,-0.4486,-1.7264,1.2981,-0.6486,1.4511,0.0,0.0,12.3148,2.7896714210510254,2.365234136581421,-13.64,0,1,180,1.57,0.2053,1.0,0.4837,0.0616,0.3,0.1935,0.5551,1.5935
177.051,4,RETURN_HOME,3.1907,11.8875,-1.9758,1.3948,-0.4675,-1.7229,1.2948,-0.6675,1.4567,0.0,0.0,12.3083,3.122816562652588,2.378326892852783,-16.39,0,1,180,1.736,0.2122,1.0,0.4856,0.0636,0.3,0.1942,0.5579,1.5072
177.101,4,RETURN_HOME,3.2454,11.867,-1.9802,1.392,-0.4832,-1.721,1.292,-0.6832,1.4615,0.0,0.0,12.3028,3.3067288398742676,2.3861026763916016,-17.89,0,1,180,1.641,0.2177,1.0,0.4872,0.0653,0.3,0.1949,0.5602,1.465
177.151,4,RETURN_HOME,3.3102,11.8416,-1.9837,1.3885,-0.502,-1.7197,1.2885,-0.702,1.4673,0.0,0.0,12.2956,3.4640913009643555,2.3954927921295166,-19.14,0,1,180,1.766,0.2244,1.0,0.4891,0.0673,0.3,0.1956,0.5629,1.4285
177.201,4,RETURN_HOME,3.3629,11.82,-1.9842,1.3851,-0.5176,-1.7195,1.2851,-0.7176,1.4719,0.0,0.0,12.289,6.051320552825928,2.4117374420166016,-21.39,0,1,180,1.815,0.23,1.0,0.4906,0.069,0.3,0.1962,0.5653,1.3459
177.251,4,RETURN_HOME,3.4265,11.7934,-1.9852,1.381,-0.5363,-1.7204,1.281,-0.7363,1.4776,0.0,0.0,12.2811,6.04628849029541,2.4223833084106445,-22.65,0,1,180,1.949,0.2367,1.0,0.4925,0.071,0.3,0.197,0.568,1.303
177.301,4,RETURN_HOME,3.4896,11.766,-1.9875,1.3766,-0.555,-1.7226,1.2766,-0.755,1.4831,0.0,0.0,12.2726,6.0432562828063965,2.4320833683013916,-23.65,0,1,180,1.603,0.2433,1.0,0.4944,0.073,0.3,0.1978,0.5707,1.2687
177.351,4,RETURN_HOME,3.5417,11.7426,-1.9904,1.3726,-0.5705,-1.7253,1.2726,-0.7705,1.4877,0.0,0.0,12.2651,6.029515266418457,2.45786452293396,-25.65,0,1,180,1.617,0.2489,1.0,0.4959,0.0747,0.3,0.1984,0.573,1.1898
177.401,4,RETURN_HOME,3.6045,11.714,-1.9938,1.3678,-0.589,-1.7297,1.2678,-0.789,1.4933,0.0,0.0,12.256,6.02609920501709,2.468851089477539,-26.9,0,1,180,1.547,0.2553,1.0,0.4978,0.0766,0.3,0.1991,0.5757,1.1488
177.451,4,RETURN_HOME,3.6583,11.6889,-1.999,1.3647,-0.6052,-1.7341,1.1647,-0.8052,1.4159,0.0,0.0,12.248,6.021051406860352,2.481018543243408,-27.65,0,1,180,1.642,0.297,1.0,0.472,0.0891,0.3,0.1888,0.5779,1.4107
177.502,4,RETURN_HOME,3.7125,11.6632,-2.0044,1.3618,-0.6214,-1.7393,1.1618,-0.8214,1.4228,0.0,0.0,12.2398,6.010026931762695,2.506132125854492,-29.4,0,1,180,2.069,0.3024,1.0,0.4743,0.0907,0.3,0.1897,0.5804,1.338
177.551,4,RETURN_HOME,3.7775,11.6317,-2.0103,1.3583,-0.6408,-1.7461,1.1583,-0.8408,1.4313,0.0,0.0,12.2297,6.005120277404785,2.5264694690704346,-30.4,0,1,180,1.663,0.3087,1.0,0.4771,0.0926,0.3,0.1908,0.5835,1.2964
177.601,4,RETURN_HOME,3.8479,11.5964,-2.0151,1.3545,-0.662,-1.7535,1.1545,-0.862,1.4408,0.0,0.0,12.2182,6.0003662109375,2.5357022285461426,-31.15,0,1,180,1.604,0.3155,1.0,0.4803,0.0946,0.3,0.1921,0.5868,1.2569
177.651,4,RETURN_HOME,3.9068,11.5662,-2.0187,1.3494,-0.6798,-1.76,1.1494,-0.8798,1.4474,0.0,0.0,12.2082,5.989485740661621,2.5681345462799072,-32.41,0,1,180,1.517,0.3218,1.0,0.4825,0.0965,0.3,0.193,0.5895,1.1915
177.701,4,RETURN_HOME,3.9771,11.5292,-2.0227,1.3411,-0.7008,-1.7683,1.1411,-0.9008,1.4538,0.0,0.0,12.1959,5.981207370758057,2.5805482864379883,-33.41,0,1,180,1.51,0.3298,1.0,0.4846,0.0989,0.3,0.1938,0.5928,1.1578
177.751,4,RETURN_HOME,4.0375,11.4973,-2.0262,1.3336,-0.7181,-1.7757,1.1336,-0.9181,1.4587,0.0,0.0,12.1857,5.976277828216553,2.594158172607422,-33.91,0,1,180,1.913,0.3363,1.0,0.4862,0.1009,0.3,0.1945,0.5954,1.1312
177.802,4,RETURN_HOME,4.1083,11.4587,-2.0298,1.3233,-0.7385,-1.7849,1.1233,-0.9385,1.4637,0.0,0.0,12.1729,5.965204238891602,2.629487991333008,-35.16,0,1,180,2.072,0.3445,1.0,0.4879,0.1034,0.3,0.1952,0.5985,1.085
177.852,4,RETURN_HOME,4.1782,11.4185,-2.0332,1.3123,-0.7592,-1.7945,1.1123,-0.8592,1.4055,0.0,0.0,12.1589,5.958945274353027,2.6472363471984863,-35.91,0,1,180,1.975,0.3022,1.0,0.4685,0.0906,0.3,0.1874,0.5781,1.0654
177.901,4,RETURN_HOME,4.2361,11.383,-2.0361,1.303,-0.7775,-1.8027,1.103,-0.8775,1.4095,0.0,0.0,12.1457,5.952999114990234,2.667876958847046,-36.66,0,1,180,1.767,0.3105,1.0,0.4698,0.0932,0.3,0.1879,0.5811,1.0484
177.951,4,RETURN_HOME,4.3043,11.3402,-2.039,1.2917,-0.7992,-1.8128,1.0917,-0.8992,1.4143,0.0,0.0,12.1296,5.940361022949219,2.6979949474334717,-37.66,0,1,180,1.72,0.3204,1.0,0.4714,0.0961,0.3,0.1886,0.5847,1.0075
178.001,4,RETURN_HOME,4.3611,11.3043,-2.04,1.2826,-0.8151,-1.8211,1.0826,-0.8151,1.3551,0.0,0.0,12.1164,5.932915687561035,2.7197041511535645,-38.16,0,1,180,1.65,0.2736,1.0,0.4517,0.0821,0.3,0.1807,0.5628,0.9843
178.052,4,RETURN_HOME,4.4186,11.2684,-2.0393,1.2739,-0.8292,-1.8295,1.0739,-0.8292,1.3568,0.0,0.0,12.1038,5.924417972564697,2.7398886680603027,-38.91,0,1,180,1.798,0.28,1.0,0.4523,0.084,0.3,0.1809,0.5649,0.9657
178.101,4,RETURN_HOME,4.486,11.2251,-2.0385,1.2631,-0.8447,-1.8395,1.0631,-0.8447,1.3578,0.0,0.0,12.0883,5.909846782684326,2.7762815952301025,-39.66,0,1,180,1.756,0.2871,1.0,0.4526,0.0861,0.3,0.181,0.5672,0.9229
178.151,4,RETURN_HOME,4.5513,11.1846,-2.0418,1.252,-0.8548,-1.8494,1.052,-0.7548,1.2948,0.0,0.0,12.0751,5.903319358825684,2.7951948642730713,-40.41,0,1,180,1.825,0.2337,1.0,0.4316,0.0701,0.3,0.1726,0.5428,0.9097
178.201,4,RETURN_HOME,4.6046,11.1517,-2.0456,1.2425,-0.8606,-1.8576,1.0425,-0.7606,1.2905,0.0,0.0,12.0649,5.895848751068115,2.8129360675811768,-40.91,0,1,180,1.711,0.2365,1.0,0.4302,0.0709,0.3,0.1721,0.543,0.8973
178.251,4,RETURN_HOME,4.657,11.1185,-2.0489,1.2327,-0.8656,-1.8658,1.0327,-0.7656,1.2856,0.0,0.0,12.0544,5.882277011871338,2.85080623626709,-41.91,0,1,180,1.814,0.239,1.0,0.4285,0.0717,0.3,0.1714,0.5431,0.8584
178.301,4,RETURN_HOME,4.7095,11.087,-2.0518,1.2234,-0.8671,-1.8739,1.0234,-0.7671,1.279,0.0,0.0,12.0458,5.876744747161865,2.8753349781036377,-42.41,0,1,180,1.685,0.2391,1.0,0.4263,0.0717,0.3,0.1705,0.5423,0.8418
178.351,4,RETURN_HOME,4.7718,11.0503,-2.0545,1.212,-0.8655,-1.8836,1.012,-0.7655,1.269,0.0,0.0,12.0366,5.870083808898926,2.898745536804199,-42.66,0,1,180,1.723,0.2377,1.0,0.423,0.0713,0.3,0.1692,0.5405,0.8298
178.401,4,RETURN_HOME,4.8228,11.0193,-2.0563,1.2022,-0.8633,-1.8914,1.0022,-0.7633,1.2597,0.0,0.0,12.0285,5.857606887817383,2.93821120262146,-43.67,0,1,180,1.67,0.2361,1.0,0.4199,0.0708,0.3,0.168,0.5388,0.7941
178.451,4,RETURN_HOME,4.8821,10.9839,-2.0558,1.1897,-0.8593,-1.9007,0.9897,-0.7593,1.2474,0.0,0.0,12.0201,5.848989963531494,2.961714029312134,-44.17,0,1,180,1.646,0.234,1.0,0.4158,0.0702,0.3,0.1663,0.5365,0.7819
178.502,4,RETURN_HOME,4.9306,10.9548,-2.0544,1.179,-0.8558,-1.9081,0.979,-0.7558,1.2368,0.0,0.0,12.0133,5.845771312713623,2.9874677658081055,-44.42,0,1,180,2.302,0.2324,1.0,0.4123,0.0697,0.3,0.1649,0.5346,0.7765
178.551,4,RETURN_HOME,4.988,10.9193,-2.0527,1.1658,-0.8522,-1.9168,0.9658,-0.6522,1.1654,0.0,0.0,12.0046,5.8347272872924805,3.0263655185699463,-45.42,0,1,180,1.758,0.1647,1.0,0.3885,0.0494,0.3,0.1554,0.5048,0.7509
178.602,4,RETURN_HOME,5.0357,10.8886,-2.0491,1.1549,-0.8499,-1.9238,0.9549,-0.7499,1.2142,0.0,0.0,11.9967,5.829470634460449,3.0580592155456543,-45.67,0,1,180,1.701,0.2305,1.0,0.4047,0.0691,0.3,0.1619,0.531,0.7401
178.652,4,RETURN_HOME,5.0922,10.8514,-2.0452,1.1416,-0.8478,-1.932,0.9416,-0.7478,1.2024,0.0,0.0,11.9868,5.826427459716797,3.075507402420044,-46.17,0,1,180,1.996,0.2303,1.0,0.4008,0.0691,0.3,0.1603,0.5294,0.7376
178.701,4,RETURN_HOME,5.1385,10.8202,-2.0423,1.1306,-0.8439,-1.9385,0.9306,-0.6439,1.1316,0.0,0.0,11.9783,5.817440032958984,3.121385097503662,-46.92,0,1,180,1.623,0.1612,1.0,0.3772,0.0484,0.3,0.1509,0.4992,0.7105
178.752,4,RETURN_HOME,5.188,10.7898,-2.0445,1.1212,-0.8397,-1.945,0.9212,-0.6397,1.1216,0.0,0.0,11.9722,5.8136701583862305,3.1475024223327637,-47.42,0,1,180,2.111,0.1581,1.0,0.3739,0.0474,0.3,0.1495,0.497,0.7017
178.801,4,RETURN_HOME,5.2461,10.753,-2.0467,1.1096,-0.8357,-1.9525,0.9096,-0.7357,1.1699,0.0,0.0,11.9645,5.8102192878723145,3.1728732585906982,-47.67,0,1,180,1.75,0.2243,1.0,0.39,0.0673,0.3,0.156,0.5233,0.6864
178.851,4,RETURN_HOME,5.3048,10.7168,-2.0486,1.0984,-0.829,-1.9597,0.8984,-0.629,1.0967,0.0,0.0,11.9578,5.803906440734863,3.222147226333618,-48.42,0,1,180,1.703,0.1506,1.0,0.3656,0.0452,0.3,0.1462,0.4914,0.6626
178.901,4,RETURN_HOME,5.3553,10.6877,-2.0502,1.0895,-0.8216,-1.9654,0.8895,-0.6216,1.0852,0.0,0.0,11.9543,5.800563335418701,3.245943546295166,-48.92,0,1,180,1.568,0.1449,1.0,0.3617,0.0435,0.3,0.1447,0.4882,0.6479
178.951,4,RETURN_HOME,5.4144,10.6526,-2.0516,1.0781,-0.8147,-1.972,0.8781,-0.7147,1.1322,0.0,0.0,11.9496,5.798462390899658,3.2725300788879395,-49.17,0,1,180,1.49,0.2113,1.0,0.3774,0.0634,0.3,0.151,0.5144,0.6418
179.001,4,RETURN_HOME,5.4698,10.6163,-2.0537,1.0656,-0.807,-1.9785,0.8656,-0.607,1.0572,0.0,0.0,11.9426,5.798956394195557,3.3199915885925293,-49.92,0,1,180,1.678,0.1354,1.0,0.3524,0.0406,0.3,0.141,0.4816,0.6216
179.051,4,RETURN_HOME,5.5135,10.5854,-2.0559,1.0542,-0.8003,-1.9837,0.8542,-0.7003,1.1046,0.0,0.0,11.9352,5.801638126373291,3.350494146347046,-50.17,0,1,180,1.586,0.205,1.0,0.3682,0.0615,0.3,0.1473,0.5088,0.6126
179.101,4,RETURN_HOME,5.565,10.5484,-2.0578,1.0403,-0.7941,-1.9898,0.8403,-0.6941,1.09,0.0,0.0,11.9264,5.801504135131836,3.3742926120758057,-50.42,0,1,180,1.775,0.2035,1.0,0.3633,0.0611,0.3,0.1453,0.5064,0.6164
179.151,4,RETURN_HOME,5.6083,10.517,-2.0563,1.0291,-0.7891,-1.9948,0.8291,-0.6891,1.078,0.0,0.0,11.9189,5.807753086090088,3.391099214553833,113.23,0,1,180,1.634,0.2021,1.0,0.3593,0.0606,0.3,0.1437,0.5044,0.5935
179.202,4,RETURN_HOME,5.6515,10.4853,-2.053,1.0178,-0.7855,-1.9997,0.8178,-0.6855,1.0671,0.0,0.0,11.9114,5.816905975341797,3.3560872077941895,113.98,0,1,180,1.751,0.2019,1.0,0.3557,0.0606,0.3,0.1423,0.5028,0.5905
179.251,4,RETURN_HOME,5.7023,10.4475,-2.0492,1.0042,-0.7826,-2.0055,0.8042,-0.6826,1.0549,0.0,0.0,11.9023,5.82473087310791,3.323317050933838,114.48,0,1,180,1.882,0.2027,1.0,0.3516,0.0608,0.3,0.1406,0.5015,0.5974
179.301,4,RETURN_HOME,5.7513,10.4095,-2.044,0.9898,-0.7807,-2.0112,0.7898,-0.6807,1.0426,0.0,0.0,11.8926,5.841455459594727,3.2631306648254395,115.48,0,1,180,1.656,0.2051,1.0,0.3475,0.0615,0.3,0.139,0.5006,0.5804
179.351,4,RETURN_HOME,5.7913,10.3779,-2.0398,0.9776,-0.7794,-2.0159,0.7776,-0.6794,1.0326,0.0,0.0,11.8844,5.853396892547607,3.2275729179382324,114.73,0,1,180,1.777,0.2076,1.0,0.3442,0.0623,0.3,0.1377,0.5,0.5831
179.401,4,RETURN_HOME,5.8389,10.34,-2.0352,0.9633,-0.7781,-2.0213,0.7633,-0.6781,1.021,0.0,0.0,11.8747,5.868537902832031,3.1977484226226807,114.48,0,1,180,1.862,0.2107,1.0,0.3403,0.0632,0.3,0.1361,0.4993,0.5932
179.451,4,RETURN_HOME,5.8771,10.3088,-2.031,0.951,-0.7768,-2.0258,0.751,-0.6768,1.011,0.0,0.0,11.8664,5.899841785430908,3.137923002243042,115.98,0,1,180,1.729,0.2137,1.0,0.337,0.0641,0.3,0.1348,0.4989,0.5746
179.502,4,RETURN_HOME,5.9148,10.2777,-2.0272,0.9387,-0.7754,-2.0303,0.7387,-0.7754,1.0709,0.0,0.0,11.8581,5.929458141326904,3.1055827140808105,116.48,0,1,180,1.944,0.2835,1.0,0.357,0.085,0.3,0.1428,0.5278,0.5794
179.551,4,RETURN_HOME,5.9594,10.2403,-2.0233,0.924,-0.7735,-2.0356,0.724,-0.7735,1.0594,0.0,0.0,11.8482,5.9579267501831055,3.07655668258667,115.98,0,1,180,1.558,0.2873,1.0,0.3531,0.0862,0.3,0.1413,0.5274,0.5911
179.601,4,RETURN_HOME,5.9945,10.2081,-2.0224,0.9111,-0.772,-2.0401,0.7111,-0.772,1.0496,0.0,0.0,11.8381,5.998352527618408,3.0467987060546875,117.73,0,1,180,1.513,0.2912,1.0,0.3499,0.0874,0.3,0.1399,0.5273,0.5978
179.651,4,RETURN_HOME,6.0361,10.1697,-2.0215,0.8955,-0.7725,-2.0455,0.6955,-0.7725,1.0395,0.0,0.0,11.8261,7.378757476806641,2.9863991737365723,117.23,0,1,180,1.698,0.2976,1.0,0.3465,0.0893,0.3,0.1386,0.5279,0.5909
179.702,4,RETURN_HOME,6.0699,10.138,-2.0205,0.8824,-0.7747,-2.05,0.6824,-0.7747,1.0323,0.0,0.0,11.8162,7.3617682456970215,2.9589388370513916,116.98,0,1,180,2.026,0.3043,1.0,0.3441,0.0913,0.3,0.1376,0.5289,0.6012
179.751,4,RETURN_HOME,6.1076,10.1008,-2.0177,0.8661,-0.778,-2.0554,0.6661,-0.778,1.0242,0.0,0.0,11.8037,7.330451011657715,2.9061598777770996,118.23,0,1,180,1.791,0.3135,1.0,0.3414,0.094,0.3,0.1366,0.5306,0.6
179.801,4,RETURN_HOME,6.1451,10.0633,-2.0152,0.8501,-0.7824,-2.0607,0.6501,-0.8824,1.096,0.0,0.0,11.7912,7.310845851898193,2.875783920288086,118.48,0,1,180,1.811,0.3779,1.0,0.3653,0.1134,0.3,0.1461,0.5595,0.6101
179.851,4,RETURN_HOME,6.1747,10.0321,-2.0129,0.8365,-0.786,-2.0651,0.6365,-0.886,1.0909,0.0,0.0,11.7801,7.296258926391602,2.8478119373321533,117.73,0,1,180,1.603,0.3858,1.0,0.3636,0.1157,0.3,0.1455,0.5612,0.6236
179.901,4,RETURN_HOME,6.2074,9.9949,-2.0095,0.8194,-0.7897,-2.0702,0.6194,-0.8897,1.0841,0.0,0.0,11.7656,7.265202522277832,2.7967135906219482,118.48,0,1,180,1.681,0.3957,1.0,0.3614,0.1187,0.3,0.1445,0.5633,0.6286
179.951,4,RETURN_HOME,6.2348,9.9636,-2.0073,0.8052,-0.795,-2.0745,0.6052,-0.895,1.0804,0.0,0.0,11.7536,7.246502876281738,2.768411636352539,119.74,0,1,180,1.546,0.4051,1.0,0.3601,0.1215,0.3,0.1441,0.5656,0.6418
180.002,4,RETURN_HOME,6.2696,9.9247,-2.0053,0.789,-0.8043,-2.0797,0.589,-0.9043,1.0792,0.0,0.0,11.7391,7.228396415710449,2.7435691356658936,119.49,0,1,180,2.419,0.4169,1.0,0.3597,0.1251,0.3,0.1439,0.569,0.6624
180.051,4,RETURN_HOME,6.299,9.8916,-2.0042,0.7759,-0.8136,-2.084,0.5759,-0.9136,1.08,0.0,0.0,11.7269,7.196983337402344,2.694186210632324,119.24,0,1,180,1.736,0.4271,1.0,0.36,0.1281,0.3,0.144,0.5721,0.6638
180.102,4,RETURN_HOME,6.3281,9.8582,-2.0032,0.763,-0.8235,-2.0883,0.563,-0.9235,1.0816,0.0,0.0,11.7145,7.177286148071289,2.6661369800567627,119.24,0,1,180,1.903,0.4374,1.0,0.3605,0.1312,0.3,0.1442,0.5754,0.6746
180.151,4,RETURN_HOME,6.361,9.818,-2.0003,0.7469,-0.836,-2.0934,0.5469,-0.936,1.084,0.0,0.0,11.6985,7.15946626663208,2.643460750579834,119.99,0,1,180,1.768,0.4503,1.0,0.3613,0.1351,0.3,0.1445,0.5796,0.6953
180.201,4,RETURN_HOME,6.3927,9.7774,-1.997,0.7305,-0.8485,-2.0984,0.5305,-1.0485,1.1751,0.0,0.0,11.6818,7.1234002113342285,2.596609354019165,119.24,0,1,180,1.597,0.4998,1.0,0.3917,0.1499,0.3,0.1567,0.6066,0.6966
180.251,4,RETURN_HOME,6.4242,9.7362,-1.9943,0.7141,-0.8603,-2.1034,0.5141,-1.0603,1.1784,0.0,0.0,11.6647,7.102463722229004,2.5713672637939453,121.24,0,1,180,1.764,0.5108,1.0,0.4012,0.1532,0.3,0.1605,0.6137,0.7161
180.302,4,RETURN_HOME,6.4465,9.7029,-1.994,0.6988,-0.8696,-2.1076,0.4988,-1.0696,1.1802,0.0,0.0,11.6492,7.083983898162842,2.5487513542175293,119.24,0,1,180,1.76,0.521,1.0,0.4099,0.1563,0.3,0.164,0.6203,0.736
180.351,4,RETURN_HOME,6.4734,9.6621,-1.9939,0.6805,-0.8832,-2.1126,0.4805,-1.0832,1.185,0.0,0.0,11.6302,7.044314384460449,2.5055043697357178,120.24,0,1,180,1.743,0.5337,1.0,0.4216,0.1601,0.3,0.1687,0.6288,0.753
180.401,4,RETURN_HOME,6.4965,9.6274,-1.9942,0.6657,-0.8965,-2.1166,0.4657,-1.0965,1.1913,0.0,0.0,11.6143,7.024385929107666,2.4815549850463867,120.49,0,1,180,1.782,0.5443,1.0,0.4323,0.1633,0.3,0.1729,0.6362,0.7746
180.451,4,RETURN_HOME,6.5216,9.5922,-1.9956,0.652,-0.911,-2.1205,0.452,-1.111,1.1994,0.0,0.0,11.5992,7.005946636199951,2.4610464572906494,121.49,0,1,180,1.827,0.5541,1.0,0.4431,0.1662,0.3,0.1772,0.6435,0.7912
180.501,4,RETURN_HOME,6.5512,9.5489,-1.9972,0.6357,-0.9293,-2.1251,0.4357,-1.1293,1.2104,0.0,0.0,11.5802,6.964810371398926,2.417999505996704,121.99,0,1,180,1.604,0.5657,1.0,0.4565,0.1697,0.3,0.1826,0.6523,0.8054
180.551,4,RETURN_HOME,6.5795,9.5053,-1.9963,0.6193,-0.9477,-2.1296,0.4193,-1.1477,1.2219,0.0,0.0,11.5603,6.939918041229248,2.3969573974609375,121.74,0,1,180,1.618,0.577,1.0,0.47,0.1731,0.3,0.188,0.6611,0.8311
180.601,4,RETURN_HOME,6.6018,9.4689,-1.9923,0.6053,-0.9626,-2.1334,0.4053,-1.1626,1.2312,0.0,0.0,11.5432,6.895539283752441,2.3572099208831787,123.24,0,1,180,1.702,0.5863,1.0,0.4812,0.1759,0.3,0.1925,0.6684,0.8397
180.651,4,RETURN_HOME,6.6282,9.4242,-1.9883,0.5885,-0.9806,-2.1379,0.3885,-1.1806,1.2428,0.0,0.0,11.5216,6.873859405517578,2.3387765884399414,122.49,0,1,180,1.734,0.5971,1.0,0.4947,0.1791,0.3,0.1979,0.677,0.8651
180.701,4,RETURN_HOME,6.6543,9.3782,-1.9841,0.5715,-0.9985,-2.1423,0.3715,-1.1985,1.2548,0.0,0.0,11.4992,6.847019672393799,2.318148136138916,122.49,0,1,180,1.546,0.6077,1.0,0.5083,0.1823,0.3,0.2033,0.6856,0.8931
180.751,4,RETURN_HOME,6.6758,9.3391,-1.9805,0.5572,-1.0134,-2.1459,0.3572,-1.2134,1.2649,0.0,0.0,11.4798,6.799128532409668,2.2805325984954834,122.74,0,1,180,1.773,0.6162,1.0,0.5196,0.1849,0.3,0.2079,0.6927,0.9055
180.801,4,RETURN_HOME,6.701,9.2912,-1.9772,0.54,-1.0313,-2.1503,0.34,-1.2313,1.2774,0.0,0.0,11.4556,6.773120880126953,2.2631828784942627,122.99,0,1,180,1.594,0.6261,1.0,0.5332,0.1878,0.3,0.2133,0.7011,0.9327
180.851,4,RETURN_HOME,6.7229,9.2524,-1.9763,0.5264,-1.0457,-2.1539,0.3264,-1.2457,1.2878,0.0,0.0,11.437,6.745284080505371,2.2446651458740234,124.49,0,1,180,1.598,0.6336,1.0,0.544,0.1901,0.3,0.2176,0.7077,0.9539
180.901,4,RETURN_HOME,6.7444,9.2132,-1.9762,0.5128,-1.0601,-2.1575,0.3128,-1.2601,1.2984,0.0,0.0,11.4179,6.691294193267822,2.2104082107543945,122.99,0,1,180,1.749,0.6408,1.0,0.5547,0.1922,0.3,0.2219,0.7141,0.9707
180.952,4,RETURN_HOME,6.7694,9.1648,-1.9764,0.4966,-1.0776,-2.1618,0.2966,-1.2776,1.3115,0.0,0.0,11.3938,6.664320945739746,2.1944832801818848,122.49,0,1,180,2.05,0.6492,1.0,0.5676,0.1948,0.3,0.2271,0.7218,0.9928
181.002,4,RETURN_HOME,6.7973,9.1162,-1.9765,0.4816,-1.0951,-2.1661,0.2816,-1.2951,1.3254,0.0,0.0,11.3714,6.633498668670654,2.177438259124756,124.99,0,1,180,2.037,0.6564,1.0,0.5799,0.1969,0.3,0.232,0.7289,1.0142
181.051,4,RETURN_HOME,6.8202,9.0748,-1.9768,0.4692,-1.1099,-2.1697,0.2692,-1.3099,1.3372,0.0,0.0,11.352,6.576730251312256,2.1469013690948486,124.74,0,1,180,1.583,0.6621,1.0,0.5902,0.1986,0.3,0.2361,0.7347,1.029
181.101,4,RETURN_HOME,6.8499,9.0155,-1.9791,0.4511,-1.1304,-2.1746,0.2511,-1.3304,1.3539,0.0,0.0,11.3226,6.5504584312438965,2.132352352142334,125.74,0,1,180,1.714,0.6702,1.0,0.6049,0.2011,0.3,0.242,0.743,1.0617
181.151,4,RETURN_HOME,6.8689,8.9725,-1.9832,0.4373,-1.1447,-2.1782,0.2373,-1.3447,1.3655,0.0,0.0,11.2999,6.514866352081299,2.1162219047546387,123.49,0,1,180,1.896,0.6763,1.0,0.6157,0.2029,0.3,0.2463,0.7492,1.088
181.202,4,RETURN_HOME,6.8872,8.9285,-1.987,0.4234,-1.1591,-2.1818,0.2234,-1.3591,1.3773,0.0,0.0,11.2762,6.45494270324707,2.0881247520446777,124.49,0,1,180,2.436,0.6823,1.0,0.6265,0.2047,0.3,0.2506,0.7553,1.116
181.252,4,RETURN_HOME,6.9081,8.8747,-1.991,0.4066,-1.1768,-2.1861,0.2066,-1.3768,1.3922,0.0,0.0,11.2464,6.423923492431641,2.073953866958618,125.74,0,1,180,2.72,0.6892,1.0,0.6397,0.2068,0.3,0.2559,0.7627,1.1439
181.302,4,RETURN_HOME,6.9243,8.829,-1.9937,0.3925,-1.1921,-2.1898,0.1925,-1.3921,1.4054,0.0,0.0,11.2204,6.388882160186768,2.0607242584228516,125.99,0,1,180,1.974,0.6949,1.0,0.6511,0.2085,0.3,0.2604,0.7689,1.1696
181.351,4,RETURN_HOME,6.943,8.773,-1.9966,0.3757,-1.2107,-2.1941,0.1757,-1.4107,1.4216,0.0,0.0,11.188,6.325608730316162,2.036097764968872,125.49,0,1,180,1.633,0.7014,1.0,0.6647,0.2104,0.3,0.2659,0.7763,1.2008
181.401,4,RETURN_HOME,6.96,8.7163,-1.9998,0.3585,-1.229,-2.1984,0.1585,-1.429,1.4377,0.0,0.0,11.1542,6.291221618652344,2.0236353874206543,126.49,0,1,180,1.584,0.7079,1.0,0.6785,0.2124,0.3,0.2714,0.7838,1.2359
181.451,4,RETURN_HOME,6.9728,8.6687,-2.0025,0.344,-1.244,-2.202,0.144,-1.444,1.4511,0.0,0.0,11.125,6.255334854125977,2.0112838745117188,126.49,0,1,180,1.991,0.7132,1.0,0.6899,0.2139,0.3,0.276,0.7899,1.2678
181.502,4,RETURN_HOME,6.9852,8.6201,-2.0049,0.3295,-1.2591,-2.2057,0.1295,-1.4591,1.4648,0.0,0.0,11.095,6.187442302703857,1.990002989768982,124.99,0,1,180,2.325,0.7182,1.0,0.7014,0.2155,0.3,0.2805,0.796,1.3005
181.551,4,RETURN_HOME,6.9992,8.561,-2.0093,0.3115,-1.2771,-2.2101,0.1115,-1.4771,1.4813,0.0,0.0,11.058,6.15202522277832,1.9790022373199463,126.99,0,1,180,1.78,0.7243,1.0,0.7153,0.2173,0.3,0.2861,0.8034,1.3406
181.601,4,RETURN_HOME,7.0101,8.511,-2.0132,0.2962,-1.2922,-2.2138,0.0962,-1.4922,1.4953,0.0,0.0,11.0263,6.113707542419434,1.9685022830963135,126.99,0,1,180,1.736,0.7294,1.0,0.7271,0.2188,0.3,0.2908,0.8096,1.2817
181.651,4,RETURN_HOME,7.0205,8.4602,-2.0166,0.281,-1.3073,-2.2177,0.081,-1.4,1.4023,0.0,0.0,10.9937,6.044497489929199,1.94920015335083,125.24,0,1,180,1.64,0.7314,1.0,0.6838,0.2194,0.3,0.2735,0.7929,1.3833
181.702,4,RETURN_HOME,7.0332,8.3977,-2.0214,0.2632,-1.3262,-2.2223,0.0632,-1.4,1.4014,0.0,0.0,10.9538,6.007684707641602,1.9396660327911377,127.49,0,1,180,2.152,0.7369,1.0,0.6885,0.2211,0.3,0.2754,0.7965,1.3305
181.751,4,RETURN_HOME,7.0455,8.3339,-2.026,0.2457,-1.3452,-2.2268,0.0457,-1.4,1.4007,0.0,0.0,10.9129,5.966848850250244,1.9314146041870117,126.74,0,1,180,1.958,0.7422,1.0,0.6931,0.2227,0.3,0.2772,0.7999,1.2724
181.801,4,RETURN_HOME,7.0532,8.2908,-2.0286,0.2343,-1.3563,-2.2299,0.0343,-1.4,1.4004,0.0,0.0,10.8851,5.888459205627441,1.9156094789505005,125.49,0,1,180,1.822,0.7456,1.0,0.6961,0.2237,0.3,0.2784,0.8021,1.19
181.851,4,RETURN_HOME,7.0659,8.2127,-2.0314,0.2142,-1.3726,-2.2352,0.0142,-1.4,1.4001,0.0,0.0,10.8341,5.847593784332275,1.9094524383544922,130.25,0,1,180,1.781,0.7514,1.0,0.7013,0.2254,0.3,0.2805,0.806,1.1281
181.901,4,RETURN_HOME,7.0744,8.1561,-2.0326,0.1996,-1.3821,-2.2391,-0.0004,-1.4,1.4,0.0,0.0,10.7967,5.802903175354004,1.8993990421295166,126.99,0,1,180,1.675,0.7556,1.0,0.7052,0.2267,0.3,0.2821,0.8088,1.0717
181.951,4,RETURN_HOME,7.0821,8.0993,-2.0334,0.1848,-1.39,-2.243,-0.0152,-1.4,1.4001,0.0,0.0,10.759,5.723450183868408,1.889243245124817,127.49,0,1,180,1.841,0.7599,1.0,0.7093,0.228,0.3,0.2837,0.8117,0.9844
182.002,4,RETURN_HOME,7.0916,8.028,-2.0352,0.1673,-1.3995,-2.2477,-0.0327,-1.3,1.3004,0.0,0.0,10.7116,5.682165622711182,1.882594108581543,127.49,0,1,180,1.912,0.7659,1.0,0.664,0.2298,0.3,0.2656,0.7953,1.1373
182.051,4,RETURN_HOME,7.0987,7.9686,-2.0363,0.1525,-1.4065,-2.2517,-0.0475,-1.3,1.3009,0.0,0.0,10.6719,5.637287139892578,1.8768140077590942,128.99,0,1,180,1.109,0.7705,1.0,0.6682,0.2311,0.3,0.2673,0.7984,1.0785
182.101,4,RETURN_HOME,7.1051,7.9094,-2.0369,0.1376,-1.413,-2.2557,-0.0624,-1.3,1.3015,0.0,0.0,10.6321,5.556751251220703,1.8670976161956787,127.49,0,1,180,1.095,0.7751,1.0,0.6725,0.2325,0.3,0.269,0.8015,0.9845
182.151,4,RETURN_HOME,7.108,7.8428,-2.0359,0.1186,-1.4159,-2.2605,-0.0814,-1.3,1.3025,0.0,0.0,10.5846,5.515290260314941,1.8626209497451782,129.24,0,1,180,1.203,0.7815,1.0,0.6786,0.2344,0.3,0.2714,0.8059,0.9222
182.201,4,RETURN_HOME,7.1105,7.776,-2.0347,0.0996,-1.4157,-2.2654,-0.1004,-1.3,1.3039,0.0,0.0,10.5368,5.470681667327881,1.8578131198883057,128.99,0,1,180,1.37,0.7877,1.0,0.6847,0.2363,0.3,0.2739,0.8102,0.855
182.251,4,RETURN_HOME,7.1122,7.7206,-2.033,0.0839,-1.414,-2.2695,-0.1161,-1.2,1.2056,0.0,0.0,10.4972,5.387508392333984,1.8527413606643677,129.49,0,1,180,1.176,0.7973,1.0,0.6409,0.2392,0.3,0.2563,0.7955,0.9916
182.301,4,RETURN_HOME,7.1139,7.6547,-2.0299,0.0649,-1.4111,-2.2744,-0.1351,-1.2,1.2076,0.0,0.0,10.45,5.344843864440918,1.8483651876449585,130.75,0,1,180,1.173,0.8041,1.0,0.6473,0.2412,0.3,0.2589,0.8001,0.9304
182.351,4,RETURN_HOME,7.1148,7.5997,-2.0276,0.0491,-1.4083,-2.2786,-0.1509,-1.2,1.2095,0.0,0.0,10.4104,5.2999444007873535,1.8452881574630737,130.0,0,1,180,1.143,0.8096,1.0,0.6528,0.2429,0.3,0.2611,0.804,0.8646
182.4,4,RETURN_HOME,7.115,7.5455,-2.024,0.0333,-1.4033,-2.2827,-0.1667,-1.2,1.2115,0.0,0.0,10.371,5.21687650680542,1.8427019119262695,130.25,0,1,180,0.983,0.815,1.0,0.6583,0.2445,0.3,0.2633,0.8078,0.7662
182.451,4,RETURN_HOME,7.1143,7.4819,-2.0177,0.0142,-1.3946,-2.2876,-0.1858,-1.1,1.1156,0.0,0.0,10.3243,5.176295280456543,1.841846227645874,131.75,0,1,180,1.647,0.8293,1.0,0.6168,0.2488,0.3,0.2467,0.7955,0.9643
182.501,4,RETURN_HOME,7.1127,7.4181,-2.0123,-0.0053,-1.3851,-2.2924,-0.2053,-1.1,1.119,0.0,0.0,10.2771,5.129877090454102,1.842238187789917,133.25,0,1,180,1.537,0.8365,1.0,0.624,0.251,0.3,0.2496,0.8006,0.8985
182.551,4,RETURN_HOME,7.1116,7.3656,-2.0078,-0.021,-1.3768,-2.2963,-0.221,-1.1,1.122,0.0,0.0,10.2385,5.048651218414307,1.8419249057769775,130.5,0,1,180,1.571,0.8421,1.0,0.6299,0.2526,0.3,0.252,0.8046,0.8022
182.601,4,RETURN_HOME,7.1101,7.3032,-2.0027,-0.0394,-1.3644,-2.3011,-0.2394,-1.1,1.1257,0.0,0.0,10.1927,5.007814884185791,1.8414102792739868,130.75,0,1,180,1.634,0.8485,1.0,0.6368,0.2545,0.3,0.2547,0.8092,0.7395
182.651,4,RETURN_HOME,7.1081,7.2515,-1.9991,-0.0548,-1.3525,-2.3052,-0.2548,-1.1,1.1291,0.0,0.0,10.1543,4.961965084075928,1.843896746635437,132.75,0,1,180,1.973,0.8537,1.0,0.6426,0.2561,0.3,0.257,0.8131,0.6808
182.701,4,RETURN_HOME,7.1018,7.2,-1.9935,-0.0721,-1.3401,-2.3093,-0.1721,-1.1,1.1134,0.0,0.0,10.1131,4.882874011993408,1.8466330766677856,130.5,0,1,180,1.585,0.8119,1.0,0.6026,0.2436,0.3,0.2411,0.7846,0.73
182.751,4,RETURN_HOME,7.0929,7.1384,-1.9872,-0.0936,-1.3254,-2.3143,-0.1936,-1.1,1.1169,0.0,0.0,10.0631,4.840595245361328,1.8476543426513672,132.25,0,1,180,1.564,0.8208,1.0,0.6112,0.2462,0.3,0.2445,0.7907,0.6617
182.802,4,RETURN_HOME,7.0836,7.0772,-1.982,-0.1146,-1.311,-2.3194,-0.1146,-1.1,1.106,0.0,0.0,10.0132,4.796309471130371,1.852158546447754,132.5,0,1,180,1.711,0.7763,1.0,0.5724,0.2329,0.3,0.2289,0.7618,0.7905
182.851,4,RETURN_HOME,7.0755,7.0298,-1.9797,-0.1299,-1.2979,-2.3235,-0.1299,-1.0979,1.1056,0.0,0.0,9.974,4.718850612640381,1.8558555841445923,131.5,0,1,180,1.815,0.7833,1.0,0.5773,0.235,0.3,0.2309,0.7659,0.6647
182.901,4,RETURN_HOME,7.0655,6.9728,-1.9777,-0.1459,-1.2837,-2.3284,-0.1459,-1.0837,1.0934,0.0,0.0,9.9268,4.676942348480225,1.860731840133667,131.25,0,1,180,1.604,0.7911,1.0,0.5767,0.2373,0.3,0.2307,0.768,0.6162
182.951,4,RETURN_HOME,7.0571,6.9253,-1.9766,-0.1556,-1.2729,-2.3324,-0.0556,-1.0729,1.0743,0.0,0.0,9.8874,4.6355180740356445,1.8648093938827515,132.5,0,1,180,1.781,0.7364,1.0,0.5274,0.2209,0.3,0.211,0.7319,0.7918
183.002,4,RETURN_HOME,7.0485,6.8776,-1.9721,-0.1629,-1.2632,-2.3363,-0.0629,-1.0632,1.0651,0.0,0.0,9.848,4.59869909286499,1.8687195777893066,134.25,0,1,180,1.827,0.7394,1.0,0.525,0.2218,0.3,0.21,0.7318,0.7706
183.051,4,RETURN_HOME,7.0382,6.8204,-1.9677,-0.1695,-1.2529,-2.3407,-0.0695,-1.0529,1.0552,0.0,0.0,9.8007,4.519901275634766,1.8760311603546143,134.75,0,1,180,1.905,0.7417,1.0,0.5217,0.2225,0.3,0.2087,0.7312,0.7236
183.102,4,RETURN_HOME,7.0298,6.773,-1.9649,-0.1718,-1.2444,-2.3443,-0.0718,-1.0444,1.0469,0.0,0.0,9.7617,4.477022647857666,1.881732702255249,134.5,0,1,180,2.0,0.7416,1.0,0.5176,0.2225,0.3,0.207,0.7295,0.7096
183.151,4,RETURN_HOME,7.0221,6.7269,-1.9627,-0.1718,-1.2356,-2.3477,-0.0718,-1.0356,1.0381,0.0,0.0,9.7242,4.398746013641357,1.8919775485992432,134.0,0,1,180,1.734,0.7401,1.0,0.5122,0.222,0.3,0.2049,0.7269,0.6765
183.201,4,RETURN_HOME,7.013,6.6715,-1.9609,-0.1701,-1.2253,-2.3516,-0.0701,-1.0253,1.0277,0.0,0.0,9.6794,4.356661319732666,1.8957804441452026,135.0,0,1,180,1.792,0.7371,1.0,0.505,0.2211,0.3,0.202,0.7231,0.6787
183.251,4,RETURN_HOME,7.0029,6.616,-1.9593,-0.168,-1.215,-2.3553,-0.068,-1.015,1.0172,0.0,0.0,9.6339,4.312673091888428,1.9011565446853638,134.0,0,1,180,1.805,0.7338,1.0,0.4977,0.2201,0.3,0.1991,0.7192,0.6774
183.302,4,RETURN_HOME,6.9927,6.5699,-1.9574,-0.1671,-1.2062,-2.3583,-0.0671,-1.0062,1.0085,0.0,0.0,9.5949,4.275500774383545,1.9057239294052124,134.5,0,1,180,1.975,0.7317,1.0,0.4919,0.2195,0.3,0.1968,0.7163,0.6716
183.351,4,RETURN_HOME,6.9812,6.5147,-1.9559,-0.1659,-1.1957,-2.3617,-0.0659,-0.9957,0.9979,0.0,0.0,9.5487,4.193869590759277,1.915645956993103,134.0,0,1,180,1.57,0.7291,1.0,0.485,0.2187,0.3,0.194,0.7127,0.6457
183.402,4,RETURN_HOME,6.9716,6.4685,-1.9603,-0.1648,-1.1869,-2.3645,-0.0648,-0.9869,0.9891,0.0,0.0,9.5103,4.149616241455078,1.9207005500793457,135.0,0,1,180,1.809,0.7267,1.0,0.4792,0.218,0.3,0.1917,0.7097,0.6374
183.451,4,RETURN_HOME,6.9622,6.4223,-1.9676,-0.1635,-1.1782,-2.3674,-0.0635,-0.9782,0.9803,0.0,0.0,9.472,4.110406398773193,1.9255014657974243,135.0,0,1,180,1.836,0.7242,1.0,0.4733,0.2173,0.3,0.1893,0.7066,0.6351
183.501,4,RETURN_HOME,6.9516,6.3671,-1.9757,-0.162,-1.1677,-2.3707,-0.062,-0.9677,0.9697,0.0,0.0,9.4268,4.0301513671875,1.9346058368682861,134.75,0,1,180,1.667,0.7212,1.0,0.4662,0.2164,0.3,0.1865,0.7028,0.6117
183.551,4,RETURN_HOME,6.944,6.3214,-1.9823,-0.1603,-1.1587,-2.3735,-0.0603,-0.9587,0.9606,0.0,0.0,9.3904,3.985705614089966,1.9390469789505005,135.0,0,1,180,1.581,0.7182,1.0,0.46,0.2155,0.3,0.184,0.6995,0.6068
183.602,4,RETURN_HOME,6.936,6.2668,-1.9899,-0.1578,-1.1477,-2.3769,-0.0578,-0.9477,0.9495,0.0,0.0,9.3478,3.945899724960327,1.9441865682601929,135.0,0,1,180,1.901,0.7144,1.0,0.4522,0.2143,0.3,0.1809,0.6952,0.6127
183.652,4,RETURN_HOME,6.9295,6.2217,-1.9954,-0.1558,-1.1386,-2.3797,-0.0558,-0.9386,0.9403,0.0,0.0,9.3127,3.868640899658203,1.952587604522705,134.75,0,1,180,1.93,0.7111,1.0,0.4457,0.2133,0.3,0.1783,0.6916,0.5857
183.701,4,RETURN_HOME,6.9202,6.1673,-2.0005,-0.154,-1.1278,-2.3831,0.046,-1.2278,1.2287,0.0,0.0,9.2695,3.823899984359741,1.9553334712982178,134.25,0,1,180,1.592,0.6369,1.0,0.5217,0.1911,0.3,0.2087,0.6998,0.7705
183.751,4,RETURN_HOME,6.9121,6.1221,-2.0039,-0.1527,-1.1186,-2.386,0.0473,-1.2186,1.2195,0.0,0.0,9.2335,3.7862534523010254,1.9608596563339233,133.75,0,1,180,1.721,0.6335,1.0,0.515,0.19,0.3,0.206,0.6961,0.7722
183.801,4,RETURN_HOME,6.9027,6.0684,-2.0073,-0.1511,-1.1065,-2.3897,0.0489,-1.2065,1.2075,0.0,0.0,9.191,3.7086474895477295,1.9689373970031738,135.0,0,1,180,1.645,0.6293,1.0,0.5066,0.1888,0.3,0.2026,0.6914,0.7674
183.851,4,RETURN_HOME,6.8983,6.0254,-2.009,-0.1471,-1.1013,-2.393,0.0529,-1.2013,1.2025,0.0,0.0,9.1592,3.6653268337249756,1.9720512628555298,134.75,0,1,180,1.871,0.6241,1.0,0.5003,0.1872,0.3,0.2001,0.6873,0.771
183.902,4,RETURN_HOME,6.8939,5.9822,-2.0103,-0.1413,-1.1014,-2.3963,-0.0413,-1.0014,1.0022,0.0,0.0,9.1276,3.62673020362854,1.9758057594299316,134.0,0,1,180,1.706,0.686,1.0,0.4583,0.2058,0.3,0.1833,0.6891,0.5104
183.952,4,RETURN_HOME,6.8888,5.9302,-2.0116,-0.1323,-1.1073,-2.4,-0.0323,-1.0073,1.0078,0.0,0.0,9.0897,3.552443027496338,1.9845600128173828,135.0,0,1,180,1.758,0.6764,1.0,0.4544,0.2029,0.3,0.1818,0.6847,0.5337
184.001,4,RETURN_HOME,6.887,5.8775,-2.0122,-0.1203,-1.1177,-2.4031,-0.0203,-1.0177,1.0179,0.0,0.0,9.0541,3.5070624351501465,1.9881720542907715,135.0,0,1,180,1.764,0.6642,1.0,0.4507,0.1993,0.3,0.1803,0.6795,0.5633
184.051,4,RETURN_HOME,6.8855,5.8332,-2.0126,-0.1113,-1.1243,-2.4053,-0.0113,-1.0243,1.0243,0.0,0.0,9.0242,3.4685254096984863,1.9917794466018677,135.0,0,1,180,1.784,0.6548,1.0,0.4471,0.1964,0.3,0.1788,0.6753,0.5861
184.101,4,RETURN_HOME,6.8837,5.7794,-2.0135,-0.1027,-1.1279,-2.4079,-0.0027,-1.0279,1.0279,0.0,0.0,8.9881,3.3852853775024414,1.9979132413864136,134.75,0,1,180,1.674,0.645,1.0,0.442,0.1935,0.3,0.1768,0.6703,0.6065
184.151,4,RETURN_HOME,6.8823,5.7336,-2.0168,-0.097,-1.1279,-2.4103,0.003,-1.0279,1.0279,0.0,0.0,8.9577,3.341437578201294,2.001908779144287,134.5,0,1,180,1.848,0.6378,1.0,0.4371,0.1913,0.3,0.1748,0.6662,0.6196
184.202,4,RETURN_HOME,6.8806,5.6787,-2.0202,-0.0921,-1.1249,-2.4137,0.0079,-1.0249,1.025,0.0,0.0,8.9213,3.298445463180542,2.003652811050415,135.0,0,1,180,2.063,0.6306,1.0,0.4309,0.1892,0.3,0.1724,0.6615,0.632
184.251,4,RETURN_HOME,6.8804,5.6333,-2.0235,-0.0885,-1.1208,-2.4167,0.0115,-1.1208,1.1209,0.0,0.0,8.8923,3.2171621322631836,2.009540557861328,134.5,0,1,180,1.787,0.6255,1.0,0.4674,0.1877,0.3,0.187,0.6746,0.6286
184.301,4,RETURN_HOME,6.8822,5.579,-2.0286,-0.0837,-1.1148,-2.4206,0.0163,-1.1148,1.1149,0.0,0.0,8.8594,3.172473192214966,2.0113141536712646,135.0,0,1,180,1.844,0.6183,1.0,0.4596,0.1855,0.3,0.1838,0.6693,0.6412
184.352,4,RETURN_HOME,6.8832,5.534,-2.0321,-0.08,-1.1095,-2.424,0.02,-1.1095,1.1097,0.0,0.0,8.832,3.1309611797332764,2.0119259357452393,135.0,0,1,180,1.942,0.6125,1.0,0.4531,0.1837,0.3,0.1812,0.665,0.6508
184.402,4,RETURN_HOME,6.8855,5.481,-2.0346,-0.0755,-1.1056,-2.4282,0.0245,-1.1056,1.1059,0.0,0.0,8.8006,3.0554373264312744,2.0183534622192383,135.0,0,1,180,1.786,0.6053,1.0,0.4463,0.1816,0.3,0.1785,0.6601,0.6523
184.451,4,RETURN_HOME,6.8886,5.4285,-2.0354,-0.0704,-1.1047,-2.4326,0.0296,-1.1047,1.1051,0.0,0.0,8.7705,3.0092906951904297,2.0197553634643555,135.0,0,1,180,1.801,0.5977,1.0,0.4403,0.1793,0.3,0.1761,0.6554,0.6613
184.502,4,RETURN_HOME,6.8907,5.3847,-2.0356,-0.0661,-1.1057,-2.4362,-0.0661,-0.9057,0.9081,0.0,0.0,8.7451,2.969850540161133,2.0221900939941406,135.0,0,1,180,2.128,0.6715,1.0,0.4065,0.2014,0.3,0.1626,0.6641,0.423
184.551,4,RETURN_HOME,6.8911,5.3308,-2.0394,-0.0613,-1.1092,-2.4404,-0.0613,-0.9092,0.9113,0.0,0.0,8.7123,2.8910703659057617,2.02801775932312,135.0,0,1,180,1.538,0.6637,1.0,0.4032,0.1991,0.3,0.1613,0.6604,0.435
184.601,4,RETURN_HOME,6.891,5.2857,-2.0424,-0.0575,-1.1124,-2.4437,-0.0575,-0.9124,0.9143,0.0,0.0,8.6847,2.8457462787628174,2.031327486038208,135.0,0,1,180,1.525,0.6573,1.0,0.4007,0.1972,0.3,0.1603,0.6575,0.4484
184.651,4,RETURN_HOME,6.8908,5.2405,-2.0447,-0.0553,-1.1122,-2.4468,-0.0553,-0.9122,0.9138,0.0,0.0,8.6571,2.806299924850464,2.0331780910491943,135.0,0,1,180,1.797,0.6524,1.0,0.3975,0.1957,0.3,0.159,0.6547,0.4523
184.701,4,RETURN_HOME,6.8887,5.1853,-2.0464,-0.0556,-1.1075,-2.4507,-0.0556,-0.9075,0.9092,0.0,0.0,8.6222,2.7262279987335205,2.0384581089019775,134.75,0,1,180,1.528,0.6491,1.0,0.3935,0.1947,0.3,0.1574,0.6521,0.4442
184.751,4,RETURN_HOME,6.8862,5.1304,-2.0472,-0.0581,-1.0986,-2.4549,-0.0581,-0.8986,0.9005,0.0,0.0,8.5873,2.6800081729888916,2.039437770843506,135.0,0,1,180,1.693,0.6479,1.0,0.389,0.1944,0.3,0.1556,0.65,0.4385
184.801,4,RETURN_HOME,6.884,5.0853,-2.0474,-0.0612,-1.0891,-2.4586,-0.0612,-0.8891,0.8912,0.0,0.0,8.5586,2.6421737670898438,2.0425069332122803,135.0,0,1,180,1.523,0.648,1.0,0.385,0.1944,0.3,0.154,0.6484,0.4314
184.851,4,RETURN_HOME,6.8787,5.0291,-2.0456,-0.0666,-1.0778,-2.4634,-0.0666,-0.8778,0.8803,0.0,0.0,8.5211,2.564371109008789,2.047978401184082,135.0,0,1,180,1.556,0.6495,1.0,0.3812,0.1949,0.3,0.1525,0.6473,0.4126
184.901,4,RETURN_HOME,6.8735,4.974,-2.0436,-0.0718,-1.0659,-2.4686,-0.0718,-0.8659,0.8689,0.0,0.0,8.4844,2.517307758331299,2.0494794845581055,135.0,0,1,180,1.745,0.6512,1.0,0.3772,0.1954,0.3,0.1509,0.6463,0.4001
184.951,4,RETURN_HOME,6.87,4.9378,-2.0422,-0.0751,-1.0581,-2.4721,-0.0751,-0.8581,0.8613,0.0,0.0,8.4605,2.480201005935669,2.048400640487671,26.4,0,1,180,1.786,0.6522,1.0,0.3745,0.1957,0.3,0.1498,0.6455,0.3905
185.001,4,RETURN_HOME,6.8622,4.875,-2.0373,-0.0809,-1.0446,-2.4784,-0.0809,-0.8446,0.8485,0.0,0.0,8.4176,2.406226396560669,1.9876651763916016,26.15,0,1,180,1.704,0.6543,0.9927,0.3701,0.1963,0.2978,0.148,0.6421,0.372
185.051,4,RETURN_HOME,6.8568,4.831,-2.034,-0.0847,-1.0351,-2.4829,-0.0847,-0.8351,0.8394,0.0,0.0,8.3877,2.361337423324585,1.9525243043899536,25.9,0,1,180,1.677,0.6555,0.9534,0.3668,0.1966,0.286,0.1467,0.6294,0.3741
185.102,4,RETURN_HOME,6.8512,4.7878,-2.0317,-0.0881,-1.0257,-2.4873,0.0119,-1.0257,1.0258,0.0,0.0,8.3583,2.3255035877227783,1.9227678775787354,25.9,0,1,180,1.744,0.5633,1.0,0.3852,0.169,0.3,0.1541,0.6231,0.5823
185.151,4,RETURN_HOME,6.8441,4.7371,-2.0306,-0.0924,-1.0138,-2.4928,0.0076,-1.0138,1.0139,0.0,0.0,8.3236,2.250972270965576,1.860892415046692,25.65,0,1,180,1.746,0.5629,1.0,0.3805,0.1689,0.3,0.1522,0.6211,0.5681
185.201,4,RETURN_HOME,6.8383,4.6955,-2.0296,-0.0957,-1.0041,-2.4975,0.0043,-1.0041,1.0041,0.0,0.0,8.2952,2.2093136310577393,1.8275154829025269,25.15,0,1,180,1.733,0.5625,1.0,0.3766,0.1688,0.3,0.1506,0.6194,0.5575
185.252,4,RETURN_HOME,6.8338,4.6557,-2.0287,-0.097,-0.997,-2.5022,0.003,-0.997,0.997,0.0,0.0,8.2689,2.172102689743042,1.799042820930481,24.9,0,1,180,1.883,0.5605,1.0,0.3726,0.1682,0.3,0.149,0.6172,0.5541
185.302,4,RETURN_HOME,6.8303,4.6102,-2.0278,-0.0954,-0.9918,-2.5078,0.0046,-0.9918,0.9918,0.0,0.0,8.2406,2.0985913276672363,1.7359187602996826,24.65,0,1,180,1.86,0.5556,1.0,0.3674,0.1667,0.3,0.1469,0.6136,0.549
185.351,4,RETURN_HOME,6.8268,4.5647,-2.0268,-0.0918,-0.9905,-2.5131,0.0082,-0.9905,0.9905,0.0,0.0,8.2122,2.0591988563537598,1.7052780389785767,24.4,0,1,180,1.769,0.549,1.0,0.3625,0.1647,0.3,0.145,0.6097,0.5537
185.402,4,RETURN_HOME,6.8262,4.5271,-2.0273,-0.0872,-0.9916,-2.5174,0.0128,-0.9916,0.9916,0.0,0.0,8.1909,2.0213654041290283,1.6748818159103394,24.15,0,1,180,1.98,0.5419,1.0,0.3582,0.1626,0.3,0.1433,0.6058,0.5583
185.452,4,RETURN_HOME,6.826,4.4893,-2.0279,-0.082,-0.9936,-2.5215,0.018,-0.9936,0.9938,0.0,0.0,8.1699,1.9466326236724854,1.620444416999817,23.4,0,1,180,1.954,0.5343,1.0,0.354,0.1603,0.3,0.1416,0.6019,0.5551
185.501,4,RETURN_HOME,6.8255,4.4436,-2.0282,-0.076,-0.9963,-2.5263,0.024,-0.9963,0.9966,0.0,0.0,8.1445,1.9046392440795898,1.5868816375732422,23.15,0,1,180,1.594,0.5253,1.0,0.349,0.1576,0.3,0.1396,0.5972,0.562
185.551,4,RETURN_HOME,6.8268,4.407,-2.024,-0.0707,-0.9977,-2.5303,0.0293,-0.9977,0.9981,0.0,0.0,8.1257,1.865714430809021,1.557423710823059,22.9,0,1,180,1.762,0.5175,1.0,0.3443,0.1552,0.3,0.1377,0.593,0.5677
185.601,4,RETURN_HOME,6.8282,4.3704,-2.019,-0.0658,-0.9986,-2.5343,0.0342,-0.9986,0.9992,0.0,0.0,8.1071,1.7855135202407837,1.5024105310440063,22.15,0,1,180,1.591,0.5099,1.0,0.3397,0.153,0.3,0.1359,0.5888,0.5622
185.651,4,RETURN_HOME,6.8295,4.3259,-2.0135,-0.0603,-0.9994,-2.5391,0.0397,-0.9994,1.0002,0.0,0.0,8.0843,1.7430133819580078,1.4687782526016235,21.65,0,1,180,1.53,0.5012,1.0,0.3342,0.1503,0.3,0.1337,0.584,0.5675
185.701,4,RETURN_HOME,6.8256,4.2901,-2.0109,-0.058,-0.999,-2.543,0.042,-0.999,0.9999,0.0,0.0,8.0619,1.7012523412704468,1.443605899810791,21.14,0,1,180,1.588,0.4961,1.0,0.3333,0.1488,0.3,0.1333,0.5821,0.5695
185.751,4,RETURN_HOME,6.8213,4.2464,-2.0081,-0.0552,-0.9987,-2.5477,0.0448,-0.9987,0.9997,0.0,0.0,8.035,1.620510220527649,1.3870826959609985,20.14,0,1,180,1.529,0.4899,1.0,0.3332,0.147,0.3,0.1333,0.5803,0.5655
185.803,4,RETURN_HOME,6.8179,4.2096,-2.0061,-0.0527,-0.9986,-2.5516,0.0473,-0.9986,0.9997,0.0,0.0,8.0127,1.5756244659423828,1.357997179031372,19.64,0,1,180,3.122,0.4845,1.0,0.3332,0.1454,0.3,0.1333,0.5787,0.5653
185.851,4,RETURN_HOME,6.8136,4.1648,-2.0069,-0.0496,-0.9991,-2.5562,0.0504,-0.9991,1.0004,0.0,0.0,7.9857,1.5335707664489746,1.3320586681365967,18.89,0,1,180,1.715,0.4779,1.0,0.3335,0.1434,0.3,0.1334,0.5768,0.5648
185.901,4,RETURN_HOME,6.8104,4.1271,-2.0074,-0.0468,-0.9997,-2.5601,0.0532,-0.9997,1.0011,0.0,0.0,7.9633,1.4481000900268555,1.27593195438385,17.64,0,1,180,1.527,0.4721,1.0,0.3337,0.1416,0.3,0.1335,0.5751,0.5577
185.951,4,RETURN_HOME,6.8074,4.0891,-2.0079,-0.0437,-1.0005,-2.564,0.0563,-1.0005,1.0021,0.0,0.0,7.9412,1.4016350507736206,1.249076008796692,16.89,0,1,180,1.745,0.466,1.0,0.334,0.1398,0.3,0.1336,0.5734,0.5593
186.001,4,RETURN_HOME,6.8042,4.0429,-2.0079,-0.0397,-1.0018,-2.5686,-0.0397,-0.9018,0.9026,0.0,0.0,7.9147,1.3601915836334229,1.226285457611084,16.14,0,1,180,1.607,0.5481,0.9188,0.3298,0.1644,0.2756,0.1319,0.572,0.4549
186.051,4,RETURN_HOME,6.8018,4.0041,-2.0079,-0.0361,-1.0029,-2.5723,-0.0361,-0.9029,0.9036,0.0,0.0,7.8928,1.3152050971984863,1.1989796161651611,15.39,0,1,180,1.816,0.5413,0.9283,0.3261,0.1624,0.2785,0.1304,0.5713,0.4585
186.101,4,RETURN_HOME,6.8005,3.9578,-2.0068,-0.0309,-1.0044,-2.5766,-0.0309,-0.9044,0.9049,0.0,0.0,7.8683,1.2242133617401123,1.1514251232147217,13.64,0,1,180,1.483,0.5323,0.931,0.3211,0.1597,0.2793,0.1284,0.5674,0.4661
186.151,4,RETURN_HOME,6.8014,3.9199,-2.0044,-0.0278,-1.0038,-2.5801,-0.0278,-0.9038,0.9042,0.0,0.0,7.8502,1.1785995960235596,1.122270107269287,12.39,0,1,180,1.57,0.5258,0.9371,0.3169,0.1577,0.2811,0.1268,0.5656,0.471
186.201,4,RETURN_HOME,6.8023,3.8742,-2.0019,-0.0266,-1.0007,-2.5842,-0.0266,-0.9007,0.9011,0.0,0.0,7.8282,1.1335843801498413,1.0992616415023804,11.64,0,1,180,1.548,0.5203,0.9403,0.3126,0.1561,0.2821,0.125,0.5632,0.4724
186.251,4,RETURN_HOME,6.8025,3.8359,-2.0014,-0.0273,-0.9966,-2.5878,-0.0273,-0.8966,0.897,0.0,0.0,7.8095,1.0531251430511475,1.0531251430511475,9.13,0,1,180,1.677,0.5174,0.9417,0.3094,0.1552,0.2825,0.1238,0.5615,0.4694
186.301,4,RETURN_HOME,6.802,3.79,-2.003,-0.0296,-0.9904,-2.5922,0.0704,-0.9904,0.9929,0.0,0.0,7.7866,1.0297743082046509,1.0297743082046509,8.13,0,1,180,1.611,0.4236,1.0,0.331,0.1271,0.3,0.1324,0.5595,0.542
186.351,4,RETURN_HOME,6.8014,3.7517,-2.0041,-0.0322,-0.9847,-2.5961,0.0678,-0.9847,0.9871,0.0,0.0,7.7675,1.0118873119354248,1.0118873119354248,6.88,0,1,180,1.741,0.4217,1.0,0.329,0.1265,0.3,0.1316,0.5581,0.5358
186.401,4,RETURN_HOME,6.8004,3.7069,-2.0038,-0.0355,-0.9771,-2.601,0.0645,-0.9771,0.9792,0.0,0.0,7.7451,0.9689043760299683,0.9689043760299683,4.38,0,1,180,1.823,0.4197,1.0,0.3264,0.1259,0.3,0.1306,0.5565,0.5293
186.451,4,RETURN_HOME,6.7994,3.6704,-2.0024,-0.0362,-0.9722,-2.6052,0.0638,-0.9722,0.9743,0.0,0.0,7.7268,0.9494897127151489,0.9494897127151489,2.88,0,1,180,1.81,0.4163,1.0,0.3248,0.1249,0.3,0.1299,0.5548,0.5277
186.502,4,RETURN_HOME,6.7981,3.6263,-2.0009,-0.0343,-0.969,-2.6102,0.0657,-0.969,0.9712,0.0,0.0,7.7049,0.9312793016433716,0.9312793016433716,1.38,0,1,180,1.934,0.4099,1.0,0.3237,0.123,0.3,0.1295,0.5525,0.5241
186.551,4,RETURN_HOME,6.7962,3.5901,-1.9987,-0.0316,-0.9677,-2.6143,-0.1316,-0.8677,0.8777,0.0,0.0,7.6862,0.8954786062240601,0.8954786062240601,-1.63,0,1,180,1.798,0.5944,0.78,0.3478,0.1783,0.234,0.1391,0.5514,0.3895
186.602,4,RETURN_HOME,6.794,3.5465,-1.9959,-0.0269,-0.9679,-2.6191,-0.0269,-0.9679,0.9682,0.0,0.0,7.6639,0.8827099800109863,0.8827099800109863,-3.38,0,1,180,1.844,0.4872,0.945,0.3227,0.1462,0.2835,0.1291,0.5588,0.4716
186.652,4,RETURN_HOME,6.7924,3.5098,-1.9939,-0.0217,-0.969,-2.623,-0.0217,-0.969,0.9693,0.0,0.0,7.6456,0.8656891584396362,0.8656891584396362,-5.13,0,1,180,1.958,0.4789,0.9497,0.3231,0.1437,0.2849,0.1292,0.5578,0.4747
186.701,4,RETURN_HOME,6.7909,3.4704,-1.9933,-0.0204,-0.9704,-2.6269,-0.0204,-0.9704,0.9706,0.0,0.0,7.6263,0.8384101986885071,0.8384101986885071,-8.38,0,1,180,1.542,0.4737,0.95,0.3235,0.1421,0.285,0.1294,0.5565,0.4746
186.751,4,RETURN_HOME,6.7892,3.4225,-1.993,-0.0215,-0.9716,-2.6316,-0.0215,-0.9716,0.9719,0.0,0.0,7.6031,0.8269993662834167,0.8269993662834167,-10.13,0,1,180,1.494,0.4698,0.9511,0.324,0.1409,0.2853,0.1296,0.5559,0.4732
186.801,4,RETURN_HOME,6.7878,3.3827,-1.9926,-0.0237,-0.9724,-2.6357,-0.2237,-0.7724,0.8041,0.0,0.0,7.584,0.8270602226257324,0.8161624670028687,-12.39,0,1,180,1.705,0.6774,0.6958,0.3631,0.2032,0.2087,0.1453,0.5572,0.3401
186.851,4,RETURN_HOME,6.7869,3.3352,-1.9906,-0.0258,-0.9735,-2.6405,-0.2258,-0.7735,0.8057,0.0,0.0,7.5621,0.8232697248458862,0.7985141277313232,-16.64,0,1,180,1.711,0.6749,0.7084,0.3625,0.2025,0.2125,0.145,0.56,0.3558
186.901,4,RETURN_HOME,6.7861,3.2956,-1.9892,-0.0272,-0.9748,-2.6445,-0.2272,-0.7748,0.8074,0.0,0.0,7.544,0.8218498826026917,0.7910711169242859,-18.39,0,1,180,1.816,0.6723,0.7192,0.3619,0.2017,0.2158,0.1448,0.5622,0.3604
186.951,4,RETURN_HOME,6.7856,3.2477,-1.9868,-0.0332,-0.9728,-2.649,-0.2332,-0.7728,0.8072,0.0,0.0,7.5228,0.8214777708053589,0.7864182591438293,-19.39,0,1,180,1.588,0.6739,0.7204,0.3626,0.2022,0.2161,0.1451,0.5633,0.3605
187.001,4,RETURN_HOME,6.7878,3.2063,-1.9813,-0.0407,-0.968,-2.6529,-0.2407,-0.768,0.8048,0.0,0.0,7.507,11.419837951660156,0.7760135531425476,-25.15,0,1,180,1.626,0.678,0.7536,0.3638,0.2034,0.2261,0.1455,0.575,0.3756
187.051,4,RETURN_HOME,6.7892,3.1654,-1.9765,-0.051,-0.9601,-2.657,-0.251,-0.7601,0.8005,0.0,0.0,7.4909,11.419058799743652,0.7735609412193298,-27.15,0,1,180,1.949,0.6855,0.7577,0.3658,0.2056,0.2273,0.1463,0.5793,0.377
187.101,4,RETURN_HOME,6.7895,3.1173,-1.9724,-0.066,-0.9477,-2.6622,-0.266,-0.7477,0.7936,0.0,0.0,7.4709,11.414855003356934,0.770348072052002,-27.4,0,1,180,1.944,0.6977,0.754,0.3692,0.2093,0.2262,0.1477,0.5832,0.3745
187.151,4,RETURN_HOME,6.7872,3.0711,-1.9728,-0.0831,-0.9335,-2.6675,-0.2831,-0.8335,0.8803,0.0,0.0,7.4497,11.415996551513672,0.7658566236495972,-26.9,0,1,180,1.61,0.6834,0.8028,0.401,0.205,0.2408,0.1604,0.6063,0.3952
187.201,4,RETURN_HOME,6.7846,3.0332,-1.9733,-0.0976,-0.9212,-2.6722,-0.2976,-0.8212,0.8735,0.0,0.0,7.4318,11.421394348144531,0.7655519247055054,-29.9,0,1,180,1.576,0.6948,0.7961,0.4046,0.2084,0.2388,0.1618,0.6091,0.3933
187.251,4,RETURN_HOME,6.78,2.9881,-1.9749,-0.1149,-0.9067,-2.6778,-0.3149,-0.8067,0.866,0.0,0.0,7.4093,11.427793502807617,0.7625578045845032,-25.9,0,1,180,1.767,0.7084,0.8024,0.409,0.2125,0.2407,0.1636,0.6169,0.3999
187.302,4,RETURN_HOME,6.7752,2.9507,-1.9768,-0.1293,-0.8971,-2.6826,-0.3293,-0.7971,0.8624,0.0,0.0,7.3899,11.447507858276367,0.7551624774932861,-27.4,0,1,180,2.101,0.7191,0.8215,0.4134,0.2157,0.2465,0.1654,0.6275,0.4158
187.351,4,RETURN_HOME,6.7698,2.9138,-1.9786,-0.1432,-0.8896,-2.6875,-0.3432,-0.7896,0.8609,0.0,0.0,7.3703,11.459412574768066,0.7532140612602234,-30.15,0,1,180,1.634,0.7288,0.8212,0.4183,0.2186,0.2464,0.1673,0.6323,0.4148
187.401,4,RETURN_HOME,6.7601,2.8702,-1.9802,-0.1604,-0.8825,-2.6933,-0.3604,-0.7825,0.8616,0.0,0.0,7.3442,11.472982406616211,0.7506451606750488,-32.91,0,1,180,1.63,0.7401,0.8232,0.4251,0.222,0.247,0.17,0.639,0.415
187.451,4,RETURN_HOME,6.7496,2.8344,-1.9811,-0.1752,-0.8777,-2.698,-0.3752,-0.7777,0.8635,0.0,0.0,7.3206,11.501364707946777,0.7481703758239746,-35.91,0,1,180,1.597,0.7494,0.854,0.4314,0.2248,0.2562,0.1725,0.6535,0.4252
187.501,4,RETURN_HOME,6.7369,2.7918,-1.982,-0.1925,-0.8724,-2.7037,-0.3925,-0.7724,0.8664,0.0,0.0,7.2924,11.513406753540039,0.7483215928077698,-37.66,0,1,180,1.781,0.7598,0.8555,0.4389,0.2279,0.2567,0.1756,0.6601,0.425
187.551,4,RETURN_HOME,6.7248,2.7565,-1.9796,-0.207,-0.868,-2.7083,-0.407,-0.768,0.8692,0.0,0.0,7.2678,11.527144432067871,0.7496193647384644,-39.66,0,1,180,1.837,0.7684,0.8845,0.4452,0.2305,0.2653,0.1781,0.674,0.4367
187.601,4,RETURN_HOME,6.7092,2.7146,-1.975,-0.2243,-0.8624,-2.7138,-0.4243,-0.7624,0.8726,0.0,0.0,7.2376,11.55527114868164,0.7532026767730713,-43.67,0,1,180,1.515,0.7785,0.9031,0.4529,0.2336,0.2709,0.1811,0.6856,0.4432
187.651,4,RETURN_HOME,6.6962,2.6798,-1.9717,-0.2387,-0.8574,-2.7184,-0.4387,-0.8574,0.9632,0.0,0.0,7.2125,11.567599296569824,0.7560136318206787,-45.67,0,1,180,1.768,0.7537,0.968,0.4839,0.2261,0.2904,0.1936,0.7101,0.4723
187.701,4,RETURN_HOME,6.68,2.64,-1.9692,-0.2563,-0.8501,-2.7237,-0.4563,-0.8501,0.9649,0.0,0.0,7.1827,11.58327579498291,0.7611270546913147,-47.67,0,1,180,1.712,0.7637,0.9764,0.4912,0.2291,0.2929,0.1965,0.7185,0.4759
187.751,4,RETURN_HOME,6.6662,2.6072,-1.9678,-0.2711,-0.8437,-2.7282,-0.4711,-0.7437,0.8804,0.0,0.0,7.1579,11.615616798400879,0.7725398540496826,-51.67,0,1,180,1.59,0.8061,1.0,0.4731,0.2418,0.3,0.1892,0.7311,0.4864
187.802,4,RETURN_HOME,6.6523,2.5745,-1.9667,-0.2859,-0.8391,-2.7327,-0.4859,-0.7391,0.8845,0.0,0.0,7.1331,11.630091667175293,0.7766537070274353,-53.67,0,1,180,1.933,0.8139,1.0,0.48,0.2442,0.3,0.192,0.7362,0.4955
187.851,4,RETURN_HOME,6.6358,2.5357,-1.967,-0.3035,-0.8361,-2.7381,-0.5035,-0.6361,0.8113,0.0,0.0,7.1038,11.6448974609375,0.7855997085571289,-55.43,0,1,180,1.881,0.8596,1.0,0.465,0.2579,0.3,0.186,0.7439,0.4889
187.901,4,RETURN_HOME,6.6219,2.5034,-1.9676,-0.3178,-0.8337,-2.7425,-0.5178,-0.6337,0.8183,0.0,0.0,7.0793,11.661375045776367,0.7910817265510559,-57.18,0,1,180,1.695,0.8657,1.0,0.4723,0.2597,0.3,0.1889,0.7486,0.4939
187.951,4,RETURN_HOME,6.6043,2.4639,-1.9689,-0.3348,-0.83,-2.7474,-0.5348,-0.63,0.8264,0.0,0.0,7.0489,11.688940048217773,0.8077957034111023,-60.93,0,1,180,1.822,0.8728,1.0,0.4808,0.2618,0.3,0.1923,0.7542,0.5261
188.001,4,RETURN_HOME,6.5882,2.4285,-1.9715,-0.3489,-0.8251,-2.7515,-0.5489,-0.6251,0.8319,0.0,0.0,7.0216,11.697482109069824,0.8161240816116333,-62.43,0,1,180,1.596,0.879,1.0,0.4875,0.2637,0.3,0.195,0.7587,0.5372
188.052,4,RETURN_HOME,6.5686,2.3868,-1.9743,-0.3659,-0.8157,-2.7563,-0.5659,-0.6157,0.8362,0.0,0.0,6.9887,11.706460952758789,0.8265479803085327,-64.18,0,1,180,1.918,0.8874,1.0,0.4947,0.2662,0.3,0.1979,0.7641,0.549
188.101,4,RETURN_HOME,6.5515,2.3529,-1.9758,-0.3801,-0.8055,-2.7603,-0.5801,-0.6055,0.8385,0.0,0.0,6.9612,11.72904109954834,0.8480350971221924,-67.69,0,1,180,1.582,0.8952,1.0,0.5004,0.2685,0.3,0.2002,0.7687,0.5704
188.151,4,RETURN_HOME,6.5331,2.3207,-1.9747,-0.3947,-0.7935,-2.7642,-0.5947,-0.5935,0.8402,0.0,0.0,6.933,11.740768432617188,0.8596324324607849,-69.19,0,1,180,1.733,0.9035,1.0,0.5061,0.271,0.3,0.2024,0.7735,0.5831
188.201,4,RETURN_HOME,6.5106,2.2828,-1.9736,-0.4124,-0.7783,-2.7688,-0.6124,-0.5783,0.8423,0.0,0.0,6.8992,11.754027366638184,0.870051383972168,-70.69,0,1,180,1.707,0.9133,1.0,0.5128,0.274,0.3,0.2051,0.7791,0.594
188.252,4,RETURN_HOME,6.4921,2.2527,-1.9726,-0.427,-0.7651,-2.7728,-0.627,-0.5651,0.8441,0.0,0.0,6.8718,11.783641815185547,0.8953381180763245,-73.69,0,1,180,1.804,0.9212,1.0,0.5184,0.2764,0.3,0.2074,0.7837,0.6243
188.302,4,RETURN_HOME,6.4751,2.2267,-1.9711,-0.4409,-0.7504,-2.7766,-0.6409,-0.5504,0.8448,0.0,0.0,6.8473,11.799692153930664,0.9067662954330444,-75.19,0,1,180,1.973,0.9293,1.0,0.5234,0.2788,0.3,0.2093,0.7881,0.6366
188.351,4,RETURN_HOME,6.4539,2.1956,-1.9697,-0.4576,-0.7335,-2.7811,-0.6576,-0.5335,0.8468,0.0,0.0,6.8171,11.817488670349121,0.9211372137069702,-76.45,0,1,180,1.763,0.9381,1.0,0.5296,0.2814,0.3,0.2118,0.7933,0.6535
188.401,4,RETURN_HOME,6.4351,2.1684,-1.9676,-0.4719,-0.7203,-2.7848,-0.6719,-0.5203,0.8498,0.0,0.0,6.7907,11.851561546325684,0.9483798742294312,-79.2,0,1,180,1.791,0.9448,1.0,0.5353,0.2834,0.3,0.2141,0.7975,0.6888
188.451,4,RETURN_HOME,6.4111,2.1339,-1.9636,-0.4896,-0.7057,-2.7893,-0.6896,-0.5057,0.8551,0.0,0.0,6.7569,11.867727279663086,0.962194561958313,-80.45,0,1,180,1.705,0.9519,1.0,0.5426,0.2856,0.3,0.2171,0.8026,0.7006
188.501,4,RETURN_HOME,6.3906,2.1058,-1.9609,-0.5044,-0.6937,-2.793,-0.7044,-0.4937,0.8601,0.0,0.0,6.7286,11.883378982543945,0.9728758931159973,-81.95,0,1,180,1.681,0.9574,1.0,0.549,0.2872,0.3,0.2196,0.8068,0.7123
188.551,4,RETURN_HOME,6.3692,2.0773,-1.9593,-0.5194,-0.682,-2.7967,-0.7194,-0.482,0.8659,0.0,0.0,6.6993,11.919299125671387,1.0028077363967896,-84.45,0,1,180,1.747,0.9624,1.0,0.5556,0.2887,0.3,0.2222,0.811,0.7438
188.601,4,RETURN_HOME,6.3421,2.0425,-1.959,-0.5379,-0.6683,-2.801,-0.7379,-0.5683,0.9314,0.0,0.0,6.6628,11.937118530273438,1.0155649185180664,-85.7,0,1,180,1.576,0.9412,1.0,0.5844,0.2823,0.3,0.2338,0.8161,0.7753
188.651,4,RETURN_HOME,6.3143,2.0087,-1.959,-0.5562,-0.6543,-2.8052,-0.7562,-0.5543,0.9376,0.0,0.0,6.6261,11.949664115905762,1.029026985168457,-86.71,0,1,180,1.635,0.9478,1.0,0.5925,0.2843,0.3,0.237,0.8213,0.7959
188.702,4,RETURN_HOME,6.2916,1.9804,-1.9585,-0.5708,-0.6427,-2.8087,-0.7708,-0.5427,0.9427,0.0,0.0,6.5959,11.968974113464355,1.045200228691101,-88.21,0,1,180,1.821,0.9528,1.0,0.5988,0.2858,0.3,0.2395,0.8254,0.8091
188.751,4,RETURN_HOME,6.269,1.9522,-1.9579,-0.5852,-0.6329,-2.8121,-0.7852,-0.5329,0.9489,0.0,0.0,6.5659,12.0017671585083,1.0737481117248535,-90.21,0,1,180,1.877,0.957,1.0,0.6054,0.2871,0.3,0.2422,0.8293,0.8392
188.801,4,RETURN_HOME,6.241,1.9192,-1.9575,-0.6026,-0.623,-2.8161,-0.8026,-0.623,1.016,0.0,0.0,6.5294,12.019462585449219,1.088057041168213,-91.21,0,1,180,1.716,0.9353,1.0,0.6335,0.2806,0.3,0.2534,0.834,0.8778
188.852,4,RETURN_HOME,6.218,1.892,-1.9546,-0.6168,-0.6163,-2.8193,-0.8168,-0.6163,1.0232,0.0,0.0,6.4995,12.04005241394043,1.1037529706954956,-92.46,0,1,180,1.971,0.939,1.0,0.6405,0.2817,0.3,0.2562,0.8379,0.8954
188.902,4,RETURN_HOME,6.1898,1.86,-1.951,-0.6337,-0.609,-2.8232,-0.8337,-0.609,1.0324,0.0,0.0,6.4632,12.073535919189453,1.1341837644577026,-94.46,0,1,180,1.946,0.9431,1.0,0.6491,0.2829,0.3,0.2597,0.8426,0.9294
188.951,4,RETURN_HOME,6.1605,1.8286,-1.9483,-0.6511,-0.6043,-2.8271,-0.8511,-0.6043,1.0438,0.0,0.0,6.4262,12.088824272155762,1.1462762355804443,-95.71,0,1,180,1.74,0.9464,1.0,0.6586,0.2839,0.3,0.2634,0.8473,0.9465
189.002,4,RETURN_HOME,6.138,1.8011,-1.9456,-0.6645,-0.6028,-2.8303,-0.8645,-0.6028,1.0539,0.0,0.0,6.3968,12.123896598815918,1.1814754009246826,-97.22,0,1,180,1.942,0.9481,1.0,0.6662,0.2844,0.3,0.2665,0.8509,0.9848
189.051,4,RETURN_HOME,6.1145,1.7742,-1.9435,-0.6781,-0.6025,-2.8334,-0.8781,-0.6025,1.0649,0.0,0.0,6.3667,12.138090133666992,1.197379231452942,-98.72,0,1,180,1.657,0.9496,1.0,0.6741,0.2849,0.3,0.2697,0.8545,1.0024
189.102,4,RETURN_HOME,6.0849,1.7419,-1.941,-0.6948,-0.603,-2.8369,-0.8948,-0.603,1.0791,0.0,0.0,6.3293,12.15153694152832,1.2140978574752808,-99.72,0,1,180,1.856,0.951,1.0,0.6842,0.2853,0.3,0.2737,0.859,1.0235
189.152,4,RETURN_HOME,6.0581,1.714,-1.9368,-0.7095,-0.6044,-2.8397,-0.9095,-0.6044,1.0921,0.0,0.0,6.2959,12.165465354919434,1.2322231531143188,-100.72,0,1,180,1.822,0.9521,1.0,0.6932,0.2856,0.3,0.2773,0.8629,1.0456
189.202,4,RETURN_HOME,6.0306,1.6864,-1.9335,-0.7244,-0.6056,-2.8425,-0.9244,-0.6056,1.1051,0.0,0.0,6.2619,12.18789005279541,1.2669665813446045,-102.22,0,1,180,1.913,0.9532,1.0,0.7022,0.286,0.3,0.2809,0.8668,1.0827
189.251,4,RETURN_HOME,5.9965,1.6539,-1.9307,-0.7426,-0.6063,-2.8458,-0.9426,-0.6063,1.1207,0.0,0.0,6.2204,12.197014808654785,1.2840033769607544,-103.72,0,1,180,1.782,0.9546,1.0,0.7132,0.2864,0.3,0.2853,0.8717,1.1022
189.301,4,RETURN_HOME,5.9607,1.6219,-1.9292,-0.7612,-0.6059,-2.849,-0.9612,-0.7059,1.1926,0.0,0.0,6.1775,12.210205078125,1.3042186498641968,-104.72,0,1,180,1.661,0.9331,1.0,0.7419,0.2799,0.3,0.2967,0.8767,1.1459
189.351,4,RETURN_HOME,5.9303,1.5956,-1.9287,-0.7766,-0.6052,-2.8518,-0.9766,-0.7052,1.2046,0.0,0.0,6.1412,12.233593940734863,1.3426860570907593,-105.97,0,1,180,1.592,0.935,1.0,0.7509,0.2805,0.3,0.3004,0.8809,1.1838
189.401,4,RETURN_HOME,5.8929,1.5646,-1.9289,-0.7953,-0.6038,-2.8552,-0.9953,-0.7038,1.219,0.0,0.0,6.0971,12.242364883422852,1.3612943887710571,-106.22,0,1,180,1.638,0.9373,1.0,0.7617,0.2812,0.3,0.3047,0.8859,1.203
189.451,4,RETURN_HOME,5.8612,1.5391,-1.9301,-0.811,-0.6043,-2.8581,-1.011,-0.7043,1.2322,0.0,0.0,6.0599,12.259631156921387,1.382921576499939,-105.97,0,1,180,1.597,0.9388,1.0,0.7712,0.2816,0.3,0.3085,0.8901,1.2246
189.502,4,RETURN_HOME,5.8288,1.5138,-1.9315,-0.8267,-0.6066,-2.8611,-1.0267,-0.7066,1.2463,0.0,0.0,6.0222,12.288076400756836,1.4218112230300903,-105.22,0,1,180,2.323,0.9398,1.0,0.7809,0.2819,0.3,0.3124,0.8943,1.2639
189.551,4,RETURN_HOME,5.7884,1.4817,-1.9333,-0.8454,-0.6122,-2.8645,-1.0454,-0.7122,1.2649,0.0,0.0,5.975,12.303872108459473,1.44117271900177,-105.97,0,1,180,2.026,0.9402,1.0,0.7929,0.2821,0.3,0.3172,0.8992,1.2857
189.601,4,RETURN_HOME,5.7536,1.4537,-1.9348,-0.8609,-0.6185,-2.8674,-1.0609,-0.7185,1.2813,0.0,0.0,5.9344,12.321489334106445,1.463863492012024,-105.22,0,1,180,2.01,0.9401,1.0,0.8031,0.282,0.3,0.3212,0.9033,1.308
189.652,4,RETURN_HOME,5.7182,1.4259,-1.9366,-0.8764,-0.625,-2.8701,-1.0764,-0.725,1.2978,0.0,0.0,5.8933,12.345820426940918,1.502328872680664,-105.47,0,1,180,2.369,0.9399,1.0,0.8132,0.282,0.3,0.3253,0.9073,1.3487
189.701,4,RETURN_HOME,5.6769,1.3932,-1.9383,-0.8941,-0.6327,-2.8733,-1.0941,-0.7327,1.3168,0.0,0.0,5.8453,12.356637001037598,1.5223551988601685,-104.22,0,1,180,1.662,0.9396,1.0,0.8248,0.2819,0.3,0.3299,0.9118,1.3704
189.751,4,RETURN_HOME,5.6363,1.3611,-1.9399,-0.9114,-0.6398,-2.8765,-1.1114,-0.7398,1.3351,0.0,0.0,5.7983,12.366700172424316,1.5447745323181152,-105.97,0,1,180,1.475,0.9393,1.0,0.836,0.2818,0.3,0.3344,0.9162,1.3951
189.801,4,RETURN_HOME,5.6016,1.3342,-1.9414,-0.9258,-0.6453,-2.8792,-1.1258,-0.7453,1.3502,0.0,0.0,5.7582,12.385030746459961,1.5840219259262085,-105.97,0,1,180,1.903,0.9391,1.0,0.8453,0.2817,0.3,0.3381,0.9198,1.4351
189.851,4,RETURN_HOME,5.5592,1.3016,-1.9452,-0.9433,-0.6514,-2.8825,-1.1433,-0.7514,1.3681,0.0,0.0,5.7095,12.395124435424805,1.6063203811645508,-105.97,0,1,180,1.597,0.9389,1.0,0.8563,0.2817,0.3,0.3425,0.9242,1.457
189.901,4,RETURN_HOME,5.5231,1.2742,-1.9491,-0.958,-0.6563,-2.8853,-1.158,-0.7563,1.3831,0.0,0.0,5.6682,12.407981872558594,1.6280792951583862,-104.97,0,1,180,1.706,0.9387,1.0,0.8656,0.2816,0.3,0.3462,0.9279,1.4802
189.951,4,RETURN_HOME,5.4862,1.2469,-1.9528,-0.9728,-0.6611,-2.8882,-1.1728,-0.4611,1.2602,0.0,0.0,5.6261,12.427380561828613,1.6692776679992676,-103.72,0,1,180,1.553,0.9886,1.0,0.8306,0.2966,0.3,0.3322,9980.0358,1.4625
190.001,4,RETURN_HOME,5.4452,1.2156,-1.9542,-0.9895,-0.6668,-2.8916,-1.1895,-0.4668,1.2778,0.0,0.0,5.5793,12.439443588256836,1.6906075477600098,-106.97,0,1,180,1.72,0.9881,1.0,0.8418,0.2964,0.3,0.3367,9980.9206,1.4853
190.051,4,RETURN_HOME,5.4033,1.1843,-1.9554,-1.0063,-0.6723,-2.8946,-1.2063,-0.4723,1.2955,0.0,0.0,5.5316,12.454265594482422,1.7134805917739868,-103.47,0,1,180,1.863,0.9876,1.0,0.853,0.2963,0.3,0.3412,9981.801,1.5104
190.101,4,RETURN_HOME,5.3671,1.158,-1.9565,-1.0204,-0.6715,-2.897,-1.2204,-0.4715,1.3083,0.0,0.0,5.4906,12.460800170898438,1.7551382780075073,-103.72,0,1,180,1.767,0.9878,1.0,0.8616,0.2963,0.3,0.3446,9982.5572,1.5512
190.152,4,RETURN_HOME,5.3322,1.1311,-1.9556,-1.0338,-0.6657,-2.8996,-1.2338,-0.4657,1.3188,0.0,0.0,5.4509,12.462143898010254,1.7752200365066528,-105.22,0,1,180,1.943,0.9885,1.0,0.8691,0.2965,0.3,0.3476,9983.2958,1.5697
190.202,4,RETURN_HOME,5.2886,1.0993,-1.955,-1.0506,-0.6533,-2.9031,-1.2506,-0.4533,1.3302,0.0,0.0,5.4016,12.469608306884766,1.7967898845672607,-104.22,0,1,180,2.269,0.9898,1.0,0.8778,0.2969,0.3,0.3511,9984.2424,1.5909
190.252,4,RETURN_HOME,5.251,1.0739,-1.9552,-1.0651,-0.64,-2.9062,-1.2651,-0.44,1.3394,0.0,0.0,5.3597,12.481689453125,1.8192192316055298,-101.97,0,1,180,1.967,0.9912,1.0,0.885,0.2973,0.3,0.354,9985.0743,1.6076
190.301,4,RETURN_HOME,5.2128,1.0507,-1.957,-1.0795,-0.6247,-2.9095,-1.2795,-0.4247,1.3482,0.0,0.0,5.3176,12.517144203186035,1.8590891361236572,-104.47,0,1,180,1.67,0.9926,1.0,0.8922,0.2978,0.3,0.3569,9985.9265,1.645
190.351,4,RETURN_HOME,5.1653,1.0235,-1.9592,-1.0974,-0.6062,-2.9136,-1.2974,-0.4062,1.3595,0.0,0.0,5.2658,12.54757308959961,1.8821297883987427,-102.97,0,1,180,1.612,0.9942,1.0,0.9011,0.2983,0.3,0.3604,9986.9785,1.6646
190.402,4,RETURN_HOME,5.1248,1.0012,-1.9602,-1.1125,-0.5913,-2.917,-1.3125,-0.3913,1.3696,0.0,0.0,5.2217,12.574884414672852,1.901115894317627,-102.47,0,1,180,1.67,0.9953,1.0,0.9088,0.2986,0.3,0.3635,9987.8709,1.6805
190.451,4,RETURN_HOME,5.0755,0.9753,-1.9574,-1.1306,-0.574,-2.9212,-1.3306,-0.374,1.3822,0.0,0.0,5.1684,12.641586303710938,1.9383474588394165,-102.97,0,1,180,1.605,0.9965,1.0,0.9182,0.2989,0.3,0.3673,9988.9458,1.7158
190.501,4,RETURN_HOME,5.0247,0.9499,-1.9554,-1.149,-0.5576,-2.9254,-1.349,-0.3576,1.3956,0.0,0.0,5.1137,12.682687759399414,1.9593664407730103,-103.47,0,1,180,1.642,0.9974,1.0,0.928,0.2992,0.3,0.3712,9990.0426,1.7336
190.551,4,RETURN_HOME,4.9808,0.93,-1.9555,-1.1647,-0.5443,-2.9287,-1.3647,-0.3443,1.4074,0.0,0.0,5.0669,12.756826400756836,1.9949123859405518,-102.47,0,1,180,1.779,0.998,1.0,0.9365,0.2994,0.3,0.3746,9990.9808,1.766
190.601,4,RETURN_HOME,4.9262,0.9077,-1.958,-1.1838,-0.5281,-2.9327,-1.3838,-0.3281,1.4222,0.0,0.0,5.0091,12.794941902160645,2.0129008293151855,-101.72,0,1,180,1.749,0.9987,1.0,0.9469,0.2996,0.3,0.3788,9992.1374,1.7796
190.651,4,RETURN_HOME,4.8703,0.8857,-1.9606,-1.2031,-0.5123,-2.9365,-1.4031,-0.3123,1.4374,0.0,0.0,4.9502,12.835482597351074,2.032078742980957,-102.22,0,1,180,1.609,0.9992,1.0,0.9575,0.2998,0.3,0.383,9993.3063,1.7975
190.701,4,RETURN_HOME,4.8226,0.8667,-1.9617,-1.2194,-0.4993,-2.9397,-1.4194,-0.2993,1.4506,0.0,0.0,4.8999,12.915592193603516,2.0642993450164795,-102.72,0,1,180,1.604,0.9995,1.0,0.9666,0.2999,0.3,0.3866,9994.2966,1.8262
190.751,4,RETURN_HOME,4.7643,0.844,-1.9628,-1.2389,-0.4839,-2.9434,-1.4389,-0.2839,1.4667,0.0,0.0,4.8385,12.955873489379883,2.081308603286743,-102.72,0,1,180,1.606,0.9998,1.0,0.9776,0.2999,0.3,0.391,9995.4909,1.8392
190.801,4,RETURN_HOME,4.7148,0.8257,-1.9638,-1.2553,-0.471,-2.9464,-1.4553,-0.271,1.4803,0.0,0.0,4.7866,13.000982284545898,2.0983469486236572,-101.22,0,1,180,1.661,0.9999,1.0,0.9868,0.3,0.3,0.3947,9996.4887,1.8529
190.851,4,RETURN_HOME,4.6601,0.8083,-1.9622,-1.2734,-0.4576,-2.9493,-1.4734,-0.2576,1.4958,0.0,0.0,4.7297,13.039433479309082,2.1141140460968018,-101.97,0,1,180,1.496,1.0,1.0,0.9972,0.3,0.3,0.3989,9997.5712,1.8668
190.901,4,RETURN_HOME,4.5928,0.7881,-1.9601,-1.2955,-0.4413,-2.9527,-1.3955,-0.2413,1.4162,0.0,0.0,4.6599,13.120879173278809,2.143549919128418,-101.97,0,1,180,1.793,1.0,1.0,0.9441,0.3,0.3,0.3777,9995.8027,1.8923
190.951,4,RETURN_HOME,4.5365,0.7718,-1.9589,-1.3138,-0.4277,-2.9555,-1.4,-0.2277,1.4184,0.0,0.0,4.6016,13.164137840270996,2.159029006958008,-101.22,0,1,180,1.61,1.0,1.0,0.9456,0.3,0.3,0.3782,9996.439,1.9071
191.001,4,RETURN_HOME,4.4802,0.7561,-1.9588,-1.332,-0.4143,-2.9583,-1.4,-0.2143,1.4163,0.0,0.0,4.5436,13.2044677734375,2.1727516651153564,-99.97,0,1,180,1.85,0.9999,1.0,0.9441,0.3,0.3,0.3776,9996.8944,1.9186
191.052,4,RETURN_HOME,4.4124,0.738,-1.9593,-1.3511,-0.3982,-2.9615,-1.4,-0.1982,1.414,0.0,0.0,4.4737,13.283692359924316,2.199694871902466,-98.97,0,1,180,1.902,0.9997,1.0,0.9423,0.2999,0.3,0.3769,9997.3515,1.943
191.101,4,RETURN_HOME,4.3439,0.7205,-1.9598,-1.3671,-0.3821,-2.9647,-1.4,-0.2821,1.4281,0.0,0.0,4.4033,13.328980445861816,2.2153143882751465,-100.72,0,1,180,1.699,0.9994,1.0,0.9515,0.2998,0.3,0.3806,9998.0171,1.9739
191.151,4,RETURN_HOME,4.2855,0.7066,-1.9591,-1.3786,-0.3683,-2.9672,-1.4,-0.2683,1.4255,0.0,0.0,4.3434,13.285624504089355,2.228757619857788,-100.22,0,1,180,1.784,0.9997,1.0,0.95,0.2999,0.3,0.38,9998.623,1.9846
191.201,4,RETURN_HOME,4.2153,0.6906,-1.9587,-1.3903,-0.3517,-2.97,-1.4,-0.2517,1.4224,0.0,0.0,4.2715,13.194170951843262,2.2535626888275146,-100.72,0,1,180,1.614,0.9999,1.0,0.9482,0.3,0.3,0.3793,9999.2595,2.0037
191.251,4,RETURN_HOME,4.158,0.6777,-1.958,-1.3984,-0.3397,-2.9723,-1.4,-0.2397,1.4204,0.0,0.0,4.2129,13.142926216125488,2.265599250793457,-100.97,0,1,180,1.757,1.0,1.0,0.9469,0.3,0.3,0.3788,9999.331,2.0154
191.301,4,RETURN_HOME,4.1049,0.6651,-1.9544,-1.4044,-0.3297,-2.9744,-1.4,-0.2297,1.4187,0.0,0.0,4.1584,13.098340034484863,2.277416944503784,-99.97,0,1,180,1.436,1.0,1.0,0.9458,0.3,0.3,0.3783,9998.9377,2.0248
191.35,4,RETURN_HOME,4.0404,0.6503,-1.9511,-1.4109,-0.3197,-2.9766,-1.4,-0.2197,1.4171,0.0,0.0,4.0924,13.007220268249512,2.298828363418579,-98.72,0,1,180,1.005,1.0,1.0,0.9448,0.3,0.3,0.3779,9998.6636,2.0461
191.401,4,RETURN_HOME,3.976,0.6364,-1.9493,-1.4165,-0.3108,-2.9784,-1.4,-0.2108,1.4158,0.0,0.0,4.0266,12.956721305847168,2.3110837936401367,-98.72,0,1,180,1.109,1.0,1.0,0.9438,0.3,0.3,0.3775,9999.1901,2.0544
191.45,4,RETURN_HOME,3.9224,0.6256,-1.9489,-1.4206,-0.3036,-2.9797,-1.3,-0.2036,1.3158,0.0,0.0,3.972,12.910409927368164,2.323214292526245,-100.47,0,1,180,1.039,1.0,1.0,0.8772,0.3,0.3,0.3509,9999.5478,2.0629
191.501,4,RETURN_HOME,3.8683,0.6148,-1.9489,-1.4248,-0.2965,-2.9809,-1.3,-0.1965,1.3148,0.0,0.0,3.9168,12.820460319519043,2.3428475856781006,-98.97,0,1,180,1.101,1.0,1.0,0.8765,0.3,0.3,0.3506,9999.4089,2.0834
191.55,4,RETURN_HOME,3.8024,0.6024,-1.9501,-1.43,-0.2878,-2.9823,-1.3,-0.1878,1.3135,0.0,0.0,3.8499,12.768542289733887,2.35443377494812,-99.47,0,1,180,0.992,0.9999,1.0,0.8756,0.3,0.3,0.3502,9998.7628,2.0924
191.601,4,RETURN_HOME,3.7468,0.5927,-1.9526,-1.4321,-0.2802,-2.9834,-1.3,-0.1802,1.3124,0.0,0.0,3.7934,12.721506118774414,2.363520383834839,-98.47,0,1,180,1.247,0.9998,1.0,0.8748,0.2999,0.3,0.3499,9998.4271,2.1017
191.65,4,RETURN_HOME,3.6797,0.5812,-1.9557,-1.4321,-0.2708,-2.9846,-1.3,-0.1708,1.3112,0.0,0.0,3.7254,12.629093170166016,2.38297700881958,-98.22,0,1,180,1.031,0.9997,1.0,0.8738,0.2999,0.3,0.3495,9998.7087,2.1172
191.701,4,RETURN_HOME,3.6245,0.572,-1.9578,-1.4301,-0.2626,-2.9854,-1.2,-0.1626,1.211,0.0,0.0,3.6694,12.576680183410645,2.393650531768799,-97.72,0,1,180,1.667,0.9998,1.0,0.8071,0.2999,0.3,0.3228,9998.8349,2.1258
191.751,4,RETURN_HOME,3.5696,0.5632,-1.9595,-1.4272,-0.2543,-2.9862,-1.4,-0.2543,1.4229,0.0,0.0,3.6138,12.530582427978516,2.402726650238037,-98.47,0,1,180,1.219,0.9997,1.0,0.9483,0.2999,0.3,0.3793,9998.7175,2.1515
191.801,4,RETURN_HOME,3.5036,0.5528,-1.9617,-1.4226,-0.244,-2.9871,-1.4,-0.244,1.4211,0.0,0.0,3.5469,12.437955856323242,2.419682741165161,-99.47,0,1,180,1.344,0.9999,1.0,0.9473,0.3,0.3,0.3789,9998.4483,2.17
191.85,4,RETURN_HOME,3.4481,0.5443,-1.9634,-1.4167,-0.235,-2.9878,-1.4,-0.235,1.4196,0.0,0.0,3.4908,12.387129783630371,2.428151845932007,-99.47,0,1,180,1.077,1.0,1.0,0.9463,0.3,0.3,0.3785,9999.0163,2.1765
191.901,4,RETURN_HOME,3.3815,0.5343,-1.9654,-1.4133,-0.2268,-2.9885,-1.4,-0.2268,1.4182,0.0,0.0,3.4235,12.34181022644043,2.4373719692230225,-98.97,0,1,180,1.084,1.0,1.0,0.9455,0.3,0.3,0.3782,9999.6814,2.1853
191.951,4,RETURN_HOME,3.3259,0.5261,-1.9671,-1.4133,-0.222,-2.989,-1.4,-0.222,1.4175,0.0,0.0,3.3672,12.296102523803711,2.4450082778930664,-98.47,0,1,180,1.14,1.0,1.0,0.945,0.3,0.3,0.378,9999.57,2.1912
192.001,4,RETURN_HOME,3.2691,0.5183,-1.9666,-1.4154,-0.2185,-2.9893,-1.4,-0.2185,1.4169,0.0,0.0,3.31,12.201086044311523,2.4630024433135986,-98.22,0,1,180,1.077,1.0,1.0,0.9446,0.3,0.3,0.3779,9999.0063,2.2078
192.051,4,RETURN_HOME,3.2006,0.509,-1.9657,-1.4196,-0.2155,-2.9896,-1.3,-0.2155,1.3177,0.0,0.0,3.2409,12.157190322875977,2.470649480819702,-99.97,0,1,180,1.068,1.0,1.0,0.8785,0.3,0.3,0.3514,9999.0071,2.2128
192.101,4,RETURN_HOME,3.1434,0.5012,-1.9653,-1.424,-0.2135,-2.9896,-1.3,-0.2135,1.3174,0.0,0.0,3.1831,12.110725402832031,2.4774250984191895,-98.97,0,1,180,1.449,1.0,1.0,0.8783,0.3,0.3,0.3513,9999.5572,2.2222
192.15,4,RETURN_HOME,3.0737,0.4924,-1.9633,-1.4303,-0.2114,-2.9896,-1.4,-0.2114,1.4159,0.0,0.0,3.1129,12.01488208770752,2.494320869445801,-96.71,0,1,180,1.045,1.0,1.0,0.9439,0.3,0.3,0.3775,9999.635,2.2389
192.201,4,RETURN_HOME,3.0153,0.4851,-1.9619,-1.433,-0.2095,-2.9895,-1.4,-0.2095,1.4156,0.0,0.0,3.0541,11.96906566619873,2.501288890838623,-98.97,0,1,180,1.082,0.9999,1.0,0.9437,0.3,0.3,0.3775,9999.2247,2.2442
192.25,4,RETURN_HOME,2.9452,0.4765,-1.9601,-1.4331,-0.2069,-2.9892,-1.2,-0.2069,1.2177,0.0,0.0,2.9835,11.921259880065918,2.5084078311920166,-99.72,0,1,180,1.048,0.9999,1.0,0.8118,0.3,0.3,0.3247,9999.0357,2.2505
192.3,4,RETURN_HOME,2.8859,0.47,-1.9564,-1.4339,-0.2045,-2.9889,-1.2,-0.2045,1.2173,0.0,0.0,2.9239,11.823762893676758,2.5256845951080322,-97.72,0,1,180,1.055,1.0,1.0,0.8115,0.3,0.3,0.3246,9999.5,2.2678
192.351,4,RETURN_HOME,2.815,0.4621,-1.9529,-1.4362,-0.2017,-2.9885,-1.3,-0.2017,1.3156,0.0,0.0,2.8527,11.776956558227539,2.532526969909668,-98.47,0,1,180,1.162,1.0,1.0,0.877,0.3,0.3,0.3508,9999.3301,2.2728
192.401,4,RETURN_HOME,2.7558,0.4555,-1.9507,-1.4345,-0.1991,-2.9882,-1.4,-0.1991,1.4141,0.0,0.0,2.7932,11.731307983398438,2.540907621383667,-99.97,0,1,180,1.218,0.9997,1.0,0.9425,0.2999,0.3,0.377,9999.1897,2.2818
192.451,4,RETURN_HOME,2.6836,0.4485,-1.9483,-1.429,-0.1957,-2.9876,-1.2,-0.1957,1.2158,0.0,0.0,2.7208,11.632691383361816,2.556077480316162,-98.72,0,1,180,1.078,1.0,1.0,0.8106,0.3,0.3,0.3242,9999.2437,2.2955
192.501,4,RETURN_HOME,2.624,0.4425,-1.9471,-1.4243,-0.1931,-2.9869,-1.2,-0.1931,1.2154,0.0,0.0,2.6611,11.586010932922363,2.5638134479522705,-98.72,0,1,180,1.703,1.0,1.0,0.8103,0.3,0.3,0.3241,9999.4772,2.3013
192.55,4,RETURN_HOME,2.5651,0.4354,-1.9466,-1.4224,-0.1911,-2.9862,-1.3,-0.1911,1.314,0.0,0.0,2.6018,11.540507316589355,2.5700595378875732,-99.72,0,1,180,1.04,0.9998,1.0,0.8758,0.2999,0.3,0.3503,9999.1777,2.3094
192.601,4,RETURN_HOME,2.4954,0.4255,-1.9465,-1.417,-0.1891,-2.9853,-1.4,-0.1891,1.4127,0.0,0.0,2.5314,11.443628311157227,2.5860354900360107,-100.22,0,1,180,1.213,0.9994,1.0,0.9412,0.2998,0.3,0.3765,9999.0272,2.324
192.65,4,RETURN_HOME,2.4377,0.4173,-1.9471,-1.4105,-0.1874,-2.9844,-1.2,-0.1874,1.2145,0.0,0.0,2.4732,11.399002075195312,2.593982219696045,-99.72,0,1,180,1.082,0.9999,1.0,0.8096,0.3,0.3,0.3238,9999.1462,2.3321
192.701,4,RETURN_HOME,2.3673,0.4085,-1.952,-1.4044,-0.1851,-2.9831,-1.2,-0.1851,1.2142,0.0,0.0,2.4023,11.353838920593262,2.599729537963867,-97.72,0,1,180,1.084,0.9998,1.0,0.8093,0.3,0.3,0.3237,9999.2101,2.3385
192.751,4,RETURN_HOME,2.3078,0.4019,-1.9588,-1.4029,-0.183,-2.9821,-1.4,-0.283,1.4283,0.0,0.0,2.3425,11.257209777832031,2.6146934032440186,-99.97,0,1,180,1.065,0.9996,1.0,0.9519,0.2999,0.3,0.3807,9999.0806,2.3714
192.802,4,RETURN_HOME,2.2488,0.3952,-1.9652,-1.3997,-0.1806,-2.9812,-1.4,-0.2806,1.4278,0.0,0.0,2.2833,11.212983131408691,2.6228525638580322,-99.22,0,1,180,1.842,0.9997,1.0,0.9516,0.2999,0.3,0.3807,9999.3825,2.3775
192.851,4,RETURN_HOME,2.18,0.3874,-1.9735,-1.3925,-0.1771,-2.98,-1.1,-0.1771,1.1142,0.0,0.0,2.2142,11.167620658874512,2.627453565597534,-99.22,0,1,180,2.049,0.9999,1.0,0.7427,0.3,0.3,0.2971,9999.227,2.3637
192.901,4,RETURN_HOME,2.1241,0.3812,-1.9807,-1.3895,-0.176,-2.9791,-1.3,-0.276,1.329,0.0,0.0,2.1581,11.071163177490234,2.643007755279541,-98.72,0,1,180,1.693,0.9995,1.0,0.8855,0.2998,0.3,0.3542,9999.0804,2.3985
192.951,4,RETURN_HOME,2.0683,0.3748,-1.9872,-1.3904,-0.177,-2.9781,-1.3,-0.277,1.3292,0.0,0.0,2.102,11.029213905334473,2.6509947776794434,-100.47,0,1,180,1.839,0.9995,1.0,0.8857,0.2999,0.3,0.3543,9999.1347,2.4056
193.002,4,RETURN_HOME,2.0009,0.3663,-1.9965,-1.3864,-0.1783,-2.9767,-1.4,-0.2783,1.4274,0.0,0.0,2.0342,10.983835220336914,2.657714605331421,-98.47,0,1,180,1.821,0.9999,1.0,0.9515,0.3,0.3,0.3806,9999.4567,2.4132
193.051,4,RETURN_HOME,1.9447,0.3589,-2.0043,-1.3831,-0.1804,-2.9755,-1.4,-0.2804,1.4278,0.0,0.0,1.9776,10.940016746520996,2.6650195121765137,-98.72,0,1,180,1.784,0.9999,1.0,0.9518,0.3,0.3,0.3807,9999.5576,2.4193
193.101,4,RETURN_HOME,1.8776,0.3498,-2.0122,-1.3794,-0.1841,-2.9739,-1.3,-0.2841,1.3307,0.0,0.0,1.9099,10.845834732055664,2.6790523529052734,-99.22,0,1,180,1.571,0.9995,1.0,0.8867,0.2999,0.3,0.3547,9999.0811,2.4364
193.151,4,RETURN_HOME,1.8237,0.3412,-2.0148,-1.3782,-0.1883,-2.9725,-1.3,-0.2883,1.3316,0.0,0.0,1.8554,10.80055046081543,2.6863248348236084,-99.47,0,1,180,1.789,0.9994,1.0,0.8872,0.2998,0.3,0.3549,9999.2057,2.446
193.201,4,RETURN_HOME,1.7593,0.3305,-2.0163,-1.3799,-0.1939,-2.9708,-1.1,-0.1939,1.117,0.0,0.0,1.7901,10.756242752075195,2.69352650642395,-100.47,0,1,180,1.762,0.9999,1.0,0.7446,0.3,0.3,0.2978,9999.4146,2.4334
193.252,4,RETURN_HOME,1.7162,0.3233,-2.017,-1.3808,-0.1976,-2.9696,-1.4,-0.2976,1.4313,0.0,0.0,1.7464,10.664254188537598,2.70920729637146,-101.22,0,1,180,1.985,0.9997,1.0,0.9539,0.2999,0.3,0.3816,9999.4355,2.4684
193.302,4,RETURN_HOME,1.65,0.3103,-2.0173,-1.3832,-0.2044,-2.9677,-1.2,-0.2044,1.2173,0.0,0.0,1.6789,10.619791030883789,2.7177460193634033,-98.97,0,1,180,2.202,0.9999,1.0,0.8114,0.3,0.3,0.3246,9999.332,2.4579
193.351,4,RETURN_HOME,1.5833,0.2965,-2.0174,-1.3793,-0.209,-2.9658,-1.3,-0.209,1.3167,0.0,0.0,1.6108,10.574919700622559,2.724651575088501,-99.22,0,1,180,1.607,0.9997,1.0,0.8775,0.2999,0.3,0.351,9999.3132,2.4657
193.401,4,RETURN_HOME,1.5389,0.2875,-2.0175,-1.3783,-0.212,-2.9645,-1.1,-0.212,1.1202,0.0,0.0,1.5655,10.52602767944336,2.73334002494812,-100.97,0,1,180,1.688,1.0,1.0,0.7468,0.3,0.3,0.2987,9999.5672,2.474
193.451,4,RETURN_HOME,1.4706,0.2704,-2.0177,-1.3751,-0.2162,-2.9627,-1.2,-0.2162,1.2193,0.0,0.0,1.4953,10.436477661132812,2.747753858566284,-99.47,0,1,180,1.778,1.0,1.0,0.8129,0.3,0.3,0.3252,9999.4832,2.4924
193.501,4,RETURN_HOME,1.4025,0.2533,-2.0178,-1.3713,-0.2185,-2.961,-1.4,-0.2185,1.4169,0.0,0.0,1.4252,10.392814636230469,2.7557618618011475,-99.97,0,1,180,1.771,0.9997,1.0,0.9444,0.2999,0.3,0.3777,9999.594,2.4977
193.552,4,RETURN_HOME,1.3462,0.2397,-2.0178,-1.3642,-0.2188,-2.9599,-1.3,-0.2188,1.3183,0.0,0.0,1.3674,10.343816757202148,2.7647035121917725,-100.22,0,1,180,2.097,1.0,1.0,0.8788,0.3,0.3,0.3515,9999.4914,2.5077
193.601,4,RETURN_HOME,1.2892,0.2239,-2.0242,-1.3564,-0.2194,-2.9588,-1.3,-0.2194,1.3184,0.0,0.0,1.3085,10.255340576171875,2.779959201812744,-100.72,0,1,180,1.627,1.0,1.0,0.8789,0.3,0.3,0.3516,9999.836,2.5244
193.651,4,RETURN_HOME,1.2214,0.206,-2.031,-1.3525,-0.2196,-2.9578,-1.2,-0.2196,1.2199,0.0,0.0,1.2387,10.211803436279297,2.7874157428741455,-99.97,0,1,180,1.733,0.9999,1.0,0.8132,0.3,0.3,0.3253,9999.7416,2.531
193.702,4,RETURN_HOME,1.1656,0.1917,-2.0364,-1.3514,-0.2195,-2.9572,-1.2,-0.2195,1.2199,0.0,0.0,1.1813,10.163290977478027,2.7967886924743652,-98.72,0,1,180,2.141,0.9998,1.0,0.8131,0.3,0.3,0.3253,9999.5054,2.5396
193.751,4,RETURN_HOME,1.1112,0.1775,-2.0437,-1.3516,-0.2196,-2.9571,-1.4,-0.2196,1.4171,0.0,0.0,1.1252,10.078280448913574,2.8111772537231445,-99.97,0,1,180,1.715,1.0,1.0,0.9447,0.3,0.3,0.3779,9999.6109,2.5543
193.801,4,RETURN_HOME,1.035,0.1586,-2.0519,-1.3485,-0.2193,-2.9574,-1.3,-0.2193,1.3184,0.0,0.0,1.0471,10.034392356872559,2.8184382915496826,-100.22,0,1,180,1.714,0.9999,1.0,0.8788,0.3,0.3,0.3515,9999.5523,2.5641
193.852,4,RETURN_HOME,0.9795,0.1463,-2.0573,-1.3463,-0.2189,-2.9579,-1.2,-0.2189,1.2198,0.0,0.0,0.9904,9.985503196716309,2.827148914337158,-100.72,0,1,180,1.837,0.9995,1.0,0.8128,0.2998,0.3,0.3251,9999.423,2.572
193.902,4,RETURN_HOME,0.9225,0.1351,-2.0627,-1.3479,-0.2184,-2.9588,-1.1,-0.1184,1.1064,0.0,0.0,0.9324,9.899741172790527,2.841444730758667,-100.97,0,1,180,1.719,0.9993,1.0,0.737,0.2998,0.3,0.2948,9999.2368,2.5671
193.951,4,RETURN_HOME,0.8545,0.1221,-2.0676,-1.3509,-0.2179,-2.9603,-1.1,-0.1179,1.1063,0.0,0.0,0.8632,9.856051445007324,2.8480019569396973,-100.22,0,1,180,1.755,0.9994,1.0,0.7371,0.2998,0.3,0.2948,9999.3693,2.5732
194.002,4,RETURN_HOME,0.7973,0.1114,-2.0676,-1.3515,-0.2174,-2.9619,-1.3,-0.2174,1.3181,0.0,0.0,0.805,9.80604076385498,2.8567728996276855,-99.72,0,1,180,1.752,0.9996,1.0,0.8784,0.2999,0.3,0.3514,9999.2057,2.6025
194.051,4,RETURN_HOME,0.7393,0.1008,-2.0629,-1.348,-0.215,-2.9638,-1.2,-0.215,1.2191,0.0,0.0,0.7461,9.720905303955078,2.8701186180114746,-101.47,0,1,180,1.592,0.9991,1.0,0.812,0.2997,0.3,0.3248,9999.1407,2.6205
194.102,4,RETURN_HOME,0.6706,0.0886,-2.0576,-1.3387,-0.2094,-2.9665,-1.1,-0.1094,1.1054,0.0,0.0,0.6764,9.679923057556152,2.8762218952178955,-101.22,0,1,180,2.199,0.9995,1.0,0.7366,0.2998,0.3,0.2946,9999.2358,2.6098
194.151,4,RETURN_HOME,0.5998,0.0763,-2.0499,-1.3329,-0.2046,-2.9698,-1.1,-0.1046,1.105,0.0,0.0,0.6046,9.631355285644531,2.8841116428375244,-100.47,0,1,180,1.839,0.9995,1.0,0.7363,0.2998,0.3,0.2945,9998.7351,2.619
194.251,5,NAVIGATE,0.4705,0.0547,-2.0352,-1.3206,-0.1962,-2.9767,-1.4,0.0038,1.4,0.0,12.0,11.9546,9.503929138183594,2.90708065032959,-102.72,0,1,180,1.751,0.0421,1.0,0.4667,0.0126,0.3,0.1867,0.4993,2.5984
194.302,5,NAVIGATE,0.4122,0.0464,-2.0238,-1.3121,-0.1915,-2.9804,-1.4,0.0085,1.4,0.0,12.0,11.9607,9.456185340881348,2.9171037673950195,-103.22,0,1,180,1.751,0.0405,1.0,0.4667,0.0122,0.3,0.1867,0.4988,2.5948
194.351,5,NAVIGATE,0.3548,0.0384,-2.0117,-1.3019,-0.1885,-2.9887,-1.4,0.0115,1.4,0.0,12.0,11.9668,9.372462272644043,2.934378147125244,-104.47,0,1,180,1.617,0.0378,1.0,0.4667,0.0113,0.3,0.1867,0.498,2.6048
194.401,5,NAVIGATE,0.2759,0.0277,-1.9935,-1.2984,-0.1817,-3.0102,-1.4984,0.0183,1.4985,0.0,12.0,11.9755,9.33283805847168,2.9453277587890625,-104.97,0,1,180,1.879,0.0352,1.0,0.4995,0.0106,0.3,0.1998,0.5104,2.6344
194.451,5,NAVIGATE,0.2259,0.0211,-1.9772,-1.2993,-0.1763,-3.0322,-1.4993,0.0237,1.4995,0.0,12.0,11.9811,9.285226821899414,2.9554247856140137,-104.97,0,1,180,1.909,0.0347,1.0,0.4998,0.0104,0.3,0.1999,0.5103,2.6461
194.501,5,NAVIGATE,0.1756,0.0146,-1.9603,-1.3042,-0.1706,-3.0592,-1.4,0.0294,1.4003,0.0,12.0,11.9867,9.204551696777344,2.9706199169158936,-104.47,0,1,180,1.602,0.0357,1.0,0.4668,0.0107,0.3,0.1867,0.4974,2.6363
194.551,5,NAVIGATE,0.1145,0.0068,-1.9393,-1.3169,-0.1629,-3.0974,-1.4,0.0371,1.4005,0.0,12.0,11.9937,9.166726112365723,2.983520984649658,-104.22,0,1,180,1.629,0.036,1.0,0.4668,0.0108,0.3,0.1867,0.4975,2.6536
194.601,5,NAVIGATE,0.0624,-0.0001,-1.9199,-1.3308,-0.1556,-3.1336,-1.4,0.0444,1.4007,0.0,12.0,12.0003,9.121265411376953,2.9932236671447754,-103.47,0,1,180,1.684,0.0369,1.0,0.4669,0.0111,0.3,0.1868,0.4978,2.6591
194.651,5,NAVIGATE,0.0096,-0.0065,-1.9012,-1.3453,-0.1467,3.1096,-1.4,0.0533,1.401,0.0,12.0,12.0065,9.040605545043945,3.013136863708496,-101.72,0,1,180,1.944,0.0389,1.0,0.467,0.0117,0.3,0.1868,0.4985,2.6037
194.701,5,NAVIGATE,-0.0548,-0.0132,-1.8792,-1.3616,-0.1337,3.0568,-1.4,0.0663,1.4016,0.0,12.0,12.0134,8.997710227966309,3.021479606628418,-100.47,0,1,180,1.68,0.0427,1.0,0.4672,0.0128,0.3,0.1869,0.4997,2.6474
194.751,5,NAVIGATE,-0.1102,-0.017,-1.8601,-1.3742,-0.1207,3.0091,-1.4,0.0793,1.4022,0.0,12.0,12.0175,8.948287963867188,3.0334854125976562,-99.47,0,1,180,1.728,0.0474,1.0,0.4674,0.0142,0.3,0.187,0.5012,2.6461
194.801,5,NAVIGATE,-0.166,-0.0203,-1.842,-1.385,-0.1066,2.9581,-1.4,0.0934,1.4031,0.0,12.0,12.0215,8.861886978149414,3.0324549674987793,-67.69,0,1,180,1.769,0.0528,1.0,0.4677,0.0158,0.3,0.1871,0.5029,2.5011
194.851,5,NAVIGATE,-0.2333,-0.0243,-1.8211,-1.3957,-0.089,2.8925,-1.4,0.111,1.4044,0.0,12.0,12.0265,8.819808959960938,3.02238130569458,-65.94,0,1,180,1.821,0.0597,1.0,0.4681,0.0179,0.3,0.1873,0.5052,2.5504
194.901,5,NAVIGATE,-0.2895,-0.028,-1.8039,-1.4031,-0.0743,2.8345,-1.4,0.1257,1.4056,0.0,12.0,12.0315,8.79012393951416,3.007930040359497,-64.18,0,1,180,1.067,0.0655,1.0,0.4685,0.0196,0.3,0.1874,0.5071,2.5315
194.951,5,NAVIGATE,-0.3461,-0.031,-1.7877,-1.4096,-0.0595,2.7732,-1.4,0.1405,1.407,0.0,12.0,12.036,8.785487174987793,2.9988083839416504,-62.18,0,1,180,1.233,0.0712,1.0,0.469,0.0214,0.3,0.1876,0.509,2.5591
195.001,5,NAVIGATE,-0.4133,-0.0337,-1.7711,-1.4161,-0.0415,2.6957,-1.4,0.1585,1.4089,0.0,12.0,12.0408,5.5068182945251465,2.975355386734009,-58.43,0,1,180,1.239,0.0783,1.0,0.4696,0.0235,0.3,0.1879,0.5114,2.4058
195.051,5,NAVIGATE,-0.4678,-0.035,-1.7606,-1.4204,-0.0261,2.6277,-1.4,0.1739,1.4108,0.0,12.0,12.0441,5.039573669433594,2.9628920555114746,-55.93,0,1,180,1.088,0.0846,1.0,0.4703,0.0254,0.3,0.1881,0.5135,2.3951
195.101,5,NAVIGATE,-0.5338,-0.0358,-1.7483,-1.4253,-0.0076,2.5421,-1.4,0.1924,1.4132,0.0,12.0,12.0476,4.6837263107299805,2.951017379760742,-53.67,0,1,180,1.113,0.0921,1.0,0.4711,0.0276,0.3,0.1884,0.5161,2.4747
195.15,5,NAVIGATE,-0.5975,-0.0358,-1.738,-1.4292,0.0111,2.4524,-1.4,0.2111,1.4158,0.0,12.0,12.0506,4.112001419067383,2.9303410053253174,-48.67,0,1,180,1.124,0.0999,1.0,0.4719,0.03,0.3,0.1888,0.5188,2.3091
195.201,5,NAVIGATE,-0.649,-0.0351,-1.7309,-1.4315,0.0278,2.375,-1.4,0.2278,1.4184,0.0,12.0,12.0526,3.852574110031128,2.9202804565429688,-45.42,0,1,180,1.07,0.1072,1.0,0.4728,0.0322,0.3,0.1891,0.5213,2.292
195.251,5,NAVIGATE,-0.7014,-0.0338,-1.7248,-1.4337,0.0462,2.2962,-1.4,0.2462,1.4215,0.0,12.0,12.0542,3.6552844047546387,2.9103927612304688,-42.91,0,1,180,1.188,0.1156,1.0,0.4738,0.0347,0.3,0.1895,0.5242,2.3129
195.3,5,NAVIGATE,-0.769,-0.0307,-1.7234,-1.4375,0.0716,2.2014,-1.4,0.2716,1.4261,0.0,12.0,12.0552,3.3453915119171143,2.890608310699463,-37.16,0,1,180,0.967,0.1275,1.0,0.4754,0.0382,0.3,0.1901,0.5284,2.0922
195.351,5,NAVIGATE,-0.8272,-0.0269,-1.727,-1.4407,0.0951,2.1233,-1.4,0.2951,1.4308,0.0,12.0,12.0553,3.208630323410034,2.882617712020874,-33.91,0,1,180,1.095,0.1387,1.0,0.4769,0.0416,0.3,0.1908,0.5324,2.0411
195.402,5,NAVIGATE,-0.8971,-0.0212,-1.7361,-1.4429,0.1235,2.0319,-1.4,0.3235,1.4369,0.0,12.0,12.0546,3.112741708755493,2.873060703277588,-31.15,0,1,180,1.505,0.152,1.0,0.479,0.0456,0.3,0.1916,0.5372,2.067
195.451,5,NAVIGATE,-0.9433,-0.0166,-1.7427,-1.4433,0.1417,1.973,-1.4,0.3417,1.4411,0.0,12.0,12.0536,3.033104658126831,2.8670239448547363,-28.4,0,1,180,1.109,0.1603,1.0,0.4804,0.0481,0.3,0.1921,0.5402,1.9902
195.5,5,NAVIGATE,-1.0123,-0.0088,-1.7548,-1.4421,0.1671,1.8884,-1.4,0.3671,1.4473,0.0,12.0,12.0514,2.913315534591675,2.8484835624694824,-21.14,0,1,180,1.012,0.1715,1.0,0.4824,0.0515,0.3,0.193,0.5444,1.7279
195.55,5,NAVIGATE,-1.0699,-0.0014,-1.7669,-1.4402,0.1868,1.822,-1.4,0.3868,1.4524,0.0,12.0,12.049,2.876392126083374,2.8431403636932373,-18.64,0,1,180,0.957,0.1797,1.0,0.4841,0.0539,0.3,0.1937,0.5476,1.7006
195.601,5,NAVIGATE,-1.139,0.0102,-1.7872,-1.4368,0.2094,1.7479,-1.4,0.4094,1.4586,0.0,12.0,12.0438,2.851459503173828,2.8349928855895996,-15.39,0,1,180,1.144,0.1887,1.0,0.4862,0.0566,0.3,0.1945,0.5511,1.713
195.65,5,NAVIGATE,-1.1966,0.0211,-1.8062,-1.4335,0.2273,1.691,-1.4,0.4273,1.4638,0.0,12.0,12.0385,2.8202016353607178,2.8202016353607178,-9.88,0,1,180,0.989,0.1954,1.0,0.4879,0.0586,0.3,0.1952,0.5538,1.4398
195.7,5,NAVIGATE,-1.2542,0.0325,-1.8251,-1.43,0.2441,1.6387,-1.4,0.4441,1.4688,0.0,12.0,12.0331,2.8117361068725586,2.8117361068725586,-6.88,0,1,180,0.985,0.2014,1.0,0.4896,0.0604,0.3,0.1958,0.5563,1.407
195.75,5,NAVIGATE,-1.3215,0.0456,-1.8512,-1.4249,0.2628,1.582,-1.4,0.4628,1.4745,0.0,12.0,12.0273,2.8052752017974854,2.8052752017974854,-4.88,0,1,180,1.004,0.2076,1.0,0.4915,0.0623,0.3,0.1966,0.5589,1.4127
195.801,5,NAVIGATE,-1.3773,0.0568,-1.8725,-1.4206,0.2774,1.54,-1.4,0.4774,1.4792,0.0,12.0,12.0223,2.788060188293457,2.788060188293457,-1.63,0,1,180,1.24,0.2122,1.0,0.4931,0.0637,0.3,0.1972,0.5609,1.1863
195.851,5,NAVIGATE,-1.4442,0.071,-1.8964,-1.4157,0.2943,1.4956,-1.4,0.4943,1.4847,0.0,12.0,12.0161,2.7780613899230957,2.7780613899230957,1.38,0,1,180,1.077,0.2172,1.0,0.4949,0.0652,0.3,0.198,0.5631,1.1708
195.901,5,NAVIGATE,-1.4973,0.084,-1.9159,-1.4112,0.3087,1.4635,-1.4,0.5087,1.4895,0.0,12.0,12.0097,2.7700717449188232,2.7700717449188232,2.63,0,1,180,1.179,0.2216,1.0,0.4965,0.0665,0.3,0.1986,0.5651,1.1295
195.95,5,NAVIGATE,-1.5616,0.1004,-1.9373,-1.4066,0.3255,1.4306,-1.2,0.5255,1.31,0.0,12.0,12.0016,2.7497148513793945,2.7497148513793945,6.88,0,1,180,1.074,0.2786,1.0,0.4367,0.0836,0.3,0.1747,0.5582,0.9495
196.0,5,NAVIGATE,-1.6154,0.114,-1.9539,-1.4036,0.3392,1.4077,-1.2,0.5392,1.3156,0.0,12.0,11.9953,2.740757703781128,2.740757703781128,7.63,0,1,180,0.977,0.2833,1.0,0.4385,0.085,0.3,0.1754,0.5604,0.9089
196.05,5,NAVIGATE,-1.6803,0.1283,-1.9735,-1.4017,0.3546,1.3855,-1.4,0.4546,1.472,0.0,12.0,11.99,2.730316400527954,2.730316400527954,8.38,0,1,180,1.019,0.1725,1.0,0.4907,0.0517,0.3,0.1963,0.548,1.1797
196.101,5,NAVIGATE,-1.7342,0.1413,-1.988,-1.3973,0.3676,1.3711,-1.3,0.4676,1.3815,0.0,12.0,11.9848,2.7087197303771973,2.7073516845703125,11.39,0,1,180,1.585,0.1987,1.0,0.4605,0.0596,0.3,0.1842,0.5438,1.0413
196.151,5,NAVIGATE,-1.7995,0.1583,-2.0023,-1.3887,0.3831,1.358,-1.3,0.4831,1.3869,0.0,12.0,11.9777,2.696499824523926,2.696043014526367,10.63,0,1,180,1.65,0.2035,1.0,0.4623,0.0611,0.3,0.1849,0.546,0.9943
196.202,5,NAVIGATE,-1.8545,0.1736,-2.0113,-1.3824,0.3944,1.3504,-1.2,0.4944,1.2978,0.0,12.0,11.971,2.6870017051696777,2.6851696968078613,13.39,0,1,180,1.868,0.2331,1.0,0.4326,0.0699,0.3,0.173,0.543,0.9393
196.251,5,NAVIGATE,-1.9204,0.1926,-2.0205,-1.3754,0.4059,1.3447,-1.2,0.5059,1.3023,0.0,12.0,11.9626,2.6635806560516357,2.659064769744873,12.39,0,1,180,1.656,0.2355,1.0,0.4341,0.0707,0.3,0.1736,0.5443,0.8513
196.301,5,NAVIGATE,-1.9767,0.2081,-2.0267,-1.3711,0.4141,1.3428,-1.1,0.5141,1.2142,0.0,12.0,11.9564,2.652392625808716,2.646331548690796,12.39,0,1,180,1.652,0.2678,1.0,0.4047,0.0803,0.3,0.1619,0.5422,0.8098
196.351,5,NAVIGATE,-2.0464,0.2261,-2.0321,-1.3662,0.4227,1.3432,-1.1,0.5227,1.2179,0.0,12.0,11.9504,2.6391007900238037,2.6334564685821533,14.64,0,1,180,1.743,0.2682,1.0,0.406,0.0804,0.3,0.1624,0.5428,0.7654
196.401,5,NAVIGATE,-2.1039,0.2417,-2.036,-1.361,0.4298,1.3455,-1.3,0.4298,1.3692,0.0,12.0,11.945,2.609788417816162,2.6054251194000244,14.14,0,1,180,1.768,0.1417,1.0,0.4564,0.0425,0.3,0.1826,0.5251,1.0096
196.451,5,NAVIGATE,-2.1594,0.2579,-2.0389,-1.3527,0.4372,1.3494,-1.3,0.4372,1.3716,0.0,12.0,11.939,2.5962862968444824,2.591356039047241,12.64,0,1,180,1.757,0.1421,1.0,0.4572,0.0426,0.3,0.1829,0.5255,0.9672
196.501,5,NAVIGATE,-2.2243,0.2781,-2.0414,-1.3394,0.4465,1.3553,-1.2,0.4465,1.2804,0.0,12.0,11.9311,2.5811336040496826,2.57879638671875,13.39,0,1,180,1.562,0.1679,1.0,0.4268,0.0504,0.3,0.1707,0.5211,0.9144
196.551,5,NAVIGATE,-2.2886,0.2988,-2.0435,-1.3286,0.4531,1.3621,-1.2,0.4531,1.2827,0.0,12.0,11.9229,2.5504934787750244,2.547854423522949,11.39,0,1,180,1.57,0.1671,1.0,0.4276,0.0501,0.3,0.171,0.5211,0.8715
196.602,5,NAVIGATE,-2.338,0.3181,-2.0445,-1.3208,0.4578,1.3687,-1.2,0.4578,1.2844,0.0,12.0,11.9135,2.5342931747436523,2.5325300693511963,11.89,0,1,180,1.822,0.1662,1.0,0.4281,0.0499,0.3,0.1713,0.5211,0.8378
196.652,5,NAVIGATE,-2.3963,0.3418,-2.0455,-1.3125,0.4626,1.3773,-1.1,0.4626,1.1933,0.0,12.0,11.902,2.5208616256713867,2.5188753604888916,10.89,0,1,180,2.032,0.1941,1.0,0.3978,0.0582,0.3,0.1591,0.5174,0.7975
196.701,5,NAVIGATE,-2.4453,0.3614,-2.0461,-1.3068,0.4658,1.3847,-1.1,0.4658,1.1946,0.0,12.0,11.8927,2.4890642166137695,2.486083745956421,10.13,0,1,180,1.631,0.1923,1.0,0.3982,0.0577,0.3,0.1593,0.517,0.7722
196.751,5,NAVIGATE,-2.5029,0.3842,-2.0465,-1.3005,0.4691,1.3935,-1.1,0.4691,1.1958,0.0,12.0,11.8824,2.473167657852173,2.4729628562927246,11.39,0,1,180,1.596,0.1897,1.0,0.3986,0.0569,0.3,0.1594,0.5164,0.7385
196.801,5,NAVIGATE,-2.551,0.4033,-2.0467,-1.294,0.4719,1.4005,-1.094,0.4719,1.1914,0.0,12.0,11.874,2.4573562145233154,2.4573562145233154,9.63,0,1,180,1.753,0.1896,1.0,0.3971,0.0569,0.3,0.1589,0.5157,0.7116
196.851,5,NAVIGATE,-2.6089,0.4268,-2.0475,-1.2844,0.4756,1.4082,-1.3844,0.3756,1.4344,0.0,12.0,11.8636,2.425560235977173,2.425560235977173,9.88,0,1,180,1.76,0.0432,1.0,0.4781,0.013,0.3,0.1913,0.5042,1.0677
196.901,5,NAVIGATE,-2.6568,0.4486,-2.0501,-1.2746,0.4801,1.4138,-1.3746,0.3801,1.4262,0.0,12.0,11.853,2.4092352390289307,2.4092352390289307,9.88,0,1,180,1.71,0.0437,1.0,0.4754,0.0131,0.3,0.1902,0.5033,1.076
196.951,5,NAVIGATE,-2.7143,0.4746,-2.0528,-1.2614,0.4854,1.4193,-1.3614,0.3854,1.4149,0.0,12.0,11.8407,2.3963823318481445,2.3963823318481445,9.13,0,1,180,1.769,0.0445,1.0,0.4716,0.0134,0.3,0.1887,0.502,1.0298
197.001,5,NAVIGATE,-2.7617,0.496,-2.0545,-1.2551,0.4869,1.4228,-1.3551,0.3869,1.4092,0.0,12.0,11.8308,2.3626534938812256,2.3626534938812256,9.13,0,1,180,1.611,0.0425,1.0,0.4697,0.0128,0.3,0.1879,0.5006,1.0644
197.051,5,NAVIGATE,-2.8078,0.5173,-2.0546,-1.2533,0.4865,1.4256,-1.3533,0.3865,1.4074,0.0,12.0,11.821,2.3463590145111084,2.3463590145111084,8.88,0,1,180,1.749,0.0384,1.0,0.4691,0.0115,0.3,0.1877,0.4992,1.0504
197.101,5,NAVIGATE,-2.8637,0.5424,-2.0547,-1.257,0.4842,1.4282,-1.357,0.3842,1.4103,0.0,12.0,11.8101,2.333325147628784,2.333325147628784,9.63,0,1,180,1.585,0.031,1.0,0.4701,0.0093,0.3,0.188,0.4973,1.0437
197.151,5,NAVIGATE,-2.9099,0.5626,-2.0563,-1.2631,0.4815,1.4297,-1.3631,0.3815,1.4154,0.0,12.0,11.8017,2.300736665725708,2.300736665725708,9.13,0,1,180,1.742,0.0237,1.0,0.4718,0.0071,0.3,0.1887,0.4958,1.0332
197.201,5,NAVIGATE,-2.9649,0.5859,-2.0607,-1.2723,0.4776,1.4306,-1.3723,0.3776,1.4233,0.0,12.0,11.7929,2.285435199737549,2.285435199737549,7.13,0,1,180,1.478,0.0144,1.0,0.4744,0.0043,0.3,0.1898,0.4941,1.0372
197.251,5,NAVIGATE,-3.0213,0.6089,-2.0643,-1.2824,0.4737,1.4305,-1.3824,0.3737,1.4321,0.0,12.0,11.7849,2.271427869796753,2.271427869796753,9.63,0,1,180,1.66,0.0048,1.0,0.4774,0.0014,0.3,0.1909,0.4924,1.0922
197.301,5,NAVIGATE,-3.0709,0.6276,-2.0656,-1.2914,0.4704,1.4294,-1.3914,0.3704,1.4398,0.0,12.0,11.7798,2.2386934757232666,2.2386934757232666,7.63,0,1,180,1.56,-0.0035,1.0,0.4799,-0.0011,0.3,0.192,0.4909,1.0858
197.352,5,NAVIGATE,-3.1324,0.6495,-2.0659,-1.3019,0.4665,1.4271,-1.4,0.3665,1.4472,0.0,12.0,11.7748,2.224433183670044,2.224433183670044,7.88,0,1,180,2.199,-0.0132,1.0,0.4824,-0.004,0.3,0.193,0.489,1.0972
197.401,5,NAVIGATE,-3.1946,0.6712,-2.0659,-1.3117,0.4626,1.4238,-1.4,0.3626,1.4462,0.0,12.0,11.7706,2.2095401287078857,2.2095401287078857,7.88,0,1,180,1.78,-0.0214,1.0,0.4821,-0.0064,0.3,0.1928,0.4864,1.1069
197.451,5,NAVIGATE,-3.2447,0.6884,-2.067,-1.3186,0.4586,1.4203,-1.4,0.3586,1.4452,0.0,12.0,11.7678,2.1785166263580322,2.1785166263580322,8.88,0,1,180,1.611,-0.0286,1.0,0.4817,-0.0086,0.3,0.1927,0.4841,1.1037
197.502,5,NAVIGATE,-3.305,0.7087,-2.0683,-1.3263,0.4537,1.4154,-1.4,0.3537,1.444,0.0,12.0,11.7651,2.1643388271331787,2.1643388271331787,8.63,0,1,180,1.989,-0.0373,1.0,0.4813,-0.0112,0.3,0.1925,0.4814,1.1126
197.551,5,NAVIGATE,-3.3558,0.7256,-2.0691,-1.3324,0.4498,1.4106,-1.4,0.3498,1.443,0.0,12.0,11.7633,2.1505820751190186,2.1505820751190186,7.63,0,1,180,1.919,-0.0445,1.0,0.481,-0.0133,0.3,0.1924,0.4791,1.1195
197.601,5,NAVIGATE,-3.41,0.7434,-2.0699,-1.3393,0.4462,1.4051,-1.4,0.3462,1.4422,0.0,12.0,11.7617,2.1194655895233154,2.119342088699341,11.39,0,1,180,1.718,-0.0517,1.0,0.4807,-0.0155,0.3,0.1923,0.4768,1.1086
197.651,5,NAVIGATE,-3.4752,0.7647,-2.0705,-1.3471,0.442,1.398,-1.4,0.342,1.4412,0.0,12.0,11.7605,2.1062231063842773,2.1051383018493652,10.13,0,1,180,1.492,-0.0603,1.0,0.4804,-0.0181,0.3,0.1922,0.4741,1.1245
197.701,5,NAVIGATE,-3.5297,0.7822,-2.0706,-1.3531,0.4386,1.3916,-1.4,0.3386,1.4404,0.0,12.0,11.76,2.0912094116210938,2.0910370349884033,10.38,0,1,180,1.657,-0.0675,1.0,0.4801,-0.0202,0.3,0.192,0.4718,1.0876
197.751,5,NAVIGATE,-3.5976,0.8035,-2.0735,-1.3607,0.4346,1.3836,-1.3,0.3346,1.3424,0.0,12.0,11.7602,2.063023805618286,2.062107563018799,10.38,0,1,180,1.707,-0.059,1.0,0.4475,-0.0177,0.3,0.179,0.4613,1.0722
197.801,5,NAVIGATE,-3.6541,0.8211,-2.0752,-1.3665,0.4311,1.3768,-1.1,0.4311,1.1815,0.0,12.0,11.761,2.048755168914795,2.0478711128234863,11.14,0,1,180,1.644,0.0576,1.0,0.3938,0.0173,0.3,0.1575,0.4748,0.7103
197.851,5,NAVIGATE,-3.7222,0.8421,-2.0773,-1.3736,0.4268,1.3683,-1.2,0.4268,1.2736,0.0,12.0,11.7624,2.0354654788970947,2.035308837890625,11.14,0,1,180,1.718,0.0197,1.0,0.4245,0.0059,0.3,0.1698,0.4757,0.8202
197.901,5,NAVIGATE,-3.7909,0.8641,-2.0813,-1.3783,0.4233,1.3598,-1.2,0.4233,1.2725,0.0,12.0,11.7635,2.0073821544647217,2.00565505027771,12.14,0,1,180,1.705,0.011,1.0,0.4242,0.0033,0.3,0.1697,0.473,0.8205
197.951,5,NAVIGATE,-3.848,0.8821,-2.0839,-1.376,0.4228,1.3525,-1.2,0.4228,1.2723,0.0,12.0,11.765,1.9949629306793213,1.9916659593582153,12.39,0,1,180,1.581,0.0055,1.0,0.4241,0.0017,0.3,0.1696,0.4713,0.8244
198.001,5,NAVIGATE,-3.9196,0.9059,-2.0883,-1.3698,0.4254,1.3433,-1.2,0.4254,1.2732,0.0,12.0,11.7662,1.9812241792678833,1.9784702062606812,10.63,0,1,180,1.471,0.001,1.0,0.4244,0.0003,0.3,0.1698,0.4701,0.8303
198.051,5,NAVIGATE,-3.9812,0.9272,-2.0928,-1.3632,0.4293,1.3353,-1.2,0.4293,1.2745,0.0,12.0,11.7668,1.953958511352539,1.9493049383163452,14.14,0,1,180,1.551,-0.0016,1.0,0.4248,-0.0005,0.3,0.1699,0.4694,0.8161
198.101,5,NAVIGATE,-4.0538,0.9523,-2.0967,-1.3536,0.434,1.3256,-1.2,0.434,1.2761,0.0,12.0,11.768,1.9417725801467896,1.936187982559204,14.64,0,1,180,1.654,-0.0046,1.0,0.4254,-0.0014,0.3,0.1701,0.4688,0.8165
198.151,5,NAVIGATE,-4.1237,0.9767,-2.0978,-1.343,0.4381,1.3157,-1.1,0.4381,1.184,0.0,12.0,11.7694,1.9172980785369873,1.9084874391555786,15.14,0,1,180,1.638,0.021,1.0,0.3947,0.0063,0.3,0.1579,0.4642,0.7239
198.201,5,NAVIGATE,-4.1806,0.9967,-2.0972,-1.3343,0.441,1.3075,-1.1,0.441,1.1851,0.0,12.0,11.7707,1.9013580083847046,1.8939337730407715,14.14,0,1,180,1.599,0.0182,1.0,0.395,0.0055,0.3,0.158,0.4635,0.7239
198.251,5,NAVIGATE,-4.248,1.0204,-2.096,-1.3249,0.4442,1.2979,-1.1,0.4442,1.1863,0.0,12.0,11.7727,1.8896526098251343,1.8805094957351685,16.14,0,1,180,1.597,0.0146,1.0,0.3954,0.0044,0.3,0.1582,0.4626,0.7309
198.301,5,NAVIGATE,-4.3072,1.0414,-2.0963,-1.3172,0.4469,1.2901,-1.1,0.4469,1.1873,0.0,12.0,11.7747,1.8641606569290161,1.8537919521331787,16.39,0,1,180,1.694,0.0114,1.0,0.3958,0.0034,0.3,0.1583,0.4617,0.7143
198.352,5,NAVIGATE,-4.3768,1.0661,-2.0959,-1.3065,0.45,1.281,-1.1,0.45,1.1885,0.0,12.0,11.7774,1.8502593040466309,1.8373510837554932,16.89,0,1,180,1.84,0.0075,1.0,0.3962,0.0023,0.3,0.1585,0.4607,0.7125
198.401,5,NAVIGATE,-4.4444,1.0904,-2.0955,-1.2942,0.453,1.2719,-1.0942,0.453,1.1842,0.0,12.0,11.7801,1.8379384279251099,1.8228607177734375,16.89,0,1,180,1.857,0.0056,1.0,0.3947,0.0017,0.3,0.1579,0.4596,0.7112
198.451,5,NAVIGATE,-4.4975,1.1101,-2.0973,-1.2819,0.455,1.2645,-1.0819,0.455,1.1736,0.0,12.0,11.782,1.813504695892334,1.7946070432662964,17.39,0,1,180,1.671,0.0064,1.0,0.3912,0.0019,0.3,0.1565,0.4584,0.6894
198.501,5,NAVIGATE,-4.5498,1.1297,-2.0984,-1.2695,0.457,1.2573,-1.0695,0.457,1.163,0.0,12.0,11.784,1.7971640825271606,1.7783318758010864,17.39,0,1,180,1.627,0.0074,1.0,0.3877,0.0022,0.3,0.1551,0.4573,0.6789
198.551,5,NAVIGATE,-4.6112,1.153,-2.0987,-1.2549,0.4594,1.2487,-1.0549,0.4594,1.1506,0.0,12.0,11.7864,1.7847181558609009,1.7655746936798096,18.64,0,1,180,1.835,0.0087,1.0,0.3835,0.0026,0.3,0.1534,0.456,0.6698
198.601,5,NAVIGATE,-4.6596,1.172,-2.0981,-1.2425,0.4612,1.2418,-1.0425,0.4612,1.1399,0.0,12.0,11.788,1.7604429721832275,1.7376253604888916,18.64,0,1,180,1.656,0.0102,1.0,0.38,0.003,0.3,0.152,0.455,0.6509
198.651,5,NAVIGATE,-4.7172,1.1947,-2.0967,-1.2281,0.4635,1.2336,-1.0281,0.4635,1.1277,0.0,12.0,11.7902,1.7445008754730225,1.7202725410461426,18.14,0,1,180,1.715,0.0119,1.0,0.3759,0.0036,0.3,0.1504,0.4539,0.6378
198.701,5,NAVIGATE,-4.7662,1.2145,-2.0959,-1.2169,0.4659,1.2271,-1.0169,0.4659,1.1185,0.0,12.0,11.7917,1.7313998937606812,1.7069172859191895,19.89,0,1,180,1.638,0.0135,1.0,0.3728,0.0041,0.3,0.1491,0.4532,0.6535
198.751,5,NAVIGATE,-4.8265,1.2398,-2.0958,-1.2045,0.4697,1.2196,-1.0045,0.4697,1.1089,0.0,12.0,11.7931,1.7054399251937866,1.6785938739776611,19.89,0,1,180,1.642,0.0157,1.0,0.3696,0.0047,0.3,0.1479,0.4526,0.6285
198.801,5,NAVIGATE,-4.876,1.2607,-2.0951,-1.1942,0.4728,1.2135,-0.9942,0.4728,1.1009,0.0,12.0,11.7944,1.6905766725540161,1.6603801250457764,20.14,0,1,180,1.654,0.0177,1.0,0.367,0.0053,0.3,0.1468,0.4521,0.6151
198.851,5,NAVIGATE,-4.9357,1.2853,-2.0955,-1.1822,0.4758,1.2065,-0.9822,0.4758,1.0914,0.0,12.0,11.7969,1.6769273281097412,1.6449772119522095,20.39,0,1,180,1.569,0.0194,1.0,0.3638,0.0058,0.3,0.1455,0.4513,0.6038
198.902,5,NAVIGATE,-4.9857,1.3055,-2.0967,-1.1724,0.4779,1.2008,-1.0724,0.3779,1.137,0.0,12.0,11.7996,1.6489423513412476,1.6171536445617676,22.15,0,1,180,1.836,-0.0973,1.0,0.379,-0.0292,0.3,0.1516,0.4224,0.6853
198.951,5,NAVIGATE,-5.0447,1.3295,-2.0971,-1.1601,0.4806,1.1941,-0.9601,0.4806,1.0736,0.0,12.0,11.8029,1.63394296169281,1.6008340120315552,22.9,0,1,180,1.744,0.0225,1.0,0.3579,0.0068,0.3,0.1432,0.4499,0.5989
199.001,5,NAVIGATE,-5.1019,1.3521,-2.0935,-1.1472,0.4818,1.1874,-0.9472,0.4818,1.0627,0.0,12.0,11.8071,1.6214420795440674,1.5859699249267578,20.64,0,1,180,1.64,0.0237,1.0,0.3542,0.0071,0.3,0.1417,0.4488,0.5883
199.051,5,NAVIGATE,-5.1486,1.3703,-2.0891,-1.1382,0.4801,1.1821,-0.9382,0.4801,1.0539,0.0,12.0,11.8109,1.5949504375457764,1.5559589862823486,22.65,0,1,180,1.758,0.0219,1.0,0.3513,0.0066,0.3,0.1405,0.4471,0.5696
199.101,5,NAVIGATE,-5.204,1.3923,-2.0839,-1.1271,0.4791,1.1759,-0.9271,0.4791,1.0436,0.0,12.0,11.8155,1.5799736976623535,1.5390963554382324,21.9,0,1,180,1.607,0.0208,1.0,0.3479,0.0062,0.3,0.1391,0.4454,0.5888
199.151,5,NAVIGATE,-5.2483,1.4121,-2.0806,-1.1168,0.4797,1.1709,-0.9168,0.4797,1.0347,0.0,12.0,11.8173,1.5640846490859985,1.5245763063430786,22.15,0,1,180,1.749,0.0218,1.0,0.3449,0.0065,0.3,0.138,0.4445,0.5778
199.201,5,NAVIGATE,-5.301,1.4358,-2.0765,-1.1037,0.4814,1.1653,-0.9037,0.4814,1.0239,0.0,12.0,11.8196,1.5366166830062866,1.4939738512039185,22.9,0,1,180,1.684,0.0243,1.0,0.3413,0.0073,0.3,0.1365,0.4438,0.5533
199.251,5,NAVIGATE,-5.3445,1.4556,-2.0731,-1.0923,0.4832,1.1607,-0.8923,0.4832,1.0148,0.0,12.0,11.8215,1.5216020345687866,1.4772381782531738,25.4,0,1,180,1.723,0.0272,1.0,0.3383,0.0082,0.3,0.1353,0.4435,0.5667
199.302,5,NAVIGATE,-5.3964,1.4783,-2.0684,-1.0782,0.485,1.1553,-0.8782,0.485,1.0032,0.0,12.0,11.8248,1.5052134990692139,1.4617745876312256,22.9,0,1,180,2.162,0.0307,1.0,0.3344,0.0092,0.3,0.1338,0.443,0.5515
199.351,5,NAVIGATE,-5.4391,1.4973,-2.0646,-1.0662,0.4866,1.1508,-0.8662,0.4866,0.9935,0.0,12.0,11.8275,1.4796977043151855,1.4312536716461182,24.15,0,1,180,1.581,0.034,1.0,0.3312,0.0102,0.3,0.1325,0.4427,0.5465
199.401,5,NAVIGATE,-5.4892,1.5193,-2.0612,-1.0514,0.4882,1.1455,-0.8514,0.4882,0.9815,0.0,12.0,11.8311,1.4616711139678955,1.4137279987335205,25.4,0,1,180,1.595,0.0381,1.0,0.3272,0.0114,0.3,0.1309,0.4423,0.5296
199.451,5,NAVIGATE,-5.5296,1.5363,-2.0601,-1.0387,0.489,1.1411,-0.8387,0.489,0.9709,0.0,12.0,11.8349,1.4468144178390503,1.39864182472229,25.65,0,1,180,1.605,0.0417,1.0,0.3236,0.0125,0.3,0.1294,0.442,0.5149
199.502,5,NAVIGATE,-5.5777,1.5572,-2.0585,-1.0236,0.4902,1.1358,-0.8236,0.4902,0.9585,0.0,12.0,11.839,1.4181559085845947,1.3667106628417969,25.65,0,1,180,1.793,0.0462,1.0,0.3195,0.0139,0.3,0.1278,0.4417,0.5139
199.551,5,NAVIGATE,-5.6246,1.5783,-2.056,-1.0087,0.4916,1.1306,-0.8087,0.4916,0.9464,0.0,12.0,11.8426,1.4007059335708618,1.3507417440414429,24.65,0,1,180,1.809,0.0513,1.0,0.3155,0.0154,0.3,0.1262,0.4416,0.5204
199.602,5,NAVIGATE,-5.6628,1.5961,-2.0532,-0.9963,0.493,1.1264,-0.7963,0.493,0.9366,0.0,12.0,11.8452,1.3859997987747192,1.334302306175232,26.65,0,1,180,1.734,0.0559,1.0,0.3122,0.0168,0.3,0.1249,0.4416,0.5048
199.651,5,NAVIGATE,-5.7083,1.6177,-2.05,-0.9815,0.4948,1.1214,-0.7815,0.4948,0.925,0.0,12.0,11.848,1.3548341989517212,1.3025343418121338,25.15,0,1,180,1.821,0.0617,0.9962,0.3083,0.0185,0.2989,0.1233,0.4407,0.498
199.702,5,NAVIGATE,-5.7481,1.6356,-2.0464,-0.9699,0.4963,1.1173,-0.8699,0.4963,1.0015,0.0,12.0,11.8517,1.3377820253372192,1.283950686454773,25.9,0,1,180,2.015,0.0121,1.0,0.3338,0.0036,0.3,0.1335,0.4372,0.5446
199.751,5,NAVIGATE,-5.7887,1.6534,-2.0426,-0.9586,0.4978,1.1132,-0.8586,0.4978,0.9924,0.0,12.0,11.8559,1.3077946901321411,1.2526153326034546,25.4,0,1,180,1.681,0.0153,1.0,0.3308,0.0046,0.3,0.1323,0.4369,0.5327
199.802,5,NAVIGATE,-5.8364,1.6751,-2.0383,-0.9446,0.4997,1.1082,-0.8446,0.4997,0.9814,0.0,12.0,11.8603,1.2914897203445435,1.2361797094345093,26.9,0,1,180,2.132,0.0197,1.0,0.3271,0.0059,0.3,0.1308,0.4368,0.5371
199.851,5,NAVIGATE,-5.8817,1.6981,-2.0342,-0.9321,0.502,1.1032,-0.8321,0.502,0.9718,0.0,12.0,11.8627,1.2745670080184937,1.2189747095108032,29.4,0,1,180,1.827,0.024,1.0,0.3239,0.0072,0.3,0.1296,0.4368,0.5207
199.902,5,NAVIGATE,-5.9187,1.7176,-2.0311,-0.9234,0.504,1.0991,-0.8234,0.504,0.9654,0.0,12.0,11.8642,1.258852481842041,1.2025200128555298,27.15,0,1,180,1.633,0.0269,1.0,0.3218,0.0081,0.3,0.1287,0.4368,0.5253
199.951,5,NAVIGATE,-5.9627,1.7412,-2.0277,-0.9147,0.5064,1.0942,-0.8147,0.5064,0.9592,0.0,12.0,11.8658,1.2272932529449463,1.1700555086135864,28.15,0,1,180,1.589,0.0297,1.0,0.3197,0.0089,0.3,0.1279,0.4368,0.513
200.001,5,NAVIGATE,-5.9995,1.764,-2.0208,-0.9079,0.5105,1.0903,-0.8079,0.5105,0.9557,0.0,12.0,11.8646,1.2088817358016968,1.1503164768218994,26.65,0,1,180,1.547,0.0334,1.0,0.3186,0.01,0.3,0.1274,0.4374,0.5001
200.051,5,NAVIGATE,-6.0359,1.7868,-2.0147,-0.9016,0.5144,1.0864,-0.8016,0.5144,0.9524,0.0,12.0,11.8635,1.1920623779296875,1.1339493989944458,27.15,0,1,180,1.78,0.0368,1.0,0.3175,0.011,0.3,0.127,0.438,0.4887
200.101,5,NAVIGATE,-6.0792,1.814,-2.0083,-0.894,0.5187,1.0819,-0.794,0.5187,0.9484,0.0,12.0,11.8622,1.1616058349609375,1.101649284362793,28.4,0,1,180,1.692,0.0406,1.0,0.3161,0.0122,0.3,0.1265,0.4386,0.4589
200.151,5,NAVIGATE,-6.1189,1.8375,-1.9977,-0.8852,0.5203,1.0774,-0.7852,0.5203,0.942,0.0,12.0,11.8624,1.1414262056350708,1.0825711488723755,27.65,0,1,180,1.751,0.0432,0.9831,0.314,0.013,0.2949,0.1256,0.4335,0.4511
200.202,5,NAVIGATE,-6.1519,1.8573,-1.9902,-0.8779,0.5216,1.0736,-0.7779,0.5216,0.9366,0.0,12.0,11.8626,1.1268961429595947,1.0652891397476196,29.15,0,1,180,2.024,0.0455,0.9869,0.3122,0.0136,0.2961,0.1249,0.4346,0.4455
200.251,5,NAVIGATE,-6.1848,1.8774,-1.9833,-0.8704,0.523,1.0699,-0.6704,0.523,0.8503,0.0,12.0,11.8625,1.0929640531539917,1.031091570854187,28.15,0,1,180,1.758,0.1138,0.9023,0.2834,0.0342,0.2707,0.1134,0.4182,0.4513
200.301,5,NAVIGATE,-6.217,1.898,-1.9759,-0.8627,0.5248,1.0661,-0.6627,0.5248,0.8453,0.0,12.0,11.8618,1.0740503072738647,1.0141009092330933,27.65,0,1,180,1.565,0.1179,0.9092,0.2818,0.0354,0.2727,0.1127,0.4208,0.4519
200.351,5,NAVIGATE,-6.2557,1.9229,-1.9687,-0.8537,0.5271,1.0617,-0.6537,0.5271,0.8398,0.0,12.0,11.861,1.0561518669128418,0.9961110949516296,28.15,0,1,180,1.667,0.1227,0.8789,0.2799,0.0368,0.2637,0.112,0.4125,0.4359
200.401,5,NAVIGATE,-6.2936,1.9472,-1.9604,-0.8422,0.5296,1.0574,-0.6422,0.5296,0.8324,0.0,12.0,11.8604,1.0231587886810303,0.9615647792816162,28.65,0,1,180,1.535,0.1298,0.8948,0.2775,0.0389,0.2684,0.111,0.4184,0.4393
200.451,5,NAVIGATE,-6.324,1.9665,-1.951,-0.8305,0.5314,1.0538,-0.6305,0.5314,0.8245,0.0,12.0,11.8602,1.0045222043991089,0.9425811767578125,27.4,0,1,180,1.686,0.1375,0.8798,0.2748,0.0413,0.2639,0.1099,0.4151,0.4372
200.501,5,NAVIGATE,-6.3603,1.9901,-1.9417,-0.8148,0.5335,1.0494,-0.7148,0.5335,0.8919,0.0,12.0,11.8597,0.9867886304855347,0.9289466738700867,26.9,0,1,180,1.718,0.0751,0.9449,0.2973,0.0225,0.2835,0.1189,0.4249,0.4155
200.551,5,NAVIGATE,-6.3913,2.0094,-1.9368,-0.8014,0.5351,1.0457,-0.7014,0.5351,0.8822,0.0,12.0,11.86,0.9523450136184692,0.8962220549583435,24.15,0,1,180,1.538,0.0826,0.9386,0.2941,0.0248,0.2816,0.1176,0.424,0.41
200.601,5,NAVIGATE,-6.4289,2.0327,-1.9333,-0.7851,0.5369,1.0411,-0.6851,0.5369,0.8704,0.0,12.0,11.8608,0.9324887990951538,0.8823668956756592,22.15,0,1,180,1.663,0.0917,0.9317,0.2901,0.0275,0.2795,0.1161,0.4231,0.428
200.652,5,NAVIGATE,-6.4598,2.0524,-1.9315,-0.7734,0.5382,1.0372,-0.6734,0.5382,0.862,0.0,12.0,11.861,0.9143936634063721,0.8674284815788269,20.89,0,1,180,1.972,0.0982,0.9264,0.2873,0.0295,0.2779,0.1149,0.4223,0.4351
200.701,5,NAVIGATE,-6.4959,2.0764,-1.93,-0.7616,0.5394,1.0326,-0.5616,0.6394,0.851,0.0,12.0,11.8607,0.8795143961906433,0.8441396951675415,17.14,0,1,180,1.522,0.2672,0.7958,0.2837,0.0801,0.2387,0.1135,0.4324,0.398
200.751,5,NAVIGATE,-6.5315,2.1006,-1.9294,-0.7524,0.5403,1.0282,-0.6524,0.6403,0.9141,0.0,12.0,11.86,0.8585066795349121,0.8308688402175903,15.39,0,1,180,1.532,0.1916,0.8821,0.3047,0.0575,0.2646,0.1219,0.444,0.4213
200.802,5,NAVIGATE,-6.561,2.121,-1.9297,-0.7453,0.5415,1.0247,-0.6453,0.6415,0.9099,0.0,12.0,11.8592,0.8391156196594238,0.8215320110321045,13.64,0,1,180,1.896,0.195,0.8855,0.3033,0.0585,0.2656,0.1213,0.4455,0.4176
200.851,5,NAVIGATE,-6.5945,2.1455,-1.9354,-0.7337,0.546,1.0205,-0.6337,0.646,0.9049,0.0,12.0,11.8575,0.8034281730651855,0.8022054433822632,10.13,0,1,180,1.688,0.2038,0.8724,0.3016,0.0611,0.2617,0.1207,0.4435,0.4106
200.901,5,NAVIGATE,-6.622,2.1661,-1.9407,-0.7241,0.5514,1.017,-0.5241,0.6514,0.8361,0.0,12.0,11.8556,0.7923377156257629,0.7923377156257629,8.13,0,1,180,1.604,0.2961,0.84,0.2787,0.0888,0.252,0.1115,0.4523,0.412
200.951,5,NAVIGATE,-6.6494,2.1872,-1.9458,-0.7153,0.5578,1.0136,-0.5153,0.6578,0.8356,0.0,12.0,11.8535,0.7861472964286804,0.7861472964286804,6.13,0,1,180,1.823,0.3058,0.8302,0.2785,0.0917,0.2491,0.1114,0.4522,0.409
201.001,5,NAVIGATE,-6.6798,2.2178,-1.9545,-0.7051,0.5684,1.0097,-0.5051,0.6684,0.8378,0.0,12.0,11.8453,0.7748861908912659,0.7748861908912659,2.38,0,1,180,1.527,0.3189,0.8441,0.2793,0.0957,0.2532,0.1117,0.4606,0.4194
201.051,5,NAVIGATE,-6.7052,2.2433,-1.9611,-0.6954,0.5775,1.0066,-0.4954,0.6775,0.8393,0.0,12.0,11.8386,0.7710211277008057,0.7710211277008057,0.13,0,1,180,1.774,0.331,0.8377,0.2798,0.0993,0.2513,0.1119,0.4625,0.4202
201.102,5,NAVIGATE,-6.7359,2.2739,-1.9704,-0.6822,0.588,1.003,-0.4822,0.688,0.8401,0.0,12.0,11.8309,0.7655581831932068,0.7655581831932068,-1.88,0,1,180,1.866,0.3464,0.8382,0.28,0.1039,0.2515,0.112,0.4674,0.4215
201.151,5,NAVIGATE,-6.7624,2.2987,-1.9853,-0.6705,0.5955,1.0,-0.4705,0.6955,0.8397,0.0,12.0,11.8256,0.7610248327255249,0.7610248327255249,-5.88,0,1,180,1.653,0.359,0.8594,0.2799,0.1077,0.2578,0.112,0.4775,0.4314
201.202,5,NAVIGATE,-6.7938,2.3288,-2.0009,-0.6555,0.604,0.9963,-0.4555,0.704,0.8385,0.0,12.0,11.819,0.7570024728775024,0.7570024728775024,-8.13,0,1,180,2.133,0.3747,0.8688,0.2795,0.1124,0.2606,0.1118,0.4848,0.4354
201.252,5,NAVIGATE,-6.8201,2.3539,-2.0123,-0.6428,0.6108,0.9932,-0.4428,0.8108,0.9238,0.0,12.0,11.8136,0.7593540549278259,0.7593540549278259,-10.13,0,1,180,1.905,0.4399,0.8581,0.3079,0.132,0.2574,0.1232,0.5126,0.431
201.301,5,NAVIGATE,-6.854,2.3841,-2.025,-0.6286,0.6186,0.9894,-0.4286,0.8186,0.924,0.0,12.0,11.8086,0.8144432306289673,0.7595003247261047,-14.14,0,1,180,1.622,0.4522,0.8757,0.308,0.1357,0.2627,0.1232,0.5216,0.4366
201.351,5,NAVIGATE,-6.8868,2.4145,-2.0355,-0.614,0.6266,0.9855,-0.414,0.8266,0.9245,0.0,12.0,11.8029,0.8434846997261047,0.7616198062896729,-16.39,0,1,180,1.565,0.4649,0.8947,0.3082,0.1395,0.2684,0.1233,0.5311,0.4436
201.401,5,NAVIGATE,-6.9126,2.4404,-2.0418,-0.6013,0.6354,0.9824,-0.4013,0.8354,0.9268,0.0,12.0,11.797,0.8688490390777588,0.7649984359741211,-18.39,0,1,180,1.622,0.4767,0.9037,0.3089,0.143,0.2711,0.1236,0.5377,0.4473
201.451,5,NAVIGATE,-6.9372,2.4667,-2.0463,-0.5883,0.6459,0.9792,-0.3883,0.8459,0.9308,0.0,12.0,11.7902,7.423091888427734,0.7711217999458313,-22.15,0,1,180,1.6,0.4894,0.9519,0.3103,0.1468,0.2856,0.1241,0.5565,0.4687
201.502,5,NAVIGATE,-6.966,2.4987,-2.0503,-0.5728,0.6603,0.9754,-0.3728,0.8603,0.9376,0.0,12.0,11.7813,7.410454750061035,0.7749991416931152,-24.4,0,1,180,1.876,0.5049,0.9587,0.3156,0.1515,0.2876,0.1262,0.5653,0.4707
201.551,5,NAVIGATE,-6.9882,2.5254,-2.0503,-0.5595,0.673,0.9723,-0.3595,0.873,0.9441,0.0,12.0,11.773,7.408651828765869,0.7803429365158081,-26.15,0,1,180,1.87,0.5182,0.9787,0.3261,0.1554,0.2936,0.1305,0.5795,0.4804
201.601,5,NAVIGATE,-7.0134,2.5576,-2.0479,-0.5432,0.6886,0.9687,-0.3432,0.8886,0.9526,0.0,12.0,11.7621,7.415327072143555,0.7904955744743347,-29.9,0,1,180,1.713,0.534,1.0,0.3391,0.1602,0.3,0.1357,0.5959,0.5022
201.651,5,NAVIGATE,-7.038,2.5906,-2.0453,-0.5268,0.7046,0.965,-0.3268,0.9046,0.9618,0.0,12.0,11.7503,7.402075290679932,0.7982068061828613,-31.9,0,1,180,1.59,0.5496,1.0,0.3524,0.1649,0.3,0.141,0.6058,0.5122
201.702,5,NAVIGATE,-7.0554,2.6193,-2.0448,-0.512,0.7182,0.962,-0.312,0.9182,0.9698,0.0,12.0,11.7378,7.387933731079102,0.8026753664016724,-33.91,0,1,180,1.763,0.5633,1.0,0.3642,0.169,0.3,0.1457,0.6147,0.5223
201.751,5,NAVIGATE,-7.0727,2.6486,-2.0441,-0.4973,0.7319,0.959,-0.2973,0.9319,0.9782,0.0,12.0,11.7248,7.360620021820068,0.8182678818702698,-37.41,0,1,180,1.702,0.5765,1.0,0.3759,0.1729,0.3,0.1504,0.6233,0.5457
201.802,5,NAVIGATE,-7.093,2.6844,-2.043,-0.4797,0.7483,0.9554,-0.2797,0.9483,0.9887,0.0,12.0,11.7086,7.35856819152832,0.8285890817642212,-39.41,0,1,180,2.099,0.5917,1.0,0.39,0.1775,0.3,0.156,0.6335,0.556
201.851,5,NAVIGATE,-7.1101,2.7148,-2.0389,-0.4652,0.7618,0.9524,-0.2652,0.9618,0.9977,0.0,12.0,11.6948,7.34485387802124,0.8389315605163574,-41.16,0,1,180,1.991,0.6038,1.0,0.4016,0.1811,0.3,0.1606,0.6418,0.5683
201.901,5,NAVIGATE,-7.1335,2.7583,-2.0336,-0.4451,0.7808,0.9481,-0.2451,0.9808,1.011,0.0,12.0,11.6746,7.335073947906494,0.8582030534744263,-44.42,0,1,180,1.676,0.6198,1.0,0.4178,0.186,0.3,0.1671,0.6531,0.5935
201.951,5,NAVIGATE,-7.1489,2.7906,-2.0309,-0.4304,0.7947,0.9451,-0.2304,0.9947,1.0211,0.0,12.0,11.6585,7.313412189483643,0.868667483329773,-46.42,0,1,180,1.764,0.6312,1.0,0.4297,0.1894,0.3,0.1719,0.6612,0.6069
202.001,5,NAVIGATE,-7.1608,2.8254,-2.031,-0.4144,0.8096,0.9421,-0.2144,1.0096,1.0321,0.0,12.0,11.6383,7.300329208374023,0.8770111799240112,-48.17,0,1,180,1.661,0.6433,1.0,0.4426,0.193,0.3,0.1771,0.67,0.6171
202.051,5,NAVIGATE,-7.1751,2.8676,-2.0309,-0.3955,0.8273,0.9386,-0.1955,1.0273,1.0457,0.0,12.0,11.6139,7.27763557434082,0.9017741084098816,-50.17,0,1,180,1.75,0.657,1.0,0.458,0.1971,0.3,0.1832,0.6803,0.6399
202.101,5,NAVIGATE,-7.1868,2.9109,-2.0284,-0.3759,0.8454,0.935,-0.1759,1.0454,1.0601,0.0,12.0,11.5871,7.264874458312988,0.9140822291374207,-52.92,0,1,180,1.578,0.6706,1.0,0.4739,0.2012,0.3,0.1896,0.6908,0.6507
202.151,5,NAVIGATE,-7.1931,2.9405,-2.0254,-0.3625,0.8576,0.9325,-0.1625,1.0576,1.07,0.0,12.0,11.5678,7.2592058181762695,0.9255015254020691,-54.43,0,1,180,1.675,0.6797,1.0,0.4848,0.2039,0.3,0.1939,0.6978,0.6615
202.201,5,NAVIGATE,-7.2027,2.9853,-2.0212,-0.3429,0.8757,0.929,-0.1429,1.0757,1.0852,0.0,12.0,11.5388,7.2290778160095215,0.950198233127594,-53.42,0,1,180,1.638,0.6922,1.0,0.5008,0.2077,0.3,0.2003,0.708,0.6849
202.251,5,NAVIGATE,-7.2116,3.0302,-2.0168,-0.3231,0.8937,0.9254,-0.1231,1.0937,1.1006,0.0,12.0,11.5093,7.215287208557129,0.9627280831336975,-51.92,0,1,180,1.594,0.7044,1.0,0.5168,0.2113,0.3,0.2067,0.7181,0.7009
202.301,5,NAVIGATE,-7.2183,3.0677,-2.0131,-0.3066,0.9085,0.9224,-0.1066,1.1085,1.1136,0.0,12.0,11.4843,7.188902854919434,0.9851734638214111,-53.17,0,1,180,1.494,0.7141,1.0,0.5301,0.2142,0.3,0.2121,0.7263,0.7263
202.351,5,NAVIGATE,-7.2264,3.1133,-2.0092,-0.2872,0.926,0.9189,-0.0872,1.126,1.1294,0.0,12.0,11.454,7.168169975280762,0.9949770569801331,-53.42,0,1,180,1.515,0.7248,1.0,0.5458,0.2175,0.3,0.2183,0.7358,0.7389
202.401,5,NAVIGATE,-7.2346,3.1603,-2.007,-0.2683,0.9442,0.9155,-0.0683,1.1442,1.1463,0.0,12.0,11.4228,7.151345252990723,1.007330298423767,-55.18,0,1,180,1.715,0.7347,1.0,0.5615,0.2204,0.3,0.2246,0.745,0.7548
202.451,5,NAVIGATE,-7.2413,3.2002,-2.0059,-0.2529,0.9596,0.9127,-0.0529,1.1596,1.1608,0.0,12.0,11.3962,7.112190246582031,1.0302060842514038,-57.43,0,1,180,1.707,0.7424,1.0,0.5745,0.2227,0.3,0.2298,0.7525,0.7928
202.501,5,NAVIGATE,-7.2492,3.2487,-2.0048,-0.2346,0.9779,0.9096,-0.0346,1.1779,1.1784,0.0,12.0,11.3639,7.110082626342773,1.0405453443527222,-59.18,0,1,180,1.656,0.751,1.0,0.59,0.2253,0.3,0.236,0.7613,0.8102
202.551,5,NAVIGATE,-7.2558,3.2969,-2.0058,-0.2161,0.9958,0.9064,-0.0161,1.1958,1.1959,0.0,12.0,11.331,7.10386323928833,1.0557831525802612,-60.68,0,1,180,1.508,0.7594,1.0,0.6055,0.2278,0.3,0.2422,0.77,0.8289
202.601,5,NAVIGATE,-7.261,3.3376,-2.0066,-0.2007,1.0106,0.9037,-0.0007,1.2106,1.2106,0.0,12.0,11.3031,7.045760154724121,1.0833070278167725,-63.93,0,1,180,1.76,0.766,1.0,0.6183,0.2298,0.3,0.2473,0.7771,0.8661
202.651,5,NAVIGATE,-7.2669,3.3873,-2.0072,-0.1822,1.0283,0.9004,0.0178,1.2283,1.2284,0.0,12.0,11.2688,7.0307722091674805,1.0957129001617432,-64.94,0,1,180,1.503,0.7736,1.0,0.6335,0.2321,0.3,0.2534,0.7855,0.887
202.702,5,NAVIGATE,-7.2705,3.4298,-2.0069,-0.1665,1.0431,0.8977,0.0335,1.2431,1.2435,0.0,12.0,11.2388,7.00718879699707,1.1138315200805664,-66.69,0,1,180,2.018,0.7797,1.0,0.6464,0.2339,0.3,0.2585,0.7925,0.9066
202.752,5,NAVIGATE,-7.274,3.4727,-2.0066,-0.151,1.0579,0.895,0.049,1.2579,1.2588,0.0,12.0,11.2083,6.969637870788574,1.1453797817230225,-69.44,0,1,180,2.151,0.7855,1.0,0.6592,0.2356,0.3,0.2637,0.7993,0.9497
202.802,5,NAVIGATE,-7.2774,3.5245,-2.0065,-0.1323,1.0755,0.8919,0.0677,1.2755,1.2773,0.0,12.0,11.1711,6.9481520652771,1.163159966468811,-71.19,0,1,180,1.836,0.7922,1.0,0.6745,0.2376,0.3,0.2698,0.8075,0.9612
202.851,5,NAVIGATE,-7.2793,3.5765,-2.0068,-0.1133,1.093,0.8887,0.0867,1.293,1.2959,0.0,12.0,11.1331,6.927501201629639,1.1806812286376953,-72.44,0,1,180,1.885,0.7987,1.0,0.69,0.2396,0.3,0.276,0.8156,0.9901
202.902,5,NAVIGATE,-7.2808,3.6204,-2.007,-0.0976,1.1077,0.886,0.1024,1.3077,1.3117,0.0,12.0,11.1008,6.887205600738525,1.2169524431228638,-74.94,0,1,180,2.117,0.8038,1.0,0.7028,0.2411,0.3,0.2811,0.8223,1.031
202.952,5,NAVIGATE,-7.2852,3.6755,-2.0064,-0.08,1.1259,0.8827,0.12,1.3259,1.3313,0.0,12.0,11.0622,6.862549781799316,1.2367950677871704,-76.2,0,1,180,1.928,0.8088,1.0,0.7179,0.2426,0.3,0.2871,0.8298,1.0575
203.001,5,NAVIGATE,-7.2907,3.7233,-2.0053,-0.066,1.1417,0.88,0.134,1.3417,1.3484,0.0,12.0,11.0299,6.83773136138916,1.2580410242080688,-77.7,0,1,180,1.713,0.8123,1.0,0.7302,0.2437,0.3,0.2921,0.8358,1.0867
203.051,5,NAVIGATE,-7.2953,3.7714,-2.0043,-0.052,1.1574,0.8773,0.148,1.3574,1.3655,0.0,12.0,10.9969,6.788145065307617,1.2992016077041626,-80.2,0,1,180,1.715,0.8158,1.0,0.7426,0.2447,0.3,0.297,0.8418,1.1475
203.101,5,NAVIGATE,-7.301,3.8304,-1.9999,-0.0352,1.1768,0.8741,0.1648,1.3768,1.3866,0.0,12.0,10.9566,6.774707317352295,1.322259783744812,-81.7,0,1,180,1.584,0.8195,1.0,0.7576,0.2459,0.3,0.303,0.8489,1.1608
203.151,5,NAVIGATE,-7.3064,3.8906,-1.993,-0.0185,1.1966,0.8709,0.1815,1.3966,1.4083,0.0,12.0,10.9154,6.760435581207275,1.3437323570251465,-82.7,0,1,180,1.625,0.823,1.0,0.7727,0.2469,0.3,0.3091,0.856,1.1865
203.201,5,NAVIGATE,-7.3099,3.9412,-1.9881,-0.0042,1.213,0.8683,0.1958,1.413,1.4265,0.0,12.0,10.8802,6.692348957061768,1.3928868770599365,-84.95,0,1,180,1.613,0.8259,1.0,0.7854,0.2478,0.3,0.3142,0.8619,1.256
203.251,5,NAVIGATE,-7.3137,4.0018,-1.9846,0.0132,1.2325,0.865,0.2132,1.4325,1.4483,0.0,12.0,10.838,6.668595790863037,1.4147573709487915,-86.2,0,1,180,1.745,0.8293,1.0,0.8007,0.2488,0.3,0.3203,0.8691,1.2858
203.302,5,NAVIGATE,-7.3161,4.0527,-1.9826,0.028,1.2485,0.8621,0.228,1.4485,1.4664,0.0,12.0,10.802,6.642746448516846,1.4428569078445435,-87.46,0,1,180,2.011,0.8321,1.0,0.8134,0.2496,0.3,0.3254,0.875,1.3111
203.351,5,NAVIGATE,-7.3176,4.1145,-1.9807,0.0459,1.2676,0.8586,0.2459,1.4676,1.488,0.0,12.0,10.7577,6.5930705070495605,1.4920271635055542,-89.71,0,1,180,1.741,0.8354,1.0,0.8287,0.2506,0.3,0.3315,0.8821,1.3789
203.401,5,NAVIGATE,-7.3157,4.1778,-1.9791,0.0647,1.2868,0.855,0.2647,1.3868,1.4118,0.0,12.0,10.7101,6.557840347290039,1.5175602436065674,-90.46,0,1,180,1.567,0.8455,1.0,0.7957,0.2536,0.3,0.3183,0.8719,1.3931
203.452,5,NAVIGATE,-7.3135,4.231,-1.9781,0.0803,1.3027,0.8521,0.2803,1.4027,1.4304,0.0,12.0,10.6698,6.529290199279785,1.5501714944839478,-91.71,0,1,180,1.927,0.8483,1.0,0.809,0.2545,0.3,0.3236,0.8781,1.4174
203.502,5,NAVIGATE,-7.3105,4.2847,-1.9774,0.0959,1.3189,0.8491,0.2959,1.4189,1.4494,0.0,12.0,10.6287,6.46712589263916,1.6038792133331299,-93.71,0,1,180,2.512,0.851,1.0,0.8223,0.2553,0.3,0.3289,0.8842,1.4893
203.551,5,NAVIGATE,-7.3049,4.3529,-1.9761,0.1143,1.3376,0.8455,0.3143,1.4376,1.4716,0.0,12.0,10.5754,6.450901031494141,1.6330729722976685,-94.71,0,1,180,1.749,0.854,1.0,0.8378,0.2562,0.3,0.3351,0.8913,1.5139
203.602,5,NAVIGATE,-7.2996,4.41,-1.9754,0.1297,1.351,0.8424,0.3297,1.451,1.488,0.0,12.0,10.5306,6.413333415985107,1.6635465621948242,-95.71,0,1,180,1.845,0.8564,1.0,0.8496,0.2569,0.3,0.3398,0.8968,1.5408
203.651,5,NAVIGATE,-7.2919,4.478,-1.9755,0.1484,1.3647,0.8387,0.3484,1.3647,1.4085,0.0,12.0,10.4762,6.3556227684021,1.7236374616622925,-97.47,0,1,180,1.725,0.8679,1.0,0.8149,0.2604,0.3,0.326,0.8863,1.5512
203.702,5,NAVIGATE,-7.2821,4.5455,-1.977,0.1678,1.3769,0.8348,0.3678,1.3769,1.4252,0.0,12.0,10.4211,6.317830562591553,1.7579234838485718,-98.22,0,1,180,2.134,0.8715,1.0,0.828,0.2614,0.3,0.3312,0.8926,1.5593
203.752,5,NAVIGATE,-7.2736,4.6019,-1.9783,0.184,1.3866,0.8316,0.384,1.3866,1.4388,0.0,12.0,10.3748,6.280184268951416,1.7897552251815796,-99.22,0,1,180,2.01,0.8743,1.0,0.8386,0.2623,0.3,0.3355,0.8978,1.5677
203.802,5,NAVIGATE,-7.2638,4.6589,-1.9784,0.2001,1.3944,0.8284,0.4001,1.3944,1.4507,0.0,12.0,10.3274,6.223463535308838,1.7991859912872314,131.0,0,1,180,1.907,0.8773,1.0,0.8484,0.2632,0.3,0.3394,0.9026,1.58
203.851,5,NAVIGATE,-7.2504,4.728,-1.9769,0.2199,1.4019,0.8246,0.4199,1.4019,1.4634,0.0,12.0,10.2689,6.187041282653809,1.8036681413650513,133.5,0,1,180,1.139,0.881,1.0,0.8595,0.2643,0.3,0.3438,0.9081,1.5903
203.901,5,NAVIGATE,-7.2389,4.7855,-1.9758,0.2364,1.4067,0.8212,0.4364,1.4067,1.4729,0.0,12.0,10.2201,6.159808158874512,1.8097726106643677,132.5,0,1,180,1.094,0.8841,1.0,0.8681,0.2652,0.3,0.3472,0.9125,1.5996
203.95,5,NAVIGATE,-7.2235,4.8558,-1.9774,0.2566,1.4121,0.817,0.4566,1.4121,1.4841,0.0,12.0,10.1596,6.087008476257324,1.822625756263733,133.25,0,1,180,1.003,0.8878,1.0,0.8784,0.2663,0.3,0.3514,0.9177,1.6171
204.002,5,NAVIGATE,-7.2072,4.9266,-1.98,0.277,1.4174,0.8127,0.477,1.4174,1.4955,0.0,12.0,10.0984,6.0635480880737305,1.8305717706680298,133.75,0,1,180,1.779,0.8915,1.0,0.8888,0.2674,0.3,0.3555,0.923,1.6273
204.051,5,NAVIGATE,-7.1933,4.9854,-1.982,0.2938,1.4216,0.8092,0.4938,1.3216,1.4108,0.0,12.0,10.0473,6.039490222930908,1.8395705223083496,134.0,0,1,180,1.12,0.9046,1.0,0.8508,0.2714,0.3,0.3403,0.9117,1.6399
204.101,5,NAVIGATE,-7.1789,5.0456,-1.9821,0.3102,1.4263,0.8057,0.5102,1.3263,1.4211,0.0,12.0,9.995,5.994143009185791,1.8561407327651978,132.75,0,1,180,1.219,0.9073,1.0,0.8595,0.2722,0.3,0.3438,0.916,1.6593
204.151,5,NAVIGATE,-7.1612,5.1181,-1.9818,0.3298,1.4324,0.8016,0.5298,1.3324,1.4338,0.0,12.0,9.932,5.971400737762451,1.8645613193511963,134.75,0,1,180,1.16,0.9103,1.0,0.8701,0.2731,0.3,0.3481,0.9211,1.6715
204.201,5,NAVIGATE,-7.146,5.1781,-1.9816,0.3459,1.4354,0.7982,0.5459,1.3354,1.4427,0.0,12.0,9.8794,5.945226192474365,1.8751131296157837,133.25,0,1,180,1.074,0.9129,1.0,0.878,0.2739,0.3,0.3512,0.925,1.6854
204.25,5,NAVIGATE,-7.1339,5.2383,-1.9793,0.3602,1.4364,0.7948,0.5602,1.3364,1.4491,0.0,12.0,9.8292,5.898449420928955,1.8947064876556396,134.0,0,1,180,1.077,0.915,1.0,0.884,0.2745,0.3,0.3536,0.9281,1.7083
204.301,5,NAVIGATE,-7.1194,5.31,-1.9765,0.3774,1.4357,0.7907,0.5774,1.3357,1.4552,0.0,12.0,9.7694,5.875052452087402,1.9043498039245605,134.25,0,1,180,1.038,0.9177,1.0,0.8903,0.2753,0.3,0.3561,0.9314,1.722
204.351,5,NAVIGATE,-7.1037,5.3815,-1.9746,0.3952,1.4337,0.7865,0.5952,1.3337,1.4605,0.0,12.0,9.7091,5.844822406768799,1.9164854288101196,134.25,0,1,180,1.101,0.9207,1.0,0.8965,0.2762,0.3,0.3586,0.9348,1.7374
204.401,5,NAVIGATE,-7.0898,5.4417,-1.9747,0.4103,1.4318,0.7831,0.6103,1.3318,1.465,0.0,12.0,9.658,5.794917106628418,1.939876914024353,134.75,0,1,180,1.157,0.9231,1.0,0.9016,0.2769,0.3,0.3606,0.9376,1.762
204.452,5,NAVIGATE,-7.0721,5.5132,-1.975,0.4288,1.4293,0.7789,0.6288,1.3293,1.4705,0.0,12.0,9.5965,5.767744064331055,1.952522873878479,132.75,0,1,180,1.518,0.9262,1.0,0.908,0.2779,0.3,0.3632,0.941,1.7781
204.501,5,NAVIGATE,-7.0573,5.5719,-1.9754,0.4442,1.427,0.7755,0.6442,1.327,1.475,0.0,12.0,9.546,5.740550994873047,1.9663219451904297,135.0,0,1,180,1.179,0.9286,1.0,0.9132,0.2786,0.3,0.3653,0.9439,1.7959
204.551,5,NAVIGATE,-7.0449,5.6285,-1.9758,0.4584,1.4239,0.772,0.6584,1.3239,1.4786,0.0,12.0,9.4987,5.689001083374023,1.9931710958480835,134.0,0,1,180,1.159,0.9308,1.0,0.9176,0.2793,0.3,0.367,0.9463,1.8258
204.601,5,NAVIGATE,-7.0284,5.6963,-1.9765,0.4757,1.4206,0.7677,0.6757,1.3206,1.4834,0.0,12.0,9.4411,5.659669399261475,2.0060994625091553,134.75,0,1,180,1.312,0.9335,1.0,0.9232,0.2801,0.3,0.3693,0.9493,1.8427
204.65,5,NAVIGATE,-7.0107,5.764,-1.9775,0.4933,1.4176,0.7634,0.6933,1.3176,1.4889,0.0,12.0,9.3829,5.627862930297852,2.0223536491394043,134.75,0,1,180,1.003,0.9361,1.0,0.9292,0.2808,0.3,0.3717,0.9525,1.8609
204.7,5,NAVIGATE,-6.9956,5.8204,-1.9787,0.5079,1.4154,0.7599,0.7079,1.3154,1.4937,0.0,12.0,9.3341,5.571509838104248,2.0529284477233887,135.0,0,1,180,0.975,0.9382,1.0,0.9342,0.2814,0.3,0.3737,0.9551,1.8942
204.75,5,NAVIGATE,-6.9759,5.888,-1.9801,0.5257,1.4127,0.7555,0.7257,1.3127,1.5,0.0,12.0,9.2747,5.542243957519531,2.068265438079834,135.0,0,1,180,1.081,0.9406,1.0,0.9406,0.2822,0.3,0.3762,0.9584,1.9136
204.801,5,NAVIGATE,-6.9568,5.9428,-1.9825,0.5413,1.4096,0.7519,0.7413,1.2096,1.4187,0.0,12.0,9.2242,5.509562015533447,2.087075710296631,133.75,0,1,180,1.112,0.954,1.0,0.9023,0.2862,0.3,0.3609,0.9471,1.9329
204.85,5,NAVIGATE,-6.9359,5.9968,-1.9854,0.5575,1.4061,0.7482,0.7575,1.2061,1.4243,0.0,12.0,9.1731,5.450315475463867,2.120615005493164,135.0,0,1,180,1.073,0.9564,1.0,0.9081,0.2869,0.3,0.3632,0.9501,1.9708
204.901,5,NAVIGATE,-6.9098,6.0617,-1.9885,0.5771,1.4021,0.7439,0.7771,1.2021,1.4314,0.0,12.0,9.1109,5.418946266174316,2.1389055252075195,135.0,0,1,180,1.137,0.9591,1.0,0.9152,0.2877,0.3,0.3661,0.9538,1.9396
204.952,5,NAVIGATE,-6.8841,6.125,-1.9895,0.5959,1.3952,0.7397,0.7959,1.1952,1.436,0.0,12.0,9.0502,5.383915901184082,2.1577396392822266,135.0,0,1,180,2.581,0.9619,1.0,0.9209,0.2886,0.3,0.3683,0.9569,1.8656
205.001,5,NAVIGATE,-6.8622,6.1772,-1.9894,0.6114,1.3876,0.7363,0.8114,1.1876,1.4383,0.0,12.0,8.9997,5.322359561920166,2.196394681930542,135.0,0,1,180,1.583,0.9644,1.0,0.9247,0.2893,0.3,0.3699,0.9592,1.7778
205.051,5,NAVIGATE,-6.8348,6.2398,-1.9894,0.6304,1.377,0.7321,0.8304,1.177,1.4404,0.0,12.0,8.9384,5.289196968078613,2.2139205932617188,135.0,0,1,180,1.746,0.9674,1.0,0.929,0.2902,0.3,0.3716,0.9618,1.7069
205.102,5,NAVIGATE,-6.81,6.2908,-1.9902,0.6468,1.3667,0.7287,0.8468,1.1667,1.4416,0.0,12.0,8.8866,5.255254745483398,2.236788272857666,135.0,0,1,180,2.102,0.9701,1.0,0.9323,0.291,0.3,0.3729,0.9639,1.6371
205.151,5,NAVIGATE,-6.7793,6.352,-1.991,0.6666,1.3543,0.7245,0.8666,1.1543,1.4434,0.0,12.0,8.8237,5.187963485717773,2.2784934043884277,135.0,0,1,180,1.709,0.9732,1.0,0.9364,0.2919,0.3,0.3746,0.9665,1.5337
205.201,5,NAVIGATE,-6.7483,6.4132,-1.9921,0.6863,1.3422,0.7205,0.8863,1.1422,1.4458,0.0,12.0,8.7608,5.155873775482178,2.3001370429992676,135.0,0,1,180,1.713,0.976,1.0,0.9408,0.2928,0.3,0.3763,0.9691,1.4598
205.251,5,NAVIGATE,-6.7247,6.4644,-1.9942,0.7015,1.3327,0.7171,0.9015,1.1327,1.4477,0.0,12.0,8.71,5.11902379989624,2.324838399887085,134.75,0,1,180,1.902,0.9781,1.0,0.944,0.2934,0.3,0.3776,0.971,1.3921
205.301,5,NAVIGATE,-6.7,6.5155,-1.996,0.7169,1.3235,0.7138,0.9169,1.1235,1.4501,0.0,12.0,8.6585,5.050718784332275,2.368659496307373,135.0,0,1,180,1.561,0.98,1.0,0.9474,0.294,0.3,0.379,0.973,1.2996
205.351,5,NAVIGATE,-6.6697,6.5767,-1.9974,0.7354,1.3127,0.7099,0.9354,1.1127,1.4536,0.0,12.0,8.5963,5.018051624298096,2.3924784660339355,135.0,0,1,180,1.698,0.9822,1.0,0.9518,0.2947,0.3,0.3807,0.9754,1.2547
205.402,5,NAVIGATE,-6.6457,6.6279,-1.9967,0.7503,1.3038,0.7067,0.9503,1.1038,1.4565,0.0,12.0,8.5454,4.979308128356934,2.4195024967193604,135.0,0,1,180,2.052,0.9838,1.0,0.9553,0.2951,0.3,0.3821,0.9773,1.1896
205.451,5,NAVIGATE,-6.6204,6.6789,-1.996,0.7656,1.2949,0.7036,0.9656,1.0949,1.4599,0.0,12.0,8.4937,4.909307479858398,2.4686243534088135,135.0,0,1,180,1.688,0.9854,1.0,0.959,0.2956,0.3,0.3836,0.9792,1.103
205.501,5,NAVIGATE,-6.5888,6.7402,-1.9941,0.7843,1.2844,0.7,0.8843,1.1844,1.4781,0.0,12.0,8.4307,4.875568389892578,2.491901397705078,135.0,0,1,180,1.664,0.9675,1.0,0.9533,0.2902,0.3,0.3813,0.9716,1.4177
205.551,5,NAVIGATE,-6.5561,6.8019,-1.9902,0.8035,1.2737,0.6965,0.9035,1.1737,1.4812,0.0,12.0,8.3667,4.835226058959961,2.521071195602417,135.0,0,1,180,1.725,0.9703,1.0,0.9581,0.2911,0.3,0.3832,0.9743,1.3478
205.602,5,NAVIGATE,-6.5275,6.8529,-1.9873,0.8199,1.2647,0.6934,0.9199,1.1647,1.4841,0.0,12.0,8.3127,4.762372970581055,2.571486711502075,135.0,0,1,180,1.663,0.9726,1.0,0.9623,0.2918,0.3,0.3849,0.9767,1.267
205.651,5,NAVIGATE,-6.4905,6.9121,-1.9847,0.8381,1.2552,0.6894,0.9381,1.1552,1.4881,0.0,12.0,8.247,4.728626728057861,2.6001224517822266,135.0,0,1,180,1.541,0.975,1.0,0.9673,0.2925,0.3,0.3869,0.9794,1.205
205.701,5,NAVIGATE,-6.4578,6.9602,-1.983,0.8519,1.2487,0.6862,0.9519,1.1487,1.4919,0.0,12.0,8.1916,4.682301044464111,2.629634141921997,135.0,0,1,180,1.503,0.9767,1.0,0.9714,0.293,0.3,0.3886,0.9816,1.1532
205.751,5,NAVIGATE,-6.4244,7.0083,-1.9816,0.8643,1.2437,0.683,0.8643,1.1437,1.4336,0.0,12.0,8.1357,4.610982894897461,2.6852643489837646,135.0,0,1,180,1.506,0.9656,1.0,0.9228,0.2897,0.3,0.3691,0.9588,1.3495
205.801,5,NAVIGATE,-6.3766,7.0749,-1.9782,0.8805,1.2381,0.6789,0.8805,1.1381,1.439,0.0,12.0,8.0572,4.570809841156006,2.712899684906006,135.0,0,1,180,1.643,0.9678,1.0,0.9284,0.2903,0.3,0.3713,0.9617,1.2991
205.851,5,NAVIGATE,-6.3419,7.1221,-1.9752,0.891,1.2344,0.6761,0.891,1.1344,1.4424,0.0,12.0,8.0008,4.527569770812988,2.744542360305786,135.0,0,1,180,1.863,0.9691,1.0,0.9319,0.2907,0.3,0.3728,0.9635,1.2604
205.901,5,NAVIGATE,-6.3067,7.1695,-1.9727,0.8993,1.2307,0.6733,0.8993,1.1307,1.4447,0.0,12.0,7.9441,4.455868721008301,2.8021960258483887,135.0,0,1,180,1.7,0.9701,1.0,0.9343,0.291,0.3,0.3737,0.9648,1.2143
205.951,5,NAVIGATE,-6.2604,7.2272,-1.9727,0.9088,1.2267,0.6702,0.9088,1.1267,1.4476,0.0,12.0,7.8722,4.415824890136719,2.830636501312256,135.0,0,1,180,1.905,0.9712,1.0,0.9372,0.2914,0.3,0.3749,0.9662,1.1849
206.001,5,NAVIGATE,-6.2212,7.2754,-1.9733,0.9157,1.2234,0.6677,0.9157,1.1234,1.4493,0.0,12.0,7.8119,4.3736701011657715,2.863710403442383,135.0,0,1,180,1.584,0.9719,1.0,0.9391,0.2916,0.3,0.3756,0.9672,1.1585
206.051,5,NAVIGATE,-6.1743,7.3332,-1.9742,0.9231,1.2193,0.6649,0.9231,1.1193,1.4508,0.0,12.0,7.7395,4.299441337585449,2.9251251220703125,135.0,0,1,180,1.605,0.9728,1.0,0.9409,0.2918,0.3,0.3764,0.9682,1.2077
206.101,5,NAVIGATE,-6.1255,7.3903,-1.9771,0.9309,1.2145,0.6622,0.9309,1.1145,1.4521,0.0,12.0,7.6662,4.258358001708984,2.9560725688934326,135.0,0,1,180,1.572,0.9737,1.0,0.9426,0.2921,0.3,0.377,0.9692,1.1794
206.151,5,NAVIGATE,-6.085,7.4379,-1.9794,0.9372,1.2103,0.6601,0.9372,1.1103,1.453,0.0,12.0,7.6053,4.179170608520508,3.0203967094421387,135.0,0,1,180,1.625,0.9745,1.0,0.9439,0.2923,0.3,0.3776,0.9699,1.1389
206.201,5,NAVIGATE,-6.036,7.495,-1.9834,0.945,1.2052,0.6576,0.945,1.1052,1.4541,0.0,12.0,7.5318,4.142690658569336,3.0519165992736816,135.0,0,1,180,1.688,0.9754,1.0,0.9456,0.2926,0.3,0.3782,0.9708,1.1114
206.252,5,NAVIGATE,-5.986,7.5524,-1.9899,0.9533,1.1996,0.6552,0.9533,1.0996,1.4553,0.0,12.0,7.4575,4.105061054229736,3.0826191902160645,135.0,0,1,180,1.789,0.9764,1.0,0.9473,0.2929,0.3,0.3789,0.9719,1.0833
206.302,5,NAVIGATE,-5.9445,7.5999,-1.9946,0.96,1.1951,0.6532,0.86,1.1951,1.4723,0.0,12.0,7.3958,4.0261383056640625,3.1474411487579346,135.0,0,1,180,1.845,0.9524,1.0,0.9348,0.2857,0.3,0.3739,0.9596,1.4072
206.351,5,NAVIGATE,-5.9009,7.6472,-1.9982,0.9673,1.1902,0.6512,0.8673,1.1902,1.4727,0.0,12.0,7.3326,3.989274740219116,3.179577350616455,135.0,0,1,180,1.792,0.9537,1.0,0.9363,0.2861,0.3,0.3745,0.9606,1.3784
206.401,5,NAVIGATE,-5.8451,7.7033,-2.0009,0.9771,1.1839,0.6486,0.8771,1.1839,1.4734,0.0,12.0,7.2544,3.9514193534851074,3.2112960815429688,135.0,0,1,180,1.604,0.9555,1.0,0.9386,0.2867,0.3,0.3755,0.9621,1.3448
206.451,5,NAVIGATE,-5.7993,7.75,-2.0027,0.9832,1.1804,0.6464,0.8832,1.1804,1.4742,0.0,12.0,7.1899,3.870394706726074,3.276615619659424,135.0,0,1,180,1.546,0.9565,1.0,0.9401,0.287,0.3,0.376,0.963,1.366
206.501,5,NAVIGATE,-5.7435,7.8058,-2.0043,0.9884,1.1783,0.644,0.8884,1.1783,1.4757,0.0,12.0,7.1119,3.833366870880127,3.309640884399414,135.0,0,1,180,1.712,0.9571,1.0,0.9416,0.2871,0.3,0.3766,0.9638,1.3471
206.552,5,NAVIGATE,-5.6873,7.8615,-2.0054,0.9919,1.1781,0.6419,0.8919,1.1781,1.4777,0.0,12.0,7.0337,3.79465913772583,3.340970277786255,135.0,0,1,180,2.033,0.9572,1.0,0.9429,0.2872,0.3,0.3772,0.9643,1.3323
206.601,5,NAVIGATE,-5.6413,7.908,-2.0061,0.9934,1.1791,0.6403,0.8934,1.1791,1.4794,0.0,12.0,6.9691,3.7152843475341797,3.376833200454712,-26.9,0,1,180,1.666,0.9568,1.0,0.9437,0.2871,0.3,0.3775,0.9645,1.3058
206.651,5,NAVIGATE,-5.5943,7.9567,-2.0067,0.9944,1.1816,0.6387,0.8944,1.1816,1.4819,0.0,12.0,6.9024,3.6798627376556396,3.3384509086608887,-27.15,0,1,180,1.623,0.9562,1.0,0.9447,0.2869,0.3,0.3779,0.9647,1.2932
206.701,5,NAVIGATE,-5.5385,8.0157,-2.0073,0.9952,1.1849,0.637,0.8952,1.1849,1.485,0.0,12.0,6.8227,3.640658378601074,3.298671007156372,-28.15,0,1,180,1.56,0.9553,1.0,0.9458,0.2866,0.3,0.3783,0.9649,1.3487
206.751,5,NAVIGATE,-5.4928,8.0647,-2.0076,0.9956,1.1874,0.6356,0.8956,1.1874,1.4873,0.0,12.0,6.7571,3.5631844997406006,3.2253098487854004,-29.15,0,1,180,1.538,0.9545,1.0,0.9464,0.2863,0.3,0.3786,0.9649,1.3241
206.802,5,NAVIGATE,-5.4383,8.124,-2.0108,0.9959,1.1901,0.6339,0.8959,1.1901,1.4896,0.0,12.0,6.6782,10.914752006530762,3.1895720958709717,-29.65,0,1,180,1.74,0.9535,1.0,0.9468,0.286,0.3,0.3787,0.9648,1.3183
206.851,5,NAVIGATE,-5.3846,8.1832,-2.014,0.9961,1.1923,0.632,0.8961,1.1923,1.4915,0.0,12.0,6.6002,10.87362003326416,3.1541836261749268,-29.9,0,1,180,1.653,0.9524,1.0,0.947,0.2857,0.3,0.3788,0.9645,1.3065
206.901,5,NAVIGATE,-5.3406,8.2324,-2.0161,0.9962,1.1939,0.6305,0.8962,1.1939,1.4929,0.0,12.0,6.5358,10.783435821533203,3.0816192626953125,-31.4,0,1,180,1.857,0.9516,1.0,0.947,0.2855,0.3,0.3788,0.9643,1.3336
206.951,5,NAVIGATE,-5.2978,8.281,-2.0172,0.9956,1.1954,0.6289,0.8956,1.1954,1.4937,0.0,12.0,6.4728,10.740351676940918,3.05025053024292,-31.9,0,1,180,1.878,0.9506,1.0,0.9466,0.2852,0.3,0.3786,0.9638,1.3256
207.001,5,NAVIGATE,-5.2471,8.3393,-2.0181,0.9949,1.197,0.6269,0.8949,1.197,1.4945,0.0,12.0,6.3979,10.697914123535156,3.015526533126831,-32.91,0,1,180,1.608,0.9493,1.0,0.9459,0.2848,0.3,0.3784,0.9632,1.3195
207.051,5,NAVIGATE,-5.2056,8.3877,-2.0191,0.994,1.1983,0.6252,0.894,1.1983,1.4951,0.0,12.0,6.3362,10.64971923828125,2.980269432067871,-33.16,0,1,180,1.748,0.9482,1.0,0.9451,0.2845,0.3,0.378,0.9625,1.3091
207.101,5,NAVIGATE,-5.1657,8.4353,-2.0221,0.9924,1.1993,0.6235,0.8924,1.1993,1.4949,0.0,12.0,6.2762,10.5662260055542,2.9162838459014893,-34.41,0,1,180,1.662,0.947,1.0,0.9438,0.2841,0.3,0.3775,0.9616,1.3299
207.151,5,NAVIGATE,-5.118,8.4926,-2.0249,0.9906,1.2005,0.6214,0.8906,1.2005,1.4948,0.0,12.0,6.2045,10.520637512207031,2.884592056274414,-35.66,0,1,180,1.706,0.9455,1.0,0.9422,0.2836,0.3,0.3769,0.9605,1.3234
207.202,5,NAVIGATE,-5.0783,8.5405,-2.0268,0.9892,1.2018,0.6197,0.8892,1.2018,1.495,0.0,12.0,6.1446,10.474032402038574,2.850234270095825,-34.41,0,1,180,2.211,0.9442,1.0,0.941,0.2832,0.3,0.3764,0.9596,1.3118
207.251,5,NAVIGATE,-5.0378,8.589,-2.0292,0.988,1.2034,0.6179,0.888,1.2034,1.4955,0.0,12.0,6.084,10.391804695129395,2.7902181148529053,-36.16,0,1,180,1.774,0.9428,1.0,0.94,0.2828,0.3,0.376,0.9588,1.3344
207.302,5,NAVIGATE,-4.9895,8.6471,-2.0313,0.9866,1.2053,0.6157,0.8866,1.2053,1.4963,0.0,12.0,6.0115,10.348974227905273,2.7595341205596924,-34.66,0,1,180,2.158,0.9411,1.0,0.9388,0.2823,0.3,0.3755,0.9578,1.3243
207.351,5,NAVIGATE,-4.9414,8.7058,-2.0346,0.9852,1.2073,0.6135,0.9852,1.1073,1.4821,0.0,12.0,5.9388,10.303670883178711,2.724806308746338,-35.41,0,1,180,1.588,0.9675,1.0,0.956,0.2902,0.3,0.3824,9980.1222,1.1347
207.402,5,NAVIGATE,-4.9014,8.7551,-2.0381,0.9839,1.209,0.6116,0.9839,1.109,1.4825,0.0,12.0,5.8782,10.220667839050293,2.663438558578491,-34.41,0,1,180,1.818,0.9663,1.0,0.9551,0.2899,0.3,0.382,9980.4698,1.1058
207.451,5,NAVIGATE,-4.8536,8.8142,-2.0414,0.9822,1.2112,0.6093,0.9822,1.1112,1.483,0.0,12.0,5.8057,10.18047046661377,2.633939504623413,-34.91,0,1,180,1.821,0.9648,1.0,0.9539,0.2894,0.3,0.3816,9980.8554,1.1495
207.501,5,NAVIGATE,-4.8142,8.8646,-2.0441,0.9824,1.2119,0.6075,0.9824,1.0119,1.4103,0.0,12.0,5.7452,10.13419246673584,2.5987601280212402,-34.16,0,1,180,1.758,0.9752,1.0,0.917,0.2926,0.3,0.3668,9981.2124,1.0295
207.551,5,NAVIGATE,-4.7672,8.9257,-2.0471,0.9848,1.2111,0.6052,0.9848,1.0111,1.4114,0.0,12.0,5.6725,10.052475929260254,2.5385568141937256,-33.41,0,1,180,1.811,0.9746,1.0,0.9171,0.2924,0.3,0.3668,9981.7795,1.0432
207.601,5,NAVIGATE,-4.7201,8.9864,-2.049,0.9891,1.2075,0.6027,0.9891,1.0075,1.4119,0.0,12.0,5.6001,10.011736869812012,2.5078952312469482,-35.16,0,1,180,1.547,0.9745,1.0,0.9172,0.2923,0.3,0.3669,9982.3843,1.0238
207.651,5,NAVIGATE,-4.6827,9.0384,-2.049,0.9926,1.2023,0.6005,0.9926,1.0023,1.4106,0.0,12.0,5.5406,9.965507507324219,2.4744935035705566,-36.16,0,1,180,1.682,0.9745,1.0,0.9164,0.2924,0.3,0.3666,9982.8556,1.0008
207.702,5,NAVIGATE,-4.6453,9.0902,-2.0485,0.9963,1.1949,0.5981,0.9963,0.9949,1.408,0.0,12.0,5.4814,9.8928861618042,2.4119815826416016,-33.66,0,1,180,1.817,0.9748,1.0,0.915,0.2924,0.3,0.366,9983.3275,1.0131
207.751,5,NAVIGATE,-4.5999,9.1513,-2.0474,1.0012,1.1839,0.5949,1.0012,0.9839,1.4038,0.0,12.0,5.4106,9.858295440673828,2.3808083534240723,-33.41,0,1,180,1.795,0.9754,1.0,0.9128,0.2926,0.3,0.3651,9983.9088,1.0282
207.803,5,NAVIGATE,-4.5603,9.2,-2.0475,1.0063,1.1729,0.5919,1.0063,0.9729,1.3997,0.0,12.0,5.3512,9.818957328796387,2.346724271774292,-34.41,0,1,180,2.58,0.9764,1.0,0.9111,0.2929,0.3,0.3644,9984.4404,0.997
207.851,5,NAVIGATE,-4.5204,9.2481,-2.0471,1.0113,1.1617,0.5888,1.0113,0.9617,1.3956,0.0,12.0,5.2921,9.757064819335938,2.283616065979004,-32.41,0,1,180,1.735,0.9773,1.0,0.9093,0.2932,0.3,0.3637,9984.9714,0.995
207.901,5,NAVIGATE,-4.4722,9.3049,-2.0462,1.0171,1.1484,0.5849,0.9171,0.9484,1.3193,0.0,12.0,5.2215,9.728060722351074,2.2529451847076416,-33.16,0,1,180,1.751,0.9664,1.0,0.85,0.2899,0.3,0.34,9982.5461,1.0629
207.952,5,NAVIGATE,-4.42,9.3652,-2.0401,1.0243,1.1375,0.5807,1.0243,0.9375,1.3886,0.0,12.0,5.1457,9.698131561279297,2.2174923419952393,-32.66,0,1,180,1.811,0.9793,1.0,0.9066,0.2938,0.3,0.3626,9986.3021,0.9843
208.002,5,NAVIGATE,-4.3766,9.4145,-2.0352,1.0302,1.1285,0.577,1.0302,0.9285,1.3869,0.0,12.0,5.0832,9.646341323852539,2.153087854385376,-33.66,0,1,180,1.816,0.9801,1.0,0.9062,0.294,0.3,0.3625,9986.8725,0.9799
208.051,5,NAVIGATE,-4.3246,9.4724,-2.0296,1.0343,1.1172,0.5724,0.9343,0.9172,1.3093,0.0,12.0,5.0091,9.622776985168457,2.1217916011810303,-33.41,0,1,180,1.826,0.9696,1.0,0.8463,0.2909,0.3,0.3385,9984.4293,1.0407
208.101,5,NAVIGATE,-4.2813,9.519,-2.0242,1.0376,1.1073,0.5686,1.0376,0.9073,1.3783,0.0,12.0,4.9482,9.599334716796875,2.0853466987609863,-33.16,0,1,180,1.619,0.9814,1.0,0.9018,0.2944,0.3,0.3607,9987.9471,0.967
208.151,5,NAVIGATE,-4.2294,9.5742,-2.0184,1.0418,1.0952,0.5638,1.0418,0.8952,1.3736,0.0,12.0,4.8757,9.55644702911377,2.022385835647583,-31.15,0,1,180,1.557,0.9822,1.0,0.8994,0.2947,0.3,0.3598,9988.531,0.9621
208.201,5,NAVIGATE,-4.1779,9.6275,-2.01,1.0442,1.0823,0.5588,1.0442,0.8823,1.3671,0.0,12.0,4.8045,9.536446571350098,1.9899497032165527,-30.9,0,1,180,1.589,0.9829,1.0,0.8958,0.2949,0.3,0.3583,9989.0611,0.9386
208.252,5,NAVIGATE,-4.1351,9.6708,-2.0012,1.0469,1.0713,0.5547,1.0469,0.8713,1.362,0.0,12.0,4.746,9.5179443359375,1.9534671306610107,-32.15,0,1,180,1.883,0.9836,1.0,0.8932,0.2951,0.3,0.3573,9989.5175,0.9532
208.301,5,NAVIGATE,-4.0838,9.722,-1.9921,1.0509,1.0581,0.5497,1.0509,0.8581,1.3567,0.0,12.0,4.6761,9.481524467468262,1.8882490396499634,-32.66,0,1,180,1.635,0.9846,1.0,0.8905,0.2954,0.3,0.3562,9990.0848,0.9384
208.351,5,NAVIGATE,-4.0336,9.773,-1.9839,1.0552,1.0452,0.5448,1.0552,0.8452,1.352,0.0,12.0,4.6075,9.462418556213379,1.8590145111083984,-33.66,0,1,180,1.718,0.9854,1.0,0.8882,0.2956,0.3,0.3553,9990.641,0.9485
208.402,5,NAVIGATE,-3.992,9.8151,-1.9779,1.0592,1.0344,0.5408,1.0592,0.8344,1.3483,0.0,12.0,4.5508,9.429069519042969,1.7932850122451782,-35.66,0,1,180,2.032,0.9862,1.0,0.8865,0.2959,0.3,0.3546,9991.1034,0.9345
208.451,5,NAVIGATE,-3.9419,9.865,-1.9718,1.0642,1.0213,0.5359,1.0642,0.8213,1.3443,0.0,12.0,4.4829,9.412976264953613,1.7634079456329346,-36.66,0,1,180,1.604,0.9871,1.0,0.8846,0.2961,0.3,0.3538,9991.6611,0.9137
208.501,5,NAVIGATE,-3.8941,9.9113,-1.9651,1.0684,1.0068,0.5309,1.0684,0.8068,1.3388,0.0,12.0,4.4189,9.399261474609375,1.7335426807403564,-37.66,0,1,180,1.632,0.9881,1.0,0.8819,0.2964,0.3,0.3528,9992.1911,0.9148
208.551,5,NAVIGATE,-3.8539,9.9496,-1.9605,1.072,0.9948,0.5267,1.072,0.7948,1.3345,0.0,12.0,4.3654,9.37035846710205,1.674338459968567,-39.66,0,1,180,1.893,0.9889,1.0,0.8798,0.2967,0.3,0.3519,9992.6342,0.9328
208.601,5,NAVIGATE,-3.8132,9.9875,-1.9568,1.0757,0.9828,0.5225,1.0757,0.7828,1.3304,0.0,12.0,4.3116,9.357877731323242,1.6473807096481323,-40.66,0,1,180,1.667,0.9897,1.0,0.8778,0.2969,0.3,0.3511,9993.0751,0.902
208.651,5,NAVIGATE,-3.768,10.0363,-1.949,1.0788,0.9705,0.5175,1.0788,0.7705,1.3257,0.0,12.0,4.249,9.344229698181152,1.6195321083068848,-41.91,0,1,180,1.555,0.9902,1.0,0.8752,0.2971,0.3,0.3501,9993.4737,0.907
208.702,5,NAVIGATE,-3.7295,10.0763,-1.9436,1.0816,0.96,0.5133,1.0816,0.76,1.3219,0.0,12.0,4.1964,9.3189115524292,1.5691523551940918,-44.42,0,1,180,2.267,0.9907,1.0,0.8731,0.2972,0.3,0.3492,9993.8054,0.9219
208.751,5,NAVIGATE,-3.6821,10.1235,-1.9385,1.0852,0.9474,0.5083,1.0852,0.7474,1.3177,0.0,12.0,4.1327,9.30512523651123,1.5423972606658936,-45.67,0,1,180,1.626,0.9913,1.0,0.8708,0.2974,0.3,0.3483,9994.201,0.9235
208.802,5,NAVIGATE,-3.6326,10.1703,-1.9343,1.0894,0.9346,0.5034,1.0894,0.7346,1.314,0.0,12.0,4.0673,9.294964790344238,1.5200220346450806,-46.92,0,1,180,1.698,0.992,1.0,0.869,0.2976,0.3,0.3476,9994.5924,0.9125
208.851,5,NAVIGATE,-3.5908,10.2087,-1.9317,1.0931,0.9237,0.4994,1.0931,0.7237,1.3109,0.0,12.0,4.0128,9.268744468688965,1.4761499166488647,-49.92,0,1,180,1.78,0.9926,1.0,0.8674,0.2978,0.3,0.347,9994.8977,0.9076
208.902,5,NAVIGATE,-3.5497,10.2465,-1.9308,1.0964,0.9124,0.4955,1.0964,0.7124,1.3075,0.0,12.0,3.9592,9.256126403808594,1.4529229402542114,-51.42,0,1,180,2.294,0.9931,1.0,0.8657,0.2979,0.3,0.3463,9995.1697,0.9044
208.951,5,NAVIGATE,-3.5015,10.2912,-1.9321,1.1,0.8982,0.4909,1.1,0.6982,1.3028,0.0,12.0,3.8962,9.247724533081055,1.4344758987426758,-52.67,0,1,180,1.873,0.9938,1.0,0.8632,0.2981,0.3,0.3453,9995.4491,0.9024
209.002,5,NAVIGATE,-3.4524,10.335,-1.9337,1.1037,0.8839,0.4863,1.1037,0.6839,1.2984,0.0,12.0,3.8329,9.224442481994629,1.395308017730713,-55.93,0,1,180,1.874,0.9945,1.0,0.8608,0.2983,0.3,0.3443,9995.6821,0.907
209.051,5,NAVIGATE,-3.4092,10.3706,-1.9324,1.1074,0.8717,0.4825,1.1074,0.6717,1.2952,0.0,12.0,3.7786,9.213638305664062,1.3783890008926392,-57.43,0,1,180,1.698,0.9951,1.0,0.8592,0.2985,0.3,0.3437,9995.8406,0.9155
209.103,5,NAVIGATE,-3.3558,10.4125,-1.9293,1.1123,0.8571,0.4779,1.1123,0.6571,1.2919,0.0,12.0,3.7123,9.206047058105469,1.363900065422058,-58.93,0,1,180,2.532,0.9958,1.0,0.8577,0.2987,0.3,0.3431,9996.3012,0.9156
209.151,5,NAVIGATE,-3.3111,10.4467,-1.9275,1.1164,0.8449,0.474,1.1164,0.6449,1.2893,0.0,12.0,3.6573,9.186243057250977,1.3325531482696533,-62.43,0,1,180,1.929,0.9964,1.0,0.8564,0.2989,0.3,0.3426,9996.6595,0.9239
209.201,5,NAVIGATE,-3.2654,10.48,-1.9243,1.1207,0.8325,0.4701,1.1207,0.6325,1.2868,0.0,12.0,3.6018,9.180486679077148,1.3228038549423218,-64.18,0,1,180,1.57,0.9969,1.0,0.8553,0.2991,0.3,0.3421,9996.9711,0.9267
209.251,5,NAVIGATE,-3.2098,10.519,-1.9201,1.1259,0.8177,0.4655,1.1259,0.6177,1.2842,0.0,12.0,3.535,9.173017501831055,1.3119621276855469,-65.94,0,1,180,1.774,0.9976,1.0,0.8541,0.2993,0.3,0.3416,9997.2346,0.9248
209.301,5,NAVIGATE,-3.1634,10.551,-1.9175,1.1302,0.8053,0.4616,1.1302,0.6053,1.282,0.0,12.0,3.4795,9.156394958496094,1.294464349746704,-69.44,0,1,180,1.667,0.9981,1.0,0.853,0.2994,0.3,0.3412,9997.3248,0.9316
209.351,5,NAVIGATE,-3.1163,10.5841,-1.9189,1.1348,0.7938,0.4578,1.1348,0.5938,1.2808,0.0,12.0,3.4229,9.151220321655273,1.2870436906814575,-71.19,0,1,180,1.81,0.9985,1.0,0.8525,0.2995,0.3,0.341,9997.6856,0.9379
209.401,5,NAVIGATE,-3.0596,10.6234,-1.9218,1.1403,0.7802,0.4534,1.1403,0.5802,1.2794,0.0,12.0,3.355,9.143454551696777,1.2792341709136963,-72.94,0,1,180,1.687,0.9989,1.0,0.852,0.2997,0.3,0.3408,9998.1544,0.9471
209.451,5,NAVIGATE,-3.0123,10.6556,-1.9245,1.1447,0.7687,0.4497,1.1447,0.5687,1.2782,0.0,12.0,3.2987,9.13702392578125,1.272382140159607,-74.94,0,1,180,1.847,0.9991,1.0,0.8514,0.2997,0.3,0.3406,9998.389,0.9394
209.501,5,NAVIGATE,-2.9652,10.6874,-1.9285,1.1492,0.757,0.4461,1.2492,0.557,1.3677,0.0,12.0,3.2427,9.124250411987305,1.269690990447998,-78.7,0,1,180,1.686,1.0,1.0,0.9118,0.3,0.3,0.3647,9999.4604,0.9412
209.551,5,NAVIGATE,-2.9086,10.7248,-1.9334,1.1542,0.7428,0.4419,1.2542,0.5428,1.3666,0.0,12.0,3.1759,9.117724418640137,1.2691386938095093,-80.45,0,1,180,1.743,1.0,1.0,0.9111,0.3,0.3,0.3644,9998.8157,0.9499
209.602,5,NAVIGATE,-2.8614,10.7552,-1.9374,1.1578,0.7307,0.4385,1.1578,0.5307,1.2736,0.0,12.0,3.1205,9.111353874206543,1.265173077583313,-82.45,0,1,180,1.978,0.9998,1.0,0.8489,0.2999,0.3,0.3396,9998.8985,0.9665
209.652,5,NAVIGATE,-2.8074,10.7929,-1.9429,1.1639,0.7167,0.4347,1.1639,0.5167,1.2734,0.0,12.0,3.0559,9.098347663879395,1.2753657102584839,-85.95,0,1,180,2.304,0.9999,1.0,0.8489,0.3,0.3,0.3396,9999.4149,0.9804
209.701,5,NAVIGATE,-2.7528,10.8294,-1.948,1.1723,0.7025,0.4308,1.1723,0.5025,1.2755,0.0,12.0,2.9913,9.092033386230469,1.2783780097961426,-87.96,0,1,180,1.647,1.0,1.0,0.8503,0.3,0.3,0.3401,9999.0715,0.9899
209.751,5,NAVIGATE,-2.7068,10.8596,-1.952,1.1785,0.6905,0.4275,1.2785,0.4905,1.3694,0.0,12.0,2.9372,9.083106994628906,1.281233310699463,-89.96,0,1,180,1.602,0.9995,1.0,0.9124,0.2998,0.3,0.365,9998.6461,0.9985
209.801,5,NAVIGATE,-2.6608,10.8908,-1.9559,1.1835,0.6794,0.4242,1.1835,0.4794,1.2769,0.0,12.0,2.8827,9.075790405273438,1.2954694032669067,-93.46,0,1,180,1.562,0.9999,1.0,0.8512,0.3,0.3,0.3405,9998.9877,1.0249
209.852,5,NAVIGATE,-2.6051,10.9271,-1.9604,1.1885,0.6656,0.4203,1.1885,0.4656,1.2764,0.0,12.0,2.8174,9.070560455322266,1.3052791357040405,-94.96,0,1,180,1.867,0.9999,1.0,0.8508,0.3,0.3,0.3403,9999.2819,1.0392
209.901,5,NAVIGATE,-2.5587,10.9562,-1.9636,1.1939,0.6541,0.417,1.2939,0.5541,1.4076,0.0,12.0,2.7634,9.06873607635498,1.314609169960022,-96.96,0,1,180,1.716,0.9999,1.0,0.9382,0.3,0.3,0.3753,9999.2017,1.0755
209.951,5,NAVIGATE,-2.5135,10.9836,-1.9659,1.1981,0.6416,0.4136,1.2981,0.5416,1.4066,0.0,12.0,2.7112,9.057785987854004,1.3364754915237427,-100.22,0,1,180,1.707,0.9999,1.0,0.9377,0.3,0.3,0.3751,9998.8425,1.1098
210.001,5,NAVIGATE,-2.4586,11.0155,-1.9686,1.2022,0.6261,0.4096,1.4022,0.5261,1.4977,0.0,12.0,2.6484,9.054496765136719,1.3498103618621826,-101.97,0,1,180,1.557,0.9998,1.0,0.9982,0.2999,0.3,0.3993,9999.2439,1.1255
210.051,5,NAVIGATE,-2.4031,11.0467,-1.971,1.2086,0.6133,0.4057,1.3086,0.5133,1.4057,0.0,12.0,2.5853,9.053555488586426,1.3629816770553589,-103.47,0,1,180,1.731,1.0,1.0,0.9371,0.3,0.3,0.3748,9999.346,1.1474
210.101,5,NAVIGATE,-2.3565,11.0723,-1.9729,1.2153,0.6047,0.4025,1.3153,0.5047,1.4088,0.0,12.0,2.5325,9.050423622131348,1.392307162284851,-106.47,0,1,180,1.759,1.0,1.0,0.9392,0.3,0.3,0.3757,9999.6865,1.1855
210.151,5,NAVIGATE,-2.2997,11.1023,-1.9749,1.2272,0.5961,0.3988,1.0272,0.3961,1.1009,0.0,12.0,2.4687,9.048543930053711,1.4102011919021606,-108.23,0,1,180,1.784,1.0,1.0,0.734,0.3,0.3,0.2936,9999.1242,1.1839
210.201,5,NAVIGATE,-2.2503,11.1275,-1.9755,1.2385,0.5899,0.3956,1.2385,0.4899,1.3319,0.0,12.0,2.4136,9.045388221740723,1.4279484748840332,-108.98,0,1,180,1.553,1.0,1.0,0.8879,0.3,0.3,0.3552,9999.6026,1.2252
210.251,5,NAVIGATE,-2.1996,11.1526,-1.9755,1.251,0.5843,0.3923,1.251,0.4843,1.3415,0.0,12.0,2.3571,9.04578685760498,1.4631133079528809,-111.48,0,1,180,1.854,1.0,1.0,0.8943,0.3,0.3,0.3577,9999.265,1.263
210.301,5,NAVIGATE,-2.1384,11.1821,-1.9758,1.2571,0.5743,0.3884,1.3571,0.4743,1.4376,0.0,12.0,2.2894,9.045806884765625,1.4812935590744019,-111.23,0,1,180,1.788,0.9996,1.0,0.958,0.2999,0.3,0.3832,9999.2619,1.2792
210.351,5,NAVIGATE,-2.0764,11.2098,-1.9756,1.2605,0.5638,0.3848,1.1605,0.4638,1.2498,0.0,12.0,2.2217,9.046503067016602,1.5040993690490723,-111.23,0,1,180,1.732,0.9999,1.0,0.8331,0.3,0.3,0.3332,9999.2853,1.2985
210.401,5,NAVIGATE,-2.0246,11.2321,-1.9755,1.2632,0.5554,0.382,1.2632,0.4554,1.3428,0.0,12.0,2.1654,9.048022270202637,1.5419321060180664,-110.98,0,1,180,1.637,0.9999,1.0,0.895,0.3,0.3,0.358,9999.4475,1.3328
210.451,5,NAVIGATE,-1.9728,11.254,-1.9755,1.2686,0.5475,0.3793,1.3686,0.5475,1.4741,0.0,12.0,2.1092,9.04686450958252,1.5591834783554077,-110.48,0,1,180,1.745,0.9998,1.0,0.9825,0.2999,0.3,0.393,9999.3706,1.3701
210.501,5,NAVIGATE,-1.9119,11.2784,-1.9783,1.2718,0.5374,0.376,1.3718,0.5374,1.4733,0.0,12.0,2.0435,9.045272827148438,1.579163670539856,-109.98,0,1,180,1.714,0.9999,1.0,0.9821,0.3,0.3,0.3929,9999.6544,1.3868
210.551,5,NAVIGATE,-1.8612,11.2983,-1.9809,1.2738,0.5288,0.3735,1.1738,0.4288,1.2497,0.0,12.0,1.9891,9.041845321655273,1.6139965057373047,-111.98,0,1,180,1.537,0.9999,1.0,0.8331,0.3,0.3,0.3332,9999.5194,1.4015
210.601,5,NAVIGATE,-1.8001,11.322,-1.9838,1.2797,0.5214,0.3706,1.2797,0.5214,1.3819,0.0,12.0,1.9236,9.039836883544922,1.6330009698867798,-112.73,0,1,180,1.737,0.9996,1.0,0.9209,0.2999,0.3,0.3684,9999.3556,1.4366
210.651,5,NAVIGATE,-1.7484,11.3421,-1.9868,1.2869,0.5173,0.3683,1.0869,0.4173,1.1643,0.0,12.0,1.8681,9.033113479614258,1.651720404624939,-111.98,0,1,180,1.828,1.0,1.0,0.7762,0.3,0.3,0.3105,9999.5294,1.4346
210.701,5,NAVIGATE,-1.6964,11.3621,-1.9895,1.291,0.5122,0.3661,1.391,0.5122,1.4823,0.0,12.0,1.8124,9.025172233581543,1.6861238479614258,-110.73,0,1,180,1.612,1.0,1.0,0.9881,0.3,0.3,0.3953,9999.6232,1.4879
210.751,5,NAVIGATE,-1.6338,11.3853,-1.9919,1.2952,0.507,0.3637,1.3952,0.507,1.4844,0.0,12.0,1.7456,9.01734447479248,1.7018901109695435,-111.23,0,1,180,1.685,0.9999,1.0,0.9896,0.3,0.3,0.3958,9999.576,1.5051
210.801,5,NAVIGATE,-1.5811,11.4024,-1.9922,1.2957,0.5012,0.3619,1.2957,0.5012,1.3892,0.0,12.0,1.6903,9.00963020324707,1.7218626737594604,-109.23,0,1,180,1.537,1.0,1.0,0.9261,0.3,0.3,0.3705,9999.6239,1.5235
210.852,5,NAVIGATE,-1.5284,11.4196,-1.9925,1.2988,0.4966,0.3604,1.2988,0.4966,1.3905,0.0,12.0,1.6349,8.99793529510498,1.7376734018325806,-109.23,0,1,180,2.443,1.0,1.0,0.927,0.3,0.3,0.3708,9999.5516,1.5376
210.901,5,NAVIGATE,-1.4654,11.4401,-1.9923,1.3058,0.4922,0.3588,1.2058,0.4922,1.3024,0.0,12.0,1.5687,8.969246864318848,1.7713215351104736,-110.98,0,1,180,1.617,0.9997,1.0,0.868,0.2999,0.3,0.3472,9999.481,1.569
210.951,5,NAVIGATE,-1.4042,11.4596,-1.9903,1.3123,0.4882,0.3574,1.4123,0.4882,1.4943,0.0,12.0,1.5046,8.953030586242676,1.7885252237319946,-110.23,0,1,180,1.554,0.9994,1.0,0.9956,0.2998,0.3,0.3982,9999.3946,1.5872
211.002,5,NAVIGATE,-1.3527,11.4761,-1.9888,1.3169,0.4852,0.3563,1.3169,0.4852,1.4034,0.0,12.0,1.4506,8.935599327087402,1.805044174194336,-110.98,0,1,180,1.978,0.9999,1.0,0.9355,0.3,0.3,0.3742,9999.448,1.6026
211.051,5,NAVIGATE,-1.3009,11.4926,-1.9876,1.3187,0.4823,0.3555,1.3187,0.4823,1.4041,0.0,12.0,1.3964,8.893871307373047,1.8388550281524658,-109.98,0,1,180,1.719,0.9998,1.0,0.9359,0.2999,0.3,0.3743,9999.6274,1.6366
211.101,5,NAVIGATE,-1.2383,11.5116,-1.9861,1.3236,0.4791,0.355,1.2236,0.4791,1.3141,0.0,12.0,1.3311,8.867552757263184,1.857222318649292,-110.48,0,1,180,1.687,1.0,1.0,0.876,0.3,0.3,0.3504,9999.8014,1.655
211.152,5,NAVIGATE,-1.1858,11.5278,-1.9851,1.328,0.4764,0.3548,1.228,0.4764,1.3171,0.0,12.0,1.2764,8.839834213256836,1.8729066848754883,-111.48,0,1,180,2.075,1.0,1.0,0.8781,0.3,0.3,0.3512,9999.5055,1.6716
211.202,5,NAVIGATE,-1.1232,11.5477,-1.9856,1.3331,0.4732,0.355,1.1331,0.4732,1.2279,0.0,12.0,1.2108,8.77632999420166,1.9056459665298462,-109.73,0,1,180,1.611,0.9999,1.0,0.8185,0.3,0.3,0.3274,9999.7328,1.7046
211.251,5,NAVIGATE,-1.0608,11.5681,-1.9875,1.3353,0.4698,0.3556,1.3353,0.5698,1.4518,0.0,12.0,1.1453,8.736665725708008,1.92485773563385,-111.98,0,1,180,1.763,0.9999,1.0,0.9677,0.3,0.3,0.3871,9999.4334,1.7486
211.301,5,NAVIGATE,-1.0085,11.5852,-1.989,1.3348,0.4669,0.3563,1.2348,0.4669,1.3201,0.0,12.0,1.0905,8.69976806640625,1.9404767751693726,-108.98,0,1,180,1.586,0.9996,1.0,0.8797,0.2999,0.3,0.3519,9999.3047,1.7479
211.351,5,NAVIGATE,-0.9485,11.606,-1.9923,1.3286,0.4633,0.3575,1.2286,0.4633,1.3131,0.0,12.0,1.0271,8.618303298950195,1.9734135866165161,-111.23,0,1,180,1.655,0.9995,1.0,0.8749,0.2998,0.3,0.35,9999.2979,1.7837
211.402,5,NAVIGATE,-0.8993,11.6235,-1.9953,1.325,0.4627,0.3589,1.125,0.4627,1.2165,0.0,12.0,0.9749,8.566048622131348,1.9931244850158691,-112.73,0,1,180,1.916,1.0,1.0,0.811,0.3,0.3,0.3244,9999.6944,1.8058
211.452,5,NAVIGATE,-0.8497,11.641,-1.998,1.3216,0.4624,0.3607,1.1216,0.4624,1.2132,0.0,12.0,0.9224,8.51840877532959,2.012369394302368,-114.23,0,1,180,1.73,1.0,1.0,0.8087,0.3,0.3,0.3235,9999.218,1.8298
211.501,5,NAVIGATE,-0.7906,11.6625,-2.0009,1.3177,0.4614,0.3633,1.3177,0.5614,1.4323,0.0,12.0,0.8596,8.411771774291992,2.051835060119629,-116.23,0,1,180,1.563,1.0,1.0,0.9549,0.3,0.3,0.382,9999.4088,1.9098
211.552,5,NAVIGATE,-0.7314,11.684,-2.0035,1.3106,0.4593,0.3663,1.2106,0.5593,1.3336,0.0,12.0,0.7968,8.346073150634766,2.073345422744751,-117.48,0,1,180,1.954,0.9997,1.0,0.8888,0.2999,0.3,0.3555,9999.2348,1.9357
211.601,5,NAVIGATE,-0.6819,11.7019,-2.0054,1.3031,0.4571,0.369,1.1031,0.4571,1.1941,0.0,12.0,0.7443,8.287080764770508,2.0955936908721924,-118.99,0,1,180,1.703,0.9998,1.0,0.7959,0.2999,0.3,0.3184,9999.1929,1.9267
211.651,5,NAVIGATE,-0.6223,11.7229,-2.0065,1.2989,0.4568,0.3725,1.0989,0.4568,1.1901,0.0,12.0,0.6812,8.164697647094727,2.1405858993530273,-120.99,0,1,180,1.742,0.9997,1.0,0.7931,0.2999,0.3,0.3173,9999.0397,1.9836
211.702,5,NAVIGATE,-0.5723,11.7406,-2.0071,1.2962,0.4582,0.3757,1.2962,0.6582,1.4537,0.0,12.0,0.6284,8.09504508972168,2.16658616065979,-122.24,0,1,180,1.834,0.999,1.0,0.9682,0.2997,0.3,0.3873,9998.5132,1.9245
211.751,5,NAVIGATE,-0.5223,11.7583,-2.0075,1.2914,0.4587,0.3791,1.2914,0.5587,1.407,0.0,12.0,0.5755,8.031192779541016,2.1936373710632324,-123.74,0,1,180,1.781,0.9997,1.0,0.9377,0.2999,0.3,0.3751,9998.7908,2.0741
211.802,5,NAVIGATE,-0.463,11.7805,-2.0049,1.2825,0.4582,0.3834,1.1825,0.5582,1.3077,0.0,12.0,0.5124,7.896728515625,2.241248607635498,-125.49,0,1,180,1.966,1.0,1.0,0.8718,0.3,0.3,0.3487,9998.7428,2.1241
211.899,5,HOLD,-0.3537,11.8215,-2.001,1.2779,0.4657,0.3921,0.0,0.0,0.0,-0.40371614694595337,11.802769660949707,0.0535,7.819783687591553,2.270933151245117,-126.74,0,,0,0.0,,,,,,,,
211.949,5,HOLD,-0.2926,11.8443,-1.9987,1.2815,0.4725,0.3973,0.0,0.0,0.0,-0.40371614694595337,11.802769660949707,0.1187,7.819783687591553,2.270933151245117,-126.74,0,,0,0.0,,,,,,,,
212.0,5,HOLD,-0.2413,11.8636,-1.9967,1.2845,0.4792,0.4016,0.0,0.0,0.0,-0.40371614694595337,11.802769660949707,0.1734,7.819783687591553,2.270933151245117,-126.74,0,,0,0.0,,,,,,,,
212.049,5,HOLD,-0.1787,11.8895,-1.9965,1.2539,0.4738,0.4063,0.0,0.0,0.0,-0.40371614694595337,11.802769660949707,0.2412,7.819783687591553,2.270933151245117,-126.74,0,,0,0.0,,,,,,,,
212.1,5,HOLD,-0.1268,11.9124,-1.998,1.2028,0.4574,0.4094,0.0,0.0,0.0,-0.40371614694595337,11.802769660949707,0.2978,7.819783687591553,2.270933151245117,-126.74,0,,0,0.0,,,,,,,,
212.149,5,HOLD,-0.0681,11.9382,-2.0007,1.1186,0.4257,0.4123,0.0,0.0,0.0,-0.40371614694595337,11.802769660949707,0.3619,7.819783687591553,2.270933151245117,-126.74,0,,0,0.0,,,,,,,,
212.2,5,HOLD,-0.0248,11.9574,-2.0024,1.0366,0.3932,0.414,0.0,0.0,0.0,-0.40371614694595337,11.802769660949707,0.4093,7.819783687591553,2.270933151245117,-126.74,0,,0,0.0,,,,,,,,
212.249,5,HOLD,0.0214,11.9779,-2.0037,0.9325,0.3507,0.4151,0.0,0.0,0.0,-0.40371614694595337,11.802769660949707,0.4598,7.819783687591553,2.270933151245117,-126.74,0,,0,0.0,,,,,,,,
212.299,5,HOLD,0.0562,11.9932,-2.0045,0.8455,0.3146,0.4154,0.0,0.0,0.0,-0.40371614694595337,11.802769660949707,0.4978,7.819783687591553,2.270933151245117,-126.74,0,,0,0.0,,,,,,,,
212.349,5,HOLD,0.0864,12.0074,-2.0052,0.7595,0.2792,0.4153,0.0,0.0,0.0,-0.40371614694595337,11.802769660949707,0.5311,7.819783687591553,2.270933151245117,-126.74,0,,0,0.0,,,,,,,,
212.4,5,HOLD,0.1181,12.0224,-2.0057,0.66,0.2385,0.4145,0.0,0.0,0.0,-0.40371614694595337,11.802769660949707,0.5662,7.819783687591553,2.270933151245117,-126.74,0,,0,0.0,,,,,,,,
212.449,5,HOLD,0.1413,12.0333,-2.0059,0.5808,0.2061,0.4135,0.0,0.0,0.0,-0.40371614694595337,11.802769660949707,0.5917,7.819783687591553,2.270933151245117,-126.74,0,,0,0.0,,,,,,,,
212.5,5,HOLD,0.1639,12.0453,-2.0034,0.4899,0.1695,0.412,0.0,0.0,0.0,-0.40371614694595337,11.802769660949707,0.6173,7.819783687591553,2.270933151245117,-126.74,0,,0,0.0,,,,,,,,
212.549,5,HOLD,0.1796,12.0539,-2.0011,0.4179,0.1405,0.4105,0.0,0.0,0.0,-0.40371614694595337,11.802769660949707,0.6351,7.819783687591553,2.270933151245117,-126.74,0,,0,0.0,,,,,,,,
212.599,5,HOLD,0.1952,12.0623,-1.9986,0.3358,0.1073,0.4087,0.0,0.0,0.0,-0.40371614694595337,11.802769660949707,0.6527,7.819783687591553,2.270933151245117,-126.74,0,,0,0.0,,,,,,,,
212.649,5,HOLD,0.2063,12.0697,-1.9938,0.271,0.0816,0.4071,0.0,0.0,0.0,-0.40371614694595337,11.802769660949707,0.6658,7.819783687591553,2.270933151245117,-126.74,0,,0,0.0,,,,,,,,
212.699,5,HOLD,0.2149,12.0757,-1.9897,0.2093,0.0567,0.4054,0.0,0.0,0.0,-0.40371614694595337,11.802769660949707,0.6761,7.819783687591553,2.270933151245117,-126.74,0,,0,0.0,,,,,,,,
212.749,5,HOLD,0.2216,12.0809,-1.9857,0.139,0.0281,0.4034,0.0,0.0,0.0,-0.40371614694595337,11.802769660949707,0.6844,7.819783687591553,2.270933151245117,-126.74,0,,0,0.0,,,,,,,,
212.799,5,HOLD,0.2225,12.0838,-1.9842,0.0826,0.005,0.4017,0.0,0.0,0.0,-0.40371614694595337,11.802769660949707,0.6864,7.819783687591553,2.270933151245117,-126.74,0,,0,0.0,,,,,,,,
212.849,5,HOLD,0.2212,12.0856,-1.9828,0.0193,-0.0215,0.3997,0.0,0.0,0.0,-0.40371614694595337,11.802769660949707,0.686,7.819783687591553,2.270933151245117,-126.74,0,,0,0.0,,,,,,,,
212.9,5,HOLD,0.2176,12.0862,-1.9813,-0.0303,-0.0423,0.398,0.0,0.0,0.0,-0.40371614694595337,11.802769660949707,0.6829,7.819783687591553,2.270933151245117,-126.74,0,,0,0.0,,,,,,,,
212.949,5,HOLD,0.2097,12.0866,-1.9777,-0.0779,-0.0618,0.3963,0.0,0.0,0.0,-0.40371614694595337,11.802769660949707,0.6759,7.819783687591553,2.270933151245117,-126.74,0,,0,0.0,,,,,,,,
212.999,5,HOLD,0.1987,12.0857,-1.9742,-0.1306,-0.0839,0.3945,0.0,0.0,0.0,-0.40371614694595337,11.802769660949707,0.6656,7.819783687591553,2.270933151245117,-126.74,0,,0,0.0,,,,,,,,
213.049,5,HOLD,0.1887,12.0835,-1.9722,-0.1709,-0.1015,0.393,0.0,0.0,0.0,-0.40371614694595337,11.802769660949707,0.6556,7.819783687591553,2.270933151245117,-126.74,0,,0,0.0,,,,,,,,
213.1,5,HOLD,0.1758,12.0791,-1.9711,-0.2148,-0.1217,0.3914,0.0,0.0,0.0,-0.40371614694595337,11.802769660949707,0.6421,7.819783687591553,2.270933151245117,-126.74,0,,0,0.0,,,,,,,,
213.15,5,HOLD,0.1639,12.0747,-1.9706,-0.2478,-0.1372,0.3902,0.0,0.0,0.0,-0.40371614694595337,11.802769660949707,0.6294,7.819783687591553,2.270933151245117,-126.74,0,,0,0.0,,,,,,,,
213.199,5,HOLD,0.1503,12.0694,-1.9693,-0.2779,-0.1516,0.389,0.0,0.0,0.0,-0.40371614694595337,11.802769660949707,0.6149,7.819783687591553,2.270933151245117,-126.74,0,,0,0.0,,,,,,,,
213.249,5,HOLD,0.1318,12.0621,-1.9664,-0.3106,-0.1674,0.3877,0.0,0.0,0.0,-0.40371614694595337,11.802769660949707,0.595,7.819783687591553,2.270933151245117,-126.74,0,,0,0.0,,,,,,,,
213.299,5,HOLD,0.1124,12.0539,-1.9643,-0.3393,-0.1815,0.3865,0.0,0.0,0.0,-0.40371614694595337,11.802769660949707,0.5739,7.819783687591553,2.270933151245117,-126.74,0,,0,0.0,,,,,,,,
213.349,5,HOLD,0.0951,12.0486,-1.9641,-0.3605,-0.1913,0.3857,0.0,0.0,0.0,-0.40371614694595337,11.802769660949707,0.5561,7.819783687591553,2.270933151245117,-126.74,0,,0,0.0,,,,,,,,
213.4,5,HOLD,0.0771,12.0439,-1.9649,-0.3791,-0.1994,0.3851,0.0,0.0,0.0,-0.40371614694595337,11.802769660949707,0.5379,7.819783687591553,2.270933151245117,-126.74,0,,0,0.0,,,,,,,,
213.449,5,HOLD,0.0551,12.0374,-1.9661,-0.3982,-0.2079,0.3845,0.0,0.0,0.0,-0.40371614694595337,11.802769660949707,0.5153,7.819783687591553,2.270933151245117,-126.74,0,,0,0.0,,,,,,,,
213.5,5,HOLD,0.0337,12.0317,-1.9675,-0.4122,-0.2141,0.3841,0.0,0.0,0.0,-0.40371614694595337,11.802769660949707,0.4937,7.819783687591553,2.270933151245117,-126.74,0,,0,0.0,,,,,,,,
213.549,5,HOLD,0.0076,12.0242,-1.9693,-0.4263,-0.2206,0.3838,0.0,0.0,0.0,-0.40371614694595337,11.802769660949707,0.4671,7.819783687591553,2.270933151245117,-126.74,0,,0,0.0,,,,,,,,
213.6,5,HOLD,-0.014,12.0174,-1.9708,-0.4355,-0.2253,0.3837,0.0,0.0,0.0,-0.40371614694595337,11.802769660949707,0.4449,7.819783687591553,2.270933151245117,-126.74,0,,0,0.0,,,,,,,,
213.649,5,HOLD,-0.0361,12.0081,-1.9729,-0.4426,-0.2306,0.3836,0.0,0.0,0.0,-0.40371614694595337,11.802769660949707,0.4211,7.819783687591553,2.270933151245117,-126.74,0,,0,0.0,,,,,,,,
213.699,5,HOLD,-0.0541,11.9999,-1.9746,-0.446,-0.2344,0.3836,0.0,0.0,0.0,-0.40371614694595337,11.802769660949707,0.4013,7.819783687591553,2.270933151245117,-126.74,0,,0,0.0,,,,,,,,
213.749,5,HOLD,-0.0757,11.9896,-1.9766,-0.4479,-0.2382,0.3836,0.0,0.0,0.0,-0.40371614694595337,11.802769660949707,0.3775,7.819783687591553,2.270933151245117,-126.74,0,,0,0.0,,,,,,,,
213.799,5,HOLD,-0.0925,11.9822,-1.9758,-0.447,-0.2403,0.3838,0.0,0.0,0.0,-0.40371614694595337,11.802769660949707,0.3593,7.819783687591553,2.270933151245117,-126.74,0,,0,0.0,,,,,,,,
213.849,5,HOLD,-0.1125,11.9729,-1.975,-0.4444,-0.242,0.384,0.0,0.0,0.0,-0.40371614694595337,11.802769660949707,0.3372,7.819783687591553,2.270933151245117,-126.74,0,,0,0.0,,,,,,,,
213.899,5,HOLD,-0.1291,11.9647,-1.975,-0.441,-0.2428,0.3841,0.0,0.0,0.0,-0.40371614694595337,11.802769660949707,0.3188,7.819783687591553,2.270933151245117,-126.74,0,,0,0.0,,,,,,,,
213.949,5,HOLD,-0.1482,11.9544,-1.9767,-0.4354,-0.2432,0.3844,0.0,0.0,0.0,-0.40371614694595337,11.802769660949707,0.2971,7.819783687591553,2.270933151245117,-126.74,0,,0,0.0,,,,,,,,
214.0,5,HOLD,-0.164,11.9457,-1.9781,-0.43,-0.2429,0.3846,0.0,0.0,0.0,-0.40371614694595337,11.802769660949707,0.279,7.819783687591553,2.270933151245117,-126.74,0,,0,0.0,,,,,,,,
214.049,5,HOLD,-0.184,11.9362,-1.9818,-0.4231,-0.241,0.3849,0.0,0.0,0.0,-0.40371614694595337,11.802769660949707,0.257,7.819783687591553,2.270933151245117,-126.74,0,,0,0.0,,,,,,,,
214.099,5,HOLD,-0.2021,11.93,-1.988,-0.4173,-0.2378,0.3851,0.0,0.0,0.0,-0.40371614694595337,11.802769660949707,0.2384,7.819783687591553,2.270933151245117,-126.74,0,,0,0.0,,,,,,,,
214.149,5,HOLD,-0.2197,11.9234,-1.9936,-0.4109,-0.2343,0.3853,0.0,0.0,0.0,-0.40371614694595337,11.802769660949707,0.2201,7.819783687591553,2.270933151245117,-126.74,0,,0,0.0,,,,,,,,
214.2,5,HOLD,-0.2384,11.9147,-1.9981,-0.4013,-0.2299,0.3858,0.0,0.0,0.0,-0.40371614694595337,11.802769660949707,0.1996,7.819783687591553,2.270933151245117,-126.74,0,,0,0.0,,,,,,,,
214.249,5,HOLD,-0.2523,11.9069,-2.0004,-0.3919,-0.226,0.3861,0.0,0.0,0.0,-0.40371614694595337,11.802769660949707,0.1838,7.819783687591553,2.270933151245117,-126.74,0,,0,0.0,,,,,,,,
214.299,5,HOLD,-0.2686,11.8975,-2.0027,-0.3799,-0.2214,0.3865,0.0,0.0,0.0,-0.40371614694595337,11.802769660949707,0.165,7.819783687591553,2.270933151245117,-126.74,0,,0,0.0,,,,,,,,
214.349,5,HOLD,-0.2821,11.89,-2.0018,-0.3692,-0.2172,0.3868,0.0,0.0,0.0,-0.40371614694595337,11.802769660949707,0.1496,7.819783687591553,2.270933151245117,-126.74,0,,0,0.0,,,,,,,,
214.4,5,HOLD,-0.2954,11.8826,-1.9994,-0.3582,-0.2127,0.3871,0.0,0.0,0.0,-0.40371614694595337,11.802769660949707,0.1346,7.819783687591553,2.270933151245117,-126.74,0,,0,0.0,,,,,,,,
214.449,5,HOLD,-0.3108,11.8738,-1.9968,-0.3446,-0.2073,0.3873,0.0,0.0,0.0,-0.40371614694595337,11.802769660949707,0.1169,7.819783687591553,2.270933151245117,-126.74,0,,0,0.0,,,,,,,,
214.499,5,HOLD,-0.3213,11.8658,-1.9946,-0.3322,-0.2028,0.3875,0.0,0.0,0.0,-0.40371614694595337,11.802769660949707,0.1038,7.819783687591553,2.270933151245117,-126.74,0,,0,0.0,,,,,,,,
214.549,5,HOLD,-0.332,11.8559,-1.9922,-0.3166,-0.1974,0.3878,0.0,0.0,0.0,-0.40371614694595337,11.802769660949707,0.0893,7.819783687591553,2.270933151245117,-126.74,0,,0,0.0,,,,,,,,
214.6,5,HOLD,-0.3408,11.8478,-1.9905,-0.3037,-0.1927,0.3879,0.0,0.0,0.0,-0.40371614694595337,11.802769660949707,0.0774,7.819783687591553,2.270933151245117,-126.74,0,,0,0.0,,,,,,,,
214.649,5,HOLD,-0.3549,11.8386,-1.9907,-0.2896,-0.1863,0.388,0.0,0.0,0.0,-0.40371614694595337,11.802769660949707,0.0605,7.819783687591553,2.270933151245117,-126.74,0,,0,0.0,,,,,,,,
214.7,5,HOLD,-0.3667,11.8311,-1.9913,-0.2784,-0.1807,0.388,0.0,0.0,0.0,-0.40371614694595337,11.802769660949707,0.0467,7.819783687591553,2.270933151245117,-126.74,0,,0,0.0,,,,,,,,
214.749,5,HOLD,-0.3801,11.8225,-1.992,-0.2651,-0.1738,0.388,0.0,0.0,0.0,-0.40371614694595337,11.802769660949707,0.0308,7.819783687591553,2.270933151245117,-126.74,0,,0,0.0,,,,,,,,
214.8,5,HOLD,-0.3962,11.8136,-1.9926,-0.2528,-0.1661,0.388,0.0,0.0,0.0,-0.40371614694595337,11.802769660949707,0.0132,7.819783687591553,2.270933151245117,-126.74,0,,0,0.0,,,,,,,,
214.849,5,HOLD,-0.4087,11.8066,-1.9932,-0.2425,-0.1595,0.388,0.0,0.0,0.0,-0.40371614694595337,11.802769660949707,0.0063,7.819783687591553,2.270933151245117,-126.74,0,,0,0.0,,,,,,,,
214.899,5,HOLD,-0.4204,11.7999,-1.9938,-0.2319,-0.153,0.388,0.0,0.0,0.0,-0.40371614694595337,11.802769660949707,0.0169,7.819783687591553,2.270933151245117,-126.74,0,,0,0.0,,,,,,,,
214.949,5,HOLD,-0.4323,11.7925,-1.9883,-0.2183,-0.145,0.3881,0.0,0.0,0.0,-0.40371614694595337,11.802769660949707,0.0304,7.819783687591553,2.270933151245117,-126.74,0,,0,0.0,,,,,,,,
215.0,5,HOLD,-0.4416,11.7866,-1.9844,-0.2067,-0.1383,0.3881,0.0,0.0,0.0,-0.40371614694595337,11.802769660949707,0.0412,7.819783687591553,2.270933151245117,-126.74,0,,0,0.0,,,,,,,,
215.049,5,HOLD,-0.4514,11.7801,-1.9805,-0.1923,-0.1302,0.3883,0.0,0.0,0.0,-0.40371614694595337,11.802769660949707,0.0528,7.819783687591553,2.270933151245117,-126.74,0,,0,0.0,,,,,,,,
215.099,5,HOLD,-0.4583,11.7754,-1.9777,-0.1799,-0.1233,0.3883,0.0,0.0,0.0,-0.40371614694595337,11.802769660949707,0.0611,7.819783687591553,2.270933151245117,-126.74,0,,0,0.0,,,,,,,,
215.149,5,HOLD,-0.466,11.77,-1.9751,-0.1651,-0.1152,0.3884,0.0,0.0,0.0,-0.40371614694595337,11.802769660949707,0.0703,7.819783687591553,2.270933151245117,-126.74,0,,0,0.0,,,,,,,,
215.199,5,HOLD,-0.4712,11.7666,-1.9751,-0.1526,-0.1082,0.3884,0.0,0.0,0.0,-0.40371614694595337,11.802769660949707,0.0766,7.819783687591553,2.270933151245117,-126.74,0,,0,0.0,,,,,,,,
215.25,5,HOLD,-0.4759,11.7639,-1.9781,-0.1375,-0.0993,0.3883,0.0,0.0,0.0,-0.40371614694595337,11.802769660949707,0.082,7.819783687591553,2.270933151245117,-126.74,0,,0,0.0,,,,,,,,
215.299,5,HOLD,-0.4795,11.7617,-1.9805,-0.1256,-0.0923,0.3883,0.0,0.0,0.0,-0.40371614694595337,11.802769660949707,0.0862,7.819783687591553,2.270933151245117,-126.74,0,,0,0.0,,,,,,,,
215.349,5,HOLD,-0.4855,11.7591,-1.9837,-0.1127,-0.0842,0.3884,0.0,0.0,0.0,-0.40371614694595337,11.802769660949707,0.0927,7.819783687591553,2.270933151245117,-126.74,0,,0,0.0,,,,,,,,
215.399,5,HOLD,-0.4907,11.757,-1.9864,-0.1029,-0.0779,0.3884,0.0,0.0,0.0,-0.40371614694595337,11.802769660949707,0.0983,7.819783687591553,2.270933151245117,-126.74,0,,0,0.0,,,,,,,,
215.45,5,HOLD,-0.4964,11.7547,-1.9894,-0.0918,-0.0708,0.3883,0.0,0.0,0.0,-0.40371614694595337,11.802769660949707,0.1044,7.819783687591553,2.270933151245117,-126.74,0,,0,0.0,,,,,,,,
215.499,5,HOLD,-0.5018,11.7531,-1.9898,-0.0832,-0.065,0.3882,0.0,0.0,0.0,-0.40371614694595337,11.802769660949707,0.1099,7.819783687591553,2.270933151245117,-126.74,0,,0,0.0,,,,,,,,
215.549,5,HOLD,-0.5078,11.7513,-1.9898,-0.0733,-0.0584,0.3882,0.0,0.0,0.0,-0.40371614694595337,11.802769660949707,0.1161,7.819783687591553,2.270933151245117,-126.74,0,,0,0.0,,,,,,,,
215.6,5,HOLD,-0.5122,11.7499,-1.99,-0.0651,-0.0533,0.3883,0.0,0.0,0.0,-0.40371614694595337,11.802769660949707,0.1207,7.819783687591553,2.270933151245117,-126.74,0,,0,0.0,,,,,,,,
215.649,5,HOLD,-0.5168,11.7489,-1.9913,-0.0549,-0.0475,0.3883,0.0,0.0,0.0,-0.40371614694595337,11.802769660949707,0.1253,7.819783687591553,2.270933151245117,-126.74,0,,0,0.0,,,,,,,,
215.699,5,HOLD,-0.5201,11.7481,-1.9925,-0.0464,-0.043,0.3884,0.0,0.0,0.0,-0.40371614694595337,11.802769660949707,0.1285,7.819783687591553,2.270933151245117,-126.74,0,,0,0.0,,,,,,,,
215.749,5,HOLD,-0.5237,11.7472,-1.9948,-0.0367,-0.038,0.3884,0.0,0.0,0.0,-0.40371614694595337,11.802769660949707,0.1322,7.819783687591553,2.270933151245117,-126.74,0,,0,0.0,,,,,,,,
215.8,5,HOLD,-0.528,11.7462,-1.9998,-0.0294,-0.0342,0.3884,0.0,0.0,0.0,-0.40371614694595337,11.802769660949707,0.1365,7.819783687591553,2.270933151245117,-126.74,0,,0,0.0,,,,,,,,
215.849,5,HOLD,-0.5322,11.745,-2.0051,-0.021,-0.0299,0.3884,0.0,0.0,0.0,-0.40371614694595337,11.802769660949707,0.1408,7.819783687591553,2.270933151245117,-126.74,0,,0,0.0,,,,,,,,
215.899,5,HOLD,-0.5353,11.7441,-2.0082,-0.0143,-0.0266,0.3883,0.0,0.0,0.0,-0.40371614694595337,11.802769660949707,0.1441,7.819783687591553,2.270933151245117,-126.74,0,,0,0.0,,,,,,,,
215.949,5,HOLD,-0.539,11.743,-2.0077,-0.008,-0.0238,0.3882,0.0,0.0,0.0,-0.40371614694595337,11.802769660949707,0.1479,7.819783687591553,2.270933151245117,-126.74,0,,0,0.0,,,,,,,,
215.999,5,HOLD,-0.5425,11.7418,-2.0072,-0.0006,-0.0206,0.3881,0.0,0.0,0.0,-0.40371614694595337,11.802769660949707,0.1516,7.819783687591553,2.270933151245117,-126.74,0,,0,0.0,,,,,,,,
216.049,5,HOLD,-0.5449,11.7412,-2.0071,0.0056,-0.0179,0.388,0.0,0.0,0.0,-0.40371614694595337,11.802769660949707,0.154,7.819783687591553,2.270933151245117,-126.74,0,,0,0.0,,,,,,,,
216.1,5,HOLD,-0.5472,11.7419,-2.0083,0.0119,-0.0145,0.3879,0.0,0.0,0.0,-0.40371614694595337,11.802769660949707,0.1558,7.819783687591553,2.270933151245117,-126.74,0,,0,0.0,,,,,,,,
216.149,5,HOLD,-0.5491,11.7427,-2.0095,0.0194,-0.0107,0.3878,0.0,0.0,0.0,-0.40371614694595337,11.802769660949707,0.1573,7.819783687591553,2.270933151245117,-126.74,0,,0,0.0,,,,,,,,
216.2,5,HOLD,-0.551,11.7447,-2.0113,0.0264,-0.0066,0.3878,0.0,0.0,0.0,-0.40371614694595337,11.802769660949707,0.1584,7.819783687591553,2.270933151245117,-126.74,0,,0,0.0,,,,,,,,
216.249,5,HOLD,-0.5526,11.7471,-2.013,0.032,-0.0032,0.3877,0.0,0.0,0.0,-0.40371614694595337,11.802769660949707,0.159,7.819783687591553,2.270933151245117,-126.74,0,,0,0.0,,,,,,,,
216.3,5,HOLD,-0.5538,11.7497,-2.0149,0.0384,0.0006,0.3877,0.0,0.0,0.0,-0.40371614694595337,11.802769660949707,0.1592,7.819783687591553,2.270933151245117,-126.74,0,,0,0.0,,,,,,,,
216.349,5,HOLD,-0.554,11.7496,-2.0154,0.0452,0.0028,0.3877,0.0,0.0,0.0,-0.40371614694595337,11.802769660949707,0.1594,7.819783687591553,2.270933151245117,-126.74,0,,0,0.0,,,,,,,,
216.4,5,HOLD,-0.5537,11.7488,-2.0154,0.0496,0.0037,0.3877,0.0,0.0,0.0,-0.40371614694595337,11.802769660949707,0.1594,7.819783687591553,2.270933151245117,-126.74,0,,0,0.0,,,,,,,,
216.449,5,HOLD,-0.5526,11.7477,-2.0153,0.0561,0.0047,0.3878,0.0,0.0,0.0,-0.40371614694595337,11.802769660949707,0.1588,7.819783687591553,2.270933151245117,-126.74,0,,0,0.0,,,,,,,,
216.5,5,HOLD,-0.5488,11.746,-2.0166,0.063,0.0054,0.3879,0.0,0.0,0.0,-0.40371614694595337,11.802769660949707,0.1558,7.819783687591553,2.270933151245117,-126.74,0,,0,0.0,,,,,,,,
216.549,5,HOLD,-0.5451,11.7446,-2.0177,0.0685,0.0059,0.388,0.0,0.0,0.0,-0.40371614694595337,11.802769660949707,0.1529,7.819783687591553,2.270933151245117,-126.74,0,,0,0.0,,,,,,,,
216.6,5,HOLD,-0.5413,11.7435,-2.0186,0.0735,0.0065,0.3881,0.0,0.0,0.0,-0.40371614694595337,11.802769660949707,0.1498,7.819783687591553,2.270933151245117,-126.74,0,,0,0.0,,,,,,,,
216.649,5,HOLD,-0.5381,11.7413,-2.0203,0.0782,0.0066,0.3882,0.0,0.0,0.0,-0.40371614694595337,11.802769660949707,0.1478,7.819783687591553,2.270933151245117,-126.74,0,,0,0.0,,,,,,,,
216.7,5,HOLD,-0.5354,11.7396,-2.0215,0.0814,0.0068,0.3882,0.0,0.0,0.0,-0.40371614694595337,11.802769660949707,0.1461,7.819783687591553,2.270933151245117,-126.74,0,,0,0.0,,,,,,,,
216.749,5,HOLD,-0.5319,11.7379,-2.0228,0.0846,0.0074,0.3881,0.0,0.0,0.0,-0.40371614694595337,11.802769660949707,0.1437,7.819783687591553,2.270933151245117,-126.74,0,,0,0.0,,,,,,,,
216.799,5,HOLD,-0.5281,11.7374,-2.0279,0.0878,0.0085,0.388,0.0,0.0,0.0,-0.40371614694595337,11.802769660949707,0.1405,7.819783687591553,2.270933151245117,-126.74,0,,0,0.0,,,,,,,,
216.849,5,HOLD,-0.5247,11.7372,-2.0315,0.0901,0.0095,0.3879,0.0,0.0,0.0,-0.40371614694595337,11.802769660949707,0.1377,7.819783687591553,2.270933151245117,-126.74,0,,0,0.0,,,,,,,,
216.9,5,HOLD,-0.5211,11.7372,-2.0345,0.0919,0.0109,0.3878,0.0,0.0,0.0,-0.40371614694595337,11.802769660949707,0.1345,7.819783687591553,2.270933151245117,-126.74,0,,0,0.0,,,,,,,,
216.949,5,HOLD,-0.5161,11.7384,-2.038,0.0934,0.0131,0.3877,0.0,0.0,0.0,-0.40371614694595337,11.802769660949707,0.1295,7.819783687591553,2.270933151245117,-126.74,0,,0,0.0,,,,,,,,
216.999,5,HOLD,-0.512,11.7393,-2.0402,0.0943,0.015,0.3876,0.0,0.0,0.0,-0.40371614694595337,11.802769660949707,0.1255,7.819783687591553,2.270933151245117,-126.74,0,,0,0.0,,,,,,,,
217.049,5,HOLD,-0.5082,11.7407,-2.041,0.0947,0.0169,0.3876,0.0,0.0,0.0,-0.40371614694595337,11.802769660949707,0.1215,7.819783687591553,2.270933151245117,-126.74,0,,0,0.0,,,,,,,,
217.099,5,HOLD,-0.5047,11.7442,-2.0365,0.0941,0.0202,0.3873,0.0,0.0,0.0,-0.40371614694595337,11.802769660949707,0.1167,7.819783687591553,2.270933151245117,-126.74,0,,0,0.0,,,,,,,,
217.149,5,HOLD,-0.502,11.7466,-2.0335,0.0934,0.0223,0.3872,0.0,0.0,0.0,-0.40371614694595337,11.802769660949707,0.1132,7.819783687591553,2.270933151245117,-126.74,0,,0,0.0,,,,,,,,
217.199,5,HOLD,-0.4986,11.7495,-2.0312,0.0929,0.0243,0.3871,0.0,0.0,0.0,-0.40371614694595337,11.802769660949707,0.1088,7.819783687591553,2.270933151245117,-126.74,0,,0,0.0,,,,,,,,
217.249,5,HOLD,-0.4933,11.7535,-2.0298,0.0926,0.0268,0.3871,0.0,0.0,0.0,-0.40371614694595337,11.802769660949707,0.1022,7.819783687591553,2.270933151245117,-126.74,0,,0,0.0,,,,,,,,
217.299,5,HOLD,-0.4889,11.7567,-2.0286,0.0922,0.0284,0.3872,0.0,0.0,0.0,-0.40371614694595337,11.802769660949707,0.0969,7.819783687591553,2.270933151245117,-126.74,0,,0,0.0,,,,,,,,
217.349,5,HOLD,-0.4827,11.7595,-2.0281,0.092,0.0292,0.3873,0.0,0.0,0.0,-0.40371614694595337,11.802769660949707,0.0901,7.819783687591553,2.270933151245117,-126.74,0,,0,0.0,,,,,,,,
217.399,5,HOLD,-0.4728,11.7629,-2.0279,0.0916,0.0296,0.3875,0.0,0.0,0.0,-0.40371614694595337,11.802769660949707,0.0798,7.819783687591553,2.270933151245117,-126.74,0,,0,0.0,,,,,,,,
217.449,5,HOLD,-0.4675,11.7647,-2.0277,0.091,0.0294,0.3877,0.0,0.0,0.0,-0.40371614694595337,11.802769660949707,0.0743,7.819783687591553,2.270933151245117,-126.74,0,,0,0.0,,,,,,,,
217.499,5,HOLD,-0.4594,11.7693,-2.0332,0.09,0.0296,0.3879,0.0,0.0,0.0,-0.40371614694595337,11.802769660949707,0.0649,7.819783687591553,2.270933151245117,-126.74,0,,0,0.0,,,,,,,,
217.549,5,HOLD,-0.4515,11.7743,-2.0404,0.0884,0.0295,0.3881,0.0,0.0,0.0,-0.40371614694595337,11.802769660949707,0.0556,7.819783687591553,2.270933151245117,-126.74,0,,0,0.0,,,,,,,,
217.6,5,HOLD,-0.4454,11.7781,-2.0454,0.0865,0.0293,0.3882,0.0,0.0,0.0,-0.40371614694595337,11.802769660949707,0.0484,7.819783687591553,2.270933151245117,-126.74,0,,0,0.0,,,,,,,,
217.649,5,HOLD,-0.4418,11.782,-2.0507,0.0835,0.0288,0.3884,0.0,0.0,0.0,-0.40371614694595337,11.802769660949707,0.0434,7.819783687591553,2.270933151245117,-126.74,0,,0,0.0,,,,,,,,
217.699,5,HOLD,-0.4378,11.7862,-2.0558,0.0795,0.0279,0.3886,0.0,0.0,0.0,-0.40371614694595337,11.802769660949707,0.0379,7.819783687591553,2.270933151245117,-126.74,0,,0,0.0,,,,,,,,
217.749,5,HOLD,-0.4345,11.7894,-2.0591,0.0758,0.0269,0.3886,0.0,0.0,0.0,-0.40371614694595337,11.802769660949707,0.0336,7.819783687591553,2.270933151245117,-126.74,0,,0,0.0,,,,,,,,
217.799,5,HOLD,-0.4294,11.7892,-2.0646,0.0718,0.0235,0.3886,0.0,0.0,0.0,-0.40371614694595337,11.802769660949707,0.0291,7.819783687591553,2.270933151245117,-126.74,0,,0,0.0,,,,,,,,
217.849,5,HOLD,-0.4248,11.789,-2.0686,0.0677,0.0201,0.3886,0.0,0.0,0.0,-0.40371614694595337,11.802769660949707,0.0251,7.819783687591553,2.270933151245117,-126.74,0,,0,0.0,,,,,,,,
217.9,5,HOLD,-0.4224,11.7888,-2.0716,0.0638,0.0173,0.3886,0.0,0.0,0.0,-0.40371614694595337,11.802769660949707,0.0233,7.819783687591553,2.270933151245117,-126.74,0,,0,0.0,,,,,,,,
217.949,5,HOLD,-0.4251,11.7886,-2.0764,0.0583,0.0145,0.3886,0.0,0.0,0.0,-0.40371614694595337,11.802769660949707,0.0256,7.819783687591553,2.270933151245117,-126.74,0,,0,0.0,,,,,,,,
217.999,5,HOLD,-0.4277,11.7883,-2.0806,0.0518,0.0114,0.3886,0.0,0.0,0.0,-0.40371614694595337,11.802769660949707,0.028,7.819783687591553,2.270933151245117,-126.74,0,,0,0.0,,,,,,,,
218.049,5,HOLD,-0.4291,11.788,-2.0802,0.047,0.0091,0.3885,0.0,0.0,0.0,-0.40371614694595337,11.802769660949707,0.0294,7.819783687591553,2.270933151245117,-126.74,0,,0,0.0,,,,,,,,
218.1,5,HOLD,-0.4297,11.7875,-2.0751,0.043,0.0071,0.3885,0.0,0.0,0.0,-0.40371614694595337,11.802769660949707,0.0302,7.819783687591553,2.270933151245117,-126.74,0,,0,0.0,,,,,,,,
218.149,5,HOLD,-0.4302,11.7869,-2.0691,0.0388,0.005,0.3884,0.0,0.0,0.0,-0.40371614694595337,11.802769660949707,0.0309,7.819783687591553,2.270933151245117,-126.74,0,,0,0.0,,,,,,,,
218.199,5,HOLD,-0.43,11.7871,-2.064,0.0355,0.0037,0.3883,0.0,0.0,0.0,-0.40371614694595337,11.802769660949707,0.0306,7.819783687591553,2.270933151245117,-126.74,0,,0,0.0,,,,,,,,
218.249,5,HOLD,-0.4294,11.7879,-2.0606,0.0334,0.0032,0.3883,0.0,0.0,0.0,-0.40371614694595337,11.802769660949707,0.0296,7.819783687591553,2.270933151245117,-126.74,0,,0,0.0,,,,,,,,
218.299,5,HOLD,-0.4285,11.7887,-2.0565,0.0314,0.0027,0.3881,0.0,0.0,0.0,-0.40371614694595337,11.802769660949707,0.0285,7.819783687591553,2.270933151245117,-126.74,0,,0,0.0,,,,,,,,
218.349,5,HOLD,-0.4253,11.7899,-2.0543,0.0309,0.0028,0.388,0.0,0.0,0.0,-0.40371614694595337,11.802769660949707,0.0251,7.819783687591553,2.270933151245117,-126.74,0,,0,0.0,,,,,,,,
218.4,5,HOLD,-0.4207,11.7914,-2.0528,0.031,0.003,0.3879,0.0,0.0,0.0,-0.40371614694595337,11.802769660949707,0.0205,7.819783687591553,2.270933151245117,-126.74,0,,0,0.0,,,,,,,,
218.449,5,HOLD,-0.4158,11.7929,-2.0509,0.0309,0.0032,0.3878,0.0,0.0,0.0,-0.40371614694595337,11.802769660949707,0.0156,7.819783687591553,2.270933151245117,-126.74,0,,0,0.0,,,,,,,,
