t,run_id,state,pos_n,pos_e,alt,vel_n,vel_e,yaw,cmd_vx,cmd_vy,speed,target_n,target_e,dist_to_target,front_dist,min_threat,min_threat_angle,collision,ok,n_obs,compute_ms,heading_score,clearance_score,velocity_score,heading_term,clearance_term,velocity_term,total,safe_dist
0.049,0,INIT,0.0,0.0,0.0,0.0,0.0,0.0,0.0,0.0,0.0,,,,,,0.0,0,,0,0.0,,,,,,,,
0.099,0,INIT,-0.4747,-0.0079,-0.198,-0.0017,0.0085,1.5819,0.0,0.0,0.0,,,,,,0.0,0,,0,0.0,,,,,,,,
0.149,0,INIT,-0.4744,-0.0106,-0.1994,-0.0018,0.0064,1.5816,0.0,0.0,0.0,,,,,,0.0,0,,0,0.0,,,,,,,,
0.199,0,INIT,-0.4756,-0.0154,-0.1993,-0.0024,0.0034,1.5816,0.0,0.0,0.0,,,,,,0.0,0,,0,0.0,,,,,,,,
0.249,0,INIT,-0.4767,-0.0196,-0.1992,-0.0029,0.0007,1.5814,0.0,0.0,0.0,,,,,,0.0,0,,0,0.0,,,,,,,,
0.299,0,INIT,-0.4771,-0.0224,-0.1979,-0.0034,-0.0007,1.5809,0.0,0.0,0.0,,,,,,0.0,0,,0,0.0,,,,,,,,
0.349,0,INIT,-0.4775,-0.0246,-0.1965,-0.0039,-0.0016,1.5797,0.0,0.0,0.0,,,,,,0.0,0,,0,0.0,,,,,,,,
0.399,0,INIT,-0.4778,-0.0251,-0.195,-0.0044,-0.0015,1.5788,0.0,0.0,0.0,,,,,,0.0,0,,0,0.0,,,,,,,,
0.449,0,INIT,-0.478,-0.0233,-0.1936,-0.0051,0.0002,1.5782,0.0,0.0,0.0,,,,,,0.0,0,,0,0.0,,,,,,,,
0.499,0,INIT,-0.4783,-0.0212,-0.1923,-0.0058,0.002,1.5779,0.0,0.0,0.0,,,,,,0.0,0,,0,0.0,,,,,,,,
0.549,0,INIT,-0.4776,-0.0183,-0.1896,-0.0059,0.0044,1.5778,0.0,0.0,0.0,,,,,,0.0,0,,0,0.0,,,,,,,,
0.599,0,INIT,-0.4762,-0.0145,-0.1861,-0.0055,0.0071,1.5778,0.0,0.0,0.0,,,,,,0.0,0,,0,0.0,,,,,,,,
0.649,0,INIT,-0.4751,-0.0116,-0.1836,-0.0053,0.0091,1.5781,0.0,0.0,0.0,,,,,,0.0,0,,0,0.0,,,,,,,,
0.699,0,INIT,-0.4763,-0.0103,-0.1822,-0.0059,0.01,1.578,0.0,0.0,0.0,,,,,,0.0,0,,0,0.0,,,,,,,,
0.749,0,INIT,-0.4783,-0.01,-0.1816,-0.0069,0.0101,1.5777,0.0,0.0,0.0,,,,,,0.0,0,,0,0.0,,,,,,,,
0.799,0,INIT,-0.4801,-0.0093,-0.1817,-0.0079,0.0104,1.5775,0.0,0.0,0.0,,,,,,0.0,0,,0,0.0,,,,,,,,
0.849,0,INIT,-0.4815,-0.0071,-0.1842,-0.009,0.0115,1.5769,0.0,0.0,0.0,,,,,,0.0,0,,0,0.0,,,,,,,,
0.899,0,INIT,-0.4829,-0.0051,-0.1865,-0.0101,0.0125,1.5762,0.0,0.0,0.0,,,,,,0.0,0,,0,0.0,,,,,,,,
0.949,0,INIT,-0.4834,-0.0047,-0.1884,-0.0106,0.0127,1.5755,0.0,0.0,0.0,,,,,,0.0,0,,0,0.0,,,,,,,,
0.999,0,INIT,-0.4834,-0.0063,-0.1907,-0.011,0.0119,1.575,0.0,0.0,0.0,,,,,,0.0,0,,0,0.0,,,,,,,,
1.049,0,INIT,-0.4834,-0.0077,-0.1928,-0.0113,0.0113,1.5749,0.0,0.0,0.0,,,,,,0.0,0,,0,0.0,,,,,,,,
1.099,0,TAKEOFF,-0.4854,-0.0059,-0.1926,-0.0121,0.0122,1.5759,0.0,0.0,0.0,,,,,,0.0,0,,0,0.0,,,,,,,,
1.149,0,TAKEOFF,-0.4875,-0.0037,-0.1921,-0.013,0.0133,1.5771,0.0,0.0,0.0,,,,,,0.0,0,,0,0.0,,,,,,,,
1.199,0,TAKEOFF,-0.4891,-0.002,-0.1918,-0.0136,0.0141,1.578,0.0,0.0,0.0,,,,,,0.0,0,,0,0.0,,,,,,,,
1.249,0,TAKEOFF,-0.4894,-0.0004,-0.1942,-0.0137,0.0146,1.5793,0.0,0.0,0.0,,,,,,0.0,0,,0,0.0,,,,,,,,
1.299,0,TAKEOFF,-0.4897,0.0011,-0.1964,-0.0138,0.015,1.5805,0.0,0.0,0.0,,,,,,0.0,0,,0,0.0,,,,,,,,
1.349,0,TAKEOFF,-0.4903,0.0027,-0.1974,-0.0139,0.0155,1.5813,0.0,0.0,0.0,,,,,,0.0,0,,0,0.0,,,,,,,,
1.399,0,TAKEOFF,-0.4921,0.0063,-0.1955,-0.0141,0.0166,1.5816,0.0,0.0,0.0,,,,,,0.0,0,,0,0.0,,,,,,,,
1.449,0,TAKEOFF,-0.4938,0.0096,-0.1939,-0.0144,0.0176,1.5814,0.0,0.0,0.0,,,,,,0.0,0,,0,0.0,,,,,,,,
1.499,0,TAKEOFF,-0.4946,0.0104,-0.1921,-0.0144,0.0169,1.5808,0.0,0.0,0.0,,,,,,0.0,0,,0,0.0,,,,,,,,
1.549,0,TAKEOFF,-0.4949,0.0101,-0.1906,-0.0144,0.0159,1.5801,0.0,0.0,0.0,,,,,,0.0,0,,0,0.0,,,,,,,,
1.599,0,TAKEOFF,-0.4954,0.0099,-0.189,-0.0145,0.0147,1.5795,0.0,0.0,0.0,,,,,,0.0,0,,0,0.0,,,,,,,,
1.649,0,TAKEOFF,-0.4938,0.0095,-0.1891,-0.0135,0.0136,1.5792,0.0,0.0,0.0,,,,,,0.0,0,,0,0.0,,,,,,,,
1.699,0,TAKEOFF,-0.4921,0.0091,-0.1895,-0.0124,0.0125,1.5783,0.0,0.0,0.0,,,,,,0.0,0,,0,0.0,,,,,,,,
1.749,0,TAKEOFF,-0.4909,0.0088,-0.1898,-0.0117,0.0118,1.5775,0.0,0.0,0.0,,,,,,0.0,0,,0,0.0,,,,,,,,
1.799,0,TAKEOFF,-0.4888,0.0092,-0.1961,-0.0107,0.0115,1.5768,0.0,0.0,0.0,,,,,,0.0,0,,0,0.0,,,,,,,,
1.849,0,TAKEOFF,-0.4867,0.0096,-0.2027,-0.0097,0.0111,1.5757,0.0,0.0,0.0,,,,,,0.0,0,,0,0.0,,,,,,,,
1.899,0,TAKEOFF,-0.4847,0.01,-0.2085,-0.0088,0.0107,1.5742,0.0,0.0,0.0,,,,,,0.0,0,,0,0.0,,,,,,,,
1.95,0,TAKEOFF,-0.4828,0.0102,-0.2129,-0.0082,0.0103,1.5733,0.0,0.0,0.0,,,,,,0.0,0,,0,0.0,,,,,,,,
1.999,0,TAKEOFF,-0.4809,0.0103,-0.2177,-0.0076,0.0098,1.5727,0.0,0.0,0.0,,,,,,0.0,0,,0,0.0,,,,,,,,
2.049,0,TAKEOFF,-0.4786,0.0108,-0.2218,-0.0067,0.0093,1.5727,0.0,0.0,0.0,,,,,,0.0,0,,0,0.0,,,,,,,,
2.099,0,TAKEOFF,-0.4759,0.0115,-0.2254,-0.0058,0.0087,1.5728,0.0,0.0,0.0,,,,,,0.0,0,,0,0.0,,,,,,,,
2.15,0,TAKEOFF,-0.4737,0.0121,-0.2286,-0.005,0.0082,1.5731,0.0,0.0,0.0,,,,,,0.0,0,,0,0.0,,,,,,,,
2.199,0,TAKEOFF,-0.4663,0.0133,-0.2318,-0.0019,0.008,1.5741,0.0,0.0,0.0,,,,,,0.0,0,,0,0.0,,,,,,,,
2.249,0,TAKEOFF,-0.4599,0.0142,-0.2342,0.0008,0.008,1.5745,0.0,0.0,0.0,,,,,,0.0,0,,0,0.0,,,,,,,,
2.299,0,TAKEOFF,-0.4533,0.0148,-0.2365,0.0035,0.0077,1.5748,0.0,0.0,0.0,,,,,,0.0,0,,0,0.0,,,,,,,,
2.35,0,TAKEOFF,-0.4498,0.0135,-0.2368,0.0046,0.0065,1.5749,0.0,0.0,0.0,,,,,,0.0,0,,0,0.0,,,,,,,,
2.399,0,TAKEOFF,-0.445,0.0117,-0.2371,0.0061,0.0049,1.5748,0.0,0.0,0.0,,,,,,0.0,0,,0,0.0,,,,,,,,
2.449,0,TAKEOFF,-0.4415,0.0103,-0.2375,0.0072,0.0037,1.5747,0.0,0.0,0.0,,,,,,0.0,0,,0,0.0,,,,,,,,
2.499,0,TAKEOFF,-0.4366,0.0108,-0.2372,0.0088,0.0036,1.5742,0.0,0.0,0.0,,,,,,0.0,0,,0,0.0,,,,,,,,
2.549,0,TAKEOFF,-0.4324,0.0113,-0.2371,0.0102,0.0036,1.5737,0.0,0.0,0.0,,,,,,0.0,0,,0,0.0,,,,,,,,
2.599,0,TAKEOFF,-0.428,0.0123,-0.2353,0.0117,0.0039,1.5733,0.0,0.0,0.0,,,,,,0.0,0,,0,0.0,,,,,,,,
2.649,0,TAKEOFF,-0.4236,0.0137,-0.2321,0.0133,0.0044,1.5738,0.0,0.0,0.0,,,,,,0.0,0,,0,0.0,,,,,,,,
2.699,0,TAKEOFF,-0.4197,0.0149,-0.2294,0.0147,0.0049,1.5744,0.0,0.0,0.0,,,,,,0.0,0,,0,0.0,,,,,,,,
2.749,0,TAKEOFF,-0.4131,0.0153,-0.2231,0.0167,0.0049,1.5748,0.0,0.0,0.0,,,,,,0.0,0,,0,0.0,,,,,,,,
2.799,0,TAKEOFF,-0.4088,0.0154,-0.2188,0.018,0.0048,1.575,0.0,0.0,0.0,,,,,,0.0,0,,0,0.0,,,,,,,,
2.85,0,TAKEOFF,-0.4029,0.0156,-0.2133,0.0198,0.0047,1.5752,0.0,0.0,0.0,,,,,,0.0,0,,0,0.0,,,,,,,,
2.899,0,TAKEOFF,-0.3994,0.0171,-0.2081,0.02,0.0052,1.5755,0.0,0.0,0.0,,,,,,0.0,0,,0,0.0,,,,,,,,
2.949,0,TAKEOFF,-0.3966,0.0187,-0.2037,0.02,0.0057,1.5756,0.0,0.0,0.0,,,,,,0.0,0,,0,0.0,,,,,,,,
2.999,0,TAKEOFF,-0.394,0.02,-0.1992,0.02,0.0061,1.5755,0.0,0.0,0.0,,,,,,0.0,0,,0,0.0,,,,,,,,
3.049,0,TAKEOFF,-0.3912,0.0203,-0.192,0.0203,0.0063,1.5751,0.0,0.0,0.0,,,,,,0.0,0,,0,0.0,,,,,,,,
3.099,0,TAKEOFF,-0.3887,0.0206,-0.1858,0.0206,0.0065,1.5746,0.0,0.0,0.0,,,,,,0.0,0,,0,0.0,,,,,,,,
3.149,0,TAKEOFF,-0.3912,0.0205,-0.1811,0.019,0.0064,1.5743,0.0,0.0,0.0,,,,,,0.0,0,,0,0.0,,,,,,,,
3.199,0,TAKEOFF,-0.3972,0.02,-0.1759,0.0159,0.0061,1.574,0.0,0.0,0.0,,,,,,0.0,0,,0,0.0,,,,,,,,
3.249,0,TAKEOFF,-0.4031,0.0196,-0.1715,0.0129,0.0058,1.5737,0.0,0.0,0.0,,,,,,0.0,0,,0,0.0,,,,,,,,
3.299,0,TAKEOFF,-0.4072,0.0195,-0.1715,0.0107,0.0057,1.5734,0.0,0.0,0.0,,,,,,0.0,0,,0,0.0,,,,,,,,
3.349,0,TAKEOFF,-0.4108,0.0194,-0.1717,0.0087,0.0057,1.5733,0.0,0.0,0.0,,,,,,0.0,0,,0,0.0,,,,,,,,
3.399,0,TAKEOFF,-0.4134,0.0196,-0.1718,0.0072,0.0058,1.5732,0.0,0.0,0.0,,,,,,0.0,0,,0,0.0,,,,,,,,
3.449,0,TAKEOFF,-0.4161,0.02,-0.1721,0.0055,0.0061,1.573,0.0,0.0,0.0,,,,,,0.0,0,,0,0.0,,,,,,,,
3.499,0,TAKEOFF,-0.4186,0.0204,-0.1724,0.004,0.0063,1.5725,0.0,0.0,0.0,,,,,,0.0,0,,0,0.0,,,,,,,,
3.549,0,TAKEOFF,-0.4208,0.0195,-0.1708,0.0025,0.006,1.5721,0.0,0.0,0.0,,,,,,0.0,0,,0,0.0,,,,,,,,
3.599,0,TAKEOFF,-0.4236,0.0176,-0.1678,0.0006,0.0053,1.5717,0.0,0.0,0.0,,,,,,0.0,0,,0,0.0,,,,,,,,
3.649,0,TAKEOFF,-0.4261,0.0159,-0.1653,-0.001,0.0047,1.5721,0.0,0.0,0.0,,,,,,0.0,0,,0,0.0,,,,,,,,
3.699,0,TAKEOFF,-0.4305,0.0136,-0.1637,-0.003,0.0036,1.5729,0.0,0.0,0.0,,,,,,0.0,0,,0,0.0,,,,,,,,
3.749,0,TAKEOFF,-0.4344,0.0117,-0.1623,-0.0046,0.0026,1.5737,0.0,0.0,0.0,,,,,,0.0,0,,0,0.0,,,,,,,,
3.799,0,TAKEOFF,-0.4389,0.0085,-0.16,-0.0065,0.0009,1.5743,0.0,0.0,0.0,,,,,,0.0,0,,0,0.0,,,,,,,,
3.85,0,TAKEOFF,-0.4441,0.0036,-0.1563,-0.0085,-0.0018,1.5749,0.0,0.0,0.0,,,,,,0.0,0,,0,0.0,,,,,,,,
3.899,0,TAKEOFF,-0.4496,-0.0016,-0.1525,-0.0107,-0.0046,1.5749,0.0,0.0,0.0,,,,,,0.0,0,,0,0.0,,,,,,,,
3.949,0,TAKEOFF,-0.4532,-0.0047,-0.1513,-0.0121,-0.0065,1.5748,0.0,0.0,0.0,,,,,,0.0,0,,0,0.0,,,,,,,,
4.0,0,TAKEOFF,-0.4563,-0.0069,-0.1526,-0.0133,-0.008,1.5746,0.0,0.0,0.0,,,,,,0.0,0,,0,0.0,,,,,,,,
4.049,0,TAKEOFF,-0.4592,-0.009,-0.1538,-0.0143,-0.0094,1.5744,0.0,0.0,0.0,,,,,,0.0,0,,0,0.0,,,,,,,,
4.099,0,TAKEOFF,-0.4603,-0.0093,-0.1628,-0.0146,-0.0104,1.5741,0.0,0.0,0.0,,,,,,0.0,0,,0,0.0,,,,,,,,
4.149,0,TAKEOFF,-0.461,-0.0094,-0.1721,-0.0147,-0.0113,1.5735,0.0,0.0,0.0,,,,,,0.0,0,,0,0.0,,,,,,,,
4.199,0,TAKEOFF,-0.4614,-0.0096,-0.1801,-0.0146,-0.0122,1.5727,0.0,0.0,0.0,,,,,,0.0,0,,0,0.0,,,,,,,,
4.249,0,TAKEOFF,-0.4604,-0.0099,-0.1856,-0.0139,-0.0131,1.572,0.0,0.0,0.0,,,,,,0.0,0,,0,0.0,,,,,,,,
4.299,0,TAKEOFF,-0.4595,-0.0103,-0.1906,-0.0133,-0.014,1.5713,0.0,0.0,0.0,,,,,,0.0,0,,0,0.0,,,,,,,,
4.349,0,TAKEOFF,-0.4579,-0.0132,-0.1984,-0.0123,-0.0159,1.571,0.0,0.0,0.0,,,,,,0.0,0,,0,0.0,,,,,,,,
4.399,0,TAKEOFF,-0.4565,-0.0171,-0.2049,-0.0116,-0.0154,1.5711,0.0,0.0,0.0,,,,,,0.0,0,,0,0.0,,,,,,,,
4.449,0,TAKEOFF,-0.4553,-0.0205,-0.2108,-0.011,-0.0094,1.5716,0.0,0.0,0.0,,,,,,0.0,0,,0,0.0,,,,,,,,
4.499,0,TAKEOFF,-0.4529,-0.0225,-0.2137,-0.0098,0.0035,1.5722,0.0,0.0,0.0,,,,,,0.0,0,,0,0.0,,,,,,,,
4.549,0,TAKEOFF,-0.4503,-0.0223,-0.2132,-0.0109,0.0164,1.5724,0.0,0.0,0.0,,,,,,0.0,0,,0,0.0,,,,,,,,
4.599,0,TAKEOFF,-0.4477,-0.0216,-0.2139,-0.0109,0.0239,1.5711,0.0,0.0,0.0,,,,,,0.0,0,,0,0.0,,,,,,,,
4.649,0,TAKEOFF,-0.4473,-0.0193,-0.2185,-0.0117,0.0396,1.5685,0.0,0.0,0.0,,,,,,0.0,0,,0,0.0,,,,,,,,
4.699,0,TAKEOFF,-0.4477,-0.0164,-0.2252,-0.0145,0.0585,1.5658,0.0,0.0,0.0,,,,,,0.0,0,,0,0.0,,,,,,,,
4.749,0,TAKEOFF,-0.4484,-0.0099,-0.2389,-0.0207,0.0898,1.5612,0.0,0.0,0.0,,,,,,0.0,0,,0,0.0,,,,,,,,
4.799,0,TAKEOFF,-0.4487,0.0001,-0.253,-0.0258,0.1142,1.5575,0.0,0.0,0.0,,,,,,0.0,0,,0,0.0,,,,,,,,
4.849,0,TAKEOFF,-0.4493,0.0125,-0.2727,-0.0318,0.1401,1.5528,0.0,0.0,0.0,,,,,,0.0,0,,0,0.0,,,,,,,,
4.899,0,TAKEOFF,-0.4501,0.0255,-0.2947,-0.0371,0.1607,1.5478,0.0,0.0,0.0,,,,,,0.0,0,,0,0.0,,,,,,,,
4.949,0,TAKEOFF,-0.4508,0.0393,-0.3183,-0.0412,0.1757,1.5427,0.0,0.0,0.0,,,,,,0.0,0,,0,0.0,,,,,,,,
4.999,0,TAKEOFF,-0.4518,0.0529,-0.3436,-0.0441,0.185,1.5376,0.0,0.0,0.0,,,,,,0.0,0,,0,0.0,,,,,,,,
5.05,0,TAKEOFF,-0.4529,0.0648,-0.3638,-0.0459,0.1894,1.5335,0.0,0.0,0.0,,,,,,0.0,0,,0,0.0,,,,,,,,
5.099,0,TAKEOFF,-0.4543,0.0791,-0.3877,-0.0473,0.1911,1.5287,0.0,0.0,0.0,,,,,,0.0,0,,0,0.0,,,,,,,,
5.15,0,TAKEOFF,-0.4559,0.0928,-0.4128,-0.0479,0.1892,1.5243,0.0,0.0,0.0,,,,,,0.0,0,,0,0.0,,,,,,,,
5.2,0,TAKEOFF,-0.4581,0.1026,-0.43,-0.0488,0.1852,1.521,0.0,0.0,0.0,,,,,,0.0,0,,0,0.0,,,,,,,,
5.249,0,TAKEOFF,-0.4602,0.112,-0.4483,-0.0494,0.1794,1.5178,0.0,0.0,0.0,,,,,,0.0,0,,0,0.0,,,,,,,,
5.299,0,TAKEOFF,-0.4624,0.1209,-0.4675,-0.0496,0.1722,1.515,0.0,0.0,0.0,,,,,,0.0,0,,0,0.0,,,,,,,,
5.349,0,TAKEOFF,-0.4662,0.1284,-0.4912,-0.0495,0.1606,1.5121,0.0,0.0,0.0,,,,,,0.0,0,,0,0.0,,,,,,,,
5.399,0,TAKEOFF,-0.4694,0.1338,-0.5116,-0.0491,0.1498,1.51,0.0,0.0,0.0,,,,,,0.0,0,,0,0.0,,,,,,,,
5.449,0,TAKEOFF,-0.4725,0.1388,-0.5327,-0.0483,0.1383,1.5082,0.0,0.0,0.0,,,,,,0.0,0,,0,0.0,,,,,,,,
5.5,0,TAKEOFF,-0.4784,0.142,-0.5607,-0.048,0.1233,1.5069,0.0,0.0,0.0,,,,,,0.0,0,,0,0.0,,,,,,,,
5.549,0,TAKEOFF,-0.4832,0.1442,-0.5845,-0.0474,0.1105,1.5065,0.0,0.0,0.0,,,,,,0.0,0,,0,0.0,,,,,,,,
5.599,0,TAKEOFF,-0.4877,0.1461,-0.6084,-0.0465,0.0979,1.5063,0.0,0.0,0.0,,,,,,0.0,0,,0,0.0,,,,,,,,
5.649,0,TAKEOFF,-0.4908,0.1484,-0.6363,-0.044,0.083,1.5067,0.0,0.0,0.0,,,,,,0.0,0,,0,0.0,,,,,,,,
5.699,0,TAKEOFF,-0.4935,0.1503,-0.6642,-0.0411,0.0685,1.5071,0.0,0.0,0.0,,,,,,0.0,0,,0,0.0,,,,,,,,
5.749,0,TAKEOFF,-0.4967,0.1515,-0.692,-0.038,0.0542,1.5074,0.0,0.0,0.0,,,,,,0.0,0,,0,0.0,,,,,,,,
5.8,0,TAKEOFF,-0.501,0.1519,-0.7197,-0.0351,0.0399,1.5076,0.0,0.0,0.0,,,,,,0.0,0,,0,0.0,,,,,,,,
5.849,0,TAKEOFF,-0.5041,0.1519,-0.7425,-0.0326,0.0284,1.5077,0.0,0.0,0.0,,,,,,0.0,0,,0,0.0,,,,,,,,
5.899,0,TAKEOFF,-0.5081,0.1537,-0.7717,-0.0294,0.0163,1.5079,0.0,0.0,0.0,,,,,,0.0,0,,0,0.0,,,,,,,,
5.949,0,TAKEOFF,-0.5114,0.1556,-0.7964,-0.0267,0.007,1.5089,0.0,0.0,0.0,,,,,,0.0,0,,0,0.0,,,,,,,,
5.999,0,TAKEOFF,-0.5142,0.1569,-0.8205,-0.0239,-0.0019,1.5099,0.0,0.0,0.0,,,,,,0.0,0,,0,0.0,,,,,,,,
6.05,0,TAKEOFF,-0.5169,0.1594,-0.8481,-0.0206,-0.0116,1.511,0.0,0.0,0.0,,,,,,0.0,0,,0,0.0,,,,,,,,
6.099,0,TAKEOFF,-0.5191,0.1619,-0.8747,-0.0173,-0.0209,1.5109,0.0,0.0,0.0,,,,,,0.0,0,,0,0.0,,,,,,,,
6.15,0,TAKEOFF,-0.5207,0.1633,-0.8964,-0.0144,-0.0285,1.5104,0.0,0.0,0.0,,,,,,0.0,0,,0,0.0,,,,,,,,
6.199,0,TAKEOFF,-0.52,0.1636,-0.9213,-0.01,-0.038,1.5095,0.0,0.0,0.0,,,,,,0.0,0,,0,0.0,,,,,,,,
6.249,0,TAKEOFF,-0.5189,0.1631,-0.9455,-0.0056,-0.0476,1.5085,0.0,0.0,0.0,,,,,,0.0,0,,0,0.0,,,,,,,,
6.299,0,TAKEOFF,-0.5173,0.1609,-0.97,-0.0013,-0.0578,1.5075,0.0,0.0,0.0,,,,,,0.0,0,,0,0.0,,,,,,,,
6.349,0,TAKEOFF,-0.515,0.1561,-0.9955,0.003,-0.0689,1.507,0.0,0.0,0.0,,,,,,0.0,0,,0,0.0,,,,,,,,
6.399,0,TAKEOFF,-0.5128,0.151,-1.0201,0.0067,-0.0794,1.5069,0.0,0.0,0.0,,,,,,0.0,0,,0,0.0,,,,,,,,
6.449,0,TAKEOFF,-0.5083,0.1464,-1.0433,0.0111,-0.0887,1.5069,0.0,0.0,0.0,,,,,,0.0,0,,0,0.0,,,,,,,,
6.499,0,TAKEOFF,-0.504,0.1426,-1.0619,0.0147,-0.0956,1.5072,0.0,0.0,0.0,,,,,,0.0,0,,0,0.0,,,,,,,,
6.549,0,TAKEOFF,-0.5,0.1386,-1.0799,0.0178,-0.1019,1.5077,0.0,0.0,0.0,,,,,,0.0,0,,0,0.0,,,,,,,,
6.599,0,TAKEOFF,-0.4952,0.1314,-1.1022,0.0207,-0.1096,1.5091,0.0,0.0,0.0,,,,,,0.0,0,,0,0.0,,,,,,,,
6.65,0,TAKEOFF,-0.4914,0.125,-1.1204,0.0225,-0.1153,1.5105,0.0,0.0,0.0,,,,,,0.0,0,,0,0.0,,,,,,,,
6.699,0,TAKEOFF,-0.4862,0.1165,-1.1441,0.0243,-0.1219,1.5124,0.0,0.0,0.0,,,,,,0.0,0,,0,0.0,,,,,,,,
6.75,0,TAKEOFF,-0.481,0.1125,-1.1569,0.0258,-0.1246,1.5134,0.0,0.0,0.0,,,,,,0.0,0,,0,0.0,,,,,,,,
6.799,0,TAKEOFF,-0.4754,0.1074,-1.1723,0.0269,-0.1271,1.5144,0.0,0.0,0.0,,,,,,0.0,0,,0,0.0,,,,,,,,
6.849,0,TAKEOFF,-0.4706,0.1023,-1.1881,0.0269,-0.1289,1.5155,0.0,0.0,0.0,,,,,,0.0,0,,0,0.0,,,,,,,,
6.899,0,TAKEOFF,-0.4675,0.0982,-1.2018,0.026,-0.1301,1.5164,0.0,0.0,0.0,,,,,,0.0,0,,0,0.0,,,,,,,,
6.949,0,TAKEOFF,-0.4641,0.093,-1.2181,0.0244,-0.1312,1.5175,0.0,0.0,0.0,,,,,,0.0,0,,0,0.0,,,,,,,,
6.999,0,TAKEOFF,-0.4596,0.0857,-1.2319,0.0231,-0.1327,1.5188,0.0,0.0,0.0,,,,,,0.0,0,,0,0.0,,,,,,,,
7.049,0,TAKEOFF,-0.4549,0.0776,-1.2449,0.0218,-0.1341,1.5197,0.0,0.0,0.0,,,,,,0.0,0,,0,0.0,,,,,,,,
7.099,0,TAKEOFF,-0.4508,0.0696,-1.2581,0.0202,-0.135,1.5204,0.0,0.0,0.0,,,,,,0.0,0,,0,0.0,,,,,,,,
7.149,0,TAKEOFF,-0.4463,0.0642,-1.271,0.0186,-0.1341,1.5211,0.0,0.0,0.0,,,,,,0.0,0,,0,0.0,,,,,,,,
7.199,0,TAKEOFF,-0.4425,0.0588,-1.2841,0.0166,-0.1326,1.5217,0.0,0.0,0.0,,,,,,0.0,0,,0,0.0,,,,,,,,
7.249,0,TAKEOFF,-0.4404,0.0534,-1.2967,0.0138,-0.1307,1.5223,0.0,0.0,0.0,,,,,,0.0,0,,0,0.0,,,,,,,,
7.3,0,TAKEOFF,-0.4407,0.0491,-1.3064,0.0107,-0.1288,1.5229,0.0,0.0,0.0,,,,,,0.0,0,,0,0.0,,,,,,,,
7.349,0,TAKEOFF,-0.4412,0.0439,-1.3184,0.0068,-0.1264,1.5235,0.0,0.0,0.0,,,,,,0.0,0,,0,0.0,,,,,,,,
7.399,0,TAKEOFF,-0.4414,0.0387,-1.3284,0.0037,-0.1246,1.5239,0.0,0.0,0.0,,,,,,0.0,0,,0,0.0,,,,,,,,
7.449,0,TAKEOFF,-0.4415,0.0331,-1.3386,0.0007,-0.1229,1.5245,0.0,0.0,0.0,,,,,,0.0,0,,0,0.0,,,,,,,,
7.499,0,TAKEOFF,-0.4418,0.0265,-1.3511,-0.0027,-0.1206,1.5252,0.0,0.0,0.0,,,,,,0.0,0,,0,0.0,,,,,,,,
7.549,0,TAKEOFF,-0.4443,0.0185,-1.3635,-0.0065,-0.119,1.5256,0.0,0.0,0.0,,,,,,0.0,0,,0,0.0,,,,,,,,
7.599,0,TAKEOFF,-0.4471,0.0115,-1.3738,-0.0095,-0.1177,1.5258,0.0,0.0,0.0,,,,,,0.0,0,,0,0.0,,,,,,,,
7.65,0,TAKEOFF,-0.4503,0.0035,-1.3864,-0.0127,-0.1156,1.5261,0.0,0.0,0.0,,,,,,0.0,0,,0,0.0,,,,,,,,
7.699,0,TAKEOFF,-0.4491,-0.0037,-1.4001,-0.0138,-0.1133,1.5262,0.0,0.0,0.0,,,,,,0.0,0,,0,0.0,,,,,,,,
7.749,0,TAKEOFF,-0.448,-0.0117,-1.4161,-0.0147,-0.1099,1.5261,0.0,0.0,0.0,,,,,,0.0,0,,0,0.0,,,,,,,,
7.799,0,TAKEOFF,-0.4474,-0.018,-1.429,-0.0151,-0.1066,1.526,0.0,0.0,0.0,,,,,,0.0,0,,0,0.0,,,,,,,,
7.849,0,TAKEOFF,-0.4464,-0.0229,-1.4455,-0.0154,-0.1007,1.5262,0.0,0.0,0.0,,,,,,0.0,0,,0,0.0,,,,,,,,
7.899,0,TAKEOFF,-0.4458,-0.0267,-1.4587,-0.0157,-0.0955,1.5256,0.0,0.0,0.0,,,,,,0.0,0,,0,0.0,,,,,,,,
7.949,0,TAKEOFF,-0.4454,-0.0303,-1.4714,-0.0161,-0.0904,1.5252,0.0,0.0,0.0,,,,,,0.0,0,,0,0.0,,,,,,,,
7.999,0,TAKEOFF,-0.4438,-0.0361,-1.4793,-0.0159,-0.0861,1.5247,0.0,0.0,0.0,,,,,,0.0,0,,0,0.0,,,,,,,,
8.049,0,TAKEOFF,-0.4424,-0.0424,-1.4888,-0.016,-0.0812,1.5244,0.0,0.0,0.0,,,,,,0.0,0,,0,0.0,,,,,,,,
8.099,0,TAKEOFF,-0.4412,-0.0469,-1.4966,-0.0161,-0.0769,1.5243,0.0,0.0,0.0,,,,,,0.0,0,,0,0.0,,,,,,,,
8.149,0,TAKEOFF,-0.4393,-0.0505,-1.5053,-0.0163,-0.0708,1.5245,0.0,0.0,0.0,,,,,,0.0,0,,0,0.0,,,,,,,,
8.199,0,TAKEOFF,-0.4381,-0.0533,-1.5126,-0.0166,-0.0657,1.525,0.0,0.0,0.0,,,,,,0.0,0,,0,0.0,,,,,,,,
8.249,0,TAKEOFF,-0.4381,-0.055,-1.5229,-0.0177,-0.059,1.5255,0.0,0.0,0.0,,,,,,0.0,0,,0,0.0,,,,,,,,
8.3,0,TAKEOFF,-0.44,-0.0544,-1.5333,-0.0194,-0.0527,1.5259,0.0,0.0,0.0,,,,,,0.0,0,,0,0.0,,,,,,,,
8.349,0,TAKEOFF,-0.4423,-0.0537,-1.5455,-0.0216,-0.0456,1.5265,0.0,0.0,0.0,,,,,,0.0,0,,0,0.0,,,,,,,,
8.399,0,TAKEOFF,-0.4452,-0.0533,-1.5553,-0.0237,-0.0401,1.5273,0.0,0.0,0.0,,,,,,0.0,0,,0,0.0,,,,,,,,
8.449,0,TAKEOFF,-0.45,-0.0529,-1.5666,-0.0264,-0.034,1.5285,0.0,0.0,0.0,,,,,,0.0,0,,0,0.0,,,,,,,,
8.499,0,TAKEOFF,-0.4544,-0.0526,-1.5776,-0.0286,-0.0287,1.5298,0.0,0.0,0.0,,,,,,0.0,0,,0,0.0,,,,,,,,
8.549,0,TAKEOFF,-0.4544,-0.0524,-1.5876,-0.0288,-0.0249,1.5305,0.0,0.0,0.0,,,,,,0.0,0,,0,0.0,,,,,,,,
8.6,0,TAKEOFF,-0.4537,-0.0523,-1.5976,-0.0284,-0.0216,1.5308,0.0,0.0,0.0,,,,,,0.0,0,,0,0.0,,,,,,,,
8.649,0,TAKEOFF,-0.4532,-0.0521,-1.609,-0.0275,-0.0182,1.5308,0.0,0.0,0.0,,,,,,0.0,0,,0,0.0,,,,,,,,
8.699,0,TAKEOFF,-0.452,-0.0511,-1.6236,-0.0261,-0.015,1.5307,0.0,0.0,0.0,,,,,,0.0,0,,0,0.0,,,,,,,,
8.749,0,TAKEOFF,-0.4509,-0.05,-1.6379,-0.0249,-0.0122,1.5314,0.0,0.0,0.0,,,,,,0.0,0,,0,0.0,,,,,,,,
8.799,0,TAKEOFF,-0.4503,-0.0492,-1.649,-0.024,-0.0102,1.5321,0.0,0.0,0.0,,,,,,0.0,0,,0,0.0,,,,,,,,
8.849,0,TAKEOFF,-0.453,-0.0512,-1.6613,-0.0246,-0.0093,1.5329,0.0,0.0,0.0,,,,,,0.0,0,,0,0.0,,,,,,,,
8.899,0,TAKEOFF,-0.4556,-0.0529,-1.6726,-0.0254,-0.0086,1.5361,0.0,0.0,0.0,,,,,,0.0,0,,0,0.0,,,,,,,,
8.949,0,TAKEOFF,-0.4572,-0.0532,-1.6819,-0.026,-0.0076,1.5373,0.0,0.0,0.0,,,,,,0.0,0,,0,0.0,,,,,,,,
8.999,0,TAKEOFF,-0.4585,-0.0517,-1.6931,-0.0266,-0.0055,1.5359,0.0,0.0,0.0,,,,,,0.0,0,,0,0.0,,,,,,,,
9.05,0,TAKEOFF,-0.4597,-0.0507,-1.7018,-0.0268,-0.0038,1.535,0.0,0.0,0.0,,,,,,0.0,0,,0,0.0,,,,,,,,
9.099,0,TAKEOFF,-0.4604,-0.0498,-1.7127,-0.0267,-0.0021,1.535,0.0,0.0,0.0,,,,,,0.0,0,,0,0.0,,,,,,,,
9.149,0,TAKEOFF,-0.4606,-0.0493,-1.724,-0.026,-0.0008,1.5353,0.0,0.0,0.0,,,,,,0.0,0,,0,0.0,,,,,,,,
9.199,0,TAKEOFF,-0.4609,-0.049,-1.7325,-0.0253,0.0001,1.5354,0.0,0.0,0.0,,,,,,0.0,0,,0,0.0,,,,,,,,
9.249,0,TAKEOFF,-0.4601,-0.0486,-1.7398,-0.024,0.0011,1.5346,0.0,0.0,0.0,,,,,,0.0,0,,0,0.0,,,,,,,,
9.299,0,TAKEOFF,-0.459,-0.0482,-1.7476,-0.0223,0.002,1.533,0.0,0.0,0.0,,,,,,0.0,0,,0,0.0,,,,,,,,
9.349,0,TAKEOFF,-0.4582,-0.0478,-1.7548,-0.0208,0.0029,1.5302,0.0,0.0,0.0,,,,,,0.0,0,,0,0.0,,,,,,,,
9.399,0,TAKEOFF,-0.4567,-0.0458,-1.7619,-0.0194,0.0047,1.5268,0.0,0.0,0.0,,,,,,0.0,0,,0,0.0,,,,,,,,
9.45,0,TAKEOFF,-0.4555,-0.0439,-1.7685,-0.0183,0.0064,1.5236,0.0,0.0,0.0,,,,,,0.0,0,,0,0.0,,,,,,,,
9.5,0,TAKEOFF,-0.4544,-0.0422,-1.7745,-0.0174,0.008,1.5219,0.0,0.0,0.0,,,,,,0.0,0,,0,0.0,,,,,,,,
9.549,0,TAKEOFF,-0.4531,-0.041,-1.7775,-0.0171,0.0106,1.521,0.0,0.0,0.0,,,,,,0.0,0,,0,0.0,,,,,,,,
9.599,0,TAKEOFF,-0.452,-0.0398,-1.7797,-0.0172,0.013,1.5211,0.0,0.0,0.0,,,,,,0.0,0,,0,0.0,,,,,,,,
9.65,0,TAKEOFF,-0.4518,-0.0387,-1.7818,-0.0178,0.0146,1.5218,0.0,0.0,0.0,,,,,,0.0,0,,0,0.0,,,,,,,,
9.699,0,TAKEOFF,-0.4537,-0.0375,-1.785,-0.0191,0.0156,1.5228,0.0,0.0,0.0,,,,,,0.0,0,,0,0.0,,,,,,,,
9.75,0,TAKEOFF,-0.4556,-0.0363,-1.7882,-0.0205,0.0161,1.525,0.0,0.0,0.0,,,,,,0.0,0,,0,0.0,,,,,,,,
9.799,0,TAKEOFF,-0.4574,-0.0351,-1.7912,-0.0217,0.0164,1.5275,0.0,0.0,0.0,,,,,,0.0,0,,0,0.0,,,,,,,,
9.849,0,TAKEOFF,-0.4591,-0.0312,-1.793,-0.024,0.0204,1.5309,0.0,0.0,0.0,,,,,,0.0,0,,0,0.0,,,,,,,,
9.899,0,TAKEOFF,-0.4608,-0.0274,-1.795,-0.026,0.0239,1.5338,0.0,0.0,0.0,,,,,,0.0,0,,0,0.0,,,,,,,,
9.949,0,TAKEOFF,-0.4626,-0.0241,-1.8015,-0.0283,0.0257,1.5362,0.0,0.0,0.0,,,,,,0.0,0,,0,0.0,,,,,,,,
10.002,1,NAVIGATE,-0.4642,-0.0219,-1.81,-0.0304,0.0257,1.5372,-0.0304,0.2257,0.2277,0.0,12.0,12.0308,6.093913555145264,2.8662760257720947,16.14,0,1,180,2.106,0.9852,1.0,0.1496,0.2956,0.3,0.0598,0.6554,1.8904
10.052,1,NAVIGATE,-0.4662,-0.0194,-1.8193,-0.0322,0.0241,1.5376,-0.0322,0.2241,0.2265,0.0,12.0,12.0284,6.093544960021973,2.8673923015594482,16.14,0,1,180,1.914,0.9835,1.0,0.1485,0.2951,0.3,0.0594,0.6545,1.895
10.101,1,NAVIGATE,-0.467,-0.018,-1.8273,-0.0322,0.0216,1.5381,-0.0322,0.2216,0.2239,0.0,12.0,12.027,6.09179162979126,2.866102933883667,16.14,0,1,180,1.611,0.9833,1.0,0.1468,0.295,0.3,0.0587,0.6537,1.903
10.151,1,NAVIGATE,-0.4672,-0.017,-1.8341,-0.0312,0.0246,1.5383,-0.0312,0.2246,0.2267,0.0,12.0,12.0261,6.09083366394043,2.8627326488494873,16.14,0,1,180,1.634,0.9844,1.0,0.1488,0.2953,0.3,0.0595,0.6548,1.8939
10.202,1,NAVIGATE,-0.4677,-0.0159,-1.8402,-0.0303,0.0326,1.538,-0.0303,0.2326,0.2345,0.0,12.0,12.0249,6.091904640197754,2.864764451980591,16.14,0,1,180,2.354,0.9858,1.0,0.1541,0.2957,0.3,0.0617,0.6574,1.871
10.252,1,NAVIGATE,-0.4701,-0.0144,-1.8491,-0.0292,0.0413,1.5382,-0.0292,0.2413,0.243,0.0,12.0,12.0236,6.091393947601318,2.8617336750030518,16.14,0,1,180,1.98,0.9873,1.0,0.16,0.2962,0.3,0.064,0.6602,1.8458
10.301,1,NAVIGATE,-0.4718,-0.013,-1.8556,-0.0284,0.0498,1.5381,-0.0284,0.2498,0.2514,0.0,12.0,12.0222,6.091080665588379,2.8620336055755615,16.14,0,1,180,1.65,0.9884,1.0,0.1657,0.2965,0.3,0.0663,0.6628,1.8198
10.351,1,NAVIGATE,-0.4758,-0.0108,-1.863,-0.0288,0.0628,1.5377,-0.0288,0.2628,0.2644,0.0,12.0,12.0202,6.0907979011535645,2.860368013381958,16.14,0,1,180,1.789,0.989,1.0,0.1743,0.2967,0.3,0.0697,0.6664,1.7811
10.401,1,NAVIGATE,-0.4798,-0.0091,-1.867,-0.0302,0.0726,1.5371,-0.0302,0.2726,0.2743,0.0,12.0,12.0187,6.0882415771484375,2.8606021404266357,16.39,0,1,180,1.7,0.9888,1.0,0.1808,0.2966,0.3,0.0723,0.6689,1.7495
10.452,1,NAVIGATE,-0.4843,-0.0064,-1.8712,-0.0318,0.0843,1.536,-0.0318,0.2843,0.2861,0.0,12.0,12.0162,6.085620403289795,2.8544740676879883,16.14,0,1,180,2.733,0.9885,1.0,0.1886,0.2966,0.3,0.0754,0.672,1.7109
10.501,1,NAVIGATE,-0.4864,-0.0022,-1.8722,-0.0311,0.0977,1.5348,-0.0311,0.2977,0.2993,0.0,12.0,12.012,6.082727909088135,2.8566267490386963,16.39,0,1,180,1.612,0.9896,1.0,0.1975,0.2969,0.3,0.079,0.6759,1.6725
10.551,1,NAVIGATE,-0.4872,0.0022,-1.872,-0.0296,0.1095,1.5339,-0.0296,0.3095,0.3109,0.0,12.0,12.0077,6.078122138977051,2.8484714031219482,16.39,0,1,180,1.711,0.9908,1.0,0.2054,0.2972,0.3,0.0821,0.6794,1.6321
10.602,1,NAVIGATE,-0.488,0.0071,-1.8718,-0.0281,0.1212,1.5327,-0.0281,0.3212,0.3224,0.0,12.0,12.0028,6.075547218322754,2.8466665744781494,16.39,0,1,180,1.775,0.9918,1.0,0.2132,0.2976,0.3,0.0853,0.6828,1.5982
10.651,1,NAVIGATE,-0.4853,0.0134,-1.8693,-0.0249,0.1349,1.5314,-0.0249,0.3349,0.3358,0.0,12.0,11.9965,6.071718215942383,2.8415870666503906,16.39,0,1,180,1.55,0.9934,1.0,0.2224,0.298,0.3,0.089,0.687,1.5571
10.701,1,NAVIGATE,-0.4812,0.0202,-1.8662,-0.0214,0.1484,1.5303,-0.0214,0.3484,0.349,0.0,12.0,11.9895,6.063736438751221,2.838252544403076,16.39,0,1,180,1.561,0.9948,1.0,0.2315,0.2985,0.3,0.0926,0.691,1.519
10.751,1,NAVIGATE,-0.4782,0.0264,-1.8642,-0.019,0.1596,1.5291,-0.019,0.3596,0.3601,0.0,12.0,11.9832,6.061450004577637,2.831904888153076,16.64,0,1,180,1.674,0.9957,1.0,0.239,0.2987,0.3,0.0956,0.6943,1.494
10.801,1,NAVIGATE,-0.4741,0.0377,-1.8637,-0.0164,0.1776,1.5278,-0.0164,0.3776,0.3779,0.0,12.0,11.9717,6.058008193969727,2.827195405960083,16.64,0,1,180,1.658,0.9966,1.0,0.2511,0.299,0.3,0.1004,0.6994,1.4493
10.851,1,NAVIGATE,-0.4705,0.0495,-1.8636,-0.0144,0.1953,1.5266,-0.0144,0.3953,0.3955,0.0,12.0,11.9598,6.047276020050049,2.816075086593628,16.64,0,1,180,1.736,0.9971,1.0,0.2629,0.2991,0.3,0.1052,0.7043,1.4001
10.902,1,NAVIGATE,-0.4679,0.0599,-1.8631,-0.0133,0.2093,1.5256,-0.0133,0.4093,0.4095,0.0,12.0,11.9492,6.042575836181641,2.811072826385498,16.64,0,1,180,2.105,0.9974,1.0,0.2723,0.2992,0.3,0.1089,0.7082,1.3552
10.951,1,NAVIGATE,-0.4655,0.0738,-1.8595,-0.0134,0.225,1.5246,-0.0134,0.425,0.4252,0.0,12.0,11.9353,6.037109375,2.8087923526763916,16.89,0,1,180,1.794,0.9975,1.0,0.2828,0.2993,0.3,0.1131,0.7124,1.3082
11.002,1,NAVIGATE,-0.4638,0.0855,-1.8572,-0.0136,0.2378,1.524,-0.0136,0.4378,0.438,0.0,12.0,11.9235,6.024759769439697,2.7959554195404053,16.89,0,1,180,2.013,0.9976,1.0,0.2913,0.2993,0.3,0.1165,0.7158,1.2605
11.051,1,NAVIGATE,-0.4635,0.0988,-1.8527,-0.016,0.2524,1.5238,-0.016,0.4524,0.4527,0.0,12.0,11.9103,6.016806602478027,2.788564443588257,16.89,0,1,180,1.796,0.9972,1.0,0.301,0.2992,0.3,0.1204,0.7196,1.2099
11.101,1,NAVIGATE,-0.4647,0.1115,-1.8468,-0.0205,0.2665,1.5238,-0.0205,0.4665,0.4669,0.0,12.0,11.8976,6.012350082397461,2.782233715057373,16.89,0,1,180,1.724,0.9966,1.0,0.3102,0.299,0.3,0.1241,0.7231,1.1614
11.151,1,NAVIGATE,-0.4661,0.1226,-1.8431,-0.0236,0.2782,1.5239,0.0764,0.4782,0.4843,0.0,12.0,11.8866,5.995523452758789,2.7663934230804443,16.89,0,1,180,1.703,0.9929,1.0,0.3206,0.2979,0.3,0.1282,0.7261,1.1033
11.201,1,NAVIGATE,-0.4669,0.1345,-1.8388,-0.0259,0.2903,1.5241,0.0741,0.4903,0.4959,0.0,12.0,11.8746,5.9893574714660645,2.7588696479797363,16.89,0,1,180,1.56,0.9939,1.0,0.3285,0.2982,0.3,0.1314,0.7296,1.0639
11.251,1,NAVIGATE,-0.4675,0.1497,-1.8339,-0.0277,0.3052,1.5245,0.0723,0.5052,0.5103,0.0,12.0,11.8595,5.982818126678467,2.7522144317626953,16.89,0,1,180,1.841,0.9947,1.0,0.3384,0.2984,0.3,0.1354,0.7338,1.0199
11.301,1,NAVIGATE,-0.4683,0.1629,-1.831,-0.0269,0.3177,1.525,0.0731,0.5177,0.5228,0.0,12.0,11.8464,5.966283321380615,2.736668586730957,17.14,0,1,180,1.705,0.9949,1.0,0.3468,0.2985,0.3,0.1387,0.7372,0.969
11.352,1,NAVIGATE,-0.4683,0.1778,-1.8336,-0.0229,0.3311,1.5256,0.0771,0.5311,0.5366,0.0,12.0,11.8315,5.957275390625,2.7310702800750732,17.14,0,1,180,2.091,0.9945,1.0,0.3558,0.2984,0.3,0.1423,0.7407,0.9198
11.401,1,NAVIGATE,-0.468,0.1927,-1.839,-0.0167,0.3438,1.5263,-0.0167,0.5438,0.544,0.0,12.0,11.8166,5.949864387512207,2.719226837158203,17.14,0,1,180,1.787,0.9975,1.0,0.3618,0.2993,0.3,0.1447,0.744,0.9072
11.451,1,NAVIGATE,-0.4677,0.2057,-1.8435,-0.0105,0.3545,1.5267,-0.0105,0.5545,0.5546,0.0,12.0,11.8036,5.931617736816406,2.7038092613220215,17.14,0,1,180,1.915,0.9983,1.0,0.3691,0.2995,0.3,0.1476,0.7471,0.8742
11.501,1,NAVIGATE,-0.4678,0.2179,-1.8518,-0.0024,0.3646,1.5264,-0.0024,0.5646,0.5646,0.0,12.0,11.7914,5.9222331047058105,2.6909310817718506,17.14,0,1,180,1.751,0.999,1.0,0.3761,0.2997,0.3,0.1504,0.7501,0.8532
11.552,1,NAVIGATE,-0.4676,0.2333,-1.8611,0.0051,0.3771,1.5259,0.0051,0.5771,0.5771,0.0,12.0,11.776,5.910140514373779,2.6813955307006836,17.14,0,1,180,2.174,0.9995,1.0,0.3846,0.2999,0.3,0.1538,0.7537,0.8313
11.601,1,NAVIGATE,-0.4671,0.2499,-1.8698,0.0099,0.3901,1.5261,0.0099,0.5901,0.5902,0.0,12.0,11.7593,5.8885321617126465,2.663966417312622,17.39,0,1,180,1.588,0.9997,1.0,0.3934,0.2999,0.3,0.1573,0.7573,0.7886
11.651,1,NAVIGATE,-0.4665,0.2658,-1.8771,0.0132,0.402,1.527,0.0132,0.602,0.6021,0.0,12.0,11.7435,5.879441738128662,2.652336359024048,17.39,0,1,180,1.748,0.9998,1.0,0.4013,0.3,0.3,0.1605,0.7605,0.7624
11.701,1,NAVIGATE,-0.4655,0.2854,-1.8851,0.0154,0.4163,1.5279,0.0154,0.6163,0.6165,0.0,12.0,11.7238,5.854829788208008,2.6291487216949463,17.39,0,1,180,1.595,0.9999,1.0,0.411,0.3,0.3,0.1644,0.7644,0.7172
11.751,1,NAVIGATE,-0.4642,0.3015,-1.8908,0.0166,0.4277,1.5282,0.0166,0.6277,0.6279,0.0,12.0,11.7077,5.841452121734619,2.6178805828094482,17.39,0,1,180,1.731,0.9999,1.0,0.4186,0.3,0.3,0.1674,0.7674,0.6872
11.801,1,NAVIGATE,-0.4605,0.3178,-1.8959,0.0194,0.4383,1.5278,0.0194,0.6383,0.6386,0.0,12.0,11.6913,5.8283538818359375,2.6065871715545654,17.39,0,1,180,1.538,1.0,1.0,0.4257,0.3,0.3,0.1703,0.7703,0.6643
11.851,1,NAVIGATE,-0.4575,0.3321,-1.8997,0.0214,0.4475,1.5272,0.0214,0.6475,0.6479,0.0,12.0,11.6768,5.8172173500061035,2.5971169471740723,17.64,0,1,180,1.693,1.0,1.0,0.4319,0.3,0.3,0.1728,0.7728,0.6404
11.901,1,NAVIGATE,-0.4538,0.3502,-1.9054,0.0236,0.4593,1.5256,0.0236,0.6593,0.6598,0.0,12.0,11.6586,5.7921037673950195,2.569148063659668,17.64,0,1,180,1.664,1.0,1.0,0.4398,0.3,0.3,0.1759,0.7759,0.6025
11.951,1,NAVIGATE,-0.4506,0.3659,-1.9108,0.0252,0.4698,1.5246,0.0252,0.6698,0.6703,0.0,12.0,11.6428,5.779901504516602,2.557140827178955,17.89,0,1,180,1.698,1.0,1.0,0.4468,0.3,0.3,0.1787,0.7787,0.5769
12.001,1,NAVIGATE,-0.4471,0.3858,-1.9166,0.0269,0.4829,1.5239,0.0269,0.6829,0.6834,0.0,12.0,11.6228,5.765523910522461,2.5442681312561035,17.89,0,1,180,1.715,1.0,1.0,0.4556,0.3,0.3,0.1822,0.7822,0.5514
12.051,1,NAVIGATE,-0.4442,0.4026,-1.9239,0.028,0.4937,1.5244,0.028,0.6937,0.6942,0.0,12.0,11.6059,5.735840797424316,2.514692544937134,18.14,0,1,180,1.647,1.0,1.0,0.4628,0.3,0.3,0.1851,0.7851,0.5323
12.101,1,NAVIGATE,-0.4409,0.4233,-1.9339,0.0289,0.5067,1.5257,0.0289,0.7067,0.7072,0.0,12.0,11.5851,5.720381259918213,2.5028562545776367,18.14,0,1,180,1.768,1.0,1.0,0.4715,0.3,0.3,0.1886,0.7886,0.5029
12.151,1,NAVIGATE,-0.4383,0.4414,-1.9411,0.0296,0.5177,1.5271,0.0296,0.7177,0.7183,0.0,12.0,11.5669,5.705367088317871,2.4939587116241455,18.39,0,1,180,1.657,1.0,1.0,0.4789,0.3,0.3,0.1916,0.7915,0.4779
12.201,1,NAVIGATE,-0.4378,0.4654,-1.9451,0.0292,0.5315,1.5288,0.0292,0.7315,0.7321,0.0,12.0,11.5429,5.674760341644287,2.4593887329101562,18.39,0,1,180,1.604,1.0,1.0,0.488,0.3,0.3,0.1952,0.7952,0.4645
12.251,1,NAVIGATE,-0.4377,0.4862,-1.9472,0.0288,0.5433,1.53,0.0288,0.7433,0.7438,0.0,12.0,11.5221,5.658489227294922,2.4418890476226807,18.39,0,1,180,1.556,1.0,1.0,0.4959,0.3,0.3,0.1984,0.7984,0.4553
12.301,1,NAVIGATE,-0.4375,0.5119,-1.9493,0.0285,0.5576,1.5311,0.0285,0.7576,0.7582,0.0,12.0,11.4964,5.642703533172607,2.427983283996582,18.64,0,1,180,1.641,1.0,1.0,0.5055,0.3,0.3,0.2022,0.8022,0.4457
12.351,1,NAVIGATE,-0.4342,0.5391,-1.9527,0.0289,0.5742,1.5317,0.0289,0.7742,0.7747,0.0,12.0,11.4692,5.607877254486084,2.395012378692627,18.89,0,1,180,1.699,1.0,1.0,0.5165,0.3,0.3,0.2066,0.8066,0.4386
12.401,1,NAVIGATE,-0.4312,0.5664,-1.9556,0.0293,0.5904,1.532,0.0293,0.7904,0.791,0.0,12.0,11.4418,5.591087341308594,2.3794286251068115,18.89,0,1,180,1.61,1.0,1.0,0.5273,0.3,0.3,0.2109,0.8109,0.433
12.451,1,NAVIGATE,-0.4279,0.5994,-1.9585,0.0298,0.6093,1.5323,0.0298,0.8093,0.8099,0.0,12.0,11.4086,5.57395076751709,2.3648335933685303,19.14,0,1,180,1.782,1.0,1.0,0.5399,0.3,0.3,0.216,0.816,0.4303
12.501,1,NAVIGATE,-0.4294,0.6245,-1.9647,0.0277,0.6222,1.5326,0.0277,0.8222,0.8226,0.0,12.0,11.3836,5.5361480712890625,2.3265647888183594,19.39,0,1,180,1.532,1.0,1.0,0.5484,0.3,0.3,0.2194,0.8194,0.438
12.551,1,NAVIGATE,-0.431,0.6553,-1.9711,0.0255,0.6372,1.5326,0.0255,0.8372,0.8376,0.0,12.0,11.3529,5.517301559448242,2.311232805252075,19.39,0,1,180,1.665,1.0,1.0,0.5584,0.3,0.3,0.2233,0.8233,0.4492
12.601,1,NAVIGATE,-0.4333,0.6858,-1.9737,0.0232,0.6513,1.5326,0.0232,0.8513,0.8516,0.0,12.0,11.3225,5.49829626083374,2.293916702270508,19.64,0,1,180,1.852,0.9999,1.0,0.5677,0.3,0.3,0.2271,0.8271,0.4405
12.651,1,NAVIGATE,-0.4365,0.7104,-1.9713,0.0212,0.6619,1.5325,0.0212,0.8619,0.8621,0.0,12.0,11.298,5.457579135894775,2.253570795059204,19.89,0,1,180,1.648,0.9999,1.0,0.5747,0.3,0.3,0.2299,0.8298,0.4369
12.701,1,NAVIGATE,-0.4394,0.7356,-1.9689,0.0196,0.6728,1.5325,0.0196,0.8728,0.8731,0.0,12.0,11.273,5.439830303192139,2.236017942428589,20.14,0,1,180,1.554,0.9999,1.0,0.582,0.3,0.3,0.2328,0.8327,0.435
12.751,1,NAVIGATE,-0.442,0.7671,-1.9645,0.0182,0.687,1.5327,0.0182,0.887,0.8872,0.0,12.0,11.2416,5.4193220138549805,2.220156669616699,20.39,0,1,180,1.602,0.9998,1.0,0.5914,0.2999,0.3,0.2365,0.8365,0.4289
12.801,1,NAVIGATE,-0.4433,0.7946,-1.9584,0.0176,0.6999,1.5328,0.0176,0.8999,0.9001,0.0,12.0,11.2141,5.375805377960205,2.1781721115112305,20.64,0,1,180,1.606,0.9998,1.0,0.5999,0.2999,0.3,0.24,0.8399,0.4268
12.851,1,NAVIGATE,-0.4444,0.8228,-1.953,0.0172,0.7131,1.5331,0.0172,0.9131,0.9133,0.0,12.0,11.1861,5.355360984802246,2.1562442779541016,20.89,0,1,180,1.646,0.9998,1.0,0.6087,0.2999,0.3,0.2435,0.8434,0.4263
12.901,1,NAVIGATE,-0.4467,0.8574,-1.9479,0.0162,0.7293,1.5336,0.0162,0.8293,0.8295,0.0,12.0,11.1516,5.3330512046813965,2.1402809619903564,21.14,0,1,180,1.673,0.9998,1.0,0.5529,0.2999,0.3,0.2212,0.8211,0.4309
12.951,1,NAVIGATE,-0.4507,0.8931,-1.9446,0.0144,0.7458,1.534,0.0144,0.8458,0.8459,0.0,12.0,11.1161,5.2891058921813965,2.096186876296997,21.65,0,1,180,1.692,0.9997,1.0,0.5638,0.2999,0.3,0.2255,0.8254,0.4297
13.001,1,NAVIGATE,-0.4536,0.9234,-1.9423,0.0131,0.76,1.5341,0.0131,0.86,0.8601,0.0,12.0,11.0859,5.265280246734619,2.074962615966797,21.9,0,1,180,1.53,0.9997,1.0,0.5732,0.2999,0.3,0.2293,0.8292,0.4276
13.051,1,NAVIGATE,-0.4573,0.9575,-1.9407,0.012,0.7728,1.534,0.012,0.8728,0.8729,0.0,12.0,11.0519,5.2431793212890625,2.057253837585449,22.15,0,1,180,1.775,0.9996,1.0,0.5817,0.2999,0.3,0.2327,0.8326,0.4273
13.101,1,NAVIGATE,-0.4602,0.9855,-1.94,0.0114,0.7811,1.5339,0.0114,0.8811,0.8811,0.0,12.0,11.0241,5.192439556121826,2.007236957550049,22.65,0,1,180,1.643,0.9996,1.0,0.5872,0.2999,0.3,0.2349,0.8347,0.4251
13.151,1,NAVIGATE,-0.4632,1.02,-1.9395,0.0108,0.7896,1.534,0.0108,0.8896,0.8896,0.0,12.0,10.9898,5.167721271514893,1.9873257875442505,22.9,0,1,180,1.891,0.9995,1.0,0.5928,0.2999,0.3,0.2371,0.837,0.4264
13.202,1,NAVIGATE,-0.4676,1.0569,-1.9374,0.0097,0.7985,1.5342,0.0097,0.8985,0.8985,0.0,12.0,10.9531,5.145727634429932,1.9642359018325806,23.15,0,1,180,1.947,0.9995,1.0,0.5987,0.2998,0.3,0.2395,0.8393,0.4276
13.251,1,NAVIGATE,-0.4711,1.0884,-1.9357,0.0088,0.806,1.5341,0.0088,0.906,0.9061,0.0,12.0,10.9218,5.094408988952637,1.917585849761963,23.65,0,1,180,1.679,0.9994,0.9618,0.6037,0.2998,0.2885,0.2415,0.8299,0.4285
13.301,1,NAVIGATE,-0.4744,1.1269,-1.9344,0.008,0.8153,1.5338,0.008,0.9153,0.9153,0.0,12.0,10.8834,5.068624019622803,1.8961455821990967,24.15,0,1,180,1.549,0.9994,0.9315,0.6099,0.2998,0.2794,0.2439,0.8232,0.4242
13.351,1,NAVIGATE,-0.4757,1.1605,-1.9347,0.008,0.8236,1.5335,0.008,0.9236,0.9237,0.0,12.0,10.8499,5.044816017150879,1.8753242492675781,24.4,0,1,180,1.803,0.9994,0.9399,0.6154,0.2998,0.282,0.2462,0.8279,0.4272
13.401,1,NAVIGATE,-0.4769,1.2012,-1.9353,0.0081,0.8337,1.5333,0.0081,0.8337,0.8338,0.0,12.0,10.8094,4.991891384124756,1.8248616456985474,25.15,0,1,180,1.706,0.9994,0.9166,0.5555,0.2998,0.275,0.2222,0.797,0.431
13.451,1,NAVIGATE,-0.4772,1.2353,-1.9356,0.0084,0.8422,1.5329,0.0084,0.8422,0.8423,0.0,12.0,10.7753,4.965784549713135,1.8015958070755005,25.65,0,1,180,1.707,0.9994,0.8896,0.5612,0.2998,0.2669,0.2245,0.7912,0.4297
13.501,1,NAVIGATE,-0.4756,1.2765,-1.9347,0.0099,0.8525,1.5323,0.0099,0.8525,0.8525,0.0,12.0,10.734,4.9405999183654785,1.7807499170303345,25.9,0,1,180,1.705,0.9995,0.9006,0.568,0.2998,0.2702,0.2272,0.7972,0.4349
13.551,1,NAVIGATE,-0.4743,1.3112,-1.9342,0.011,0.8588,1.5315,0.011,0.8588,0.8589,0.0,12.0,10.6993,4.886918544769287,1.731738805770874,26.9,0,1,180,1.732,0.9995,0.8903,0.5723,0.2999,0.2671,0.2289,0.7959,0.4404
13.601,1,NAVIGATE,-0.4726,1.3459,-1.9344,0.0121,0.8633,1.5306,0.0121,0.8633,0.8634,0.0,12.0,10.6646,4.8584370613098145,1.7079415321350098,27.15,0,1,180,1.681,0.9995,0.888,0.5753,0.2999,0.2664,0.2301,0.7964,0.4415
13.651,1,NAVIGATE,-0.4693,1.3872,-1.9366,0.0139,0.8668,1.5292,0.0139,0.8668,0.8669,0.0,12.0,10.6232,4.83360481262207,1.685561180114746,27.65,0,1,180,1.751,0.9996,0.8961,0.5777,0.2999,0.2688,0.2311,0.7998,0.4451
13.701,1,NAVIGATE,-0.4667,1.4217,-1.9384,0.0153,0.8691,1.5281,0.0153,0.8691,0.8692,0.0,12.0,10.5885,4.777459621429443,1.6352635622024536,28.65,0,1,180,1.711,0.9996,0.8938,0.5793,0.2999,0.2681,0.2317,0.7997,0.4497
13.751,1,NAVIGATE,-0.4653,1.4555,-1.9386,0.0158,0.8705,1.5271,0.0158,0.8705,0.8706,0.0,12.0,10.5547,4.750088691711426,1.6133712530136108,29.15,0,1,180,1.758,0.9997,0.8981,0.5802,0.2999,0.2694,0.2321,0.8014,0.4513
13.801,1,NAVIGATE,-0.4657,1.4949,-1.9365,0.0154,0.8714,1.5262,0.0154,0.8714,0.8715,0.0,12.0,10.5155,4.725827693939209,1.58939528465271,29.65,0,1,180,1.619,0.9996,0.8957,0.5808,0.2999,0.2687,0.2323,0.8009,0.4516
13.851,1,NAVIGATE,-0.4659,1.5346,-1.9349,0.0151,0.8727,1.5254,0.0151,0.8727,0.8728,0.0,12.0,10.4758,4.667135715484619,1.544333815574646,30.9,0,1,180,1.675,0.9996,0.9009,0.5817,0.2999,0.2703,0.2327,0.8028,0.4484
13.901,1,NAVIGATE,-0.4676,1.5678,-1.9315,0.0141,0.8741,1.5249,0.0141,0.8741,0.8742,0.0,12.0,10.4427,4.6410112380981445,1.521489143371582,31.4,0,1,180,1.703,0.9996,0.9008,0.5826,0.2999,0.2702,0.233,0.8032,0.4489
13.951,1,NAVIGATE,-0.4707,1.6079,-1.9264,0.0125,0.8761,1.5244,0.0125,0.8761,0.8762,0.0,12.0,10.4028,4.614596366882324,1.4969608783721924,31.9,0,1,180,1.73,0.9995,0.897,0.5839,0.2999,0.2691,0.2335,0.8025,0.4473
14.001,1,NAVIGATE,-0.4729,1.6416,-1.923,0.0115,0.8781,1.5242,0.0115,0.8781,0.8781,0.0,12.0,10.3692,4.558509826660156,1.4502936601638794,33.16,0,1,180,1.631,0.9995,0.8966,0.5851,0.2998,0.269,0.234,0.8029,0.4481
14.051,1,NAVIGATE,-0.4711,1.6825,-1.9196,0.0123,0.8802,1.5239,0.0123,0.8802,0.8803,0.0,12.0,10.3283,4.529878616333008,1.4257395267486572,33.66,0,1,180,1.696,0.9995,0.9018,0.5866,0.2998,0.2705,0.2346,0.805,0.4506
14.102,1,NAVIGATE,-0.4681,1.7167,-1.9174,0.0136,0.8819,1.5239,0.0136,0.8819,0.882,0.0,12.0,10.2939,4.504012584686279,1.4066801071166992,34.41,0,1,180,2.058,0.9995,0.8953,0.5878,0.2999,0.2686,0.2351,0.8035,0.4472
14.151,1,NAVIGATE,-0.4649,1.7581,-1.9156,0.015,0.8842,1.5241,0.015,0.8842,0.8843,0.0,12.0,10.2524,4.446433067321777,1.3582254648208618,35.66,0,1,180,1.789,0.9996,0.8836,0.5893,0.2999,0.2651,0.2357,0.8007,0.4419
14.201,1,NAVIGATE,-0.4612,1.7934,-1.9152,0.0165,0.8858,1.5243,0.0165,0.8858,0.886,0.0,12.0,10.217,4.419256687164307,1.3342097997665405,36.41,0,1,180,1.633,0.9996,0.8764,0.5904,0.2999,0.2629,0.2362,0.799,0.4385
14.251,1,NAVIGATE,-0.4571,1.8359,-1.9154,0.018,0.8879,1.5247,0.018,0.8879,0.8881,0.0,12.0,10.1744,4.392976760864258,1.315569519996643,37.16,0,1,180,1.756,0.9997,0.8677,0.5919,0.2999,0.2603,0.2368,0.797,0.434
14.301,1,NAVIGATE,-0.454,1.8714,-1.916,0.019,0.8898,1.5249,0.019,0.8898,0.89,0.0,12.0,10.1388,4.334916591644287,1.2706358432769775,38.66,0,1,180,1.689,0.9997,0.8647,0.5931,0.2999,0.2594,0.2373,0.7966,0.431
14.351,1,NAVIGATE,-0.4494,1.9146,-1.914,0.0203,0.8923,1.5247,0.0203,0.8923,0.8926,0.0,12.0,10.0954,4.30672025680542,1.246808409690857,-34.66,0,1,180,1.768,0.9998,0.8591,0.5949,0.2999,0.2577,0.238,0.7956,0.4281
14.401,1,NAVIGATE,-0.4452,1.9579,-1.913,0.0214,0.8949,1.5243,0.0214,0.8949,0.8952,0.0,12.0,10.0519,4.278994083404541,1.2236539125442505,-35.16,0,1,180,1.557,0.9998,0.8546,0.5967,0.2999,0.2564,0.2387,0.795,0.4253
14.451,1,NAVIGATE,-0.4417,1.9862,-1.9131,0.0224,0.8963,1.5241,0.0224,0.8963,0.8966,0.0,12.0,10.0236,4.220817565917969,1.1784017086029053,-36.91,0,1,180,1.863,0.9998,0.8475,0.5976,0.2999,0.2542,0.239,0.7932,0.422
14.501,1,NAVIGATE,-0.4328,2.0258,-1.9158,0.0255,0.8967,1.524,0.0255,0.8967,0.8971,0.0,12.0,9.9836,4.193393230438232,1.1534061431884766,-37.66,0,1,180,1.701,0.9999,0.8374,0.598,0.3,0.2512,0.2392,0.7904,0.417
14.551,1,NAVIGATE,-0.4248,2.0658,-1.9188,0.0282,0.8975,1.5234,0.0282,0.8975,0.8979,0.0,12.0,9.9432,4.166030406951904,1.1333868503570557,-38.66,0,1,180,1.688,0.9999,0.8289,0.5986,0.3,0.2487,0.2394,0.7881,0.4128
14.601,1,NAVIGATE,-0.42,2.0925,-1.9203,0.0296,0.898,1.523,0.0296,0.898,0.8985,0.0,12.0,9.9164,4.134059906005859,1.1090046167373657,-39.41,0,1,180,1.748,1.0,0.8273,0.599,0.3,0.2482,0.2396,0.7877,0.4142
14.651,1,NAVIGATE,-0.4139,2.1314,-1.9206,0.0308,0.8978,1.5222,0.0308,0.8978,0.8984,0.0,12.0,9.8773,4.07990837097168,1.066963791847229,-41.41,0,1,180,1.78,1.0,0.8226,0.5989,0.3,0.2468,0.2396,0.7863,0.4102
14.701,1,NAVIGATE,-0.4085,2.1708,-1.9213,0.0317,0.8982,1.5217,0.0317,0.8982,0.8988,0.0,12.0,9.8376,4.051074981689453,1.045131802558899,-42.41,0,1,180,1.707,1.0,0.8195,0.5992,0.3,0.2459,0.2397,0.7855,0.4084
14.752,1,NAVIGATE,-0.4046,2.2045,-1.9211,0.0321,0.8991,1.5214,0.0321,0.8991,0.8997,0.0,12.0,9.8039,4.019335746765137,1.0225902795791626,-43.42,0,1,180,1.895,1.0,0.8267,0.5998,0.3,0.248,0.2399,0.7879,0.408
14.801,1,NAVIGATE,-0.4012,2.2388,-1.9196,0.032,0.9005,1.5214,0.032,0.9005,0.9011,0.0,12.0,9.7694,3.9638583660125732,0.9830232262611389,-45.67,0,1,180,1.646,1.0,0.8194,0.6007,0.3,0.2458,0.2403,0.7861,0.4091
14.851,1,NAVIGATE,-0.3982,2.2735,-1.9187,0.032,0.9021,1.5216,0.032,0.9021,0.9027,0.0,12.0,9.7347,3.93403697013855,0.9612346887588501,-46.92,0,1,180,1.742,1.0,0.8189,0.6018,0.3,0.2457,0.2407,0.7864,0.4093
14.901,1,NAVIGATE,-0.3949,2.3148,-1.9199,0.0319,0.9035,1.5222,-0.0681,0.9035,0.9061,0.0,12.0,9.6933,3.9037795066833496,0.9400734901428223,-48.42,0,1,180,1.609,0.9933,0.8235,0.6,0.298,0.2471,0.24,0.785,0.4128
14.951,1,NAVIGATE,-0.3924,2.349,-1.9225,0.0318,0.9042,1.5228,-0.0682,0.9042,0.9068,0.0,12.0,9.659,3.847522020339966,0.9046704769134521,-50.92,0,1,180,1.602,0.9933,0.8273,0.6005,0.298,0.2482,0.2402,0.7864,0.4152
15.001,1,NAVIGATE,-0.3897,2.3904,-1.9258,0.0321,0.9054,1.5235,-0.0679,0.9054,0.9079,0.0,12.0,9.6175,3.8185465335845947,0.8855308890342712,-52.67,0,1,180,1.564,0.9933,0.8355,0.6012,0.298,0.2507,0.2405,0.7892,0.418
15.051,1,NAVIGATE,-0.3893,2.4227,-1.9279,0.0301,0.9052,1.524,-0.0699,0.9052,0.9079,0.0,12.0,9.5852,3.786780595779419,0.8674910664558411,-54.18,0,1,180,1.799,0.9931,0.8412,0.6011,0.2979,0.2524,0.2404,0.7907,0.4197
15.101,1,NAVIGATE,-0.39,2.4539,-1.9297,0.0261,0.9045,1.5243,-0.0739,0.9045,0.9075,0.0,12.0,9.554,3.730004072189331,0.8325090408325195,-57.43,0,1,180,1.65,0.9925,0.8496,0.6005,0.2978,0.2549,0.2402,0.7928,0.4229
15.151,1,NAVIGATE,-0.3908,2.4921,-1.932,0.0195,0.9042,1.5248,-0.0805,0.9042,0.9078,0.0,12.0,9.5159,3.7000226974487305,0.8178807497024536,-59.18,0,1,180,1.727,0.9916,0.8568,0.6001,0.2975,0.257,0.24,0.7945,0.4258
15.201,1,NAVIGATE,-0.3934,2.5306,-1.9356,0.0113,0.9042,1.5253,-0.0887,0.9042,0.9085,0.0,12.0,9.4776,3.6693809032440186,0.8018763661384583,-61.18,0,1,180,1.647,0.9903,0.8585,0.5998,0.2971,0.2575,0.2399,0.7946,0.4248
15.252,1,NAVIGATE,-0.3955,2.5564,-1.9382,0.0055,0.9044,1.5257,-0.0945,0.9044,0.9094,0.0,12.0,9.4518,3.64007830619812,0.7896251678466797,-62.93,0,1,180,1.854,0.9894,0.8538,0.5998,0.2968,0.2561,0.2399,0.7929,0.4217
15.301,1,NAVIGATE,-0.3987,2.5958,-1.9421,-0.003,0.9052,1.5265,-0.103,0.9052,0.911,0.0,12.0,9.4126,3.581838607788086,0.7656600475311279,-66.94,0,1,180,1.679,0.9879,0.8505,0.6,0.2964,0.2552,0.24,0.7915,0.4231
15.351,1,NAVIGATE,-0.3999,2.6401,-1.947,-0.0102,0.9082,1.5274,-0.0102,0.9082,0.9083,0.0,12.0,9.3684,3.550776243209839,0.7546249628067017,-69.19,0,1,180,1.774,0.9985,0.8362,0.6047,0.2996,0.2509,0.2419,0.7923,0.4202
15.401,1,NAVIGATE,-0.4007,2.6778,-1.9509,-0.0159,0.9111,1.5284,-0.1159,0.9111,0.9184,0.0,12.0,9.3309,3.5205078125,0.744851291179657,-71.44,0,1,180,1.731,0.9857,0.8598,0.6035,0.2957,0.2579,0.2414,0.795,0.4325
15.451,1,NAVIGATE,-0.402,2.7229,-1.9553,-0.0225,0.9143,1.5296,-0.1225,0.9143,0.9225,0.0,12.0,9.2858,3.4622690677642822,0.7298998236656189,-75.44,0,1,180,1.768,0.9845,0.8683,0.6054,0.2953,0.2605,0.2422,0.798,0.4352
15.501,1,NAVIGATE,-0.4065,2.7607,-1.959,-0.0275,0.9169,1.5305,-0.1275,0.9169,0.9257,0.0,12.0,9.2482,3.4306859970092773,0.723523736000061,-78.45,0,1,180,1.683,0.9835,0.8737,0.607,0.295,0.2621,0.2428,0.7999,0.434
15.551,1,NAVIGATE,-0.4107,2.7985,-1.9624,-0.0323,0.9193,1.5312,-0.1323,0.9193,0.9288,0.0,12.0,9.2106,3.4004621505737305,0.7198195457458496,-80.2,0,1,180,1.636,0.9825,0.8851,0.6083,0.2947,0.2655,0.2433,0.8036,0.4363
15.601,1,NAVIGATE,-0.4162,2.8438,-1.9657,-0.0386,0.9219,1.5318,-0.1386,0.9219,0.9322,0.0,12.0,9.1657,3.3408830165863037,0.7128962874412537,-84.95,0,1,180,1.573,0.9811,0.8977,0.6098,0.2943,0.2693,0.2439,0.8075,0.4421
15.651,1,NAVIGATE,-0.4243,2.8884,-1.967,-0.0466,0.9238,1.5321,-0.1466,0.9238,0.9353,0.0,12.0,9.1214,3.309337615966797,0.7138977646827698,-86.2,0,1,180,1.709,0.9793,0.8928,0.6106,0.2938,0.2678,0.2443,0.8059,0.4438
15.701,1,NAVIGATE,-0.4307,2.9257,-1.968,-0.0535,0.9254,1.5322,-0.1535,0.9254,0.938,0.0,12.0,9.0845,3.2801594734191895,0.7128820419311523,-87.46,0,1,180,1.67,0.9776,0.9,0.6114,0.2933,0.27,0.2446,0.8078,0.446
15.751,1,NAVIGATE,-0.4378,2.9697,-1.9689,-0.0619,0.9269,1.5325,-0.1619,0.9269,0.941,0.0,12.0,9.0409,3.222325563430786,0.7148460149765015,-88.71,0,1,180,1.63,0.9756,0.9125,0.612,0.2927,0.2738,0.2448,0.8112,0.455
15.801,1,NAVIGATE,-0.4432,3.005,-1.9691,-0.0689,0.9276,1.5326,-0.1689,0.9276,0.9429,0.0,12.0,9.0059,3.1885945796966553,0.7157005667686462,-87.96,0,1,180,1.653,0.9738,0.9164,0.6121,0.2921,0.2749,0.2449,0.8119,0.4569
15.851,1,NAVIGATE,-0.4485,3.0406,-1.9694,-0.0758,0.9285,1.5327,-0.0758,0.8285,0.832,0.0,12.0,8.9706,3.1573119163513184,0.7175784707069397,-90.46,0,1,180,1.619,0.99,0.9516,0.5491,0.297,0.2855,0.2197,0.8021,0.4486
15.901,1,NAVIGATE,-0.4549,3.083,-1.9679,-0.0843,0.93,1.5324,-0.0843,0.83,0.8343,0.0,12.0,8.9286,3.0994646549224854,0.7192691564559937,-89.21,0,1,180,1.573,0.9884,0.9926,0.5498,0.2965,0.2978,0.2199,0.8142,0.4469
15.951,1,NAVIGATE,-0.4613,3.1244,-1.9631,-0.0928,0.9314,1.5321,-0.0928,0.8314,0.8366,0.0,12.0,8.8876,3.06575083732605,0.7242507338523865,-92.21,0,1,180,1.791,0.9867,1.0,0.5503,0.296,0.3,0.2201,0.8162,0.4293
16.001,1,NAVIGATE,-0.4667,3.1594,-1.9598,-0.0979,0.9306,1.5318,-0.0979,0.8306,0.8363,0.0,12.0,8.8529,3.0066256523132324,0.7335546016693115,-96.71,0,1,180,1.809,0.9856,1.0,0.5495,0.2957,0.3,0.2198,0.8155,0.3931
16.051,1,NAVIGATE,-0.4729,3.2006,-1.9568,-0.1017,0.9271,1.5315,-0.1017,0.8271,0.8333,0.0,12.0,8.8121,2.9771766662597656,0.7404758334159851,-98.72,0,1,180,1.786,0.9846,1.0,0.547,0.2954,0.3,0.2188,0.8142,0.3845
16.101,1,NAVIGATE,-0.4791,3.2416,-1.9548,-0.1034,0.9221,1.5309,-0.1034,0.8221,0.8286,0.0,12.0,8.7715,2.9440715312957764,0.7478469014167786,-100.97,0,1,180,1.796,0.9839,1.0,0.5435,0.2952,0.3,0.2174,0.8126,0.3762
16.151,1,NAVIGATE,-0.4841,3.2759,-1.9537,-0.1039,0.9175,1.53,-0.1039,0.8175,0.8241,0.0,12.0,8.7375,2.885018825531006,0.7668359279632568,-105.22,0,1,180,1.98,0.9835,1.0,0.5403,0.2951,0.3,0.2161,0.8112,0.3445
16.201,1,NAVIGATE,-0.4917,3.3178,-1.9545,-0.1044,0.9122,1.5288,-0.1044,0.8122,0.8189,0.0,12.0,8.6961,2.855802059173584,0.778722882270813,-107.22,0,1,180,1.712,0.983,1.0,0.5367,0.2949,0.3,0.2147,0.8096,0.3373
16.251,1,NAVIGATE,-0.4992,3.3599,-1.9559,-0.1049,0.9071,1.5276,0.0951,0.7071,0.7135,0.0,12.0,8.6545,2.822350025177002,0.7943267226219177,-109.48,0,1,180,1.786,0.9971,1.0,0.4743,0.2991,0.3,0.1897,0.7888,0.3891
16.301,1,NAVIGATE,-0.5052,3.3951,-1.9573,-0.1056,0.9031,1.5266,-0.2056,0.8031,0.829,0.0,12.0,8.6198,2.764679431915283,0.8192393183708191,-112.98,0,1,180,1.625,0.9526,1.0,0.5264,0.2858,0.3,0.2106,0.7963,0.3573
16.351,1,NAVIGATE,-0.5103,3.4381,-1.9566,-0.1056,0.8987,1.5256,-0.2056,0.7987,0.8247,0.0,12.0,8.5771,2.7358837127685547,0.8345090746879578,-114.73,0,1,180,1.818,0.9519,1.0,0.5234,0.2856,0.3,0.2093,0.7949,0.3527
16.402,1,NAVIGATE,-0.5144,3.4738,-1.9565,-0.1023,0.8929,1.5243,-0.2023,0.7929,0.8183,0.0,12.0,8.5417,2.70137882232666,0.8522385954856873,-116.48,0,1,180,1.905,0.9523,1.0,0.5195,0.2857,0.3,0.2078,0.7935,0.3605
16.451,1,NAVIGATE,-0.5195,3.5162,-1.9562,-0.1003,0.8862,1.5222,-0.2003,0.7862,0.8113,0.0,12.0,8.4997,2.646439552307129,0.8863623142242432,-119.49,0,1,180,1.789,0.9521,1.0,0.515,0.2856,0.3,0.206,0.7916,0.3808
16.501,1,NAVIGATE,-0.5249,3.5579,-1.9555,-0.1018,0.8801,1.5201,-0.2018,0.7801,0.8058,0.0,12.0,8.4584,2.617382526397705,0.8986771702766418,-120.99,0,1,180,1.67,0.9507,1.0,0.5107,0.2852,0.3,0.2043,0.7895,0.3709
16.551,1,NAVIGATE,-0.5295,3.5927,-1.9552,-0.1058,0.8755,1.5183,-0.2058,0.7755,0.8023,0.0,12.0,8.424,2.556419610977173,0.9331896901130676,129.75,0,1,180,1.739,0.9485,1.0,0.5073,0.2846,0.3,0.2029,0.7875,0.3774
16.601,1,NAVIGATE,-0.5358,3.6326,-1.9543,-0.1129,0.8694,1.5158,-0.2129,0.8694,0.8951,0.0,12.0,8.3845,2.5291764736175537,0.9482027888298035,131.25,0,1,180,1.718,0.9541,1.0,0.5694,0.2862,0.3,0.2277,0.814,0.4082
16.652,1,NAVIGATE,-0.5428,3.6711,-1.953,-0.1215,0.8625,1.5137,-0.2215,0.7625,0.794,0.0,12.0,8.3466,2.50134015083313,0.9652243256568909,132.5,0,1,180,1.777,0.9401,1.0,0.4976,0.282,0.3,0.1991,0.7811,0.3236
16.701,1,NAVIGATE,-0.5476,3.6968,-1.9526,-0.1276,0.8579,1.5125,-0.2276,0.7579,0.7914,0.0,12.0,8.3212,2.471024990081787,0.9833616614341736,134.25,0,1,180,1.644,0.9368,0.9953,0.4942,0.281,0.2986,0.1977,0.7773,0.3132
16.751,1,NAVIGATE,-0.5535,3.7369,-1.9494,-0.1359,0.8551,1.5108,-0.0359,0.6551,0.6561,0.0,12.0,8.2816,2.416053295135498,1.0416796207427979,-129.49,0,1,180,1.66,0.9926,1.0,0.4342,0.2978,0.3,0.1737,0.7714,0.2559
16.801,1,NAVIGATE,-0.5591,3.7776,-1.9457,-0.1442,0.8529,1.5094,-0.0442,0.6529,0.6544,0.0,12.0,8.2414,2.388920545578003,1.0616034269332886,-130.5,0,1,180,1.727,0.9908,1.0,0.4323,0.2972,0.3,0.1729,0.7702,0.2546
16.851,1,NAVIGATE,-0.5643,3.8115,-1.9434,-0.151,0.8504,1.5088,-0.051,0.6504,0.6524,0.0,12.0,8.2079,2.3294923305511475,1.1087936162948608,-132.25,0,1,180,1.61,0.9892,1.0,0.4303,0.2968,0.3,0.1721,0.7689,0.223
16.901,1,NAVIGATE,-0.5686,3.8527,-1.943,-0.1536,0.8447,1.5084,-0.0536,0.6447,0.6469,0.0,12.0,8.1671,2.3042407035827637,1.1283953189849854,-133.25,0,1,180,1.622,0.9884,1.0,0.4263,0.2965,0.3,0.1705,0.767,0.2228
16.951,1,NAVIGATE,-0.5729,3.8936,-1.9436,-0.151,0.8357,1.508,-0.051,0.6357,0.6378,0.0,12.0,8.1266,2.276122570037842,1.1515880823135376,-134.0,0,1,180,1.839,0.9887,1.0,0.4204,0.2966,0.3,0.1681,0.7647,0.2184
17.001,1,NAVIGATE,-0.5766,3.9274,-1.9445,-0.146,0.8265,1.5077,-0.246,0.8265,0.8623,0.0,12.0,8.0932,2.2210030555725098,1.2085134983062744,-135.0,0,1,180,1.737,0.9357,0.8629,0.5379,0.2807,0.2589,0.2152,0.7547,0.374
17.051,1,NAVIGATE,-0.579,3.9666,-1.9499,-0.1369,0.8133,1.5069,-0.2369,0.8133,0.8471,0.0,12.0,8.0542,2.1943347454071045,1.2418713569641113,-135.0,0,1,180,1.718,0.9375,0.869,0.5294,0.2813,0.2607,0.2118,0.7537,0.3834
17.101,1,NAVIGATE,-0.5815,4.0052,-1.9552,-0.1274,0.8001,1.5056,-0.2274,0.8001,0.8317,0.0,12.0,8.0159,2.1689250469207764,1.2789849042892456,-135.0,0,1,180,1.787,0.9396,0.8782,0.521,0.2819,0.2635,0.2084,0.7537,0.4039
17.152,1,NAVIGATE,-0.5825,4.0381,-1.9606,-0.1228,0.794,1.5043,-0.2228,0.794,0.8247,0.0,12.0,7.9832,2.113229990005493,1.3523892164230347,-135.0,0,1,180,1.721,0.9406,0.8788,0.5171,0.2822,0.2636,0.2068,0.7526,0.4031
17.202,1,NAVIGATE,-0.5821,4.0722,-1.967,-0.1214,0.792,1.5031,-0.2214,0.792,0.8223,0.0,12.0,7.9492,2.086744546890259,1.384857177734375,-135.0,0,1,180,1.719,0.9408,0.8741,0.5158,0.2822,0.2622,0.2063,0.7508,0.3971
17.252,1,NAVIGATE,-0.5824,4.1059,-1.9727,-0.1237,0.7922,1.5021,-0.2237,0.7922,0.8232,0.0,12.0,7.9155,2.0623090267181396,1.4197630882263184,-135.0,0,1,180,1.74,0.9398,0.867,0.5158,0.2819,0.2601,0.2063,0.7483,0.3974
17.301,1,NAVIGATE,-0.5823,4.1394,-1.979,-0.1283,0.7937,1.5014,-0.2283,0.7937,0.8259,0.0,12.0,7.8821,2.0328681468963623,1.4568225145339966,-135.0,0,1,180,1.748,0.938,0.8595,0.5165,0.2814,0.2578,0.2066,0.7458,0.4042
17.351,1,NAVIGATE,-0.579,4.1722,-1.989,-0.1331,0.7954,1.501,-0.2331,0.7954,0.8289,0.0,12.0,7.8492,1.9837673902511597,1.522913932800293,-135.0,0,1,180,1.779,0.9363,0.8451,0.5174,0.2809,0.2535,0.207,0.7414,0.4011
17.401,1,NAVIGATE,-0.5768,4.2115,-1.9995,-0.14,0.7975,1.5007,-0.24,0.7975,0.8328,0.0,12.0,7.8098,1.9582310914993286,1.5570778846740723,-135.0,0,1,180,1.65,0.9337,0.8307,0.5184,0.2801,0.2492,0.2074,0.7367,0.4092
17.451,1,NAVIGATE,-0.5769,4.2504,-2.0082,-0.1474,0.799,1.5005,-0.2474,0.799,0.8364,0.0,12.0,7.771,1.9314903020858765,1.5651642084121704,54.43,0,1,180,1.776,0.9307,0.8197,0.519,0.2792,0.2459,0.2076,0.7327,0.4061
17.501,1,NAVIGATE,-0.5792,4.2822,-2.0143,-0.1539,0.7997,1.5003,-0.2539,0.7997,0.8391,0.0,12.0,7.7395,1.8807897567749023,1.526896595954895,54.18,0,1,180,1.717,0.9278,0.8034,0.519,0.2783,0.241,0.2076,0.727,0.4015
17.551,1,NAVIGATE,-0.5829,4.3205,-2.0203,-0.1614,0.8004,1.5001,-0.2614,0.8004,0.842,0.0,12.0,7.7016,1.8565576076507568,1.507392406463623,54.93,0,1,180,1.793,0.9244,0.7894,0.5189,0.2773,0.2368,0.2075,0.7217,0.394
17.601,1,NAVIGATE,-0.586,4.3528,-2.0227,-0.1672,0.801,1.5,-0.2672,0.801,0.8444,0.0,12.0,7.6696,1.828574538230896,1.4851521253585815,55.93,0,1,180,1.71,0.9217,0.7871,0.5189,0.2765,0.2361,0.2075,0.7202,0.3951
17.651,1,NAVIGATE,-0.5893,4.3854,-2.0235,-0.1729,0.8018,1.4998,-0.2729,0.8018,0.847,0.0,12.0,7.6374,1.7798234224319458,1.4468252658843994,56.93,0,1,180,1.756,0.919,0.7884,0.5189,0.2757,0.2365,0.2076,0.7198,0.3952
17.701,1,NAVIGATE,-0.5941,4.4244,-2.0239,-0.1798,0.8028,1.4994,-0.2798,0.8028,0.8502,0.0,12.0,7.5988,1.7544928789138794,1.4278080463409424,58.43,0,1,180,1.51,0.9157,0.7861,0.519,0.2747,0.2358,0.2076,0.7181,0.3866
17.751,1,NAVIGATE,-0.598,4.4567,-2.0246,-0.1855,0.8034,1.4991,-0.2855,0.8034,0.8526,0.0,12.0,7.567,1.7263671159744263,1.4065101146697998,58.18,0,1,180,1.593,0.9129,0.7707,0.5189,0.2739,0.2312,0.2076,0.7126,0.3805
17.801,1,NAVIGATE,-0.602,4.4888,-2.0253,-0.1912,0.8039,1.4988,-0.2912,0.8039,0.855,0.0,12.0,7.5353,1.6781259775161743,1.3685462474822998,59.68,0,1,180,1.664,0.91,0.7686,0.5187,0.273,0.2306,0.2075,0.711,0.3792
17.851,1,NAVIGATE,-0.6089,4.5337,-2.0258,-0.1994,0.8047,1.498,-0.2994,0.8047,0.8586,0.0,12.0,7.491,1.6540285348892212,1.348536491394043,60.93,0,1,180,1.739,0.9058,0.7496,0.5185,0.2717,0.2249,0.2074,0.704,0.3703
17.902,1,NAVIGATE,-0.6129,4.5686,-2.0241,-0.205,0.807,1.4974,-0.205,0.607,0.6407,0.0,12.0,7.4566,1.6261181831359863,1.3264504671096802,61.43,0,1,180,2.033,0.9179,0.8253,0.3921,0.2754,0.2476,0.1568,0.6798,0.4131
17.951,1,NAVIGATE,-0.6178,4.6033,-2.0225,-0.2109,0.8095,1.4968,-0.2109,0.6095,0.6449,0.0,12.0,7.4225,1.5783755779266357,1.2892872095108032,63.43,0,1,180,1.754,0.9145,0.8281,0.3932,0.2744,0.2484,0.1573,0.6801,0.414
18.001,1,NAVIGATE,-0.6245,4.6448,-2.0206,-0.2185,0.8127,1.4963,-0.2185,0.7127,0.7454,0.0,12.0,7.3817,1.5544167757034302,1.2710747718811035,64.43,0,1,180,1.684,0.9278,0.7241,0.4611,0.2784,0.2172,0.1844,0.68,0.3629
18.051,1,NAVIGATE,-0.6329,4.6878,-2.0186,-0.2243,0.8103,1.4959,-0.2243,0.7103,0.7449,0.0,12.0,7.3395,1.52774178981781,1.24967360496521,64.18,0,1,180,1.741,0.9241,0.7449,0.4589,0.2772,0.2235,0.1836,0.6842,0.3732
18.101,1,NAVIGATE,-0.6389,4.7161,-2.0175,-0.2268,0.8055,1.4956,-0.2268,0.7055,0.7411,0.0,12.0,7.3119,1.4824447631835938,1.2138913869857788,66.44,0,1,180,1.808,0.9216,0.7575,0.4553,0.2765,0.2273,0.1821,0.6859,0.38
18.151,1,NAVIGATE,-0.6482,4.7578,-2.0159,-0.2288,0.7976,1.4949,-0.2288,0.6976,0.7342,0.0,12.0,7.2711,1.460473656654358,1.1964495182037354,66.69,0,1,180,1.775,0.9187,0.7791,0.4496,0.2756,0.2337,0.1799,0.6892,0.387
18.202,1,NAVIGATE,-0.6593,4.8011,-2.0172,-0.2301,0.7914,1.4938,-0.2301,0.6914,0.7287,0.0,12.0,7.2291,1.4369943141937256,1.1769702434539795,67.94,0,1,180,1.902,0.9161,0.7898,0.445,0.2748,0.2369,0.178,0.6898,0.3912
18.251,1,NAVIGATE,-0.6687,4.8364,-2.018,-0.2307,0.7867,1.4926,-0.2307,0.6867,0.7244,0.0,12.0,7.1948,1.3979405164718628,1.1426059007644653,69.19,0,1,180,1.823,0.9142,0.7927,0.4415,0.2743,0.2378,0.1766,0.6887,0.393
18.301,1,NAVIGATE,-0.6827,4.8783,-2.0193,-0.2322,0.7817,1.4909,-0.2322,0.7817,0.8154,0.0,12.0,7.1544,1.3782998323440552,1.1253068447113037,69.69,0,1,180,1.726,0.927,0.697,0.504,0.2781,0.2091,0.2016,0.6888,0.3438
18.351,1,NAVIGATE,-0.7015,4.92,-2.0215,-0.2353,0.7766,1.4891,-0.2353,0.7766,0.8115,0.0,12.0,7.1147,1.3568841218948364,1.1070363521575928,70.44,0,1,180,1.9,0.9238,0.7033,0.4998,0.2771,0.211,0.1999,0.688,0.3483
18.401,1,NAVIGATE,-0.7164,4.9541,-2.0229,-0.2379,0.7724,1.4876,-0.2379,0.7724,0.8082,0.0,12.0,7.0822,1.3210341930389404,1.0753662586212158,73.44,0,1,180,1.605,0.921,0.7117,0.4963,0.2763,0.2135,0.1985,0.6883,0.3533
18.451,1,NAVIGATE,-0.7335,4.995,-2.0247,-0.2406,0.7703,1.4857,-0.2406,0.7703,0.807,0.0,12.0,7.0433,1.3037118911743164,1.0587596893310547,73.94,0,1,180,1.765,0.9183,0.7198,0.494,0.2755,0.2159,0.1976,0.689,0.3629
18.501,1,NAVIGATE,-0.7471,5.0292,-2.0261,-0.2427,0.7704,1.4842,-0.2427,0.7704,0.8077,0.0,12.0,7.0108,1.2872318029403687,1.04337477684021,74.69,0,1,180,1.685,0.9164,0.7182,0.4935,0.2749,0.2155,0.1974,0.6878,0.3622
18.551,1,NAVIGATE,-0.7603,5.0629,-2.0271,-0.2446,0.7715,1.4829,-0.2446,0.7715,0.8093,0.0,12.0,6.9786,1.2598375082015991,1.0148248672485352,78.2,0,1,180,1.759,0.9147,0.7206,0.4935,0.2744,0.2162,0.1974,0.688,0.3601
18.601,1,NAVIGATE,-0.7763,5.1024,-2.0239,-0.2465,0.7729,1.4815,-0.2465,0.7729,0.8112,0.0,12.0,6.9411,1.2447762489318848,0.9998230934143066,77.7,0,1,180,1.652,0.9127,0.7338,0.4936,0.2738,0.2201,0.1975,0.6914,0.359
18.652,1,NAVIGATE,-0.7923,5.141,-2.0171,-0.2482,0.7739,1.4801,-0.2482,0.7739,0.8128,0.0,12.0,6.9046,1.2280519008636475,0.9847797751426697,79.2,0,1,180,1.936,0.9109,0.732,0.4936,0.2733,0.2196,0.1974,0.6903,0.3597
18.701,1,NAVIGATE,-0.8052,5.1731,-2.0121,-0.2495,0.7748,1.4789,-0.2495,0.7748,0.814,0.0,12.0,6.8743,1.2084007263183594,0.9592113494873047,81.95,0,1,180,1.68,0.9094,0.7159,0.4935,0.2728,0.2148,0.1974,0.685,0.3598
18.751,1,NAVIGATE,-0.8193,5.2111,-2.0057,-0.2506,0.7757,1.4771,-0.2506,0.7757,0.8152,0.0,12.0,6.8382,1.1997313499450684,0.946246862411499,81.45,0,1,180,1.755,0.9079,0.7169,0.4934,0.2724,0.2151,0.1974,0.6848,0.36
18.801,1,NAVIGATE,-0.8306,5.2426,-2.0009,-0.2514,0.7765,1.4753,-0.3514,0.7765,0.8523,0.0,12.0,6.8082,1.1926523447036743,0.9326462745666504,82.95,0,1,180,1.789,0.8539,0.7807,0.4852,0.2562,0.2342,0.1941,0.6845,0.3911
18.851,1,NAVIGATE,-0.8418,5.2741,-1.9968,-0.2522,0.7772,1.4733,-0.3522,0.7772,0.8533,0.0,12.0,6.7783,1.1861515045166016,0.9101619720458984,85.2,0,1,180,1.808,0.8526,0.7996,0.485,0.2558,0.2399,0.194,0.6897,0.3981
18.901,1,NAVIGATE,-0.8575,5.3091,-1.9952,-0.2539,0.7774,1.4703,-0.3539,0.7774,0.8541,0.0,12.0,6.7456,1.1894081830978394,0.8992384672164917,87.46,0,1,180,1.687,0.8501,0.8074,0.484,0.255,0.2422,0.1936,0.6908,0.4006
18.952,1,NAVIGATE,-0.8733,5.3439,-1.9945,-0.2582,0.7774,1.467,-0.3582,0.7774,0.8559,0.0,12.0,6.7131,1.1977717876434326,0.8867904543876648,89.21,0,1,180,1.875,0.8461,0.8127,0.4828,0.2538,0.2438,0.1931,0.6907,0.4028
19.001,1,NAVIGATE,-0.8837,5.3673,-1.9942,-0.2624,0.7774,1.4647,-0.3624,0.7774,0.8577,0.0,12.0,6.6913,10.50564193725586,0.8677408695220947,88.96,0,1,180,1.819,0.8426,0.8214,0.4818,0.2528,0.2464,0.1927,0.6919,0.3797
19.051,1,NAVIGATE,-0.8987,5.409,-1.9957,-0.2705,0.7782,1.4609,-0.2705,0.7782,0.8238,0.0,12.0,6.6519,10.481319427490234,0.8586403131484985,90.71,0,1,180,1.795,0.8916,0.7421,0.4897,0.2675,0.2226,0.1959,0.686,0.3536
19.101,1,NAVIGATE,-0.9097,5.439,-1.9967,-0.2774,0.7788,1.4584,-0.2774,0.6788,0.7332,0.0,12.0,6.6237,10.453857421875,0.8478358387947083,92.21,0,1,180,1.684,0.865,0.8175,0.4228,0.2595,0.2453,0.1691,0.6739,0.4087
19.151,1,NAVIGATE,-0.9204,5.4687,-1.9972,-0.2846,0.7793,1.456,-0.2846,0.6793,0.7365,0.0,12.0,6.5958,10.403982162475586,0.8312510848045349,95.71,0,1,180,1.775,0.8594,0.8279,0.422,0.2578,0.2484,0.1688,0.675,0.4126
19.201,1,NAVIGATE,-0.9315,5.5025,-1.9956,-0.2904,0.7795,1.4538,-0.2904,0.6795,0.739,0.0,12.0,6.5639,10.379119873046875,0.8248094916343689,97.72,0,1,180,1.676,0.8545,0.8381,0.421,0.2563,0.2514,0.1684,0.6762,0.4123
19.251,1,NAVIGATE,-0.9411,5.531,-1.9945,-0.2933,0.7776,1.4521,-0.2933,0.6776,0.7384,0.0,12.0,6.5371,10.352999687194824,0.817381739616394,97.97,0,1,180,1.794,0.8509,0.8332,0.4189,0.2553,0.25,0.1676,0.6728,0.4104
19.301,1,NAVIGATE,-0.955,5.5647,-1.9942,-0.2957,0.7727,1.45,-0.2957,0.6727,0.7348,0.0,12.0,6.5058,10.30290412902832,0.8041937351226807,103.72,0,1,180,1.986,0.8465,0.8187,0.4147,0.2539,0.2456,0.1659,0.6654,0.4078
19.352,1,NAVIGATE,-0.9696,5.5917,-1.9953,-0.2975,0.7668,1.4481,-0.2975,0.6668,0.7302,0.0,12.0,6.4813,10.280071258544922,0.7983236312866211,101.47,0,1,180,2.502,0.842,0.8173,0.4099,0.2526,0.2452,0.164,0.6617,0.4113
19.401,1,NAVIGATE,-0.984,5.6189,-1.9964,-0.2986,0.7605,1.4462,-0.2986,0.6605,0.7248,0.0,12.0,6.4566,10.251226425170898,0.7920147180557251,104.22,0,1,180,1.629,0.8378,0.8157,0.4048,0.2513,0.2447,0.1619,0.658,0.4094
19.453,1,NAVIGATE,-0.9983,5.6458,-1.9966,-0.2995,0.7539,1.444,-0.2995,0.6539,0.7192,0.0,12.0,6.4321,10.22793197631836,0.7866327166557312,105.22,0,1,180,2.85,0.8335,0.8208,0.3997,0.2501,0.2462,0.1599,0.6562,0.4088
19.502,1,NAVIGATE,-1.0127,5.6725,-1.9957,-0.3003,0.7474,1.4417,-0.3003,0.6474,0.7137,0.0,12.0,6.408,10.180526733398438,0.7770342826843262,-36.41,0,1,180,2.641,0.8292,0.8221,0.3945,0.2488,0.2466,0.1578,0.6532,0.4049
19.551,1,NAVIGATE,-1.0296,5.7047,-1.9948,-0.3014,0.7398,1.4387,-0.3014,0.6398,0.7073,0.0,12.0,6.379,10.152990341186523,0.7640265226364136,-37.66,0,1,180,1.798,0.824,0.8159,0.3885,0.2472,0.2448,0.1554,0.6474,0.4057
19.603,1,NAVIGATE,-1.0427,5.7318,-1.9946,-0.3023,0.7336,1.4362,-0.3023,0.6336,0.7021,0.0,12.0,6.3544,10.129694938659668,0.7539701461791992,-38.16,0,1,180,2.512,0.8196,0.8111,0.3836,0.2459,0.2433,0.1535,0.6427,0.4046
19.651,1,NAVIGATE,-1.0545,5.7591,-1.9954,-0.3031,0.7275,1.4336,-0.3031,0.6275,0.6969,0.0,12.0,6.3294,10.106229782104492,0.7446283102035522,-40.91,0,1,180,1.861,0.8154,0.8046,0.3788,0.2446,0.2414,0.1515,0.6375,0.4008
19.701,1,NAVIGATE,-1.0664,5.7864,-1.9961,-0.304,0.7216,1.4311,-0.204,0.6216,0.6542,0.0,12.0,6.3045,10.055559158325195,0.7252280712127686,-42.16,0,1,180,1.65,0.8837,0.7249,0.3854,0.2651,0.2175,0.1542,0.6368,0.3532
19.751,1,NAVIGATE,-1.0809,5.8196,-1.9984,-0.3056,0.7146,1.4278,-0.2056,0.6146,0.6481,0.0,12.0,6.2743,10.033464431762695,0.7175918817520142,-45.92,0,1,180,1.784,0.8795,0.7221,0.38,0.2639,0.2166,0.152,0.6325,0.3573
19.801,1,NAVIGATE,-1.0935,5.8478,-2.0025,-0.3072,0.7089,1.425,-0.2072,0.6089,0.6432,0.0,12.0,6.2487,10.009847640991211,0.7085745334625244,-44.67,0,1,180,1.809,0.8757,0.7221,0.3755,0.2627,0.2166,0.1502,0.6295,0.3606
19.851,1,NAVIGATE,-1.106,5.8758,-2.0061,-0.3072,0.7033,1.4221,-0.2072,0.6033,0.6379,0.0,12.0,6.2233,9.962183952331543,0.6955806612968445,-46.67,0,1,180,1.962,0.873,0.7219,0.3712,0.2619,0.2166,0.1485,0.627,0.3558
19.901,1,NAVIGATE,-1.1191,5.907,-2.0092,-0.3041,0.6957,1.4185,-0.2041,0.5957,0.6297,0.0,12.0,6.195,9.940003395080566,0.6889903545379639,-47.67,0,1,180,1.7,0.8719,0.7217,0.366,0.2616,0.2165,0.1464,0.6245,0.3573
19.951,1,NAVIGATE,-1.1306,5.9362,-2.0112,-0.2985,0.6873,1.415,-0.0985,0.5873,0.5955,0.0,12.0,6.1683,9.916723251342773,0.6845000386238098,-50.67,0,1,180,1.827,0.9392,0.644,0.3728,0.2818,0.1932,0.1491,0.6241,0.3144
20.001,1,NAVIGATE,-1.1402,5.9607,-2.0126,-0.2931,0.6804,1.412,-0.0931,0.5804,0.5878,0.0,12.0,6.146,9.8701171875,0.6761575937271118,-52.92,0,1,180,1.749,0.9409,0.6431,0.3687,0.2823,0.1929,0.1475,0.6227,0.3201
20.051,1,NAVIGATE,-1.1514,5.9912,-2.0124,-0.2862,0.6729,1.4084,-0.0862,0.5729,0.5794,0.0,12.0,6.1181,9.849523544311523,0.6724920868873596,-54.18,0,1,180,1.8,0.9432,0.646,0.3643,0.283,0.1938,0.1457,0.6225,0.3233
20.101,1,NAVIGATE,-1.1623,6.0223,-2.0115,-0.2769,0.666,1.4051,-0.0769,0.566,0.5713,0.0,12.0,6.0897,9.827656745910645,0.6704888343811035,-52.67,0,1,180,1.749,0.947,0.6467,0.3606,0.2841,0.194,0.1443,0.6224,0.3243
20.151,1,NAVIGATE,-1.1714,6.048,-2.0107,-0.2676,0.6603,1.4023,-0.1676,0.5603,0.5849,0.0,12.0,6.0662,9.780126571655273,0.6647384762763977,-56.43,0,1,180,1.756,0.8847,0.7435,0.345,0.2654,0.2231,0.138,0.6264,0.3028
20.201,1,NAVIGATE,-1.1812,6.0791,-2.0083,-0.2544,0.6534,1.399,-0.1544,0.5534,0.5745,0.0,12.0,6.0376,9.76070785522461,0.6634507179260254,-58.68,0,1,180,1.71,0.8921,0.7421,0.3417,0.2676,0.2226,0.1367,0.6269,0.302
20.252,1,NAVIGATE,-1.1892,6.1048,-2.0066,-0.2428,0.6475,1.3961,-0.1428,0.5475,0.5659,0.0,12.0,6.014,9.740397453308105,0.6631224751472473,-59.18,0,1,180,2.163,0.8986,0.7412,0.339,0.2696,0.2224,0.1356,0.6276,0.2975
20.301,1,NAVIGATE,-1.1985,6.1354,-2.0048,-0.2309,0.6404,1.3924,-0.1309,0.5404,0.556,0.0,12.0,5.9858,9.695350646972656,0.6618841290473938,-63.68,0,1,180,1.648,0.9051,0.7517,0.3355,0.2715,0.2255,0.1342,0.6312,0.2758
20.352,1,NAVIGATE,-1.2095,6.1685,-2.0096,-0.2219,0.6344,1.3885,-0.1219,0.5344,0.5481,0.0,12.0,5.9556,9.674617767333984,0.6612952947616577,-63.68,0,1,180,1.984,0.9095,0.758,0.3323,0.2728,0.2274,0.1329,0.6332,0.2732
20.401,1,NAVIGATE,-1.2184,6.1956,-2.013,-0.216,0.6293,1.3855,-0.016,0.5293,0.5296,0.0,12.0,5.9309,9.633785247802734,0.6616529822349548,-64.43,0,1,180,1.662,0.972,0.6843,0.3432,0.2916,0.2053,0.1373,0.6342,0.3415
20.451,1,NAVIGATE,-1.2278,6.2274,-2.0158,-0.21,0.6231,1.382,-0.01,0.5231,0.5232,0.0,12.0,5.9017,9.610831260681152,0.6637523174285889,-66.19,0,1,180,1.827,0.974,0.6944,0.3397,0.2922,0.2083,0.1359,0.6364,0.3448
20.501,1,NAVIGATE,-1.2353,6.2583,-2.0166,-0.2035,0.6168,1.3791,-0.0035,0.5168,0.5168,0.0,12.0,5.8731,9.59168529510498,0.6656750440597534,-67.94,0,1,180,1.682,0.9762,0.7006,0.3363,0.2929,0.2102,0.1345,0.6376,0.3482
20.552,1,NAVIGATE,-1.2416,6.2838,-2.017,-0.1963,0.6114,1.3767,0.0037,0.5114,0.5114,0.0,12.0,5.8495,9.552764892578125,0.6680554151535034,-71.19,0,1,180,2.483,0.9787,0.7249,0.3337,0.2936,0.2175,0.1335,0.6446,0.3345
20.601,1,NAVIGATE,-1.2478,6.3145,-2.0155,-0.1851,0.6049,1.3737,0.0149,0.5049,0.5051,0.0,12.0,5.8208,9.529716491699219,0.6714981198310852,-70.19,0,1,180,1.707,0.9827,0.7176,0.3309,0.2948,0.2153,0.1324,0.6424,0.3468
20.651,1,NAVIGATE,-1.2525,6.3399,-2.0134,-0.1741,0.5992,1.371,0.0259,0.4992,0.4999,0.0,12.0,5.797,9.511260032653809,0.6735261082649231,-73.69,0,1,180,1.767,0.9863,0.7183,0.3287,0.2959,0.2155,0.1315,0.6429,0.3594
20.701,1,NAVIGATE,-1.257,6.365,-2.0115,-0.1622,0.5935,1.3683,0.0378,0.4935,0.4949,0.0,12.0,5.7735,9.474811553955078,0.6779037714004517,-72.69,0,1,180,1.649,0.9898,0.6941,0.3266,0.2969,0.2082,0.1306,0.6358,0.3576
20.751,1,NAVIGATE,-1.2635,6.3944,-2.0108,-0.1479,0.5866,1.3652,0.0521,0.5866,0.5889,0.0,12.0,5.7462,9.453143119812012,0.681908369064331,-75.44,0,1,180,1.972,0.9912,0.6758,0.3891,0.2973,0.2027,0.1556,0.6557,0.2065
20.801,1,NAVIGATE,-1.269,6.4185,-2.0109,-0.136,0.5807,1.3629,0.064,0.5807,0.5842,0.0,12.0,5.724,9.434481620788574,0.6852994561195374,-78.2,0,1,180,1.884,0.9935,0.6874,0.387,0.2981,0.2062,0.1548,0.6591,0.232
20.852,1,NAVIGATE,-1.2731,6.4375,-2.0109,-0.1265,0.5755,1.3611,0.0735,0.5755,0.5802,0.0,12.0,5.7063,9.417230606079102,0.689671516418457,-77.45,0,1,180,1.862,0.9952,0.7233,0.3849,0.2986,0.217,0.154,0.6695,0.2606
20.902,1,NAVIGATE,-1.2767,6.4602,-2.0132,-0.1143,0.5704,1.3591,0.0857,0.6704,0.6758,0.0,12.0,5.685,9.399279594421387,0.6913303136825562,-78.7,0,1,180,1.963,0.9951,0.7172,0.4483,0.2985,0.2151,0.1793,0.693,0.2402
20.951,1,NAVIGATE,-1.2789,6.4859,-2.0193,-0.0991,0.5659,1.3567,0.1009,0.6659,0.6735,0.0,12.0,5.6605,9.360468864440918,0.7000304460525513,-80.45,0,1,180,1.708,0.997,0.7397,0.4477,0.2991,0.2219,0.1791,0.7001,0.2808
21.002,1,NAVIGATE,-1.2805,6.5073,-2.0236,-0.0867,0.5638,1.3548,0.1133,0.6638,0.6734,0.0,12.0,5.6399,9.343182563781738,0.7029407620429993,-83.2,0,1,180,2.047,0.9982,0.7584,0.4481,0.2995,0.2275,0.1793,0.7062,0.313
21.052,1,NAVIGATE,-1.2804,6.5333,-2.026,-0.0715,0.5648,1.3526,0.1285,0.7648,0.7756,0.0,12.0,5.6146,9.327024459838867,0.7071995735168457,-83.45,0,1,180,1.922,0.998,0.7209,0.516,0.2994,0.2163,0.2064,0.722,0.3051
21.101,1,NAVIGATE,-1.2798,6.5508,-2.0266,-0.0614,0.5672,1.3511,0.1386,0.7672,0.7796,0.0,12.0,5.5975,9.30660343170166,0.710957407951355,-81.7,0,1,180,1.888,0.9987,0.7234,0.519,0.2996,0.217,0.2076,0.7242,0.3258
21.151,1,NAVIGATE,-1.2789,6.5728,-2.0271,-0.0491,0.5708,1.3492,0.1509,0.7708,0.7855,0.0,12.0,5.5758,9.27111530303955,0.7183319330215454,-85.45,0,1,180,1.782,0.9993,0.7142,0.5233,0.2998,0.2143,0.2093,0.7233,0.3368
21.202,1,NAVIGATE,-1.276,6.6013,-2.0286,-0.0336,0.5792,1.347,0.1664,0.6792,0.6993,0.0,12.0,5.5474,9.254851341247559,0.721537709236145,-85.45,0,1,180,2.087,1.0,0.8231,0.4662,0.3,0.2469,0.1865,0.7334,0.4027
21.251,1,NAVIGATE,-1.2723,6.6267,-2.0302,-0.0204,0.5893,1.3452,0.1796,0.6893,0.7123,0.0,12.0,5.5219,9.236002922058105,0.7252267599105835,-87.71,0,1,180,1.792,0.9997,0.8382,0.4748,0.2999,0.2515,0.1899,0.7413,0.4134
21.301,1,NAVIGATE,-1.2686,6.6522,-2.0315,-0.0074,0.601,1.3436,0.1926,0.701,0.727,0.0,12.0,5.4962,9.198041915893555,0.73317551612854,-89.71,0,1,180,1.733,0.9994,0.8436,0.4843,0.2998,0.2531,0.1937,0.7466,0.4203
21.352,1,NAVIGATE,-1.2628,6.6837,-2.03,0.0083,0.6135,1.3419,0.2083,0.7135,0.7433,0.0,12.0,5.4642,9.180784225463867,0.7383894324302673,-91.46,0,1,180,1.944,0.9987,0.8968,0.4949,0.2996,0.2691,0.198,0.7666,0.4424
21.401,1,NAVIGATE,-1.2564,6.7156,-2.0274,0.0239,0.6237,1.3404,0.2239,0.8237,0.8536,0.0,12.0,5.4317,9.1590576171875,0.7423546314239502,-92.46,0,1,180,1.779,0.9995,0.8531,0.5688,0.2998,0.2559,0.2275,0.7833,0.4229
21.451,1,NAVIGATE,-1.2512,6.7424,-2.0253,0.0367,0.6305,1.3392,0.2367,0.7305,0.7679,0.0,12.0,5.4045,9.121281623840332,0.7517263889312744,-92.21,0,1,180,1.776,0.9968,0.9526,0.5103,0.299,0.2858,0.2041,0.7889,0.4616
21.501,1,NAVIGATE,-1.2384,6.7786,-2.0263,0.0563,0.6387,1.3378,0.2563,0.8387,0.877,0.0,12.0,5.3662,9.099481582641602,0.755491316318512,-93.46,0,1,180,1.428,0.998,0.8975,0.5835,0.2994,0.2692,0.2334,0.802,0.4458
21.551,1,NAVIGATE,-1.2291,6.8046,-2.0271,0.0704,0.6456,1.337,0.2704,0.8456,0.8878,0.0,12.0,5.3388,9.057997703552246,0.7662855386734009,-97.22,0,1,180,1.742,0.997,0.911,0.5901,0.2991,0.2733,0.236,0.8085,0.4484
21.602,1,NAVIGATE,-1.2201,6.8309,-2.0277,0.0841,0.6517,1.3363,0.2841,0.8517,0.8978,0.0,12.0,5.3112,9.037941932678223,0.772189736366272,-96.46,0,1,180,1.91,0.9959,0.9589,0.5961,0.2988,0.2877,0.2384,0.8249,0.4739
21.651,1,NAVIGATE,-1.2122,6.8609,-2.0208,0.0993,0.6601,1.3354,0.2993,0.8601,0.9106,0.0,12.0,5.2801,9.018107414245605,0.7762241363525391,-98.22,0,1,180,1.664,0.9947,0.9897,0.6039,0.2984,0.2969,0.2415,0.8369,0.4932
21.701,1,NAVIGATE,-1.2055,6.8864,-2.0156,0.1119,0.6689,1.3348,0.3119,0.8689,0.9232,0.0,12.0,5.2538,8.995752334594727,0.7833444476127625,-100.22,0,1,180,1.603,0.9936,0.9831,0.6115,0.2981,0.2949,0.2446,0.8376,0.4738
21.751,1,NAVIGATE,-1.1969,6.9179,-2.0107,0.127,0.6812,1.3343,0.327,0.7812,0.8469,0.0,12.0,5.2211,8.953459739685059,0.7954787015914917,-102.97,0,1,180,1.714,0.9864,1.0,0.5569,0.2959,0.3,0.2228,0.8187,0.4247
21.801,1,NAVIGATE,-1.1876,6.9506,-2.0077,0.1421,0.6954,1.3339,0.3421,0.6954,0.775,0.0,12.0,5.1872,8.93431282043457,0.8013617396354675,-104.47,0,1,180,1.771,0.9745,1.0,0.5035,0.2924,0.3,0.2014,0.7938,0.3746
21.851,1,NAVIGATE,-1.178,6.984,-2.005,0.1572,0.7098,1.3338,0.3572,0.7098,0.7946,0.0,12.0,5.1524,8.886109352111816,0.8153305053710938,-103.72,0,1,180,1.67,0.9724,1.0,0.5151,0.2917,0.3,0.206,0.7978,0.3217
21.901,1,NAVIGATE,-1.1704,7.0173,-2.0023,0.1713,0.7208,1.3336,0.2713,0.7208,0.7701,0.0,12.0,5.1183,8.863245010375977,0.8231351971626282,-105.97,0,1,180,1.642,0.9917,0.9686,0.5091,0.2975,0.2906,0.2037,0.7917,0.4824
21.952,1,NAVIGATE,-1.1646,7.0451,-2.0001,0.1828,0.7257,1.3334,0.2828,0.8257,0.8728,0.0,12.0,5.0899,8.812312126159668,0.8388060927391052,-108.73,0,1,180,1.73,0.9951,0.9033,0.579,0.2985,0.271,0.2316,0.8011,0.446
22.001,1,NAVIGATE,-1.1581,7.0732,-1.9982,0.195,0.7278,1.3333,0.295,0.8278,0.8788,0.0,12.0,5.0611,8.789461135864258,0.84618079662323,-109.48,0,1,180,1.71,0.9938,0.899,0.5822,0.2981,0.2697,0.2329,0.8007,0.4451
22.051,1,NAVIGATE,-1.1484,7.1092,-1.9972,0.2085,0.7287,1.3334,0.3085,0.8287,0.8843,0.0,12.0,5.0238,8.765202522277832,0.8545841574668884,-112.23,0,1,180,1.777,0.9921,0.9505,0.5849,0.2976,0.2851,0.2339,0.8167,0.4404
22.101,1,NAVIGATE,-1.1395,7.1399,-1.9969,0.2184,0.7312,1.3336,0.3184,0.8312,0.89,0.0,12.0,4.9919,8.714357376098633,0.8735044598579407,-113.48,0,1,180,1.707,0.9908,0.926,0.5879,0.2972,0.2778,0.2352,0.8102,0.4018
22.151,1,NAVIGATE,-1.1283,7.1768,-1.9966,0.2283,0.7361,1.3341,0.3283,0.7361,0.8061,0.0,12.0,4.9535,8.690239906311035,0.8828359842300415,-115.98,0,1,180,1.698,0.9821,1.0,0.5277,0.2946,0.3,0.2111,0.8057,0.3619
22.202,1,NAVIGATE,-1.1147,7.2127,-1.993,0.2381,0.7426,1.3347,0.3381,0.6426,0.7261,0.0,12.0,4.9154,8.667797088623047,0.8916507363319397,-117.48,0,1,180,2.029,0.9675,1.0,0.4684,0.2903,0.3,0.1873,0.7776,0.3187
22.252,1,NAVIGATE,-1.1033,7.2428,-1.9904,0.2455,0.749,1.3353,0.3455,0.649,0.7352,0.0,12.0,4.8835,8.643951416015625,0.9023255705833435,-118.99,0,1,180,1.833,0.9661,1.0,0.4735,0.2898,0.3,0.1894,0.7792,0.2922
22.302,1,NAVIGATE,-1.0919,7.2731,-1.9882,0.2524,0.7541,1.3359,0.2524,0.7541,0.7952,0.0,12.0,4.8513,8.592430114746094,0.9242441654205322,-118.23,0,1,180,2.562,0.9954,0.8516,0.5277,0.2986,0.2555,0.2111,0.7652,0.4225
22.351,1,NAVIGATE,-1.0781,7.3109,-1.984,0.2606,0.7558,1.3366,0.2606,0.7558,0.7995,0.0,12.0,4.8114,8.566939353942871,0.9336047172546387,-119.99,0,1,180,1.787,0.9944,0.8713,0.53,0.2983,0.2614,0.212,0.7717,0.4295
22.402,1,NAVIGATE,-1.0664,7.3422,-1.9811,0.2677,0.7538,1.337,0.2677,0.8538,0.8948,0.0,12.0,4.7784,8.5419340133667,0.9434226751327515,-121.24,0,1,180,2.221,0.9969,0.8255,0.5947,0.2991,0.2476,0.2379,0.7846,0.4038
22.451,1,NAVIGATE,-1.0546,7.3732,-1.9797,0.2735,0.7514,1.3374,0.2735,0.8514,0.8943,0.0,12.0,4.7455,8.492473602294922,0.9698984026908875,-123.74,0,1,180,1.874,0.9962,0.833,0.5939,0.2989,0.2499,0.2376,0.7863,0.4148
22.502,1,NAVIGATE,-1.0424,7.4039,-1.9815,0.278,0.7495,1.3379,0.278,0.8495,0.8939,0.0,12.0,4.7128,8.466904640197754,0.982223391532898,-125.24,0,1,180,1.884,0.9957,0.8222,0.5933,0.2987,0.2467,0.2373,0.7827,0.4136
22.551,1,NAVIGATE,-1.0278,7.4407,-1.9837,0.2816,0.7511,1.3387,0.2816,0.8511,0.8965,0.0,12.0,4.6737,8.44450569152832,0.9946846961975098,-125.74,0,1,180,1.894,0.9952,0.8347,0.5948,0.2986,0.2504,0.2379,0.7869,0.4178
22.602,1,NAVIGATE,-1.0158,7.4711,-1.9863,0.2835,0.755,1.3395,0.2835,0.855,0.9008,0.0,12.0,4.6414,8.416913986206055,1.0089709758758545,39.66,0,1,180,1.854,0.995,0.8402,0.5976,0.2985,0.2521,0.239,0.7896,0.4205
22.651,1,NAVIGATE,-1.0044,7.5007,-1.9918,0.2845,0.7601,1.3405,0.2845,0.8601,0.9059,0.0,12.0,4.61,8.368882179260254,0.975670576095581,41.91,0,1,180,1.756,0.995,0.8376,0.6009,0.2985,0.2513,0.2404,0.7902,0.4162
22.702,1,NAVIGATE,-0.9907,7.5367,-1.9975,0.2852,0.7675,1.3418,0.2852,0.8675,0.9132,0.0,12.0,4.5719,8.345335960388184,0.9590646028518677,42.91,0,1,180,2.05,0.9951,0.8478,0.6058,0.2985,0.2543,0.2423,0.7952,0.422
22.752,1,NAVIGATE,-0.9795,7.5674,-2.0011,0.2857,0.7741,1.3432,0.2857,0.7741,0.8252,0.0,12.0,4.5396,8.315956115722656,0.9375649094581604,44.17,0,1,180,1.802,0.9908,0.8942,0.545,0.2972,0.2682,0.218,0.7835,0.4413
22.801,1,NAVIGATE,-0.9693,7.5995,-2.0021,0.2858,0.7813,1.3445,0.2858,0.7813,0.832,0.0,12.0,4.506,8.266173362731934,0.9068664312362671,46.67,0,1,180,1.808,0.9911,0.8626,0.5497,0.2973,0.2588,0.2199,0.776,0.4313
22.852,1,NAVIGATE,-0.9549,7.6447,-2.0032,0.2864,0.7911,1.3464,0.2864,0.7911,0.8414,0.0,12.0,4.4587,8.242005348205566,0.8904505968093872,47.92,0,1,180,1.79,0.9914,0.8584,0.5561,0.2974,0.2575,0.2224,0.7774,0.4291
22.901,1,NAVIGATE,-0.9455,7.6705,-2.0019,0.2872,0.7948,1.3474,0.2872,0.7948,0.8451,0.0,12.0,4.4315,8.212250709533691,0.871724009513855,49.42,0,1,180,1.703,0.9913,0.8542,0.5585,0.2974,0.2563,0.2234,0.7771,0.4273
22.952,1,NAVIGATE,-0.9327,7.7026,-1.9982,0.2889,0.7976,1.3485,0.2889,0.7976,0.8483,0.0,12.0,4.3975,8.187193870544434,0.8578949570655823,50.67,0,1,180,1.759,0.9911,0.8609,0.5605,0.2973,0.2583,0.2242,0.7798,0.4311
23.001,1,NAVIGATE,-0.92,7.7347,-1.9949,0.2907,0.7989,1.3493,0.2907,0.7989,0.8502,0.0,12.0,4.3634,8.135951042175293,0.8309148550033569,53.67,0,1,180,1.812,0.9907,0.8726,0.5615,0.2972,0.2618,0.2246,0.7836,0.4321
23.051,1,NAVIGATE,-0.9041,7.773,-1.9917,0.2932,0.7994,1.3502,0.2932,0.7994,0.8515,0.0,12.0,4.3226,8.106457710266113,0.8167129755020142,55.43,0,1,180,1.794,0.9901,0.8746,0.562,0.297,0.2624,0.2248,0.7842,0.4279
23.101,1,NAVIGATE,-0.8899,7.8046,-1.9898,0.2955,0.7993,1.3508,0.2955,0.7993,0.8522,0.0,12.0,4.2888,8.07888412475586,0.8012997508049011,57.18,0,1,180,1.744,0.9895,0.8649,0.5622,0.2968,0.2595,0.2249,0.7812,0.4263
23.151,1,NAVIGATE,-0.8759,7.8362,-1.9882,0.2978,0.7992,1.3516,0.2978,0.7992,0.8529,0.0,12.0,4.2549,8.028656005859375,0.7812013626098633,60.68,0,1,180,1.803,0.9889,0.862,0.5623,0.2967,0.2586,0.2249,0.7802,0.4307
23.201,1,NAVIGATE,-0.862,7.8681,-1.9874,0.2998,0.7994,1.3525,0.2998,0.7994,0.8537,0.0,12.0,4.2209,7.9990234375,0.7669866681098938,62.68,0,1,180,1.801,0.9883,0.8646,0.5625,0.2965,0.2594,0.225,0.7809,0.435
23.252,1,NAVIGATE,-0.845,7.9072,-1.9888,0.302,0.8,1.3538,0.302,0.8,0.855,0.0,12.0,4.1791,7.974941253662109,0.7591632008552551,64.43,0,1,180,1.735,0.9876,0.8503,0.563,0.2963,0.2551,0.2252,0.7766,0.4268
23.301,1,NAVIGATE,-0.8311,7.9398,-1.9899,0.3035,0.8006,1.3548,0.3035,0.8006,0.8562,0.0,12.0,4.1444,7.950483322143555,0.7514134645462036,66.19,0,1,180,1.72,0.9871,0.8563,0.5635,0.2961,0.2569,0.2254,0.7784,0.4274
23.351,1,NAVIGATE,-0.8184,7.9724,-1.9906,0.3046,0.8015,1.3558,0.3046,0.8015,0.8575,0.0,12.0,4.1099,7.8933329582214355,0.7367100715637207,70.44,0,1,180,1.737,0.9868,0.8622,0.5641,0.296,0.2587,0.2256,0.7803,0.4236
23.401,1,NAVIGATE,-0.8072,8.0052,-1.991,0.3051,0.8028,1.3568,0.3051,0.8028,0.8588,0.0,12.0,4.0756,7.86903715133667,0.731882631778717,72.44,0,1,180,1.736,0.9866,0.8733,0.5649,0.296,0.262,0.226,0.7839,0.4271
23.451,1,NAVIGATE,-0.7936,8.0444,-1.9915,0.3058,0.8042,1.3581,0.3058,0.8042,0.8604,0.0,12.0,4.0344,7.842556476593018,0.7260004281997681,74.19,0,1,180,1.777,0.9864,0.885,0.5658,0.2959,0.2655,0.2263,0.7877,0.4309
23.501,1,NAVIGATE,-0.7832,8.0763,-1.992,0.3062,0.8049,1.3594,0.3062,0.8049,0.8611,0.0,12.0,4.0011,7.788572788238525,0.719691812992096,78.95,0,1,180,1.63,0.9862,0.9098,0.5662,0.2959,0.2729,0.2265,0.7952,0.43
23.551,1,NAVIGATE,-0.772,8.1132,-1.9928,0.3063,0.8048,1.3609,0.3063,0.8048,0.8611,0.0,12.0,3.9627,7.76242733001709,0.7188946008682251,80.95,0,1,180,1.814,0.986,0.9203,0.566,0.2958,0.2761,0.2264,0.7983,0.4385
23.602,1,NAVIGATE,-0.7624,8.1442,-1.9935,0.3066,0.8047,1.3621,0.3066,0.8047,0.8612,0.0,12.0,3.9305,7.735712051391602,0.7179533839225769,82.95,0,1,180,1.848,0.9858,0.9359,0.5659,0.2957,0.2808,0.2264,0.8029,0.4434
23.652,1,NAVIGATE,-0.7542,8.176,-1.9918,0.3065,0.8051,1.3634,0.3065,0.9051,0.9556,0.0,12.0,3.8976,7.681347846984863,0.7204830050468445,87.46,0,1,180,1.879,0.9913,0.9558,0.6315,0.2974,0.2867,0.2526,0.8368,0.4611
23.701,1,NAVIGATE,-0.745,8.215,-1.9883,0.306,0.8056,1.3649,0.306,0.9056,0.956,0.0,12.0,3.8577,7.656413555145264,0.7234053015708923,89.71,0,1,180,1.64,0.9914,0.9766,0.6318,0.2974,0.293,0.2527,0.8431,0.4694
23.751,1,NAVIGATE,-0.7367,8.2474,-1.986,0.306,0.8059,1.366,0.306,0.9059,0.9562,0.0,12.0,3.8243,7.630201816558838,0.7275382280349731,91.21,0,1,180,1.772,0.9913,0.9917,0.6319,0.2974,0.2975,0.2528,0.8477,0.4766
23.801,1,NAVIGATE,-0.7258,8.2863,-1.9839,0.3066,0.8088,1.3673,0.3066,0.9088,0.9591,0.0,12.0,3.784,7.60339879989624,0.7320765256881714,93.46,0,1,180,1.828,0.9912,1.0,0.6338,0.2974,0.3,0.2535,0.8509,0.4851
23.851,1,NAVIGATE,-0.7181,8.3122,-1.9829,0.3072,0.8121,1.3682,0.3072,0.9121,0.9625,0.0,12.0,3.757,7.548491477966309,0.74541836977005,97.72,0,1,180,1.814,0.9912,1.0,0.636,0.2974,0.3,0.2544,0.8518,0.5049
23.902,1,NAVIGATE,-0.7081,8.3449,-1.9818,0.3081,0.8175,1.3693,0.3081,0.9175,0.9679,0.0,12.0,3.723,7.523574352264404,0.752957820892334,99.97,0,1,180,1.991,0.9912,1.0,0.6396,0.2974,0.3,0.2558,0.8532,0.5035
23.952,1,NAVIGATE,-0.6959,8.3854,-1.9867,0.3091,0.8255,1.3708,0.3091,0.9255,0.9757,0.0,12.0,3.681,7.499452114105225,0.7619317770004272,100.22,0,1,180,1.846,0.9913,1.0,0.6448,0.2974,0.3,0.2579,0.8553,0.5208
24.001,1,NAVIGATE,-0.6856,8.4201,-1.9948,0.3098,0.8328,1.3721,0.3098,0.9328,0.9829,0.0,12.0,3.6449,7.468731880187988,0.7712701559066772,102.72,0,1,180,1.701,0.9914,1.0,0.6496,0.2974,0.3,0.2598,0.8572,0.5143
24.052,1,NAVIGATE,-0.6772,8.4479,-2.0007,0.3104,0.8386,1.3731,0.3104,0.9386,0.9885,0.0,12.0,3.616,7.442669868469238,0.7827811241149902,100.72,0,1,180,1.944,0.9914,1.0,0.6534,0.2974,0.3,0.2614,0.8588,0.5065
24.101,1,NAVIGATE,-0.6634,8.492,-2.0098,0.3118,0.8479,1.3747,0.3118,0.9479,0.9979,0.0,12.0,3.5702,7.389130592346191,0.8002324104309082,102.47,0,1,180,1.822,0.9914,1.0,0.6596,0.2974,0.3,0.2638,0.8613,0.5127
24.151,1,NAVIGATE,-0.651,8.5303,-2.0173,0.3135,0.8561,1.3759,0.3135,0.9561,1.0062,0.0,12.0,3.5303,7.36003303527832,0.8104434013366699,100.72,0,1,180,1.853,0.9914,1.0,0.665,0.2974,0.3,0.266,0.8634,0.5075
24.201,1,NAVIGATE,-0.6386,8.5684,-2.0237,0.3152,0.8638,1.3771,0.3152,0.9638,1.014,0.0,12.0,3.4905,7.332972049713135,0.8204879760742188,101.97,0,1,180,1.734,0.9913,1.0,0.6701,0.2974,0.3,0.268,0.8654,0.5201
24.252,1,NAVIGATE,-0.6251,8.6072,-2.0305,0.3171,0.8715,1.3781,0.2171,0.9715,0.9955,0.0,12.0,3.4499,7.305664539337158,0.8300419449806213,101.22,0,1,180,1.832,0.9993,1.0,0.6632,0.2998,0.3,0.2653,9999.4955,0.5748
24.301,1,NAVIGATE,-0.6104,8.6471,-2.0383,0.3194,0.8795,1.3789,0.2194,0.9795,1.0037,0.0,12.0,3.408,7.245510578155518,0.8497710824012756,102.22,0,1,180,1.755,0.9992,1.0,0.6686,0.2998,0.3,0.2674,9999.5037,0.5926
24.351,1,NAVIGATE,-0.5958,8.6867,-2.0447,0.3217,0.8872,1.3798,0.2217,0.9872,1.0117,0.0,12.0,3.3664,7.2186279296875,0.8598987460136414,100.97,0,1,180,1.803,0.9991,1.0,0.6739,0.2997,0.3,0.2695,9999.5117,0.6023
24.401,1,NAVIGATE,-0.5814,8.7256,-2.0496,0.3223,0.8943,1.3807,0.2223,0.9943,1.0188,0.0,12.0,3.3256,7.192387104034424,0.8687049150466919,100.47,0,1,180,1.67,0.999,1.0,0.6786,0.2997,0.3,0.2714,9999.5188,0.6144
24.452,1,NAVIGATE,-0.5643,8.7699,-2.0522,0.3211,0.9015,1.3817,0.2211,1.0015,1.0256,0.0,12.0,3.279,7.1625871658325195,0.8783263564109802,99.97,0,1,180,2.013,0.999,1.0,0.6831,0.2997,0.3,0.2732,9999.5256,0.615
24.501,1,NAVIGATE,-0.5503,8.807,-2.0535,0.3182,0.9076,1.3826,0.1182,1.1076,1.1139,0.0,12.0,3.2401,7.103982448577881,0.8956912755966187,100.97,0,1,180,1.756,0.9979,1.0,0.7411,0.2994,0.3,0.2964,9999.6139,0.621
24.551,1,NAVIGATE,-0.5356,8.8433,-2.0545,0.3147,0.9132,1.3837,0.1147,1.1132,1.1191,0.0,12.0,3.2018,7.076171398162842,0.9078665375709534,101.97,0,1,180,1.759,0.9979,1.0,0.7445,0.2994,0.3,0.2978,9999.6191,0.6315
24.601,1,NAVIGATE,-0.5171,8.8856,-2.0555,0.3104,0.9193,1.3849,0.1104,1.1193,1.1248,0.0,12.0,3.1571,7.046879291534424,0.9170334339141846,101.97,0,1,180,1.784,0.9978,1.0,0.7482,0.2993,0.3,0.2993,9999.6248,0.6395
24.651,1,NAVIGATE,-0.5022,8.9212,-2.0558,0.3049,0.9268,1.3859,0.1049,1.1268,1.1316,0.0,12.0,3.1195,6.98823881149292,0.9357469081878662,99.22,0,1,180,1.776,0.9976,1.0,0.7526,0.2993,0.3,0.3011,9999.6316,0.6573
24.701,1,NAVIGATE,-0.4871,8.9566,-2.0567,0.2978,0.9359,1.387,0.0978,1.1359,1.1401,0.0,12.0,3.0821,6.958453178405762,0.9444482326507568,98.72,0,1,180,1.636,0.9974,1.0,0.7581,0.2992,0.3,0.3032,9999.6401,0.6643
24.752,1,NAVIGATE,-0.4687,8.9986,-2.0586,0.2879,0.9484,1.3887,0.0879,1.1484,1.1517,0.0,12.0,3.0378,6.930335521697998,0.9522089958190918,100.97,0,1,180,2.082,0.9969,1.0,0.7655,0.2991,0.3,0.3062,9999.6517,0.671
24.801,1,NAVIGATE,-0.4542,9.0344,-2.0596,0.2785,0.9599,1.3902,0.0785,1.1599,1.1625,0.0,12.0,3.0002,6.8668341636657715,0.9703352451324463,102.97,0,1,180,1.724,0.9964,1.0,0.7723,0.2989,0.3,0.3089,9999.6625,0.6866
24.852,1,NAVIGATE,-0.4405,9.0809,-2.0593,0.2652,0.9756,1.3923,0.1652,1.0756,1.0882,0.0,12.0,2.9521,6.838819980621338,0.9774906635284424,98.72,0,1,180,1.841,1.0,1.0,0.7255,0.3,0.3,0.2902,9999.5882,0.6324
24.901,1,NAVIGATE,-0.4289,9.1294,-2.0581,0.2509,0.9925,1.3947,0.1509,1.0925,1.1029,0.0,12.0,2.9024,6.80799674987793,0.9846418499946594,100.22,0,1,180,1.723,0.9999,1.0,0.7352,0.3,0.3,0.2941,9999.6029,0.6386
24.952,1,NAVIGATE,-0.4215,9.1621,-2.057,0.2414,1.0038,1.3966,0.1414,1.1038,1.1128,0.0,12.0,2.869,6.773675918579102,0.9913547039031982,98.72,0,1,180,1.759,0.9998,1.0,0.7417,0.2999,0.3,0.2967,9999.6128,0.644
25.002,1,NAVIGATE,-0.4146,9.2037,-2.0539,0.2302,1.0161,1.3992,0.1302,1.1161,1.1237,0.0,12.0,2.8269,6.711627006530762,0.9910405278205872,-80.7,0,1,180,1.885,0.9995,1.0,0.7488,0.2999,0.3,0.2995,9999.6237,0.6433
25.051,1,NAVIGATE,-0.408,9.2543,-2.0491,0.2189,1.0283,1.4025,0.0189,1.1283,1.1285,0.0,12.0,2.7758,6.67891788482666,0.9847270250320435,-82.2,0,1,180,1.86,0.9915,1.0,0.7459,0.2974,0.3,0.2984,9999.6285,0.6815
25.101,1,NAVIGATE,-0.4024,9.2967,-2.0452,0.2117,1.0369,1.4053,0.0117,1.1369,1.137,0.0,12.0,2.7331,6.641997814178467,0.9767143726348877,-80.2,0,1,180,1.715,0.9906,1.0,0.7508,0.2972,0.3,0.3003,9999.637,0.6761
25.151,1,NAVIGATE,-0.3988,9.3386,-2.043,0.2053,1.0442,1.4079,0.0053,1.1442,1.1442,0.0,12.0,2.6911,6.608365535736084,0.9719512462615967,-82.95,0,1,180,1.772,0.9896,1.0,0.7549,0.2969,0.3,0.302,9999.6442,0.6711
25.201,1,NAVIGATE,-0.3962,9.3804,-2.0419,0.1977,1.0508,1.4101,-0.0023,1.1508,1.1508,0.0,12.0,2.6494,6.543141841888428,0.9608727693557739,-80.45,0,1,180,1.637,0.9885,1.0,0.7584,0.2965,0.3,0.3033,9999.6508,0.6635
25.251,1,NAVIGATE,-0.3933,9.4224,-2.0407,0.1889,1.0573,1.4122,0.1889,1.0573,1.0741,0.0,12.0,2.6075,6.50764799118042,0.954839289188385,-83.95,0,1,180,1.783,0.9997,1.0,0.7158,0.2999,0.3,0.2863,9999.5741,0.6108
25.301,1,NAVIGATE,-0.3884,9.4724,-2.0409,0.1768,1.0654,1.4145,0.1768,1.0654,1.08,0.0,12.0,2.5572,6.473418235778809,0.9502216577529907,-80.2,0,1,180,1.625,0.9999,1.0,0.7199,0.3,0.3,0.288,9999.58,0.6182
25.352,1,NAVIGATE,-0.3839,9.5143,-2.0415,0.1656,1.0724,1.4166,0.1656,1.0724,1.0851,0.0,12.0,2.5152,6.441193580627441,0.9451885223388672,-82.2,0,1,180,1.964,1.0,1.0,0.7234,0.3,0.3,0.2894,9999.5851,0.618
25.401,1,NAVIGATE,-0.3795,9.5565,-2.0418,0.1568,1.0777,1.4188,0.1568,1.0777,1.089,0.0,12.0,2.4728,6.369711399078369,0.9351832866668701,-81.2,0,1,180,1.733,1.0,1.0,0.726,0.3,0.3,0.2904,9999.589,0.6217
25.452,1,NAVIGATE,-0.3725,9.6082,-2.0404,0.1508,1.0821,1.4211,0.1508,1.0821,1.0926,0.0,12.0,2.4207,6.334714412689209,0.9303119778633118,-82.45,0,1,180,2.795,0.9999,1.0,0.7283,0.3,0.3,0.2913,9999.5926,0.6208
25.502,1,NAVIGATE,-0.3662,9.6516,-2.0385,0.1489,1.0846,1.4225,0.1489,1.0846,1.0948,0.0,12.0,2.3767,6.3023786544799805,0.9270293712615967,-81.7,0,1,180,2.017,0.9998,1.0,0.7297,0.3,0.3,0.2919,9999.5948,0.6299
25.552,1,NAVIGATE,-0.36,9.6952,-2.0366,0.149,1.0862,1.4235,0.149,1.0862,1.0964,0.0,12.0,2.3328,6.229536533355713,0.9209702610969543,-86.2,0,1,180,2.073,0.9998,1.0,0.7308,0.2999,0.3,0.2923,9999.5964,0.6396
25.602,1,NAVIGATE,-0.3551,9.7374,-2.0335,0.1499,1.0868,1.4244,0.2499,1.0868,1.1152,0.0,12.0,2.2903,6.196584701538086,0.9207375645637512,-88.46,0,1,180,2.11,0.9975,1.0,0.7416,0.2993,0.3,0.2966,9999.6152,0.6259
25.651,1,NAVIGATE,-0.3502,9.7872,-2.0293,0.1512,1.087,1.4254,0.2512,1.087,1.1156,0.0,12.0,2.2404,6.1625800132751465,0.9198471307754517,-90.46,0,1,180,1.863,0.9975,1.0,0.7419,0.2993,0.3,0.2968,9999.6156,0.6395
25.701,1,NAVIGATE,-0.3457,9.8289,-2.026,0.152,1.0873,1.4261,0.052,1.1873,1.1885,0.0,12.0,2.1984,6.090210914611816,0.9262487292289734,-94.96,0,1,180,1.686,0.9935,1.0,0.7872,0.298,0.3,0.3149,9999.6885,0.7068
25.751,1,NAVIGATE,-0.3419,9.8693,-2.0239,0.1535,1.0873,1.4266,0.0535,1.1873,1.1885,0.0,12.0,2.158,6.056563854217529,0.9301620125770569,-97.22,0,1,180,1.736,0.9935,1.0,0.7872,0.298,0.3,0.3149,9999.6885,0.7132
25.801,1,NAVIGATE,-0.3371,9.9177,-2.022,0.1577,1.0872,1.4268,0.0577,1.1872,1.1886,0.0,12.0,2.1094,6.02334451675415,0.9343854784965515,-99.22,0,1,180,1.636,0.9937,1.0,0.7875,0.2981,0.3,0.315,9999.6886,0.7209
25.851,1,NAVIGATE,-0.3327,9.9585,-2.0205,0.1592,1.0896,1.4266,0.1592,1.1896,1.2002,0.0,12.0,2.0684,5.988110065460205,0.9408270716667175,-101.47,0,1,180,1.809,0.9996,1.0,0.7998,0.2999,0.3,0.3199,9999.7002,0.7277
25.901,1,NAVIGATE,-0.3289,9.9909,-2.0156,0.1586,1.0926,1.4262,0.1586,1.1926,1.2031,0.0,12.0,2.0358,5.9504499435424805,0.9483526945114136,-103.47,0,1,180,1.788,0.9995,1.0,0.8017,0.2999,0.3,0.3207,9999.7031,0.7387
25.951,1,NAVIGATE,-0.3231,10.0399,-2.0074,0.1542,1.0987,1.4257,0.2542,1.1987,1.2254,0.0,12.0,1.9865,5.882465839385986,0.9717844724655151,-107.22,0,1,180,1.953,0.999,1.0,0.8161,0.2997,0.3,0.3264,9999.7254,0.7655
26.001,1,NAVIGATE,-0.3183,10.0814,-2.0014,0.1498,1.1052,1.4252,0.2498,1.2052,1.2308,0.0,12.0,1.9448,5.849596977233887,0.9822439551353455,-109.23,0,1,180,1.779,0.9992,1.0,0.8199,0.2998,0.3,0.328,9999.7308,0.7813
26.051,1,NAVIGATE,-0.313,10.1321,-1.9923,0.145,1.1141,1.4244,0.245,1.2141,1.2385,0.0,12.0,1.894,5.810745716094971,0.9971846342086792,-111.48,0,1,180,1.809,0.9995,1.0,0.8252,0.2998,0.3,0.3301,9999.7385,0.801
26.101,1,NAVIGATE,-0.3096,10.1664,-1.9866,0.1439,1.1203,1.4238,0.1439,1.3203,1.3281,0.0,12.0,1.8596,5.741979122161865,1.0268425941467285,-115.23,0,1,180,1.638,0.9983,1.0,0.8839,0.2995,0.3,0.3536,9999.8281,0.882
26.151,1,NAVIGATE,-0.3042,10.2184,-1.9793,0.146,1.1294,1.4226,0.146,1.3294,1.3374,0.0,12.0,1.8074,5.70656681060791,1.0422037839889526,-116.73,0,1,180,1.863,0.9982,1.0,0.89,0.2995,0.3,0.356,9999.8374,0.9034
26.201,1,NAVIGATE,-0.3026,10.2594,-1.9767,0.1494,1.1359,1.4213,0.1494,1.3359,1.3442,0.0,12.0,1.7667,5.667018890380859,1.0616313219070435,-118.48,0,1,180,1.614,0.9982,1.0,0.8945,0.2994,0.3,0.3578,9999.8442,0.9236
26.251,1,NAVIGATE,-0.3011,10.3005,-1.9753,0.1527,1.144,1.4197,0.1527,1.344,1.3527,0.0,12.0,1.726,5.631004810333252,1.0795913934707642,-119.99,0,1,180,1.766,0.9981,1.0,0.9,0.2994,0.3,0.36,9999.8527,0.9469
26.301,1,NAVIGATE,-0.299,10.3425,-1.9742,0.1552,1.154,1.4181,0.2552,1.354,1.3778,0.0,12.0,1.6843,5.59585428237915,1.099712610244751,-121.74,0,1,180,1.782,1.0,1.0,0.9185,0.3,0.3,0.3674,9999.8778,0.9596
26.352,1,NAVIGATE,-0.298,10.3861,-1.9756,0.1562,1.1658,1.4165,0.3562,1.3658,1.4115,0.0,12.0,1.6412,5.518090724945068,1.142712950706482,-124.74,0,1,180,2.242,0.9974,1.0,0.9385,0.2992,0.3,0.3754,9999.9115,1.003
26.401,1,NAVIGATE,-0.2973,10.4309,-1.9784,0.1555,1.1787,1.415,0.3555,1.3787,1.4238,0.0,12.0,1.597,5.484464168548584,1.1662205457687378,-126.24,0,1,180,1.69,0.9979,1.0,0.9472,0.2994,0.3,0.3789,9999.9426,1.0343
26.452,1,NAVIGATE,-0.296,10.4766,-1.9809,0.1555,1.1922,1.4134,-0.0445,1.3922,1.3929,0.0,12.0,1.5519,5.446619033813477,1.1885733604431152,-127.49,0,1,180,2.136,0.975,1.0,0.9054,0.2925,0.3,0.3622,9999.9424,0.9722
26.501,1,NAVIGATE,-0.2964,10.522,-1.9843,0.158,1.2053,1.412,0.358,1.3053,1.3535,0.0,12.0,1.5074,5.410299777984619,1.2096607685089111,-128.74,0,1,180,1.814,0.9976,1.0,0.9002,0.2993,0.3,0.3601,9999.9341,1.0868
26.552,1,NAVIGATE,-0.2972,10.5677,-1.988,0.1642,1.2183,1.4101,0.3642,1.3183,1.3677,0.0,12.0,1.4628,5.330099582672119,1.2659028768539429,-131.5,0,1,180,2.226,0.9979,1.0,0.9099,0.2994,0.3,0.3639,9999.98,1.0749
26.601,1,NAVIGATE,-0.2968,10.6236,-1.9919,0.1673,1.2332,1.4074,0.1673,1.3332,1.3437,0.0,12.0,1.4081,5.290338516235352,1.29313063621521,-132.5,0,1,180,2.001,0.9962,1.0,0.8924,0.2989,0.3,0.3569,9999.996,0.9923
26.651,1,NAVIGATE,-0.2956,10.6716,-1.9929,0.1713,1.2438,1.405,0.3713,1.2438,1.2981,0.0,12.0,1.3609,5.251081466674805,1.3215144872665405,-133.75,0,1,180,1.9,0.9975,1.0,0.8632,0.2992,0.3,0.3453,9999.9859,1.191
26.701,1,NAVIGATE,-0.2936,10.7206,-1.9924,0.1783,1.2528,1.4022,0.2783,1.2528,1.2834,0.0,12.0,1.3126,5.207250595092773,1.3523342609405518,-134.75,0,1,180,1.808,1.0,1.0,0.8556,0.3,0.3,0.3422,9999.9915,1.1487
26.751,1,NAVIGATE,-0.2914,10.7602,-1.9921,0.1827,1.2595,1.3996,-0.0173,1.2595,1.2596,0.0,12.0,1.2736,5.127254009246826,1.4379444122314453,-135.0,0,1,180,1.681,0.9702,1.0,0.8147,0.2911,0.3,0.3259,9999.9843,1.0514
26.801,1,NAVIGATE,-0.2868,10.8197,-1.993,0.1906,1.2669,1.3952,0.2906,1.1669,1.2026,0.0,12.0,1.2146,5.086691379547119,1.4827327728271484,-135.0,0,1,180,1.68,1.0,1.0,0.8017,0.3,0.3,0.3207,9999.9929,1.2854
26.851,1,NAVIGATE,-0.2806,10.8794,-1.9966,0.1996,1.2714,1.3898,0.3996,1.0714,1.1435,0.0,12.0,1.1552,5.042270183563232,1.5336318016052246,-135.0,0,1,180,2.049,0.9938,1.0,0.7576,0.2981,0.3,0.303,9999.9987,1.3963
26.902,1,NAVIGATE,-0.2761,10.9193,-1.9988,0.2013,1.2731,1.386,0.3013,1.0731,1.1146,0.0,12.0,1.1154,5.000629901885986,1.5785144567489624,-135.0,0,1,180,2.344,0.9997,1.0,0.7428,0.2999,0.3,0.2971,9999.9948,1.4494
26.952,1,NAVIGATE,-0.2667,10.9786,-2.0035,0.2032,1.2728,1.3803,0.0032,1.0728,1.0728,0.0,12.0,1.0556,4.921164512634277,1.667130947113037,-135.0,0,1,180,2.473,0.9683,1.0,0.6925,0.2905,0.3,0.277,9999.9814,1.4023
27.002,1,NAVIGATE,-0.257,11.0275,-2.0084,0.2077,1.2683,1.3754,0.0077,1.0683,1.0684,0.0,12.0,1.0059,4.876254558563232,1.7163499593734741,-135.0,0,1,180,2.005,0.9686,1.0,0.6899,0.2906,0.3,0.276,9999.9375,1.3706
27.051,1,NAVIGATE,-0.2453,11.0861,-2.0132,0.2155,1.2591,1.3687,0.0155,1.0591,1.0592,0.0,12.0,0.9463,4.836285591125488,1.7599035501480103,-135.0,0,1,180,1.874,0.9695,1.0,0.6846,0.2909,0.3,0.2738,9999.8855,1.3571
27.101,1,NAVIGATE,-0.2336,11.1348,-2.0159,0.2188,1.249,1.3627,0.0188,1.049,1.0492,0.0,12.0,0.8962,4.757685661315918,1.8468122482299805,-135.0,0,1,180,1.712,0.9699,1.0,0.6784,0.291,0.3,0.2714,9999.841,1.3094
27.152,1,NAVIGATE,-0.2186,11.193,-2.0179,0.2169,1.2356,1.3554,0.0169,1.0356,1.0357,0.0,12.0,0.8361,4.715988636016846,1.8923019170761108,-135.0,0,1,180,2.474,0.9693,1.0,0.6693,0.2908,0.3,0.2677,9999.7841,1.3042
27.201,1,NAVIGATE,-0.2067,11.2412,-2.019,0.2106,1.2243,1.3494,0.0106,1.0243,1.0243,0.0,12.0,0.7864,4.6755757331848145,1.9347418546676636,-135.0,0,1,180,1.767,0.9675,1.0,0.6607,0.2903,0.3,0.2643,9999.7325,1.2986
27.251,1,NAVIGATE,-0.1974,11.2886,-2.0216,0.2005,1.2131,1.3436,0.0005,1.0131,1.0131,0.0,12.0,0.7382,4.599713325500488,2.014233112335205,-135.0,0,1,180,1.867,0.9637,1.0,0.6509,0.2891,0.3,0.2604,9999.6772,1.2562
27.302,1,NAVIGATE,-0.1891,11.3357,-2.024,0.1885,1.2023,1.3381,-0.0115,1.0023,1.0024,0.0,12.0,0.6907,4.558492660522461,2.0579817295074463,-135.0,0,1,180,2.029,0.9586,1.0,0.6406,0.2876,0.3,0.2562,9999.6151,1.2424
27.351,1,NAVIGATE,-0.1813,11.3825,-2.0258,0.1758,1.1921,1.3329,-0.0242,0.9921,0.9924,0.0,12.0,0.6435,4.5213303565979,2.097093105316162,-135.0,0,1,180,1.729,0.9523,1.0,0.63,0.2857,0.3,0.252,9999.5434,1.2374
27.401,1,NAVIGATE,-0.1756,11.4282,-2.0266,0.1625,1.1816,1.3276,-0.0375,0.9816,0.9824,0.0,12.0,0.5981,4.483531951904297,2.137624502182007,-135.0,0,1,180,1.718,0.944,1.0,0.6183,0.2832,0.3,0.2473,9999.4607,1.2306
27.452,1,NAVIGATE,-0.1712,11.4731,-2.0267,0.1492,1.1711,1.3225,0.0492,0.9711,0.9723,0.0,12.0,0.554,4.447544097900391,2.1754932403564453,-135.0,0,1,180,1.72,0.9655,1.0,0.6258,0.2896,0.3,0.2503,9999.3562,1.2227
27.501,1,NAVIGATE,-0.1663,11.5268,-2.0263,0.1337,1.1584,1.3165,0.0337,0.9584,0.959,0.0,12.0,0.5015,4.370772838592529,2.255516529083252,-135.0,0,1,180,1.689,0.9545,1.0,0.6103,0.2863,0.3,0.2441,9999.0962,1.18
27.601,1,RETURN_HOME,-0.1636,11.626,-2.0192,0.1069,1.1372,1.3052,0.3069,1.0372,1.0816,0.0,0.0,11.6272,4.298506736755371,2.331402063369751,-135.0,0,1,180,1.818,-0.9548,1.0,0.3605,-0.2864,0.3,0.1442,0.1578,0.8671
27.651,1,RETURN_HOME,-0.1629,11.6708,-2.0157,0.0968,1.1274,1.2992,0.2968,1.0274,1.0694,0.0,0.0,11.672,4.225412845611572,2.408557891845703,-135.0,0,1,180,2.005,-0.9568,1.0,0.3565,-0.287,0.3,0.1426,0.1556,0.8216
27.701,1,RETURN_HOME,-0.1612,11.7157,-2.0103,0.0869,1.1184,1.2884,0.2869,1.0184,1.058,0.0,0.0,11.7169,4.189779758453369,2.4440159797668457,-135.0,0,1,180,1.804,-0.9587,1.0,0.3527,-0.2876,0.3,0.1411,0.1535,0.8068
27.751,1,RETURN_HOME,-0.1594,11.7605,-2.0029,0.0831,1.1148,1.2717,0.2831,1.0148,1.0536,0.0,0.0,11.7616,4.157515525817871,2.4727983474731445,-135.0,0,1,180,1.751,-0.9595,1.0,0.3512,-0.2879,0.3,0.1405,0.1526,0.774
27.801,1,RETURN_HOME,-0.1574,11.8053,-1.9935,0.083,1.1157,1.2493,0.283,1.0157,1.0544,0.0,0.0,11.8063,4.122753143310547,2.5009524822235107,-135.0,0,1,180,1.844,-0.9597,1.0,0.3515,-0.2879,0.3,0.1406,0.1527,0.7229
27.851,1,RETURN_HOME,-0.1549,11.8503,-1.9789,0.0858,1.1193,1.2217,0.2858,1.0193,1.0586,0.0,0.0,11.8513,4.074212074279785,2.5337305068969727,-135.0,0,1,180,1.714,-0.9593,1.0,0.3529,-0.2878,0.3,0.1411,0.1534,0.6469
27.902,1,RETURN_HOME,-0.1512,11.9047,-1.9575,0.0929,1.1253,1.1821,0.2929,1.0253,1.0663,0.0,0.0,11.9056,4.056990146636963,2.5452194213867188,-135.0,0,1,180,2.072,-0.958,1.0,0.3554,-0.2874,0.3,0.1422,0.1548,0.5822
27.951,1,RETURN_HOME,-0.1477,11.9501,-1.9395,0.1019,1.1302,1.1442,0.3019,0.9302,0.978,0.0,0.0,11.9511,4.03886604309082,2.555138111114502,-135.0,0,1,180,1.904,-0.9473,1.0,0.326,-0.2842,0.3,0.1304,0.1462,0.8233
28.001,1,RETURN_HOME,-0.1432,11.9955,-1.9219,0.1135,1.1341,1.1024,0.3135,0.9341,0.9853,0.0,0.0,11.9964,4.02834939956665,2.56905460357666,-135.0,0,1,180,1.677,-0.9442,1.0,0.3284,-0.2832,0.3,0.1314,0.1481,0.7591
28.051,1,RETURN_HOME,-0.1367,12.0499,-1.9017,0.13,1.1366,1.0474,0.33,0.9366,0.9931,0.0,0.0,12.0507,4.034406661987305,2.575225830078125,-135.0,0,1,180,1.86,-0.9393,1.0,0.331,-0.2818,0.3,0.1324,0.1506,0.6919
28.101,1,RETURN_HOME,-0.1307,12.0953,-1.8852,0.1457,1.135,0.9979,0.3457,0.935,0.9969,0.0,0.0,12.096,4.049880504608154,2.583848714828491,-135.0,0,1,180,1.649,-0.9341,1.0,0.3323,-0.2802,0.3,0.1329,0.1527,0.6509
28.152,1,RETURN_HOME,-0.123,12.1413,-1.8649,0.1628,1.1303,0.9449,0.3628,0.9303,0.9986,0.0,0.0,12.1419,4.072444915771484,2.5919687747955322,-135.0,0,1,180,1.996,-0.9279,1.0,0.3329,-0.2784,0.3,0.1331,0.1548,0.6151
28.201,1,RETURN_HOME,-0.1129,12.1963,-1.8405,0.1836,1.1211,0.8771,0.3836,0.9211,0.9977,0.0,0.0,12.1968,4.163171291351318,2.6489970684051514,-131.5,0,1,180,1.666,-0.9195,1.0,0.3326,-0.2759,0.3,0.133,0.1572,0.5909
28.251,1,RETURN_HOME,-0.1039,12.2417,-1.8214,0.2005,1.1111,0.817,0.4005,0.9111,0.9953,0.0,0.0,12.2421,4.238038539886475,2.680795669555664,-128.99,0,1,180,1.822,-0.912,1.0,0.3318,-0.2736,0.3,0.1327,0.1591,0.5718
28.301,1,RETURN_HOME,-0.0932,12.286,-1.8026,0.217,1.1002,0.7539,0.417,0.9002,0.9921,0.0,0.0,12.2864,4.325011253356934,2.712116003036499,-126.49,0,1,180,1.623,-0.9041,1.0,0.3307,-0.2712,0.3,0.1323,0.161,0.5552
28.351,1,RETURN_HOME,-0.0796,12.3385,-1.7811,0.2359,1.0868,0.674,0.4359,0.8868,0.9881,0.0,0.0,12.3388,4.572915077209473,2.766324520111084,-121.49,0,1,180,1.763,-0.8946,1.0,0.3294,-0.2684,0.3,0.1317,0.1634,0.5526
28.401,1,RETURN_HOME,-0.0678,12.3818,-1.7641,0.2508,1.0759,0.6041,0.4508,0.8759,0.9851,0.0,0.0,12.382,4.767183303833008,2.7952566146850586,-118.48,0,1,180,1.781,-0.8866,1.0,0.3284,-0.266,0.3,0.1313,0.1654,0.5399
28.451,1,RETURN_HOME,-0.0516,12.4309,-1.7438,0.269,1.0626,0.5164,0.469,0.8626,0.9818,0.0,0.0,12.431,4.986861705780029,2.8248655796051025,-115.48,0,1,180,1.85,-0.8766,1.0,0.3273,-0.263,0.3,0.1309,0.1679,0.5082
28.501,1,RETURN_HOME,-0.0379,12.4716,-1.7276,0.2842,1.0523,0.4401,0.4842,0.8523,0.9803,0.0,0.0,12.4717,5.25826358795166,2.8513340950012207,-112.48,0,1,180,1.848,-0.868,1.0,0.3268,-0.2604,0.3,0.1307,0.1703,0.4847
28.551,1,RETURN_HOME,-0.0238,12.5122,-1.7119,0.2997,1.0426,0.3609,0.4997,0.8426,0.9796,0.0,0.0,12.5122,6.107653617858887,2.90126633644104,-105.97,0,1,180,1.778,-0.8592,1.0,0.3265,-0.2577,0.3,0.1306,0.1729,0.5128
28.601,1,RETURN_HOME,-0.0058,12.5603,-1.6941,0.3193,1.0308,0.262,0.4193,0.8308,0.9306,0.0,0.0,12.5603,6.7030029296875,2.92683482170105,-102.72,0,1,180,1.625,-0.8925,1.0,0.3102,-0.2678,0.3,0.1241,0.1563,0.498
28.651,1,RETURN_HOME,0.0096,12.6002,-1.6797,0.3363,1.0209,0.1765,0.4363,0.8209,0.9297,0.0,0.0,12.6002,7.498867034912109,2.9509217739105225,-99.22,0,1,180,1.727,-0.8834,1.0,0.3099,-0.265,0.3,0.124,0.1589,0.4762
28.701,1,RETURN_HOME,0.0286,12.6477,-1.6622,0.3575,1.0089,0.0701,0.4575,0.8089,0.9293,0.0,0.0,12.6478,8.267504692077637,2.999776840209961,-91.46,0,1,180,2.001,-0.8715,1.0,0.3098,-0.2615,0.3,0.1239,0.1624,0.4966
28.751,1,RETURN_HOME,0.045,12.687,-1.6458,0.3739,0.9979,-0.0217,0.4739,0.7979,0.928,0.0,0.0,12.6871,8.25472640991211,3.0224609375,-87.71,0,1,180,1.761,-0.8616,1.0,0.3093,-0.2585,0.3,0.1237,0.1653,0.4762
28.801,1,RETURN_HOME,0.0619,12.726,-1.6299,0.389,0.986,-0.1162,0.489,0.786,0.9257,0.0,0.0,12.7261,8.242279052734375,3.042891263961792,-83.7,0,1,180,1.713,-0.8516,1.0,0.3086,-0.2555,0.3,0.1234,0.1679,0.4571
28.851,1,RETURN_HOME,0.0798,12.7644,-1.6139,0.4033,0.9731,-0.2133,0.5033,0.7731,0.9225,0.0,0.0,12.7646,8.23049545288086,3.064948081970215,-79.95,0,1,180,1.722,-0.8414,1.0,0.3075,-0.2524,0.3,0.123,0.1706,0.4414
28.901,1,RETURN_HOME,0.1008,12.8019,-1.5957,0.4182,0.9587,-0.313,0.6182,0.7587,0.9787,0.0,0.0,12.8023,8.221317291259766,3.110504627227783,-70.69,0,1,180,1.751,-0.7802,1.0,0.3262,-0.2341,0.3,0.1305,0.1964,0.489
28.951,1,RETURN_HOME,0.126,12.8462,-1.5751,0.4347,0.9406,-0.436,0.5347,0.7406,0.9135,0.0,0.0,12.8469,8.276461601257324,3.1293845176696777,-66.69,0,1,180,1.829,-0.8165,1.0,0.3045,-0.2449,0.3,0.1218,0.1769,0.4844
29.001,1,RETURN_HOME,0.147,12.8825,-1.5592,0.4487,0.9239,-0.5406,0.5487,0.7239,0.9084,0.0,0.0,12.8834,8.393634796142578,3.1505863666534424,-62.18,0,1,180,1.729,-0.8037,1.0,0.3028,-0.2411,0.3,0.1211,0.18,0.4785
29.051,1,RETURN_HOME,0.1716,12.9248,-1.5432,0.4682,0.9006,-0.6665,0.6682,0.7006,0.9681,0.0,0.0,12.9259,8.865464210510254,3.119939088821411,123.74,0,1,180,1.752,-0.7328,1.0,0.3227,-0.2198,0.3,0.1291,0.2093,0.5369
29.102,1,RETURN_HOME,0.1969,12.9661,-1.5331,0.4867,0.8743,-0.7905,0.6867,0.6743,0.9624,0.0,0.0,12.9676,9.214971542358398,3.099830389022827,127.24,0,1,180,2.55,-0.7114,1.0,0.3208,-0.2134,0.3,0.1283,0.2149,0.518
29.151,1,RETURN_HOME,0.2188,12.9986,-1.528,0.5003,0.8511,-0.8912,0.7003,0.6511,0.9563,0.0,0.0,13.0004,10.296562194824219,3.0558664798736572,135.0,0,1,180,1.749,-0.6932,1.0,0.3188,-0.2079,0.3,0.1275,0.2196,0.6774
29.201,1,RETURN_HOME,0.2415,13.0288,-1.5242,0.5132,0.8277,-0.9883,0.7132,0.6277,0.9501,0.0,0.0,13.031,11.000503540039062,3.0565004348754883,135.0,0,1,180,1.739,-0.6744,1.0,0.3167,-0.2023,0.3,0.1267,0.2243,0.6884
29.251,1,RETURN_HOME,0.2691,13.0643,-1.5226,0.5273,0.8016,-1.0991,0.7273,0.6016,0.9439,0.0,0.0,13.0671,3.5842597484588623,3.075328826904297,135.0,0,1,180,1.8,-0.6531,1.0,0.3146,-0.1959,0.3,0.1259,0.2299,0.6786
29.302,1,RETURN_HOME,0.2928,13.0921,-1.5255,0.5381,0.7809,-1.1859,0.7381,0.5809,0.9392,0.0,0.0,13.0954,3.502289295196533,3.108217716217041,135.0,0,1,180,1.849,-0.6359,1.0,0.3131,-0.1908,0.3,0.1252,0.2345,0.6855
29.351,1,RETURN_HOME,0.3169,13.1187,-1.5306,0.5483,0.7611,-1.2674,0.7483,0.5611,0.9353,0.0,0.0,13.1225,3.4180543422698975,3.2298529148101807,135.0,0,1,180,1.759,-0.6191,1.0,0.3118,-0.1857,0.3,0.1247,0.239,0.8327
29.401,1,RETURN_HOME,0.341,13.145,-1.5357,0.5582,0.7426,-1.3438,0.7582,0.5426,0.9323,0.0,0.0,13.1494,3.406352996826172,3.3062281608581543,135.0,0,1,180,1.731,-0.6028,1.0,0.3108,-0.1809,0.3,0.1243,0.2435,0.8432
29.451,1,RETURN_HOME,0.3726,13.1767,-1.5449,0.5711,0.7222,-1.4286,0.7711,0.5222,0.9313,0.0,0.0,13.182,3.4108574390411377,3.3996036052703857,135.0,0,1,180,1.741,-0.584,1.0,0.3104,-0.1752,0.3,0.1242,0.249,0.8247
29.501,1,RETURN_HOME,0.4007,13.2033,-1.5546,0.5827,0.7066,-1.4937,0.7827,0.5066,0.9323,0.0,0.0,13.2094,3.435762405395508,3.435762405395508,-6.88,0,1,180,1.667,-0.5686,1.0,0.3108,-0.1706,0.3,0.1243,0.2537,0.843
29.551,1,RETURN_HOME,0.4287,13.2295,-1.5637,0.5941,0.6916,-1.5538,0.7941,0.4916,0.934,0.0,0.0,13.2365,3.4799585342407227,3.4799585342407227,-0.63,0,1,180,1.66,-0.5536,1.0,0.3113,-0.1661,0.3,0.1245,0.2584,0.95
29.602,1,RETURN_HOME,0.4661,13.2615,-1.5757,0.6112,0.6744,-1.6193,0.8112,0.4744,0.9397,0.0,0.0,13.2697,3.502572774887085,3.502572774887085,1.38,0,1,180,2.206,-0.5348,1.0,0.3132,-0.1604,0.3,0.1253,0.2649,0.9781
29.651,1,RETURN_HOME,0.4986,13.2881,-1.5856,0.6266,0.6602,-1.6687,0.8266,0.4602,0.9461,0.0,0.0,13.2974,3.5273075103759766,3.5273075103759766,4.38,0,1,180,1.867,-0.5188,1.0,0.3154,-0.1557,0.3,0.1261,0.2705,1.0665
29.701,1,RETURN_HOME,0.5373,13.3192,-1.5967,0.6444,0.6434,-1.7216,0.8444,0.4434,0.9538,0.0,0.0,13.33,3.573669910430908,3.4857568740844727,-135.0,0,1,180,1.594,-0.5002,1.0,0.3179,-0.1501,0.3,0.1272,0.2771,1.309
29.751,1,RETURN_HOME,0.5719,13.3498,-1.6119,0.6575,0.6282,-1.7678,0.8575,0.4282,0.9584,0.0,0.0,13.362,3.5934324264526367,3.3637771606445312,-135.0,0,1,180,1.742,-0.4847,1.0,0.3195,-0.1454,0.3,0.1278,0.2824,1.4342
29.801,1,RETURN_HOME,0.6002,13.3748,-1.6243,0.6673,0.6161,-1.8012,0.8673,0.4161,0.962,0.0,0.0,13.3882,6.451259613037109,3.2502458095550537,-135.0,0,1,180,1.672,-0.4725,1.0,0.3207,-0.1418,0.3,0.1283,0.2865,1.5975
29.851,1,RETURN_HOME,0.6286,13.3993,-1.6357,0.6771,0.6042,-1.8301,0.8771,0.4042,0.9658,0.0,0.0,13.4141,4.913216590881348,3.085526704788208,-135.0,0,1,180,1.718,-0.4606,1.0,0.3219,-0.1382,0.3,0.1288,0.2906,1.9053
29.901,1,RETURN_HOME,0.6639,13.4284,-1.6496,0.6892,0.5882,-1.8588,0.8892,0.3882,0.9703,0.0,0.0,13.4448,4.713964939117432,3.0201566219329834,-135.0,0,1,180,1.692,-0.4449,1.0,0.3234,-0.1335,0.3,0.1294,0.2959,2.0423
29.952,1,RETURN_HOME,0.6935,13.4519,-1.6605,0.6996,0.5746,-1.8779,0.8996,0.3746,0.9745,0.0,0.0,13.4698,4.549806594848633,2.955367088317871,-135.0,0,1,180,1.946,-0.4314,1.0,0.3248,-0.1294,0.3,0.1299,0.3005,2.1872
30.001,1,RETURN_HOME,0.7233,13.4749,-1.6707,0.7103,0.561,-1.8926,0.9103,0.361,0.9793,0.0,0.0,13.4943,4.364802837371826,2.8630478382110596,-135.0,0,1,180,1.66,-0.4179,1.0,0.3264,-0.1254,0.3,0.1306,0.3052,2.4105
30.051,1,RETURN_HOME,0.7634,13.5025,-1.6767,0.7251,0.5446,-1.9046,0.9251,0.3446,0.9872,0.0,0.0,13.5241,4.316744804382324,2.8226351737976074,-135.0,0,1,180,1.718,-0.4014,1.0,0.3291,-0.1204,0.3,0.1316,0.3112,2.4725
30.101,1,RETURN_HOME,0.8034,13.5291,-1.6827,0.7402,0.5282,-1.9105,0.9402,0.3282,0.9959,0.0,0.0,13.553,4.339453220367432,2.786472797393799,-135.0,0,1,180,1.68,-0.385,1.0,0.332,-0.1155,0.3,0.1328,0.3173,2.5184
30.151,1,RETURN_HOME,0.8371,13.5507,-1.6874,0.7531,0.5148,-1.9108,0.9531,0.3148,1.0037,0.0,0.0,13.5765,4.393137454986572,2.7336220741271973,-135.0,0,1,180,1.85,-0.3716,1.0,0.3346,-0.1115,0.3,0.1338,0.3224,2.5006
30.201,1,RETURN_HOME,0.8795,13.576,-1.692,0.7697,0.499,-1.9063,0.9697,0.299,1.0148,0.0,0.0,13.6045,4.422735691070557,2.7141377925872803,-135.0,0,1,180,1.739,-0.3558,1.0,0.3383,-0.1067,0.3,0.1353,0.3286,2.465
30.252,1,RETURN_HOME,0.9148,13.5964,-1.6968,0.7843,0.4853,-1.8989,0.9843,0.2853,1.0248,0.0,0.0,13.6272,4.449181079864502,2.6959455013275146,-135.0,0,1,180,1.991,-0.3422,1.0,0.3416,-0.1027,0.3,0.1366,0.334,2.382
30.301,1,RETURN_HOME,0.95,13.6167,-1.7029,0.7997,0.4715,-1.8887,0.9997,0.2715,1.0359,0.0,0.0,13.6498,4.629055023193359,2.6730852127075195,-135.0,0,1,180,1.703,-0.3286,1.0,0.3453,-0.0986,0.3,0.1381,0.3395,2.1813
30.351,1,RETURN_HOME,0.992,13.6426,-1.7128,0.8206,0.4567,-1.8734,1.0206,0.2567,1.0524,0.0,0.0,13.6786,4.756111145019531,2.6630184650421143,-135.0,0,1,180,1.822,-0.3136,1.0,0.3508,-0.0941,0.3,0.1403,0.3462,2.0662
30.402,1,RETURN_HOME,1.0275,13.6632,-1.7235,0.8388,0.4432,-1.8586,1.0388,0.2432,1.0669,0.0,0.0,13.7018,4.91738748550415,2.6589648723602295,-135.0,0,1,180,1.988,-0.3003,1.0,0.3556,-0.0901,0.3,0.1422,0.3521,1.9394
30.452,1,RETURN_HOME,1.0641,13.6832,-1.738,0.8576,0.4293,-1.8424,1.0576,0.2293,1.0822,0.0,0.0,13.7245,5.0800909996032715,2.658642292022705,-135.0,0,1,180,1.9,-0.2871,1.0,0.3607,-0.0861,0.3,0.1443,0.3582,1.8388
30.501,1,RETURN_HOME,1.1098,13.7065,-1.7601,0.8804,0.4133,-1.8216,1.0804,0.2133,1.1012,0.0,0.0,13.7513,5.472344875335693,2.659600019454956,-135.0,0,1,180,1.583,-0.2722,1.0,0.3671,-0.0817,0.3,0.1468,0.3652,1.6497
30.551,1,RETURN_HOME,1.1483,13.725,-1.7796,0.8983,0.4004,-1.8036,1.0983,0.2004,1.1164,0.0,0.0,13.773,4.014137268066406,2.6642472743988037,-135.0,0,1,180,1.77,-0.2609,1.0,0.3721,-0.0783,0.3,0.1489,0.3706,1.5888
30.601,1,RETURN_HOME,1.1856,13.7438,-1.799,0.9149,0.3893,-1.7854,1.1149,0.1893,1.1308,0.0,0.0,13.7948,4.024526596069336,2.6717894077301025,-135.0,0,1,180,1.661,-0.2515,1.0,0.3769,-0.0755,0.3,0.1508,0.3753,1.563
30.651,1,RETURN_HOME,1.2212,13.7632,-1.8178,0.9301,0.3808,-1.7674,1.1301,0.1808,1.1445,0.0,0.0,13.8172,4.043126583099365,2.6865718364715576,-135.0,0,1,180,1.733,-0.2446,1.0,0.3815,-0.0734,0.3,0.1526,0.3792,1.4801
30.701,1,RETURN_HOME,1.2649,13.7856,-1.8398,0.9483,0.3705,-1.7463,1.1483,0.1705,1.1609,0.0,0.0,13.8435,4.0565314292907715,2.6975560188293457,-135.0,0,1,180,1.659,-0.2366,1.0,0.387,-0.071,0.3,0.1548,0.3838,1.5118
30.751,1,RETURN_HOME,1.302,13.8031,-1.8567,0.9636,0.3606,-1.7296,1.1636,0.1606,1.1747,0.0,0.0,13.8644,4.068511486053467,2.7077791690826416,-135.0,0,1,180,1.695,-0.2291,1.0,0.3916,-0.0687,0.3,0.1566,0.3879,1.5437
30.801,1,RETURN_HOME,1.3471,13.8226,-1.8747,0.9824,0.3466,-1.7107,1.1824,0.1466,1.1914,0.0,0.0,13.888,4.0933613777160645,2.7287709712982178,-135.0,0,1,180,1.785,-0.2188,1.0,0.3971,-0.0656,0.3,0.1589,0.3932,1.5315
30.851,1,RETURN_HOME,1.3933,13.841,-1.8918,1.0014,0.3323,-1.6933,1.2014,0.1323,1.2086,0.0,0.0,13.911,4.106776714324951,2.738931894302368,-135.0,0,1,180,1.93,-0.2084,1.0,0.4029,-0.0625,0.3,0.1611,0.3986,1.572
30.901,1,RETURN_HOME,1.4321,13.8556,-1.9056,1.0157,0.3206,-1.6801,1.2157,0.1206,1.2217,0.0,0.0,13.9295,4.117454528808594,2.7492756843566895,-135.0,0,1,180,1.767,-0.2005,1.0,0.4072,-0.0601,0.3,0.1629,0.4027,1.6035
30.951,1,RETURN_HOME,1.4795,13.8724,-1.9212,1.0326,0.3066,-1.6659,1.2326,0.1066,1.2372,0.0,0.0,13.951,4.142364025115967,2.764897108078003,-135.0,0,1,180,2.016,-0.1913,1.0,0.4124,-0.0574,0.3,0.165,0.4076,1.5997
31.001,1,RETURN_HOME,1.5197,13.8856,-1.9336,1.0469,0.2948,-1.6555,1.2469,0.0948,1.2505,0.0,0.0,13.9686,4.152183532714844,2.7738895416259766,-135.0,0,1,180,1.617,-0.1838,1.0,0.4168,-0.0552,0.3,0.1667,0.4116,1.6246
31.051,1,RETURN_HOME,1.5589,13.8983,-1.9451,1.0591,0.2824,-1.6465,1.2591,0.0824,1.2618,0.0,0.0,13.9855,4.1636457443237305,2.7799811363220215,-135.0,0,1,180,1.73,-0.1761,1.0,0.4206,-0.0528,0.3,0.1682,0.4154,1.6531
31.101,1,RETURN_HOME,1.5984,13.9103,-1.9559,1.0711,0.2697,-1.6389,1.2711,0.0697,1.273,0.0,0.0,14.0019,4.172171592712402,2.783001661300659,-135.0,0,1,180,1.864,-0.1684,1.0,0.4243,-0.0505,0.3,0.1697,0.4192,1.6786
31.151,1,RETURN_HOME,1.6386,13.9217,-1.9661,1.0835,0.257,-1.6327,1.2835,0.057,1.2848,0.0,0.0,14.0178,4.193462371826172,2.7881019115448,-135.0,0,1,180,1.844,-0.1608,1.0,0.4283,-0.0482,0.3,0.1713,0.4231,1.665
31.201,1,RETURN_HOME,1.6824,13.9341,-1.9782,1.0958,0.2412,-1.627,1.2958,0.0412,1.2964,0.0,0.0,14.0353,4.205056667327881,2.789095401763916,-135.0,0,1,180,1.645,-0.1513,1.0,0.4321,-0.0454,0.3,0.1729,0.4275,1.7125
31.251,1,RETURN_HOME,1.7193,13.9437,-1.9877,1.1062,0.2278,-1.6237,1.3062,0.0278,1.3065,0.0,0.0,14.0493,4.213260650634766,2.7868258953094482,-135.0,0,1,180,1.765,-0.1435,1.0,0.4355,-0.043,0.3,0.1742,0.4312,1.7403
31.301,1,RETURN_HOME,1.7651,13.9544,-1.9983,1.1196,0.2118,-1.6213,1.3196,0.0118,1.3197,0.0,0.0,14.0656,4.231122970581055,2.776918411254883,-135.0,0,1,180,1.998,-0.1344,1.0,0.4399,-0.0403,0.3,0.176,0.4356,1.7558
31.351,1,RETURN_HOME,1.8028,13.9654,-2.0043,1.1314,0.2012,-1.6206,1.3314,0.0012,1.3314,0.0,0.0,14.0813,4.238077640533447,2.770451307296753,-135.0,0,1,180,1.832,-0.1289,1.0,0.4438,-0.0387,0.3,0.1775,0.4388,1.7718
31.401,1,RETURN_HOME,1.8498,13.9777,-2.0112,1.1464,0.1881,-1.6211,1.3464,-0.0119,1.3465,0.0,0.0,14.0996,4.246712684631348,2.7620797157287598,-135.0,0,1,180,1.966,-0.1224,1.0,0.4488,-0.0367,0.3,0.1795,0.4428,1.7838
31.451,1,RETURN_HOME,1.8903,13.9872,-2.0167,1.1595,0.1767,-1.6226,1.3595,-0.0233,1.3597,0.0,0.0,14.1143,4.26224946975708,2.7388195991516113,-135.0,0,1,180,1.758,-0.1169,1.0,0.4532,-0.0351,0.3,0.1813,0.4462,1.7848
31.501,1,RETURN_HOME,1.9389,13.998,-2.0238,1.1739,0.1647,-1.6255,1.3739,-0.0353,1.3743,0.0,0.0,14.1317,4.269769668579102,2.7265753746032715,-135.0,0,1,180,1.605,-0.1117,1.0,0.4581,-0.0335,0.3,0.1832,0.4497,1.7914
31.551,1,RETURN_HOME,1.9806,14.0064,-2.0293,1.1863,0.1539,-1.6288,1.3863,-0.0461,1.387,0.0,0.0,14.1458,4.273094654083252,2.7143778800964355,-135.0,0,1,180,1.834,-0.1071,1.0,0.4623,-0.0321,0.3,0.1849,0.4528,1.7995
31.601,1,RETURN_HOME,2.0317,14.0153,-2.0357,1.2013,0.1399,-1.6336,1.4013,-0.0601,1.4026,0.0,0.0,14.1618,4.289893627166748,2.68548583984375,-135.0,0,1,180,1.634,-0.101,1.0,0.4675,-0.0303,0.3,0.187,0.4567,1.8098
31.651,1,RETURN_HOME,2.0746,14.0214,-2.041,1.2137,0.127,-1.6383,1.4137,-0.073,1.4156,0.0,0.0,14.174,4.296311855316162,2.6696698665618896,-135.0,0,1,180,1.839,-0.0952,1.0,0.4719,-0.0286,0.3,0.1887,0.4602,1.8235
31.701,1,RETURN_HOME,2.1276,14.0279,-2.0468,1.229,0.1111,-1.6445,1.429,-0.0889,1.4318,0.0,0.0,14.1883,4.305043697357178,2.656515598297119,-135.0,0,1,180,1.67,-0.0883,1.0,0.4773,-0.0265,0.3,0.1909,0.4644,1.8378
31.752,1,RETURN_HOME,2.1807,14.0344,-2.053,1.2443,0.0957,-1.6513,1.4443,-0.1043,1.4481,0.0,0.0,14.2029,4.317268371582031,2.623072385787964,-135.0,0,1,180,2.152,-0.082,1.0,0.4827,-0.0246,0.3,0.1931,0.4685,1.7721
31.801,1,RETURN_HOME,2.2251,14.0399,-2.0584,1.2571,0.0833,-1.6573,1.4571,-0.1167,1.4617,0.0,0.0,14.2151,4.322686672210693,2.6087825298309326,-135.0,0,1,180,1.615,-0.0772,1.0,0.4872,-0.0231,0.3,0.1949,0.4717,1.6967
31.852,1,RETURN_HOME,2.2708,14.0446,-2.0633,1.27,0.0707,-1.6636,1.47,-0.1293,1.4757,0.0,0.0,14.227,4.33147668838501,2.594259023666382,-135.0,0,1,180,1.758,-0.0725,1.0,0.4919,-0.0217,0.3,0.1968,0.475,1.6189
31.901,1,RETURN_HOME,2.3267,14.0473,-2.0703,1.2857,0.0529,-1.6713,1.4857,-0.1471,1.493,0.0,0.0,14.2387,4.346031188964844,2.562781572341919,-135.0,0,1,180,1.769,-0.0654,1.0,0.4977,-0.0196,0.3,0.1991,0.4795,1.4869
31.951,1,RETURN_HOME,2.3744,14.048,-2.0762,1.299,0.037,-1.6778,1.399,-0.163,1.4085,0.0,0.0,14.2473,4.35298490524292,2.5499818325042725,-135.0,0,1,180,1.819,-0.0514,1.0,0.4695,-0.0154,0.3,0.1878,0.4724,1.707
32.001,1,RETURN_HOME,2.4329,14.0482,-2.0823,1.3153,0.0181,-1.6856,1.4153,-0.1819,1.427,0.0,0.0,14.2573,4.360776901245117,2.536616325378418,-135.0,0,1,180,1.632,-0.0437,1.0,0.4757,-0.0131,0.3,0.1903,0.4772,1.6158
32.051,1,RETURN_HOME,2.4848,14.0482,-2.0928,1.3306,0.0033,-1.692,1.4306,-0.1967,1.4441,0.0,0.0,14.2662,4.372387409210205,2.5103397369384766,-135.0,0,1,180,1.846,-0.0384,1.0,0.4814,-0.0115,0.3,0.1925,0.481,1.4842
32.101,1,RETURN_HOME,2.5485,14.0475,-2.1054,1.3473,-0.0143,-1.6995,1.4473,-0.2143,1.4631,0.0,0.0,14.2768,4.379601955413818,2.5019404888153076,-135.0,0,1,180,1.562,-0.0325,1.0,0.4877,-0.0097,0.3,0.1951,0.4853,1.3898
32.152,1,RETURN_HOME,2.6024,14.0463,-2.1143,1.3591,-0.0288,-1.7057,1.4591,-0.2288,1.4769,0.0,0.0,14.2854,4.385204792022705,2.490248441696167,-135.0,0,1,180,2.086,-0.0277,1.0,0.4923,-0.0083,0.3,0.1969,0.4886,1.3107
32.201,1,RETURN_HOME,2.6566,14.0425,-2.1187,1.3693,-0.0445,-1.7117,1.4693,-0.2445,1.4895,0.0,0.0,14.2916,4.402965545654297,2.47257924079895,-135.0,0,1,180,1.648,-0.0221,1.0,0.4965,-0.0066,0.3,0.1986,0.492,1.1895
32.251,1,RETURN_HOME,2.7222,14.0368,-2.122,1.3801,-0.0636,-1.719,1.3801,-0.2636,1.4051,0.0,0.0,14.2983,4.410391807556152,2.4616944789886475,-135.0,0,1,180,1.786,-0.0029,1.0,0.4684,-0.0009,0.3,0.1873,0.4865,1.4144
32.301,1,RETURN_HOME,2.7774,14.0316,-2.1239,1.3888,-0.0794,-1.7248,1.3888,-0.2794,1.4166,0.0,0.0,14.3038,4.415948867797852,2.45674467086792,-135.0,0,1,180,1.588,0.0031,1.0,0.4722,0.0009,0.3,0.1889,0.4898,1.3447
32.351,1,RETURN_HOME,2.8349,14.0268,-2.1197,1.3988,-0.0946,-1.7305,1.3988,-0.2946,1.4295,0.0,0.0,14.3104,4.4272284507751465,2.4499192237854004,-135.0,0,1,180,1.8,0.0082,1.0,0.4765,0.0025,0.3,0.1906,0.4931,1.2684
32.401,1,RETURN_HOME,2.8927,14.0214,-2.1155,1.4074,-0.11,-1.7359,1.4074,-0.31,1.4412,0.0,0.0,14.3167,4.439814567565918,2.440006732940674,-135.0,0,1,180,1.325,0.0133,1.0,0.4804,0.004,0.3,0.1922,0.4962,1.1526
32.451,1,RETURN_HOME,2.9622,14.0144,-2.1108,1.4157,-0.1286,-1.7422,1.4157,-0.3286,1.4533,0.0,0.0,14.3241,4.451170444488525,2.4332802295684814,-135.0,0,1,180,1.274,0.0198,1.0,0.4844,0.0059,0.3,0.1938,0.4997,1.0816
32.501,1,RETURN_HOME,3.0215,14.0071,-2.1078,1.4224,-0.1453,-1.7473,1.3224,-0.3453,1.3667,0.0,0.0,14.3293,4.457803726196289,2.4308230876922607,-135.0,0,1,180,1.145,0.0429,1.0,0.4556,0.0129,0.3,0.1822,0.4951,1.3163
32.551,1,RETURN_HOME,3.0808,13.9993,-2.1049,1.4282,-0.1619,-1.7522,1.3282,-0.3619,1.3766,0.0,0.0,14.3342,4.466612815856934,2.4269182682037354,-135.0,0,1,180,1.142,0.0494,1.0,0.4589,0.0148,0.3,0.1835,0.4984,1.2465
32.6,1,RETURN_HOME,3.1401,13.9909,-2.1022,1.4334,-0.1784,-1.757,1.3334,-0.3784,1.3861,0.0,0.0,14.339,4.485116004943848,2.4235308170318604,-135.0,0,1,180,1.076,0.0557,1.0,0.462,0.0167,0.3,0.1848,0.5015,1.1435
32.651,1,RETURN_HOME,3.2106,13.9789,-2.0975,1.4377,-0.1988,-1.7624,1.3377,-0.3988,1.3958,0.0,0.0,14.3429,4.494971752166748,2.421283483505249,-135.0,0,1,180,1.167,0.0639,1.0,0.4653,0.0192,0.3,0.1861,0.5053,1.083
32.701,1,RETURN_HOME,3.2692,13.9683,-2.0936,1.4391,-0.2158,-1.7668,1.3391,-0.4158,1.4022,0.0,0.0,14.3457,4.500582695007324,2.423105001449585,-135.0,0,1,180,1.175,0.0711,1.0,0.4674,0.0213,0.3,0.187,0.5083,1.0262
32.751,1,RETURN_HOME,3.3278,13.9572,-2.0902,1.4389,-0.2325,-1.7711,1.2389,-0.4325,1.3123,0.0,0.0,14.3484,4.5228424072265625,2.4240992069244385,-135.0,0,1,180,1.148,0.1016,1.0,0.4374,0.0305,0.3,0.175,0.5055,1.2388
32.801,1,RETURN_HOME,3.4014,13.9416,-2.0861,1.4387,-0.2534,-1.7761,1.2387,-0.4534,1.3191,0.0,0.0,14.3505,4.526105880737305,2.4248297214508057,-135.0,0,1,180,1.2,0.1114,1.0,0.4397,0.0334,0.3,0.1759,0.5093,1.1916
32.851,1,RETURN_HOME,3.4744,13.9255,-2.0827,1.4376,-0.274,-1.7809,1.2376,-0.474,1.3252,0.0,0.0,14.3524,4.536240577697754,2.428743600845337,-135.0,0,1,180,1.157,0.121,1.0,0.4417,0.0363,0.3,0.1767,0.513,1.1458
32.901,1,RETURN_HOME,3.5342,13.9124,-2.0809,1.4343,-0.2907,-1.7848,1.2343,-0.4907,1.3282,0.0,0.0,14.3543,4.563880443572998,2.4356915950775146,-135.0,0,1,180,1.21,0.1293,1.0,0.4427,0.0388,0.3,0.1771,0.5159,1.0693
32.951,1,RETURN_HOME,3.6031,13.899,-2.0821,1.4268,-0.309,-1.7894,1.2268,-0.509,1.3282,0.0,0.0,14.3584,4.563488483428955,2.439337730407715,-135.0,0,1,180,1.392,0.1391,1.0,0.4427,0.0417,0.3,0.1771,0.5188,1.0439
33.001,1,RETURN_HOME,3.6602,13.887,-2.0829,1.4192,-0.3242,-1.7932,1.2192,-0.5242,1.3272,0.0,0.0,14.3613,4.576975345611572,2.444460868835449,-135.0,0,1,180,1.161,0.1478,1.0,0.4424,0.0443,0.3,0.177,0.5213,1.0178
33.051,1,RETURN_HOME,3.7157,13.8733,-2.0865,1.4098,-0.3403,-1.7971,1.2098,-0.5403,1.325,0.0,0.0,14.3623,4.609832763671875,2.457340717315674,-135.0,0,1,180,1.115,0.1577,1.0,0.4417,0.0473,0.3,0.1767,0.524,0.9633
33.101,1,RETURN_HOME,3.7799,13.8542,-2.0949,1.3963,-0.3609,-1.8016,1.1963,-0.5609,1.3212,0.0,0.0,14.3605,4.690505027770996,2.464456796646118,-135.0,0,1,180,1.6,0.1712,1.0,0.4404,0.0514,0.3,0.1762,0.5275,0.9551
33.151,1,RETURN_HOME,3.8438,13.8343,-2.1019,1.3833,-0.3812,-1.8062,1.1833,-0.5812,1.3184,0.0,0.0,14.3584,4.776371955871582,2.4711551666259766,-135.0,0,1,180,1.888,0.1845,1.0,0.4395,0.0553,0.3,0.1758,0.5311,0.9433
33.201,1,RETURN_HOME,3.8962,13.8188,-2.1067,1.3732,-0.3965,-1.81,1.1732,-0.5965,1.3161,0.0,0.0,14.3575,4.927889347076416,2.4879143238067627,-135.0,0,1,180,1.978,0.1943,1.0,0.4387,0.0583,0.3,0.1755,0.5338,0.8845
33.251,1,RETURN_HOME,3.9583,13.8004,-2.1112,1.3618,-0.4135,-1.8145,1.1618,-0.6135,1.3138,0.0,0.0,14.3569,5.000507831573486,2.4952008724212646,-135.0,0,1,180,1.713,0.2051,1.0,0.4379,0.0615,0.3,0.1752,0.5367,0.8715
33.302,1,RETURN_HOME,4.01,13.7844,-2.114,1.3527,-0.428,-1.8182,1.1527,-0.528,1.2679,0.0,0.0,14.3559,5.078472137451172,2.506324052810669,-135.0,0,1,180,1.902,0.1459,1.0,0.4226,0.0438,0.3,0.1691,0.5128,0.8562
33.351,1,RETURN_HOME,4.0706,13.7658,-2.1142,1.3409,-0.4455,-1.8226,1.1409,-0.5455,1.2646,0.0,0.0,14.3551,5.218142032623291,2.5248756408691406,-135.0,0,1,180,1.717,0.1579,1.0,0.4215,0.0474,0.3,0.1686,0.516,0.8093
33.401,1,RETURN_HOME,4.1304,13.7467,-2.1126,1.3288,-0.4628,-1.8269,1.1288,-0.5628,1.2613,0.0,0.0,14.3539,5.288759708404541,2.5330986976623535,-135.0,0,1,180,1.651,0.1698,1.0,0.4204,0.0509,0.3,0.1682,0.5191,0.8004
33.452,1,RETURN_HOME,4.1803,13.73,-2.111,1.3191,-0.4755,-1.8305,1.1191,-0.4755,1.2159,0.0,0.0,14.3522,5.363129615783691,2.545825481414795,-135.0,0,1,180,1.751,0.106,1.0,0.4053,0.0318,0.3,0.1621,0.4939,0.7788
33.501,1,RETURN_HOME,4.2251,13.7121,-2.1094,1.3074,-0.4875,-1.834,1.1074,-0.4875,1.21,0.0,0.0,14.3483,5.496089458465576,2.5680952072143555,-135.0,0,1,180,1.716,0.1155,1.0,0.4033,0.0347,0.3,0.1613,0.496,0.7344
33.551,1,RETURN_HOME,4.2795,13.6898,-2.1072,1.2938,-0.5009,-1.8382,1.0938,-0.5009,1.2031,0.0,0.0,14.3431,5.5595703125,2.5799670219421387,-135.0,0,1,180,1.808,0.1261,1.0,0.401,0.0378,0.3,0.1604,0.4983,0.7325
33.602,1,RETURN_HOME,4.3252,13.6706,-2.1053,1.283,-0.5095,-1.8417,1.083,-0.5095,1.1968,0.0,0.0,14.3385,5.630763053894043,2.592998504638672,-135.0,0,1,180,1.858,0.1329,1.0,0.3989,0.0399,0.3,0.1596,0.4994,0.718
33.651,1,RETURN_HOME,4.372,13.6491,-2.0997,1.2729,-0.5172,-1.8452,1.0729,-0.4172,1.1512,0.0,0.0,14.3322,5.752641201019287,2.6167852878570557,-135.0,0,1,180,1.687,0.0608,1.0,0.3837,0.0182,0.3,0.1535,0.4717,0.6627
33.701,1,RETURN_HOME,4.4284,13.623,-2.0934,1.261,-0.525,-1.8494,1.061,-0.425,1.1429,0.0,0.0,14.3247,8.2570219039917,2.6295108795166016,-135.0,0,1,180,1.753,0.0666,1.0,0.381,0.02,0.3,0.1524,0.4724,0.6597
33.751,1,RETURN_HOME,4.4853,13.5968,-2.0881,1.2494,-0.5314,-1.8535,1.0494,-0.3314,1.1005,0.0,0.0,14.3175,8.256491661071777,2.643918752670288,-135.0,0,1,180,1.842,-0.0127,1.0,0.3668,-0.0038,0.3,0.1467,0.4429,0.6452
33.801,1,RETURN_HOME,4.5349,13.5756,-2.0853,1.2408,-0.5346,-1.857,0.0,0.0,0.0,0.0,0.0,14.313,8.253007888793945,2.6723759174346924,-135.0,0,0,180,1.703,,,,,,,,
33.851,1,RETURN_HOME,4.594,13.55,-2.0822,1.2327,-0.5368,-1.8613,0.0,0.0,0.0,0.0,0.0,14.3076,8.255165100097656,2.6830062866210938,-135.0,0,0,180,1.764,,,,,,,,
33.901,1,RETURN_HOME,4.6457,13.5294,-2.0796,1.2272,-0.5351,-1.8641,0.0,0.0,0.0,0.0,0.0,14.3048,8.251622200012207,2.699471950531006,-135.0,0,0,180,1.817,,,,,,,,
33.951,1,RETURN_HOME,4.7005,13.51,-2.0768,1.2058,-0.5253,-1.8666,0.0,0.0,0.0,0.0,0.0,14.3044,8.25143814086914,2.7286252975463867,-135.0,0,0,180,1.797,,,,,,,,
34.001,1,RETURN_HOME,4.7636,13.4872,-2.0743,1.1554,-0.5038,-1.87,0.9554,-0.6038,1.1302,0.0,0.0,14.3037,8.25205135345459,2.74399471282959,-135.0,0,1,180,1.668,0.2222,1.0,0.3767,0.0667,0.3,0.1507,0.5174,0.6605
34.051,1,RETURN_HOME,4.8232,13.4649,-2.0738,1.0823,-0.4732,-1.8738,0.8823,-0.6732,1.1098,0.0,0.0,14.3027,8.250420570373535,2.760584831237793,-135.0,0,1,180,1.742,0.3029,1.0,0.3699,0.0909,0.3,0.148,0.5389,0.8526
34.101,1,RETURN_HOME,4.8606,13.4505,-2.0744,1.0251,-0.4494,-1.8765,0.8251,-0.6494,1.05,0.0,0.0,14.3018,8.25110912322998,2.791468620300293,-135.0,0,1,180,1.603,0.3146,1.0,0.35,0.0944,0.3,0.14,0.5344,0.9816
34.151,1,RETURN_HOME,4.913,13.4302,-2.0749,0.953,-0.4254,-1.8809,0.753,-0.6254,0.9789,0.0,0.0,14.3006,8.251359939575195,2.79862380027771,-135.0,0,1,180,1.693,0.3357,1.0,0.3263,0.1007,0.3,0.1305,0.5312,1.1575
34.201,1,RETURN_HOME,4.9582,13.4162,-2.0762,0.9016,-0.4151,-1.8863,0.7016,-0.6151,0.9331,0.0,0.0,14.303,8.253915786743164,2.8034563064575195,-135.0,0,1,180,1.739,0.3577,1.0,0.311,0.1073,0.3,0.1244,0.5317,1.2576
34.252,1,RETURN_HOME,4.986,13.4083,-2.0771,0.8792,-0.4157,-1.8903,0.6792,-0.6157,0.9168,0.0,0.0,14.3054,8.255878448486328,2.8104939460754395,-135.0,0,1,180,1.763,0.3713,1.0,0.3056,0.1114,0.3,0.1222,0.5336,1.2781
34.301,1,RETURN_HOME,5.0268,13.3955,-2.0779,0.8604,-0.4264,-1.8961,0.6604,-0.6264,0.9103,0.0,0.0,14.3076,8.260119438171387,2.828042984008789,-135.0,0,1,180,1.731,0.3894,1.0,0.3034,0.1168,0.3,0.1214,0.5382,1.2621
34.351,1,RETURN_HOME,5.0631,13.3825,-2.0739,0.8501,-0.4432,-1.9013,0.6501,-0.6432,0.9146,0.0,0.0,14.3082,8.26193904876709,2.8384742736816406,-135.0,0,1,180,1.783,0.4063,1.0,0.3049,0.1219,0.3,0.1219,0.5438,1.2565
34.401,1,RETURN_HOME,5.092,13.3707,-2.069,0.8443,-0.4593,-1.9049,0.6443,-0.6593,0.9218,0.0,0.0,14.3075,8.261322021484375,2.851620674133301,-135.0,0,1,180,1.745,0.4196,1.0,0.3073,0.1259,0.3,0.1229,0.5488,1.2445
34.451,1,RETURN_HOME,5.1271,13.3549,-2.0635,0.8376,-0.4792,-1.9088,0.6376,-0.6792,0.9315,0.0,0.0,14.3052,8.258803367614746,2.8733901977539062,-135.0,0,1,180,1.783,0.4353,1.0,0.3105,0.1306,0.3,0.1242,0.5548,1.2145
34.501,1,RETURN_HOME,5.1574,13.3415,-2.0633,0.8316,-0.4946,-1.9121,0.6316,-0.6946,0.9388,0.0,0.0,14.3036,8.259005546569824,2.8885183334350586,-135.0,0,1,180,1.704,0.4475,1.0,0.3129,0.1343,0.3,0.1252,0.5594,1.1997
34.551,1,RETURN_HOME,5.188,13.3271,-2.064,0.8238,-0.5092,-1.9154,0.6238,-0.7092,0.9445,0.0,0.0,14.3013,8.256963729858398,2.9011847972869873,-135.0,0,1,180,1.947,0.4601,1.0,0.3148,0.138,0.3,0.1259,0.564,1.1947
34.601,1,RETURN_HOME,5.2186,13.3115,-2.0644,0.8142,-0.5232,-1.9189,0.6142,-0.7232,0.9488,0.0,0.0,14.2979,8.250492095947266,2.9256467819213867,-135.0,0,1,180,1.593,0.4734,1.0,0.3163,0.142,0.3,0.1265,0.5685,1.1722
34.651,1,RETURN_HOME,5.2539,13.2925,-2.0665,0.8003,-0.5394,-1.9231,0.6003,-0.7394,0.9524,0.0,0.0,14.2931,8.248453140258789,2.940631628036499,-135.0,0,1,180,1.859,0.4903,1.0,0.3175,0.1471,0.3,0.127,0.5741,1.1812
34.701,1,RETURN_HOME,5.2887,13.272,-2.0684,0.7851,-0.5554,-1.9272,0.5851,-0.7554,0.9555,0.0,0.0,14.2869,8.24526596069336,2.9532196521759033,-135.0,0,1,180,1.747,0.5078,1.0,0.3235,0.1523,0.3,0.1294,0.5817,1.1955
34.751,1,RETURN_HOME,5.3176,13.2537,-2.0695,0.7722,-0.569,-1.9303,0.5722,-0.769,0.9585,0.0,0.0,14.2807,8.237985610961914,2.9860920906066895,-135.0,0,1,180,1.931,0.5223,1.0,0.3338,0.1567,0.3,0.1335,0.5902,1.1847
34.801,1,RETURN_HOME,5.3544,13.23,-2.068,0.7583,-0.5853,-1.9339,0.5583,-0.7853,0.9636,0.0,0.0,14.2725,8.231195449829102,3.002934455871582,-135.0,0,1,180,1.625,0.5381,1.0,0.3457,0.1614,0.3,0.1383,0.5997,1.1988
34.852,1,RETURN_HOME,5.3846,13.2093,-2.0667,0.7469,-0.5994,-1.9367,0.5469,-0.7994,0.9685,0.0,0.0,14.2646,8.228231430053711,3.0194334983825684,-135.0,0,1,180,2.004,0.5511,1.0,0.3559,0.1653,0.3,0.1423,0.6077,1.2091
34.901,1,RETURN_HOME,5.4144,13.1875,-2.0652,0.7355,-0.6137,-1.9394,0.5355,-0.8137,0.9741,0.0,0.0,14.2558,8.216229438781738,3.05420184135437,-135.0,0,1,180,1.661,0.5639,1.0,0.3662,0.1692,0.3,0.1465,0.6157,1.201
34.952,1,RETURN_HOME,5.4494,13.1614,-2.0672,0.7218,-0.6304,-1.9421,0.5218,-0.8304,0.9807,0.0,0.0,14.245,8.207955360412598,3.0731441974639893,111.23,0,1,180,1.966,0.5787,1.0,0.3784,0.1736,0.3,0.1514,0.625,1.2121
35.001,1,RETURN_HOME,5.478,13.1386,-2.0683,0.7104,-0.6447,-1.9442,0.5104,-0.8447,0.9869,0.0,0.0,14.2349,8.20077896118164,3.050004243850708,111.48,0,1,180,1.843,0.591,1.0,0.3888,0.1773,0.3,0.1555,0.6328,1.221
35.051,1,RETURN_HOME,5.5062,13.1152,-2.0687,0.6989,-0.6592,-1.9461,0.4989,-0.8592,0.9936,0.0,0.0,14.2242,8.193939208984375,3.02681827545166,110.48,0,1,180,1.9,0.603,1.0,0.3994,0.1809,0.3,0.1598,0.6407,1.2303
35.101,1,RETURN_HOME,5.5338,13.0921,-2.0669,0.6877,-0.6734,-1.9481,0.4877,-0.8734,1.0003,0.0,0.0,14.2136,8.177098274230957,2.977348804473877,110.98,0,1,180,1.643,0.6144,1.0,0.4097,0.1843,0.3,0.1639,0.6482,1.2191
35.152,1,RETURN_HOME,5.5611,13.068,-2.0651,0.6763,-0.6878,-1.9506,0.4763,-0.8878,1.0075,0.0,0.0,14.2021,8.169730186462402,2.9544572830200195,111.23,0,1,180,1.894,0.6257,1.0,0.4203,0.1877,0.3,0.1681,0.6558,1.2302
35.201,1,RETURN_HOME,5.5934,13.038,-2.0627,0.6625,-0.7056,-1.9537,0.4625,-0.9056,1.0168,0.0,0.0,14.1872,8.16160774230957,2.9305260181427,111.98,0,1,180,1.715,0.6391,1.0,0.4333,0.1917,0.3,0.1733,0.665,1.2498
35.251,1,RETURN_HOME,5.6203,13.0129,-2.0598,0.6507,-0.7207,-1.9562,0.4507,-0.9207,1.0251,0.0,0.0,14.1747,8.141514778137207,2.8849291801452637,111.23,0,1,180,1.875,0.6502,1.0,0.4444,0.1951,0.3,0.1777,0.6728,1.2434
35.301,1,RETURN_HOME,5.652,12.9813,-2.0564,0.6365,-0.7392,-1.9591,0.4365,-0.9392,1.0357,0.0,0.0,14.1584,8.132274627685547,2.8631057739257812,112.48,0,1,180,1.731,0.6632,1.0,0.4579,0.199,0.3,0.1832,0.6821,1.2647
35.351,1,RETURN_HOME,5.6775,12.9531,-2.0547,0.6242,-0.7553,-1.9613,0.4242,-0.9553,1.0452,0.0,0.0,14.1427,8.122188568115234,2.8408420085906982,113.48,0,1,180,1.77,0.6741,1.0,0.4698,0.2022,0.3,0.1879,0.6901,1.279
35.401,1,RETURN_HOME,5.707,12.9167,-2.054,0.6089,-0.7755,-1.9638,0.4089,-0.9755,1.0577,0.0,0.0,14.1213,8.09933853149414,2.796342134475708,112.98,0,1,180,1.756,0.6873,1.0,0.4847,0.2062,0.3,0.1939,0.7001,1.2889
35.451,1,RETURN_HOME,5.731,12.8855,-2.0534,0.5962,-0.7923,-1.9659,0.3962,-0.9923,1.0684,0.0,0.0,14.1025,8.086713790893555,2.776599645614624,112.23,0,1,180,1.801,0.6979,1.0,0.4971,0.2094,0.3,0.1988,0.7082,1.3043
35.501,1,RETURN_HOME,5.7557,12.8529,-2.0515,0.5838,-0.8091,-1.968,0.3838,-1.0091,1.0796,0.0,0.0,14.0828,8.075307846069336,2.7569921016693115,112.98,0,1,180,2.015,0.7078,1.0,0.5094,0.2123,0.3,0.2038,0.7161,1.3218
35.551,1,RETURN_HOME,5.7862,12.812,-2.0474,0.5693,-0.8296,-1.9707,0.3693,-1.0296,1.0939,0.0,0.0,14.058,8.063095092773438,2.737151861190796,113.23,0,1,180,1.728,0.7189,1.0,0.5242,0.2157,0.3,0.2097,0.7254,1.3415
35.601,1,RETURN_HOME,5.8059,12.7842,-2.0448,0.5596,-0.8433,-1.9725,0.3596,-1.0433,1.1035,0.0,0.0,14.0408,8.034133911132812,2.69596791267395,112.98,0,1,180,1.714,0.7261,1.0,0.5341,0.2178,0.3,0.2137,0.7315,1.3386
35.651,1,RETURN_HOME,5.8358,12.7417,-2.0407,0.5454,-0.8637,-1.9752,0.3454,-1.0637,1.1183,0.0,0.0,14.0145,8.02303409576416,2.677053689956665,113.48,0,1,180,1.763,0.7361,1.0,0.5488,0.2208,0.3,0.2195,0.7404,1.3571
35.701,1,RETURN_HOME,5.8668,12.6979,-2.0359,0.532,-0.8843,-1.9778,0.332,-1.0843,1.134,0.0,0.0,13.9877,8.008888244628906,2.657679557800293,112.98,0,1,180,1.668,0.7452,1.0,0.5634,0.2236,0.3,0.2254,0.7489,1.3776
35.751,1,RETURN_HOME,5.8868,12.6682,-2.033,0.5228,-0.898,-1.9796,0.3228,-1.098,1.1445,0.0,0.0,13.9692,7.992386817932129,2.638373851776123,113.23,0,1,180,1.675,0.7512,1.0,0.5732,0.2254,0.3,0.2293,0.7546,1.3874
35.801,1,RETURN_HOME,5.9164,12.6218,-2.0277,0.5089,-0.9189,-1.9825,0.3089,-1.1189,1.1608,0.0,0.0,13.9396,7.96229362487793,2.603046178817749,112.98,0,1,180,1.583,0.7598,1.0,0.588,0.228,0.3,0.2352,0.7631,1.4007
35.851,1,RETURN_HOME,5.9454,12.5733,-2.0217,0.4948,-0.9403,-1.9855,0.2948,-1.1403,1.1778,0.0,0.0,13.9082,7.943889617919922,2.584740400314331,113.98,0,1,180,1.824,0.7682,1.0,0.6032,0.2305,0.3,0.2413,0.7718,1.4231
35.901,1,RETURN_HOME,5.9685,12.5326,-2.0174,0.4827,-0.958,-1.9879,0.2827,-1.158,1.1921,0.0,0.0,13.8812,7.926925182342529,2.56551194190979,113.98,0,1,180,1.724,0.7751,1.0,0.616,0.2325,0.3,0.2464,0.7789,1.4428
35.951,1,RETURN_HOME,5.9916,12.49,-2.0141,0.4709,-0.9762,-1.9904,0.2709,-1.1762,1.207,0.0,0.0,13.8527,7.892808437347412,2.5345635414123535,114.48,0,1,180,1.934,0.7816,1.0,0.6289,0.2345,0.3,0.2516,0.786,1.4516
36.002,1,RETURN_HOME,6.0187,12.4374,-2.0111,0.4566,-0.9982,-1.9934,0.2566,-1.1982,1.2254,0.0,0.0,13.8171,7.876974105834961,2.5172035694122314,113.98,0,1,180,1.979,0.789,1.0,0.6445,0.2367,0.3,0.2578,0.7945,1.4752
36.052,1,RETURN_HOME,6.0402,12.3933,-2.0091,0.4445,-1.0163,-1.996,0.2445,-1.2163,1.2406,0.0,0.0,13.7869,7.856860160827637,2.500582456588745,113.48,0,1,180,1.838,0.795,1.0,0.6575,0.2385,0.3,0.263,0.8015,1.4965
36.101,1,RETURN_HOME,6.0596,12.3485,-2.0075,0.4313,-1.0344,-1.9987,0.2313,-1.2344,1.2559,0.0,0.0,13.7552,7.820801734924316,2.4706649780273438,115.23,0,1,180,1.784,0.8013,1.0,0.6708,0.2404,0.3,0.2683,0.8087,1.5099
36.151,1,RETURN_HOME,6.0809,12.294,-2.0061,0.4146,-1.056,-2.0017,0.2146,-1.256,1.2742,0.0,0.0,13.7157,7.799790382385254,2.4561989307403564,114.23,0,1,180,1.741,0.8089,1.0,0.6871,0.2427,0.3,0.2748,0.8175,1.544
36.201,1,RETURN_HOME,6.0979,12.2482,-2.0052,0.4007,-1.0737,-2.0045,0.2007,-1.2737,1.2894,0.0,0.0,13.6822,7.778487205505371,2.44010591506958,114.73,0,1,180,1.888,0.8149,1.0,0.7005,0.2445,0.3,0.2802,0.8247,1.5677
36.251,1,RETURN_HOME,6.1142,12.2048,-2.0027,0.387,-1.09,-2.0077,0.187,-1.29,1.3035,0.0,0.0,13.6506,7.756455421447754,2.4261634349823,116.48,0,1,180,1.842,0.8206,1.0,0.7131,0.2462,0.3,0.2852,0.8314,1.59
36.301,1,RETURN_HOME,6.1329,12.1525,-1.9998,0.3707,-1.1093,-2.0116,0.1707,-1.3093,1.3204,0.0,0.0,13.6123,7.714515686035156,2.39797043800354,114.98,0,1,180,1.585,0.827,1.0,0.728,0.2481,0.3,0.2912,0.8393,1.6134
36.351,1,RETURN_HOME,6.1478,12.1081,-1.998,0.3571,-1.1256,-2.0148,0.1571,-1.3256,1.3348,0.0,0.0,13.5795,7.692868232727051,2.385382890701294,116.73,0,1,180,1.805,0.8322,1.0,0.7405,0.2496,0.3,0.2962,0.8459,1.6391
36.401,1,RETURN_HOME,6.1615,12.0633,-1.9937,0.3434,-1.142,-2.0179,0.1434,-1.342,1.3496,0.0,0.0,13.5457,7.672561168670654,2.372471809387207,115.98,0,1,180,1.662,0.8372,1.0,0.7533,0.2512,0.3,0.3013,0.8525,1.6656
36.451,1,RETURN_HOME,6.1771,12.0085,-1.9887,0.3268,-1.1619,-2.0214,0.1268,-1.3619,1.3678,0.0,0.0,13.5041,7.626248359680176,2.3488144874572754,117.23,0,1,180,1.762,0.843,1.0,0.7687,0.2529,0.3,0.3075,0.8604,1.6997
36.501,1,RETURN_HOME,6.192,11.9527,-1.9848,0.3103,-1.182,-2.0246,0.1103,-1.382,1.3864,0.0,0.0,13.4614,7.598737716674805,2.3356270790100098,116.23,0,1,180,1.836,0.8485,1.0,0.7843,0.2546,0.3,0.3137,0.8683,1.733
36.551,1,RETURN_HOME,6.206,11.9061,-1.9824,0.2973,-1.1993,-2.0273,0.0973,-1.3993,1.4027,0.0,0.0,13.4264,7.57681941986084,2.3249411582946777,117.98,0,1,180,1.769,0.8526,1.0,0.7973,0.2558,0.3,0.3189,0.8747,1.7592
36.601,1,RETURN_HOME,6.2192,11.8586,-1.9806,0.2842,-1.2166,-2.0299,0.0842,-1.4166,1.4191,0.0,0.0,13.3905,7.528237819671631,2.3043923377990723,117.48,0,1,180,1.561,0.8565,1.0,0.8103,0.2569,0.3,0.3241,0.8811,1.7864
36.651,1,RETURN_HOME,6.2353,11.7999,-1.9805,0.2686,-1.2378,-2.033,0.0686,-1.4378,1.4394,0.0,0.0,13.346,7.49959135055542,2.2935590744018555,117.23,0,1,180,1.706,0.8609,1.0,0.8261,0.2583,0.3,0.3304,0.8887,1.8207
36.701,1,RETURN_HOME,6.252,11.748,-1.9861,0.2569,-1.2566,-2.0355,0.0569,-1.4566,1.4577,0.0,0.0,13.308,7.476178169250488,2.283673048019409,116.98,0,1,180,1.655,0.8638,1.0,0.8394,0.2591,0.3,0.3358,0.8949,1.8453
36.752,1,RETURN_HOME,6.2674,11.6955,-1.9913,0.245,-1.2751,-2.038,0.045,-1.4751,1.4758,0.0,0.0,13.269,7.425132751464844,2.2650277614593506,116.98,0,1,180,1.893,0.8666,1.0,0.8526,0.26,0.3,0.3411,0.901,1.87
36.801,1,RETURN_HOME,6.2818,11.6426,-1.9961,0.2328,-1.2932,-2.0407,0.0328,-1.4932,1.4936,0.0,0.0,13.2291,7.395056247711182,2.2549502849578857,118.23,0,1,180,1.794,0.8694,1.0,0.8657,0.2608,0.3,0.3463,0.9071,1.8941
36.851,1,RETURN_HOME,6.3024,11.5808,-2.0026,0.2194,-1.3139,-2.0444,0.0194,-1.4,1.4001,0.0,0.0,13.1846,7.366741180419922,2.246602773666382,117.98,0,1,180,1.71,0.8716,1.0,0.8136,0.2615,0.3,0.3254,0.8869,1.9179
36.901,1,RETURN_HOME,6.318,11.5284,-2.0074,0.2078,-1.3312,-2.0474,0.0078,-1.4,1.4,0.0,0.0,13.1461,7.340417861938477,2.2391257286071777,118.23,0,1,180,1.76,0.8743,1.0,0.816,0.2623,0.3,0.3264,0.8887,1.9389
36.951,1,RETURN_HOME,6.3339,11.4638,-2.0112,0.1929,-1.3524,-2.0509,-0.0071,-1.4,1.4,0.0,0.0,13.0972,7.2795186042785645,2.2241365909576416,118.73,0,1,180,1.741,0.8777,1.0,0.8192,0.2633,0.3,0.3277,0.891,1.9279
37.001,1,RETURN_HOME,6.3463,11.3969,-2.0122,0.1773,-1.3712,-2.054,-0.0227,-1.4,1.4002,0.0,0.0,13.0447,7.248873710632324,2.21720027923584,119.24,0,1,180,1.612,0.8815,1.0,0.8228,0.2644,0.3,0.3291,0.8936,1.924
37.051,1,RETURN_HOME,6.3557,11.3406,-2.0128,0.164,-1.3843,-2.0565,-0.036,-1.4,1.4005,0.0,0.0,13.0002,7.22559118270874,2.2113070487976074,117.23,0,1,180,1.735,0.8846,1.0,0.8259,0.2654,0.3,0.3304,0.8958,1.9208
37.101,1,RETURN_HOME,6.3638,11.2835,-2.0113,0.1502,-1.3957,-2.0589,-0.0498,-1.4,1.4009,0.0,0.0,12.9544,7.164932727813721,2.196324110031128,118.48,0,1,180,1.716,0.8879,1.0,0.8293,0.2664,0.3,0.3317,0.8981,1.9111
37.15,1,RETURN_HOME,6.3716,11.2139,-2.0063,0.1327,-1.4075,-2.0617,-0.0673,-1.4,1.4016,0.0,0.0,12.8977,7.138807773590088,2.192892074584961,118.99,0,1,180,1.126,0.8922,1.0,0.8337,0.2677,0.3,0.3335,0.9011,1.9094
37.201,1,RETURN_HOME,6.3774,11.1557,-2.0028,0.118,-1.4158,-2.064,-0.082,-1.4,1.4024,0.0,0.0,12.85,7.113872051239014,2.1876332759857178,119.74,0,1,180,1.187,0.8957,1.0,0.8374,0.2687,0.3,0.335,0.9037,1.9074
37.251,1,RETURN_HOME,6.3823,11.0846,-2.0002,0.1003,-1.4252,-2.0669,-0.0997,-1.4,1.4035,0.0,0.0,12.7907,7.0634589195251465,2.179049491882324,118.48,0,1,180,1.147,0.8999,1.0,0.842,0.27,0.3,0.3368,0.9068,1.9027
37.301,1,RETURN_HOME,6.3855,11.0122,-1.9991,0.0825,-1.4343,-2.0698,-0.1175,-1.4,1.4049,0.0,0.0,12.7296,7.043432235717773,2.1742031574249268,119.49,0,1,180,1.073,0.904,1.0,0.8467,0.2712,0.3,0.3387,0.9099,1.9
37.351,1,RETURN_HOME,6.3875,10.952,-1.9985,0.0677,-1.4411,-2.0722,-0.1323,-1.4,1.4062,0.0,0.0,12.6786,6.998180866241455,2.1664535999298096,119.24,0,1,180,1.29,0.9074,1.0,0.8507,0.2722,0.3,0.3403,0.9125,1.8972
37.401,1,RETURN_HOME,6.3868,10.8906,-2.0018,0.0524,-1.4474,-2.0747,-0.1476,-1.4,1.4078,0.0,0.0,12.6252,6.978652000427246,2.1652657985687256,118.73,0,1,180,1.145,0.9109,1.0,0.8549,0.2733,0.3,0.342,0.9152,1.8986
37.451,1,RETURN_HOME,6.385,10.8168,-2.0063,0.0339,-1.4543,-2.0778,-0.1661,-1.4,1.4098,0.0,0.0,12.5607,6.9620161056518555,2.161949634552002,119.24,0,1,180,1.224,0.9151,1.0,0.86,0.2745,0.3,0.344,0.9185,1.8985
37.501,1,RETURN_HOME,6.3833,10.7554,-2.0097,0.0187,-1.4593,-2.0803,-0.1813,-1.4,1.4117,0.0,0.0,12.507,6.947123050689697,2.1597394943237305,119.99,0,1,180,1.48,0.9184,1.0,0.8643,0.2755,0.3,0.3457,0.9212,1.9001
37.551,1,RETURN_HOME,6.3829,10.6817,-2.0134,0.002,-1.4646,-2.0833,-0.198,-1.4,1.4139,0.0,0.0,12.4434,6.9276533126831055,2.157351016998291,119.49,0,1,180,1.196,0.9218,1.0,0.8689,0.2765,0.3,0.3476,0.9241,1.9012
37.601,1,RETURN_HOME,6.3824,10.6203,-2.016,-0.0117,-1.4684,-2.0858,-0.2117,-1.4,1.4159,0.0,0.0,12.3906,6.927563190460205,2.1557724475860596,119.99,0,1,180,1.24,0.9245,1.0,0.8727,0.2774,0.3,0.3491,0.9264,1.9029
37.651,1,RETURN_HOME,6.3822,10.5466,-2.0192,-0.0279,-1.4725,-2.089,-0.2279,-1.4,1.4184,0.0,0.0,12.3273,7.9943718910217285,2.1553285121917725,120.74,0,1,180,1.129,0.9276,1.0,0.8772,0.2783,0.3,0.3509,0.9291,1.904
37.701,1,RETURN_HOME,6.3858,10.4713,-2.0237,-0.0423,-1.4768,-2.0924,-0.2423,-1.4,1.4208,0.0,0.0,12.2649,7.950469017028809,2.1555166244506836,120.99,0,1,180,1.071,0.93,1.0,0.8809,0.279,0.3,0.3524,0.9314,1.909
37.751,1,RETURN_HOME,6.3878,10.409,-2.0269,-0.0547,-1.4799,-2.0952,-0.2547,-1.4,1.423,0.0,0.0,12.2127,7.907896041870117,2.1559741497039795,121.24,0,1,180,1.234,0.9322,1.0,0.8843,0.2796,0.3,0.3537,0.9334,1.9118
37.801,1,RETURN_HOME,6.388,10.3471,-2.0296,-0.0678,-1.4824,-2.098,-0.2678,-1.4,1.4254,0.0,0.0,12.1601,7.865972995758057,2.1575591564178467,120.24,0,1,180,1.093,0.9344,1.0,0.888,0.2803,0.3,0.3552,0.9355,1.9139
37.851,1,RETURN_HOME,6.3838,10.274,-2.0324,-0.0853,-1.4846,-2.1014,-0.2853,-1.4,1.4288,0.0,0.0,12.0957,7.776617527008057,2.160784959793091,120.49,0,1,180,1.187,0.9377,1.0,0.8931,0.2813,0.3,0.3573,0.9385,1.9216
37.901,1,RETURN_HOME,6.3789,10.201,-2.0346,-0.1031,-1.4862,-2.1048,-0.3031,-1.4,1.4324,0.0,0.0,12.0312,7.73440408706665,2.1626996994018555,120.24,0,1,180,1.183,0.9409,1.0,0.8985,0.2823,0.3,0.3594,0.9416,1.9266
37.951,1,RETURN_HOME,6.3741,10.1406,-2.037,-0.118,-1.4871,-2.1076,-0.318,-1.4,1.4357,0.0,0.0,11.9776,7.650337219238281,2.167839765548706,122.99,0,1,180,1.207,0.9435,1.0,0.903,0.283,0.3,0.3612,0.9443,1.9344
38.001,1,RETURN_HOME,6.3688,10.0808,-2.0402,-0.133,-1.4875,-2.1102,-0.333,-1.4,1.4391,0.0,0.0,11.9241,7.604365825653076,2.1719348430633545,120.99,0,1,180,1.054,0.9461,1.0,0.9076,0.2838,0.3,0.363,0.9469,1.943
38.051,1,RETURN_HOME,6.3617,10.0092,-2.0434,-0.1509,-1.4879,-2.1137,-0.3509,-1.4,1.4433,0.0,0.0,11.8598,7.559934139251709,2.175107717514038,121.74,0,1,180,1.106,0.949,1.0,0.9132,0.2847,0.3,0.3653,0.95,1.9485
38.101,1,RETURN_HOME,6.3549,9.9493,-2.0481,-0.166,-1.4879,-2.1167,-0.366,-1.4,1.4471,0.0,0.0,11.8057,7.518342971801758,2.1786632537841797,120.99,0,1,180,1.221,0.9515,1.0,0.9179,0.2855,0.3,0.3672,0.9526,1.9566
38.151,1,RETURN_HOME,6.3458,9.8775,-2.0547,-0.1843,-1.4879,-2.1202,-0.3843,-1.4,1.4518,0.0,0.0,11.7403,7.428509712219238,2.1875293254852295,121.99,0,1,180,1.134,0.9544,1.0,0.9237,0.2863,0.3,0.3695,0.9558,1.9677
38.201,1,RETURN_HOME,6.3377,9.8177,-2.0592,-0.1995,-1.488,-2.123,-0.3995,-1.4,1.4559,0.0,0.0,11.6856,7.38781213760376,2.193648338317871,121.49,0,1,180,1.114,0.9567,1.0,0.9286,0.287,0.3,0.3714,0.9584,1.976
38.251,1,RETURN_HOME,6.3288,9.7457,-2.0668,-0.2167,-1.4882,-2.126,-0.4167,-1.4,1.4607,0.0,0.0,11.6203,7.343993663787842,2.1994788646698,123.74,0,1,180,1.192,0.9592,1.0,0.934,0.2878,0.3,0.3736,0.9614,1.9868
38.3,1,RETURN_HOME,6.3214,9.6856,-2.0731,-0.2307,-1.4883,-2.1285,-0.4307,-1.4,1.4647,0.0,0.0,11.5659,7.253912925720215,2.2119901180267334,124.24,0,1,180,1.057,0.9611,1.0,0.9385,0.2883,0.3,0.3754,0.9637,2.0023
38.351,1,RETURN_HOME,6.3131,9.6257,-2.0782,-0.2447,-1.4884,-2.1311,-0.4447,-1.4,1.4689,0.0,0.0,11.5113,7.209712505340576,2.2180237770080566,123.49,0,1,180,1.374,0.963,1.0,0.943,0.2889,0.3,0.3772,0.9661,2.0105
38.401,1,RETURN_HOME,6.3031,9.5544,-2.087,-0.2614,-1.4879,-2.1346,-0.4614,-1.4,1.4741,0.0,0.0,11.4462,7.1672186851501465,2.225729465484619,122.74,0,1,180,1.113,0.9651,1.0,0.9484,0.2895,0.3,0.3794,0.9689,2.0213
38.451,1,RETURN_HOME,6.2942,9.4952,-2.0942,-0.2754,-1.4873,-2.1375,-0.4754,-1.4,1.4785,0.0,0.0,11.3919,7.075742244720459,2.2417142391204834,122.99,0,1,180,1.168,0.9669,1.0,0.953,0.2901,0.3,0.3812,0.9713,2.0187
38.501,1,RETURN_HOME,6.2825,9.4242,-2.101,-0.2923,-1.4867,-2.1406,-0.4923,-1.4,1.484,0.0,0.0,11.3263,7.03183650970459,2.249138116836548,122.99,0,1,180,1.168,0.969,1.0,0.9586,0.2907,0.3,0.3835,0.9741,1.9698
38.551,1,RETURN_HOME,6.2729,9.3671,-2.1076,-0.3062,-1.4848,-2.1431,-0.5062,-1.4,1.4887,0.0,0.0,11.2735,6.990443229675293,2.2580652236938477,122.74,0,1,180,1.197,0.9706,1.0,0.9633,0.2912,0.3,0.3853,0.9765,1.9229
38.601,1,RETURN_HOME,6.2604,9.2984,-2.1135,-0.3231,-1.4828,-2.1459,-0.5231,-1.4,1.4945,0.0,0.0,11.2095,6.895983695983887,2.2778003215789795,124.49,0,1,180,1.102,0.9725,1.0,0.969,0.2918,0.3,0.3876,0.9793,1.8285
38.651,1,RETURN_HOME,6.249,9.2411,-2.1169,-0.3375,-1.4813,-2.1482,-0.5375,-1.4,1.4996,0.0,0.0,11.1556,6.853034496307373,2.286940097808838,122.74,0,1,180,1.16,0.9741,1.0,0.9739,0.2922,0.3,0.3895,0.9818,1.7852
38.701,1,RETURN_HOME,6.2315,9.1742,-2.1191,-0.356,-1.4787,-2.151,-0.456,-1.4,1.4724,0.0,0.0,11.0904,6.808435916900635,2.2966597080230713,123.74,0,1,180,1.047,0.9606,1.0,0.9429,0.2882,0.3,0.3772,0.9653,1.7374
38.751,1,RETURN_HOME,6.2162,9.1182,-2.1198,-0.3717,-1.4769,-2.1532,-0.4717,-1.4,1.4773,0.0,0.0,11.0356,6.714507579803467,2.3203296661376953,124.74,0,1,180,1.173,0.9629,1.0,0.9483,0.2889,0.3,0.3793,0.9682,1.6456
38.801,1,RETURN_HOME,6.2001,9.0619,-2.1204,-0.3878,-1.4754,-2.1555,-0.4878,-1.4,1.4826,0.0,0.0,10.98,6.671608924865723,2.331932783126831,123.74,0,1,180,1.357,0.9652,1.0,0.9539,0.2895,0.3,0.3816,0.9711,1.6002
38.851,1,RETURN_HOME,6.1787,8.9941,-2.1236,-0.4054,-1.4735,-2.1585,-0.5054,-1.4,1.4884,0.0,0.0,10.9119,6.625487327575684,2.343156337738037,125.99,0,1,180,1.264,0.9675,1.0,0.9601,0.2903,0.3,0.384,0.9743,1.5507
38.901,1,RETURN_HOME,6.1605,8.9373,-2.125,-0.4181,-1.4722,-2.161,-0.5181,-1.4,1.4928,0.0,0.0,10.8549,6.5347394943237305,2.3678576946258545,122.99,0,1,180,1.182,0.9691,1.0,0.9645,0.2907,0.3,0.3858,0.9765,1.4561
38.951,1,RETURN_HOME,6.1379,8.8685,-2.1272,-0.4314,-1.4715,-2.1639,-0.5314,-1.4,1.4975,0.0,0.0,10.7854,6.48820686340332,2.379305124282837,124.74,0,1,180,1.118,0.9707,1.0,0.9691,0.2912,0.3,0.3876,0.9788,1.4113
39.0,1,RETURN_HOME,6.1142,8.7987,-2.1312,-0.4437,-1.4717,-2.1664,-0.6437,-1.3,1.4506,0.0,0.0,10.7145,6.443122386932373,2.391843557357788,124.99,0,1,180,1.065,0.9891,1.0,0.9566,0.2967,0.3,0.3826,0.9794,1.6674
39.051,1,RETURN_HOME,6.0942,8.7404,-2.1332,-0.4534,-1.4723,-2.1682,-0.6534,-1.3,1.455,0.0,0.0,10.6552,6.347411155700684,2.42112398147583,125.74,0,1,180,1.133,0.9898,1.0,0.9601,0.2969,0.3,0.384,0.981,1.5735
39.101,1,RETURN_HOME,6.0738,8.6834,-2.1331,-0.4629,-1.4725,-2.1697,-0.6629,-1.3,1.4593,0.0,0.0,10.5968,6.301520347595215,2.434488296508789,123.99,0,1,180,1.203,0.9904,1.0,0.9635,0.2971,0.3,0.3854,0.9825,1.5279
39.151,1,RETURN_HOME,6.0527,8.6283,-2.131,-0.4742,-1.4701,-2.171,-0.6742,-1.3,1.4644,0.0,0.0,10.5396,6.2555251121521,2.4463930130004883,123.99,0,1,180,1.173,0.9911,1.0,0.9676,0.2973,0.3,0.3871,0.9844,1.4822
39.201,1,RETURN_HOME,6.0271,8.5617,-2.1276,-0.4902,-1.4651,-2.1725,-0.6902,-1.3,1.4719,0.0,0.0,10.4703,6.209008693695068,2.463123083114624,125.74,0,1,180,1.146,0.9922,1.0,0.9736,0.2976,0.3,0.3894,0.9871,1.4377
39.251,1,RETURN_HOME,6.0058,8.5073,-2.1215,-0.505,-1.4589,-2.1736,-0.705,-1.3,1.4789,0.0,0.0,10.4137,6.109784126281738,2.4950850009918213,124.99,0,1,180,1.146,0.9931,1.0,0.9791,0.2979,0.3,0.3916,0.9896,1.3491
39.301,1,RETURN_HOME,5.9844,8.4536,-2.1137,-0.5208,-1.4515,-2.1748,-0.7208,-1.3,1.4864,0.0,0.0,10.3574,6.064169883728027,2.5113327503204346,123.74,0,1,180,1.098,0.994,1.0,0.985,0.2982,0.3,0.394,0.9922,1.3059
39.351,1,RETURN_HOME,5.9581,8.3888,-2.1046,-0.5406,-1.4425,-2.1765,-0.7406,-1.3,1.4962,0.0,0.0,10.2893,6.015483379364014,2.525663137435913,124.49,0,1,180,1.184,0.995,1.0,0.9925,0.2985,0.3,0.397,0.9955,1.2618
39.401,1,RETURN_HOME,5.939,8.3452,-2.0985,-0.5546,-1.437,-2.1777,-0.6546,-1.3,1.4555,0.0,0.0,10.2427,5.966538906097412,2.5455093383789062,125.49,0,1,180,1.184,0.9885,1.0,0.9591,0.2965,0.3,0.3837,0.9802,1.2034
39.451,1,RETURN_HOME,5.9083,8.2794,-2.0894,-0.5763,-1.4297,-2.1797,-0.6763,-1.3,1.4654,0.0,0.0,10.1714,5.874465465545654,2.5776965618133545,124.24,0,1,180,1.211,0.9902,1.0,0.9674,0.2971,0.3,0.3869,0.984,1.1187
39.501,1,RETURN_HOME,5.8772,8.2135,-2.0808,-0.5974,-1.4232,-2.1821,-0.7974,-1.2,1.4408,0.0,0.0,10.0996,5.829831123352051,2.594459056854248,124.99,0,1,180,1.187,0.9994,1.0,0.9599,0.2998,0.3,0.384,0.9838,1.3787
39.551,1,RETURN_HOME,5.8517,8.1599,-2.0718,-0.6121,-1.4178,-2.1843,-0.8121,-1.2,1.449,0.0,0.0,10.0412,5.778890609741211,2.613921880722046,125.24,0,1,180,1.255,0.9996,1.0,0.9656,0.2999,0.3,0.3862,0.9861,1.3279
39.6,1,RETURN_HOME,5.8264,8.107,-2.0619,-0.6244,-1.4127,-2.1861,-0.8244,-1.2,1.4559,0.0,0.0,9.9835,5.687387943267822,2.649216890335083,126.49,0,1,180,1.047,0.9998,1.0,0.9704,0.2999,0.3,0.3882,0.9881,1.2376
39.651,1,RETURN_HOME,5.7954,8.0432,-2.0512,-0.6394,-1.4054,-2.1879,-0.8394,-1.2,1.4645,0.0,0.0,9.9136,5.644090175628662,2.6686737537384033,126.74,0,1,180,1.17,0.9999,1.0,0.9762,0.3,0.3,0.3905,0.9905,1.1885
39.701,1,RETURN_HOME,5.7717,7.9917,-2.0461,-0.6518,-1.3974,-2.1892,-0.8518,-1.2,1.4716,0.0,0.0,9.858,5.592592239379883,2.690441370010376,126.74,0,1,180,1.805,1.0,1.0,0.981,0.3,0.3,0.3924,0.9924,1.142
39.751,1,RETURN_HOME,5.7478,7.9404,-2.042,-0.6652,-1.3883,-2.1904,-0.7652,-1.2,1.4232,0.0,0.0,9.8024,5.500452041625977,2.7292380332946777,125.99,0,1,180,1.696,0.9983,1.0,0.9472,0.2995,0.3,0.3789,0.9783,1.0642
39.801,1,RETURN_HOME,5.7181,7.8787,-2.0375,-0.6831,-1.3769,-2.1919,-0.8831,-1.1,1.4106,0.0,0.0,9.735,5.4557952880859375,2.7504775524139404,126.49,0,1,180,1.672,0.9988,1.0,0.9393,0.2996,0.3,0.3757,0.9754,1.072
39.851,1,RETURN_HOME,5.6948,7.8263,-2.0312,-0.6981,-1.368,-2.1933,-0.8981,-1.1,1.42,0.0,0.0,9.6789,5.405001640319824,2.7729761600494385,126.74,0,1,180,1.766,0.9985,1.0,0.9452,0.2995,0.3,0.3781,0.9776,1.068
39.901,1,RETURN_HOME,5.671,7.7738,-2.0249,-0.7113,-1.3597,-2.1946,-0.9113,-1.1,1.4285,0.0,0.0,9.6225,5.361482620239258,2.795001745223999,126.24,0,1,180,1.804,0.9981,1.0,0.9505,0.2994,0.3,0.3802,0.9796,1.0425
39.951,1,RETURN_HOME,5.641,7.711,-2.0182,-0.7273,-1.3481,-2.1961,-0.8273,-1.1,1.3764,0.0,0.0,9.5541,5.270737171173096,2.8375656604766846,125.74,0,1,180,1.753,0.9999,1.0,0.9175,0.3,0.3,0.367,0.967,1.1366
40.001,1,RETURN_HOME,5.6147,7.6589,-2.0147,-0.7416,-1.3373,-2.1973,-0.8416,-1.1,1.385,0.0,0.0,9.4965,5.221424102783203,2.8622584342956543,126.99,0,1,180,1.74,0.9998,1.0,0.9232,0.2999,0.3,0.3693,0.9692,1.0901
40.052,1,RETURN_HOME,5.5874,7.6069,-2.0116,-0.757,-1.3258,-2.1984,-0.857,-1.1,1.3944,0.0,0.0,9.4384,5.17537784576416,2.8837664127349854,126.74,0,1,180,2.481,0.9996,1.0,0.9292,0.2999,0.3,0.3717,0.9716,1.0463
40.101,1,RETURN_HOME,5.5534,7.545,-2.0083,-0.7741,-1.3114,-2.1997,-0.7741,-1.1,1.3451,0.0,0.0,9.3684,5.089045524597168,2.932003974914551,126.49,0,1,180,1.631,0.9998,1.0,0.8965,0.2999,0.3,0.3586,0.9585,0.9632
40.151,1,RETURN_HOME,5.5148,7.4847,-2.0076,-0.7908,-1.2969,-2.201,-0.7908,-1.0969,1.3522,0.0,0.0,9.297,5.04019021987915,2.9583115577697754,126.49,0,1,180,1.763,0.9999,1.0,0.9014,0.3,0.3,0.3606,0.9606,0.9265
40.202,1,RETURN_HOME,5.4822,7.4346,-2.007,-0.8032,-1.2856,-2.202,-0.8032,-1.0856,1.3504,0.0,0.0,9.2373,4.996240139007568,2.9822161197662354,126.24,0,1,180,1.901,1.0,1.0,0.9003,0.3,0.3,0.3601,0.9601,0.9236
40.251,1,RETURN_HOME,5.4492,7.3847,-2.0066,-0.813,-1.2748,-2.203,-0.713,-1.0748,1.2898,0.0,0.0,9.1776,4.911387920379639,3.0292186737060547,126.99,0,1,180,1.929,0.9987,1.0,0.8588,0.2996,0.3,0.3435,0.9431,0.8803
40.301,1,RETURN_HOME,5.4163,7.3364,-2.0054,-0.8208,-1.2642,-2.2041,-0.7208,-1.0642,1.2854,0.0,0.0,9.1192,4.863748550415039,3.0557382106781006,126.49,0,1,180,1.864,0.9992,1.0,0.8562,0.2998,0.3,0.3425,0.9422,0.8656
40.351,1,RETURN_HOME,5.3765,7.2786,-2.0041,-0.828,-1.2525,-2.2056,-0.728,-1.0525,1.2797,0.0,0.0,9.049,4.822597503662109,3.0822739601135254,125.24,0,1,180,1.829,0.9995,1.0,0.8527,0.2999,0.3,0.3411,0.9409,0.8546
40.401,1,RETURN_HOME,5.3368,7.2215,-2.0038,-0.8312,-1.2408,-2.2069,-0.7312,-1.0408,1.272,0.0,0.0,8.9795,4.738760948181152,3.130892515182495,126.99,0,1,180,1.691,0.9997,1.0,0.8478,0.2999,0.3,0.3391,0.939,0.8116
40.451,1,RETURN_HOME,5.3044,7.175,-2.0048,-0.8317,-1.231,-2.208,-0.6317,-1.031,1.2091,0.0,0.0,8.9229,4.690115451812744,3.1593189239501953,127.24,0,1,180,1.804,0.9962,1.0,0.803,0.2989,0.3,0.3212,0.9201,0.8024
40.501,1,RETURN_HOME,5.2653,7.1193,-2.0058,-0.8308,-1.2195,-2.209,-0.7308,-1.0195,1.2544,0.0,0.0,8.8548,4.650668144226074,3.184145450592041,126.99,0,1,180,1.751,0.9999,1.0,0.8362,0.3,0.3,0.3345,0.9344,0.7937
40.551,1,RETURN_HOME,5.2331,7.0731,-2.006,-0.829,-1.21,-2.2097,-0.629,-1.01,1.1899,0.0,0.0,8.7985,4.567376136779785,3.2353127002716064,126.74,0,1,180,1.805,0.9968,1.0,0.7907,0.299,0.3,0.3163,0.9153,0.7497
40.601,1,RETURN_HOME,5.2016,7.0272,-2.0053,-0.8249,-1.2003,-2.2103,-0.6249,-1.0003,1.1794,0.0,0.0,8.7429,4.520790100097656,3.2632877826690674,126.24,0,1,180,1.668,0.9969,1.0,0.7838,0.2991,0.3,0.3135,0.9126,0.7373
40.651,1,RETURN_HOME,5.17,6.9814,-2.0047,-0.8209,-1.1908,-2.2105,-0.6209,-0.9908,1.1693,0.0,0.0,8.6873,4.479313850402832,3.2889206409454346,127.74,0,1,180,1.74,0.997,1.0,0.7772,0.2991,0.3,0.3109,0.91,0.7272
40.702,1,RETURN_HOME,5.138,6.9357,-2.0032,-0.8161,-1.1811,-2.2108,-0.6161,-0.9811,1.1585,0.0,0.0,8.6316,4.439547538757324,3.3138012886047363,126.49,0,1,180,2.127,0.997,1.0,0.77,0.2991,0.3,0.308,0.9071,0.7181
40.751,1,RETURN_HOME,5.1047,6.89,-1.999,-0.8107,-1.1715,-2.2111,-0.6107,-0.9715,1.1475,0.0,0.0,8.575,4.350837230682373,3.3669369220733643,127.24,0,1,180,1.901,0.9971,1.0,0.7628,0.2991,0.3,0.3051,0.9042,0.6699
40.801,1,RETURN_HOME,5.0652,6.8354,-1.9946,-0.8031,-1.16,-2.2114,-0.6031,-0.96,1.1338,0.0,0.0,8.5076,4.309803485870361,3.391387939453125,127.99,0,1,180,1.833,0.9971,1.0,0.7536,0.2991,0.3,0.3014,0.9006,0.6676
40.851,1,RETURN_HOME,5.0322,6.7899,-1.992,-0.7966,-1.1505,-2.2116,-0.5966,-0.9505,1.1222,0.0,0.0,8.4514,4.269346237182617,3.416321277618408,126.99,0,1,180,1.751,0.997,1.0,0.7459,0.2991,0.3,0.2984,0.8975,0.6596
40.901,1,RETURN_HOME,4.9988,6.7443,-1.9908,-0.79,-1.1411,-2.2118,0.0,0.0,0.0,0.0,0.0,8.3949,4.184336185455322,3.3748226165771484,-31.9,0,0,180,1.639,,,,,,,,
40.951,1,RETURN_HOME,4.9594,6.6901,-1.9896,-0.7831,-1.1316,-2.2122,0.0,0.0,0.0,0.0,0.0,8.3279,4.145471572875977,3.3399555683135986,-32.41,0,0,180,1.779,,,,,,,,
41.001,1,RETURN_HOME,4.9183,6.6346,-1.9883,-0.7769,-1.123,-2.2125,-0.5769,-0.923,1.0884,0.0,0.0,8.2588,4.103898048400879,3.3050832748413086,-32.66,0,1,180,1.733,0.9969,1.0,0.7233,0.2991,0.3,0.2893,0.8884,0.5924
41.051,1,RETURN_HOME,4.8833,6.588,-1.9877,-0.7568,-1.0925,-2.2126,-0.6568,-0.8925,1.1081,0.0,0.0,8.2005,4.030111312866211,3.24047589302063,-33.66,0,1,180,1.868,1.0,1.0,0.7387,0.3,0.3,0.2955,0.8955,0.6164
41.101,1,RETURN_HOME,4.8499,6.5433,-1.9884,-0.7248,-1.0431,-2.2125,-0.8248,-0.8431,1.1795,0.0,0.0,8.1447,4.005587100982666,3.2151336669921875,-33.66,0,1,180,1.679,0.9907,1.0,0.779,0.2972,0.3,0.3116,0.9088,0.7466
41.151,1,RETURN_HOME,4.8171,6.4944,-1.9914,-0.692,-0.9949,-2.2123,-0.892,-0.7949,1.1948,0.0,0.0,8.0859,3.969069004058838,3.1851181983947754,-34.66,0,1,180,1.822,0.9791,1.0,0.7799,0.2937,0.3,0.312,0.9057,0.7529
41.201,1,RETURN_HOME,4.7928,6.456,-1.9943,-0.6732,-0.9665,-2.2119,-0.8732,-0.7665,1.1619,0.0,0.0,8.0406,3.9272148609161377,3.1519041061401367,-34.66,0,1,180,1.963,0.9777,1.0,0.7573,0.2933,0.3,0.3029,0.8962,0.7352
41.251,1,RETURN_HOME,4.7638,6.4109,-1.9969,-0.6645,-0.9446,-2.211,-0.8645,-0.7446,1.141,0.0,0.0,7.9871,3.836026430130005,3.0801074504852295,-35.66,0,1,180,1.824,0.9757,1.0,0.7422,0.2927,0.3,0.2969,0.8896,0.7391
41.301,1,RETURN_HOME,4.7381,6.3642,-1.9977,-0.6677,-0.9317,-2.2102,-0.8677,-0.7317,1.1351,0.0,0.0,7.9342,3.7984981536865234,3.0483808517456055,-36.16,0,1,180,1.718,0.9736,1.0,0.7367,0.2921,0.3,0.2947,0.8868,0.709
41.352,1,RETURN_HOME,4.7162,6.3254,-1.9977,-0.6775,-0.9234,-2.2099,-0.8775,-0.7234,1.1372,0.0,0.0,7.8901,3.723757743835449,2.988609790802002,-37.41,0,1,180,1.976,0.9712,1.0,0.7363,0.2914,0.3,0.2945,0.8859,0.7152
41.401,1,RETURN_HOME,4.6933,6.2872,-1.9973,-0.6912,-0.9154,-2.2098,-0.8912,-0.7154,1.1429,0.0,0.0,7.8458,3.690777063369751,2.9620323181152344,-37.41,0,1,180,1.744,0.9681,1.0,0.7376,0.2904,0.3,0.2951,0.8855,0.6761
41.451,1,RETURN_HOME,4.6636,6.2446,-1.9977,-0.7103,-0.9045,-2.2105,-0.8103,-0.7045,1.0737,0.0,0.0,7.7939,3.6592941284179688,2.93485426902771,-37.41,0,1,180,1.775,0.9773,1.0,0.6995,0.2932,0.3,0.2798,0.873,0.7912
41.501,1,RETURN_HOME,4.6322,6.2029,-1.998,-0.7303,-0.8922,-2.2117,-0.8303,-0.6922,1.081,0.0,0.0,7.7417,3.5936667919158936,2.8754262924194336,-38.16,0,1,180,1.656,0.9727,1.0,0.7009,0.2918,0.3,0.2804,0.8722,0.748
41.551,1,RETURN_HOME,4.605,6.1681,-1.9983,-0.7467,-0.8814,-2.2126,-0.8467,-0.6814,1.0868,0.0,0.0,7.6974,3.5620007514953613,2.8469903469085693,-38.66,0,1,180,1.704,0.9685,1.0,0.7017,0.2905,0.3,0.2807,0.8712,0.7234
41.601,1,RETURN_HOME,4.5712,6.125,-1.9999,-0.763,-0.8684,-2.2137,-0.863,-0.6684,1.0915,0.0,0.0,7.6428,3.5319814682006836,2.8179593086242676,-39.16,0,1,180,1.695,0.9636,1.0,0.7012,0.2891,0.3,0.2805,0.8696,0.6733
41.651,1,RETURN_HOME,4.5423,6.0897,-2.001,-0.7741,-0.8573,-2.2144,-0.6741,-0.7573,1.0138,0.0,0.0,7.5972,3.470160722732544,2.7558512687683105,-39.66,0,1,180,1.78,0.9963,1.0,0.6733,0.2989,0.3,0.2693,0.8682,0.522
41.701,1,RETURN_HOME,4.5127,6.0555,-2.0016,-0.7837,-0.8459,-2.2148,-0.6837,-0.7459,1.0118,0.0,0.0,7.552,3.439546585083008,2.7272636890411377,-40.41,0,1,180,1.68,0.9949,1.0,0.6711,0.2985,0.3,0.2684,0.8669,0.5325
41.751,1,RETURN_HOME,4.4763,6.0173,-2.0012,-0.7946,-0.8309,-2.2153,-0.6946,-0.7309,1.0083,0.0,0.0,7.4997,3.411285877227783,2.6973776817321777,-40.41,0,1,180,1.748,0.9928,1.0,0.6674,0.2978,0.3,0.2669,0.8648,0.5483
41.801,1,RETURN_HOME,4.4455,5.9858,-2.0009,-0.7998,-0.8202,-2.2157,-0.6998,-0.7202,1.0042,0.0,0.0,7.456,3.350397825241089,2.634995460510254,-41.41,0,1,180,1.736,0.9913,1.0,0.6636,0.2974,0.3,0.2655,0.8628,0.5228
41.851,1,RETURN_HOME,4.4087,5.948,-2.0004,-0.8014,-0.8101,-2.216,-0.7014,-0.7101,0.9981,0.0,0.0,7.4037,3.324951171875,2.6072237491607666,-41.41,0,1,180,1.784,0.99,1.0,0.6588,0.297,0.3,0.2635,0.8605,0.5274
41.901,1,RETURN_HOME,4.3725,5.91,-1.9999,-0.799,-0.8028,-2.2161,-0.699,-0.7028,0.9912,0.0,0.0,7.3517,3.29203724861145,2.5781500339508057,-42.41,0,1,180,1.668,0.9894,1.0,0.6538,0.2968,0.3,0.2615,0.8583,0.5242
41.952,1,RETURN_HOME,4.3422,5.8785,-1.9994,-0.7954,-0.7977,-2.2161,-0.6954,-0.6977,0.9851,0.0,0.0,7.3083,3.2671926021575928,2.548945188522339,-42.41,0,1,180,1.785,0.9891,1.0,0.6496,0.2967,0.3,0.2598,0.8566,0.5134
42.001,1,RETURN_HOME,4.3122,5.8471,-2.0005,-0.7909,-0.7929,-2.2159,-0.5909,-0.6929,0.9106,0.0,0.0,7.2652,3.208179235458374,2.489302158355713,-43.16,0,1,180,1.664,0.9975,1.0,0.6056,0.2993,0.3,0.2422,0.8415,0.4791
42.051,1,RETURN_HOME,4.2823,5.8159,-2.0025,-0.7863,-0.788,-2.2157,-0.5863,-0.688,0.9039,0.0,0.0,7.2224,3.1788582801818848,2.45937442779541,-44.17,0,1,180,1.767,0.9975,1.0,0.6011,0.2992,0.3,0.2404,0.8397,0.4668
42.101,1,RETURN_HOME,4.2464,5.7786,-2.0043,-0.7817,-0.7818,-2.2153,-0.5817,-0.6818,0.8963,0.0,0.0,7.171,3.1514244079589844,2.4324474334716797,-44.67,0,1,180,1.734,0.9974,1.0,0.5959,0.2992,0.3,0.2384,0.8376,0.4634
42.151,1,RETURN_HOME,4.2208,5.7526,-2.0053,-0.7783,-0.7779,-2.215,-0.8783,-0.5779,1.0514,0.0,0.0,7.1349,3.093278169631958,2.3745718002319336,-45.42,0,1,180,1.71,0.9374,1.0,0.657,0.2812,0.3,0.2628,0.844,0.5631
42.201,1,RETURN_HOME,4.1806,5.7122,-2.0066,-0.7721,-0.7724,-2.2146,-0.8721,-0.5724,1.0432,0.0,0.0,7.0786,3.0645651817321777,2.347660779953003,-45.42,0,1,180,1.715,0.9366,1.0,0.6513,0.281,0.3,0.2605,0.8415,0.5751
42.251,1,RETURN_HOME,4.1413,5.6726,-2.0076,-0.7631,-0.7668,-2.2138,-0.8631,-0.5668,1.0326,0.0,0.0,7.0234,3.0375900268554688,2.319423198699951,-46.92,0,1,180,1.808,0.9362,1.0,0.6445,0.2809,0.3,0.2578,0.8387,0.5743
42.301,1,RETURN_HOME,4.1082,5.6405,-2.0111,-0.76,-0.7609,-2.2129,-0.86,-0.5609,1.0267,0.0,0.0,6.978,2.9793782234191895,2.2645397186279297,-47.67,0,1,180,1.874,0.9347,1.0,0.6398,0.2804,0.3,0.2559,0.8363,0.5929
42.351,1,RETURN_HOME,4.0687,5.6026,-2.0154,-0.7626,-0.7513,-2.2115,-0.8626,-0.5513,1.0237,0.0,0.0,6.9241,2.949460983276367,2.239198684692383,-47.42,0,1,180,1.765,0.9309,1.0,0.6353,0.2793,0.3,0.2541,0.8334,0.5683
42.401,1,RETURN_HOME,4.0293,5.5655,-2.0188,-0.7708,-0.7391,-2.2103,-0.8708,-0.5391,1.0242,0.0,0.0,6.871,2.924168825149536,2.2128989696502686,-48.92,0,1,180,1.74,0.925,1.0,0.6316,0.2775,0.3,0.2526,0.8301,0.5367
42.451,1,RETURN_HOME,4.0016,5.5398,-2.0198,-0.7789,-0.7304,-2.2095,-0.8789,-0.5304,1.0266,0.0,0.0,6.8339,2.8939037322998047,2.184558629989624,-49.17,0,1,180,1.81,0.9202,1.0,0.6297,0.2761,0.3,0.2519,0.828,0.5357
42.501,1,RETURN_HOME,3.9599,5.5021,-2.0208,-0.7926,-0.7164,-2.2083,-0.5926,-0.6164,0.8551,0.0,0.0,6.7789,2.840329647064209,2.1337265968322754,-49.67,0,1,180,1.604,0.9899,1.0,0.5643,0.297,0.3,0.2257,0.8227,0.3892
42.551,1,RETURN_HOME,3.9182,5.4655,-2.0212,-0.8075,-0.7016,-2.2072,-0.6075,-0.6016,0.855,0.0,0.0,6.7248,2.81538724899292,2.1097614765167236,-50.17,0,1,180,1.962,0.9859,1.0,0.5619,0.2958,0.3,0.2248,0.8205,0.4135
42.601,1,RETURN_HOME,3.8838,5.4371,-2.0219,-0.8186,-0.6886,-2.2069,-0.6186,-0.5886,0.8539,0.0,0.0,6.6817,2.787889003753662,2.079784393310547,-51.42,0,1,180,1.675,0.982,1.0,0.559,0.2946,0.3,0.2236,0.8182,0.4277
42.651,1,RETURN_HOME,3.8494,5.4092,-2.0222,-0.8236,-0.6773,-2.2071,-0.6236,-0.5773,0.8498,0.0,0.0,6.6391,2.7392663955688477,2.0277442932128906,-51.92,0,1,180,1.752,0.979,1.0,0.5546,0.2937,0.3,0.2219,0.8155,0.4213
42.701,1,RETURN_HOME,3.8015,5.371,-2.0219,-0.8211,-0.6649,-2.2071,-0.7211,-0.5649,0.916,0.0,0.0,6.5801,2.71821665763855,2.0021276473999023,-52.67,0,1,180,1.648,0.9581,1.0,0.5851,0.2874,0.3,0.234,0.8215,0.4372
42.751,1,RETURN_HOME,3.7742,5.3493,-2.0206,-0.816,-0.6595,-2.2068,-0.716,-0.5595,0.9086,0.0,0.0,6.5468,2.6906490325927734,1.975285530090332,-52.67,0,1,180,1.689,0.9574,1.0,0.5799,0.2872,0.3,0.232,0.8192,0.4316
42.801,1,RETURN_HOME,3.7406,5.3226,-2.019,-0.8066,-0.6538,-2.2059,-0.7066,-0.5538,0.8978,0.0,0.0,6.5055,2.6421852111816406,1.9269182682037354,-53.92,0,1,180,1.664,0.9572,1.0,0.5729,0.2872,0.3,0.2292,0.8163,0.4076
42.851,1,RETURN_HOME,3.6958,5.2859,-2.0173,-0.7934,-0.6469,-2.2036,-0.6934,-0.5469,0.8832,0.0,0.0,6.4498,2.6194305419921875,1.9017815589904785,-55.18,0,1,180,1.853,0.9574,1.0,0.5637,0.2872,0.3,0.2255,0.8127,0.4098
42.901,1,RETURN_HOME,3.6667,5.2606,-2.017,-0.7846,-0.6417,-2.2016,-0.6846,-0.5417,0.873,0.0,0.0,6.4124,2.595071315765381,1.8742314577102661,-56.18,0,1,180,1.76,0.9575,1.0,0.5572,0.2872,0.3,0.2229,0.8101,0.4039
42.951,1,RETURN_HOME,3.6376,5.2354,-2.0166,-0.7778,-0.6362,-2.1996,-0.6778,-0.5362,0.8642,0.0,0.0,6.3751,2.5436577796936035,1.8280720710754395,-57.43,0,1,180,1.798,0.957,1.0,0.5514,0.2871,0.3,0.2206,0.8077,0.382
43.001,1,RETURN_HOME,3.6038,5.2073,-2.0171,-0.7716,-0.6281,-2.1971,-0.6716,-0.5281,0.8543,0.0,0.0,6.3327,2.5231103897094727,1.8041590452194214,-57.43,0,1,180,1.748,0.9556,1.0,0.5443,0.2867,0.3,0.2177,0.8044,0.3904
43.052,1,RETURN_HOME,3.5773,5.1869,-2.0193,-0.7669,-0.6195,-2.1952,-0.6669,-0.5195,0.8454,0.0,0.0,6.3009,2.495234251022339,1.7787505388259888,-58.68,0,1,180,1.958,0.9538,1.0,0.5376,0.2861,0.3,0.215,0.8012,0.394
43.101,1,RETURN_HOME,3.5505,5.1662,-2.0211,-0.7632,-0.611,-2.1933,-0.6632,-0.511,0.8372,0.0,0.0,6.2687,2.4508426189422607,1.7352797985076904,-59.43,0,1,180,1.731,0.9517,1.0,0.5312,0.2855,0.3,0.2125,0.798,0.378
43.151,1,RETURN_HOME,3.518,5.1408,-2.0238,-0.7591,-0.6014,-2.1911,-0.6591,-0.5014,0.8282,0.0,0.0,6.2293,2.4305291175842285,1.713548183441162,-59.68,0,1,180,1.773,0.9491,1.0,0.524,0.2847,0.3,0.2096,0.7944,0.3902
43.201,1,RETURN_HOME,3.4851,5.1148,-2.0266,-0.7551,-0.5926,-2.189,-0.6551,-0.4926,0.8197,0.0,0.0,6.1893,2.404918670654297,1.6893655061721802,-60.43,0,1,180,1.699,0.9467,1.0,0.5173,0.284,0.3,0.2069,0.7909,0.3967
43.251,1,RETURN_HOME,3.4574,5.0932,-2.0284,-0.7518,-0.5855,-2.1873,-0.6518,-0.4855,0.8127,0.0,0.0,6.1558,2.3593013286590576,1.6458584070205688,-62.43,0,1,180,1.716,0.9447,1.0,0.5118,0.2834,0.3,0.2047,0.7881,0.3827
43.301,1,RETURN_HOME,3.4241,5.0704,-2.0298,-0.7478,-0.5753,-2.185,-0.7478,-0.4753,0.8861,0.0,0.0,6.1183,2.33976674079895,1.6271098852157593,-63.43,0,1,180,1.672,0.9169,1.0,0.5416,0.2751,0.3,0.2166,0.7917,0.4014
43.351,1,RETURN_HOME,3.3961,5.0525,-2.0304,-0.7442,-0.5663,-2.1829,-0.7442,-0.4663,0.8783,0.0,0.0,6.0879,2.31561017036438,1.6034693717956543,-63.68,0,1,180,1.813,0.9134,1.0,0.5348,0.274,0.3,0.2139,0.7879,0.4098
43.401,1,RETURN_HOME,3.3681,5.0344,-2.0306,-0.7404,-0.5577,-2.1809,-0.7404,-0.4577,0.8704,0.0,0.0,6.0572,2.2730765342712402,1.5625566244125366,-65.44,0,1,180,1.754,0.91,1.0,0.5281,0.273,0.3,0.2112,0.7842,0.396
43.451,1,RETURN_HOME,3.3355,5.0127,-2.0358,-0.7378,-0.5476,-2.1784,-0.7378,-0.4476,0.8629,0.0,0.0,6.021,2.2516117095947266,1.5445225238800049,-65.94,0,1,180,1.791,0.9055,1.0,0.5209,0.2716,0.3,0.2084,0.78,0.4112
43.501,1,RETURN_HOME,3.3082,4.9945,-2.0401,-0.7375,-0.5395,-2.1764,-0.7375,-0.4395,0.8585,0.0,0.0,5.9907,2.2299983501434326,1.5224255323410034,-66.94,0,1,180,1.751,0.9012,1.0,0.5158,0.2704,0.3,0.2063,0.7767,0.4179
43.551,1,RETURN_HOME,3.2806,4.9762,-2.0435,-0.7386,-0.5317,-2.1745,-0.7386,-0.4317,0.8555,0.0,0.0,5.9603,2.1899778842926025,1.484991192817688,-68.44,0,1,180,1.715,0.8965,1.0,0.5113,0.2689,0.3,0.2045,0.7735,0.4038
43.601,1,RETURN_HOME,3.2454,4.9538,-2.0405,-0.7419,-0.5225,-2.1723,-0.7419,-0.4225,0.8538,0.0,0.0,5.9222,2.1682162284851074,1.4665015935897827,-69.69,0,1,180,1.595,0.8902,1.0,0.5067,0.2671,0.3,0.2027,0.7697,0.416
43.651,1,RETURN_HOME,3.2097,4.9314,-2.0362,-0.7458,-0.5134,-2.1702,-0.7458,-0.4134,0.8527,0.0,0.0,5.884,2.1484692096710205,1.4451261758804321,-70.44,0,1,180,1.788,0.8834,1.0,0.5022,0.265,0.3,0.2009,0.7659,0.427
43.701,1,RETURN_HOME,3.1858,4.9165,-2.0334,-0.7485,-0.5074,-2.1688,-0.7485,-0.4074,0.8522,0.0,0.0,5.8584,2.1278226375579834,1.4268897771835327,-70.19,0,1,180,1.617,0.8788,1.0,0.4993,0.2636,0.3,0.1997,0.7634,0.4266
43.751,1,RETURN_HOME,3.1493,4.8942,-2.0322,-0.7526,-0.4983,-2.1665,-0.7526,-0.3983,0.8515,0.0,0.0,5.8199,2.090055465698242,1.391252875328064,-71.69,0,1,180,1.813,0.8717,1.0,0.4948,0.2615,0.3,0.1979,0.7594,0.4205
43.801,1,RETURN_HOME,3.1126,4.872,-2.0313,-0.7564,-0.4894,-2.164,-0.7564,-0.3894,0.8508,0.0,0.0,5.7814,2.069077253341675,1.3713295459747314,-73.44,0,1,180,1.695,0.8644,1.0,0.4903,0.2593,0.3,0.1961,0.7554,0.4304
43.851,1,RETURN_HOME,3.0819,4.8533,-2.0297,-0.7593,-0.4824,-2.1619,-0.7593,-0.3824,0.8502,0.0,0.0,5.7491,2.0500900745391846,1.3531562089920044,-75.19,0,1,180,1.809,0.8585,1.0,0.4866,0.2575,0.3,0.1946,0.7522,0.4354
43.901,1,RETURN_HOME,3.0512,4.8335,-2.0253,-0.7623,-0.4763,-2.1595,-0.7623,-0.3763,0.8501,0.0,0.0,5.716,2.0150554180145264,1.3186534643173218,-76.7,0,1,180,1.645,0.8529,1.0,0.4834,0.2559,0.3,0.1933,0.7492,0.4218
43.951,1,RETURN_HOME,3.0141,4.8102,-2.0203,-0.7656,-0.4688,-2.1566,-0.7656,-0.3688,0.8498,0.0,0.0,5.6765,1.993894100189209,1.3005388975143433,-77.95,0,1,180,1.812,0.8461,1.0,0.4794,0.2538,0.3,0.1917,0.7456,0.4264
44.001,1,RETURN_HOME,2.9835,4.7914,-2.0169,-0.7681,-0.4623,-2.1542,-0.8681,-0.3623,0.9407,0.0,0.0,5.6444,1.9768720865249634,1.2839105129241943,-77.95,0,1,180,1.78,0.8148,1.0,0.511,0.2444,0.3,0.2044,0.7488,0.4438
44.051,1,RETURN_HOME,2.9481,4.7712,-2.0148,-0.7703,-0.4538,-2.1512,-0.7703,-0.3538,0.8477,0.0,0.0,5.6085,1.9429045915603638,1.2511327266693115,-80.45,0,1,180,1.839,0.8327,1.0,0.4706,0.2498,0.3,0.1882,0.7381,0.4306
44.101,1,RETURN_HOME,2.9184,4.7544,-2.0131,-0.7723,-0.4466,-2.1486,-0.7723,-0.3466,0.8465,0.0,0.0,5.5786,1.9227830171585083,1.2324711084365845,-81.45,0,1,180,1.817,0.8263,1.0,0.4663,0.2479,0.3,0.1865,0.7344,0.4396
44.151,1,RETURN_HOME,2.8889,4.738,-2.0109,-0.7762,-0.4396,-2.1462,-0.8762,-0.3396,0.9397,0.0,0.0,5.5493,1.9042240381240845,1.2159656286239624,-82.7,0,1,180,1.828,0.794,0.9929,0.4974,0.2382,0.2979,0.199,0.735,0.4468
44.201,1,RETURN_HOME,2.8553,4.7201,-2.0054,-0.7799,-0.4303,-2.1434,-0.8799,-0.3303,0.9398,0.0,0.0,5.5165,1.8737890720367432,1.1850697994232178,-83.7,0,1,180,1.585,0.7853,0.9872,0.492,0.2356,0.2962,0.1968,0.7286,0.4536
44.251,1,RETURN_HOME,2.8269,4.7051,-2.0014,-0.7826,-0.4225,-2.1412,-0.8826,-0.3225,0.9397,0.0,0.0,5.489,1.8534777164459229,1.1684492826461792,-83.7,0,1,180,1.734,0.7779,0.9851,0.4874,0.2334,0.2955,0.1949,0.7238,0.469
44.301,1,RETURN_HOME,2.796,4.6872,-1.9998,-0.7864,-0.4136,-2.1386,-0.7864,-0.3136,0.8467,0.0,0.0,5.4578,1.8381739854812622,1.1528431177139282,-86.2,0,1,180,1.536,0.794,1.0,0.4482,0.2382,0.3,0.1793,0.7175,0.472
44.351,1,RETURN_HOME,2.7725,4.6724,-2.0007,-0.7904,-0.4064,-2.1363,-0.7904,-0.3064,0.8477,0.0,0.0,5.433,1.8229296207427979,1.1374627351760864,-86.46,0,1,180,1.762,0.7866,1.0,0.4446,0.236,0.3,0.1778,0.7138,0.4768
44.401,1,RETURN_HOME,2.7478,4.6576,-2.0014,-0.796,-0.3992,-2.1342,-0.896,-0.2992,0.9447,0.0,0.0,5.4077,1.7882628440856934,1.1063733100891113,-88.46,0,1,180,1.671,0.7548,0.9795,0.4753,0.2264,0.2939,0.1901,0.7104,0.4862
44.451,1,RETURN_HOME,2.7163,4.6409,-1.9998,-0.8019,-0.3899,-2.1316,-0.8019,-0.2899,0.8527,0.0,0.0,5.3774,1.7736567258834839,1.0911973714828491,-90.96,0,1,180,1.795,0.7685,1.0,0.4369,0.2305,0.3,0.1747,0.7053,0.4824
44.501,1,RETURN_HOME,2.6887,4.6278,-1.9968,-0.8061,-0.382,-2.1293,-0.8061,-0.282,0.854,0.0,0.0,5.3522,1.7606396675109863,1.0771167278289795,-91.96,0,1,180,1.842,0.7597,1.0,0.4325,0.2279,0.3,0.173,0.7009,0.5002
44.551,1,RETURN_HOME,2.6547,4.612,-1.9937,-0.8121,-0.3729,-2.1264,-0.8121,-0.2729,0.8567,0.0,0.0,5.3215,1.7287542819976807,1.0481512546539307,-94.71,0,1,180,1.831,0.7489,1.0,0.4277,0.2247,0.3,0.1711,0.6958,0.5024
44.601,1,RETURN_HOME,2.626,4.5999,-1.9913,-0.8163,-0.3646,-2.124,-0.8163,-0.2646,0.8581,0.0,0.0,5.2967,1.71477210521698,1.0350040197372437,-95.46,0,1,180,1.767,0.7394,0.9948,0.423,0.2218,0.2984,0.1692,0.6895,0.4997
44.651,1,RETURN_HOME,2.5908,4.5856,-1.9886,-0.8201,-0.3548,-2.121,-0.7201,-0.2548,0.7639,0.0,0.0,5.2669,1.6994047164916992,1.0218617916107178,-96.46,0,1,180,1.787,0.7541,1.0,0.384,0.2262,0.3,0.1536,0.6799,0.5204
44.701,1,RETURN_HOME,2.5608,4.5736,-1.9867,-0.8227,-0.3468,-2.1182,-0.8227,-0.2468,0.859,0.0,0.0,5.2418,1.6710186004638672,0.9933112859725952,-98.22,0,1,180,1.767,0.7186,0.9885,0.4115,0.2156,0.2965,0.1646,0.6767,0.4925
44.751,1,RETURN_HOME,2.5286,4.562,-1.9873,-0.8259,-0.3388,-2.1151,-0.8259,-0.2388,0.8597,0.0,0.0,5.2159,1.6569236516952515,0.982319712638855,-101.47,0,1,180,1.789,0.7087,0.9825,0.4062,0.2126,0.2947,0.1625,0.6698,0.4885
44.801,1,RETURN_HOME,2.4958,4.5504,-1.9883,-0.8269,-0.3308,-2.112,-0.7269,-0.2308,0.7626,0.0,0.0,5.1899,1.6435307264328003,0.970542311668396,-101.47,0,1,180,1.628,0.7237,1.0,0.3679,0.2171,0.3,0.1472,0.6643,0.5053
44.851,1,RETURN_HOME,2.4629,4.5388,-1.9893,-0.8275,-0.3231,-2.1087,-0.6275,-0.3231,0.7058,0.0,0.0,5.164,1.6293962001800537,0.9578996300697327,-102.97,0,1,180,1.814,0.8264,1.0,0.3889,0.2479,0.3,0.1555,0.7035,0.2647
44.901,1,RETURN_HOME,2.4227,4.524,-1.9931,-0.8293,-0.3144,-2.1049,-0.8293,-0.3144,0.8869,0.0,0.0,5.1319,1.603772759437561,0.9348641037940979,-106.47,0,1,180,1.736,0.7539,1.0,0.4458,0.2262,0.3,0.1783,0.7045,0.3963
44.951,1,RETURN_HOME,2.3889,4.5116,-1.9971,-0.8298,-0.3066,-2.1021,-0.9298,-0.3066,0.9791,0.0,0.0,5.105,1.5934220552444458,0.9251616597175598,-107.97,0,1,180,1.825,0.7212,1.0,0.4707,0.2164,0.3,0.1883,0.7046,0.4974
45.001,1,RETURN_HOME,2.3485,4.4969,-2.0011,-0.8262,-0.2993,-2.0984,-0.9262,-0.2993,0.9733,0.0,0.0,5.0732,1.5655063390731812,0.9045983552932739,-108.48,0,1,180,1.774,0.7131,1.0,0.4627,0.2139,0.3,0.1851,0.699,0.5031
45.052,1,RETURN_HOME,2.3157,4.4863,-2.0031,-0.8232,-0.2951,-2.0949,-0.9232,-0.2951,0.9692,0.0,0.0,5.0487,1.5525801181793213,0.8969680666923523,-111.48,0,1,180,1.999,0.7074,1.0,0.4571,0.2122,0.3,0.1828,0.6951,0.5116
45.101,1,RETURN_HOME,2.2763,4.4736,-2.0049,-0.8236,-0.2923,-2.0904,-0.9236,-0.2923,0.9687,0.0,0.0,5.0194,1.5390187501907349,0.8869752883911133,-112.48,0,1,180,1.693,0.7013,1.0,0.4529,0.2104,0.3,0.1811,0.6915,0.5217
45.152,1,RETURN_HOME,2.2433,4.4628,-2.0059,-0.8273,-0.2907,-2.0865,-0.9273,-0.2907,0.9718,0.0,0.0,4.9949,1.52923583984375,0.8781846761703491,-114.48,0,1,180,2.071,0.6958,1.0,0.4508,0.2087,0.3,0.1803,0.6891,0.5217
45.201,1,RETURN_HOME,2.2124,4.4565,-2.0045,-0.8326,-0.2877,-2.0825,-0.9326,-0.2877,0.976,0.0,0.0,4.9754,1.5041859149932861,0.8640159368515015,-117.98,0,1,180,1.709,0.6889,1.0,0.4482,0.2067,0.3,0.1793,0.686,0.5063
45.251,1,RETURN_HOME,2.1809,4.4496,-2.003,-0.8398,-0.2847,-2.0784,-0.9398,-0.2847,0.9819,0.0,0.0,4.9553,1.4933550357818604,0.8579909801483154,-120.99,0,1,180,1.758,0.6815,1.0,0.4461,0.2045,0.3,0.1785,0.6829,0.4828
45.301,1,RETURN_HOME,2.1424,4.4407,-2.0011,-0.8497,-0.2811,-2.0735,-0.8497,-0.2811,0.895,0.0,0.0,4.9305,1.4804251194000244,0.8539552092552185,-121.99,0,1,180,1.814,0.6954,1.0,0.4149,0.2086,0.3,0.166,0.6746,0.4822
45.352,1,RETURN_HOME,2.1088,4.4363,-1.9942,-0.859,-0.2766,-2.0691,-0.859,-0.2766,0.9024,0.0,0.0,4.912,1.4680519104003906,0.8484366536140442,-123.99,0,1,180,1.971,0.6854,1.0,0.4124,0.2056,0.3,0.1649,0.6706,0.5023
45.401,1,RETURN_HOME,2.0815,4.4324,-1.9892,-0.8668,-0.2732,-2.0656,-0.8668,-0.2732,0.9088,0.0,0.0,4.8968,1.4433754682540894,0.8404627442359924,-125.24,0,1,180,1.735,0.6775,1.0,0.4105,0.2032,0.3,0.1642,0.6674,0.5006
45.451,1,RETURN_HOME,2.0401,4.4258,-1.9824,-0.8765,-0.2683,-2.0602,-0.8765,-0.2683,0.9166,0.0,0.0,4.8734,1.4347401857376099,0.8366010189056396,-127.49,0,1,180,1.853,0.6662,1.0,0.4071,0.1998,0.3,0.1628,0.6627,0.5195
45.501,1,RETURN_HOME,2.0018,4.4181,-1.9793,-0.8823,-0.2645,-2.0547,-0.8823,-0.2645,0.9211,0.0,0.0,4.8504,1.4206148386001587,0.8333116769790649,-130.25,0,1,180,1.711,0.6569,1.0,0.4034,0.1971,0.3,0.1613,0.6584,0.5136
45.552,1,RETURN_HOME,1.9692,4.4112,-1.9772,-0.8853,-0.2618,-2.0499,-0.8853,-0.2618,0.9232,0.0,0.0,4.8308,1.3981311321258545,0.8315514326095581,-134.0,0,1,180,1.982,0.6498,1.0,0.3999,0.1949,0.3,0.16,0.6549,0.4262
45.601,1,RETURN_HOME,1.9295,4.4028,-1.9742,-0.8876,-0.2588,-2.0439,-0.7876,-0.2588,0.829,0.0,0.0,4.8071,1.3856967687606812,0.832181990146637,-134.5,0,1,180,1.695,0.6673,1.0,0.3688,0.2002,0.3,0.1475,0.6477,0.4778
45.651,1,RETURN_HOME,1.8962,4.397,-1.9688,-0.8891,-0.256,-2.0386,-0.7891,-0.256,0.8296,0.0,0.0,4.7884,1.375461220741272,0.8341575264930725,-134.5,0,1,180,1.71,0.66,1.0,0.3651,0.198,0.3,0.146,0.644,0.4836
45.701,1,RETURN_HOME,1.8626,4.3906,-1.9642,-0.8909,-0.2535,-2.0332,-0.7909,-0.2535,0.8306,0.0,0.0,4.7694,1.3524788618087769,0.8488972187042236,-135.0,0,1,180,1.752,0.6529,1.0,0.3615,0.1959,0.3,0.1446,0.6405,0.5074
45.751,1,RETURN_HOME,1.8223,4.3823,-1.9599,-0.8911,-0.2506,-2.0268,-0.7911,-0.2506,0.8299,0.0,0.0,4.7461,1.3406754732131958,0.8628895878791809,-135.0,0,1,180,1.621,0.6448,1.0,0.3568,0.1935,0.3,0.1427,0.6362,0.5155
45.801,1,RETURN_HOME,1.7893,4.3748,-1.9573,-0.8895,-0.2485,-2.0215,-0.7895,-0.2485,0.8277,0.0,0.0,4.7266,1.327306866645813,0.885806679725647,-135.0,0,1,180,1.7,0.639,1.0,0.3526,0.1917,0.3,0.141,0.6327,0.5168
45.851,1,RETURN_HOME,1.756,4.3671,-1.9554,-0.8866,-0.2466,-2.016,-0.7866,-0.2466,0.8243,0.0,0.0,4.7069,1.3180989027023315,0.9147302508354187,-135.0,0,1,180,1.851,0.6335,1.0,0.3482,0.1901,0.3,0.1393,0.6293,0.4864
45.902,1,RETURN_HOME,1.7231,4.3591,-1.9543,-0.8827,-0.2447,-2.0104,-0.7827,-0.2447,0.82,0.0,0.0,4.6873,1.2970856428146362,1.016093134880066,-135.0,0,1,180,2.111,0.6283,1.0,0.3435,0.1885,0.3,0.1374,0.6259,0.4447
45.952,1,RETURN_HOME,1.6923,4.3512,-1.9551,-0.8776,-0.2425,-2.0046,-0.7776,-0.2425,0.8146,0.0,0.0,4.6688,1.2827823162078857,1.236510157585144,23.9,0,1,180,2.063,0.6236,1.0,0.3386,0.1871,0.3,0.1354,0.6225,0.4417
46.001,1,RETURN_HOME,1.6549,4.3415,-1.9563,-0.8716,-0.2401,-1.9975,-0.7716,-0.2401,0.8081,0.0,0.0,4.6463,1.2742291688919067,1.2279906272888184,22.15,0,1,180,1.696,0.6177,1.0,0.3328,0.1853,0.3,0.1331,0.6184,0.4447
46.051,1,RETURN_HOME,1.6297,4.335,-1.9572,-0.8678,-0.2385,-1.9926,-0.7678,-0.2385,0.804,0.0,0.0,4.6312,1.2621456384658813,1.2183960676193237,25.15,0,1,180,1.812,0.6138,1.0,0.329,0.1841,0.3,0.1316,0.6157,0.4416
46.101,1,RETURN_HOME,1.5974,4.3255,-1.9561,-0.8639,-0.2374,-1.9865,-0.7639,-0.2374,0.7999,0.0,0.0,4.6111,1.2514276504516602,1.2104284763336182,24.65,0,1,180,1.779,0.6093,1.0,0.3249,0.1828,0.3,0.13,0.6127,0.4193
46.151,1,RETURN_HOME,1.5584,4.3142,-1.9551,-0.8594,-0.236,-1.9791,-0.7594,-0.236,0.7952,0.0,0.0,4.587,1.2302151918411255,1.1920934915542603,25.9,0,1,180,1.848,0.6035,1.0,0.32,0.1811,0.3,0.128,0.609,0.3468
46.201,1,RETURN_HOME,1.525,4.3045,-1.9547,-0.8561,-0.2347,-1.9729,-0.7561,-0.2347,0.7917,0.0,0.0,4.5667,1.2191089391708374,1.1840102672576904,23.4,0,1,180,1.757,0.5984,1.0,0.3158,0.1795,0.3,0.1263,0.6059,0.3414
46.251,1,RETURN_HOME,1.4887,4.2941,-1.9544,-0.8534,-0.2338,-1.9668,-0.7534,-0.2338,0.7888,0.0,0.0,4.5449,1.2095682621002197,1.1744704246520996,24.9,0,1,180,1.864,0.5929,1.0,0.3118,0.1779,0.3,0.1247,0.6026,0.3389
46.301,1,RETURN_HOME,1.4527,4.2838,-1.9545,-0.8506,-0.2328,-1.9606,-0.7506,-0.2328,0.7859,0.0,0.0,4.5234,1.1979432106018066,1.1648151874542236,22.15,0,1,180,1.724,0.5873,1.0,0.3077,0.1762,0.3,0.1231,0.5993,0.3314
46.351,1,RETURN_HOME,1.417,4.2736,-1.9547,-0.8476,-0.2317,-1.9545,-0.6476,-0.2317,0.6878,0.0,0.0,4.5024,1.1775423288345337,1.1462101936340332,22.9,0,1,180,1.955,0.616,0.9033,0.2825,0.1848,0.271,0.113,0.5688,0.4439
46.401,1,RETURN_HOME,1.373,4.2617,-1.9558,-0.8449,-0.2303,-1.9472,-0.6449,-0.2303,0.6847,0.0,0.0,4.4774,1.167495608329773,1.1396931409835815,18.89,0,1,180,1.77,0.6089,0.9253,0.278,0.1827,0.2776,0.1112,0.5714,0.4618
46.452,1,RETURN_HOME,1.3368,4.2518,-1.9568,-0.8423,-0.2291,-1.9411,-0.6423,-0.2291,0.682,0.0,0.0,4.457,1.1566108465194702,1.1302599906921387,20.89,0,1,180,2.025,0.6029,0.9193,0.2741,0.1809,0.2758,0.1096,0.5663,0.425
46.501,1,RETURN_HOME,1.2932,4.2402,-1.9583,-0.837,-0.2273,-1.9335,-0.637,-0.2273,0.6764,0.0,0.0,4.433,1.1378532648086548,1.1131616830825806,20.89,0,1,180,1.772,0.5962,0.9033,0.2688,0.1789,0.271,0.1075,0.5574,0.4018
46.551,1,RETURN_HOME,1.2476,4.2292,-1.9604,-0.8299,-0.2255,-1.9257,-0.6299,-0.2255,0.6691,0.0,0.0,4.4094,1.1268593072891235,1.1059703826904297,19.89,0,1,180,1.8,0.5897,0.9051,0.263,0.1769,0.2715,0.1052,0.5537,0.4059
46.602,1,RETURN_HOME,1.2104,4.2201,-1.9622,-0.8222,-0.2241,-1.9192,-0.6222,-0.2241,0.6613,0.0,0.0,4.3903,1.1173158884048462,1.0954917669296265,19.39,0,1,180,1.892,0.5852,0.938,0.258,0.1756,0.2814,0.1032,0.5601,0.4069
46.651,1,RETURN_HOME,1.1809,4.2129,-1.9643,-0.8154,-0.2229,-1.9142,-0.6154,-0.2229,0.6545,0.0,0.0,4.3752,1.0979410409927368,1.0802165269851685,18.89,0,1,180,1.918,0.5817,0.9195,0.2538,0.1745,0.2758,0.1015,0.5519,0.3537
46.701,1,RETURN_HOME,1.1363,4.2024,-1.97,-0.8049,-0.2206,-1.9065,-0.6049,-0.2206,0.6439,0.0,0.0,4.3533,1.0887936353683472,1.0724512338638306,18.39,0,1,180,1.728,0.576,0.9107,0.2473,0.1728,0.2732,0.0989,0.5449,0.3482
46.751,1,RETURN_HOME,1.093,4.1919,-1.975,-0.7939,-0.2184,-1.8986,-0.5939,-0.2184,0.6328,0.0,0.0,4.3321,1.0793204307556152,1.0641536712646484,19.64,0,1,180,1.815,0.5708,0.9206,0.2408,0.1712,0.2762,0.0963,0.5437,0.3549
46.801,1,RETURN_HOME,1.0647,4.1849,-1.9781,-0.7864,-0.217,-1.8933,-0.5864,-0.217,0.6253,0.0,0.0,4.3182,1.0698641538619995,1.0562307834625244,19.39,0,1,180,1.735,0.5675,0.9097,0.2366,0.1703,0.2729,0.0946,0.5378,0.36
46.851,1,RETURN_HOME,1.0231,4.1741,-1.9826,-0.7753,-0.215,-1.8852,-0.8753,-0.115,0.8828,0.0,0.0,4.2977,1.0534652471542358,1.0391618013381958,17.39,0,1,180,1.905,0.3625,1.0,0.2943,0.1088,0.3,0.1177,0.5265,0.4183
46.902,1,RETURN_HOME,0.9892,4.1653,-1.9859,-0.7657,-0.2135,-1.8783,-0.5657,-0.2135,0.6046,0.0,0.0,4.2811,1.0434033870697021,1.0308247804641724,18.89,0,1,180,2.455,0.5597,0.9014,0.2256,0.1679,0.2704,0.0902,0.5286,0.3422
46.951,1,RETURN_HOME,0.9554,4.1568,-1.9884,-0.7554,-0.212,-1.8711,-0.5554,-0.212,0.5945,0.0,0.0,4.2652,1.0358176231384277,1.023118495941162,19.89,0,1,180,1.762,0.5569,0.8944,0.2207,0.1671,0.2683,0.0883,0.5237,0.3276
47.002,1,RETURN_HOME,0.9215,4.1489,-1.9899,-0.7503,-0.2086,-1.8636,-0.5503,-0.2086,0.5885,0.0,0.0,4.25,1.025261640548706,1.0157119035720825,18.39,0,1,180,2.039,0.5487,0.899,0.2153,0.1646,0.2697,0.0861,0.5204,0.3274
47.051,1,RETURN_HOME,0.8882,4.1411,-1.9914,-0.7463,-0.2049,-1.8563,-0.5463,-0.2049,0.5835,0.0,0.0,4.2353,1.0082813501358032,0.9991724491119385,17.64,0,1,180,1.776,0.5397,0.9178,0.2099,0.1619,0.2753,0.084,0.5212,0.3089
47.102,1,RETURN_HOME,0.855,4.1337,-1.9927,-0.7416,-0.2013,-1.849,-0.5416,-0.2013,0.5778,0.0,0.0,4.2212,0.9983351230621338,0.9907646775245667,16.39,0,1,180,1.727,0.5311,0.9147,0.2046,0.1593,0.2744,0.0818,0.5156,0.3139
47.151,1,RETURN_HOME,0.8208,4.1274,-1.9945,-0.7361,-0.1979,-1.8417,-0.5361,-0.1979,0.5715,0.0,0.0,4.2082,0.9906827807426453,0.9847140908241272,18.64,0,1,180,1.809,0.5226,0.9274,0.1991,0.1568,0.2782,0.0796,0.5146,0.2952
47.201,1,RETURN_HOME,0.7809,4.1197,-1.9962,-0.7274,-0.1945,-1.8329,-0.8274,-0.0945,0.8328,0.0,0.0,4.1931,0.972575843334198,0.9680088758468628,15.14,0,1,180,1.682,0.2965,1.0,0.2776,0.0889,0.3,0.111,0.5,0.4075
47.251,1,RETURN_HOME,0.7416,4.111,-1.9987,-0.7162,-0.1925,-1.8239,-0.8162,-0.0925,0.8214,0.0,0.0,4.1773,0.9661821126937866,0.960666835308075,12.39,0,1,180,1.71,0.2872,1.0,0.2738,0.0862,0.3,0.1095,0.4957,0.4168
47.301,1,RETURN_HOME,0.7092,4.1022,-2.0022,-0.7064,-0.1917,-1.8161,-0.9064,-0.0917,0.9111,0.0,0.0,4.163,0.9576326608657837,0.9532607197761536,16.14,0,1,180,1.625,0.2687,1.0,0.3037,0.0806,0.3,0.1215,0.5021,0.4185
47.351,1,RETURN_HOME,0.6775,4.0935,-2.0052,-0.7011,-0.1891,-1.808,-0.8011,-0.0891,0.806,0.0,0.0,4.1492,0.9432276487350464,0.9396041631698608,14.14,0,1,180,1.732,0.2714,1.0,0.2687,0.0814,0.3,0.1075,0.4889,0.3957
47.401,1,RETURN_HOME,0.6387,4.0853,-2.0102,-0.7014,-0.1831,-1.7983,-0.9014,-0.0831,0.9053,0.0,0.0,4.1349,0.9352359771728516,0.932833194732666,11.64,0,1,180,1.675,0.2445,1.0,0.3018,0.0734,0.3,0.1207,0.4941,0.4122
47.451,1,RETURN_HOME,0.599,4.0788,-2.0161,-0.7102,-0.1747,-1.7889,-0.9102,-0.0747,0.9133,0.0,0.0,4.1226,0.9277034401893616,0.9251561760902405,13.39,0,1,180,1.726,0.2258,1.0,0.3044,0.0677,0.3,0.1218,0.4895,0.4492
47.501,1,RETURN_HOME,0.5663,4.0735,-2.0202,-0.7204,-0.1669,-1.7813,-0.9204,-0.0669,0.9228,0.0,0.0,4.1127,0.9128172397613525,0.9115142822265625,12.64,0,1,180,1.653,0.2091,1.0,0.3076,0.0627,0.3,0.123,0.4858,0.4409
47.551,1,RETURN_HOME,0.5273,4.0653,-2.0259,-0.7357,-0.1578,-1.7723,-0.9357,-0.0578,0.9374,0.0,0.0,4.0993,0.906349778175354,0.9052906632423401,13.39,0,1,180,1.745,0.1895,1.0,0.3125,0.0568,0.3,0.125,0.4818,0.4683
47.601,1,RETURN_HOME,0.4949,4.0579,-2.0304,-0.7497,-0.1504,-1.7649,-0.9497,-0.0504,0.9511,0.0,0.0,4.088,0.8999181389808655,0.8983435034751892,13.14,0,1,180,1.73,0.1735,1.0,0.317,0.052,0.3,0.1268,0.4789,0.4901
47.652,1,RETURN_HOME,0.4622,4.0509,-2.034,-0.7641,-0.1431,-1.7577,-0.9641,-0.0431,0.9651,0.0,0.0,4.0772,0.8938352465629578,0.8922879695892334,12.14,0,1,180,1.758,0.1576,1.0,0.3217,0.0473,0.3,0.1287,0.476,0.5138
47.701,1,RETURN_HOME,0.4242,4.0429,-2.0333,-0.7807,-0.1345,-1.7491,-0.9807,-0.0345,0.9813,0.0,0.0,4.0651,0.8821894526481628,0.8807887434959412,10.89,0,1,180,1.807,0.1393,1.0,0.3271,0.0418,0.3,0.1308,0.4726,0.519
47.751,1,RETURN_HOME,0.3927,4.0366,-2.0308,-0.7939,-0.1273,-1.742,-0.9939,-0.0273,0.9943,0.0,0.0,4.0556,0.8761610388755798,0.8758642673492432,10.38,0,1,180,1.758,0.1242,1.0,0.3314,0.0373,0.3,0.1326,0.4698,0.5295
47.801,1,RETURN_HOME,0.3543,4.0295,-2.0278,-0.8093,-0.1187,-1.7333,-1.0093,-0.0187,1.0095,0.0,0.0,4.0451,0.8714464902877808,0.8702138662338257,10.38,0,1,180,1.776,0.106,1.0,0.3365,0.0318,0.3,0.1346,0.4664,0.5647
47.851,1,RETURN_HOME,0.3246,4.0239,-2.0283,-0.8208,-0.1115,-1.726,-1.0208,-0.0115,1.0208,0.0,0.0,4.0369,0.8599669933319092,0.8599669933319092,9.88,0,1,180,1.784,0.0916,1.0,0.3403,0.0275,0.3,0.1361,0.4636,0.5544
47.901,1,RETURN_HOME,0.2942,4.0186,-2.0285,-0.8322,-0.1043,-1.7186,-1.0322,-0.0043,1.0322,0.0,0.0,4.0293,0.8550505638122559,0.8550505638122559,7.88,0,1,180,1.747,0.0771,1.0,0.3441,0.0231,0.3,0.1376,0.4608,0.5698
47.951,1,RETURN_HOME,0.2566,4.0127,-2.0284,-0.846,-0.0957,-1.7099,-1.046,0.0043,1.046,0.0,0.0,4.0209,0.8513799905776978,0.8513799905776978,9.13,0,1,180,1.801,0.0597,1.0,0.3487,0.0179,0.3,0.1395,0.4574,0.5778
48.001,1,RETURN_HOME,0.2249,4.0084,-2.0235,-0.8576,-0.0886,-1.7027,-1.0576,0.0114,1.0576,0.0,0.0,4.0147,0.8423265218734741,0.8423265218734741,9.63,0,1,180,1.842,0.0453,1.0,0.3525,0.0136,0.3,0.141,0.4546,0.5723
48.051,1,RETURN_HOME,0.1858,4.0037,-2.0181,-0.8719,-0.0801,-1.6941,-1.0719,0.0199,1.0721,0.0,0.0,4.008,7.839822292327881,0.8401957750320435,11.14,0,1,180,1.786,0.0278,1.0,0.3574,0.0083,0.3,0.1429,0.4513,0.5847
48.101,1,RETURN_HOME,0.1461,3.999,-2.0122,-0.8866,-0.0714,-1.6854,-1.0866,0.0286,1.0869,0.0,0.0,4.0017,7.8366169929504395,0.8387811183929443,12.64,0,1,180,1.698,0.0102,1.0,0.3623,0.0031,0.3,0.1449,0.448,0.5995
48.151,1,RETURN_HOME,0.1128,3.995,-2.0063,-0.8989,-0.0642,-1.6782,-0.9989,0.0358,0.9995,0.0,0.0,3.9966,7.830129146575928,0.8387805819511414,15.89,0,1,180,1.749,-0.0076,1.0,0.3332,-0.0023,0.3,0.1333,0.431,0.5926
48.201,1,RETURN_HOME,0.0787,3.9914,-2.0011,-0.9115,-0.057,-1.6711,-1.0115,0.043,1.0125,0.0,0.0,3.9921,7.826469421386719,0.8426188230514526,17.39,0,1,180,1.616,-0.0228,1.0,0.3375,-0.0068,0.3,0.135,0.4282,0.6005
48.251,1,RETURN_HOME,0.0365,3.9879,-1.9954,-0.9272,-0.0483,-1.6625,-1.0272,0.0517,1.0285,0.0,0.0,3.9881,7.823885440826416,0.8442569375038147,18.64,0,1,180,1.946,-0.0411,1.0,0.3428,-0.0123,0.3,0.1371,0.4248,0.6096
48.301,1,RETURN_HOME,0.0002,3.986,-1.9906,-0.9387,-0.0409,-1.655,-1.0387,0.0591,1.0404,0.0,0.0,3.986,7.819173812866211,0.8560547232627869,22.15,0,1,180,1.68,-0.0567,1.0,0.3468,-0.017,0.3,0.1387,0.4217,0.5998
48.351,1,RETURN_HOME,-0.0442,3.9841,-1.9859,-0.9503,-0.0321,-1.6458,-1.0503,0.0679,1.0525,0.0,0.0,3.9844,7.816925048828125,0.8632305860519409,23.65,0,1,180,1.829,-0.0756,1.0,0.3508,-0.0227,0.3,0.1403,0.4177,0.6116
48.401,1,RETURN_HOME,-0.0914,3.9839,-1.9815,-0.9608,-0.0226,-1.6362,-0.9608,-0.0226,0.9611,0.0,0.0,3.985,7.81467342376709,0.8707307577133179,25.15,0,1,180,1.712,0.0006,0.9991,0.3204,0.0002,0.2997,0.1281,0.4281,0.4876
48.451,1,RETURN_HOME,-0.1246,3.9848,-1.9788,-0.9677,-0.016,-1.6297,-0.9677,-0.016,0.9678,0.0,0.0,3.9867,7.8115386962890625,0.8880207538604736,28.15,0,1,180,1.745,-0.0147,0.9958,0.3226,-0.0044,0.2988,0.129,0.4234,0.4878
48.501,1,RETURN_HOME,-0.1743,3.9861,-1.9756,-0.9778,-0.0055,-1.62,-0.9778,-0.0055,0.9778,0.0,0.0,3.9899,7.809797286987305,0.9004628658294678,29.4,0,1,180,1.704,-0.0381,1.0,0.3259,-0.0114,0.3,0.1304,0.4189,0.5165
48.551,1,RETURN_HOME,-0.2228,3.9877,-1.975,-0.985,0.0019,-1.6101,-0.985,0.0019,0.985,0.0,0.0,3.9939,7.808623313903809,0.9159829616546631,30.9,0,1,180,1.85,-0.0578,1.0,0.3283,-0.0173,0.3,0.1313,0.414,0.5278
48.602,1,RETURN_HOME,-0.2628,3.989,-1.9756,-0.9888,0.0059,-1.6018,-0.9888,0.0059,0.9888,0.0,0.0,3.9977,7.8050923347473145,0.943099856376648,33.41,0,1,180,2.044,-0.0717,1.0,0.3296,-0.0215,0.3,0.1318,0.4103,0.5209
48.651,1,RETURN_HOME,-0.311,3.9906,-1.9766,-0.9916,0.0088,-1.5913,-0.9916,0.0088,0.9916,0.0,0.0,4.0027,7.804559230804443,0.9568334221839905,34.66,0,1,180,1.794,-0.0866,1.0,0.3305,-0.026,0.3,0.1322,0.4062,0.5273
48.701,1,RETURN_HOME,-0.3594,3.9933,-1.9795,-0.9931,0.0116,-1.5807,-0.9931,0.0116,0.9932,0.0,0.0,4.0094,7.802939414978027,0.9742754101753235,35.66,0,1,180,1.721,-0.1013,1.0,0.3311,-0.0304,0.3,0.1324,0.402,0.5331
48.751,1,RETURN_HOME,-0.3998,3.9955,-1.982,-0.9941,0.0137,-1.5717,-0.9941,0.0137,0.9942,0.0,0.0,4.0155,7.802781581878662,1.009179949760437,37.91,0,1,180,1.737,-0.1133,1.0,0.3314,-0.034,0.3,0.1326,0.3986,0.5268
48.801,1,RETURN_HOME,-0.4402,3.9976,-1.9844,-0.9952,0.0158,-1.5625,-0.9952,0.0158,0.9953,0.0,0.0,4.0218,7.802077293395996,1.028077244758606,38.91,0,1,180,1.727,-0.1253,1.0,0.3318,-0.0376,0.3,0.1327,0.3951,0.529
48.852,1,RETURN_HOME,-0.4844,3.9987,-1.9907,-0.995,0.0178,-1.5514,-0.995,0.0178,0.9952,0.0,0.0,4.0279,7.802105903625488,1.045523762702942,39.66,0,1,180,1.801,-0.138,1.0,0.3317,-0.0414,0.3,0.1327,0.3913,0.5311
48.901,1,RETURN_HOME,-0.521,3.9994,-1.996,-0.9951,0.0194,-1.542,-0.9951,0.0194,0.9953,0.0,0.0,4.0331,7.799614906311035,1.0878143310546875,41.41,0,1,180,1.641,-0.1485,1.0,0.3318,-0.0446,0.3,0.1327,0.3881,0.526
48.951,1,RETURN_HOME,-0.5652,4.0004,-2.0018,-0.9957,0.0216,-1.5306,-0.9957,0.0216,0.9959,0.0,0.0,4.0401,7.800679683685303,1.0891380310058594,-43.92,0,1,180,1.647,-0.1614,1.0,0.332,-0.0484,0.3,0.1328,0.3844,0.5302
49.002,1,RETURN_HOME,-0.609,4.002,-2.008,-0.9964,0.024,-1.519,-0.9964,0.024,0.9967,0.0,0.0,4.0481,7.800475597381592,1.068050503730774,-43.16,0,1,180,2.619,-0.1742,1.0,0.3322,-0.0523,0.3,0.1329,0.3806,0.5349
49.051,1,RETURN_HOME,-0.6459,4.0034,-2.0123,-0.9973,0.026,-1.5093,-0.9973,0.026,0.9976,0.0,0.0,4.0551,7.80015230178833,1.0276991128921509,-41.66,0,1,180,1.749,-0.185,1.0,0.3325,-0.0555,0.3,0.133,0.3775,0.524
49.101,1,RETURN_HOME,-0.6834,4.0046,-2.0153,-0.9984,0.028,-1.4996,-0.9984,0.028,0.9988,0.0,0.0,4.0625,7.80009651184082,1.0058939456939697,-40.66,0,1,180,1.612,-0.1958,1.0,0.3329,-0.0587,0.3,0.1332,0.3744,0.5245
49.152,1,RETURN_HOME,-0.7292,4.0053,-2.0157,-0.9999,0.0303,-1.4879,-0.9999,0.0303,1.0003,0.0,0.0,4.0711,7.800310134887695,0.9907800555229187,-39.66,0,1,180,2.057,-0.2088,1.0,0.3334,-0.0627,0.3,0.1334,0.3707,0.5281
49.201,1,RETURN_HOME,-0.7754,4.0061,-2.0156,-1.0015,0.0326,-1.4762,-1.0015,0.0326,1.0021,0.0,0.0,4.0805,7.801090717315674,0.9544211030006409,-37.41,0,1,180,1.681,-0.2219,1.0,0.334,-0.0666,0.3,0.1336,0.367,0.5277
49.251,1,RETURN_HOME,-0.8138,4.0066,-2.0169,-1.0028,0.0343,-1.4665,-1.0028,0.0343,1.0034,0.0,0.0,4.0884,7.8010640144348145,0.9357154965400696,-36.16,0,1,180,1.673,-0.2325,1.0,0.3345,-0.0697,0.3,0.1338,0.364,0.5255
49.301,1,RETURN_HOME,-0.86,4.0071,-2.0191,-1.0042,0.0362,-1.4548,-1.0042,0.0362,1.0049,0.0,0.0,4.0984,7.800556182861328,0.9240895509719849,-35.16,0,1,180,1.748,-0.245,1.0,0.335,-0.0735,0.3,0.134,0.3605,0.5282
49.351,1,RETURN_HOME,-0.8988,4.0077,-2.0205,-1.0054,0.0378,-1.445,-1.0054,0.0378,1.0061,0.0,0.0,4.1073,7.803004741668701,0.8930892944335938,-32.41,0,1,180,1.853,-0.2553,1.0,0.3354,-0.0766,0.3,0.1342,0.3575,0.5234
49.401,1,RETURN_HOME,-0.9443,4.0078,-2.0219,-1.0064,0.0395,-1.4333,-1.0064,0.0395,1.0072,0.0,0.0,4.1175,7.801990985870361,0.8792170882225037,-30.9,0,1,180,1.906,-0.2673,1.0,0.3357,-0.0802,0.3,0.1343,0.3541,0.5251
49.452,1,RETURN_HOME,-0.9822,4.0077,-2.0229,-1.0072,0.0409,-1.4236,-1.0072,0.0409,1.008,0.0,0.0,4.1263,7.803269863128662,0.8690829277038574,-29.65,0,1,180,1.685,-0.2772,1.0,0.336,-0.0832,0.3,0.1344,0.3512,0.5265
49.501,1,RETURN_HOME,-1.028,4.0079,-2.0236,-1.0083,0.0426,-1.412,-1.0083,0.0426,1.0092,0.0,0.0,4.1376,7.804631233215332,0.8480613827705383,-26.9,0,1,180,1.696,-0.2891,1.0,0.3364,-0.0867,0.3,0.1346,0.3478,0.5182
49.551,1,RETURN_HOME,-1.0659,4.0077,-2.0207,-1.0095,0.0439,-1.4024,-1.0095,0.0439,1.0105,0.0,0.0,4.1471,7.805300712585449,0.8392134308815002,-24.9,0,1,180,1.783,-0.2988,1.0,0.3368,-0.0896,0.3,0.1347,0.3451,0.5204
49.602,1,RETURN_HOME,-1.1117,4.0077,-2.0165,-1.0113,0.0456,-1.3909,-1.0113,0.0456,1.0123,0.0,0.0,4.1591,7.807395935058594,0.8318557143211365,-23.15,0,1,180,2.318,-0.3104,1.0,0.3374,-0.0931,0.3,0.135,0.3419,0.5188
49.651,1,RETURN_HOME,-1.1503,4.008,-2.0133,-1.0128,0.047,-1.3813,-1.0128,0.047,1.0139,0.0,0.0,4.1698,7.809794902801514,0.8182319402694702,-19.39,0,1,180,1.796,-0.3201,1.0,0.338,-0.096,0.3,0.1352,0.3392,0.5193
49.701,1,RETURN_HOME,-1.1968,4.0088,-2.0143,-1.0146,0.0487,-1.37,-1.0146,0.0487,1.0157,0.0,0.0,4.1836,7.809932708740234,0.8137426972389221,-17.89,0,1,180,1.713,-0.3316,1.0,0.3386,-0.0995,0.3,0.1354,0.3359,0.5222
49.751,1,RETURN_HOME,-1.2359,4.0096,-2.0149,-1.0161,0.0501,-1.3605,-1.0161,0.0501,1.0173,0.0,0.0,4.1958,7.812134742736816,0.8143289089202881,-16.39,0,1,180,1.873,-0.3412,1.0,0.3391,-0.1024,0.3,0.1356,0.3333,0.524
49.801,1,RETURN_HOME,-1.2829,4.0111,-2.0152,-1.0178,0.0519,-1.3493,-1.0178,0.0519,1.0191,0.0,0.0,4.2112,7.817434787750244,0.8125829100608826,-12.39,0,1,180,1.595,-0.3527,1.0,0.3397,-0.1058,0.3,0.1359,0.3301,0.5258
49.851,1,RETURN_HOME,-1.3215,4.0131,-2.014,-1.0191,0.0536,-1.34,-1.0191,0.0536,1.0205,0.0,0.0,4.2251,7.821138381958008,0.813755452632904,-12.14,0,1,180,1.796,-0.3622,1.0,0.3402,-0.1087,0.3,0.1361,0.3274,0.5283
49.901,1,RETURN_HOME,-1.3684,4.0156,-2.0127,-1.0207,0.0557,-1.3289,-1.0207,0.0557,1.0222,0.0,0.0,4.2424,0.8172261118888855,0.8140297532081604,-13.89,0,1,180,1.952,-0.3737,1.0,0.3407,-0.1121,0.3,0.1363,0.3242,0.5299
49.952,1,RETURN_HOME,-1.4078,4.0178,-2.0121,-1.0221,0.0574,-1.3197,-1.0221,0.0574,1.0237,0.0,0.0,4.2573,0.8187926411628723,0.8177480697631836,-12.89,0,1,180,2.031,-0.3831,1.0,0.3412,-0.1149,0.3,0.1365,0.3216,0.5312
50.001,1,RETURN_HOME,-1.4559,4.0207,-2.0129,-1.0238,0.0593,-1.3088,-0.9238,-0.0407,0.9247,0.0,0.0,4.2762,0.8216330409049988,0.8186109066009521,-14.14,0,1,180,1.733,-0.2987,0.954,0.3082,-0.0896,0.2862,0.1233,0.3199,0.4435
50.051,1,RETURN_HOME,-1.4962,4.0232,-2.0134,-1.0254,0.0609,-1.2998,-0.9254,-0.0391,0.9263,0.0,0.0,4.2924,0.8235365152359009,0.821021556854248,-14.39,0,1,180,1.737,-0.3087,0.971,0.3088,-0.0926,0.2913,0.1235,0.3222,0.4557
50.101,1,RETURN_HOME,-1.5447,4.0252,-2.0128,-1.0277,0.0629,-1.2891,-0.9277,-0.0371,0.9284,0.0,0.0,4.3114,0.8277339935302734,0.8234148025512695,-12.89,0,1,180,1.776,-0.3207,0.9649,0.3095,-0.0962,0.2895,0.1238,0.3171,0.4503
50.151,1,RETURN_HOME,-1.5853,4.0262,-2.0114,-1.0277,0.0618,-1.2803,-0.9277,-0.0382,0.9285,0.0,0.0,4.327,0.8293234705924988,0.8247003555297852,-13.64,0,1,180,1.809,-0.3278,0.9711,0.3095,-0.0983,0.2913,0.1238,0.3168,0.4589
50.201,1,RETURN_HOME,-1.634,4.0275,-2.0098,-1.0253,0.0584,-1.2697,-0.9253,-0.0416,0.9262,0.0,0.0,4.3463,0.8323747515678406,0.8255802989006042,-16.89,0,1,180,1.624,-0.3339,0.9735,0.3087,-0.1002,0.292,0.1235,0.3154,0.45
50.251,1,RETURN_HOME,-1.6756,4.0275,-2.0102,-1.0221,0.0537,-1.261,-1.0221,0.0537,1.0235,0.0,0.0,4.3621,0.8368143439292908,0.8287833333015442,-16.89,0,1,180,1.883,-0.432,1.0,0.3412,-0.1296,0.3,0.1365,0.3069,0.5428
50.301,1,RETURN_HOME,-1.726,4.0267,-2.0118,-1.0172,0.0466,-1.2505,-1.0172,0.0466,1.0182,0.0,0.0,4.381,0.838513195514679,0.830642819404602,-18.39,0,1,180,1.617,-0.4356,1.0,0.3394,-0.1307,0.3,0.1358,0.3051,0.5445
50.352,1,RETURN_HOME,-1.7676,4.0262,-2.0129,-1.0126,0.0408,-1.2417,-1.0126,0.0408,1.0134,0.0,0.0,4.3971,0.8400789499282837,0.8328443169593811,-20.89,0,1,180,1.83,-0.4385,1.0,0.3378,-0.1316,0.3,0.1351,0.3036,0.5434
50.401,1,RETURN_HOME,-1.8117,4.0261,-2.0105,-1.0105,0.0372,-1.2328,-1.0105,0.0372,1.0112,0.0,0.0,4.4149,0.8461101651191711,0.8353847861289978,-17.39,0,1,180,1.795,-0.4436,1.0,0.3371,-0.1331,0.3,0.1348,0.3017,0.5461
50.451,1,RETURN_HOME,-1.8647,4.0262,-2.0071,-1.0107,0.0356,-1.2223,-1.0107,0.0356,1.0113,0.0,0.0,4.4371,0.8479931950569153,0.8365216255187988,-19.14,0,1,180,1.958,-0.4519,1.0,0.3371,-0.1356,0.3,0.1348,0.2993,0.5468
50.502,1,RETURN_HOME,-1.9172,4.0265,-2.0041,-1.0127,0.0359,-1.2118,-1.0127,0.0359,1.0133,0.0,0.0,4.4596,0.849423348903656,0.8382425904273987,-19.89,0,1,180,2.093,-0.4616,1.0,0.3378,-0.1385,0.3,0.1351,0.2966,0.549
50.551,1,RETURN_HOME,-1.9598,4.026,-2.0036,-1.0149,0.0367,-1.2031,-1.0149,0.0367,1.0156,0.0,0.0,4.4777,0.8557837009429932,0.8408917784690857,-21.14,0,1,180,1.784,-0.4699,1.0,0.3385,-0.141,0.3,0.1354,0.2944,0.551
50.601,1,RETURN_HOME,-2.0023,4.0257,-2.0032,-1.0174,0.0377,-1.1945,-1.0174,0.0377,1.0181,0.0,0.0,4.4962,0.8572161197662354,0.8415290117263794,-20.64,0,1,180,1.713,-0.4782,1.0,0.3394,-0.1435,0.3,0.1357,0.2923,0.5519
50.651,1,RETURN_HOME,-2.0532,4.0258,-2.0028,-1.0204,0.0392,-1.1841,-1.0204,0.0392,1.0211,0.0,0.0,4.5191,0.861508846282959,0.8427114486694336,-22.65,0,1,180,1.695,-0.4882,1.0,0.3404,-0.1465,0.3,0.1361,0.2897,0.5558
50.701,1,RETURN_HOME,-2.0939,4.0247,-2.0062,-1.0223,0.0398,-1.1755,-1.0223,0.0398,1.023,0.0,0.0,4.5368,0.8666865825653076,0.8445515036582947,-21.65,0,1,180,1.715,-0.4957,1.0,0.341,-0.1487,0.3,0.1364,0.2877,0.5582
50.751,1,RETURN_HOME,-2.1429,4.0239,-2.0098,-1.0243,0.0405,-1.1652,-1.0243,0.0405,1.0251,0.0,0.0,4.5589,0.8696946501731873,0.8459653854370117,-22.4,0,1,180,1.672,-0.5046,1.0,0.3417,-0.1514,0.3,0.1367,0.2853,0.5587
50.801,1,RETURN_HOME,-2.1916,4.0227,-2.0124,-1.0258,0.041,-1.1549,-1.0258,0.041,1.0266,0.0,0.0,4.5809,0.8731726408004761,0.8489579558372498,-22.15,0,1,180,1.53,-0.5131,1.0,0.3422,-0.1539,0.3,0.1369,0.2829,0.5626
50.851,1,RETURN_HOME,-2.2316,4.0207,-2.0136,-1.0264,0.0409,-1.1464,-1.0264,0.0409,1.0273,0.0,0.0,4.5985,0.8786454796791077,0.8515981435775757,-22.9,0,1,180,1.684,-0.5198,1.0,0.3424,-0.1559,0.3,0.137,0.281,0.5648
50.901,1,RETURN_HOME,-2.2718,4.0191,-2.0146,-1.0272,0.0411,-1.1378,-1.0272,0.0411,1.028,0.0,0.0,4.6168,0.8804712295532227,0.8540408611297607,-23.9,0,1,180,1.55,-0.5265,1.0,0.3427,-0.1579,0.3,0.1371,0.2791,0.5671
50.951,1,RETURN_HOME,-2.3196,4.0169,-2.015,-1.0279,0.041,-1.1276,-1.0279,0.041,1.0287,0.0,0.0,4.6385,0.8854683041572571,0.8557513356208801,-26.15,0,1,180,1.763,-0.5342,1.0,0.3429,-0.1603,0.3,0.1372,0.2769,0.5669
51.001,1,RETURN_HOME,-2.3586,4.014,-2.0144,-1.0282,0.0404,-1.1191,-1.0282,0.0404,1.029,0.0,0.0,4.6557,0.8923860788345337,0.8602145314216614,-22.65,0,1,180,1.886,-0.5401,1.0,0.343,-0.162,0.3,0.1372,0.2752,0.572
51.051,1,RETURN_HOME,-2.3979,4.0116,-2.0138,-1.0287,0.0401,-1.1106,-1.0287,0.0401,1.0295,0.0,0.0,4.6737,0.8959177732467651,0.8623017072677612,-26.15,0,1,180,1.807,-0.5461,1.0,0.3432,-0.1638,0.3,0.1373,0.2734,0.5736
51.101,1,RETURN_HOME,-2.4448,4.009,-2.0134,-1.0294,0.0399,-1.1006,-1.0294,0.0399,1.0301,0.0,0.0,4.6956,0.8998757600784302,0.8641453385353088,-27.15,0,1,180,1.635,-0.5533,1.0,0.3434,-0.166,0.3,0.1374,0.2713,0.576
51.151,1,RETURN_HOME,-2.4831,4.0067,-2.0136,-1.0299,0.0398,-1.0923,-1.0299,0.0398,1.0307,0.0,0.0,4.7137,0.909033477306366,0.8681864738464355,-26.15,0,1,180,1.665,-0.5592,1.0,0.3436,-0.1678,0.3,0.1374,0.2697,0.5792
51.201,1,RETURN_HOME,-2.5219,4.0048,-2.0137,-1.0306,0.0399,-1.084,-1.0306,0.0399,1.0314,0.0,0.0,4.7327,0.9120531678199768,0.8708971738815308,-23.9,0,1,180,1.585,-0.5652,1.0,0.3438,-0.1696,0.3,0.1375,0.268,0.5818
51.251,1,RETURN_HOME,-2.5686,4.0046,-2.0147,-1.0315,0.041,-1.0742,-0.9315,-0.059,0.9334,0.0,0.0,4.7576,0.9170005321502686,0.872668445110321,-27.15,0,1,180,1.726,-0.4856,0.9997,0.3111,-0.1457,0.2999,0.1245,0.2787,0.4393
51.301,1,RETURN_HOME,-2.6078,4.0059,-2.0162,-1.0324,0.0429,-1.0661,-0.9324,-0.0571,0.9341,0.0,0.0,4.7799,0.9233342409133911,0.8748781085014343,-26.65,0,1,180,1.646,-0.4933,1.0,0.3114,-0.148,0.3,0.1246,0.2766,0.4455
51.351,1,RETURN_HOME,-2.6552,4.0076,-2.0176,-1.0339,0.0453,-1.0565,-0.9339,-0.0547,0.9355,0.0,0.0,4.8074,0.9309255480766296,0.8792794942855835,-27.65,0,1,180,1.774,-0.5027,1.0,0.3118,-0.1508,0.3,0.1247,0.2739,0.4564
51.401,1,RETURN_HOME,-2.7021,4.0078,-2.0199,-1.0323,0.0437,-1.047,-0.9323,-0.0563,0.934,0.0,0.0,4.8336,0.9361891150474548,0.8811571598052979,-28.9,0,1,180,1.596,-0.5081,1.0,0.3113,-0.1524,0.3,0.1245,0.2721,0.4607
51.451,1,RETURN_HOME,-2.741,4.0075,-2.0219,-1.029,0.0401,-1.0393,-0.929,-0.0599,0.931,0.0,0.0,4.8552,0.9452450275421143,0.8875128030776978,-32.15,0,1,180,1.694,-0.5103,1.0,0.3103,-0.1531,0.3,0.1241,0.271,0.4338
51.501,1,RETURN_HOME,-2.7879,4.0072,-2.0236,-1.0237,0.0344,-1.0301,-1.0237,0.0344,1.0242,0.0,0.0,4.8816,0.950236439704895,0.88970547914505,-31.4,0,1,180,1.835,-0.5984,1.0,0.3414,-0.1795,0.3,0.1366,0.257,0.599
51.551,1,RETURN_HOME,-2.8351,4.0092,-2.0216,-1.0169,0.0288,-1.021,-0.9169,-0.0712,0.9197,0.0,0.0,4.9104,0.9542476534843445,0.891326367855072,-28.9,0,1,180,1.686,-0.5124,0.9939,0.3066,-0.1537,0.2982,0.1226,0.2671,0.4239
51.601,1,RETURN_HOME,-2.8666,4.0104,-2.0202,-1.0121,0.0248,-1.015,-1.0121,0.0248,1.0124,0.0,0.0,4.9295,0.959831178188324,0.8938957452774048,-31.4,0,1,180,1.608,-0.6012,1.0,0.3375,-0.1804,0.3,0.135,0.2546,0.6027
51.651,1,RETURN_HOME,-2.9137,4.0119,-2.0183,-1.0081,0.0218,-1.0061,-1.0081,0.0218,1.0083,0.0,0.0,4.9583,0.9673826694488525,0.8988927006721497,-32.15,0,1,180,1.744,-0.605,1.0,0.3361,-0.1815,0.3,0.1344,0.2529,0.6061
51.701,1,RETURN_HOME,-2.9598,4.0137,-2.0162,-1.0032,0.0187,-0.9974,-1.1032,0.0187,1.1034,0.0,0.0,4.987,0.9738044142723083,0.899309515953064,-34.16,0,1,180,1.581,-0.6071,1.0,0.3678,-0.1821,0.3,0.1471,0.265,0.6087
51.751,1,RETURN_HOME,-2.9982,4.0151,-2.0145,-1.0008,0.0178,-0.9902,-1.1008,0.0178,1.1009,0.0,0.0,5.011,0.982466995716095,0.9044567346572876,-34.16,0,1,180,1.681,-0.6112,1.0,0.367,-0.1834,0.3,0.1468,0.2634,0.6124
51.801,1,RETURN_HOME,-3.044,4.0169,-2.0131,-0.9995,0.0183,-0.9817,-1.0995,0.0183,1.0997,0.0,0.0,5.04,0.9867623448371887,0.9064587354660034,-31.9,0,1,180,1.64,-0.6171,1.0,0.3666,-0.1851,0.3,0.1466,0.2615,0.6131
51.851,1,RETURN_HOME,-3.0804,4.0193,-2.014,-1.0003,0.0202,-0.9747,-1.1003,0.0202,1.1005,0.0,0.0,5.064,0.9902570843696594,0.9084367752075195,-32.66,0,1,180,1.778,-0.6228,1.0,0.3668,-0.1868,0.3,0.1467,0.2599,0.6158
51.902,1,RETURN_HOME,-3.1173,4.0216,-2.0147,-1.0037,0.0225,-0.9678,-1.1037,0.0225,1.1039,0.0,0.0,5.0883,0.997632622718811,0.910435140132904,-32.91,0,1,180,2.033,-0.6286,1.0,0.368,-0.1886,0.3,0.1472,0.2586,0.6182
51.951,1,RETURN_HOME,-3.1631,4.0249,-2.0131,-1.0104,0.025,-0.9598,-1.1104,0.025,1.1107,0.0,0.0,5.1191,1.0058425664901733,0.9136995673179626,-35.41,0,1,180,1.829,-0.6355,1.0,0.3702,-0.1906,0.3,0.1481,0.2575,0.6223
52.001,1,RETURN_HOME,-3.2111,4.029,-2.0075,-1.0193,0.0272,-0.952,-0.9193,-0.0728,0.9222,0.0,0.0,5.152,1.0087488889694214,0.9166679978370667,-32.66,0,1,180,1.688,-0.5596,1.0,0.3074,-0.1679,0.3,0.123,0.2551,0.4309
52.051,1,RETURN_HOME,-3.2515,4.0321,-2.0034,-1.0276,0.0289,-0.9457,-0.9276,-0.0711,0.9303,0.0,0.0,5.1798,1.0160551071166992,0.9190101623535156,-35.41,0,1,180,1.692,-0.5664,1.0,0.3101,-0.1699,0.3,0.124,0.2541,0.4383
52.101,1,RETURN_HOME,-3.2941,4.0364,-1.9993,-1.0369,0.0311,-0.9396,-0.9369,-0.0689,0.9395,0.0,0.0,5.2099,1.0270860195159912,0.9211811423301697,-33.91,0,1,180,1.574,-0.5738,1.0,0.3132,-0.1721,0.3,0.1253,0.2531,0.4497
52.151,1,RETURN_HOME,-3.3483,4.0433,-1.994,-1.044,0.0312,-0.9324,-0.944,-0.0688,0.9465,0.0,0.0,5.2497,1.0292954444885254,0.9251111149787903,-35.41,0,1,180,1.691,-0.5801,1.0,0.3155,-0.174,0.3,0.1262,0.2522,0.4565
52.201,1,RETURN_HOME,-3.3932,4.0484,-1.9903,-1.0454,0.029,-0.9266,-0.9454,-0.071,0.948,0.0,0.0,5.2824,1.0344219207763672,0.9262524843215942,-38.16,0,1,180,1.632,-0.5832,1.0,0.316,-0.175,0.3,0.1264,0.2515,0.4509
52.251,1,RETURN_HOME,-3.4478,4.0536,-1.9841,-1.0434,0.0244,-0.9196,-0.8434,-0.0756,0.8468,0.0,0.0,5.3216,1.043513536453247,0.9287778735160828,-37.66,0,1,180,1.654,-0.5773,1.0,0.2823,-0.1732,0.3,0.1129,0.2397,0.4249
52.301,1,RETURN_HOME,-3.5027,4.058,-1.9768,-1.0393,0.0189,-0.9128,-0.8393,-0.0811,0.8432,0.0,0.0,5.3606,1.0455670356750488,0.9322090744972229,-38.16,0,1,180,1.547,-0.5775,1.0,0.2811,-0.1733,0.3,0.1124,0.2392,0.416
52.351,1,RETURN_HOME,-3.5478,4.061,-1.9718,-1.0349,0.0139,-0.9071,-1.0349,0.0139,1.035,0.0,0.0,5.3925,1.0517609119415283,0.9329819083213806,-38.16,0,1,180,1.705,-0.668,1.0,0.345,-0.2004,0.3,0.138,0.2376,0.6406
52.401,1,RETURN_HOME,-3.5835,4.0634,-1.9701,-1.0297,0.0099,-0.9026,-1.1297,0.0099,1.1297,0.0,0.0,5.4178,1.0602645874023438,0.9364405870437622,-36.66,0,1,180,1.614,-0.668,1.0,0.3766,-0.2004,0.3,0.1506,0.2502,0.6402
52.451,1,RETURN_HOME,-3.6364,4.0664,-1.9691,-1.0187,0.0033,-0.8958,-1.1187,0.0033,1.1187,0.0,0.0,5.4551,1.0649502277374268,0.938173770904541,-37.91,0,1,180,1.744,-0.6688,1.0,0.3729,-0.2006,0.3,0.1492,0.2485,0.6427
52.501,1,RETURN_HOME,-3.6882,4.0688,-1.9687,-1.011,0.0001,-0.8887,-1.111,0.0001,1.111,0.0,0.0,5.4916,1.0691829919815063,0.9400034546852112,-38.66,0,1,180,1.693,-0.6717,1.0,0.3703,-0.2015,0.3,0.1481,0.2466,0.643
52.552,1,RETURN_HOME,-3.7238,4.0687,-1.9692,-1.0101,-0.0012,-0.8839,-1.1101,-0.0012,1.1101,0.0,0.0,5.5155,1.0718913078308105,0.9402371048927307,-38.41,0,1,180,1.97,-0.6743,1.0,0.37,-0.2023,0.3,0.148,0.2457,0.6445
52.601,1,RETURN_HOME,-3.7773,4.0679,-1.9704,-1.0141,-0.002,-0.877,-1.1141,-0.002,1.1141,0.0,0.0,5.5512,1.0810976028442383,0.9435927867889404,-42.16,0,1,180,1.704,-0.6792,1.0,0.3714,-0.2037,0.3,0.1486,0.2448,0.6466
52.651,1,RETURN_HOME,-3.8304,4.0672,-1.9719,-1.0224,-0.0018,-0.8702,-1.1224,-0.0018,1.1224,0.0,0.0,5.587,1.0862449407577515,0.9455670118331909,-38.41,0,1,180,1.797,-0.6844,1.0,0.3741,-0.2053,0.3,0.1497,0.2443,0.6475
52.701,1,RETURN_HOME,-3.8715,4.0657,-1.9742,-1.0295,-0.0023,-0.8646,-1.1295,-0.0023,1.1295,0.0,0.0,5.6141,1.0909371376037598,0.9454565048217773,-42.16,0,1,180,1.674,-0.6881,1.0,0.3765,-0.2064,0.3,0.1506,0.2442,0.6496
52.751,1,RETURN_HOME,-3.9128,4.0644,-1.9763,-1.0371,-0.0026,-0.8591,-1.1371,-0.0026,1.1371,0.0,0.0,5.6417,1.100335717201233,0.9477660059928894,-40.16,0,1,180,1.827,-0.6919,1.0,0.379,-0.2076,0.3,0.1516,0.2441,0.6504
52.801,1,RETURN_HOME,-3.9545,4.0631,-1.9784,-1.0449,-0.003,-0.8536,-1.0449,-0.003,1.0449,0.0,0.0,5.6698,1.1032942533493042,0.9490817785263062,-42.41,0,1,180,1.853,-0.6954,1.0,0.3483,-0.2086,0.3,0.1393,0.2307,0.6521
52.851,1,RETURN_HOME,-4.0058,4.0649,-1.9792,-1.0547,-0.0022,-0.847,-1.0547,-0.0022,1.0547,0.0,0.0,5.707,1.108365535736084,0.9510372877120972,-41.41,0,1,180,1.845,-0.7004,1.0,0.3516,-0.2101,0.3,0.1406,0.2305,0.6535
52.901,1,RETURN_HOME,-4.049,4.0667,-1.9797,-1.0628,-0.0014,-0.8416,-1.0628,-0.0014,1.0628,0.0,0.0,5.7387,1.1113078594207764,0.9503945112228394,-39.16,0,1,180,2.044,-0.7047,1.0,0.3543,-0.2114,0.3,0.1417,0.2303,0.6545
52.951,1,RETURN_HOME,-4.101,4.0686,-1.9803,-1.0695,-0.0006,-0.8352,-1.0695,-0.0006,1.0695,0.0,0.0,5.7768,1.1203330755233765,0.954131007194519,-41.66,0,1,180,1.79,-0.7095,1.0,0.3565,-0.2129,0.3,0.1426,0.2297,0.6559
53.001,1,RETURN_HOME,-4.1477,4.0713,-1.986,-1.0743,0.001,-0.8298,-1.0743,0.001,1.0743,0.0,0.0,5.812,1.124942660331726,0.9552851915359497,-44.42,0,1,180,1.782,-0.7143,1.0,0.3581,-0.2143,0.3,0.1432,0.229,0.6586
53.051,1,RETURN_HOME,-4.2033,4.0743,-1.992,-1.078,0.0028,-0.8234,-1.078,0.0028,1.078,0.0,0.0,5.8539,1.1357429027557373,0.9584977030754089,-43.92,0,1,180,1.74,-0.7199,1.0,0.3593,-0.216,0.3,0.1437,0.2278,0.6614
53.101,1,RETURN_HOME,-4.2496,4.0766,-1.9952,-1.0802,0.0044,-0.818,-1.0802,0.0044,1.0802,0.0,0.0,5.8888,1.138953447341919,0.9589503407478333,-43.42,0,1,180,1.521,-0.7244,1.0,0.3601,-0.2173,0.3,0.144,0.2267,0.6633
53.152,1,RETURN_HOME,-4.3059,4.0794,-1.9937,-1.0826,0.0063,-0.8114,-1.0826,0.0063,1.0826,0.0,0.0,5.9315,1.1448116302490234,0.9611366987228394,-41.91,0,1,180,1.87,-0.7299,1.0,0.3609,-0.219,0.3,0.1443,0.2254,0.6638
53.201,1,RETURN_HOME,-4.3523,4.0816,-1.9925,-1.0844,0.0078,-0.806,-1.0844,0.0078,1.0844,0.0,0.0,5.9668,1.1542894840240479,0.9638023972511292,-43.67,0,1,180,1.683,-0.7344,1.0,0.3615,-0.2203,0.3,0.1446,0.2243,0.6683
53.252,1,RETURN_HOME,-4.4077,4.0846,-1.9916,-1.0865,0.0095,-0.7995,-1.0865,0.0095,1.0865,0.0,0.0,6.0093,1.1624445915222168,0.9650312662124634,-42.16,0,1,180,1.925,-0.7394,1.0,0.3622,-0.2218,0.3,0.1449,0.223,0.6709
53.301,1,RETURN_HOME,-4.4535,4.0879,-1.9912,-1.0883,0.0109,-0.7941,-0.9883,-0.0891,0.9923,0.0,0.0,6.0452,1.1685020923614502,0.9669913649559021,-43.92,0,1,180,1.638,-0.673,1.0,0.3308,-0.2019,0.3,0.1323,0.2304,0.4931
53.351,1,RETURN_HOME,-4.5082,4.0914,-1.9909,-1.0908,0.0126,-0.7876,-0.9908,-0.0874,0.9947,0.0,0.0,6.088,1.1779499053955078,0.9695037007331848,-43.67,0,1,180,1.846,-0.6786,1.0,0.3316,-0.2036,0.3,0.1326,0.229,0.4985
53.401,1,RETURN_HOME,-4.5528,4.0945,-1.9902,-1.0925,0.0141,-0.7822,-0.9925,-0.0859,0.9962,0.0,0.0,6.1232,1.18184494972229,0.9730674028396606,-43.16,0,1,180,1.817,-0.6831,1.0,0.3321,-0.2049,0.3,0.1328,0.2279,0.5214
53.451,1,RETURN_HOME,-4.6047,4.0989,-1.9884,-1.0911,0.0134,-0.7758,-0.9911,-0.0866,0.9948,0.0,0.0,6.1647,1.1891262531280518,0.9746599793434143,-44.67,0,1,180,1.717,-0.6862,1.0,0.3316,-0.2059,0.3,0.1326,0.2268,0.5259
53.501,1,RETURN_HOME,-4.6479,4.102,-1.9872,-1.088,0.0107,-0.7705,-0.988,-0.0893,0.992,0.0,0.0,6.1991,1.1938470602035522,0.9753903150558472,-43.67,0,1,180,1.904,-0.6872,1.0,0.3307,-0.2061,0.3,0.1323,0.2261,0.5246
53.551,1,RETURN_HOME,-4.6908,4.1042,-1.9857,-1.0835,0.0064,-0.7653,-0.9835,-0.0936,0.988,0.0,0.0,6.2328,1.2046574354171753,0.9785972237586975,-47.17,0,1,180,1.708,-0.6868,1.0,0.3293,-0.206,0.3,0.1317,0.2257,0.5145
53.601,1,RETURN_HOME,-4.7419,4.106,-1.984,-1.0773,-0.0001,-0.7591,-0.9773,-0.1001,0.9824,0.0,0.0,6.2726,1.2100756168365479,0.9802396297454834,-48.67,0,1,180,1.64,-0.6854,1.0,0.3275,-0.2056,0.3,0.131,0.2254,0.5069
53.651,1,RETURN_HOME,-4.7843,4.1071,-1.983,-1.0718,-0.0057,-0.754,-0.9718,-0.1057,0.9776,0.0,0.0,6.3054,1.2164638042449951,0.9805470705032349,-47.17,0,1,180,1.806,-0.6839,1.0,0.3259,-0.2052,0.3,0.1303,0.2252,0.4991
53.701,1,RETURN_HOME,-4.8374,4.1075,-1.9859,-1.0664,-0.0124,-0.748,-1.1664,-0.0124,1.1664,0.0,0.0,6.346,1.2260929346084595,0.9836639165878296,-45.17,0,1,180,1.72,-0.7553,1.0,0.3888,-0.2266,0.3,0.1555,0.2289,0.6813
53.751,1,RETURN_HOME,-4.8822,4.1074,-1.9896,-1.062,-0.018,-0.7431,-1.162,-0.018,1.1621,0.0,0.0,6.3801,1.231605052947998,0.9849243760108948,-47.92,0,1,180,1.708,-0.7551,1.0,0.3874,-0.2265,0.3,0.155,0.2284,0.6757
53.802,1,RETURN_HOME,-4.9352,4.1069,-1.9937,-1.0562,-0.0249,-0.7373,-1.1562,-0.0249,1.1565,0.0,0.0,6.4205,1.236637830734253,0.9856372475624084,-47.42,0,1,180,2.278,-0.7547,1.0,0.3855,-0.2264,0.3,0.1542,0.2278,0.6698
53.851,1,RETURN_HOME,-4.9717,4.1045,-2.0008,-1.0523,-0.029,-0.7324,-0.9523,-0.129,0.961,0.0,0.0,6.447,1.2452658414840698,0.9865514636039734,-47.67,0,1,180,1.665,-0.6787,0.9987,0.3203,-0.2036,0.2996,0.1281,0.2241,0.4698
53.901,1,RETURN_HOME,-5.0087,4.1021,-2.0071,-1.0526,-0.031,-0.7276,-0.9526,-0.131,0.9616,0.0,0.0,6.4741,1.2513985633850098,0.9883355498313904,-48.42,0,1,180,1.639,-0.6801,0.9966,0.3205,-0.204,0.299,0.1282,0.2232,0.4863
53.952,1,RETURN_HOME,-5.0541,4.0993,-2.0139,-1.0576,-0.0313,-0.722,-0.9576,-0.1313,0.9666,0.0,0.0,6.5075,1.2572386264801025,0.9893141388893127,-47.67,0,1,180,1.789,-0.6839,1.0,0.3222,-0.2052,0.3,0.1289,0.2237,0.4949
54.001,1,RETURN_HOME,-5.0911,4.0985,-2.0159,-1.0595,-0.0326,-0.7174,-0.9595,-0.1326,0.9687,0.0,0.0,6.5358,1.2663694620132446,0.9891643524169922,-50.42,0,1,180,1.716,-0.6858,0.9912,0.3229,-0.2057,0.2974,0.1292,0.2208,0.4893
54.052,1,RETURN_HOME,-5.1363,4.0973,-2.0178,-1.0583,-0.0362,-0.712,-0.9583,-0.1362,0.968,0.0,0.0,6.5704,1.2702442407608032,0.9893622398376465,-49.17,0,1,180,1.701,-0.6862,0.9925,0.3227,-0.2059,0.2977,0.1291,0.2209,0.4956
54.101,1,RETURN_HOME,-5.1821,4.0966,-2.0186,-1.054,-0.0412,-0.7067,-0.954,-0.1412,0.9644,0.0,0.0,6.6058,1.2725750207901,0.989125669002533,-48.67,0,1,180,1.702,-0.6852,0.981,0.3215,-0.2056,0.2943,0.1286,0.2173,0.4903
54.151,1,RETURN_HOME,-5.2199,4.0984,-2.0169,-1.0487,-0.0449,-0.7024,-0.9487,-0.1449,0.9597,0.0,0.0,6.6366,1.279349446296692,0.9904226660728455,-49.92,0,1,180,1.687,-0.6843,0.9664,0.3199,-0.2053,0.2899,0.128,0.2126,0.4834
54.201,1,RETURN_HOME,-5.2657,4.0999,-2.0148,-1.0415,-0.05,-0.6973,-0.9415,-0.15,0.9534,0.0,0.0,6.6736,1.2833540439605713,0.99044269323349,-51.42,0,1,180,1.586,-0.6826,0.9804,0.3178,-0.2048,0.2941,0.1271,0.2165,0.4928
54.252,1,RETURN_HOME,-5.3046,4.101,-2.0123,-1.0355,-0.0544,-0.6931,-0.9355,-0.1544,0.9482,0.0,0.0,6.705,1.2867814302444458,0.9898858666419983,-51.67,0,1,180,1.784,-0.681,0.9725,0.3161,-0.2043,0.2918,0.1264,0.2139,0.4879
54.301,1,RETURN_HOME,-5.3443,4.1021,-2.0088,-1.0299,-0.059,-0.689,-0.9299,-0.159,0.9434,0.0,0.0,6.7372,1.2946455478668213,0.9900112152099609,-52.17,0,1,180,1.645,-0.6793,0.9793,0.3145,-0.2038,0.2938,0.1258,0.2158,0.4838
54.351,1,RETURN_HOME,-5.392,4.1027,-2.0053,-1.0234,-0.0648,-0.6842,-0.9234,-0.1648,0.9379,0.0,0.0,6.7754,1.2972427606582642,0.9875758290290833,-49.67,0,1,180,1.787,-0.6771,0.9628,0.3126,-0.2031,0.2888,0.1251,0.2108,0.4762
54.401,1,RETURN_HOME,-5.4315,4.1029,-2.0033,-1.0179,-0.0696,-0.6803,-0.9179,-0.1696,0.9334,0.0,0.0,6.807,1.2985600233078003,0.9864362478256226,-51.67,0,1,180,1.598,-0.6751,0.9614,0.3111,-0.2025,0.2884,0.1245,0.2104,0.4805
54.451,1,RETURN_HOME,-5.4786,4.103,-2.0024,-1.0113,-0.0754,-0.6757,-1.0113,-0.0754,1.0141,0.0,0.0,6.8447,1.3027186393737793,0.985446035861969,-50.67,0,1,180,1.687,-0.7536,1.0,0.338,-0.2261,0.3,0.1352,0.2091,0.6109
54.501,1,RETURN_HOME,-5.5177,4.1025,-2.002,-1.0057,-0.0806,-0.6719,-1.0057,-0.0806,1.009,0.0,0.0,6.8758,1.3050754070281982,0.9842815399169922,-49.67,0,1,180,1.652,-0.7523,1.0,0.3363,-0.2257,0.3,0.1345,0.2088,0.6126
54.551,1,RETURN_HOME,-5.563,4.1032,-2.0022,-0.9981,-0.0864,-0.6675,-0.9981,-0.0864,1.0018,0.0,0.0,6.9126,1.3061617612838745,0.9838350415229797,-53.17,0,1,180,1.741,-0.7505,1.0,0.3339,-0.2252,0.3,0.1336,0.2084,0.6062
54.601,1,RETURN_HOME,-5.5996,4.1047,-2.0031,-0.9934,-0.0888,-0.664,-0.9934,-0.0888,0.9973,0.0,0.0,6.9429,1.3100507259368896,0.9807085394859314,-49.42,0,1,180,1.706,-0.7507,1.0,0.3324,-0.2252,0.3,0.133,0.2078,0.5992
54.651,1,RETURN_HOME,-5.6364,4.1054,-2.004,-0.9908,-0.0896,-0.6604,-0.8908,-0.1896,0.9107,0.0,0.0,6.973,1.3135936260223389,0.9784114956855774,-52.42,0,1,180,1.752,-0.668,0.9654,0.3036,-0.2004,0.2896,0.1214,0.2107,0.4772
54.701,1,RETURN_HOME,-5.6781,4.1058,-2.0038,-0.9886,-0.0888,-0.6562,-0.8886,-0.1888,0.9084,0.0,0.0,7.0071,1.3131647109985352,0.9774269461631775,-49.92,0,1,180,1.729,-0.6709,0.9691,0.3028,-0.2013,0.2907,0.1211,0.2106,0.4799
54.751,1,RETURN_HOME,-5.7124,4.1058,-2.0034,-0.9873,-0.0874,-0.6527,-0.9873,-0.1874,1.005,0.0,0.0,7.0349,1.3168754577636719,0.9757823944091797,-53.67,0,1,180,1.866,-0.6889,1.0,0.335,-0.2067,0.3,0.134,0.2273,0.5104
54.801,1,RETURN_HOME,-5.7473,4.1053,-2.0032,-0.9842,-0.0881,-0.6492,-0.8842,-0.1881,0.904,0.0,0.0,7.0629,1.3186345100402832,0.9711331725120544,-53.67,0,1,180,1.683,-0.675,0.9841,0.3013,-0.2025,0.2952,0.1205,0.2133,0.4948
54.851,1,RETURN_HOME,-5.7897,4.1022,-2.0008,-0.9789,-0.0921,-0.6451,-0.8789,-0.1921,0.8996,0.0,0.0,7.0957,1.3190470933914185,0.9701312780380249,-53.67,0,1,180,1.783,-0.6737,0.9963,0.2999,-0.2021,0.2989,0.12,0.2167,0.4958
54.901,1,RETURN_HOME,-5.8254,4.0985,-1.9983,-0.9755,-0.0971,-0.6417,-0.8755,-0.1971,0.8974,0.0,0.0,7.1227,1.3169453144073486,0.9680219292640686,-55.18,0,1,180,1.774,-0.6715,0.9864,0.2991,-0.2014,0.2959,0.1197,0.2141,0.4908
54.951,1,RETURN_HOME,-5.8613,4.0946,-1.9961,-0.9714,-0.1032,-0.6385,-0.8714,-0.2032,0.8947,0.0,0.0,7.1499,1.3173748254776,0.9627631306648254,-52.42,0,1,180,1.94,-0.6683,1.0,0.2982,-0.2005,0.3,0.1193,0.2188,0.4986
55.001,1,RETURN_HOME,-5.9032,4.0922,-1.9952,-0.9649,-0.1106,-0.6348,-0.8649,-0.2106,0.8901,0.0,0.0,7.1829,1.3177366256713867,0.9608045220375061,-52.17,0,1,180,1.645,-0.6637,0.9874,0.2967,-0.1991,0.2962,0.1187,0.2158,0.4881
55.051,1,RETURN_HOME,-5.9452,4.0896,-1.9949,-0.9576,-0.118,-0.6311,-0.8576,-0.218,0.8848,0.0,0.0,7.2159,1.3176441192626953,0.9588266015052795,-55.18,0,1,180,1.765,-0.6589,0.9816,0.2949,-0.1977,0.2945,0.118,0.2148,0.4905
55.101,1,RETURN_HOME,-5.9803,4.0867,-1.9947,-0.9513,-0.1241,-0.6281,-0.8513,-0.2241,0.8803,0.0,0.0,7.2433,1.3165314197540283,0.9534790515899658,-55.43,0,1,180,1.625,-0.6548,0.9867,0.2934,-0.1964,0.296,0.1174,0.2169,0.4947
55.151,1,RETURN_HOME,-6.0206,4.0831,-1.9958,-0.9468,-0.1301,-0.6251,-0.8468,-0.2301,0.8775,0.0,0.0,7.2746,1.313791275024414,0.9500975608825684,-52.42,0,1,180,1.723,-0.6515,0.9898,0.2925,-0.1955,0.2969,0.117,0.2185,0.4946
55.201,1,RETURN_HOME,-6.0684,4.0782,-1.997,-0.9413,-0.1371,-0.6216,-0.8413,-0.2371,0.8741,0.0,0.0,7.3115,1.3142186403274536,0.9470723867416382,-50.67,0,1,180,1.673,-0.6476,0.9935,0.2914,-0.1943,0.2981,0.1165,0.2203,0.4947
55.251,1,RETURN_HOME,-6.1078,4.0737,-1.998,-0.9365,-0.1428,-0.6187,-0.8365,-0.2428,0.8711,0.0,0.0,7.3417,1.3131530284881592,0.9389894008636475,-53.92,0,1,180,1.792,-0.6443,0.9932,0.2904,-0.1933,0.298,0.1161,0.2208,0.4924
55.301,1,RETURN_HOME,-6.1465,4.0683,-2.0041,-0.9314,-0.1484,-0.6157,-0.8314,-0.2484,0.8677,0.0,0.0,7.371,1.3088933229446411,0.9359217286109924,-54.68,0,1,180,1.652,-0.641,1.0,0.2892,-0.1923,0.3,0.1157,0.2234,0.4914
55.352,1,RETURN_HOME,-6.2002,4.0603,-2.0115,-0.9241,-0.1563,-0.6116,-0.8241,-0.2563,0.8631,0.0,0.0,7.4113,1.3069734573364258,0.9325663447380066,-56.43,0,1,180,1.717,-0.6362,1.0,0.2877,-0.1908,0.3,0.1151,0.2242,0.4822
55.401,1,RETURN_HOME,-6.231,4.0555,-2.015,-0.9201,-0.1609,-0.6092,-0.8201,-0.2609,0.8606,0.0,0.0,7.4346,1.3010746240615845,0.9244933128356934,-55.18,0,1,180,1.577,-0.6333,0.996,0.2869,-0.19,0.2988,0.1147,0.2235,0.4304
55.451,1,RETURN_HOME,-6.279,4.0483,-2.0188,-0.9149,-0.1681,-0.6056,-0.8149,-0.2681,0.8578,0.0,0.0,7.4709,1.298526644706726,0.9197293519973755,-53.92,0,1,180,1.648,-0.629,0.9947,0.2859,-0.1887,0.2984,0.1144,0.2241,0.4145
55.501,1,RETURN_HOME,-6.3261,4.0406,-2.0218,-0.9094,-0.1755,-0.602,-0.8094,-0.2755,0.855,0.0,0.0,7.5064,1.295517921447754,0.9163001775741577,-56.43,0,1,180,1.692,-0.6244,0.9976,0.285,-0.1873,0.2993,0.114,0.226,0.3987
55.551,1,RETURN_HOME,-6.3651,4.0346,-2.0242,-0.9048,-0.1814,-0.599,-0.7048,-0.3814,0.8014,0.0,0.0,7.5361,1.2894142866134644,0.9068398475646973,-52.67,0,1,180,1.758,-0.488,0.8654,0.2671,-0.1464,0.2596,0.1068,0.2201,0.4345
55.601,1,RETURN_HOME,-6.4117,4.0281,-2.0271,-0.8994,-0.188,-0.5953,-0.6994,-0.388,0.7998,0.0,0.0,7.572,1.285595178604126,0.9012795686721802,-55.43,0,1,180,1.522,-0.4824,0.8708,0.2666,-0.1447,0.2612,0.1066,0.2232,0.4368
55.651,1,RETURN_HOME,-6.4575,4.0209,-2.0295,-0.8934,-0.1949,-0.5915,-0.6934,-0.3949,0.798,0.0,0.0,7.6071,1.2827178239822388,0.8959943652153015,-55.93,0,1,180,1.688,-0.4761,0.8742,0.266,-0.1428,0.2622,0.1064,0.2258,0.438
55.701,1,RETURN_HOME,-6.495,4.0144,-2.0321,-0.8858,-0.203,-0.5882,-0.6858,-0.403,0.7954,0.0,0.0,7.6355,1.2728347778320312,0.8859999179840088,-56.43,0,1,180,1.726,-0.4671,0.8938,0.2651,-0.1401,0.2681,0.1061,0.2341,0.4467
55.751,1,RETURN_HOME,-6.5392,4.0058,-2.0353,-0.8743,-0.2149,-0.5843,-0.6743,-0.4149,0.7917,0.0,0.0,7.6686,1.266972303390503,0.8806409239768982,-56.43,0,1,180,1.714,-0.4526,0.8942,0.2639,-0.1358,0.2682,0.1056,0.238,0.4465
55.801,1,RETURN_HOME,-6.5754,3.9981,-2.0374,-0.8635,-0.2262,-0.581,-0.6635,-0.4262,0.7886,0.0,0.0,7.6954,1.2650870084762573,0.8759892582893372,-53.92,0,1,180,1.874,-0.4381,0.922,0.2629,-0.1314,0.2766,0.1051,0.2503,0.4594
55.851,1,RETURN_HOME,-6.6132,3.9877,-2.0358,-0.8531,-0.239,-0.5778,-0.6531,-0.439,0.7869,0.0,0.0,7.7224,1.2521337270736694,0.8665550351142883,-51.17,0,1,180,1.634,-0.4226,0.9383,0.2623,-0.1268,0.2815,0.1049,0.2596,0.4664
55.901,1,RETURN_HOME,-6.6581,3.9741,-2.0329,-0.8403,-0.2551,-0.5739,-0.6403,-0.4551,0.7856,0.0,0.0,7.754,1.245172381401062,0.8629938960075378,-49.67,0,1,180,1.586,-0.403,0.9365,0.2619,-0.1209,0.281,0.1047,0.2648,0.4652
55.951,1,RETURN_HOME,-6.7018,3.9599,-2.03,-0.8272,-0.2712,-0.57,-0.6272,-0.4712,0.7845,0.0,0.0,7.7843,1.2397329807281494,0.8606865406036377,-47.67,0,1,180,1.605,-0.3828,0.937,0.2615,-0.1148,0.2811,0.1046,0.2708,0.4653
56.001,1,RETURN_HOME,-6.738,3.9467,-2.0307,-0.8161,-0.2847,-0.5667,-0.6161,-0.4847,0.784,0.0,0.0,7.8088,1.223738670349121,0.8558905720710754,-44.42,0,1,180,1.562,-0.3656,0.9762,0.2613,-0.1097,0.2929,0.1045,0.2877,0.4823
56.051,1,RETURN_HOME,-6.7733,3.9332,-2.0311,-0.805,-0.2981,-0.5634,-0.605,-0.4981,0.7836,0.0,0.0,7.8324,1.2168059349060059,0.853421151638031,-42.66,0,1,180,1.665,-0.3484,0.9773,0.2612,-0.1045,0.2932,0.1045,0.2932,0.4834
56.101,1,RETURN_HOME,-6.8145,3.9166,-2.0313,-0.7914,-0.3138,-0.5593,-0.5914,-0.5138,0.7834,0.0,0.0,7.8599,1.2096518278121948,0.8537551760673523,-41.16,0,1,180,1.532,-0.3277,0.9788,0.2611,-0.0983,0.2936,0.1045,0.2998,0.4844
56.151,1,RETURN_HOME,-6.8413,3.9053,-2.0309,-0.7822,-0.3242,-0.5565,-0.5822,-0.5242,0.7834,0.0,0.0,7.8775,1.198001742362976,0.8535071015357971,-39.16,0,1,180,1.812,-0.3137,0.9798,0.2611,-0.0941,0.2939,0.1045,0.3043,0.4857
56.201,1,RETURN_HOME,-6.8807,3.8879,-2.0303,-0.7683,-0.3396,-0.5523,-0.5683,-0.5396,0.7837,0.0,0.0,7.9031,1.1782971620559692,0.8562837243080139,-35.91,0,1,180,1.532,-0.2926,1.0,0.2612,-0.0878,0.3,0.1045,0.3167,0.5087
56.251,1,RETURN_HOME,-6.9187,3.8707,-2.0299,-0.754,-0.3547,-0.5481,-0.554,-0.5547,0.784,0.0,0.0,7.9278,1.1703675985336304,0.8563769459724426,-34.16,0,1,180,1.704,-0.2713,1.0,0.2613,-0.0814,0.3,0.1045,0.3232,0.5124
56.301,1,RETURN_HOME,-6.9483,3.859,-2.0309,-0.7415,-0.366,-0.5444,-0.5415,-0.566,0.7833,0.0,0.0,7.948,1.1467727422714233,0.8615272641181946,-30.65,0,1,180,1.572,-0.2534,1.0,0.2611,-0.076,0.3,0.1044,0.3284,0.526
56.351,1,RETURN_HOME,-6.9832,3.844,-2.0318,-0.7264,-0.3797,-0.54,-0.5264,-0.5797,0.7831,0.0,0.0,7.9712,1.1337491273880005,0.8623643517494202,-29.15,0,1,180,1.762,-0.2319,1.0,0.261,-0.0696,0.3,0.1044,0.3348,0.5306
56.401,1,RETURN_HOME,-7.0197,3.8281,-2.0316,-0.7124,-0.3939,-0.5356,-0.5124,-0.5939,0.7844,0.0,0.0,7.9956,1.1229867935180664,0.8691980242729187,-27.4,0,1,180,1.588,-0.2109,1.0,0.2615,-0.0633,0.3,0.1046,0.3413,0.5348
56.451,1,RETURN_HOME,-7.053,3.8144,-2.0301,-0.702,-0.4061,-0.532,-0.502,-0.6061,0.787,0.0,0.0,8.0184,1.0929114818572998,0.8760242462158203,-23.9,0,1,180,1.696,-0.1947,1.0,0.2623,-0.0584,0.3,0.1049,0.3465,0.5492
56.501,1,RETURN_HOME,-7.0853,3.8,-2.0285,-0.6915,-0.4185,-0.5284,-0.4915,-0.6185,0.79,0.0,0.0,8.04,1.0807843208312988,0.8798850774765015,-22.65,0,1,180,1.694,-0.1783,1.0,0.2633,-0.0535,0.3,0.1053,0.3519,0.5543
56.551,1,RETURN_HOME,-7.1226,3.782,-2.0288,-0.6782,-0.4334,-0.5241,-0.4782,-0.6334,0.7936,0.0,0.0,8.0644,1.0668362379074097,0.8822576403617859,-21.14,0,1,180,1.63,-0.1579,1.0,0.2645,-0.0474,0.3,0.1058,0.3585,0.5575
56.602,1,RETURN_HOME,-7.1525,3.7664,-2.0305,-0.6665,-0.4459,-0.5205,-0.4665,-0.6459,0.7967,0.0,0.0,8.0836,1.047516107559204,0.8893188834190369,-19.64,0,1,180,1.867,-0.1404,1.0,0.2656,-0.0421,0.3,0.1062,0.3641,0.5657
56.651,1,RETURN_HOME,-7.1816,3.75,-2.0318,-0.6547,-0.4585,-0.5169,-0.4547,-0.6585,0.8002,0.0,0.0,8.1017,1.0143967866897583,0.8998045325279236,-16.89,0,1,180,1.701,-0.1228,1.0,0.2667,-0.0368,0.3,0.1067,0.3699,0.5816
56.701,1,RETURN_HOME,-7.2148,3.7301,-2.0339,-0.6399,-0.4734,-0.5125,-0.4399,-0.6734,0.8043,0.0,0.0,8.1221,0.9994947910308838,0.9044046998023987,-15.39,0,1,180,1.631,-0.1014,1.0,0.2681,-0.0304,0.3,0.1072,0.3768,0.5889
56.751,1,RETURN_HOME,-7.2413,3.7133,-2.0358,-0.6274,-0.4856,-0.5089,-0.4274,-0.6856,0.8079,0.0,0.0,8.1379,0.960778534412384,0.9163596630096436,-12.39,0,1,180,1.819,-0.0835,1.0,0.2693,-0.025,0.3,0.1077,0.3827,0.6082
56.801,1,RETURN_HOME,-7.2722,3.692,-2.0376,-0.6123,-0.5004,-0.5044,-0.4123,-0.7004,0.8127,0.0,0.0,8.1557,0.9406976699829102,0.9230239987373352,-10.89,0,1,180,1.686,-0.0622,1.0,0.2709,-0.0187,0.3,0.1084,0.3897,0.6179
56.851,1,RETURN_HOME,-7.3034,3.6695,-2.036,-0.5975,-0.5151,-0.4997,-0.3975,-0.7151,0.8182,0.0,0.0,8.1735,0.9311298131942749,0.9311298131942749,-9.63,0,1,180,1.778,-0.0418,1.0,0.2727,-0.0125,0.3,0.1091,0.3966,0.627
56.901,1,RETURN_HOME,-7.3291,3.65,-2.0336,-0.5852,-0.5275,-0.4957,-0.3852,-0.7275,0.8232,0.0,0.0,8.1877,0.9377949833869934,0.9377949833869934,-8.38,0,1,180,1.738,-0.0249,1.0,0.2744,-0.0075,0.3,0.1098,0.4023,0.6345
56.952,1,RETURN_HOME,-7.354,3.6298,-2.0312,-0.5729,-0.5401,-0.4919,-0.3729,-0.7401,0.8287,0.0,0.0,8.201,0.9520995616912842,0.9520995616912842,-5.63,0,1,180,1.852,-0.0082,1.0,0.2762,-0.0025,0.3,0.1105,0.408,0.6477
57.001,1,RETURN_HOME,-7.3772,3.6049,-2.0285,-0.5556,-0.5554,-0.4876,-0.3556,-0.7554,0.8349,0.0,0.0,8.2109,0.9586035013198853,0.9586035013198853,-4.38,0,1,180,1.788,0.0145,1.0,0.2783,0.0044,0.3,0.1113,0.4157,0.6529
57.052,1,RETURN_HOME,-7.3954,3.5835,-2.0263,-0.541,-0.5684,-0.4841,-0.341,-0.7684,0.8406,0.0,0.0,8.2178,0.9658495187759399,0.9658495187759399,-3.13,0,1,180,1.81,0.0336,1.0,0.2802,0.0101,0.3,0.1121,0.4222,0.6602
57.101,1,RETURN_HOME,-7.417,3.5569,-2.0239,-0.5237,-0.5841,-0.48,-0.3237,-0.7841,0.8483,0.0,0.0,8.2257,0.9784733057022095,0.9784733057022095,-0.63,0,1,180,1.71,0.0556,1.0,0.2828,0.0167,0.3,0.1131,0.4298,0.6846
57.152,1,RETURN_HOME,-7.438,3.5337,-2.019,-0.5114,-0.5975,-0.4768,-0.3114,-0.7975,0.8561,0.0,0.0,8.2348,0.9901434779167175,0.9901434779167175,0.63,0,1,180,1.891,0.0712,1.0,0.2854,0.0213,0.3,0.1142,0.4355,0.6901
57.201,1,RETURN_HOME,-7.4626,3.5051,-2.0138,-0.4967,-0.6137,-0.4731,-0.2967,-0.8137,0.8661,0.0,0.0,8.2448,0.9974027276039124,0.9974027276039124,2.13,0,1,180,1.7,0.0894,1.0,0.2887,0.0268,0.3,0.1155,0.4423,0.6993
57.251,1,RETURN_HOME,-7.4826,3.4808,-2.0103,-0.4842,-0.6273,-0.4701,-0.2842,-0.8273,0.8747,0.0,0.0,8.2526,1.0141446590423584,1.0141446590423584,4.38,0,1,180,1.744,0.1043,1.0,0.2916,0.0313,0.3,0.1166,0.4479,0.7183
57.301,1,RETURN_HOME,-7.5066,3.4519,-2.0074,-0.4694,-0.6432,-0.4663,-0.2694,-0.8432,0.8852,0.0,0.0,8.2622,1.0223098993301392,1.0223098993301392,5.38,0,1,180,1.486,0.1215,1.0,0.2951,0.0364,0.3,0.118,0.4545,0.7322
57.351,1,RETURN_HOME,-7.5258,3.427,-2.0054,-0.4567,-0.6567,-0.463,-0.2567,-0.8567,0.8943,0.0,0.0,8.2694,1.031101942062378,1.031101942062378,6.63,0,1,180,1.676,0.1357,1.0,0.2981,0.0407,0.3,0.1192,0.46,0.7395
57.401,1,RETURN_HOME,-7.5453,3.4011,-2.0043,-0.4443,-0.6703,-0.4597,-0.2443,-0.8703,0.9039,0.0,0.0,8.2764,1.0467430353164673,1.0467430353164673,9.13,0,1,180,1.532,0.1493,1.0,0.3013,0.0448,0.3,0.1205,0.4653,0.7585
57.451,1,RETURN_HOME,-7.5714,3.3681,-2.0056,-0.4305,-0.687,-0.4557,-0.2305,-0.887,0.9165,0.0,0.0,8.2867,1.0593383312225342,1.0553714036941528,10.38,0,1,180,1.672,0.1636,1.0,0.3055,0.0491,0.3,0.1222,0.4713,0.7675
57.501,1,RETURN_HOME,-7.5961,3.3343,-2.0069,-0.4162,-0.7039,-0.4515,-0.2162,-0.9039,0.9294,0.0,0.0,8.2957,1.0740998983383179,1.0646597146987915,11.64,0,1,180,1.767,0.1779,1.0,0.3098,0.0534,0.3,0.1239,0.4773,0.7827
57.551,1,RETURN_HOME,-7.6164,3.306,-2.0081,-0.4042,-0.7176,-0.448,-0.2042,-0.9176,0.9401,0.0,0.0,8.303,1.1011502742767334,1.0840122699737549,13.64,0,1,180,1.702,0.1894,1.0,0.3134,0.0568,0.3,0.1253,0.4822,0.802
57.601,1,RETURN_HOME,-7.6407,3.2723,-2.0095,-0.3898,-0.7337,-0.4436,-0.1898,-0.9337,0.9528,0.0,0.0,8.312,1.1160492897033691,1.0913830995559692,14.89,0,1,180,1.689,0.2027,1.0,0.3176,0.0608,0.3,0.127,0.4879,0.811
57.651,1,RETURN_HOME,-7.6599,3.2434,-2.0105,-0.3775,-0.7472,-0.4402,-0.1775,-0.9472,0.9637,0.0,0.0,8.3183,1.130358099937439,1.10331392288208,15.89,0,1,180,1.662,0.2136,1.0,0.3212,0.0641,0.3,0.1285,0.4926,0.8243
57.701,1,RETURN_HOME,-7.6773,3.2134,-2.007,-0.3649,-0.7612,-0.437,-0.1649,-0.9612,0.9752,0.0,0.0,8.3227,1.1546909809112549,1.1212102174758911,17.89,0,1,180,1.657,0.2246,1.0,0.3251,0.0674,0.3,0.13,0.4974,0.8461
57.752,1,RETURN_HOME,-7.6966,3.1762,-2.0001,-0.3492,-0.7783,-0.4329,-0.1492,-0.9783,0.9896,0.0,0.0,8.3262,1.166180968284607,1.131257176399231,19.14,0,1,180,1.732,0.2377,1.0,0.3299,0.0713,0.3,0.1319,0.5033,0.8538
57.801,1,RETURN_HOME,-7.7147,3.1381,-1.9943,-0.3333,-0.7956,-0.4287,-0.1333,-0.9956,1.0045,0.0,0.0,8.3286,12.322266578674316,1.1404902935028076,20.64,0,1,180,1.701,0.2506,1.0,0.3348,0.0752,0.3,0.1339,0.5091,0.8658
57.851,1,RETURN_HOME,-7.7298,3.106,-1.9934,-0.3199,-0.81,-0.425,-0.1199,-1.01,1.0171,0.0,0.0,8.3305,12.342679977416992,1.1599431037902832,21.9,0,1,180,1.764,0.2608,1.0,0.339,0.0782,0.3,0.1356,0.5139,0.8855
57.901,1,RETURN_HOME,-7.747,3.0667,-1.9936,-0.3039,-0.8273,-0.4205,-0.1039,-1.0273,1.0326,0.0,0.0,8.3319,12.355113983154297,1.1697165966033936,23.65,0,1,180,1.587,0.2727,1.0,0.3442,0.0818,0.3,0.1377,0.5195,0.8945
57.951,1,RETURN_HOME,-7.7605,3.0332,-1.9939,-0.2903,-0.8419,-0.4168,-0.0903,-1.0419,1.0458,0.0,0.0,8.3323,12.367843627929688,1.1816636323928833,23.9,0,1,180,1.769,0.2822,1.0,0.3486,0.0847,0.3,0.1394,0.5241,0.904
58.001,1,RETURN_HOME,-7.7738,2.9988,-1.9953,-0.277,-0.8567,-0.4133,-0.077,-1.0567,1.0595,0.0,0.0,8.3322,12.386994361877441,1.201303482055664,24.15,0,1,180,1.719,0.2912,1.0,0.3532,0.0873,0.3,0.1413,0.5286,0.9232
58.051,1,RETURN_HOME,-7.7889,2.9565,-1.9971,-0.2608,-0.8746,-0.4091,-0.0608,-1.0746,1.0763,0.0,0.0,8.3311,12.39963150024414,1.2099807262420654,25.4,0,1,180,1.693,0.3015,1.0,0.3588,0.0904,0.3,0.1435,0.534,0.9312
58.102,1,RETURN_HOME,-7.8005,2.9208,-1.9985,-0.2472,-0.8895,-0.4052,-0.0472,-1.0895,1.0905,0.0,0.0,8.3294,12.412881851196289,1.2196003198623657,22.4,0,1,180,1.97,0.3098,1.0,0.3635,0.0929,0.3,0.1454,0.5383,0.9444
58.151,1,RETURN_HOME,-7.8074,2.8833,-2.0013,-0.2317,-0.9049,-0.4013,-0.0317,-1.1049,1.1054,0.0,0.0,8.3228,12.436984062194824,1.237432599067688,24.4,0,1,180,1.616,0.3194,1.0,0.3685,0.0958,0.3,0.1474,0.5432,0.9628
58.201,1,RETURN_HOME,-7.8152,2.8377,-2.0043,-0.2134,-0.9232,-0.3964,-0.0134,-1.1232,1.1233,0.0,0.0,8.3144,12.451513290405273,1.245792031288147,24.9,0,1,180,1.669,0.3301,1.0,0.3744,0.099,0.3,0.1498,0.5488,0.9747
58.251,1,RETURN_HOME,-7.8226,2.792,-2.0052,-0.1954,-0.9411,-0.3914,0.0046,-1.1411,1.1411,0.0,0.0,8.3059,12.4668550491333,1.2543582916259766,24.9,0,1,180,1.668,0.3399,1.0,0.3804,0.102,0.3,0.1521,0.5541,0.9873
58.301,1,RETURN_HOME,-7.8289,2.7551,-1.9998,-0.181,-0.9551,-0.3873,0.019,-1.1551,1.1552,0.0,0.0,8.2995,12.493471145629883,1.2717562913894653,26.9,0,1,180,1.647,0.3474,1.0,0.3851,0.1042,0.3,0.154,0.5583,1.0074
58.351,1,RETURN_HOME,-7.8359,2.7099,-1.994,-0.1637,-0.972,-0.3822,0.0363,-1.172,1.1726,0.0,0.0,8.2912,12.508522987365723,1.2780159711837769,27.65,0,1,180,1.958,0.3559,1.0,0.3909,0.1068,0.3,0.1563,0.5631,1.0216
58.401,1,RETURN_HOME,-7.8396,2.671,-1.9907,-0.1486,-0.9868,-0.3778,0.0514,-1.1868,1.188,0.0,0.0,8.2822,12.526023864746094,1.2910963296890259,28.9,0,1,180,1.591,0.3631,1.0,0.396,0.1089,0.3,0.1584,0.5673,1.0376
58.451,1,RETURN_HOME,-7.8409,2.6307,-1.9888,-0.1327,-1.0024,-0.3734,0.0673,-1.2024,1.2043,0.0,0.0,8.2705,12.540982246398926,1.300281286239624,30.15,0,1,180,1.763,0.3706,1.0,0.4014,0.1112,0.3,0.1606,0.5718,1.0459
58.501,1,RETURN_HOME,-7.8422,2.5816,-1.9872,-0.1136,-1.0211,-0.3676,0.0864,-1.2211,1.2241,0.0,0.0,8.2562,12.57460880279541,1.31849205493927,32.15,0,1,180,1.694,0.379,1.0,0.408,0.1137,0.3,0.1632,0.5769,1.078
58.552,1,RETURN_HOME,-7.8417,2.5397,-1.987,-0.0973,-1.0368,-0.3627,0.1027,-1.2368,1.241,0.0,0.0,8.2427,12.592473030090332,1.3313802480697632,33.16,0,1,180,2.172,0.3857,1.0,0.4137,0.1157,0.3,0.1655,0.5812,1.0975
58.602,1,RETURN_HOME,-7.8393,2.4966,-1.9882,-0.0807,-1.0525,-0.3578,0.1193,-1.2525,1.2581,0.0,0.0,8.2272,12.609737396240234,1.3422282934188843,34.41,0,1,180,1.985,0.3924,1.0,0.4194,0.1177,0.3,0.1678,0.5855,1.1016
58.651,1,RETURN_HOME,-7.8359,2.4356,-1.9899,-0.0578,-1.0743,-0.3509,0.1422,-1.2743,1.2822,0.0,0.0,8.2057,12.644064903259277,1.364188551902771,36.41,0,1,180,1.703,0.4009,1.0,0.4274,0.1203,0.3,0.171,0.5912,1.141
58.701,1,RETURN_HOME,-7.8331,2.3915,-1.9913,-0.0417,-1.0896,-0.346,0.1583,-1.2896,1.2993,0.0,0.0,8.19,12.664383888244629,1.379616141319275,37.66,0,1,180,1.621,0.4064,1.0,0.4331,0.1219,0.3,0.1732,0.5951,1.1558
58.752,1,RETURN_HOME,-7.83,2.3469,-1.9929,-0.0257,-1.1047,-0.3411,0.1743,-1.3047,1.3163,0.0,0.0,8.1741,12.679710388183594,1.3913992643356323,38.66,0,1,180,2.03,0.4114,1.0,0.4388,0.1234,0.3,0.1755,0.5989,1.1701
58.801,1,RETURN_HOME,-7.8267,2.3017,-1.9943,-0.0098,-1.1198,-0.3362,0.1902,-1.3198,1.3335,0.0,0.0,8.1582,12.714238166809082,1.4160085916519165,40.66,0,1,180,1.686,0.4161,1.0,0.4445,0.1248,0.3,0.1778,0.6026,1.2155
58.852,1,RETURN_HOME,-7.825,2.2476,-1.9982,0.0084,-1.1376,-0.3303,0.2084,-1.3376,1.3538,0.0,0.0,8.1414,12.732293128967285,1.4347054958343506,41.91,0,1,180,2.034,0.4207,1.0,0.4513,0.1262,0.3,0.1805,0.6067,1.2236
58.901,1,RETURN_HOME,-7.8241,2.202,-2.0019,0.0231,-1.1524,-0.3257,0.2231,-1.3524,1.3706,0.0,0.0,8.1281,12.749628067016602,1.449128270149231,42.91,0,1,180,1.811,0.424,1.0,0.4569,0.1272,0.3,0.1828,0.6099,1.2508
58.951,1,RETURN_HOME,-7.8223,2.1465,-2.0058,0.0406,-1.1701,-0.3203,0.2406,-1.3701,1.3911,0.0,0.0,8.1114,12.783023834228516,1.478749394416809,44.92,0,1,180,1.763,0.4274,1.0,0.4637,0.1282,0.3,0.1855,0.6137,1.2809
59.001,1,RETURN_HOME,-7.8202,2.0983,-2.0067,0.0552,-1.1859,-0.3158,0.2552,-1.3859,1.4092,0.0,0.0,8.0969,12.804033279418945,1.4959361553192139,45.92,0,1,180,1.76,0.4298,1.0,0.4697,0.1289,0.3,0.1879,0.6168,1.3128
59.051,1,RETURN_HOME,-7.8171,2.0395,-2.0071,0.0728,-1.2051,-0.3102,0.2728,-1.4051,1.4313,0.0,0.0,8.0787,12.819527626037598,1.5124911069869995,46.92,0,1,180,1.798,0.4322,1.0,0.4771,0.1297,0.3,0.1908,0.6205,1.3446
59.101,1,RETURN_HOME,-7.8138,1.9898,-2.0073,0.0876,-1.2211,-0.3052,0.2876,-1.4211,1.4499,0.0,0.0,8.0632,12.8519868850708,1.546586513519287,48.92,0,1,180,1.84,0.4341,1.0,0.4833,0.1302,0.3,0.1933,0.6236,1.3793
59.151,1,RETURN_HOME,-7.8105,1.9305,-2.006,0.1046,-1.24,-0.2992,0.3046,-1.44,1.4719,0.0,0.0,8.0455,12.874151229858398,1.5686671733856201,49.92,0,1,180,1.787,0.4357,1.0,0.4906,0.1307,0.3,0.1962,0.6269,1.3468
59.201,1,RETURN_HOME,-7.8072,1.8805,-2.0048,0.1189,-1.2558,-0.2942,0.3189,-1.4558,1.4903,0.0,0.0,8.0305,12.891554832458496,1.5857685804367065,50.92,0,1,180,1.512,0.4368,1.0,0.4968,0.131,0.3,0.1987,0.6297,1.2583
59.251,1,RETURN_HOME,-7.8024,1.8199,-2.0032,0.1361,-1.2745,-0.288,0.3361,-1.3745,1.415,0.0,0.0,8.0119,12.927501678466797,1.6276570558547974,52.92,0,1,180,1.594,0.452,1.0,0.4717,0.1356,0.3,0.1887,0.6243,1.4265
59.301,1,RETURN_HOME,-7.7981,1.7693,-2.0002,0.1505,-1.2898,-0.2827,0.3505,-1.3898,1.4333,0.0,0.0,7.9963,12.95208740234375,1.6517435312271118,53.92,0,1,180,1.76,0.4531,1.0,0.4778,0.1359,0.3,0.1911,0.627,1.3388
59.351,1,RETURN_HOME,-7.7919,1.7078,-1.9971,0.1681,-1.3084,-0.2764,0.3681,-1.4,1.4476,0.0,0.0,7.9769,12.976028442382812,1.6687681674957275,54.68,0,1,180,1.679,0.4555,1.0,0.4825,0.1366,0.3,0.193,0.6296,1.2655
59.401,1,RETURN_HOME,-7.7872,1.6662,-1.9953,0.18,-1.3197,-0.2721,0.38,-1.4,1.4507,0.0,0.0,7.9635,12.996023178100586,1.6961497068405151,55.68,0,1,180,1.606,0.4581,1.0,0.4836,0.1374,0.3,0.1934,0.6308,1.2249
59.451,1,RETURN_HOME,-7.7764,1.6049,-1.9937,0.1987,-1.3342,-0.2655,0.3987,-1.4,1.4557,0.0,0.0,7.9403,13.037820816040039,1.7410836219787598,57.43,0,1,180,1.692,0.4626,1.0,0.4852,0.1388,0.3,0.1941,0.6329,1.1411
59.501,1,RETURN_HOME,-7.767,1.553,-1.9927,0.2144,-1.3447,-0.26,0.4144,-1.4,1.46,0.0,0.0,7.9207,13.057973861694336,1.7627662420272827,58.18,0,1,180,1.608,0.4663,1.0,0.4867,0.1399,0.3,0.1947,0.6346,1.0982
59.551,1,RETURN_HOME,-7.7573,1.5005,-1.9931,0.23,-1.354,-0.2544,0.43,-1.3,1.3693,0.0,0.0,7.9011,13.081940650939941,1.7920324802398682,59.18,0,1,180,1.719,0.4886,1.0,0.4564,0.1466,0.3,0.1826,0.6292,1.3532
59.601,1,RETURN_HOME,-7.7462,1.4371,-1.9992,0.2482,-1.364,-0.2476,0.4482,-1.1,1.1878,0.0,0.0,7.8783,13.135533332824707,1.8406716585159302,60.68,0,1,180,1.624,0.5399,1.0,0.4276,0.162,0.3,0.171,0.633,1.5819
59.651,1,RETURN_HOME,-7.7362,1.3836,-2.0038,0.2634,-1.3717,-0.2421,0.4634,-1.1,1.1936,0.0,0.0,7.859,13.167980194091797,1.8680166006088257,61.43,0,1,180,1.745,0.5444,1.0,0.4332,0.1633,0.3,0.1733,0.6366,1.5957
59.701,1,RETURN_HOME,-7.7252,1.3296,-2.0078,0.2787,-1.378,-0.2368,0.4787,-1.1,1.1996,0.0,0.0,7.8388,13.198726654052734,1.894426941871643,62.18,0,1,180,1.533,0.5488,1.0,0.4389,0.1646,0.3,0.1756,0.6402,1.6105
59.751,1,RETURN_HOME,-7.709,1.2639,-2.0124,0.2976,-1.3792,-0.2305,0.4976,-1.1,1.2073,0.0,0.0,7.812,13.25886344909668,1.940403699874878,-135.0,0,1,180,1.885,0.5541,1.0,0.446,0.1662,0.3,0.1784,0.6446,1.6436
59.801,1,RETURN_HOME,-7.6951,1.2092,-2.0157,0.3132,-1.3743,-0.225,0.5132,-1.1,1.2138,0.0,0.0,7.7896,13.282788276672363,1.9533308744430542,-135.0,0,1,180,1.691,0.5583,1.0,0.4518,0.1675,0.3,0.1807,0.6482,1.6519
59.851,1,RETURN_HOME,-7.6777,1.1443,-2.0172,0.3319,-1.3626,-0.2179,0.5319,-1.1,1.2218,0.0,0.0,7.7625,13.319307327270508,1.9700604677200317,-135.0,0,1,180,1.776,0.5633,1.0,0.4588,0.169,0.3,0.1835,0.6525,1.6051
59.901,1,RETURN_HOME,-7.6591,1.0806,-2.015,0.3505,-1.3467,-0.2104,0.5505,-1.1,1.2301,0.0,0.0,7.735,13.417539596557617,2.008157730102539,-135.0,0,1,180,1.604,0.5681,1.0,0.4659,0.1704,0.3,0.1864,0.6568,1.5217
59.951,1,RETURN_HOME,-7.6432,1.028,-2.0133,0.3662,-1.3324,-0.2039,0.5662,-1.1,1.2372,0.0,0.0,7.7121,13.474762916564941,2.0237691402435303,-135.0,0,1,180,1.698,0.5721,1.0,0.4719,0.1716,0.3,0.1887,0.6604,1.4793
60.001,1,RETURN_HOME,-7.6283,0.977,-2.0098,0.3814,-1.3177,-0.1973,0.5814,-1.1,1.2442,0.0,0.0,7.6906,13.54037857055664,2.044043779373169,-135.0,0,1,180,1.696,0.5758,1.0,0.4776,0.1727,0.3,0.191,0.6638,1.4367
60.051,1,RETURN_HOME,-7.6135,0.927,-2.0054,0.3965,-1.3035,-0.1905,0.5965,-1.1,1.2513,0.0,0.0,7.6697,13.611130714416504,2.064788341522217,-135.0,0,1,180,1.8,0.5794,1.0,0.4834,0.1738,0.3,0.1933,0.6672,1.3928
60.101,1,RETURN_HOME,-7.5949,0.8673,-2.0008,0.4149,-1.2883,-0.1823,0.6149,-1.0883,1.25,0.0,0.0,7.6443,13.781885147094727,2.110708475112915,-135.0,0,1,180,1.764,0.5875,1.0,0.4896,0.1763,0.3,0.1958,0.6721,1.3464
60.151,1,RETURN_HOME,-7.58,0.8169,-1.9976,0.4301,-1.2778,-0.1755,0.6301,-1.0778,1.2484,0.0,0.0,7.6239,13.873382568359375,2.133652687072754,-135.0,0,1,180,1.761,0.5943,1.0,0.4946,0.1783,0.3,0.1978,0.6761,1.3363
60.202,1,RETURN_HOME,-7.5619,0.756,-1.9946,0.4482,-1.2672,-0.1674,0.6482,-1.0672,1.2486,0.0,0.0,7.5996,14.078383445739746,2.1828348636627197,-135.0,0,1,180,1.784,0.6016,1.0,0.5008,0.1805,0.3,0.2003,0.6808,1.2918
60.251,1,RETURN_HOME,-7.5425,0.6957,-1.9922,0.4668,-1.258,-0.1594,0.6668,-1.058,1.2506,0.0,0.0,7.5746,14.178189277648926,2.2059824466705322,-135.0,0,1,180,1.748,0.6086,1.0,0.5074,0.1826,0.3,0.203,0.6856,1.277
60.301,1,RETURN_HOME,-7.5247,0.6481,-1.9885,0.4827,-1.2498,-0.1526,0.6827,-1.0498,1.2522,0.0,0.0,7.5525,14.282903671264648,2.230816602706909,-135.0,0,1,180,1.57,0.6151,1.0,0.5135,0.1845,0.3,0.2054,0.69,1.2612
60.351,1,RETURN_HOME,-7.502,0.5917,-1.9843,0.5021,-1.2399,-0.1448,0.7021,-1.0399,1.2547,0.0,0.0,7.5253,14.519110679626465,2.2849671840667725,-135.0,0,1,180,1.798,0.623,1.0,0.5211,0.1869,0.3,0.2085,0.6954,1.2184
60.401,1,RETURN_HOME,-7.4824,0.5447,-1.9815,0.5184,-1.2316,-0.1383,0.7184,-1.0316,1.2571,0.0,0.0,7.5022,14.633941650390625,2.314999580383301,-135.0,0,1,180,1.581,0.6295,1.0,0.5276,0.1889,0.3,0.211,0.6999,1.2029
60.451,1,RETURN_HOME,-7.4659,0.4993,-1.9803,0.533,-1.2226,-0.1318,0.733,-1.0226,1.2582,0.0,0.0,7.4825,14.75651741027832,2.3438704013824463,-135.0,0,1,180,1.8,0.6355,1.0,0.5331,0.1907,0.3,0.2132,0.7039,1.1887
60.502,1,RETURN_HOME,-7.4446,0.4448,-1.9794,0.5509,-1.2117,-0.124,0.7509,-1.0117,1.2599,0.0,0.0,7.4579,14.879963874816895,2.3735101222991943,-135.0,0,1,180,2.415,0.6428,1.0,0.5399,0.1928,0.3,0.216,0.7088,1.1754
60.551,1,RETURN_HOME,-7.4257,0.3993,-1.9791,0.5661,-1.2027,-0.1174,0.7661,-1.0027,1.2619,0.0,0.0,7.4365,15.16563606262207,2.437325954437256,-135.0,0,1,180,1.665,0.6489,1.0,0.5459,0.1947,0.3,0.2184,0.713,1.1341
60.601,1,RETURN_HOME,-7.403,0.3528,-1.9808,0.5823,-1.1938,-0.1109,0.7823,-0.9938,1.2648,0.0,0.0,7.4114,15.308173179626465,2.470712184906006,-135.0,0,1,180,1.637,0.6552,1.0,0.5525,0.1966,0.3,0.221,0.7176,1.1225
60.652,1,RETURN_HOME,-7.3749,0.2972,-1.9828,0.602,-1.1832,-0.1031,0.802,-0.9832,1.2688,0.0,0.0,7.3809,15.456647872924805,2.501811981201172,-135.0,0,1,180,1.63,0.6628,1.0,0.5606,0.1988,0.3,0.2242,0.7231,1.1109
60.701,1,RETURN_HOME,-7.3448,0.2414,-1.9858,0.6219,-1.1728,-0.0953,0.8219,-0.9728,1.2736,0.0,0.0,7.3488,15.793049812316895,2.575469970703125,-135.0,0,1,180,1.555,0.6701,1.0,0.569,0.201,0.3,0.2276,0.7286,1.0733
60.751,1,RETURN_HOME,-7.3176,0.1946,-1.9895,0.639,-1.1646,-0.0888,0.839,-0.9646,1.2784,0.0,0.0,7.3202,15.80886459350586,2.611290454864502,-135.0,0,1,180,1.728,0.6761,1.0,0.5762,0.2028,0.3,0.2305,0.7333,1.0589
60.801,1,RETURN_HOME,-7.2843,0.1388,-1.9935,0.6593,-1.1546,-0.081,0.8593,-0.9546,1.2844,0.0,0.0,7.2856,15.789603233337402,2.6464943885803223,-135.0,0,1,180,1.717,0.6831,1.0,0.5849,0.2049,0.3,0.234,0.7389,1.0471
60.851,1,RETURN_HOME,-7.2566,0.0932,-1.997,0.676,-1.146,-0.0749,0.876,-0.946,1.2893,0.0,0.0,7.2572,15.74763298034668,2.7267096042633057,-135.0,0,1,180,1.719,0.6888,1.0,0.5921,0.2066,0.3,0.2368,0.7435,1.0125
60.901,1,RETURN_HOME,-7.2292,0.0486,-2.0006,0.6923,-1.1369,-0.0688,0.8923,-0.9369,1.2938,0.0,0.0,7.2294,15.725469589233398,2.7662365436553955,-135.0,0,1,180,1.696,0.6945,1.0,0.5991,0.2084,0.3,0.2396,0.748,1.0043
60.951,1,RETURN_HOME,-7.1954,-0.0046,-2.0045,0.7119,-1.1259,-0.0613,0.9119,-0.9259,1.2996,0.0,0.0,7.1954,15.706742286682129,2.8075106143951416,-135.0,0,1,180,1.781,0.7013,1.0,0.6076,0.2104,0.3,0.243,0.7534,0.9969
61.001,1,RETURN_HOME,-7.1664,-0.0475,-2.0077,0.7283,-1.1162,-0.055,0.9283,-0.9162,1.3043,0.0,0.0,7.1665,15.661367416381836,2.881390333175659,78.2,0,1,180,1.641,0.707,1.0,0.6148,0.2121,0.3,0.2459,0.758,0.9651
61.051,1,RETURN_HOME,-7.1365,-0.0886,-2.011,0.7446,-1.1058,-0.0487,0.9446,-0.9058,1.3087,0.0,0.0,7.137,15.63747787475586,2.909674882888794,78.45,0,1,180,1.729,0.7131,1.0,0.6222,0.2139,0.3,0.2489,0.7628,0.9607
61.101,1,RETURN_HOME,-7.0998,-0.1379,-2.0143,0.7643,-1.0936,-0.041,0.9643,-0.8936,1.3146,0.0,0.0,7.1011,15.616124153137207,2.9376919269561768,78.95,0,1,180,1.672,0.7201,1.0,0.6312,0.216,0.3,0.2525,0.7685,0.9551
61.151,1,RETURN_HOME,-7.0699,-0.1784,-2.0155,0.7805,-1.0833,-0.0347,0.9805,-0.8833,1.3197,0.0,0.0,7.0722,15.567344665527344,2.9937896728515625,79.45,0,1,180,1.667,0.7259,1.0,0.6386,0.2178,0.3,0.2554,0.7732,0.9296
61.201,1,RETURN_HOME,-7.034,-0.2266,-2.0156,0.7999,-1.0709,-0.0272,0.9999,-0.8709,1.326,0.0,0.0,7.0376,15.54242992401123,3.0206758975982666,79.7,0,1,180,1.65,0.7325,1.0,0.6476,0.2198,0.3,0.259,0.7788,0.9258
61.251,1,RETURN_HOME,-6.9968,-0.2747,-2.0156,0.8197,-1.0587,-0.0198,1.0197,-0.8587,1.3331,0.0,0.0,7.0022,15.518082618713379,3.050711154937744,79.7,0,1,180,1.563,0.739,1.0,0.6568,0.2217,0.3,0.2627,0.7844,0.9193
61.301,1,RETURN_HOME,-6.9647,-0.3146,-2.0132,0.8366,-1.0483,-0.0136,0.9366,-0.8483,1.2636,0.0,0.0,6.9718,15.468851089477539,3.1071550846099854,80.45,0,1,180,1.462,0.7101,1.0,0.5982,0.213,0.3,0.2393,0.7523,0.8962
61.351,1,RETURN_HOME,-6.9318,-0.3543,-2.0105,0.8538,-1.0379,-0.0074,0.9538,-0.8379,1.2695,0.0,0.0,6.9408,15.442976951599121,3.1353325843811035,80.7,0,1,180,1.734,0.7166,1.0,0.6065,0.215,0.3,0.2426,0.7576,0.8949
61.401,1,RETURN_HOME,-6.8843,-0.4096,-2.0072,0.8781,-1.0235,0.0012,0.9781,-0.8235,1.2786,0.0,0.0,6.8964,15.41695499420166,3.161018133163452,81.2,0,1,180,1.621,0.7253,1.0,0.6183,0.2176,0.3,0.2473,0.7649,0.8936
61.451,1,RETURN_HOME,-6.8575,-0.4401,-2.0028,0.89,-1.0148,0.0061,0.99,-0.8148,1.2822,0.0,0.0,6.8716,15.356917381286621,3.220038652420044,81.45,0,1,180,1.79,0.7298,1.0,0.6239,0.2189,0.3,0.2495,0.7685,0.8713
61.501,1,RETURN_HOME,-6.8164,-0.4857,-1.9971,0.9058,-1.002,0.0134,1.0058,-0.802,1.2865,0.0,0.0,6.8337,15.327781677246094,3.2443411350250244,81.95,0,1,180,1.663,0.7356,1.0,0.6309,0.2207,0.3,0.2523,0.773,0.8722
61.552,1,RETURN_HOME,-6.7741,-0.5309,-1.9929,0.9202,-0.9893,0.0208,1.0202,-0.7893,1.2899,0.0,0.0,6.7949,15.298059463500977,3.273163080215454,82.2,0,1,180,1.632,0.7407,1.0,0.6369,0.2222,0.3,0.2548,0.777,0.87
61.601,1,RETURN_HOME,-6.7376,-0.568,-1.9919,0.9318,-0.9787,0.0268,1.0318,-0.7787,1.2926,0.0,0.0,6.7615,15.235197067260742,3.3286731243133545,82.7,0,1,180,1.46,0.7448,1.0,0.6418,0.2234,0.3,0.2567,0.7802,0.8487
61.651,1,RETURN_HOME,-6.7005,-0.605,-1.9913,0.9431,-0.9681,0.0327,1.0431,-0.7681,1.2954,0.0,0.0,6.7277,15.207493782043457,3.358280658721924,82.95,0,1,180,1.602,0.7487,1.0,0.6465,0.2246,0.3,0.2586,0.7832,0.8471
61.701,1,RETURN_HOME,-6.6556,-0.6491,-1.9915,0.9565,-0.9555,0.0397,1.0565,-0.7555,1.2988,0.0,0.0,6.6872,15.178038597106934,3.3854172229766846,83.2,0,1,180,1.807,0.7531,1.0,0.6521,0.2259,0.3,0.2609,0.7868,0.8479
61.751,1,RETURN_HOME,-6.619,-0.6852,-1.9937,0.967,-0.9447,0.0455,0.967,-0.7447,1.2205,0.0,0.0,6.6543,15.114887237548828,3.362140417098999,-91.96,0,1,180,1.747,0.7252,1.0,0.5901,0.2176,0.3,0.236,0.7536,0.834
61.801,1,RETURN_HOME,-6.5742,-0.7283,-1.9962,0.9799,-0.932,0.0525,0.9799,-0.732,1.2231,0.0,0.0,6.6144,15.086369514465332,3.332145929336548,-92.96,0,1,180,1.735,0.7304,1.0,0.5956,0.2191,0.3,0.2382,0.7573,0.8379
61.851,1,RETURN_HOME,-6.5288,-0.7705,-1.9991,0.9931,-0.9192,0.0595,0.9931,-0.7192,1.2261,0.0,0.0,6.5742,15.056135177612305,3.304908275604248,-93.46,0,1,180,1.768,0.7356,1.0,0.6013,0.2207,0.3,0.2405,0.7612,0.8375
61.901,1,RETURN_HOME,-6.4907,-0.805,-2.0018,1.0019,-0.9083,0.0655,1.0019,-0.7083,1.227,0.0,0.0,6.5404,14.989107131958008,3.244252920150757,-94.46,0,1,180,1.649,0.7393,1.0,0.6047,0.2218,0.3,0.2419,0.7637,0.8203
61.951,1,RETURN_HOME,-6.452,-0.8394,-2.0043,1.0091,-0.8975,0.0716,1.0091,-0.6975,1.2267,0.0,0.0,6.5064,14.957012176513672,3.216059923171997,-93.96,0,1,180,1.831,0.7424,1.0,0.6071,0.2227,0.3,0.2428,0.7656,0.8228
62.001,1,RETURN_HOME,-6.4047,-0.8796,-2.0065,1.0163,-0.8844,0.0788,1.0163,-0.6844,1.2253,0.0,0.0,6.4648,14.924009323120117,3.188692331314087,-93.96,0,1,180,1.73,0.7457,1.0,0.6091,0.2237,0.3,0.2437,0.7674,0.8273
62.052,1,RETURN_HOME,-6.3643,-0.9118,-2.0076,1.0218,-0.8733,0.0848,1.0218,-0.6733,1.2237,0.0,0.0,6.4293,14.88797664642334,3.156947374343872,-95.21,0,1,180,1.832,0.7485,1.0,0.6107,0.2246,0.3,0.2443,0.7688,0.8272
62.101,1,RETURN_HOME,-6.3237,-0.9439,-2.0087,1.0271,-0.8623,0.0907,1.0271,-0.6623,1.2221,0.0,0.0,6.3938,14.824975967407227,3.101855993270874,-95.21,0,1,180,1.681,0.7512,1.0,0.6121,0.2254,0.3,0.2448,0.7702,0.8154
62.151,1,RETURN_HOME,-6.2751,-0.9823,-2.0095,1.0332,-0.8487,0.0978,1.0332,-0.6487,1.2199,0.0,0.0,6.3515,14.791888236999512,3.0761613845825195,-95.46,0,1,180,1.774,0.7545,1.0,0.6136,0.2263,0.3,0.2454,0.7718,0.8215
62.201,1,RETURN_HOME,-6.2346,-1.0139,-2.0099,1.0381,-0.8371,0.1038,1.0381,-0.6371,1.218,0.0,0.0,6.3166,14.756181716918945,3.046017646789551,-95.21,0,1,180,1.823,0.7573,1.0,0.6149,0.2272,0.3,0.246,0.7732,0.8245
62.252,1,RETURN_HOME,-6.1939,-1.0455,-2.0103,1.0433,-0.8256,0.1096,1.0433,-0.6256,1.2165,0.0,0.0,6.2815,14.69208812713623,2.9929635524749756,-95.96,0,1,180,1.817,0.7601,1.0,0.6164,0.228,0.3,0.2466,0.7746,0.8162
62.301,1,RETURN_HOME,-6.1428,-1.0806,-2.0119,1.0504,-0.811,0.1161,1.0504,-0.611,1.2152,0.0,0.0,6.2371,14.659847259521484,2.9682347774505615,-96.46,0,1,180,1.688,0.7642,1.0,0.6191,0.2293,0.3,0.2477,0.7769,0.8291
62.351,1,RETURN_HOME,-6.0994,-1.109,-2.0136,1.0567,-0.7985,0.1216,1.0567,-0.5985,1.2144,0.0,0.0,6.1994,14.62411880493164,2.9389007091522217,-96.96,0,1,180,1.815,0.7679,1.0,0.6217,0.2304,0.3,0.2487,0.7791,0.8364
62.401,1,RETURN_HOME,-6.0559,-1.1373,-2.0151,1.0629,-0.7863,0.1271,1.0629,-0.5863,1.2139,0.0,0.0,6.1617,14.5917387008667,2.914060354232788,-98.47,0,1,180,1.886,0.7715,1.0,0.6243,0.2314,0.3,0.2497,0.7812,0.8452
62.451,1,RETURN_HOME,-6.0134,-1.1657,-2.0155,1.0689,-0.7742,0.1325,1.0689,-0.5742,1.2134,0.0,0.0,6.1253,14.524985313415527,2.8642241954803467,-95.96,0,1,180,1.813,0.7748,1.0,0.6267,0.2324,0.3,0.2507,0.7831,0.844
62.501,1,RETURN_HOME,-5.9628,-1.1997,-2.0152,1.0758,-0.76,0.139,1.1758,-0.56,1.3024,0.0,0.0,6.0823,14.488445281982422,2.8368301391601562,-97.97,0,1,180,1.743,0.8003,1.0,0.6949,0.2401,0.3,0.2779,0.818,0.8548
62.551,1,RETURN_HOME,-5.9203,-1.2278,-2.015,1.0815,-0.7483,0.1445,1.1815,-0.5483,1.3025,0.0,0.0,6.0463,14.455175399780273,2.812290906906128,-97.97,0,1,180,1.787,0.8027,1.0,0.697,0.2408,0.3,0.2788,0.8196,0.8621
62.601,1,RETURN_HOME,-5.8782,-1.2558,-2.0143,1.0864,-0.7366,0.1501,1.1864,-0.5366,1.3021,0.0,0.0,6.0109,14.388195991516113,2.765810966491699,-98.47,0,1,180,1.601,0.8049,1.0,0.6988,0.2415,0.3,0.2795,0.821,0.8647
62.651,1,RETURN_HOME,-5.8276,-1.2892,-2.0132,1.0948,-0.7224,0.1567,1.1948,-0.5224,1.304,0.0,0.0,5.9685,14.350769996643066,2.7390401363372803,-100.97,0,1,180,1.762,0.8081,1.0,0.7025,0.2424,0.3,0.281,0.8234,0.8753
62.701,1,RETURN_HOME,-5.7848,-1.3168,-2.0124,1.1038,-0.7107,0.1623,1.2038,-0.5107,1.3077,0.0,0.0,5.9328,14.318305015563965,2.71555233001709,-97.22,0,1,180,1.679,0.8109,1.0,0.7069,0.2433,0.3,0.2828,0.8261,0.8853
62.751,1,RETURN_HOME,-5.741,-1.3414,-2.0095,1.1141,-0.6979,0.168,1.2141,-0.4979,1.3122,0.0,0.0,5.8956,14.286078453063965,2.692854166030884,-99.97,0,1,180,1.961,0.8146,1.0,0.7127,0.2444,0.3,0.2851,0.8295,0.9
62.801,1,RETURN_HOME,-5.6876,-1.3703,-2.0058,1.1276,-0.6822,0.1748,1.2276,-0.4822,1.319,0.0,0.0,5.8503,14.216058731079102,2.64654278755188,-99.47,0,1,180,1.664,0.8192,1.0,0.7204,0.2458,0.3,0.2881,0.8339,0.9108
62.851,1,RETURN_HOME,-5.6425,-1.3942,-2.0032,1.1393,-0.6694,0.1806,1.2393,-0.4694,1.3253,0.0,0.0,5.8122,14.18199348449707,2.6240556240081787,-100.22,0,1,180,1.857,0.8229,1.0,0.727,0.2469,0.3,0.2908,0.8377,0.9236
62.901,1,RETURN_HOME,-5.5895,-1.4234,-2.0038,1.1533,-0.6546,0.1875,1.2533,-0.4546,1.3332,0.0,0.0,5.7679,11.9572114944458,2.603610038757324,-101.72,0,1,180,1.825,0.8268,1.0,0.7349,0.2481,0.3,0.294,0.842,0.9361
62.951,1,RETURN_HOME,-5.5449,-1.4476,-2.0048,1.1649,-0.6424,0.1934,1.2649,-0.4424,1.34,0.0,0.0,5.7308,11.757695198059082,2.5570406913757324,-100.97,0,1,180,1.787,0.8299,1.0,0.7414,0.249,0.3,0.2966,0.8455,0.9452
63.001,1,RETURN_HOME,-5.4996,-1.4716,-2.0058,1.1764,-0.6303,0.1993,1.2764,-0.4303,1.347,0.0,0.0,5.6931,11.669041633605957,2.536531448364258,-102.22,0,1,180,1.653,0.8328,1.0,0.7478,0.2498,0.3,0.2991,0.849,0.9567
63.051,1,RETURN_HOME,-5.4452,-1.5007,-2.009,1.1899,-0.6165,0.2066,1.2899,-0.4165,1.3555,0.0,0.0,5.6482,11.579341888427734,2.5163300037384033,-101.22,0,1,180,1.841,0.8358,1.0,0.7552,0.2507,0.3,0.3021,0.8528,0.9691
63.101,1,RETURN_HOME,-5.399,-1.5247,-2.0115,1.2011,-0.605,0.2128,1.3011,-0.405,1.3627,0.0,0.0,5.6101,11.392412185668945,2.4739346504211426,-103.22,0,1,180,1.713,0.8381,1.0,0.7614,0.2514,0.3,0.3046,0.856,0.9795
63.151,1,RETURN_HOME,-5.3423,-1.5529,-2.0138,1.2148,-0.591,0.2199,1.3148,-0.391,1.3717,0.0,0.0,5.5634,11.305103302001953,2.4548568725585938,-103.22,0,1,180,1.795,0.8409,1.0,0.7689,0.2523,0.3,0.3076,0.8598,0.996
63.201,1,RETURN_HOME,-5.2932,-1.5756,-2.0148,1.2267,-0.5788,0.2258,1.3267,-0.3788,1.3797,0.0,0.0,5.5227,11.223817825317383,2.434282064437866,-103.97,0,1,180,1.559,0.8433,1.0,0.7757,0.253,0.3,0.3103,0.8632,1.0111
63.251,1,RETURN_HOME,-5.2436,-1.5979,-2.0157,1.2385,-0.5666,0.2317,1.3385,-0.3666,1.3878,0.0,0.0,5.4817,11.045448303222656,2.395392894744873,-103.47,0,1,180,1.732,0.8456,1.0,0.7823,0.2537,0.3,0.3129,0.8666,1.0273
63.301,1,RETURN_HOME,-5.1844,-1.6247,-2.0174,1.2522,-0.5521,0.239,1.3522,-0.3521,1.3972,0.0,0.0,5.433,10.965851783752441,2.377706527709961,-104.72,0,1,180,1.605,0.8481,1.0,0.79,0.2544,0.3,0.316,0.8704,1.0407
63.351,1,RETURN_HOME,-5.1381,-1.6486,-2.0215,1.2621,-0.5406,0.2453,1.3621,-0.3406,1.4041,0.0,0.0,5.3962,10.885868072509766,2.3586461544036865,-104.47,0,1,180,1.818,0.8496,1.0,0.7953,0.2549,0.3,0.3181,0.873,1.0513
63.401,1,RETURN_HOME,-5.0814,-1.6763,-2.0257,1.2742,-0.5268,0.253,1.3742,-0.3268,1.4125,0.0,0.0,5.3508,10.718605041503906,2.3216538429260254,-103.47,0,1,180,1.869,0.8514,1.0,0.8017,0.2554,0.3,0.3207,0.8761,1.0689
63.451,1,RETURN_HOME,-5.0248,-1.7041,-2.027,1.286,-0.5132,0.2608,1.386,-0.3132,1.4209,0.0,0.0,5.3059,10.640890121459961,2.304274797439575,-105.97,0,1,180,1.826,0.8529,1.0,0.808,0.2559,0.3,0.3232,0.8791,1.0812
63.501,1,RETURN_HOME,-4.9776,-1.7272,-2.0263,1.2957,-0.5019,0.2675,1.3957,-0.3019,1.428,0.0,0.0,5.2687,10.56492805480957,2.2870898246765137,-104.72,0,1,180,1.818,0.8541,1.0,0.8131,0.2562,0.3,0.3252,0.8814,1.0918
63.551,1,RETURN_HOME,-4.9295,-1.7496,-2.0254,1.3056,-0.4905,0.2741,1.4056,-0.2905,1.4353,0.0,0.0,5.2307,10.404595375061035,2.253688097000122,-106.22,0,1,180,1.772,0.8552,1.0,0.8184,0.2566,0.3,0.3273,0.8839,1.1099
63.601,1,RETURN_HOME,-4.8728,-1.7756,-2.024,1.3171,-0.4764,0.2823,1.4171,-0.2764,1.4438,0.0,0.0,5.1862,10.3302001953125,2.236959934234619,-105.72,0,1,180,1.645,0.8566,1.0,0.8246,0.257,0.3,0.3298,0.8868,1.1233
63.651,1,RETURN_HOME,-4.8262,-1.7966,-2.0225,1.3263,-0.4644,0.2892,1.4263,-0.2644,1.4506,0.0,0.0,5.1497,10.257997512817383,2.2206029891967773,-105.97,0,1,180,1.68,0.8579,1.0,0.8297,0.2574,0.3,0.3319,0.8892,1.1377
63.701,1,RETURN_HOME,-4.7784,-1.8169,-2.0211,1.3359,-0.4522,0.2961,1.4359,-0.2522,1.4579,0.0,0.0,5.1122,10.183798789978027,2.2062413692474365,-106.97,0,1,180,1.818,0.8591,1.0,0.835,0.2577,0.3,0.334,0.8918,1.1519
63.752,1,RETURN_HOME,-4.7301,-1.8373,-2.0215,1.3456,-0.4404,0.3031,1.4456,-0.2404,1.4654,0.0,0.0,5.0744,10.0307035446167,2.1753735542297363,-108.73,0,1,180,1.8,0.8601,1.0,0.8403,0.258,0.3,0.3361,0.8942,1.1756
63.801,1,RETURN_HOME,-4.6716,-1.8622,-2.0247,1.3573,-0.4268,0.3117,1.4573,-0.2268,1.4749,0.0,0.0,5.0291,9.9592924118042,2.160736560821533,-106.47,0,1,180,1.908,0.8609,1.0,0.8465,0.2583,0.3,0.3386,0.8969,1.1874
63.851,1,RETURN_HOME,-4.6217,-1.8821,-2.0269,1.3674,-0.4152,0.3191,1.4674,-0.2152,1.4831,0.0,0.0,4.9902,9.889488220214844,2.147721767425537,-107.22,0,1,180,1.715,0.8616,1.0,0.8519,0.2585,0.3,0.3408,0.8992,1.2004
63.902,1,RETURN_HOME,-4.5726,-1.9001,-2.029,1.3768,-0.4032,0.3263,1.4768,-0.2032,1.4907,0.0,0.0,4.9517,9.811356544494629,2.1329681873321533,-108.73,0,1,180,1.866,0.8625,1.0,0.8572,0.2588,0.3,0.3429,0.9016,1.2165
63.951,1,RETURN_HOME,-4.5136,-1.92,-2.0311,1.388,-0.3884,0.3347,1.488,-0.1884,1.4999,0.0,0.0,4.905,9.675957679748535,2.105544328689575,-109.73,0,1,180,1.72,0.8638,1.0,0.8637,0.2591,0.3,0.3455,0.9046,1.2481
64.001,1,RETURN_HOME,-4.453,-1.9391,-2.0327,1.3996,-0.3733,0.3429,1.3996,-0.1733,1.4103,0.0,0.0,4.8569,9.610153198242188,2.093289852142334,-108.98,0,1,180,1.653,0.8608,1.0,0.8093,0.2582,0.3,0.3237,0.882,1.2669
64.051,1,RETURN_HOME,-4.4001,-1.9534,-2.0336,1.4098,-0.3603,0.3497,1.4098,-0.1603,1.4189,0.0,0.0,4.8143,9.471514701843262,2.0683395862579346,-110.98,0,1,180,1.189,0.8623,1.0,0.8156,0.2587,0.3,0.3263,0.8849,1.2972
64.101,1,RETURN_HOME,-4.3462,-1.9671,-2.0342,1.4206,-0.3472,0.3565,1.4206,-0.1472,1.4282,0.0,0.0,4.7706,9.406739234924316,2.0565168857574463,-109.48,0,1,180,1.132,0.8637,1.0,0.8223,0.2591,0.3,0.3289,0.888,1.3195
64.151,1,RETURN_HOME,-4.2804,-1.9829,-2.0345,1.4313,-0.3318,0.3647,1.4313,-0.1318,1.4373,0.0,0.0,4.7174,9.343090057373047,2.045250654220581,-109.48,0,1,180,1.203,0.865,1.0,0.8289,0.2595,0.3,0.3315,0.891,1.3416
64.201,1,RETURN_HOME,-4.2238,-1.9943,-2.032,1.4389,-0.3185,0.3715,1.4389,-0.1185,1.4437,0.0,0.0,4.671,9.270206451416016,2.0332112312316895,-108.98,0,1,180,1.133,0.8662,1.0,0.8337,0.2599,0.3,0.3335,0.8933,1.3662
64.251,1,RETURN_HOME,-4.1668,-2.0055,-2.0296,1.4452,-0.3051,0.3783,1.4452,-0.1051,1.449,0.0,0.0,4.6243,9.143411636352539,2.011577606201172,-110.48,0,1,180,1.146,0.8672,1.0,0.8378,0.2602,0.3,0.3351,0.8953,1.4017
64.3,1,RETURN_HOME,-4.098,-2.0184,-2.0269,1.4519,-0.2889,0.3866,1.4519,-0.0889,1.4546,0.0,0.0,4.5681,9.080678939819336,2.002028465270996,-112.23,0,1,180,1.044,0.8684,1.0,0.8421,0.2605,0.3,0.3368,0.8974,1.4281
64.351,1,RETURN_HOME,-4.0383,-2.0285,-2.0258,1.4575,-0.2754,0.3936,1.4575,-0.0754,1.4595,0.0,0.0,4.5191,9.012359619140625,1.9912155866622925,-112.73,0,1,180,1.154,0.8692,1.0,0.8457,0.2608,0.3,0.3383,0.8991,1.4551
64.401,1,RETURN_HOME,-3.9785,-2.0382,-2.0248,1.4631,-0.2618,0.4006,1.4631,-0.0618,1.4644,0.0,0.0,4.4702,8.891973495483398,1.972633957862854,-114.48,0,1,180,1.11,0.87,1.0,0.8493,0.261,0.3,0.3397,0.9007,1.4996
64.451,1,RETURN_HOME,-3.9067,-2.0494,-2.0236,1.4698,-0.2456,0.4091,1.4698,-0.0456,1.4705,0.0,0.0,4.4116,8.832098960876465,1.963984727859497,-113.48,0,1,180,1.157,0.8707,1.0,0.8536,0.2612,0.3,0.3414,0.9027,1.5287
64.501,1,RETURN_HOME,-3.8338,-2.0629,-2.0199,1.4769,-0.2305,0.4176,1.4769,-0.0305,1.4772,0.0,0.0,4.3536,8.763524055480957,1.9547069072723389,-112.73,0,1,180,1.288,0.8706,1.0,0.8574,0.2612,0.3,0.343,0.9041,1.556
64.551,1,RETURN_HOME,-3.7731,-2.0735,-2.0171,1.4828,-0.2178,0.4247,1.4828,-0.0178,1.4829,0.0,0.0,4.3053,8.64642333984375,1.9393861293792725,-113.23,0,1,180,1.239,0.8705,1.0,0.8606,0.2612,0.3,0.3443,0.9054,1.5944
64.601,1,RETURN_HOME,-3.6988,-2.085,-2.0131,1.4905,-0.2024,0.4333,1.4905,-0.0024,1.4905,0.0,0.0,4.246,8.583990097045898,1.9330108165740967,-115.73,0,1,180,1.124,0.8703,1.0,0.8648,0.2611,0.3,0.3459,0.907,1.6188
64.651,1,RETURN_HOME,-3.635,-2.0937,-2.0082,1.4976,-0.1894,0.4405,1.4976,0.0106,1.4977,0.0,0.0,4.1949,8.519678115844727,1.9236209392547607,-115.23,0,1,180,1.342,0.87,1.0,0.8687,0.261,0.3,0.3475,0.9085,1.628
64.7,1,RETURN_HOME,-3.5714,-2.1018,-2.004,1.5046,-0.1763,0.4478,1.4046,0.0237,1.4048,0.0,0.0,4.1439,8.399741172790527,1.9132423400878906,-114.98,0,1,180,0.885,0.8703,1.0,0.815,0.2611,0.3,0.326,0.8871,1.6183
64.75,1,RETURN_HOME,-3.4819,-2.1112,-1.9993,1.5146,-0.1571,0.4582,1.4146,0.0429,1.4152,0.0,0.0,4.072,8.339991569519043,1.906616449356079,-116.48,0,1,180,0.958,0.8704,1.0,0.8212,0.2611,0.3,0.3285,0.8896,1.6169
64.8,1,RETURN_HOME,-3.4177,-2.1164,-1.9967,1.5217,-0.143,0.4657,1.4217,0.057,1.4229,0.0,0.0,4.0199,8.212944984436035,1.8955621719360352,-117.48,0,1,180,0.95,0.8706,1.0,0.8258,0.2612,0.3,0.3303,0.8915,1.6087
64.85,1,RETURN_HOME,-3.3536,-2.1212,-1.9946,1.5266,-0.1291,0.4734,1.4266,0.0709,1.4283,0.0,0.0,3.9681,8.1549711227417,1.8919926881790161,-117.48,0,1,180,1.005,0.8706,1.0,0.829,0.2612,0.3,0.3316,0.8928,1.6051
64.9,1,RETURN_HOME,-3.2759,-2.1269,-1.993,1.53,-0.1131,0.483,1.43,0.0869,1.4326,0.0,0.0,3.9058,8.092842102050781,1.887608289718628,-117.23,0,1,180,0.884,0.8702,1.0,0.8311,0.2611,0.3,0.3325,0.8935,1.6048
64.951,1,RETURN_HOME,-3.2107,-2.1317,-1.9922,1.5314,-0.1,0.4915,1.4314,0.1,1.4349,0.0,0.0,3.8539,8.023488998413086,1.8822513818740845,-117.73,0,1,180,1.036,0.8696,1.0,0.8319,0.2609,0.3,0.3328,0.8936,1.6021
65.0,1,RETURN_HOME,-3.1459,-2.1359,-1.9916,1.5319,-0.0867,0.5002,1.4319,0.1133,1.4364,0.0,0.0,3.8025,7.904581546783447,1.8757340908050537,-117.73,0,1,180,0.876,0.8691,1.0,0.8322,0.2607,0.3,0.3329,0.8936,1.5998
65.05,1,RETURN_HOME,-3.0689,-2.1422,-1.9895,1.5318,-0.0712,0.5107,1.4318,0.1288,1.4376,0.0,0.0,3.7426,7.842119216918945,1.873425006866455,-118.73,0,1,180,1.011,0.868,1.0,0.8319,0.2604,0.3,0.3327,0.8931,1.5999
65.1,1,RETURN_HOME,-3.0052,-2.1474,-1.9873,1.5316,-0.0584,0.5193,1.4316,0.1416,1.4386,0.0,0.0,3.6935,7.770947456359863,1.8712538480758667,-120.24,0,1,180,0.904,0.8669,1.0,0.8314,0.2601,0.3,0.3326,0.8926,1.6003
65.151,1,RETURN_HOME,-2.9417,-2.1518,-1.9856,1.5313,-0.0453,0.528,1.4313,0.1547,1.4396,0.0,0.0,3.6447,7.7094902992248535,1.868417739868164,-120.24,0,1,180,0.981,0.8659,1.0,0.831,0.2598,0.3,0.3324,0.8922,1.5998
65.2,1,RETURN_HOME,-2.8797,-2.1546,-1.9843,1.5306,-0.0316,0.5369,1.4306,0.1684,1.4404,0.0,0.0,3.5965,7.585822582244873,1.864189863204956,-120.74,0,1,180,0.903,0.8652,1.0,0.8309,0.2596,0.3,0.3324,0.8919,1.6003
65.251,1,RETURN_HOME,-2.8064,-2.1565,-1.9832,1.5294,-0.0145,0.5479,1.4294,0.1855,1.4414,0.0,0.0,3.5392,7.515310287475586,1.8643683195114136,-120.49,0,1,180,1.023,0.8647,1.0,0.831,0.2594,0.3,0.3324,0.8918,1.6011
65.3,1,RETURN_HOME,-2.7453,-2.1573,-1.9826,1.5286,-0.0002,0.5573,1.4286,0.1998,1.4425,0.0,0.0,3.4915,7.45522403717041,1.864253044128418,-121.99,0,1,180,0.885,0.8643,1.0,0.8312,0.2593,0.3,0.3325,0.8917,1.6026
65.35,1,RETURN_HOME,-2.6731,-2.1559,-1.981,1.527,0.0177,0.569,1.427,0.2177,1.4435,0.0,0.0,3.4341,7.328555583953857,1.8639414310455322,-122.49,0,1,180,0.979,0.8641,1.0,0.8316,0.2592,0.3,0.3326,0.8919,1.6088
65.4,1,RETURN_HOME,-2.613,-2.154,-1.9798,1.5256,0.0326,0.5789,1.4256,0.2326,1.4444,0.0,0.0,3.3864,7.256777763366699,1.864795207977295,-121.74,0,1,180,0.863,0.864,1.0,0.832,0.2592,0.3,0.3328,0.892,1.6118
65.451,1,RETURN_HOME,-2.5408,-2.151,-1.9789,1.524,0.0503,0.5911,1.424,0.2503,1.4458,0.0,0.0,3.3291,7.194263458251953,1.8660134077072144,-124.49,0,1,180,1.069,0.8636,1.0,0.8324,0.2591,0.3,0.333,0.892,1.6144
65.5,1,RETURN_HOME,-2.4759,-2.1454,-1.9772,1.5244,0.0659,0.6014,1.4244,0.2659,1.449,0.0,0.0,3.2761,7.070655345916748,1.868718147277832,-125.74,0,1,180,0.92,0.8631,1.0,0.8337,0.2589,0.3,0.3335,0.8924,1.6227
65.55,1,RETURN_HOME,-2.3985,-2.1383,-1.9758,1.5247,0.0844,0.6139,1.4247,0.2844,1.4528,0.0,0.0,3.2133,7.000951766967773,1.870971441268921,-126.74,0,1,180,0.917,0.8623,1.0,0.8351,0.2587,0.3,0.3341,0.8927,1.6279
65.6,1,RETURN_HOME,-2.3344,-2.1321,-1.975,1.5248,0.0997,0.6244,1.4248,0.2997,1.456,0.0,0.0,3.1616,6.937222003936768,1.8742637634277344,-125.74,0,1,180,0.991,0.8614,1.0,0.8361,0.2584,0.3,0.3345,0.8929,1.6335
65.65,1,RETURN_HOME,-2.2582,-2.1217,-1.9806,1.5248,0.1191,0.6371,1.4248,0.3191,1.4601,0.0,0.0,3.0986,6.813830852508545,1.8805221319198608,-125.99,0,1,180,0.967,0.8608,1.0,0.8379,0.2582,0.3,0.3352,0.8934,1.6453
65.7,1,RETURN_HOME,-2.1824,-2.111,-1.9857,1.5246,0.1382,0.6498,1.4246,0.3382,1.4642,0.0,0.0,3.0363,6.747034549713135,1.8839733600616455,-125.74,0,1,180,0.869,0.8599,1.0,0.8394,0.258,0.3,0.3357,0.8937,1.6515
65.751,1,RETURN_HOME,-2.1207,-2.1031,-1.9903,1.5236,0.1532,0.6605,1.4236,0.3532,1.4668,0.0,0.0,2.9867,6.686389923095703,1.887784481048584,-125.74,0,1,180,1.042,0.8587,1.0,0.8397,0.2576,0.3,0.3359,0.8935,1.6592
65.8,1,RETURN_HOME,-2.0607,-2.0966,-1.9955,1.5219,0.1671,0.6716,1.4219,0.3671,1.4685,0.0,0.0,2.9398,6.565966606140137,1.897274136543274,-128.49,0,1,180,0.873,0.857,1.0,0.839,0.2571,0.3,0.3356,0.8927,1.6726
65.85,1,RETURN_HOME,-1.9886,-2.088,-2.0009,1.5198,0.1838,0.6849,1.4198,0.3838,1.4708,0.0,0.0,2.8835,6.5040812492370605,1.9030451774597168,-128.49,0,1,180,0.938,0.8547,1.0,0.8381,0.2564,0.3,0.3352,0.8916,1.6793
65.9,1,RETURN_HOME,-1.9287,-2.0803,-2.0068,1.5181,0.1978,0.6964,1.4181,0.3978,1.4729,0.0,0.0,2.8368,6.444696426391602,1.90838623046875,-127.74,0,1,180,0.848,0.8527,1.0,0.8372,0.2558,0.3,0.3349,0.8907,1.6869
65.95,1,RETURN_HOME,-1.8689,-2.0721,-2.0148,1.5165,0.2119,0.7081,1.4165,0.4119,1.4751,0.0,0.0,2.7904,6.329998016357422,1.9216561317443848,-131.5,0,1,180,0.945,0.8505,1.0,0.8364,0.2551,0.3,0.3345,0.8897,1.7053
66.0,1,RETURN_HOME,-1.7971,-2.0615,-2.023,1.5145,0.2288,0.7226,1.4145,0.4288,1.478,0.0,0.0,2.7348,6.265093803405762,1.929406762123108,-132.0,0,1,180,0.872,0.8475,1.0,0.8351,0.2543,0.3,0.3341,0.8883,1.7157
66.05,1,RETURN_HOME,-1.7356,-2.0522,-2.0277,1.5134,0.2432,0.7349,1.4134,0.4432,1.4812,0.0,0.0,2.6877,6.207852840423584,1.935852289199829,-130.5,0,1,180,0.966,0.8446,1.0,0.834,0.2534,0.3,0.3336,0.887,1.7248
66.1,1,RETURN_HOME,-1.6718,-2.0424,-2.0303,1.513,0.2578,0.7472,1.413,0.4578,1.4853,0.0,0.0,2.6394,6.151238441467285,1.9429349899291992,-132.0,0,1,180,0.922,0.8411,1.0,0.8328,0.2523,0.3,0.3331,0.8855,1.7319
66.15,1,RETURN_HOME,-1.5958,-2.0298,-2.0326,1.5124,0.2755,0.7621,1.4124,0.4755,1.4903,0.0,0.0,2.582,6.034087657928467,1.9607101678848267,-133.5,0,1,180,0.949,0.8366,1.0,0.8312,0.251,0.3,0.3325,0.8834,1.7564
66.201,1,RETURN_HOME,-1.5188,-2.0172,-2.0372,1.5119,0.2934,0.7773,1.4119,0.4934,1.4956,0.0,0.0,2.5251,5.979681491851807,1.9686839580535889,-134.5,0,1,180,1.003,0.8314,1.0,0.829,0.2494,0.3,0.3316,0.881,1.768
66.25,1,RETURN_HOME,-1.4544,-2.0062,-2.0414,1.5116,0.3084,0.7901,1.3116,0.5084,1.4067,0.0,0.0,2.4779,5.870143413543701,1.9877347946166992,-134.25,0,1,180,0.92,0.8399,1.0,0.7876,0.252,0.3,0.3151,0.867,1.7905
66.3,1,RETURN_HOME,-1.3904,-1.9946,-2.0447,1.5111,0.3235,0.8031,1.3111,0.5235,1.4118,0.0,0.0,2.4314,5.811451435089111,1.9984898567199707,-135.0,0,1,180,0.952,0.8353,1.0,0.7862,0.2506,0.3,0.3145,0.8651,1.8031
66.35,1,RETURN_HOME,-1.3181,-1.9811,-2.0473,1.5088,0.3411,0.8194,1.3088,0.5411,1.4162,0.0,0.0,2.3795,5.756134510040283,2.009010076522827,-134.25,0,1,180,0.948,0.83,1.0,0.7836,0.249,0.3,0.3135,0.8625,1.8164
66.4,1,RETURN_HOME,-1.2593,-1.9695,-2.0484,1.5043,0.3553,0.8333,1.3043,0.5553,1.4176,0.0,0.0,2.3377,5.703030109405518,2.0212316513061523,-135.0,0,1,180,0.948,0.8257,1.0,0.7803,0.2477,0.3,0.3121,0.8598,1.8281
66.451,1,RETURN_HOME,-1.2005,-1.9571,-2.0491,1.4983,0.3697,0.8477,1.2983,0.5697,1.4178,0.0,0.0,2.296,5.590068340301514,2.046674966812134,-134.5,0,1,180,1.168,0.8213,1.0,0.7763,0.2464,0.3,0.3105,0.8569,1.8575
66.501,1,RETURN_HOME,-1.1302,-1.9401,-2.0483,1.4898,0.3878,0.8654,1.2898,0.5878,1.4174,0.0,0.0,2.2453,5.539089202880859,2.061377763748169,-135.0,0,1,180,1.223,0.8164,1.0,0.7714,0.2449,0.3,0.3086,0.8535,1.8712
66.551,1,RETURN_HOME,-1.0601,-1.9218,-2.0469,1.4803,0.4063,0.8836,1.2803,0.6063,1.4166,0.0,0.0,2.1948,5.485011577606201,2.075627326965332,-134.75,0,1,180,1.313,0.8113,1.0,0.7662,0.2434,0.3,0.3065,0.8499,1.8857
66.6,1,RETURN_HOME,-1.002,-1.9057,-2.0456,1.472,0.4222,0.899,1.272,0.6222,1.4161,0.0,0.0,2.153,5.375943183898926,2.108577251434326,-135.0,0,1,180,1.042,0.807,1.0,0.7618,0.2421,0.3,0.3047,0.8468,1.9192
66.651,1,RETURN_HOME,-0.9288,-1.8833,-2.0465,1.4631,0.4422,0.918,1.2631,0.6422,1.417,0.0,0.0,2.0999,5.326206207275391,2.1252553462982178,-134.75,0,1,180,1.143,0.8008,1.0,0.7564,0.2402,0.3,0.3026,0.8428,1.9365
66.701,1,RETURN_HOME,-0.8685,-1.864,-2.0469,1.4556,0.4589,0.9342,1.2556,0.6589,1.418,0.0,0.0,2.0564,5.272802829742432,2.142465353012085,-135.0,0,1,180,1.206,0.7951,1.0,0.7517,0.2385,0.3,0.3007,0.8392,1.9519
66.751,1,RETURN_HOME,-0.8087,-1.8443,-2.0469,1.4481,0.4753,0.951,1.2481,0.6753,1.4191,0.0,0.0,2.0138,5.166231632232666,2.1832869052886963,-135.0,0,1,180,1.085,0.789,1.0,0.7464,0.2367,0.3,0.2986,0.8353,1.9906
66.801,1,RETURN_HOME,-0.755,-1.8247,-2.0451,1.4383,0.4908,0.9687,1.2383,0.6908,1.418,0.0,0.0,1.9747,5.116200923919678,2.2011685371398926,-135.0,0,1,180,1.103,0.7841,1.0,0.7412,0.2352,0.3,0.2965,0.8317,2.0136
66.85,1,RETURN_HOME,-0.6905,-1.8003,-2.0428,1.4269,0.5095,0.9906,1.2269,0.7095,1.4172,0.0,0.0,1.9282,5.0692138671875,2.224112033843994,-135.0,0,1,180,1.107,0.7774,1.0,0.7345,0.2332,0.3,0.2938,0.827,2.0322
66.901,1,RETURN_HOME,-0.6365,-1.7791,-2.0404,1.4177,0.5254,1.0092,1.2177,0.7254,1.4174,0.0,0.0,1.8895,5.0177130699157715,2.2465291023254395,-135.0,0,1,180,1.256,0.7713,1.0,0.7288,0.2314,0.3,0.2915,0.8229,2.054
66.951,1,RETURN_HOME,-0.5821,-1.7562,-2.0367,1.4088,0.542,1.0282,1.2088,0.742,1.4183,0.0,0.0,1.8502,4.916459560394287,2.298731803894043,-135.0,0,1,180,1.155,0.7647,1.0,0.7231,0.2294,0.3,0.2892,0.8186,2.0701
67.001,1,RETURN_HOME,-0.5279,-1.7329,-2.0332,1.4,0.5587,1.0475,1.2,0.7587,1.4197,0.0,0.0,1.8115,4.869647026062012,2.3232672214508057,-135.0,0,1,180,1.75,0.7575,1.0,0.717,0.2273,0.3,0.2868,0.814,2.0164
67.051,1,RETURN_HOME,-0.4626,-1.7048,-2.0299,1.3896,0.5783,1.0714,1.1896,0.7783,1.4215,0.0,0.0,1.7664,4.8226189613342285,2.3518216609954834,-135.0,0,1,180,1.792,0.7476,1.0,0.7085,0.2243,0.3,0.2834,0.8077,1.9737
67.101,1,RETURN_HOME,-0.3956,-1.6781,-2.0295,1.3799,0.5969,1.096,1.1799,0.7969,1.4238,0.0,0.0,1.7241,4.726678848266602,2.4149160385131836,-135.0,0,1,180,1.75,0.7349,1.0,0.6975,0.2205,0.3,0.279,0.7995,1.8483
67.151,1,RETURN_HOME,-0.3402,-1.6551,-2.029,1.3718,0.6124,1.117,1.1718,0.8124,1.4259,0.0,0.0,1.6897,4.684115409851074,2.448249578475952,-135.0,0,1,180,1.764,0.7236,1.0,0.6878,0.2171,0.3,0.2751,0.7922,1.8001
67.201,1,RETURN_HOME,-0.2729,-1.626,-2.0271,1.3622,0.6317,1.1428,1.1622,0.8317,1.4291,0.0,0.0,1.6487,4.64270544052124,2.4803342819213867,-135.0,0,1,180,1.737,0.7085,1.0,0.6751,0.2126,0.3,0.27,0.7826,1.7538
67.252,1,RETURN_HOME,-0.2155,-1.6002,-2.0238,1.3546,0.6482,1.1647,1.1546,0.8482,1.4327,0.0,0.0,1.6147,4.555072784423828,2.5587496757507324,-135.0,0,1,180,1.738,0.6943,1.0,0.6631,0.2083,0.3,0.2653,0.7736,1.6117
67.301,1,RETURN_HOME,-0.1589,-1.574,-2.0208,1.3467,0.6646,1.1874,1.1467,0.8646,1.4362,0.0,0.0,1.582,4.514158725738525,2.599611520767212,-135.0,0,1,180,1.789,0.6792,1.0,0.6503,0.2038,0.3,0.2601,0.7639,1.5562
67.352,1,RETURN_HOME,-0.0909,-1.5399,-2.0166,1.3371,0.6849,1.2154,1.1371,0.8849,1.4409,0.0,0.0,1.5426,4.475052833557129,2.6428616046905518,-135.0,0,1,180,1.874,0.6596,1.0,0.6336,0.1979,0.3,0.2534,0.7513,1.5064
67.401,1,RETURN_HOME,-0.0345,-1.5096,-2.0128,1.329,0.7022,1.2395,1.129,0.9022,1.4452,0.0,0.0,1.51,4.396352291107178,2.7394614219665527,-135.0,0,1,180,1.678,0.642,1.0,0.6185,0.1926,0.3,0.2474,0.74,1.3533
67.451,1,RETURN_HOME,0.0323,-1.4729,-2.0087,1.3191,0.723,1.2695,1.1191,0.923,1.4506,0.0,0.0,1.4732,4.360784530639648,2.7925710678100586,-135.0,0,1,180,1.831,0.6192,1.0,0.5988,0.1858,0.3,0.2395,0.7253,1.3093
67.502,1,RETURN_HOME,0.0971,-1.4365,-2.003,1.3082,0.7431,1.3007,1.1082,0.9431,1.4552,0.0,0.0,1.4398,4.324642181396484,2.844590425491333,-135.0,0,1,180,1.91,0.5953,1.0,0.5775,0.1786,0.3,0.231,0.7096,1.2673
67.551,1,RETURN_HOME,0.1502,-1.4061,-1.9982,1.2988,0.7597,1.3277,1.0988,0.9597,1.4589,0.0,0.0,1.4141,4.256184101104736,2.97227144241333,-135.0,0,1,180,1.744,0.5742,1.0,0.5584,0.1722,0.3,0.2234,0.6956,1.1066
67.601,1,RETURN_HOME,0.2025,-1.3753,-1.9941,1.2893,0.7762,1.3558,1.0893,0.8762,1.398,0.0,0.0,1.3901,4.229506969451904,3.0367772579193115,-135.0,0,1,180,1.743,0.5066,1.0,0.4721,0.152,0.3,0.1888,0.6408,1.3531
67.651,1,RETURN_HOME,0.2623,-1.3357,-1.9909,1.2765,0.7972,1.3912,1.0765,0.8972,1.4014,0.0,0.0,1.3612,4.203679084777832,3.1083295345306396,-135.0,0,1,180,1.872,0.4802,1.0,0.4671,0.1441,0.3,0.1869,0.6309,1.3073
67.701,1,RETURN_HOME,0.3016,-1.3088,-1.9892,1.2681,0.8113,1.4156,1.0681,0.9113,1.404,0.0,0.0,1.3431,4.174490928649902,3.1969118118286133,-135.0,0,1,180,1.717,0.4617,1.0,0.468,0.1385,0.3,0.1872,0.6257,1.2362
67.751,1,RETURN_HOME,0.3602,-1.2678,-1.9871,1.2558,0.8299,1.4535,1.0558,0.9299,1.4069,0.0,0.0,1.3179,4.120410442352295,3.370725154876709,-135.0,0,1,180,1.878,0.4306,1.0,0.469,0.1292,0.3,0.1876,0.6168,1.0935
67.801,1,RETURN_HOME,0.4168,-1.2273,-1.9789,1.2434,0.8456,1.4927,1.0434,0.9456,1.4081,0.0,0.0,1.2961,4.091964244842529,3.466240882873535,-135.0,0,1,180,1.631,0.3976,1.0,0.4694,0.1193,0.3,0.1878,0.607,1.0633
67.851,1,RETURN_HOME,0.4637,-1.1932,-1.9721,1.233,0.8576,1.5263,1.033,0.8576,1.3426,0.0,0.0,1.2802,4.035401821136475,3.7065255641937256,-135.0,0,1,180,1.739,0.3167,1.0,0.4475,0.095,0.3,0.179,0.574,1.2019
67.901,1,RETURN_HOME,0.5198,-1.1518,-1.9654,1.2206,0.8717,1.5679,1.0206,0.8717,1.3422,0.0,0.0,1.2636,4.0092692375183105,3.8318281173706055,-135.0,0,1,180,1.695,0.2792,1.0,0.4474,0.0838,0.3,0.179,0.5627,1.1849
67.952,1,RETURN_HOME,0.5784,-1.1113,-1.9624,1.2091,0.8843,1.6112,1.0091,0.8843,1.3417,0.0,0.0,1.2528,3.9811644554138184,3.974196672439575,-135.0,0,1,180,1.926,0.2373,1.0,0.4472,0.0712,0.3,0.1789,0.5501,1.1639
68.002,1,RETURN_HOME,0.6172,-1.0839,-1.961,1.2016,0.8911,1.6409,1.0016,0.8911,1.3406,0.0,0.0,1.2473,3.9511704444885254,3.9192488193511963,135.0,0,1,180,2.397,0.2079,1.0,0.4469,0.0624,0.3,0.1787,0.5411,1.1048
68.051,1,RETURN_HOME,0.6653,-1.0492,-1.9597,1.192,0.8984,1.6789,0.992,0.8984,1.3383,0.0,0.0,1.2423,3.8960883617401123,3.787327289581299,135.0,0,1,180,1.835,0.17,1.0,0.4461,0.051,0.3,0.1784,0.5294,0.9653
68.101,1,RETURN_HOME,0.7194,-1.0104,-1.9545,1.179,0.9043,1.7259,0.979,0.9043,1.3327,0.0,0.0,1.2403,3.869716167449951,3.7285003662109375,135.0,0,1,180,1.732,0.1267,1.0,0.4442,0.038,0.3,0.1777,0.5157,0.9687
68.151,1,RETURN_HOME,0.7733,-0.9706,-1.9506,1.1658,0.9099,1.7741,0.9658,0.9099,1.3269,0.0,0.0,1.241,3.8384745121002197,3.6703081130981445,135.0,0,1,180,1.748,0.0828,1.0,0.4423,0.0248,0.3,0.1769,0.5017,0.9609
68.201,1,RETURN_HOME,0.8091,-0.9437,-1.9487,1.1569,0.9136,1.807,0.9569,0.8136,1.256,0.0,0.0,1.2431,3.7876672744750977,3.5753934383392334,135.0,0,1,180,1.658,-0.0041,1.0,0.4187,-0.0012,0.3,0.1675,0.4662,1.098
68.251,1,RETURN_HOME,0.8589,-0.9028,-1.9457,1.1422,0.9201,1.8574,0.9422,0.8201,1.2491,0.0,0.0,1.2461,3.7694308757781982,3.536447763442993,135.0,0,1,180,1.747,-0.0443,1.0,0.4164,-0.0133,0.3,0.1666,0.4533,1.0995
68.301,1,RETURN_HOME,0.9005,-0.8681,-1.9441,1.1301,0.9258,1.9003,0.9301,0.8258,1.2438,0.0,0.0,1.2508,4.170626640319824,3.4932684898376465,135.0,0,1,180,1.662,-0.0775,1.0,0.4146,-0.0233,0.3,0.1658,0.4426,1.0695
68.352,1,RETURN_HOME,0.942,-0.833,-1.943,1.1184,0.9296,1.9441,0.9184,0.8296,1.2376,0.0,0.0,1.2575,4.155908584594727,3.4621002674102783,135.0,0,1,180,2.001,-0.1118,1.0,0.4125,-0.0335,0.3,0.165,0.4315,1.0523
68.401,1,RETURN_HOME,0.9939,-0.7896,-1.9418,1.105,0.9325,1.9975,0.905,0.8325,1.2296,0.0,0.0,1.2694,4.137231349945068,3.4121086597442627,135.0,0,1,180,1.607,-0.1551,1.0,0.4099,-0.0465,0.3,0.1639,0.4174,0.9436
68.451,1,RETURN_HOME,1.0453,-0.746,-1.9415,1.0914,0.9334,2.0519,0.8914,0.8334,1.2203,0.0,0.0,1.2842,4.13028621673584,3.3925700187683105,135.0,0,1,180,1.794,-0.1979,1.0,0.4068,-0.0594,0.3,0.1627,0.4033,0.9475
68.501,1,RETURN_HOME,1.0873,-0.7088,-1.9411,1.0799,0.9335,2.0977,0.8799,0.8335,1.2119,0.0,0.0,1.2979,4.120573043823242,3.3695554733276367,135.0,0,1,180,1.758,-0.2326,1.0,0.404,-0.0698,0.3,0.1616,0.3918,0.8222
68.551,1,RETURN_HOME,1.1364,-0.6631,-1.9402,1.0658,0.9332,2.1533,0.8658,0.8332,1.2016,0.0,0.0,1.3157,4.104054927825928,3.364946126937866,135.0,0,1,180,1.751,-0.2729,1.0,0.4005,-0.0819,0.3,0.1602,0.3783,0.841
68.601,1,RETURN_HOME,1.1852,-0.6175,-1.94,1.0514,0.9326,2.2092,0.8514,0.8326,1.1908,0.0,0.0,1.3364,4.09810209274292,3.362807035446167,135.0,0,1,180,1.702,-0.311,1.0,0.3969,-0.0933,0.3,0.1588,0.3655,0.8534
68.651,1,RETURN_HOME,1.2248,-0.5803,-1.9421,1.0388,0.9319,2.256,0.8388,0.8319,1.1813,0.0,0.0,1.3553,4.0858917236328125,3.374344825744629,135.0,0,1,180,1.749,-0.3402,1.0,0.3938,-0.102,0.3,0.1575,0.3555,0.7298
68.701,1,RETURN_HOME,1.2715,-0.536,-1.9461,1.0234,0.931,2.312,0.8234,0.831,1.1699,0.0,0.0,1.3799,4.086868762969971,3.386704921722412,135.0,0,1,180,1.755,-0.3726,1.0,0.39,-0.1118,0.3,0.156,0.3442,0.7498
68.752,1,RETURN_HOME,1.3102,-0.499,-1.9493,1.0105,0.9304,2.3584,0.8105,0.8304,1.1604,0.0,0.0,1.402,4.083297252655029,3.396637439727783,-42.41,0,1,180,1.849,-0.3981,1.0,0.3868,-0.1194,0.3,0.1547,0.3353,0.7342
68.801,1,RETURN_HOME,1.3501,-0.4614,-1.9559,0.9983,0.9298,2.4045,0.7983,0.8298,1.1515,0.0,0.0,1.4267,4.0817108154296875,3.36867618560791,-43.92,0,1,180,1.686,-0.423,1.0,0.3838,-0.1269,0.3,0.1535,0.3266,0.7292
68.851,1,RETURN_HOME,1.3978,-0.4162,-1.9641,0.9839,0.929,2.4593,0.7839,0.729,1.0705,0.0,0.0,1.4585,4.242290019989014,3.319052219390869,-48.17,0,1,180,1.769,-0.5075,1.0,0.3568,-0.1522,0.3,0.1427,0.2905,0.9292
68.901,1,RETURN_HOME,1.4371,-0.3785,-1.9702,0.9718,0.9283,2.5043,0.7718,0.7283,1.0612,0.0,0.0,1.4861,4.354445457458496,3.2909815311431885,-50.17,0,1,180,1.674,-0.5285,1.0,0.3537,-0.1586,0.3,0.1415,0.2829,0.9128
68.951,1,RETURN_HOME,1.4765,-0.3423,-1.9783,0.96,0.9274,2.5488,0.76,0.7274,1.052,0.0,0.0,1.5156,4.4635772705078125,3.2661960124969482,-54.43,0,1,180,1.879,-0.5476,1.0,0.3507,-0.1643,0.3,0.1403,0.276,0.9073
69.001,1,RETURN_HOME,1.5234,-0.2992,-1.9877,0.9463,0.9238,2.6012,0.7463,0.7238,1.0396,0.0,0.0,1.5525,4.718775272369385,3.2153868675231934,-56.43,0,1,180,1.761,-0.5702,1.0,0.3465,-0.1711,0.3,0.1386,0.2675,0.8235
69.051,1,RETURN_HOME,1.5696,-0.2562,-1.9957,0.9325,0.9175,2.6525,0.7325,0.7175,1.0253,0.0,0.0,1.5903,4.88585901260376,3.1882457733154297,-59.43,0,1,180,1.751,-0.5923,1.0,0.3418,-0.1777,0.3,0.1367,0.259,0.8406
69.101,1,RETURN_HOME,1.6063,-0.2229,-2.0037,0.9203,0.9092,2.6943,0.7203,0.7092,1.0108,0.0,0.0,1.6216,5.05521297454834,3.1622743606567383,-60.43,0,1,180,1.739,-0.6094,1.0,0.3369,-0.1828,0.3,0.1348,0.252,0.8536
69.151,1,RETURN_HOME,1.6496,-0.1826,-2.0118,0.9053,0.8985,2.743,0.7053,0.6985,0.9926,0.0,0.0,1.6597,5.442546367645264,3.1140682697296143,-64.94,0,1,180,1.735,-0.6288,1.0,0.3309,-0.1886,0.3,0.1324,0.2437,0.7958
69.201,1,RETURN_HOME,1.6857,-0.1488,-2.0172,0.8929,0.8893,2.7822,0.6929,0.6893,0.9773,0.0,0.0,1.6922,5.697391986846924,3.086179256439209,-67.19,0,1,180,1.641,-0.6442,1.0,0.3258,-0.1932,0.3,0.1303,0.2371,0.7987
69.251,1,RETURN_HOME,1.7226,-0.1141,-2.0207,0.8809,0.8804,2.8202,0.6809,0.6804,0.9626,0.0,0.0,1.7263,5.948904037475586,3.0618560314178467,-68.44,0,1,180,1.809,-0.6591,1.0,0.3209,-0.1977,0.3,0.1283,0.2306,0.8136
69.301,1,RETURN_HOME,1.7588,-0.0796,-2.0234,0.8688,0.8717,2.8569,0.6688,0.6717,0.9479,0.0,0.0,1.7606,6.537008762359619,3.01455020904541,-72.44,0,1,180,1.651,-0.6728,1.0,0.316,-0.2018,0.3,0.1264,0.2245,0.7352
69.351,1,RETURN_HOME,1.801,-0.0385,-2.0264,0.854,0.8614,2.8991,0.654,0.6614,0.9302,0.0,0.0,1.8015,6.923813343048096,2.9868712425231934,-75.44,0,1,180,1.785,-0.6877,1.0,0.3101,-0.2063,0.3,0.124,0.2177,0.7618
69.401,1,RETURN_HOME,1.8335,-0.0047,-2.0303,0.8409,0.8529,2.9328,0.6409,0.6529,0.9149,0.0,0.0,1.8335,7.306865692138672,2.9624059200286865,-76.45,0,1,180,1.723,-0.6987,1.0,0.305,-0.2096,0.3,0.122,0.2124,0.7699
69.452,1,RETURN_HOME,1.8657,0.0288,-2.0335,0.8278,0.8444,2.9651,0.6278,0.6444,0.8997,0.0,0.0,1.8659,8.204521179199219,2.9160332679748535,-78.45,0,1,180,2.087,-0.7088,1.0,0.2999,-0.2126,0.3,0.12,0.2073,0.7097
69.501,1,RETURN_HOME,1.9039,0.0682,-2.0369,0.8125,0.8339,3.0025,0.6125,0.6339,0.8814,0.0,0.0,1.9051,10.981369972229004,2.8911232948303223,-81.2,0,1,180,1.75,-0.7201,1.0,0.2938,-0.216,0.3,0.1175,0.2015,0.7297
69.551,1,RETURN_HOME,1.942,0.1062,-2.0417,0.7977,0.8234,3.0377,0.5977,0.7234,0.9384,0.0,0.0,1.9449,11.009713172912598,2.868640661239624,-81.7,0,1,180,1.84,-0.6781,1.0,0.3128,-0.2034,0.3,0.1251,0.2217,0.4552
69.601,1,RETURN_HOME,1.9733,0.1378,-2.0449,0.7855,0.8146,3.0655,0.5855,0.6146,0.8489,0.0,0.0,1.9781,11.060678482055664,2.8228209018707275,-84.45,0,1,180,1.62,-0.7385,1.0,0.283,-0.2215,0.3,0.1132,0.1916,0.6982
69.651,1,RETURN_HOME,2.0048,0.1693,-2.0468,0.7735,0.8056,3.0919,0.5735,0.6056,0.8341,0.0,0.0,2.012,11.090842247009277,2.7961208820343018,-86.2,0,1,180,1.813,-0.7463,1.0,0.278,-0.2239,0.3,0.1112,0.1873,0.7059
69.701,1,RETURN_HOME,2.0431,0.2074,-2.0474,0.7593,0.797,3.1217,0.5593,0.697,0.8936,0.0,0.0,2.0536,11.11573600769043,2.7744953632354736,-86.96,0,1,180,1.656,-0.7014,1.0,0.2979,-0.2104,0.3,0.1191,0.2087,0.4246
69.752,1,RETURN_HOME,2.0744,0.2389,-2.0475,0.7472,0.7899,-3.1386,0.5472,0.6899,0.8806,0.0,0.0,2.0881,11.141162872314453,2.751323699951172,-87.96,0,1,180,1.986,-0.707,1.0,0.2935,-0.2121,0.3,0.1174,0.2053,0.4263
69.801,1,RETURN_HOME,2.1042,0.2703,-2.0472,0.7349,0.7823,-3.1171,0.5349,0.5823,0.7907,0.0,0.0,2.1215,11.194753646850586,2.7033028602600098,-90.46,0,1,180,1.705,-0.7648,1.0,0.2636,-0.2294,0.3,0.1054,0.176,0.6719
69.851,1,RETURN_HOME,2.1378,0.3077,-2.0464,0.7194,0.7748,-3.0931,0.5194,0.6748,0.8516,0.0,0.0,2.1599,11.219565391540527,2.6825709342956543,-91.46,0,1,180,1.808,-0.7166,1.0,0.2839,-0.215,0.3,0.1135,0.1986,0.3824
69.902,1,RETURN_HOME,2.1655,0.3386,-2.0455,0.7065,0.7701,-3.0745,0.5065,0.6701,0.84,0.0,0.0,2.1918,11.243721961975098,2.6593198776245117,-93.46,0,1,180,2.585,-0.7189,1.0,0.28,-0.2157,0.3,0.112,0.1963,0.3765
69.951,1,RETURN_HOME,2.1995,0.3755,-2.0424,0.692,0.7642,-3.0539,0.492,0.5642,0.7486,0.0,0.0,2.2313,11.294502258300781,2.6125354766845703,-93.71,0,1,180,1.797,-0.7747,1.0,0.2495,-0.2324,0.3,0.0998,0.1674,0.6317
70.001,1,RETURN_HOME,2.2279,0.4061,-2.0392,0.6804,0.76,-3.0379,0.4804,0.56,0.7378,0.0,0.0,2.2646,11.317161560058594,2.590651512145996,-94.71,0,1,180,1.837,-0.7767,1.0,0.2459,-0.233,0.3,0.0984,0.1654,0.6232
70.051,1,RETURN_HOME,2.2613,0.4427,-2.0356,0.6662,0.7561,-3.0202,0.8662,0.6561,1.0866,0.0,0.0,2.3042,11.341026306152344,2.5692996978759766,-96.71,0,1,180,1.875,-0.8983,1.0,0.3622,-0.2695,0.3,0.1449,0.1754,0.6007
70.101,1,RETURN_HOME,2.2872,0.4735,-2.0328,0.6527,0.7518,-3.0069,0.8527,0.6518,1.0733,0.0,0.0,2.3357,11.389913558959961,2.5211799144744873,-97.72,0,1,180,1.682,-0.9011,1.0,0.3578,-0.2703,0.3,0.1431,0.1728,0.5919
70.151,1,RETURN_HOME,2.3123,0.5042,-2.0301,0.6373,0.7459,-2.9944,0.8373,0.6459,1.0575,0.0,0.0,2.3666,11.410400390625,2.500246286392212,-99.72,0,1,180,1.891,-0.9038,1.0,0.3525,-0.2711,0.3,0.141,0.1699,0.6012
70.201,1,RETURN_HOME,2.3369,0.5346,-2.0277,0.6298,0.7402,-2.9826,0.8298,0.6402,1.048,0.0,0.0,2.3973,11.430312156677246,2.479095935821533,-98.22,0,1,180,1.685,-0.908,1.0,0.3493,-0.2724,0.3,0.1397,0.1673,0.6217
70.252,1,RETURN_HOME,2.3651,0.5721,-2.0232,0.63,0.7345,-2.9693,0.83,0.6345,1.0448,0.0,0.0,2.4333,11.451534271240234,2.456157684326172,-98.72,0,1,180,1.895,-0.915,1.0,0.3483,-0.2745,0.3,0.1393,0.1648,0.6623
70.301,1,RETURN_HOME,2.3838,0.5971,-2.02,0.6347,0.7314,-2.9609,0.8347,0.6314,1.0466,0.0,0.0,2.4574,11.501391410827637,2.4100468158721924,-100.72,0,1,180,1.583,-0.9202,1.0,0.3489,-0.2761,0.3,0.1395,0.1635,0.6629
70.351,1,RETURN_HOME,2.4124,0.6342,-2.0158,0.6458,0.7275,-2.9489,0.8458,0.6275,1.0532,0.0,0.0,2.4944,11.52646255493164,2.389195203781128,-101.22,0,1,180,1.792,-0.9282,1.0,0.3511,-0.2785,0.3,0.1404,0.162,0.7093
70.401,1,RETURN_HOME,2.4379,0.6637,-2.0134,0.6573,0.7242,-2.9394,0.8573,0.6242,1.0605,0.0,0.0,2.5266,11.552033424377441,2.367694139480591,-100.97,0,1,180,1.661,-0.9346,1.0,0.3535,-0.2804,0.3,0.1414,0.161,0.742
70.452,1,RETURN_HOME,2.4642,0.6927,-2.0114,0.6693,0.721,-2.9303,0.8693,0.621,1.0683,0.0,0.0,2.5597,11.581035614013672,2.343756675720215,-102.72,0,1,180,1.788,-0.9406,1.0,0.3561,-0.2822,0.3,0.1424,0.1603,0.7706
70.501,1,RETURN_HOME,2.4964,0.7273,-2.0093,0.6832,0.7174,-2.92,0.8832,0.6174,1.0776,0.0,0.0,2.6002,11.63318157196045,2.301123857498169,-102.22,0,1,180,1.809,-0.9471,1.0,0.3592,-0.2841,0.3,0.1437,0.1595,0.7966
70.551,1,RETURN_HOME,2.5295,0.7604,-2.0088,0.6964,0.7129,-2.9104,0.8964,0.6129,1.0859,0.0,0.0,2.6413,11.578694343566895,2.2803244590759277,-103.47,0,1,180,1.728,-0.953,1.0,0.362,-0.2859,0.3,0.1448,0.1589,0.8272
70.602,1,RETURN_HOME,2.5575,0.7877,-2.0086,0.707,0.709,-2.9028,0.907,0.709,1.1512,0.0,0.0,2.6761,11.444151878356934,2.2556326389312744,-103.47,0,1,180,2.551,-0.9342,1.0,0.3837,-0.2803,0.3,0.1535,0.1732,0.6816
70.652,1,RETURN_HOME,2.586,0.8149,-2.0084,0.7173,0.7051,-2.8954,0.9173,0.7051,1.157,0.0,0.0,2.7114,11.22891616821289,2.213554859161377,-103.97,0,1,180,1.882,-0.9394,1.0,0.3857,-0.2818,0.3,0.1543,0.1725,0.6874
70.701,1,RETURN_HOME,2.6204,0.8462,-2.0072,0.7297,0.6991,-2.8866,0.9297,0.6991,1.1632,0.0,0.0,2.7537,11.13680648803711,2.191676139831543,-104.97,0,1,180,1.799,-0.9453,1.0,0.3877,-0.2836,0.3,0.1551,0.1715,0.7194
70.751,1,RETURN_HOME,2.6495,0.872,-2.0061,0.7402,0.6957,-2.8794,0.9402,0.6957,1.1696,0.0,0.0,2.7894,11.037540435791016,2.1685705184936523,-104.97,0,1,180,1.873,-0.9495,1.0,0.3899,-0.2849,0.3,0.1559,0.1711,0.7426
70.801,1,RETURN_HOME,2.6791,0.898,-2.0052,0.7507,0.6944,-2.8724,0.9507,0.6944,1.1773,0.0,0.0,2.8256,10.874934196472168,2.1268508434295654,-103.97,0,1,180,1.649,-0.9531,1.0,0.3924,-0.2859,0.3,0.157,0.171,0.7419
70.851,1,RETURN_HOME,2.7188,0.9303,-2.004,0.7652,0.6955,-2.8645,0.9652,0.6955,1.1897,0.0,0.0,2.8736,10.801115036010742,2.105625867843628,-104.97,0,1,180,1.911,-0.9569,1.0,0.3966,-0.2871,0.3,0.1586,0.1716,0.758
70.901,1,RETURN_HOME,2.7521,0.9575,-2.0031,0.7771,0.6977,-2.8584,0.9771,0.6977,1.2006,0.0,0.0,2.9139,10.724739074707031,2.080798387527466,-106.72,0,1,180,1.677,-0.9596,1.0,0.4002,-0.2879,0.3,0.1601,0.1722,0.767
70.952,1,RETURN_HOME,2.7857,0.9848,-2.0023,0.7887,0.7005,-2.8526,0.9887,0.7005,1.2117,0.0,0.0,2.9546,10.664999961853027,2.061403274536133,-106.22,0,1,180,1.737,-0.962,1.0,0.4039,-0.2886,0.3,0.1616,0.173,0.7768
71.001,1,RETURN_HOME,2.8176,1.0101,-2.0036,0.7999,0.7018,-2.8471,0.9999,0.7018,1.2216,0.0,0.0,2.9932,10.55534839630127,2.0184245109558105,-108.48,0,1,180,1.688,-0.9644,1.0,0.4072,-0.2893,0.3,0.1629,0.1736,0.7645
71.051,1,RETURN_HOME,2.8566,1.041,-2.0048,0.8134,0.7034,-2.8406,1.0134,0.7034,1.2336,0.0,0.0,3.0403,10.501662254333496,1.9949091672897339,-109.73,0,1,180,1.799,-0.9671,1.0,0.4112,-0.2901,0.3,0.1645,0.1744,0.7716
71.101,1,RETURN_HOME,2.8891,1.0661,-2.0059,0.8246,0.7044,-2.8353,1.0246,0.7044,1.2434,0.0,0.0,3.0796,10.456174850463867,1.9723701477050781,-106.97,0,1,180,1.875,-0.9692,1.0,0.4145,-0.2908,0.3,0.1658,0.175,0.7787
71.151,1,RETURN_HOME,2.927,1.0929,-2.008,0.838,0.7038,-2.829,1.038,0.6038,1.2008,0.0,0.0,3.1244,10.3764009475708,1.9302823543548584,-107.22,0,1,180,1.767,-0.9857,1.0,0.4003,-0.2957,0.3,0.1601,0.1644,0.9007
71.201,1,RETURN_HOME,2.9658,1.1206,-2.0097,0.8516,0.7038,-2.8229,1.0516,0.6038,1.2126,0.0,0.0,3.1705,10.337356567382812,1.904997706413269,-106.97,0,1,180,1.782,-0.9872,1.0,0.4042,-0.2962,0.3,0.1617,0.1655,0.9017
71.252,1,RETURN_HOME,2.9984,1.1443,-2.0117,0.8627,0.7043,-2.818,1.0627,0.6043,1.2225,0.0,0.0,3.2093,10.302851676940918,1.8833448886871338,-108.23,0,1,180,1.816,-0.9884,1.0,0.4075,-0.2965,0.3,0.163,0.1665,0.8987
71.301,1,RETURN_HOME,3.0308,1.1684,-2.0145,0.8731,0.7036,-2.8134,1.0731,0.6036,1.2312,0.0,0.0,3.2483,10.246698379516602,1.8393076658248901,-108.48,0,1,180,1.652,-0.9896,1.0,0.4104,-0.2969,0.3,0.1642,0.1673,0.8854
71.351,1,RETURN_HOME,3.0707,1.1979,-2.0172,0.8859,0.7007,-2.808,1.0859,0.6007,1.241,0.0,0.0,3.2961,10.219196319580078,1.812517762184143,-109.48,0,1,180,1.833,-0.9911,1.0,0.4137,-0.2973,0.3,0.1655,0.1681,0.8907
71.401,1,RETURN_HOME,3.104,1.2229,-2.0204,0.8965,0.697,-2.8036,1.0965,0.597,1.2485,0.0,0.0,3.3362,10.195596694946289,1.7929637432098389,-109.73,0,1,180,1.678,-0.9924,1.0,0.4162,-0.2977,0.3,0.1665,0.1687,0.887
71.452,1,RETURN_HOME,3.1436,1.2532,-2.0258,0.9089,0.6918,-2.7985,1.1089,0.5918,1.2569,0.0,0.0,3.3841,10.157573699951172,1.748861312866211,-111.73,0,1,180,2.38,-0.9939,1.0,0.419,-0.2982,0.3,0.1676,0.1694,0.874
71.502,1,RETURN_HOME,3.1774,1.2786,-2.0294,0.9196,0.6871,-2.7943,1.1196,0.5871,1.2642,0.0,0.0,3.425,10.138897895812988,1.7243266105651855,-109.48,0,1,180,1.77,-0.995,1.0,0.4214,-0.2985,0.3,0.1686,0.1701,0.8726
71.552,1,RETURN_HOME,3.2196,1.3092,-2.0338,0.933,0.6813,-2.7894,1.133,0.5813,1.2734,0.0,0.0,3.4756,10.122503280639648,1.7026472091674805,-110.98,0,1,180,2.104,-0.9961,1.0,0.4245,-0.2988,0.3,0.1698,0.1709,0.8801
71.601,1,RETURN_HOME,3.2558,1.3347,-2.037,0.9444,0.6766,-2.7854,1.1444,0.5766,1.2815,0.0,0.0,3.5187,10.093290328979492,1.659483551979065,-111.23,0,1,180,1.811,-0.997,1.0,0.4272,-0.2991,0.3,0.1709,0.1718,0.861
71.651,1,RETURN_HOME,3.2926,1.3603,-2.0395,0.9559,0.6721,-2.7816,1.1559,0.5721,1.2898,0.0,0.0,3.5625,10.080268859863281,1.634656548500061,-110.23,0,1,180,1.718,-0.9977,1.0,0.4299,-0.2993,0.3,0.172,0.1727,0.8555
71.701,1,RETURN_HOME,3.3413,1.3916,-2.0369,0.9717,0.6676,-2.7771,1.1717,0.5676,1.302,0.0,0.0,3.6196,10.069060325622559,1.612703561782837,-112.23,0,1,180,1.607,-0.9984,1.0,0.434,-0.2995,0.3,0.1736,0.1741,0.853
71.751,1,RETURN_HOME,3.3838,1.4179,-2.0328,0.9857,0.6642,-2.7735,1.1857,0.4642,1.2733,0.0,0.0,3.6689,10.051426887512207,1.570193886756897,-111.48,0,1,180,1.867,-0.9997,1.0,0.4244,-0.2999,0.3,0.1698,0.1699,0.9253
71.801,1,RETURN_HOME,3.435,1.4493,-2.0281,1.002,0.6603,-2.7694,1.202,0.4603,1.2871,0.0,0.0,3.7282,10.046833992004395,1.545858383178711,-109.98,0,1,180,1.748,-0.9994,1.0,0.429,-0.2998,0.3,0.1716,0.1718,0.9191
71.851,1,RETURN_HOME,3.4845,1.4796,-2.0254,1.0172,0.6554,-2.7655,1.2172,0.4554,1.2996,0.0,0.0,3.7856,10.040399551391602,1.5246895551681519,-111.98,0,1,180,1.793,-0.9991,1.0,0.4332,-0.2997,0.3,0.1733,0.1736,0.9109
71.901,1,RETURN_HOME,3.5258,1.5045,-2.0235,1.0294,0.6492,-2.7625,1.2294,0.4492,1.3089,0.0,0.0,3.8334,10.036959648132324,1.4832991361618042,-113.23,0,1,180,1.684,-0.9986,1.0,0.4363,-0.2996,0.3,0.1745,0.1749,0.8862
71.951,1,RETURN_HOME,3.5764,1.535,-2.0211,1.0441,0.6398,-2.7591,1.2441,0.4398,1.3195,0.0,0.0,3.8919,10.03653621673584,1.4596105813980103,-113.23,0,1,180,1.773,-0.9978,1.0,0.4398,-0.2994,0.3,0.1759,0.1766,0.8811
72.001,1,RETURN_HOME,3.6198,1.5625,-2.0184,1.0568,0.6316,-2.7562,1.1568,0.4316,1.2347,0.0,0.0,3.9426,10.037956237792969,1.4391326904296875,-111.48,0,1,180,1.82,-0.9987,1.0,0.4116,-0.2996,0.3,0.1646,0.165,0.8489
72.051,1,RETURN_HOME,3.6723,1.5948,-2.0153,1.0724,0.6205,-2.7527,1.1724,0.4205,1.2455,0.0,0.0,4.0036,10.042611122131348,1.3989074230194092,-113.23,0,1,180,1.769,-0.9979,1.0,0.4152,-0.2994,0.3,0.1661,0.1667,0.8291
72.101,1,RETURN_HOME,3.7257,1.6259,-2.0118,1.0883,0.6084,-2.7493,1.1883,0.4084,1.2565,0.0,0.0,4.0651,10.04416561126709,1.3758553266525269,-111.48,0,1,180,1.706,-0.9968,1.0,0.4188,-0.299,0.3,0.1675,0.1685,0.8274
72.151,1,RETURN_HOME,3.7711,1.6509,-2.0079,1.0998,0.5975,-2.7465,1.1998,0.3975,1.2639,0.0,0.0,4.1166,10.045645713806152,1.3553522825241089,-113.98,0,1,180,1.744,-0.9957,1.0,0.4213,-0.2987,0.3,0.1685,0.1698,0.8256
72.201,1,RETURN_HOME,3.8167,1.6754,-2.0044,1.1095,0.5867,-2.744,1.2095,0.3867,1.2698,0.0,0.0,4.1683,10.054239273071289,1.3165398836135864,-112.23,0,1,180,1.643,-0.9946,1.0,0.4233,-0.2984,0.3,0.1693,0.1709,0.8062
72.252,1,RETURN_HOME,3.8632,1.6991,-2.0024,1.118,0.5761,-2.7417,1.118,0.3761,1.1796,0.0,0.0,4.2203,10.059906959533691,1.2961612939834595,-112.73,0,1,180,2.132,-0.996,1.0,0.3932,-0.2988,0.3,0.1573,0.1585,0.7707
72.301,1,RETURN_HOME,3.9202,1.7266,-2.0023,1.1278,0.5638,-2.7392,1.1278,0.3638,1.185,0.0,0.0,4.2836,10.064400672912598,1.2774184942245483,-113.98,0,1,180,1.716,-0.9947,1.0,0.395,-0.2984,0.3,0.158,0.1596,0.7711
72.351,1,RETURN_HOME,3.9677,1.7491,-2.0023,1.1357,0.5537,-2.7374,1.1357,0.3537,1.1895,0.0,0.0,4.3361,10.07879638671875,1.238046646118164,-113.98,0,1,180,1.8,-0.9936,1.0,0.3965,-0.2981,0.3,0.1586,0.1605,0.7475
72.401,1,RETURN_HOME,4.0244,1.7772,-2.0027,1.142,0.5425,-2.7354,1.142,0.3425,1.1923,0.0,0.0,4.3993,10.087174415588379,1.2193448543548584,-115.73,0,1,180,1.7,-0.9923,1.0,0.3974,-0.2977,0.3,0.159,0.1613,0.7369
72.452,1,RETURN_HOME,4.0714,1.8012,-2.0033,1.145,0.5339,-2.7337,1.145,0.3339,1.1927,0.0,0.0,4.452,10.095029830932617,1.2020015716552734,-114.48,0,1,180,1.86,-0.9912,1.0,0.3976,-0.2974,0.3,0.159,0.1617,0.7288
72.501,1,RETURN_HOME,4.1277,1.8293,-2.0039,1.1469,0.5233,-2.7319,1.0469,0.3233,1.0957,0.0,0.0,4.5148,10.117035865783691,1.166547417640686,-112.48,0,1,180,1.683,-0.9931,1.0,0.3652,-0.2979,0.3,0.1461,0.1482,0.6909
72.551,1,RETURN_HOME,4.1731,1.8514,-2.0041,1.1473,0.5139,-2.7305,1.0473,0.3139,1.0933,0.0,0.0,4.5653,10.131789207458496,1.148099422454834,-114.23,0,1,180,1.777,-0.992,1.0,0.3644,-0.2976,0.3,0.1458,0.1482,0.6805
72.601,1,RETURN_HOME,4.2176,1.8727,-2.0041,1.1476,0.504,-2.7292,1.0476,0.304,1.0908,0.0,0.0,4.6147,10.1434326171875,1.1300435066223145,-114.23,0,1,180,1.685,-0.9908,1.0,0.3636,-0.2973,0.3,0.1454,0.1482,0.672
72.652,1,RETURN_HOME,4.2713,1.8976,-2.0041,1.1457,0.4917,-2.7279,1.0457,0.2917,1.0856,0.0,0.0,4.6738,10.155915260314941,1.1143640279769897,-113.73,0,1,180,1.966,-0.9894,1.0,0.3619,-0.2968,0.3,0.1447,0.1479,0.664
72.701,1,RETURN_HOME,4.3167,1.9159,-2.0042,1.1427,0.4805,-2.7269,1.0427,0.2805,1.0798,0.0,0.0,4.7228,10.188039779663086,1.0793105363845825,-113.98,0,1,180,1.669,-0.988,1.0,0.3599,-0.2964,0.3,0.144,0.1476,0.6393
72.751,1,RETURN_HOME,4.3712,1.937,-2.0042,1.1379,0.467,-2.7257,1.0379,0.267,1.0717,0.0,0.0,4.7811,10.201533317565918,1.0652867555618286,-116.98,0,1,180,1.759,-0.9864,1.0,0.3572,-0.2959,0.3,0.1429,0.147,0.6345
72.801,1,RETURN_HOME,4.4164,1.9542,-2.0041,1.1333,0.4558,-2.7248,1.0333,0.2558,1.0645,0.0,0.0,4.8295,10.21743392944336,1.0504827499389648,-111.98,0,1,180,1.783,-0.9849,1.0,0.3548,-0.2955,0.3,0.1419,0.1465,0.6255
72.851,1,RETURN_HOME,4.4638,1.9722,-2.0019,1.1294,0.4456,-2.7237,1.0294,0.2456,1.0583,0.0,0.0,4.8801,10.25293254852295,1.0188676118850708,-114.23,0,1,180,1.755,-0.9835,1.0,0.3528,-0.2951,0.3,0.1411,0.146,0.6055
72.901,1,RETURN_HOME,4.5209,1.9936,-1.999,1.1248,0.4336,-2.7225,1.0248,0.2336,1.0511,0.0,0.0,4.9409,10.269440650939941,1.0023858547210693,-114.23,0,1,180,1.744,-0.9818,1.0,0.3504,-0.2945,0.3,0.1401,0.1456,0.5982
72.951,1,RETURN_HOME,4.5679,2.011,-1.9968,1.1208,0.4234,-2.7216,1.0208,0.2234,1.045,0.0,0.0,4.991,10.287667274475098,0.9888598322868347,-114.23,0,1,180,1.758,-0.9802,1.0,0.3483,-0.2941,0.3,0.1393,0.1453,0.5931
73.001,1,RETURN_HOME,4.6126,2.0268,-2.0,1.1161,0.4122,-2.7209,1.0161,0.2122,1.038,0.0,0.0,5.0382,10.330484390258789,0.9594183564186096,-116.98,0,1,180,1.863,-0.9784,1.0,0.346,-0.2935,0.3,0.1384,0.1449,0.5748
73.051,1,RETURN_HOME,4.6654,2.0449,-2.0048,1.1102,0.3984,-2.7204,1.0102,0.1984,1.0295,0.0,0.0,5.0939,10.349515914916992,0.9463772773742676,-115.98,0,1,180,1.764,-0.9761,1.0,0.3432,-0.2928,0.3,0.1373,0.1444,0.5694
73.101,1,RETURN_HOME,4.7092,2.0597,-2.0082,1.1053,0.3868,-2.7202,1.0053,0.1868,1.0225,0.0,0.0,5.14,10.370133399963379,0.933230996131897,-116.23,0,1,180,1.652,-0.974,1.0,0.3408,-0.2922,0.3,0.1363,0.1441,0.5601
73.153,1,RETURN_HOME,4.7533,2.0735,-2.0105,1.1008,0.3748,-2.7202,1.0008,0.1748,1.016,0.0,0.0,5.1858,10.39328384399414,0.9201446771621704,-115.23,0,1,180,1.901,-0.9717,1.0,0.3387,-0.2915,0.3,0.1355,0.1439,0.5535
73.202,1,RETURN_HOME,4.7971,2.0871,-2.0124,1.0963,0.3629,-2.7203,0.9963,0.1629,1.0096,0.0,0.0,5.2314,10.444504737854004,0.8941524028778076,-112.73,0,1,180,2.281,-0.9693,1.0,0.3365,-0.2908,0.3,0.1346,0.1438,0.5327
73.251,1,RETURN_HOME,4.8494,2.1029,-2.0141,1.0909,0.3488,-2.7207,0.9909,0.1488,1.002,0.0,0.0,5.2857,10.467790603637695,0.8813596367835999,-113.98,0,1,180,1.814,-0.9663,1.0,0.334,-0.2899,0.3,0.1336,0.1437,0.5246
73.301,1,RETURN_HOME,4.9009,2.1222,-2.0193,1.0855,0.3368,-2.7212,0.9855,0.1368,0.9949,0.0,0.0,5.3406,10.492877006530762,0.868389904499054,-116.23,0,1,180,1.87,-0.9636,1.0,0.3316,-0.2891,0.3,0.1327,0.1436,0.5183
73.351,1,RETURN_HOME,4.9436,2.1376,-2.0228,1.0808,0.3267,-2.7219,0.9808,0.1267,0.989,0.0,0.0,5.3859,10.549031257629395,0.8462696671485901,-111.73,0,1,180,1.759,-0.9612,1.0,0.3297,-0.2883,0.3,0.1319,0.1435,0.4998
73.401,1,RETURN_HOME,4.9862,2.1525,-2.0255,1.076,0.3166,-2.7228,0.976,0.1166,0.983,0.0,0.0,5.431,10.57725715637207,0.8352746367454529,-114.73,0,1,180,1.632,-0.9586,0.9985,0.3277,-0.2876,0.2996,0.1311,0.143,0.4925
73.452,1,RETURN_HOME,5.0379,2.1701,-2.0271,1.0705,0.3045,-2.7241,0.9705,0.1045,0.9761,0.0,0.0,5.4854,10.604791641235352,0.8240544199943542,-113.73,0,1,180,2.039,-0.9555,0.9888,0.3254,-0.2866,0.2966,0.1301,0.1401,0.4858
73.502,1,RETURN_HOME,5.0807,2.184,-2.028,1.0658,0.2941,-2.7252,0.8658,0.0941,0.8709,0.0,0.0,5.5303,10.665837287902832,0.8020119667053223,-115.23,0,1,180,2.181,-0.956,0.949,0.2903,-0.2868,0.2847,0.1161,0.114,0.4663
73.552,1,RETURN_HOME,5.1233,2.1973,-2.0288,1.0612,0.2834,-2.7266,0.8612,0.0834,0.8652,0.0,0.0,5.5747,10.694358825683594,0.7921336889266968,-112.98,0,1,180,2.126,-0.9528,0.9335,0.2884,-0.2858,0.28,0.1154,0.1096,0.4607
73.601,1,RETURN_HOME,5.1659,2.2094,-2.0307,1.0572,0.2723,-2.728,0.8572,0.0723,0.8603,0.0,0.0,5.6186,10.723485946655273,0.782980740070343,-114.48,0,1,180,1.697,-0.9492,0.9206,0.2868,-0.2848,0.2762,0.1147,0.1061,0.4555
73.651,1,RETURN_HOME,5.2168,2.2232,-2.0323,1.0498,0.2585,-2.7297,0.9498,0.0585,0.9516,0.0,0.0,5.6707,10.755880355834961,0.7731544375419617,-113.73,0,1,180,1.809,-0.9423,0.911,0.3172,-0.2827,0.2733,0.1269,0.1175,0.4539
73.702,1,RETURN_HOME,5.2504,2.232,-2.033,1.0433,0.2492,-2.7307,0.9433,0.0492,0.9446,0.0,0.0,5.7051,10.78457260131836,0.7631129622459412,-116.23,0,1,180,1.954,-0.9394,0.8985,0.3149,-0.2818,0.2696,0.1259,0.1137,0.4493
73.751,1,RETURN_HOME,5.3036,2.242,-2.0343,1.0329,0.2343,-2.732,0.9329,0.0343,0.9335,0.0,0.0,5.758,10.8414306640625,0.7464872002601624,-116.73,0,1,180,1.926,-0.9348,0.8734,0.3112,-0.2804,0.262,0.1245,0.1061,0.439
73.801,1,RETURN_HOME,5.3472,2.2499,-2.0349,1.0249,0.2221,-2.733,0.9249,0.0221,0.9252,0.0,0.0,5.8012,10.873591423034668,0.7378426790237427,-114.73,0,1,180,1.565,-0.9307,0.8592,0.3084,-0.2792,0.2578,0.1234,0.1019,0.4336
73.851,1,RETURN_HOME,5.3902,2.2575,-2.0351,1.0182,0.21,-2.7338,0.9182,0.01,0.9183,0.0,0.0,5.8439,10.89918327331543,0.7308202385902405,-112.23,0,1,180,1.805,-0.9265,0.8535,0.3061,-0.278,0.256,0.1224,0.1005,0.4277
73.901,1,RETURN_HOME,5.4403,2.2648,-2.0329,1.0109,0.1945,-2.7349,0.9109,-0.0055,0.9109,0.0,0.0,5.8929,10.949820518493652,0.7161651849746704,-110.73,0,1,180,1.748,-0.9209,0.8314,0.3036,-0.2763,0.2494,0.1215,0.0946,0.4164
73.951,1,RETURN_HOME,5.4899,2.2717,-2.0306,1.0045,0.179,-2.7361,0.9045,-0.021,0.9048,0.0,0.0,5.9414,10.981217384338379,0.7084653377532959,-116.48,0,1,180,1.772,-0.9149,0.8256,0.3016,-0.2745,0.2477,0.1206,0.0938,0.4118
74.001,1,RETURN_HOME,5.5308,2.2775,-2.0265,0.9997,0.1664,-2.7372,0.8997,-0.0336,0.9003,0.0,0.0,5.9814,11.006054878234863,0.7015902996063232,-113.73,0,1,180,1.711,-0.9098,0.823,0.3001,-0.2729,0.2469,0.12,0.094,0.4081
74.051,1,RETURN_HOME,5.5792,2.2849,-2.0187,0.9942,0.1516,-2.7385,0.7942,-0.0484,0.7957,0.0,0.0,6.0289,11.055037498474121,0.6905694603919983,-116.98,0,1,180,1.665,-0.9007,0.8208,0.2652,-0.2702,0.2462,0.1061,0.0821,0.3994
74.101,1,RETURN_HOME,5.6192,2.2905,-2.0127,0.9896,0.1392,-2.7397,0.8896,-0.0608,0.8917,0.0,0.0,6.0681,11.08275032043457,0.6844725012779236,-114.48,0,1,180,1.734,-0.8981,0.8269,0.2972,-0.2694,0.2481,0.1189,0.0975,0.3995
74.151,1,RETURN_HOME,5.6596,2.2957,-2.0083,0.9852,0.1268,-2.741,0.8852,-0.0732,0.8882,0.0,0.0,6.1075,11.111092567443848,0.6792208552360535,-114.48,0,1,180,1.78,-0.8925,0.8364,0.2961,-0.2678,0.2509,0.1184,0.1016,0.3995
74.201,1,RETURN_HOME,5.7003,2.3005,-2.0056,0.9787,0.1143,-2.7422,0.8787,-0.0857,0.8829,0.0,0.0,6.147,11.162772178649902,0.6694288849830627,-113.48,0,1,180,1.728,-0.8866,0.8535,0.2943,-0.266,0.256,0.1177,0.1078,0.4015
74.251,1,RETURN_HOME,5.7487,2.3056,-2.0028,0.9708,0.0993,-2.7438,0.8708,-0.1007,0.8766,0.0,0.0,6.1938,11.191052436828613,0.6650399565696716,-113.23,0,1,180,1.716,-0.8792,0.8769,0.2922,-0.2638,0.2631,0.1169,0.1162,0.4085
74.301,1,RETURN_HOME,5.7903,2.3083,-1.9973,0.9651,0.0865,-2.7452,0.8651,-0.1135,0.8725,0.0,0.0,6.2335,11.216065406799316,0.6632985472679138,-108.98,0,1,180,1.554,-0.8729,0.9026,0.2908,-0.2619,0.2708,0.1163,0.1253,0.4171
74.351,1,RETURN_HOME,5.8409,2.3104,-1.9892,0.9592,0.0709,-2.747,0.8592,-0.1291,0.8688,0.0,0.0,6.2813,11.266624450683594,0.6638481616973877,-104.47,0,1,180,1.816,-0.8649,0.9554,0.2896,-0.2595,0.2866,0.1158,0.143,0.4363
74.401,1,RETURN_HOME,5.8906,2.312,-1.9823,0.9533,0.0552,-2.7489,0.8533,-0.1448,0.8655,0.0,0.0,6.328,11.292558670043945,0.6667752265930176,-101.22,0,1,180,1.568,-0.8566,0.9894,0.2885,-0.257,0.2968,0.1154,0.1552,0.4344
74.451,1,RETURN_HOME,5.9299,2.3122,-1.974,0.9478,0.0419,-2.7506,0.8478,-0.1581,0.8624,0.0,0.0,6.3647,11.318767547607422,0.671883761882782,-98.47,0,1,180,1.781,-0.8493,1.0,0.2875,-0.2548,0.3,0.115,0.1602,0.3836
74.501,1,RETURN_HOME,5.9684,2.3121,-1.966,0.9421,0.0284,-2.7523,0.9421,-0.0716,0.9448,0.0,0.0,6.4006,11.369179725646973,0.6824289560317993,-93.96,0,1,180,1.713,-0.9024,1.0,0.3149,-0.2707,0.3,0.126,0.1552,0.4813
74.551,1,RETURN_HOME,6.0142,2.3114,-1.958,0.9349,0.0121,-2.7543,0.7349,-0.1879,0.7585,0.0,0.0,6.4431,11.39936637878418,0.6950939297676086,-90.96,0,1,180,1.696,-0.8154,1.0,0.2528,-0.2446,0.3,0.1011,0.1565,0.3886
74.601,1,RETURN_HOME,6.0529,2.3081,-1.9481,0.9294,-0.0024,-2.7558,0.7294,-0.2024,0.757,0.0,0.0,6.478,11.424181938171387,0.704619824886322,-88.71,0,1,180,1.601,-0.8051,1.0,0.2523,-0.2415,0.3,0.1009,0.1594,0.3414
74.652,1,RETURN_HOME,6.0989,2.304,-1.9384,0.9262,-0.0169,-2.7578,0.9262,-0.1169,0.9336,0.0,0.0,6.5196,11.470385551452637,0.73049396276474,-84.2,0,1,180,2.13,-0.8839,1.0,0.3112,-0.2652,0.3,0.1245,0.1593,0.4528
74.701,1,RETURN_HOME,6.1368,2.3004,-1.932,0.9205,-0.0292,-2.7596,1.0205,-0.0292,1.0209,0.0,0.0,6.5538,11.49946403503418,0.7470886707305908,-81.95,0,1,180,1.605,-0.9259,1.0,0.3403,-0.2778,0.3,0.1361,0.1583,0.5779
74.751,1,RETURN_HOME,6.1861,2.2979,-1.9239,0.9111,-0.0442,-2.7618,1.0111,-0.0442,1.0121,0.0,0.0,6.5991,11.524956703186035,0.7621621489524841,-79.95,0,1,180,1.76,-0.9213,1.0,0.3374,-0.2764,0.3,0.1349,0.1585,0.5935
74.801,1,RETURN_HOME,6.2263,2.2955,-1.9186,0.9056,-0.0551,-2.7635,1.1056,-0.0551,1.107,0.0,0.0,6.6359,11.553475379943848,0.7783710956573486,-77.95,0,1,180,1.77,-0.9199,1.0,0.369,-0.276,0.3,0.1476,0.1716,0.6292
74.851,1,RETURN_HOME,6.2658,2.2927,-1.9146,0.9044,-0.0627,-2.7651,1.1044,0.0373,1.105,0.0,0.0,6.6721,11.602631568908691,0.8161203861236572,-74.19,0,1,180,1.747,-0.9502,1.0,0.3683,-0.2851,0.3,0.1473,0.1623,0.6674
74.901,1,RETURN_HOME,6.3048,2.2897,-1.9145,0.9059,-0.0684,-2.7671,1.1059,0.0316,1.1064,0.0,0.0,6.7077,11.626392364501953,0.8331242799758911,-72.69,0,1,180,1.681,-0.9493,1.0,0.3688,-0.2848,0.3,0.1475,0.1627,0.6917
74.952,1,RETURN_HOME,6.3514,2.2859,-1.9154,0.9137,-0.0725,-2.7695,1.1137,0.0275,1.114,0.0,0.0,6.7502,11.654253005981445,0.8566886782646179,-70.94,0,1,180,1.964,-0.949,1.0,0.3713,-0.2847,0.3,0.1485,0.1638,0.714
75.001,1,RETURN_HOME,6.3968,2.2817,-1.9161,0.9257,-0.0728,-2.7721,1.1257,0.0272,1.126,0.0,0.0,6.7915,11.713332176208496,0.8964223265647888,-67.94,0,1,180,1.668,-0.9497,1.0,0.3753,-0.2849,0.3,0.1501,0.1652,0.7559
75.051,1,RETURN_HOME,6.4331,2.2777,-1.9157,0.9368,-0.0712,-2.7744,1.1368,0.0288,1.1372,0.0,0.0,6.8244,11.744887351989746,0.9197912812232971,-66.69,0,1,180,1.833,-0.9508,1.0,0.3791,-0.2852,0.3,0.1516,0.1664,0.7526
75.101,1,RETURN_HOME,6.4774,2.2732,-1.916,0.9509,-0.0673,-2.7773,1.1509,0.0327,1.1514,0.0,0.0,6.8647,11.777949333190918,0.9444367289543152,-65.19,0,1,180,1.879,-0.9526,1.0,0.3838,-0.2858,0.3,0.1535,0.1677,0.756
75.151,1,RETURN_HOME,6.515,2.27,-1.9168,0.9629,-0.0629,-2.7799,1.1629,0.0371,1.1635,0.0,0.0,6.8991,11.85303020477295,0.9926794767379761,-62.68,0,1,180,1.699,-0.9543,1.0,0.3878,-0.2863,0.3,0.1551,0.1688,0.7354
75.201,1,RETURN_HOME,6.5531,2.2674,-1.9181,0.9748,-0.0578,-2.7826,1.1748,0.0422,1.1756,0.0,0.0,6.9343,11.888598442077637,1.0149643421173096,-61.43,0,1,180,1.66,-0.9562,1.0,0.3919,-0.2868,0.3,0.1567,0.1699,0.7356
75.251,1,RETURN_HOME,6.5918,2.265,-1.9197,0.9865,-0.0529,-2.7852,1.1865,0.0471,1.1875,0.0,0.0,6.9701,11.926395416259766,1.0402841567993164,-60.18,0,1,180,1.655,-0.9579,1.0,0.3958,-0.2874,0.3,0.1583,0.171,0.7387
75.301,1,RETURN_HOME,6.6304,2.2623,-1.9223,0.9979,-0.0484,-2.788,1.1979,0.0516,1.199,0.0,0.0,7.0058,11.967893600463867,1.065293788909912,-59.18,0,1,180,1.702,-0.9594,1.0,0.3997,-0.2878,0.3,0.1599,0.172,0.7361
75.351,1,RETURN_HOME,6.6752,2.2571,-1.9286,1.0103,-0.0446,-2.7913,1.2103,0.1554,1.2202,0.0,0.0,7.0465,12.05398941040039,1.1171106100082397,-56.68,0,1,180,1.777,-0.9804,1.0,0.4067,-0.2941,0.3,0.1627,0.1686,0.8722
75.401,1,RETURN_HOME,6.7133,2.2532,-1.9337,1.0208,-0.0416,-2.7942,1.2208,0.1584,1.231,0.0,0.0,7.0814,12.096820831298828,1.143075942993164,-55.68,0,1,180,1.597,-0.9811,1.0,0.4103,-0.2943,0.3,0.1641,0.1698,0.8603
75.451,1,RETURN_HOME,6.7609,2.25,-1.9381,1.034,-0.0378,-2.7973,1.234,0.1622,1.2447,0.0,0.0,7.1254,12.140047073364258,1.1694821119308472,-54.68,0,1,180,1.812,-0.9819,1.0,0.4149,-0.2946,0.3,0.166,0.1714,0.8494
75.501,1,RETURN_HOME,6.8018,2.2486,-1.9407,1.0459,-0.0325,-2.7998,1.2459,0.1675,1.2571,0.0,0.0,7.1638,12.230547904968262,1.2289619445800781,-52.67,0,1,180,1.778,-0.9828,1.0,0.419,-0.2948,0.3,0.1676,0.1728,0.8197
75.551,1,RETURN_HOME,6.8433,2.2474,-1.9433,1.0579,-0.0252,-2.8022,1.2579,0.1748,1.27,0.0,0.0,7.2029,12.266236305236816,1.2586971521377563,-51.67,0,1,180,1.784,-0.984,1.0,0.4233,-0.2952,0.3,0.1693,0.1741,0.8154
75.601,1,RETURN_HOME,6.8932,2.2452,-1.9448,1.0721,-0.015,-2.805,1.1721,0.185,1.1866,0.0,0.0,7.2496,12.31279182434082,1.2874621152877808,-50.92,0,1,180,1.788,-0.9875,1.0,0.3955,-0.2962,0.3,0.1582,0.162,0.8265
75.651,1,RETURN_HOME,6.9349,2.2429,-1.945,1.0837,-0.0059,-2.8075,1.1837,0.1941,1.1995,0.0,0.0,7.2886,12.404004096984863,1.348507046699524,-48.92,0,1,180,1.685,-0.9887,1.0,0.3998,-0.2966,0.3,0.1599,0.1633,0.8022
75.701,1,RETURN_HOME,6.9857,2.241,-1.9456,1.098,0.0059,-2.8103,1.198,0.2059,1.2156,0.0,0.0,7.3364,12.450016021728516,1.3763269186019897,-48.17,0,1,180,1.956,-0.9902,1.0,0.4052,-0.2971,0.3,0.1621,0.165,0.7926
75.751,1,RETURN_HOME,7.0401,2.2423,-1.9423,1.1107,0.0187,-2.8132,1.2107,0.2187,1.2303,0.0,0.0,7.3886,12.492841720581055,1.4094371795654297,-47.17,0,1,180,1.691,-0.9916,1.0,0.4101,-0.2975,0.3,0.164,0.1666,0.7865
75.801,1,RETURN_HOME,7.0769,2.2437,-1.9401,1.1179,0.0273,-2.8151,1.1179,0.1273,1.1251,0.0,0.0,7.4241,12.588244438171387,1.4723811149597168,-45.67,0,1,180,1.68,-0.9813,1.0,0.375,-0.2944,0.3,0.15,0.1556,0.6538
75.852,1,RETURN_HOME,7.1323,2.2462,-1.9376,1.1276,0.0406,-2.8179,1.1276,0.1406,1.1364,0.0,0.0,7.4777,12.634092330932617,1.5032141208648682,-44.67,0,1,180,1.803,-0.9836,1.0,0.3788,-0.2951,0.3,0.1515,0.1564,0.6484
75.901,1,RETURN_HOME,7.1854,2.2501,-1.9324,1.1349,0.0542,-2.8207,1.1349,0.2542,1.1631,0.0,0.0,7.5295,12.682939529418945,1.5355650186538696,-43.92,0,1,180,1.814,-0.9965,1.0,0.3877,-0.299,0.3,0.1551,0.1561,0.7636
75.951,1,RETURN_HOME,7.2296,2.2537,-1.9287,1.1382,0.0634,-2.8229,1.1382,0.2634,1.1683,0.0,0.0,7.5727,12.779955863952637,1.5919296741485596,135.0,0,1,180,1.746,-0.9972,1.0,0.3894,-0.2992,0.3,0.1558,0.1566,0.7199
76.001,1,RETURN_HOME,7.274,2.2576,-1.9259,1.1399,0.0704,-2.8251,1.1399,0.2704,1.1715,0.0,0.0,7.6163,12.828763961791992,1.5527313947677612,135.0,0,1,180,1.744,-0.9977,1.0,0.3905,-0.2993,0.3,0.1562,0.1569,0.7026
76.051,1,RETURN_HOME,7.3273,2.2634,-1.9237,1.1409,0.0795,-2.8275,1.1409,0.2795,1.1747,0.0,0.0,7.6689,12.875945091247559,1.5157047510147095,135.0,0,1,180,1.834,-0.9982,1.0,0.3916,-0.2995,0.3,0.1566,0.1571,0.6901
76.101,1,RETURN_HOME,7.3718,2.2686,-1.9227,1.1415,0.0881,-2.8295,1.0415,0.2881,1.0806,0.0,0.0,7.713,12.927250862121582,1.4699547290802002,135.0,0,1,180,1.761,-0.9996,1.0,0.3602,-0.2999,0.3,0.1441,0.1442,0.6946
76.151,1,RETURN_HOME,7.4165,2.274,-1.9224,1.1421,0.0977,-2.8315,1.0421,0.2977,1.0838,0.0,0.0,7.7573,13.01954174041748,1.3927839994430542,135.0,0,1,180,1.826,-0.9998,1.0,0.3613,-0.2999,0.3,0.1445,0.1446,0.6554
76.201,1,RETURN_HOME,7.4802,2.2867,-1.9228,1.1431,0.1153,-2.8341,1.0431,0.3153,1.0897,0.0,0.0,7.8219,13.067610740661621,1.3518179655075073,135.0,0,1,180,1.863,-1.0,1.0,0.3632,-0.3,0.3,0.1453,0.1453,0.6475
76.251,1,RETURN_HOME,7.5257,2.2958,-1.9237,1.1415,0.128,-2.8358,1.0415,0.328,1.0919,0.0,0.0,7.8681,13.160102844238281,1.2680777311325073,135.0,0,1,180,1.766,-1.0,1.0,0.364,-0.3,0.3,0.1456,0.1456,0.5964
76.301,1,RETURN_HOME,7.5719,2.3049,-1.9252,1.1385,0.1407,-2.8374,0.9385,0.3407,0.9984,0.0,0.0,7.9149,13.204554557800293,1.227927565574646,135.0,0,1,180,1.675,-0.9986,1.0,0.3328,-0.2996,0.3,0.1331,0.1335,0.6061
76.351,1,RETURN_HOME,7.6307,2.3159,-1.9278,1.1351,0.1559,-2.8392,0.9351,0.3559,1.0006,0.0,0.0,7.9744,13.249996185302734,1.1876903772354126,135.0,0,1,180,1.748,-0.9976,1.0,0.3335,-0.2993,0.3,0.1334,0.1341,0.5897
76.401,1,RETURN_HOME,7.6791,2.3253,-1.9304,1.1316,0.1683,-2.8405,0.9316,0.3683,1.0018,0.0,0.0,8.0234,13.29848575592041,1.1431065797805786,135.0,0,1,180,1.68,-0.9966,1.0,0.3339,-0.299,0.3,0.1336,0.1346,0.5687
76.452,1,RETURN_HOME,7.7267,2.3348,-1.9329,1.1255,0.1803,-2.8417,0.9255,0.3803,1.0006,0.0,0.0,8.0717,13.385765075683594,1.0635550022125244,135.0,0,1,180,1.862,-0.9954,1.0,0.3335,-0.2986,0.3,0.1334,0.1348,0.5206
76.501,1,RETURN_HOME,7.7913,2.3485,-1.9353,1.1136,0.1969,-2.8433,0.9136,0.3969,0.9961,0.0,0.0,8.1375,13.427285194396973,1.0235295295715332,135.0,0,1,180,1.861,-0.9932,1.0,0.332,-0.2979,0.3,0.1328,0.1349,0.5008
76.552,1,RETURN_HOME,7.8277,2.3564,-1.9368,1.1058,0.2062,-2.8443,0.0,0.0,0.0,0.0,0.0,8.1747,13.472963333129883,0.9812341332435608,135.0,0,0,180,1.995,,,,,,,,
76.601,1,RETURN_HOME,7.8818,2.3689,-1.9414,1.096,0.2218,-2.8457,0.0,0.0,0.0,0.0,0.0,8.2301,13.557441711425781,0.9013208746910095,135.0,0,0,180,1.681,,,,,,,,
76.651,1,RETURN_HOME,7.9354,2.3821,-1.949,1.0817,0.2368,-2.8461,0.0,0.0,0.0,0.0,0.0,8.2852,13.59924030303955,0.8634293079376221,135.0,0,0,180,1.768,,,,,,,,
76.701,1,RETURN_HOME,7.9789,2.3932,-1.9558,1.0487,0.2396,-2.8462,0.0,0.0,0.0,0.0,0.0,8.33,13.6306734085083,0.8226621150970459,135.0,0,0,180,1.665,,,,,,,,
76.751,1,RETURN_HOME,8.0188,2.405,-1.9634,1.0015,0.236,-2.8467,0.0,0.0,0.0,0.0,0.0,8.3717,13.70346736907959,0.7549453973770142,135.0,0,0,180,1.654,,,,,,,,
76.801,1,RETURN_HOME,8.0628,2.4192,-1.9722,0.933,0.2255,-2.8477,0.0,0.0,0.0,0.0,0.0,8.4179,13.755021095275879,0.7209286093711853,135.0,0,0,180,1.953,,,,,,,,
76.851,1,RETURN_HOME,8.0971,2.4302,-1.9784,0.8715,0.2131,-2.8486,0.0,0.0,0.0,0.0,0.0,8.454,13.81499195098877,0.6850936412811279,135.0,0,0,180,1.758,,,,,,,,
76.901,1,RETURN_HOME,8.1304,2.4408,-1.9816,0.8103,0.1994,-2.8495,0.0,0.0,0.0,0.0,0.0,8.4888,13.647307395935059,0.6203705072402954,135.0,0,0,180,1.753,,,,,,,,
76.951,1,RETURN_HOME,8.1675,2.4524,-1.9841,0.7397,0.1825,-2.8505,0.5397,0.3825,0.6615,0.0,0.0,8.5277,13.776979446411133,0.5921010375022888,135.0,0,1,180,1.849,-0.9477,0.4614,0.2205,-0.2843,0.1384,0.0882,-0.0577,0.2306
77.001,1,RETURN_HOME,8.1959,2.4612,-1.9858,0.6837,0.1684,-2.8512,0.4837,0.3684,0.608,0.0,0.0,8.5575,13.961273193359375,0.5600387454032898,135.0,0,1,180,1.74,-0.9362,0.3673,0.2027,-0.2809,0.1102,0.0811,-0.0896,0.1849
77.051,1,RETURN_HOME,8.2063,2.4372,-1.9871,-0.1159,-1.2189,2.803,0.0,0.0,0.0,0.0,0.0,8.5605,13.989673614501953,0.5081876516342163,134.75,0,0,180,1.732,,,,,,,,
77.102,1,RETURN_HOME,8.1872,2.3849,-1.98,-0.5952,-0.9542,1.6703,0.0,0.0,0.0,0.0,0.0,8.5275,6.977174282073975,0.4996991753578186,-135.0,0,0,180,1.878,,,,,,,,
77.151,1,RETURN_HOME,8.1612,2.3573,-1.9653,-0.5961,-0.5202,0.7987,0.0,0.0,0.0,0.0,0.0,8.4948,11.559959411621094,0.4302184283733368,-106.22,0,0,180,1.668,,,,,,,,
77.201,1,RETURN_HOME,8.1318,2.3451,-1.9459,-0.3346,-0.3661,-0.0855,0.0,0.0,0.0,0.0,0.0,8.4632,0.5641505122184753,0.34493160247802734,-60.93,0,0,180,1.802,,,,,,,,
77.252,1,RETURN_HOME,8.1088,2.3275,-1.9232,-0.0985,-0.632,-1.1061,0.0,0.0,0.0,0.0,0.0,8.4363,0.30188149213790894,0.29953309893608093,17.89,1,0,180,1.802,,,,,,,,
77.301,1,RETURN_HOME,8.095,2.2983,-1.9011,-0.1455,-1.0045,-1.9369,0.0,0.0,0.0,0.0,0.0,8.4149,0.5626863837242126,0.3631609380245209,61.43,0,0,180,1.565,,,,,,,,
77.351,1,RETURN_HOME,8.0776,2.2414,-1.868,-0.5052,-1.282,-2.9836,0.0,0.0,0.0,0.0,0.0,8.3828,6.143722057342529,0.44716402888298035,100.97,0,0,180,1.838,,,,,,,,
77.401,1,RETURN_HOME,8.0482,2.1899,-1.83,-0.8529,-1.2281,2.476,0.0,0.0,0.0,0.0,0.0,8.3408,5.305704116821289,0.7488338351249695,135.0,0,0,180,1.663,,,,,,,,
77.451,1,RETURN_HOME,7.9973,2.1368,-1.778,-1.0503,-0.9605,1.5127,0.0,0.0,0.0,0.0,0.0,8.2778,8.716334342956543,0.5599045157432556,-134.25,0,0,180,1.892,,,,,,,,
77.501,1,RETURN_HOME,7.9454,2.1027,-1.736,-0.9606,-0.779,0.6934,0.0,0.0,0.0,0.0,0.0,8.2189,13.848966598510742,0.5147734880447388,-105.97,0,0,180,1.754,,,,,,,,
77.551,1,RETURN_HOME,7.902,2.0725,-1.6955,-0.7091,-0.7746,-0.0737,0.0,0.0,0.0,0.0,0.0,8.1693,0.4680024981498718,0.4384702742099762,-30.15,0,0,180,1.696,,,,,,,,
77.601,1,RETURN_HOME,7.867,2.0308,-1.6427,-0.401,-1.0312,-0.9902,0.0,0.0,0.0,0.0,0.0,8.1249,0.44683390855789185,0.44683390855789185,9.38,0,0,179,1.717,,,,,,,,
77.651,1,RETURN_HOME,7.8507,1.9847,-1.5913,-0.3584,-1.3689,-1.7963,0.0,0.0,0.0,0.0,0.0,8.0977,0.6186145544052124,0.49794086813926697,45.42,0,0,179,1.674,,,,,,,,
77.7,1,RETURN_HOME,7.832,1.926,-1.5302,-0.5127,-1.6291,-2.5537,0.0,0.0,0.0,0.0,0.0,8.0653,1.8347200155258179,0.5764858722686768,80.2,0,0,180,0.81,,,,,,,,
77.75,1,RETURN_HOME,7.8031,1.8583,-1.4625,-0.7334,-1.7285,3.0014,0.0,0.0,0.0,0.0,0.0,8.0213,10.26749324798584,0.7795134782791138,135.0,0,0,180,0.505,,,,,,,,
77.8,1,RETURN_HOME,7.7579,1.7835,-1.3922,-0.8859,-1.6687,2.2453,0.0,0.0,0.0,0.0,0.0,7.9603,3.286383628845215,0.9160046577453613,-135.0,0,0,179,0.625,,,,,,,,
77.851,1,RETURN_HOME,7.702,1.7011,-1.3092,-0.8554,-1.4773,1.3732,0.0,0.0,0.0,0.0,0.0,7.8876,9.164202690124512,0.7497102618217468,-132.0,0,0,177,1.152,,,,,,,,
77.901,1,RETURN_HOME,7.6616,1.641,-1.2404,-0.6378,-1.3218,0.7114,0.0,0.0,0.0,0.0,0.0,7.8354,1.1959468126296997,0.6805362105369568,-65.69,0,0,161,1.194,,,,,,,,
77.951,1,RETURN_HOME,7.6273,1.5776,-1.1506,-0.2588,-1.2738,-0.1342,0.0,0.0,0.0,0.0,0.0,7.7887,0.7215246558189392,0.6652106046676636,-32.91,0,0,168,1.345,,,,,,,,
78.001,1,RETURN_HOME,7.6134,1.5232,-1.0654,0.037,-1.4015,-0.8975,0.0,0.0,0.0,0.0,0.0,7.7643,0.679148256778717,0.679148256778717,-1.38,0,0,165,1.05,,,,,,,,
78.05,1,RETURN_HOME,7.615,1.4602,-0.9658,0.1972,-1.6436,-1.5456,0.0,0.0,0.0,0.0,0.0,7.7537,1.3865303993225098,0.753217875957489,68.19,0,0,158,0.667,,,,,,,,
78.1,1,RETURN_HOME,7.6311,1.3704,-0.8333,0.2471,-1.8953,-2.2618,0.0,0.0,0.0,0.0,0.0,7.7531,5.240837097167969,0.7890967130661011,95.71,0,0,157,0.181,,,,,,,,
78.15,1,RETURN_HOME,7.6438,1.2897,-0.723,0.2228,-1.9633,-2.9335,0.0,0.0,0.0,0.0,0.0,7.7519,5.7034220695495605,0.8319652676582336,122.49,0,0,157,0.157,,,,,,,,
78.2,1,RETURN_HOME,7.659,1.1897,-0.5922,0.1972,-1.881,2.5556,0.0,0.0,0.0,0.0,0.0,7.7508,8.967065811157227,0.909058153629303,134.75,0,0,157,0.156,,,,,,,,
78.25,1,RETURN_HOME,7.67,1.125,-0.5059,0.2119,-1.7313,2.1087,0.0,0.0,0.0,0.0,0.0,7.7521,2.752659320831299,0.8500220775604248,-135.0,0,0,158,0.235,,,,,,,,
78.3,1,RETURN_HOME,7.6851,1.0529,-0.3965,0.2856,-1.4786,1.5804,0.0,0.0,0.0,0.0,0.0,7.7569,5.3617353439331055,0.7769296169281006,-123.24,0,0,157,0.798,,,,,,,,
78.351,1,RETURN_HOME,7.7084,0.9801,-0.2551,0.4775,-1.1931,0.8187,0.0,0.0,0.0,0.0,0.0,7.7704,1.3278305530548096,0.7159861922264099,-94.71,0,0,155,1.347,,,,,,,,
78.401,1,RETURN_HOME,7.7393,0.9258,-0.1668,0.9151,-1.191,0.1861,0.0,0.0,0.0,0.0,0.0,7.7945,0.662682056427002,0.6475651264190674,-65.94,0,0,167,1.333,,,,,,,,
78.451,1,RETURN_HOME,7.7908,0.8567,-0.136,0.5793,-1.0971,-0.3973,0.0,0.0,0.0,0.0,0.0,7.8378,0.3084157407283783,0.3084157407283783,7.13,0,0,176,1.685,,,,,,,,
78.5,1,RETURN_HOME,7.7659,0.7928,-0.2044,-0.6447,-1.9868,-1.3927,0.0,0.0,0.0,0.0,0.0,7.8063,0.21229073405265808,0.21229073405265808,7.13,1,0,172,0.169,,,,,,,,
78.55,1,RETURN_HOME,7.744,0.7181,-0.2605,-0.5686,-2.511,-2.1013,0.0,0.0,0.0,0.0,0.0,7.7772,0.2829778492450714,0.2822396457195282,11.89,1,0,170,0.177,,,,,,,,
78.6,1,RETURN_HOME,7.7213,0.6273,-0.3144,-0.6437,-2.736,-3.0215,0.0,0.0,0.0,0.0,0.0,7.7468,5.155087471008301,0.7707362771034241,112.48,0,0,134,0.154,,,,,,,,
78.65,1,RETURN_HOME,7.6849,0.5082,-0.3859,-0.6556,-2.5544,1.9519,0.0,0.0,0.0,0.0,0.0,7.7017,,0.9884841442108154,135.0,0,0,133,0.237,,,,,,,,
78.7,1,RETURN_HOME,7.6574,0.4195,-0.448,-0.4353,-2.1122,1.3079,0.0,0.0,0.0,0.0,0.0,7.6688,3.695441246032715,0.8559249043464661,-132.5,0,0,136,0.153,,,,,,,,
78.75,1,RETURN_HOME,7.6438,0.3475,-0.4979,-0.027,-1.7774,0.3219,0.0,0.0,0.0,0.0,0.0,7.6517,0.8811696171760559,0.7287232875823975,-40.91,0,0,149,0.485,,,,,,,,
78.8,1,RETURN_HOME,7.6564,0.2755,-0.5288,0.5062,-1.894,-1.1443,0.0,0.0,0.0,0.0,0.0,7.6613,0.6660454869270325,0.6660454869270325,-1.63,0,0,164,0.149,,,,,,,,
78.85,1,RETURN_HOME,7.692,0.1906,-0.5358,0.8405,-2.3021,-1.8085,0.0,0.0,0.0,0.0,0.0,7.6944,0.860277533531189,0.7381717562675476,38.41,0,0,163,0.145,,,,,,,,
78.9,1,RETURN_HOME,7.7222,0.1245,-0.5384,0.9396,-2.4382,-2.5271,0.0,0.0,0.0,0.0,0.0,7.7232,4.329582691192627,0.8162263631820679,115.73,0,0,141,0.158,,,,,,,,
78.95,1,RETURN_HOME,7.7793,0.0114,-0.5481,0.9641,-2.2985,2.4817,0.0,0.0,0.0,0.0,0.0,7.7793,,0.8416272401809692,135.0,0,0,144,0.159,,,,,,,,
79.0,1,RETURN_HOME,7.8361,-0.0869,-0.5575,0.9672,-1.7931,1.8899,0.0,0.0,0.0,0.0,0.0,7.8366,4.956089496612549,0.876308798789978,-135.0,0,0,145,0.271,,,,,,,,
79.051,1,RETURN_HOME,7.8751,-0.138,-0.5539,1.0681,-1.4416,1.3127,0.0,0.0,0.0,0.0,0.0,7.8763,3.689776659011841,0.6528889536857605,-133.75,0,0,143,0.995,,,,,,,,
79.101,1,RETURN_HOME,7.9439,-0.1968,-0.5259,1.4502,-1.1763,-0.3839,0.0,0.0,0.0,0.0,0.0,7.9463,0.672417163848877,0.4609607756137848,-61.43,0,0,172,1.112,,,,,,,,
79.151,1,RETURN_HOME,8.016,-0.2415,-0.4802,1.5071,-0.8196,-0.8263,0.0,0.0,0.0,0.0,0.0,8.0197,0.3591151833534241,0.35564759373664856,-17.14,0,0,176,1.016,,,,,,,,
79.201,1,RETURN_HOME,8.0736,-0.2555,-0.4041,1.429,-0.3036,-0.796,0.0,0.0,0.0,0.0,0.0,8.0776,0.2766345143318176,0.27257394790649414,19.14,1,0,153,1.055,,,,,,,,
79.251,1,RETURN_HOME,8.1016,-0.2443,-0.3191,-0.2081,0.7762,-0.7535,0.0,0.0,0.0,0.0,0.0,8.1053,0.24078406393527985,0.2401975691318512,11.39,1,0,143,1.238,,,,,,,,
79.3,1,RETURN_HOME,8.0555,-0.1905,-0.2825,-3.3502,1.6484,-0.7918,0.0,0.0,0.0,0.0,0.0,8.0578,0.1560845673084259,0.1560845673084259,-4.38,1,0,149,0.16,,,,,,,,
79.35,1,RETURN_HOME,7.9048,-0.1037,-0.5898,-3.118,1.8239,-0.8546,0.0,0.0,0.0,0.0,0.0,7.9055,0.24802738428115845,0.24802738428115845,-8.38,1,0,151,0.163,,,,,,,,
79.4,1,RETURN_HOME,7.7834,-0.0279,-0.8332,-3.0353,1.8166,-0.9555,0.0,0.0,0.0,0.0,0.0,7.7834,0.4564785361289978,0.45472636818885803,-12.89,0,0,154,0.161,,,,,,,,
79.45,1,RETURN_HOME,7.6639,0.0464,-1.0588,-2.9865,1.7719,-1.2084,0.0,0.0,0.0,0.0,0.0,7.664,0.8861009478569031,0.8506338000297546,27.15,0,0,168,0.24,,,,,,,,
79.5,1,RETURN_HOME,7.5211,0.1328,-1.3047,-2.9456,1.7271,2.6098,0.0,0.0,0.0,0.0,0.0,7.5222,0.9821832180023193,0.9810804724693298,10.13,0,0,166,0.177,,,,,,,,
79.55,1,RETURN_HOME,7.4081,0.2016,-1.4908,-2.9229,1.7167,2.3758,0.0,0.0,0.0,0.0,0.0,7.4109,1.1311962604522705,1.1311962604522705,-4.38,0,0,158,0.305,,,,,,,,
79.6,1,RETURN_HOME,7.2948,0.2704,-1.6564,-2.9179,1.7375,2.3152,0.0,0.0,0.0,0.0,0.0,7.2998,1.3364295959472656,1.3226580619812012,-18.14,0,0,162,0.308,,,,,,,,
79.65,1,RETURN_HOME,7.1587,0.3508,-1.8287,-2.9281,1.7925,2.2904,0.0,0.0,0.0,0.0,0.0,7.1673,2.523118019104004,1.8000303506851196,-55.18,0,0,152,0.312,,,,,,,,
79.7,1,RETURN_HOME,7.0484,0.405,-1.9509,-2.9402,1.8349,2.2903,0.0,0.0,0.0,0.0,0.0,7.06,3.216691255569458,1.9409635066986084,-72.44,0,0,141,0.144,,,,,,,,
79.75,1,RETURN_HOME,6.914,0.474,-2.0738,-2.9511,1.8991,2.306,0.0,0.0,0.0,0.0,0.0,6.9302,3.1947033405303955,1.9324396848678589,135.0,0,0,140,0.238,,,,,,,,
79.8,1,RETURN_HOME,6.7988,0.5363,-2.1563,-2.9407,1.9556,2.3381,0.0,0.0,0.0,0.0,0.0,6.82,3.5188047885894775,2.0675084590911865,-118.73,0,0,134,0.152,,,,,,,,
79.85,1,RETURN_HOME,6.6768,0.6069,-2.2163,-2.8826,2.0286,2.4583,0.0,0.0,0.0,0.0,0.0,6.7044,3.805126190185547,2.1460931301116943,-132.25,0,0,126,0.171,,,,,,,,
79.9,1,RETURN_HOME,6.5359,0.6962,-2.2705,-2.7227,2.1158,3.0536,0.0,0.0,0.0,0.0,0.0,6.5729,,2.2760872840881348,-135.0,0,0,121,0.156,,,,,,,,
79.95,1,RETURN_HOME,6.4472,0.758,-2.2968,-2.5725,2.154,-2.5853,0.0,0.0,0.0,0.0,0.0,6.4916,,2.5708916187286377,-78.95,0,0,114,0.265,,,,,,,,
80.0,1,RETURN_HOME,6.3446,0.8514,-2.3169,-2.3541,2.1824,-2.2,0.0,0.0,0.0,0.0,0.0,6.4014,,2.551340103149414,-77.45,0,0,117,0.17,,,,,,,,
80.05,1,RETURN_HOME,6.2336,0.9624,-2.3276,-2.0839,2.147,-2.09,0.0,0.0,0.0,0.0,0.0,6.3074,,2.7037353515625,-80.95,0,0,110,0.28,,,,,,,,
80.1,1,RETURN_HOME,6.1536,1.0541,-2.3251,-1.8493,2.0601,-2.0931,0.0,0.0,0.0,0.0,0.0,6.2432,6.040568828582764,2.649620532989502,135.0,0,0,106,0.183,,,,,,,,
80.15,1,RETURN_HOME,6.0908,1.15,-2.3105,-1.6207,1.9306,-2.124,0.0,0.0,0.0,0.0,0.0,6.1984,5.449975967407227,2.6717727184295654,122.24,0,0,102,0.304,,,,,,,,
80.2,1,RETURN_HOME,6.0352,1.2385,-2.2865,-1.4641,1.7784,-2.1307,0.0,0.0,0.0,0.0,0.0,6.1609,5.436432838439941,2.6923556327819824,88.46,0,0,116,0.293,,,,,,,,
80.25,1,RETURN_HOME,5.9844,1.3192,-2.2522,-1.3479,1.6179,-2.0666,0.0,0.0,0.0,0.0,0.0,6.1281,5.702284336090088,2.685004472732544,73.44,0,0,125,0.595,,,,,,,,
80.3,1,RETURN_HOME,5.9392,1.4042,-2.1956,-1.2087,1.403,-1.8432,0.0,0.0,0.0,0.0,0.0,6.1029,3.925349473953247,2.679222345352173,56.93,0,0,129,0.722,,,,,,,,
80.351,1,RETURN_HOME,5.9047,1.4652,-2.1376,-1.1077,1.2214,-1.542,-1.0077,1.0214,1.4348,0.0,0.0,6.0837,2.937497138977051,2.686974048614502,99.22,0,1,144,1.206,0.5102,1.0,0.4881,0.1531,0.3,0.1952,0.6483,2.5525
80.401,1,RETURN_HOME,5.8707,1.5252,-2.0533,-1.0132,1.0095,-1.1779,-1.2132,0.8095,1.4585,0.0,0.0,6.0655,2.9516189098358154,2.6123921871185303,84.2,0,1,156,1.157,0.6656,1.0,0.6471,0.1997,0.3,0.2589,0.7585,2.4959
80.451,1,RETURN_HOME,5.8467,1.5682,-1.9544,-0.9467,0.7829,-0.9239,-1.1467,0.5829,1.2863,0.0,0.0,6.0533,3.1715734004974365,2.570570468902588,74.19,0,1,171,1.59,0.7436,1.0,0.6377,0.2231,0.3,0.2551,0.7782,2.4455
80.501,1,RETURN_HOME,5.8255,1.5959,-1.866,-0.9407,0.619,-0.7851,-1.1407,0.419,1.2152,0.0,0.0,6.0401,3.5646750926971436,2.582118511199951,53.67,0,1,172,1.496,0.8142,1.0,0.6596,0.2443,0.3,0.2638,0.8081,2.4978
80.551,1,RETURN_HOME,5.8048,1.6121,-1.7704,-0.974,0.4714,-0.6838,-1.174,0.2714,1.2049,0.0,0.0,6.0245,3.1705968379974365,2.6609954833984375,42.66,0,1,165,1.212,0.8785,1.0,0.7057,0.2635,0.3,0.2823,0.8458,2.5946
80.601,1,RETURN_HOME,5.7785,1.616,-1.6466,-1.0835,0.3146,-0.5686,-1.2835,0.1146,1.2886,0.0,0.0,6.0002,3.0463364124298096,1.7712727785110474,132.75,0,1,162,1.213,0.9353,1.0,0.8035,0.2806,0.3,0.3214,0.902,1.3925
80.651,1,RETURN_HOME,5.7486,1.6154,-1.5406,-1.2481,0.2189,-0.4387,-1.4481,0.0189,1.4482,0.0,0.0,5.9712,3.0696895122528076,1.6905549764633179,125.49,0,1,162,1.302,0.9591,1.0,0.926,0.2877,0.3,0.3704,0.9581,1.0706
80.701,1,RETURN_HOME,5.7081,1.6073,-1.4329,-1.4394,0.1584,-0.2587,-1.4,-0.0416,1.4006,0.0,0.0,5.9301,3.375009298324585,1.5704131126403809,109.48,0,1,174,1.186,0.9702,1.0,0.9059,0.2911,0.3,0.3624,0.9534,1.1356
80.75,1,RETURN_HOME,5.6451,1.5881,-1.3001,-1.6658,0.1248,-0.0048,-1.4,-0.0752,1.402,0.0,0.0,5.8642,3.527770757675171,1.5341358184814453,103.47,0,1,180,0.784,0.9758,1.0,0.912,0.2927,0.3,0.3648,0.9575,1.092
80.8,1,RETURN_HOME,5.5832,1.5741,-1.1851,-1.849,0.1354,0.1829,0.0,0.0,0.0,0.0,0.0,5.8008,3.6165921688079834,1.4843711853027344,85.2,0,0,180,0.17,,,,,,,,
80.85,1,RETURN_HOME,5.4886,1.5533,-1.0388,-2.0625,0.2147,0.3355,0.0,0.0,0.0,0.0,0.0,5.7042,3.5363950729370117,1.4750263690948486,77.95,0,0,180,0.243,,,,,,,,
80.9,1,RETURN_HOME,5.3995,1.5394,-0.9136,-2.1802,0.3278,0.4131,0.0,0.0,0.0,0.0,0.0,5.6147,3.4472668170928955,1.4819350242614746,71.44,0,0,180,0.158,,,,,,,,
80.95,1,RETURN_HOME,5.2894,1.5321,-0.7584,-2.2148,0.4599,0.5128,0.0,0.0,0.0,0.0,0.0,5.5068,3.39436936378479,1.5086710453033447,65.19,0,0,180,0.187,,,,,,,,
81.0,1,RETURN_HOME,5.1919,1.5314,-0.6225,-2.2495,0.5779,0.6383,0.0,0.0,0.0,0.0,0.0,5.413,3.583270311355591,1.5561013221740723,51.67,0,0,180,0.171,,,,,,,,
81.05,1,RETURN_HOME,5.0922,1.5377,-0.4809,-2.3015,0.7124,0.7938,0.0,0.0,0.0,0.0,0.0,5.3193,3.8555197715759277,1.5186190605163574,46.17,0,0,180,0.168,,,,,,,,
81.1,1,RETURN_HOME,4.9705,1.5547,-0.3084,-2.3657,0.854,0.9944,0.0,0.0,0.0,0.0,0.0,5.2079,3.0492281913757324,1.447490930557251,39.16,0,0,180,0.154,,,,,,,,
81.15,1,RETURN_HOME,4.8582,1.5836,-0.1611,-2.3946,0.9191,1.1536,0.0,0.0,0.0,0.0,0.0,5.1098,1.363491177558899,1.2966293096542358,26.9,0,0,180,0.151,,,,,,,,
81.201,1,RETURN_HOME,4.7631,1.5864,-0.0746,-0.6695,-0.5575,1.2341,-0.8695,-0.7575,1.1532,0.0,0.0,5.0203,1.2796688079833984,1.2524994611740112,21.65,0,1,180,1.729,0.9229,1.0,0.7096,0.2769,0.3,0.2838,0.8607,1.0992
81.251,1,RETURN_HOME,4.7201,1.5601,-0.0844,-0.7046,-0.5938,1.233,-0.9046,-0.7938,1.2035,0.0,0.0,4.9712,1.2511937618255615,1.2409205436706543,18.14,0,1,180,1.949,0.9207,1.0,0.7387,0.2762,0.3,0.2955,0.8717,1.1074
81.301,1,RETURN_HOME,4.6797,1.5324,-0.1001,-0.7519,-0.6056,1.2331,-0.8519,-0.8056,1.1725,0.0,0.0,4.9242,1.2940973043441772,1.2816187143325806,18.89,0,1,180,1.747,0.9043,1.0,0.7069,0.2713,0.3,0.2828,0.8541,0.7875
81.351,1,RETURN_HOME,4.6386,1.5057,-0.1153,-0.7966,-0.5886,1.2367,-0.7966,-0.6886,1.053,0.0,0.0,4.8769,1.3105546236038208,1.2970502376556396,17.14,0,1,180,1.85,0.9215,1.0,0.6469,0.2764,0.3,0.2588,0.8352,0.7205
81.401,1,RETURN_HOME,4.597,1.4805,-0.1281,-0.836,-0.5617,1.2476,-0.936,-0.7617,1.2067,0.0,0.0,4.8295,1.325446367263794,1.3122458457946777,17.39,0,1,180,1.631,0.9318,1.0,0.7496,0.2795,0.3,0.2998,0.8794,0.7287
81.451,1,RETURN_HOME,4.5408,1.4553,-0.1408,-0.8792,-0.5334,1.2688,-0.9792,-0.7334,1.2234,0.0,0.0,4.7683,1.341119647026062,1.3306862115859985,16.14,0,1,180,1.793,0.9452,1.0,0.7709,0.2835,0.3,0.3083,0.8919,1.046
81.501,1,RETURN_HOME,4.5027,1.4397,-0.1489,-0.8984,-0.5208,1.2867,-1.0984,-0.7208,1.3138,0.0,0.0,4.7273,1.3579411506652832,1.3509340286254883,17.14,0,1,180,1.72,0.9634,1.0,0.8439,0.289,0.3,0.3375,0.9266,1.1963
81.551,1,RETURN_HOME,4.4465,1.4169,-0.1609,-0.914,-0.5128,1.3184,-1.114,-0.7128,1.3225,0.0,0.0,4.6668,1.387078046798706,1.3830535411834717,13.89,0,1,180,1.754,0.9662,1.0,0.8519,0.2899,0.3,0.3408,0.9306,1.2276
81.601,1,RETURN_HOME,4.3921,1.3967,-0.1726,-0.9179,-0.5099,1.3558,-1.1179,-0.7099,1.3242,0.0,0.0,4.6088,1.400726079940796,1.3991857767105103,13.14,0,1,180,1.846,0.9669,1.0,0.8536,0.2901,0.3,0.3414,0.9315,1.2412
81.652,1,RETURN_HOME,4.3478,1.3796,-0.1826,-0.9167,-0.507,1.3915,-1.1167,-0.707,1.3217,0.0,0.0,4.5615,1.418618083000183,1.4181742668151855,11.39,0,1,180,2.461,0.9671,1.0,0.8522,0.2901,0.3,0.3409,0.931,1.256
81.701,1,RETURN_HOME,4.3046,1.3625,-0.1928,-0.9145,-0.5017,1.4311,-1.1145,-0.7017,1.317,0.0,0.0,4.5151,1.4495443105697632,1.4495443105697632,8.13,0,1,180,1.671,0.9676,1.0,0.8495,0.2903,0.3,0.3398,0.9301,1.2891
81.751,1,RETURN_HOME,4.2531,1.3416,-0.2062,-0.9135,-0.492,1.4833,-1.1135,-0.692,1.311,0.0,0.0,4.4597,1.4639580249786377,1.4639580249786377,6.63,0,1,180,1.732,0.9688,1.0,0.8467,0.2906,0.3,0.3387,0.9293,1.2988
81.801,1,RETURN_HOME,4.2111,1.3245,-0.2172,-0.915,-0.4815,1.5308,-1.115,-0.6815,1.3068,0.0,0.0,4.4144,1.481657862663269,1.481657862663269,5.13,0,1,180,1.644,0.9704,1.0,0.8454,0.2911,0.3,0.3382,0.9293,1.3126
81.851,1,RETURN_HOME,4.1696,1.3077,-0.2281,-0.9191,-0.4698,1.5816,-1.1191,-0.6698,1.3042,0.0,0.0,4.3699,1.5128324031829834,1.5128324031829834,1.38,0,1,180,1.706,0.9724,1.0,0.8455,0.2917,0.3,0.3382,0.9299,1.346
81.901,1,RETURN_HOME,4.1178,1.2879,-0.2423,-0.9278,-0.4551,1.647,-1.1278,-0.6551,1.3043,0.0,0.0,4.3145,1.527209758758545,1.527209758758545,-2.88,0,1,180,1.659,0.9752,1.0,0.848,0.2926,0.3,0.3392,0.9318,1.3532
81.951,1,RETURN_HOME,4.0666,1.2685,-0.2562,-0.9392,-0.4411,1.7173,-1.1392,-0.6411,1.3072,0.0,0.0,4.2599,1.5454432964324951,1.5454432964324951,-3.63,0,1,180,1.799,0.978,1.0,0.8523,0.2934,0.3,0.3409,0.9343,1.362
82.001,1,RETURN_HOME,4.025,1.2532,-0.2686,-0.9497,-0.4299,1.7796,-1.1497,-0.6299,1.3109,0.0,0.0,4.2156,1.577494740486145,1.576115608215332,-10.63,0,1,180,1.682,0.9802,1.0,0.8566,0.2941,0.3,0.3427,0.9367,1.3971
82.051,1,RETURN_HOME,3.9766,1.2361,-0.2853,-0.9623,-0.4168,1.8589,-1.1623,-0.4168,1.2348,0.0,0.0,4.1643,1.5951447486877441,1.5910680294036865,-12.14,0,1,180,1.778,0.9991,1.0,0.8225,0.2997,0.3,0.329,9999.7348,1.3627
82.101,1,RETURN_HOME,3.9361,1.222,-0.2989,-0.9733,-0.4066,1.9287,-1.1733,-0.4066,1.2417,0.0,0.0,4.1214,1.6228305101394653,1.6086950302124023,-16.39,0,1,180,1.697,0.9995,1.0,0.8274,0.2998,0.3,0.3309,9999.7417,1.3767
82.151,1,RETURN_HOME,3.8947,1.2076,-0.3146,-0.9851,-0.3973,2.0019,-1.1851,-0.4973,1.2852,0.0,0.0,4.0776,1.6887798309326172,1.6399083137512207,-23.15,0,1,180,1.717,0.9953,1.0,0.8528,0.2986,0.3,0.3411,9999.7852,1.4364
82.201,1,RETURN_HOME,3.8435,1.1904,-0.3364,-1.0001,-0.3803,2.094,-1.2001,-0.4803,1.2927,0.0,0.0,4.0236,1.7300812005996704,1.6569558382034302,-27.9,0,1,180,1.72,0.9968,1.0,0.859,0.299,0.3,0.3436,9999.7927,1.4396
82.251,1,RETURN_HOME,3.8007,1.1766,-0.3533,-1.0118,-0.3612,2.1746,-1.2118,-0.4612,1.2966,0.0,0.0,3.9787,1.7908991575241089,1.6750714778900146,-31.65,0,1,180,1.749,0.998,1.0,0.8627,0.2994,0.3,0.3451,9999.7966,1.4508
82.302,1,RETURN_HOME,3.7574,1.1635,-0.3713,-1.0237,-0.3401,2.2584,-1.2237,-0.5401,1.3376,0.0,0.0,3.9334,1.8563172817230225,1.691049575805664,-33.91,0,1,180,1.886,0.9934,1.0,0.8858,0.298,0.3,0.3543,9999.8376,1.4799
82.352,1,RETURN_HOME,3.7131,1.1512,-0.391,-1.037,-0.3177,2.3455,-1.237,-0.5177,1.3409,0.0,0.0,3.8875,2.030662775039673,1.724012851715088,-42.16,0,1,180,1.922,0.9954,1.0,0.8899,0.2986,0.3,0.3559,9999.8409,1.5168
82.401,1,RETURN_HOME,3.6599,1.1375,-0.4131,-1.0549,-0.2904,2.4533,-1.2549,-0.4904,1.3474,0.0,0.0,3.8326,2.1637966632843018,1.7429205179214478,-46.67,0,1,180,1.721,0.9975,1.0,0.896,0.2992,0.3,0.3584,9999.8474,1.5228
82.452,1,RETURN_HOME,3.6161,1.1273,-0.4339,-1.0724,-0.2692,2.5446,-1.2724,-0.4692,1.3562,0.0,0.0,3.7878,2.311995029449463,1.7598050832748413,-49.17,0,1,180,1.815,0.9987,1.0,0.903,0.2996,0.3,0.3612,9999.8562,1.5301
82.501,1,RETURN_HOME,3.5636,1.1162,-0.4629,-1.0969,-0.2481,2.6543,-1.2969,-0.4481,1.3722,0.0,0.0,3.7344,2.7180325984954834,1.7924078702926636,-57.43,0,1,180,1.695,0.9996,1.0,0.9144,0.2999,0.3,0.3658,9999.8722,1.5691
82.552,1,RETURN_HOME,3.51,1.106,-0.496,-1.1242,-0.2327,2.7621,-1.3242,-0.4327,1.3931,0.0,0.0,3.6802,3.0399205684661865,1.810800313949585,-65.19,0,1,180,1.894,0.9999,1.0,0.9287,0.3,0.3,0.3715,9999.8931,1.5753
82.601,1,RETURN_HOME,3.4635,1.0965,-0.5252,-1.1469,-0.2247,2.8495,-1.3469,-0.4247,1.4123,0.0,0.0,3.6329,3.4050421714782715,1.8267713785171509,-67.69,0,1,180,1.798,1.0,1.0,0.9415,0.3,0.3,0.3766,9999.9123,1.5866
82.651,1,RETURN_HOME,3.4161,1.0871,-0.5563,-1.1675,-0.2196,2.9338,-1.3675,-0.4196,1.4305,0.0,0.0,3.5849,4.928299427032471,1.8569234609603882,-76.45,0,1,180,1.744,0.9999,1.0,0.9536,0.3,0.3,0.3814,9999.9305,1.6299
82.701,1,RETURN_HOME,3.3584,1.0761,-0.5953,-1.189,-0.2152,3.0298,-1.389,-0.4152,1.4498,0.0,0.0,3.5266,5.457016468048096,1.8755768537521362,-80.95,0,1,180,1.714,0.9998,1.0,0.9663,0.2999,0.3,0.3865,9999.9498,1.6423
82.751,1,RETURN_HOME,3.3098,1.0646,-0.6294,-1.2051,-0.2143,3.1048,-1.4051,-0.4143,1.4649,0.0,0.0,3.4768,6.684820652008057,1.8904322385787964,-84.95,0,1,180,1.717,0.9997,1.0,0.9763,0.2999,0.3,0.3905,9999.9649,1.6536
82.801,1,RETURN_HOME,3.2606,1.0534,-0.6634,-1.2194,-0.2133,-3.1083,-1.4194,-0.4133,1.4784,0.0,0.0,3.4266,8.528448104858398,1.905463457107544,-86.46,0,1,180,1.686,0.9996,1.0,0.9851,0.2999,0.3,0.3941,9999.9784,1.6654
82.851,1,RETURN_HOME,3.211,1.0426,-0.6972,-1.2329,-0.2118,-3.0431,-1.4329,-0.4118,1.4909,0.0,0.0,3.376,12.513157844543457,1.9348609447479248,-93.71,0,1,180,1.723,0.9994,1.0,0.9933,0.2998,0.3,0.3973,9999.9909,1.7091
82.901,1,RETURN_HOME,3.1601,1.0322,-0.7305,-1.2462,-0.2097,-2.9826,-1.4462,-0.3097,1.479,0.0,0.0,3.3245,12.474494934082031,1.9457648992538452,-96.46,0,1,180,1.749,0.9945,1.0,0.9806,0.2984,0.3,0.3922,9999.979,1.7002
82.951,1,RETURN_HOME,3.0984,1.0203,-0.7701,-1.2618,-0.2072,-2.9162,-1.4618,-0.3072,1.4937,0.0,0.0,3.2621,12.437947273254395,1.9606748819351196,-99.22,0,1,180,1.849,0.9938,1.0,0.9897,0.2982,0.3,0.3959,9999.9937,1.7071
83.001,1,RETURN_HOME,3.0467,1.0106,-0.8029,-1.2747,-0.2048,-2.8662,-1.3747,-0.4048,1.433,0.0,0.0,3.2099,11.373147964477539,1.9843541383743286,-103.97,0,1,180,1.76,0.9994,1.0,0.9548,0.2998,0.3,0.3819,9999.933,1.7641
83.051,1,RETURN_HOME,2.9803,0.9991,-0.8404,-1.2924,-0.1993,-2.8126,-1.3924,-0.3993,1.4486,0.0,0.0,3.1433,10.480618476867676,1.9957470893859863,-108.73,0,1,180,1.71,0.999,1.0,0.9648,0.2997,0.3,0.3859,9999.9486,1.7701
83.101,1,RETURN_HOME,2.9242,0.9899,-0.8711,-1.3073,-0.193,-2.7732,-1.4,-0.393,1.4541,0.0,0.0,3.0872,9.780105590820312,2.0056047439575195,-110.23,0,1,180,1.687,0.9986,1.0,0.9681,0.2996,0.3,0.3872,9999.9541,1.7771
83.152,1,RETURN_HOME,2.868,0.9811,-0.9015,-1.3198,-0.1866,-2.7387,-1.4,-0.3866,1.4524,0.0,0.0,3.0312,8.722620010375977,2.0276787281036377,-114.73,0,1,180,1.704,0.9982,1.0,0.9665,0.2995,0.3,0.3866,9999.9524,1.8056
83.201,1,RETURN_HOME,2.7989,0.971,-0.9334,-1.3327,-0.1796,-2.7038,-1.4,-0.3796,1.4505,0.0,0.0,2.9626,8.374165534973145,2.0355794429779053,-114.73,0,1,180,1.72,0.9976,1.0,0.9647,0.2993,0.3,0.3859,9999.9505,1.8113
83.251,1,RETURN_HOME,2.7415,0.9629,-0.96,-1.3414,-0.1748,-2.6802,-1.4,-0.3748,1.4493,0.0,0.0,2.9057,8.086381912231445,2.0433733463287354,-116.48,0,1,180,1.734,0.9971,1.0,0.9634,0.2991,0.3,0.3854,9999.9493,1.8178
83.301,1,RETURN_HOME,2.6842,0.9551,-0.9868,-1.3488,-0.1709,-2.6613,-1.4,-0.3709,1.4483,0.0,0.0,2.8491,7.859341144561768,2.05180287361145,-116.98,0,1,180,1.767,0.9966,1.0,0.9622,0.299,0.3,0.3849,9999.9483,1.8242
83.351,1,RETURN_HOME,2.625,0.9479,-1.0163,-1.3559,-0.167,-2.6468,-1.4,-0.367,1.4473,0.0,0.0,2.7909,7.516304016113281,2.064897060394287,-120.24,0,1,180,1.773,0.9959,1.0,0.961,0.2988,0.3,0.3844,9999.9473,1.844
83.401,1,RETURN_HOME,2.5543,0.9396,-1.0519,-1.3637,-0.163,-2.6351,-1.4,-0.363,1.4463,0.0,0.0,2.7217,7.408801555633545,2.0720298290252686,-119.99,0,1,180,1.794,0.9951,1.0,0.9595,0.2985,0.3,0.3838,9999.9463,1.8492
83.452,1,RETURN_HOME,2.4837,0.9319,-1.0884,-1.3713,-0.159,-2.629,-1.4,-0.359,1.4453,0.0,0.0,2.6527,7.324802875518799,2.07778000831604,-119.74,0,1,180,2.642,0.9942,1.0,0.9579,0.2983,0.3,0.3832,9999.9453,1.8556
83.501,1,RETURN_HOME,2.4232,0.9265,-1.1205,-1.3786,-0.1554,-2.6276,-1.4,-0.3554,1.4444,0.0,0.0,2.5943,7.228741645812988,2.088477611541748,-121.74,0,1,180,1.883,0.9932,1.0,0.9564,0.298,0.3,0.3826,9999.9444,1.8677
83.551,1,RETURN_HOME,2.3512,0.9201,-1.1606,-1.387,-0.1509,-2.6298,-1.4,-0.3509,1.4433,0.0,0.0,2.5248,7.214516639709473,2.092669725418091,-122.74,0,1,180,1.691,0.9919,1.0,0.9544,0.2976,0.3,0.3818,9999.9433,1.8724
83.601,1,RETURN_HOME,2.292,0.9147,-1.196,-1.3934,-0.1472,-2.6344,-1.4,-0.3472,1.4424,0.0,0.0,2.4678,7.216574192047119,2.0975050926208496,-120.99,0,1,180,1.859,0.9907,1.0,0.9526,0.2972,0.3,0.3811,9999.9424,1.876
83.651,1,RETURN_HOME,2.2333,0.909,-1.2328,-1.3989,-0.1434,-2.6408,-1.4,-0.3434,1.4415,0.0,0.0,2.4112,7.263664722442627,2.105257749557495,-119.49,0,1,180,1.742,0.9894,1.0,0.9508,0.2968,0.3,0.3803,9999.9415,1.8849
83.701,1,RETURN_HOME,2.1748,0.9034,-1.2695,-1.4036,-0.1396,-2.6488,-1.4,-0.3396,1.4406,0.0,0.0,2.355,7.308071613311768,2.110107183456421,-121.99,0,1,180,1.054,0.9879,1.0,0.9488,0.2964,0.3,0.3795,9999.9406,1.8867
83.751,1,RETURN_HOME,2.1059,0.8969,-1.3137,-1.4075,-0.1349,-2.6599,-1.4,-0.3349,1.4395,0.0,0.0,2.2889,7.3602399826049805,2.1130387783050537,-118.23,0,1,180,1.263,0.9859,1.0,0.9462,0.2958,0.3,0.3785,9999.9395,1.8907
83.801,1,RETURN_HOME,2.0503,0.8916,-1.3507,-1.4094,-0.1308,-2.6702,-1.4,-0.3308,1.4386,0.0,0.0,2.2357,7.430134296417236,2.1166439056396484,-118.73,0,1,180,1.703,0.9842,1.0,0.9439,0.2953,0.3,0.3775,9999.9386,1.8936
83.851,1,RETURN_HOME,1.9944,0.8865,-1.3862,-1.4109,-0.1266,-2.6813,-1.4,-0.3266,1.4376,0.0,0.0,2.1826,7.574894905090332,2.122040033340454,-117.48,0,1,180,1.15,0.9822,1.0,0.9413,0.2947,0.3,0.3765,9999.9376,1.8993
83.901,1,RETURN_HOME,1.9276,0.8797,-1.4281,-1.4123,-0.1222,-2.6948,-1.4,-0.3222,1.4366,0.0,0.0,2.1189,7.656339645385742,2.124659299850464,-116.98,0,1,180,1.108,0.9797,1.0,0.9383,0.2939,0.3,0.3753,9999.9366,1.9014
83.951,1,RETURN_HOME,1.8721,0.8735,-1.4619,-1.4132,-0.119,-2.7058,-1.4,-0.319,1.4359,0.0,0.0,2.0659,7.749456882476807,2.1274960041046143,-115.98,0,1,180,1.041,0.9775,1.0,0.9357,0.2932,0.3,0.3743,9999.9359,1.9044
84.001,1,RETURN_HOME,1.8053,0.8666,-1.4999,-1.4144,-0.1149,-2.7184,-1.4,-0.3149,1.435,0.0,0.0,2.0025,7.921107292175293,2.1326797008514404,-114.73,0,1,180,1.086,0.9745,1.0,0.9323,0.2924,0.3,0.3729,9999.935,1.9072
84.051,1,RETURN_HOME,1.7379,0.8592,-1.5363,-1.4157,-0.1108,-2.7299,-1.4,-0.3108,1.4341,0.0,0.0,1.9386,8.005155563354492,2.1359548568725586,-115.98,0,1,180,1.262,0.9712,1.0,0.9285,0.2914,0.3,0.3714,9999.9341,1.9085
84.1,1,RETURN_HOME,1.6814,0.8531,-1.565,-1.4168,-0.1074,-2.7383,-1.4,-0.3074,1.4334,0.0,0.0,1.8854,8.098484992980957,2.137406349182129,-115.48,0,1,180,1.04,0.9681,1.0,0.9251,0.2904,0.3,0.37,9999.9334,1.911
84.151,1,RETURN_HOME,1.6362,0.8485,-1.5866,-1.4178,-0.1047,-2.7442,-1.4,-0.3047,1.4328,0.0,0.0,1.8431,8.250638961791992,2.1424691677093506,-115.23,0,1,180,1.133,0.9653,1.0,0.9221,0.2896,0.3,0.3688,9999.9328,1.9131
84.201,1,RETURN_HOME,1.5691,0.8407,-1.6188,-1.4191,-0.1012,-2.7515,-1.4,-0.3012,1.432,0.0,0.0,1.7801,8.317573547363281,2.144551992416382,-114.98,0,1,180,1.085,0.9611,1.0,0.9175,0.2883,0.3,0.367,9999.932,1.9145
84.251,1,RETURN_HOME,1.5138,0.8337,-1.6452,-1.4198,-0.0987,-2.756,-1.3,-0.2987,1.3339,0.0,0.0,1.7282,8.381242752075195,2.1463685035705566,-113.23,0,1,180,1.191,0.9617,1.0,0.8552,0.2885,0.3,0.3421,9999.8339,1.9138
84.302,1,RETURN_HOME,1.4583,0.8272,-1.6695,-1.4208,-0.0963,-2.7591,-1.3,-0.2963,1.3333,0.0,0.0,1.6766,8.428963661193848,2.148526191711426,-112.73,0,1,180,1.671,0.9577,1.0,0.8513,0.2873,0.3,0.3405,9999.8333,1.9171
84.351,1,RETURN_HOME,1.3931,0.8198,-1.6982,-1.422,-0.093,-2.7612,-1.3,-0.293,1.3326,0.0,0.0,1.6165,8.490294456481934,2.151951551437378,-111.98,0,1,180,1.221,0.9523,1.0,0.846,0.2857,0.3,0.3384,9999.8383,1.9193
84.401,1,RETURN_HOME,1.3392,0.8141,-1.7209,-1.4211,-0.0899,-2.7614,-1.2,-0.2899,1.2345,0.0,0.0,1.5672,8.506949424743652,2.153442144393921,-114.23,0,1,180,1.04,0.9526,1.0,0.784,0.2858,0.3,0.3136,9999.7735,1.9188
84.452,1,RETURN_HOME,1.2741,0.8078,-1.7454,-1.4182,-0.0865,-2.7596,-1.2,-0.2865,1.2337,0.0,0.0,1.5086,8.504494667053223,2.1565115451812744,-112.98,0,1,180,1.354,0.9458,1.0,0.7779,0.2837,0.3,0.3112,9999.8134,1.9185
84.501,1,RETURN_HOME,1.2178,0.8033,-1.7621,-1.4156,-0.0838,-2.7565,-1.4,-0.2838,1.4285,0.0,0.0,1.4589,8.468992233276367,2.1593563556671143,-114.73,0,1,180,1.116,0.9275,1.0,0.8833,0.2783,0.3,0.3533,0.9316,1.9242
84.551,1,RETURN_HOME,1.1499,0.7984,-1.7796,-1.409,-0.0804,-2.751,-1.4,-0.2804,1.4278,0.0,0.0,1.3999,8.428909301757812,2.1622164249420166,-112.98,0,1,180,1.218,0.9174,1.0,0.8733,0.2752,0.3,0.3493,0.9245,1.9257
84.6,1,RETURN_HOME,1.0938,0.7946,-1.7932,-1.4011,-0.0781,-2.7446,-1.4,-0.2781,1.4274,0.0,0.0,1.3519,8.38121509552002,2.1632089614868164,-112.73,0,1,180,1.053,0.9081,1.0,0.8641,0.2724,0.3,0.3456,0.9181,1.9265
84.651,1,RETURN_HOME,1.0378,0.793,-1.8045,-1.3954,-0.0753,-2.7363,-1.4,-0.2753,1.4268,0.0,0.0,1.3061,8.243830680847168,2.1683523654937744,-114.23,0,1,180,1.727,0.8968,1.0,0.853,0.269,0.3,0.3412,0.9103,1.9299
84.701,1,RETURN_HOME,0.9709,0.7918,-1.8169,-1.3922,-0.0721,-2.7241,-1.4,-0.2721,1.4262,0.0,0.0,1.2528,8.147420883178711,2.170644521713257,-114.73,0,1,180,1.66,0.8813,1.0,0.838,0.2644,0.3,0.3352,0.8996,1.9311
84.751,1,RETURN_HOME,0.9045,0.7907,-1.8287,-1.3924,-0.0692,-2.7096,-1.4,-0.2692,1.4256,0.0,0.0,1.2014,8.049580574035645,2.172776937484741,-114.73,0,1,180,1.789,0.8636,1.0,0.8208,0.2591,0.3,0.3283,0.8874,1.929
84.801,1,RETURN_HOME,0.8507,0.7906,-1.8399,-1.3938,-0.0666,-2.6957,-1.4,-0.2666,1.4252,0.0,0.0,1.1614,7.829975605010986,2.1769189834594727,-116.98,0,1,180,1.647,0.8469,1.0,0.8047,0.2541,0.3,0.3219,0.876,1.9351
84.851,1,RETURN_HOME,0.7859,0.7904,-1.8522,-1.3971,-0.0638,-2.6771,-1.4,-0.2638,1.4246,0.0,0.0,1.1146,7.696481704711914,2.179598569869995,-115.98,0,1,180,1.828,0.8242,1.0,0.7828,0.2473,0.3,0.3131,0.8604,1.9357
84.901,1,RETURN_HOME,0.7315,0.7902,-1.8617,-1.4006,-0.0616,-2.6598,-1.4,-0.2616,1.4242,0.0,0.0,1.0768,7.5707879066467285,2.1813206672668457,-117.23,0,1,180,1.083,0.8025,1.0,0.762,0.2408,0.3,0.3048,0.8456,1.937
84.951,1,RETURN_HOME,0.6765,0.7907,-1.8708,-1.4044,-0.0591,-2.641,-1.4,-0.2591,1.4238,0.0,0.0,1.0406,7.439115524291992,2.1846745014190674,-119.24,0,1,180,1.246,0.7776,1.0,0.738,0.2333,0.3,0.2952,0.8285,1.936
85.001,1,RETURN_HOME,0.6215,0.7909,-1.8793,-1.4081,-0.0571,-2.6205,-1.4,-0.2571,1.4234,0.0,0.0,1.0059,7.1509504318237305,2.1895852088928223,-120.74,0,1,180,1.215,0.7497,1.0,0.7114,0.2249,0.3,0.2846,0.8095,1.9442
85.051,1,RETURN_HOME,0.5556,0.7913,-1.8884,-1.4122,-0.0551,-2.5934,-1.4,-0.2551,1.4231,0.0,0.0,0.9669,7.0096116065979,2.1920032501220703,-121.74,0,1,180,1.203,0.712,1.0,0.6755,0.2136,0.3,0.2702,0.7838,1.9413
85.101,1,RETURN_HOME,0.5008,0.7919,-1.895,-1.4152,-0.0538,-2.5688,-1.4,-0.2538,1.4228,0.0,0.0,0.937,6.868412494659424,2.1947555541992188,-122.99,0,1,180,1.207,0.6766,1.0,0.6418,0.203,0.3,0.2567,0.7597,1.9446
85.151,1,RETURN_HOME,0.4457,0.7923,-1.9012,-1.4181,-0.0528,-2.5424,-1.4,-0.2528,1.4226,0.0,0.0,0.9091,6.5637946128845215,2.201115846633911,-123.74,0,1,180,1.289,0.6373,1.0,0.6045,0.1912,0.3,0.2418,0.733,1.9573
85.201,1,RETURN_HOME,0.3798,0.7926,-1.9083,-1.4214,-0.0521,-2.508,-1.4,-0.2521,1.4225,0.0,0.0,0.8789,6.424018383026123,2.2039237022399902,-126.24,0,1,180,1.135,0.5851,1.0,0.5549,0.1755,0.3,0.2219,0.6975,1.9568
85.251,1,RETURN_HOME,0.3256,0.7928,-1.9142,-1.4238,-0.0517,-2.4771,-1.4,-0.2517,1.4225,0.0,0.0,0.8571,6.278542518615723,2.2077014446258545,-126.74,0,1,180,1.296,0.5376,1.0,0.5098,0.1613,0.3,0.2039,0.6652,1.9633
85.301,1,RETURN_HOME,0.271,0.7928,-1.9196,-1.4263,-0.0517,-2.4441,-1.4,-0.2517,1.4225,0.0,0.0,0.8378,5.984498023986816,2.2119476795196533,-130.25,0,1,180,1.096,0.4858,1.0,0.4742,0.1457,0.3,0.1897,0.6354,1.9791
85.351,1,RETURN_HOME,0.205,0.7933,-1.9238,-1.4294,-0.0516,-2.4013,-1.4,-0.2516,1.4224,0.0,0.0,0.8194,5.851360321044922,2.2173633575439453,-132.5,0,1,180,1.233,0.4176,1.0,0.4741,0.1253,0.3,0.1897,0.6149,1.9865
85.401,1,RETURN_HOME,0.1497,0.7948,-1.9243,-1.4321,-0.0512,-2.3631,-1.4,-0.2512,1.4224,0.0,0.0,0.8088,5.721513271331787,2.2199082374572754,-134.5,0,1,180,1.122,0.3557,1.0,0.4741,0.1067,0.3,0.1896,0.5964,2.1269
85.451,1,RETURN_HOME,0.094,0.7959,-1.9251,-1.4348,-0.0511,-2.3223,-1.4,-0.2511,1.4223,0.0,0.0,0.8014,5.594168186187744,2.640841484069824,-102.47,0,1,180,1.315,0.2908,1.0,0.4741,0.0872,0.3,0.1896,0.5769,2.1074
85.501,1,RETURN_HOME,0.0387,0.7972,-1.9267,-1.4375,-0.051,-2.279,-1.4,-0.251,1.4223,0.0,0.0,0.7982,5.341279029846191,2.602264165878296,-107.97,0,1,180,1.095,0.224,1.0,0.4741,0.0672,0.3,0.1896,0.5568,2.1366
85.551,1,RETURN_HOME,-0.0161,0.799,-1.9292,-1.4399,-0.0507,-2.2332,-1.4,-0.2507,1.4223,0.0,0.0,0.7992,5.229406833648682,2.5851330757141113,-110.98,0,1,180,1.173,0.1564,1.0,0.4741,0.0469,0.3,0.1896,0.5366,2.1257
85.601,1,RETURN_HOME,-0.0824,0.8006,-1.9324,-1.4429,-0.0511,-2.1749,-1.4,-0.2511,1.4223,0.0,0.0,0.8048,5.122653961181641,2.562607765197754,-113.98,0,1,180,1.073,0.0748,1.0,0.4741,0.0225,0.3,0.1896,0.5121,2.0989
85.651,1,RETURN_HOME,-0.139,0.802,-1.9366,-1.4455,-0.0519,-2.1235,-1.4,-0.2519,1.4225,0.0,0.0,0.8139,5.014293670654297,2.5491256713867188,-117.23,0,1,180,1.169,0.0064,1.0,0.4742,0.0019,0.3,0.1897,0.4916,2.0821
85.701,1,RETURN_HOME,-0.1971,0.8037,-1.9428,-1.4482,-0.053,-2.0696,-1.4,-0.253,1.4227,0.0,0.0,0.8275,4.841434478759766,2.515266180038452,-123.74,0,1,180,1.171,-0.0617,1.0,0.4742,-0.0185,0.3,0.1897,0.4712,2.1038
85.751,1,RETURN_HOME,-0.2669,0.805,-1.9497,-1.4511,-0.0552,-2.0016,-1.4,-0.2552,1.4231,0.0,0.0,0.8481,4.767984390258789,2.50189471244812,-126.99,0,1,180,1.174,-0.1394,1.0,0.4744,-0.0418,0.3,0.1897,0.4479,2.0838
85.801,1,RETURN_HOME,-0.3258,0.8054,-1.9556,-1.4534,-0.0578,-1.9424,-1.4,-0.2578,1.4235,0.0,0.0,0.8688,4.693972587585449,2.4864866733551025,-130.75,0,1,180,1.389,-0.2009,1.0,0.4745,-0.0603,0.3,0.1898,0.4295,2.0734
85.851,1,RETURN_HOME,-0.3975,0.805,-1.9627,-1.456,-0.0616,-1.8686,-1.4,-0.2616,1.4242,0.0,0.0,0.8978,4.594287872314453,2.5167462825775146,-135.0,0,1,180,1.216,-0.2705,1.0,0.4747,-0.0812,0.3,0.1899,0.4087,2.1114
85.901,1,RETURN_HOME,-0.469,0.8041,-1.969,-1.4578,-0.0659,-1.7921,-1.4,-0.2659,1.425,0.0,0.0,0.9309,4.55950403213501,2.5837295055389404,-135.0,0,1,180,1.089,-0.3338,1.0,0.475,-0.1001,0.3,0.19,0.3899,2.1152
85.951,1,RETURN_HOME,-0.5261,0.8033,-1.9735,-1.4581,-0.0695,-1.7267,-1.4,-0.2695,1.4257,0.0,0.0,0.9602,4.533786773681641,2.6736724376678467,-135.0,0,1,180,1.296,-0.3799,1.0,0.4752,-0.114,0.3,0.1901,0.3761,2.1309
86.001,1,RETURN_HOME,-0.5829,0.8022,-1.9774,-1.4577,-0.0731,-1.6599,-1.4,-0.2731,1.4264,0.0,0.0,0.9916,4.521030902862549,2.88362979888916,-135.0,0,1,180,1.105,-0.422,1.0,0.4755,-0.1266,0.3,0.1902,0.3636,2.2381
86.051,1,RETURN_HOME,-0.6512,0.8004,-1.9814,-1.4567,-0.0778,-1.5784,-1.4,-0.2778,1.4273,0.0,0.0,1.0319,4.5181732177734375,3.0191187858581543,-135.0,0,1,180,1.159,-0.468,1.0,0.4758,-0.1404,0.3,0.1903,0.3499,2.2328
86.101,1,RETURN_HOME,-0.7064,0.7973,-1.9841,-1.4546,-0.0825,-1.5096,-1.4,-0.2825,1.4282,0.0,0.0,1.0652,4.515761852264404,3.194960594177246,-135.0,0,1,180,1.116,-0.502,1.0,0.4761,-0.1506,0.3,0.1904,0.3398,2.2637
86.151,1,RETURN_HOME,-0.7614,0.7937,-1.9863,-1.4519,-0.0874,-1.4406,-1.4,-0.2874,1.4292,0.0,0.0,1.0998,4.512318134307861,2.950099468231201,135.0,0,1,180,1.394,-0.533,1.0,0.4764,-0.1599,0.3,0.1906,0.3307,2.4546
86.201,1,RETURN_HOME,-0.8275,0.789,-1.9885,-1.4484,-0.0932,-1.3578,-1.4,-0.2932,1.4304,0.0,0.0,1.1434,4.511683940887451,2.830078601837158,135.0,0,1,180,1.074,-0.5669,1.0,0.4768,-0.1701,0.3,0.1907,0.3206,2.4494
86.251,1,RETURN_HOME,-0.8934,0.7817,-1.9933,-1.4442,-0.1005,-1.2759,-1.4,-0.3005,1.4319,0.0,0.0,1.1871,4.515156269073486,2.7127299308776855,135.0,0,1,180,1.257,-0.5976,1.0,0.4773,-0.1793,0.3,0.1909,0.3116,2.4708
86.301,1,RETURN_HOME,-0.9374,0.7767,-1.9959,-1.4415,-0.1051,-1.222,-1.4,-0.3051,1.4329,0.0,0.0,1.2174,4.562692642211914,2.5535645484924316,135.0,0,1,180,1.069,-0.6165,1.0,0.4776,-0.1849,0.3,0.191,0.3061,2.4368
86.351,1,RETURN_HOME,-1.0037,0.7693,-1.9992,-1.4375,-0.1116,-1.1426,-1.4,-0.3116,1.4343,0.0,0.0,1.2646,4.6049065589904785,2.532609701156616,133.0,0,1,180,1.176,-0.6426,1.0,0.4781,-0.1928,0.3,0.1912,0.2985,2.4318
86.401,1,RETURN_HOME,-1.0605,0.7625,-2.0002,-1.4348,-0.1167,-1.0781,-1.4,-0.3167,1.4354,0.0,0.0,1.3061,4.671542644500732,2.552227258682251,128.74,0,1,180,1.107,-0.6631,1.0,0.4785,-0.1989,0.3,0.1914,0.2924,2.4557
86.451,1,RETURN_HOME,-1.1172,0.7557,-2.0009,-1.4323,-0.1214,-1.0154,-1.4,-0.3214,1.4364,0.0,0.0,1.3488,4.743959426879883,2.573763847351074,124.74,0,1,180,1.221,-0.6819,1.0,0.4788,-0.2046,0.3,0.1915,0.2869,2.4621
86.501,1,RETURN_HOME,-1.1851,0.7476,-2.0015,-1.4295,-0.1267,-0.9428,-1.4,-0.3267,1.4376,0.0,0.0,1.4012,4.928704261779785,2.6082162857055664,117.48,0,1,180,1.104,-0.7024,1.0,0.4792,-0.2107,0.3,0.1917,0.281,2.5157
86.551,1,RETURN_HOME,-1.252,0.7395,-2.0051,-1.4263,-0.1319,-0.8735,-1.4,-0.3319,1.4388,0.0,0.0,1.4541,5.058708190917969,2.6302952766418457,113.48,0,1,180,1.103,-0.7205,1.0,0.4796,-0.2161,0.3,0.1918,0.2757,2.5365
86.6,1,RETURN_HOME,-1.3078,0.7327,-2.0075,-1.4239,-0.136,-0.8184,-1.4,-0.336,1.4398,0.0,0.0,1.499,5.187808990478516,2.6494479179382324,110.23,0,1,180,1.008,-0.7343,1.0,0.4799,-0.2203,0.3,0.192,0.2717,2.5665
86.651,1,RETURN_HOME,-1.3644,0.7252,-2.0104,-1.4219,-0.1403,-0.766,-1.4,-0.3403,1.4408,0.0,0.0,1.5451,5.484865665435791,2.692934989929199,103.72,0,1,180,1.16,-0.7472,1.0,0.4803,-0.2241,0.3,0.1921,0.268,2.6013
86.701,1,RETURN_HOME,-1.4359,0.7137,-2.0173,-1.4207,-0.1469,-0.7068,-1.4,-0.3469,1.4423,0.0,0.0,1.6035,5.674316883087158,2.290428400039673,134.25,0,1,180,1.138,-0.7622,1.0,0.4808,-0.2287,0.3,0.1923,0.2637,2.0581
86.751,1,RETURN_HOME,-1.4951,0.7043,-2.022,-1.42,-0.1519,-0.6606,-1.4,-0.3519,1.4436,0.0,0.0,1.6527,5.856292724609375,2.2907724380493164,130.5,0,1,180,1.136,-0.7735,1.0,0.4812,-0.232,0.3,0.1925,0.2604,2.0518
86.8,1,RETURN_HOME,-1.5539,0.6955,-2.0269,-1.4195,-0.1565,-0.6172,-1.4,-0.3565,1.4447,0.0,0.0,1.7025,6.262471675872803,2.290038585662842,125.74,0,1,180,1.034,-0.7837,1.0,0.4816,-0.2351,0.3,0.1926,0.2575,2.0593
86.852,1,RETURN_HOME,-1.6124,0.6882,-2.0345,-1.4192,-0.1603,-0.5766,-1.4,-0.3603,1.4456,0.0,0.0,1.7531,6.507026672363281,2.2909393310546875,124.24,0,1,180,1.612,-0.7929,1.0,0.4819,-0.2379,0.3,0.1927,0.2549,2.0605
86.901,1,RETURN_HOME,-1.6822,0.6794,-2.0419,-1.4192,-0.1646,-0.5313,-1.4,-0.3646,1.4467,0.0,0.0,1.8143,6.737087726593018,2.2915940284729004,121.49,0,1,180,1.111,-0.8029,1.0,0.4822,-0.2409,0.3,0.1929,0.252,2.0589
86.951,1,RETURN_HOME,-1.7406,0.6716,-2.0463,-1.4194,-0.1683,-0.4966,-1.4,-0.3683,1.4476,0.0,0.0,1.8656,6.9778642654418945,2.2917513847351074,119.49,0,1,180,1.099,-0.8107,1.0,0.4825,-0.2432,0.3,0.193,0.2498,2.0579
87.001,1,RETURN_HOME,-1.8117,0.6603,-2.0483,-1.4203,-0.1734,-0.4582,-1.4,-0.3734,1.4489,0.0,0.0,1.9282,7.519590854644775,2.2942864894866943,118.99,0,1,180,1.173,-0.8196,1.0,0.483,-0.2459,0.3,0.1932,0.2473,2.0674
87.051,1,RETURN_HOME,-1.8823,0.6491,-2.0494,-1.4213,-0.1785,-0.4233,-1.4,-0.3785,1.4503,0.0,0.0,1.9911,7.78494119644165,2.2951717376708984,114.98,0,1,180,1.207,-0.8275,1.0,0.4834,-0.2483,0.3,0.1934,0.2451,2.0675
87.101,1,RETURN_HOME,-1.9401,0.6413,-2.0531,-1.4217,-0.1822,-0.3969,-1.4,-0.3822,1.4512,0.0,0.0,2.0433,8.054941177368164,2.296205520629883,113.73,0,1,180,1.225,-0.8333,1.0,0.4837,-0.25,0.3,0.1935,0.2435,2.0679
87.151,1,RETURN_HOME,-1.9972,0.6343,-2.058,-1.4219,-0.1855,-0.3728,-1.4,-0.3855,1.4521,0.0,0.0,2.0955,8.638230323791504,2.3003828525543213,111.23,0,1,180,1.121,-0.8385,1.0,0.484,-0.2516,0.3,0.1936,0.2421,2.0787
87.201,1,RETURN_HOME,-2.0657,0.6256,-2.0626,-1.4223,-0.1898,-0.3468,-1.4,-0.3898,1.4532,0.0,0.0,2.1584,8.911408424377441,2.3027286529541016,110.98,0,1,180,1.113,-0.8443,1.0,0.4844,-0.2533,0.3,0.1938,0.2405,2.0794
87.251,1,RETURN_HOME,-2.1334,0.6168,-2.0632,-1.4228,-0.1943,-0.3238,-1.4,-0.3943,1.4545,0.0,0.0,2.2208,9.451247215270996,2.307573080062866,109.48,0,1,180,1.127,-0.8494,1.0,0.4848,-0.2548,0.3,0.1939,0.2391,2.0873
87.301,1,RETURN_HOME,-2.1895,0.6093,-2.062,-1.4234,-0.1984,-0.3069,-1.4,-0.3984,1.4556,0.0,0.0,2.2727,9.74970817565918,2.3106918334960938,107.22,0,1,180,1.089,-0.8532,1.0,0.4852,-0.256,0.3,0.1941,0.2381,2.0926
87.351,1,RETURN_HOME,-2.2457,0.6016,-2.0605,-1.4241,-0.2028,-0.2917,-1.4,-0.4028,1.4568,0.0,0.0,2.3249,10.000447273254395,2.313854217529297,105.97,0,1,180,1.251,-0.8567,1.0,0.4856,-0.257,0.3,0.1942,0.2372,2.0966
87.401,1,RETURN_HOME,-2.312,0.5934,-2.0587,-1.4244,-0.2075,-0.2757,-1.4,-0.4075,1.4581,0.0,0.0,2.387,10.249335289001465,2.3163256645202637,105.97,0,1,180,1.105,-0.8605,1.0,0.486,-0.2582,0.3,0.1944,0.2363,2.0987
87.451,1,RETURN_HOME,-2.3673,0.5865,-2.057,-1.4246,-0.2116,-0.2641,-1.4,-0.4116,1.4593,0.0,0.0,2.4389,10.529351234436035,2.325683832168579,105.22,0,1,180,1.216,-0.8634,1.0,0.4864,-0.259,0.3,0.1946,0.2355,2.1107
87.501,1,RETURN_HOME,-2.4228,0.5792,-2.0551,-1.425,-0.2161,-0.2539,-1.4,-0.4161,1.4605,0.0,0.0,2.4911,10.566935539245605,2.3284494876861572,105.22,0,1,180,1.126,-0.8661,1.0,0.4868,-0.2598,0.3,0.1947,0.2349,2.1149
87.551,1,RETURN_HOME,-2.4768,0.5723,-2.0519,-1.4249,-0.2203,-0.2449,-1.4,-0.4203,1.4617,0.0,0.0,2.5421,10.604552268981934,2.33264422416687,102.47,0,1,180,1.146,-0.8685,1.0,0.4872,-0.2605,0.3,0.1949,0.2344,2.1202
87.601,1,RETURN_HOME,-2.5308,0.5651,-2.0484,-1.4249,-0.2248,-0.2369,-1.4,-0.4248,1.463,0.0,0.0,2.5932,10.645995140075684,2.33771014213562,103.72,0,1,180,1.096,-0.8707,1.0,0.4877,-0.2612,0.3,0.1951,0.2339,2.1258
87.651,1,RETURN_HOME,-2.5853,0.5576,-2.0449,-1.4251,-0.2295,-0.23,-1.4,-0.4295,1.4644,0.0,0.0,2.6447,10.733391761779785,2.347374677658081,101.97,0,1,180,1.274,-0.8727,1.0,0.4881,-0.2618,0.3,0.1953,0.2335,2.1377
87.701,1,RETURN_HOME,-2.6478,0.5476,-2.0421,-1.4243,-0.2359,-0.223,-1.4,-0.4359,1.4663,0.0,0.0,2.7038,10.773513793945312,2.352708339691162,100.97,0,1,180,1.076,-0.8748,1.0,0.4888,-0.2624,0.3,0.1955,0.2331,2.1444
87.751,1,RETURN_HOME,-2.7096,0.5368,-2.0399,-1.4233,-0.2427,-0.2169,-1.4,-0.4427,1.4683,0.0,0.0,2.7622,10.817544937133789,2.356093406677246,101.47,0,1,180,1.127,-0.8767,1.0,0.4894,-0.263,0.3,0.1958,0.2328,2.1504
87.801,1,RETURN_HOME,-2.7513,0.5294,-2.0384,-1.4228,-0.2475,-0.2134,-1.4,-0.4475,1.4698,0.0,0.0,2.8017,10.9086275100708,2.3690528869628906,100.72,0,1,180,1.144,-0.8778,1.0,0.4899,-0.2634,0.3,0.196,0.2326,2.163
87.851,1,RETURN_HOME,-2.8133,0.5193,-2.0442,-1.4223,-0.2544,-0.2088,-1.4,-0.4544,1.4719,0.0,0.0,2.8609,10.953069686889648,2.3736836910247803,101.47,0,1,180,1.157,-0.8793,1.0,0.4906,-0.2638,0.3,0.1963,0.2325,2.1701
87.901,1,RETURN_HOME,-2.8762,0.5088,-2.0501,-1.4222,-0.2613,-0.2049,-1.4,-0.4613,1.474,0.0,0.0,2.9208,10.995903968811035,2.3813815116882324,101.47,0,1,180,1.085,-0.8807,1.0,0.4913,-0.2642,0.3,0.1965,0.2323,2.1768
87.951,1,RETURN_HOME,-2.9291,0.4996,-2.0541,-1.4225,-0.2672,-0.2022,-1.4,-0.4672,1.4759,0.0,0.0,2.9714,11.091748237609863,2.39438796043396,101.47,0,1,180,1.188,-0.8818,1.0,0.492,-0.2645,0.3,0.1968,0.2322,2.1923
88.001,1,RETURN_HOME,-2.9788,0.4877,-2.0626,-1.4215,-0.2743,-0.1996,-1.4,-0.4743,1.4782,0.0,0.0,3.0185,11.133844375610352,2.3997368812561035,100.47,0,1,180,1.226,-0.8828,1.0,0.4927,-0.2648,0.3,0.1971,0.2322,2.2011
88.051,1,RETURN_HOME,-3.0395,0.4731,-2.0708,-1.4206,-0.2828,-0.1967,-1.4,-0.4828,1.4809,0.0,0.0,3.0761,11.180292129516602,2.4062767028808594,100.97,0,1,180,1.174,-0.884,1.0,0.4936,-0.2652,0.3,0.1975,0.2323,2.2076
88.101,1,RETURN_HOME,-3.0909,0.4608,-2.0761,-1.4203,-0.2899,-0.1943,-1.4,-0.4899,1.4832,0.0,0.0,3.125,11.274895668029785,2.4215869903564453,101.47,0,1,180,1.278,-0.8849,1.0,0.4944,-0.2655,0.3,0.1978,0.2323,2.2258
88.151,1,RETURN_HOME,-3.1422,0.448,-2.0795,-1.4203,-0.2966,-0.192,-1.4,-0.4966,1.4855,0.0,0.0,3.174,11.318550109863281,2.4270708560943604,100.22,0,1,180,1.266,-0.8859,1.0,0.4952,-0.2658,0.3,0.1981,0.2323,2.2332
88.201,1,RETURN_HOME,-3.2047,0.4324,-2.082,-1.4208,-0.3046,-0.1889,-1.4,-0.5046,1.4882,0.0,0.0,3.2338,11.364277839660645,2.4359750747680664,100.22,0,1,180,1.28,-0.887,1.0,0.4961,-0.2661,0.3,0.1984,0.2323,2.2423
88.251,1,RETURN_HOME,-3.2675,0.4171,-2.0833,-1.4214,-0.3125,-0.1856,-1.4,-0.5125,1.4908,0.0,0.0,3.294,11.45906925201416,2.4516942501068115,98.47,0,1,180,1.124,-0.888,1.0,0.4969,-0.2664,0.3,0.1988,0.2324,2.2599
88.301,1,RETURN_HOME,-3.3194,0.4048,-2.0837,-1.4221,-0.3188,-0.1825,-1.4,-0.5188,1.493,0.0,0.0,3.344,11.504358291625977,2.4585163593292236,98.47,0,1,180,1.119,-0.8887,1.0,0.4977,-0.2666,0.3,0.1991,0.2324,2.2696
88.351,1,RETURN_HOME,-3.3826,0.3898,-2.0831,-1.423,-0.3265,-0.1786,-1.4,-0.5265,1.4957,0.0,0.0,3.405,11.549412727355957,2.4674453735351562,98.22,0,1,180,1.191,-0.8895,1.0,0.4986,-0.2669,0.3,0.1994,0.2326,2.2778
88.401,1,RETURN_HOME,-3.4369,0.3764,-2.0815,-1.4242,-0.3333,-0.1751,-1.4,-0.5333,1.4981,0.0,0.0,3.4574,11.644988059997559,2.484001874923706,99.47,0,1,180,1.081,-0.8902,1.0,0.4994,-0.2671,0.3,0.1997,0.2327,2.2951
88.452,1,RETURN_HOME,-3.4928,0.3621,-2.0787,-1.4257,-0.3402,-0.1713,-1.3,-0.5402,1.4078,0.0,0.0,3.5115,11.690425872802734,2.49039888381958,99.47,0,1,180,2.759,-0.879,1.0,0.4693,-0.2637,0.3,0.1877,0.224,2.3053
88.501,1,RETURN_HOME,-3.5602,0.3446,-2.075,-1.4276,-0.3488,-0.1665,-1.3,-0.5488,1.4111,0.0,0.0,3.5769,11.734465599060059,2.4999310970306396,99.47,0,1,180,1.091,-0.8795,1.0,0.4704,-0.2639,0.3,0.1881,0.2243,2.2952
88.551,1,RETURN_HOME,-3.6167,0.3302,-2.0698,-1.4292,-0.3561,-0.1622,-1.3,-0.5561,1.4139,0.0,0.0,3.6318,11.785849571228027,2.5099334716796875,99.72,0,1,180,1.168,-0.8798,1.0,0.4713,-0.264,0.3,0.1885,0.2246,2.2675
88.6,1,RETURN_HOME,-3.6848,0.3128,-2.0621,-1.428,-0.365,-0.1568,-1.3,-0.565,1.4175,0.0,0.0,3.698,11.87550163269043,2.5275063514709473,97.72,0,1,180,1.056,-0.8801,1.0,0.4725,-0.264,0.3,0.189,0.225,2.2208
88.651,1,RETURN_HOME,-3.7414,0.298,-2.056,-1.4248,-0.3725,-0.1521,-1.3,-0.5725,1.4205,0.0,0.0,3.7533,11.920166015625,2.5365989208221436,97.22,0,1,180,1.137,-0.8803,1.0,0.4735,-0.2641,0.3,0.1894,0.2253,2.1939
88.701,1,RETURN_HOME,-3.8113,0.2801,-2.0489,-1.42,-0.3815,-0.1463,-1.3,-0.5815,1.4241,0.0,0.0,3.8216,11.969311714172363,2.547884225845337,97.97,0,1,180,1.218,-0.8805,1.0,0.4747,-0.2641,0.3,0.1899,0.2257,2.1612
88.751,1,RETURN_HOME,-3.8701,0.265,-2.0432,-1.4154,-0.389,-0.1412,-1.3,-0.589,1.4272,0.0,0.0,3.8791,12.057456970214844,2.565480947494507,97.22,0,1,180,1.24,-0.8806,1.0,0.4757,-0.2642,0.3,0.1903,0.2261,2.1102
88.801,1,RETURN_HOME,-3.94,0.2464,-2.0368,-1.4095,-0.3981,-0.135,-1.3,-0.5981,1.431,0.0,0.0,3.9477,12.103864669799805,2.575552225112915,96.96,0,1,180,1.085,-0.8806,1.0,0.477,-0.2642,0.3,0.1908,0.2266,2.0806
88.851,1,RETURN_HOME,-3.9982,0.2301,-2.0327,-1.4046,-0.4059,-0.1296,-1.3,-0.6059,1.4343,0.0,0.0,4.0048,12.154302597045898,2.587250232696533,96.21,0,1,180,1.334,-0.8806,1.0,0.4781,-0.2642,0.3,0.1912,0.227,2.0493
88.901,1,RETURN_HOME,-4.0676,0.21,-2.0283,-1.3989,-0.4153,-0.123,-1.3,-0.6153,1.4383,0.0,0.0,4.073,12.243523597717285,2.6081225872039795,96.46,0,1,180,1.647,-0.8806,1.0,0.4794,-0.2642,0.3,0.1918,0.2276,1.9934
88.952,1,RETURN_HOME,-4.125,0.1929,-2.0249,-1.3945,-0.4233,-0.1174,-1.3,-0.6233,1.4417,0.0,0.0,4.1295,12.285711288452148,2.6182003021240234,96.71,0,1,180,2.032,-0.8805,1.0,0.4806,-0.2642,0.3,0.1922,0.2281,1.9623
89.001,1,RETURN_HOME,-4.1957,0.1763,-2.0172,-1.3903,-0.4311,-0.1104,-1.3,-0.6311,1.4451,0.0,0.0,4.1994,12.336791038513184,2.629470109939575,95.46,0,1,180,1.689,-0.8805,1.0,0.4817,-0.2641,0.3,0.1927,0.2285,1.9369
89.051,1,RETURN_HOME,-4.254,0.1618,-2.0115,-1.3869,-0.4378,-0.1045,-1.3,-0.6378,1.448,0.0,0.0,4.2571,12.424237251281738,2.6504974365234375,95.71,0,1,180,1.784,-0.8804,1.0,0.4827,-0.2641,0.3,0.1931,0.229,1.8824
89.101,1,RETURN_HOME,-4.3234,0.1436,-2.0055,-1.3832,-0.4462,-0.0974,-1.3,-0.6462,1.4517,0.0,0.0,4.3258,12.467804908752441,2.662414073944092,95.46,0,1,180,1.804,-0.8802,1.0,0.4839,-0.2641,0.3,0.1936,0.2295,1.8563
89.151,1,RETURN_HOME,-4.3813,0.1285,-2.0017,-1.3804,-0.4531,-0.0915,-1.3,-0.6531,1.4548,0.0,0.0,4.3832,12.516643524169922,2.6753036975860596,95.21,0,1,180,1.766,-0.88,1.0,0.4849,-0.264,0.3,0.194,0.23,1.8276
89.201,1,RETURN_HOME,-4.4387,0.1127,-1.9984,-1.3776,-0.4602,-0.0856,-1.3,-0.6602,1.4581,0.0,0.0,4.4401,12.602970123291016,2.6989564895629883,94.71,0,1,180,1.578,-0.8798,1.0,0.486,-0.2639,0.3,0.1944,0.2305,1.7677
89.251,1,RETURN_HOME,-4.5069,0.0929,-1.9953,-1.3744,-0.4693,-0.0786,-1.3,-0.6693,1.4622,0.0,0.0,4.5078,12.64567756652832,2.7112553119659424,94.96,0,1,180,1.778,-0.8795,1.0,0.4874,-0.2638,0.3,0.195,0.2311,1.737
89.301,1,RETURN_HOME,-4.5624,0.0755,-1.9946,-1.3714,-0.4774,-0.0729,-1.3,-0.6774,1.4659,0.0,0.0,4.5631,12.694403648376465,2.7242212295532227,92.46,0,1,180,1.786,-0.8791,1.0,0.4886,-0.2637,0.3,0.1955,0.2317,1.6988
89.352,1,RETURN_HOME,-4.6178,0.0576,-1.994,-1.3686,-0.4857,-0.0673,-1.3,-0.6857,1.4698,0.0,0.0,4.6182,12.737441062927246,2.7362310886383057,93.71,0,1,180,1.85,-0.8786,1.0,0.4899,-0.2636,0.3,0.196,0.2324,1.6635
89.401,1,RETURN_HOME,-4.6731,0.0394,-1.9939,-1.366,-0.4939,-0.0618,-1.3,-0.6939,1.4736,0.0,0.0,4.6732,12.823442459106445,2.7618777751922607,93.21,0,1,180,1.633,-0.8782,1.0,0.4912,-0.2635,0.3,0.1965,0.233,1.5997
89.453,1,RETURN_HOME,-4.7396,0.018,-1.9955,-1.3632,-0.5032,-0.0553,-1.3,-0.7032,1.478,0.0,0.0,4.7397,12.870787620544434,2.777134895324707,93.46,0,1,180,2.846,-0.8777,1.0,0.4927,-0.2633,0.3,0.1971,0.2337,1.5643
89.502,1,RETURN_HOME,-4.7949,-0.0005,-1.9967,-1.3611,-0.5112,-0.0499,-1.3,-0.7112,1.4818,0.0,0.0,4.7949,12.91291618347168,2.7898738384246826,90.46,0,1,180,2.372,-0.8774,1.0,0.4939,-0.2632,0.3,0.1976,0.2344,1.5302
89.552,1,RETURN_HOME,-4.8492,-0.0192,-1.997,-1.3589,-0.519,-0.0445,-1.3,-0.719,1.4856,0.0,0.0,4.8492,12.999235153198242,2.8168985843658447,91.71,0,1,180,2.09,-0.877,1.0,0.4952,-0.2631,0.3,0.1981,0.235,1.4665
89.601,1,RETURN_HOME,-4.9105,-0.0411,-1.9942,-1.3554,-0.5278,-0.0381,-1.3,-0.7278,1.4899,0.0,0.0,4.9106,13.046252250671387,2.8312313556671143,92.21,0,1,180,1.555,-0.8766,1.0,0.4966,-0.263,0.3,0.1986,0.2357,1.4323
89.652,1,RETURN_HOME,-4.9619,-0.0601,-1.9921,-1.3527,-0.5354,-0.033,-1.3,-0.7354,1.4936,0.0,0.0,4.9623,13.090033531188965,2.8457188606262207,90.21,0,1,180,2.089,-0.8763,1.0,0.4979,-0.2629,0.3,0.1991,0.2363,1.4024
89.701,1,RETURN_HOME,-5.0244,-0.0834,-1.9902,-1.3501,-0.5448,-0.027,-1.3,-0.7448,1.4982,0.0,0.0,5.0251,13.173651695251465,2.875145435333252,91.71,0,1,180,1.654,-0.8758,1.0,0.4994,-0.2627,0.3,0.1998,0.237,1.3369
89.751,1,RETURN_HOME,-5.0877,-0.1074,-1.9888,-1.348,-0.5544,-0.0213,-1.2,-0.7544,1.4174,0.0,0.0,5.0888,13.219514846801758,2.892082691192627,89.46,0,1,180,1.734,-0.8576,1.0,0.4725,-0.2573,0.3,0.189,0.2317,1.2979
89.801,1,RETURN_HOME,-5.1406,-0.1279,-1.9879,-1.3467,-0.5626,-0.0166,-1.2,-0.7626,1.4218,0.0,0.0,5.1422,13.262239456176758,2.905996561050415,90.71,0,1,180,1.573,-0.8571,1.0,0.4739,-0.2571,0.3,0.1896,0.2325,1.26
89.851,1,RETURN_HOME,-5.2039,-0.1528,-1.986,-1.3455,-0.5725,-0.0111,-1.2,-0.7725,1.4272,0.0,0.0,5.2061,13.347169876098633,2.937286376953125,90.21,0,1,180,1.809,-0.8564,1.0,0.4757,-0.2569,0.3,0.1903,0.2334,1.1967
89.901,1,RETURN_HOME,-5.2564,-0.1741,-1.9843,-1.3423,-0.5809,-0.0067,-1.2,-0.7809,1.4317,0.0,0.0,5.2593,13.393452644348145,2.9549148082733154,88.71,0,1,180,1.581,-0.8558,1.0,0.4772,-0.2567,0.3,0.1909,0.2342,1.1565
89.951,1,RETURN_HOME,-5.3195,-0.2003,-1.9826,-1.3363,-0.5911,-0.0015,-1.2,-0.7911,1.4373,0.0,0.0,5.3233,13.436012268066406,2.9715280532836914,88.96,0,1,180,1.859,-0.855,1.0,0.4791,-0.2565,0.3,0.1916,0.2351,1.1157
90.001,1,RETURN_HOME,-5.3696,-0.2213,-1.9824,-1.3289,-0.5992,0.0026,-1.2,-0.7992,1.4418,0.0,0.0,5.3742,13.51758861541748,3.0041913986206055,89.46,0,1,180,1.696,-0.8544,1.0,0.4806,-0.2563,0.3,0.1922,0.2359,1.0497
90.051,1,RETURN_HOME,-5.4193,-0.2427,-1.9824,-1.3209,-0.6074,0.0066,-1.1,-0.8074,1.3645,0.0,0.0,5.4247,13.565658569335938,3.022361993789673,88.46,0,1,180,1.881,-0.8318,1.0,0.4548,-0.2495,0.3,0.1819,0.2324,1.007
90.101,1,RETURN_HOME,-5.479,-0.2692,-1.9824,-1.3116,-0.6175,0.0111,-1.1,-0.8175,1.3705,0.0,0.0,5.4857,13.606834411621094,3.038569450378418,89.21,0,1,180,1.587,-0.8309,1.0,0.4568,-0.2493,0.3,0.1827,0.2335,0.9663
90.151,1,RETURN_HOME,-5.5276,-0.2934,-1.9829,-1.3036,-0.6268,0.0148,-1.3,-0.7268,1.4894,0.0,0.0,5.5354,13.64742374420166,3.0569217205047607,87.21,0,1,180,1.931,-0.8975,1.0,0.4965,-0.2692,0.3,0.1986,0.2293,1.2909
90.201,1,RETURN_HOME,-5.5762,-0.318,-1.9833,-1.2939,-0.6364,0.0185,-1.2939,-0.7364,1.4888,0.0,0.0,5.5853,13.734078407287598,3.093531370162964,86.96,0,1,180,1.652,-0.8959,1.0,0.4963,-0.2688,0.3,0.1985,0.2297,1.2358
90.251,1,RETURN_HOME,-5.6248,-0.3431,-1.9837,-1.2823,-0.6463,0.022,-1.2823,-0.7463,1.4836,0.0,0.0,5.6353,13.773699760437012,3.110576868057251,88.21,0,1,180,1.88,-0.8933,1.0,0.4945,-0.268,0.3,0.1978,0.2298,1.1931
90.301,1,RETURN_HOME,-5.6757,-0.3678,-1.9848,-1.2741,-0.6545,0.0252,-1.2741,-0.7545,1.4808,0.0,0.0,5.6876,13.814962387084961,3.1279892921447754,87.96,0,1,180,1.624,-0.8916,1.0,0.4936,-0.2675,0.3,0.1974,0.23,1.1602
90.352,1,RETURN_HOME,-5.7268,-0.3927,-1.9861,-1.2697,-0.6608,0.0286,-1.2697,-0.7608,1.4802,0.0,0.0,5.7402,13.854835510253906,3.146866798400879,87.46,0,1,180,1.791,-0.8909,1.0,0.4934,-0.2673,0.3,0.1974,0.2301,1.1358
90.401,1,RETURN_HOME,-5.7879,-0.4231,-1.9874,-1.2681,-0.6665,0.0327,-1.2681,-0.7665,1.4817,0.0,0.0,5.8034,13.939038276672363,3.1859960556030273,86.46,0,1,180,1.74,-0.8912,1.0,0.4939,-0.2674,0.3,0.1976,0.2302,1.1045
90.451,1,RETURN_HOME,-5.8362,-0.4484,-1.9877,-1.2679,-0.6693,0.0362,-1.1679,-0.7693,1.3985,0.0,0.0,5.8534,13.980426788330078,3.2053277492523193,86.46,0,1,180,1.891,-0.8748,1.0,0.4662,-0.2624,0.3,0.1865,0.224,0.9894
90.502,1,RETURN_HOME,-5.8937,-0.479,-1.9878,-1.269,-0.6719,0.0405,-1.069,-0.7719,1.3186,0.0,0.0,5.9132,14.020301818847656,3.2224607467651367,86.71,0,1,180,1.966,-0.8555,1.0,0.4395,-0.2566,0.3,0.1758,0.2192,0.9249
90.551,1,RETURN_HOME,-5.9421,-0.5047,-1.9879,-1.2705,-0.6743,0.0441,-1.0705,-0.7743,1.3212,0.0,0.0,5.9635,14.105456352233887,3.262363910675049,85.95,0,1,180,1.771,-0.857,1.0,0.4404,-0.2571,0.3,0.1762,0.2191,0.879
90.601,1,RETURN_HOME,-5.9993,-0.5336,-1.9912,-1.2693,-0.6769,0.0486,-1.2693,-0.6769,1.4385,0.0,0.0,6.023,14.143411636352539,3.2825472354888916,84.95,0,1,180,1.729,-0.9206,1.0,0.4795,-0.2762,0.3,0.1918,0.2156,1.348
90.652,1,RETURN_HOME,-6.0472,-0.5582,-1.9935,-1.2637,-0.6796,0.0525,-1.2637,-0.6796,1.4348,0.0,0.0,6.0729,14.182574272155762,3.3012990951538086,87.21,0,1,180,1.962,-0.9205,1.0,0.4783,-0.2762,0.3,0.1913,0.2152,1.3366
90.701,1,RETURN_HOME,-6.0951,-0.5832,-1.9955,-1.2543,-0.6831,0.0562,-1.2543,-0.6831,1.4282,0.0,0.0,6.1229,14.26573657989502,3.3432631492614746,86.46,0,1,180,1.685,-0.9198,1.0,0.4761,-0.2759,0.3,0.1904,0.2145,1.3045
90.751,1,RETURN_HOME,-6.1426,-0.6077,-1.9957,-1.2463,-0.6854,0.0597,-1.2463,-0.6854,1.4223,0.0,0.0,6.1726,14.305659294128418,3.3608217239379883,84.95,0,1,180,1.772,-0.9194,1.0,0.4741,-0.2758,0.3,0.1896,0.2138,1.29
90.801,1,RETURN_HOME,-6.2093,-0.6426,-1.9958,-1.2398,-0.6861,0.0646,-1.2398,-0.6861,1.417,0.0,0.0,6.2424,14.343667030334473,3.381772518157959,84.7,0,1,180,1.744,-0.9202,1.0,0.4723,-0.276,0.3,0.1889,0.2129,1.2885
90.852,1,RETURN_HOME,-6.2575,-0.667,-1.9952,-1.2381,-0.6846,0.0681,-1.2381,-0.6846,1.4148,0.0,0.0,6.293,14.427632331848145,3.3756580352783203,-95.46,0,1,180,2.076,-0.9215,1.0,0.4716,-0.2764,0.3,0.1886,0.2122,1.2754
90.901,1,RETURN_HOME,-6.3065,-0.6903,-1.9939,-1.2379,-0.6817,0.0717,-1.2379,-0.6817,1.4132,0.0,0.0,6.3442,14.467741966247559,3.3545916080474854,-94.21,0,1,180,1.692,-0.9233,1.0,0.4711,-0.277,0.3,0.1884,0.2114,1.2839
90.951,1,RETURN_HOME,-6.3654,-0.7188,-1.9923,-1.2388,-0.6777,0.0761,-1.2388,-0.6777,1.412,0.0,0.0,6.4059,14.507617950439453,3.3353962898254395,-95.21,0,1,180,1.912,-0.9256,1.0,0.4707,-0.2777,0.3,0.1883,0.2106,1.2983
91.001,1,RETURN_HOME,-6.4136,-0.7434,-1.9916,-1.2396,-0.6746,0.0798,-1.3396,-0.6746,1.4999,0.0,0.0,6.4566,14.589998245239258,3.2944273948669434,-94.96,0,1,180,1.688,-0.939,1.0,0.5,-0.2817,0.3,0.2,0.2183,1.4183
91.051,1,RETURN_HOME,-6.4607,-0.7691,-1.9917,-1.2399,-0.6721,0.0835,-1.2399,-0.7721,1.4607,0.0,0.0,6.5064,14.629023551940918,3.2750375270843506,-96.46,0,1,180,1.679,-0.9054,1.0,0.4869,-0.2716,0.3,0.1948,0.2231,1.0739
91.101,1,RETURN_HOME,-6.5177,-0.8,-1.9916,-1.2404,-0.6694,0.0878,-1.2404,-0.7694,1.4596,0.0,0.0,6.5666,14.66808032989502,3.2539889812469482,-95.46,0,1,180,1.746,-0.9077,1.0,0.4865,-0.2723,0.3,0.1946,0.2223,1.0822
91.152,1,RETURN_HOME,-6.564,-0.8252,-1.9925,-1.2422,-0.6671,0.0913,-1.2422,-0.7671,1.46,0.0,0.0,6.6156,14.713333129882812,3.2333521842956543,-95.96,0,1,180,1.621,-0.9097,1.0,0.4867,-0.2729,0.3,0.1947,0.2217,1.0884
91.201,1,RETURN_HOME,-6.6086,-0.8495,-1.9945,-1.243,-0.6663,0.0949,-1.243,-0.7663,1.4602,0.0,0.0,6.663,14.79088306427002,3.1942901611328125,-95.46,0,1,180,1.62,-0.9112,1.0,0.4867,-0.2734,0.3,0.1947,0.2213,1.0816
91.251,1,RETURN_HOME,-6.663,-0.8792,-1.9965,-1.2435,-0.668,0.0991,-1.2435,-0.768,1.4616,0.0,0.0,6.7207,14.830538749694824,3.1746912002563477,-95.71,0,1,180,1.704,-0.9122,1.0,0.4872,-0.2737,0.3,0.1949,0.2212,1.0837
91.301,1,RETURN_HOME,-6.7187,-0.9097,-1.9955,-1.2436,-0.6719,0.1032,-1.2436,-0.6719,1.4135,0.0,0.0,6.78,14.913453102111816,3.1346330642700195,-95.46,0,1,180,1.6,-0.9356,1.0,0.4712,-0.2807,0.3,0.1885,0.2078,1.2865
91.352,1,RETURN_HOME,-6.7658,-0.9357,-1.9935,-1.2435,-0.6764,0.1064,-1.2435,-0.6764,1.4155,0.0,0.0,6.8302,14.952473640441895,3.1145083904266357,-95.96,0,1,180,1.828,-0.9356,1.0,0.4718,-0.2807,0.3,0.1887,0.208,1.2781
91.401,1,RETURN_HOME,-6.8227,-0.9673,-1.9914,-1.2433,-0.6826,0.1102,-1.2433,-0.6826,1.4184,0.0,0.0,6.8909,14.991994857788086,3.0946879386901855,-96.96,0,1,180,1.673,-0.9355,1.0,0.4728,-0.2806,0.3,0.1891,0.2085,1.266
91.452,1,RETURN_HOME,-6.8676,-0.9924,-1.9921,-1.2422,-0.6856,0.1133,-1.2422,-0.6856,1.4188,0.0,0.0,6.939,15.036084175109863,3.073068141937256,-96.71,0,1,180,1.932,-0.9356,1.0,0.4729,-0.2807,0.3,0.1892,0.2085,1.2515
91.501,1,RETURN_HOME,-6.9125,-1.0176,-1.9932,-1.241,-0.6867,0.1164,-1.241,-0.6867,1.4183,0.0,0.0,6.987,12.67309856414795,3.033390760421753,-97.97,0,1,180,1.666,-0.9362,1.0,0.4728,-0.2808,0.3,0.1891,0.2083,1.2306
91.551,1,RETURN_HOME,-6.967,-1.0482,-1.9943,-1.2401,-0.686,0.12,-1.2401,-0.686,1.4172,0.0,0.0,7.0454,12.651538848876953,3.012467622756958,-96.96,0,1,180,1.718,-0.9373,1.0,0.4724,-0.2812,0.3,0.189,0.2078,1.2311
91.602,1,RETURN_HOME,-7.0136,-1.0728,-1.9998,-1.2404,-0.6838,0.123,-1.2404,-0.6838,1.4164,0.0,0.0,7.0952,12.621710777282715,2.988753318786621,-97.22,0,1,180,2.399,-0.9387,1.0,0.4721,-0.2816,0.3,0.1888,0.2072,1.2318
91.651,1,RETURN_HOME,-7.0607,-1.0975,-2.0056,-1.2411,-0.681,0.126,-1.2411,-0.681,1.4157,0.0,0.0,7.1455,12.57236385345459,2.950622320175171,-99.22,0,1,180,1.679,-0.9402,1.0,0.4719,-0.2821,0.3,0.1888,0.2067,1.2248
91.701,1,RETURN_HOME,-7.1178,-1.1274,-2.0115,-1.2422,-0.6776,0.1295,-1.2422,-0.6776,1.415,0.0,0.0,7.2065,12.547554016113281,2.9297001361846924,-98.22,0,1,180,1.586,-0.942,1.0,0.4717,-0.2826,0.3,0.1887,0.2061,1.2341
91.751,1,RETURN_HOME,-7.1734,-1.1564,-2.0106,-1.243,-0.6739,0.133,-1.243,-0.6739,1.4139,0.0,0.0,7.266,12.519402503967285,2.9071853160858154,-97.72,0,1,180,1.808,-0.9438,1.0,0.4713,-0.2831,0.3,0.1885,0.2054,1.2389
91.801,1,RETURN_HOME,-7.2203,-1.1809,-2.0096,-1.2437,-0.6712,0.1358,-1.2437,-0.6712,1.4133,0.0,0.0,7.3162,12.471346855163574,2.867323875427246,-98.47,0,1,180,1.621,-0.9451,1.0,0.4711,-0.2835,0.3,0.1884,0.2049,1.2245
91.851,1,RETURN_HOME,-7.277,-1.2095,-2.0074,-1.2445,-0.6682,0.1393,-1.2445,-0.6682,1.4125,0.0,0.0,7.3768,12.450057029724121,2.8479347229003906,-98.97,0,1,180,1.765,-0.9467,1.0,0.4708,-0.284,0.3,0.1883,0.2043,1.2281
91.901,1,RETURN_HOME,-7.324,-1.2296,-2.0026,-1.2449,-0.6643,0.1421,-1.2449,-0.6643,1.4111,0.0,0.0,7.4265,12.426216125488281,2.8186590671539307,135.0,0,1,180,1.812,-0.948,1.0,0.4704,-0.2844,0.3,0.1881,0.2037,1.23
91.951,1,RETURN_HOME,-7.3715,-1.2504,-1.998,-1.2454,-0.661,0.1449,-1.3454,-0.661,1.499,0.0,0.0,7.4768,12.390015602111816,2.7121713161468506,135.0,0,1,180,1.849,-0.9586,1.0,0.4997,-0.2876,0.3,0.1999,0.2123,1.3129
92.001,1,RETURN_HOME,-7.4283,-1.2731,-1.9905,-1.2455,-0.6564,0.1481,-1.3455,-0.6564,1.4971,0.0,0.0,7.5366,12.376178741455078,2.658947706222534,135.0,0,1,180,1.666,-0.9599,1.0,0.499,-0.288,0.3,0.1996,0.2116,1.3172
92.051,1,RETURN_HOME,-7.475,-1.2883,-1.9807,-1.2457,-0.6512,0.1507,-1.3457,-0.6512,1.495,0.0,0.0,7.5852,12.35973834991455,2.5990049839019775,135.0,0,1,180,1.92,-0.9611,1.0,0.4983,-0.2883,0.3,0.1993,0.211,1.321
92.102,1,RETURN_HOME,-7.5222,-1.3046,-1.9722,-1.2482,-0.6467,0.1532,-1.3482,-0.6467,1.4953,0.0,0.0,7.6345,12.347617149353027,2.5473713874816895,135.0,0,1,180,2.043,-0.9623,1.0,0.4984,-0.2887,0.3,0.1994,0.2107,1.3251
92.151,1,RETURN_HOME,-7.5689,-1.3221,-1.9647,-1.2519,-0.6429,0.1557,-1.3519,-0.6429,1.497,0.0,0.0,7.6835,12.332196235656738,2.4423253536224365,135.0,0,1,180,1.862,-0.9635,1.0,0.499,-0.2891,0.3,0.1996,0.2105,1.3155
92.201,1,RETURN_HOME,-7.6213,-1.3452,-1.9566,-1.256,-0.6395,0.1585,-1.356,-0.6395,1.4992,0.0,0.0,7.7391,12.326983451843262,2.3805079460144043,135.0,0,1,180,1.772,-0.9648,1.0,0.4997,-0.2895,0.3,0.1999,0.2104,1.3138
92.251,1,RETURN_HOME,-7.6661,-1.3652,-1.951,-1.2605,-0.637,0.1607,-1.1605,-0.737,1.3747,0.0,0.0,7.7867,12.322901725769043,2.330371618270874,135.0,0,1,180,1.768,-0.9251,1.0,0.4582,-0.2775,0.3,0.1833,0.2058,0.9511
92.301,1,RETURN_HOME,-7.7203,-1.39,-1.949,-1.267,-0.6344,0.1632,-1.367,-0.5344,1.4677,0.0,0.0,7.8444,12.323647499084473,2.228087902069092,135.0,0,1,180,1.716,-0.9811,1.0,0.4892,-0.2943,0.3,0.1957,0.2014,1.4634
92.351,1,RETURN_HOME,-7.7745,-1.4157,-1.9541,-1.2722,-0.6329,0.1657,-1.3722,-0.5329,1.472,0.0,0.0,7.9024,12.328400611877441,2.1687519550323486,135.0,0,1,180,1.802,-0.9819,1.0,0.4907,-0.2946,0.3,0.1963,0.2017,1.4607
92.401,1,RETURN_HOME,-7.8206,-1.4378,-1.9582,-1.2725,-0.6332,0.1675,-1.3725,-0.5332,1.4724,0.0,0.0,7.9517,12.327033042907715,2.116701602935791,135.0,0,1,180,1.622,-0.9822,1.0,0.4908,-0.2947,0.3,0.1963,0.2017,1.4525
92.451,1,RETURN_HOME,-7.8682,-1.4613,-1.9631,-1.2741,-0.6326,0.1688,-1.3741,-0.5326,1.4737,0.0,0.0,8.0027,12.348172187805176,2.0134010314941406,135.0,0,1,180,1.77,-0.9827,1.0,0.4912,-0.2948,0.3,0.1965,0.2017,1.3805
92.501,1,RETURN_HOME,-7.9167,-1.4858,-1.9681,-1.2774,-0.6302,0.1701,-1.3774,-0.5302,1.4759,0.0,0.0,8.0549,12.370172500610352,1.9535571336746216,135.0,0,1,180,1.82,-0.9835,1.0,0.492,-0.295,0.3,0.1968,0.2017,1.3283
92.551,1,RETURN_HOME,-7.9658,-1.5104,-1.9726,-1.282,-0.6258,0.1714,-1.382,-0.5258,1.4787,0.0,0.0,8.1077,12.390130996704102,1.9039852619171143,135.0,0,1,180,1.781,-0.9845,1.0,0.4929,-0.2954,0.3,0.1972,0.2018,1.2831
92.601,1,RETURN_HOME,-8.0272,-1.5396,-1.9794,-1.2897,-0.6186,0.1731,-1.3897,-0.5186,1.4833,0.0,0.0,8.1735,12.40874195098877,1.8518738746643066,135.0,0,1,180,1.802,-0.986,1.0,0.4944,-0.2958,0.3,0.1978,0.202,1.2333
92.651,1,RETURN_HOME,-8.0695,-1.5589,-1.9847,-1.2958,-0.6131,0.1743,-1.3958,-0.5131,1.4871,0.0,0.0,8.2187,12.447023391723633,1.744200587272644,135.0,0,1,180,1.865,-0.987,1.0,0.4957,-0.2961,0.3,0.1983,0.2022,1.1359
92.701,1,RETURN_HOME,-8.1333,-1.5877,-1.9916,-1.3051,-0.6044,0.1762,-1.3,-0.6044,1.4336,0.0,0.0,8.2868,12.458542823791504,1.6914564371109009,135.0,0,1,180,1.693,-0.9708,1.0,0.4779,-0.2912,0.3,0.1911,0.1999,1.0426
92.751,1,RETURN_HOME,-8.186,-1.6117,-1.9967,-1.3127,-0.597,0.1778,-1.3,-0.497,1.3918,0.0,0.0,8.3431,12.471650123596191,1.6396138668060303,135.0,0,1,180,1.811,-0.9855,1.0,0.4639,-0.2956,0.3,0.1856,0.1899,1.0579
92.801,1,RETURN_HOME,-8.2378,-1.6357,-2.0017,-1.3203,-0.5896,0.1794,-1.3,-0.4896,1.3891,0.0,0.0,8.3987,12.482563972473145,1.5857007503509521,135.0,0,1,180,1.817,-0.9866,1.0,0.463,-0.296,0.3,0.1852,0.1893,1.0063
92.851,1,RETURN_HOME,-8.2901,-1.6595,-2.0059,-1.3259,-0.584,0.181,-1.1,-0.584,1.2454,0.0,0.0,8.4546,12.501875877380371,1.4742971658706665,135.0,0,1,180,1.775,-0.9581,1.0,0.4151,-0.2874,0.3,0.1661,0.1786,0.7876
92.901,1,RETURN_HOME,-8.3535,-1.6873,-2.0095,-1.3306,-0.5775,0.1829,-1.2,-0.4775,1.2915,0.0,0.0,8.5222,12.512394905090332,1.4231173992156982,135.0,0,1,180,1.674,-0.9839,1.0,0.4305,-0.2952,0.3,0.1722,0.177,0.883
92.951,1,RETURN_HOME,-8.4176,-1.7144,-2.0118,-1.3324,-0.5709,0.1849,-1.2,-0.4709,1.2891,0.0,0.0,8.5904,12.52262020111084,1.3681944608688354,135.0,0,1,180,1.76,-0.9851,1.0,0.4297,-0.2955,0.3,0.1719,0.1764,0.8321
93.001,1,RETURN_HOME,-8.4709,-1.737,-2.0132,-1.328,-0.5668,0.1865,-1.1,-0.4668,1.1949,0.0,0.0,8.6471,12.541356086730957,1.2603354454040527,135.0,0,1,180,1.661,-0.9803,1.0,0.3983,-0.2941,0.3,0.1593,0.1652,0.7613
93.051,1,RETURN_HOME,-8.5339,-1.7616,-2.0105,-1.3205,-0.5612,0.1883,-1.1,-0.4612,1.1928,0.0,0.0,8.7138,12.554487228393555,1.2072625160217285,135.0,0,1,180,1.811,-0.9814,1.0,0.3976,-0.2944,0.3,0.159,0.1646,0.7136
93.101,1,RETURN_HOME,-8.5859,-1.7815,-2.0067,-1.3132,-0.5556,0.1898,0.0,0.0,0.0,0.0,0.0,8.7687,12.56462287902832,1.1562743186950684,135.0,0,0,180,1.731,,,,,,,,
93.151,1,RETURN_HOME,-8.6377,-1.8014,-2.0032,-1.3053,-0.5498,0.1913,0.0,0.0,0.0,0.0,0.0,8.8236,12.593550682067871,1.0479137897491455,135.0,0,0,180,1.732,,,,,,,,
93.201,1,RETURN_HOME,-8.7006,-1.8236,-2.0019,-1.2957,-0.5414,0.1927,0.0,0.0,0.0,0.0,0.0,8.8897,12.603659629821777,0.9961878061294556,135.0,0,0,180,1.559,,,,,,,,
93.252,1,RETURN_HOME,-8.7625,-1.8454,-2.0026,-1.2518,-0.5203,0.1933,0.0,0.0,0.0,0.0,0.0,8.9547,12.627965927124023,0.9481382966041565,135.0,0,0,180,2.203,,,,,,,,
93.301,1,RETURN_HOME,-8.812,-1.863,-2.0033,-1.196,-0.495,0.1938,0.0,0.0,0.0,0.0,0.0,9.0068,12.748270034790039,0.8502744436264038,135.0,0,0,180,1.733,,,,,,,,
93.351,1,RETURN_HOME,-8.8719,-1.8832,-2.0049,-1.1171,-0.4585,0.195,0.0,0.0,0.0,0.0,0.0,9.0695,12.812432289123535,0.8086218237876892,135.0,0,0,180,1.664,,,,,,,,
93.402,1,RETURN_HOME,-8.9184,-1.899,-2.0056,-1.0457,-0.4254,0.1965,0.0,0.0,0.0,0.0,0.0,9.1183,11.225027084350586,0.7647376656532288,135.0,0,0,180,2.056,,,,,,,,
93.451,1,RETURN_HOME,-8.9696,-1.9167,-2.0054,-0.9588,-0.3852,0.1989,0.0,0.0,0.0,0.0,0.0,9.1721,10.155635833740234,0.6764891147613525,135.0,0,0,180,1.691,,,,,,,,
93.501,1,RETURN_HOME,-9.0073,-1.9307,-2.0038,-0.8876,-0.353,0.2011,0.0,0.0,0.0,0.0,0.0,9.2119,10.22547435760498,0.6397067904472351,135.0,0,0,180,1.742,,,,,,,,
93.551,1,RETURN_HOME,-9.0489,-1.9461,-2.0017,-0.8072,-0.317,0.2037,0.0,0.0,0.0,0.0,0.0,9.2558,10.521878242492676,0.6016077995300293,135.0,0,0,180,1.75,,,,,,,,
93.601,1,RETURN_HOME,-9.0533,-1.9278,-1.9971,0.4644,0.9486,-0.4798,0.0,0.0,0.0,0.0,0.0,9.2563,11.692390441894531,0.5296973586082458,135.0,0,0,180,1.629,,,,,,,,
93.651,1,RETURN_HOME,-9.0137,-1.887,-1.9806,0.9651,0.5513,-1.6973,0.0,0.0,0.0,0.0,0.0,9.2091,3.5933451652526855,0.5097934007644653,-135.0,0,0,180,1.657,,,,,,,,
93.701,1,RETURN_HOME,-8.9674,-1.8729,-1.9536,0.745,0.0299,-2.822,0.0,0.0,0.0,0.0,0.0,9.1609,0.5185437798500061,0.34826919436454773,-56.68,0,0,180,1.559,,,,,,,,
93.751,1,RETURN_HOME,-8.9456,-1.8794,-1.9265,0.3945,0.1106,2.5104,0.2945,-0.0894,0.3078,0.0,0.0,9.1409,0.3063977360725403,0.3055195212364197,-18.39,0,1,180,1.935,0.8767,0.4247,0.1799,0.263,0.1274,0.072,0.4624,0.0567
93.801,1,RETURN_HOME,-8.9328,-1.8788,-1.8894,0.3132,0.5806,1.439,0.0,0.0,0.0,0.0,0.0,9.1283,0.35190045833587646,0.3371029198169708,21.9,0,0,180,1.533,,,,,,,,
93.851,1,RETURN_HOME,-8.9175,-1.8591,-1.8521,0.5929,0.9257,0.4983,0.0,0.0,0.0,0.0,0.0,9.1092,5.392123699188232,0.5351227521896362,115.48,0,0,180,1.697,,,,,,,,
93.901,1,RETURN_HOME,-8.8703,-1.8165,-1.798,1.0973,0.9282,-0.6118,0.0,0.0,0.0,0.0,0.0,9.0544,5.4960246086120605,0.6634976863861084,135.0,0,0,180,1.536,,,,,,,,
93.951,1,RETURN_HOME,-8.8004,-1.7795,-1.7344,1.352,0.5939,-1.6437,0.0,0.0,0.0,0.0,0.0,8.9785,4.101200103759766,0.7048843502998352,-135.0,0,0,180,1.782,,,,,,,,
94.001,1,RETURN_HOME,-8.7407,-1.7608,-1.6806,1.2496,0.3772,-2.5462,0.0,0.0,0.0,0.0,0.0,8.9162,1.2827433347702026,0.5559799075126648,-75.19,0,0,180,1.634,,,,,,,,
94.051,1,RETURN_HOME,-8.6793,-1.7502,-1.6216,0.9212,0.4505,2.731,0.0,0.0,0.0,0.0,0.0,8.854,0.5782216191291809,0.5277783274650574,-33.91,0,0,180,1.739,,,,,,,,
94.101,1,RETURN_HOME,-8.641,-1.7318,-1.5689,0.7044,0.7779,1.9105,0.0,0.0,0.0,0.0,0.0,8.8128,0.5374482870101929,0.5374482870101929,4.88,0,0,180,1.729,,,,,,,,
94.151,1,RETURN_HOME,-8.5989,-1.6862,-1.4913,0.8148,1.2372,0.8402,0.0,0.0,0.0,0.0,0.0,8.7627,3.2535946369171143,0.7069082856178284,88.21,0,0,180,1.69,,,,,,,,
94.2,1,RETURN_HOME,-8.5556,-1.6246,-1.4124,1.1176,1.4252,0.029,0.0,0.0,0.0,0.0,0.0,8.7084,4.24146842956543,0.8050296306610107,125.74,0,0,180,1.045,,,,,,,,
94.251,1,RETURN_HOME,-8.4885,-1.5486,-1.31,1.4276,1.3718,-0.922,0.0,0.0,0.0,0.0,0.0,8.6286,7.95602560043335,1.0041652917861938,135.0,0,0,180,1.164,,,,,,,,
94.301,1,RETURN_HOME,-8.4217,-1.4919,-1.2235,1.4598,1.2125,-1.7642,0.0,0.0,0.0,0.0,0.0,8.5528,2.590566873550415,0.8839659094810486,-114.23,0,0,180,1.046,,,,,,,,
94.351,1,RETURN_HOME,-8.3406,-1.4336,-1.12,1.2052,1.0868,-2.6681,0.0,0.0,0.0,0.0,0.0,8.4629,2.2689437866210938,0.8537601232528687,-79.2,0,0,180,1.733,,,,,,,,
94.401,1,RETURN_HOME,-8.2878,-1.3866,-1.0325,0.852,1.1451,2.8955,0.0,0.0,0.0,0.0,0.0,8.403,0.982752799987793,0.8366069793701172,-40.41,0,0,180,1.575,,,,,,,,
94.451,1,RETURN_HOME,-8.2507,-1.3349,-0.9364,0.5541,1.3946,2.0497,0.0,0.0,0.0,0.0,0.0,8.358,1.0243154764175415,0.9196760654449463,34.41,0,0,180,1.745,,,,,,,,
94.5,1,RETURN_HOME,-8.2176,-1.2575,-0.8061,0.5018,1.8269,1.1144,0.0,0.0,0.0,0.0,0.0,8.3133,1.6518410444259644,0.9852808117866516,70.94,0,0,173,0.172,,,,,,,,
94.55,1,RETURN_HOME,-8.1884,-1.1788,-0.6894,0.6312,2.0774,0.451,0.0,0.0,0.0,0.0,0.0,8.2728,2.0892081260681152,1.0619077682495117,103.22,0,0,180,0.17,,,,,,,,
94.6,1,RETURN_HOME,-8.1517,-1.0895,-0.5692,0.7517,2.1576,-0.2752,0.0,0.0,0.0,0.0,0.0,8.2241,4.934959411621094,1.14118492603302,133.75,0,0,180,0.162,,,,,,,,
94.65,1,RETURN_HOME,-8.1001,-0.9763,-0.4235,0.7858,2.0662,-1.1832,0.0,0.0,0.0,0.0,0.0,8.1587,5.249271869659424,1.288163185119629,-135.0,0,0,162,0.153,,,,,,,,
94.701,1,RETURN_HOME,-8.065,-0.9074,-0.3407,0.3872,0.7703,-1.7705,0.5872,0.5703,0.8186,0.0,0.0,8.1159,3.1958837509155273,1.1230779886245728,-134.5,0,1,160,1.193,0.7908,1.0,0.4315,0.2372,0.3,0.1726,0.7099,0.8109
94.751,1,RETURN_HOME,-8.0478,-0.8882,-0.3352,0.341,0.1897,-2.1973,0.541,0.0897,0.5484,0.0,0.0,8.0967,2.952745199203491,0.8575136065483093,-103.97,0,1,159,1.308,0.9985,1.0,0.3651,0.2996,0.3,0.146,0.7456,0.6112
94.801,1,RETURN_HOME,-8.0476,-0.8817,-0.3422,0.3394,0.2387,-2.4737,0.5394,0.1387,0.557,0.0,0.0,8.0957,1.446966290473938,1.0624812841415405,-52.67,0,1,180,1.809,0.9898,1.0,0.3675,0.297,0.3,0.147,0.744,0.8604
94.851,1,RETURN_HOME,-8.0449,-0.8713,-0.3452,0.3805,0.2636,-2.7899,0.5805,0.0636,0.5839,0.0,0.0,8.0919,1.2344982624053955,1.0659010410308838,-40.41,0,1,180,1.743,1.0,1.0,0.3893,0.3,0.3,0.1557,0.7557,0.8711
94.901,1,RETURN_HOME,-8.0407,-0.8571,-0.3433,0.4448,0.2936,-3.0365,0.6448,0.0936,0.6515,0.0,0.0,8.0863,1.128635287284851,1.0740374326705933,-26.15,0,1,180,1.815,0.9993,1.0,0.434,0.2998,0.3,0.1736,0.7734,0.8878
94.951,1,RETURN_HOME,-8.0354,-0.8406,-0.3397,0.3939,0.3724,3.0262,0.5939,0.1724,0.6184,0.0,0.0,8.0793,1.0717438459396362,1.0717438459396362,-4.63,0,1,180,1.747,0.9841,1.0,0.4058,0.2952,0.3,0.1623,0.7575,0.8829
95.001,1,RETURN_HOME,-8.0287,-0.818,-0.3363,0.4042,0.4004,2.8116,0.6042,0.2004,0.6366,0.0,0.0,8.0703,1.0745023488998413,1.0745023488998413,9.38,0,1,180,1.754,0.9762,1.0,0.4143,0.2928,0.3,0.1657,0.7586,0.8847
95.051,1,RETURN_HOME,-8.0181,-0.7979,-0.3347,0.3841,0.4296,2.6747,0.5841,0.2296,0.6276,0.0,0.0,8.0577,1.086898684501648,1.0802785158157349,13.64,0,1,180,1.818,0.9623,1.0,0.4026,0.2887,0.3,0.1611,0.7497,0.887
95.101,1,RETURN_HOME,-8.0096,-0.7781,-0.3381,0.2531,0.4061,2.5793,0.4531,0.2061,0.4978,0.0,0.0,8.0473,1.1658153533935547,1.103174090385437,29.4,0,1,180,1.745,0.946,1.0,0.314,0.2838,0.3,0.1256,0.7094,0.893
95.151,1,RETURN_HOME,-8.0028,-0.755,-0.3457,0.2178,0.412,2.4695,0.4178,0.212,0.4685,0.0,0.0,8.0383,1.2080696821212769,1.1144394874572754,33.16,0,1,180,1.878,0.9303,1.0,0.2905,0.2791,0.3,0.1162,0.6953,0.8948
95.201,1,RETURN_HOME,-7.9978,-0.7333,-0.3458,0.2106,0.4144,2.3742,0.4106,0.2144,0.4632,0.0,0.0,8.0313,1.2620890140533447,1.1270147562026978,38.16,0,1,180,1.573,0.925,1.0,0.2857,0.2775,0.3,0.1143,0.6918,0.9029
95.251,1,RETURN_HOME,-7.9924,-0.7122,-0.3468,0.2235,0.414,2.2756,0.4235,0.214,0.4745,0.0,0.0,8.0241,1.3405455350875854,1.1403734683990479,42.16,0,1,180,2.002,0.929,1.0,0.2939,0.2787,0.3,0.1176,0.6963,0.9201
95.302,1,RETURN_HOME,-7.9863,-0.6919,-0.3487,0.2459,0.4088,2.174,0.4459,0.2088,0.4923,0.0,0.0,8.0162,1.5365036725997925,1.1701284646987915,48.67,0,1,180,2.51,0.9389,1.0,0.3082,0.2817,0.3,0.1233,0.7049,0.9549
95.351,1,RETURN_HOME,-7.9785,-0.6684,-0.3521,0.2791,0.3957,2.0485,0.4791,0.1957,0.5175,0.0,0.0,8.0064,1.6801881790161133,1.1854186058044434,56.18,0,1,180,1.778,0.9541,1.0,0.3292,0.2862,0.3,0.1317,0.7179,0.9771
95.402,1,RETURN_HOME,-7.9689,-0.6463,-0.3565,0.3133,0.376,1.9193,0.5133,0.176,0.5426,0.0,0.0,7.995,1.8897674083709717,1.2045706510543823,59.18,0,1,180,1.99,0.9691,1.0,0.3506,0.2907,0.3,0.1402,0.731,1.0015
95.451,1,RETURN_HOME,-7.9593,-0.629,-0.3602,0.3403,0.3557,1.8092,0.5403,0.1557,0.5622,0.0,0.0,7.9841,2.4994421005249023,1.2390586137771606,70.44,0,1,180,1.698,0.9797,1.0,0.3672,0.2939,0.3,0.1469,0.7408,1.0431
95.501,1,RETURN_HOME,-7.946,-0.6083,-0.3631,0.37,0.3295,1.6747,0.57,0.1295,0.5845,0.0,0.0,7.9693,3.013425350189209,1.257722020149231,75.7,0,1,180,1.77,0.9892,1.0,0.3855,0.2968,0.3,0.1542,0.7509,1.069
95.551,1,RETURN_HOME,-7.9335,-0.5926,-0.367,0.392,0.3067,1.5605,0.592,0.1067,0.6015,0.0,0.0,7.9556,3.9556148052215576,1.2807903289794922,80.95,0,1,180,1.76,0.9946,1.0,0.3988,0.2984,0.3,0.1595,0.7579,1.0943
95.601,1,RETURN_HOME,-7.9201,-0.5785,-0.3729,0.4118,0.2835,1.4446,0.6118,0.0835,0.6175,0.0,0.0,7.9412,9.031745910644531,1.3222239017486572,89.71,0,1,180,1.567,0.998,1.0,0.4108,0.2994,0.3,0.1643,0.7637,1.1445
95.651,1,RETURN_HOME,-7.904,-0.5646,-0.384,0.4338,0.2547,1.3036,0.6338,0.0547,0.6362,0.0,0.0,7.9241,16.374237060546875,1.3453099727630615,95.46,0,1,180,1.775,0.9999,1.0,0.4241,0.3,0.3,0.1696,0.7696,1.1708
95.701,1,RETURN_HOME,-7.886,-0.5524,-0.3973,0.4567,0.2239,1.1611,0.6567,0.0239,0.6571,0.0,0.0,7.9054,16.388988494873047,1.372276782989502,102.97,0,1,180,1.701,0.9994,1.0,0.4378,0.2998,0.3,0.1751,0.775,1.2009
95.751,1,RETURN_HOME,-7.8694,-0.5439,-0.4114,0.4786,0.1936,1.0429,0.6786,0.0936,0.6851,0.0,0.0,7.8882,3.6428515911102295,1.4203296899795532,112.98,0,1,180,1.775,0.9977,1.0,0.4556,0.2993,0.3,0.1823,0.7816,1.2545
95.801,1,RETURN_HOME,-7.8471,-0.5359,-0.4336,0.5067,0.1545,0.904,0.7067,0.0545,0.7088,0.0,0.0,7.8654,3.6299071311950684,1.4453914165496826,118.23,0,1,180,1.598,1.0,1.0,0.4725,0.3,0.3,0.189,0.789,1.2855
95.851,1,RETURN_HOME,-7.8273,-0.5308,-0.4558,0.5291,0.1232,0.792,0.7291,0.1232,0.7394,0.0,0.0,7.8453,3.68058180809021,1.4738175868988037,124.99,0,1,180,1.756,0.995,1.0,0.4905,0.2985,0.3,0.1962,0.7947,1.3153
95.903,1,RETURN_HOME,-7.8074,-0.5284,-0.4768,0.5493,0.0945,0.6843,0.7493,0.0945,0.7553,0.0,0.0,7.8253,4.095748424530029,1.5232913494110107,134.75,0,1,180,2.922,0.9983,1.0,0.5027,0.2995,0.3,0.2011,0.8006,1.3727
95.951,1,RETURN_HOME,-7.7827,-0.528,-0.5012,0.5713,0.062,0.5619,0.7713,0.062,0.7738,0.0,0.0,7.8006,4.3832550048828125,1.5551975965499878,135.0,0,1,180,1.803,0.9999,1.0,0.5158,0.3,0.3,0.2063,0.8063,1.4035
96.001,1,RETURN_HOME,-7.7611,-0.5285,-0.5223,0.5878,0.0383,0.4655,0.7878,0.1383,0.7999,0.0,0.0,7.7791,4.787159442901611,1.602259874343872,135.0,0,1,180,1.7,0.9944,1.0,0.5303,0.2983,0.3,0.2121,0.8104,1.4448
96.051,1,RETURN_HOME,-7.7389,-0.5299,-0.5453,0.6026,0.016,0.3742,0.8026,0.116,0.8109,0.0,0.0,7.757,5.2357001304626465,1.6546733379364014,135.0,0,1,180,1.821,0.9972,1.0,0.5391,0.2992,0.3,0.2156,0.8148,1.4946
96.101,1,RETURN_HOME,-7.7114,-0.5325,-0.5743,0.618,-0.0096,0.2715,0.818,0.0904,0.823,0.0,0.0,7.7298,6.462998390197754,1.7921949625015259,135.0,0,1,180,1.68,0.9992,1.0,0.5482,0.2997,0.3,0.2193,0.819,1.6282
96.151,1,RETURN_HOME,-7.6877,-0.5353,-0.5986,0.6298,-0.0278,0.1915,0.8298,0.0722,0.8329,0.0,0.0,7.7063,8.670781135559082,1.885040044784546,135.0,0,1,180,1.679,0.9999,1.0,0.5552,0.3,0.3,0.2221,0.822,1.7172
96.201,1,RETURN_HOME,-7.6615,-0.5394,-0.6235,0.6411,-0.0447,0.1161,0.8411,0.0553,0.8429,0.0,0.0,7.6805,8.64873218536377,1.9843685626983643,135.0,0,1,180,1.625,1.0,1.0,0.5619,0.3,0.3,0.2248,0.8248,1.8125
96.252,1,RETURN_HOME,-7.6282,-0.5456,-0.6537,0.6535,-0.0632,0.0321,0.8535,0.1368,0.8644,0.0,0.0,7.6477,12.08866024017334,2.2140421867370605,135.0,0,1,180,1.614,0.9962,1.0,0.5741,0.2989,0.3,0.2296,0.8285,2.0239
96.301,1,RETURN_HOME,-7.5946,-0.5523,-0.6841,0.664,-0.0801,-0.0448,0.864,0.1199,0.8723,0.0,0.0,7.6147,16.049917221069336,2.3664345741271973,135.0,0,1,180,1.744,0.9979,1.0,0.5803,0.2994,0.3,0.2321,0.8315,2.1695
96.351,1,RETURN_HOME,-7.5675,-0.5583,-0.7082,0.6713,-0.0934,-0.1035,0.8713,0.1066,0.8778,0.0,0.0,7.5881,15.084521293640137,2.4200756549835205,-135.0,0,1,180,1.949,0.9988,1.0,0.5845,0.2997,0.3,0.2338,0.8335,2.3178
96.401,1,RETURN_HOME,-7.5347,-0.5658,-0.7373,0.6794,-0.1064,-0.1674,0.8794,0.0936,0.8844,0.0,0.0,7.5559,12.574846267700195,2.351475715637207,-135.0,0,1,180,1.574,0.9995,1.0,0.5893,0.2999,0.3,0.2357,0.8356,2.2508
96.451,1,RETURN_HOME,-7.507,-0.5724,-0.7618,0.6856,-0.1146,-0.2153,0.8856,0.0854,0.8897,0.0,0.0,7.5288,10.72474479675293,2.2964680194854736,-135.0,0,1,180,1.663,0.9998,1.0,0.593,0.2999,0.3,0.2372,0.8372,2.1951
96.502,1,RETURN_HOME,-7.4786,-0.5798,-0.7854,0.6915,-0.1215,-0.2585,0.8915,0.0785,0.8949,0.0,0.0,7.501,9.576175689697266,2.2590653896331787,-135.0,0,1,180,1.943,0.9999,1.0,0.5966,0.3,0.3,0.2386,0.8386,2.1569
96.551,1,RETURN_HOME,-7.4442,-0.5887,-0.8143,0.6978,-0.1278,-0.3041,0.8978,0.0722,0.9007,0.0,0.0,7.4674,8.064064025878906,2.2118418216705322,-135.0,0,1,180,1.683,1.0,1.0,0.6005,0.3,0.3,0.2402,0.8402,2.1046
96.601,1,RETURN_HOME,-7.4157,-0.5958,-0.8382,0.7021,-0.1313,-0.3374,0.9021,0.0687,0.9047,0.0,0.0,7.4396,7.495748043060303,2.1941795349121094,-135.0,0,1,180,1.719,1.0,1.0,0.6031,0.3,0.3,0.2413,0.8413,2.0902
96.651,1,RETURN_HOME,-7.3829,-0.6028,-0.8647,0.7057,-0.1334,-0.3714,0.9057,0.0666,0.9082,0.0,0.0,7.4075,7.097378253936768,2.1884348392486572,-135.0,0,1,180,1.806,1.0,1.0,0.6054,0.3,0.3,0.2422,0.8422,2.0825
96.701,1,RETURN_HOME,-7.3553,-0.6087,-0.8875,0.7086,-0.1347,-0.3947,0.9086,0.0653,0.9109,0.0,0.0,7.3805,6.523252964019775,2.1856138706207275,-135.0,0,1,180,1.637,0.9999,1.0,0.6072,0.3,0.3,0.2429,0.8429,2.0819
96.751,1,RETURN_HOME,-7.3224,-0.616,-0.9143,0.7119,-0.1362,-0.4168,0.9119,0.0638,0.9141,0.0,0.0,7.3482,6.292067527770996,2.1945717334747314,-135.0,0,1,180,1.714,0.9999,1.0,0.6094,0.3,0.3,0.2437,0.8437,2.0895
96.801,1,RETURN_HOME,-7.2952,-0.6222,-0.9352,0.7147,-0.1373,-0.4303,0.9147,0.0627,0.9168,0.0,0.0,7.3217,6.132141590118408,2.2031233310699463,-135.0,0,1,180,1.756,0.9999,1.0,0.6111,0.3,0.3,0.2444,0.8444,2.0983
96.851,1,RETURN_HOME,-7.268,-0.6285,-0.9569,0.7174,-0.1385,-0.4395,0.9174,0.0615,0.9195,0.0,0.0,7.2951,5.912727355957031,2.2317516803741455,-135.0,0,1,180,1.68,0.9998,1.0,0.6129,0.2999,0.3,0.2452,0.8451,2.1288
96.901,1,RETURN_HOME,-7.2347,-0.6365,-0.9834,0.7211,-0.1399,-0.4448,0.9211,0.0601,0.923,0.0,0.0,7.2626,5.836006164550781,2.252042770385742,-135.0,0,1,180,1.88,0.9997,1.0,0.6152,0.2999,0.3,0.2461,0.846,2.1509
96.951,1,RETURN_HOME,-7.2062,-0.6439,-1.0055,0.7243,-0.1408,-0.4449,0.9243,0.0592,0.9262,0.0,0.0,7.2349,5.794119834899902,2.2737815380096436,-135.0,0,1,180,1.819,0.9997,1.0,0.6173,0.2999,0.3,0.2469,0.8468,2.1713
97.002,1,RETURN_HOME,-7.1776,-0.6511,-1.0282,0.7279,-0.1416,-0.4409,0.9279,0.0584,0.9297,0.0,0.0,7.207,5.776697635650635,2.2988200187683105,-135.0,0,1,180,2.326,0.9996,1.0,0.6196,0.2999,0.3,0.2478,0.8477,2.1944
97.051,1,RETURN_HOME,-7.1447,-0.6593,-1.0564,0.7318,-0.1418,-0.4309,0.9318,0.0582,0.9336,0.0,0.0,7.175,5.813597679138184,2.354506492614746,-135.0,0,1,180,1.699,0.9996,1.0,0.6221,0.2999,0.3,0.2489,0.8487,2.2545
97.101,1,RETURN_HOME,-7.1131,-0.6671,-1.0853,0.7352,-0.1415,-0.4148,0.9352,0.0585,0.937,0.0,0.0,7.1443,5.86779260635376,2.387284278869629,-135.0,0,1,180,1.634,0.9995,1.0,0.6244,0.2999,0.3,0.2498,0.8496,2.2847
97.151,1,RETURN_HOME,-7.0864,-0.6735,-1.1094,0.7385,-0.1409,-0.3968,0.9385,0.0591,0.9403,0.0,0.0,7.1183,6.05501127243042,2.462383270263672,-135.0,0,1,180,1.826,0.9995,1.0,0.6266,0.2998,0.3,0.2506,0.8505,2.3606
97.201,1,RETURN_HOME,-7.0501,-0.6816,-1.1398,0.7449,-0.1401,-0.37,0.9449,0.0599,0.9468,0.0,0.0,7.083,6.217896938323975,2.51019024848938,-135.0,0,1,180,1.645,0.9995,1.0,0.6309,0.2998,0.3,0.2524,0.8522,2.4093
97.251,1,RETURN_HOME,-7.0181,-0.6884,-1.1661,0.752,-0.1388,-0.3442,0.952,0.0612,0.954,0.0,0.0,7.0518,6.39983606338501,2.5567853450775146,-135.0,0,1,180,1.676,0.9994,1.0,0.6356,0.2998,0.3,0.2542,0.8541,2.4591
97.301,1,RETURN_HOME,-6.9861,-0.6951,-1.1937,0.7598,-0.1368,-0.316,0.9598,0.0632,0.9619,0.0,0.0,7.0206,6.618058681488037,2.606599807739258,-135.0,0,1,180,1.754,0.9994,1.0,0.6409,0.2998,0.3,0.2564,0.8562,2.509
97.351,1,RETURN_HOME,-6.9469,-0.7005,-1.2297,0.7698,-0.1322,-0.2796,0.9698,0.0678,0.9722,0.0,0.0,6.9821,7.234378814697266,2.731839179992676,-135.0,0,1,180,1.662,0.9995,1.0,0.6478,0.2999,0.3,0.2591,0.859,2.6403
97.401,1,RETURN_HOME,-6.9138,-0.704,-1.2621,0.7782,-0.1275,-0.2476,0.9782,0.0725,0.9809,0.0,0.0,6.9496,7.603123188018799,2.7994444370269775,-135.0,0,1,180,1.673,0.9996,1.0,0.6537,0.2999,0.3,0.2615,0.8614,2.7101
97.451,1,RETURN_HOME,-6.874,-0.7083,-1.3025,0.7879,-0.1214,-0.2082,0.9879,0.0786,0.991,0.0,0.0,6.9104,8.034573554992676,2.8709144592285156,-135.0,0,1,180,1.8,0.9997,1.0,0.6605,0.2999,0.3,0.2642,0.8641,2.7829
97.501,1,RETURN_HOME,-6.8386,-0.7075,-1.3427,0.7962,-0.1138,-0.1751,0.9962,0.0862,1.0,0.0,0.0,6.8751,9.201168060302734,3.0429792404174805,-135.0,0,1,180,1.698,0.9999,1.0,0.6665,0.3,0.3,0.2666,0.8666,2.9618
97.551,1,RETURN_HOME,-6.7963,-0.707,-1.3895,0.8051,-0.1047,-0.136,1.0051,0.0953,1.0096,0.0,0.0,6.833,9.897497177124023,3.131058931350708,-135.0,0,1,180,1.711,1.0,1.0,0.673,0.3,0.3,0.2692,0.8692,2.9835
97.601,1,RETURN_HOME,-6.7611,-0.7068,-1.427,0.8118,-0.0973,-0.1041,1.0118,0.1027,1.017,0.0,0.0,6.798,10.710973739624023,3.2249937057495117,-135.0,0,1,180,1.617,1.0,1.0,0.678,0.3,0.3,0.2712,0.8712,2.9859
97.651,1,RETURN_HOME,-6.7152,-0.7062,-1.4722,0.8203,-0.0877,-0.0673,1.0203,0.1123,1.0264,0.0,0.0,6.7522,12.928695678710938,3.2711188793182373,-85.95,0,1,180,1.698,1.0,1.0,0.6843,0.3,0.3,0.2737,0.8737,2.9299
97.701,1,RETURN_HOME,-6.6774,-0.7059,-1.5076,0.8269,-0.08,-0.0383,1.0269,0.12,1.0339,0.0,0.0,6.7146,14.274359703063965,3.2719640731811523,-86.96,0,1,180,1.551,0.9999,1.0,0.6892,0.3,0.3,0.2757,0.8757,2.9159
97.751,1,RETURN_HOME,-6.6406,-0.7056,-1.5407,0.833,-0.0723,-0.0109,1.033,0.1277,1.0409,0.0,0.0,6.678,15.127663612365723,3.2725939750671387,-88.71,0,1,180,1.85,0.9999,1.0,0.6938,0.3,0.3,0.2775,0.8775,2.9053
97.801,1,RETURN_HOME,-6.6066,-0.7053,-1.5708,0.8383,-0.0649,0.0145,1.0383,0.1351,1.0471,0.0,0.0,6.6441,15.0709810256958,3.275528907775879,-91.46,0,1,180,1.667,0.9997,1.0,0.6979,0.2999,0.3,0.2792,0.8791,2.818
97.851,1,RETURN_HOME,-6.5652,-0.7053,-1.6045,0.8453,-0.0562,0.0428,1.0453,0.1438,1.0552,0.0,0.0,6.603,15.04516315460205,3.276001453399658,-91.21,0,1,180,1.779,0.9996,1.0,0.7031,0.2999,0.3,0.2813,0.8811,2.8156
97.901,1,RETURN_HOME,-6.53,-0.7046,-1.6294,0.8516,-0.0487,0.0644,1.0516,0.1513,1.0624,0.0,0.0,6.5679,15.018860816955566,3.277599573135376,-92.96,0,1,180,1.704,0.9994,1.0,0.7078,0.2998,0.3,0.2831,0.8829,2.7999
97.951,1,RETURN_HOME,-6.4932,-0.701,-1.6481,0.8585,-0.0396,0.0839,1.0585,0.1604,1.0706,0.0,0.0,6.5309,14.991071701049805,3.2785301208496094,-93.71,0,1,180,1.686,0.9991,1.0,0.7131,0.2997,0.3,0.2852,0.885,2.7776
98.001,1,RETURN_HOME,-6.4487,-0.6972,-1.6693,0.8673,-0.029,0.1045,1.0673,0.171,1.0809,0.0,0.0,6.4863,14.93339729309082,3.2800419330596924,-95.71,0,1,180,1.717,0.9987,1.0,0.7197,0.2996,0.3,0.2879,0.8875,2.7077
98.051,1,RETURN_HOME,-6.4052,-0.694,-1.6882,0.8759,-0.0188,0.1221,1.0759,0.1812,1.0911,0.0,0.0,6.4427,12.295628547668457,3.281214475631714,-97.97,0,1,180,1.907,0.9983,1.0,0.7261,0.2995,0.3,0.2905,0.8899,2.6917
98.101,1,RETURN_HOME,-6.3709,-0.6918,-1.7016,0.8823,-0.0107,0.1344,1.0823,0.1893,1.0987,0.0,0.0,6.4083,11.377972602844238,3.2836074829101562,-98.47,0,1,180,1.747,0.9979,1.0,0.7309,0.2994,0.3,0.2924,0.8917,2.6248
98.151,1,RETURN_HOME,-6.3361,-0.6897,-1.7146,0.8888,-0.0027,0.1445,1.0888,0.1973,1.1065,0.0,0.0,6.3735,11.062374114990234,3.2835452556610107,-98.47,0,1,180,1.725,0.9975,1.0,0.7358,0.2992,0.3,0.2943,0.8936,2.6018
98.201,1,RETURN_HOME,-6.2936,-0.6863,-1.7294,0.8971,0.0073,0.1538,1.0971,0.2073,1.1166,0.0,0.0,6.3309,10.804862976074219,3.2857110500335693,-97.47,0,1,180,1.548,0.9969,1.0,0.7421,0.2991,0.3,0.2968,0.8959,2.5777
98.252,1,RETURN_HOME,-6.2579,-0.6829,-1.7412,0.9044,0.0159,0.1596,1.1044,0.2159,1.1253,0.0,0.0,6.295,10.597278594970703,3.28767728805542,-99.97,0,1,180,2.378,0.9964,1.0,0.7475,0.2989,0.3,0.299,0.8979,2.5462
98.301,1,RETURN_HOME,-6.2218,-0.6795,-1.7527,0.9117,0.0243,0.1638,1.1117,0.2243,1.1341,0.0,0.0,6.2588,10.290807723999023,3.289919137954712,-100.72,0,1,180,1.771,0.9959,1.0,0.753,0.2988,0.3,0.3012,0.9,2.4949
98.351,1,RETURN_HOME,-6.1859,-0.6756,-1.7626,0.919,0.0329,0.1662,1.119,0.2329,1.143,0.0,0.0,6.2227,10.198389053344727,3.291271209716797,-99.47,0,1,180,1.784,0.9954,1.0,0.7585,0.2986,0.3,0.3034,0.902,2.4661
98.401,1,RETURN_HOME,-6.1434,-0.6701,-1.7721,0.9275,0.0433,0.1672,1.1275,0.2433,1.1535,0.0,0.0,6.1798,10.136664390563965,3.29081130027771,-99.97,0,1,180,1.562,0.9946,1.0,0.7649,0.2984,0.3,0.3059,0.9043,2.4289
98.451,1,RETURN_HOME,-6.1075,-0.6655,-1.7801,0.9349,0.0519,0.1666,1.1349,0.2519,1.1625,0.0,0.0,6.1436,10.097916603088379,3.2948012351989746,-100.72,0,1,180,1.828,0.994,1.0,0.7704,0.2982,0.3,0.3081,0.9063,2.3958
98.501,1,RETURN_HOME,-6.0692,-0.6612,-1.7882,0.9432,0.0599,0.1648,1.1432,0.2599,1.1724,0.0,0.0,6.1051,10.094535827636719,3.296626329421997,-100.47,0,1,180,1.705,0.9934,1.0,0.7764,0.298,0.3,0.3106,0.9086,2.3637
98.551,1,RETURN_HOME,-6.0198,-0.6565,-1.7981,0.9545,0.0691,0.1615,1.1545,0.2691,1.1855,0.0,0.0,6.0554,10.122984886169434,3.2989799976348877,-98.47,0,1,180,1.695,0.9928,1.0,0.7846,0.2978,0.3,0.3138,0.9117,2.3249
98.601,1,RETURN_HOME,-5.9786,-0.6524,-1.8063,0.964,0.0765,0.1579,1.164,0.2765,1.1964,0.0,0.0,6.0141,10.177618026733398,3.3009724617004395,-99.47,0,1,180,1.689,0.9923,1.0,0.7914,0.2977,0.3,0.3166,0.9142,2.2957
98.651,1,RETURN_HOME,-5.9378,-0.6478,-1.8156,0.973,0.084,0.1538,1.173,0.284,1.2069,0.0,0.0,5.973,10.319089889526367,3.3046841621398926,-98.47,0,1,180,1.712,0.9917,1.0,0.7979,0.2975,0.3,0.3192,0.9167,2.2739
98.701,1,RETURN_HOME,-5.8889,-0.6417,-1.8271,0.9837,0.0931,0.1481,1.1837,0.2931,1.2194,0.0,0.0,5.9238,10.4070405960083,3.3066513538360596,-99.47,0,1,180,1.633,0.991,1.0,0.8056,0.2973,0.3,0.3223,0.9196,2.2344
98.751,1,RETURN_HOME,-5.8479,-0.6366,-1.8363,0.9926,0.1007,0.1431,1.1926,0.3007,1.23,0.0,0.0,5.8824,10.522948265075684,3.3102874755859375,-99.72,0,1,180,1.664,0.9904,1.0,0.8121,0.2971,0.3,0.3248,0.922,2.2045
98.801,1,RETURN_HOME,-5.8061,-0.6294,-1.8457,1.0016,0.1092,0.1378,1.2016,0.3092,1.2407,0.0,0.0,5.8401,10.63434886932373,3.312004566192627,-99.47,0,1,180,1.641,0.9897,1.0,0.8186,0.2969,0.3,0.3274,0.9243,2.1726
98.851,1,RETURN_HOME,-5.7554,-0.6192,-1.8568,1.0122,0.1202,0.1312,1.2122,0.3202,1.2538,0.0,0.0,5.7886,10.882302284240723,3.3186864852905273,-99.22,0,1,180,1.712,0.9886,1.0,0.8263,0.2966,0.3,0.3305,0.9271,2.1402
98.901,1,RETURN_HOME,-5.7046,-0.6092,-1.8672,1.0229,0.1308,0.1245,1.2229,0.3308,1.2668,0.0,0.0,5.737,11.032133102416992,3.322086811065674,-99.72,0,1,180,1.592,0.9876,1.0,0.834,0.2963,0.3,0.3336,0.9299,2.0984
98.951,1,RETURN_HOME,-5.667,-0.6011,-1.8775,1.0303,0.1388,0.119,1.2303,0.2388,1.2533,0.0,0.0,5.6988,11.314104080200195,3.328819990158081,-97.97,0,1,180,1.699,0.9963,1.0,0.8324,0.2989,0.3,0.333,0.9319,2.3793
99.001,1,RETURN_HOME,-5.6287,-0.5931,-1.887,1.038,0.1467,0.1136,1.238,0.2467,1.2623,0.0,0.0,5.6599,11.456555366516113,3.33154559135437,-97.72,0,1,180,1.709,0.9958,1.0,0.838,0.2987,0.3,0.3352,0.9339,2.3462
99.051,1,RETURN_HOME,-5.5898,-0.5851,-1.8958,1.0459,0.1547,0.1085,1.2459,0.2547,1.2717,0.0,0.0,5.6203,11.619365692138672,3.3355281352996826,-97.72,0,1,180,1.757,0.9953,1.0,0.8438,0.2986,0.3,0.3375,0.9361,2.3172
99.101,1,RETURN_HOME,-5.5414,-0.5753,-1.9039,1.0564,0.1629,0.1029,1.2564,0.2629,1.2836,0.0,0.0,5.5712,14.063948631286621,3.340413808822632,-98.22,0,1,180,1.84,0.9947,1.0,0.8512,0.2984,0.3,0.3405,0.9389,2.2823
99.151,1,RETURN_HOME,-5.5004,-0.5671,-1.9099,1.0655,0.1679,0.0985,1.2655,0.2679,1.2936,0.0,0.0,5.5295,13.99794864654541,3.3475096225738525,-96.96,0,1,180,1.654,0.9944,1.0,0.8576,0.2983,0.3,0.343,0.9413,2.27
99.201,1,RETURN_HOME,-5.4587,-0.559,-1.9154,1.0748,0.1714,0.0944,1.2748,0.2714,1.3034,0.0,0.0,5.4873,13.959088325500488,3.3523945808410645,-95.71,0,1,180,1.663,0.9942,1.0,0.8639,0.2983,0.3,0.3456,0.9438,2.255
99.251,1,RETURN_HOME,-5.4181,-0.5483,-1.9214,1.0836,0.1754,0.0906,1.2836,0.2754,1.3128,0.0,0.0,5.4457,13.924988746643066,3.355154037475586,-95.71,0,1,180,1.771,0.9939,1.0,0.8699,0.2982,0.3,0.3479,0.9461,2.2347
99.301,1,RETURN_HOME,-5.3688,-0.5353,-1.9281,1.0941,0.1796,0.0865,1.2941,0.2796,1.324,0.0,0.0,5.3955,13.890941619873047,3.3611857891082764,-95.96,0,1,180,1.651,0.9936,1.0,0.877,0.2981,0.3,0.3508,0.9489,2.2145
99.351,1,RETURN_HOME,-5.3271,-0.5248,-1.9332,1.1031,0.1828,0.0833,1.3031,0.2828,1.3335,0.0,0.0,5.3529,13.816890716552734,3.372304677963257,-96.71,0,1,180,1.711,0.9933,1.0,0.8831,0.298,0.3,0.3532,0.9512,2.2059
99.401,1,RETURN_HOME,-5.2774,-0.5183,-1.9355,1.1144,0.1835,0.0797,1.3144,0.2835,1.3446,0.0,0.0,5.3028,13.782632827758789,3.3769209384918213,-97.22,0,1,180,1.577,0.9934,1.0,0.8905,0.298,0.3,0.3562,0.9543,2.196
99.451,1,RETURN_HOME,-5.2351,-0.5126,-1.9373,1.124,0.1844,0.0769,1.324,0.2844,1.3542,0.0,0.0,5.2602,13.746649742126465,3.380808115005493,-95.46,0,1,180,1.846,0.9935,1.0,0.8969,0.2981,0.3,0.3588,0.9568,2.1865
99.501,1,RETURN_HOME,-5.1836,-0.5048,-1.9392,1.1355,0.1861,0.0741,1.3355,0.2861,1.3658,0.0,0.0,5.2081,13.67115306854248,3.3924942016601562,-93.71,0,1,180,1.742,0.9935,1.0,0.9046,0.2981,0.3,0.3619,0.9599,2.1771
99.551,1,RETURN_HOME,-5.1401,-0.4952,-1.9401,1.1453,0.1892,0.0722,1.3453,0.2892,1.376,0.0,0.0,5.1639,13.635037422180176,3.3976798057556152,-95.46,0,1,180,1.639,0.9933,1.0,0.9112,0.298,0.3,0.3645,0.9625,2.1624
99.601,1,RETURN_HOME,-5.0959,-0.4858,-1.9411,1.1552,0.1924,0.0705,1.3552,0.2924,1.3864,0.0,0.0,5.119,13.597820281982422,3.395177125930786,83.2,0,1,180,1.618,0.9931,1.0,0.9179,0.2979,0.3,0.3672,0.9651,2.1482
99.651,1,RETURN_HOME,-5.051,-0.4764,-1.9422,1.1653,0.1958,0.0691,1.3653,0.2958,1.397,0.0,0.0,5.0734,13.519779205322266,3.3827874660491943,85.2,0,1,180,1.7,0.9929,1.0,0.9247,0.2979,0.3,0.3699,0.9677,2.1572
99.701,1,RETURN_HOME,-4.994,-0.465,-1.9444,1.1787,0.2002,0.0677,1.3787,0.3002,1.411,0.0,0.0,5.0156,13.481817245483398,3.3782150745391846,84.2,0,1,180,1.658,0.9926,1.0,0.9337,0.2978,0.3,0.3735,0.9713,2.1429
99.751,1,RETURN_HOME,-4.946,-0.4557,-1.9463,1.1898,0.2038,0.067,1.3898,0.3038,1.4226,0.0,0.0,4.9669,13.445340156555176,3.372535228729248,84.95,0,1,180,1.746,0.9924,1.0,0.9412,0.2977,0.3,0.3765,0.9742,2.1333
99.801,1,RETURN_HOME,-4.8975,-0.4465,-1.9481,1.2007,0.2071,0.0666,1.4007,0.3071,1.434,0.0,0.0,4.9179,13.406892776489258,3.366037368774414,85.7,0,1,180,1.74,0.9922,1.0,0.9485,0.2977,0.3,0.3794,0.9771,2.1243
99.851,1,RETURN_HOME,-4.839,-0.4359,-1.9497,1.2137,0.2104,0.0663,1.4137,0.3104,1.4474,0.0,0.0,4.8586,13.324989318847656,3.353527545928955,86.2,0,1,180,1.751,0.992,1.0,0.9572,0.2976,0.3,0.3829,0.9805,2.1599
99.901,1,RETURN_HOME,-4.7897,-0.4271,-1.9511,1.2244,0.2133,0.0661,1.4244,0.3133,1.4585,0.0,0.0,4.8087,13.288631439208984,3.3486132621765137,85.95,0,1,180,1.677,0.9919,1.0,0.9644,0.2976,0.3,0.3858,0.9833,2.1525
99.951,1,RETURN_HOME,-4.7289,-0.4171,-1.9523,1.238,0.2164,0.066,1.438,0.2164,1.4541,0.0,0.0,4.7473,13.247832298278809,3.34100079536438,85.45,0,1,180,1.869,0.9981,1.0,0.9676,0.2994,0.3,0.387,9999.9541,2.4204
100.001,1,RETURN_HOME,-4.6763,-0.4096,-1.9526,1.25,0.2184,0.0661,1.45,0.2184,1.4664,0.0,0.0,4.6942,13.164979934692383,3.3284049034118652,86.46,0,1,180,1.686,0.9981,1.0,0.9757,0.2994,0.3,0.3903,9999.9664,2.4123
100.052,1,RETURN_HOME,-4.6235,-0.402,-1.9531,1.2619,0.221,0.0665,1.4619,0.221,1.4785,0.0,0.0,4.6409,13.125093460083008,3.3231396675109863,85.95,0,1,180,1.905,0.998,1.0,0.9837,0.2994,0.3,0.3935,9999.9785,2.3894
100.101,1,RETURN_HOME,-4.5596,-0.3922,-1.9519,1.2761,0.2226,0.0671,1.4761,0.2226,1.4927,0.0,0.0,4.5764,13.085099220275879,3.315812110900879,85.95,0,1,180,1.663,0.998,1.0,0.9931,0.2994,0.3,0.3973,9999.9927,2.3643
100.151,1,RETURN_HOME,-4.5059,-0.3835,-1.9498,1.2877,0.2222,0.0677,1.4877,0.1222,1.4927,0.0,0.0,4.5222,12.998711585998535,3.302795886993408,85.45,0,1,180,1.812,1.0,1.0,0.9951,0.3,0.3,0.398,9999.9927,2.629
100.201,1,RETURN_HOME,-4.452,-0.375,-1.9481,1.2993,0.2205,0.0683,1.4993,0.0205,1.4994,0.0,0.0,4.4678,12.957622528076172,3.294814109802246,85.2,0,1,180,1.832,0.9975,1.0,0.9971,0.2993,0.3,0.3988,9999.9994,2.9049
100.251,1,RETURN_HOME,-4.387,-0.365,-1.9461,1.3135,0.2175,0.069,1.4135,0.2175,1.4301,0.0,0.0,4.4022,12.91726016998291,3.2896361351013184,85.2,0,1,180,1.682,0.9976,1.0,0.9511,0.2993,0.3,0.3804,9999.9301,2.3374
100.301,1,RETURN_HOME,-4.3324,-0.357,-1.9444,1.3258,0.2125,0.0698,1.4258,0.2125,1.4415,0.0,0.0,4.3471,12.870481491088867,3.2819974422454834,85.2,0,1,180,1.723,0.9978,1.0,0.9589,0.2994,0.3,0.3836,9999.9415,2.32
100.351,1,RETURN_HOME,-4.2885,-0.3509,-1.9434,1.3359,0.2053,0.0702,1.4359,0.2053,1.4505,0.0,0.0,4.3029,12.786006927490234,3.2697668075561523,85.95,0,1,180,1.761,0.9982,1.0,0.9653,0.2995,0.3,0.3861,9999.9505,2.3178
100.401,1,RETURN_HOME,-4.2226,-0.3421,-1.9414,1.3491,0.1939,0.0704,1.4491,0.1939,1.462,0.0,0.0,4.2365,12.743549346923828,3.2642548084259033,86.2,0,1,180,1.647,0.9986,1.0,0.9733,0.2996,0.3,0.3893,9999.962,2.3357
100.451,1,RETURN_HOME,-4.1679,-0.3353,-1.9385,1.3583,0.186,0.0704,1.4583,0.286,1.486,0.0,0.0,4.1813,12.693001747131348,3.2566981315612793,85.7,0,1,180,1.729,0.9936,1.0,0.9843,0.2981,0.3,0.3937,9999.986,2.0512
100.501,1,RETURN_HOME,-4.1128,-0.3287,-1.9362,1.3659,0.1797,0.0704,1.4659,0.2797,1.4923,0.0,0.0,4.1259,12.650166511535645,3.251293420791626,85.2,0,1,180,1.714,0.9941,1.0,0.989,0.2982,0.3,0.3956,9999.9923,2.0605
100.551,1,RETURN_HOME,-4.0469,-0.3227,-1.9349,1.3736,0.1737,0.0703,1.4736,0.2737,1.4988,0.0,0.0,4.0598,12.562016487121582,3.2394893169403076,84.95,0,1,180,1.628,0.9946,1.0,0.9938,0.2984,0.3,0.3975,9999.9988,2.0523
100.601,1,RETURN_HOME,-3.981,-0.3182,-1.9349,1.3806,0.1711,0.07,1.4806,0.1711,1.4904,0.0,0.0,3.9937,12.511893272399902,3.234309434890747,85.45,0,1,180,1.733,0.9994,1.0,0.993,0.2998,0.3,0.3972,9999.9904,2.3491
100.651,1,RETURN_HOME,-3.9258,-0.3141,-1.9353,1.3863,0.1721,0.0699,1.4863,0.1721,1.4962,0.0,0.0,3.9384,12.423709869384766,3.2218596935272217,85.45,0,1,180,1.618,0.9994,1.0,0.9968,0.2998,0.3,0.3987,9999.9962,2.3366
100.701,1,RETURN_HOME,-3.8605,-0.3099,-1.9363,1.3929,0.1749,0.0698,1.4929,0.0749,1.4948,0.0,0.0,3.873,12.380573272705078,3.2171847820281982,86.2,0,1,180,1.86,0.9996,1.0,0.9961,0.2999,0.3,0.3984,9999.9948,2.6243
100.751,1,RETURN_HOME,-3.8062,-0.3063,-1.9373,1.3985,0.1765,0.0698,1.4985,-0.0235,1.4987,0.0,0.0,3.8185,12.331117630004883,3.2117726802825928,84.95,0,1,180,1.813,0.9954,1.0,0.9946,0.2986,0.3,0.3978,9999.9987,2.9098
100.801,1,RETURN_HOME,-3.7514,-0.3023,-1.9387,1.4042,0.1772,0.07,1.4042,0.2772,1.4313,0.0,0.0,3.7636,12.287514686584473,3.2058286666870117,84.7,0,1,180,1.18,0.9935,1.0,0.948,0.298,0.3,0.3792,9999.9313,2.0117
100.851,1,RETURN_HOME,-3.6969,-0.2979,-1.9421,1.4099,0.1749,0.0704,1.4099,0.2749,1.4364,0.0,0.0,3.7088,12.198464393615723,3.1944332122802734,85.45,0,1,180,1.137,0.9937,1.0,0.9516,0.2981,0.3,0.3806,9999.9364,2.0047
100.901,1,RETURN_HOME,-3.6312,-0.2926,-1.9476,1.4166,0.1662,0.0703,1.4166,0.2662,1.4414,0.0,0.0,3.643,12.148489952087402,3.189584255218506,84.7,0,1,180,1.16,0.9945,1.0,0.9556,0.2983,0.3,0.3822,9999.9414,2.0215
100.951,1,RETURN_HOME,-3.576,-0.2882,-1.9519,1.4201,0.1599,0.0698,1.4201,0.2599,1.4437,0.0,0.0,3.5876,12.10318374633789,3.183762550354004,85.7,0,1,180,1.128,0.9949,1.0,0.9576,0.2985,0.3,0.383,9999.9437,2.0317
101.001,1,RETURN_HOME,-3.5087,-0.2798,-1.953,1.4222,0.1571,0.0692,1.4222,0.2571,1.4453,0.0,0.0,3.5198,12.01164722442627,3.1731889247894287,84.45,0,1,180,1.114,0.9951,1.0,0.9588,0.2985,0.3,0.3835,9999.9453,2.0276
101.051,1,RETURN_HOME,-3.4523,-0.2725,-1.9535,1.4227,0.1579,0.0689,1.4227,0.2579,1.4459,0.0,0.0,3.463,11.959855079650879,3.1679110527038574,85.95,0,1,180,1.109,0.9949,1.0,0.959,0.2985,0.3,0.3836,9999.9459,2.0188
101.101,1,RETURN_HOME,-3.3958,-0.2652,-1.954,1.4225,0.1608,0.0686,1.4225,0.2608,1.4462,0.0,0.0,3.4062,11.914416313171387,3.160682439804077,84.7,0,1,180,1.084,0.9947,1.0,0.959,0.2984,0.3,0.3836,9999.9462,2.0054
101.151,1,RETURN_HOME,-3.3286,-0.2567,-1.9559,1.4219,0.1657,0.0686,1.4219,0.2657,1.4465,0.0,0.0,3.3385,11.823166847229004,3.1506106853485107,85.45,0,1,180,1.174,0.9942,1.0,0.9587,0.2983,0.3,0.3835,9999.9465,1.9788
101.201,1,RETURN_HOME,-3.2726,-0.2495,-1.9575,1.4214,0.1704,0.0686,1.4214,0.2704,1.4469,0.0,0.0,3.2821,11.77183723449707,3.1457338333129883,85.45,0,1,180,1.117,0.9937,1.0,0.9585,0.2981,0.3,0.3834,9999.9469,1.9588
101.25,1,RETURN_HOME,-3.2048,-0.2406,-1.9597,1.4212,0.1762,0.0686,1.4212,0.2762,1.4478,0.0,0.0,3.2138,11.728119850158691,3.138812780380249,84.7,0,1,180,1.087,0.9932,1.0,0.9586,0.2979,0.3,0.3834,9999.9478,1.936
101.301,1,RETURN_HOME,-3.1467,-0.2323,-1.9625,1.4219,0.1806,0.0686,1.4219,0.2806,1.4494,0.0,0.0,3.1553,11.68237590789795,3.1334381103515625,85.2,0,1,180,1.111,0.9927,1.0,0.9592,0.2978,0.3,0.3837,9999.9494,1.9161
101.351,1,RETURN_HOME,-3.0772,-0.2225,-1.9656,1.4229,0.1856,0.0685,1.4229,0.2856,1.4513,0.0,0.0,3.0852,11.587827682495117,3.1211490631103516,84.45,0,1,180,1.176,0.9921,1.0,0.9599,0.2976,0.3,0.3839,9999.9513,1.8884
101.401,1,RETURN_HOME,-3.0189,-0.2136,-1.968,1.4238,0.1898,0.0684,1.4238,0.2898,1.453,0.0,0.0,3.0264,11.542878150939941,3.115116834640503,85.45,0,1,180,1.125,0.9915,1.0,0.9604,0.2975,0.3,0.3842,9999.953,1.8685
101.451,1,RETURN_HOME,-2.9473,-0.2,-1.9709,1.4251,0.1964,0.0682,1.4251,0.2964,1.4556,0.0,0.0,2.9541,11.496503829956055,3.10901141166687,85.45,0,1,180,1.19,0.9906,1.0,0.9612,0.2972,0.3,0.3845,9999.9556,1.8413
101.501,1,RETURN_HOME,-2.888,-0.1889,-1.973,1.426,0.2015,0.068,1.426,0.3015,1.4575,0.0,0.0,2.8942,11.401244163513184,3.0973589420318604,84.2,0,1,180,1.156,0.9898,1.0,0.9617,0.2969,0.3,0.3847,9999.9575,1.8125
101.551,1,RETURN_HOME,-2.8173,-0.1762,-1.9751,1.4267,0.2072,0.0676,1.4267,0.3072,1.4594,0.0,0.0,2.8228,11.356414794921875,3.090273857116699,85.2,0,1,180,1.126,0.9888,1.0,0.962,0.2966,0.3,0.3848,9999.9594,1.7869
101.601,1,RETURN_HOME,-2.7587,-0.1663,-1.9762,1.4268,0.2113,0.0671,1.4268,0.3113,1.4604,0.0,0.0,2.7637,11.311564445495605,3.083609104156494,85.2,0,1,180,1.198,0.9881,1.0,0.962,0.2964,0.3,0.3848,9999.9604,1.7666
101.651,1,RETURN_HOME,-2.7004,-0.1565,-1.9772,1.4268,0.2153,0.0666,1.4268,0.3153,1.4613,0.0,0.0,2.7049,11.216291427612305,3.0691187381744385,84.95,0,1,180,1.139,0.9873,1.0,0.9618,0.2962,0.3,0.3847,9999.9613,1.7417
101.701,1,RETURN_HOME,-2.6436,-0.1467,-1.9764,1.4265,0.2196,0.066,1.4265,0.3196,1.4619,0.0,0.0,2.6476,11.170915603637695,3.0624256134033203,85.2,0,1,180,1.073,0.9864,1.0,0.9613,0.2959,0.3,0.3845,9999.9619,1.7209
101.751,1,RETURN_HOME,-2.5777,-0.1347,-1.9727,1.4256,0.2251,0.0653,1.4256,0.3251,1.4622,0.0,0.0,2.5812,11.126168251037598,3.0566887855529785,85.7,0,1,180,1.111,0.9852,1.0,0.9604,0.2956,0.3,0.3842,9999.9622,1.6975
101.801,1,RETURN_HOME,-2.5226,-0.1247,-1.9701,1.4251,0.2297,0.0645,1.4251,0.3297,1.4627,0.0,0.0,2.5257,11.080446243286133,3.04892635345459,84.95,0,1,180,1.121,0.9842,1.0,0.9597,0.2953,0.3,0.3839,9999.9627,1.6751
101.851,1,RETURN_HOME,-2.4679,-0.1146,-1.9672,1.4246,0.2345,0.0635,1.4246,0.3345,1.4633,0.0,0.0,2.4706,10.984237670898438,3.0344555377960205,84.95,0,1,180,1.105,0.9831,1.0,0.9591,0.2949,0.3,0.3836,9999.9633,1.6481
101.901,1,RETURN_HOME,-2.414,-0.1045,-1.9639,1.4241,0.2393,0.0624,1.4241,0.3393,1.464,0.0,0.0,2.4162,10.938730239868164,3.027592897415161,86.2,0,1,180,1.076,0.9819,1.0,0.9583,0.2946,0.3,0.3833,9999.964,1.6242
101.951,1,RETURN_HOME,-2.3487,-0.0921,-1.9607,1.4237,0.2451,0.0609,1.4237,0.3451,1.465,0.0,0.0,2.3505,10.894571304321289,3.0180089473724365,84.45,0,1,180,1.321,0.9803,1.0,0.9575,0.2941,0.3,0.383,9999.965,1.5976
102.001,1,RETURN_HOME,-2.2929,-0.0825,-1.9587,1.424,0.2496,0.0595,1.424,0.3496,1.4663,0.0,0.0,2.2944,10.799038887023926,3.0048017501831055,86.71,0,1,180,1.121,0.9791,1.0,0.9571,0.2937,0.3,0.3828,9999.9663,1.5713
102.051,1,RETURN_HOME,-2.2239,-0.072,-1.9572,1.4251,0.2545,0.0576,1.4251,0.3545,1.4685,0.0,0.0,2.225,10.753881454467773,2.99664044380188,84.45,0,1,180,1.186,0.9777,1.0,0.9572,0.2933,0.3,0.3829,9999.9685,1.5459
102.1,1,RETURN_HOME,-2.1663,-0.0629,-1.9564,1.4259,0.2587,0.0558,1.4259,0.3587,1.4703,0.0,0.0,2.1672,10.708650588989258,2.989008903503418,85.45,0,1,180,1.056,0.9765,1.0,0.9571,0.2929,0.3,0.3829,9999.9703,1.5241
102.151,1,RETURN_HOME,-2.108,-0.0541,-1.9555,1.427,0.2627,0.0538,1.427,0.3627,1.4724,0.0,0.0,2.1087,10.61228084564209,2.9717659950256348,84.7,0,1,180,1.168,0.9752,1.0,0.9572,0.2926,0.3,0.3829,9999.9724,1.4998
102.201,1,RETURN_HOME,-2.0375,-0.0436,-1.9546,1.4283,0.2674,0.0512,1.4283,0.3674,1.4748,0.0,0.0,2.038,10.566734313964844,2.9643542766571045,86.2,0,1,180,1.085,0.9736,1.0,0.9572,0.2921,0.3,0.3829,9999.9748,1.4731
102.251,1,RETURN_HOME,-1.9789,-0.0344,-1.9543,1.4293,0.2714,0.0488,1.4293,0.3714,1.4768,0.0,0.0,1.9792,10.52165699005127,2.957249402999878,84.7,0,1,180,1.101,0.9721,1.0,0.957,0.2916,0.3,0.3828,9999.9768,1.4515
102.301,1,RETURN_HOME,-1.9214,-0.0246,-1.9516,1.4296,0.2755,0.0464,1.4296,0.3755,1.4781,0.0,0.0,1.9215,10.471766471862793,2.9473531246185303,85.7,0,1,180,1.171,0.9704,1.0,0.9562,0.2911,0.3,0.3825,9999.9781,1.4283
102.351,1,RETURN_HOME,-1.8644,-0.0145,-1.9479,1.4296,0.2796,0.0438,1.4296,0.3796,1.4792,0.0,0.0,1.8644,10.381087303161621,2.92936110496521,86.71,0,1,180,1.133,0.9685,1.0,0.955,0.2905,0.3,0.382,9999.9792,1.4052
102.401,1,RETURN_HOME,-1.796,-0.002,-1.9443,1.4296,0.2848,0.0404,1.4296,0.3848,1.4804,0.0,0.0,1.796,10.335673332214355,2.9207704067230225,85.45,0,1,180,1.102,0.9659,1.0,0.9533,0.2898,0.3,0.3813,9999.9804,1.3775
102.451,1,RETURN_HOME,-1.736,0.0096,-1.942,1.4304,0.2897,0.0373,1.4304,0.3897,1.4826,0.0,0.0,1.736,10.285765647888184,2.9128925800323486,85.45,0,1,180,1.167,0.9634,1.0,0.9522,0.289,0.3,0.3809,9999.9826,1.3483
102.501,1,RETURN_HOME,-1.6757,0.0216,-1.9402,1.4315,0.2948,0.034,1.4315,0.3948,1.4849,0.0,0.0,1.6759,10.239643096923828,2.9031951427459717,87.96,0,1,180,1.25,0.9605,1.0,0.9509,0.2882,0.3,0.3803,9999.9849,1.3209
102.551,1,RETURN_HOME,-1.6158,0.0337,-1.9391,1.4325,0.2998,0.0306,1.4325,0.3998,1.4873,0.0,0.0,1.6161,10.149076461791992,2.885591506958008,86.96,0,1,180,1.169,0.9574,1.0,0.9492,0.2872,0.3,0.3797,9999.9932,1.294
102.601,1,RETURN_HOME,-1.5565,0.0446,-1.9411,1.4333,0.3042,0.0269,1.4333,0.2042,1.4477,0.0,0.0,1.5571,10.097562789916992,2.875837802886963,86.96,0,1,180,1.194,0.9856,1.0,0.9512,0.2957,0.3,0.3805,9999.9937,1.8664
102.651,1,RETURN_HOME,-1.4977,0.0549,-1.945,1.4339,0.3084,0.0229,1.3339,0.4084,1.395,0.0,0.0,1.4987,10.053864479064941,2.8667073249816895,86.2,0,1,180,1.218,0.9448,1.0,0.8787,0.2834,0.3,0.3515,9999.9817,1.2524
102.701,1,RETURN_HOME,-1.4391,0.0656,-1.9488,1.4346,0.313,0.0189,1.3346,0.313,1.3708,0.0,0.0,1.4406,10.007410049438477,2.8578267097473145,87.71,0,1,180,1.147,0.9622,1.0,0.8793,0.2887,0.3,0.3517,9999.9992,1.526
102.751,1,RETURN_HOME,-1.3813,0.0764,-1.9517,1.4351,0.314,0.0145,1.3351,0.114,1.3399,0.0,0.0,1.3834,9.911104202270508,2.8368701934814453,87.46,0,1,180,1.165,0.9902,1.0,0.8845,0.297,0.3,0.3538,9999.9893,2.1114
102.801,1,RETURN_HOME,-1.3133,0.0893,-1.9539,1.4319,0.3152,0.0087,1.2319,0.3152,1.2716,0.0,0.0,1.3163,9.865889549255371,2.826725959777832,87.71,0,1,180,1.137,0.9497,1.0,0.8051,0.2849,0.3,0.322,9999.9939,1.494
102.851,1,RETURN_HOME,-1.2567,0.1004,-1.9558,1.4276,0.3155,0.0037,1.2276,0.1155,1.233,0.0,0.0,1.2607,9.819099426269531,2.8194069862365723,87.71,0,1,180,1.173,0.985,1.0,0.8096,0.2955,0.3,0.3239,9999.9995,2.0802
102.901,1,RETURN_HOME,-1.199,0.1109,-1.955,1.4229,0.3108,-0.0018,1.2229,0.1108,1.2279,0.0,0.0,1.2041,9.77442455291748,2.8104071617126465,88.46,0,1,180,1.262,0.9834,1.0,0.805,0.295,0.3,0.322,9999.9588,2.0793
102.951,1,RETURN_HOME,-1.1409,0.121,-1.9529,1.4156,0.3055,-0.0078,1.2156,0.1055,1.2202,0.0,0.0,1.1474,9.678360939025879,2.7909796237945557,89.46,0,1,180,1.118,0.9816,1.0,0.7985,0.2945,0.3,0.3194,9999.9176,2.0894
103.001,1,RETURN_HOME,-1.072,0.1332,-1.951,1.4042,0.2959,-0.0155,1.2042,0.0959,1.208,0.0,0.0,1.0802,9.635222434997559,2.782322883605957,90.21,0,1,180,1.104,0.9794,1.0,0.7888,0.2938,0.3,0.3155,9999.8693,2.1025
103.051,1,RETURN_HOME,-1.0035,0.1438,-1.9496,1.3909,0.2825,-0.024,1.1909,0.0825,1.1937,0.0,0.0,1.0137,9.590912818908691,2.7752087116241455,91.21,0,1,180,1.815,0.9777,1.0,0.7781,0.2933,0.3,0.3112,9999.8199,2.1233
103.101,1,RETURN_HOME,-0.9469,0.1519,-1.9488,1.3791,0.2695,-0.0317,1.1791,0.0695,1.1812,0.0,0.0,0.959,9.497066497802734,2.7618675231933594,93.71,0,1,180,1.705,0.9764,1.0,0.7688,0.2929,0.3,0.3075,9999.777,2.1613
103.151,1,RETURN_HOME,-0.891,0.1598,-1.9485,1.3672,0.2556,-0.0401,1.1672,0.0556,1.1685,0.0,0.0,0.9052,9.45323371887207,2.755976438522339,94.71,0,1,180,1.961,0.9748,1.0,0.7594,0.2924,0.3,0.3037,9999.7318,2.1872
103.202,1,RETURN_HOME,-0.8267,0.1671,-1.9477,1.3518,0.2375,-0.051,1.1518,0.0375,1.1524,0.0,0.0,0.8434,9.410542488098145,2.7521512508392334,96.21,0,1,180,1.9,0.9732,1.0,0.7477,0.292,0.3,0.2991,9999.6763,2.2228
103.251,1,RETURN_HOME,-0.7743,0.1722,-1.9473,1.3388,0.2222,-0.0608,1.1388,0.0222,1.139,0.0,0.0,0.7932,9.319527626037598,2.7464890480041504,98.97,0,1,180,1.799,0.9717,1.0,0.7379,0.2915,0.3,0.2952,9999.6268,2.2758
103.301,1,RETURN_HOME,-0.7223,0.1772,-1.9472,1.3262,0.2075,-0.0714,1.1262,0.0075,1.1262,0.0,0.0,0.7437,9.275615692138672,2.744946241378784,100.22,0,1,180,1.765,0.9696,1.0,0.7279,0.2909,0.3,0.2912,9999.572,2.3052
103.351,1,RETURN_HOME,-0.6605,0.1825,-1.9459,1.311,0.1909,-0.0852,1.111,-0.0091,1.1111,0.0,0.0,0.6852,9.233854293823242,2.747174024581909,101.97,0,1,180,1.764,0.966,1.0,0.7155,0.2898,0.3,0.2862,9999.4976,2.3309
103.401,1,RETURN_HOME,-0.6094,0.1867,-1.9451,1.2986,0.1775,-0.0976,1.0986,-0.0225,1.0988,0.0,0.0,0.6374,9.185436248779297,2.747713804244995,103.22,0,1,180,1.57,0.9619,1.0,0.7046,0.2886,0.3,0.2819,9999.4253,2.3546
103.501,2,NAVIGATE,-0.5005,0.1984,-1.9483,1.2706,0.1502,-0.1281,1.3706,0.3502,1.4146,0.0,12.0,11.8122,9.063380241394043,2.7554094791412354,107.72,0,1,180,1.789,0.2884,1.0,0.4715,0.0865,0.3,0.1886,0.5751,1.1959
103.551,2,NAVIGATE,-0.4526,0.2047,-1.9518,1.2568,0.1374,-0.1428,1.4568,0.3374,1.4953,0.0,12.0,11.804,9.015519142150879,2.7630674839019775,109.23,0,1,180,1.763,0.2628,1.0,0.4984,0.0788,0.3,0.1994,0.5782,1.2135
103.601,2,NAVIGATE,-0.405,0.2104,-1.9545,1.2421,0.1226,-0.1528,1.4421,0.3226,1.4778,0.0,12.0,11.7966,8.936020851135254,2.77470326423645,112.23,0,1,180,1.647,0.2517,1.0,0.4926,0.0755,0.3,0.197,0.5725,1.3057
103.651,2,NAVIGATE,-0.3486,0.2159,-1.9527,1.2353,0.1105,-0.1562,1.4353,0.3105,1.4685,0.0,12.0,11.7893,8.895880699157715,2.7791688442230225,82.2,0,1,180,1.715,0.2402,1.0,0.4895,0.0721,0.3,0.1958,0.5679,1.3593
103.702,2,NAVIGATE,-0.3012,0.2201,-1.9488,1.2392,0.1039,-0.1526,1.4392,0.3039,1.4709,0.0,12.0,11.7837,8.849895477294922,2.763329267501831,83.2,0,1,180,2.163,0.2316,1.0,0.4903,0.0695,0.3,0.1961,0.5656,1.4023
103.751,2,NAVIGATE,-0.2532,0.2243,-1.9428,1.2494,0.1001,-0.1437,1.4494,0.3001,1.4802,0.0,12.0,11.7784,8.8147611618042,2.746288537979126,83.95,0,1,180,1.752,0.2237,1.0,0.4934,0.0671,0.3,0.1974,0.5645,1.4355
103.801,2,NAVIGATE,-0.1947,0.2286,-1.9321,1.2667,0.0987,-0.1262,1.4667,0.2987,1.4968,0.0,12.0,11.773,8.7400484085083,2.720341205596924,84.45,0,1,180,1.648,0.2157,1.0,0.4989,0.0647,0.3,0.1996,0.5643,1.4513
103.851,2,NAVIGATE,-0.145,0.2322,-1.9218,1.2829,0.1005,-0.1064,1.3829,0.3005,1.4152,0.0,12.0,11.7687,8.696261405944824,2.7037479877471924,84.7,0,1,180,1.833,0.2243,1.0,0.4717,0.0673,0.3,0.1887,0.556,1.4643
103.901,2,NAVIGATE,-0.0946,0.2361,-1.9108,1.2994,0.1052,-0.0821,1.3994,0.3052,1.4323,0.0,12.0,11.7643,8.656682014465332,2.6920318603515625,84.7,0,1,180,1.843,0.2209,1.0,0.4774,0.0663,0.3,0.191,0.5572,1.4848
103.951,2,NAVIGATE,-0.0446,0.2388,-1.8979,1.3154,0.1116,-0.0537,1.4154,0.3116,1.4493,0.0,12.0,11.7613,8.571216583251953,2.666543483734131,83.95,0,1,180,1.766,0.2187,1.0,0.4831,0.0656,0.3,0.1932,0.5588,1.4088
104.002,2,NAVIGATE,0.0165,0.2426,-1.8826,1.3311,0.1222,-0.0143,1.4311,0.3222,1.4669,0.0,12.0,11.7575,8.522080421447754,2.649437427520752,83.7,0,1,180,1.917,0.2183,1.0,0.489,0.0655,0.3,0.1956,0.5611,1.4272
104.051,2,NAVIGATE,0.0686,0.2463,-1.8707,1.3415,0.133,0.0226,1.4415,0.333,1.4795,0.0,12.0,11.7539,8.476244926452637,2.6364147663116455,83.2,0,1,180,1.703,0.2194,1.0,0.4932,0.0658,0.3,0.1973,0.5631,1.4296
104.101,2,NAVIGATE,0.1234,0.2507,-1.8608,1.3509,0.1448,0.063,1.4509,0.3448,1.4913,0.0,12.0,11.75,8.430788040161133,2.6261026859283447,82.2,0,1,180,1.626,0.221,1.0,0.4971,0.0663,0.3,0.1988,0.5651,1.4411
104.151,2,NAVIGATE,0.1784,0.2556,-1.8513,1.3586,0.1568,0.1068,1.3586,0.3568,1.4047,0.0,12.0,11.7457,8.336223602294922,2.596428871154785,80.45,0,1,180,1.738,0.2393,1.0,0.4682,0.0718,0.3,0.1873,0.5591,1.2806
104.201,2,NAVIGATE,0.2448,0.2621,-1.8399,1.3668,0.1707,0.1638,1.3668,0.3707,1.4162,0.0,12.0,11.7405,8.292473793029785,2.5831894874572754,79.2,0,1,180,1.656,0.2416,1.0,0.4721,0.0725,0.3,0.1888,0.5613,1.3166
104.252,2,NAVIGATE,0.3003,0.267,-1.8294,1.3735,0.1812,0.2151,1.3735,0.3812,1.4254,0.0,12.0,11.7368,8.247967720031738,2.5689032077789307,77.7,0,1,180,2.116,0.2427,1.0,0.4751,0.0728,0.3,0.1901,0.5629,1.3305
104.301,2,NAVIGATE,0.367,0.2739,-1.8171,1.3794,0.1935,0.2812,1.3794,0.3935,1.4344,0.0,12.0,11.7319,8.183611869812012,2.5446009635925293,73.94,0,1,180,1.649,0.2441,1.0,0.4781,0.0732,0.3,0.1913,0.5645,1.1796
104.351,2,NAVIGATE,0.433,0.283,-1.8039,1.3832,0.2065,0.352,1.3832,0.4065,1.4417,0.0,12.0,11.725,5.593466281890869,2.5321719646453857,72.19,0,1,180,1.747,0.2463,1.0,0.4806,0.0739,0.3,0.1922,0.5661,1.2429
104.402,2,NAVIGATE,0.4867,0.2931,-1.7911,1.3851,0.2183,0.4145,1.3851,0.4183,1.4469,0.0,12.0,11.717,5.102856159210205,2.5194990634918213,70.44,0,1,180,1.85,0.2491,1.0,0.4823,0.0747,0.3,0.1929,0.5676,1.2709
104.451,2,NAVIGATE,0.5406,0.3035,-1.7789,1.3866,0.2302,0.4802,1.2866,0.4302,1.3566,0.0,12.0,11.7089,4.274654865264893,2.4917354583740234,63.68,0,1,180,1.818,0.273,1.0,0.4522,0.0819,0.3,0.1809,0.5628,1.0159
104.501,2,NAVIGATE,0.5969,0.3151,-1.7683,1.3886,0.2426,0.5491,1.2886,0.4426,1.3625,0.0,12.0,11.7002,3.964632511138916,2.477482795715332,61.43,0,1,180,1.788,0.2761,1.0,0.4542,0.0828,0.3,0.1817,0.5645,1.0374
104.551,2,NAVIGATE,0.6681,0.3306,-1.7575,1.3924,0.2579,0.636,1.3924,0.4579,1.4658,0.0,12.0,11.6885,3.693824052810669,2.4643592834472656,57.68,0,1,180,1.65,0.2576,1.0,0.4886,0.0773,0.3,0.1954,0.5727,1.1231
104.601,2,NAVIGATE,0.7271,0.3438,-1.7486,1.3937,0.271,0.7118,1.3937,0.471,1.4712,0.0,12.0,11.6789,3.4591495990753174,2.449986219406128,54.93,0,1,180,1.593,0.2606,1.0,0.4904,0.0782,0.3,0.1962,0.5743,1.1504
104.651,2,NAVIGATE,0.7958,0.3591,-1.737,1.3918,0.2884,0.8052,1.1918,0.4884,1.288,0.0,12.0,11.668,3.0520613193511963,2.4185094833374023,46.92,0,1,180,1.691,0.3152,1.0,0.4293,0.0946,0.3,0.1717,0.5663,0.8855
104.701,2,NAVIGATE,0.8516,0.3719,-1.7282,1.3897,0.3049,0.8839,1.1897,0.5049,1.2924,0.0,12.0,11.6593,2.9008584022521973,2.4027316570281982,44.42,0,1,180,1.888,0.3224,1.0,0.4308,0.0967,0.3,0.1723,0.569,0.8859
104.751,2,NAVIGATE,0.9073,0.3852,-1.7232,1.3875,0.3231,0.962,1.1875,0.5231,1.2976,0.0,12.0,11.6502,2.7717292308807373,2.3878140449523926,39.41,0,1,180,1.714,0.3307,1.0,0.4325,0.0992,0.3,0.173,0.5722,0.8622
104.801,2,NAVIGATE,0.9736,0.4036,-1.7248,1.3796,0.3466,1.0538,1.2796,0.4466,1.3553,0.0,12.0,11.6372,2.5568554401397705,2.355113983154297,31.9,0,1,180,1.73,0.2494,1.0,0.4518,0.0748,0.3,0.1807,0.5555,0.9214
104.851,2,NAVIGATE,1.0394,0.4235,-1.7329,1.3663,0.3703,1.1426,1.2663,0.4703,1.3508,0.0,12.0,11.6231,2.48083233833313,2.3400304317474365,28.9,0,1,180,1.683,0.2629,1.0,0.4503,0.0789,0.3,0.1801,0.559,0.9397
104.901,2,NAVIGATE,1.0934,0.4405,-1.7432,1.3519,0.3888,1.2136,1.2519,0.4888,1.3439,0.0,12.0,11.6111,2.4186456203460693,2.324345350265503,25.9,0,1,180,1.743,0.2744,1.0,0.448,0.0823,0.3,0.1792,0.5615,0.9133
104.951,2,NAVIGATE,1.1468,0.4608,-1.7573,1.3372,0.4053,1.2813,1.2372,0.4053,1.3019,0.0,12.0,11.596,2.320937156677246,2.2926576137542725,17.39,0,1,180,1.882,0.2158,1.0,0.434,0.0647,0.3,0.1736,0.5383,0.9196
105.001,2,NAVIGATE,1.1997,0.4817,-1.7732,1.3236,0.4186,1.3452,1.2236,0.4186,1.2932,0.0,12.0,11.5806,2.2884886264801025,2.276857852935791,15.39,0,1,180,1.791,0.2239,1.0,0.4311,0.0672,0.3,0.1724,0.5396,0.901
105.051,2,NAVIGATE,1.2625,0.5068,-1.7935,1.3091,0.4313,1.4162,1.2091,0.4313,1.2837,0.0,12.0,11.5623,2.2639214992523193,2.2617456912994385,13.14,0,1,180,1.765,0.2311,1.0,0.4279,0.0693,0.3,0.1712,0.5405,0.9204
105.101,2,NAVIGATE,1.3056,0.5232,-1.808,1.3006,0.4369,1.4599,1.2006,0.4369,1.2777,0.0,12.0,11.5508,2.2437191009521484,2.2437191009521484,9.63,0,1,180,1.737,0.2336,1.0,0.4259,0.0701,0.3,0.1704,0.5404,0.843
105.151,2,NAVIGATE,1.3595,0.5436,-1.8264,1.291,0.4412,1.5102,1.291,0.3412,1.3353,0.0,12.0,11.5368,2.2151620388031006,2.2151620388031006,3.63,0,1,180,1.73,0.1398,1.0,0.4451,0.0419,0.3,0.178,0.52,0.9659
105.201,2,NAVIGATE,1.4235,0.5678,-1.848,1.2802,0.4436,1.5643,1.2802,0.3436,1.3255,0.0,12.0,11.5205,2.1988894939422607,2.1988894939422607,1.13,0,1,180,1.683,0.1379,1.0,0.4418,0.0414,0.3,0.1767,0.5181,1.0017
105.251,2,NAVIGATE,1.4845,0.5911,-1.871,1.2688,0.4441,1.6119,1.0688,0.4441,1.1574,0.0,12.0,11.505,2.184412956237793,2.184412956237793,-1.63,0,1,180,1.871,0.2614,1.0,0.3858,0.0784,0.3,0.1543,0.5327,0.6813
105.301,2,NAVIGATE,1.5348,0.6102,-1.8894,1.2607,0.4416,1.6468,1.2607,0.3416,1.3062,0.0,12.0,11.4928,2.1538829803466797,2.1538829803466797,-4.38,0,1,180,1.718,0.1303,1.0,0.4354,0.0391,0.3,0.1742,0.5133,0.8651
105.351,2,NAVIGATE,1.5948,0.6325,-1.9103,1.253,0.4363,1.6829,1.253,0.3363,1.2974,0.0,12.0,11.4788,2.1398725509643555,2.1398725509643555,-3.63,0,1,180,1.808,0.1226,1.0,0.4325,0.0368,0.3,0.173,0.5097,0.9077
105.402,2,NAVIGATE,1.6426,0.6517,-1.9217,1.2441,0.4326,1.7084,1.2441,0.3326,1.2878,0.0,12.0,11.4665,2.124849557876587,2.124849557876587,-7.38,0,1,180,1.838,0.1172,1.0,0.4293,0.0352,0.3,0.1717,0.5069,0.8817
105.452,2,NAVIGATE,1.6902,0.6705,-1.9326,1.2359,0.4279,1.73,1.1359,0.3279,1.1822,0.0,12.0,11.4549,2.0964627265930176,2.0964627265930176,-9.38,0,1,180,1.827,0.1326,1.0,0.3941,0.0398,0.3,0.1576,0.4974,0.797
105.501,2,NAVIGATE,1.7473,0.6926,-1.9449,1.2275,0.4212,1.7509,1.2275,0.3212,1.2689,0.0,12.0,11.4416,2.0821564197540283,2.0821564197540283,-9.88,0,1,180,1.851,0.1025,1.0,0.423,0.0307,0.3,0.1692,0.4999,0.8252
105.551,2,NAVIGATE,1.8012,0.7177,-1.9524,1.2195,0.4157,1.7664,1.2195,0.3157,1.2597,0.0,12.0,11.4252,2.06889271736145,2.067154884338379,-12.14,0,1,180,1.794,0.0948,1.0,0.4199,0.0284,0.3,0.168,0.4964,0.8221
105.601,2,NAVIGATE,1.8374,0.7339,-1.9572,1.2137,0.4114,1.7742,1.2137,0.3114,1.253,0.0,12.0,11.4149,2.0557610988616943,2.053978443145752,-11.14,0,1,180,1.577,0.0894,1.0,0.4177,0.0268,0.3,0.1671,0.4939,0.8056
105.651,2,NAVIGATE,1.8916,0.7576,-1.9654,1.206,0.4043,1.7826,1.206,0.3043,1.2438,0.0,12.0,11.4005,2.031017780303955,2.0268614292144775,-11.39,0,1,180,1.742,0.0804,1.0,0.4146,0.0241,0.3,0.1658,0.49,0.7771
105.701,2,NAVIGATE,1.9359,0.7774,-1.9762,1.2,0.3982,1.7866,1.2,0.2982,1.2365,0.0,12.0,11.3884,2.0158531665802,2.011909008026123,-10.89,0,1,180,1.696,0.0727,1.0,0.4122,0.0218,0.3,0.1649,0.4867,0.7729
105.751,2,NAVIGATE,1.9892,0.8002,-1.9881,1.1942,0.3906,1.7885,1.1942,0.2906,1.2291,0.0,12.0,11.3751,1.9904338121414185,1.9859412908554077,-14.39,0,1,180,1.667,0.0629,1.0,0.4097,0.0189,0.3,0.1639,0.4828,0.7592
105.801,2,NAVIGATE,2.0426,0.8212,-1.9982,1.1897,0.3824,1.7876,1.1897,0.2824,1.2228,0.0,12.0,11.3639,1.976352334022522,1.9734772443771362,-13.14,0,1,180,1.664,0.0523,1.0,0.4076,0.0157,0.3,0.163,0.4787,0.7645
105.851,2,NAVIGATE,2.0868,0.8371,-2.0048,1.1868,0.3748,1.7851,1.1868,0.2748,1.2182,0.0,12.0,11.3563,1.9648016691207886,1.9589301347732544,-14.14,0,1,180,1.688,0.0428,1.0,0.4061,0.0128,0.3,0.1624,0.4753,0.7652
105.901,2,NAVIGATE,2.1313,0.8525,-2.0108,1.1844,0.3673,1.7812,1.1844,0.2673,1.2142,0.0,12.0,11.3495,1.950684905052185,1.9471148252487183,-13.14,0,1,180,1.88,0.033,1.0,0.4047,0.0099,0.3,0.1619,0.4718,0.772
105.951,2,NAVIGATE,2.1768,0.8672,-2.0167,1.1828,0.3598,1.7761,1.1828,0.2598,1.211,0.0,12.0,11.3436,1.9253828525543213,1.9218628406524658,-11.89,0,1,180,1.775,0.0231,1.0,0.4037,0.0069,0.3,0.1615,0.4684,0.7733
106.001,2,NAVIGATE,2.2236,0.8812,-2.0226,1.1822,0.3526,1.7702,1.1822,0.2526,1.2089,0.0,12.0,11.339,1.9116508960723877,1.908295750617981,-12.14,0,1,180,1.789,0.0131,1.0,0.403,0.0039,0.3,0.1612,0.4651,0.7754
106.051,2,NAVIGATE,2.2798,0.8976,-2.0289,1.1815,0.3439,1.7624,1.2815,0.2439,1.3046,0.0,12.0,11.3341,1.898377537727356,1.8969112634658813,-11.39,0,1,180,1.716,-0.0144,1.0,0.4349,-0.0043,0.3,0.1739,0.4696,0.8626
106.101,2,NAVIGATE,2.3251,0.9094,-2.0338,1.1804,0.3359,1.7555,1.2804,0.2359,1.3019,0.0,12.0,11.3317,1.874336838722229,1.8726211786270142,-12.14,0,1,180,1.849,-0.0244,1.0,0.434,-0.0073,0.3,0.1736,0.4663,0.8651
106.151,2,NAVIGATE,2.3771,0.9209,-2.0392,1.178,0.325,1.7472,1.278,0.225,1.2976,0.0,12.0,11.3312,1.8605674505233765,1.860121726989746,-10.89,0,1,180,1.771,-0.037,1.0,0.4325,-0.0111,0.3,0.173,0.4619,0.8668
106.201,2,NAVIGATE,2.4209,0.9305,-2.0433,1.1777,0.3161,1.7404,1.2777,0.2161,1.2959,0.0,12.0,11.3311,1.8500537872314453,1.8492062091827393,-10.89,0,1,180,1.662,-0.0477,1.0,0.432,-0.0143,0.3,0.1728,0.4585,0.9144
106.251,2,NAVIGATE,2.4748,0.942,-2.0462,1.1801,0.306,1.7324,0.9801,0.306,1.0268,0.0,12.0,11.3315,1.8267394304275513,1.8267394304275513,-10.13,0,1,180,1.788,0.0823,1.0,0.3423,0.0247,0.3,0.1369,0.4616,0.5422
106.301,2,NAVIGATE,2.5207,0.9514,-2.0472,1.1844,0.2976,1.7262,1.3844,0.1976,1.3984,0.0,12.0,11.3325,1.814232349395752,1.814232349395752,-8.38,0,1,180,1.587,-0.0825,1.0,0.4661,-0.0247,0.3,0.1865,0.4617,0.9959
106.352,2,NAVIGATE,2.567,0.9607,-2.0483,1.1904,0.2891,1.7205,1.3904,0.1891,1.4032,0.0,12.0,11.3339,1.8046865463256836,1.8039813041687012,-11.14,0,1,180,1.83,-0.0931,1.0,0.4677,-0.0279,0.3,0.1871,0.4592,1.0016
106.402,2,NAVIGATE,2.6259,0.9716,-2.0489,1.1925,0.2827,1.7146,1.3925,0.1827,1.4045,0.0,12.0,11.3367,1.7942042350769043,1.7942042350769043,-9.38,0,1,180,1.946,-0.1031,1.0,0.4682,-0.0309,0.3,0.1873,0.4563,1.0005
106.451,2,NAVIGATE,2.676,0.9806,-2.0491,1.196,0.2767,1.7107,1.396,0.1767,1.4071,0.0,12.0,11.3397,1.7723815441131592,1.7723815441131592,-7.13,0,1,180,1.68,-0.1121,1.0,0.469,-0.0336,0.3,0.1876,0.454,1.0277
106.501,2,NAVIGATE,2.726,0.9896,-2.0494,1.2018,0.2702,1.7076,1.4018,0.1702,1.4121,0.0,12.0,11.3429,1.7609001398086548,1.7609001398086548,-9.13,0,1,180,1.778,-0.1216,1.0,0.4707,-0.0365,0.3,0.1883,0.4518,1.0317
106.551,2,NAVIGATE,2.7827,1.001,-2.0532,1.2111,0.2623,1.7048,1.4111,0.1623,1.4204,0.0,12.0,11.3456,1.7531005144119263,1.7531005144119263,-9.63,0,1,180,1.701,-0.1329,1.0,0.4735,-0.0399,0.3,0.1894,0.4495,1.0415
106.601,2,NAVIGATE,2.8291,1.0106,-2.0574,1.2206,0.2555,1.7033,1.2206,0.2555,1.247,0.0,12.0,11.3477,1.731511116027832,1.731511116027832,-8.38,0,1,180,1.631,-0.0456,1.0,0.4157,-0.0137,0.3,0.1663,0.4526,0.7839
106.651,2,NAVIGATE,2.8858,1.0219,-2.0617,1.2343,0.2466,1.7025,1.2343,0.2466,1.2587,0.0,12.0,11.351,1.7219626903533936,1.7219626903533936,-8.13,0,1,180,1.707,-0.0598,1.0,0.4196,-0.0179,0.3,0.1678,0.4499,0.8044
106.701,2,NAVIGATE,2.9349,1.0316,-2.0652,1.2469,0.2398,1.7026,1.2469,0.2398,1.2697,0.0,12.0,11.3542,1.7126065492630005,1.7126065492630005,-7.88,0,1,180,1.559,-0.0714,1.0,0.4232,-0.0214,0.3,0.1693,0.4479,0.8219
106.751,2,NAVIGATE,2.9848,1.0413,-2.0684,1.2561,0.2356,1.7034,1.2561,0.2356,1.278,0.0,12.0,11.3579,1.6935274600982666,1.6935274600982666,-8.88,0,1,180,1.747,-0.0804,1.0,0.426,-0.0241,0.3,0.1704,0.4463,0.8485
106.801,2,NAVIGATE,3.0351,1.0509,-2.071,1.2618,0.2332,1.7049,1.2618,0.2332,1.2832,0.0,12.0,11.362,1.683184266090393,1.683184266090393,-9.63,0,1,180,1.758,-0.0876,1.0,0.4277,-0.0263,0.3,0.1711,0.4448,0.8546
106.852,2,NAVIGATE,3.0999,1.0612,-2.0748,1.2669,0.231,1.7078,1.2669,0.231,1.2877,0.0,12.0,11.3695,1.6742933988571167,1.6742933988571167,-8.38,0,1,180,1.997,-0.0957,1.0,0.4292,-0.0287,0.3,0.1717,0.443,0.8617
106.901,2,NAVIGATE,3.1541,1.0696,-2.0775,1.2687,0.2296,1.7111,1.2687,0.2296,1.2893,0.0,12.0,11.3763,1.666103720664978,1.666103720664978,-7.63,0,1,180,1.87,-0.1017,1.0,0.4298,-0.0305,0.3,0.1719,0.4414,0.8681
106.951,2,NAVIGATE,3.2079,1.0781,-2.0796,1.2692,0.2284,1.7153,1.2692,0.2284,1.2896,0.0,12.0,11.3833,1.6464847326278687,1.6464847326278687,-8.88,0,1,180,1.681,-0.1074,1.0,0.4299,-0.0322,0.3,0.1719,0.4397,0.8569
107.001,2,NAVIGATE,3.272,1.0875,-2.0822,1.2685,0.2269,1.7212,1.2685,0.2269,1.2887,0.0,12.0,11.3925,1.6382783651351929,1.6382783651351929,-9.63,0,1,180,1.812,-0.1141,1.0,0.4296,-0.0342,0.3,0.1718,0.4376,0.8621
107.051,2,NAVIGATE,3.3356,1.0968,-2.0842,1.2676,0.2252,1.7279,1.2676,0.2252,1.2874,0.0,12.0,11.402,1.628529667854309,1.628529667854309,-9.63,0,1,180,1.702,-0.1208,1.0,0.4291,-0.0362,0.3,0.1717,0.4354,0.8686
107.101,2,NAVIGATE,3.3881,1.1045,-2.0851,1.2669,0.2236,1.7341,1.2669,0.2236,1.2864,0.0,12.0,11.4102,1.6108522415161133,1.6108522415161133,-10.13,0,1,180,1.869,-0.1264,1.0,0.4288,-0.0379,0.3,0.1715,0.4336,0.8597
107.151,2,NAVIGATE,3.4396,1.1116,-2.0843,1.266,0.2219,1.7406,1.266,0.2219,1.2853,0.0,12.0,11.4187,1.6036458015441895,1.6031379699707031,-10.63,0,1,180,1.723,-0.132,1.0,0.4284,-0.0396,0.3,0.1714,0.4318,0.867
107.201,2,NAVIGATE,3.5012,1.1204,-2.0832,1.2654,0.2199,1.749,1.2654,0.2199,1.2843,0.0,12.0,11.4291,1.5950648784637451,1.5941283702850342,-11.14,0,1,180,1.885,-0.1388,1.0,0.4281,-0.0416,0.3,0.1712,0.4296,0.8798
107.251,2,NAVIGATE,3.5519,1.128,-2.0828,1.2649,0.2183,1.7563,1.2649,0.2183,1.2836,0.0,12.0,11.4375,1.5761961936950684,1.5761221647262573,-11.89,0,1,180,1.757,-0.1444,1.0,0.4279,-0.0433,0.3,0.1711,0.4278,0.8852
107.301,2,NAVIGATE,3.6005,1.1367,-2.0844,1.2636,0.2172,1.7638,1.0636,0.3172,1.1099,0.0,12.0,11.4445,1.5676758289337158,1.5672351121902466,-10.89,0,1,180,1.577,-0.0302,1.0,0.37,-0.0091,0.3,0.148,0.4389,0.6184
107.351,2,NAVIGATE,3.6591,1.1471,-2.0859,1.2627,0.2156,1.7729,1.0627,0.3156,1.1086,0.0,12.0,11.4532,1.561448335647583,1.5575597286224365,-10.63,0,1,180,1.77,-0.0365,1.0,0.3695,-0.0109,0.3,0.1478,0.4369,0.6301
107.401,2,NAVIGATE,3.7083,1.1561,-2.0864,1.2623,0.2146,1.7805,1.0623,0.3146,1.108,0.0,12.0,11.4604,1.5426560640335083,1.5389420986175537,-12.14,0,1,180,1.761,-0.0416,1.0,0.3693,-0.0125,0.3,0.1477,0.4353,0.6191
107.451,2,NAVIGATE,3.7683,1.1687,-2.0847,1.2583,0.2171,1.7894,1.0583,0.3171,1.1048,0.0,12.0,11.4681,1.5347431898117065,1.5314593315124512,-14.64,0,1,180,1.782,-0.0436,1.0,0.3683,-0.0131,0.3,0.1473,0.4342,0.6197
107.501,2,NAVIGATE,3.8283,1.1811,-2.0828,1.2492,0.2219,1.7985,1.0492,0.3219,1.0974,0.0,12.0,11.4762,1.527438998222351,1.5231496095657349,-15.39,0,1,180,1.894,-0.0424,1.0,0.3658,-0.0127,0.3,0.1463,0.4336,0.6147
107.551,2,NAVIGATE,3.8793,1.193,-2.0777,1.2394,0.2275,1.8062,1.1394,0.2275,1.1619,0.0,12.0,11.4822,1.5086842775344849,1.5035746097564697,-15.39,0,1,180,1.728,-0.1471,1.0,0.3873,-0.0441,0.3,0.1549,0.4108,0.8156
107.601,2,NAVIGATE,3.9308,1.2057,-2.0709,1.2282,0.2339,1.8139,1.1282,0.2339,1.1522,0.0,12.0,11.4877,1.5003687143325806,1.4948111772537231,-13.89,0,1,180,1.653,-0.1443,1.0,0.3841,-0.0433,0.3,0.1536,0.4103,0.8024
107.651,2,NAVIGATE,3.9917,1.2209,-2.0635,1.2132,0.2419,1.8233,1.1132,0.2419,1.1392,0.0,12.0,11.4945,1.4919242858886719,1.4865392446517944,-16.89,0,1,180,1.925,-0.1403,1.0,0.3797,-0.0421,0.3,0.1519,0.4098,0.7887
107.701,2,NAVIGATE,4.041,1.2354,-2.0576,1.2015,0.2468,1.8312,1.1015,0.2468,1.1288,0.0,12.0,11.4981,1.4829726219177246,1.4756858348846436,-14.89,0,1,180,1.859,-0.1382,1.0,0.3763,-0.0415,0.3,0.1505,0.409,0.7762
107.751,2,NAVIGATE,4.0895,1.2511,-2.052,1.1917,0.2503,1.8387,0.9917,0.3503,1.0518,0.0,12.0,11.5006,1.4649088382720947,1.4580440521240234,-16.89,0,1,180,1.698,-0.024,1.0,0.3506,-0.0072,0.3,0.1402,0.4331,0.5564
107.801,2,NAVIGATE,4.1472,1.2691,-2.0464,1.1825,0.252,1.8473,0.9825,0.352,1.0436,0.0,12.0,11.5044,1.4576283693313599,1.4495553970336914,-15.39,0,1,180,1.751,-0.0247,1.0,0.3479,-0.0074,0.3,0.1391,0.4317,0.555
107.852,2,NAVIGATE,4.1962,1.2849,-2.0447,1.1765,0.2533,1.8543,0.9765,0.3533,1.0385,0.0,12.0,11.5075,1.4486372470855713,1.4368089437484741,-15.64,0,1,180,1.77,-0.0261,1.0,0.3462,-0.0078,0.3,0.1385,0.4306,0.5502
107.901,2,NAVIGATE,4.2454,1.301,-2.0448,1.1696,0.2569,1.861,1.0696,0.2569,1.1,0.0,12.0,11.5105,1.4312375783920288,1.419063687324524,-17.14,0,1,180,1.621,-0.1415,1.0,0.3667,-0.0425,0.3,0.1467,0.4042,0.7377
107.952,2,NAVIGATE,4.3036,1.3197,-2.0451,1.1589,0.2633,1.869,1.0589,0.2633,1.0911,0.0,12.0,11.5148,1.4235618114471436,1.4086230993270874,-16.14,0,1,180,2.224,-0.1388,1.0,0.3637,-0.0417,0.3,0.1455,0.4038,0.7243
108.001,2,NAVIGATE,4.3619,1.3387,-2.0441,1.1465,0.2714,1.877,0.9465,0.3714,1.0167,0.0,12.0,11.5191,1.4122862815856934,1.3979493379592896,-17.89,0,1,180,1.667,-0.0144,1.0,0.3389,-0.0043,0.3,0.1356,0.4312,0.5287
108.051,2,NAVIGATE,4.4003,1.3512,-2.0433,1.1388,0.2752,1.8823,1.0388,0.2752,1.0746,0.0,12.0,11.5222,1.396811604499817,1.379199743270874,-18.39,0,1,180,1.683,-0.1325,1.0,0.3582,-0.0398,0.3,0.1433,0.4035,0.6993
108.101,2,NAVIGATE,4.4572,1.3694,-2.0425,1.1289,0.2783,1.89,1.0289,0.2783,1.0659,0.0,12.0,11.5272,1.3880704641342163,1.3691415786743164,-18.39,0,1,180,1.628,-0.1325,1.0,0.3553,-0.0398,0.3,0.1421,0.4024,0.6922
108.151,2,NAVIGATE,4.5057,1.3819,-2.0424,1.1208,0.2804,1.8961,0.9208,0.3804,0.9962,0.0,12.0,11.5345,1.3780590295791626,1.3588428497314453,-20.64,0,1,180,1.676,-0.0096,1.0,0.3321,-0.0029,0.3,0.1328,0.43,0.514
108.202,2,NAVIGATE,4.5539,1.3938,-2.0425,1.1135,0.2809,1.9021,0.9135,0.3809,0.9898,0.0,12.0,11.5425,1.3693253993988037,1.3484160900115967,-21.39,0,1,180,2.031,-0.0105,1.0,0.3299,-0.0031,0.3,0.132,0.4288,0.5092
108.252,2,NAVIGATE,4.6108,1.408,-2.0427,1.1059,0.2803,1.9091,0.9059,0.3803,0.9825,0.0,12.0,11.552,1.3507119417190552,1.3286895751953125,-20.64,0,1,180,1.869,-0.0131,1.0,0.3275,-0.0039,0.3,0.131,0.4271,0.5204
108.301,2,NAVIGATE,4.6588,1.4188,-2.0426,1.0988,0.2809,1.9146,0.8988,0.3809,0.9762,0.0,12.0,11.5614,1.341838002204895,1.3181250095367432,-19.89,0,1,180,1.841,-0.0139,1.0,0.3254,-0.0042,0.3,0.1302,0.426,0.5139
108.351,2,NAVIGATE,4.7154,1.4319,-2.0425,1.0881,0.2839,1.9209,0.8881,0.3839,0.9675,0.0,12.0,11.5724,1.331473708152771,1.3062735795974731,-19.64,0,1,180,1.94,-0.0117,1.0,0.3225,-0.0035,0.3,0.129,0.4255,0.5035
108.401,2,NAVIGATE,4.7617,1.443,-2.0423,1.0776,0.2878,1.9261,0.9776,0.3878,1.0517,0.0,12.0,11.5812,1.3129469156265259,1.287542462348938,-22.9,0,1,180,1.749,-0.0461,1.0,0.3506,-0.0138,0.3,0.1402,0.4264,0.554
108.451,2,NAVIGATE,4.8164,1.4542,-2.0392,1.0641,0.292,1.9322,0.8641,0.392,0.9488,0.0,12.0,11.5936,1.3034875392913818,1.2753044366836548,-21.14,0,1,180,1.786,-0.0025,0.9807,0.3163,-0.0008,0.2942,0.1265,0.4199,0.4865
108.501,2,NAVIGATE,4.8611,1.4639,-2.0368,1.0521,0.296,1.9374,0.9521,0.396,1.0311,0.0,12.0,11.6034,1.2906149625778198,1.2645083665847778,-21.14,0,1,180,1.694,-0.0381,1.0,0.3437,-0.0114,0.3,0.1375,0.426,0.5463
108.551,2,NAVIGATE,4.9051,1.474,-2.0347,1.0417,0.3001,1.9424,0.9417,0.4001,1.0232,0.0,12.0,11.6128,1.2727559804916382,1.2438983917236328,-21.14,0,1,180,1.725,-0.0343,1.0,0.3411,-0.0103,0.3,0.1364,0.4261,0.5433
108.601,2,NAVIGATE,4.9465,1.485,-2.0318,1.0303,0.3049,1.9473,0.9303,0.4049,1.0146,0.0,12.0,11.6204,1.2631282806396484,1.2316457033157349,-23.4,0,1,180,1.643,-0.0292,1.0,0.3382,-0.0088,0.3,0.1353,0.4265,0.5271
108.651,2,NAVIGATE,4.9955,1.4986,-2.0287,1.0183,0.3107,1.9532,0.9183,0.4107,1.0059,0.0,12.0,11.6291,1.2508502006530762,1.2201194763183594,-20.64,0,1,180,1.682,-0.0234,1.0,0.3353,-0.007,0.3,0.1341,0.4271,0.5341
108.701,2,NAVIGATE,5.036,1.5104,-2.0267,1.0096,0.3157,1.9578,0.9096,0.4157,1.0001,0.0,12.0,11.6359,1.240803837776184,1.2095712423324585,-21.9,0,1,180,1.639,-0.0189,1.0,0.3334,-0.0057,0.3,0.1333,0.4277,0.5222
108.751,2,NAVIGATE,5.0842,1.526,-2.0253,1.0005,0.3222,1.9631,0.9005,0.4222,0.9945,0.0,12.0,11.6428,1.217941164970398,1.1855558156967163,-24.15,0,1,180,1.638,-0.0135,1.0,0.3315,-0.0041,0.3,0.1326,0.4286,0.5105
108.801,2,NAVIGATE,5.1241,1.5391,-2.0243,0.9935,0.3276,1.9673,0.8935,0.4276,0.9906,0.0,12.0,11.6484,1.2085912227630615,1.1737557649612427,-25.15,0,1,180,1.606,-0.0091,1.0,0.3302,-0.0027,0.3,0.1321,0.4293,0.4981
108.852,2,NAVIGATE,5.1725,1.5544,-2.0245,0.9859,0.3338,1.9723,0.8859,0.4338,0.9864,0.0,12.0,11.6562,1.196184515953064,1.161922574043274,-23.15,0,1,180,1.769,-0.0045,0.9993,0.3288,-0.0013,0.2998,0.1315,0.43,0.4884
108.901,2,NAVIGATE,5.2141,1.5662,-2.0263,0.9802,0.3384,1.9763,0.7802,0.4384,0.8949,0.0,12.0,11.6641,1.1731208562850952,1.1355584859848022,-25.65,0,1,180,1.679,0.0485,0.9288,0.2983,0.0145,0.2786,0.1193,0.4125,0.4649
108.951,2,NAVIGATE,5.2552,1.5784,-2.028,0.9743,0.3431,1.9802,0.7743,0.4431,0.8921,0.0,12.0,11.6716,1.161232590675354,1.1243177652359009,-23.4,0,1,180,1.914,0.0527,0.9436,0.2974,0.0158,0.2831,0.119,0.4178,0.4673
109.001,2,NAVIGATE,5.2966,1.5916,-2.0297,0.9687,0.348,1.984,0.7687,0.448,0.8897,0.0,12.0,11.6786,1.1495112180709839,1.110661506652832,-23.65,0,1,180,1.736,0.0569,0.9193,0.2966,0.0171,0.2758,0.1186,0.4115,0.4539
109.051,2,NAVIGATE,5.3407,1.6075,-2.0318,0.9623,0.3541,1.9877,0.7623,0.4541,0.8873,0.0,12.0,11.6845,1.139089584350586,1.0992019176483154,-24.65,0,1,180,1.774,0.0625,0.9316,0.2958,0.0187,0.2795,0.1183,0.4165,0.4562
109.101,2,NAVIGATE,5.3922,1.6266,-2.0341,0.9518,0.3613,1.9921,0.7518,0.4613,0.882,0.0,12.0,11.6912,1.1118676662445068,1.0717772245407104,-24.15,0,1,180,1.67,0.071,0.9253,0.294,0.0213,0.2776,0.1176,0.4165,0.4648
109.151,2,NAVIGATE,5.4339,1.6436,-2.0358,0.9408,0.3677,1.9958,0.7408,0.4677,0.8761,0.0,12.0,11.6954,1.0990662574768066,1.0592154264450073,-25.15,0,1,180,1.748,0.0799,0.89,0.292,0.024,0.267,0.1168,0.4078,0.4473
109.201,2,NAVIGATE,5.4824,1.6657,-2.0375,0.9259,0.376,2.0004,0.7259,0.476,0.8681,0.0,12.0,11.6985,1.085648775100708,1.0462843179702759,-27.9,0,1,180,1.673,0.0925,0.8826,0.2894,0.0278,0.2648,0.1157,0.4083,0.4452
109.251,2,NAVIGATE,5.5139,1.6803,-2.0385,0.9154,0.3813,2.0035,0.7154,0.4813,0.8622,0.0,12.0,11.7004,1.0579843521118164,1.0181812047958374,-24.65,0,1,180,1.727,0.1013,0.892,0.2874,0.0304,0.2676,0.115,0.4129,0.4456
109.301,2,NAVIGATE,5.5594,1.7028,-2.0395,0.899,0.3892,2.0082,0.699,0.4892,0.8531,0.0,12.0,11.7021,1.044555425643921,1.0036836862564087,-24.4,0,1,180,1.626,0.1153,0.885,0.2844,0.0346,0.2655,0.1138,0.4138,0.4403
109.351,2,NAVIGATE,5.6024,1.7264,-2.0397,0.8818,0.3975,2.0131,0.6818,0.4975,0.844,0.0,12.0,11.7018,1.0334994792938232,0.9902159571647644,-27.65,0,1,180,1.908,0.1308,0.8819,0.2813,0.0392,0.2646,0.1125,0.4164,0.437
109.401,2,NAVIGATE,5.6374,1.7459,-2.0398,0.8677,0.4043,2.0171,0.6677,0.5043,0.8367,0.0,12.0,11.7016,1.0036171674728394,0.959418773651123,-23.9,0,1,180,1.664,0.1437,0.8916,0.2789,0.0431,0.2675,0.1116,0.4222,0.4376
109.451,2,NAVIGATE,5.6723,1.766,-2.0394,0.854,0.4114,2.0212,0.654,0.5114,0.8302,0.0,12.0,11.7008,0.9885191917419434,0.9451304078102112,-25.9,0,1,180,1.716,0.1569,0.8774,0.2767,0.0471,0.2632,0.1107,0.421,0.4346
109.501,2,NAVIGATE,5.7139,1.7913,-2.0383,0.838,0.4207,2.026,0.638,0.5207,0.8235,0.0,12.0,11.699,0.9746540784835815,0.9324922561645508,-25.4,0,1,180,1.78,0.1734,0.8664,0.2745,0.052,0.2599,0.1098,0.4217,0.4319
109.552,2,NAVIGATE,5.7479,1.8122,-2.0374,0.8247,0.4282,2.0299,0.7247,0.5282,0.8968,0.0,12.0,11.6974,0.9590797424316406,0.9168016910552979,-24.65,0,1,180,1.931,0.1159,0.9296,0.2989,0.0348,0.2789,0.1196,0.4332,0.4165
109.601,2,NAVIGATE,5.7732,1.8293,-2.0368,0.8137,0.4342,2.0331,0.7137,0.5342,0.8915,0.0,12.0,11.695,0.9300373196601868,0.8896963000297546,-21.65,0,1,180,1.749,0.1259,0.9245,0.2972,0.0378,0.2773,0.1189,0.434,0.4012
109.652,2,NAVIGATE,5.8089,1.8555,-2.0362,0.7961,0.4433,2.038,0.6961,0.5433,0.883,0.0,12.0,11.6899,0.9147058129310608,0.8798631429672241,-20.14,0,1,180,1.904,0.1423,0.9148,0.2943,0.0427,0.2744,0.1177,0.4348,0.4234
109.701,2,NAVIGATE,5.8441,1.8814,-2.0355,0.7807,0.4518,2.0429,0.6807,0.5518,0.8762,0.0,12.0,11.685,0.8986665606498718,0.8679481148719788,-18.14,0,1,180,1.646,0.1568,0.907,0.2921,0.047,0.2721,0.1168,0.436,0.4412
109.751,2,NAVIGATE,5.8684,1.8991,-2.034,0.7723,0.4574,2.0463,0.6723,0.5574,0.8734,0.0,12.0,11.6819,0.8824065327644348,0.8580629825592041,-16.39,0,1,180,1.691,0.1652,0.9121,0.2911,0.0496,0.2736,0.1164,0.4396,0.4408
109.801,2,NAVIGATE,5.9059,1.9261,-2.0303,0.7621,0.466,2.0513,0.5621,0.666,0.8715,0.0,12.0,11.6775,0.8526186347007751,0.8385721445083618,-13.14,0,1,180,1.663,0.3331,0.7915,0.2905,0.0999,0.2374,0.1162,0.4536,0.3962
109.851,2,NAVIGATE,5.9428,1.9528,-2.0271,0.7532,0.4744,2.0561,0.5532,0.6744,0.8723,0.0,12.0,11.6732,0.834930419921875,0.8286241292953491,-11.14,0,1,180,1.85,0.3425,0.7906,0.2908,0.1028,0.2372,0.1163,0.4562,0.3971
109.901,2,NAVIGATE,5.9744,1.9766,-2.0264,0.747,0.4815,2.0599,0.547,0.6815,0.8739,0.0,12.0,11.6688,0.8147788643836975,0.8147788643836975,-7.63,0,1,180,1.64,0.3493,0.8086,0.2913,0.1048,0.2426,0.1165,0.4639,0.4028
109.951,2,NAVIGATE,6.012,2.0054,-2.0263,0.7373,0.4927,2.0642,0.5373,0.6927,0.8767,0.0,12.0,11.6635,0.8099700212478638,0.8099700212478638,-5.38,0,1,180,1.876,0.3612,0.8248,0.2922,0.1084,0.2474,0.1169,0.4727,0.409
110.001,2,NAVIGATE,6.0426,2.0291,-2.0264,0.7269,0.5039,2.0678,0.5269,0.7039,0.8793,0.0,12.0,11.659,0.8049356341362,0.8049356341362,-3.63,0,1,180,1.659,0.3741,0.8518,0.2931,0.1122,0.2555,0.1172,0.485,0.416
110.051,2,NAVIGATE,6.0752,2.0537,-2.0252,0.7156,0.5167,2.0713,0.5156,0.7167,0.8829,0.0,12.0,11.6549,0.7988148331642151,0.7988148331642151,-1.88,0,1,180,1.844,0.3884,0.8445,0.2943,0.1165,0.2534,0.1177,0.4876,0.4129
110.101,2,NAVIGATE,6.1137,2.0835,-2.0236,0.7005,0.5327,2.0756,0.5005,0.7327,0.8873,0.0,12.0,11.6496,0.7941558361053467,0.7941558361053467,1.88,0,1,180,1.593,0.4068,0.8614,0.2958,0.122,0.2584,0.1183,0.4988,0.4248
110.151,2,NAVIGATE,6.1447,2.1084,-2.0225,0.6872,0.5461,2.0792,0.4872,0.7461,0.891,0.0,12.0,11.6448,0.790431022644043,0.790431022644043,4.13,0,1,180,1.768,0.4227,0.8609,0.297,0.1268,0.2583,0.1188,0.5039,0.4289
110.201,2,NAVIGATE,6.1732,2.133,-2.0221,0.6726,0.5585,2.083,0.4726,0.7585,0.8937,0.0,12.0,11.639,0.7875523567199707,0.7875523567199707,5.88,0,1,180,1.759,0.4391,0.8558,0.2979,0.1317,0.2567,0.1192,0.5076,0.4276
110.252,2,NAVIGATE,6.2006,2.1578,-2.022,0.6577,0.5706,2.0867,0.4577,0.7706,0.8963,0.0,12.0,11.6326,0.7881936430931091,0.7881936430931091,7.88,0,1,180,2.038,0.4553,0.8702,0.2988,0.1366,0.261,0.1195,0.5171,0.4355
110.302,2,NAVIGATE,6.2325,2.1876,-2.0218,0.64,0.585,2.0912,0.44,0.785,0.8999,0.0,12.0,11.6244,0.8182961940765381,0.7872573733329773,11.89,0,1,180,1.886,0.4742,0.8885,0.3,0.1423,0.2666,0.12,0.5288,0.4482
110.351,2,NAVIGATE,6.2572,2.2148,-2.0225,0.6251,0.5975,2.0948,0.4251,0.7975,0.9037,0.0,12.0,11.6148,0.8485746383666992,0.7881081104278564,13.64,0,1,180,1.861,0.4901,0.9046,0.3012,0.147,0.2714,0.1205,0.5389,0.4557
110.401,2,NAVIGATE,6.2861,2.2474,-2.0233,0.6074,0.6125,2.0992,0.4074,0.8125,0.9089,0.0,12.0,11.603,0.8756502270698547,0.7892375588417053,15.64,0,1,180,1.783,0.5085,0.9146,0.3081,0.1525,0.2744,0.1232,0.5502,0.4603
110.452,2,NAVIGATE,6.3096,2.2746,-2.0239,0.593,0.6249,2.1028,0.393,0.8249,0.9137,0.0,12.0,11.5928,7.461504936218262,0.794338047504425,19.39,0,1,180,1.94,0.5233,0.9401,0.3187,0.157,0.282,0.1275,0.5665,0.4687
110.501,2,NAVIGATE,6.3399,2.3108,-2.0276,0.5772,0.6414,2.1071,0.3772,0.8414,0.9221,0.0,12.0,11.579,7.465390205383301,0.7954157590866089,21.39,0,1,180,1.658,0.5395,0.9589,0.3317,0.1619,0.2877,0.1327,0.5822,0.4777
110.552,2,NAVIGATE,6.3643,2.3409,-2.0302,0.5641,0.655,2.1107,0.3641,0.855,0.9293,0.0,12.0,11.5673,7.469705581665039,0.799649178981781,23.15,0,1,180,1.747,0.5527,0.9772,0.3424,0.1658,0.2932,0.137,0.5959,0.4863
110.601,2,NAVIGATE,6.3878,2.3711,-2.033,0.5506,0.6684,2.1142,0.3506,0.8684,0.9365,0.0,12.0,11.555,7.457277774810791,0.8078646659851074,27.15,0,1,180,1.734,0.5658,1.0,0.3532,0.1697,0.3,0.1413,0.611,0.4981
110.651,2,NAVIGATE,6.414,2.408,-2.0378,0.5333,0.6846,2.1185,0.3333,0.8846,0.9453,0.0,12.0,11.5389,7.443637847900391,0.8105925917625427,28.9,0,1,180,1.712,0.5819,1.0,0.3667,0.1746,0.3,0.1467,0.6213,0.5075
110.701,2,NAVIGATE,6.4393,2.4449,-2.0417,0.5158,0.7003,2.1227,0.3158,0.9003,0.9541,0.0,12.0,11.5223,7.419576168060303,0.8224533796310425,32.41,0,1,180,1.55,0.5975,1.0,0.3801,0.1793,0.3,0.152,0.6313,0.5247
110.751,2,NAVIGATE,6.458,2.4769,-2.0444,0.5007,0.7136,2.1261,0.3007,0.9136,0.9618,0.0,12.0,11.5063,7.411465167999268,0.8292937874794006,34.41,0,1,180,1.798,0.6107,1.0,0.3916,0.1832,0.3,0.1566,0.6398,0.533
110.801,2,NAVIGATE,6.4771,2.5173,-2.0472,0.4814,0.7299,2.1301,0.2814,0.9299,0.9715,0.0,12.0,11.4837,7.411500453948975,0.8376768231391907,35.91,0,1,180,1.672,0.627,1.0,0.4061,0.1881,0.3,0.1624,0.6505,0.5426
110.851,2,NAVIGATE,6.4928,2.5508,-2.0489,0.4656,0.7432,2.1334,0.2656,0.9432,0.9799,0.0,12.0,11.4649,7.400177478790283,0.8437039852142334,37.66,0,1,180,1.868,0.6399,1.0,0.418,0.192,0.3,0.1672,0.6592,0.5548
110.901,2,NAVIGATE,6.5082,2.5838,-2.0485,0.4501,0.7562,2.1367,0.2501,0.9562,0.9883,0.0,12.0,11.4464,7.377894401550293,0.8607767224311829,41.41,0,1,180,1.586,0.652,1.0,0.4296,0.1956,0.3,0.1718,0.6674,0.5766
110.951,2,NAVIGATE,6.5263,2.6229,-2.045,0.4318,0.7713,2.1406,0.2318,0.9713,0.9986,0.0,12.0,11.4246,7.377851486206055,0.8693748712539673,42.91,0,1,180,1.717,0.6657,1.0,0.4432,0.1997,0.3,0.1773,0.677,0.589
111.001,2,NAVIGATE,6.5411,2.6557,-2.0422,0.4167,0.784,2.1438,0.2167,0.984,1.0076,0.0,12.0,11.4062,7.363739490509033,0.8764417767524719,44.42,0,1,180,1.587,0.6767,1.0,0.4546,0.203,0.3,0.1818,0.6848,0.598
111.051,2,NAVIGATE,6.5572,2.6977,-2.0431,0.3981,0.8006,2.1477,0.1981,1.0006,1.02,0.0,12.0,11.3811,7.341559886932373,0.8962838053703308,47.67,0,1,180,1.707,0.6899,1.0,0.4691,0.207,0.3,0.1876,0.6946,0.6246
111.101,2,NAVIGATE,6.5698,2.7336,-2.0451,0.3824,0.8149,2.1508,0.1824,1.0149,1.0312,0.0,12.0,11.3591,7.334924697875977,0.9073655009269714,49.42,0,1,180,1.62,0.7006,1.0,0.4816,0.2102,0.3,0.1926,0.7028,0.6359
111.151,2,NAVIGATE,6.5846,2.7769,-2.047,0.3639,0.8319,2.1546,0.1639,1.0319,1.0448,0.0,12.0,11.3324,7.317966938018799,0.9173983931541443,50.92,0,1,180,1.726,0.7127,1.0,0.4964,0.2138,0.3,0.1986,0.7124,0.6456
111.201,2,NAVIGATE,6.5986,2.8152,-2.0514,0.3492,0.8472,2.1577,0.1492,1.0472,1.0578,0.0,12.0,11.3093,7.29958438873291,0.9409401416778564,54.18,0,1,180,1.599,0.7217,1.0,0.5089,0.2165,0.3,0.2036,0.7201,0.6677
111.251,2,NAVIGATE,6.6124,2.8541,-2.0557,0.3348,0.8625,2.1607,0.1348,1.0625,1.0711,0.0,12.0,11.2859,7.282101631164551,0.9516345262527466,54.43,0,1,180,1.701,0.7302,1.0,0.5214,0.2191,0.3,0.2086,0.7276,0.6771
111.301,2,NAVIGATE,6.6283,2.9007,-2.0598,0.3176,0.8804,2.1643,0.1176,1.0804,1.0868,0.0,12.0,11.2575,7.263266086578369,0.9634246230125427,55.18,0,1,180,1.798,0.7398,1.0,0.536,0.2219,0.3,0.2144,0.7364,0.6877
111.351,2,NAVIGATE,6.6417,2.9414,-2.0627,0.3033,0.8959,2.1672,0.1033,1.0959,1.1008,0.0,12.0,11.2326,7.239646911621094,0.9874245524406433,54.18,0,1,180,1.738,0.7474,1.0,0.5485,0.2242,0.3,0.2194,0.7436,0.7132
111.401,2,NAVIGATE,6.6572,2.9907,-2.0654,0.2862,0.9142,2.1708,0.0862,1.1142,1.1175,0.0,12.0,11.202,7.221607685089111,0.9971747398376465,54.68,0,1,180,1.629,0.756,1.0,0.5633,0.2268,0.3,0.2253,0.7521,0.7247
111.451,2,NAVIGATE,6.6693,3.0318,-2.0669,0.2717,0.9291,2.1737,0.0717,1.1291,1.1313,0.0,12.0,11.1762,7.215930461883545,1.0076560974121094,55.18,0,1,180,1.76,0.763,1.0,0.5755,0.2289,0.3,0.2302,0.7591,0.7362
111.501,2,NAVIGATE,6.6813,3.0735,-2.0727,0.2571,0.9443,2.1766,0.0571,1.1443,1.1457,0.0,12.0,11.15,7.194514274597168,1.017152190208435,56.18,0,1,180,1.728,0.7697,1.0,0.5879,0.2309,0.3,0.2352,0.7661,0.75
111.551,2,NAVIGATE,6.6946,3.1236,-2.0783,0.2394,0.962,2.1801,0.0394,1.162,1.1627,0.0,12.0,11.1179,7.17023229598999,1.0384007692337036,58.43,0,1,180,1.712,0.7775,1.0,0.6027,0.2333,0.3,0.2411,0.7743,0.7792
111.601,2,NAVIGATE,6.7049,3.1655,-2.0818,0.2246,0.9765,2.1831,0.0246,1.1765,1.1768,0.0,12.0,11.0907,7.16282320022583,1.0486198663711548,58.18,0,1,180,1.584,0.7838,1.0,0.6149,0.2351,0.3,0.246,0.7811,0.7948
111.652,2,NAVIGATE,6.7174,3.2129,-2.0775,0.2074,0.9926,2.1867,0.0074,1.1926,1.1927,0.0,12.0,11.0606,7.146788120269775,1.0586893558502197,59.68,0,1,180,1.911,0.7907,1.0,0.6287,0.2372,0.3,0.2515,0.7887,0.8114
111.701,2,NAVIGATE,6.7269,3.2529,-2.0738,0.1928,1.0061,2.1897,-0.0072,1.2061,1.2061,0.0,12.0,11.0346,7.09112548828125,1.081784963607788,62.93,0,1,180,1.673,0.7963,1.0,0.6403,0.2389,0.3,0.2561,0.795,0.8409
111.751,2,NAVIGATE,6.7365,3.2934,-2.0707,0.1784,1.0196,2.1927,-0.0216,1.2196,1.2198,0.0,12.0,11.0084,7.076328754425049,1.094801664352417,63.93,0,1,180,1.732,0.8016,1.0,0.6519,0.2405,0.3,0.2608,0.8012,0.8604
111.801,2,NAVIGATE,6.7503,3.3426,-2.0693,0.1621,1.0359,2.1963,-0.0379,1.2359,1.2365,0.0,12.0,10.9781,7.066152095794678,1.1066429615020752,65.44,0,1,180,1.625,0.8071,1.0,0.6653,0.2421,0.3,0.2661,0.8082,0.8782
111.851,2,NAVIGATE,6.7606,3.3841,-2.068,0.1481,1.0497,2.1993,-0.0519,1.2497,1.2507,0.0,12.0,10.9517,7.021307468414307,1.1352466344833374,68.44,0,1,180,1.7,0.8116,1.0,0.6768,0.2435,0.3,0.2707,0.8142,0.9189
111.901,2,NAVIGATE,6.7698,3.4264,-2.0657,0.1339,1.0637,2.2022,-0.0661,1.2637,1.2654,0.0,12.0,10.9241,7.003121852874756,1.1505887508392334,69.69,0,1,180,1.621,0.8161,1.0,0.6885,0.2448,0.3,0.2754,0.8202,0.9383
111.951,2,NAVIGATE,6.7789,3.4791,-2.0594,0.116,1.0813,2.2057,-0.084,1.2813,1.284,0.0,12.0,10.8885,6.975417137145996,1.1651619672775269,71.19,0,1,180,1.693,0.8216,1.0,0.7033,0.2465,0.3,0.2813,0.8278,0.9607
112.001,2,NAVIGATE,6.7855,3.5235,-2.0546,0.1009,1.0959,2.2086,-0.0991,1.2959,1.2997,0.0,12.0,10.8579,6.9625372886657715,1.1818078756332397,72.69,0,1,180,1.661,0.826,1.0,0.7157,0.2478,0.3,0.2863,0.8341,0.9841
112.051,2,NAVIGATE,6.7911,3.5678,-2.0497,0.0857,1.1103,2.2116,-0.1143,1.3103,1.3153,0.0,12.0,10.8269,6.911920547485352,1.213060975074768,74.94,0,1,180,1.659,0.8304,1.0,0.7281,0.2491,0.3,0.2913,0.8404,1.0129
112.101,2,NAVIGATE,6.7964,3.6194,-2.0424,0.0671,1.1265,2.2152,-0.1329,1.3265,1.3332,0.0,12.0,10.79,6.8997015953063965,1.22904634475708,76.2,0,1,180,1.648,0.8356,1.0,0.7427,0.2507,0.3,0.2971,0.8478,1.0362
112.152,2,NAVIGATE,6.7999,3.6632,-2.037,0.0514,1.1402,2.2183,-0.1486,1.3402,1.3484,0.0,12.0,10.7583,6.867926597595215,1.249776005744934,77.7,0,1,180,1.891,0.8398,1.0,0.755,0.252,0.3,0.302,0.8539,1.0625
112.201,2,NAVIGATE,6.8023,3.7163,-2.0319,0.0321,1.1567,2.222,-0.1679,1.3567,1.367,0.0,12.0,10.7187,6.830470561981201,1.2853400707244873,80.2,0,1,180,1.544,0.8449,1.0,0.77,0.2535,0.3,0.308,0.8615,1.1172
112.251,2,NAVIGATE,6.8029,3.7611,-2.0288,0.0156,1.1704,2.2251,-0.1844,1.3704,1.3828,0.0,12.0,10.6845,6.7940592765808105,1.3030210733413696,81.45,0,1,180,1.704,0.8491,1.0,0.7828,0.2547,0.3,0.3131,0.8679,1.1383
112.301,2,NAVIGATE,6.8028,3.8157,-2.0255,-0.0041,1.1871,2.2288,-0.2041,1.3871,1.402,0.0,12.0,10.6424,6.778059005737305,1.323087453842163,82.7,0,1,180,1.802,0.8539,1.0,0.7981,0.2562,0.3,0.3193,0.8754,1.1549
112.351,2,NAVIGATE,6.8015,3.8642,-2.0209,-0.0207,1.2021,2.2319,-0.2207,1.4021,1.4194,0.0,12.0,10.6043,6.723756790161133,1.3654474020004272,84.95,0,1,180,1.664,0.8576,1.0,0.8115,0.2573,0.3,0.3246,0.8819,1.21
112.401,2,NAVIGATE,6.7989,3.9247,-2.0147,-0.0405,1.2208,2.2356,-0.2405,1.4208,1.441,0.0,12.0,10.5563,6.709117889404297,1.3873875141143799,86.2,0,1,180,1.738,0.8617,1.0,0.8278,0.2585,0.3,0.3311,0.8897,1.246
112.451,2,NAVIGATE,6.7961,3.9755,-2.0101,-0.057,1.2363,2.2387,-0.257,1.4363,1.4591,0.0,12.0,10.5157,6.689594268798828,1.4102643728256226,87.46,0,1,180,1.709,0.865,1.0,0.8414,0.2595,0.3,0.3366,0.8961,1.2702
112.501,2,NAVIGATE,6.7905,4.0271,-2.0065,-0.0743,1.2518,2.2418,-0.2743,1.4518,1.4775,0.0,12.0,10.4727,6.61377477645874,1.454265832901001,89.71,0,1,180,1.913,0.8684,1.0,0.8554,0.2605,0.3,0.3422,0.9027,1.3174
112.551,2,NAVIGATE,6.7815,4.0899,-2.003,-0.0955,1.2703,2.2457,-0.2955,1.4703,1.4997,0.0,12.0,10.4191,6.594423770904541,1.4808298349380493,90.71,0,1,180,1.673,0.8725,1.0,0.8724,0.2618,0.3,0.3489,0.9107,1.3589
112.601,2,NAVIGATE,6.7738,4.1426,-2.0006,-0.113,1.2856,2.2488,-0.313,1.3856,1.4205,0.0,12.0,10.3742,6.557171821594238,1.504526972770691,91.96,0,1,180,1.708,0.8827,1.0,0.8359,0.2648,0.3,0.3344,0.8992,1.3668
112.651,2,NAVIGATE,6.7656,4.1965,-1.9982,-0.1304,1.3014,2.252,-0.3304,1.4014,1.4398,0.0,12.0,10.328,6.504635810852051,1.5532833337783813,93.96,0,1,180,1.808,0.8857,1.0,0.8502,0.2657,0.3,0.3401,0.9058,1.4282
112.701,2,NAVIGATE,6.7554,4.262,-1.9958,-0.1511,1.3204,2.2557,-0.3511,1.4204,1.4631,0.0,12.0,10.2719,6.476810932159424,1.582309365272522,94.96,0,1,180,1.647,0.8891,1.0,0.8673,0.2667,0.3,0.3469,0.9136,1.459
112.751,2,NAVIGATE,6.7447,4.3279,-1.9939,-0.1713,1.3365,2.2593,-0.3713,1.4365,1.4837,0.0,12.0,10.2153,6.4394683837890625,1.610283374786377,95.96,0,1,180,1.789,0.8924,1.0,0.8827,0.2677,0.3,0.3531,0.9208,1.481
112.801,2,NAVIGATE,6.7375,4.3716,-1.9908,-0.1845,1.3456,2.2617,-0.3845,1.4456,1.4959,0.0,12.0,10.1778,6.414856433868408,1.6359142065048218,96.96,0,1,180,1.67,0.8945,1.0,0.892,0.2683,0.3,0.3568,0.9252,1.5279
112.851,2,NAVIGATE,6.7263,4.4374,-1.987,-0.2042,1.3576,2.2653,-0.4042,1.3576,1.4165,0.0,12.0,10.1211,6.357165813446045,1.6902942657470703,98.72,0,1,180,1.734,0.9058,1.0,0.8554,0.2717,0.3,0.3421,0.9139,1.5631
112.901,2,NAVIGATE,6.7138,4.5039,-1.9847,-0.2244,1.3689,2.2689,-0.4244,1.3689,1.4332,0.0,12.0,10.0631,6.335182189941406,1.721114158630371,99.97,0,1,180,1.689,0.9091,1.0,0.8686,0.2727,0.3,0.3474,0.9202,1.5979
112.952,2,NAVIGATE,6.7002,4.5605,-1.9858,-0.2423,1.3782,2.2718,-0.4423,1.3782,1.4474,0.0,12.0,10.012,6.314095973968506,1.7507187128067017,100.72,0,1,180,1.823,0.912,1.0,0.8801,0.2736,0.3,0.352,0.9256,1.6071
113.001,2,NAVIGATE,6.6864,4.6171,-1.9869,-0.2598,1.3855,2.2747,-0.4598,1.3855,1.4598,0.0,12.0,9.9607,6.271379470825195,1.8102645874023438,102.47,0,1,180,1.686,0.9149,1.0,0.8904,0.2745,0.3,0.3562,0.9306,1.6239
113.051,2,NAVIGATE,6.6694,4.6856,-1.989,-0.2807,1.3921,2.2782,-0.4807,1.3921,1.4728,0.0,12.0,9.8985,6.24774169921875,1.835415244102478,-132.0,0,1,180,1.704,0.9184,1.0,0.9017,0.2755,0.3,0.3607,0.9362,1.6365
113.101,2,NAVIGATE,6.654,4.7443,-1.9932,-0.2987,1.3969,2.2811,-0.4987,1.3969,1.4832,0.0,12.0,9.8448,6.2265448570251465,1.8437895774841309,-131.75,0,1,180,1.818,0.9214,1.0,0.9111,0.2764,0.3,0.3644,0.9408,1.6494
113.151,2,NAVIGATE,6.6352,4.8145,-1.9976,-0.32,1.4015,2.2847,-0.52,1.4015,1.4948,0.0,12.0,9.7805,6.183163166046143,1.8591344356536865,-132.75,0,1,180,1.16,0.9248,1.0,0.9216,0.2774,0.3,0.3686,0.9461,1.6696
113.2,2,NAVIGATE,6.6193,4.8726,-2.0017,-0.3376,1.4048,2.2877,-0.5376,1.3048,1.4112,0.0,12.0,9.727,6.155108451843262,1.871314525604248,-131.0,0,1,180,1.054,0.9367,1.0,0.8813,0.281,0.3,0.3525,0.9335,1.6808
113.251,2,NAVIGATE,6.6005,4.9417,-2.0094,-0.3582,1.4086,2.2913,-0.5582,1.3086,1.4227,0.0,12.0,9.6637,6.130270481109619,1.879707932472229,-133.0,0,1,180,1.359,0.9398,1.0,0.8914,0.2819,0.3,0.3566,0.9385,1.6964
113.301,2,NAVIGATE,6.5843,4.9992,-2.0149,-0.3753,1.4118,2.2942,-0.5753,1.3118,1.4324,0.0,12.0,9.6106,6.084161758422852,1.9001115560531616,-131.0,0,1,180,1.195,0.9423,1.0,0.8998,0.2827,0.3,0.3599,0.9426,1.7171
113.351,2,NAVIGATE,6.5631,5.068,-2.0167,-0.3955,1.4132,2.2977,-0.5955,1.3132,1.4419,0.0,12.0,9.5461,6.055890083312988,1.9108235836029053,-133.25,0,1,180,1.171,0.9453,1.0,0.9087,0.2836,0.3,0.3635,0.9471,1.7356
113.401,2,NAVIGATE,6.5443,5.1251,-2.0149,-0.4125,1.4125,2.3006,-0.6125,1.3125,1.4483,0.0,12.0,9.4917,6.031033039093018,1.9222108125686646,-134.25,0,1,180,1.036,0.9479,1.0,0.9153,0.2844,0.3,0.3661,0.9505,1.7493
113.451,2,NAVIGATE,6.5251,5.182,-2.0132,-0.4295,1.4105,2.3035,-0.6295,1.3105,1.4539,0.0,12.0,9.4373,5.981019496917725,1.9458242654800415,-134.75,0,1,180,1.279,0.9506,1.0,0.9213,0.2852,0.3,0.3685,0.9537,1.7768
113.501,2,NAVIGATE,6.5047,5.2366,-2.0111,-0.447,1.4068,2.3064,-0.647,1.3068,1.4582,0.0,12.0,9.3838,5.950562953948975,1.9592796564102173,-132.75,0,1,180,1.218,0.9535,1.0,0.9269,0.286,0.3,0.3708,0.9568,1.7922
113.551,2,NAVIGATE,6.4786,5.2983,-2.0081,-0.4686,1.4002,2.3099,-0.6686,1.3002,1.462,0.0,12.0,9.3212,5.923532009124756,1.9721835851669312,-133.75,0,1,180,1.268,0.9572,1.0,0.933,0.2872,0.3,0.3732,0.9604,1.8102
113.602,2,NAVIGATE,6.4564,5.35,-2.0059,-0.4866,1.395,2.3128,-0.6866,1.295,1.4657,0.0,12.0,9.2686,5.899649620056152,1.985497236251831,-132.25,0,1,180,2.623,0.9602,1.0,0.9383,0.2881,0.3,0.3753,0.9634,1.8269
113.651,2,NAVIGATE,6.4354,5.4018,-2.0048,-0.5039,1.3902,2.3157,-0.7039,1.2902,1.4697,0.0,12.0,9.2169,5.840975284576416,2.014108896255493,-133.75,0,1,180,1.828,0.9628,1.0,0.9434,0.2889,0.3,0.3774,0.9662,1.859
113.701,2,NAVIGATE,6.4121,5.4639,-2.005,-0.5235,1.385,2.3193,-0.7235,1.285,1.4747,0.0,12.0,9.1561,5.810966968536377,2.0285446643829346,-132.5,0,1,180,1.857,0.9656,1.0,0.9493,0.2897,0.3,0.3797,0.9694,1.8781
113.751,2,NAVIGATE,6.3918,5.516,-2.0053,-0.5398,1.3812,2.3223,-0.7398,1.2812,1.4795,0.0,12.0,9.1048,5.7849345207214355,2.0438339710235596,-134.25,0,1,180,1.718,0.9678,1.0,0.9545,0.2903,0.3,0.3818,0.9721,1.8948
113.801,2,NAVIGATE,6.3727,5.5686,-2.0067,-0.5556,1.3776,2.3253,-0.7556,1.2776,1.4843,0.0,12.0,9.054,5.724059581756592,2.0756516456604004,-133.25,0,1,180,1.845,0.9697,1.0,0.9596,0.2909,0.3,0.3838,0.9747,1.9322
113.851,2,NAVIGATE,6.35,5.6321,-2.0092,-0.5742,1.3734,2.3288,-0.7742,1.2734,1.4903,0.0,12.0,8.9929,5.696566581726074,2.0918710231781006,-133.25,0,1,180,1.794,0.9719,1.0,0.9656,0.2916,0.3,0.3862,0.9778,1.9342
113.901,2,NAVIGATE,6.3299,5.6851,-2.011,-0.59,1.3701,2.3316,-0.79,1.2701,1.4957,0.0,12.0,8.9412,5.665814399719238,2.108807325363159,-134.5,0,1,180,1.715,0.9736,1.0,0.9709,0.2921,0.3,0.3883,0.9804,1.874
113.951,2,NAVIGATE,6.3096,5.7372,-2.0136,-0.6054,1.3664,2.3344,-0.8054,1.1664,1.4175,0.0,12.0,8.8901,5.636152744293213,2.1255524158477783,-135.0,0,1,180,1.732,0.983,1.0,0.9289,0.2949,0.3,0.3716,0.9665,1.8121
114.001,2,NAVIGATE,6.2889,5.789,-2.0166,-0.6209,1.3627,2.337,-0.8209,1.1627,1.4233,0.0,12.0,8.839,5.573602676391602,2.1642632484436035,-133.75,0,1,180,1.674,0.9844,1.0,0.934,0.2953,0.3,0.3736,0.9689,1.7232
114.051,2,NAVIGATE,6.2626,5.8512,-2.0195,-0.6397,1.3584,2.34,-0.8397,1.1584,1.4307,0.0,12.0,8.7765,5.542274475097656,2.1811363697052,-133.75,0,1,180,1.735,0.986,1.0,0.9405,0.2958,0.3,0.3762,0.972,1.6527
114.102,2,NAVIGATE,6.2359,5.9132,-2.0205,-0.6584,1.3516,2.343,-0.8584,1.1516,1.4363,0.0,12.0,8.7142,5.510957717895508,2.200032949447632,-134.5,0,1,180,1.833,0.9877,1.0,0.9458,0.2963,0.3,0.3783,0.9746,1.5818
114.151,2,NAVIGATE,6.2127,5.9647,-2.021,-0.6742,1.3441,2.3455,-0.8742,1.1441,1.4399,0.0,12.0,8.6615,5.442775726318359,2.2418482303619385,-134.0,0,1,180,1.693,0.9891,1.0,0.9495,0.2967,0.3,0.3798,0.9765,1.4854
114.201,2,NAVIGATE,6.1834,6.0265,-2.0213,-0.6936,1.3337,2.3484,-0.8936,1.1337,1.4435,0.0,12.0,8.5975,5.410001277923584,2.2608699798583984,-135.0,0,1,180,1.632,0.9909,1.0,0.9535,0.2973,0.3,0.3814,0.9787,1.4118
114.251,2,NAVIGATE,6.1569,6.0775,-2.0206,-0.7102,1.324,2.351,-0.9102,1.124,1.4463,0.0,12.0,8.543,5.378232002258301,2.282496452331543,-134.25,0,1,180,1.69,0.9923,1.0,0.9568,0.2977,0.3,0.3827,0.9804,1.3424
114.301,2,NAVIGATE,6.1295,6.1283,-2.0198,-0.7271,1.3141,2.3535,-0.9271,1.1141,1.4494,0.0,12.0,8.488,5.309798240661621,2.327145576477051,-135.0,0,1,180,1.706,0.9936,1.0,0.9601,0.2981,0.3,0.384,0.9821,1.2426
114.351,2,NAVIGATE,6.0955,6.1891,-2.0189,-0.7475,1.3022,2.3566,-0.9475,1.1022,1.4535,0.0,12.0,8.4215,5.2746686935424805,2.349604368209839,-133.75,0,1,180,1.767,0.9951,1.0,0.9642,0.2985,0.3,0.3857,0.9842,1.1621
114.401,2,NAVIGATE,6.0588,6.2475,-2.027,-0.7688,1.2895,2.3596,-0.9688,1.0895,1.4579,0.0,12.0,8.3546,5.240675449371338,2.370847463607788,-135.0,0,1,180,1.675,0.9964,1.0,0.9685,0.2989,0.3,0.3874,0.9863,1.0819
114.451,2,NAVIGATE,6.0338,6.2865,-2.0316,-0.7829,1.2812,2.3616,-0.8829,1.1812,1.4747,0.0,12.0,8.3097,5.164026260375977,2.4215047359466553,-134.5,0,1,180,1.713,0.9855,1.0,0.9688,0.2956,0.3,0.3875,0.9832,1.2904
114.501,2,NAVIGATE,5.9952,6.3443,-2.0375,-0.8043,1.2687,2.3646,-0.9043,1.1687,1.4777,0.0,12.0,8.242,5.131414890289307,2.44331955909729,-135.0,0,1,180,1.821,0.9879,1.0,0.9731,0.2964,0.3,0.3893,0.9856,1.2048
114.551,2,NAVIGATE,5.9612,6.3906,-2.0417,-0.8226,1.2576,2.3672,-0.9226,1.1576,1.4802,0.0,12.0,8.1854,5.0960283279418945,2.467320442199707,-134.5,0,1,180,1.779,0.9898,1.0,0.9768,0.2969,0.3,0.3907,0.9876,1.1295
114.601,2,NAVIGATE,5.9197,6.4464,-2.0457,-0.8421,1.2467,2.3704,-0.9421,1.0467,1.4082,0.0,12.0,8.117,5.016794204711914,2.519988775253296,-135.0,0,1,180,1.641,0.9964,1.0,0.9355,0.2989,0.3,0.3742,0.9731,1.0094
114.651,2,NAVIGATE,5.8848,6.4931,-2.0477,-0.8563,1.2399,2.3729,-0.8563,1.1399,1.4257,0.0,12.0,8.0596,4.980356216430664,2.5463712215423584,-135.0,0,1,180,1.762,0.9848,1.0,0.9361,0.2955,0.3,0.3744,0.9699,1.2549
114.701,2,NAVIGATE,5.8428,6.5503,-2.0473,-0.8715,1.2341,2.3757,-0.8715,1.1341,1.4303,0.0,12.0,7.9898,4.943796157836914,2.5712320804595947,-134.0,0,1,180,1.612,0.9864,1.0,0.9406,0.2959,0.3,0.3762,0.9722,1.1897
114.751,2,NAVIGATE,5.8073,6.5979,-2.0466,-0.8831,1.2282,2.3779,-0.8831,1.1282,1.4328,0.0,12.0,7.9314,4.901522636413574,2.599120616912842,-134.75,0,1,180,1.814,0.9876,1.0,0.9434,0.2963,0.3,0.3773,0.9736,1.1645
114.801,2,NAVIGATE,5.7714,6.6459,-2.0457,-0.8927,1.2228,2.38,-0.8927,1.1228,1.4344,0.0,12.0,7.8725,4.826792240142822,2.651869058609009,-135.0,0,1,180,1.612,0.9886,1.0,0.9454,0.2966,0.3,0.3782,0.9747,1.0951
114.851,2,NAVIGATE,5.7275,6.7049,-2.0446,-0.9019,1.2178,2.3825,-0.9019,1.1178,1.4362,0.0,12.0,7.8001,4.788210868835449,2.6792423725128174,-134.75,0,1,180,1.758,0.9894,1.0,0.9473,0.2968,0.3,0.3789,0.9758,1.0508
114.902,2,NAVIGATE,5.6907,6.7538,-2.0435,-0.9084,1.2139,2.3844,-0.8084,1.2139,1.4584,0.0,12.0,7.7399,4.747945785522461,2.7081210613250732,-134.75,0,1,180,1.814,0.9717,1.0,0.9448,0.2915,0.3,0.3779,0.9694,1.409
114.951,2,NAVIGATE,5.6465,6.8101,-2.0389,-0.9153,1.2085,2.3864,-0.8153,1.2085,1.4578,0.0,12.0,7.6693,4.6731181144714355,2.761417865753174,-135.0,0,1,180,1.711,0.9727,1.0,0.9454,0.2918,0.3,0.3782,0.97,1.358
115.001,2,NAVIGATE,5.6096,6.8553,-2.033,-0.9208,1.2034,2.3881,-0.8208,1.2034,1.4567,0.0,12.0,7.6116,4.63616418838501,2.7896268367767334,-135.0,0,1,180,1.677,0.9737,1.0,0.9455,0.2921,0.3,0.3782,0.9703,1.328
115.051,2,NAVIGATE,5.5726,6.9007,-2.0275,-0.9247,1.2,2.3899,-0.8247,1.2,1.4561,0.0,12.0,7.5536,4.596381187438965,2.8210737705230713,-134.75,0,1,180,1.839,0.9742,1.0,0.9457,0.2923,0.3,0.3783,0.9705,1.3034
115.101,2,NAVIGATE,5.5355,6.9468,-2.0225,-0.9272,1.1983,2.3915,-0.8272,1.1983,1.4561,0.0,12.0,7.4951,4.521666049957275,2.877619743347168,-135.0,0,1,180,1.753,0.9744,1.0,0.9459,0.2923,0.3,0.3784,0.9707,1.2734
115.151,2,NAVIGATE,5.4909,7.0031,-2.0172,-0.9288,1.1982,2.3933,-0.8288,1.1982,1.4569,0.0,12.0,7.4243,4.483569145202637,2.905661106109619,-134.5,0,1,180,1.814,0.9743,1.0,0.9463,0.2923,0.3,0.3785,0.9708,1.2651
115.201,2,NAVIGATE,5.4537,7.0501,-2.0133,-0.9292,1.1992,2.3946,-0.8292,1.1992,1.458,0.0,12.0,7.3651,4.443953990936279,2.9355478286743164,-134.75,0,1,180,1.689,0.9739,1.0,0.9467,0.2922,0.3,0.3787,0.9708,1.2584
115.252,2,NAVIGATE,5.4179,7.097,-2.0107,-0.9286,1.2009,2.3959,-0.8286,1.2009,1.459,0.0,12.0,7.3071,4.408623695373535,2.9647486209869385,-135.0,0,1,180,1.965,0.9734,1.0,0.9468,0.292,0.3,0.3787,0.9707,1.2584
115.301,2,NAVIGATE,5.3758,7.1533,-2.0084,-0.9274,1.2032,2.3973,-0.8274,1.2032,1.4602,0.0,12.0,7.2381,4.3360066413879395,3.02022385597229,-135.0,0,1,180,1.679,0.9726,1.0,0.9468,0.2918,0.3,0.3787,0.9705,1.3214
115.351,2,NAVIGATE,5.3334,7.2099,-2.0064,-0.9263,1.2055,2.3986,-0.8263,1.2055,1.4615,0.0,12.0,7.1687,4.29761266708374,3.0523314476013184,-134.75,0,1,180,1.778,0.9718,1.0,0.9469,0.2915,0.3,0.3787,0.9703,1.3184
115.402,2,NAVIGATE,5.298,7.258,-2.0081,-0.9255,1.2076,2.3998,-0.8255,1.2076,1.4628,0.0,12.0,7.1103,4.261792182922363,3.0808725357055664,-134.75,0,1,180,1.802,0.9711,1.0,0.947,0.2913,0.3,0.3788,0.9701,1.317
115.451,2,NAVIGATE,5.2554,7.316,-2.0108,-0.9248,1.2098,2.4012,-0.8248,1.2098,1.4643,0.0,12.0,7.0398,4.193264007568359,3.1368324756622314,-135.0,0,1,180,1.774,0.9703,1.0,0.9472,0.2911,0.3,0.3789,0.9699,1.3014
115.501,2,NAVIGATE,5.2197,7.3644,-2.0127,-0.9245,1.2115,2.4023,-0.8245,1.2115,1.4654,0.0,12.0,6.9809,4.154368877410889,3.167733907699585,-135.0,0,1,180,1.817,0.9696,1.0,0.9473,0.2909,0.3,0.3789,0.9698,1.2926
115.551,2,NAVIGATE,5.1874,7.4141,-2.0118,-0.9228,1.2135,2.4034,-0.8228,1.2135,1.4661,0.0,12.0,6.9239,4.118683815002441,3.196805238723755,-134.75,0,1,180,1.739,0.9687,1.0,0.9468,0.2906,0.3,0.3787,0.9693,1.2877
115.601,2,NAVIGATE,5.1491,7.4738,-2.01,-0.9206,1.2158,2.4048,-0.8206,1.2158,1.4668,0.0,12.0,6.8556,4.048389911651611,3.2518527507781982,-134.75,0,1,180,1.653,0.9674,1.0,0.946,0.2902,0.3,0.3784,0.9686,1.275
115.651,2,NAVIGATE,5.1166,7.5236,-2.0087,-0.919,1.2176,2.406,-0.819,1.2176,1.4675,0.0,12.0,6.7984,4.007796287536621,3.2859206199645996,-135.0,0,1,180,1.767,0.9664,1.0,0.9454,0.2899,0.3,0.3782,0.9681,1.348
115.701,2,NAVIGATE,5.0853,7.5721,-2.0041,-0.9169,1.2185,2.4072,-0.8169,1.2185,1.467,0.0,12.0,6.7429,3.97407865524292,3.311218500137329,-134.75,0,1,180,1.633,0.9654,1.0,0.9442,0.2896,0.3,0.3777,0.9673,1.3404
115.751,2,NAVIGATE,5.047,7.6304,-1.9993,-0.9148,1.2195,2.4087,-0.8148,1.2195,1.4667,0.0,12.0,6.6758,3.9043102264404297,3.369758129119873,-135.0,0,1,180,1.6,0.9642,1.0,0.9428,0.2893,0.3,0.3771,0.9664,1.3213
115.801,2,NAVIGATE,5.0084,7.6885,-1.9952,-0.9129,1.2206,2.4103,-0.8129,1.2206,1.4665,0.0,12.0,6.6085,10.649778366088867,3.3999505043029785,-135.0,0,1,180,1.572,0.9631,1.0,0.9416,0.2889,0.3,0.3766,0.9656,1.3155
115.852,2,NAVIGATE,4.9775,7.7365,-1.9924,-0.9109,1.2212,2.4116,-0.8109,1.2212,1.4659,0.0,12.0,6.5539,10.610626220703125,3.362199068069458,28.15,0,1,180,2.461,0.9621,1.0,0.9402,0.2886,0.3,0.3761,0.9647,1.311
115.901,2,NAVIGATE,4.9397,7.7942,-1.9895,-0.9089,1.2221,2.4133,-0.8089,1.2221,1.4655,0.0,12.0,6.4876,10.528690338134766,3.29321551322937,29.15,0,1,180,1.77,0.9608,1.0,0.9388,0.2883,0.3,0.3755,0.9638,1.3561
115.951,2,NAVIGATE,4.9081,7.8431,-1.9878,-0.9073,1.2233,2.4148,-0.8073,1.2233,1.4657,0.0,12.0,6.4319,10.483840942382812,3.253567695617676,29.65,0,1,180,1.827,0.9597,1.0,0.9378,0.2879,0.3,0.3751,0.963,1.3462
116.001,2,NAVIGATE,4.8722,7.9051,-1.9871,-0.9049,1.2265,2.4168,-0.8049,1.2265,1.467,0.0,12.0,6.3645,10.443411827087402,3.220766067504883,29.9,0,1,180,1.72,0.9579,1.0,0.9369,0.2874,0.3,0.3747,0.9621,1.3466
116.051,2,NAVIGATE,4.8414,7.9564,-1.9867,-0.9031,1.229,2.4185,-0.8031,1.229,1.4681,0.0,12.0,6.3079,10.367752075195312,3.152528762817383,31.15,0,1,180,1.804,0.9565,1.0,0.9361,0.2869,0.3,0.3744,0.9614,1.3278
116.101,2,NAVIGATE,4.8084,8.0078,-1.987,-0.9022,1.2314,2.4203,-0.9022,1.1314,1.447,0.0,12.0,6.2497,10.322978019714355,3.114927053451538,31.65,0,1,180,1.693,0.9791,1.0,0.9445,0.2937,0.3,0.3778,0.9716,1.0781
116.151,2,NAVIGATE,4.7657,8.0695,-1.9881,-0.9022,1.2345,2.4226,-0.9022,1.1345,1.4495,0.0,12.0,6.1774,10.284050941467285,3.079932451248169,32.41,0,1,180,1.86,0.9782,1.0,0.9452,0.2935,0.3,0.3781,0.9715,1.0771
116.201,2,NAVIGATE,4.73,8.1208,-1.989,-0.9019,1.237,2.4245,-0.9019,1.137,1.4513,0.0,12.0,6.1173,10.208470344543457,3.0143659114837646,33.16,0,1,180,1.837,0.9773,1.0,0.9456,0.2932,0.3,0.3782,0.9714,1.0638
116.251,2,NAVIGATE,4.6881,8.1825,-1.9918,-0.9032,1.238,2.4268,-0.8032,1.238,1.4757,0.0,12.0,6.0458,10.167647361755371,2.977752685546875,34.16,0,1,180,1.782,0.9518,1.0,0.9363,0.2855,0.3,0.3745,0.9601,1.3331
116.301,2,NAVIGATE,4.6536,8.2339,-1.9951,-0.9059,1.2366,2.4288,-0.9059,1.1366,1.4535,0.0,12.0,5.9866,10.128433227539062,2.9475908279418945,34.66,0,1,180,1.698,0.9764,1.0,0.9461,0.2929,0.3,0.3785,0.9714,1.094
116.352,2,NAVIGATE,4.6188,8.285,-1.9981,-0.9103,1.2333,2.4312,-0.9103,1.1333,1.4536,0.0,12.0,5.9274,10.055766105651855,2.8865792751312256,35.91,0,1,180,1.71,0.9766,1.0,0.9464,0.293,0.3,0.3786,0.9715,1.0617
116.402,2,NAVIGATE,4.5788,8.3443,-2.0041,-0.9133,1.2295,2.4344,-0.8133,1.2295,1.4741,0.0,12.0,5.8591,10.017641067504883,2.852029800415039,36.16,0,1,180,2.0,0.9515,1.0,0.9351,0.2855,0.3,0.374,0.9595,1.3084
116.451,2,NAVIGATE,4.5459,8.393,-2.0095,-0.9156,1.2259,2.4371,-0.8156,1.2259,1.4724,0.0,12.0,5.8031,9.984267234802246,2.819890022277832,37.41,0,1,180,1.713,0.9514,1.0,0.9339,0.2854,0.3,0.3736,0.959,1.2896
116.501,2,NAVIGATE,4.5124,8.4415,-2.0142,-0.9186,1.2217,2.4401,-0.9186,1.1217,1.4499,0.0,12.0,5.7467,9.95150375366211,2.7910056114196777,37.91,0,1,180,1.633,0.9766,1.0,0.9439,0.293,0.3,0.3776,0.9705,1.0724
116.551,2,NAVIGATE,4.4794,8.491,-2.0185,-0.92,1.2194,2.4433,-0.82,1.2194,1.4695,0.0,12.0,5.6901,9.883767127990723,2.729403257369995,38.91,0,1,180,1.741,0.951,1.0,0.9317,0.2853,0.3,0.3727,0.958,1.2948
116.601,2,NAVIGATE,4.4399,8.5512,-2.0232,-0.9195,1.2191,2.4471,-0.8195,1.2191,1.469,0.0,12.0,5.622,9.855093002319336,2.701124906539917,39.66,0,1,180,1.567,0.9497,1.0,0.9301,0.2849,0.3,0.372,0.9569,1.2825
116.651,2,NAVIGATE,4.4065,8.6011,-2.0263,-0.9196,1.2186,2.4503,-0.9196,1.1186,1.4481,0.0,12.0,5.565,9.82326602935791,2.671685218811035,38.41,0,1,180,1.829,0.9746,1.0,0.9409,0.2924,0.3,0.3764,0.9688,1.0852
116.701,2,NAVIGATE,4.3733,8.6514,-2.0303,-0.9189,1.2191,2.4535,-0.9189,1.1191,1.448,0.0,12.0,5.5081,9.794550895690918,2.6432480812072754,39.91,0,1,180,1.783,0.9737,1.0,0.94,0.2921,0.3,0.376,0.9681,1.0816
116.752,2,NAVIGATE,4.3335,8.712,-2.0353,-0.9169,1.2209,2.4573,-0.9169,1.1209,1.4481,0.0,12.0,5.4397,9.7300386428833,2.583127498626709,37.41,0,1,180,1.889,0.9723,1.0,0.9387,0.2917,0.3,0.3755,0.9671,1.0565
116.801,2,NAVIGATE,4.2999,8.7623,-2.0386,-0.9166,1.2212,2.4604,-0.9166,1.1212,1.4482,0.0,12.0,5.3825,9.700103759765625,2.553868055343628,38.41,0,1,180,1.684,0.9713,1.0,0.9378,0.2914,0.3,0.3751,0.9665,1.0942
116.851,2,NAVIGATE,4.2589,8.8242,-2.0401,-0.918,1.2204,2.4642,-0.918,1.1204,1.4485,0.0,12.0,5.3126,9.670243263244629,2.525017499923706,39.16,0,1,180,1.686,0.9705,1.0,0.9372,0.2911,0.3,0.3749,0.966,1.0842
116.901,2,NAVIGATE,4.2242,8.8757,-2.0406,-0.9207,1.2183,2.4674,-0.9207,1.1183,1.4485,0.0,12.0,5.2541,9.602086067199707,2.464048147201538,37.91,0,1,180,1.746,0.9701,1.0,0.9368,0.291,0.3,0.3747,0.9657,1.0529
116.951,2,NAVIGATE,4.1892,8.9267,-2.0406,-0.9243,1.2149,2.4708,-0.9243,1.1149,1.4482,0.0,12.0,5.1956,9.573901176452637,2.4351041316986084,37.41,0,1,180,1.74,0.97,1.0,0.9365,0.291,0.3,0.3746,0.9656,1.0825
117.001,2,NAVIGATE,4.1505,8.9854,-2.039,-0.9281,1.209,2.475,-0.9281,1.109,1.4461,0.0,12.0,5.1297,9.54552173614502,2.405158519744873,36.66,0,1,180,1.64,0.9699,1.0,0.9351,0.291,0.3,0.374,0.965,1.0616
117.051,2,NAVIGATE,4.118,9.0336,-2.0372,-0.9314,1.2035,2.4787,-0.9314,1.1035,1.444,0.0,12.0,5.0751,9.4835844039917,2.34303617477417,37.41,0,1,180,1.766,0.97,1.0,0.9338,0.291,0.3,0.3735,0.9645,1.0644
117.101,2,NAVIGATE,4.0847,9.0817,-2.0353,-0.935,1.198,2.4823,-0.935,1.098,1.4422,0.0,12.0,5.0201,9.459309577941895,2.3143723011016846,36.66,0,1,180,1.607,0.9701,1.0,0.9327,0.291,0.3,0.3731,0.9641,1.0455
117.151,2,NAVIGATE,4.0457,9.1391,-2.0336,-0.9387,1.192,2.4868,-0.9387,1.092,1.44,0.0,12.0,4.955,9.432284355163574,2.282705783843994,36.41,0,1,180,1.946,0.9701,1.0,0.9313,0.291,0.3,0.3725,0.9635,1.0741
117.201,2,NAVIGATE,4.0126,9.1868,-2.0322,-0.9419,1.1872,2.4906,-0.9419,1.0872,1.4384,0.0,12.0,4.9006,9.402487754821777,2.2518420219421387,37.16,0,1,180,1.627,0.97,1.0,0.9302,0.291,0.3,0.3721,0.9631,1.0546
117.251,2,NAVIGATE,3.9788,9.2342,-2.0307,-0.9452,1.1825,2.4943,-0.9452,1.0825,1.437,0.0,12.0,4.8457,9.352348327636719,2.1914710998535156,36.66,0,1,180,1.786,0.97,1.0,0.9293,0.291,0.3,0.3717,0.9627,1.0515
117.301,2,NAVIGATE,3.9399,9.2873,-2.0268,-0.9484,1.1751,2.4988,-0.9484,1.0751,1.4336,0.0,12.0,4.7834,9.327012062072754,2.162576675415039,36.16,0,1,180,1.666,0.9701,1.0,0.9272,0.291,0.3,0.3709,0.9619,1.0299
117.351,2,NAVIGATE,3.9066,9.3317,-2.0238,-0.9513,1.1692,2.5026,-0.9513,1.0692,1.4311,0.0,12.0,4.7309,9.29959487915039,2.1277599334716797,36.41,0,1,180,1.891,0.9703,1.0,0.9257,0.2911,0.3,0.3703,0.9614,1.047
117.401,2,NAVIGATE,3.8725,9.3761,-2.021,-0.9545,1.1634,2.5064,-0.9545,1.0634,1.4289,0.0,12.0,4.6777,9.251388549804688,2.0661778450012207,33.91,0,1,180,1.648,0.9704,1.0,0.9245,0.2911,0.3,0.3698,0.9609,1.0484
117.451,2,NAVIGATE,3.8269,9.4253,-2.0227,-0.9597,1.1553,2.511,-0.9597,1.0553,1.4265,0.0,12.0,4.6124,9.227738380432129,2.036738395690918,35.16,0,1,180,1.745,0.9712,1.0,0.9236,0.2914,0.3,0.3694,0.9608,1.0269
117.501,2,NAVIGATE,3.7886,9.4668,-2.0237,-0.9641,1.1488,2.5148,-0.9641,1.0488,1.4246,0.0,12.0,4.5575,9.201644897460938,2.0024867057800293,36.66,0,1,180,1.824,0.9718,1.0,0.923,0.2915,0.3,0.3692,0.9607,1.0331
117.551,2,NAVIGATE,3.7504,9.5088,-2.0241,-0.9684,1.1428,2.5188,-0.9684,0.9428,1.3515,0.0,12.0,4.5024,9.179543495178223,1.9709662199020386,35.16,0,1,180,1.673,0.9828,1.0,0.8855,0.2948,0.3,0.3542,0.9491,0.9331
117.601,2,NAVIGATE,3.7129,9.5522,-2.0232,-0.9722,1.1376,2.5227,-0.9722,0.9376,1.3506,0.0,12.0,4.4472,9.132926940917969,1.9096949100494385,36.16,0,1,180,1.779,0.983,1.0,0.8851,0.2949,0.3,0.3541,0.949,0.9334
117.651,2,NAVIGATE,3.6675,9.6043,-2.022,-0.9767,1.1316,2.5272,-0.9767,1.0316,1.4206,0.0,12.0,4.3806,9.105968475341797,1.8744151592254639,33.91,0,1,180,1.799,0.9727,1.0,0.9212,0.2918,0.3,0.3685,0.9603,1.0109
117.701,2,NAVIGATE,3.6293,9.6475,-2.0206,-0.9802,1.1244,2.5309,-0.9802,0.9244,1.3473,0.0,12.0,4.325,9.084198951721191,1.8425824642181396,32.91,0,1,180,1.726,0.9837,1.0,0.8836,0.2951,0.3,0.3534,0.9485,0.9152
117.751,2,NAVIGATE,3.5827,9.6977,-2.0173,-0.9842,1.1122,2.5354,-0.9842,1.0122,1.4118,0.0,12.0,4.2587,9.037496566772461,1.7813698053359985,35.41,0,1,180,1.841,0.9741,1.0,0.9168,0.2922,0.3,0.3667,0.9589,1.0057
117.801,2,NAVIGATE,3.5437,9.7395,-2.0148,-0.988,1.1023,2.5391,-0.888,1.2023,1.4947,0.0,12.0,4.2033,9.011885643005371,1.7462304830551147,36.66,0,1,180,1.671,0.9335,1.0,0.9302,0.28,0.3,0.3721,0.9521,1.1334
117.851,2,NAVIGATE,3.4962,9.79,-2.0135,-0.993,1.089,2.5436,-0.893,1.189,1.487,0.0,12.0,4.1362,8.988180160522461,1.716124176979065,36.91,0,1,180,1.783,0.9349,1.0,0.9268,0.2805,0.3,0.3707,0.9512,1.1309
117.901,2,NAVIGATE,3.456,9.8327,-2.0147,-0.9979,1.0792,2.5476,-0.8979,1.1792,1.4822,0.0,12.0,4.0794,8.941929817199707,1.6592164039611816,39.16,0,1,180,1.713,0.9359,1.0,0.9248,0.2808,0.3,0.3699,0.9507,1.1188
117.951,2,NAVIGATE,3.4156,9.8751,-2.0158,-1.0012,1.0742,2.5517,-0.9012,1.1742,1.4802,0.0,12.0,4.0226,8.922735214233398,1.6274322271347046,40.66,0,1,180,1.782,0.936,1.0,0.9236,0.2808,0.3,0.3695,0.9503,1.0979
118.001,2,NAVIGATE,3.3755,9.9181,-2.018,-1.0024,1.0741,2.5557,-1.0024,0.9741,1.3977,0.0,12.0,3.9658,8.901545524597168,1.6010451316833496,41.91,0,1,180,1.637,0.9762,1.0,0.9097,0.2929,0.3,0.3639,0.9567,0.9778
118.052,2,NAVIGATE,3.3279,9.9708,-2.0224,-1.0013,1.0793,2.5603,-1.0013,0.9793,1.4006,0.0,12.0,3.8978,8.882436752319336,1.575347900390625,43.16,0,1,180,1.911,0.9744,1.0,0.9098,0.2923,0.3,0.3639,0.9562,0.9855
118.101,2,NAVIGATE,3.2883,10.0149,-2.0254,-0.9988,1.0869,2.5636,-0.9988,0.9869,1.4041,0.0,12.0,3.841,8.836745262145996,1.5234473943710327,45.67,0,1,180,1.657,0.9722,1.0,0.9101,0.2917,0.3,0.364,0.9557,0.9952
118.151,2,NAVIGATE,3.2484,10.06,-2.0263,-0.997,1.0928,2.5665,-0.997,0.9928,1.407,0.0,12.0,3.7836,8.810249328613281,1.5012202262878418,47.17,0,1,180,1.667,0.9702,1.0,0.91,0.291,0.3,0.364,0.9551,1.005
118.201,2,NAVIGATE,3.2002,10.1155,-2.0244,-0.9969,1.0956,2.57,-0.9969,0.9956,1.409,0.0,12.0,3.7139,8.782220840454102,1.4809465408325195,48.67,0,1,180,1.672,0.9683,1.0,0.9095,0.2905,0.3,0.3638,0.9543,1.0142
118.251,2,NAVIGATE,3.1519,10.1705,-2.0223,-0.9992,1.0936,2.5738,-0.9992,0.9936,1.4091,0.0,12.0,3.6444,8.719565391540527,1.4372369050979614,51.92,0,1,180,1.726,0.9672,1.0,0.9086,0.2902,0.3,0.3634,0.9536,1.0053
118.301,2,NAVIGATE,3.1137,10.2155,-2.0201,-1.0017,1.0888,2.5773,-1.0017,0.9888,1.4075,0.0,12.0,3.5888,8.69058609008789,1.4198781251907349,53.42,0,1,180,1.617,0.9668,1.0,0.9072,0.29,0.3,0.3629,0.9529,1.0032
118.351,2,NAVIGATE,3.0764,10.2597,-2.0176,-1.0047,1.0825,2.5809,-1.0047,0.9825,1.4052,0.0,12.0,3.5345,8.66651439666748,1.4030591249465942,55.18,0,1,180,1.748,0.9665,1.0,0.9055,0.29,0.3,0.3622,0.9521,1.0002
118.401,2,NAVIGATE,3.0386,10.3036,-2.0152,-1.0082,1.0754,2.5848,-1.0082,0.9754,1.4028,0.0,12.0,3.4801,8.614202499389648,1.3732260465621948,58.68,0,1,180,1.632,0.9665,1.0,0.9039,0.2899,0.3,0.3615,0.9515,1.0073
118.451,2,NAVIGATE,2.9913,10.3542,-2.0135,-1.0131,1.0665,2.5896,-1.0131,0.9665,1.4002,0.0,12.0,3.4141,8.5899019241333,1.3599133491516113,60.43,0,1,180,1.702,0.9667,1.0,0.9024,0.29,0.3,0.3609,0.951,1.021
118.501,2,NAVIGATE,2.951,10.3955,-2.0124,-1.0173,1.0594,2.5937,-1.0173,0.9594,1.3983,0.0,12.0,3.3589,8.56800365447998,1.3520162105560303,62.18,0,1,180,1.684,0.9669,1.0,0.9013,0.2901,0.3,0.3605,0.9506,1.0155
118.551,2,NAVIGATE,2.9104,10.4367,-2.0114,-1.0214,1.0527,2.5979,-1.0214,0.9527,1.3968,0.0,12.0,3.3037,8.531013488769531,1.3336310386657715,65.94,0,1,180,1.699,0.967,1.0,0.9004,0.2901,0.3,0.3602,0.9503,1.0035
118.601,2,NAVIGATE,2.8606,10.4864,-2.012,-1.0264,1.0456,2.6032,-1.0264,0.9456,1.3956,0.0,12.0,3.2364,8.51190185546875,1.3257166147232056,67.94,0,1,180,1.582,0.967,1.0,0.8996,0.2901,0.3,0.3599,0.9499,1.0127
118.651,2,NAVIGATE,2.8101,10.536,-2.0133,-1.0313,1.039,2.6086,-1.1313,0.839,1.4085,0.0,12.0,3.1686,8.491936683654785,1.3201258182525635,69.69,0,1,180,1.677,0.9876,1.0,0.9273,0.2963,0.3,0.3709,9999.9085,0.995
118.701,2,NAVIGATE,2.768,10.5772,-2.0141,-1.0351,1.0338,2.6133,-1.1351,0.8338,1.4084,0.0,12.0,3.1122,8.479345321655273,1.3162486553192139,71.44,0,1,180,1.585,0.9874,1.0,0.9271,0.2962,0.3,0.3708,9999.9084,0.9953
118.751,2,NAVIGATE,2.7242,10.6177,-2.0106,-1.0384,1.0286,2.6179,-1.1384,0.8286,1.408,0.0,12.0,3.0548,8.446553230285645,1.3116114139556885,75.44,0,1,180,1.663,0.9873,1.0,0.9267,0.2962,0.3,0.3707,9999.908,1.008
118.801,2,NAVIGATE,2.6806,10.6582,-2.0074,-1.0433,1.022,2.6225,-1.1433,0.822,1.4082,0.0,12.0,2.9977,8.43055248260498,1.317020058631897,77.45,0,1,180,1.735,0.9873,1.0,0.9269,0.2962,0.3,0.3708,9999.9082,1.0244
118.851,2,NAVIGATE,2.6282,10.7064,-2.004,-1.0516,1.0117,2.6281,-1.1516,0.8117,1.4089,0.0,12.0,2.9294,8.417695999145508,1.3195984363555908,79.2,0,1,180,1.734,0.9878,1.0,0.9278,0.2963,0.3,0.3711,9999.9089,1.0332
118.902,2,NAVIGATE,2.5972,10.7391,-2.0026,-1.0569,1.0035,2.632,-1.1569,0.8035,1.4086,0.0,12.0,2.8871,8.399822235107422,1.3235920667648315,81.2,0,1,180,1.89,0.988,1.0,0.9278,0.2964,0.3,0.3711,9999.9086,1.039
118.951,2,NAVIGATE,2.5578,10.7795,-2.001,-1.0646,0.9922,2.6371,-1.1646,0.7922,1.4085,0.0,12.0,2.834,8.378819465637207,1.3372459411621094,84.7,0,1,180,1.846,0.9885,1.0,0.9281,0.2965,0.3,0.3713,9999.9085,1.0734
119.001,2,NAVIGATE,2.5095,10.8273,-1.9993,-1.0749,0.9776,2.6434,-1.1749,0.7776,1.4089,0.0,12.0,2.77,8.370007514953613,1.3438345193862915,86.46,0,1,180,1.599,0.9891,1.0,0.9291,0.2967,0.3,0.3716,9999.9089,1.093
119.051,2,NAVIGATE,2.4568,10.8743,-1.9997,-1.0869,0.9622,2.6499,-1.1869,0.7622,1.4106,0.0,12.0,2.7024,8.36308765411377,1.358782172203064,88.46,0,1,180,1.749,0.99,1.0,0.931,0.297,0.3,0.3724,9999.9106,1.1021
119.102,2,NAVIGATE,2.421,10.9052,-2.0002,-1.0951,0.952,2.6544,-1.1951,0.752,1.412,0.0,12.0,2.657,8.359358787536621,1.3672126531600952,90.21,0,1,180,1.95,0.9906,1.0,0.9325,0.2972,0.3,0.373,9999.912,1.1174
119.151,2,NAVIGATE,2.376,10.9433,-2.0008,-1.1052,0.9394,2.66,-1.2052,0.8394,1.4687,0.0,12.0,2.6003,8.354740142822266,1.3911324739456177,93.21,0,1,180,1.753,0.982,1.0,0.9615,0.2946,0.3,0.3846,9999.9687,1.1745
119.202,2,NAVIGATE,2.3285,10.9792,-2.0013,-1.1157,0.9264,2.6658,-1.2157,0.8264,1.47,0.0,12.0,2.5425,8.35565185546875,1.4087613821029663,94.96,0,1,180,1.884,0.9831,1.0,0.9635,0.2949,0.3,0.3854,9999.97,1.1998
119.251,2,NAVIGATE,2.2806,11.0143,-2.0017,-1.1261,0.9131,2.6717,-1.2261,0.8131,1.4712,0.0,12.0,2.4845,8.356724739074707,1.4214844703674316,96.46,0,1,180,1.774,0.9843,1.0,0.9653,0.2953,0.3,0.3861,9999.9712,1.2213
119.302,2,NAVIGATE,2.2325,11.0491,-2.002,-1.1364,0.9015,2.6777,-1.2364,0.8015,1.4734,0.0,12.0,2.4266,8.36058235168457,1.440009593963623,98.22,0,1,180,2.443,0.9852,1.0,0.9677,0.2955,0.3,0.3871,9999.9734,1.2408
119.351,2,NAVIGATE,2.1836,11.0819,-2.0037,-1.1468,0.8908,2.6838,-1.2468,0.7908,1.4764,0.0,12.0,2.3688,8.372031211853027,1.4779175519943237,101.22,0,1,180,1.731,0.9861,1.0,0.9705,0.2958,0.3,0.3882,9999.9764,1.2899
119.402,2,NAVIGATE,2.1243,11.1199,-2.0064,-1.1591,0.8793,2.6911,-1.2591,0.7793,1.4808,0.0,12.0,2.2994,8.37769603729248,1.4974610805511475,102.47,0,1,180,1.98,0.987,1.0,0.9743,0.2961,0.3,0.3897,9999.9808,1.317
119.451,2,NAVIGATE,2.065,11.158,-2.0085,-1.1711,0.8696,2.6984,-1.2711,0.7696,1.4859,0.0,12.0,2.2301,8.388628005981445,1.5174334049224854,103.72,0,1,180,1.857,0.9877,1.0,0.9784,0.2963,0.3,0.3913,9999.9859,1.3434
119.501,2,NAVIGATE,2.0154,11.1901,-2.0104,-1.1809,0.8626,2.7044,-1.2809,0.7626,1.4907,0.0,12.0,2.1721,8.407925605773926,1.563171625137329,106.72,0,1,180,1.67,0.988,1.0,0.9819,0.2964,0.3,0.3928,9999.9907,1.3995
119.551,2,NAVIGATE,1.9657,11.2223,-2.012,-1.1905,0.8561,2.7104,-1.2905,0.7561,1.4957,0.0,12.0,2.114,8.4175443649292,1.5879738330841064,107.72,0,1,180,1.868,0.9883,1.0,0.9855,0.2965,0.3,0.3942,9999.9957,1.4256
119.601,2,NAVIGATE,1.9059,11.261,-2.0135,-1.2021,0.8483,2.7176,-1.3021,0.6483,1.4546,0.0,12.0,2.0442,8.426287651062012,1.6104919910430908,108.98,0,1,180,1.757,0.9958,1.0,0.9656,0.2987,0.3,0.3862,9999.9546,1.432
119.651,2,NAVIGATE,1.8563,11.2936,-2.014,-1.212,0.8419,2.7235,-1.212,0.8419,1.4757,0.0,12.0,1.9861,8.447275161743164,1.665305733680725,111.48,0,1,180,1.7,0.9705,1.0,0.9548,0.2911,0.3,0.3819,9999.9757,1.5314
119.701,2,NAVIGATE,1.7964,11.3327,-2.0143,-1.2241,0.8339,2.7305,-1.2241,0.8339,1.4812,0.0,12.0,1.9163,8.456722259521484,1.691424012184143,111.73,0,1,180,1.679,0.9708,1.0,0.9586,0.2912,0.3,0.3834,9999.9812,1.5573
119.751,2,NAVIGATE,1.7461,11.365,-2.0142,-1.2342,0.825,2.7364,-1.2342,0.825,1.4845,0.0,12.0,1.858,8.465566635131836,1.7194666862487793,113.23,0,1,180,1.735,0.9712,1.0,0.9612,0.2914,0.3,0.3845,9999.9845,1.5833
119.801,2,NAVIGATE,1.6887,11.4043,-2.0138,-1.243,0.8161,2.7436,-1.243,0.8161,1.487,0.0,12.0,1.7907,8.49074935913086,1.7758162021636963,112.98,0,1,180,1.682,0.9709,1.0,0.9625,0.2913,0.3,0.385,9999.987,1.6376
119.852,2,NAVIGATE,1.6403,11.4367,-2.0133,-1.2486,0.811,2.7496,-1.2486,0.811,1.4889,0.0,12.0,1.7344,8.506664276123047,1.8039419651031494,111.48,0,1,180,1.963,0.9701,1.0,0.9629,0.291,0.3,0.3852,9999.9889,1.6643
119.902,2,NAVIGATE,1.5822,11.4754,-2.0117,-1.2535,0.8074,2.7567,-1.2535,0.8074,1.491,0.0,12.0,1.6669,8.518899917602539,1.8306853771209717,110.48,0,1,180,1.987,0.9684,1.0,0.9626,0.2905,0.3,0.3851,9999.991,1.6914
119.951,2,NAVIGATE,1.5341,11.5074,-2.0088,-1.2566,0.8059,2.7625,-1.2566,0.8059,1.4928,0.0,12.0,1.6113,8.554320335388184,1.887603759765625,110.73,0,1,180,1.783,0.9665,1.0,0.9619,0.2899,0.3,0.3848,9999.998,1.7459
120.001,2,NAVIGATE,1.4759,11.5458,-2.0057,-1.26,0.8053,2.7697,-1.26,0.7053,1.444,0.0,12.0,1.5442,8.569820404052734,1.9142173528671265,111.48,0,1,180,1.754,0.9777,1.0,0.9411,0.2933,0.3,0.3765,9999.9988,1.7548
120.051,2,NAVIGATE,1.4272,11.5784,-2.003,-1.263,0.8055,2.7756,-1.263,0.6055,1.4006,0.0,12.0,1.4881,8.58948802947998,1.940974473953247,110.23,0,1,180,1.739,0.9873,1.0,0.9219,0.2962,0.3,0.3687,9999.9948,1.7604
120.101,2,NAVIGATE,1.3784,11.6116,-2.0002,-1.2664,0.8062,2.7817,-1.1664,0.7062,1.3635,0.0,12.0,1.4321,8.604533195495605,1.9683271646499634,109.48,0,1,180,1.815,0.9638,1.0,0.8761,0.2891,0.3,0.3505,9999.9982,1.8087
120.151,2,NAVIGATE,1.3193,11.6513,-1.9972,-1.271,0.8047,2.789,-1.171,0.6047,1.3179,0.0,12.0,1.3646,8.646459579467773,2.0252156257629395,110.98,0,1,180,1.766,0.9763,1.0,0.8578,0.2929,0.3,0.3431,9999.9971,1.8446
120.202,2,NAVIGATE,1.2581,11.692,-1.992,-1.2757,0.7992,2.797,-1.0757,0.6992,1.2829,0.0,12.0,1.2952,8.667150497436523,2.050060749053955,107.47,0,1,180,1.962,0.944,1.0,0.8074,0.2832,0.3,0.3229,9999.9782,1.8754
120.251,2,NAVIGATE,1.2056,11.7264,-1.9861,-1.278,0.7929,2.8041,-1.078,0.5929,1.2303,0.0,12.0,1.2363,8.731258392333984,2.1055450439453125,109.98,0,1,180,1.8,0.9611,1.0,0.7883,0.2883,0.3,0.3153,9999.9831,1.9235
120.301,2,NAVIGATE,1.1532,11.7603,-1.9811,-1.279,0.7839,2.8118,-1.079,0.5839,1.2269,0.0,12.0,1.1778,8.771578788757324,2.1332437992095947,107.97,0,1,180,1.673,0.9579,1.0,0.7835,0.2874,0.3,0.3134,9999.9374,1.9461
120.351,2,NAVIGATE,1.0885,11.8015,-1.9758,-1.2771,0.7733,2.8219,-1.0771,0.5733,1.2202,0.0,12.0,1.1064,8.817163467407227,2.1571006774902344,108.23,0,1,180,1.902,0.9527,1.0,0.775,0.2858,0.3,0.31,9999.8811,1.9731
120.401,2,NAVIGATE,1.0342,11.8355,-1.9721,-1.273,0.7634,2.8309,-1.073,0.5634,1.2119,0.0,12.0,1.0472,8.873946189880371,2.1839025020599365,108.23,0,1,180,1.743,0.9474,1.0,0.7654,0.2842,0.3,0.3062,9999.8342,1.9966
120.451,2,NAVIGATE,0.9805,11.8688,-1.9691,-1.267,0.7525,2.8406,-1.067,0.5525,1.2016,0.0,12.0,0.9892,9.022059440612793,2.236696481704712,106.47,0,1,180,1.706,0.9411,1.0,0.7539,0.2823,0.3,0.3016,9999.7875,2.0457
120.501,2,NAVIGATE,0.9275,11.9007,-1.9646,-1.2599,0.7407,2.851,-1.0599,0.5407,1.1899,0.0,12.0,0.9328,9.10930347442627,2.2607240676879883,106.97,0,1,180,1.827,0.9341,1.0,0.741,0.2802,0.3,0.2964,9999.7405,2.0697
120.551,2,NAVIGATE,0.8648,11.9375,-1.9588,-1.2507,0.7259,2.8646,-1.0507,0.5259,1.1749,0.0,12.0,0.867,9.20913028717041,2.2852096557617188,105.97,0,1,180,1.736,0.9242,1.0,0.7239,0.2773,0.3,0.2896,9999.6818,2.0911
120.602,2,NAVIGATE,0.8131,11.9675,-1.9549,-1.2428,0.7133,2.8769,-1.0428,0.5133,1.1623,0.0,12.0,0.8137,9.339699745178223,2.312755823135376,105.97,0,1,180,1.938,0.9141,1.0,0.7083,0.2742,0.3,0.2833,9999.6298,2.1164
120.651,2,NAVIGATE,0.7716,11.991,-1.9497,-1.2366,0.7034,2.8875,-1.0366,0.5034,1.1524,0.0,12.0,0.7717,9.628807067871094,2.3585848808288574,104.72,0,1,180,1.732,0.9046,1.0,0.6949,0.2714,0.3,0.278,9999.5847,2.1567
120.701,2,NAVIGATE,0.7095,12.0253,-1.9398,-1.2275,0.689,2.9047,-1.0275,0.489,1.1379,0.0,12.0,0.71,9.811949729919434,2.3820250034332275,104.22,0,1,180,1.705,0.8871,1.0,0.6729,0.2661,0.3,0.2692,9999.5101,2.1606
120.751,2,NAVIGATE,0.6585,12.0532,-1.9332,-1.2197,0.6769,2.9206,-1.0197,0.4769,1.1257,0.0,12.0,0.6607,9.986804962158203,2.406339168548584,104.72,0,1,180,1.741,0.8687,1.0,0.6519,0.2606,0.3,0.2608,9999.4412,2.1606
120.801,2,NAVIGATE,0.6067,12.081,-1.9235,-1.2122,0.665,2.9381,-1.0122,0.465,1.1139,0.0,12.0,0.6121,9.941129684448242,2.4290354251861572,101.97,0,1,180,1.698,0.8454,1.0,0.6278,0.2536,0.3,0.2511,9999.3595,2.16
120.851,2,NAVIGATE,0.5546,12.1083,-1.9129,-1.2049,0.6532,2.9577,-1.0049,0.4532,1.1024,0.0,12.0,0.565,9.854463577270508,2.471128225326538,101.72,0,1,180,1.854,0.8159,1.0,0.5996,0.2448,0.3,0.2399,9999.2583,2.1829
120.901,2,NAVIGATE,0.4931,12.1402,-1.9029,-1.1961,0.6388,2.9839,-0.9961,0.4388,1.0884,0.0,12.0,0.5126,9.811971664428711,2.4959681034088135,102.47,0,1,180,1.73,0.7699,1.0,0.5587,0.231,0.3,0.2235,9999.0705,2.1752
121.001,2,RETURN_HOME,0.3903,12.1892,-1.8962,-1.1819,0.6139,3.0347,-1.3819,0.4139,1.4426,0.0,0.0,12.1955,9.73404312133789,2.540433168411255,101.22,0,1,180,1.894,-0.2561,1.0,0.4809,-0.0768,0.3,0.1923,0.4155,2.138
121.051,2,RETURN_HOME,0.3397,12.2128,-1.8953,-1.1741,0.6023,3.0638,-1.3741,0.4023,1.4318,0.0,0.0,12.2175,9.65345287322998,2.5865604877471924,100.22,0,1,180,1.773,-0.2542,1.0,0.4773,-0.0763,0.3,0.1909,0.4147,2.1979
121.101,2,RETURN_HOME,0.2802,12.2419,-1.8945,-1.1656,0.5914,3.1055,-1.3656,0.3914,1.4206,0.0,0.0,12.2451,9.613839149475098,2.609107494354248,100.22,0,1,180,1.937,-0.2535,1.0,0.4735,-0.076,0.3,0.1894,0.4134,2.1383
121.151,2,RETURN_HOME,0.2313,12.2661,-1.8921,-1.1663,0.5823,-3.1366,-1.3663,0.3823,1.4188,0.0,0.0,12.2683,9.574565887451172,2.630380392074585,98.97,0,1,180,1.797,-0.2513,1.0,0.4729,-0.0754,0.3,0.1892,0.4138,2.0938
121.202,2,RETURN_HOME,0.1729,12.2946,-1.8866,-1.1749,0.5725,-3.0801,-1.3749,0.3725,1.4245,0.0,0.0,12.2958,9.499731063842773,2.6743876934051514,96.46,0,1,180,1.952,-0.2479,1.0,0.4748,-0.0744,0.3,0.1899,0.4155,2.1369
121.251,2,RETURN_HOME,0.1275,12.3184,-1.879,-1.1863,0.5655,-3.0276,-1.3863,0.3655,1.4336,0.0,0.0,12.319,9.464923858642578,2.697453260421753,95.21,0,1,180,1.777,-0.2449,1.0,0.4779,-0.0735,0.3,0.1912,0.4177,2.0847
121.302,2,RETURN_HOME,0.0823,12.3419,-1.8701,-1.2011,0.5588,-2.9706,-1.4011,0.3588,1.4463,0.0,0.0,12.3421,9.430843353271484,2.716275453567505,93.46,0,1,180,1.979,-0.2416,1.0,0.4821,-0.0725,0.3,0.1928,0.4204,2.0255
121.351,2,RETURN_HOME,0.0359,12.365,-1.8605,-1.2188,0.5515,-2.9097,-1.4188,0.3515,1.4617,0.0,0.0,12.3651,9.364028930664062,2.762181520462036,89.46,0,1,180,1.751,-0.2377,1.0,0.4872,-0.0713,0.3,0.1949,0.4236,2.168
121.401,2,RETURN_HOME,-0.0225,12.3925,-1.8437,-1.2427,0.5413,-2.8317,-1.4427,0.3413,1.4825,0.0,0.0,12.3925,9.358404159545898,2.782708168029785,87.46,0,1,180,1.675,-0.232,1.0,0.4942,-0.0696,0.3,0.1977,0.4281,2.0586
121.451,2,RETURN_HOME,-0.0729,12.4149,-1.8284,-1.2634,0.5309,-2.763,-1.3634,0.3309,1.403,0.0,0.0,12.4151,9.377626419067383,2.803732395172119,84.95,0,1,180,1.784,-0.2415,1.0,0.4677,-0.0725,0.3,0.1871,0.4146,2.0195
121.501,2,RETURN_HOME,-0.1345,12.4411,-1.811,-1.2878,0.5161,-2.6766,-1.3878,0.3161,1.4234,0.0,0.0,12.4418,9.423661231994629,2.8220372200012207,82.45,0,1,180,1.889,-0.2326,1.0,0.4745,-0.0698,0.3,0.1898,0.42,1.9149
121.551,2,RETURN_HOME,-0.1892,12.4654,-1.7952,-1.3081,0.5034,-2.6011,-1.4,0.3034,1.4325,0.0,0.0,12.4668,9.6415433883667,2.870042562484741,77.2,0,1,180,1.771,-0.2266,1.0,0.4775,-0.068,0.3,0.191,0.423,2.1241
121.601,2,RETURN_HOME,-0.2554,12.4932,-1.7776,-1.3292,0.4866,-2.5067,-1.4,0.2866,1.429,0.0,0.0,12.4958,9.812386512756348,2.889843463897705,74.19,0,1,180,1.701,-0.2205,1.0,0.4763,-0.0662,0.3,0.1905,0.4244,2.0217
121.652,2,RETURN_HOME,-0.311,12.5152,-1.764,-1.3443,0.4709,-2.4252,-1.4,0.2709,1.426,0.0,0.0,12.5191,10.03753662109375,2.913745880126953,71.44,0,1,180,2.358,-0.2143,1.0,0.4753,-0.0643,0.3,0.1901,0.4258,1.9738
121.701,2,RETURN_HOME,-0.3716,12.533,-1.7501,-1.3593,0.4515,-2.3421,-1.4,0.2515,1.4224,0.0,0.0,12.5385,3.5260422229766846,2.959527015686035,64.94,0,1,180,1.654,-0.2059,1.0,0.4741,-0.0618,0.3,0.1897,0.4279,2.2351
121.751,2,RETURN_HOME,-0.432,12.5501,-1.7394,-1.3723,0.4299,-2.2586,-1.4,0.2299,1.4188,0.0,0.0,12.5575,3.3752477169036865,2.978851079940796,61.68,0,1,180,1.946,-0.1959,1.0,0.4729,-0.0588,0.3,0.1892,0.4304,2.2218
121.801,2,RETURN_HOME,-0.5041,12.5695,-1.7324,-1.3854,0.4016,-2.1596,-1.4,0.2016,1.4144,0.0,0.0,12.5796,3.250756025314331,2.999397039413452,58.43,0,1,180,1.668,-0.1821,1.0,0.4715,-0.0546,0.3,0.1886,0.434,2.168
121.851,2,RETURN_HOME,-0.5672,12.585,-1.7319,-1.3951,0.3773,-2.0791,-1.4,0.1773,1.4112,0.0,0.0,12.5978,3.14302396774292,3.0118250846862793,15.89,0,1,180,1.802,-0.1702,1.0,0.4704,-0.051,0.3,0.1882,0.4371,2.1936
121.901,2,RETURN_HOME,-0.6297,12.5995,-1.7354,-1.402,0.354,-2.0011,-1.4,0.154,1.4084,0.0,0.0,12.6152,3.0070252418518066,3.0070252418518066,9.88,0,1,180,1.107,-0.1588,1.0,0.4695,-0.0476,0.3,0.1878,0.4401,2.4646
121.951,2,RETURN_HOME,-0.7033,12.616,-1.7446,-1.4072,0.3281,-1.9118,-1.4,0.1281,1.4058,0.0,0.0,12.6356,3.0041515827178955,3.0041515827178955,7.13,0,1,180,1.125,-0.1464,1.0,0.4686,-0.0439,0.3,0.1874,0.4435,2.4246
122.001,2,RETURN_HOME,-0.7615,12.6304,-1.7575,-1.4084,0.309,-1.8415,-1.4,0.109,1.4042,0.0,0.0,12.6533,3.001011371612549,3.001011371612549,1.38,0,1,180,1.33,-0.1375,1.0,0.4681,-0.0412,0.3,0.1872,0.446,2.6588
122.051,2,RETURN_HOME,-0.831,12.6465,-1.7746,-1.4082,0.2877,-1.7631,-1.4,0.0877,1.4027,0.0,0.0,12.6737,2.9979865550994873,2.9979865550994873,-0.88,0,1,180,1.133,-0.1279,1.0,0.4676,-0.0384,0.3,0.187,0.4487,2.6407
122.101,2,RETURN_HOME,-0.8994,12.6611,-1.7917,-1.4063,0.2681,-1.6915,-1.4,0.0681,1.4017,0.0,0.0,12.693,2.998696804046631,2.998696804046631,-3.13,0,1,180,1.072,-0.1192,1.0,0.4672,-0.0358,0.3,0.1869,0.4511,2.6078
122.151,2,RETURN_HOME,-0.9553,12.6722,-1.8047,-1.4039,0.2526,-1.6372,-1.4,0.0526,1.401,0.0,0.0,12.7081,3.0014078617095947,3.0014078617095947,-7.13,0,1,180,1.177,-0.1125,1.0,0.467,-0.0338,0.3,0.1868,0.453,2.6676
122.2,2,RETURN_HOME,-1.0224,12.6846,-1.8208,-1.4008,0.2345,-1.5787,-1.4,0.0345,1.4004,0.0,0.0,12.7257,3.0008509159088135,3.0008509159088135,-8.88,0,1,180,1.029,-0.1049,1.0,0.4668,-0.0315,0.3,0.1867,0.4553,2.6778
122.251,2,RETURN_HOME,-1.0845,12.6962,-1.8375,-1.3959,0.2166,-1.5272,-1.4,0.0166,1.4001,0.0,0.0,12.7424,3.0586342811584473,3.0021660327911377,-10.38,0,1,180,1.712,-0.0969,1.0,0.4667,-0.0291,0.3,0.1867,0.4576,2.6843
122.302,2,RETURN_HOME,-1.1246,12.7034,-1.8488,-1.3925,0.2048,-1.4968,-1.4,0.0048,1.4,0.0,0.0,12.7531,5.830608367919922,3.006103992462158,-12.89,0,1,180,1.975,-0.0916,1.0,0.4667,-0.0275,0.3,0.1867,0.4592,2.6756
122.351,2,RETURN_HOME,-1.1855,12.7135,-1.8653,-1.388,0.1874,-1.4569,-1.4,-0.0126,1.4001,0.0,0.0,12.7687,5.8448567390441895,3.0105252265930176,-13.64,0,1,180,1.955,-0.0839,1.0,0.4667,-0.0252,0.3,0.1867,0.4615,2.6816
122.401,2,RETURN_HOME,-1.2461,12.7218,-1.8809,-1.3839,0.1699,-1.4237,-1.4,-0.0301,1.4003,0.0,0.0,12.7827,5.858266830444336,3.011018991470337,-14.64,0,1,180,1.665,-0.076,1.0,0.4668,-0.0228,0.3,0.1867,0.4639,2.6864
122.451,2,RETURN_HOME,-1.2966,12.7277,-1.8931,-1.3809,0.1553,-1.401,-1.4,-0.0447,1.4007,0.0,0.0,12.7935,5.873794078826904,3.0162353515625,-15.14,0,1,180,1.534,-0.0695,1.0,0.4669,-0.0209,0.3,0.1868,0.4659,2.6768
122.501,2,RETURN_HOME,-1.3576,12.734,-1.9072,-1.3784,0.1381,-1.3793,-1.4,-0.0619,1.4014,0.0,0.0,12.8062,5.901251316070557,3.019887685775757,-15.64,0,1,180,1.7,-0.062,1.0,0.4671,-0.0186,0.3,0.1868,0.4683,2.6511
122.551,2,RETURN_HOME,-1.4174,12.7383,-1.9215,-1.3765,0.1207,-1.3631,-1.4,-0.0793,1.4022,0.0,0.0,12.8169,5.9166789054870605,3.024754285812378,-15.64,0,1,180,1.763,-0.0542,1.0,0.4674,-0.0163,0.3,0.187,0.4707,2.6448
122.601,2,RETURN_HOME,-1.4574,12.7406,-1.9306,-1.3759,0.1092,-1.3552,-1.4,-0.0908,1.4029,0.0,0.0,12.8237,5.943120956420898,3.0325965881347656,-15.89,0,1,180,1.664,-0.0491,1.0,0.4676,-0.0147,0.3,0.1871,0.4723,2.6296
122.651,2,RETURN_HOME,-1.5181,12.7436,-1.9434,-1.3758,0.0922,-1.3472,-1.4,-0.1078,1.4041,0.0,0.0,12.8337,5.959335803985596,3.034815549850464,-15.14,0,1,180,1.739,-0.0417,1.0,0.468,-0.0125,0.3,0.1872,0.4747,2.6215
122.701,2,RETURN_HOME,-1.5786,12.7439,-1.9627,-1.376,0.0748,-1.3435,-1.4,-0.1252,1.4056,0.0,0.0,12.8413,5.969705104827881,3.038689374923706,-14.89,0,1,180,1.531,-0.034,1.0,0.4685,-0.0102,0.3,0.1874,0.4772,2.6068
122.751,2,RETURN_HOME,-1.6296,12.744,-1.9771,-1.377,0.0606,-1.3432,-1.4,-0.1394,1.4069,0.0,0.0,12.8478,5.98725700378418,3.0446035861968994,-13.89,0,1,180,1.892,-0.0279,1.0,0.469,-0.0084,0.3,0.1876,0.4792,2.596
122.801,2,RETURN_HOME,-1.6813,12.7438,-1.9901,-1.3787,0.0467,-1.3451,-1.4,-0.1533,1.4084,0.0,0.0,12.8543,6.014943599700928,3.0510897636413574,-12.39,0,1,180,1.616,-0.0221,1.0,0.4695,-0.0066,0.3,0.1878,0.4811,2.5959
122.851,2,RETURN_HOME,-1.7424,12.7457,-2.0036,-1.3809,0.031,-1.3499,-1.4,-0.169,1.4102,0.0,0.0,12.8642,6.027198791503906,3.05476450920105,-14.14,0,1,180,1.827,-0.0157,1.0,0.4701,-0.0047,0.3,0.188,0.4833,2.5875
122.901,2,RETURN_HOME,-1.7938,12.7466,-2.0134,-1.3831,0.0179,-1.3555,-1.4,-0.1821,1.4118,0.0,0.0,12.8722,3.0645551681518555,3.058096170425415,-13.89,0,1,180,1.819,-0.0104,1.0,0.4706,-0.0031,0.3,0.1882,0.4851,2.5737
122.951,2,RETURN_HOME,-1.8563,12.7469,-2.0234,-1.3861,0.0021,-1.3639,-1.4,-0.1979,1.4139,0.0,0.0,12.8814,3.0677764415740967,3.0631837844848633,-13.64,0,1,180,1.591,-0.0042,1.0,0.4713,-0.0012,0.3,0.1885,0.4873,2.5851
123.001,2,RETURN_HOME,-1.9192,12.7452,-2.0314,-1.3891,-0.0143,-1.3738,-1.4,-0.2143,1.4163,0.0,0.0,12.8888,3.0683751106262207,3.0653648376464844,-12.14,0,1,180,1.695,0.0024,1.0,0.4721,0.0007,0.3,0.1888,0.4896,2.5821
123.051,2,RETURN_HOME,-1.9721,12.7433,-2.0369,-1.3919,-0.0281,-1.3827,-1.4,-0.2281,1.4185,0.0,0.0,12.895,3.0702850818634033,3.0665056705474854,-12.64,0,1,180,1.816,0.0079,1.0,0.4728,0.0024,0.3,0.1891,0.4915,2.5804
123.101,2,RETURN_HOME,-2.0248,12.7404,-2.0409,-1.3945,-0.0422,-1.3918,-1.4,-0.2422,1.4208,0.0,0.0,12.9003,3.072366952896118,3.0689964294433594,-10.89,0,1,180,1.596,0.0137,1.0,0.4736,0.0041,0.3,0.1894,0.4936,2.5825
123.151,2,RETURN_HOME,-2.0875,12.7351,-2.0439,-1.3972,-0.0599,-1.4028,-1.4,-0.2599,1.4239,0.0,0.0,12.9051,3.071249008178711,3.070253610610962,-11.89,0,1,180,1.716,0.0211,1.0,0.4746,0.0063,0.3,0.1899,0.4962,2.5749
123.201,2,RETURN_HOME,-2.1401,12.7304,-2.0458,-1.3995,-0.0749,-1.4118,-1.4,-0.2749,1.4267,0.0,0.0,12.9091,3.068726062774658,3.068726062774658,-9.88,0,1,180,1.585,0.0273,1.0,0.4756,0.0082,0.3,0.1902,0.4984,2.5738
123.251,2,RETURN_HOME,-2.2044,12.7259,-2.0524,-1.4026,-0.0921,-1.422,-1.4,-0.2921,1.4302,0.0,0.0,12.9154,3.067399740219116,3.067399740219116,-9.38,0,1,180,1.169,0.0342,1.0,0.4767,0.0103,0.3,0.1907,0.5009,2.5714
123.3,2,RETURN_HOME,-2.2696,12.7221,-2.0624,-1.406,-0.109,-1.4312,-1.4,-0.309,1.4337,0.0,0.0,12.9229,3.068326950073242,3.0681779384613037,-11.14,0,1,180,1.079,0.0407,1.0,0.4779,0.0122,0.3,0.1912,0.5034,2.5648
123.351,2,RETURN_HOME,-2.3243,12.7181,-2.0693,-1.4088,-0.1233,-1.4382,-1.4,-0.3233,1.4368,0.0,0.0,12.9287,3.0651118755340576,3.0651118755340576,-8.63,0,1,180,1.133,0.0461,1.0,0.4789,0.0138,0.3,0.1916,0.5054,2.5903
123.401,2,RETURN_HOME,-2.3934,12.7128,-2.0722,-1.4134,-0.1402,-1.4456,-1.4,-0.3402,1.4407,0.0,0.0,12.9361,3.0636608600616455,3.0636608600616455,-7.63,0,1,180,1.117,0.0523,1.0,0.4802,0.0157,0.3,0.1921,0.5078,2.5606
123.451,2,RETURN_HOME,-2.463,12.7067,-2.0733,-1.4179,-0.1573,-1.452,-1.4,-0.3573,1.4449,0.0,0.0,12.9432,3.0596156120300293,3.0596156120300293,-8.13,0,1,180,1.257,0.0584,1.0,0.4816,0.0175,0.3,0.1926,0.5102,2.5137
123.501,2,RETURN_HOME,-2.521,12.7008,-2.0738,-1.4213,-0.1718,-1.4564,-1.4,-0.3718,1.4485,0.0,0.0,12.9486,3.0550668239593506,3.0550668239593506,-7.38,0,1,180,1.11,0.0636,1.0,0.4828,0.0191,0.3,0.1931,0.5122,2.4104
123.551,2,RETURN_HOME,-2.5768,12.6931,-2.0745,-1.4239,-0.1874,-1.4599,-1.4,-0.3874,1.4526,0.0,0.0,12.952,3.0510950088500977,3.0510950088500977,-7.38,0,1,180,1.184,0.0696,1.0,0.4842,0.0209,0.3,0.1937,0.5146,2.3617
123.601,2,RETURN_HOME,-2.6443,12.6829,-2.0748,-1.4269,-0.2064,-1.4629,-1.4,-0.4064,1.4578,0.0,0.0,12.9556,3.0481579303741455,3.0481579303741455,-7.13,0,1,180,1.06,0.0769,1.0,0.4859,0.0231,0.3,0.1944,0.5174,2.3192
123.651,2,RETURN_HOME,-2.7008,12.6738,-2.0746,-1.4291,-0.2223,-1.4642,-1.4,-0.4223,1.4623,0.0,0.0,12.9584,3.0379605293273926,3.0379605293273926,-6.88,0,1,180,1.064,0.0829,1.0,0.4874,0.0249,0.3,0.195,0.5199,2.2178
123.7,2,RETURN_HOME,-2.7735,12.6627,-2.0793,-1.4339,-0.2403,-1.4647,-1.4,-0.4403,1.4676,0.0,0.0,12.9629,3.0344693660736084,3.0344693660736084,-5.88,0,1,180,0.97,0.089,1.0,0.4892,0.0267,0.3,0.1957,0.5224,2.1682
123.751,2,RETURN_HOME,-2.846,12.6508,-2.0829,-1.438,-0.2582,-1.464,-1.4,-0.4582,1.4731,0.0,0.0,12.967,3.030407190322876,3.030407190322876,-4.88,0,1,180,1.199,0.0949,1.0,0.491,0.0285,0.3,0.1964,0.5249,2.1196
123.8,2,RETURN_HOME,-2.8943,12.6425,-2.0848,-1.4405,-0.2701,-1.4628,-1.4,-0.4701,1.4768,0.0,0.0,12.9696,3.0252976417541504,3.0252976417541504,-3.88,0,1,180,0.979,0.0987,1.0,0.4923,0.0296,0.3,0.1969,0.5265,2.0636
123.851,2,RETURN_HOME,-2.9673,12.63,-2.0869,-1.4439,-0.2875,-1.46,-1.4,-0.4875,1.4824,0.0,0.0,12.9739,3.020054817199707,3.020054817199707,-2.13,0,1,180,1.141,0.1041,1.0,0.4941,0.0312,0.3,0.1977,0.5289,1.9718
123.9,2,RETURN_HOME,-3.0399,12.6165,-2.0882,-1.4466,-0.3052,-1.4562,-1.4,-0.5052,1.4884,0.0,0.0,12.9776,3.0179970264434814,3.0179970264434814,-1.38,0,1,180,1.046,0.1096,1.0,0.4961,0.0329,0.3,0.1984,0.5313,1.9204
123.951,2,RETURN_HOME,-3.1005,12.6056,-2.0908,-1.4482,-0.3198,-1.4521,-1.4,-0.5198,1.4934,0.0,0.0,12.9813,3.017089366912842,3.017089366912842,-0.38,0,1,180,1.1,0.1141,1.0,0.4978,0.0342,0.3,0.1991,0.5333,1.8678
124.001,2,RETURN_HOME,-3.1613,12.5956,-2.0958,-1.4492,-0.3339,-1.4472,-1.4,-0.5339,1.4984,0.0,0.0,12.9863,3.0113823413848877,3.0113823413848877,0.88,0,1,180,1.106,0.1182,1.0,0.4995,0.0354,0.3,0.1998,0.5352,1.7747
124.051,2,RETURN_HOME,-3.2338,12.5824,-2.1003,-1.4498,-0.3512,-1.4406,-1.3,-0.5512,1.412,0.0,0.0,12.9913,3.009467840194702,3.009467840194702,1.38,0,1,180,1.205,0.1489,1.0,0.4707,0.0447,0.3,0.1883,0.5329,2.0258
124.101,2,RETURN_HOME,-3.2938,12.5708,-2.1033,-1.45,-0.3659,-1.4346,-1.3,-0.5659,1.4178,0.0,0.0,12.9952,3.010251760482788,3.010251760482788,2.38,0,1,180,1.345,0.1537,1.0,0.4726,0.0461,0.3,0.189,0.5351,1.9707
124.15,2,RETURN_HOME,-3.3535,12.5588,-2.1058,-1.4501,-0.3807,-1.4282,-1.3,-0.5807,1.4238,0.0,0.0,12.9988,3.0083582401275635,3.0083582401275635,3.38,0,1,180,1.091,0.1585,1.0,0.4746,0.0475,0.3,0.1898,0.5374,1.8837
124.2,2,RETURN_HOME,-3.4367,12.5404,-2.1078,-1.4477,-0.4019,-1.4188,-1.3,-0.6019,1.4326,0.0,0.0,13.0028,3.011573553085327,3.011573553085327,4.13,0,1,180,1.029,0.1654,1.0,0.4775,0.0496,0.3,0.191,0.5406,1.8295
124.251,2,RETURN_HOME,-3.4959,12.5268,-2.1079,-1.4443,-0.4171,-1.4117,-1.3,-0.6171,1.439,0.0,0.0,13.0054,3.010338068008423,3.010338068008423,4.88,0,1,180,1.144,0.1702,1.0,0.4797,0.0511,0.3,0.1919,0.5429,1.7744
124.301,2,RETURN_HOME,-3.5547,12.5123,-2.1072,-1.4396,-0.4323,-1.4044,-1.3,-0.6323,1.4456,0.0,0.0,13.0074,3.0135488510131836,3.0135488510131836,5.88,0,1,180,1.096,0.175,1.0,0.4819,0.0525,0.3,0.1927,0.5452,1.6905
124.351,2,RETURN_HOME,-3.6248,12.4938,-2.1056,-1.4325,-0.4507,-1.3954,-1.3,-0.6507,1.4538,0.0,0.0,13.009,3.016512393951416,3.016512393951416,6.63,0,1,180,1.122,0.1807,1.0,0.4846,0.0542,0.3,0.1938,0.548,1.6394
124.401,2,RETURN_HOME,-3.6799,12.4801,-2.1062,-1.4249,-0.4649,-1.3876,-1.3,-0.6649,1.4601,0.0,0.0,13.0113,3.0200040340423584,3.0200040340423584,7.13,0,1,180,1.157,0.1849,1.0,0.4867,0.0555,0.3,0.1947,0.5502,1.5853
124.451,2,RETURN_HOME,-3.7343,12.4659,-2.1067,-1.417,-0.4789,-1.3798,-1.3,-0.6789,1.4666,0.0,0.0,13.0133,3.0249624252319336,3.0249624252319336,8.38,0,1,180,1.137,0.189,1.0,0.4889,0.0567,0.3,0.1955,0.5523,1.5018
124.501,2,RETURN_HOME,-3.7995,12.4475,-2.1064,-1.408,-0.4961,-1.3702,-1.3,-0.6961,1.4747,0.0,0.0,13.0145,3.0305051803588867,3.0305051803588867,8.88,0,1,180,1.162,0.1941,1.0,0.4916,0.0582,0.3,0.1966,0.5549,1.4495
124.551,2,RETURN_HOME,-3.8597,12.4293,-2.1045,-1.3984,-0.5133,-1.3609,-1.3,-0.7133,1.4828,0.0,0.0,13.0148,3.032480001449585,3.032480001449585,9.38,0,1,180,1.832,0.1994,1.0,0.4943,0.0598,0.3,0.1977,0.5575,1.3945
124.601,2,RETURN_HOME,-3.9104,12.4128,-2.1025,-1.3912,-0.5281,-1.3531,-1.3,-0.7281,1.49,0.0,0.0,13.0141,3.1001875400543213,3.042625665664673,10.63,0,1,180,1.664,0.2039,1.0,0.4967,0.0612,0.3,0.1987,0.5598,1.3141
124.651,2,RETURN_HOME,-3.9719,12.3914,-2.0991,-1.3839,-0.5464,-1.3439,-1.3,-0.7464,1.499,0.0,0.0,13.0124,3.1675407886505127,3.041416883468628,10.89,0,1,180,1.721,0.2095,1.0,0.4997,0.0628,0.3,0.1999,0.5627,1.2651
124.701,2,RETURN_HOME,-4.0241,12.3721,-2.0936,-1.3788,-0.5623,-1.3363,-1.1,-0.7623,1.3383,0.0,0.0,13.0101,3.246115207672119,3.0474941730499268,11.64,0,1,180,1.659,0.2875,1.0,0.4461,0.0862,0.3,0.1784,0.5647,1.8129
124.751,2,RETURN_HOME,-4.0764,12.3519,-2.0883,-1.3747,-0.5784,-1.3289,-1.1,-0.7784,1.3476,0.0,0.0,13.0072,3.3779311180114746,3.0582504272460938,12.64,0,1,180,1.954,0.2927,1.0,0.4492,0.0878,0.3,0.1797,0.5675,1.7368
124.801,2,RETURN_HOME,-4.1395,12.3269,-2.0824,-1.3705,-0.5978,-1.3208,-1.1,-0.7978,1.3589,0.0,0.0,13.0034,3.4403226375579834,3.0661754608154297,13.39,0,1,180,1.568,0.2989,1.0,0.453,0.0897,0.3,0.1812,0.5709,1.6861
124.851,2,RETURN_HOME,-4.1925,12.3065,-2.0786,-1.3644,-0.6139,-1.3143,-1.1,-0.8139,1.3684,0.0,0.0,13.0011,3.511922836303711,3.0714592933654785,13.89,0,1,180,1.685,0.3038,1.0,0.4561,0.0911,0.3,0.1824,0.5736,1.6358
124.902,2,RETURN_HOME,-4.2454,12.285,-2.0749,-1.3551,-0.63,-1.3081,-1.1,-0.83,1.378,0.0,0.0,12.9979,3.639011859893799,3.0825445652008057,14.89,0,1,180,1.581,0.3086,1.0,0.4593,0.0926,0.3,0.1837,0.5763,1.5575
124.951,2,RETURN_HOME,-4.3218,12.2502,-2.071,-1.3385,-0.6543,-1.2994,-1.1,-0.8543,1.3927,0.0,0.0,12.9902,3.7000043392181396,3.0923426151275635,15.64,0,1,180,1.744,0.3157,1.0,0.4642,0.0947,0.3,0.1857,0.5804,1.5077
125.001,2,RETURN_HOME,-4.3783,12.2217,-2.0693,-1.3256,-0.6727,-1.2933,-1.1,-0.8727,1.4041,0.0,0.0,12.9823,3.771885395050049,3.099818229675293,16.14,0,1,180,1.682,0.3209,1.0,0.468,0.0963,0.3,0.1872,0.5835,1.4578
125.051,2,RETURN_HOME,-4.4338,12.1927,-2.0675,-1.3119,-0.6908,-1.2872,-1.1,-0.8908,1.4155,0.0,0.0,12.9738,3.8888003826141357,3.115891933441162,17.39,0,1,180,1.77,0.3259,1.0,0.4718,0.0978,0.3,0.1887,0.5865,1.382
125.101,2,RETURN_HOME,-4.5008,12.1583,-2.0652,-1.2962,-0.7116,-1.28,-1.0962,-0.9116,1.4257,0.0,0.0,12.9647,3.9438095092773438,3.1216020584106445,17.89,0,1,180,1.586,0.3327,1.0,0.4752,0.0998,0.3,0.1901,0.5899,1.3457
125.152,2,RETURN_HOME,-4.568,12.1242,-2.0626,-1.282,-0.7315,-1.2732,-1.082,-0.9315,1.4277,0.0,0.0,12.9562,4.004482746124268,3.132138252258301,18.64,0,1,180,1.774,0.3434,1.0,0.4759,0.103,0.3,0.1904,0.5934,1.3374
125.201,2,RETURN_HOME,-4.623,12.095,-2.0605,-1.271,-0.7481,-1.2676,-1.071,-0.9481,1.4303,0.0,0.0,12.9484,4.113349914550781,3.1448683738708496,19.64,0,1,180,1.76,0.3518,1.0,0.4768,0.1055,0.3,0.1907,0.5963,1.296
125.251,2,RETURN_HOME,-4.688,12.0612,-2.0581,-1.2589,-0.7668,-1.261,-1.0589,-0.9668,1.4338,0.0,0.0,12.9402,6.790863513946533,3.1578900814056396,20.39,0,1,180,1.836,0.3609,1.0,0.4779,0.1083,0.3,0.1912,0.5994,1.2864
125.301,2,RETURN_HOME,-4.7413,12.0328,-2.0561,-1.2493,-0.7822,-1.2558,-1.0493,-0.9822,1.4373,0.0,0.0,12.9333,6.783688545227051,3.166971206665039,20.89,0,1,180,1.796,0.3681,1.0,0.4791,0.1104,0.3,0.1916,0.6021,1.2684
125.351,2,RETURN_HOME,-4.8044,11.9976,-2.0537,-1.2381,-0.8012,-1.2498,-1.0381,-1.0012,1.4423,0.0,0.0,12.9238,6.773735046386719,3.182021141052246,22.15,0,1,180,1.755,0.3769,1.0,0.4808,0.1131,0.3,0.1923,0.6054,1.2262
125.401,2,RETURN_HOME,-4.8669,11.9593,-2.0472,-1.2276,-0.8221,-1.244,-1.0276,-1.0221,1.4493,0.0,0.0,12.9117,6.768064975738525,3.195556402206421,22.65,0,1,180,1.793,0.3859,1.0,0.4831,0.1158,0.3,0.1932,0.609,1.211
125.451,2,RETURN_HOME,-4.9183,11.9264,-2.0422,-1.2186,-0.8396,-1.2392,-1.0186,-1.0396,1.4555,0.0,0.0,12.9007,6.760227680206299,3.2003462314605713,23.4,0,1,180,1.696,0.3936,1.0,0.4852,0.1181,0.3,0.1941,0.6121,1.1954
125.501,2,RETURN_HOME,-4.969,11.8928,-2.0376,-1.2092,-0.8573,-1.2345,-1.0092,-1.0573,1.4616,0.0,0.0,12.8891,6.749322414398193,3.2200851440429688,24.65,0,1,180,1.566,0.4013,1.0,0.4872,0.1204,0.3,0.1949,0.6153,1.1503
125.551,2,RETURN_HOME,-5.0264,11.8532,-2.0314,-1.1967,-0.8778,-1.229,-0.9967,-1.0778,1.468,0.0,0.0,12.8749,6.742319583892822,3.227354049682617,25.15,0,1,180,1.785,0.4109,1.0,0.4893,0.1233,0.3,0.1957,0.619,1.144
125.601,2,RETURN_HOME,-5.0738,11.8191,-2.0268,-1.186,-0.895,-1.2244,-0.986,-1.095,1.4735,0.0,0.0,12.8622,6.73505973815918,3.240676164627075,25.9,0,1,180,1.554,0.4189,1.0,0.4912,0.1257,0.3,0.1965,0.6221,1.1342
125.651,2,RETURN_HOME,-5.1301,11.7776,-2.0217,-1.1731,-0.9153,-1.2188,-0.9731,-1.1153,1.4801,0.0,0.0,12.8464,6.718613147735596,3.263864755630493,26.9,0,1,180,1.742,0.4283,1.0,0.4934,0.1285,0.3,0.1974,0.6258,1.1082
125.701,2,RETURN_HOME,-5.1857,11.7358,-2.0169,-1.16,-0.9354,-1.2133,-0.96,-1.0354,1.412,0.0,0.0,12.8305,6.713106155395508,3.270089626312256,27.65,0,1,180,1.573,0.3959,1.0,0.4707,0.1188,0.3,0.1883,0.607,1.0984
125.752,2,RETURN_HOME,-5.2316,11.6999,-2.0134,-1.1491,-0.9525,-1.2088,-0.9491,-1.0525,1.4172,0.0,0.0,12.8163,6.70383882522583,3.285444498062134,28.4,0,1,180,1.631,0.4046,1.0,0.4724,0.1214,0.3,0.189,0.6103,1.0847
125.801,2,RETURN_HOME,-5.2777,11.6627,-2.0111,-1.1382,-0.9701,-1.2043,-0.9382,-1.0701,1.4232,0.0,0.0,12.8013,6.688203811645508,3.299891471862793,29.4,0,1,180,1.566,0.4132,1.0,0.4744,0.124,0.3,0.1898,0.6137,1.0515
125.851,2,RETURN_HOME,-5.3334,11.6163,-2.0099,-1.1258,-0.9891,-1.1989,-0.9258,-1.0891,1.4294,0.0,0.0,12.7822,6.677886486053467,3.3122737407684326,30.15,0,1,180,1.635,0.4222,1.0,0.4765,0.1267,0.3,0.1906,0.6172,1.0482
125.901,2,RETURN_HOME,-5.3792,11.5769,-2.009,-1.1153,-1.003,-1.1944,-0.9153,-1.103,1.4333,0.0,0.0,12.7657,6.667810916900635,3.325570583343506,30.65,0,1,180,1.753,0.4288,1.0,0.4778,0.1286,0.3,0.1911,0.6197,1.042
125.951,2,RETURN_HOME,-5.4255,11.5362,-2.0085,-1.1048,-1.0158,-1.19,-0.9048,-1.0158,1.3604,0.0,0.0,12.7484,6.647126197814941,3.34476637840271,31.9,0,1,180,1.817,0.3927,1.0,0.4535,0.1178,0.3,0.1814,0.5992,1.0048
126.001,2,RETURN_HOME,-5.4817,11.4855,-2.0083,-1.0921,-1.0311,-1.1846,-0.8921,-1.0311,1.3634,0.0,0.0,12.7266,6.639821529388428,3.3575470447540283,32.41,0,1,180,1.564,0.4007,1.0,0.4545,0.1202,0.3,0.1818,0.602,1.0018
126.051,2,RETURN_HOME,-5.5368,11.4343,-2.0081,-1.0792,-1.0455,-1.1792,-0.8792,-1.0455,1.366,0.0,0.0,12.7043,6.626628398895264,3.372655153274536,33.16,0,1,180,1.785,0.4084,1.0,0.4553,0.1225,0.3,0.1821,0.6046,0.9947
126.101,2,RETURN_HOME,-5.5835,11.3917,-2.009,-1.069,-1.0549,-1.1747,-0.869,-1.0549,1.3667,0.0,0.0,12.6865,6.60917329788208,3.3936944007873535,34.16,0,1,180,1.762,0.4132,1.0,0.4556,0.124,0.3,0.1822,0.6062,0.9653
126.151,2,RETURN_HOME,-5.639,11.3404,-2.0102,-1.0568,-1.0638,-1.1693,-0.8568,-1.0638,1.3659,0.0,0.0,12.665,6.598911285400391,3.4074337482452393,34.91,0,1,180,1.844,0.4181,1.0,0.4553,0.1254,0.3,0.1821,0.6075,0.9629
126.201,2,RETURN_HOME,-5.6843,11.2973,-2.011,-1.0463,-1.07,-1.1648,-0.8463,-1.07,1.3642,0.0,0.0,12.6467,6.588469982147217,3.4189505577087402,35.41,0,1,180,1.646,0.4218,1.0,0.4547,0.1266,0.3,0.1819,0.6084,0.956
126.251,2,RETURN_HOME,-5.7381,11.2467,-2.0183,-1.0335,-1.0759,-1.1592,-0.8335,-1.0759,1.3609,0.0,0.0,12.6259,6.566827774047852,3.4472718238830566,36.41,0,1,180,1.718,0.4258,1.0,0.4536,0.1278,0.3,0.1815,0.6092,0.9356
126.301,2,RETURN_HOME,-5.7908,11.1959,-2.0256,-1.0204,-1.0814,-1.1535,-0.8204,-1.0814,1.3574,0.0,0.0,12.6048,6.5597310066223145,3.4575600624084473,36.91,0,1,180,1.587,0.43,1.0,0.4525,0.129,0.3,0.181,0.61,0.9357
126.351,2,RETURN_HOME,-5.8338,11.1532,-2.0307,-1.0094,-1.0862,-1.1487,-0.8094,-1.0862,1.3546,0.0,0.0,12.5868,6.549396514892578,3.4739298820495605,37.66,0,1,180,1.561,0.4336,1.0,0.4515,0.1301,0.3,0.1806,0.6107,0.9307
126.401,2,RETURN_HOME,-5.879,11.1109,-2.0347,-0.9995,-1.0907,-1.1439,-0.7995,-0.9907,1.2731,0.0,0.0,12.5703,6.53023624420166,3.4995999336242676,38.66,0,1,180,1.583,0.3941,1.0,0.4244,0.1182,0.3,0.1697,0.588,0.8982
126.451,2,RETURN_HOME,-5.9318,11.0596,-2.0384,-0.9874,-1.0967,-1.1381,-0.7874,-0.9967,1.2702,0.0,0.0,12.55,6.520798206329346,3.518693208694458,39.16,0,1,180,1.742,0.3985,1.0,0.4234,0.1195,0.3,0.1694,0.5889,0.8961
126.501,2,RETURN_HOME,-5.9749,11.0172,-2.0401,-0.977,-1.1017,-1.1332,-0.777,-1.0017,1.2677,0.0,0.0,12.5331,6.5084919929504395,3.4945449829101562,-114.73,0,1,180,1.76,0.4024,1.0,0.4226,0.1207,0.3,0.169,0.5897,0.8911
126.551,2,RETURN_HOME,-6.026,10.9687,-2.0383,-0.9644,-1.1041,-1.1274,-0.7644,-1.0041,1.262,0.0,0.0,12.515,6.490487098693848,3.4327914714813232,-115.48,0,1,180,1.744,0.4057,1.0,0.4207,0.1217,0.3,0.1683,0.59,0.8723
126.601,2,RETURN_HOME,-6.0757,10.9195,-2.0363,-0.9514,-1.1046,-1.1217,-0.7514,-1.0046,1.2545,0.0,0.0,12.4959,6.482152462005615,3.402374029159546,-115.23,0,1,180,1.611,0.4085,1.0,0.4182,0.1226,0.3,0.1673,0.5898,0.8741
126.653,2,RETURN_HOME,-6.1144,10.8786,-2.0347,-0.9393,-1.1037,-1.1169,-0.7393,-1.0037,1.2466,0.0,0.0,12.4791,6.473446846008301,3.367316961288452,-116.48,0,1,180,2.414,0.4113,1.0,0.4155,0.1234,0.3,0.1662,0.5896,0.8758
126.701,2,RETURN_HOME,-6.1499,10.8381,-2.0333,-0.9259,-1.1022,-1.112,-0.7259,-1.1022,1.3198,0.0,0.0,12.4614,6.458483695983887,3.307809829711914,-116.98,0,1,180,1.636,0.4549,1.0,0.4399,0.1365,0.3,0.176,0.6124,0.8712
126.751,2,RETURN_HOME,-6.192,10.7891,-2.0316,-0.9099,-1.1001,-1.1062,-0.7099,-1.1001,1.3092,0.0,0.0,12.4397,6.45438814163208,3.278761863708496,-117.48,0,1,180,1.768,0.4588,1.0,0.4364,0.1377,0.3,0.1746,0.6122,0.8852
126.801,2,RETURN_HOME,-6.2276,10.7489,-2.0282,-0.8966,-1.098,-1.1013,-0.6966,-1.098,1.3003,0.0,0.0,12.4227,6.4499430656433105,3.2450835704803467,-117.23,0,1,180,1.688,0.462,1.0,0.4334,0.1386,0.3,0.1734,0.612,0.8904
126.851,2,RETURN_HOME,-6.2633,10.709,-2.0238,-0.8834,-1.0979,-1.0964,-0.6834,-1.0979,1.2932,0.0,0.0,12.4061,6.446796417236328,3.1883225440979004,-116.48,0,1,180,1.62,0.466,1.0,0.4311,0.1398,0.3,0.1724,0.6122,0.8807
126.901,2,RETURN_HOME,-6.3053,10.6604,-2.019,-0.8677,-1.1006,-1.0906,-0.6677,-1.1006,1.2873,0.0,0.0,12.3855,6.447688579559326,3.1605052947998047,-118.23,0,1,180,1.616,0.4718,1.0,0.4291,0.1415,0.3,0.1716,0.6132,0.8943
126.951,2,RETURN_HOME,-6.3452,10.6109,-2.0165,-0.8519,-1.1056,-1.0847,-0.6519,-1.1056,1.2835,0.0,0.0,12.3633,6.449901103973389,3.1283462047576904,-118.99,0,1,180,1.62,0.4786,1.0,0.4278,0.1436,0.3,0.1711,0.6147,0.9037
127.001,2,RETURN_HOME,-6.3775,10.5689,-2.0153,-0.8388,-1.1108,-1.0799,-0.6388,-1.1108,1.2814,0.0,0.0,12.344,6.456767559051514,3.0745224952697754,-117.98,0,1,180,1.666,0.4847,1.0,0.4271,0.1454,0.3,0.1708,0.6163,0.8962
127.051,2,RETURN_HOME,-6.4157,10.5178,-2.0139,-0.8232,-1.1175,-1.0742,-0.6232,-1.1175,1.2795,0.0,0.0,12.3202,6.465106010437012,3.047868251800537,-119.99,0,1,180,1.861,0.492,1.0,0.4265,0.1476,0.3,0.1706,0.6182,0.9083
127.101,2,RETURN_HOME,-6.4468,10.4734,-2.0105,-0.8098,-1.1236,-1.0694,-0.6098,-1.1236,1.2784,0.0,0.0,12.2985,6.476858139038086,3.017648458480835,-118.99,0,1,180,1.614,0.4984,1.0,0.4261,0.1495,0.3,0.1705,0.62,0.9181
127.151,2,RETURN_HOME,-6.4774,10.4283,-2.0069,-0.7964,-1.1297,-1.0648,-0.5964,-1.1297,1.2775,0.0,0.0,12.2763,6.51113224029541,2.9648702144622803,-119.99,0,1,180,1.764,0.5049,1.0,0.43,0.1515,0.3,0.172,0.6235,0.9148
127.201,2,RETURN_HOME,-6.5136,10.3739,-2.003,-0.7803,-1.1368,-1.0592,-0.5803,-1.2368,1.3662,0.0,0.0,12.2493,6.544486045837402,2.9399678707122803,-120.49,0,1,180,1.582,0.5408,1.0,0.4926,0.1622,0.3,0.197,0.6593,0.9443
127.251,2,RETURN_HOME,-6.5528,10.3231,-2.0023,-0.7656,-1.1408,-1.0535,-0.5656,-1.2408,1.3636,0.0,0.0,12.2273,7.745695114135742,2.909910202026367,-119.49,0,1,180,1.856,0.5459,1.0,0.4963,0.1638,0.3,0.1985,0.6623,0.9541
127.301,2,RETURN_HOME,-6.5846,10.2802,-2.0019,-0.7532,-1.1442,-1.0489,-0.5532,-1.2442,1.3617,0.0,0.0,12.2082,7.693906784057617,2.8613266944885254,-120.24,0,1,180,1.543,0.5503,1.0,0.4996,0.1651,0.3,0.1998,0.6649,0.9496
127.352,2,RETURN_HOME,-6.6224,10.2278,-2.0011,-0.7381,-1.1514,-1.0433,-0.5381,-1.2514,1.3622,0.0,0.0,12.1845,7.6661481857299805,2.8365895748138428,-120.74,0,1,180,2.67,0.5564,1.0,0.5053,0.1669,0.3,0.2021,0.6691,0.9645
127.401,2,RETURN_HOME,-6.6546,10.1822,-1.9995,-0.726,-1.1605,-1.0389,-0.526,-1.2605,1.3658,0.0,0.0,12.1639,7.637193202972412,2.8100109100341797,-121.24,0,1,180,1.855,0.5618,1.0,0.5116,0.1686,0.3,0.2046,0.6732,0.9718
127.451,2,RETURN_HOME,-6.6921,10.1268,-1.9979,-0.7113,-1.173,-1.0336,-0.5113,-1.273,1.3718,0.0,0.0,12.1383,7.581964492797852,2.762723684310913,-120.74,0,1,180,1.761,0.5687,1.0,0.5201,0.1706,0.3,0.208,0.6787,0.9716
127.501,2,RETURN_HOME,-6.7289,10.0697,-1.9962,-0.6966,-1.187,-1.0284,-0.4966,-1.287,1.3795,0.0,0.0,12.111,7.554086685180664,2.740388870239258,-121.49,0,1,180,1.577,0.5757,1.0,0.5295,0.1727,0.3,0.2118,0.6845,0.9826
127.551,2,RETURN_HOME,-6.7592,10.0199,-1.9947,-0.6844,-1.1997,-1.0242,-0.4844,-1.2997,1.3871,0.0,0.0,12.0866,7.52122688293457,2.7153773307800293,-122.49,0,1,180,1.792,0.5815,1.0,0.5377,0.1744,0.3,0.2151,0.6895,0.9901
127.601,2,RETURN_HOME,-6.7886,9.9698,-1.9934,-0.6721,-1.2122,-1.02,-0.4721,-1.3122,1.3945,0.0,0.0,12.0616,7.463489055633545,2.6705801486968994,-123.24,0,1,180,1.569,0.5872,1.0,0.5459,0.1762,0.3,0.2184,0.6945,0.9933
127.651,2,RETURN_HOME,-6.8226,9.9102,-1.9925,-0.6568,-1.2264,-1.015,-0.4568,-1.3264,1.4029,0.0,0.0,12.0316,7.433089256286621,2.648770809173584,-122.99,0,1,180,1.81,0.5941,1.0,0.5557,0.1782,0.3,0.2223,0.7005,1.0103
127.701,2,RETURN_HOME,-6.8497,9.8608,-1.9924,-0.6436,-1.2378,-1.0108,-0.4436,-1.3378,1.4094,0.0,0.0,12.0064,7.399003982543945,2.624859571456909,-122.49,0,1,180,1.666,0.6,1.0,0.5637,0.18,0.3,0.2255,0.7055,1.0273
127.751,2,RETURN_HOME,-6.8762,9.8109,-1.9922,-0.6304,-1.2488,-1.0066,-0.4304,-1.3488,1.4158,0.0,0.0,11.9807,7.335318565368652,2.5830721855163574,-123.99,0,1,180,1.63,0.6057,1.0,0.5717,0.1817,0.3,0.2287,0.7104,1.0387
127.801,2,RETURN_HOME,-6.9078,9.7508,-1.9926,-0.6145,-1.2619,-1.0014,-0.4145,-1.3619,1.4236,0.0,0.0,11.9497,7.3041090965271,2.563983201980591,-124.49,0,1,180,1.687,0.6123,1.0,0.5811,0.1837,0.3,0.2325,0.7162,1.0639
127.851,2,RETURN_HOME,-6.9391,9.6903,-1.9934,-0.5984,-1.2748,-0.9962,-0.3984,-1.3748,1.4314,0.0,0.0,11.9186,7.267324924468994,2.540236711502075,-124.99,0,1,180,2.0,0.6189,1.0,0.5906,0.1857,0.3,0.2362,0.7219,1.0872
127.901,2,RETURN_HOME,-6.9642,9.6393,-1.994,-0.585,-1.2856,-0.9919,-0.385,-1.3856,1.4381,0.0,0.0,11.8919,7.204305171966553,2.5021376609802246,-124.74,0,1,180,1.632,0.6242,1.0,0.5985,0.1873,0.3,0.2394,0.7267,1.0982
127.951,2,RETURN_HOME,-6.9907,9.5799,-1.9933,-0.5676,-1.2971,-0.9867,-0.3676,-1.3971,1.4447,0.0,0.0,11.8594,7.171069622039795,2.483473300933838,-123.99,0,1,180,1.727,0.6312,1.0,0.6079,0.1894,0.3,0.2432,0.7325,1.1252
128.001,2,RETURN_HOME,-7.0117,9.5301,-1.9926,-0.5529,-1.3067,-0.9824,-0.3529,-1.4,1.4438,0.0,0.0,11.8316,7.13155460357666,2.4625794887542725,-123.99,0,1,180,1.768,0.6362,1.0,0.6124,0.1909,0.3,0.2449,0.7358,1.1454
128.052,2,RETURN_HOME,-7.0323,9.4796,-1.992,-0.5383,-1.3165,-0.9781,-0.3383,-1.4,1.4403,0.0,0.0,11.8033,7.06528377532959,2.4271371364593506,-124.49,0,1,180,2.103,0.6407,1.0,0.6152,0.1922,0.3,0.2461,0.7383,1.1635
128.101,2,RETURN_HOME,-7.0577,9.4162,-1.9928,-0.5215,-1.3299,-0.9731,-0.3215,-1.4,1.4364,0.0,0.0,11.7676,7.031455039978027,2.408261775970459,-124.99,0,1,180,1.673,0.6457,1.0,0.6183,0.1937,0.3,0.2473,0.741,1.1892
128.151,2,RETURN_HOME,-7.0784,9.3625,-1.9936,-0.5076,-1.3412,-0.9688,-0.3076,-1.4,1.4334,0.0,0.0,11.7371,6.993321895599365,2.3906471729278564,-124.99,0,1,180,1.665,0.6497,1.0,0.6209,0.1949,0.3,0.2483,0.7433,1.2102
128.202,2,RETURN_HOME,-7.0984,9.3084,-1.9942,-0.4937,-1.3523,-0.9647,-0.2937,-1.4,1.4305,0.0,0.0,11.7062,6.957977771759033,2.3741445541381836,-124.99,0,1,180,1.929,0.6537,1.0,0.6234,0.1961,0.3,0.2494,0.7455,1.2323
128.251,2,RETURN_HOME,-7.1217,9.2443,-1.9918,-0.477,-1.3641,-0.9597,-0.277,-1.4,1.4271,0.0,0.0,11.6695,6.888370990753174,2.341202974319458,-124.99,0,1,180,1.766,0.6587,1.0,0.6267,0.1976,0.3,0.2507,0.7483,1.2572
128.301,2,RETURN_HOME,-7.1405,9.1906,-1.9896,-0.463,-1.3731,-0.9556,-0.263,-1.4,1.4245,0.0,0.0,11.6384,6.847736835479736,2.3243277072906494,-126.74,0,1,180,1.621,0.6628,1.0,0.6295,0.1989,0.3,0.2518,0.7506,1.2801
128.351,2,RETURN_HOME,-7.1586,9.1363,-1.9876,-0.4489,-1.3817,-0.9516,-0.2489,-1.4,1.422,0.0,0.0,11.6068,6.808699131011963,2.3092732429504395,-126.49,0,1,180,1.771,0.667,1.0,0.6323,0.2001,0.3,0.2529,0.753,1.3039
128.401,2,RETURN_HOME,-7.1798,9.0716,-1.9835,-0.4321,-1.3908,-0.9468,-0.2321,-1.4,1.4191,0.0,0.0,11.5691,6.735326290130615,2.279496908187866,-126.24,0,1,180,1.568,0.672,1.0,0.6358,0.2016,0.3,0.2543,0.7559,1.3329
128.451,2,RETURN_HOME,-7.1969,9.0171,-1.9806,-0.4181,-1.3979,-0.9427,-0.2181,-1.4,1.4169,0.0,0.0,11.537,6.692972183227539,2.263040065765381,-127.74,0,1,180,1.73,0.6763,1.0,0.6388,0.2029,0.3,0.2555,0.7584,1.3578
128.501,2,RETURN_HOME,-7.2164,8.951,-1.9771,-0.401,-1.4058,-0.9377,-0.201,-1.4,1.4144,0.0,0.0,11.4977,6.655317783355713,2.2493128776550293,-125.99,0,1,180,1.226,0.6814,1.0,0.6425,0.2044,0.3,0.257,0.7614,1.3886
128.551,2,RETURN_HOME,-7.2344,8.8839,-1.9716,-0.3836,-1.4135,-0.9326,-0.1836,-1.4,1.412,0.0,0.0,11.4569,6.577719211578369,2.2228386402130127,-127.24,0,1,180,1.229,0.6867,1.0,0.6464,0.206,0.3,0.2586,0.7646,1.4209
128.601,2,RETURN_HOME,-7.2489,8.8276,-1.9678,-0.369,-1.4194,-0.9284,-0.169,-1.4,1.4102,0.0,0.0,11.4224,6.53516960144043,2.207289934158325,-127.99,0,1,180,1.035,0.6912,1.0,0.6498,0.2074,0.3,0.2599,0.7673,1.4486
128.651,2,RETURN_HOME,-7.2627,8.7715,-1.9643,-0.3544,-1.4247,-0.9242,-0.1544,-1.4,1.4085,0.0,0.0,11.3879,6.497213363647461,2.1960108280181885,-126.24,0,1,180,1.216,0.6957,1.0,0.6532,0.2087,0.3,0.2613,0.77,1.475
128.701,2,RETURN_HOME,-7.278,8.706,-1.9596,-0.3369,-1.4296,-0.9192,-0.1369,-1.4,1.4067,0.0,0.0,11.3474,6.418802738189697,2.1716291904449463,-127.49,0,1,180,1.094,0.7012,1.0,0.6576,0.2104,0.3,0.263,0.7734,1.5088
128.751,2,RETURN_HOME,-7.2926,8.6399,-1.9559,-0.3193,-1.434,-0.9141,-0.1193,-1.4,1.4051,0.0,0.0,11.3062,6.373477935791016,2.1594314575195312,-130.25,0,1,180,1.143,0.7066,1.0,0.6619,0.212,0.3,0.2648,0.7768,1.5021
128.801,2,RETURN_HOME,-7.3032,8.5821,-1.9514,-0.3042,-1.4386,-0.9099,-0.1042,-1.4,1.4039,0.0,0.0,11.2689,6.336225509643555,2.148432493209839,-127.24,0,1,180,1.157,0.7114,1.0,0.6658,0.2134,0.3,0.2663,0.7797,1.4483
128.851,2,RETURN_HOME,-7.3145,8.5107,-1.9457,-0.2857,-1.4446,-0.9049,-0.0857,-1.4,1.4026,0.0,0.0,11.2221,6.2566046714782715,2.127427816390991,-128.49,0,1,180,1.208,0.7172,1.0,0.6706,0.2151,0.3,0.2682,0.7834,1.3561
128.901,2,RETURN_HOME,-7.3236,8.4512,-1.9418,-0.2703,-1.4492,-0.9007,-0.0703,-1.4,1.4018,0.0,0.0,11.183,6.210598945617676,2.117004156112671,-128.99,0,1,180,1.101,0.7219,1.0,0.6747,0.2166,0.3,0.2699,0.7864,1.2973
128.951,2,RETURN_HOME,-7.3357,8.3916,-1.9392,-0.2563,-1.4531,-0.8966,-0.0563,-1.4,1.4011,0.0,0.0,11.1459,6.172036170959473,2.109179973602295,-127.74,0,1,180,1.096,0.7258,1.0,0.678,0.2177,0.3,0.2712,0.7889,1.2443
129.001,2,RETURN_HOME,-7.3543,8.3081,-1.937,-0.2379,-1.4577,-0.8907,-0.0379,-1.4,1.4005,0.0,0.0,11.0955,6.087708473205566,2.0904297828674316,-128.74,0,1,180,1.12,0.7306,1.0,0.6821,0.2192,0.3,0.2728,0.792,1.1524
129.051,2,RETURN_HOME,-7.3665,8.2485,-1.9362,-0.2245,-1.4605,-0.8865,-0.0245,-1.4,1.4002,0.0,0.0,11.0591,6.0449910163879395,2.080162286758423,-129.75,0,1,180,1.217,0.7341,1.0,0.6853,0.2202,0.3,0.2741,0.7943,1.0957
129.102,2,RETURN_HOME,-7.3798,8.1901,-1.9332,-0.212,-1.4627,-0.8823,-0.012,-1.4,1.4001,0.0,0.0,11.0245,6.002254009246826,2.0722525119781494,-130.25,0,1,180,1.818,0.7372,1.0,0.688,0.2211,0.3,0.2752,0.7964,1.0471
129.151,2,RETURN_HOME,-7.3944,8.1198,-1.9305,-0.1964,-1.465,-0.8773,0.0036,-1.3,1.3,0.0,0.0,10.9822,5.922256946563721,2.0584640502929688,-130.25,0,1,180,1.263,0.7412,1.0,0.6424,0.2224,0.3,0.257,0.7793,1.1923
129.201,2,RETURN_HOME,-7.4055,8.0612,-1.9291,-0.1829,-1.4669,-0.8731,0.0171,-1.3,1.3001,0.0,0.0,10.9464,5.8744635581970215,2.0510201454162598,-130.5,0,1,180,1.105,0.7452,1.0,0.6459,0.2236,0.3,0.2584,0.7819,1.1326
129.251,2,RETURN_HOME,-7.4131,8.005,-1.9279,-0.1684,-1.4676,-0.8689,0.0316,-1.3,1.3004,0.0,0.0,10.9103,5.831473350524902,2.045841693878174,-131.25,0,1,180,1.212,0.75,1.0,0.6502,0.225,0.3,0.2601,0.7851,1.0795
129.301,2,RETURN_HOME,-7.4215,7.9372,-1.9272,-0.1509,-1.466,-0.8638,0.0491,-1.3,1.3009,0.0,0.0,10.8663,5.746550559997559,2.034313678741455,-131.75,0,1,180,1.087,0.7557,1.0,0.6554,0.2267,0.3,0.2622,0.7889,0.9789
129.351,2,RETURN_HOME,-7.4291,7.8691,-1.9281,-0.1333,-1.4617,-0.8588,0.0667,-1.3,1.3017,0.0,0.0,10.8219,5.70245361328125,2.028198003768921,-131.75,0,1,180,1.211,0.7614,1.0,0.6607,0.2284,0.3,0.2643,0.7927,0.9152
129.4,2,RETURN_HOME,-7.4356,7.8125,-1.9324,-0.119,-1.4561,-0.8545,0.081,-1.3,1.3025,0.0,0.0,10.7854,5.658398628234863,2.0230867862701416,-130.5,0,1,180,1.032,0.7658,1.0,0.665,0.2297,0.3,0.266,0.7957,0.8618
129.451,2,RETURN_HOME,-7.4424,7.7447,-1.9374,-0.1017,-1.4487,-0.8494,0.0983,-1.2,1.204,0.0,0.0,10.741,5.57528018951416,2.0141842365264893,-131.25,0,1,180,1.116,0.7752,1.0,0.6222,0.2326,0.3,0.2489,0.7814,1.0137
129.501,2,RETURN_HOME,-7.4475,7.6876,-1.9415,-0.0872,-1.4427,-0.8452,0.1128,-1.2,1.2053,0.0,0.0,10.7035,5.527209281921387,2.0101335048675537,-131.25,0,1,180,1.079,0.7802,1.0,0.6269,0.2341,0.3,0.2508,0.7848,0.9541
129.551,2,RETURN_HOME,-7.4521,7.6298,-1.9456,-0.0728,-1.4377,-0.841,0.1272,-1.2,1.2067,0.0,0.0,10.6652,5.4445271492004395,2.004422187805176,-132.5,0,1,180,1.126,0.785,1.0,0.6316,0.2355,0.3,0.2526,0.7881,0.8444
129.6,2,RETURN_HOME,-7.4573,7.5493,-1.9509,-0.0529,-1.4285,-0.8351,0.1471,-1.2,1.209,0.0,0.0,10.6114,5.401760101318359,2.002784013748169,-132.25,0,1,180,1.004,0.7917,1.0,0.6381,0.2375,0.3,0.2552,0.7927,0.7598
129.651,2,RETURN_HOME,-7.4583,7.4916,-1.9578,-0.038,-1.4205,-0.8307,0.062,-1.2,1.2016,0.0,0.0,10.5711,5.355816841125488,2.0005805492401123,-132.5,0,1,180,1.214,0.7442,1.0,0.5961,0.2232,0.3,0.2385,0.7617,0.8289
129.701,2,RETURN_HOME,-7.4575,7.4339,-1.9662,-0.0225,-1.4118,-0.8263,0.0775,-1.2,1.2025,0.0,0.0,10.5299,5.274920463562012,1.9985451698303223,-133.75,0,1,180,1.149,0.7502,1.0,0.6014,0.225,0.3,0.2406,0.7656,0.7329
129.751,2,RETURN_HOME,-7.4562,7.3653,-1.975,-0.0039,-1.4008,-0.8208,-0.0039,-1.2,1.2,0.0,0.0,10.4806,5.233524799346924,1.996278166770935,-134.25,0,1,180,1.142,0.7005,1.0,0.5604,0.2101,0.3,0.2241,0.7343,0.8788
129.801,2,RETURN_HOME,-7.4542,7.2982,-1.982,0.0125,-1.3891,-0.8153,0.2125,-1.1,1.1203,0.0,0.0,10.4322,5.187033653259277,1.9959614276885986,-131.0,0,1,180,1.74,0.8224,1.0,0.6142,0.2467,0.3,0.2457,0.7924,0.7574
129.852,2,RETURN_HOME,-7.4527,7.2541,-1.9858,0.0221,-1.3814,-0.8115,0.2221,-1.1,1.1222,0.0,0.0,10.4002,5.108508110046387,1.9955772161483765,-134.25,0,1,180,1.818,0.8255,1.0,0.6176,0.2477,0.3,0.247,0.7947,0.6671
129.901,2,RETURN_HOME,-7.4496,7.1773,-1.9917,0.0333,-1.3689,-0.8054,0.1333,-1.1,1.108,0.0,0.0,10.3445,5.067412376403809,1.9960064888000488,-134.0,0,1,180,1.7,0.7754,1.0,0.5728,0.2326,0.3,0.2291,0.7617,0.7295
129.951,2,RETURN_HOME,-7.4512,7.123,-1.9949,0.0404,-1.3596,-0.8014,0.1404,-1.1,1.1089,0.0,0.0,10.3081,5.022088050842285,1.9943668842315674,-135.0,0,1,180,1.695,0.777,1.0,0.5744,0.2331,0.3,0.2298,0.7628,0.6802
130.002,2,RETURN_HOME,-7.4522,7.069,-1.9977,0.0497,-1.3494,-0.7974,0.0497,-1.1,1.1011,0.0,0.0,10.2716,4.9405517578125,1.999108076095581,-133.75,0,1,180,1.898,0.7203,1.0,0.5287,0.2161,0.3,0.2115,0.7276,0.7802
130.051,2,RETURN_HOME,-7.4523,7.0048,-2.0004,0.0618,-1.3359,-0.7924,0.0618,-1.1,1.1017,0.0,0.0,10.2276,4.900326251983643,1.9996291399002075,-134.75,0,1,180,1.807,0.7247,1.0,0.5323,0.2174,0.3,0.2129,0.7303,0.7315
130.101,2,RETURN_HOME,-7.4473,6.9417,-2.0075,0.0754,-1.322,-0.7873,0.0754,-1.1,1.1026,0.0,0.0,10.1808,4.853632926940918,2.0032503604888916,-134.25,0,1,180,1.731,0.7303,1.0,0.5368,0.2191,0.3,0.2147,0.7338,0.6759
130.151,2,RETURN_HOME,-7.4428,6.8896,-2.0125,0.0844,-1.3102,-0.783,-0.0156,-1.1,1.1001,0.0,0.0,10.1421,4.776785373687744,2.006556987762451,-134.5,0,1,180,1.763,0.6688,1.0,0.4905,0.2007,0.3,0.1962,0.6969,0.8447
130.201,2,RETURN_HOME,-7.4385,6.8274,-2.016,0.0923,-1.2967,-0.7779,-0.0077,-1.0967,1.0967,0.0,0.0,10.0968,4.737296104431152,2.0088729858398438,-134.25,0,1,180,1.61,0.671,1.0,0.4906,0.2013,0.3,0.1963,0.6976,0.7993
130.251,2,RETURN_HOME,-7.4369,6.7757,-2.0158,0.0964,-1.2863,-0.7737,-0.0036,-1.0863,1.0863,0.0,0.0,10.0607,4.693573951721191,2.012038230895996,-134.5,0,1,180,1.793,0.671,1.0,0.4859,0.2013,0.3,0.1944,0.6957,0.7604
130.301,2,RETURN_HOME,-7.4349,6.7244,-2.0154,0.0977,-1.2765,-0.7695,-0.0023,-1.0765,1.0765,0.0,0.0,10.0248,4.617351055145264,2.0170414447784424,-134.5,0,1,180,1.667,0.6692,1.0,0.4803,0.2008,0.3,0.1921,0.6929,0.6906
130.352,2,RETURN_HOME,-7.4321,6.6645,-2.0142,0.0967,-1.2651,-0.7647,-0.0033,-1.0651,1.0651,0.0,0.0,9.9826,4.5792365074157715,2.0200228691101074,-134.0,0,1,180,1.687,0.6653,1.0,0.4724,0.1996,0.3,0.189,0.6886,0.6887
130.401,2,RETURN_HOME,-7.4291,6.607,-2.0121,0.094,-1.2532,-0.7601,-0.006,-1.0532,1.0532,0.0,0.0,9.942,4.53087043762207,2.0239083766937256,-134.5,0,1,180,1.605,0.6603,1.0,0.4636,0.1981,0.3,0.1855,0.6835,0.6976
130.452,2,RETURN_HOME,-7.4265,6.5592,-2.0103,0.0913,-1.2439,-0.7564,-0.0087,-1.0439,1.0439,0.0,0.0,9.9083,4.454884052276611,2.0298914909362793,-135.0,0,1,180,1.871,0.6557,1.0,0.4563,0.1967,0.3,0.1825,0.6792,0.6776
130.501,2,RETURN_HOME,-7.4234,6.5036,-2.0082,0.0878,-1.2326,-0.7521,-0.0122,-1.0326,1.0327,0.0,0.0,9.8694,4.414877414703369,2.0331103801727295,-134.5,0,1,180,1.587,0.65,1.0,0.4475,0.195,0.3,0.179,0.674,0.6909
130.551,2,RETURN_HOME,-7.4205,6.4496,-2.0062,0.0845,-1.2211,-0.7478,-0.0155,-1.0211,1.0212,0.0,0.0,9.8316,4.37053108215332,2.0366013050079346,-134.5,0,1,180,1.788,0.6445,1.0,0.4388,0.1933,0.3,0.1755,0.6688,0.6995
130.601,2,RETURN_HOME,-7.418,6.4044,-2.0047,0.082,-1.2116,-0.7444,-0.018,-1.0116,1.0117,0.0,0.0,9.8002,4.292776107788086,2.042593002319336,-135.0,0,1,180,1.582,0.64,1.0,0.4316,0.192,0.3,0.1727,0.6646,0.6827
130.651,2,RETURN_HOME,-7.417,6.3503,-2.0003,0.0782,-1.2002,-0.7403,-0.0218,-1.1002,1.1004,0.0,0.0,9.7641,4.251338958740234,2.045518398284912,-134.75,0,1,180,1.919,0.6352,1.0,0.466,0.1906,0.3,0.1864,0.677,0.6313
130.702,2,RETURN_HOME,-7.4162,6.3052,-1.9967,0.0751,-1.1906,-0.7369,-0.0249,-1.0906,1.0909,0.0,0.0,9.7342,4.206588268280029,2.0487873554229736,-135.0,0,1,180,1.85,0.6302,1.0,0.4583,0.189,0.3,0.1833,0.6724,0.6399
130.752,2,RETURN_HOME,-7.4153,6.2601,-1.9935,0.0723,-1.1807,-0.7336,-0.0277,-1.0807,1.081,0.0,0.0,9.7044,4.129750728607178,2.0533599853515625,-135.0,0,1,180,1.852,0.6253,1.0,0.4506,0.1876,0.3,0.1802,0.6678,0.6116
130.801,2,RETURN_HOME,-7.4107,6.1977,-1.9906,0.07,-1.1693,-0.7289,-0.03,-1.0693,1.0698,0.0,0.0,9.6607,4.090273380279541,2.055715560913086,-135.0,0,1,180,1.803,0.6198,1.0,0.442,0.1859,0.3,0.1768,0.6627,0.6203
130.851,2,RETURN_HOME,-7.4072,6.1532,-1.989,0.0685,-1.1634,-0.7256,-0.0315,-1.0634,1.0638,0.0,0.0,9.6295,4.045345783233643,2.05995512008667,-135.0,0,1,180,1.943,0.6159,1.0,0.4368,0.1848,0.3,0.1747,0.6595,0.6174
130.901,2,RETURN_HOME,-7.4038,6.1086,-1.9876,0.0668,-1.1588,-0.7223,-0.0332,-1.0588,1.0594,0.0,0.0,9.5985,3.965545415878296,2.0644025802612305,-134.75,0,1,180,1.569,0.612,1.0,0.4322,0.1836,0.3,0.1729,0.6565,0.6042
130.951,2,RETURN_HOME,-7.4045,6.0581,-1.9838,0.063,-1.1531,-0.7184,-0.037,-1.0531,1.0538,0.0,0.0,9.567,3.9277994632720947,2.06807279586792,-134.75,0,1,180,1.626,0.6056,1.0,0.4255,0.1817,0.3,0.1702,0.6519,0.6174
131.001,2,RETURN_HOME,-7.4049,6.0156,-1.9813,0.0596,-1.1489,-0.7152,-0.0404,-1.0489,1.0496,0.0,0.0,9.5404,3.883169174194336,2.070068120956421,-134.5,0,1,180,1.597,0.6002,1.0,0.42,0.1801,0.3,0.168,0.6481,0.626
131.051,2,RETURN_HOME,-7.4044,5.9727,-1.979,0.0565,-1.145,-0.7119,-0.0435,-1.045,1.0459,0.0,0.0,9.5131,3.8040716648101807,2.075448751449585,-134.75,0,1,180,1.717,0.595,1.0,0.4148,0.1785,0.3,0.1659,0.6444,0.6277
131.101,2,RETURN_HOME,-7.4009,5.9204,-1.9759,0.054,-1.1407,-0.7081,-0.046,-1.0407,1.0417,0.0,0.0,9.4776,3.7653369903564453,2.0767946243286133,-135.0,0,1,180,1.664,0.5896,1.0,0.4095,0.1769,0.3,0.1638,0.6407,0.6334
131.151,2,RETURN_HOME,-7.3982,5.8767,-1.9739,0.0519,-1.1371,-0.7049,-0.0481,-1.0371,1.0382,0.0,0.0,9.4482,3.7207717895507812,2.081357717514038,-134.75,0,1,180,1.717,0.585,1.0,0.4049,0.1755,0.3,0.162,0.6375,0.6357
131.201,2,RETURN_HOME,-7.3953,5.8324,-1.9719,0.0498,-1.1336,-0.7017,-0.0502,-1.0336,1.0348,0.0,0.0,9.4185,3.6392428874969482,2.084141492843628,-135.0,0,1,180,1.568,0.5804,1.0,0.4004,0.1741,0.3,0.1602,0.6343,0.6304
131.251,2,RETURN_HOME,-7.3906,5.7772,-1.9681,0.0474,-1.1302,-0.6978,-0.0526,-1.0302,1.0316,0.0,0.0,9.3807,3.59975528717041,2.0867092609405518,-135.0,0,1,180,1.646,0.5749,1.0,0.3954,0.1725,0.3,0.1582,0.6306,0.6388
131.301,2,RETURN_HOME,-7.3863,5.7222,-1.9652,0.0449,-1.1266,-0.6939,-0.0551,-1.0266,1.0281,0.0,0.0,9.3435,3.556974411010742,2.088913679122925,-135.0,0,1,180,1.455,0.5692,1.0,0.3901,0.1708,0.3,0.156,0.6268,0.6477
131.351,2,RETURN_HOME,-7.3838,5.6854,-1.9617,0.0432,-1.1239,-0.6913,-0.0568,-1.0239,1.0255,0.0,0.0,9.319,3.4754557609558105,2.0927560329437256,-135.0,0,1,180,1.619,0.5652,1.0,0.3864,0.1696,0.3,0.1546,0.6241,0.6389
131.401,2,RETURN_HOME,-7.3803,5.63,-1.9549,0.0405,-1.1196,-0.6874,-0.0595,-1.1196,1.1212,0.0,0.0,9.2826,3.4354758262634277,2.096607208251953,-135.0,0,1,180,1.663,0.5635,1.0,0.4212,0.169,0.3,0.1685,0.6375,0.6303
131.451,2,RETURN_HOME,-7.3772,5.5749,-1.9494,0.0377,-1.1149,-0.6834,-0.0623,-1.1149,1.1166,0.0,0.0,9.2468,3.392559766769409,2.098917245864868,-134.75,0,1,180,1.598,0.5574,1.0,0.415,0.1672,0.3,0.166,0.6332,0.6376
131.501,2,RETURN_HOME,-7.3758,5.5302,-1.9491,0.0348,-1.1105,-0.68,-0.0652,-1.1105,1.1124,0.0,0.0,9.2188,3.350895881652832,2.100764513015747,-134.75,0,1,180,1.714,0.5519,1.0,0.4093,0.1656,0.3,0.1637,0.6293,0.6453
131.551,2,RETURN_HOME,-7.375,5.4774,-1.9518,0.0312,-1.1072,-0.6759,-0.0688,-1.1072,1.1094,0.0,0.0,9.1866,3.2719955444335938,2.1051065921783447,-134.75,0,1,180,1.835,0.5453,1.0,0.4033,0.1636,0.3,0.1613,0.6249,0.6482
131.601,2,RETURN_HOME,-7.3744,5.4334,-1.9541,0.0283,-1.1066,-0.6724,-0.0717,-1.1066,1.1089,0.0,0.0,9.1599,3.2272558212280273,2.1049911975860596,-135.0,0,1,180,1.814,0.5399,1.0,0.3991,0.162,0.3,0.1597,0.6216,0.6535
131.651,2,RETURN_HOME,-7.3749,5.3894,-1.9575,0.0248,-1.1076,-0.6689,0.0248,-0.9076,0.9079,0.0,0.0,9.1343,3.18603777885437,2.108515977859497,-135.0,0,1,180,1.797,0.6118,1.0,0.3703,0.1836,0.3,0.1481,0.6317,0.4148
131.701,2,RETURN_HOME,-7.3763,5.3364,-1.962,0.0198,-1.1105,-0.6648,0.0198,-0.9105,0.9107,0.0,0.0,9.1043,3.1070661544799805,2.110818862915039,-135.0,0,1,180,1.574,0.6036,1.0,0.3665,0.1811,0.3,0.1466,0.6277,0.4361
131.751,2,RETURN_HOME,-7.3776,5.2832,-1.9662,0.0151,-1.1132,-0.661,0.0151,-0.9132,0.9133,0.0,0.0,9.0742,3.0604662895202637,2.1140356063842773,-134.5,0,1,180,1.576,0.5956,1.0,0.3626,0.1787,0.3,0.1451,0.6237,0.4521
131.801,2,RETURN_HOME,-7.3765,5.2374,-1.9703,0.0136,-1.1123,-0.6579,0.0136,-0.9123,0.9124,0.0,0.0,9.0467,3.0201175212860107,2.1146440505981445,-135.0,0,1,180,1.607,0.591,1.0,0.3595,0.1773,0.3,0.1438,0.6211,0.4573
131.851,2,RETURN_HOME,-7.3755,5.1918,-1.9739,0.014,-1.1076,-0.6546,0.014,-0.9076,0.9077,0.0,0.0,9.0196,2.936505079269409,2.119211435317993,-135.0,0,1,180,1.694,0.5881,1.0,0.3559,0.1764,0.3,0.1424,0.6188,0.4499
131.901,2,RETURN_HOME,-7.3743,5.1376,-1.9778,0.0162,-1.098,-0.6503,0.0162,-0.898,0.8982,0.0,0.0,8.9875,2.889763832092285,2.1196789741516113,-135.0,0,1,180,1.649,0.5864,1.0,0.3511,0.1759,0.3,0.1404,0.6164,0.4462
131.951,2,RETURN_HOME,-7.3709,5.0929,-1.9828,0.0199,-1.088,-0.6465,0.0199,-0.888,0.8882,0.0,0.0,8.9593,2.8494555950164795,2.120272397994995,-135.0,0,1,180,1.762,0.5868,1.0,0.3475,0.176,0.3,0.139,0.615,0.4392
132.001,2,RETURN_HOME,-7.3671,5.0399,-1.988,0.0248,-1.0748,-0.6417,0.0248,-0.8748,0.8752,0.0,0.0,8.9261,2.771092653274536,2.1250195503234863,-135.0,0,1,180,1.631,0.5878,1.0,0.3429,0.1763,0.3,0.1372,0.6135,0.4231
132.051,2,RETURN_HOME,-7.3629,4.9881,-1.9923,0.0296,-1.0612,-0.6368,0.0296,-0.8612,0.8617,0.0,0.0,8.8935,2.7264604568481445,2.1225080490112305,-31.65,0,1,180,1.725,0.589,1.0,0.3384,0.1767,0.3,0.1353,0.6121,0.4135
132.101,2,RETURN_HOME,-7.3575,4.947,-1.9951,0.0341,-1.0494,-0.6327,0.0341,-0.8494,0.85,0.0,0.0,8.866,2.683825731277466,2.0873427391052246,-31.65,0,1,180,1.744,0.5908,1.0,0.3348,0.1772,0.3,0.1339,0.6112,0.4052
132.151,2,RETURN_HOME,-7.3515,4.8981,-1.9979,0.0389,-1.0358,-0.6278,0.0389,-0.8358,0.8367,0.0,0.0,8.8338,2.6080470085144043,2.028207302093506,-31.15,0,1,180,1.767,0.5925,1.0,0.3305,0.1778,0.3,0.1322,0.61,0.3877
132.201,2,RETURN_HOME,-7.3469,4.8575,-1.9996,0.0424,-1.0249,-0.6237,0.0424,-0.8249,0.826,0.0,0.0,8.8075,2.5644571781158447,1.991567611694336,-31.15,0,1,180,1.705,0.5936,0.984,0.3269,0.1781,0.2952,0.1308,0.604,0.3784
132.252,2,RETURN_HOME,-7.3428,4.8166,-2.0005,0.0456,-1.0144,-0.6197,0.0456,-0.8144,0.8157,0.0,0.0,8.7816,2.526303768157959,1.9607090950012207,-30.9,0,1,180,1.893,0.5944,0.9525,0.3232,0.1783,0.2857,0.1293,0.5934,0.3721
132.301,2,RETURN_HOME,-7.339,4.776,-2.0011,0.0486,-1.0041,-0.6156,-0.0514,-1.0041,1.0055,0.0,0.0,8.7562,2.4489715099334717,1.898401141166687,-30.65,0,1,180,1.672,0.5019,1.0,0.3364,0.1506,0.3,0.1346,0.5852,0.563
132.351,2,RETURN_HOME,-7.3349,4.7274,-2.0009,0.052,-0.9919,-0.6108,-0.048,-0.9919,0.9931,0.0,0.0,8.7264,2.4071097373962402,1.8639928102493286,-30.4,0,1,180,1.809,0.5005,1.0,0.3314,0.1502,0.3,0.1325,0.5827,0.5571
132.401,2,RETURN_HOME,-7.3324,4.6865,-1.9997,0.0549,-0.9815,-0.6067,-0.0451,-0.9815,0.9825,0.0,0.0,8.7021,2.3691322803497314,1.83811354637146,-30.15,0,1,180,1.749,0.4993,1.0,0.3275,0.1498,0.3,0.131,0.5808,0.5518
132.452,2,RETURN_HOME,-7.3298,4.6461,-1.9987,0.0565,-0.9739,-0.6024,-0.0435,-0.9739,0.9749,0.0,0.0,8.6782,2.3316736221313477,1.8052488565444946,-30.15,0,1,180,1.643,0.4972,1.0,0.325,0.1492,0.3,0.13,0.5791,0.5452
132.501,2,RETURN_HOME,-7.3273,4.6069,-1.997,0.0564,-0.9692,-0.5981,-0.0436,-0.9692,0.9701,0.0,0.0,8.6552,2.2508838176727295,1.7422480583190918,-29.65,0,1,180,1.848,0.4937,1.0,0.3234,0.1481,0.3,0.1294,0.5775,0.5363
132.551,2,RETURN_HOME,-7.3251,4.569,-1.9944,0.0548,-0.9666,-0.594,-0.0452,-0.9666,0.9677,0.0,0.0,8.6333,2.213637351989746,1.7155587673187256,-29.4,0,1,180,1.776,0.489,1.0,0.3226,0.1467,0.3,0.129,0.5757,0.5369
132.601,2,RETURN_HOME,-7.323,4.531,-1.9922,0.052,-0.9663,-0.59,-0.048,-0.9663,0.9675,0.0,0.0,8.6114,2.1746718883514404,1.684924840927124,-29.15,0,1,180,1.706,0.4834,1.0,0.3225,0.145,0.3,0.129,0.574,0.5405
132.651,2,RETURN_HOME,-7.3199,4.4855,-1.9898,0.048,-0.9677,-0.5854,-0.052,-0.9677,0.9691,0.0,0.0,8.5849,2.1374502182006836,1.6591517925262451,-28.9,0,1,180,1.748,0.476,1.0,0.323,0.1428,0.3,0.1292,0.572,0.5474
132.701,2,RETURN_HOME,-7.3163,4.4474,-1.9881,0.0447,-0.9694,-0.5817,-0.0553,-0.9694,0.971,0.0,0.0,8.562,2.0543713569641113,1.6018909215927124,-28.15,0,1,180,1.655,0.4699,1.0,0.3237,0.141,0.3,0.1295,0.5705,0.5375
132.751,2,RETURN_HOME,-7.3131,4.4093,-1.9867,0.0413,-0.9712,-0.5781,-0.0587,-0.9712,0.973,0.0,0.0,8.5395,2.015028715133667,1.5682146549224854,-27.9,0,1,180,1.927,0.4638,1.0,0.3243,0.1391,0.3,0.1297,0.5689,0.5413
132.801,2,RETURN_HOME,-7.3093,4.3638,-1.9844,0.0373,-0.9728,-0.5738,-0.0627,-0.9728,0.9748,0.0,0.0,8.5129,1.9747205972671509,1.5444111824035645,-27.4,0,1,180,1.645,0.4563,1.0,0.3249,0.1369,0.3,0.13,0.5669,0.5469
132.852,2,RETURN_HOME,-7.3066,4.3341,-1.982,0.0346,-0.9733,-0.571,-0.0654,-0.9733,0.9755,0.0,0.0,8.4953,1.930667757987976,1.5118564367294312,-27.15,0,1,180,1.903,0.4514,1.0,0.3252,0.1354,0.3,0.1301,0.5655,0.5477
132.901,2,RETURN_HOME,-7.3035,4.2968,-1.9794,0.0314,-0.9737,-0.5674,-0.0686,-0.9737,0.9761,0.0,0.0,8.4737,1.8484903573989868,1.4584249258041382,-26.15,0,1,180,1.675,0.4452,1.0,0.3254,0.1336,0.3,0.1301,0.5637,0.5462
132.951,2,RETURN_HOME,-7.3007,4.2514,-1.9756,0.0274,-0.9741,-0.5632,-0.0726,-0.9741,0.9768,0.0,0.0,8.4484,1.8060404062271118,1.4309940338134766,-25.9,0,1,180,1.769,0.4376,1.0,0.3256,0.1313,0.3,0.1302,0.5615,0.5487
133.001,2,RETURN_HOME,-7.3002,4.2048,-1.9674,0.0226,-0.975,-0.5589,-0.0774,-0.975,0.978,0.0,0.0,8.4246,1.7596125602722168,1.398305058479309,-25.15,0,1,180,1.746,0.429,1.0,0.326,0.1287,0.3,0.1304,0.5591,0.5469
133.051,2,RETURN_HOME,-7.3,4.1736,-1.9628,0.0195,-0.9755,-0.5561,-0.0805,-0.9755,0.9789,0.0,0.0,8.4089,1.674469232559204,1.3473528623580933,-24.15,0,1,180,1.831,0.4233,1.0,0.3263,0.127,0.3,0.1305,0.5575,0.5456
133.101,2,RETURN_HOME,-7.3001,4.1272,-1.9567,0.0149,-0.9764,-0.5519,-0.0851,-0.9764,0.9801,0.0,0.0,8.386,1.634485125541687,1.3210570812225342,-23.4,0,1,180,1.63,0.4147,1.0,0.3267,0.1244,0.3,0.1307,0.5551,0.5462
133.151,2,RETURN_HOME,-7.3008,4.0813,-1.9515,0.0103,-0.9772,-0.5475,-0.0897,-0.9772,0.9813,0.0,0.0,8.3642,1.5839718580245972,1.2918814420700073,-22.9,0,1,180,1.704,0.4061,1.0,0.3271,0.1218,0.3,0.1308,0.5527,0.5504
133.201,2,RETURN_HOME,-7.3015,4.0429,-1.9481,0.0065,-0.9779,-0.5438,-0.0935,-0.9779,0.9824,0.0,0.0,8.3461,1.4982447624206543,1.2387146949768066,-21.39,0,1,180,1.607,0.399,1.0,0.3275,0.1197,0.3,0.131,0.5507,0.5436
133.251,2,RETURN_HOME,-7.299,3.9961,-1.9462,0.0033,-0.9789,-0.5394,-0.0967,-0.9789,0.9837,0.0,0.0,8.3213,1.4533250331878662,1.2142080068588257,-20.64,0,1,180,1.784,0.3916,1.0,0.3279,0.1175,0.3,0.1312,0.5486,0.5484
133.301,2,RETURN_HOME,-7.2947,3.9565,-1.9461,0.0013,-0.9797,-0.5357,-0.0987,-0.9797,0.9846,0.0,0.0,8.2986,1.405417799949646,1.1844284534454346,-19.89,0,1,180,1.703,0.3863,1.0,0.3282,0.1159,0.3,0.1313,0.5472,0.5467
133.351,2,RETURN_HOME,-7.291,3.9169,-1.9465,-0.0008,-0.9804,-0.5319,-0.1008,-0.9804,0.9856,0.0,0.0,8.2766,1.361782431602478,1.1635637283325195,-18.89,0,1,180,1.842,0.3806,1.0,0.3285,0.1142,0.3,0.1314,0.5456,0.5442
133.401,2,RETURN_HOME,-7.2873,3.8755,-1.9468,-0.0032,-0.9817,-0.5282,-0.1032,-0.9817,0.9872,0.0,0.0,8.2537,1.2686340808868408,1.1151847839355469,-17.14,0,1,180,1.631,0.3746,1.0,0.3291,0.1124,0.3,0.1316,0.544,0.5359
133.451,2,RETURN_HOME,-7.2837,3.8331,-1.9472,-0.0059,-0.9833,-0.5244,-0.1059,-0.9833,0.989,0.0,0.0,8.2307,1.2183548212051392,1.0926278829574585,-16.14,0,1,180,1.716,0.3683,1.0,0.3297,0.1105,0.3,0.1319,0.5424,0.5391
133.501,2,RETURN_HOME,-7.2802,3.7826,-1.9481,-0.0094,-0.9849,-0.5199,-0.1094,-0.9849,0.991,0.0,0.0,8.2042,1.1730765104293823,1.0655760765075684,-14.89,0,1,180,1.639,0.3602,1.0,0.3303,0.1081,0.3,0.1321,0.5402,0.5392
133.551,2,RETURN_HOME,-7.2791,3.7346,-1.949,-0.014,-0.9858,-0.5152,-0.114,-0.9858,0.9924,0.0,0.0,8.1812,1.0783320665359497,1.023195743560791,-12.89,0,1,180,1.895,0.3513,1.0,0.3308,0.1054,0.3,0.1323,0.5377,0.5338
133.601,2,RETURN_HOME,-7.2791,3.6953,-1.9499,-0.0182,-0.9863,-0.5113,-0.1182,-0.9863,0.9933,0.0,0.0,8.1634,1.0281565189361572,0.9989057183265686,-11.39,0,1,180,1.665,0.3434,1.0,0.3311,0.103,0.3,0.1324,0.5355,0.5332
133.651,2,RETURN_HOME,-7.2795,3.6482,-1.9512,-0.0232,-0.9868,-0.5066,-0.0232,-0.8868,0.8871,0.0,0.0,8.1425,0.9796138405799866,0.9796138405799866,-10.13,0,1,180,1.731,0.4245,0.9581,0.2957,0.1274,0.2874,0.1183,0.5331,0.4789
133.701,2,RETURN_HOME,-7.282,3.6055,-1.949,-0.0283,-0.989,-0.5025,-0.0283,-0.889,0.8895,0.0,0.0,8.1257,0.9454494118690491,0.9454494118690491,-7.13,0,1,180,1.591,0.415,0.9599,0.2965,0.1245,0.288,0.1186,0.5311,0.479
133.751,2,RETURN_HOME,-7.2846,3.563,-1.9474,-0.0334,-0.9913,-0.4985,-0.0334,-0.8913,0.8919,0.0,0.0,8.1093,0.9247443079948425,0.9247443079948425,-5.63,0,1,180,1.624,0.4054,0.9625,0.2973,0.1216,0.2887,0.1189,0.5293,0.4821
133.801,2,RETURN_HOME,-7.2872,3.5208,-1.9463,-0.0366,-0.9919,-0.4948,-0.0366,-0.8919,0.8927,0.0,0.0,8.0931,0.9072529673576355,0.9072529673576355,-4.13,0,1,180,1.678,0.3977,0.9715,0.2976,0.1193,0.2914,0.119,0.5298,0.4867
133.851,2,RETURN_HOME,-7.2892,3.4725,-1.9428,-0.0379,-0.9892,-0.4902,-0.0379,-0.8892,0.89,0.0,0.0,8.074,0.8922892808914185,0.8922892808914185,-2.63,0,1,180,1.78,0.3913,0.9754,0.2967,0.1174,0.2926,0.1187,0.5287,0.4883
133.901,2,RETURN_HOME,-7.2907,3.4327,-1.9402,-0.0373,-0.9849,-0.4863,-0.0373,-0.8849,0.8857,0.0,0.0,8.0584,0.8643375635147095,0.8643375635147095,0.63,0,1,180,1.641,0.3875,0.9761,0.2952,0.1162,0.2928,0.1181,0.5272,0.4869
133.951,2,RETURN_HOME,-7.2924,3.3853,-1.938,-0.0354,-0.9784,-0.4813,-0.0354,-0.9784,0.9791,0.0,0.0,8.0399,0.84975665807724,0.84975665807724,2.88,0,1,180,1.766,0.388,0.9748,0.3264,0.1164,0.2925,0.1305,0.5394,0.4835
134.001,2,RETURN_HOME,-7.2962,3.346,-1.9375,-0.0345,-0.9723,-0.477,-0.0345,-0.9723,0.973,0.0,0.0,8.0269,0.8389225602149963,0.8389225602149963,4.63,0,1,180,1.638,0.3843,0.9725,0.3243,0.1153,0.2918,0.1297,0.5368,0.4855
134.051,2,RETURN_HOME,-7.3004,3.2992,-1.9377,-0.0332,-0.9647,-0.4716,-0.0332,-0.9647,0.9652,0.0,0.0,8.0113,0.8187380433082581,0.8187380433082581,8.63,0,1,180,1.958,0.3802,0.9695,0.3217,0.1141,0.2908,0.1287,0.5336,0.4868
134.101,2,RETURN_HOME,-7.3031,3.2603,-1.9393,-0.0317,-0.9603,-0.467,-0.0317,-0.9603,0.9608,0.0,0.0,7.9978,0.8122255206108093,0.8108978867530823,10.13,0,1,180,1.765,0.3773,0.9697,0.3203,0.1132,0.2909,0.1281,0.5322,0.4854
134.151,2,RETURN_HOME,-7.3042,3.2209,-1.9451,-0.0297,-0.9584,-0.4625,0.1703,-0.8584,0.8751,0.0,0.0,7.9829,0.8126469254493713,0.8026270866394043,12.39,0,1,180,1.824,0.5738,0.7757,0.3348,0.1721,0.2327,0.1339,0.5388,0.3871
134.201,2,RETURN_HOME,-7.3055,3.1739,-1.9517,-0.0279,-0.9583,-0.457,0.1721,-0.8583,0.8754,0.0,0.0,7.9651,0.8138170838356018,0.7927314043045044,16.89,0,1,180,1.641,0.571,0.8098,0.3332,0.1713,0.2429,0.1333,0.5475,0.4068
134.251,2,RETURN_HOME,-7.3071,3.1348,-1.957,-0.0278,-0.9596,-0.4526,0.1722,-0.8596,0.8767,0.0,0.0,7.9511,0.8130325078964233,0.7888072729110718,18.89,0,1,180,1.701,0.5671,0.8237,0.3314,0.1701,0.2471,0.1326,0.5498,0.4133
134.301,2,RETURN_HOME,-7.3113,3.0882,-1.9637,-0.0243,-0.9603,-0.4473,0.1757,-0.8603,0.878,0.0,0.0,7.9368,0.8131426572799683,0.7860198616981506,19.89,0,1,180,1.707,0.5656,0.843,0.331,0.1697,0.2529,0.1324,0.555,0.4182
134.351,2,RETURN_HOME,-7.3144,3.0495,-1.9687,-0.0174,-0.9589,-0.4429,0.1826,-0.8589,0.8781,0.0,0.0,7.9246,12.229077339172363,0.7837488651275635,24.9,0,1,180,1.727,0.5683,0.8685,0.3327,0.1705,0.2606,0.1331,0.5641,0.4278
134.401,2,RETURN_HOME,-7.3168,3.0023,-1.9735,-0.0054,-0.9553,-0.4374,0.1946,-0.8553,0.8772,0.0,0.0,7.9088,12.234522819519043,0.7838372588157654,25.4,0,1,180,1.653,0.5754,0.8666,0.3365,0.1726,0.26,0.1346,0.5672,0.4289
134.451,2,RETURN_HOME,-7.3173,2.9619,-1.9761,0.0068,-0.9515,-0.4327,0.2068,-0.8515,0.8763,0.0,0.0,7.8941,12.246147155761719,0.7833284139633179,23.65,0,1,180,1.735,0.5833,0.8665,0.3408,0.175,0.26,0.1363,0.5713,0.4308
134.501,2,RETURN_HOME,-7.3174,2.9219,-1.9783,0.0198,-0.9467,-0.4279,0.2198,-0.8467,0.8748,0.0,0.0,7.8792,12.255467414855957,0.7840579748153687,25.15,0,1,180,1.839,0.5923,0.877,0.3454,0.1777,0.2631,0.1382,0.579,0.4404
134.551,2,RETURN_HOME,-7.3163,2.8823,-1.9807,0.0333,-0.9412,-0.4229,0.2333,-0.8412,0.8729,0.0,0.0,7.8636,12.283697128295898,0.7825271487236023,22.15,0,1,180,1.854,0.6019,0.8991,0.3503,0.1806,0.2697,0.1401,0.5904,0.4517
134.601,2,RETURN_HOME,-7.314,2.843,-1.9834,0.047,-0.9353,-0.4179,0.247,-0.8353,0.8711,0.0,0.0,7.8471,12.302925109863281,0.7815693616867065,24.4,0,1,180,1.655,0.6117,0.9049,0.3552,0.1835,0.2715,0.1421,0.5971,0.4535
134.651,2,RETURN_HOME,-7.3106,2.7964,-1.9863,0.0631,-0.9283,-0.412,0.2631,-0.8283,0.8691,0.0,0.0,7.8272,12.319583892822266,0.7821655869483948,25.9,0,1,180,1.809,0.6233,0.9087,0.3611,0.187,0.2726,0.1445,0.604,0.4545
134.701,2,RETURN_HOME,-7.3084,2.7652,-1.9878,0.0736,-0.9241,-0.4082,0.2736,-0.9241,0.9637,0.0,0.0,7.814,12.34067440032959,0.7816389799118042,27.9,0,1,180,1.832,0.6048,0.9478,0.3886,0.1815,0.2843,0.1554,0.6212,0.469
134.751,2,RETURN_HOME,-7.3065,2.7244,-1.9894,0.086,-0.9198,-0.4033,0.286,-0.9198,0.9632,0.0,0.0,7.7979,12.381903648376465,0.7843541502952576,31.65,0,1,180,1.659,0.6119,0.9723,0.3929,0.1836,0.2917,0.1572,0.6324,0.4789
134.801,2,RETURN_HOME,-7.3034,2.6763,-1.991,0.1009,-0.9144,-0.3975,0.3009,-0.9144,0.9626,0.0,0.0,7.7783,12.403274536132812,0.7867083549499512,33.41,0,1,180,1.831,0.6204,1.0,0.3981,0.1861,0.3,0.1592,0.6454,0.4915
134.851,2,RETURN_HOME,-7.3005,2.6381,-1.9924,0.1135,-0.9108,-0.3926,0.3135,-0.9108,0.9633,0.0,0.0,7.7626,12.428776741027832,0.7893139123916626,35.41,0,1,180,1.826,0.6275,1.0,0.4029,0.1882,0.3,0.1612,0.6494,0.4962
134.901,2,RETURN_HOME,-7.2977,2.602,-1.994,0.1261,-0.908,-0.3877,0.3261,-0.908,0.9648,0.0,0.0,7.7477,12.450915336608887,0.7928557991981506,37.16,0,1,180,1.798,0.6344,1.0,0.408,0.1903,0.3,0.1632,0.6535,0.5028
134.952,2,RETURN_HOME,-7.2941,2.566,-1.9955,0.1387,-0.9066,-0.3829,0.3387,-0.7066,0.7836,0.0,0.0,7.7323,12.501277923583984,0.803507924079895,41.16,0,1,180,1.674,0.707,1.0,0.3693,0.2121,0.3,0.1477,0.6598,0.5079
135.001,2,RETURN_HOME,-7.2892,2.5302,-1.9962,0.1517,-0.9064,-0.3781,0.3517,-0.7064,0.7891,0.0,0.0,7.7159,12.526979446411133,0.8103018403053284,42.91,0,1,180,1.693,0.7146,1.0,0.376,0.2144,0.3,0.1504,0.6648,0.5148
135.051,2,RETURN_HOME,-7.2814,2.4956,-1.995,0.166,-0.9065,-0.3735,0.366,-0.7065,0.7957,0.0,0.0,7.6972,12.551081657409668,0.8179453015327454,44.92,0,1,180,1.897,0.723,1.0,0.3835,0.2169,0.3,0.1534,0.6703,0.5227
135.101,2,RETURN_HOME,-7.2715,2.454,-1.9937,0.1827,-0.9027,-0.3683,0.3827,-0.7027,0.8002,0.0,0.0,7.6744,12.571344375610352,0.8251350522041321,46.67,0,1,180,1.724,0.734,1.0,0.3915,0.2202,0.3,0.1566,0.6768,0.5349
135.151,2,RETURN_HOME,-7.2646,2.4262,-1.993,0.1937,-0.8975,-0.3648,0.3937,-0.6975,0.8009,0.0,0.0,7.659,12.608154296875,0.8432971835136414,50.42,0,1,180,1.771,0.7421,1.0,0.3962,0.2226,0.3,0.1585,0.6811,0.5631
135.201,2,RETURN_HOME,-7.2518,2.3836,-1.9882,0.2109,-0.8863,-0.3593,0.4109,-0.6863,0.7999,0.0,0.0,7.6335,12.625875473022461,0.8501096963882446,51.92,0,1,180,1.743,0.7559,1.0,0.4031,0.2268,0.3,0.1612,0.688,0.5719
135.251,2,RETURN_HOME,-7.2408,2.3485,-1.985,0.2254,-0.8748,-0.3548,0.4254,-0.6748,0.7977,0.0,0.0,7.6122,12.644181251525879,0.8603681325912476,53.67,0,1,180,1.74,0.7683,1.0,0.4085,0.2305,0.3,0.1634,0.6939,0.5795
135.302,2,RETURN_HOME,-7.2293,2.314,-1.9824,0.24,-0.8621,-0.3502,0.44,-0.6621,0.795,0.0,0.0,7.5906,12.666933059692383,0.8717628717422485,55.18,0,1,180,1.889,0.781,1.0,0.4139,0.2343,0.3,0.1656,0.6999,0.5914
135.351,2,RETURN_HOME,-7.2165,2.2804,-1.9812,0.255,-0.849,-0.3457,0.455,-0.649,0.7926,0.0,0.0,7.5683,12.71860408782959,0.8936535716056824,58.43,0,1,180,1.686,0.7941,1.0,0.4196,0.2382,0.3,0.1678,0.7061,0.6173
135.401,2,RETURN_HOME,-7.2035,2.2473,-1.9802,0.2699,-0.836,-0.3411,0.4699,-0.636,0.7908,0.0,0.0,7.5459,12.746479034423828,0.9057097434997559,59.93,0,1,180,1.728,0.8068,1.0,0.4253,0.242,0.3,0.1701,0.7122,0.63
135.451,2,RETURN_HOME,-7.187,2.2085,-1.9792,0.2878,-0.8207,-0.3358,0.4878,-0.6207,0.7894,0.0,0.0,7.5187,12.776134490966797,0.9155936241149902,61.43,0,1,180,1.88,0.8216,1.0,0.4324,0.2465,0.3,0.173,0.7194,0.64
135.501,2,RETURN_HOME,-7.1714,2.1779,-1.9771,0.3034,-0.8076,-0.3314,0.5034,-0.6076,0.789,0.0,0.0,7.4948,12.807792663574219,0.9299056529998779,62.93,0,1,180,1.68,0.8343,1.0,0.4388,0.2503,0.3,0.1755,0.7258,0.6548
135.551,2,RETURN_HOME,-7.1587,2.1536,-1.9757,0.3158,-0.7974,-0.3279,0.5158,-0.5974,0.7892,0.0,0.0,7.4756,12.864774703979492,0.9570091962814331,65.69,0,1,180,1.768,0.8439,1.0,0.444,0.2532,0.3,0.1776,0.7308,0.6897
135.601,2,RETURN_HOME,-7.1395,2.1175,-1.9741,0.334,-0.7825,-0.3229,0.534,-0.5825,0.7902,0.0,0.0,7.4469,12.89583683013916,0.9685608744621277,66.69,0,1,180,1.764,0.8575,1.0,0.4517,0.2572,0.3,0.1807,0.7379,0.7062
135.651,2,RETURN_HOME,-7.1191,2.0817,-1.9713,0.3525,-0.7679,-0.3179,0.5525,-0.5679,0.7923,0.0,0.0,7.4172,12.9254732131958,0.9812670350074768,68.19,0,1,180,1.777,0.8704,1.0,0.4598,0.2611,0.3,0.1839,0.745,0.7194
135.702,2,RETURN_HOME,-7.1053,2.0581,-1.9698,0.3646,-0.7584,-0.3146,0.5646,-0.5584,0.7941,0.0,0.0,7.3974,12.956456184387207,0.9946326613426208,69.44,0,1,180,1.816,0.8786,1.0,0.4651,0.2636,0.3,0.186,0.7496,0.7284
135.751,2,RETURN_HOME,-7.0879,2.029,-1.9683,0.3796,-0.7464,-0.3105,0.5796,-0.5464,0.7965,0.0,0.0,7.3726,13.013916969299316,1.020568609237671,71.94,0,1,180,1.808,0.8883,1.0,0.4717,0.2665,0.3,0.1887,0.7552,0.7532
135.801,2,RETURN_HOME,-7.0668,1.9934,-1.9693,0.3974,-0.7323,-0.3057,0.5974,-0.5323,0.8001,0.0,0.0,7.3426,13.045561790466309,1.036313772201538,73.19,0,1,180,1.782,0.8992,1.0,0.4796,0.2697,0.3,0.1919,0.7616,0.7755
135.851,2,RETURN_HOME,-7.0488,1.9644,-1.9703,0.4121,-0.7205,-0.3018,0.6121,-0.5205,0.8035,0.0,0.0,7.3174,13.07365894317627,1.0471816062927246,74.19,0,1,180,1.878,0.9077,1.0,0.4862,0.2723,0.3,0.1945,0.7668,0.7867
135.901,2,RETURN_HOME,-7.0305,1.9358,-1.9714,0.4267,-0.7087,-0.2981,0.6267,-0.5087,0.8072,0.0,0.0,7.2921,13.103683471679688,1.0618605613708496,75.19,0,1,180,1.822,0.9159,1.0,0.4928,0.2748,0.3,0.1971,0.7719,0.7947
135.951,2,RETURN_HOME,-7.0124,1.9079,-1.9719,0.4411,-0.6968,-0.2944,0.6411,-0.4968,0.811,0.0,0.0,7.2673,13.159773826599121,1.0910571813583374,77.45,0,1,180,1.686,0.9235,1.0,0.4993,0.2771,0.3,0.1997,0.7768,0.8344
136.001,2,RETURN_HOME,-6.9938,1.8805,-1.9726,0.4554,-0.6847,-0.2907,0.6554,-0.4847,0.8152,0.0,0.0,7.2422,13.189125061035156,1.10411536693573,78.45,0,1,180,1.603,0.9308,1.0,0.5059,0.2793,0.3,0.2023,0.7816,0.8431
136.051,2,RETURN_HOME,-6.9747,1.8536,-1.9733,0.4699,-0.6726,-0.2872,0.6699,-0.4726,0.8198,0.0,0.0,7.2168,13.214699745178223,1.1161243915557861,79.45,0,1,180,1.774,0.9378,1.0,0.5125,0.2813,0.3,0.205,0.7863,0.851
136.101,2,RETURN_HOME,-6.9492,1.8197,-1.9757,0.4877,-0.6589,-0.2831,0.6877,-0.4589,0.8268,0.0,0.0,7.1835,13.241692543029785,1.1330714225769043,80.2,0,1,180,1.812,0.9453,1.0,0.521,0.2836,0.3,0.2084,0.792,0.8725
136.151,2,RETURN_HOME,-6.9275,1.7921,-1.9776,0.5025,-0.6475,-0.2798,0.7025,-0.4475,0.8329,0.0,0.0,7.1556,13.298194885253906,1.1601775884628296,82.45,0,1,180,1.744,0.9511,1.0,0.5281,0.2853,0.3,0.2112,0.7966,0.8974
136.201,2,RETURN_HOME,-6.9055,1.7652,-1.9795,0.5172,-0.6359,-0.2765,0.7172,-0.4359,0.8392,0.0,0.0,7.1276,13.321722030639648,1.1753408908843994,83.45,0,1,180,1.587,0.9566,1.0,0.5352,0.287,0.3,0.2141,0.801,0.9167
136.251,2,RETURN_HOME,-6.8851,1.7386,-1.9756,0.531,-0.6239,-0.2733,0.731,-0.4239,0.845,0.0,0.0,7.1013,13.348426818847656,1.1876906156539917,84.45,0,1,180,1.795,0.9616,1.0,0.5417,0.2885,0.3,0.2167,0.8052,0.929
136.301,2,RETURN_HOME,-6.8641,1.7127,-1.9723,0.545,-0.6118,-0.2702,0.745,-0.4118,0.8513,0.0,0.0,7.0746,13.37673568725586,1.203443169593811,85.2,0,1,180,1.741,0.9663,1.0,0.5484,0.2899,0.3,0.2194,0.8092,0.9418
136.351,2,RETURN_HOME,-6.8425,1.6875,-1.9695,0.5593,-0.5995,-0.267,0.7593,-0.3995,0.8579,0.0,0.0,7.0475,13.430497169494629,1.2322680950164795,86.96,0,1,180,1.77,0.9707,1.0,0.5552,0.2912,0.3,0.2221,0.8133,0.9716
136.402,2,RETURN_HOME,-6.8222,1.6631,-1.9663,0.5729,-0.587,-0.2639,0.7729,-0.387,0.8644,0.0,0.0,7.022,13.455171585083008,1.2438846826553345,88.21,0,1,180,1.843,0.9748,1.0,0.5617,0.2924,0.3,0.2247,0.8171,0.9898
136.452,2,RETURN_HOME,-6.7973,1.6347,-1.963,0.5895,-0.5718,-0.2601,0.7895,-0.3718,0.8727,0.0,0.0,6.9911,13.484859466552734,1.2586276531219482,89.21,0,1,180,2.286,0.9792,1.0,0.5697,0.2938,0.3,0.2279,0.8217,1.0031
136.501,2,RETURN_HOME,-6.7756,1.6117,-1.9609,0.6036,-0.5591,-0.2571,0.8036,-0.3591,0.8802,0.0,0.0,6.9647,13.509102821350098,1.2739492654800415,89.96,0,1,180,1.801,0.9826,1.0,0.5766,0.2948,0.3,0.2306,0.8254,1.0139
136.551,2,RETURN_HOME,-6.7473,1.5844,-1.9551,0.6213,-0.5443,-0.2537,0.8213,-0.3443,0.8905,0.0,0.0,6.9308,13.563076972961426,1.3029863834381104,91.21,0,1,180,1.821,0.9862,1.0,0.5855,0.2959,0.3,0.2342,0.8301,1.0452
136.601,2,RETURN_HOME,-6.7229,1.5623,-1.9513,0.6362,-0.5319,-0.2509,0.8362,-0.4319,0.9411,0.0,0.0,6.902,13.59457015991211,1.3168498277664185,92.71,0,1,180,1.686,0.9693,1.0,0.6082,0.2908,0.3,0.2433,0.8341,1.0814
136.651,2,RETURN_HOME,-6.6978,1.5408,-1.9484,0.6512,-0.5192,-0.2482,0.8512,-0.4192,0.9488,0.0,0.0,6.8727,13.621444702148438,1.328410029411316,93.21,0,1,180,1.896,0.9733,1.0,0.6157,0.292,0.3,0.2463,0.8383,1.0912
136.701,2,RETURN_HOME,-6.6687,1.5198,-1.9452,0.6675,-0.5067,-0.2455,0.8675,-0.4067,0.9581,0.0,0.0,6.8397,13.676308631896973,1.3572944402694702,94.96,0,1,180,1.872,0.9771,1.0,0.6241,0.2931,0.3,0.2497,0.8428,1.1248
136.751,2,RETURN_HOME,-6.6334,1.4953,-1.9425,0.6871,-0.4936,-0.2422,0.8871,-0.3936,0.9705,0.0,0.0,6.7999,13.710100173950195,1.3728264570236206,96.21,0,1,180,1.726,0.9809,1.0,0.6346,0.2943,0.3,0.2539,0.8481,1.1402
136.801,2,RETURN_HOME,-6.6036,1.4754,-1.9411,0.7033,-0.4846,-0.2395,0.9033,-0.3846,0.9817,0.0,0.0,6.7664,13.738944053649902,1.386531949043274,96.96,0,1,180,1.72,0.9834,1.0,0.6436,0.295,0.3,0.2574,0.8525,1.1527
136.852,2,RETURN_HOME,-6.5684,1.4543,-1.9375,0.722,-0.4749,-0.2363,0.922,-0.4749,1.0371,0.0,0.0,6.7275,13.801735877990723,1.4141170978546143,98.47,0,1,180,2.173,0.967,1.0,0.6686,0.2901,0.3,0.2674,0.8575,1.205
136.901,2,RETURN_HOME,-6.5386,1.4368,-1.9355,0.7374,-0.4677,-0.2338,0.9374,-0.4677,1.0476,0.0,0.0,6.6946,13.833649635314941,1.4302849769592285,98.72,0,1,180,1.723,0.9698,1.0,0.6773,0.2909,0.3,0.2709,0.8618,1.2189
136.951,2,RETURN_HOME,-6.5028,1.416,-1.9314,0.7555,-0.4594,-0.2308,0.9555,-0.4594,1.0602,0.0,0.0,6.6552,13.861698150634766,1.444458246231079,100.22,0,1,180,1.9,0.9728,1.0,0.6876,0.2918,0.3,0.275,0.8669,1.2342
137.001,2,RETURN_HOME,-6.4735,1.3989,-1.925,0.7703,-0.4543,-0.2283,0.9703,-0.4543,1.0714,0.0,0.0,6.6229,13.913434028625488,1.47258460521698,101.97,0,1,180,1.66,0.9748,1.0,0.6962,0.2924,0.3,0.2785,0.8709,1.2628
137.052,2,RETURN_HOME,-6.4374,1.3785,-1.919,0.7882,-0.4502,-0.2254,0.9882,-0.4502,1.0859,0.0,0.0,6.5833,13.943617820739746,1.4895641803741455,101.97,0,1,180,1.907,0.9766,1.0,0.7071,0.293,0.3,0.2828,0.8758,1.2791
137.101,2,RETURN_HOME,-6.4061,1.3611,-1.9182,0.8035,-0.4482,-0.2232,1.0035,-0.4482,1.099,0.0,0.0,6.5491,13.966523170471191,1.5041413307189941,102.72,0,1,180,1.645,0.9779,1.0,0.7165,0.2934,0.3,0.2866,0.88,1.2934
137.152,2,RETURN_HOME,-6.3735,1.3434,-1.9219,0.819,-0.447,-0.2212,1.019,-0.447,1.1128,0.0,0.0,6.5136,13.992973327636719,1.5186920166015625,100.72,0,1,180,1.72,0.9789,1.0,0.7262,0.2937,0.3,0.2905,0.8842,1.3068
137.201,2,RETURN_HOME,-6.3404,1.3257,-1.9259,0.8345,-0.4462,-0.2193,1.0345,-0.4462,1.1267,0.0,0.0,6.4775,14.030771255493164,1.5504140853881836,100.72,0,1,180,1.622,0.9799,1.0,0.736,0.294,0.3,0.2944,0.8883,1.3375
137.251,2,RETURN_HOME,-6.2995,1.3036,-1.931,0.8533,-0.4454,-0.2171,1.0533,-0.4454,1.1436,0.0,0.0,6.433,14.045287132263184,1.5657768249511719,99.47,0,1,180,1.824,0.9809,1.0,0.7478,0.2943,0.3,0.2991,0.8934,1.3522
137.301,2,RETURN_HOME,-6.2645,1.2847,-1.9355,0.8691,-0.4447,-0.2153,1.0691,-0.5447,1.1999,0.0,0.0,6.3949,14.061389923095703,1.5788708925247192,102.47,0,1,180,1.745,0.964,1.0,0.7712,0.2892,0.3,0.3085,0.8977,1.3877
137.351,2,RETURN_HOME,-6.2218,1.2622,-1.9408,0.8878,-0.4433,-0.2133,1.0878,-0.5433,1.2159,0.0,0.0,6.3485,14.083855628967285,1.610705852508545,102.47,0,1,180,1.731,0.9656,1.0,0.7827,0.2897,0.3,0.3131,0.9028,1.4183
137.401,2,RETURN_HOME,-6.1844,1.2432,-1.948,0.9036,-0.442,-0.2115,1.1036,-0.542,1.2295,0.0,0.0,6.3081,14.09485912322998,1.6263518333435059,101.47,0,1,180,1.692,0.9669,1.0,0.7925,0.2901,0.3,0.317,0.9071,1.4312
137.451,2,RETURN_HOME,-6.1381,1.2203,-1.9581,0.9228,-0.4423,-0.2092,1.1228,-0.5423,1.2469,0.0,0.0,6.2582,14.10627555847168,1.6391321420669556,101.97,0,1,180,1.729,0.968,1.0,0.8047,0.2904,0.3,0.3219,0.9123,1.4469
137.501,2,RETURN_HOME,-6.099,1.2013,-1.9658,0.9386,-0.4444,-0.2074,1.1386,-0.5444,1.2621,0.0,0.0,6.2162,14.134665489196777,1.670423150062561,103.22,0,1,180,1.701,0.9685,1.0,0.8149,0.2906,0.3,0.326,0.9165,1.4785
137.552,2,RETURN_HOME,-6.0511,1.1781,-1.974,0.9573,-0.4489,-0.2055,1.1573,-0.5489,1.2809,0.0,0.0,6.1647,14.144108772277832,1.6859833002090454,101.22,0,1,180,2.023,0.9688,1.0,0.8273,0.2906,0.3,0.3309,0.9215,1.4932
137.601,2,RETURN_HOME,-6.0024,1.1546,-1.9811,0.9759,-0.4546,-0.2036,1.1759,-0.5546,1.3001,0.0,0.0,6.1125,14.153729438781738,1.700329303741455,100.47,0,1,180,1.739,0.9688,1.0,0.8397,0.2906,0.3,0.3359,0.9265,1.5101
137.651,2,RETURN_HOME,-5.9615,1.135,-1.9864,0.9914,-0.4596,-0.2021,1.1914,-0.5596,1.3162,0.0,0.0,6.0685,14.166419982910156,1.7313144207000732,101.72,0,1,180,1.844,0.9687,1.0,0.85,0.2906,0.3,0.34,0.9306,1.5412
137.701,2,RETURN_HOME,-5.92,1.1165,-1.9876,1.0068,-0.4643,-0.2006,1.2068,-0.5643,1.3323,0.0,0.0,6.0244,14.170401573181152,1.7465611696243286,99.72,0,1,180,1.64,0.9687,1.0,0.8603,0.2906,0.3,0.3441,0.9347,1.5576
137.752,2,RETURN_HOME,-5.8697,1.0941,-1.9889,1.0255,-0.4699,-0.1989,1.2255,-0.5699,1.3516,0.0,0.0,5.9708,14.171767234802246,1.7610514163970947,100.97,0,1,180,1.959,0.9687,1.0,0.8728,0.2906,0.3,0.3491,0.9397,1.5726
137.801,2,RETURN_HOME,-5.8273,1.0752,-1.9899,1.0412,-0.4744,-0.1975,1.2412,-0.5744,1.3677,0.0,0.0,5.9257,14.175588607788086,1.7930176258087158,100.22,0,1,180,1.705,0.9687,1.0,0.8832,0.2906,0.3,0.3533,0.9439,1.6065
137.851,2,RETURN_HOME,-5.783,1.0551,-1.992,1.0572,-0.4789,-0.1961,1.2572,-0.5789,1.3841,0.0,0.0,5.8785,14.174795150756836,1.8084847927093506,99.97,0,1,180,1.788,0.9687,1.0,0.8938,0.2906,0.3,0.3575,0.9481,1.6219
137.901,2,RETURN_HOME,-5.7384,1.0351,-1.9939,1.0733,-0.4833,-0.1946,1.2733,-0.5833,1.4005,0.0,0.0,5.831,14.175189971923828,1.8229413032531738,101.47,0,1,180,1.63,0.9686,1.0,0.9044,0.2906,0.3,0.3618,0.9523,1.6379
137.951,2,RETURN_HOME,-5.6844,1.0109,-1.996,1.0926,-0.4885,-0.1929,1.2926,-0.5885,1.4202,0.0,0.0,5.7736,14.175005912780762,1.8392452001571655,98.72,0,1,180,1.851,0.9686,1.0,0.9171,0.2906,0.3,0.3668,0.9574,1.6559
138.001,2,RETURN_HOME,-5.628,0.9876,-2.0007,1.1128,-0.4935,-0.1912,1.3128,-0.5935,1.4407,0.0,0.0,5.7139,14.134963035583496,1.8731794357299805,99.97,0,1,180,1.687,0.9687,1.0,0.9304,0.2906,0.3,0.3722,0.9628,1.6895
138.051,2,RETURN_HOME,-5.5806,0.968,-2.0042,1.1295,-0.4977,-0.1897,1.3295,-0.5977,1.4577,0.0,0.0,5.6639,14.100494384765625,1.8877766132354736,99.97,0,1,180,1.794,0.9687,1.0,0.9414,0.2906,0.3,0.3766,0.9672,1.7064
138.102,2,RETURN_HOME,-5.5239,0.9434,-2.0075,1.149,-0.5032,-0.1879,1.349,-0.6032,1.4777,0.0,0.0,5.6039,14.023920059204102,1.9233307838439941,99.72,0,1,180,2.037,0.9686,1.0,0.9542,0.2906,0.3,0.3817,0.9722,1.7401
138.152,2,RETURN_HOME,-5.4771,0.9214,-2.0091,1.1647,-0.5084,-0.1862,1.3647,-0.6084,1.4942,0.0,0.0,5.554,13.988750457763672,1.9385128021240234,98.72,0,1,180,2.395,0.9682,1.0,0.9645,0.2905,0.3,0.3858,0.9763,1.7594
138.201,2,RETURN_HOME,-5.4298,0.8993,-2.0104,1.1804,-0.5135,-0.1845,1.3804,-0.5135,1.4729,0.0,0.0,5.5037,13.951499938964844,1.955075979232788,100.22,0,1,180,1.724,0.9816,1.0,0.9639,0.2945,0.3,0.3855,0.98,1.7562
138.252,2,RETURN_HOME,-5.3718,0.8728,-2.0113,1.1995,-0.5198,-0.1824,1.3995,-0.5198,1.493,0.0,0.0,5.4422,13.915670394897461,1.9708917140960693,98.72,0,1,180,1.938,0.9811,1.0,0.9765,0.2943,0.3,0.3906,0.9849,1.7732
138.301,2,RETURN_HOME,-5.3223,0.8504,-2.0111,1.2157,-0.5251,-0.1807,1.4157,-0.4251,1.4781,0.0,0.0,5.3898,13.834989547729492,2.005603551864624,99.97,0,1,180,1.702,0.9911,1.0,0.9767,0.2973,0.3,0.3907,0.988,1.789
138.351,2,RETURN_HOME,-5.2622,0.8236,-2.0108,1.2351,-0.5293,-0.1788,1.4351,-0.4293,1.4979,0.0,0.0,5.3263,13.795823097229004,2.0220425128936768,98.97,0,1,180,1.799,0.9908,1.0,0.9895,0.2973,0.3,0.3958,0.993,1.8067
138.401,2,RETURN_HOME,-5.2134,0.8019,-2.0093,1.2509,-0.5306,-0.1772,1.4509,-0.3306,1.4881,0.0,0.0,5.2747,13.758712768554688,2.0386650562286377,99.47,0,1,180,1.891,0.9974,1.0,0.9895,0.2992,0.3,0.3958,0.9951,1.8023
138.451,2,RETURN_HOME,-5.155,0.7765,-2.0069,1.2696,-0.5282,-0.1752,1.3696,-0.5282,1.4679,0.0,0.0,5.2132,13.67522144317627,2.0739898681640625,98.97,0,1,180,1.77,0.9762,1.0,0.9553,0.2929,0.3,0.3821,0.975,1.878
138.501,2,RETURN_HOME,-5.1055,0.7555,-2.0052,1.2856,-0.5232,-0.1734,1.3856,-0.5232,1.4811,0.0,0.0,5.1611,13.6356840133667,2.0901479721069336,98.47,0,1,180,1.693,0.9772,1.0,0.9648,0.2931,0.3,0.3859,0.9791,1.8929
138.551,2,RETURN_HOME,-5.0458,0.7309,-2.0021,1.3049,-0.5123,-0.1708,1.4049,-0.5123,1.4954,0.0,0.0,5.0985,13.595269203186035,2.107729196548462,99.47,0,1,180,1.882,0.9789,1.0,0.9759,0.2937,0.3,0.3904,0.984,1.9074
138.601,2,RETURN_HOME,-5.0057,0.7149,-1.9999,1.3165,-0.5052,-0.1687,1.4165,-0.4052,1.4733,0.0,0.0,5.0565,13.505850791931152,2.1421642303466797,99.97,0,1,180,1.718,0.9907,1.0,0.973,0.2972,0.3,0.3892,0.9864,1.9208
138.651,2,RETURN_HOME,-4.9445,0.6912,-1.9971,1.3318,-0.4971,-0.1654,1.4318,-0.3971,1.4858,0.0,0.0,4.9925,13.462837219238281,2.157846212387085,98.97,0,1,180,1.728,0.9913,1.0,0.982,0.2974,0.3,0.3928,0.9902,1.9344
138.701,2,RETURN_HOME,-4.8925,0.6729,-1.9937,1.3432,-0.4921,-0.1628,1.4432,-0.3921,1.4956,0.0,0.0,4.9385,13.417376518249512,2.1748225688934326,99.72,0,1,180,1.729,0.9917,1.0,0.9888,0.2975,0.3,0.3955,0.993,1.9512
138.751,2,RETURN_HOME,-4.8397,0.6553,-1.9899,1.3539,-0.487,-0.1603,1.4539,-0.287,1.4819,0.0,0.0,4.8839,13.370087623596191,2.191887855529785,98.72,0,1,180,1.79,0.9982,1.0,0.9862,0.2995,0.3,0.3945,0.9939,1.946
138.801,2,RETURN_HOME,-4.7864,0.6377,-1.9868,1.3642,-0.4818,-0.1579,1.4642,-0.2818,1.4911,0.0,0.0,4.8287,13.283232688903809,2.2230241298675537,98.22,0,1,180,1.63,0.9983,1.0,0.9924,0.2995,0.3,0.397,9999.9911,1.977
138.851,2,RETURN_HOME,-4.7313,0.6203,-1.9857,1.3749,-0.4761,-0.1556,1.3749,-0.4761,1.455,0.0,0.0,4.7717,13.239877700805664,2.2377429008483887,97.47,0,1,180,1.666,0.9795,1.0,0.9501,0.2938,0.3,0.38,0.9739,2.0316
138.901,2,RETURN_HOME,-4.6636,0.5997,-1.9859,1.3884,-0.4661,-0.1528,1.3884,-0.4661,1.4646,0.0,0.0,4.702,13.189474105834961,2.2551989555358887,97.22,0,1,180,1.781,0.9809,1.0,0.9577,0.2943,0.3,0.3831,0.9773,2.0472
138.951,2,RETURN_HOME,-4.6068,0.5827,-1.9863,1.3999,-0.4549,-0.1503,1.3999,-0.2549,1.4229,0.0,0.0,4.6435,13.102250099182129,2.285287618637085,99.72,0,1,180,1.722,0.9985,1.0,0.9472,0.2996,0.3,0.3789,9999.9229,2.0333
139.001,2,RETURN_HOME,-4.5381,0.5637,-1.9842,1.4112,-0.4435,-0.1468,1.4112,-0.2435,1.4321,0.0,0.0,4.573,13.056722640991211,2.2994987964630127,96.71,0,1,180,1.245,0.9989,1.0,0.9536,0.2997,0.3,0.3815,9999.9321,2.0456
139.051,2,RETURN_HOME,-4.4805,0.5483,-1.9819,1.4187,-0.4365,-0.144,1.4187,-0.2365,1.4383,0.0,0.0,4.5139,13.00412654876709,2.3153765201568604,97.72,0,1,180,1.213,0.9991,1.0,0.9579,0.2997,0.3,0.3832,9999.9383,2.0603
139.101,2,RETURN_HOME,-4.4227,0.533,-1.9801,1.4247,-0.4286,-0.1415,1.4247,-0.3286,1.4622,0.0,0.0,4.4547,12.957154273986816,2.3305447101593018,98.22,0,1,180,1.34,0.9943,1.0,0.9692,0.2983,0.3,0.3877,9999.9622,2.0937
139.151,2,RETURN_HOME,-4.3535,0.515,-1.977,1.4311,-0.4168,-0.1385,1.4311,-0.3168,1.4657,0.0,0.0,4.3839,12.866849899291992,2.3580517768859863,97.72,0,1,180,1.154,0.995,1.0,0.9723,0.2985,0.3,0.3889,9999.9657,2.1188
139.201,2,RETURN_HOME,-4.2958,0.5004,-1.9745,1.4361,-0.4051,-0.1359,1.4361,-0.3051,1.4682,0.0,0.0,4.3249,12.814855575561523,2.3718435764312744,97.22,0,1,180,1.137,0.9956,1.0,0.9745,0.2987,0.3,0.3898,9999.9682,2.1317
139.251,2,RETURN_HOME,-4.2379,0.4861,-1.9726,1.4412,-0.3939,-0.1334,1.4412,-0.2939,1.4709,0.0,0.0,4.2657,12.769721031188965,2.3857436180114746,96.46,0,1,180,1.179,0.9962,1.0,0.9769,0.2989,0.3,0.3908,9999.9709,2.1429
139.301,2,RETURN_HOME,-4.1824,0.4699,-1.9699,1.4455,-0.3845,-0.1308,1.4455,-0.2845,1.4732,0.0,0.0,4.2087,12.72477912902832,2.3988544940948486,97.97,0,1,180,1.091,0.9966,1.0,0.9788,0.299,0.3,0.3915,9999.9732,2.1559
139.351,2,RETURN_HOME,-4.1159,0.4504,-1.9673,1.4505,-0.3748,-0.1279,1.4505,-0.2748,1.4763,0.0,0.0,4.1404,12.625873565673828,2.4258763790130615,96.96,0,1,180,1.146,0.9969,1.0,0.9812,0.2991,0.3,0.3925,9999.9763,2.1783
139.401,2,RETURN_HOME,-4.0599,0.4346,-1.9658,1.4549,-0.3675,-0.1255,1.4549,-0.2675,1.4793,0.0,0.0,4.0831,12.580670356750488,2.4369373321533203,96.46,0,1,180,1.071,0.9972,1.0,0.9834,0.2992,0.3,0.3934,9999.9793,2.1898
139.451,2,RETURN_HOME,-3.9941,0.4152,-1.9641,1.4595,-0.3596,-0.1228,1.4595,-0.2596,1.4825,0.0,0.0,4.0156,12.53421401977539,2.450171709060669,96.71,0,1,180,1.389,0.9974,1.0,0.9857,0.2992,0.3,0.3943,9999.9825,2.1986
139.501,2,RETURN_HOME,-3.9389,0.3994,-1.9633,1.4635,-0.3533,-0.1207,1.4635,-0.2533,1.4852,0.0,0.0,3.9591,12.436227798461914,2.4757001399993896,95.96,0,1,180,1.141,0.9975,1.0,0.9877,0.2993,0.3,0.3951,9999.9852,2.2245
139.551,2,RETURN_HOME,-3.8717,0.3814,-1.9632,1.4685,-0.3453,-0.1182,1.4685,-0.2453,1.4888,0.0,0.0,3.8905,12.389446258544922,2.485832452774048,95.96,0,1,180,1.182,0.9977,1.0,0.9903,0.2993,0.3,0.3961,9999.9888,2.2348
139.601,2,RETURN_HOME,-3.8145,0.3684,-1.9648,1.473,-0.3377,-0.1162,1.473,-0.2377,1.4921,0.0,0.0,3.8323,12.34228515625,2.4989566802978516,96.46,0,1,180,1.084,0.998,1.0,0.9927,0.2994,0.3,0.3971,9999.9921,2.2442
139.651,2,RETURN_HOME,-3.757,0.3556,-1.9666,1.4777,-0.3299,-0.1142,1.4777,-0.2299,1.4955,0.0,0.0,3.7738,12.244303703308105,2.521824359893799,95.71,0,1,180,1.162,0.9982,1.0,0.9952,0.2995,0.3,0.3981,9999.9955,2.266
139.701,2,RETURN_HOME,-3.6991,0.3431,-1.9685,1.4824,-0.3221,-0.1121,1.4824,-0.2221,1.499,0.0,0.0,3.715,12.197032928466797,2.5332651138305664,96.21,0,1,180,1.061,0.9984,1.0,0.9977,0.2995,0.3,0.3991,9999.999,2.2742
139.751,2,RETURN_HOME,-3.6264,0.3269,-1.9805,1.489,-0.3133,-0.1095,1.489,-0.1133,1.4933,0.0,0.0,3.6411,12.148481369018555,2.5433855056762695,96.71,0,1,180,1.203,0.9999,1.0,0.9954,0.3,0.3,0.3982,9999.9933,2.2644
139.801,2,RETURN_HOME,-3.5537,0.3113,-1.9911,1.4953,-0.3047,-0.1068,1.4953,-0.1047,1.499,0.0,0.0,3.5673,12.047256469726562,2.5649662017822266,93.46,0,1,180,1.096,0.9998,1.0,0.9992,0.3,0.3,0.3997,9999.999,2.2828
139.85,2,RETURN_HOME,-3.4808,0.2961,-2.0004,1.5013,-0.2962,-0.1043,1.4013,-0.2962,1.4322,0.0,0.0,3.4934,12.001508712768555,2.5755348205566406,96.46,0,1,180,0.945,0.9924,1.0,0.9476,0.2977,0.3,0.379,9999.9322,2.3317
139.901,2,RETURN_HOME,-3.4201,0.2839,-2.0072,1.5059,-0.2872,-0.1023,1.4059,-0.2872,1.435,0.0,0.0,3.4318,11.952714920043945,2.5851008892059326,95.96,0,1,180,0.936,0.993,1.0,0.9499,0.2979,0.3,0.38,9999.935,2.3396
139.951,2,RETURN_HOME,-3.3592,0.2722,-2.013,1.5108,-0.2758,-0.1001,1.4108,-0.2758,1.4376,0.0,0.0,3.3702,11.849590301513672,2.605440616607666,96.21,0,1,180,0.977,0.9937,1.0,0.9523,0.2981,0.3,0.3809,9999.9376,2.3565
140.0,2,RETURN_HOME,-3.2986,0.2607,-2.0183,1.5138,-0.266,-0.0975,1.4138,-0.266,1.4386,0.0,0.0,3.3089,11.80115795135498,2.614304304122925,96.21,0,1,180,0.857,0.9943,1.0,0.9536,0.2983,0.3,0.3814,9999.9386,2.3641
140.05,2,RETURN_HOME,-3.2384,0.2491,-2.023,1.5148,-0.2591,-0.095,1.4148,-0.2591,1.4384,0.0,0.0,3.2479,11.750441551208496,2.6235384941101074,94.96,0,1,180,0.97,0.9946,1.0,0.9537,0.2984,0.3,0.3815,9999.9384,2.3732
140.101,2,RETURN_HOME,-3.166,0.2357,-2.0277,1.5143,-0.2539,-0.092,1.4143,-0.2539,1.4369,0.0,0.0,3.1748,11.702627182006836,2.631239175796509,96.46,0,1,180,0.974,0.9947,1.0,0.9528,0.2984,0.3,0.3811,9999.9369,2.3797
140.15,2,RETURN_HOME,-3.1053,0.2255,-2.0302,1.5132,-0.2516,-0.0897,1.4132,-0.2516,1.4354,0.0,0.0,3.1135,11.59912395477295,2.6490750312805176,93.21,0,1,180,0.943,0.9946,1.0,0.9518,0.2984,0.3,0.3807,9999.9354,2.3961
140.201,2,RETURN_HOME,-3.0441,0.2164,-2.0311,1.512,-0.2501,-0.0876,1.412,-0.2501,1.434,0.0,0.0,3.0518,11.55061149597168,2.657938003540039,95.46,0,1,180,1.011,0.9946,1.0,0.9508,0.2984,0.3,0.3803,9999.934,2.4053
140.25,2,RETURN_HOME,-2.9709,0.2054,-2.0318,1.5104,-0.2492,-0.0851,1.4104,-0.2492,1.4322,0.0,0.0,2.9779,11.502249717712402,2.666551113128662,95.21,0,1,180,0.951,0.9944,1.0,0.9495,0.2983,0.3,0.3798,9999.9322,2.4129
140.3,2,RETURN_HOME,-2.9093,0.1955,-2.032,1.5092,-0.2488,-0.0831,1.4092,-0.2488,1.431,0.0,0.0,2.9159,11.399967193603516,2.6832199096679688,93.71,0,1,180,0.903,0.9942,1.0,0.9485,0.2983,0.3,0.3794,9999.931,2.4311
140.35,2,RETURN_HOME,-2.8471,0.1849,-2.0319,1.5084,-0.2486,-0.0811,1.4084,-0.2486,1.4301,0.0,0.0,2.8531,11.351433753967285,2.6917014122009277,93.46,0,1,180,0.948,0.994,1.0,0.9477,0.2982,0.3,0.3791,9999.9301,2.4376
140.4,2,RETURN_HOME,-2.7727,0.1722,-2.0316,1.5074,-0.2479,-0.0787,1.4074,-0.2479,1.429,0.0,0.0,2.778,11.302634239196777,2.6998209953308105,92.71,0,1,180,0.891,0.9937,1.0,0.9467,0.2981,0.3,0.3787,9999.929,2.4461
140.45,2,RETURN_HOME,-2.7093,0.1629,-2.0324,1.507,-0.2466,-0.0768,1.407,-0.3466,1.4491,0.0,0.0,2.7141,11.200297355651855,2.716994524002075,94.21,0,1,180,0.985,0.9836,1.0,0.9502,0.2951,0.3,0.3801,9999.9491,2.4835
140.5,2,RETURN_HOME,-2.6324,0.1526,-2.0339,1.5067,-0.2443,-0.0746,1.4067,-0.3443,1.4483,0.0,0.0,2.6368,11.153141021728516,2.724644184112549,92.71,0,1,180,0.876,0.9835,1.0,0.9495,0.295,0.3,0.3798,9999.9483,2.4902
140.55,2,RETURN_HOME,-2.5561,0.1422,-2.0351,1.5063,-0.2419,-0.0721,1.4063,-0.3419,1.4472,0.0,0.0,2.5601,11.104546546936035,2.7336230278015137,93.46,0,1,180,0.995,0.9833,1.0,0.9487,0.295,0.3,0.3795,9999.9472,2.4997
140.601,2,RETURN_HOME,-2.5042,0.1362,-2.0335,1.5065,-0.2409,-0.0704,1.4065,-0.3409,1.4472,0.0,0.0,2.5079,11.003179550170898,2.749194622039795,92.96,0,1,180,0.936,0.9832,1.0,0.9486,0.295,0.3,0.3794,9999.9472,2.5158
140.65,2,RETURN_HOME,-2.4262,0.1274,-2.0302,1.5068,-0.2414,-0.068,1.4068,-0.3414,1.4476,0.0,0.0,2.4296,10.954886436462402,2.7572574615478516,93.46,0,1,180,0.983,0.9828,1.0,0.9485,0.2948,0.3,0.3794,9999.9476,2.5232
140.7,2,RETURN_HOME,-2.3491,0.1182,-2.0272,1.5067,-0.244,-0.0657,1.4067,-0.344,1.4481,0.0,0.0,2.3521,10.90745735168457,2.7661075592041016,92.71,0,1,180,0.819,0.9821,1.0,0.9481,0.2946,0.3,0.3792,9999.9481,2.5342
140.751,2,RETURN_HOME,-2.2889,0.1106,-2.0249,1.5051,-0.2468,-0.0639,1.4051,-0.3468,1.4472,0.0,0.0,2.2916,10.851752281188965,2.774984121322632,93.96,0,1,180,0.976,0.9813,1.0,0.9468,0.2944,0.3,0.3787,9999.9472,2.5429
140.8,2,RETURN_HOME,-2.2288,0.1026,-2.0229,1.5034,-0.2504,-0.0622,1.4034,-0.3504,1.4464,0.0,0.0,2.2311,10.75749683380127,2.7901535034179688,92.46,0,1,180,0.904,0.9803,1.0,0.9453,0.2941,0.3,0.3781,9999.9464,2.5597
140.85,2,RETURN_HOME,-2.1567,0.0925,-2.0207,1.5013,-0.255,-0.0603,1.4013,-0.355,1.4456,0.0,0.0,2.1587,10.709505081176758,2.799140453338623,92.46,0,1,180,0.981,0.979,1.0,0.9435,0.2937,0.3,0.3774,9999.9456,2.5692
140.901,2,RETURN_HOME,-2.0961,0.0834,-2.0183,1.4996,-0.2594,-0.0586,1.3996,-0.3594,1.445,0.0,0.0,2.0978,10.655084609985352,2.808877944946289,93.21,0,1,180,1.07,0.9777,1.0,0.9419,0.2933,0.3,0.3767,9999.945,2.5782
140.951,2,RETURN_HOME,-2.0478,0.0759,-2.0166,1.4983,-0.2628,-0.0573,1.4983,-0.0628,1.4996,0.0,0.0,2.0492,10.560848236083984,2.8264293670654297,93.71,0,1,180,1.286,1.0,1.0,0.9997,0.3,0.3,0.3999,9999.9996,2.5368
141.001,2,RETURN_HOME,-1.9754,0.0643,-2.0144,1.4961,-0.2682,-0.0553,1.4961,-0.0682,1.4977,0.0,0.0,1.9765,10.51274585723877,2.8348798751831055,92.96,0,1,180,1.064,0.9999,1.0,0.9984,0.3,0.3,0.3993,9999.9977,2.5456
141.051,2,RETURN_HOME,-1.9036,0.0523,-2.0113,1.4937,-0.2741,-0.0536,1.4937,-0.0741,1.4955,0.0,0.0,1.9043,10.46007251739502,2.8446404933929443,93.21,0,1,180,1.203,0.9998,1.0,0.9968,0.2999,0.3,0.3987,9999.9955,2.5566
141.101,2,RETURN_HOME,-1.8438,0.0421,-2.0091,1.4938,-0.2738,-0.0524,1.4938,-0.0738,1.4956,0.0,0.0,1.8443,10.413538932800293,2.85265851020813,92.96,0,1,180,1.241,0.9996,1.0,0.9967,0.2999,0.3,0.3987,9999.9956,2.5657
141.151,2,RETURN_HOME,-1.7726,0.0297,-2.0074,1.496,-0.2665,-0.0508,1.496,-0.0665,1.4975,0.0,0.0,1.7729,10.316962242126465,2.8704397678375244,91.71,0,1,180,1.276,0.9996,1.0,0.998,0.2999,0.3,0.3992,9999.9975,2.5825
141.201,2,RETURN_HOME,-1.7037,0.0171,-2.0083,1.499,-0.2538,-0.0486,1.499,-0.0538,1.5,0.0,0.0,1.7037,10.263320922851562,2.880998134613037,90.71,0,1,180,1.142,0.9997,1.0,0.9996,0.2999,0.3,0.3999,10000.0,2.5889
141.25,2,RETURN_HOME,-1.6574,0.0091,-2.0088,1.5015,-0.2432,-0.0469,1.4015,-0.3432,1.4429,0.0,0.0,1.6574,10.21796703338623,2.888424873352051,91.71,0,1,180,0.971,0.9726,1.0,0.9356,0.2918,0.3,0.3742,9999.9429,2.6294
141.3,2,RETURN_HOME,-1.5875,-0.0024,-2.0105,1.5061,-0.2252,-0.0439,1.4061,-0.4252,1.469,0.0,0.0,1.5875,10.122529983520508,2.9057157039642334,92.96,0,1,180,0.89,0.9568,1.0,0.937,0.287,0.3,0.3748,9999.9942,2.3709
141.351,2,RETURN_HOME,-1.5288,-0.0116,-2.0156,1.5102,-0.2098,-0.0405,1.4102,-0.2098,1.4258,0.0,0.0,1.5289,10.067917823791504,2.9140803813934326,91.21,0,1,180,0.964,0.988,1.0,0.9391,0.2964,0.3,0.3756,9999.9913,2.655
141.4,2,RETURN_HOME,-1.458,-0.022,-2.0208,1.5123,-0.1983,-0.0357,1.3123,-0.3983,1.3714,0.0,0.0,1.4582,10.020644187927246,2.9211699962615967,90.21,0,1,180,0.887,0.9524,1.0,0.8707,0.2857,0.3,0.3483,9999.9871,2.4155
141.45,2,RETURN_HOME,-1.3994,-0.0301,-2.0253,1.5117,-0.1966,-0.0317,1.3117,-0.2966,1.3449,0.0,0.0,1.3997,9.923038482666016,2.9345574378967285,91.21,0,1,180,0.976,0.9704,1.0,0.87,0.2911,0.3,0.348,9999.9966,2.6917
141.5,2,RETURN_HOME,-1.3429,-0.037,-2.0312,1.5094,-0.1973,-0.0276,1.3094,0.0027,1.3094,0.0,0.0,1.3434,9.868220329284668,2.942873239517212,92.21,0,1,180,0.868,0.9997,1.0,0.8726,0.2999,0.3,0.3491,9999.9894,2.6004
141.55,2,RETURN_HOME,-1.2746,-0.0456,-2.0373,1.5031,-0.2038,-0.0227,1.3031,-0.0038,1.3031,0.0,0.0,1.2754,9.820226669311523,2.949739933013916,91.46,0,1,180,0.993,0.9993,1.0,0.8681,0.2998,0.3,0.3472,9999.9422,2.634
141.6,2,RETURN_HOME,-1.2161,-0.0537,-2.0404,1.4964,-0.2126,-0.0189,1.2964,-0.0126,1.2964,0.0,0.0,1.2173,9.722514152526855,2.9643728733062744,91.46,0,1,180,1.022,0.9985,1.0,0.863,0.2996,0.3,0.3452,9999.9013,2.6596
141.65,2,RETURN_HOME,-1.1435,-0.0645,-2.0416,1.4879,-0.2181,-0.0145,1.2879,-0.0181,1.288,0.0,0.0,1.1453,9.669214248657227,2.970892906188965,90.96,0,1,180,1.1,0.9975,1.0,0.8566,0.2993,0.3,0.3426,9999.8481,2.6773
141.701,2,RETURN_HOME,-1.0835,-0.0735,-2.0422,1.4801,-0.216,-0.0105,1.2801,-0.016,1.2802,0.0,0.0,1.086,9.622008323669434,2.977613687515259,91.21,0,1,180,1.084,0.9968,1.0,0.8507,0.299,0.3,0.3403,9999.8024,2.6824
141.751,2,RETURN_HOME,-1.0236,-0.0823,-2.0434,1.4721,-0.2084,-0.0059,1.2721,-0.0084,1.2721,0.0,0.0,1.0269,9.575101852416992,2.9842276573181152,91.46,0,1,180,1.136,0.9962,1.0,0.8449,0.2989,0.3,0.3379,9999.7544,2.6803
141.801,2,RETURN_HOME,-0.9518,-0.0923,-2.0458,1.4623,-0.1939,0.0004,1.2623,0.0061,1.2623,0.0,0.0,0.9563,9.474407196044922,3.002577543258667,93.21,0,1,180,1.084,0.9958,1.0,0.838,0.2987,0.3,0.3352,9999.693,2.6538
141.851,2,RETURN_HOME,-0.8807,-0.1015,-2.0475,1.4525,-0.1764,0.0077,1.2525,0.0236,1.2528,0.0,0.0,0.8865,9.426973342895508,3.0135953426361084,93.71,0,1,180,1.276,0.9954,1.0,0.8313,0.2986,0.3,0.3325,9999.6265,2.619
141.901,2,RETURN_HOME,-0.8228,-0.1085,-2.0496,1.4441,-0.1608,0.0144,1.2441,0.0392,1.2447,0.0,0.0,0.8299,9.381572723388672,3.0252525806427,94.96,0,1,180,1.084,0.995,1.0,0.8257,0.2985,0.3,0.3303,9999.5676,2.5865
141.951,2,RETURN_HOME,-0.754,-0.1159,-2.0518,1.4339,-0.1425,0.0232,1.2339,-0.0425,1.2346,0.0,0.0,0.7628,9.281875610351562,3.044581890106201,95.46,0,1,180,1.173,0.9826,1.0,0.8087,0.2948,0.3,0.3235,9999.4904,2.7552
142.001,2,RETURN_HOME,-0.697,-0.1215,-2.0531,1.4255,-0.1279,0.0312,1.2255,-0.0279,1.2258,0.0,0.0,0.7075,9.236289978027344,3.0554580688476562,95.96,0,1,180,1.152,0.981,1.0,0.8016,0.2943,0.3,0.3207,9999.4184,2.7508
142.051,2,RETURN_HOME,-0.642,-0.1253,-2.0575,1.4165,-0.1134,0.0399,1.2165,-0.0134,1.2166,0.0,0.0,0.6541,9.189537048339844,3.0673253536224365,96.46,0,1,180,1.283,0.9793,1.0,0.7943,0.2938,0.3,0.3177,9999.3386,2.7441
142.101,2,RETURN_HOME,-0.5875,-0.1285,-2.0619,1.4074,-0.1009,0.0495,1.2074,-0.0009,1.2074,0.0,0.0,0.6014,9.093423843383789,3.0905709266662598,97.47,0,1,180,1.035,0.9767,1.0,0.7862,0.293,0.3,0.3145,9999.243,2.7231
142.201,3,NAVIGATE,-0.4693,-0.1339,-2.0688,1.3871,-0.0801,0.0734,1.4871,0.1199,1.492,0.0,12.0,12.143,9.003480911254883,3.112725019454956,98.22,0,1,180,1.647,0.1188,1.0,0.4973,0.0357,0.3,0.1989,0.5346,2.3932
142.251,3,NAVIGATE,-0.4165,-0.1357,-2.0709,1.3771,-0.0737,0.0858,1.4771,0.1263,1.4825,0.0,12.0,12.1428,8.960036277770996,3.1259055137634277,98.47,0,1,180,1.736,0.1194,1.0,0.4942,0.0358,0.3,0.1977,0.5335,2.3923
142.301,3,NAVIGATE,-0.3639,-0.1374,-2.0715,1.3677,-0.07,0.1034,1.4677,0.13,1.4735,0.0,12.0,12.1428,8.865091323852539,3.1341607570648193,70.69,0,1,180,1.671,0.118,1.0,0.4912,0.0354,0.3,0.1965,0.5319,2.3743
142.351,3,NAVIGATE,-0.3014,-0.1394,-2.071,1.3642,-0.0639,0.1326,1.4642,0.1361,1.4706,0.0,12.0,12.1432,8.821561813354492,3.1239395141601562,70.94,0,1,180,1.881,0.1172,1.0,0.4902,0.0352,0.3,0.1961,0.5312,2.422
142.401,3,NAVIGATE,-0.2491,-0.141,-2.0675,1.3675,-0.0585,0.1634,1.4675,0.1415,1.4743,0.0,12.0,12.1436,8.778946876525879,3.112487316131592,70.69,0,1,180,1.69,0.1164,1.0,0.4914,0.0349,0.3,0.1966,0.5315,2.4679
142.451,3,NAVIGATE,-0.1963,-0.1425,-2.0613,1.3752,-0.0527,0.1994,1.4752,0.1473,1.4826,0.0,12.0,12.1441,8.690126419067383,3.097813844680786,69.44,0,1,180,1.71,0.1155,1.0,0.4942,0.0346,0.3,0.1977,0.5323,2.3766
142.502,3,NAVIGATE,-0.1334,-0.1439,-2.0488,1.388,-0.0448,0.2491,1.488,0.1552,1.4961,0.0,12.0,12.1446,8.655699729919434,3.0893781185150146,68.44,0,1,180,1.862,0.1147,1.0,0.4987,0.0344,0.3,0.1995,0.5339,2.4449
142.551,3,NAVIGATE,-0.0696,-0.1449,-2.0337,1.4033,-0.0351,0.3052,1.4033,0.1649,1.4129,0.0,12.0,12.1451,8.628275871276855,3.0801055431365967,67.19,0,1,180,1.292,0.1224,1.0,0.471,0.0367,0.3,0.1884,0.5251,2.5051
142.601,3,NAVIGATE,-0.0264,-0.1455,-2.0227,1.414,-0.0275,0.3459,1.414,0.1725,1.4245,0.0,12.0,12.1456,8.610796928405762,3.0637593269348145,64.68,0,1,180,1.063,0.1233,1.0,0.4748,0.037,0.3,0.1899,0.5269,2.313
142.651,3,NAVIGATE,0.0399,-0.1461,-2.0037,1.4302,-0.0137,0.4113,1.4302,0.1863,1.4423,0.0,12.0,12.1462,5.934554100036621,3.054229974746704,62.93,0,1,180,1.149,0.1259,1.0,0.4808,0.0378,0.3,0.1923,0.5301,2.3726
142.701,3,NAVIGATE,0.1072,-0.146,-1.9841,1.4435,0.0026,0.4816,1.4435,0.2026,1.4576,0.0,12.0,12.1465,5.5302863121032715,3.0463011264801025,61.43,0,1,180,1.075,0.1302,1.0,0.4859,0.0391,0.3,0.1943,0.5334,2.4514
142.751,3,NAVIGATE,0.1641,-0.1457,-1.9679,1.4519,0.0176,0.5436,1.4519,0.2176,1.4681,0.0,12.0,12.1468,4.8096022605896,3.0312018394470215,57.18,0,1,180,1.195,0.1348,1.0,0.4894,0.0405,0.3,0.1958,0.5362,2.227
142.801,3,NAVIGATE,0.2325,-0.1465,-1.9487,1.4591,0.0358,0.622,1.4591,0.2358,1.478,0.0,12.0,12.1487,4.526270389556885,3.022840738296509,55.43,0,1,180,1.112,0.1406,1.0,0.4927,0.0422,0.3,0.1971,0.5393,2.2906
142.851,3,NAVIGATE,0.3013,-0.1462,-1.93,1.464,0.0548,0.7049,1.464,0.2548,1.486,0.0,12.0,12.1499,4.274384021759033,3.016570806503296,52.92,0,1,180,1.222,0.147,1.0,0.4953,0.0441,0.3,0.1981,0.5422,2.3686
142.901,3,NAVIGATE,0.3471,-0.146,-1.9174,1.4665,0.0677,0.7624,1.4665,0.2677,1.4908,0.0,12.0,12.151,4.02668571472168,3.005924701690674,50.42,0,1,180,1.304,0.1514,1.0,0.4969,0.0454,0.3,0.1988,0.5442,2.3045
142.951,3,NAVIGATE,0.4033,-0.1475,-1.9011,1.469,0.0839,0.836,1.469,0.2839,1.4962,0.0,12.0,12.1542,3.664248466491699,2.9943482875823975,44.92,0,1,180,1.122,0.1571,1.0,0.4987,0.0471,0.3,0.1995,0.5466,2.0738
143.001,3,NAVIGATE,0.4712,-0.1477,-1.8847,1.4719,0.1059,0.9254,1.3719,0.3059,1.4056,0.0,12.0,12.1569,3.513317346572876,2.9878084659576416,40.66,0,1,180,1.084,0.1797,1.0,0.4685,0.0539,0.3,0.1874,0.5413,2.1138
143.051,3,NAVIGATE,0.5283,-0.1466,-1.8769,1.4746,0.1268,0.9996,1.3746,0.3268,1.413,0.0,12.0,12.1581,3.371339797973633,2.9790148735046387,36.66,0,1,180,1.19,0.1888,1.0,0.471,0.0566,0.3,0.1884,0.545,2.0665
143.1,3,NAVIGATE,0.5855,-0.1443,-1.8758,1.4773,0.1491,1.0725,1.3773,0.3491,1.4209,0.0,12.0,12.1584,3.177980661392212,2.96333646774292,29.9,0,1,180,1.007,0.1987,1.0,0.4736,0.0596,0.3,0.1894,0.5491,1.791
143.151,3,NAVIGATE,0.643,-0.1405,-1.8783,1.4773,0.1711,1.1433,1.3773,0.3711,1.4264,0.0,12.0,12.1576,3.1048123836517334,2.955012083053589,27.9,0,1,180,1.171,0.2087,1.0,0.4755,0.0626,0.3,0.1902,0.5528,1.7756
143.201,3,NAVIGATE,0.7131,-0.1349,-1.8842,1.4743,0.1958,1.2247,1.3743,0.3958,1.4302,0.0,12.0,12.1558,3.041262149810791,2.9477362632751465,23.65,0,1,180,1.054,0.2199,1.0,0.4767,0.066,0.3,0.1907,0.5567,1.7605
143.251,3,NAVIGATE,0.773,-0.1296,-1.8903,1.4701,0.2148,1.2891,1.3701,0.4148,1.4315,0.0,12.0,12.1542,2.9942588806152344,2.9388585090637207,20.39,0,1,180,1.25,0.2283,1.0,0.4772,0.0685,0.3,0.1909,0.5593,1.7302
143.301,3,NAVIGATE,0.8447,-0.1214,-1.8992,1.4634,0.2362,1.3613,1.3634,0.4362,1.4314,0.0,12.0,12.1508,2.93298602104187,2.921617269515991,13.89,0,1,180,1.117,0.2378,1.0,0.4771,0.0713,0.3,0.1909,0.5622,1.5176
143.351,3,NAVIGATE,0.9044,-0.1143,-1.9066,1.4567,0.2527,1.4171,1.3567,0.4527,1.4303,0.0,12.0,12.1481,2.9151530265808105,2.912174940109253,11.39,0,1,180,1.201,0.245,1.0,0.4768,0.0735,0.3,0.1907,0.5642,1.4679
143.401,3,NAVIGATE,0.9642,-0.1074,-1.9132,1.4494,0.268,1.4688,1.3494,0.468,1.4283,0.0,12.0,12.1457,2.902961254119873,2.902961254119873,9.88,0,1,180,1.176,0.2516,1.0,0.4761,0.0755,0.3,0.1904,0.5659,1.4363
143.451,3,NAVIGATE,1.0354,-0.0976,-1.9218,1.4406,0.2859,1.5252,1.3406,0.4859,1.4259,0.0,12.0,12.1419,2.8864693641662598,2.8864693641662598,3.88,0,1,180,1.173,0.2593,1.0,0.4753,0.0778,0.3,0.1901,0.5679,1.2504
143.501,3,NAVIGATE,1.0925,-0.0901,-1.9293,1.4324,0.2996,1.5675,1.3324,0.4996,1.423,0.0,12.0,12.1393,2.876608371734619,2.876608371734619,2.63,0,1,180,1.111,0.2654,1.0,0.4743,0.0796,0.3,0.1897,0.5693,1.1959
143.551,3,NAVIGATE,1.1592,-0.0808,-1.9385,1.4223,0.3152,1.6124,1.3223,0.5152,1.4191,0.0,12.0,12.1363,2.8666868209838867,2.8666868209838867,0.38,0,1,180,1.154,0.2724,1.0,0.473,0.0817,0.3,0.1892,0.5709,1.1884
143.601,3,NAVIGATE,1.2036,-0.0738,-1.9446,1.4158,0.3257,1.6389,1.3158,0.5257,1.4169,0.0,12.0,12.1336,2.856853723526001,2.856853723526001,-2.13,0,1,180,1.11,0.2771,1.0,0.4723,0.0831,0.3,0.1889,0.572,1.1222
143.651,3,NAVIGATE,1.2676,-0.0627,-1.9544,1.4055,0.3406,1.6739,1.2055,0.5406,1.3212,0.0,12.0,12.1292,2.8346872329711914,2.8346872329711914,-5.63,0,1,180,1.17,0.3116,1.0,0.4404,0.0935,0.3,0.1762,0.5696,0.9561
143.701,3,NAVIGATE,1.3193,-0.0528,-1.9627,1.3969,0.353,1.6986,1.1969,0.553,1.3184,0.0,12.0,12.1248,2.8238370418548584,2.8238370418548584,-6.13,0,1,180,1.706,0.3181,1.0,0.4395,0.0954,0.3,0.1758,0.5712,0.9218
143.751,3,NAVIGATE,1.3817,-0.0396,-1.9722,1.3876,0.3679,1.7231,1.1876,0.5679,1.3164,0.0,12.0,12.1186,2.8123676776885986,2.8123676776885986,-7.63,0,1,180,1.79,0.3258,1.0,0.4388,0.0977,0.3,0.1755,0.5733,0.8839
143.801,3,NAVIGATE,1.4343,-0.0278,-1.9812,1.3789,0.3805,1.7393,1.2789,0.4805,1.3662,0.0,12.0,12.113,2.787278890609741,2.787278890609741,-9.63,0,1,180,1.817,0.2384,1.0,0.4554,0.0715,0.3,0.1822,0.5537,1.0497
143.851,3,NAVIGATE,1.4979,-0.0128,-1.9925,1.3669,0.3957,1.7543,1.2669,0.4957,1.3604,0.0,12.0,12.1058,2.776527166366577,2.776527166366577,-9.88,0,1,180,1.762,0.2464,1.0,0.4535,0.0739,0.3,0.1814,0.5553,0.9952
143.901,3,NAVIGATE,1.5508,0.0007,-2.0008,1.3557,0.4084,1.7635,1.2557,0.5084,1.3548,0.0,12.0,12.0991,2.764108180999756,2.7631947994232178,-11.64,0,1,180,1.695,0.2534,1.0,0.4516,0.076,0.3,0.1806,0.5566,0.9385
143.951,3,NAVIGATE,1.6102,0.0209,-2.0075,1.3422,0.4225,1.771,1.1422,0.5225,1.256,0.0,12.0,12.0868,2.7369384765625,2.7344396114349365,-11.89,0,1,180,1.81,0.2911,1.0,0.4187,0.0873,0.3,0.1675,0.5548,0.8423
144.001,3,NAVIGATE,1.6591,0.0388,-2.0119,1.3322,0.4328,1.7745,1.1322,0.5328,1.2513,0.0,12.0,12.0757,2.7224810123443604,2.7206814289093018,-12.39,0,1,180,1.816,0.2975,1.0,0.4171,0.0892,0.3,0.1668,0.5561,0.7943
144.051,3,NAVIGATE,1.7081,0.057,-2.0159,1.3241,0.4421,1.7757,1.3241,0.4421,1.3959,0.0,12.0,12.0645,2.7095587253570557,2.7050838470458984,-13.14,0,1,180,1.738,0.1792,1.0,0.4653,0.0538,0.3,0.1861,0.5399,1.0354
144.101,3,NAVIGATE,1.766,0.0796,-2.0171,1.3139,0.4532,1.7745,1.2139,0.4532,1.2957,0.0,12.0,12.0505,2.67825984954834,2.674382448196411,-11.64,0,1,180,1.794,0.2087,1.0,0.4319,0.0626,0.3,0.1728,0.5354,0.9727
144.151,3,NAVIGATE,1.8144,0.0989,-2.0174,1.3049,0.4621,1.7719,1.2049,0.4621,1.2905,0.0,12.0,12.0386,2.663295269012451,2.6600944995880127,-11.64,0,1,180,1.723,0.2132,1.0,0.4302,0.064,0.3,0.1721,0.536,0.924
144.201,3,NAVIGATE,1.8631,0.1185,-2.0177,1.2989,0.4688,1.768,1.1989,0.4688,1.2873,0.0,12.0,12.0267,2.6458966732025146,2.6431939601898193,-12.64,0,1,180,1.808,0.2155,1.0,0.4291,0.0647,0.3,0.1716,0.5363,0.8814
144.252,3,NAVIGATE,1.9183,0.1429,-2.0176,1.2919,0.4751,1.7619,1.1919,0.4751,1.2831,0.0,12.0,12.0112,2.6134257316589355,2.610137462615967,-11.89,0,1,180,1.933,0.2171,1.0,0.4277,0.0651,0.3,0.1711,0.5362,0.8272
144.301,3,NAVIGATE,1.9649,0.1633,-2.0176,1.2871,0.479,1.7559,1.0871,0.479,1.1879,0.0,12.0,11.9987,2.597717046737671,2.595201253890991,-11.14,0,1,180,1.716,0.2479,1.0,0.396,0.0744,0.3,0.1584,0.5328,0.7985
144.352,3,NAVIGATE,2.022,0.1878,-2.0189,1.2822,0.4826,1.7482,1.0822,0.4826,1.1849,0.0,12.0,11.9841,2.5813353061676025,2.5781102180480957,-10.38,0,1,180,1.655,0.2474,1.0,0.395,0.0742,0.3,0.158,0.5322,0.7622
144.401,3,NAVIGATE,2.0823,0.2116,-2.0257,1.2784,0.4854,1.7399,1.0784,0.4854,1.1827,0.0,12.0,11.9709,2.545837163925171,2.5447311401367188,-11.14,0,1,180,1.564,0.2456,1.0,0.3942,0.0737,0.3,0.1577,0.5314,0.7319
144.451,3,NAVIGATE,2.1324,0.2316,-2.0307,1.2734,0.488,1.733,1.0734,0.488,1.1791,0.0,12.0,11.9601,2.528731346130371,2.527925968170166,-11.14,0,1,180,1.666,0.2449,1.0,0.393,0.0735,0.3,0.1572,0.5307,0.7036
144.501,3,NAVIGATE,2.1929,0.2555,-2.0365,1.2652,0.491,1.7249,1.3652,0.391,1.4201,0.0,12.0,11.9475,2.511671543121338,2.511671543121338,-10.13,0,1,180,1.534,0.0942,1.0,0.4734,0.0283,0.3,0.1893,0.5176,1.1055
144.551,3,NAVIGATE,2.2438,0.2753,-2.0417,1.2568,0.4937,1.7186,1.3568,0.3937,1.4128,0.0,12.0,11.9375,2.477738618850708,2.477738618850708,-9.13,0,1,180,1.659,0.0932,1.0,0.4709,0.028,0.3,0.1884,0.5163,1.1286
144.601,3,NAVIGATE,2.3044,0.2993,-2.0469,1.2448,0.4974,1.7122,1.4448,0.3974,1.4985,0.0,12.0,11.9255,2.4614386558532715,2.4614386558532715,-8.88,0,1,180,1.536,0.0739,1.0,0.4995,0.0222,0.3,0.1998,0.522,1.1567
144.651,3,NAVIGATE,2.3658,0.3226,-2.0532,1.2387,0.4973,1.7068,1.4387,0.3973,1.4926,0.0,12.0,11.9146,2.44360613822937,2.44360613822937,-8.13,0,1,180,1.578,0.0695,1.0,0.4975,0.0209,0.3,0.199,0.5199,1.1309
144.701,3,NAVIGATE,2.4171,0.3417,-2.0585,1.2392,0.4952,1.7032,1.4392,0.3952,1.4925,0.0,12.0,11.9062,2.4084441661834717,2.4084441661834717,-8.13,0,1,180,1.501,0.0635,1.0,0.4975,0.019,0.3,0.199,0.518,1.1589
144.751,3,NAVIGATE,2.4788,0.3645,-2.0638,1.2475,0.4909,1.6996,1.4475,0.3909,1.4993,0.0,12.0,11.8966,2.393047571182251,2.393047571182251,-8.38,0,1,180,1.574,0.0539,1.0,0.4998,0.0162,0.3,0.1999,0.5161,1.157
144.801,3,NAVIGATE,2.5443,0.3889,-2.0614,1.263,0.4867,1.697,1.363,0.3867,1.4168,0.0,12.0,11.8866,2.3592135906219482,2.3592135906219482,-8.38,0,1,180,1.639,0.0607,1.0,0.4723,0.0182,0.3,0.1889,0.5071,1.0939
144.851,3,NAVIGATE,2.5996,0.4091,-2.0584,1.2789,0.4832,1.6955,1.3789,0.3832,1.4312,0.0,12.0,11.8788,2.3407320976257324,2.3407320976257324,-7.38,0,1,180,1.685,0.0504,1.0,0.4771,0.0151,0.3,0.1908,0.5059,1.1424
144.901,3,NAVIGATE,2.6662,0.433,-2.0549,1.2993,0.4792,1.6945,1.3993,0.3792,1.4498,0.0,12.0,11.8703,2.3244564533233643,2.3244564533233643,-7.38,0,1,180,1.585,0.0381,1.0,0.4833,0.0114,0.3,0.1933,0.5047,1.1558
144.951,3,NAVIGATE,2.7245,0.4542,-2.0515,1.3154,0.4766,1.6945,1.4154,0.3766,1.4646,0.0,12.0,11.8629,2.291297435760498,2.291297435760498,-8.63,0,1,180,1.598,0.0283,1.0,0.4882,0.0085,0.3,0.1953,0.5038,1.1543
145.001,3,NAVIGATE,2.7944,0.4792,-2.0478,1.3314,0.4736,1.6956,1.4314,0.3736,1.4794,0.0,12.0,11.8549,2.2736308574676514,2.2736308574676514,-7.63,0,1,180,1.576,0.0173,1.0,0.4931,0.0052,0.3,0.1972,0.5025,1.153
145.052,3,NAVIGATE,2.8656,0.5041,-2.0436,1.3446,0.4709,1.6977,1.3446,0.3709,1.3948,0.0,12.0,11.8477,2.25630259513855,2.25630259513855,-8.38,0,1,180,1.958,0.0249,1.0,0.4649,0.0075,0.3,0.186,0.4934,1.1095
145.101,3,NAVIGATE,2.9394,0.5293,-2.0382,1.3565,0.4686,1.7007,1.3565,0.3686,1.4057,0.0,12.0,11.8413,2.2245583534240723,2.2245583534240723,-8.38,0,1,180,1.772,0.0144,1.0,0.4686,0.0043,0.3,0.1874,0.4918,1.142
145.151,3,NAVIGATE,3.0125,0.5541,-2.0335,1.3667,0.4659,1.7046,1.3667,0.3659,1.4149,0.0,12.0,11.8357,2.2064881324768066,2.2064881324768066,-7.63,0,1,180,1.719,0.0043,1.0,0.4716,0.0013,0.3,0.1886,0.4899,1.1522
145.201,3,NAVIGATE,3.0748,0.576,-2.0323,1.3735,0.4645,1.7086,1.3735,0.3645,1.4211,0.0,12.0,11.8306,2.1756651401519775,2.1756651401519775,-8.63,0,1,180,1.62,-0.0036,1.0,0.4737,-0.0011,0.3,0.1895,0.4884,1.0515
145.251,3,NAVIGATE,3.1501,0.6029,-2.0326,1.3798,0.463,1.7143,1.2798,0.363,1.3303,0.0,12.0,11.8244,2.159756660461426,2.159756660461426,-7.13,0,1,180,1.621,0.0067,1.0,0.4434,0.002,0.3,0.1774,0.4794,1.0897
145.301,3,NAVIGATE,3.2243,0.6289,-2.0328,1.384,0.4608,1.7211,1.284,0.3608,1.3337,0.0,12.0,11.8194,2.1250505447387695,2.1250505447387695,-8.88,0,1,180,1.546,-0.0024,1.0,0.4446,-0.0007,0.3,0.1778,0.4771,1.0839
145.351,3,NAVIGATE,3.2987,0.6556,-2.0315,1.3877,0.4586,1.7287,1.1877,0.4586,1.2731,0.0,12.0,11.8143,2.1104438304901123,2.1104438304901123,-9.38,0,1,180,1.648,0.0854,1.0,0.4244,0.0256,0.3,0.1697,0.4954,0.8203
145.401,3,NAVIGATE,3.3721,0.6814,-2.0304,1.3885,0.4557,1.7368,1.1885,0.4557,1.2728,0.0,12.0,11.8103,2.0950825214385986,2.0950825214385986,-8.88,0,1,180,1.625,0.0765,1.0,0.4243,0.023,0.3,0.1697,0.4927,0.8342
145.451,3,NAVIGATE,3.446,0.7057,-2.0293,1.3872,0.4524,1.7454,1.1872,0.4524,1.2705,0.0,12.0,11.8083,2.061992645263672,2.061992645263672,-9.63,0,1,180,1.793,0.0679,1.0,0.4235,0.0204,0.3,0.1694,0.4898,0.8297
145.501,3,NAVIGATE,3.5214,0.7281,-2.0278,1.3829,0.4513,1.7544,1.1829,0.4513,1.2661,0.0,12.0,11.8091,2.0483028888702393,2.047607183456421,-11.39,0,1,180,1.708,0.0616,1.0,0.422,0.0185,0.3,0.1688,0.4873,0.8389
145.551,3,NAVIGATE,3.5831,0.7468,-2.0267,1.3764,0.4521,1.7621,1.1764,0.4521,1.2603,0.0,12.0,11.8099,2.016148567199707,2.0147058963775635,-11.14,0,1,180,1.807,0.0586,1.0,0.4201,0.0176,0.3,0.168,0.4856,0.8252
145.601,3,NAVIGATE,3.6556,0.7691,-2.025,1.3662,0.4545,1.7715,1.1662,0.4545,1.2516,0.0,12.0,11.8108,2.0009052753448486,1.998773217201233,-12.39,0,1,180,1.715,0.0569,1.0,0.4172,0.0171,0.3,0.1669,0.484,0.8244
145.651,3,NAVIGATE,3.7149,0.7878,-2.0234,1.3566,0.457,1.7795,1.1566,0.457,1.2436,0.0,12.0,11.8116,1.9861303567886353,1.9843240976333618,-11.64,0,1,180,1.696,0.0564,1.0,0.4145,0.0169,0.3,0.1658,0.4827,0.8142
145.701,3,NAVIGATE,3.7733,0.8066,-2.0219,1.3467,0.4597,1.7876,1.1467,0.4597,1.2354,0.0,12.0,11.8123,1.970589280128479,1.9680099487304688,-12.64,0,1,180,1.779,0.0561,1.0,0.4118,0.0168,0.3,0.1647,0.4816,0.8043
145.752,3,NAVIGATE,3.8405,0.8284,-2.0206,1.3339,0.4626,1.7974,1.1339,0.4626,1.2247,0.0,12.0,11.8133,1.9392389059066772,1.9361255168914795,-12.39,0,1,180,2.096,0.0562,1.0,0.4082,0.0169,0.3,0.1633,0.4802,0.7784
145.801,3,NAVIGATE,3.9059,0.8502,-2.0195,1.321,0.4653,1.8072,1.121,0.4653,1.2137,0.0,12.0,11.8142,1.9247797727584839,1.920760989189148,-14.89,0,1,180,1.715,0.0564,1.0,0.4046,0.0169,0.3,0.1618,0.4788,0.7712
145.851,3,NAVIGATE,3.9597,0.8685,-2.0187,1.3104,0.4675,1.8153,1.1104,0.4675,1.2048,0.0,12.0,11.8148,1.8919233083724976,1.8875993490219116,-14.39,0,1,180,1.805,0.0567,1.0,0.4016,0.017,0.3,0.1606,0.4776,0.7481
145.901,3,NAVIGATE,4.0226,0.8919,-2.0203,1.2971,0.4708,1.825,1.0971,0.4708,1.1939,0.0,12.0,11.8141,1.8781886100769043,1.8718587160110474,-15.64,0,1,180,1.709,0.0579,1.0,0.398,0.0174,0.3,0.1592,0.4765,0.7404
145.951,3,NAVIGATE,4.0846,0.9154,-2.022,1.2839,0.474,1.8346,1.0839,0.474,1.183,0.0,12.0,11.8132,1.8636821508407593,1.8545005321502686,-15.39,0,1,180,1.698,0.0592,1.0,0.3943,0.0178,0.3,0.1577,0.4755,0.7327
146.001,3,NAVIGATE,4.1356,0.9351,-2.0233,1.273,0.4766,1.8425,1.073,0.4766,1.1741,0.0,12.0,11.8125,1.8315033912658691,1.8216074705123901,-18.14,0,1,180,1.773,0.0603,1.0,0.3914,0.0181,0.3,0.1565,0.4746,0.7394
146.052,3,NAVIGATE,4.1998,0.959,-2.0202,1.2616,0.4798,1.8517,1.0616,0.4798,1.165,0.0,12.0,11.8128,1.8178694248199463,1.8050897121429443,-17.39,0,1,180,1.77,0.061,1.0,0.3883,0.0183,0.3,0.1553,0.4736,0.7303
146.101,3,NAVIGATE,4.2525,0.9788,-2.0179,1.252,0.4824,1.8592,1.052,0.4824,1.1573,0.0,12.0,11.8131,1.801253080368042,1.7891623973846436,-16.89,0,1,180,1.712,0.0616,1.0,0.3858,0.0185,0.3,0.1543,0.4728,0.7199
146.151,3,NAVIGATE,4.3036,0.9988,-2.016,1.2417,0.4848,1.8666,1.0417,0.4848,1.149,0.0,12.0,11.813,1.7682030200958252,1.7550801038742065,-18.89,0,1,180,1.775,0.0627,1.0,0.383,0.0188,0.3,0.1532,0.472,0.695
146.201,3,NAVIGATE,4.3509,1.019,-2.0143,1.2295,0.4872,1.8737,1.0295,0.4872,1.139,0.0,12.0,11.8115,1.757019281387329,1.738319993019104,-18.14,0,1,180,1.768,0.0647,1.0,0.3797,0.0194,0.3,0.1519,0.4713,0.6834
146.251,3,NAVIGATE,4.4072,1.0433,-2.0127,1.2148,0.49,1.8821,1.0148,0.49,1.1269,0.0,12.0,11.8099,1.740653395652771,1.7227883338928223,-17.64,0,1,180,1.759,0.0674,1.0,0.3756,0.0202,0.3,0.1503,0.4705,0.6716
146.301,3,NAVIGATE,4.4533,1.0639,-2.0112,1.2023,0.4925,1.8889,1.0023,0.4925,1.1168,0.0,12.0,11.8081,1.7253053188323975,1.706437349319458,-16.14,0,1,180,1.811,0.07,1.0,0.3723,0.021,0.3,0.1489,0.4699,0.6585
146.351,3,NAVIGATE,4.4984,1.0858,-2.0089,1.1896,0.4955,1.8955,0.9896,0.4955,1.1067,0.0,12.0,11.8049,1.6901143789291382,1.6706476211547852,-18.89,0,1,180,1.707,0.0732,1.0,0.3689,0.0219,0.3,0.1476,0.4695,0.6565
146.401,3,NAVIGATE,4.5522,1.1119,-2.0065,1.1747,0.4989,1.9031,0.9747,0.4989,1.0949,0.0,12.0,11.8014,1.6769118309020996,1.653289556503296,-18.64,0,1,180,1.818,0.077,1.0,0.365,0.0231,0.3,0.146,0.4691,0.6421
146.451,3,NAVIGATE,4.6067,1.1382,-2.0042,1.1606,0.5023,1.9105,0.9606,0.5023,1.084,0.0,12.0,11.7983,1.660522222518921,1.637880802154541,-19.39,0,1,180,1.775,0.0806,1.0,0.3613,0.0242,0.3,0.1445,0.4687,0.6261
146.501,3,NAVIGATE,4.6436,1.1558,-2.0026,1.1516,0.5045,1.9152,0.9516,0.5045,1.0771,0.0,12.0,11.7966,1.6290373802185059,1.6017448902130127,-18.14,0,1,180,1.662,0.0828,1.0,0.359,0.0248,0.3,0.1436,0.4685,0.6269
146.551,3,NAVIGATE,4.6983,1.182,-2.0007,1.1383,0.5078,1.922,0.9383,0.5078,1.0669,0.0,12.0,11.7942,1.6125285625457764,1.5850402116775513,-19.89,0,1,180,1.824,0.0863,1.0,0.3556,0.0259,0.3,0.1423,0.4681,0.6122
146.601,3,NAVIGATE,4.7498,1.2082,-1.997,1.1237,0.5109,1.9285,0.9237,0.5109,1.0556,0.0,12.0,11.7909,1.5957235097885132,1.568098545074463,-20.14,0,1,180,1.7,0.0905,1.0,0.3519,0.0272,0.3,0.1407,0.4679,0.5953
146.651,3,NAVIGATE,4.7823,1.2256,-1.9934,1.1132,0.5129,1.9327,0.9132,0.5129,1.0474,0.0,12.0,11.7881,1.5771209001541138,1.5481407642364502,-21.39,0,1,180,1.729,0.0938,1.0,0.3491,0.0281,0.3,0.1397,0.4678,0.5793
146.701,3,NAVIGATE,4.831,1.2515,-1.9889,1.0978,0.5157,1.9387,0.8978,0.5157,1.0354,0.0,12.0,11.7842,1.5423613786697388,1.5144996643066406,-19.64,0,1,180,1.679,0.0988,1.0,0.3451,0.0296,0.3,0.138,0.4677,0.5766
146.751,3,NAVIGATE,4.8712,1.2729,-1.9857,1.0851,0.5179,1.9435,0.8851,0.5179,1.0255,0.0,12.0,11.7814,1.5280184745788574,1.4953452348709106,-22.9,0,1,180,1.735,0.1029,1.0,0.3418,0.0309,0.3,0.1367,0.4676,0.5582
146.801,3,NAVIGATE,4.919,1.2981,-1.9823,1.0702,0.5202,1.9491,0.8702,0.5202,1.0139,0.0,12.0,11.7783,1.511011004447937,1.4762308597564697,-21.9,0,1,180,1.628,0.1078,1.0,0.338,0.0323,0.3,0.1352,0.4675,0.5641
146.851,3,NAVIGATE,4.9508,1.315,-1.9806,1.0604,0.5219,1.9527,0.8604,0.5219,1.0063,0.0,12.0,11.7763,1.4767593145370483,1.4424054622650146,-22.9,0,1,180,1.703,0.1111,1.0,0.3354,0.0333,0.3,0.1342,0.4675,0.5365
146.901,3,NAVIGATE,5.0003,1.3409,-1.9805,1.0464,0.5246,1.9581,0.8464,0.5246,0.9958,0.0,12.0,11.7737,1.4591033458709717,1.4242709875106812,-22.15,0,1,180,1.686,0.1159,1.0,0.3319,0.0348,0.3,0.1328,0.4676,0.546
146.951,3,NAVIGATE,5.051,1.3673,-1.9827,1.0328,0.5276,1.9632,0.8328,0.5276,0.9859,0.0,12.0,11.7714,1.44134521484375,1.404132604598999,-22.9,0,1,180,1.786,0.1209,1.0,0.3286,0.0363,0.3,0.1314,0.4677,0.5255
147.001,3,NAVIGATE,5.0927,1.3893,-1.9846,1.0214,0.5301,1.9674,0.8214,0.5301,0.9776,0.0,12.0,11.7696,1.4079762697219849,1.3688583374023438,-24.15,0,1,180,1.699,0.1253,1.0,0.3259,0.0376,0.3,0.1303,0.4679,0.5231
147.051,3,NAVIGATE,5.1416,1.4176,-1.9939,1.0074,0.5338,1.9724,0.8074,0.5338,0.9679,0.0,12.0,11.7653,1.3886386156082153,1.3504213094711304,-21.65,0,1,180,1.819,0.1314,0.999,0.3226,0.0394,0.2997,0.1291,0.4682,0.503
147.101,3,NAVIGATE,5.1818,1.4418,-2.0037,0.9957,0.537,1.9764,0.7957,0.537,0.96,0.0,12.0,11.7612,1.3692344427108765,1.3315520286560059,-24.15,0,1,180,1.686,0.137,1.0,0.32,0.0411,0.3,0.128,0.4691,0.5041
147.151,3,NAVIGATE,5.2214,1.4658,-2.0124,0.984,0.5399,1.9803,0.784,0.5399,0.9519,0.0,12.0,11.7572,1.352055311203003,1.312131643295288,-24.4,0,1,180,1.749,0.1425,0.977,0.3173,0.0427,0.2931,0.1269,0.4628,0.4856
147.201,3,NAVIGATE,5.2589,1.4912,-2.0198,0.9715,0.5435,1.9843,0.7715,0.5435,0.9437,0.0,12.0,11.7512,1.3167166709899902,1.2761040925979614,-23.15,0,1,180,1.589,0.1491,0.9673,0.3146,0.0447,0.2902,0.1258,0.4608,0.4757
147.251,3,NAVIGATE,5.2951,1.5172,-2.0261,0.9586,0.5472,1.9882,0.7586,0.5472,0.9354,0.0,12.0,11.7443,1.2957850694656372,1.255791187286377,-24.4,0,1,180,1.764,0.1565,0.9542,0.3118,0.0469,0.2862,0.1247,0.4579,0.4761
147.301,3,NAVIGATE,5.3382,1.5479,-2.0324,0.9433,0.5512,1.9929,0.7433,0.5512,0.9254,0.0,12.0,11.7364,1.277513861656189,1.2372164726257324,-23.15,0,1,180,1.611,0.1651,0.9515,0.3085,0.0495,0.2855,0.1234,0.4584,0.4793
147.351,3,NAVIGATE,5.3722,1.5716,-2.035,0.9303,0.5534,1.9967,0.7303,0.5534,0.9163,0.0,12.0,11.7309,1.2612172365188599,1.2187845706939697,-25.9,0,1,180,1.711,0.1719,0.9151,0.3054,0.0516,0.2745,0.1222,0.4483,0.4614
147.401,3,NAVIGATE,5.4057,1.5947,-2.0366,0.9174,0.5552,2.0005,0.7174,0.5552,0.9072,0.0,12.0,11.7257,1.2224903106689453,1.1785354614257812,-25.15,0,1,180,1.671,0.1786,0.9356,0.3024,0.0536,0.2807,0.121,0.4552,0.4658
147.451,3,NAVIGATE,5.4392,1.6179,-2.0378,0.9046,0.557,2.0043,0.7046,0.557,0.8982,0.0,12.0,11.7206,1.2039228677749634,1.1614174842834473,-25.65,0,1,180,1.78,0.1853,0.9007,0.2994,0.0556,0.2702,0.1198,0.4456,0.4474
147.501,3,NAVIGATE,5.4789,1.6466,-2.0445,0.8894,0.5599,2.0088,0.7894,0.5599,0.9678,0.0,12.0,11.7137,1.1866858005523682,1.1422910690307617,-26.15,0,1,180,1.678,0.1298,1.0,0.3226,0.0389,0.3,0.129,0.468,0.4803
147.551,3,NAVIGATE,5.5117,1.6708,-2.0513,0.8766,0.5626,2.0126,0.7766,0.5626,0.9589,0.0,12.0,11.7077,1.1480333805084229,1.1028910875320435,-24.15,0,1,180,1.814,0.1364,0.9777,0.3196,0.0409,0.2933,0.1279,0.4621,0.4605
147.601,3,NAVIGATE,5.5443,1.6949,-2.057,0.8636,0.5652,2.0165,0.7636,0.5652,0.9501,0.0,12.0,11.7019,1.1291189193725586,1.0843044519424438,-25.4,0,1,180,1.703,0.1431,0.9726,0.3167,0.0429,0.2918,0.1267,0.4614,0.4709
147.651,3,NAVIGATE,5.5851,1.7214,-2.0685,0.8511,0.5671,2.0213,0.7511,0.5671,0.9411,0.0,12.0,11.698,1.1112958192825317,1.065532922744751,-25.65,0,1,180,1.832,0.1484,0.9732,0.3137,0.0445,0.292,0.1255,0.462,0.4785
147.701,3,NAVIGATE,5.6191,1.7434,-2.0773,0.8427,0.5685,2.0253,0.7427,0.5685,0.9353,0.0,12.0,11.695,1.0711997747421265,1.0257989168167114,-24.65,0,1,180,1.707,0.1515,0.985,0.3118,0.0455,0.2955,0.1247,0.4657,0.4502
147.752,3,NAVIGATE,5.6595,1.7698,-2.0857,0.8345,0.5702,2.03,0.7345,0.5702,0.9298,0.0,12.0,11.6913,1.0518324375152588,1.007118821144104,-25.4,0,1,180,2.084,0.1542,0.9552,0.3099,0.0463,0.2866,0.124,0.4568,0.4442
147.802,3,NAVIGATE,5.6932,1.7899,-2.0929,0.8284,0.5705,2.0339,0.7284,0.5705,0.9252,0.0,12.0,11.6902,1.0338003635406494,0.988288164138794,-26.15,0,1,180,2.323,0.1551,0.9641,0.3084,0.0465,0.2892,0.1234,0.4591,0.4348
147.852,3,NAVIGATE,5.7267,1.8102,-2.0986,0.8227,0.5709,2.0376,0.6227,0.5709,0.8448,0.0,12.0,11.6887,1.0145082473754883,0.9697331786155701,-25.9,0,1,180,1.845,0.228,0.8718,0.2816,0.0684,0.2615,0.1126,0.4426,0.4287
147.901,3,NAVIGATE,5.7665,1.835,-2.1035,0.816,0.5718,2.042,0.616,0.5718,0.8405,0.0,12.0,11.6867,0.9730890393257141,0.9327087998390198,-22.15,0,1,180,1.521,0.23,0.8693,0.2802,0.069,0.2608,0.1121,0.4419,0.4342
147.951,3,NAVIGATE,5.8084,1.8614,-2.1081,0.8093,0.5735,2.0461,0.6093,0.5735,0.8368,0.0,12.0,11.6845,0.9548667669296265,0.9156734347343445,-21.14,0,1,180,1.741,0.2327,0.8631,0.2789,0.0698,0.2589,0.1116,0.4403,0.4314
148.001,3,NAVIGATE,5.8495,1.888,-2.111,0.7997,0.5757,2.0502,0.5997,0.5757,0.8313,0.0,12.0,11.682,0.910851776599884,0.8837800025939941,-17.39,0,1,180,1.634,0.2382,0.8888,0.2771,0.0715,0.2667,0.1108,0.449,0.4444
148.051,3,NAVIGATE,5.8829,1.9108,-2.1129,0.7896,0.5776,2.0536,0.5896,0.5776,0.8253,0.0,12.0,11.679,0.8928700089454651,0.867402970790863,-15.89,0,1,180,1.636,0.2447,0.8851,0.2751,0.0734,0.2655,0.11,0.449,0.4423
148.101,3,NAVIGATE,5.9219,1.9391,-2.1149,0.7757,0.5798,2.0578,0.5757,0.6798,0.8908,0.0,12.0,11.6744,0.8739947080612183,0.8548663258552551,-14.14,0,1,180,1.611,0.3298,0.7943,0.2969,0.099,0.2383,0.1188,0.456,0.3982
148.151,3,NAVIGATE,5.96,1.9673,-2.1155,0.7605,0.5816,2.0621,0.5605,0.6816,0.8824,0.0,12.0,11.6695,0.8314275741577148,0.8300249576568604,-10.38,0,1,180,1.583,0.3397,0.8086,0.2941,0.1019,0.2426,0.1177,0.4621,0.4067
148.202,3,NAVIGATE,5.9906,1.9903,-2.1158,0.7475,0.5828,2.0657,0.5475,0.6828,0.8752,0.0,12.0,11.6654,0.8193066716194153,0.8193066716194153,-8.63,0,1,180,2.031,0.3482,0.8287,0.2917,0.1045,0.2486,0.1167,0.4698,0.4131
148.251,3,NAVIGATE,6.0265,2.0178,-2.1155,0.7318,0.5867,2.0701,0.5318,0.6867,0.8685,0.0,12.0,11.6603,0.8095284104347229,0.8095284104347229,-6.63,0,1,180,1.725,0.3604,0.8226,0.2895,0.1081,0.2468,0.1158,0.4707,0.4069
148.301,3,NAVIGATE,6.0616,2.0456,-2.1141,0.7161,0.5932,2.0745,0.5161,0.6932,0.8642,0.0,12.0,11.6548,0.7905364036560059,0.7905364036560059,-2.63,0,1,180,1.496,0.3744,0.8465,0.2881,0.1123,0.2539,0.1152,0.4815,0.4137
148.351,3,NAVIGATE,6.0965,2.0755,-2.1075,0.701,0.6023,2.0789,0.501,0.7023,0.8627,0.0,12.0,11.6474,0.7831076383590698,0.7831076383590698,-0.63,0,1,180,1.649,0.3897,0.8311,0.2876,0.1169,0.2493,0.115,0.4813,0.41
148.401,3,NAVIGATE,6.125,2.1009,-2.1012,0.6885,0.6108,2.0826,0.4885,0.7108,0.8625,0.0,12.0,11.6408,0.7720285654067993,0.7720285654067993,3.63,0,1,180,1.448,0.4028,0.8506,0.2875,0.1208,0.2552,0.115,0.491,0.4241
148.451,3,NAVIGATE,6.1583,2.1318,-2.0928,0.6735,0.6213,2.0869,0.4735,0.7213,0.8628,0.0,12.0,11.6321,0.7667372822761536,0.7667372822761536,5.88,0,1,180,1.578,0.4186,0.8302,0.2876,0.1256,0.2491,0.115,0.4897,0.4177
148.501,3,NAVIGATE,6.1848,2.1579,-2.0823,0.6605,0.63,2.0905,0.4605,0.73,0.8631,0.0,12.0,11.624,0.7621554136276245,0.7621554136276245,7.88,0,1,180,1.66,0.4322,0.8434,0.2877,0.1297,0.253,0.1151,0.4978,0.4252
148.551,3,NAVIGATE,6.2159,2.1896,-2.0708,0.6448,0.6402,2.0948,0.4448,0.7402,0.8635,0.0,12.0,11.6139,0.7914560437202454,0.7582165002822876,12.14,0,1,180,1.607,0.4484,0.8563,0.2878,0.1345,0.2569,0.1151,0.5065,0.4294
148.601,3,NAVIGATE,6.2453,2.2223,-2.0606,0.6282,0.6507,2.099,0.4282,0.7507,0.8642,0.0,12.0,11.602,0.8219665288925171,0.7541520595550537,14.39,0,1,180,1.439,0.4653,0.8724,0.2881,0.1396,0.2617,0.1152,0.5165,0.4371
148.651,3,NAVIGATE,6.2675,2.251,-2.0533,0.6133,0.6599,2.1025,0.4133,0.7599,0.865,0.0,12.0,11.5898,0.8777579069137573,0.7547637820243835,18.39,0,1,180,1.56,0.4805,0.8936,0.2883,0.1442,0.2681,0.1153,0.5276,0.4428
148.701,3,NAVIGATE,6.2939,2.2855,-2.0455,0.5956,0.6706,2.1068,0.3956,0.7706,0.8662,0.0,12.0,11.5751,7.4258856773376465,0.7553872466087341,20.64,0,1,180,1.657,0.4983,0.9057,0.2887,0.1495,0.2717,0.1155,0.5367,0.4464
148.752,3,NAVIGATE,6.3212,2.3187,-2.0372,0.5787,0.6802,2.1109,0.3787,0.7802,0.8673,0.0,12.0,11.5622,7.412696361541748,0.7565546631813049,22.9,0,1,180,1.766,0.5145,0.9153,0.2975,0.1544,0.2746,0.119,0.548,0.4507
148.801,3,NAVIGATE,6.3485,2.3515,-2.0293,0.5622,0.6894,2.115,0.3622,0.7894,0.8685,0.0,12.0,11.5497,7.408422946929932,0.7643184661865234,26.9,0,1,180,1.695,0.53,0.947,0.3069,0.159,0.2841,0.1228,0.5659,0.4621
148.851,3,NAVIGATE,6.375,2.3847,-2.0225,0.5458,0.6986,2.1191,0.3458,0.8986,0.9628,0.0,12.0,11.5366,7.3925604820251465,0.7655420303344727,29.15,0,1,180,1.641,0.5794,0.9428,0.3719,0.1738,0.2828,0.1488,0.6054,0.464
148.901,3,NAVIGATE,6.3937,2.4141,-2.0134,0.531,0.7065,2.1224,0.331,0.9065,0.9651,0.0,12.0,11.5226,7.380495548248291,0.7771422266960144,33.41,0,1,180,1.554,0.5911,0.9948,0.3803,0.1773,0.2984,0.1521,0.6279,0.4868
148.951,3,NAVIGATE,6.4158,2.4494,-2.004,0.5133,0.7159,2.1264,0.3133,0.9159,0.9681,0.0,12.0,11.5055,7.371294975280762,0.7841706275939941,35.16,0,1,180,1.645,0.6049,1.0,0.3904,0.1815,0.3,0.1562,0.6376,0.4938
149.001,3,NAVIGATE,6.4375,2.4852,-1.9964,0.4955,0.7282,2.1304,0.2955,0.9282,0.9741,0.0,12.0,11.4879,7.3549723625183105,0.7908124327659607,36.91,0,1,180,1.686,0.6192,1.0,0.4021,0.1858,0.3,0.1609,0.6466,0.5052
149.051,3,NAVIGATE,6.459,2.522,-1.9913,0.478,0.7431,2.1344,0.278,0.9431,0.9832,0.0,12.0,11.4695,7.347024917602539,0.8045180439949036,41.16,0,1,180,1.673,0.6334,1.0,0.4152,0.19,0.3,0.1661,0.6561,0.5283
149.101,3,NAVIGATE,6.4798,2.5593,-1.9871,0.4607,0.7597,2.1382,0.2607,0.9597,0.9944,0.0,12.0,11.4505,7.330379486083984,0.8132009506225586,42.91,0,1,180,1.536,0.6473,1.0,0.4291,0.1942,0.3,0.1716,0.6658,0.5393
149.151,3,NAVIGATE,6.502,2.5988,-1.982,0.4444,0.7777,2.1419,0.2444,0.9777,1.0077,0.0,12.0,11.4306,7.318918228149414,0.8328844308853149,46.42,0,1,180,1.55,0.66,1.0,0.4434,0.198,0.3,0.1774,0.6754,0.5675
149.201,3,NAVIGATE,6.5212,2.6332,-1.9772,0.4313,0.7933,2.145,0.2313,0.9933,1.0199,0.0,12.0,11.4133,7.299131870269775,0.843130886554718,48.42,0,1,180,1.522,0.6697,1.0,0.4554,0.2009,0.3,0.1821,0.6831,0.5791
149.251,3,NAVIGATE,6.5434,2.6749,-1.9724,0.4155,0.8118,2.1485,0.2155,1.0118,1.0345,0.0,12.0,11.3918,7.284739971160889,0.8531264662742615,49.67,0,1,180,1.512,0.681,1.0,0.4696,0.2043,0.3,0.1879,0.6921,0.5902
149.301,3,NAVIGATE,6.5666,2.7141,-1.9714,0.4002,0.8289,2.1521,0.2002,1.0289,1.0482,0.0,12.0,11.3732,7.261229991912842,0.8764947652816772,53.92,0,1,180,1.517,0.6912,1.0,0.483,0.2074,0.3,0.1932,0.7006,0.6138
149.352,3,NAVIGATE,6.589,2.7535,-1.9714,0.3846,0.8454,2.1557,0.1846,1.0454,1.0615,0.0,12.0,11.354,7.249687194824219,0.8876290321350098,54.68,0,1,180,1.758,0.7011,1.0,0.4961,0.2103,0.3,0.1985,0.7088,0.6251
149.401,3,NAVIGATE,6.6098,2.7944,-1.9716,0.3685,0.862,2.1593,0.1685,1.062,1.0753,0.0,12.0,11.3328,7.2207841873168945,0.9118605852127075,54.93,0,1,180,1.58,0.7108,1.0,0.5096,0.2132,0.3,0.2038,0.7171,0.6486
149.451,3,NAVIGATE,6.6281,2.839,-1.9715,0.3518,0.8796,2.1628,0.1518,1.0796,1.0902,0.0,12.0,11.3073,7.213629722595215,0.92486572265625,56.18,0,1,180,1.681,0.7207,1.0,0.5238,0.2162,0.3,0.2095,0.7257,0.6628
149.501,3,NAVIGATE,6.6425,2.8764,-1.9716,0.3378,0.8942,2.1657,0.1378,1.0942,1.1028,0.0,12.0,11.2856,7.193872451782227,0.9463370442390442,55.68,0,1,180,1.507,0.7286,1.0,0.5357,0.2186,0.3,0.2143,0.7328,0.6877
149.551,3,NAVIGATE,6.6596,2.9227,-1.9694,0.3211,0.9122,2.1693,0.1211,1.1122,1.1187,0.0,12.0,11.2583,7.169485569000244,0.9573947191238403,54.93,0,1,180,1.607,0.7375,1.0,0.5501,0.2213,0.3,0.22,0.7413,0.7017
149.601,3,NAVIGATE,6.6763,2.9703,-1.9653,0.3044,0.9307,2.1728,0.1044,1.1307,1.1355,0.0,12.0,11.2298,7.139079570770264,0.9698785543441772,56.18,0,1,180,1.443,0.746,1.0,0.5648,0.2238,0.3,0.2259,0.7497,0.7227
149.652,3,NAVIGATE,6.6919,3.0183,-1.962,0.2876,0.949,2.1765,0.0876,1.149,1.1523,0.0,12.0,11.2005,7.112096309661865,0.989848792552948,58.93,0,1,180,1.886,0.7542,1.0,0.5794,0.2263,0.3,0.2318,0.758,0.7543
149.701,3,NAVIGATE,6.7105,3.0677,-1.9601,0.2719,0.9675,2.1801,0.0719,1.1675,1.1698,0.0,12.0,11.1721,7.093184471130371,1.0025070905685425,60.43,0,1,180,1.582,0.7611,1.0,0.5935,0.2283,0.3,0.2374,0.7657,0.7717
149.751,3,NAVIGATE,6.7254,3.1093,-1.9592,0.2589,0.9829,2.1832,0.0589,1.1829,1.1844,0.0,12.0,11.1479,7.0526323318481445,1.0302834510803223,63.93,0,1,180,1.589,0.7665,1.0,0.6052,0.23,0.3,0.2421,0.7721,0.8075
149.802,3,NAVIGATE,6.7415,3.1604,-1.958,0.2427,1.0016,2.187,0.0427,1.2016,1.2024,0.0,12.0,11.1169,7.0433526039123535,1.0442452430725098,65.44,0,1,180,1.928,0.7731,1.0,0.6197,0.2319,0.3,0.2479,0.7798,0.8256
149.851,3,NAVIGATE,6.7537,3.2157,-1.9554,0.2255,1.0226,2.1908,0.0255,1.2226,1.2229,0.0,12.0,11.0804,7.000454902648926,1.0733704566955566,68.69,0,1,180,1.612,0.7799,1.0,0.6358,0.234,0.3,0.2543,0.7883,0.865
149.901,3,NAVIGATE,6.7649,3.2711,-1.9535,0.2081,1.043,2.1944,0.0081,1.243,1.2431,0.0,12.0,11.0435,6.984409809112549,1.0903286933898926,70.19,0,1,180,1.659,0.7864,1.0,0.6517,0.2359,0.3,0.2607,0.7966,0.8857
149.951,3,NAVIGATE,6.7731,3.3275,-1.9505,0.19,1.063,2.198,-0.01,1.263,1.2631,0.0,12.0,11.004,6.955284595489502,1.104053258895874,71.44,0,1,180,1.565,0.793,1.0,0.6677,0.2379,0.3,0.2671,0.805,0.9079
150.001,3,NAVIGATE,6.7788,3.3849,-1.9469,0.1712,1.0828,2.2017,-0.0288,1.2828,1.2831,0.0,12.0,10.9623,6.9114227294921875,1.139749526977539,74.69,0,1,180,1.612,0.7996,1.0,0.6839,0.2399,0.3,0.2736,0.8134,0.9549
150.051,3,NAVIGATE,6.784,3.4424,-1.9442,0.1525,1.102,2.2053,-0.0475,1.302,1.3029,0.0,12.0,10.9204,6.8971991539001465,1.159854769706726,75.95,0,1,180,1.642,0.8057,1.0,0.6998,0.2417,0.3,0.2799,0.8217,0.9784
150.101,3,NAVIGATE,6.787,3.4923,-1.9436,0.1365,1.1185,2.2085,-0.0635,1.3185,1.32,0.0,12.0,10.8832,6.873063087463379,1.1761319637298584,77.45,0,1,180,1.655,0.8108,1.0,0.7135,0.2432,0.3,0.2854,0.8287,1.0027
150.151,3,NAVIGATE,6.7899,3.5527,-1.9438,0.1174,1.1382,2.2123,-0.0826,1.3382,1.3407,0.0,12.0,10.8379,6.837185382843018,1.2173229455947876,80.2,0,1,180,1.562,0.8166,1.0,0.7298,0.245,0.3,0.2919,0.8369,1.059
150.201,3,NAVIGATE,6.7915,3.6135,-1.9449,0.0981,1.1577,2.2161,-0.1019,1.3577,1.3615,0.0,12.0,10.7915,6.820308208465576,1.236627459526062,81.45,0,1,180,1.589,0.822,1.0,0.7461,0.2466,0.3,0.2985,0.8451,1.0862
150.251,3,NAVIGATE,6.7889,3.6662,-1.9478,0.0808,1.1745,2.2194,-0.1192,1.3745,1.3797,0.0,12.0,10.749,6.750648498535156,1.2824807167053223,83.95,0,1,180,1.609,0.827,1.0,0.7606,0.2481,0.3,0.3042,0.8523,1.1258
150.301,3,NAVIGATE,6.7859,3.7293,-1.9511,0.0606,1.1942,2.2232,-0.1394,1.3942,1.4012,0.0,12.0,10.6982,6.734161376953125,1.3067572116851807,85.2,0,1,180,1.595,0.8324,1.0,0.7775,0.2497,0.3,0.311,0.8607,1.1562
150.351,3,NAVIGATE,6.7826,3.7926,-1.954,0.0407,1.2137,2.2271,-0.1593,1.4137,1.4226,0.0,12.0,10.6473,6.699696063995361,1.3269214630126953,86.46,0,1,180,1.595,0.8373,1.0,0.7941,0.2512,0.3,0.3177,0.8689,1.1902
150.401,3,NAVIGATE,6.7795,3.8458,-1.9558,0.0243,1.23,2.2302,-0.1757,1.43,1.4407,0.0,12.0,10.6043,6.649016857147217,1.3756390810012817,88.71,0,1,180,1.644,0.8412,1.0,0.8079,0.2523,0.3,0.3232,0.8755,1.2438
150.451,3,NAVIGATE,6.7756,3.9098,-1.9579,0.0051,1.2491,2.234,-0.1949,1.4491,1.4622,0.0,12.0,10.5527,6.630309104919434,1.4019283056259155,90.21,0,1,180,1.568,0.8454,1.0,0.8241,0.2536,0.3,0.3296,0.8832,1.2771
150.501,3,NAVIGATE,6.7717,3.9748,-1.9576,-0.0138,1.2685,2.2378,-0.2138,1.4685,1.484,0.0,12.0,10.5005,6.575280666351318,1.4558733701705933,92.21,0,1,180,1.566,0.8492,1.0,0.8402,0.2548,0.3,0.3361,0.8908,1.3507
150.551,3,NAVIGATE,6.7677,4.0406,-1.9554,-0.0324,1.288,2.2416,-0.2324,1.388,1.4074,0.0,12.0,10.4477,6.538693904876709,1.4823827743530273,93.21,0,1,180,1.67,0.8583,1.0,0.8053,0.2575,0.3,0.3221,0.8796,1.3543
150.601,3,NAVIGATE,6.7632,4.1067,-1.9538,-0.051,1.3077,2.2454,-0.251,1.4077,1.4299,0.0,12.0,10.3944,6.524792671203613,1.5129215717315674,94.46,0,1,180,1.647,0.8618,1.0,0.8215,0.2585,0.3,0.3286,0.8871,1.3858
150.651,3,NAVIGATE,6.7626,4.1637,-1.9575,-0.0652,1.3241,2.2486,-0.2652,1.4241,1.4485,0.0,12.0,10.3509,6.490776062011719,1.5700186491012573,96.46,0,1,180,1.564,0.8639,1.0,0.8342,0.2592,0.3,0.3337,0.8928,1.4619
150.701,3,NAVIGATE,6.761,4.2322,-1.9617,-0.082,1.341,2.2522,-0.282,1.441,1.4683,0.0,12.0,10.2981,6.471374988555908,1.5956591367721558,97.47,0,1,180,1.532,0.8664,1.0,0.8481,0.2599,0.3,0.3392,0.8991,1.4821
150.751,3,NAVIGATE,6.759,4.3004,-1.9652,-0.099,1.3552,2.2558,-0.299,1.4552,1.4856,0.0,12.0,10.2454,6.438533782958984,1.6591132879257202,99.47,0,1,180,1.52,0.8689,1.0,0.8605,0.2607,0.3,0.3442,0.9049,1.561
150.801,3,NAVIGATE,6.7591,4.3676,-1.9664,-0.115,1.367,2.2594,-0.315,1.367,1.4029,0.0,12.0,10.1951,6.418720722198486,1.6883918046951294,100.22,0,1,180,1.429,0.8784,1.0,0.8215,0.2635,0.3,0.3286,0.8921,1.5794
150.851,3,NAVIGATE,6.7578,4.435,-1.9676,-0.1317,1.3783,2.2631,-0.3317,1.3783,1.4176,0.0,12.0,10.1438,6.399227142333984,1.7211759090423584,101.22,0,1,180,1.583,0.881,1.0,0.8326,0.2643,0.3,0.333,0.8973,1.5874
150.901,3,NAVIGATE,6.7555,4.5019,-1.9714,-0.1485,1.3887,2.2668,-0.3485,1.3887,1.4317,0.0,12.0,10.0925,6.359408378601074,1.788813829421997,102.97,0,1,180,1.468,0.8835,1.0,0.8433,0.2651,0.3,0.3373,0.9024,1.6005
150.951,3,NAVIGATE,6.7526,4.5575,-1.9754,-0.1624,1.3953,2.2698,-0.3624,1.3953,1.4416,0.0,12.0,10.0493,6.338934421539307,1.8194307088851929,103.72,0,1,180,1.602,0.8857,1.0,0.8513,0.2657,0.3,0.3405,0.9062,1.6082
151.0,3,NAVIGATE,6.748,4.6245,-1.9798,-0.1795,1.4012,2.2736,-0.3795,1.4012,1.4517,0.0,12.0,9.9966,6.295018672943115,1.8439395427703857,-131.25,0,1,180,0.936,0.8886,1.0,0.86,0.2666,0.3,0.344,0.9106,1.6215
151.051,3,NAVIGATE,6.7377,4.692,-1.9849,-0.1989,1.4057,2.2776,-0.3989,1.4057,1.4612,0.0,12.0,9.94,6.273100852966309,1.8508650064468384,-129.75,0,1,180,1.101,0.8923,1.0,0.8692,0.2677,0.3,0.3477,0.9154,1.6333
151.1,3,NAVIGATE,6.7258,4.7596,-1.9896,-0.2185,1.4094,2.2817,-0.4185,1.4094,1.4702,0.0,12.0,9.8823,6.228575706481934,1.862975001335144,-131.5,0,1,180,1.01,0.8961,1.0,0.8783,0.2688,0.3,0.3513,0.9202,1.6508
151.15,3,NAVIGATE,6.7127,4.8272,-1.9938,-0.2382,1.4129,2.2858,-0.4382,1.4129,1.4793,0.0,12.0,9.8239,6.203832149505615,1.8723467588424683,-130.25,0,1,180,1.004,0.8998,1.0,0.8874,0.2699,0.3,0.355,0.9249,1.6617
151.2,3,NAVIGATE,6.6961,4.8941,-1.9982,-0.2586,1.4163,2.2901,-0.4586,1.4163,1.4887,0.0,12.0,9.7638,6.178009033203125,1.88041353225708,-130.5,0,1,180,0.986,0.9036,1.0,0.8968,0.2711,0.3,0.3587,0.9298,1.6745
151.251,3,NAVIGATE,6.6821,4.9501,-2.0012,-0.2752,1.4194,2.2936,-0.4752,1.4194,1.4968,0.0,12.0,9.7135,6.130781173706055,1.8962929248809814,-129.75,0,1,180,1.266,0.9066,1.0,0.9047,0.272,0.3,0.3619,0.9339,1.6953
151.3,3,NAVIGATE,6.6627,5.0294,-1.9998,-0.2979,1.4245,2.2985,-0.4979,1.3245,1.415,0.0,12.0,9.6426,6.104273796081543,1.9067809581756592,-130.75,0,1,180,0.997,0.9198,1.0,0.8677,0.2759,0.3,0.3471,0.923,1.7092
151.35,3,NAVIGATE,6.6488,5.0866,-1.9963,-0.3139,1.4286,2.3019,-0.5139,1.3286,1.4246,0.0,12.0,9.5917,6.050742149353027,1.9255096912384033,-131.0,0,1,180,1.041,0.9223,1.0,0.8759,0.2767,0.3,0.3504,0.9271,1.7316
151.4,3,NAVIGATE,6.6315,5.1554,-1.9926,-0.333,1.4339,2.3059,-0.533,1.3339,1.4364,0.0,12.0,9.5302,6.024486541748047,1.936606764793396,-132.5,0,1,180,1.001,0.9251,1.0,0.8859,0.2775,0.3,0.3544,0.9319,1.7444
151.451,3,NAVIGATE,6.6154,5.2252,-1.99,-0.351,1.4374,2.3099,-0.551,1.3374,1.4465,0.0,12.0,9.469,5.997241973876953,1.946900486946106,-131.75,0,1,180,1.011,0.9277,1.0,0.8946,0.2783,0.3,0.3578,0.9361,1.7612
151.5,3,NAVIGATE,6.6017,5.2834,-1.9882,-0.3662,1.4385,2.3132,-0.5662,1.3385,1.4533,0.0,12.0,9.4178,5.943326473236084,1.970407485961914,-132.25,0,1,180,0.927,0.9299,1.0,0.901,0.279,0.3,0.3604,0.9394,1.7875
151.551,3,NAVIGATE,6.5843,5.3531,-1.9864,-0.3847,1.4378,2.3172,-0.5847,1.3378,1.46,0.0,12.0,9.356,5.9154253005981445,1.9814386367797852,-132.25,0,1,180,1.58,0.9328,1.0,0.908,0.2798,0.3,0.3632,0.943,1.8009
151.6,3,NAVIGATE,6.5711,5.4101,-1.9837,-0.3997,1.4361,2.3206,-0.5997,1.3361,1.4645,0.0,12.0,9.3062,5.886373519897461,1.9958373308181763,-134.5,0,1,180,0.988,0.9352,1.0,0.913,0.2805,0.3,0.3652,0.9458,1.8184
151.65,3,NAVIGATE,6.554,5.4784,-1.981,-0.4181,1.4333,2.3247,-0.6181,1.3333,1.4696,0.0,12.0,9.2459,5.827932357788086,2.021937131881714,-135.0,0,1,180,1.04,0.9381,1.0,0.9191,0.2814,0.3,0.3676,0.9491,1.8491
151.7,3,NAVIGATE,6.5351,5.5466,-1.9793,-0.4372,1.4305,2.3288,-0.6372,1.3305,1.4752,0.0,12.0,9.1844,5.801580905914307,2.0357725620269775,-133.5,0,1,180,0.937,0.9411,1.0,0.9255,0.2823,0.3,0.3702,0.9525,1.8668
151.751,3,NAVIGATE,6.5139,5.6146,-1.9788,-0.4569,1.4276,2.3329,-0.6569,1.3276,1.4812,0.0,12.0,9.1216,5.740373134613037,2.0660855770111084,-132.75,0,1,180,1.063,0.9441,1.0,0.9323,0.2832,0.3,0.3729,0.9562,1.8992
151.801,3,NAVIGATE,6.4918,5.6826,-1.9786,-0.4765,1.425,2.3369,-0.6765,1.325,1.4877,0.0,12.0,9.0583,5.710541725158691,2.0804011821746826,-133.5,0,1,180,1.011,0.947,1.0,0.9393,0.2841,0.3,0.3757,0.9598,1.9176
151.851,3,NAVIGATE,6.467,5.7521,-1.9815,-0.4969,1.4229,2.3409,-0.6969,1.3229,1.4952,0.0,12.0,8.9921,5.645596027374268,2.112274408340454,-134.5,0,1,180,1.123,0.9499,1.0,0.9469,0.285,0.3,0.3788,0.9638,1.9563
151.901,3,NAVIGATE,6.4406,5.8219,-1.9856,-0.5175,1.421,2.3448,-0.7175,1.221,1.4162,0.0,12.0,8.9247,5.6130475997924805,2.130160093307495,-134.25,0,1,180,1.078,0.9624,1.0,0.9087,0.2887,0.3,0.3635,0.9522,1.974
151.951,3,NAVIGATE,6.4136,5.8914,-1.9892,-0.5378,1.4192,2.3487,-0.7378,1.2192,1.425,0.0,12.0,8.8571,5.58241081237793,2.145763874053955,-134.25,0,1,180,1.118,0.965,1.0,0.9167,0.2895,0.3,0.3667,0.9562,1.9956
152.0,3,NAVIGATE,6.3903,5.9489,-1.9917,-0.5545,1.4173,2.352,-0.7545,1.2173,1.4321,0.0,12.0,8.8007,5.516061782836914,2.1834769248962402,-134.0,0,1,180,0.974,0.967,1.0,0.9232,0.2901,0.3,0.3693,0.9594,1.9327
152.051,3,NAVIGATE,6.3617,6.0175,-1.9944,-0.5741,1.4124,2.3558,-0.7741,1.2124,1.4384,0.0,12.0,8.7328,5.484104156494141,2.2015254497528076,-134.0,0,1,180,1.153,0.9694,1.0,0.9296,0.2908,0.3,0.3719,0.9627,1.862
152.1,3,NAVIGATE,6.3326,6.0873,-1.9955,-0.5936,1.4055,2.3596,-0.7936,1.2055,1.4432,0.0,12.0,8.6638,5.420442581176758,2.238694429397583,-134.0,0,1,180,0.957,0.9719,1.0,0.9352,0.2916,0.3,0.3741,0.9656,1.7677
152.151,3,NAVIGATE,6.308,6.1473,-1.9943,-0.6099,1.3991,2.3628,-0.8099,1.1991,1.447,0.0,12.0,8.6049,5.3820929527282715,2.2600653171539307,-135.0,0,1,180,1.708,0.9739,1.0,0.9395,0.2922,0.3,0.3758,0.968,1.6983
152.201,3,NAVIGATE,6.2777,6.2184,-1.9929,-0.6297,1.3903,2.3665,-0.8297,1.1903,1.451,0.0,12.0,8.5345,5.347588062286377,2.2794618606567383,-134.0,0,1,180,1.525,0.9764,1.0,0.9445,0.2929,0.3,0.3778,0.9707,1.6278
152.251,3,NAVIGATE,6.2523,6.2761,-1.9913,-0.6462,1.382,2.3696,-0.8462,1.182,1.4537,0.0,12.0,8.4767,5.2802886962890625,2.320833444595337,-134.75,0,1,180,1.533,0.9784,1.0,0.9482,0.2935,0.3,0.3793,0.9728,1.5359
152.301,3,NAVIGATE,6.2217,6.3435,-1.9887,-0.6659,1.3711,2.3734,-0.8659,1.1711,1.4565,0.0,12.0,8.4087,5.243955612182617,2.344184160232544,-134.25,0,1,180,1.477,0.9808,1.0,0.9523,0.2942,0.3,0.3809,0.9752,1.4603
152.351,3,NAVIGATE,6.1901,6.4101,-1.9865,-0.6858,1.3602,2.3772,-0.8858,1.1602,1.4597,0.0,12.0,8.3405,5.207664489746094,2.365208387374878,-134.75,0,1,180,1.707,0.9831,1.0,0.9567,0.2949,0.3,0.3827,0.9776,1.3845
152.401,3,NAVIGATE,6.1547,6.4764,-1.9877,-0.707,1.3498,2.3809,-0.907,1.1498,1.4645,0.0,12.0,8.2698,5.140476226806641,2.4100189208984375,-135.0,0,1,180,1.398,0.9853,1.0,0.962,0.2956,0.3,0.3848,0.9804,1.2811
152.451,3,NAVIGATE,6.118,6.542,-1.9894,-0.7284,1.3397,2.3847,-0.9284,1.1397,1.47,0.0,12.0,8.1988,5.099462509155273,2.4360644817352295,-134.25,0,1,180,1.621,0.9874,1.0,0.9677,0.2962,0.3,0.3871,0.9833,1.198
152.501,3,NAVIGATE,6.0797,6.607,-1.9911,-0.7499,1.3297,2.3885,-0.9499,1.1297,1.476,0.0,12.0,8.1269,5.025975704193115,2.4838805198669434,-135.0,0,1,180,1.403,0.9894,1.0,0.9735,0.2968,0.3,0.3894,0.9862,1.0955
152.551,3,NAVIGATE,6.0365,6.6722,-1.9938,-0.7726,1.3201,2.3922,-0.8726,1.1201,1.4199,0.0,12.0,8.0514,4.991558074951172,2.5063650608062744,-134.75,0,1,180,1.567,0.9828,1.0,0.9303,0.2948,0.3,0.3721,0.9669,1.3026
152.601,3,NAVIGATE,5.9932,6.7366,-1.9962,-0.7951,1.3103,2.3959,-0.8951,1.1103,1.4262,0.0,12.0,7.9764,4.911793231964111,2.561110734939575,-135.0,0,1,180,1.445,0.9853,1.0,0.9368,0.2956,0.3,0.3747,0.9703,1.2438
152.651,3,NAVIGATE,5.9504,6.8005,-1.9969,-0.8165,1.3004,2.3995,-0.9165,1.1004,1.432,0.0,12.0,7.902,4.875726699829102,2.5856423377990723,-135.0,0,1,180,1.619,0.9875,1.0,0.9428,0.2963,0.3,0.3771,0.9734,1.1665
152.701,3,NAVIGATE,5.9078,6.8639,-1.9963,-0.8345,1.2898,2.4031,-0.9345,1.0898,1.4356,0.0,12.0,7.8282,4.795053958892822,2.6411685943603516,-134.75,0,1,180,1.344,0.9893,1.0,0.9469,0.2968,0.3,0.3787,0.9755,1.0758
152.751,3,NAVIGATE,5.8648,6.9266,-1.9957,-0.85,1.2791,2.4066,-0.85,1.1791,1.4536,0.0,12.0,7.7547,4.753933429718018,2.6677637100219727,-135.0,0,1,180,1.556,0.973,1.0,0.9429,0.2919,0.3,0.3772,0.969,1.4226
152.801,3,NAVIGATE,5.819,6.9879,-1.9914,-0.8652,1.2677,2.4099,-0.8652,1.1677,1.4533,0.0,12.0,7.68,4.677020072937012,2.7217605113983154,-135.0,0,1,180,1.384,0.9754,1.0,0.9451,0.2926,0.3,0.378,0.9707,1.3484
152.851,3,NAVIGATE,5.7732,7.0487,-1.9877,-0.8792,1.2566,2.4134,-0.8792,1.1566,1.4528,0.0,12.0,7.6057,4.6350226402282715,2.752434253692627,-135.0,0,1,180,1.455,0.9776,1.0,0.9469,0.2933,0.3,0.3788,0.9721,1.2938
152.901,3,NAVIGATE,5.7272,7.1086,-1.9856,-0.8905,1.2477,2.4168,-0.8905,1.1477,1.4527,0.0,12.0,7.5317,4.5950493812561035,2.780224323272705,-135.0,0,1,180,1.572,0.9792,1.0,0.9484,0.2938,0.3,0.3793,0.9731,1.2516
152.951,3,NAVIGATE,5.6807,7.1677,-1.9855,-0.8995,1.2409,2.42,-0.8995,1.1409,1.4528,0.0,12.0,7.458,4.51699161529541,2.836151123046875,-135.0,0,1,180,1.49,0.9804,1.0,0.9496,0.2941,0.3,0.3798,0.9739,1.2066
153.001,3,NAVIGATE,5.6343,7.2265,-1.9855,-0.9068,1.2358,2.423,-0.9068,1.1358,1.4534,0.0,12.0,7.3846,4.472113132476807,2.8689663410186768,-135.0,0,1,180,1.529,0.9812,1.0,0.9507,0.2944,0.3,0.3803,0.9747,1.1804
153.051,3,NAVIGATE,5.5886,7.2859,-1.9857,-0.9131,1.2321,2.4257,-0.9131,1.1321,1.4544,0.0,12.0,7.3113,4.399353504180908,2.925891399383545,-135.0,0,1,180,1.523,0.9817,1.0,0.9519,0.2945,0.3,0.3808,0.9753,1.1483
153.101,3,NAVIGATE,5.543,7.3452,-1.986,-0.9192,1.2287,2.4281,-0.9192,1.1287,1.4556,0.0,12.0,7.2382,4.358367919921875,2.954864025115967,-134.75,0,1,180,1.651,0.9822,1.0,0.9531,0.2947,0.3,0.3813,0.9759,1.2093
153.151,3,NAVIGATE,5.4969,7.4047,-1.9861,-0.9255,1.2251,2.4304,-0.9255,1.1251,1.4569,0.0,12.0,7.1647,4.279003143310547,3.0176467895507812,-135.0,0,1,180,1.603,0.9827,1.0,0.9545,0.2948,0.3,0.3818,0.9766,1.1729
153.201,3,NAVIGATE,5.4487,7.4663,-1.9852,-0.9329,1.2218,2.4327,-0.9329,1.1218,1.4591,0.0,12.0,7.0882,4.240372180938721,3.04899525642395,-134.75,0,1,180,1.454,0.9833,1.0,0.9565,0.295,0.3,0.3826,0.9776,1.1506
153.252,3,NAVIGATE,5.4007,7.5272,-1.9845,-0.9404,1.2181,2.4349,-0.9404,1.1181,1.4609,0.0,12.0,7.0124,10.948866844177246,3.1110100746154785,-135.0,0,1,180,1.591,0.9839,1.0,0.9583,0.2952,0.3,0.3833,0.9785,1.109
153.301,3,NAVIGATE,5.353,7.5876,-1.983,-0.9475,1.2135,2.4372,-0.9475,1.1135,1.4621,0.0,12.0,6.9371,10.913169860839844,3.1404335498809814,-135.0,0,1,180,1.652,0.9845,1.0,0.9596,0.2953,0.3,0.3838,0.9792,1.0807
153.351,3,NAVIGATE,5.3057,7.6476,-1.9807,-0.9541,1.2085,2.4394,-0.8541,1.2085,1.4798,0.0,12.0,6.8625,10.874619483947754,3.171396255493164,-135.0,0,1,180,1.774,0.9642,1.0,0.9512,0.2893,0.3,0.3805,0.9697,1.4194
153.401,3,NAVIGATE,5.2584,7.7069,-1.979,-0.961,1.2031,2.4415,-0.961,1.1031,1.463,0.0,12.0,6.7883,10.793662071228027,3.2353203296661377,-135.0,0,1,180,1.541,0.9857,1.0,0.9614,0.2957,0.3,0.3845,0.9803,1.0963
153.451,3,NAVIGATE,5.2183,7.7557,-1.9816,-0.9672,1.1984,2.4435,-0.9672,1.0984,1.4635,0.0,12.0,6.7264,10.758724212646484,3.265551805496216,-135.0,0,1,180,1.593,0.9863,1.0,0.9623,0.2959,0.3,0.3849,0.9808,1.0721
153.501,3,NAVIGATE,5.1702,7.814,-1.9845,-0.9719,1.1952,2.4456,-0.8719,1.1952,1.4795,0.0,12.0,6.6523,10.683817863464355,3.3277804851531982,-135.0,0,1,180,1.484,0.9664,1.0,0.9532,0.2899,0.3,0.3813,0.9712,1.373
153.551,3,NAVIGATE,5.1223,7.8723,-1.9872,-0.9765,1.1925,2.4476,-0.8765,1.1925,1.48,0.0,12.0,6.5784,10.642898559570312,3.3631608486175537,-135.0,0,1,180,1.626,0.9667,1.0,0.9538,0.29,0.3,0.3815,0.9715,1.3501
153.601,3,NAVIGATE,5.083,7.9222,-1.9898,-0.9807,1.1907,2.4493,-0.8807,1.1907,1.481,0.0,12.0,6.5165,10.60358715057373,3.3663089275360107,30.15,0,1,180,1.5,0.9669,1.0,0.9547,0.2901,0.3,0.3819,0.9719,1.3289
153.652,3,NAVIGATE,5.0357,7.9817,-1.9925,-0.984,1.1897,2.4516,-0.884,1.1897,1.4821,0.0,12.0,6.4425,10.528904914855957,3.2947511672973633,30.9,0,1,180,1.806,0.9668,1.0,0.9553,0.2901,0.3,0.3821,0.9722,1.3579
153.701,3,NAVIGATE,4.9879,8.0393,-1.9945,-0.9857,1.1895,2.4538,-0.8857,1.1895,1.483,0.0,12.0,6.3692,10.487778663635254,3.255838394165039,31.4,0,1,180,1.805,0.9665,1.0,0.9555,0.2899,0.3,0.3822,0.9722,1.3447
153.751,3,NAVIGATE,4.9392,8.0942,-1.9956,-0.9862,1.1894,2.4559,-0.8862,1.1894,1.4832,0.0,12.0,6.2969,10.41344165802002,3.185654878616333,32.41,0,1,180,1.637,0.966,1.0,0.9552,0.2898,0.3,0.3821,0.9719,1.3213
153.801,3,NAVIGATE,4.8908,8.1494,-1.9965,-0.9857,1.1902,2.4578,-0.8857,1.1902,1.4836,0.0,12.0,6.2247,10.374542236328125,3.1492817401885986,33.16,0,1,180,1.496,0.9653,1.0,0.9548,0.2896,0.3,0.3819,0.9715,1.3087
153.851,3,NAVIGATE,4.8423,8.2051,-1.997,-0.9851,1.1915,2.4597,-0.8851,1.1915,1.4842,0.0,12.0,6.1522,10.291592597961426,3.0788848400115967,34.41,0,1,180,1.475,0.9645,1.0,0.9544,0.2894,0.3,0.3818,0.9711,1.3355
153.901,3,NAVIGATE,4.7939,8.2611,-1.9973,-0.9844,1.1929,2.4616,-0.8844,1.1929,1.485,0.0,12.0,6.0796,10.252547264099121,3.0449941158294678,34.91,0,1,180,1.524,0.9636,1.0,0.954,0.2891,0.3,0.3816,0.9707,1.3274
153.951,3,NAVIGATE,4.7456,8.3179,-1.9976,-0.9837,1.1946,2.4636,-0.8837,1.1946,1.486,0.0,12.0,6.0065,10.212626457214355,3.0120601654052734,35.66,0,1,180,1.672,0.9627,1.0,0.9537,0.2888,0.3,0.3815,0.9703,1.3204
154.001,3,NAVIGATE,4.7044,8.3678,-1.9982,-0.9835,1.1968,2.4652,-0.8835,1.1968,1.4876,0.0,12.0,5.9434,10.129619598388672,2.9435172080993652,36.91,0,1,180,1.538,0.9618,1.0,0.9538,0.2885,0.3,0.3815,0.9701,1.3416
154.051,3,NAVIGATE,4.6553,8.4274,-1.9988,-0.9832,1.1993,2.4671,-0.8832,1.1993,1.4894,0.0,12.0,5.8682,10.088493347167969,2.9131009578704834,37.66,0,1,180,1.797,0.9606,1.0,0.9539,0.2882,0.3,0.3816,0.9697,1.3323
154.101,3,NAVIGATE,4.6087,8.4875,-1.999,-0.982,1.2019,2.4692,-0.882,1.2019,1.4908,0.0,12.0,5.7946,10.003150939941406,2.845221757888794,38.41,0,1,180,1.524,0.9592,1.0,0.9534,0.2878,0.3,0.3813,0.9691,1.3063
154.151,3,NAVIGATE,4.5565,8.558,-1.9988,-0.9795,1.2052,2.4716,-0.9795,1.1052,1.4768,0.0,12.0,5.7104,9.964042663574219,2.8166515827178955,37.41,0,1,180,1.584,0.9803,1.0,0.9652,0.2941,0.3,0.3861,0.9802,1.1057
154.201,3,NAVIGATE,4.5191,8.6081,-1.9986,-0.9778,1.2073,2.4734,-0.8778,1.2073,1.4927,0.0,12.0,5.6504,9.888189315795898,2.7551326751708984,37.66,0,1,180,1.638,0.9559,1.0,0.9512,0.2868,0.3,0.3805,0.9672,1.3207
154.251,3,NAVIGATE,4.4774,8.6693,-2.0012,-0.9749,1.2105,2.4754,-0.8749,1.2105,1.4936,0.0,12.0,5.5803,9.84302806854248,2.72057843208313,37.16,0,1,180,1.663,0.9537,1.0,0.9496,0.2861,0.3,0.3799,0.966,1.3117
154.301,3,NAVIGATE,4.4356,8.7304,-2.0039,-0.9742,1.2115,2.4778,-0.9742,1.1115,1.478,0.0,12.0,5.5105,9.803079605102539,2.689598321914673,36.66,0,1,180,1.608,0.9768,1.0,0.9625,0.293,0.3,0.385,0.978,1.1233
154.351,3,NAVIGATE,4.4003,8.781,-2.0059,-0.9738,1.212,2.48,-0.9738,1.112,1.4781,0.0,12.0,5.4521,9.727946281433105,2.6298718452453613,37.91,0,1,180,1.643,0.9759,1.0,0.9617,0.2928,0.3,0.3847,0.9774,1.0941
154.401,3,NAVIGATE,4.3564,8.8404,-2.0062,-0.9727,1.2123,2.4826,-0.9727,1.1123,1.4776,0.0,12.0,5.3815,9.68729305267334,2.59338641166687,36.91,0,1,180,1.703,0.9748,1.0,0.9603,0.2925,0.3,0.3841,0.9766,1.1346
154.451,3,NAVIGATE,4.3121,8.8996,-2.0063,-0.9733,1.211,2.4853,-0.9733,1.111,1.477,0.0,12.0,5.311,9.610651969909668,2.53412127494812,36.66,0,1,180,1.575,0.9741,1.0,0.9592,0.2922,0.3,0.3837,0.9759,1.1075
154.501,3,NAVIGATE,4.2651,8.9594,-2.0051,-0.9767,1.2084,2.4882,-0.9767,1.1084,1.4773,0.0,12.0,5.238,9.572614669799805,2.5016088485717773,36.41,0,1,180,1.56,0.9739,1.0,0.9591,0.2922,0.3,0.3837,0.9758,1.1327
154.551,3,NAVIGATE,4.2159,9.0196,-2.0028,-0.9822,1.2048,2.4913,-0.9822,1.1048,1.4783,0.0,12.0,5.163,9.533482551574707,2.468021869659424,37.16,0,1,180,1.609,0.974,1.0,0.9599,0.2922,0.3,0.3839,0.9761,1.1081
154.601,3,NAVIGATE,4.1668,9.0793,-2.0007,-0.9885,1.2001,2.4947,-0.9885,1.1001,1.4789,0.0,12.0,5.0885,9.465463638305664,2.405564069747925,35.91,0,1,180,1.505,0.9742,1.0,0.9606,0.2923,0.3,0.3842,0.9765,1.1122
154.651,3,NAVIGATE,4.1183,9.1382,-1.9999,-0.9946,1.1947,2.4983,-0.9946,0.9947,1.4067,0.0,12.0,5.015,9.430665969848633,2.3748934268951416,36.41,0,1,180,1.576,0.9842,1.0,0.923,0.2953,0.3,0.3692,0.9644,0.9951
154.701,3,NAVIGATE,4.0779,9.187,-1.9995,-0.9997,1.1903,2.5015,-0.9997,1.0903,1.4792,0.0,12.0,4.954,9.365180969238281,2.307529926300049,36.41,0,1,180,1.534,0.9748,1.0,0.9613,0.2924,0.3,0.3845,0.977,1.0949
154.751,3,NAVIGATE,4.0292,9.245,-1.999,-1.0054,1.1847,2.5052,-0.9054,1.1847,1.4911,0.0,12.0,4.881,9.33481216430664,2.2763893604278564,37.91,0,1,180,1.627,0.9497,1.0,0.9441,0.2849,0.3,0.3776,0.9625,1.2399
154.801,3,NAVIGATE,3.9809,9.3008,-2.0015,-1.0112,1.1759,2.5091,-1.0112,0.9759,1.4053,0.0,12.0,4.8097,9.304609298706055,2.2456064224243164,35.41,0,1,180,1.626,0.9853,1.0,0.9231,0.2956,0.3,0.3692,0.9648,0.9969
154.851,3,NAVIGATE,3.9323,9.3562,-2.0036,-1.0168,1.1679,2.5134,-1.0168,0.9679,1.4038,0.0,12.0,4.7384,9.244016647338867,2.1781156063079834,36.41,0,1,180,1.564,0.9858,1.0,0.9226,0.2957,0.3,0.369,0.9648,0.9946
154.901,3,NAVIGATE,3.8928,9.401,-2.0045,-1.0189,1.1634,2.5169,-0.9189,1.1634,1.4825,0.0,12.0,4.6807,9.217324256896973,2.145073175430298,36.41,0,1,180,1.606,0.9512,1.0,0.9401,0.2854,0.3,0.3761,0.9614,1.2131
154.951,3,NAVIGATE,3.8469,9.4526,-2.0041,-1.0206,1.1554,2.5208,-0.9206,1.1554,1.4773,0.0,12.0,4.6139,9.15914535522461,2.077209949493408,34.91,0,1,180,1.765,0.9514,1.0,0.937,0.2854,0.3,0.3748,0.9602,1.1969
155.001,3,NAVIGATE,3.8006,9.5043,-2.0037,-1.023,1.1454,2.5251,-1.023,0.9454,1.3929,0.0,12.0,4.5467,9.131240844726562,2.0454795360565186,33.41,0,1,180,1.544,0.9864,1.0,0.916,0.2959,0.3,0.3664,0.9623,0.9867
155.051,3,NAVIGATE,3.7596,9.5457,-1.9992,-1.0247,1.1389,2.5289,-1.0247,0.9389,1.3898,0.0,12.0,4.4897,9.107074737548828,2.013127088546753,34.41,0,1,180,1.631,0.9867,1.0,0.9142,0.296,0.3,0.3657,0.9617,0.9689
155.101,3,NAVIGATE,3.7088,9.5945,-1.9913,-1.0256,1.1345,2.5332,-1.0256,1.0345,1.4567,0.0,12.0,4.4206,9.052145957946777,1.944694995880127,35.41,0,1,180,1.523,0.9771,1.0,0.9489,0.2931,0.3,0.3796,0.9727,1.0732
155.151,3,NAVIGATE,3.6582,9.6439,-1.9846,-1.0271,1.1282,2.5372,-1.0271,0.9282,1.3843,0.0,12.0,4.3513,9.025975227355957,1.910994052886963,34.16,0,1,180,1.716,0.9868,1.0,0.9107,0.296,0.3,0.3643,0.9603,0.9777
155.202,3,NAVIGATE,3.6131,9.6942,-1.9858,-1.0285,1.12,2.5412,-1.0285,0.92,1.3799,0.0,12.0,4.2862,8.971770286560059,1.8484768867492676,36.41,0,1,180,2.456,0.9869,1.0,0.9079,0.2961,0.3,0.3632,0.9593,0.9693
155.251,3,NAVIGATE,3.5673,9.7447,-1.9871,-1.0316,1.1116,2.545,-1.0316,1.0116,1.4449,0.0,12.0,4.2204,8.941328048706055,1.8142632246017456,37.91,0,1,180,1.765,0.9776,1.0,0.9417,0.2933,0.3,0.3767,0.97,1.0441
155.301,3,NAVIGATE,3.5294,9.7874,-1.9878,-1.0347,1.1032,2.5482,-1.0347,1.0032,1.4411,0.0,12.0,4.1656,8.9142484664917,1.7837235927581787,38.16,0,1,180,1.662,0.978,1.0,0.9397,0.2934,0.3,0.3759,0.9693,1.0479
155.351,3,NAVIGATE,3.4866,9.8411,-1.9872,-1.0374,1.0919,2.5521,-1.0374,0.8919,1.3681,0.0,12.0,4.1009,8.862229347229004,1.7242567539215088,40.41,0,1,180,1.616,0.9879,1.0,0.9011,0.2964,0.3,0.3604,0.9568,0.9698
155.401,3,NAVIGATE,3.4427,9.8942,-1.9869,-1.0411,1.0818,2.5562,-1.0411,0.9818,1.4311,0.0,12.0,4.0357,8.833934783935547,1.6937966346740723,41.66,0,1,180,1.686,0.9786,1.0,0.9337,0.2936,0.3,0.3735,0.967,1.0349
155.451,3,NAVIGATE,3.404,9.9373,-1.9868,-1.045,1.0745,2.5596,-1.045,0.9745,1.4289,0.0,12.0,3.9802,8.783366203308105,1.6417309045791626,43.92,0,1,180,1.639,0.9789,1.0,0.9325,0.2937,0.3,0.373,0.9667,1.0442
155.501,3,NAVIGATE,3.3545,9.9875,-1.987,-1.0503,1.0641,2.5638,-1.0503,0.9641,1.4257,0.0,12.0,3.9119,8.758649826049805,1.6153372526168823,45.42,0,1,180,1.706,0.9796,1.0,0.9311,0.2939,0.3,0.3724,0.9663,1.0297
155.552,3,NAVIGATE,3.313,10.0291,-1.9872,-1.0548,1.0562,2.5672,-1.0548,0.9562,1.4237,0.0,12.0,3.8549,8.732795715332031,1.5881664752960205,46.67,0,1,180,1.772,0.9801,1.0,0.9303,0.294,0.3,0.3721,0.9662,1.0197
155.601,3,NAVIGATE,3.2727,10.07,-1.9887,-1.0585,1.049,2.5708,-1.0585,0.949,1.4216,0.0,12.0,3.7994,8.71090316772461,1.5622985363006592,47.92,0,1,180,1.743,0.9804,1.0,0.9292,0.2941,0.3,0.3717,0.9658,1.0116
155.651,3,NAVIGATE,3.2251,10.1186,-1.9911,-1.0622,1.041,2.5751,-1.0622,0.941,1.4191,0.0,12.0,3.7337,8.663762092590332,1.5177769660949707,50.67,0,1,180,1.61,0.9807,1.0,0.9278,0.2942,0.3,0.3711,0.9653,1.0196
155.701,3,NAVIGATE,3.1768,10.1671,-1.9932,-1.0659,1.0339,2.5794,-1.0659,0.9339,1.4171,0.0,12.0,3.6677,8.639714241027832,1.4953892230987549,52.42,0,1,180,1.538,0.9808,1.0,0.9266,0.2942,0.3,0.3707,0.9649,1.0203
155.751,3,NAVIGATE,3.1358,10.2063,-1.9965,-1.0692,1.0279,2.5831,-1.0692,0.9279,1.4156,0.0,12.0,3.6125,8.597936630249023,1.4557760953903198,55.43,0,1,180,1.7,0.981,1.0,0.9258,0.2943,0.3,0.3703,0.9646,1.0142
155.801,3,NAVIGATE,3.0859,10.253,-2.0003,-1.0732,1.0207,2.5876,-1.0732,0.8207,1.351,0.0,12.0,3.5461,8.577326774597168,1.440796971321106,56.93,0,1,180,1.494,0.9905,1.0,0.8922,0.2972,0.3,0.3569,9999.851,0.985
155.851,3,NAVIGATE,3.0357,10.2997,-2.0035,-1.0773,1.0138,2.592,-1.0773,0.8138,1.3501,0.0,12.0,3.4794,8.552393913269043,1.4205373525619507,58.68,0,1,180,1.615,0.9907,1.0,0.8917,0.2972,0.3,0.3567,9999.8501,0.9938
155.901,3,NAVIGATE,2.9862,10.3433,-2.0055,-1.081,1.0062,2.5964,-1.081,0.8062,1.3485,0.0,12.0,3.415,8.51081657409668,1.3928765058517456,62.18,0,1,180,1.571,0.991,1.0,0.8909,0.2973,0.3,0.3564,9999.8485,1.0051
155.951,3,NAVIGATE,2.9362,10.3872,-2.0071,-1.0846,0.9963,2.6008,-1.0846,0.7963,1.3455,0.0,12.0,3.35,8.491168975830078,1.3820116519927979,63.68,0,1,180,1.925,0.9914,1.0,0.8893,0.2974,0.3,0.3557,9999.8455,1.0073
156.001,3,NAVIGATE,2.8954,10.4236,-2.0088,-1.0872,0.9861,2.6045,-1.0872,0.7861,1.3416,0.0,12.0,3.2967,8.448254585266113,1.3605976104736328,67.69,0,1,180,1.446,0.9919,1.0,0.8872,0.2976,0.3,0.3549,9999.8416,1.0053
156.052,3,NAVIGATE,2.8479,10.4666,-2.0117,-1.0898,0.9723,2.609,-1.0898,0.7723,1.3357,0.0,12.0,3.2344,8.430487632751465,1.35096275806427,69.44,0,1,180,1.719,0.9925,1.0,0.8838,0.2977,0.3,0.3535,9999.8357,1.0116
156.101,3,NAVIGATE,2.7995,10.5095,-2.0139,-1.0928,0.9575,2.6136,-1.1928,0.7575,1.413,0.0,12.0,3.1715,8.412480354309082,1.3438175916671753,71.19,0,1,180,1.693,0.9971,1.0,0.9392,0.2991,0.3,0.3757,9999.913,1.0059
156.151,3,NAVIGATE,2.7593,10.5443,-2.014,-1.0949,0.9445,2.6176,-1.1949,0.7445,1.4079,0.0,12.0,3.1198,8.375489234924316,1.3366087675094604,74.94,0,1,180,1.547,0.9974,1.0,0.9362,0.2992,0.3,0.3745,9999.9079,1.0017
156.201,3,NAVIGATE,2.7029,10.5921,-2.0126,-1.0982,0.9264,2.623,-1.1982,0.7264,1.4012,0.0,12.0,3.0476,8.359430313110352,1.3358190059661865,76.7,0,1,180,1.437,0.9979,1.0,0.9322,0.2994,0.3,0.3729,9999.9012,1.0117
156.252,3,NAVIGATE,2.6619,10.6262,-2.0117,-1.1032,0.9139,2.6268,-1.2032,0.7139,1.3991,0.0,12.0,2.9955,8.326521873474121,1.333685278892517,80.7,0,1,180,1.72,0.9983,1.0,0.9311,0.2995,0.3,0.3724,9999.8991,1.0311
156.301,3,NAVIGATE,2.6078,10.6687,-2.0039,-1.1135,0.8993,2.6314,-1.2135,0.6993,1.4006,0.0,12.0,2.928,8.308268547058105,1.3357311487197876,82.45,0,1,180,1.571,0.9987,1.0,0.9325,0.2996,0.3,0.373,9999.9006,1.0318
156.352,3,NAVIGATE,2.5533,10.7107,-1.9971,-1.1252,0.8849,2.6361,-1.2252,0.7849,1.455,0.0,12.0,2.8604,8.293331146240234,1.3369048833847046,84.2,0,1,180,1.678,0.9948,1.0,0.965,0.2984,0.3,0.386,9999.955,1.0619
156.401,3,NAVIGATE,2.5071,10.7459,-1.9918,-1.1357,0.8729,2.6401,-1.2357,0.7729,1.4575,0.0,12.0,2.8033,8.265456199645996,1.347238540649414,88.21,0,1,180,1.5,0.9955,1.0,0.9673,0.2986,0.3,0.3869,9999.9575,1.097
156.451,3,NAVIGATE,2.4497,10.7903,-1.9847,-1.1493,0.8594,2.645,-1.2493,0.7594,1.462,0.0,12.0,2.7321,8.2532377243042,1.3515459299087524,89.96,0,1,180,1.569,0.9962,1.0,0.9709,0.2989,0.3,0.3884,9999.962,1.0967
156.501,3,NAVIGATE,2.3919,10.8337,-1.9788,-1.1629,0.8481,2.6501,-1.2629,0.7481,1.4678,0.0,12.0,2.6611,8.230881690979004,1.3727654218673706,93.21,0,1,180,1.572,0.9967,1.0,0.9753,0.299,0.3,0.3901,9999.9678,1.1314
156.551,3,NAVIGATE,2.3342,10.8751,-1.9759,-1.1758,0.8385,2.655,-1.2758,0.7385,1.4741,0.0,12.0,2.5911,8.21971607208252,1.3834108114242554,95.21,0,1,180,1.688,0.9971,1.0,0.9799,0.2991,0.3,0.392,9999.9741,1.156
156.601,3,NAVIGATE,2.2765,10.9147,-1.9755,-1.188,0.8298,2.6597,-1.288,0.7298,1.4804,0.0,12.0,2.522,8.209371566772461,1.395412564277649,96.71,0,1,180,1.52,0.9975,1.0,0.9844,0.2993,0.3,0.3938,9999.9804,1.1744
156.652,3,NAVIGATE,2.2183,10.954,-1.9755,-1.1998,0.8221,2.6644,-1.2998,0.7221,1.4869,0.0,12.0,2.4526,8.188406944274902,1.4253382682800293,99.97,0,1,180,1.768,0.9978,1.0,0.9891,0.2993,0.3,0.3956,9999.9869,1.2157
156.701,3,NAVIGATE,2.1574,10.9911,-1.9728,-1.2123,0.8142,2.669,-1.3123,0.7142,1.4941,0.0,12.0,2.3816,8.177973747253418,1.4398974180221558,101.97,0,1,180,1.651,0.9981,1.0,0.9942,0.2994,0.3,0.3977,9999.9941,1.2371
156.751,3,NAVIGATE,2.1065,11.022,-1.9711,-1.2226,0.8077,2.6729,-1.2226,0.8077,1.4653,0.0,12.0,2.3224,8.155780792236328,1.4742193222045898,104.97,0,1,180,1.683,0.9889,1.0,0.966,0.2967,0.3,0.3864,9999.9653,1.3053
156.801,3,NAVIGATE,2.0451,11.0587,-1.9699,-1.2351,0.7995,2.6776,-1.2351,0.7995,1.4713,0.0,12.0,2.2513,8.144987106323242,1.4910483360290527,106.72,0,1,180,1.54,0.9898,1.0,0.9708,0.2969,0.3,0.3883,9999.9713,1.3303
156.851,3,NAVIGATE,1.9833,11.0944,-1.9707,-1.2473,0.7907,2.6824,-1.2473,0.7907,1.4769,0.0,12.0,2.1803,8.134987831115723,1.5129084587097168,108.23,0,1,180,1.583,0.9907,1.0,0.9754,0.2972,0.3,0.3902,9999.9769,1.3579
156.901,3,NAVIGATE,1.9317,11.1242,-1.9716,-1.2554,0.7852,2.6865,-1.2554,0.7852,1.4807,0.0,12.0,2.1209,8.113731384277344,1.55815589427948,110.98,0,1,180,1.499,0.9911,1.0,0.9784,0.2973,0.3,0.3914,9999.9807,1.4084
156.951,3,NAVIGATE,1.8683,11.1603,-1.9734,-1.2632,0.781,2.6913,-1.2632,0.781,1.4851,0.0,12.0,2.0483,8.107218742370605,1.578513264656067,112.48,0,1,180,1.631,0.9914,1.0,0.9816,0.2974,0.3,0.3926,9999.9851,1.4323
157.001,3,NAVIGATE,1.8026,11.1972,-1.9763,-1.2703,0.779,2.6959,-1.2703,0.779,1.4901,0.0,12.0,1.9733,8.085899353027344,1.632620930671692,114.73,0,1,180,1.427,0.9914,1.0,0.9849,0.2974,0.3,0.394,9999.9901,1.4869
157.052,3,NAVIGATE,1.7373,11.234,-1.979,-1.2761,0.7781,2.7003,-1.2761,0.7781,1.4946,0.0,12.0,1.8986,8.075340270996094,1.6585183143615723,115.23,0,1,180,1.929,0.9913,1.0,0.9877,0.2974,0.3,0.3951,9999.9946,1.5145
157.102,3,NAVIGATE,1.672,11.2715,-1.9763,-1.2813,0.7783,2.7043,-1.2813,0.7783,1.4991,0.0,12.0,1.8238,8.06352424621582,1.6839464902877808,115.98,0,1,180,2.122,0.9909,1.0,0.9903,0.2973,0.3,0.3961,9999.9991,1.5395
157.151,3,NAVIGATE,1.6178,11.3029,-1.9737,-1.2855,0.7784,2.7075,-1.1855,0.8784,1.4754,0.0,12.0,1.7616,8.03088092803955,1.7383983135223389,115.23,0,1,180,1.627,0.9735,1.0,0.9575,0.292,0.3,0.383,9999.9754,1.6132
157.201,3,NAVIGATE,1.553,11.3405,-1.9713,-1.2906,0.778,2.7112,-1.1906,0.878,1.4794,0.0,12.0,1.6873,8.016655921936035,1.7646907567977905,115.48,0,1,180,1.452,0.9728,1.0,0.9594,0.2918,0.3,0.3838,9999.9794,1.6148
157.251,3,NAVIGATE,1.4903,11.3797,-1.967,-1.2952,0.778,2.7149,-1.1952,0.878,1.483,0.0,12.0,1.6142,7.982169151306152,1.8193179368972778,114.73,0,1,180,1.529,0.9715,1.0,0.9605,0.2915,0.3,0.3842,9999.9902,1.5665
157.301,3,NAVIGATE,1.4274,11.4187,-1.9637,-1.2972,0.7798,2.7187,-1.1972,0.7798,1.4288,0.0,12.0,1.5413,7.967442989349365,1.8457752466201782,113.73,0,1,180,1.392,0.9819,1.0,0.9353,0.2946,0.3,0.3741,9999.9857,1.6996
157.351,3,NAVIGATE,1.366,11.459,-1.9637,-1.2966,0.7845,2.7226,-1.1966,0.6845,1.3785,0.0,12.0,1.4692,7.93336296081543,1.896995186805725,114.73,0,1,180,1.475,0.9899,1.0,0.9097,0.297,0.3,0.3639,9999.9862,1.7324
157.401,3,NAVIGATE,1.3058,11.5004,-1.9664,-1.2941,0.7913,2.7263,-1.1941,0.5913,1.3325,0.0,12.0,1.3981,7.914851188659668,1.926434874534607,113.73,0,1,180,1.571,0.9956,1.0,0.8844,0.2987,0.3,0.3538,9999.9923,1.7436
157.451,3,NAVIGATE,1.2454,11.5416,-1.969,-1.2908,0.7968,2.73,-1.0908,0.6968,1.2943,0.0,12.0,1.3271,7.898148059844971,1.952216625213623,113.98,0,1,180,1.699,0.9768,1.0,0.8429,0.293,0.3,0.3371,9999.9918,1.7914
157.501,3,NAVIGATE,1.1927,11.5773,-1.9709,-1.2887,0.7984,2.7332,-1.0887,0.5984,1.2423,0.0,12.0,1.2654,7.862802505493164,2.0035362243652344,113.23,0,1,180,1.529,0.9869,1.0,0.8174,0.2961,0.3,0.3269,9999.9949,1.8204
157.551,3,NAVIGATE,1.1185,11.6269,-1.9735,-1.286,0.793,2.7384,-1.086,0.593,1.2374,0.0,12.0,1.1791,7.839001178741455,2.0327162742614746,112.73,0,1,180,1.811,0.9842,1.0,0.8119,0.2953,0.3,0.3248,9999.928,1.8528
157.601,3,NAVIGATE,1.0554,11.6685,-1.9761,-1.2808,0.784,2.7435,-1.0808,0.584,1.2285,0.0,12.0,1.1062,7.816565036773682,2.0844264030456543,114.48,0,1,180,1.414,0.9818,1.0,0.8041,0.2945,0.3,0.3216,9999.8726,1.9001
157.651,3,NAVIGATE,1.0036,11.7029,-1.9801,-1.2743,0.7743,2.7483,-1.0743,0.5743,1.2182,0.0,12.0,1.0466,7.81392240524292,2.109583616256714,111.23,0,1,180,1.568,0.9794,1.0,0.7954,0.2938,0.3,0.3182,9999.8274,1.9256
157.701,3,NAVIGATE,0.9419,11.7431,-1.9845,-1.2652,0.7604,2.7549,-1.0652,0.5604,1.2036,0.0,12.0,0.9763,7.820504665374756,2.162492275238037,111.23,0,1,180,1.503,0.9763,1.0,0.7834,0.2929,0.3,0.3134,9999.7724,1.9747
157.751,3,NAVIGATE,0.8789,11.7833,-1.9884,-1.2561,0.7462,2.7624,-1.0561,0.5462,1.189,0.0,12.0,0.9052,7.834296226501465,2.186994791030884,113.23,0,1,180,1.63,0.9724,1.0,0.7707,0.2917,0.3,0.3083,9999.7113,1.9969
157.801,3,NAVIGATE,0.8149,11.8234,-1.9919,-1.2473,0.7325,2.771,-1.0473,0.5325,1.1749,0.0,12.0,0.8338,7.855417728424072,2.2121503353118896,110.73,0,1,180,1.485,0.9672,1.0,0.7576,0.2902,0.3,0.303,9999.6422,2.0181
157.851,3,NAVIGATE,0.7623,11.8558,-1.9945,-1.2398,0.7211,2.7792,-1.0398,0.5211,1.1631,0.0,12.0,0.7759,7.919027805328369,2.262631893157959,111.23,0,1,180,1.52,0.9617,1.0,0.7457,0.2885,0.3,0.2983,9999.5797,2.0674
157.901,3,NAVIGATE,0.6994,11.8921,-1.9978,-1.2308,0.707,2.7903,-1.0308,0.507,1.1487,0.0,12.0,0.7076,7.964387893676758,2.2847535610198975,108.23,0,1,180,1.501,0.9541,1.0,0.7307,0.2862,0.3,0.2923,9999.4957,2.0893
157.951,3,NAVIGATE,0.637,11.9267,-2.0009,-1.2216,0.6928,2.8029,-1.0216,0.4928,1.1342,0.0,12.0,0.6412,8.096128463745117,2.332531452178955,108.73,0,1,180,1.534,0.9444,1.0,0.7141,0.2833,0.3,0.2857,9999.3972,2.1373
158.001,3,NAVIGATE,0.5756,11.9605,-2.0036,-1.2122,0.6788,2.8173,-1.0122,0.4788,1.1197,0.0,12.0,0.577,8.181001663208008,2.3532662391662598,108.73,0,1,180,1.487,0.9311,1.0,0.6951,0.2793,0.3,0.278,9999.2726,2.1646
158.051,3,NAVIGATE,0.5161,11.9958,-2.0036,-1.2022,0.6659,2.8337,-1.0022,0.4659,1.1052,0.0,12.0,0.5161,8.28138256072998,2.3765761852264404,108.73,0,1,180,1.7,0.9102,1.0,0.6706,0.2731,0.3,0.2682,9999.0745,2.1858
158.151,3,RETURN_HOME,0.3999,12.0632,-2.0064,-1.1819,0.6395,2.8738,-1.3819,0.4395,1.4502,0.0,0.0,12.0698,8.732077598571777,2.445493459701538,109.48,0,1,180,1.608,-0.2714,1.0,0.4834,-0.0814,0.3,0.1934,0.4119,2.1803
158.201,3,RETURN_HOME,0.3437,12.0955,-2.0113,-1.1703,0.6273,2.898,-1.3703,0.4273,1.4354,0.0,0.0,12.1003,9.181952476501465,2.490896463394165,109.48,0,1,180,1.528,-0.2705,1.0,0.4785,-0.0811,0.3,0.1914,0.4102,2.2028
158.251,3,RETURN_HOME,0.2881,12.1271,-2.0139,-1.1608,0.6174,2.9297,-1.3608,0.4174,1.4234,0.0,0.0,12.1305,9.514787673950195,2.5154573917388916,109.23,0,1,180,1.526,-0.2705,1.0,0.4745,-0.0811,0.3,0.1898,0.4086,2.1572
158.301,3,RETURN_HOME,0.2431,12.1513,-2.0105,-1.1607,0.6094,2.9626,-1.3607,0.4094,1.4209,0.0,0.0,12.1537,9.576436996459961,2.555236339569092,108.23,0,1,180,1.641,-0.2689,1.0,0.4736,-0.0807,0.3,0.1895,0.4088,2.1907
158.351,3,RETURN_HOME,0.189,12.1796,-2.0024,-1.1683,0.6015,3.0094,-1.3683,0.4015,1.426,0.0,0.0,12.181,9.538372039794922,2.5795061588287354,107.47,0,1,180,1.548,-0.2666,1.0,0.4753,-0.08,0.3,0.1901,0.4101,2.1109
158.401,3,RETURN_HOME,0.1337,12.2073,-1.9917,-1.1829,0.5951,3.0636,-1.3829,0.3951,1.4382,0.0,0.0,12.2081,9.49958324432373,2.6056230068206787,106.47,0,1,180,1.752,-0.2642,1.0,0.4794,-0.0792,0.3,0.1918,0.4125,2.0395
158.451,3,RETURN_HOME,0.085,12.2291,-1.9823,-1.1994,0.5893,3.1138,-1.3994,0.3893,1.4526,0.0,0.0,12.2294,9.429572105407715,2.6477906703948975,103.72,0,1,180,1.517,-0.2613,1.0,0.4842,-0.0784,0.3,0.1937,0.4153,2.1166
158.501,3,RETURN_HOME,0.016,12.2594,-1.9671,-1.2259,0.5797,-3.0919,-1.4259,0.3797,1.4756,0.0,0.0,12.2594,9.394556045532227,2.6699180603027344,102.22,0,1,180,1.487,-0.2561,1.0,0.4919,-0.0768,0.3,0.1967,0.4199,1.9763
158.551,3,RETURN_HOME,-0.0331,12.281,-1.9555,-1.2454,0.5709,-3.0321,-1.4454,0.3709,1.4923,0.0,0.0,12.281,9.313703536987305,2.719527244567871,98.47,0,1,180,1.698,-0.2511,1.0,0.4974,-0.0753,0.3,0.199,0.4236,2.1166
158.601,3,RETURN_HOME,-0.0911,12.3071,-1.9413,-1.268,0.558,-2.9557,-1.368,0.358,1.4141,0.0,0.0,12.3074,9.275412559509277,2.7356059551239014,96.21,0,1,180,1.447,-0.2603,1.0,0.4714,-0.0781,0.3,0.1885,0.4104,2.0369
158.651,3,RETURN_HOME,-0.1505,12.3326,-1.9269,-1.2901,0.5426,-2.8749,-1.3901,0.3426,1.4317,0.0,0.0,12.3336,9.235486030578613,2.7596521377563477,94.21,0,1,180,1.6,-0.2511,1.0,0.4772,-0.0753,0.3,0.1909,0.4156,1.9465
158.701,3,RETURN_HOME,-0.217,12.3593,-1.9142,-1.3133,0.5264,-2.7896,-1.4,0.3264,1.4375,0.0,0.0,12.3612,9.218676567077637,2.8037500381469727,88.96,0,1,180,1.522,-0.2441,1.0,0.4792,-0.0732,0.3,0.1917,0.4184,2.0825
158.751,3,RETURN_HOME,-0.2868,12.3861,-1.902,-1.3345,0.5094,-2.7003,-1.4,0.3094,1.4338,0.0,0.0,12.3894,9.253972053527832,2.8250768184661865,86.2,0,1,180,1.542,-0.2383,1.0,0.4779,-0.0715,0.3,0.1912,0.4197,1.9853
158.801,3,RETURN_HOME,-0.3561,12.4119,-1.8906,-1.3524,0.4915,-2.6069,-1.4,0.2915,1.43,0.0,0.0,12.417,9.457125663757324,2.8746771812438965,80.7,0,1,180,1.482,-0.2318,1.0,0.4767,-0.0695,0.3,0.1907,0.4211,2.1685
158.851,3,RETURN_HOME,-0.4231,12.4369,-1.8831,-1.3668,0.4731,-2.5094,-1.4,0.2731,1.4264,0.0,0.0,12.4441,9.621946334838867,2.894946575164795,77.7,0,1,180,1.487,-0.2247,1.0,0.4755,-0.0674,0.3,0.1902,0.4228,2.0672
158.901,3,RETURN_HOME,-0.4906,12.4608,-1.8752,-1.3793,0.4531,-2.4084,-1.4,0.2531,1.4227,0.0,0.0,12.4704,10.130899429321289,2.9365668296813965,71.44,0,1,180,1.464,-0.2165,1.0,0.4742,-0.065,0.3,0.1897,0.4247,2.2296
158.951,3,RETURN_HOME,-0.5554,12.4851,-1.8676,-1.3891,0.4311,-2.3058,-1.4,0.2311,1.4189,0.0,0.0,12.4975,3.4805662631988525,2.9339370727539062,27.9,0,1,180,1.491,-0.2066,1.0,0.473,-0.062,0.3,0.1892,0.4272,2.171
159.001,3,RETURN_HOME,-0.6182,12.5096,-1.8629,-1.3964,0.4068,-2.2038,-1.4,0.2068,1.4152,0.0,0.0,12.5248,3.200582981109619,2.9262378215789795,21.65,0,1,180,1.834,-0.1948,1.0,0.4717,-0.0584,0.3,0.1887,0.4303,2.3804
159.051,3,RETURN_HOME,-0.6817,12.5323,-1.8637,-1.4019,0.3808,-2.1041,-1.4,0.1808,1.4116,0.0,0.0,12.5508,3.0975122451782227,2.922595739364624,18.39,0,1,180,1.135,-0.1817,1.0,0.4705,-0.0545,0.3,0.1882,0.4337,2.3076
159.1,3,RETURN_HOME,-0.7481,12.5528,-1.8725,-1.406,0.3548,-2.008,-1.4,0.1548,1.4085,0.0,0.0,12.5751,3.00944447517395,2.917931079864502,14.89,0,1,180,0.957,-0.1689,1.0,0.4695,-0.0507,0.3,0.1878,0.4371,2.2961
159.151,3,RETURN_HOME,-0.804,12.5685,-1.8823,-1.4079,0.3342,-1.9314,-1.4,0.1342,1.4064,0.0,0.0,12.5942,2.9174582958221436,2.9174582958221436,9.13,0,1,180,1.058,-0.1588,1.0,0.4688,-0.0476,0.3,0.1875,0.4399,2.5607
159.201,3,RETURN_HOME,-0.871,12.5856,-1.8961,-1.4083,0.3111,-1.8447,-1.4,0.1111,1.4044,0.0,0.0,12.6157,2.915696144104004,2.915696144104004,6.38,0,1,180,1.067,-0.1478,1.0,0.4681,-0.0443,0.3,0.1873,0.4429,2.5116
159.251,3,RETURN_HOME,-0.9377,12.5998,-1.9127,-1.4074,0.289,-1.7644,-1.4,0.089,1.4028,0.0,0.0,12.6346,2.9169740676879883,2.9169740676879883,0.88,0,1,180,1.104,-0.1373,1.0,0.4676,-0.0412,0.3,0.187,0.4458,2.6049
159.3,3,RETURN_HOME,-1.0046,12.6128,-1.9291,-1.4058,0.2683,-1.691,-1.4,0.0683,1.4017,0.0,0.0,12.6528,2.912275552749634,2.912275552749634,-1.13,0,1,180,0.977,-0.1279,1.0,0.4672,-0.0384,0.3,0.1869,0.4485,2.6051
159.351,3,RETURN_HOME,-1.0722,12.6241,-1.9484,-1.4037,0.2485,-1.6248,-1.4,0.0485,1.4008,0.0,0.0,12.6696,2.915830612182617,2.915830612182617,-5.38,0,1,180,1.169,-0.1191,1.0,0.4669,-0.0357,0.3,0.1868,0.451,2.6022
159.401,3,RETURN_HOME,-1.1402,12.6339,-1.9696,-1.4015,0.2296,-1.5662,-1.4,0.0296,1.4003,0.0,0.0,12.6852,2.917307138442993,2.917307138442993,-7.13,0,1,180,1.14,-0.1109,1.0,0.4668,-0.0333,0.3,0.1867,0.4534,2.6067
159.451,3,RETURN_HOME,-1.208,12.643,-1.9889,-1.3991,0.2114,-1.515,-1.4,0.0114,1.4,0.0,0.0,12.7006,2.918088674545288,2.918088674545288,-8.38,0,1,180,1.607,-0.1032,1.0,0.4667,-0.031,0.3,0.1867,0.4557,2.6124
159.501,3,RETURN_HOME,-1.2742,12.6503,-2.0042,-1.3961,0.1931,-1.4711,-1.4,-0.0069,1.4,0.0,0.0,12.7143,3.288996458053589,2.924901247024536,-10.89,0,1,180,1.504,-0.0953,1.0,0.4667,-0.0286,0.3,0.1867,0.4581,2.6123
159.551,3,RETURN_HOME,-1.3404,12.657,-2.0178,-1.3935,0.1754,-1.4343,-1.4,-0.0246,1.4002,0.0,0.0,12.7278,4.06899356842041,2.9244818687438965,-11.89,0,1,180,1.654,-0.0879,1.0,0.4667,-0.0264,0.3,0.1867,0.4603,2.6165
159.601,3,RETURN_HOME,-1.3956,12.6622,-2.0279,-1.3917,0.1611,-1.4088,-1.4,-0.0389,1.4005,0.0,0.0,12.7389,5.824496746063232,2.93066143989563,-13.14,0,1,180,1.52,-0.0819,1.0,0.4668,-0.0246,0.3,0.1867,0.4622,2.5996
159.651,3,RETURN_HOME,-1.4605,12.6677,-2.0367,-1.3903,0.1443,-1.3839,-1.4,-0.0557,1.4011,0.0,0.0,12.7516,5.839118003845215,2.935349225997925,-13.39,0,1,180,1.529,-0.075,1.0,0.467,-0.0225,0.3,0.1868,0.4643,2.5908
159.701,3,RETURN_HOME,-1.5256,12.6726,-2.0442,-1.3896,0.1277,-1.3649,-1.4,-0.0723,1.4019,0.0,0.0,12.7641,5.853774070739746,2.9393534660339355,-13.89,0,1,180,1.679,-0.0682,1.0,0.4673,-0.0205,0.3,0.1869,0.4665,2.5809
159.751,3,RETURN_HOME,-1.5801,12.6768,-2.0502,-1.3898,0.1141,-1.3532,-1.4,-0.0859,1.4026,0.0,0.0,12.7749,5.8800950050354,2.947183847427368,-14.14,0,1,180,1.588,-0.0627,1.0,0.4675,-0.0188,0.3,0.187,0.4682,2.5644
159.801,3,RETURN_HOME,-1.6459,12.6818,-2.0574,-1.3908,0.0979,-1.3437,-1.4,-0.1021,1.4037,0.0,0.0,12.7882,5.894350051879883,2.9488525390625,-12.89,0,1,180,1.392,-0.0562,1.0,0.4679,-0.0169,0.3,0.1872,0.4703,2.5552
159.851,3,RETURN_HOME,-1.7007,12.6854,-2.0623,-1.3921,0.0843,-1.3392,-1.4,-0.1157,1.4048,0.0,0.0,12.7988,5.919811725616455,2.958305835723877,-13.14,0,1,180,1.569,-0.0508,1.0,0.4683,-0.0152,0.3,0.1873,0.4721,2.5545
159.901,3,RETURN_HOME,-1.7785,12.6885,-2.0668,-1.3945,0.0647,-1.3374,-1.4,-0.1353,1.4065,0.0,0.0,12.8126,5.933614253997803,2.96091628074646,-13.39,0,1,180,1.52,-0.0429,1.0,0.4688,-0.0129,0.3,0.1875,0.4747,2.5378
159.951,3,RETURN_HOME,-1.8456,12.6902,-2.0692,-1.3971,0.0477,-1.3395,-1.4,-0.1523,1.4083,0.0,0.0,12.8237,5.947727203369141,2.9645142555236816,-13.39,0,1,180,1.674,-0.0361,1.0,0.4694,-0.0108,0.3,0.1878,0.4769,2.5313
160.001,3,RETURN_HOME,-1.9015,12.6912,-2.0706,-1.3994,0.0338,-1.3436,-1.4,-0.1662,1.4098,0.0,0.0,12.8328,2.975336790084839,2.968118906021118,-13.39,0,1,180,1.696,-0.0305,1.0,0.4699,-0.0092,0.3,0.188,0.4788,2.5319
160.051,3,RETURN_HOME,-1.9801,12.6913,-2.0686,-1.4031,0.0144,-1.3519,-1.4,-0.1856,1.4122,0.0,0.0,12.8448,2.975120782852173,2.9688541889190674,-13.64,0,1,180,1.227,-0.023,1.0,0.4707,-0.0069,0.3,0.1883,0.4814,2.5188
160.1,3,RETURN_HOME,-2.0475,12.6907,-2.0667,-1.4063,-0.0023,-1.3608,-1.4,-0.2023,1.4145,0.0,0.0,12.8548,2.977871894836426,2.971635103225708,-13.64,0,1,180,0.981,-0.0164,1.0,0.4715,-0.0049,0.3,0.1886,0.4837,2.5168
160.15,3,RETURN_HOME,-2.1139,12.6904,-2.0637,-1.4094,-0.0189,-1.3707,-1.4,-0.2189,1.417,0.0,0.0,12.8653,2.976058006286621,2.971200466156006,-11.64,0,1,180,1.027,-0.01,1.0,0.4723,-0.003,0.3,0.1889,0.4859,2.5069
160.2,3,RETURN_HOME,-2.1793,12.6905,-2.0601,-1.4119,-0.0353,-1.3811,-1.4,-0.2353,1.4196,0.0,0.0,12.8762,2.9721264839172363,2.9717819690704346,-13.14,0,1,180,0.994,-0.0035,1.0,0.4732,-0.0011,0.3,0.1893,0.4882,2.5189
160.251,3,RETURN_HOME,-2.2341,12.6898,-2.0572,-1.4141,-0.0493,-1.3901,-1.4,-0.2493,1.422,0.0,0.0,12.8849,2.9727137088775635,2.9692182540893555,-10.89,0,1,180,1.079,0.0019,1.0,0.474,0.0006,0.3,0.1896,0.4902,2.5015
160.301,3,RETURN_HOME,-2.2998,12.6853,-2.0564,-1.4165,-0.0673,-1.4008,-1.4,-0.2673,1.4253,0.0,0.0,12.8921,2.9712421894073486,2.9693849086761475,-10.89,0,1,180,1.002,0.0093,1.0,0.4751,0.0028,0.3,0.19,0.4928,2.4966
160.35,3,RETURN_HOME,-2.3659,12.6797,-2.056,-1.419,-0.0856,-1.4111,-1.4,-0.2856,1.4288,0.0,0.0,12.8985,2.965897560119629,2.965810775756836,-10.38,0,1,180,1.097,0.0168,1.0,0.4763,0.005,0.3,0.1905,0.4955,2.506
160.401,3,RETURN_HOME,-2.4325,12.6734,-2.0569,-1.4218,-0.1041,-1.4208,-1.4,-0.3041,1.4326,0.0,0.0,12.9047,2.9647281169891357,2.9635376930236816,-10.63,0,1,180,1.082,0.0242,1.0,0.4775,0.0073,0.3,0.191,0.4983,2.5023
160.451,3,RETURN_HOME,-2.4994,12.6665,-2.0636,-1.4253,-0.1224,-1.4298,-1.4,-0.3224,1.4366,0.0,0.0,12.9107,2.958923816680908,2.958923816680908,-9.38,0,1,180,1.064,0.0315,1.0,0.4789,0.0095,0.3,0.1916,0.501,2.5162
160.5,3,RETURN_HOME,-2.5667,12.6589,-2.0691,-1.4285,-0.1405,-1.4379,-1.4,-0.3405,1.4408,0.0,0.0,12.9165,2.9549384117126465,2.9549384117126465,-8.38,0,1,180,0.991,0.0385,1.0,0.4803,0.0116,0.3,0.1921,0.5037,2.4827
160.55,3,RETURN_HOME,-2.6349,12.65,-2.0745,-1.4318,-0.159,-1.4449,-1.4,-0.359,1.4453,0.0,0.0,12.9215,2.9464120864868164,2.9464120864868164,-8.38,0,1,180,1.107,0.0457,1.0,0.4818,0.0137,0.3,0.1927,0.5064,2.3851
160.6,3,RETURN_HOME,-2.7034,12.6401,-2.079,-1.4347,-0.1778,-1.4505,-1.4,-0.3778,1.4501,0.0,0.0,12.9259,2.9416306018829346,2.9416306018829346,-7.38,0,1,180,0.907,0.0528,1.0,0.4834,0.0159,0.3,0.1933,0.5092,2.3428
160.65,3,RETURN_HOME,-2.7722,12.6294,-2.0824,-1.4372,-0.1964,-1.4547,-1.4,-0.3964,1.455,0.0,0.0,12.9301,2.9323604106903076,2.9323604106903076,-7.88,0,1,180,0.994,0.0598,1.0,0.485,0.0179,0.3,0.194,0.512,2.2408
160.7,3,RETURN_HOME,-2.8389,12.6193,-2.0851,-1.4386,-0.2138,-1.4573,-1.4,-0.4138,1.4599,0.0,0.0,12.9347,2.9274449348449707,2.9274449348449707,-5.88,0,1,180,0.946,0.066,1.0,0.4866,0.0198,0.3,0.1946,0.5145,2.1995
160.75,3,RETURN_HOME,-2.9062,12.6085,-2.0869,-1.4398,-0.2311,-1.4586,-1.4,-0.4311,1.4649,0.0,0.0,12.9391,2.916633129119873,2.916633129119873,-4.38,0,1,180,0.995,0.0721,1.0,0.4883,0.0216,0.3,0.1953,0.5169,2.1012
160.8,3,RETURN_HOME,-2.9751,12.5967,-2.0874,-1.4413,-0.2486,-1.4585,-1.4,-0.4486,1.4701,0.0,0.0,12.9433,2.911243200302124,2.911243200302124,-3.63,0,1,180,0.992,0.0781,1.0,0.49,0.0234,0.3,0.196,0.5194,2.0517
160.851,3,RETURN_HOME,-3.0465,12.5839,-2.0862,-1.4434,-0.2664,-1.4572,-1.4,-0.4664,1.4756,0.0,0.0,12.9474,2.907895088195801,2.907895088195801,-2.63,0,1,180,1.05,0.0839,1.0,0.4919,0.0252,0.3,0.1968,0.5219,2.0033
160.9,3,RETURN_HOME,-3.1176,12.5703,-2.0845,-1.4449,-0.2844,-1.4548,-1.4,-0.4844,1.4814,0.0,0.0,12.9511,2.900984525680542,2.900984525680542,-0.88,0,1,180,1.028,0.0899,1.0,0.4938,0.027,0.3,0.1975,0.5245,1.9071
160.95,3,RETURN_HOME,-3.186,12.5541,-2.0841,-1.445,-0.3033,-1.4511,-1.4,-0.5033,1.4877,0.0,0.0,12.9521,2.8942618370056152,2.8942618370056152,0.63,0,1,180,0.985,0.0964,1.0,0.4959,0.0289,0.3,0.1984,0.5273,1.8177
161.0,3,RETURN_HOME,-3.2654,12.5341,-2.0832,-1.4444,-0.3257,-1.4456,-1.4,-0.5257,1.4954,0.0,0.0,12.9525,2.892869710922241,2.892869710922241,1.13,0,1,180,0.91,0.1041,1.0,0.4985,0.0312,0.3,0.1994,0.5306,1.7701
161.051,3,RETURN_HOME,-3.3334,12.517,-2.0822,-1.4438,-0.3446,-1.4396,-1.3,-0.5446,1.4095,0.0,0.0,12.9532,2.890082836151123,2.890082836151123,2.13,0,1,180,1.209,0.136,1.0,0.4698,0.0408,0.3,0.1879,0.5287,2.0145
161.1,3,RETURN_HOME,-3.4014,12.5008,-2.0811,-1.4433,-0.3628,-1.4328,-1.3,-0.5628,1.4166,0.0,0.0,12.9552,2.889498710632324,2.889498710632324,3.38,0,1,180,0.933,0.1424,1.0,0.4722,0.0427,0.3,0.1889,0.5316,1.927
161.15,3,RETURN_HOME,-3.4695,12.4836,-2.0797,-1.4428,-0.3811,-1.4254,-1.3,-0.5811,1.424,0.0,0.0,12.9567,2.8865580558776855,2.8865580558776855,4.13,0,1,180,1.109,0.1487,1.0,0.4747,0.0446,0.3,0.1899,0.5345,1.878
161.2,3,RETURN_HOME,-3.5388,12.4649,-2.0749,-1.4401,-0.4,-1.4175,-1.3,-0.6,1.4318,0.0,0.0,12.9575,2.887152910232544,2.887152910232544,5.38,0,1,180,0.924,0.1552,1.0,0.4773,0.0465,0.3,0.1909,0.5375,1.7855
161.25,3,RETURN_HOME,-3.6084,12.4451,-2.0688,-1.4353,-0.4193,-1.4092,-1.3,-0.6193,1.44,0.0,0.0,12.9577,2.885840892791748,2.885840892791748,6.13,0,1,180,1.105,0.1617,1.0,0.48,0.0485,0.3,0.192,0.5405,1.7365
161.301,3,RETURN_HOME,-3.678,12.4244,-2.0641,-1.4286,-0.4387,-1.4003,-1.3,-0.6387,1.4484,0.0,0.0,12.9573,2.8892064094543457,2.8892064094543457,7.38,0,1,180,1.077,0.168,1.0,0.4828,0.0504,0.3,0.1931,0.5435,1.6479
161.351,3,RETURN_HOME,-3.7486,12.4029,-2.0641,-1.4207,-0.458,-1.3911,-1.3,-0.658,1.4571,0.0,0.0,12.957,2.88848614692688,2.88848614692688,7.88,0,1,180,1.188,0.1742,1.0,0.4857,0.0523,0.3,0.1943,0.5465,1.597
161.4,3,RETURN_HOME,-3.8184,12.3805,-2.0637,-1.4127,-0.4773,-1.3817,-1.3,-0.6773,1.4659,0.0,0.0,12.956,2.8941140174865723,2.8941140174865723,8.88,0,1,180,1.0,0.1802,1.0,0.4886,0.0541,0.3,0.1954,0.5495,1.515
161.451,3,RETURN_HOME,-3.8739,12.3624,-2.062,-1.4054,-0.4927,-1.3737,-1.3,-0.6927,1.473,0.0,0.0,12.9552,2.8926005363464355,2.8926005363464355,9.63,0,1,180,1.097,0.1848,1.0,0.491,0.0555,0.3,0.1964,0.5519,1.4635
161.501,3,RETURN_HOME,-3.9366,12.342,-2.0579,-1.3962,-0.5099,-1.3641,-1.3,-0.7099,1.4812,0.0,0.0,12.9546,2.935377597808838,2.898188829421997,10.38,0,1,180,1.786,0.1899,1.0,0.4937,0.057,0.3,0.1975,0.5545,1.4126
161.551,3,RETURN_HOME,-3.9996,12.3202,-2.0541,-1.3881,-0.5277,-1.3545,-1.3,-0.7277,1.4898,0.0,0.0,12.9532,3.0721399784088135,2.9051461219787598,11.39,0,1,180,1.74,0.1952,1.0,0.4966,0.0585,0.3,0.1986,0.5572,1.3319
161.601,3,RETURN_HOME,-4.0616,12.2948,-2.0489,-1.3802,-0.5475,-1.3449,-1.3,-0.7475,1.4996,0.0,0.0,12.9483,3.143338918685913,2.9124867916107178,11.89,0,1,180,1.523,0.2014,1.0,0.4999,0.0604,0.3,0.1999,0.5603,1.2797
161.651,3,RETURN_HOME,-4.1133,12.2726,-2.0447,-1.3744,-0.5643,-1.337,-1.1,-0.7643,1.3395,0.0,0.0,12.9436,3.2090179920196533,2.909534454345703,12.39,0,1,180,1.749,0.28,1.0,0.4465,0.084,0.3,0.1786,0.5626,1.8338
161.701,3,RETURN_HOME,-4.1757,12.2449,-2.0401,-1.3691,-0.5845,-1.3278,-1.1,-0.7845,1.3511,0.0,0.0,12.9374,3.331486463546753,2.922208309173584,13.64,0,1,180,1.442,0.2868,1.0,0.4504,0.086,0.3,0.1801,0.5662,1.7539
161.751,3,RETURN_HOME,-4.2405,12.2157,-2.0366,-1.3647,-0.6052,-1.319,-1.1,-0.8052,1.3632,0.0,0.0,12.9308,3.396573543548584,2.9226489067077637,14.14,0,1,180,1.626,0.2934,1.0,0.4544,0.088,0.3,0.1818,0.5698,1.7013
161.801,3,RETURN_HOME,-4.2944,12.1907,-2.0341,-1.3577,-0.6225,-1.312,-1.1,-0.8225,1.3735,0.0,0.0,12.925,3.5150034427642822,2.936842203140259,15.39,0,1,180,1.544,0.2987,1.0,0.4578,0.0896,0.3,0.1831,0.5728,1.6266
161.851,3,RETURN_HOME,-4.3588,12.1596,-2.0299,-1.3453,-0.6433,-1.3038,-1.1,-0.8433,1.3861,0.0,0.0,12.9172,3.5726230144500732,2.944802761077881,15.89,0,1,180,1.671,0.305,1.0,0.462,0.0915,0.3,0.1848,0.5763,1.5788
161.901,3,RETURN_HOME,-4.4228,12.1269,-2.0194,-1.3296,-0.6648,-1.2958,-1.1,-0.8648,1.3992,0.0,0.0,12.9083,3.637702226638794,2.949991226196289,16.64,0,1,180,1.569,0.3113,1.0,0.4664,0.0934,0.3,0.1866,0.5799,1.5289
161.951,3,RETURN_HOME,-4.486,12.0933,-2.0103,-1.3121,-0.686,-1.2878,-1.1,-0.886,1.4124,0.0,0.0,12.8985,3.7485344409942627,2.961225986480713,17.64,0,1,180,1.494,0.3173,1.0,0.4708,0.0952,0.3,0.1883,0.5835,1.4525
162.001,3,RETURN_HOME,-4.5497,12.0582,-1.9975,-1.2946,-0.7077,-1.28,-1.0946,-0.9077,1.4219,0.0,0.0,12.888,3.7998807430267334,2.974705457687378,18.39,0,1,180,1.534,0.3255,1.0,0.474,0.0976,0.3,0.1896,0.5872,1.4177
162.051,3,RETURN_HOME,-4.6025,12.0281,-1.9864,-1.2806,-0.7259,-1.2737,-1.0806,-0.9259,1.4231,0.0,0.0,12.8786,3.9099409580230713,2.9841866493225098,19.39,0,1,180,1.629,0.3363,1.0,0.4744,0.1009,0.3,0.1897,0.5906,1.3885
162.101,3,RETURN_HOME,-4.6651,11.9912,-1.9751,-1.2653,-0.7477,-1.2665,-1.0653,-0.9477,1.4258,0.0,0.0,12.8666,3.961239814758301,2.9925081729888916,20.14,0,1,180,1.496,0.3486,1.0,0.4753,0.1046,0.3,0.1901,0.5947,1.3861
162.151,3,RETURN_HOME,-4.7257,11.9539,-1.9634,-1.2505,-0.7693,-1.2595,-1.0505,-0.9693,1.4294,0.0,0.0,12.8541,6.637141704559326,2.9978275299072266,20.64,0,1,180,1.642,0.3604,1.0,0.4765,0.1081,0.3,0.1906,0.5987,1.3834
162.201,3,RETURN_HOME,-4.7756,11.9223,-1.9551,-1.239,-0.7872,-1.2539,-1.039,-0.9872,1.4332,0.0,0.0,12.8431,6.624591827392578,3.018176317214966,21.9,0,1,180,1.442,0.3698,1.0,0.4777,0.1109,0.3,0.1911,0.602,1.3483
162.252,3,RETURN_HOME,-4.825,11.8899,-1.9484,-1.2281,-0.805,-1.2485,-1.0281,-1.005,1.4377,0.0,0.0,12.8316,6.6168212890625,3.0185000896453857,22.65,0,1,180,2.252,0.3788,1.0,0.4792,0.1136,0.3,0.1917,0.6053,1.34
162.301,3,RETURN_HOME,-4.8816,11.8539,-1.9381,-1.2143,-0.8247,-1.2422,-1.0143,-1.0247,1.4418,0.0,0.0,12.8197,6.61155891418457,3.027244806289673,23.15,0,1,180,1.393,0.3893,1.0,0.4806,0.1168,0.3,0.1922,0.609,1.3337
162.352,3,RETURN_HOME,-4.9373,11.8171,-1.9295,-1.2004,-0.8444,-1.2361,-1.0004,-1.0444,1.4462,0.0,0.0,12.8071,6.594610691070557,3.042752981185913,24.4,0,1,180,2.208,0.3996,1.0,0.4821,0.1199,0.3,0.1928,0.6127,1.3032
162.401,3,RETURN_HOME,-4.9838,11.7852,-1.9234,-1.1891,-0.8612,-1.2312,-0.9891,-1.0612,1.4507,0.0,0.0,12.7956,6.589459419250488,3.057483673095703,25.15,0,1,180,1.601,0.4082,1.0,0.4836,0.1225,0.3,0.1934,0.6159,1.2949
162.451,3,RETURN_HOME,-5.0404,11.7444,-1.9151,-1.1761,-0.8825,-1.2255,-0.9761,-1.0825,1.4576,0.0,0.0,12.7803,6.579351902008057,3.0691192150115967,25.65,0,1,180,1.728,0.4184,1.0,0.4859,0.1255,0.3,0.1943,0.6199,1.2884
162.501,3,RETURN_HOME,-5.0778,11.7166,-1.9109,-1.1674,-0.8969,-1.2218,-0.9674,-1.0969,1.4625,0.0,0.0,12.7695,6.563936710357666,3.0896108150482178,26.9,0,1,180,1.593,0.4251,1.0,0.4875,0.1275,0.3,0.195,0.6225,1.2488
162.551,3,RETURN_HOME,-5.1242,11.681,-1.9069,-1.1566,-0.9147,-1.2172,-0.9566,-1.1147,1.4689,0.0,0.0,12.7555,6.554611682891846,3.091036796569824,27.65,0,1,180,1.787,0.4333,1.0,0.4896,0.13,0.3,0.1959,0.6258,1.2429
162.601,3,RETURN_HOME,-5.1781,11.6363,-1.9067,-1.1428,-0.9362,-1.2118,-0.9428,-1.1362,1.4764,0.0,0.0,12.7364,6.546298980712891,3.1048696041107178,28.4,0,1,180,1.412,0.4435,1.0,0.4921,0.1331,0.3,0.1969,0.6299,1.2454
162.652,3,RETURN_HOME,-5.2227,11.5982,-1.9075,-1.1312,-0.9541,-1.2073,-0.9312,-1.1541,1.4829,0.0,0.0,12.7199,6.53544807434082,3.11034893989563,28.9,0,1,180,2.231,0.4518,1.0,0.4943,0.1355,0.3,0.1977,0.6333,1.2418
162.701,3,RETURN_HOME,-5.2749,11.5512,-1.9103,-1.1171,-0.9755,-1.202,-0.9171,-1.1755,1.4909,0.0,0.0,12.6986,6.51827335357666,3.1347851753234863,30.15,0,1,180,1.558,0.4616,1.0,0.497,0.1385,0.3,0.1988,0.6373,1.2164
162.751,3,RETURN_HOME,-5.3252,11.5023,-1.9152,-1.1026,-0.9972,-1.1966,-0.9026,-1.1972,1.4993,0.0,0.0,12.6752,6.506884574890137,3.1441478729248047,30.9,0,1,180,1.536,0.4717,1.0,0.4998,0.1415,0.3,0.1999,0.6414,1.2148
162.801,3,RETURN_HOME,-5.3754,11.4525,-1.9203,-1.0885,-1.0186,-1.1914,-0.8885,-1.1186,1.4285,0.0,0.0,12.6513,6.488655090332031,3.1670308113098145,32.15,0,1,180,1.416,0.4446,1.0,0.4762,0.1334,0.3,0.1905,0.6238,1.1892
162.851,3,RETURN_HOME,-5.4262,11.4031,-1.9231,-1.0753,-1.0395,-1.186,-0.8753,-1.1395,1.4369,0.0,0.0,12.6283,6.479119300842285,3.174220085144043,32.66,0,1,180,1.485,0.4543,1.0,0.479,0.1363,0.3,0.1916,0.6279,1.1929
162.901,3,RETURN_HOME,-5.4769,11.3531,-1.9252,-1.0626,-1.0596,-1.1807,-0.8626,-1.1596,1.4452,0.0,0.0,12.6051,6.45428466796875,3.19462251663208,34.16,0,1,180,1.551,0.4633,1.0,0.4817,0.139,0.3,0.1927,0.6317,1.1657
162.951,3,RETURN_HOME,-5.5271,11.3022,-1.9278,-1.0499,-1.077,-1.1754,-0.8499,-1.177,1.4518,0.0,0.0,12.5813,6.443263530731201,3.2124862670898438,34.66,0,1,180,1.575,0.4711,1.0,0.4839,0.1413,0.3,0.1936,0.6349,1.1601
163.001,3,RETURN_HOME,-5.5783,11.247,-1.9324,-1.0371,-1.094,-1.1702,-0.8371,-1.194,1.4582,0.0,0.0,12.5544,6.4195709228515625,3.2318291664123535,35.91,0,1,180,1.356,0.4785,1.0,0.4861,0.1435,0.3,0.1944,0.638,1.1366
163.051,3,RETURN_HOME,-5.6288,11.1914,-1.9371,-1.0239,-1.1094,-1.1651,-0.8239,-1.2094,1.4633,0.0,0.0,12.5272,6.407192230224609,3.240558385848999,36.66,0,1,180,1.609,0.4853,1.0,0.4878,0.1456,0.3,0.1951,0.6407,1.1331
163.101,3,RETURN_HOME,-5.6793,11.1343,-1.943,-1.0108,-1.1245,-1.1599,-0.8108,-1.2245,1.4686,0.0,0.0,12.499,6.395562648773193,3.2565977573394775,37.16,0,1,180,1.737,0.4919,1.0,0.4895,0.1476,0.3,0.1958,0.6434,1.1359
163.152,3,RETURN_HOME,-5.7213,11.0855,-1.9486,-0.9999,-1.1374,-1.1555,-0.7999,-1.2374,1.4734,0.0,0.0,12.4748,6.371792793273926,3.2829785346984863,38.41,0,1,180,1.89,0.4973,1.0,0.4911,0.1492,0.3,0.1965,0.6456,1.1179
163.201,3,RETURN_HOME,-5.7791,11.017,-1.956,-0.9844,-1.1549,-1.1493,-0.7844,-1.2549,1.4799,0.0,0.0,12.4407,6.359555721282959,3.2964508533477783,39.16,0,1,180,1.586,0.5047,1.0,0.498,0.1514,0.3,0.1992,0.6506,1.1207
163.251,3,RETURN_HOME,-5.819,10.9674,-1.9655,-0.9729,-1.1675,-1.1448,-0.7729,-1.1675,1.4001,0.0,0.0,12.4155,6.335330486297607,3.323267698287964,40.16,0,1,180,1.621,0.4778,1.0,0.4667,0.1434,0.3,0.1867,0.63,1.0933
163.301,3,RETURN_HOME,-5.8661,10.9076,-1.9772,-0.959,-1.1826,-1.1393,-0.759,-1.1826,1.4052,0.0,0.0,12.3849,6.323144912719727,3.335939407348633,40.91,0,1,180,1.402,0.4853,1.0,0.4684,0.1456,0.3,0.1874,0.633,1.0969
163.351,3,RETURN_HOME,-5.9125,10.8475,-1.9874,-0.9453,-1.1971,-1.1339,-0.7453,-1.1971,1.4101,0.0,0.0,12.3542,6.310055255889893,3.3522720336914062,41.41,0,1,180,1.55,0.4925,1.0,0.47,0.1477,0.3,0.188,0.6358,1.1007
163.401,3,RETURN_HOME,-5.9551,10.7891,-2.0012,-0.9302,-1.2078,-1.1283,-0.7302,-1.2078,1.4114,0.0,0.0,12.3235,6.285965919494629,3.377415657043457,42.66,0,1,180,1.425,0.4992,1.0,0.4705,0.1498,0.3,0.1882,0.6379,1.0929
163.451,3,RETURN_HOME,-5.9973,10.7304,-2.0131,-0.9153,-1.2162,-1.1227,-0.7153,-1.2162,1.411,0.0,0.0,12.2927,6.2764105796813965,3.39650297164917,42.91,0,1,180,1.626,0.5051,1.0,0.4751,0.1515,0.3,0.19,0.6416,1.1025
163.502,3,RETURN_HOME,-6.0378,10.6702,-2.0265,-0.9002,-1.2238,-1.117,-0.7002,-1.2238,1.4099,0.0,0.0,12.26,6.258438587188721,3.4280974864959717,44.17,0,1,180,1.735,0.5109,1.0,0.4802,0.1533,0.3,0.1921,0.6453,1.0965
163.551,3,RETURN_HOME,-6.0703,10.619,-2.0387,-0.8872,-1.23,-1.1122,-0.6872,-1.23,1.4089,0.0,0.0,12.2316,6.2540483474731445,3.4397451877593994,-116.48,0,1,180,1.631,0.5158,1.0,0.4845,0.1547,0.3,0.1938,0.6485,1.1024
163.601,3,RETURN_HOME,-6.1092,10.5575,-2.051,-0.8719,-1.2371,-1.1064,-0.6719,-1.2371,1.4078,0.0,0.0,12.1977,6.244665622711182,3.3783693313598633,-116.23,0,1,180,1.73,0.5215,1.0,0.4895,0.1565,0.3,0.1958,0.6523,1.0951
163.651,3,RETURN_HOME,-6.1476,10.4985,-2.0595,-0.8567,-1.2424,-1.1005,-0.6567,-1.2424,1.4053,0.0,0.0,12.166,6.245337009429932,3.35082745552063,-117.23,0,1,180,1.702,0.5268,1.0,0.4935,0.158,0.3,0.1974,0.6555,1.104
163.701,3,RETURN_HOME,-6.1857,10.4402,-2.0653,-0.8416,-1.2473,-1.0946,-0.6416,-1.2473,1.4026,0.0,0.0,12.1351,6.247800350189209,3.3232083320617676,-117.48,0,1,180,1.989,0.5319,1.0,0.4973,0.1596,0.3,0.1989,0.6585,1.1148
163.751,3,RETURN_HOME,-6.2172,10.3913,-2.0688,-0.8291,-1.2516,-1.0898,-0.6291,-1.2516,1.4008,0.0,0.0,12.1092,6.25748348236084,3.2650508880615234,-118.73,0,1,180,1.614,0.5361,1.0,0.5007,0.1608,0.3,0.2003,0.6611,1.1079
163.801,3,RETURN_HOME,-6.2579,10.3319,-2.0755,-0.8157,-1.2579,-1.084,-0.6157,-1.2579,1.4005,0.0,0.0,12.0793,6.269007205963135,3.236975908279419,-119.49,0,1,180,1.457,0.5405,1.0,0.5046,0.1621,0.3,0.2018,0.664,1.1136
163.851,3,RETURN_HOME,-6.2984,10.272,-2.0811,-0.8024,-1.2645,-1.0782,-0.6024,-1.2645,1.4007,0.0,0.0,12.0492,6.316439151763916,3.1843104362487793,-118.73,0,1,180,1.755,0.5448,1.0,0.5088,0.1635,0.3,0.2035,0.667,1.1108
163.901,3,RETURN_HOME,-6.339,10.2121,-2.085,-0.7892,-1.2708,-1.0724,-0.5892,-1.2708,1.4008,0.0,0.0,12.0196,7.616257190704346,3.1552674770355225,-119.74,0,1,180,1.499,0.549,1.0,0.5127,0.1647,0.3,0.2051,0.6698,1.1164
163.951,3,RETURN_HOME,-6.3803,10.1528,-2.0874,-0.7764,-1.2763,-1.0667,-0.5764,-1.2763,1.4004,0.0,0.0,11.9911,7.586029052734375,3.129631280899048,-119.49,0,1,180,1.634,0.5526,1.0,0.5159,0.1658,0.3,0.2064,0.6722,1.1238
164.001,3,RETURN_HOME,-6.4204,10.0929,-2.0885,-0.7631,-1.2819,-1.0609,-0.5631,-1.2819,1.4001,0.0,0.0,11.962,7.52335262298584,3.0793397426605225,-118.23,0,1,180,1.544,0.5566,1.0,0.5196,0.167,0.3,0.2078,0.6748,1.1214
164.051,3,RETURN_HOME,-6.4591,10.0326,-2.091,-0.7489,-1.2878,-1.055,-0.5489,-1.3878,1.4924,0.0,0.0,11.932,7.491365909576416,3.0507595539093018,-118.48,0,1,180,1.831,0.5828,1.0,0.5798,0.1748,0.3,0.2319,0.7068,1.1172
164.102,3,RETURN_HOME,-6.4965,9.9718,-2.0934,-0.7341,-1.2935,-1.0491,-0.5341,-1.3935,1.4924,0.0,0.0,11.9013,7.429280757904053,3.0022034645080566,-119.24,0,1,180,2.523,0.587,1.0,0.584,0.1761,0.3,0.2336,0.7097,1.1214
164.152,3,RETURN_HOME,-6.5325,9.9112,-2.094,-0.7188,-1.2994,-1.0432,-0.5188,-1.3994,1.4924,0.0,0.0,11.8704,7.396418571472168,2.979346752166748,-120.49,0,1,180,1.862,0.5916,1.0,0.5886,0.1775,0.3,0.2354,0.7129,1.1358
164.201,3,RETURN_HOME,-6.5599,9.8626,-2.0913,-0.7045,-1.3053,-1.0383,-0.5045,-1.4,1.4881,0.0,0.0,11.8449,7.362316131591797,2.9523046016693115,-120.99,0,1,180,1.446,0.5956,1.0,0.5909,0.1787,0.3,0.2363,0.715,1.1496
164.251,3,RETURN_HOME,-6.5921,9.8033,-2.0877,-0.6876,-1.315,-1.0324,-0.4876,-1.4,1.4825,0.0,0.0,11.8136,7.300963878631592,2.9062914848327637,-121.49,0,1,180,1.55,0.6001,1.0,0.5931,0.18,0.3,0.2372,0.7173,1.1623
164.301,3,RETURN_HOME,-6.6241,9.7442,-2.0845,-0.671,-1.3262,-1.0267,-0.471,-1.4,1.4771,0.0,0.0,11.7826,7.2697062492370605,2.884019136428833,-121.49,0,1,180,1.564,0.6046,1.0,0.5954,0.1814,0.3,0.2381,0.7195,1.1811
164.351,3,RETURN_HOME,-6.6508,9.6959,-2.0826,-0.6574,-1.3356,-1.0219,-0.4574,-1.4,1.4728,0.0,0.0,11.7577,7.202774524688721,2.837045907974243,-122.49,0,1,180,1.56,0.6082,1.0,0.5972,0.1825,0.3,0.2389,0.7213,1.189
164.401,3,RETURN_HOME,-6.6822,9.6366,-2.0801,-0.6413,-1.3473,-1.0163,-0.4413,-1.4,1.4679,0.0,0.0,11.7267,7.168213844299316,2.8163037300109863,-122.99,0,1,180,1.398,0.6124,1.0,0.5993,0.1837,0.3,0.2397,0.7235,1.208
164.451,3,RETURN_HOME,-6.7137,9.5776,-2.0782,-0.6259,-1.3583,-1.0107,-0.4259,-1.4,1.4634,0.0,0.0,11.6964,7.096957206726074,2.7726545333862305,-123.24,0,1,180,1.494,0.6163,1.0,0.6013,0.1849,0.3,0.2405,0.7254,1.2197
164.501,3,RETURN_HOME,-6.7454,9.5189,-2.0766,-0.6109,-1.3683,-1.0052,-0.4109,-1.4,1.4591,0.0,0.0,11.6666,7.061642646789551,2.7519938945770264,-120.74,0,1,180,1.8,0.62,1.0,0.6031,0.186,0.3,0.2412,0.7273,1.2361
164.551,3,RETURN_HOME,-6.7761,9.4587,-2.0745,-0.5959,-1.3776,-0.9998,-0.3959,-1.4,1.4549,0.0,0.0,11.6354,7.027534484863281,2.7301881313323975,-123.49,0,1,180,1.674,0.6238,1.0,0.605,0.1871,0.3,0.242,0.7291,1.2538
164.601,3,RETURN_HOME,-6.8016,9.4081,-2.0678,-0.5845,-1.3836,-0.9954,-0.3845,-1.4,1.4518,0.0,0.0,11.6092,6.951934337615967,2.6893720626831055,-123.74,0,1,180,1.665,0.6263,1.0,0.6062,0.1879,0.3,0.2425,0.7304,1.2605
164.651,3,RETURN_HOME,-6.8364,9.336,-2.0517,-0.5726,-1.3863,-0.99,-0.3726,-1.4,1.4487,0.0,0.0,11.5714,6.916051864624023,2.6707305908203125,-121.24,0,1,180,1.54,0.6277,1.0,0.6063,0.1883,0.3,0.2425,0.7308,1.2684
164.701,3,RETURN_HOME,-6.8603,9.284,-2.0388,-0.5643,-1.3859,-0.9862,-0.3643,-1.4,1.4466,0.0,0.0,11.5436,6.8383049964904785,2.6321611404418945,-125.49,0,1,180,1.637,0.6287,1.0,0.6063,0.1886,0.3,0.2425,0.7311,1.2676
164.751,3,RETURN_HOME,-6.8908,9.21,-2.0237,-0.5483,-1.39,-0.981,-0.3483,-1.4,1.4427,0.0,0.0,11.5025,6.7970194816589355,2.6117660999298096,-125.99,0,1,180,1.574,0.6324,1.0,0.6082,0.1897,0.3,0.2433,0.733,1.2871
164.801,3,RETURN_HOME,-6.9121,9.1566,-2.0114,-0.5379,-1.3931,-0.9776,-0.3379,-1.4,1.4402,0.0,0.0,11.4726,6.720554351806641,2.574908971786499,-124.99,0,1,180,1.535,0.6345,1.0,0.6092,0.1904,0.3,0.2437,0.734,1.2927
164.851,3,RETURN_HOME,-6.9339,9.0898,-1.9954,-0.5246,-1.3954,-0.9734,-0.3246,-1.4,1.4371,0.0,0.0,11.4325,6.680439472198486,2.557143449783325,-124.24,0,1,180,1.551,0.6375,1.0,0.6108,0.1913,0.3,0.2443,0.7356,1.3099
164.901,3,RETURN_HOME,-6.954,9.0216,-1.9828,-0.5083,-1.402,-0.9691,-0.3083,-1.4,1.4335,0.0,0.0,11.3906,6.636415481567383,2.538433313369751,-125.24,0,1,180,1.095,0.6422,1.0,0.6137,0.1927,0.3,0.2455,0.7382,1.3344
164.951,3,RETURN_HOME,-6.974,8.9531,-1.9688,-0.4942,-1.4074,-0.965,-0.2942,-1.4,1.4306,0.0,0.0,11.3488,6.557610511779785,2.504284143447876,-124.49,0,1,180,1.124,0.6457,1.0,0.6158,0.1937,0.3,0.2463,0.74,1.3516
165.0,3,RETURN_HOME,-6.996,8.8862,-1.9579,-0.4807,-1.4108,-0.9609,-0.2807,-1.4,1.4279,0.0,0.0,11.3097,6.5194573402404785,2.4876158237457275,-125.24,0,1,180,1.05,0.6488,1.0,0.6176,0.1946,0.3,0.247,0.7417,1.3694
165.051,3,RETURN_HOME,-7.0176,8.8189,-1.9508,-0.465,-1.4167,-0.9565,-0.265,-1.4,1.4249,0.0,0.0,11.2703,6.437027454376221,2.4523210525512695,-126.24,0,1,180,1.064,0.653,1.0,0.6203,0.1959,0.3,0.2481,0.744,1.3883
165.1,3,RETURN_HOME,-7.039,8.7514,-1.9465,-0.4482,-1.4241,-0.9518,-0.2482,-1.4,1.4218,0.0,0.0,11.231,6.397347927093506,2.438298463821411,-124.74,0,1,180,0.999,0.6578,1.0,0.6236,0.1973,0.3,0.2494,0.7468,1.4153
165.15,3,RETURN_HOME,-7.0604,8.6839,-1.9439,-0.431,-1.4318,-0.9468,-0.231,-1.4,1.4189,0.0,0.0,11.192,6.315019607543945,2.4058849811553955,-125.49,0,1,180,1.064,0.6628,1.0,0.627,0.1988,0.3,0.2508,0.7497,1.4431
165.2,3,RETURN_HOME,-7.0777,8.6272,-1.943,-0.4166,-1.438,-0.9425,-0.2166,-1.4,1.4167,0.0,0.0,11.1589,6.274214744567871,2.3915088176727295,-125.74,0,1,180,1.033,0.667,1.0,0.63,0.2001,0.3,0.252,0.7521,1.4668
165.251,3,RETURN_HOME,-7.0993,8.5602,-1.9436,-0.4006,-1.4437,-0.937,-0.2006,-1.4,1.4143,0.0,0.0,11.121,6.235391616821289,2.3772757053375244,-125.49,0,1,180,1.155,0.6714,1.0,0.6331,0.2014,0.3,0.2532,0.7547,1.4918
165.301,3,RETURN_HOME,-7.1207,8.4932,-1.9452,-0.3852,-1.4482,-0.9314,-0.1852,-1.4,1.4122,0.0,0.0,11.0833,6.15346622467041,2.3487329483032227,-127.49,0,1,180,1.145,0.6755,1.0,0.6359,0.2026,0.3,0.2544,0.757,1.4455
165.351,3,RETURN_HOME,-7.1377,8.437,-1.9469,-0.3724,-1.4512,-0.9267,-0.1724,-1.4,1.4106,0.0,0.0,11.0513,6.114699840545654,2.336240291595459,-127.99,0,1,180,1.177,0.6788,1.0,0.6383,0.2036,0.3,0.2553,0.759,1.4016
165.401,3,RETURN_HOME,-7.1545,8.3709,-1.9445,-0.3563,-1.4535,-0.9208,-0.1563,-1.4,1.4087,0.0,0.0,11.0118,6.078005313873291,2.3233280181884766,-127.49,0,1,180,1.071,0.6834,1.0,0.6418,0.205,0.3,0.2567,0.7617,1.352
165.451,3,RETURN_HOME,-7.1677,8.3156,-1.9424,-0.3427,-1.4551,-0.9158,-0.1427,-1.4,1.4073,0.0,0.0,10.9784,5.993586540222168,2.296617269515991,-127.99,0,1,180,1.112,0.6874,1.0,0.6449,0.2062,0.3,0.2579,0.7642,1.2671
165.501,3,RETURN_HOME,-7.1804,8.2599,-1.9408,-0.3289,-1.4565,-0.9108,-0.1289,-1.4,1.4059,0.0,0.0,10.9446,5.955688953399658,2.2852931022644043,-126.74,0,1,180,1.087,0.6914,1.0,0.648,0.2074,0.3,0.2592,0.7666,1.1874
165.551,3,RETURN_HOME,-7.1957,8.1964,-1.9402,-0.3129,-1.4563,-0.9047,-0.1129,-1.4,1.4045,0.0,0.0,10.9068,5.916796684265137,2.27419376373291,-128.49,0,1,180,1.168,0.696,1.0,0.6517,0.2088,0.3,0.2607,0.7695,1.1076
165.6,3,RETURN_HOME,-7.208,8.1433,-1.9402,-0.2995,-1.4561,-0.8996,-0.0995,-1.4,1.4035,0.0,0.0,10.8752,5.834007263183594,2.252228260040283,-128.74,0,1,180,1.004,0.6999,1.0,0.6549,0.21,0.3,0.262,0.772,0.9895
165.65,3,RETURN_HOME,-7.222,8.0787,-1.9405,-0.2836,-1.4563,-0.8935,-0.0836,-1.3,1.3027,0.0,0.0,10.8362,5.795548439025879,2.2420456409454346,-127.49,0,1,180,1.115,0.7012,1.0,0.609,0.2104,0.3,0.2436,0.754,1.1678
165.7,3,RETURN_HOME,-7.2326,8.0239,-1.9381,-0.2729,-1.4561,-0.8886,-0.0729,-1.3,1.302,0.0,0.0,10.8025,5.756439208984375,2.231672525405884,-128.74,0,1,180,1.043,0.7041,1.0,0.6112,0.2112,0.3,0.2445,0.7557,1.1246
165.751,3,RETURN_HOME,-7.2449,7.9576,-1.9331,-0.2607,-1.4533,-0.883,-0.0607,-1.3,1.3014,0.0,0.0,10.7616,5.670589447021484,2.2112057209014893,-130.25,0,1,180,1.078,0.7073,1.0,0.6136,0.2122,0.3,0.2454,0.7576,1.0364
165.801,3,RETURN_HOME,-7.2544,7.902,-1.9293,-0.2497,-1.45,-0.8786,-0.0497,-1.3,1.3009,0.0,0.0,10.727,5.628918170928955,2.2012012004852295,-129.75,0,1,180,1.088,0.7103,1.0,0.616,0.2131,0.3,0.2464,0.7595,0.9911
165.851,3,RETURN_HOME,-7.2637,7.8349,-1.9259,-0.2349,-1.4444,-0.8732,-0.0349,-1.3,1.3005,0.0,0.0,10.684,5.589688301086426,2.1933178901672363,-129.24,0,1,180,1.085,0.7148,1.0,0.6197,0.2144,0.3,0.2479,0.7623,0.9376
165.9,3,RETURN_HOME,-7.2712,7.7789,-1.9244,-0.2211,-1.4398,-0.8688,-0.0211,-1.3,1.3002,0.0,0.0,10.6481,5.500954627990723,2.176208734512329,-132.0,0,1,180,0.997,0.7193,1.0,0.6235,0.2158,0.3,0.2494,0.7652,0.8474
165.95,3,RETURN_HOME,-7.2815,7.7114,-1.9252,-0.2044,-1.4348,-0.8634,-0.0044,-1.2,1.2,0.0,0.0,10.6059,5.462362289428711,2.1673336029052734,-131.5,0,1,180,1.02,0.7246,1.0,0.5797,0.2174,0.3,0.2319,0.7492,1.0267
166.0,3,RETURN_HOME,-7.291,7.6549,-1.9274,-0.1904,-1.4312,-0.8589,0.0096,-1.2,1.2,0.0,0.0,10.5714,5.418501853942871,2.161191940307617,-133.25,0,1,180,0.966,0.7296,1.0,0.5837,0.2189,0.3,0.2335,0.7524,0.9712
166.051,3,RETURN_HOME,-7.3013,7.5871,-1.9306,-0.1733,-1.4274,-0.8535,0.0267,-1.2,1.2003,0.0,0.0,10.5297,5.333845615386963,2.146786689758301,-130.25,0,1,180,1.203,0.7358,1.0,0.5888,0.2207,0.3,0.2355,0.7562,0.8728
166.1,3,RETURN_HOME,-7.3085,7.5312,-1.9343,-0.1592,-1.4223,-0.849,0.0408,-1.2,1.2007,0.0,0.0,10.4945,5.294158458709717,2.141084671020508,-133.5,0,1,180,1.016,0.7409,1.0,0.593,0.2223,0.3,0.2372,0.7595,0.8185
166.15,3,RETURN_HOME,-7.3159,7.4646,-1.9394,-0.1425,-1.4135,-0.8435,0.0575,-1.2,1.2014,0.0,0.0,10.4519,5.252690315246582,2.1350722312927246,-130.5,0,1,180,1.064,0.7469,1.0,0.5982,0.2241,0.3,0.2393,0.7633,0.7625
166.201,3,RETURN_HOME,-7.3215,7.4093,-1.9434,-0.1285,-1.4049,-0.8388,-0.0285,-1.2,1.2003,0.0,0.0,10.4164,5.165080547332764,2.124203681945801,-132.75,0,1,180,1.122,0.6944,1.0,0.5557,0.2083,0.3,0.2223,0.7306,0.8717
166.251,3,RETURN_HOME,-7.3285,7.3423,-1.9506,-0.1117,-1.3947,-0.8332,0.0883,-1.1,1.1035,0.0,0.0,10.3738,5.127943515777588,2.1191065311431885,-133.0,0,1,180,1.677,0.7621,1.0,0.5606,0.2286,0.3,0.2243,0.7529,0.865
166.301,3,RETURN_HOME,-7.334,7.2865,-1.9569,-0.0978,-1.3865,-0.8284,0.1022,-1.1,1.1047,0.0,0.0,10.3383,5.0845627784729,2.1156678199768066,-132.75,0,1,180,1.694,0.7674,1.0,0.5652,0.2302,0.3,0.2261,0.7563,0.8119
166.351,3,RETURN_HOME,-7.3397,7.2199,-1.9638,-0.0837,-1.3768,-0.8228,0.1163,-1.1,1.1061,0.0,0.0,10.2956,5.000509738922119,2.1065852642059326,-134.0,0,1,180,1.747,0.7724,1.0,0.5696,0.2317,0.3,0.2278,0.7595,0.7164
166.401,3,RETURN_HOME,-7.3477,7.1656,-1.9681,-0.073,-1.3673,-0.8183,0.127,-1.1,1.1073,0.0,0.0,10.2632,4.962978363037109,2.1025609970092773,-134.0,0,1,180,1.595,0.7757,1.0,0.5726,0.2327,0.3,0.229,0.7618,0.6695
166.451,3,RETURN_HOME,-7.3559,7.1007,-1.9725,-0.0593,-1.3545,-0.813,0.0407,-1.1,1.1008,0.0,0.0,10.224,4.922922134399414,2.100433588027954,-134.5,0,1,180,1.66,0.7207,1.0,0.5289,0.2162,0.3,0.2115,0.7277,0.7891
166.501,3,RETURN_HOME,-7.3616,7.0471,-1.9758,-0.0467,-1.343,-0.8087,0.0533,-1.1,1.1013,0.0,0.0,10.1909,4.839416980743408,2.095306158065796,-135.0,0,1,180,1.614,0.7257,1.0,0.5328,0.2177,0.3,0.2131,0.7308,0.7005
166.551,3,RETURN_HOME,-7.3641,6.9842,-1.9758,-0.0291,-1.3283,-0.8033,0.0709,-1.1,1.1023,0.0,0.0,10.1493,4.799506187438965,2.093674421310425,-133.25,0,1,180,1.803,0.7334,1.0,0.5389,0.22,0.3,0.2156,0.7356,0.6424
166.601,3,RETURN_HOME,-7.3657,6.9218,-1.9756,-0.0134,-1.3135,-0.7978,-0.0134,-1.1,1.1001,0.0,0.0,10.1077,4.7593817710876465,2.092048168182373,-134.25,0,1,180,1.618,0.6759,1.0,0.4957,0.2028,0.3,0.1983,0.701,0.817
166.652,3,RETURN_HOME,-7.3673,6.8704,-1.9757,-0.0021,-1.3018,-0.7933,-0.0021,-1.1,1.1,0.0,0.0,10.0737,4.680696487426758,2.088406562805176,-134.75,0,1,180,2.024,0.6806,1.0,0.4991,0.2042,0.3,0.1996,0.7038,0.6966
166.701,3,RETURN_HOME,-7.3721,6.8104,-1.9767,0.0089,-1.2882,-0.7879,0.0089,-1.0882,1.0882,0.0,0.0,10.0364,4.639960289001465,2.088890314102173,-135.0,0,1,180,1.54,0.6846,1.0,0.4966,0.2054,0.3,0.1987,0.704,0.6579
166.751,3,RETURN_HOME,-7.3757,6.7507,-1.9776,0.0165,-1.2759,-0.7825,0.0165,-1.0759,1.076,0.0,0.0,9.9986,4.602966785430908,2.086930990219116,-134.5,0,1,180,1.76,0.6864,1.0,0.4924,0.2059,0.3,0.197,0.7029,0.6267
166.801,3,RETURN_HOME,-7.3766,6.7011,-1.9775,0.0211,-1.2668,-0.7782,0.0211,-1.0668,1.067,0.0,0.0,9.9659,4.523669719696045,2.0875041484832764,-134.75,0,1,180,1.561,0.6869,1.0,0.4886,0.2061,0.3,0.1955,0.7015,0.5772
166.851,3,RETURN_HOME,-7.3763,6.6517,-1.9745,0.0241,-1.2595,-0.7742,0.0241,-1.0595,1.0598,0.0,0.0,9.9325,4.486023426055908,2.0884039402008057,-134.0,0,1,180,1.693,0.6864,1.0,0.485,0.2059,0.3,0.194,0.6999,0.566
166.901,3,RETURN_HOME,-7.3757,6.5926,-1.9691,0.0257,-1.249,-0.7695,0.0257,-1.049,1.0494,0.0,0.0,9.8926,4.446873188018799,2.0874335765838623,-135.0,0,1,180,1.694,0.6845,1.0,0.4789,0.2054,0.3,0.1915,0.6969,0.5643
166.951,3,RETURN_HOME,-7.3734,6.5324,-1.9703,0.0282,-1.2397,-0.7651,-0.0718,-1.1397,1.142,0.0,0.0,9.8508,4.363861083984375,2.0892932415008545,-134.75,0,1,180,1.756,0.6148,1.0,0.468,0.1844,0.3,0.1872,0.6716,0.7321
167.001,3,RETURN_HOME,-7.3708,6.4821,-1.9739,0.0312,-1.2325,-0.7614,-0.0688,-1.1325,1.1345,0.0,0.0,9.8156,4.326240062713623,2.089360475540161,-135.0,0,1,180,1.579,0.6137,1.0,0.4642,0.1841,0.3,0.1857,0.6698,0.7255
167.052,3,RETURN_HOME,-7.3677,6.4222,-1.9783,0.0359,-1.2235,-0.7568,-0.0641,-1.1235,1.1254,0.0,0.0,9.7738,4.286121368408203,2.0901057720184326,-134.5,0,1,180,1.783,0.6131,1.0,0.46,0.1839,0.3,0.184,0.6679,0.7182
167.101,3,RETURN_HOME,-7.3665,6.3749,-1.9808,0.038,-1.2162,-0.7529,-0.062,-1.1162,1.118,0.0,0.0,9.7419,4.2071027755737305,2.0905392169952393,-134.75,0,1,180,1.454,0.6115,1.0,0.4557,0.1834,0.3,0.1823,0.6657,0.7044
167.151,3,RETURN_HOME,-7.3648,6.3183,-1.9835,0.0383,-1.2097,-0.7482,-0.0617,-1.1097,1.1115,0.0,0.0,9.7037,4.16767692565918,2.0922927856445312,-134.75,0,1,180,1.794,0.608,1.0,0.4505,0.1824,0.3,0.1802,0.6626,0.7107
167.202,3,RETURN_HOME,-7.3635,6.2712,-1.9857,0.037,-1.2059,-0.7443,-0.063,-1.1059,1.1077,0.0,0.0,9.672,4.128173351287842,2.09354305267334,-134.75,0,1,180,2.021,0.604,1.0,0.446,0.1812,0.3,0.1784,0.6596,0.7189
167.251,3,RETURN_HOME,-7.3587,6.2147,-1.9923,0.0354,-1.2027,-0.7399,-0.0646,-1.1027,1.1046,0.0,0.0,9.6319,4.049605369567871,2.096182346343994,-135.0,0,1,180,1.727,0.5994,1.0,0.4414,0.1798,0.3,0.1766,0.6564,0.6734
167.301,3,RETURN_HOME,-7.3545,6.1582,-1.9979,0.033,-1.2,-0.7355,-0.067,-1.1,1.102,0.0,0.0,9.5923,4.009322643280029,2.0973429679870605,-134.75,0,1,180,1.557,0.5942,1.0,0.4365,0.1783,0.3,0.1746,0.6529,0.6821
167.351,3,RETURN_HOME,-7.3509,6.1116,-2.0006,0.0309,-1.1973,-0.7318,-0.0691,-1.0973,1.0994,0.0,0.0,9.5596,3.9712905883789062,2.0972869396209717,-135.0,0,1,180,1.657,0.5897,1.0,0.4322,0.1769,0.3,0.1729,0.6498,0.6905
167.401,3,RETURN_HOME,-7.3453,6.0581,-1.9978,0.0287,-1.1921,-0.7275,-0.0713,-1.0921,1.0944,0.0,0.0,9.5212,3.8886425495147705,2.0988080501556396,-135.0,0,1,180,1.783,0.5847,1.0,0.4266,0.1754,0.3,0.1706,0.646,0.6849
167.451,3,RETURN_HOME,-7.3411,6.0133,-1.9955,0.0269,-1.1877,-0.7238,-0.0731,-1.0877,1.0902,0.0,0.0,9.4895,3.849626064300537,2.1014161109924316,-134.75,0,1,180,1.746,0.5804,1.0,0.4218,0.1741,0.3,0.1687,0.6428,0.6899
167.501,3,RETURN_HOME,-7.3397,5.9689,-1.9935,0.0241,-1.1833,-0.7201,-0.0759,-1.0833,1.086,0.0,0.0,9.4604,3.810271978378296,2.100651979446411,-135.0,0,1,180,1.639,0.5752,1.0,0.4164,0.1726,0.3,0.1666,0.6391,0.697
167.551,3,RETURN_HOME,-7.342,5.9164,-1.9914,0.0193,-1.178,-0.7157,-0.0807,-1.078,1.081,0.0,0.0,9.4292,3.725796699523926,2.1034300327301025,-134.75,0,1,180,1.766,0.5676,1.0,0.409,0.1703,0.3,0.1636,0.6339,0.7026
167.601,3,RETURN_HOME,-7.3438,5.8723,-1.9898,0.0155,-1.1737,-0.712,-0.0845,-1.1737,1.1768,0.0,0.0,9.403,3.6855576038360596,2.1038355827331543,-135.0,0,1,180,1.612,0.5668,1.0,0.4447,0.1701,0.3,0.1779,0.6479,0.6993
167.651,3,RETURN_HOME,-7.3447,5.8212,-1.9882,0.0115,-1.168,-0.7076,-0.0885,-1.168,1.1714,0.0,0.0,9.3718,3.649226665496826,2.1039791107177734,-135.0,0,1,180,1.747,0.5602,1.0,0.4374,0.168,0.3,0.175,0.643,0.7091
167.701,3,RETURN_HOME,-7.3447,5.7798,-1.9871,0.0086,-1.1627,-0.7038,-0.0914,-1.1627,1.1663,0.0,0.0,9.3461,3.5614817142486572,2.105454921722412,-134.75,0,1,180,1.506,0.5549,1.0,0.4314,0.1665,0.3,0.1726,0.6391,0.7028
167.751,3,RETURN_HOME,-7.3447,5.7294,-1.9859,0.0056,-1.159,-0.6993,0.0056,-0.959,0.959,0.0,0.0,9.3151,3.5231404304504395,2.103797197341919,-135.0,0,1,180,1.765,0.6197,1.0,0.3962,0.1859,0.3,0.1585,0.6444,0.4658
167.801,3,RETURN_HOME,-7.3468,5.6877,-1.9843,0.002,-1.1579,-0.6956,0.002,-0.9579,0.958,0.0,0.0,9.2912,3.480668783187866,2.1049602031707764,-135.0,0,1,180,1.506,0.6138,1.0,0.392,0.1841,0.3,0.1568,0.6409,0.4803
167.851,3,RETURN_HOME,-7.3508,5.6374,-1.982,-0.0035,-1.1591,-0.6915,-0.0035,-0.9591,0.9591,0.0,0.0,9.2636,3.397630214691162,2.106159210205078,-134.75,0,1,180,1.745,0.6057,1.0,0.3873,0.1817,0.3,0.1549,0.6366,0.4942
167.901,3,RETURN_HOME,-7.3538,5.5948,-1.9804,-0.0064,-1.1576,-0.6883,-0.0064,-0.9576,0.9577,0.0,0.0,9.2402,3.3546557426452637,2.1067614555358887,-134.75,0,1,180,1.6,0.6001,1.0,0.3832,0.18,0.3,0.1533,0.6333,0.5151
167.951,3,RETURN_HOME,-7.3568,5.5426,-1.9815,-0.0068,-1.1523,-0.6845,-0.0068,-0.9523,0.9523,0.0,0.0,9.211,3.312892436981201,2.1070594787597656,-135.0,0,1,180,1.695,0.596,1.0,0.3784,0.1788,0.3,0.1514,0.6301,0.5138
168.001,3,RETURN_HOME,-7.3588,5.4988,-1.9829,-0.0053,-1.1449,-0.6813,-0.0053,-0.9449,0.9449,0.0,0.0,9.1863,3.2239527702331543,2.1086416244506836,-135.0,0,1,180,1.731,0.5941,1.0,0.3743,0.1782,0.3,0.1497,0.6279,0.5024
168.051,3,RETURN_HOME,-7.3609,5.4462,-1.9844,-0.0019,-1.1336,-0.6773,-0.0019,-0.9336,0.9336,0.0,0.0,9.1566,3.1822824478149414,2.1068174839019775,-135.0,0,1,180,1.706,0.5932,1.0,0.3692,0.1779,0.3,0.1477,0.6256,0.4963
168.101,3,RETURN_HOME,-7.3608,5.4027,-1.9849,0.0017,-1.1235,-0.674,0.0017,-0.9235,0.9235,0.0,0.0,9.1308,3.141925811767578,2.107372522354126,-135.0,0,1,180,1.57,0.5932,1.0,0.3652,0.178,0.3,0.1461,0.624,0.4895
168.151,3,RETURN_HOME,-7.3605,5.3508,-1.9855,0.0062,-1.1109,-0.6697,0.0062,-0.9109,0.9109,0.0,0.0,9.0999,3.0547473430633545,2.1080055236816406,-135.0,0,1,180,1.578,0.5935,1.0,0.3604,0.178,0.3,0.1442,0.6222,0.4742
168.201,3,RETURN_HOME,-7.359,5.2985,-1.9868,0.0108,-1.0986,-0.6653,0.0108,-0.8986,0.8987,0.0,0.0,9.068,3.0159995555877686,2.109994649887085,-135.0,0,1,180,1.452,0.5941,1.0,0.3559,0.1782,0.3,0.1424,0.6206,0.4651
168.251,3,RETURN_HOME,-7.356,5.2544,-1.9889,0.015,-1.089,-0.6616,0.015,-0.889,0.8892,0.0,0.0,9.0399,2.93536639213562,2.1117630004882812,-135.0,0,1,180,1.689,0.5949,1.0,0.3527,0.1785,0.3,0.1411,0.6195,0.4486
168.301,3,RETURN_HOME,-7.3526,5.202,-1.9912,0.0196,-1.0779,-0.6569,0.0196,-0.8779,0.8781,0.0,0.0,9.0067,2.8907172679901123,2.1119298934936523,-135.0,0,1,180,1.629,0.5956,1.0,0.3487,0.1787,0.3,0.1395,0.6182,0.4398
168.351,3,RETURN_HOME,-7.3501,5.1486,-1.9915,0.0234,-1.0677,-0.6522,0.0234,-0.8677,0.868,0.0,0.0,8.9739,2.852802276611328,2.11303973197937,-135.0,0,1,180,1.636,0.5956,1.0,0.3446,0.1787,0.3,0.1379,0.6165,0.4335
168.401,3,RETURN_HOME,-7.3485,5.1035,-1.9905,0.0262,-1.0597,-0.6483,0.0262,-0.8597,0.8601,0.0,0.0,8.9469,2.774244546890259,2.116830348968506,-135.0,0,1,180,1.595,0.5951,1.0,0.3413,0.1785,0.3,0.1365,0.615,0.4212
168.451,3,RETURN_HOME,-7.347,5.0589,-1.9896,0.0288,-1.0515,-0.6443,0.0288,-0.8515,0.852,0.0,0.0,8.9203,2.7287864685058594,2.118562936782837,-135.0,0,1,180,1.722,0.5947,1.0,0.3378,0.1784,0.3,0.1351,0.6135,0.415
168.501,3,RETURN_HOME,-7.3463,5.007,-1.9871,0.0314,-1.041,-0.6395,0.0314,-0.841,0.8416,0.0,0.0,8.8903,2.690239906311035,2.1087281703948975,-31.15,0,1,180,1.692,0.5936,1.0,0.3331,0.1781,0.3,0.1332,0.6113,0.4154
168.551,3,RETURN_HOME,-7.3465,4.9649,-1.9842,0.0331,-1.0318,-0.6354,0.0331,-0.8318,0.8324,0.0,0.0,8.8669,2.6128146648406982,2.0440750122070312,-30.9,0,1,180,1.767,0.5925,1.0,0.3288,0.1777,0.3,0.1315,0.6093,0.4067
168.601,3,RETURN_HOME,-7.3465,4.9149,-1.9812,0.0355,-1.0204,-0.6305,0.0355,-0.8204,0.8212,0.0,0.0,8.839,2.569014549255371,2.013801336288452,-30.65,0,1,180,1.625,0.5914,1.0,0.3238,0.1774,0.3,0.1295,0.6069,0.402
168.651,3,RETURN_HOME,-7.347,4.873,-1.9764,0.0375,-1.0109,-0.6264,0.0375,-0.8109,0.8117,0.0,0.0,8.8161,2.5311217308044434,1.980915904045105,-30.4,0,1,180,1.897,0.5906,1.0,0.3196,0.1772,0.3,0.1278,0.605,0.3991
168.701,3,RETURN_HOME,-7.3472,4.8315,-1.9716,0.0396,-1.0012,-0.6223,0.0396,-0.9012,0.9021,0.0,0.0,8.7935,2.4945507049560547,1.9518431425094604,-30.15,0,1,180,1.715,0.5856,0.9727,0.3521,0.1757,0.2918,0.1409,0.6084,0.408
168.751,3,RETURN_HOME,-7.3472,4.7904,-1.9675,0.0419,-0.9913,-0.6181,0.0419,-0.8913,0.8923,0.0,0.0,8.771,2.412416696548462,1.8868478536605835,-29.9,0,1,180,1.803,0.5849,0.8964,0.3479,0.1755,0.2689,0.1392,0.5836,0.3988
168.801,3,RETURN_HOME,-7.3482,4.7426,-1.9634,0.0442,-0.9783,-0.6131,-0.0558,-0.9783,0.9799,0.0,0.0,8.7458,2.3776626586914062,1.8581310510635376,-29.65,0,1,180,1.674,0.4935,1.0,0.3266,0.1481,0.3,0.1307,0.5787,0.5855
168.851,3,RETURN_HOME,-7.3492,4.7036,-1.9606,0.0463,-0.969,-0.6089,-0.1537,-1.169,1.179,0.0,0.0,8.7255,2.337127447128296,1.8274052143096924,-29.65,0,1,180,1.797,0.4247,1.0,0.393,0.1274,0.3,0.1572,0.5846,0.7029
168.901,3,RETURN_HOME,-7.3497,4.6571,-1.958,0.0494,-0.9597,-0.6038,-0.1506,-1.1597,1.1694,0.0,0.0,8.701,2.2590136528015137,1.764747977256775,-29.15,0,1,180,1.883,0.422,1.0,0.3898,0.1266,0.3,0.1559,0.5825,0.6909
168.951,3,RETURN_HOME,-7.3505,4.6108,-1.956,0.0502,-0.9541,-0.5985,-0.0498,-1.0541,1.0553,0.0,0.0,8.677,2.2236273288726807,1.7394903898239136,-28.9,0,1,180,1.808,0.4908,1.0,0.3518,0.1472,0.3,0.1407,0.588,0.5624
169.001,3,RETURN_HOME,-7.351,4.5723,-1.9549,0.0471,-0.9561,-0.594,-0.0529,-0.9561,0.9575,0.0,0.0,8.6569,2.1856181621551514,1.7084414958953857,-28.65,0,1,180,1.845,0.4804,1.0,0.3192,0.1441,0.3,0.1277,0.5718,0.5687
169.051,3,RETURN_HOME,-7.3509,4.5262,-1.9545,0.0394,-0.9657,-0.5889,-0.0606,-0.9657,0.9676,0.0,0.0,8.6326,2.1089251041412354,1.6497468948364258,-28.15,0,1,180,1.785,0.4699,1.0,0.3225,0.141,0.3,0.129,0.57,0.5698
169.101,3,RETURN_HOME,-7.3485,4.4813,-1.956,0.0318,-0.9776,-0.5844,-0.0682,-0.9776,0.9799,0.0,0.0,8.6071,2.067673921585083,1.622024655342102,-27.65,0,1,180,1.552,0.46,1.0,0.3266,0.138,0.3,0.1307,0.5687,0.5778
169.151,3,RETURN_HOME,-7.3469,4.4432,-1.9573,0.0257,-0.9858,-0.5809,-0.0743,-0.9858,0.9886,0.0,0.0,8.586,1.9876042604446411,1.5692058801651,-27.15,0,1,180,1.726,0.4518,1.0,0.3295,0.1355,0.3,0.1318,0.5673,0.5774
169.201,3,RETURN_HOME,-7.3459,4.3959,-1.959,0.0193,-0.993,-0.5769,-0.0807,-0.993,0.9963,0.0,0.0,8.5607,1.9406747817993164,1.5348718166351318,-26.65,0,1,180,1.627,0.4423,1.0,0.3321,0.1327,0.3,0.1328,0.5655,0.5849
169.251,3,RETURN_HOME,-7.3463,4.3542,-1.9606,0.0144,-0.9973,-0.5735,-0.0856,-0.9973,1.001,0.0,0.0,8.5398,1.9006925821304321,1.5072256326675415,-26.15,0,1,180,1.686,0.4345,1.0,0.3337,0.1303,0.3,0.1335,0.5638,0.5893
169.301,3,RETURN_HOME,-7.3468,4.3044,-1.9625,0.0097,-1.0,-0.5693,-0.0903,-1.0,1.0041,0.0,0.0,8.5149,1.8176676034927368,1.452167272567749,-25.15,0,1,180,1.839,0.4258,1.0,0.3347,0.1278,0.3,0.1339,0.5616,0.58
169.351,3,RETURN_HOME,-7.346,4.2559,-1.9663,0.0059,-1.0006,-0.565,-0.0941,-1.0006,1.005,0.0,0.0,8.4898,1.7696784734725952,1.418899655342102,-24.4,0,1,180,1.747,0.4181,1.0,0.335,0.1254,0.3,0.134,0.5594,0.5837
169.401,3,RETURN_HOME,-7.345,4.2161,-1.9699,0.0031,-1.0003,-0.5613,-0.0969,-1.0003,1.0049,0.0,0.0,8.469,1.7269498109817505,1.3916993141174316,-24.15,0,1,180,1.613,0.4119,1.0,0.335,0.1236,0.3,0.134,0.5576,0.5831
169.451,3,RETURN_HOME,-7.3441,4.1682,-1.9739,-0.0003,-0.9999,-0.5567,-0.1003,-0.9999,1.005,0.0,0.0,8.4445,1.6410936117172241,1.3411706686019897,-22.9,0,1,180,1.728,0.4044,1.0,0.335,0.1213,0.3,0.134,0.5553,0.5812
169.501,3,RETURN_HOME,-7.3425,4.1278,-1.9749,-0.0032,-1.0003,-0.5528,-0.1032,-1.0003,1.0056,0.0,0.0,8.4233,1.5921317338943481,1.3099849224090576,-22.15,0,1,180,1.587,0.398,1.0,0.3352,0.1194,0.3,0.1341,0.5535,0.5761
169.552,3,RETURN_HOME,-7.3408,4.0791,-1.9756,-0.007,-1.0012,-0.5481,-0.007,-0.9012,0.9012,0.0,0.0,8.398,1.5499296188354492,1.286832332611084,-21.39,0,1,180,1.789,0.4789,0.9671,0.3004,0.1437,0.2901,0.1202,0.554,0.4816
169.601,3,RETURN_HOME,-7.3396,4.0305,-1.9762,-0.0113,-1.0026,-0.5435,-0.0113,-0.9026,0.9026,0.0,0.0,8.3734,1.4609830379486084,1.2328743934631348,-20.14,0,1,180,1.683,0.4703,0.9701,0.3009,0.1411,0.291,0.1204,0.5525,0.4842
169.651,3,RETURN_HOME,-7.3397,3.9899,-1.9723,-0.0152,-1.0039,-0.5398,-0.0152,-0.9039,0.9041,0.0,0.0,8.3541,1.412527084350586,1.2061518430709839,-19.14,0,1,180,1.737,0.4627,0.9785,0.3014,0.1388,0.2935,0.1205,0.5529,0.4891
169.701,3,RETURN_HOME,-7.3399,3.9494,-1.9689,-0.0174,-1.0038,-0.536,-0.0174,-0.9038,0.904,0.0,0.0,8.335,1.3657641410827637,1.1840234994888306,-18.14,0,1,180,1.585,0.4568,0.9853,0.3013,0.1371,0.2956,0.1205,0.5532,0.4921
169.751,3,RETURN_HOME,-7.3397,3.9008,-1.9646,-0.0174,-1.0015,-0.5314,-0.0174,-0.9015,0.9017,0.0,0.0,8.3119,1.275991678237915,1.1353436708450317,-16.39,0,1,180,1.683,0.4522,0.9813,0.3006,0.1356,0.2944,0.1202,0.5503,0.4902
169.801,3,RETURN_HOME,-7.3366,3.8522,-1.9561,-0.0142,-0.9971,-0.5267,-0.0142,-0.8971,0.8972,0.0,0.0,8.2864,1.2245450019836426,1.1087788343429565,-15.39,0,1,180,1.547,0.4508,0.9815,0.2991,0.1352,0.2944,0.1196,0.5493,0.4889
169.851,3,RETURN_HOME,-7.3342,3.8119,-1.9502,-0.0108,-0.9924,-0.5227,-0.0108,-0.8924,0.8924,0.0,0.0,8.2657,1.1799758672714233,1.0845873355865479,-14.39,0,1,180,1.755,0.4504,0.9743,0.2975,0.1351,0.2923,0.119,0.5464,0.4867
169.901,3,RETURN_HOME,-7.3328,3.7637,-1.9458,-0.0071,-0.9862,-0.5176,-0.0071,-0.8862,0.8863,0.0,0.0,8.2423,1.0871027708053589,1.043771505355835,-12.14,0,1,180,1.712,0.4495,0.9658,0.2954,0.1348,0.2897,0.1182,0.5427,0.482
169.951,3,RETURN_HOME,-7.3335,3.7156,-1.9449,-0.0045,-0.9803,-0.5123,-0.0045,-0.8803,0.8803,0.0,0.0,8.221,1.0362471342086792,1.0204741954803467,-10.89,0,1,180,1.659,0.4473,0.9635,0.2934,0.1342,0.289,0.1174,0.5406,0.4814
170.001,3,RETURN_HOME,-7.3339,3.6757,-1.9448,-0.0025,-0.9754,-0.508,-0.0025,-0.9754,0.9754,0.0,0.0,8.2035,0.9789392948150635,0.9789392948150635,-8.38,0,1,180,1.711,0.4458,0.9549,0.3251,0.1337,0.2865,0.1301,0.5503,0.4779
170.052,3,RETURN_HOME,-7.3352,3.6288,-1.945,-0.0006,-0.9692,-0.5027,-0.0006,-0.9692,0.9692,0.0,0.0,8.1837,0.960776150226593,0.960776150226593,-7.13,0,1,180,2.001,0.4429,0.9575,0.3231,0.1329,0.2873,0.1292,0.5493,0.4792
170.101,3,RETURN_HOME,-7.337,3.5826,-1.9458,0.001,-0.9629,-0.4973,0.001,-0.9629,0.9629,0.0,0.0,8.165,0.94050532579422,0.94050532579422,-5.38,0,1,180,1.854,0.4397,0.9586,0.321,0.1319,0.2876,0.1284,0.5479,0.4789
170.151,3,RETURN_HOME,-7.3383,3.5443,-1.9467,0.0026,-0.9598,-0.4928,0.0026,-0.9598,0.9598,0.0,0.0,8.1494,0.9063720703125,0.9063720703125,-2.88,0,1,180,1.827,0.4373,0.9498,0.3199,0.1312,0.2849,0.128,0.5441,0.4765
170.201,3,RETURN_HOME,-7.3393,3.4969,-1.9533,0.005,-0.9592,-0.4875,0.005,-0.9592,0.9592,0.0,0.0,8.1298,0.8920891284942627,0.8920891284942627,-1.13,0,1,180,1.576,0.4348,0.9516,0.3197,0.1304,0.2855,0.1279,0.5438,0.4756
170.251,3,RETURN_HOME,-7.3399,3.4573,-1.9592,0.007,-0.9602,-0.4832,0.007,-0.9602,0.9602,0.0,0.0,8.1134,0.8736155033111572,0.8736155033111572,0.63,0,1,180,1.589,0.4327,0.9477,0.3201,0.1298,0.2843,0.128,0.5421,0.4742
170.301,3,RETURN_HOME,-7.3403,3.4177,-1.9646,0.0089,-0.9619,-0.4789,0.0089,-0.9619,0.9619,0.0,0.0,8.097,0.8477286696434021,0.8477286696434021,3.88,0,1,180,1.529,0.4304,0.9418,0.3206,0.1291,0.2826,0.1283,0.5399,0.471
170.351,3,RETURN_HOME,-7.3407,3.3701,-1.97,0.0112,-0.964,-0.4738,0.0112,-0.964,0.9641,0.0,0.0,8.0774,0.8370320200920105,0.8370320200920105,5.38,0,1,180,1.73,0.4278,0.9431,0.3214,0.1283,0.2829,0.1285,0.5398,0.4737
170.401,3,RETURN_HOME,-7.3409,3.3304,-1.974,0.0131,-0.9656,-0.4695,0.0131,-0.9656,0.9657,0.0,0.0,8.061,0.8230369091033936,0.8230369091033936,7.63,0,1,180,1.55,0.4254,0.9421,0.3219,0.1276,0.2826,0.1288,0.539,0.4708
170.451,3,RETURN_HOME,-7.3409,3.2908,-1.9777,0.0149,-0.9669,-0.4653,0.2149,-0.7669,0.7964,0.0,0.0,8.0447,0.8082184791564941,0.8036701679229736,10.89,0,1,180,1.588,0.6401,0.6893,0.3398,0.192,0.2068,0.1359,0.5348,0.3413
170.501,3,RETURN_HOME,-7.3414,3.2459,-1.9771,0.0164,-0.9677,-0.4602,0.2164,-0.7677,0.7976,0.0,0.0,8.027,0.8089160919189453,0.7955649495124817,13.14,0,1,180,1.587,0.6373,0.7001,0.3389,0.1912,0.21,0.1356,0.5368,0.3523
170.551,3,RETURN_HOME,-7.3417,3.2007,-1.9769,0.0183,-0.9683,-0.4555,0.2183,-0.7683,0.7987,0.0,0.0,8.0091,0.8064711093902588,0.7872911095619202,15.64,0,1,180,1.78,0.635,0.71,0.3381,0.1905,0.213,0.1352,0.5387,0.3563
170.601,3,RETURN_HOME,-7.3413,3.1625,-1.9774,0.0241,-0.9655,-0.4517,0.2241,-0.7655,0.7976,0.0,0.0,7.9935,0.8041123151779175,0.7756949663162231,19.89,0,1,180,1.551,0.6378,0.7213,0.3391,0.1913,0.2164,0.1356,0.5434,0.3605
170.651,3,RETURN_HOME,-7.339,3.1152,-1.9806,0.0358,-0.9585,-0.447,0.2358,-0.7585,0.7944,0.0,0.0,7.9728,0.8009868264198303,0.7736765146255493,20.39,0,1,180,1.686,0.6464,0.7377,0.3423,0.1939,0.2213,0.1369,0.5521,0.3675
170.701,3,RETURN_HOME,-7.3367,3.0762,-1.9829,0.0483,-0.9496,-0.4428,0.2483,-0.7496,0.7897,0.0,0.0,7.9555,0.7986637949943542,0.7690912485122681,23.9,0,1,180,1.53,0.657,0.7368,0.3459,0.1971,0.221,0.1384,0.5565,0.3665
170.751,3,RETURN_HOME,-7.3337,3.0375,-1.9845,0.0622,-0.9388,-0.4384,0.2622,-0.8388,0.8788,0.0,0.0,7.9378,12.170406341552734,0.7660527229309082,23.15,0,1,180,1.59,0.6409,0.795,0.3755,0.1923,0.2385,0.1502,0.581,0.3888
170.801,3,RETURN_HOME,-7.3283,2.991,-1.9836,0.0797,-0.9247,-0.4329,0.2797,-0.8247,0.8708,0.0,0.0,7.9152,12.180729866027832,0.7621446847915649,22.15,0,1,180,1.725,0.6553,0.789,0.3804,0.1966,0.2367,0.1522,0.5855,0.3869
170.851,3,RETURN_HOME,-7.3224,2.9454,-1.9829,0.0972,-0.9099,-0.4273,0.2972,-0.8099,0.8627,0.0,0.0,7.8926,12.195796012878418,0.7606118321418762,23.65,0,1,180,1.67,0.67,0.7855,0.3853,0.201,0.2357,0.1541,0.5908,0.3861
170.901,3,RETURN_HOME,-7.3154,2.9107,-1.9818,0.1125,-0.8984,-0.4225,0.3125,-0.7984,0.8574,0.0,0.0,7.8732,12.22675609588623,0.7547103762626648,23.9,0,1,180,1.521,0.6829,0.7933,0.3903,0.2049,0.238,0.1561,0.599,0.3965
170.951,3,RETURN_HOME,-7.3071,2.8779,-1.9804,0.1278,-0.8883,-0.4178,0.3278,-0.7883,0.8538,0.0,0.0,7.8534,12.243132591247559,0.7520819902420044,25.9,0,1,180,1.638,0.6956,0.7917,0.3959,0.2087,0.2375,0.1584,0.6046,0.3967
171.001,3,RETURN_HOME,-7.2968,2.8385,-1.9792,0.1456,-0.8789,-0.4122,0.3456,-0.7789,0.8521,0.0,0.0,7.8295,12.262596130371094,0.7464054226875305,26.4,0,1,180,1.55,0.7094,0.8015,0.403,0.2128,0.2405,0.1612,0.6145,0.4048
171.052,3,RETURN_HOME,-7.2889,2.8055,-1.9774,0.1598,-0.8726,-0.4076,0.3598,-0.7726,0.8522,0.0,0.0,7.8102,12.284429550170898,0.7454057931900024,28.15,0,1,180,1.741,0.7196,0.8044,0.4089,0.2159,0.2413,0.1635,0.6208,0.4072
171.101,3,RETURN_HOME,-7.2796,2.7658,-1.9749,0.1762,-0.8661,-0.4023,0.3762,-0.7661,0.8535,0.0,0.0,7.7873,12.319193840026855,0.7428078055381775,32.15,0,1,180,1.682,0.7309,0.8327,0.4158,0.2193,0.2498,0.1663,0.6354,0.4162
171.151,3,RETURN_HOME,-7.2714,2.7327,-1.9734,0.1899,-0.8611,-0.398,0.3899,-0.7611,0.8551,0.0,0.0,7.7679,12.336991310119629,0.7434692978858948,34.41,0,1,180,1.695,0.7399,0.8364,0.4218,0.222,0.2509,0.1687,0.6416,0.4169
171.201,3,RETURN_HOME,-7.264,2.6978,-1.9715,0.2031,-0.8572,-0.3937,0.4031,-0.7572,0.8578,0.0,0.0,7.7488,12.354216575622559,0.7433512806892395,36.41,0,1,180,1.535,0.7478,0.8652,0.4276,0.2243,0.2595,0.1711,0.6549,0.4283
171.251,3,RETURN_HOME,-7.2554,2.6547,-1.9691,0.2187,-0.853,-0.3886,0.4187,-0.753,0.8616,0.0,0.0,7.7258,12.38328742980957,0.7471587657928467,40.41,0,1,180,1.618,0.7567,0.8831,0.4346,0.227,0.2649,0.1739,0.6658,0.4342
171.301,3,RETURN_HOME,-7.2475,2.6192,-1.9678,0.232,-0.849,-0.3843,0.432,-0.849,0.9526,0.0,0.0,7.7063,12.399709701538086,0.7494552135467529,42.66,0,1,180,1.451,0.7294,0.9451,0.4632,0.2188,0.2835,0.1853,0.6876,0.4611
171.351,3,RETURN_HOME,-7.2352,2.5757,-1.9669,0.2491,-0.8442,-0.3791,0.4491,-0.8442,0.9562,0.0,0.0,7.68,12.417428016662598,0.7522094249725342,44.67,0,1,180,1.601,0.7385,0.9541,0.4708,0.2216,0.2862,0.1883,0.6961,0.4651
171.401,3,RETURN_HOME,-7.2241,2.5398,-1.9666,0.2636,-0.8397,-0.3748,0.4636,-0.8397,0.9592,0.0,0.0,7.6576,12.445831298828125,0.7608969211578369,48.42,0,1,180,1.588,0.7463,1.0,0.4772,0.2239,0.3,0.1909,0.7148,0.4878
171.451,3,RETURN_HOME,-7.2102,2.4971,-1.9668,0.2812,-0.8362,-0.3697,0.4812,-0.7362,0.8795,0.0,0.0,7.6303,12.46511173248291,0.7692486643791199,50.42,0,1,180,1.721,0.7909,0.9986,0.4637,0.2373,0.2996,0.1855,0.7223,0.4837
171.502,3,RETURN_HOME,-7.1974,2.4633,-1.9686,0.2958,-0.8343,-0.3656,0.4958,-0.7343,0.886,0.0,0.0,7.6072,12.483305931091309,0.7753666639328003,52.42,0,1,180,1.79,0.7978,1.0,0.4712,0.2393,0.3,0.1885,0.7278,0.4876
171.551,3,RETURN_HOME,-7.1814,2.4228,-1.9709,0.313,-0.8337,-0.3609,0.513,-0.6337,0.8153,0.0,0.0,7.5791,12.515429496765137,0.7913966178894043,56.18,0,1,180,1.764,0.8447,1.0,0.4591,0.2534,0.3,0.1836,0.737,0.5046
171.601,3,RETURN_HOME,-7.1645,2.3817,-1.9744,0.3301,-0.8324,-0.3564,0.5301,-0.6324,0.8252,0.0,0.0,7.55,12.53098201751709,0.7989858984947205,57.93,0,1,180,1.672,0.8514,1.0,0.4684,0.2554,0.3,0.1874,0.7428,0.5147
171.652,3,RETURN_HOME,-7.1492,2.3465,-1.9789,0.3446,-0.8304,-0.3528,0.5446,-0.6304,0.833,0.0,0.0,7.5244,12.543842315673828,0.8092964291572571,59.93,0,1,180,1.992,0.8571,1.0,0.476,0.2571,0.3,0.1904,0.7475,0.5231
171.701,3,RETURN_HOME,-7.1336,2.3117,-1.983,0.3588,-0.8253,-0.3493,0.5588,-0.6253,0.8386,0.0,0.0,7.4988,12.564356803894043,0.824764609336853,63.18,0,1,180,1.661,0.8638,1.0,0.4829,0.2591,0.3,0.1932,0.7523,0.549
171.751,3,RETURN_HOME,-7.1142,2.2697,-1.9884,0.376,-0.8158,-0.3451,0.576,-0.6158,0.8432,0.0,0.0,7.4674,12.575956344604492,0.8395330309867859,64.94,0,1,180,1.614,0.8728,1.0,0.4906,0.2618,0.3,0.1962,0.7581,0.5683
171.801,3,RETURN_HOME,-7.0973,2.234,-1.9937,0.3905,-0.8061,-0.3414,0.5905,-0.6061,0.8462,0.0,0.0,7.4406,12.585409164428711,0.8487062454223633,66.69,0,1,180,1.742,0.8807,1.0,0.4968,0.2642,0.3,0.1987,0.7629,0.5809
171.851,3,RETURN_HOME,-7.0766,2.1922,-1.9993,0.4078,-0.7928,-0.3369,0.6078,-0.5928,0.849,0.0,0.0,7.4084,12.614483833312988,0.8730800151824951,69.69,0,1,180,1.76,0.8904,1.0,0.504,0.2671,0.3,0.2016,0.7687,0.6091
171.901,3,RETURN_HOME,-7.0589,2.1578,-2.0055,0.4224,-0.7812,-0.333,0.6224,-0.5812,0.8515,0.0,0.0,7.3813,12.631726264953613,0.8881340622901917,71.44,0,1,180,1.705,0.8985,1.0,0.5101,0.2695,0.3,0.204,0.7736,0.6259
171.951,3,RETURN_HOME,-7.0372,2.1168,-2.0155,0.4398,-0.7673,-0.3283,0.6398,-0.5673,0.8551,0.0,0.0,7.3486,12.650606155395508,0.8963906764984131,72.94,0,1,180,1.617,0.9076,1.0,0.5174,0.2723,0.3,0.207,0.7793,0.64
172.001,3,RETURN_HOME,-7.0185,2.0836,-2.0226,0.4543,-0.7558,-0.3244,0.6543,-0.5558,0.8585,0.0,0.0,7.3213,12.691851615905762,0.9242889881134033,75.7,0,1,180,1.693,0.9149,1.0,0.5236,0.2745,0.3,0.2094,0.7839,0.6654
172.051,3,RETURN_HOME,-6.995,2.0437,-2.0295,0.472,-0.7428,-0.3197,0.672,-0.5428,0.8638,0.0,0.0,7.2874,12.716499328613281,0.9391776919364929,77.2,0,1,180,1.757,0.9229,1.0,0.5315,0.2769,0.3,0.2126,0.7895,0.681
172.102,3,RETURN_HOME,-6.9747,2.0109,-2.0341,0.4869,-0.7322,-0.3158,0.6869,-0.5322,0.8689,0.0,0.0,7.2588,12.7407865524292,0.952142059803009,78.7,0,1,180,2.253,0.9292,1.0,0.5383,0.2788,0.3,0.2153,0.7941,0.6968
172.151,3,RETURN_HOME,-6.9497,1.9727,-2.0385,0.5045,-0.7195,-0.3111,0.7045,-0.5195,0.8753,0.0,0.0,7.2243,12.789688110351562,0.9779040217399597,80.95,0,1,180,1.763,0.9363,1.0,0.5464,0.2809,0.3,0.2186,0.7994,0.7216
172.201,3,RETURN_HOME,-6.9242,1.938,-2.0424,0.5224,-0.7052,-0.3065,0.7224,-0.5052,0.8815,0.0,0.0,7.1903,12.818151473999023,0.9960202574729919,82.2,0,1,180,1.674,0.9436,1.0,0.5545,0.2831,0.3,0.2218,0.8049,0.7408
172.251,3,RETURN_HOME,-6.9023,1.91,-2.045,0.5373,-0.6931,-0.3027,0.7373,-0.4931,0.887,0.0,0.0,7.1617,12.843168258666992,1.0059123039245605,83.7,0,1,180,1.595,0.9494,1.0,0.5614,0.2848,0.3,0.2246,0.8094,0.7581
172.301,3,RETURN_HOME,-6.8754,1.8772,-2.0472,0.5551,-0.6785,-0.2982,0.7551,-0.4785,0.894,0.0,0.0,7.127,12.899205207824707,1.0369068384170532,85.7,0,1,180,1.669,0.9558,1.0,0.5697,0.2868,0.3,0.2279,0.8146,0.786
172.351,3,RETURN_HOME,-6.8508,1.8447,-2.0472,0.5716,-0.6637,-0.2937,0.7716,-0.4637,0.9002,0.0,0.0,7.0948,12.92791748046875,1.0526119470596313,86.96,0,1,180,1.704,0.9616,1.0,0.5771,0.2885,0.3,0.2308,0.8193,0.8016
172.401,3,RETURN_HOME,-6.8338,1.8235,-2.047,0.5828,-0.6538,-0.2908,0.7828,-0.4538,0.9048,0.0,0.0,7.0729,12.955262184143066,1.0659303665161133,88.21,0,1,180,1.73,0.9652,1.0,0.5822,0.2896,0.3,0.2329,0.8224,0.823
172.451,3,RETURN_HOME,-6.8069,1.792,-2.0456,0.5999,-0.6391,-0.2865,0.7999,-0.4391,0.9125,0.0,0.0,7.0389,13.014755249023438,1.0963077545166016,90.21,0,1,180,1.756,0.9702,1.0,0.5902,0.2911,0.3,0.2361,0.8272,0.8512
172.501,3,RETURN_HOME,-6.7772,1.7597,-2.0412,0.6183,-0.6248,-0.2822,0.8183,-0.4248,0.922,0.0,0.0,7.0019,13.048681259155273,1.1099255084991455,91.71,0,1,180,1.573,0.9748,1.0,0.5992,0.2925,0.3,0.2397,0.8321,0.8668
172.552,3,RETURN_HOME,-6.7518,1.7336,-2.0377,0.6338,-0.6127,-0.2786,0.8338,-0.4127,0.9303,0.0,0.0,6.9708,13.076555252075195,1.1277483701705933,92.46,0,1,180,1.813,0.9784,1.0,0.6068,0.2935,0.3,0.2427,0.8362,0.8832
172.601,3,RETURN_HOME,-6.7205,1.7036,-2.0366,0.6525,-0.5978,-0.2745,0.8525,-0.4978,0.9872,0.0,0.0,6.933,13.1394624710083,1.1573280096054077,94.21,0,1,180,1.687,0.961,1.0,0.6324,0.2883,0.3,0.253,0.8413,0.9361
172.651,3,RETURN_HOME,-6.6935,1.6801,-2.04,0.6681,-0.5849,-0.2711,0.8681,-0.4849,0.9943,0.0,0.0,6.9011,13.173430442810059,1.1730318069458008,95.46,0,1,180,1.727,0.9655,1.0,0.64,0.2897,0.3,0.256,0.8457,0.954
172.702,3,RETURN_HOME,-6.666,1.6572,-2.0428,0.6837,-0.5716,-0.2677,0.8837,-0.4716,1.0016,0.0,0.0,6.8689,13.205862998962402,1.1868112087249756,96.71,0,1,180,1.794,0.9698,1.0,0.6476,0.2909,0.3,0.259,0.85,0.9686
172.752,3,RETURN_HOME,-6.6328,1.6308,-2.0448,0.7021,-0.5576,-0.2636,0.9021,-0.4576,1.0115,0.0,0.0,6.8303,13.26688289642334,1.2197805643081665,97.72,0,1,180,2.035,0.974,1.0,0.6568,0.2922,0.3,0.2627,0.8549,1.0016
172.801,3,RETURN_HOME,-6.6049,1.6095,-2.0453,0.7171,-0.5479,-0.2604,0.9171,-0.4479,1.0207,0.0,0.0,6.7982,13.303385734558105,1.2342262268066406,99.72,0,1,180,1.737,0.9769,1.0,0.6647,0.2931,0.3,0.2659,0.859,1.0214
172.851,3,RETURN_HOME,-6.5706,1.5843,-2.0454,0.7351,-0.5384,-0.2568,0.9351,-0.5384,1.079,0.0,0.0,6.7589,13.33836841583252,1.250446081161499,100.47,0,1,180,1.708,0.9594,1.0,0.6902,0.2878,0.3,0.2761,0.8639,1.0563
172.901,3,RETURN_HOME,-6.5399,1.5652,-2.0427,0.7507,-0.5306,-0.2539,0.9507,-0.5306,1.0887,0.0,0.0,6.7246,13.399944305419922,1.2837810516357422,100.72,0,1,180,1.662,0.9627,1.0,0.6987,0.2888,0.3,0.2795,0.8683,1.0885
172.951,3,RETURN_HOME,-6.5012,1.5437,-2.0376,0.7697,-0.5213,-0.2506,0.9697,-0.5213,1.101,0.0,0.0,6.6819,13.430195808410645,1.301883339881897,102.72,0,1,180,1.702,0.9664,1.0,0.7093,0.2899,0.3,0.2837,0.8736,1.105
173.001,3,RETURN_HOME,-6.4685,1.5256,-2.0338,0.7858,-0.5156,-0.248,0.9858,-0.5156,1.1125,0.0,0.0,6.646,13.45762825012207,1.3188461065292358,103.72,0,1,180,1.63,0.9688,1.0,0.7186,0.2907,0.3,0.2874,0.8781,1.1218
173.051,3,RETURN_HOME,-6.4368,1.5053,-2.0295,0.8014,-0.5127,-0.2454,1.0014,-0.5127,1.125,0.0,0.0,6.6105,13.511332511901855,1.3497850894927979,103.47,0,1,180,1.693,0.9705,1.0,0.7279,0.2912,0.3,0.2911,0.8823,1.1537
173.101,3,RETURN_HOME,-6.3991,1.4794,-2.0242,0.8197,-0.5117,-0.2426,1.0197,-0.5117,1.1409,0.0,0.0,6.5679,13.534005165100098,1.3701896667480469,103.97,0,1,180,1.731,0.9718,1.0,0.7392,0.2916,0.3,0.2957,0.8872,1.1721
173.151,3,RETURN_HOME,-6.3603,1.4537,-2.0197,0.8382,-0.5115,-0.2401,1.0382,-0.5115,1.1573,0.0,0.0,6.5243,13.556193351745605,1.3853157758712769,102.72,0,1,180,1.682,0.973,1.0,0.7507,0.2919,0.3,0.3003,0.8922,1.1883
173.202,3,RETURN_HOME,-6.3272,1.4316,-2.02,0.8536,-0.5117,-0.2381,1.0536,-0.6117,1.2183,0.0,0.0,6.4871,13.591839790344238,1.4179843664169312,102.47,0,1,180,2.458,0.9543,1.0,0.7751,0.2863,0.3,0.31,0.8963,1.2405
173.251,3,RETURN_HOME,-6.2865,1.4053,-2.0203,0.8721,-0.5116,-0.2358,1.0721,-0.6116,1.2343,0.0,0.0,6.4417,13.605462074279785,1.4359928369522095,102.97,0,1,180,1.717,0.9558,1.0,0.7865,0.2867,0.3,0.3146,0.9013,1.2575
173.301,3,RETURN_HOME,-6.2519,1.3837,-2.0206,0.8876,-0.5108,-0.2338,1.0876,-0.6108,1.2474,0.0,0.0,6.4032,13.617338180541992,1.4519401788711548,101.97,0,1,180,1.663,0.9571,1.0,0.7959,0.2871,0.3,0.3184,0.9055,1.2742
173.351,3,RETURN_HOME,-6.2092,1.3608,-2.0209,0.9066,-0.51,-0.2313,1.1066,-0.61,1.2636,0.0,0.0,6.3566,13.640262603759766,1.4856315851211548,102.72,0,1,180,1.619,0.9588,1.0,0.8077,0.2876,0.3,0.3231,0.9107,1.3063
173.401,3,RETURN_HOME,-6.1729,1.3415,-2.0211,0.9226,-0.5113,-0.2292,1.1226,-0.6113,1.2782,0.0,0.0,6.317,13.6552734375,1.5027592182159424,103.22,0,1,180,1.599,0.9598,1.0,0.8179,0.2879,0.3,0.3271,0.9151,1.3237
173.452,3,RETURN_HOME,-6.1285,1.3181,-2.0215,0.9418,-0.5147,-0.2269,1.1418,-0.6147,1.2968,0.0,0.0,6.2686,13.667187690734863,1.5201786756515503,102.72,0,1,180,1.744,0.9605,1.0,0.8304,0.2881,0.3,0.3321,0.9203,1.3418
173.501,3,RETURN_HOME,-6.0908,1.2983,-2.0227,0.9581,-0.5189,-0.2251,1.1581,-0.6189,1.3131,0.0,0.0,6.2276,13.684954643249512,1.5528452396392822,101.97,0,1,180,1.721,0.9608,1.0,0.8411,0.2883,0.3,0.3365,0.9247,1.3754
173.551,3,RETURN_HOME,-6.0446,1.2741,-2.0238,0.9777,-0.5246,-0.223,1.1777,-0.6246,1.3331,0.0,0.0,6.1774,13.692646980285645,1.5705639123916626,101.97,0,1,180,1.703,0.9611,1.0,0.8541,0.2883,0.3,0.3417,0.93,1.3951
173.601,3,RETURN_HOME,-6.0053,1.2521,-2.0271,0.9939,-0.5301,-0.2214,1.1939,-0.6301,1.35,0.0,0.0,6.1344,13.696941375732422,1.5880929231643677,102.47,0,1,180,1.708,0.961,1.0,0.8649,0.2883,0.3,0.346,0.9343,1.4137
173.651,3,RETURN_HOME,-5.957,1.2231,-2.0344,1.0132,-0.5374,-0.2194,1.2132,-0.6374,1.3705,0.0,0.0,6.0813,13.699735641479492,1.6207770109176636,101.97,0,1,180,1.725,0.9607,1.0,0.8777,0.2882,0.3,0.3511,0.9393,1.4479
173.701,3,RETURN_HOME,-5.9161,1.1991,-2.0395,1.0292,-0.5432,-0.2177,1.2292,-0.6432,1.3873,0.0,0.0,6.0364,13.702964782714844,1.6398037672042847,103.22,0,1,180,1.572,0.9605,1.0,0.8883,0.2881,0.3,0.3553,0.9435,1.4686
173.751,3,RETURN_HOME,-5.865,1.1701,-2.0442,1.0486,-0.5497,-0.2158,1.2486,-0.6497,1.4075,0.0,0.0,5.9806,13.702773094177246,1.6562970876693726,102.72,0,1,180,1.642,0.9603,1.0,0.901,0.2881,0.3,0.3604,0.9485,1.4874
173.801,3,RETURN_HOME,-5.821,1.1459,-2.0472,1.0649,-0.5548,-0.2139,1.2649,-0.6548,1.4243,0.0,0.0,5.9327,13.697517395019531,1.6923911571502686,102.47,0,1,180,1.485,0.9601,1.0,0.9117,0.288,0.3,0.3647,0.9527,1.5218
173.851,3,RETURN_HOME,-5.7766,1.1218,-2.0495,1.081,-0.5596,-0.212,1.281,-0.6596,1.4409,0.0,0.0,5.8845,13.699408531188965,1.7109366655349731,101.97,0,1,180,1.716,0.96,1.0,0.9222,0.288,0.3,0.3689,0.9569,1.5412
173.901,3,RETURN_HOME,-5.7242,1.0926,-2.053,1.0998,-0.5655,-0.2097,1.2998,-0.6655,1.4603,0.0,0.0,5.8275,13.700546264648438,1.7284061908721924,101.72,0,1,180,1.839,0.9598,1.0,0.9344,0.2879,0.3,0.3738,0.9617,1.5617
173.951,3,RETURN_HOME,-5.6805,1.0682,-2.0558,1.1154,-0.5705,-0.2077,1.3154,-0.6705,1.4764,0.0,0.0,5.78,13.703665733337402,1.7641299962997437,99.47,0,1,180,1.725,0.9595,1.0,0.9445,0.2879,0.3,0.3778,0.9656,1.596
174.001,3,RETURN_HOME,-5.6271,1.039,-2.0583,1.1342,-0.5764,-0.2055,1.3342,-0.6764,1.4958,0.0,0.0,5.7222,13.703675270080566,1.784820318222046,101.22,0,1,180,1.614,0.9592,1.0,0.9565,0.2878,0.3,0.3826,0.9704,1.618
174.051,3,RETURN_HOME,-5.5726,1.0111,-2.0593,1.1531,-0.5812,-0.2032,1.3531,-0.5812,1.4726,0.0,0.0,5.6636,13.711079597473145,1.8029201030731201,102.97,0,1,180,1.709,0.9745,1.0,0.9567,0.2924,0.3,0.3827,0.9751,1.617
174.102,3,RETURN_HOME,-5.5265,0.988,-2.0595,1.169,-0.5853,-0.2011,1.369,-0.5853,1.4888,0.0,0.0,5.6141,13.71815013885498,1.8378360271453857,101.22,0,1,180,2.167,0.9743,1.0,0.9671,0.2923,0.3,0.3868,0.9791,1.6541
174.152,3,RETURN_HOME,-5.4703,0.96,-2.0592,1.1881,-0.5906,-0.1987,1.3881,-0.4906,1.4722,0.0,0.0,5.5539,13.725353240966797,1.8598850965499878,101.72,0,1,180,1.908,0.9863,1.0,0.968,0.2959,0.3,0.3872,0.9831,1.657
174.201,3,RETURN_HOME,-5.4205,0.9378,-2.0589,1.2049,-0.593,-0.1967,1.4049,-0.493,1.4889,0.0,0.0,5.501,13.729827880859375,1.8772560358047485,99.97,0,1,180,1.597,0.9862,1.0,0.9789,0.2959,0.3,0.3916,0.9874,1.6753
174.251,3,RETURN_HOME,-5.3601,0.9108,-2.058,1.225,-0.5941,-0.1942,1.425,-0.3941,1.4785,0.0,0.0,5.437,13.736250877380371,1.9147593975067139,99.47,0,1,180,1.76,0.9949,1.0,0.9806,0.2985,0.3,0.3922,0.9907,1.6917
174.301,3,RETURN_HOME,-5.3093,0.8885,-2.0569,1.2417,-0.5919,-0.1921,1.4417,-0.3919,1.494,0.0,0.0,5.3832,13.738468170166016,1.9351906776428223,100.22,0,1,180,1.601,0.995,1.0,0.9911,0.2985,0.3,0.3964,0.9949,1.7125
174.351,3,RETURN_HOME,-5.2477,0.8632,-2.0553,1.2616,-0.5856,-0.1897,1.3616,-0.5856,1.4822,0.0,0.0,5.3183,13.736074447631836,1.9538910388946533,99.22,0,1,180,1.653,0.9706,1.0,0.959,0.2912,0.3,0.3836,0.9748,1.77
174.401,3,RETURN_HOME,-5.1959,0.8421,-2.0538,1.2783,-0.5767,-0.1875,1.3783,-0.5767,1.4941,0.0,0.0,5.2637,13.656745910644531,1.9902167320251465,98.47,0,1,180,1.694,0.9724,1.0,0.9685,0.2917,0.3,0.3874,0.9791,1.8046
174.451,3,RETURN_HOME,-5.1333,0.8167,-2.0532,1.2985,-0.5623,-0.1844,1.3985,-0.4623,1.4729,0.0,0.0,5.1979,13.61292839050293,2.010190010070801,99.72,0,1,180,1.742,0.987,1.0,0.9692,0.2961,0.3,0.3877,0.9838,1.8017
174.501,3,RETURN_HOME,-5.0812,0.7955,-2.0544,1.3133,-0.5523,-0.1814,1.4133,-0.4523,1.4839,0.0,0.0,5.1431,13.570243835449219,2.0284299850463867,101.22,0,1,180,1.528,0.9881,1.0,0.9775,0.2964,0.3,0.391,0.9874,1.8181
174.551,3,RETURN_HOME,-5.0179,0.7703,-2.0554,1.3286,-0.5443,-0.1779,1.4286,-0.4443,1.4961,0.0,0.0,5.0767,13.483246803283691,2.0633084774017334,98.97,0,1,180,1.733,0.9889,1.0,0.9863,0.2967,0.3,0.3945,0.9912,1.8504
174.602,3,RETURN_HOME,-4.963,0.7496,-2.0548,1.3405,-0.539,-0.175,1.4405,-0.339,1.4798,0.0,0.0,5.0193,13.435807228088379,2.083472967147827,99.22,0,1,180,1.932,0.9967,1.0,0.9833,0.299,0.3,0.3933,0.9923,1.85
174.651,3,RETURN_HOME,-4.8941,0.7252,-2.052,1.3546,-0.5332,-0.1717,1.4546,-0.3332,1.4923,0.0,0.0,4.9475,13.390552520751953,2.100107431411743,100.22,0,1,180,1.657,0.997,1.0,0.9918,0.2991,0.3,0.3967,0.9958,1.868
174.701,3,RETURN_HOME,-4.8366,0.705,-2.0496,1.366,-0.5284,-0.1691,1.366,-0.5284,1.4647,0.0,0.0,4.8877,13.304851531982422,2.1343679428100586,100.22,0,1,180,1.718,0.9749,1.0,0.952,0.2925,0.3,0.3808,0.9733,1.9388
174.751,3,RETURN_HOME,-4.765,0.6805,-2.0457,1.3807,-0.5196,-0.1661,1.3807,-0.5196,1.4753,0.0,0.0,4.8133,13.256885528564453,2.1524691581726074,97.22,0,1,180,1.606,0.9763,1.0,0.9602,0.2929,0.3,0.3841,0.977,1.955
174.801,3,RETURN_HOME,-4.7044,0.6603,-2.0421,1.3931,-0.5099,-0.1634,1.3931,-0.5099,1.4835,0.0,0.0,4.7505,13.213458061218262,2.1698391437530518,99.97,0,1,180,1.684,0.9777,1.0,0.967,0.2933,0.3,0.3868,0.9801,1.9713
174.851,3,RETURN_HOME,-4.6319,0.6364,-2.038,1.4052,-0.5004,-0.1599,1.4052,-0.3004,1.437,0.0,0.0,4.6754,13.124212265014648,2.20166277885437,97.97,0,1,180,1.148,0.9973,1.0,0.9554,0.2992,0.3,0.3821,9999.937,1.9603
174.901,3,RETURN_HOME,-4.5689,0.616,-2.0353,1.4143,-0.4954,-0.1571,1.4143,-0.2954,1.4448,0.0,0.0,4.6102,13.07275104522705,2.21933650970459,98.47,0,1,180,1.08,0.9974,1.0,0.9607,0.2992,0.3,0.3843,9999.9448,1.9796
174.95,3,RETURN_HOME,-4.493,0.5916,-2.0323,1.4236,-0.4923,-0.1541,1.4236,-0.2923,1.4533,0.0,0.0,4.5318,13.02751636505127,2.235481023788452,96.96,0,1,180,1.093,0.9974,1.0,0.9664,0.2992,0.3,0.3865,9999.9533,1.9957
175.001,3,RETURN_HOME,-4.4304,0.5714,-2.03,1.4301,-0.4879,-0.1519,1.4301,-0.2879,1.4588,0.0,0.0,4.4671,12.9378023147583,2.2665913105010986,98.72,0,1,180,1.175,0.9975,1.0,0.9701,0.2993,0.3,0.3881,9999.9588,2.0248
175.051,3,RETURN_HOME,-4.3579,0.5461,-2.0287,1.4363,-0.4798,-0.1493,1.4363,-0.2798,1.4633,0.0,0.0,4.392,12.887323379516602,2.28499436378479,99.47,0,1,180,1.26,0.9977,1.0,0.9733,0.2993,0.3,0.3893,9999.9633,2.04
175.101,3,RETURN_HOME,-4.2977,0.5256,-2.0276,1.4414,-0.4702,-0.1471,1.4414,-0.2702,1.4665,0.0,0.0,4.3297,12.842178344726562,2.3000221252441406,97.47,0,1,180,1.055,0.998,1.0,0.9757,0.2994,0.3,0.3903,9999.9665,2.0539
175.151,3,RETURN_HOME,-4.2263,0.5021,-2.0266,1.4473,-0.4561,-0.1444,1.4473,-0.2561,1.4698,0.0,0.0,4.256,12.752318382263184,2.329144239425659,98.22,0,1,180,1.169,0.9984,1.0,0.9783,0.2995,0.3,0.3913,9999.9698,2.0792
175.2,3,RETURN_HOME,-4.1693,0.4847,-2.0268,1.4515,-0.4422,-0.1419,1.4515,-0.3422,1.4913,0.0,0.0,4.1973,12.70157527923584,2.3454065322875977,98.72,0,1,180,1.038,0.9933,1.0,0.9875,0.298,0.3,0.395,9999.9913,2.1134
175.251,3,RETURN_HOME,-4.112,0.4678,-2.0269,1.4559,-0.4278,-0.1393,1.4559,-0.3278,1.4924,0.0,0.0,4.1385,12.657222747802734,2.3602285385131836,97.22,0,1,180,1.096,0.9942,1.0,0.9891,0.2982,0.3,0.3956,9999.9924,2.1264
175.301,3,RETURN_HOME,-4.0423,0.4485,-2.0256,1.4618,-0.4103,-0.136,1.4618,-0.3103,1.4944,0.0,0.0,4.0671,12.566415786743164,2.3876445293426514,98.22,0,1,180,1.138,0.9951,1.0,0.9914,0.2985,0.3,0.3966,9999.9944,2.1491
175.35,3,RETURN_HOME,-3.9815,0.4341,-2.0198,1.4679,-0.3971,-0.1332,1.4679,-0.2971,1.4977,0.0,0.0,4.0051,12.514547348022461,2.402419328689575,97.72,0,1,180,1.036,0.9959,1.0,0.9943,0.2988,0.3,0.3977,9999.9977,2.1607
175.4,3,RETURN_HOME,-3.9086,0.4171,-2.0136,1.4751,-0.3842,-0.1298,1.4751,-0.1842,1.4866,0.0,0.0,3.9308,12.469108581542969,2.4140167236328125,98.47,0,1,180,1.137,0.9998,1.0,0.9909,0.3,0.3,0.3964,9999.9866,2.1517
175.451,3,RETURN_HOME,-3.8504,0.4033,-2.0088,1.4802,-0.3756,-0.1271,1.4802,-0.1756,1.4906,0.0,0.0,3.8715,12.424036979675293,2.427063226699829,96.71,0,1,180,1.139,0.9999,1.0,0.9936,0.3,0.3,0.3975,9999.9906,2.1632
175.5,3,RETURN_HOME,-3.7954,0.3899,-2.0044,1.484,-0.3688,-0.1245,1.484,-0.1688,1.4936,0.0,0.0,3.8154,12.325691223144531,2.4539763927459717,96.21,0,1,180,1.015,0.9999,1.0,0.9957,0.3,0.3,0.3983,9999.9936,2.1866
175.551,3,RETURN_HOME,-3.7285,0.3738,-1.9999,1.4887,-0.3594,-0.1217,1.4887,-0.1594,1.4973,0.0,0.0,3.7472,12.278895378112793,2.4635472297668457,97.47,0,1,180,1.214,1.0,1.0,0.9981,0.3,0.3,0.3993,9999.9973,2.1946
175.6,3,RETURN_HOME,-3.6616,0.3573,-1.9943,1.4934,-0.3483,-0.119,1.3934,-0.2483,1.4153,0.0,0.0,3.679,12.186094284057617,2.4875543117523193,96.46,0,1,180,1.084,0.9969,1.0,0.9406,0.2991,0.3,0.3762,9999.9153,2.2361
175.651,3,RETURN_HOME,-3.6058,0.3434,-1.9891,1.4973,-0.3377,-0.1168,1.3973,-0.2377,1.4174,0.0,0.0,3.6221,12.132848739624023,2.5007965564727783,95.71,0,1,180,1.307,0.9973,1.0,0.9424,0.2992,0.3,0.377,9999.9174,2.247
175.7,3,RETURN_HOME,-3.5379,0.3272,-1.9838,1.5027,-0.3231,-0.1137,1.4027,-0.3231,1.4395,0.0,0.0,3.553,12.085589408874512,2.5108883380889893,96.96,0,1,180,0.886,0.991,1.0,0.951,0.2973,0.3,0.3804,9999.9395,2.2759
175.75,3,RETURN_HOME,-3.4804,0.3142,-1.9804,1.5054,-0.3114,-0.1111,1.4054,-0.3114,1.4395,0.0,0.0,3.4946,11.990467071533203,2.5314457416534424,94.71,0,1,180,0.878,0.9918,1.0,0.9518,0.2975,0.3,0.3807,9999.9395,2.2919
175.8,3,RETURN_HOME,-3.4107,0.2991,-1.9774,1.5064,-0.2989,-0.1077,1.4064,-0.2989,1.4378,0.0,0.0,3.4237,11.936698913574219,2.543438196182251,96.21,0,1,180,0.785,0.9926,1.0,0.9515,0.2978,0.3,0.3806,9999.9378,2.3037
175.85,3,RETURN_HOME,-3.3522,0.2869,-1.9755,1.5061,-0.2916,-0.1049,1.4061,-0.2916,1.436,0.0,0.0,3.3645,11.88830852508545,2.552173614501953,96.21,0,1,180,0.905,0.9929,1.0,0.9506,0.2979,0.3,0.3802,9999.936,2.3095
175.9,3,RETURN_HOME,-3.283,0.2737,-1.9692,1.5043,-0.2861,-0.1017,1.4043,-0.2861,1.4332,0.0,0.0,3.2944,11.794438362121582,2.571348190307617,95.96,0,1,180,0.912,0.9931,1.0,0.9488,0.2979,0.3,0.3795,9999.9332,2.3272
175.95,3,RETURN_HOME,-3.2253,0.263,-1.9641,1.5025,-0.2837,-0.0992,1.4025,-0.2837,1.4309,0.0,0.0,3.236,11.741748809814453,2.580731153488159,94.71,0,1,180,0.946,0.993,1.0,0.9473,0.2979,0.3,0.3789,9999.9309,2.3368
176.0,3,RETURN_HOME,-3.1557,0.2501,-1.9592,1.5003,-0.2824,-0.0964,1.4003,-0.2824,1.4285,0.0,0.0,3.1656,11.692560195922852,2.5908162593841553,96.71,0,1,180,0.817,0.9928,1.0,0.9455,0.2978,0.3,0.3782,9999.9285,2.3468
176.051,3,RETURN_HOME,-3.1003,0.2385,-1.9556,1.4976,-0.2819,-0.0942,1.4976,-0.0819,1.4998,0.0,0.0,3.1095,11.597771644592285,2.6086206436157227,94.96,0,1,180,1.16,0.9998,1.0,0.9996,0.2999,0.3,0.3998,9999.9998,2.3229
176.1,3,RETURN_HOME,-3.0333,0.2247,-1.9523,1.4944,-0.2816,-0.0918,1.4944,-0.0816,1.4966,0.0,0.0,3.0416,11.54525089263916,2.618955135345459,94.46,0,1,180,1.046,0.9998,1.0,0.9976,0.2999,0.3,0.399,9999.9966,2.3327
176.151,3,RETURN_HOME,-2.977,0.2131,-1.9498,1.4922,-0.2811,-0.0901,1.4922,-0.0811,1.4944,0.0,0.0,2.9847,11.497720718383789,2.6271581649780273,93.96,0,1,180,1.131,0.9999,1.0,0.9961,0.3,0.3,0.3984,9999.9944,2.3431
176.2,3,RETURN_HOME,-2.9089,0.1991,-1.9454,1.4929,-0.2755,-0.0883,1.4929,-0.0755,1.4948,0.0,0.0,2.9157,11.403318405151367,2.644928455352783,93.71,0,1,180,0.972,0.9998,1.0,0.9964,0.3,0.3,0.3986,9999.9948,2.3586
176.251,3,RETURN_HOME,-2.8516,0.1878,-1.9426,1.4955,-0.2666,-0.0866,1.4955,-0.0666,1.497,0.0,0.0,2.8578,11.350897789001465,2.6552388668060303,93.46,0,1,180,1.13,0.9998,1.0,0.9978,0.2999,0.3,0.3991,9999.997,2.3666
176.3,3,RETURN_HOME,-2.7931,0.1769,-1.9412,1.4996,-0.2546,-0.0848,1.3996,-0.2546,1.4226,0.0,0.0,2.7987,11.304742813110352,2.6637942790985107,95.21,0,1,180,0.944,0.9932,1.0,0.9419,0.298,0.3,0.3768,9999.9226,2.4136
176.35,3,RETURN_HOME,-2.7192,0.1642,-1.9429,1.5067,-0.2373,-0.0822,1.4067,-0.3373,1.4466,0.0,0.0,2.7242,11.258369445800781,2.6706268787384033,94.46,0,1,180,0.906,0.9847,1.0,0.9496,0.2954,0.3,0.3799,9999.9466,2.4379
176.4,3,RETURN_HOME,-2.6576,0.1543,-1.9446,1.5125,-0.2219,-0.0796,1.4125,-0.3219,1.4487,0.0,0.0,2.662,11.156725883483887,2.686793327331543,95.21,0,1,180,0.844,0.9862,1.0,0.9525,0.2959,0.3,0.381,9999.9487,2.4526
176.45,3,RETURN_HOME,-2.596,0.1455,-1.9464,1.5159,-0.2094,-0.0766,1.4159,-0.3094,1.4493,0.0,0.0,2.6001,11.109017372131348,2.694674253463745,93.71,0,1,180,0.942,0.9874,1.0,0.954,0.2962,0.3,0.3816,9999.9493,2.4557
176.5,3,RETURN_HOME,-2.5229,0.1367,-1.9481,1.5173,-0.2007,-0.073,1.4173,-0.3007,1.4489,0.0,0.0,2.5266,11.060723304748535,2.702568769454956,94.21,0,1,180,0.85,0.988,1.0,0.9543,0.2964,0.3,0.3817,9999.9489,2.4618
176.55,3,RETURN_HOME,-2.4619,0.1295,-1.9497,1.5168,-0.1992,-0.0702,1.4168,-0.2992,1.448,0.0,0.0,2.4653,10.958625793457031,2.7155470848083496,94.46,0,1,180,0.93,0.9879,1.0,0.9537,0.2964,0.3,0.3815,9999.948,2.4739
176.6,3,RETURN_HOME,-2.3885,0.1217,-1.9512,1.5152,-0.202,-0.0672,1.4152,-0.302,1.4471,0.0,0.0,2.3916,10.909684181213379,2.7227914333343506,92.71,0,1,180,0.83,0.9873,1.0,0.9525,0.2962,0.3,0.381,9999.9471,2.4819
176.65,3,RETURN_HOME,-2.3272,0.1154,-1.9522,1.5135,-0.2065,-0.065,1.4135,-0.3065,1.4464,0.0,0.0,2.33,10.859610557556152,2.729166269302368,92.71,0,1,180,0.96,0.9866,1.0,0.9513,0.296,0.3,0.3805,9999.9464,2.4905
176.7,3,RETURN_HOME,-2.2537,0.1074,-1.9536,1.5114,-0.2131,-0.0627,1.4114,-0.3131,1.4457,0.0,0.0,2.2563,10.759797096252441,2.7436232566833496,92.96,0,1,180,0.813,0.9855,1.0,0.9498,0.2956,0.3,0.3799,9999.9457,2.5055
176.75,3,RETURN_HOME,-2.194,0.1007,-1.9563,1.509,-0.2185,-0.0609,1.409,-0.3185,1.4446,0.0,0.0,2.1963,10.711328506469727,2.752107620239258,91.96,0,1,180,0.959,0.9845,1.0,0.9481,0.2953,0.3,0.3792,9999.9446,2.515
176.8,3,RETURN_HOME,-2.1233,0.0923,-1.9605,1.506,-0.2244,-0.0588,1.406,-0.3244,1.4429,0.0,0.0,2.1253,10.662678718566895,2.7589027881622314,92.71,0,1,180,0.77,0.9833,1.0,0.9458,0.295,0.3,0.3783,9999.9429,2.522
176.85,3,RETURN_HOME,-2.0643,0.0849,-1.9638,1.5036,-0.2286,-0.0571,1.4036,-0.3286,1.4416,0.0,0.0,2.0661,10.563189506530762,2.773768186569214,93.71,0,1,180,0.91,0.9822,1.0,0.944,0.2947,0.3,0.3776,9999.9416,2.5386
176.9,3,RETURN_HOME,-1.9908,0.0761,-1.9639,1.5019,-0.2327,-0.055,1.4019,-0.3327,1.4408,0.0,0.0,1.9922,10.51453685760498,2.7810981273651123,91.71,0,1,180,0.827,0.9811,1.0,0.9424,0.2943,0.3,0.3769,9999.9408,2.5464
176.95,3,RETURN_HOME,-1.9287,0.0685,-1.9628,1.5007,-0.2357,-0.0532,1.4007,-0.3357,1.4404,0.0,0.0,1.9299,10.46668815612793,2.7888541221618652,93.71,0,1,180,0.942,0.9801,1.0,0.9412,0.294,0.3,0.3765,9999.9404,2.5562
177.001,3,RETURN_HOME,-1.8669,0.0606,-1.9621,1.4995,-0.2387,-0.0514,1.3995,-0.3387,1.4399,0.0,0.0,1.8679,10.365432739257812,2.8042800426483154,91.96,0,1,180,1.082,0.9791,1.0,0.9399,0.2937,0.3,0.3759,9999.9399,2.5702
177.051,3,RETURN_HOME,-1.7952,0.0499,-1.9585,1.4971,-0.2428,-0.0493,1.4971,-0.0428,1.4977,0.0,0.0,1.7959,10.319499015808105,2.8129827976226807,92.21,0,1,180,1.141,1.0,1.0,0.9984,0.3,0.3,0.3994,9999.9977,2.5222
177.101,3,RETURN_HOME,-1.7241,0.0386,-1.9554,1.4939,-0.2482,-0.0472,1.4939,-0.0482,1.4947,0.0,0.0,1.7245,10.271651268005371,2.8204703330993652,93.46,0,1,180,1.104,1.0,1.0,0.9964,0.3,0.3,0.3986,9999.9947,2.5301
177.151,3,RETURN_HOME,-1.6649,0.029,-1.9536,1.4917,-0.2524,-0.0458,1.4917,-0.1524,1.4995,0.0,0.0,1.6651,10.171134948730469,2.8381147384643555,91.96,0,1,180,1.096,0.9964,1.0,0.9961,0.2989,0.3,0.3984,9999.9995,2.5674
177.201,3,RETURN_HOME,-1.6028,0.0167,-1.953,1.4925,-0.2528,-0.0445,1.4925,-0.0528,1.4934,0.0,0.0,1.6029,10.123289108276367,2.8446848392486572,92.46,0,1,180,1.073,0.9997,1.0,0.9953,0.2999,0.3,0.3981,9999.9918,2.5551
177.251,3,RETURN_HOME,-1.5287,0.0024,-1.9529,1.4956,-0.246,-0.0426,1.3956,-0.346,1.4378,0.0,0.0,1.5287,10.077754974365234,2.853994369506836,92.21,0,1,180,1.133,0.971,1.0,0.9307,0.2913,0.3,0.3723,9999.9965,2.6233
177.3,3,RETURN_HOME,-1.4676,-0.0096,-1.9528,1.4992,-0.2377,-0.0407,1.3992,-0.0377,1.3997,0.0,0.0,1.4676,9.978350639343262,2.8701188564300537,90.96,0,1,180,1.044,0.9994,1.0,0.9326,0.2998,0.3,0.373,9999.9915,2.5784
177.351,3,RETURN_HOME,-1.3969,-0.0258,-1.9509,1.5033,-0.2255,-0.0374,1.3033,-0.3255,1.3433,0.0,0.0,1.3972,9.93066692352295,2.8786537647247314,92.21,0,1,180,0.955,0.9656,1.0,0.8647,0.2897,0.3,0.3459,9999.9962,2.6428
177.4,3,RETURN_HOME,-1.326,-0.0409,-1.9498,1.5051,-0.2166,-0.0335,1.3051,-0.0166,1.3052,0.0,0.0,1.3266,9.883191108703613,2.8861420154571533,91.71,0,1,180,0.88,0.9991,1.0,0.8693,0.2997,0.3,0.3477,9999.9805,2.5918
177.45,3,RETURN_HOME,-1.2551,-0.0547,-1.9493,1.5041,-0.2078,-0.0289,1.3041,-0.0078,1.3041,0.0,0.0,1.2563,9.779712677001953,2.9008309841156006,91.21,0,1,180,0.919,0.9988,1.0,0.8683,0.2996,0.3,0.3473,9999.9258,2.6029
177.501,3,RETURN_HOME,-1.1962,-0.0654,-1.9492,1.4995,-0.2041,-0.0249,1.2995,-0.0041,1.2995,0.0,0.0,1.198,9.732711791992188,2.906189441680908,91.71,0,1,180,1.151,0.9983,1.0,0.8649,0.2995,0.3,0.346,9999.882,2.6054
177.551,3,RETURN_HOME,-1.1375,-0.0756,-1.9497,1.4928,-0.1993,-0.0208,1.2928,0.0007,1.2928,0.0,0.0,1.14,9.684908866882324,2.913835287094116,90.71,0,1,180,1.444,0.9978,1.0,0.86,0.2993,0.3,0.344,9999.8386,2.6054
177.601,3,RETURN_HOME,-1.0686,-0.0874,-1.9513,1.4824,-0.1907,-0.0153,1.2824,0.0093,1.2825,0.0,0.0,1.0721,9.584750175476074,2.928807497024536,92.46,0,1,180,1.045,0.9972,1.0,0.8526,0.2992,0.3,0.341,9999.7872,2.5879
177.651,3,RETURN_HOME,-1.001,-0.0983,-1.954,1.4709,-0.1791,-0.009,1.2709,0.0209,1.2711,0.0,0.0,1.0059,9.53779125213623,2.9360928535461426,92.96,0,1,180,1.134,0.9967,1.0,0.8446,0.299,0.3,0.3378,9999.7348,2.5678
177.701,3,RETURN_HOME,-0.9448,-0.1067,-1.9563,1.4613,-0.1675,-0.003,1.2613,0.0325,1.2617,0.0,0.0,0.9508,9.48971176147461,2.9422879219055176,93.46,0,1,180,1.114,0.9962,1.0,0.838,0.2989,0.3,0.3352,9999.6879,2.5465
177.751,3,RETURN_HOME,-0.8917,-0.1136,-1.957,1.4509,-0.1543,0.0037,1.2509,0.0457,1.2517,0.0,0.0,0.8989,9.391535758972168,2.9619343280792236,94.71,0,1,180,1.148,0.9959,1.0,0.8311,0.2988,0.3,0.3324,9999.6414,2.505
177.8,3,RETURN_HOME,-0.8284,-0.1207,-1.9577,1.4386,-0.1377,0.0127,1.2386,-0.0377,1.2392,0.0,0.0,0.8372,9.344779014587402,2.9694101810455322,95.21,0,1,180,1.052,0.9847,1.0,0.8135,0.2954,0.3,0.3254,9999.582,2.6932
177.851,3,RETURN_HOME,-0.7755,-0.1261,-1.9586,1.4288,-0.1237,0.021,1.2288,-0.0237,1.2291,0.0,0.0,0.7856,9.298534393310547,2.9812378883361816,96.21,0,1,180,1.248,0.9838,1.0,0.8061,0.2951,0.3,0.3224,9999.5268,2.6853
177.9,3,RETURN_HOME,-0.7127,-0.1302,-1.9612,1.4174,-0.1064,0.032,1.2174,-0.0064,1.2174,0.0,0.0,0.7245,9.201322555541992,2.999523401260376,96.71,0,1,180,1.007,0.9828,1.0,0.7976,0.2948,0.3,0.319,9999.4526,2.6723
177.951,3,RETURN_HOME,-0.6603,-0.1329,-1.9636,1.408,-0.0939,0.0421,1.208,0.0061,1.208,0.0,0.0,0.6735,9.157012939453125,3.0088202953338623,97.22,0,1,180,1.163,0.9813,1.0,0.7903,0.2944,0.3,0.3161,9999.3811,2.6599
178.001,3,RETURN_HOME,-0.5972,-0.1358,-1.9665,1.397,-0.0817,0.0551,1.197,0.0183,1.1971,0.0,0.0,0.6125,9.112195014953613,3.017632484436035,97.72,0,1,180,1.68,0.9784,1.0,0.7808,0.2935,0.3,0.3123,9999.2772,2.6451
178.101,4,NAVIGATE,-0.4823,-0.1395,-1.9636,1.3765,-0.0643,0.0812,1.4765,0.1357,1.4828,0.0,12.0,12.1491,8.971589088439941,3.054213523864746,98.72,0,1,180,1.679,0.131,1.0,0.4943,0.0393,0.3,0.1977,0.537,2.294
178.151,4,NAVIGATE,-0.4301,-0.141,-1.963,1.3671,-0.0583,0.0942,1.4671,0.1417,1.474,0.0,12.0,12.1486,8.92612075805664,3.0630056858062744,98.97,0,1,180,1.631,0.1313,1.0,0.4913,0.0394,0.3,0.1965,0.5359,2.2944
178.201,4,NAVIGATE,-0.3783,-0.1422,-1.9625,1.3578,-0.0551,0.1119,1.4578,0.1449,1.465,0.0,12.0,12.1481,8.833681106567383,3.056788682937622,70.69,0,1,180,1.842,0.1298,1.0,0.4883,0.039,0.3,0.1953,0.5343,2.2641
178.251,4,NAVIGATE,-0.3157,-0.1439,-1.9595,1.3551,-0.0488,0.1414,1.4551,0.1512,1.4629,0.0,12.0,12.148,8.789031028747559,3.0458903312683105,70.69,0,1,180,1.59,0.1291,1.0,0.4876,0.0387,0.3,0.1951,0.5338,2.3123
178.301,4,NAVIGATE,-0.2528,-0.1452,-1.9537,1.3602,-0.0416,0.1791,1.4602,0.1584,1.4688,0.0,12.0,12.1479,8.746540069580078,3.0380654335021973,70.44,0,1,180,1.855,0.1285,1.0,0.4896,0.0385,0.3,0.1958,0.5344,2.3679
178.351,4,NAVIGATE,-0.2002,-0.146,-1.9475,1.3688,-0.035,0.2162,1.4688,0.165,1.478,0.0,12.0,12.1476,8.661921501159668,3.017491340637207,68.94,0,1,180,1.658,0.128,1.0,0.4927,0.0384,0.3,0.1971,0.5355,2.2724
178.401,4,NAVIGATE,-0.1359,-0.1467,-1.938,1.3829,-0.026,0.2669,1.4829,0.174,1.4931,0.0,12.0,12.1474,8.628470420837402,3.0079221725463867,68.19,0,1,180,1.604,0.1277,1.0,0.4977,0.0383,0.3,0.1991,0.5374,2.3399
178.452,4,NAVIGATE,-0.0708,-0.1467,-1.9283,1.3994,-0.0152,0.3237,1.3994,0.1848,1.4115,0.0,12.0,12.1469,8.604372024536133,2.998361825942993,66.94,0,1,180,1.906,0.1367,1.0,0.4705,0.041,0.3,0.1882,0.5292,2.3881
178.5,4,NAVIGATE,-0.0159,-0.1463,-1.9197,1.4136,-0.0046,0.3753,1.4136,0.1954,1.4271,0.0,12.0,12.1463,6.069063186645508,2.9785196781158447,64.18,0,1,180,0.992,0.1382,1.0,0.4757,0.0415,0.3,0.1903,0.5317,2.2307
178.551,4,NAVIGATE,0.0511,-0.1454,-1.9086,1.4301,0.0101,0.442,1.4301,0.2101,1.4454,0.0,12.0,12.1455,5.647075176239014,2.9719905853271484,62.43,0,1,180,1.322,0.1412,1.0,0.4818,0.0424,0.3,0.1927,0.5351,2.3071
178.601,4,NAVIGATE,0.1114,-0.1448,-1.9018,1.4426,0.0235,0.5013,1.4426,0.2235,1.4598,0.0,12.0,12.1453,5.267329216003418,2.962137460708618,60.93,0,1,180,1.194,0.144,1.0,0.4866,0.0432,0.3,0.1946,0.5379,2.3196
178.651,4,NAVIGATE,0.1727,-0.1438,-1.8952,1.4528,0.038,0.5638,1.4528,0.238,1.4722,0.0,12.0,12.145,4.590471267700195,2.9430108070373535,57.18,0,1,180,1.056,0.1476,1.0,0.4907,0.0443,0.3,0.1963,0.5406,2.1072
178.701,4,NAVIGATE,0.2462,-0.1417,-1.8868,1.462,0.0567,0.643,1.462,0.2567,1.4844,0.0,12.0,12.1442,4.323201656341553,2.93501877784729,54.93,0,1,180,1.073,0.1529,1.0,0.4948,0.0459,0.3,0.1979,0.5438,2.1674
178.751,4,NAVIGATE,0.3092,-0.139,-1.8805,1.4685,0.073,0.7122,1.4685,0.273,1.4937,0.0,12.0,12.1429,4.087605953216553,2.9279086589813232,52.67,0,1,180,1.193,0.1577,1.0,0.4979,0.0473,0.3,0.1992,0.5465,2.1832
178.8,4,NAVIGATE,0.3848,-0.1347,-1.873,1.4748,0.0937,0.7988,1.3748,0.2937,1.4059,0.0,12.0,12.1408,3.6721370220184326,2.910102367401123,47.17,0,1,180,1.01,0.1778,1.0,0.4686,0.0533,0.3,0.1874,0.5408,1.9608
178.85,4,NAVIGATE,0.4476,-0.1304,-1.8678,1.4795,0.1128,0.8728,1.3795,0.3128,1.4145,0.0,12.0,12.1387,3.511186361312866,2.902315855026245,43.67,0,1,180,1.061,0.185,1.0,0.4715,0.0555,0.3,0.1886,0.5441,1.9696
178.901,4,NAVIGATE,0.5189,-0.1246,-1.8645,1.483,0.1381,0.9621,1.383,0.3381,1.4238,0.0,12.0,12.1357,3.371109962463379,2.8937740325927734,39.41,0,1,180,1.373,0.1957,1.0,0.4746,0.0587,0.3,0.1898,0.5485,2.0092
178.951,4,NAVIGATE,0.5902,-0.1176,-1.866,1.4833,0.1649,1.0505,1.3833,0.3649,1.4306,0.0,12.0,12.132,3.138930082321167,2.8762459754943848,33.91,0,1,180,1.076,0.2077,1.0,0.4769,0.0623,0.3,0.1907,0.5531,1.7438
179.001,4,NAVIGATE,0.6498,-0.1102,-1.871,1.4809,0.1868,1.1225,1.3809,0.3868,1.4341,0.0,12.0,12.1276,3.0555944442749023,2.8683130741119385,30.15,0,1,180,1.058,0.2178,1.0,0.478,0.0653,0.3,0.1912,0.5565,1.7224
179.051,4,NAVIGATE,0.7218,-0.0977,-1.8811,1.4755,0.2126,1.2057,1.3755,0.4126,1.436,0.0,12.0,12.1192,2.989084482192993,2.8595941066741943,25.9,0,1,180,1.219,0.2298,1.0,0.4787,0.0689,0.3,0.1915,0.5604,1.7444
179.1,4,NAVIGATE,0.7814,-0.0867,-1.8909,1.4694,0.2325,1.2718,1.3694,0.4325,1.4361,0.0,12.0,12.1119,2.8858532905578613,2.8397891521453857,20.39,0,1,180,0.995,0.239,1.0,0.4787,0.0717,0.3,0.1915,0.5632,1.4522
179.15,4,NAVIGATE,0.8406,-0.0749,-1.9018,1.4625,0.2511,1.3345,1.3625,0.4511,1.4352,0.0,12.0,12.1041,2.8523612022399902,2.8296868801116943,17.14,0,1,180,1.043,0.2476,1.0,0.4784,0.0743,0.3,0.1914,0.5657,1.4246
179.2,4,NAVIGATE,0.9107,-0.0588,-1.9167,1.4534,0.2728,1.4046,1.3534,0.4728,1.4336,0.0,12.0,12.0931,2.8301377296447754,2.820775270462036,15.14,0,1,180,1.009,0.2577,1.0,0.4779,0.0773,0.3,0.1912,0.5685,1.4286
179.251,4,NAVIGATE,0.9689,-0.0451,-1.929,1.4457,0.2897,1.4586,1.3457,0.4897,1.432,0.0,12.0,12.084,2.8000059127807617,2.8000059127807617,9.38,0,1,180,1.156,0.2655,1.0,0.4773,0.0797,0.3,0.1909,0.5706,1.1745
179.301,4,NAVIGATE,1.0258,-0.0309,-1.942,1.4375,0.3061,1.5083,1.3375,0.5061,1.4301,0.0,12.0,12.0745,2.7903449535369873,2.7903449535369873,5.88,0,1,180,1.097,0.2731,1.0,0.4767,0.0819,0.3,0.1907,0.5726,1.1415
179.351,4,NAVIGATE,1.0923,-0.013,-1.9586,1.4272,0.3253,1.562,1.3272,0.5253,1.4274,0.0,12.0,12.0625,2.7811062335968018,2.7811062335968018,4.38,0,1,180,1.033,0.2823,1.0,0.4758,0.0847,0.3,0.1903,0.575,1.1318
179.4,4,NAVIGATE,1.1586,0.0054,-1.9739,1.4169,0.3438,1.6092,1.2169,0.5438,1.3329,0.0,12.0,12.0504,2.758615016937256,2.758615016937256,-0.13,0,1,180,1.039,0.3183,1.0,0.4443,0.0955,0.3,0.1777,0.5732,0.9366
179.451,4,NAVIGATE,1.2158,0.0228,-1.9857,1.4095,0.3593,1.6435,1.2095,0.5593,1.3326,0.0,12.0,12.0387,2.7485220432281494,2.7485220432281494,-2.63,0,1,180,1.097,0.3259,1.0,0.4442,0.0978,0.3,0.1777,0.5754,0.8919
179.501,4,NAVIGATE,1.2855,0.0453,-1.9984,1.4017,0.3778,1.6787,1.4017,0.4778,1.4809,0.0,12.0,12.0236,2.7384719848632812,2.7384719848632812,-5.13,0,1,180,1.141,0.2196,1.0,0.4936,0.0659,0.3,0.1975,0.5633,1.1788
179.551,4,NAVIGATE,1.3432,0.0641,-2.008,1.3938,0.3929,1.7034,1.2938,0.4929,1.3845,0.0,12.0,12.0112,2.7146146297454834,2.7146146297454834,-7.13,0,1,180,1.775,0.2493,1.0,0.4615,0.0748,0.3,0.1846,0.5594,0.9947
179.601,4,NAVIGATE,1.4089,0.0872,-2.0225,1.3805,0.4109,1.728,1.1805,0.5109,1.2863,0.0,12.0,11.9958,2.701204776763916,2.701204776763916,-7.88,0,1,180,1.739,0.2866,1.0,0.4288,0.086,0.3,0.1715,0.5575,0.9412
179.651,4,NAVIGATE,1.4627,0.1065,-2.0336,1.371,0.4235,1.7449,1.171,0.5235,1.2827,0.0,12.0,11.9831,2.6897284984588623,2.6897284984588623,-9.63,0,1,180,1.658,0.2937,1.0,0.4276,0.0881,0.3,0.171,0.5591,0.8904
179.701,4,NAVIGATE,1.5164,0.126,-2.0435,1.3632,0.4344,1.7582,1.3632,0.4344,1.4307,0.0,12.0,11.9704,2.6621603965759277,2.6621603965759277,-9.38,0,1,180,1.61,0.1804,1.0,0.4769,0.0541,0.3,0.1908,0.5449,1.0679
179.751,4,NAVIGATE,1.5847,0.1523,-2.0561,1.3548,0.4469,1.77,1.3548,0.4469,1.4266,0.0,12.0,11.9533,2.64947247505188,2.64859676361084,-10.89,0,1,180,1.623,0.1846,1.0,0.4755,0.0554,0.3,0.1902,0.5456,1.0256
179.801,4,NAVIGATE,1.6529,0.1788,-2.067,1.3455,0.458,1.7779,1.2455,0.458,1.327,0.0,12.0,11.9362,2.636329174041748,2.6349329948425293,-11.89,0,1,180,1.595,0.2118,1.0,0.4423,0.0635,0.3,0.1769,0.5405,0.9885
179.851,4,NAVIGATE,1.709,0.2007,-2.0745,1.3401,0.4644,1.7818,1.2401,0.4644,1.3242,0.0,12.0,11.9225,2.6082451343536377,2.604304790496826,-12.64,0,1,180,1.616,0.2128,1.0,0.4414,0.0638,0.3,0.1766,0.5404,0.9022
179.901,4,NAVIGATE,1.7721,0.227,-2.0843,1.3349,0.4697,1.7835,1.1349,0.4697,1.2282,0.0,12.0,11.9056,2.592787981033325,2.5908167362213135,-12.14,0,1,180,1.664,0.2406,1.0,0.4094,0.0722,0.3,0.1638,0.5359,0.8701
179.951,4,NAVIGATE,1.8246,0.2487,-2.0909,1.3314,0.4729,1.7828,1.1314,0.4729,1.2262,0.0,12.0,11.8921,2.5796265602111816,2.576453447341919,-12.64,0,1,180,1.744,0.2395,1.0,0.4087,0.0719,0.3,0.1635,0.5353,0.8394
180.001,4,NAVIGATE,1.8887,0.2751,-2.0963,1.3279,0.4764,1.7796,1.1279,0.4764,1.2243,0.0,12.0,11.8761,2.54875111579895,2.544954538345337,-12.89,0,1,180,1.71,0.2377,1.0,0.4081,0.0713,0.3,0.1632,0.5345,0.7939
180.051,4,NAVIGATE,1.9441,0.2979,-2.0984,1.3238,0.4798,1.7756,1.1238,0.4798,1.2219,0.0,12.0,11.8625,2.53399395942688,2.530616044998169,-12.64,0,1,180,1.637,0.2367,1.0,0.4073,0.071,0.3,0.1629,0.5339,0.7633
180.101,4,NAVIGATE,2.0098,0.3249,-2.0998,1.316,0.4837,1.7695,1.416,0.3837,1.4671,0.0,12.0,11.8469,2.5178334712982178,2.516228675842285,-11.14,0,1,180,1.747,0.094,1.0,0.489,0.0282,0.3,0.1956,0.5238,1.1197
180.151,4,NAVIGATE,2.0618,0.347,-2.099,1.3063,0.487,1.7638,1.4063,0.387,1.4586,0.0,12.0,11.834,2.485081434249878,2.4848744869232178,-12.14,0,1,180,1.825,0.0933,1.0,0.4862,0.028,0.3,0.1945,0.5225,1.136
180.201,4,NAVIGATE,2.1207,0.3735,-2.0957,1.2921,0.4909,1.7568,1.3921,0.3909,1.446,0.0,12.0,11.8183,2.470153570175171,2.4694910049438477,-10.89,0,1,180,1.684,0.0932,1.0,0.482,0.028,0.3,0.1928,0.5208,1.0884
180.251,4,NAVIGATE,2.1698,0.3953,-2.0927,1.2851,0.4917,1.751,1.3851,0.3917,1.4394,0.0,12.0,11.8058,2.4552130699157715,2.4544219970703125,-10.38,0,1,180,1.735,0.0907,1.0,0.4798,0.0272,0.3,0.1919,0.5191,1.0586
180.301,4,NAVIGATE,2.2189,0.4164,-2.0898,1.2832,0.4907,1.745,1.3832,0.3907,1.4373,0.0,12.0,11.7942,2.4226748943328857,2.422114610671997,-10.89,0,1,180,1.681,0.0859,1.0,0.4791,0.0258,0.3,0.1916,0.5174,1.0898
180.351,4,NAVIGATE,2.2782,0.4407,-2.0866,1.2866,0.4878,1.7378,1.3866,0.3878,1.4398,0.0,12.0,11.7817,2.4070098400115967,2.4070098400115967,-10.13,0,1,180,1.732,0.078,1.0,0.4799,0.0234,0.3,0.192,0.5154,1.0726
180.401,4,NAVIGATE,2.3381,0.4648,-2.0834,1.2946,0.4843,1.7307,1.3946,0.3843,1.4466,0.0,12.0,11.7698,2.3925845623016357,2.3925845623016357,-8.88,0,1,180,1.798,0.0689,1.0,0.4822,0.0207,0.3,0.1929,0.5135,1.0613
180.451,4,NAVIGATE,2.3846,0.4836,-2.0774,1.3016,0.4807,1.7251,1.4016,0.3807,1.4523,0.0,12.0,11.7607,2.360146999359131,2.360146999359131,-9.63,0,1,180,1.825,0.061,1.0,0.4841,0.0183,0.3,0.1936,0.5119,1.1008
180.501,4,NAVIGATE,2.4405,0.5057,-2.07,1.3105,0.4763,1.7188,1.4105,0.3763,1.4598,0.0,12.0,11.7505,2.344162940979004,2.344162940979004,-8.88,0,1,180,1.778,0.0515,1.0,0.4866,0.0154,0.3,0.1946,0.5101,1.0943
180.552,4,NAVIGATE,2.4881,0.5241,-2.0644,1.3182,0.4729,1.7143,1.4182,0.3729,1.4664,0.0,12.0,11.7425,2.3311069011688232,2.3301329612731934,-10.63,0,1,180,2.034,0.0436,1.0,0.4888,0.0131,0.3,0.1955,0.5086,1.1403
180.601,4,NAVIGATE,2.552,0.5446,-2.0612,1.3296,0.4686,1.7097,1.4296,0.3686,1.4764,0.0,12.0,11.7362,2.297863721847534,2.297863721847534,-9.13,0,1,180,1.637,0.0331,1.0,0.4921,0.0099,0.3,0.1968,0.5068,1.1348
180.651,4,NAVIGATE,2.6066,0.5615,-2.0593,1.3392,0.4652,1.7067,1.4392,0.3652,1.4848,0.0,12.0,11.7317,2.2844769954681396,2.2844769954681396,-8.63,0,1,180,1.614,0.0244,1.0,0.4949,0.0073,0.3,0.198,0.5053,1.1807
180.702,4,NAVIGATE,2.6735,0.5815,-2.0579,1.3504,0.4611,1.7042,1.4504,0.3611,1.4946,0.0,12.0,11.7273,2.2703261375427246,2.2703261375427246,-7.88,0,1,180,1.859,0.014,1.0,0.4982,0.0042,0.3,0.1993,0.5035,1.1797
180.751,4,NAVIGATE,2.7329,0.5972,-2.0596,1.361,0.4575,1.7031,1.361,0.3575,1.4071,0.0,12.0,11.7258,2.239283800125122,2.239283800125122,-7.88,0,1,180,1.709,0.0217,1.0,0.469,0.0065,0.3,0.1876,0.4941,1.116
180.801,4,NAVIGATE,2.8041,0.6162,-2.0614,1.3731,0.4534,1.7028,1.3731,0.3534,1.4178,0.0,12.0,11.724,2.22534441947937,2.22534441947937,-8.13,0,1,180,1.643,0.0104,1.0,0.4726,0.0031,0.3,0.189,0.4922,1.1238
180.851,4,NAVIGATE,2.8744,0.6346,-2.0603,1.3846,0.4489,1.7035,1.3846,0.3489,1.4279,0.0,12.0,11.7233,2.2103304862976074,2.2103304862976074,-6.63,0,1,180,1.718,-0.0008,1.0,0.476,-0.0002,0.3,0.1904,0.4901,1.1717
180.902,4,NAVIGATE,2.9201,0.6457,-2.0566,1.3905,0.4454,1.7046,1.3905,0.3454,1.4327,0.0,12.0,11.7238,2.1809425354003906,2.1809425354003906,-8.38,0,1,180,1.952,-0.0083,1.0,0.4776,-0.0025,0.3,0.191,0.4885,1.1638
180.951,4,NAVIGATE,2.9889,0.6627,-2.0516,1.3969,0.4402,1.7071,1.1969,0.4402,1.2753,0.0,12.0,11.7247,2.1673498153686523,2.1673498153686523,-9.38,0,1,180,1.749,0.0945,1.0,0.4251,0.0283,0.3,0.17,0.4984,0.816
181.001,4,NAVIGATE,3.0575,0.6796,-2.0486,1.4015,0.4345,1.7107,1.2015,0.4345,1.2776,0.0,12.0,11.7261,2.152897357940674,2.152897357940674,-8.63,0,1,180,1.48,0.0831,1.0,0.4259,0.0249,0.3,0.1704,0.4953,0.8393
181.051,4,NAVIGATE,3.114,0.693,-2.0488,1.404,0.4294,1.7144,1.204,0.4294,1.2783,0.0,12.0,11.728,2.123539686203003,2.123539686203003,-9.13,0,1,180,1.078,0.0738,1.0,0.4261,0.0221,0.3,0.1704,0.4926,0.838
181.1,4,NAVIGATE,3.182,0.7094,-2.0491,1.4018,0.4266,1.7197,1.3018,0.4266,1.3699,0.0,12.0,11.7304,2.109315872192383,2.109315872192383,-9.13,0,1,180,1.007,0.042,1.0,0.4566,0.0126,0.3,0.1827,0.4953,0.9611
181.151,4,NAVIGATE,3.2481,0.7271,-2.0517,1.3938,0.4273,1.7259,1.2938,0.4273,1.3625,0.0,12.0,11.7315,2.0963711738586426,2.0963711738586426,-8.13,0,1,180,1.773,0.0384,1.0,0.4542,0.0115,0.3,0.1817,0.4932,0.9613
181.201,4,NAVIGATE,3.3025,0.7425,-2.0544,1.3841,0.4293,1.732,1.2841,0.4293,1.354,0.0,12.0,11.7319,2.0660884380340576,2.0660884380340576,-8.63,0,1,180,1.636,0.0373,1.0,0.4513,0.0112,0.3,0.1805,0.4917,0.9403
181.251,4,NAVIGATE,3.3673,0.7615,-2.057,1.3729,0.4322,1.74,1.2729,0.4322,1.3443,0.0,12.0,11.7321,2.052992105484009,2.052992105484009,-9.63,0,1,180,1.7,0.0362,1.0,0.4481,0.0109,0.3,0.1792,0.4901,0.9324
181.301,4,NAVIGATE,3.4199,0.7766,-2.0591,1.3643,0.4342,1.7471,1.2643,0.4342,1.3368,0.0,12.0,11.7329,2.039154052734375,2.0386998653411865,-10.38,0,1,180,1.577,0.035,1.0,0.4456,0.0105,0.3,0.1782,0.4887,0.9252
181.351,4,NAVIGATE,3.4826,0.7949,-2.0611,1.3559,0.4364,1.756,1.2559,0.4364,1.3295,0.0,12.0,11.7338,2.00915265083313,2.00915265083313,-10.13,0,1,180,1.747,0.0331,1.0,0.4432,0.0099,0.3,0.1773,0.4872,0.9045
181.401,4,NAVIGATE,3.5348,0.8105,-2.0622,1.3502,0.4382,1.7636,1.2502,0.4382,1.3248,0.0,12.0,11.7345,1.996256709098816,1.9952492713928223,-10.89,0,1,180,1.754,0.0311,1.0,0.4416,0.0093,0.3,0.1766,0.486,0.9018
181.451,4,NAVIGATE,3.596,0.8304,-2.0637,1.3443,0.4405,1.773,1.2443,0.4405,1.32,0.0,12.0,11.7342,1.981851577758789,1.9805210828781128,-10.38,0,1,180,1.9,0.0288,1.0,0.44,0.0086,0.3,0.176,0.4846,0.9029
181.501,4,NAVIGATE,3.647,0.8473,-2.0646,1.3399,0.4425,1.7808,1.2399,0.4425,1.3165,0.0,12.0,11.7338,1.952105164527893,1.9508287906646729,-12.14,0,1,180,1.571,0.0268,1.0,0.4388,0.008,0.3,0.1755,0.4836,0.8872
181.551,4,NAVIGATE,3.7084,0.8685,-2.0652,1.3347,0.4454,1.7902,1.2347,0.4454,1.3126,0.0,12.0,11.7329,1.9380589723587036,1.9345585107803345,-12.64,0,1,180,1.822,0.0246,1.0,0.4375,0.0074,0.3,0.175,0.4824,0.8839
181.601,4,NAVIGATE,3.7593,0.889,-2.0653,1.3301,0.4492,1.798,1.1301,0.4492,1.2161,0.0,12.0,11.7298,1.9248121976852417,1.9220314025878906,-11.14,0,1,180,1.871,0.052,1.0,0.4054,0.0156,0.3,0.1622,0.4778,0.8041
181.651,4,NAVIGATE,3.8102,0.9093,-2.0651,1.3254,0.4529,1.8057,1.1254,0.4529,1.2131,0.0,12.0,11.7269,1.893894076347351,1.8909074068069458,-14.89,0,1,180,1.906,0.0516,1.0,0.4044,0.0155,0.3,0.1618,0.4772,0.7807
181.701,4,NAVIGATE,3.872,0.9334,-2.0641,1.3201,0.4569,1.8148,1.1201,0.4569,1.2097,0.0,12.0,11.7244,1.8814829587936401,1.876367211341858,-13.14,0,1,180,1.682,0.0507,1.0,0.4032,0.0152,0.3,0.1613,0.4765,0.7777
181.751,4,NAVIGATE,3.9257,0.9524,-2.0615,1.3151,0.4596,1.822,1.1151,0.4596,1.2061,0.0,12.0,11.7244,1.8681188821792603,1.8609095811843872,-15.64,0,1,180,1.74,0.0495,1.0,0.402,0.0149,0.3,0.1608,0.4757,0.7744
181.801,4,NAVIGATE,3.9791,0.9714,-2.0589,1.308,0.4622,1.8293,1.108,0.4622,1.2006,0.0,12.0,11.7245,1.836395025253296,1.8297921419143677,-13.64,0,1,180,1.508,0.0489,1.0,0.4002,0.0147,0.3,0.1601,0.4747,0.7477
181.851,4,NAVIGATE,4.042,0.9945,-2.0562,1.297,0.4653,1.8379,1.097,0.4653,1.1916,0.0,12.0,11.7243,1.8214901685714722,1.8160163164138794,-15.14,0,1,180,1.587,0.0492,1.0,0.3972,0.0148,0.3,0.1589,0.4736,0.7398
181.901,4,NAVIGATE,4.093,1.0143,-2.0545,1.2857,0.4682,1.8451,1.0857,0.4682,1.1824,0.0,12.0,11.7234,1.8104097843170166,1.7994847297668457,-14.89,0,1,180,1.856,0.0505,1.0,0.3941,0.0152,0.3,0.1576,0.4728,0.7277
181.951,4,NAVIGATE,4.1536,1.0381,-2.0525,1.2714,0.4716,1.8536,1.0714,0.4716,1.1706,0.0,12.0,11.7224,1.7788063287734985,1.7675809860229492,-16.14,0,1,180,1.714,0.0524,1.0,0.3902,0.0157,0.3,0.1561,0.4718,0.7337
182.002,4,NAVIGATE,4.203,1.057,-2.052,1.2592,0.4736,1.8606,1.0592,0.4736,1.1603,0.0,12.0,11.7224,1.7640783786773682,1.7535091638565063,-18.14,0,1,180,2.12,0.0538,1.0,0.3868,0.0161,0.3,0.1547,0.4708,0.7237
182.051,4,NAVIGATE,4.2606,1.0782,-2.0533,1.2444,0.475,1.8687,1.0444,0.475,1.1473,0.0,12.0,11.7234,1.7510154247283936,1.7365683317184448,-16.14,0,1,180,1.802,0.0549,1.0,0.3824,0.0165,0.3,0.153,0.4694,0.7137
182.101,4,NAVIGATE,4.3179,1.0997,-2.0541,1.23,0.4766,1.8765,1.03,0.4766,1.1349,0.0,12.0,11.7243,1.721002221107483,1.7036205530166626,-16.64,0,1,180,1.56,0.0562,1.0,0.3783,0.0169,0.3,0.1513,0.4682,0.692
182.151,4,NAVIGATE,4.3676,1.1177,-2.0566,1.2192,0.4782,1.8828,1.0192,0.4782,1.1258,0.0,12.0,11.726,1.705706238746643,1.687504768371582,-17.64,0,1,180,1.668,0.057,1.0,0.3753,0.0171,0.3,0.1501,0.4672,0.6808
182.201,4,NAVIGATE,4.4283,1.1395,-2.0604,1.2072,0.4803,1.8902,1.0072,0.4803,1.1159,0.0,12.0,11.7286,1.6913098096847534,1.6735972166061401,-17.39,0,1,180,1.733,0.0578,1.0,0.372,0.0173,0.3,0.1488,0.4661,0.6935
182.251,4,NAVIGATE,4.4782,1.1579,-2.0627,1.1971,0.4823,1.8961,0.9971,0.4823,1.1076,0.0,12.0,11.7306,1.659036636352539,1.6405900716781616,-20.64,0,1,180,1.506,0.0588,1.0,0.3692,0.0176,0.3,0.1477,0.4653,0.6667
182.301,4,NAVIGATE,4.5395,1.1814,-2.0662,1.1858,0.4849,1.9031,0.9858,0.4849,1.0986,0.0,12.0,11.7324,1.6453583240509033,1.6250267028808594,-17.89,0,1,180,1.471,0.0598,1.0,0.3662,0.0179,0.3,0.1465,0.4644,0.6544
182.351,4,NAVIGATE,4.5901,1.2012,-2.0684,1.1762,0.4871,1.9087,0.9762,0.4871,1.091,0.0,12.0,11.7338,1.630334734916687,1.6085234880447388,-18.89,0,1,180,1.777,0.0609,1.0,0.3637,0.0183,0.3,0.1455,0.4637,0.6711
182.401,4,NAVIGATE,4.6498,1.2251,-2.0702,1.1642,0.4897,1.9153,0.9642,0.4897,1.0815,0.0,12.0,11.7354,1.5990325212478638,1.5738260746002197,-21.39,0,1,180,1.656,0.0625,1.0,0.3605,0.0188,0.3,0.1442,0.4629,0.6478
182.452,4,NAVIGATE,4.7088,1.2502,-2.0716,1.1519,0.4929,1.9217,0.9519,0.4929,1.0719,0.0,12.0,11.7359,1.5844868421554565,1.5596247911453247,-21.14,0,1,180,2.013,0.0649,1.0,0.3573,0.0195,0.3,0.1429,0.4624,0.6332
182.501,4,NAVIGATE,4.7571,1.271,-2.0721,1.1413,0.4954,1.927,0.9413,0.4954,1.0637,0.0,12.0,11.7363,1.5696114301681519,1.54259192943573,-21.14,0,1,180,1.712,0.067,1.0,0.3546,0.0201,0.3,0.1418,0.4619,0.6399
182.551,4,NAVIGATE,4.8047,1.2919,-2.0721,1.1306,0.4978,1.9321,0.9306,0.4978,1.0553,0.0,12.0,11.7367,1.5353684425354004,1.5073277950286865,-20.89,0,1,180,1.744,0.0694,1.0,0.3518,0.0208,0.3,0.1407,0.4615,0.6116
182.601,4,NAVIGATE,4.8597,1.3191,-2.0677,1.117,0.5017,1.9381,0.917,0.5017,1.0453,0.0,12.0,11.7345,1.5189201831817627,1.4914524555206299,-20.14,0,1,180,1.711,0.0736,1.0,0.3484,0.0221,0.3,0.1394,0.4614,0.6181
182.651,4,NAVIGATE,4.905,1.3416,-2.064,1.1056,0.5049,1.943,0.9056,0.5049,1.0368,0.0,12.0,11.7329,1.5047197341918945,1.474979043006897,-20.64,0,1,180,1.694,0.0772,1.0,0.3456,0.0232,0.3,0.1382,0.4614,0.6029
182.701,4,NAVIGATE,4.9575,1.3678,-2.0598,1.0914,0.5082,1.9487,0.8914,0.5082,1.0261,0.0,12.0,11.7311,1.4709938764572144,1.4392658472061157,-21.14,0,1,180,1.47,0.0818,1.0,0.342,0.0245,0.3,0.1368,0.4614,0.6001
182.751,4,NAVIGATE,4.9993,1.3889,-2.0565,1.079,0.5107,1.9533,0.879,0.5107,1.0166,0.0,12.0,11.7298,1.455951452255249,1.423661470413208,-22.9,0,1,180,1.786,0.0859,1.0,0.3389,0.0258,0.3,0.1355,0.4613,0.5832
182.801,4,NAVIGATE,5.0407,1.41,-2.0534,1.0666,0.513,1.9579,0.8666,0.513,1.0071,0.0,12.0,11.7284,1.441750168800354,1.4069188833236694,-21.14,0,1,180,1.589,0.0901,1.0,0.3357,0.027,0.3,0.1343,0.4613,0.5879
182.851,4,NAVIGATE,5.0901,1.4354,-2.0498,1.0519,0.5158,1.9634,0.8519,0.5158,0.9959,0.0,12.0,11.7269,1.404258131980896,1.3714518547058105,-22.65,0,1,180,1.633,0.0953,1.0,0.332,0.0286,0.3,0.1328,0.4614,0.5762
182.901,4,NAVIGATE,5.1309,1.4565,-2.0473,1.0398,0.5182,1.968,0.8398,0.5182,0.9868,0.0,12.0,11.7257,1.3891112804412842,1.3544061183929443,-21.14,0,1,180,1.561,0.0998,1.0,0.3289,0.0299,0.3,0.1316,0.4615,0.5584
182.951,4,NAVIGATE,5.1794,1.482,-2.0443,1.0253,0.521,1.9734,0.8253,0.521,0.976,0.0,12.0,11.7241,1.374693512916565,1.3375307321548462,-22.65,0,1,180,1.678,0.1054,1.0,0.3253,0.0316,0.3,0.1301,0.4617,0.5641
183.001,4,NAVIGATE,5.2272,1.5082,-2.043,1.0111,0.5242,1.9787,0.8111,0.5242,0.9658,0.0,12.0,11.7219,1.340397596359253,1.29960298538208,-22.65,0,1,180,1.59,0.1113,1.0,0.3219,0.0334,0.3,0.1288,0.4622,0.5564
183.051,4,NAVIGATE,5.2744,1.5347,-2.0424,0.997,0.5275,1.9839,0.797,0.5275,0.9557,0.0,12.0,11.7193,1.3231141567230225,1.283767819404602,-24.65,0,1,180,1.613,0.1175,1.0,0.3186,0.0353,0.3,0.1274,0.4627,0.5572
183.102,4,NAVIGATE,5.3133,1.5567,-2.0416,0.9852,0.5301,1.9882,0.7852,0.5301,0.9474,0.0,12.0,11.7172,1.305251955986023,1.2672019004821777,-23.9,0,1,180,2.277,0.1229,1.0,0.3158,0.0369,0.3,0.1263,0.4632,0.5401
183.151,4,NAVIGATE,5.3607,1.5805,-2.0426,0.9715,0.5317,1.9932,0.7715,0.5317,0.9369,0.0,12.0,11.7177,1.271121621131897,1.2292896509170532,-23.15,0,1,180,1.625,0.1279,1.0,0.3123,0.0384,0.3,0.1249,0.4633,0.5458
183.201,4,NAVIGATE,5.3997,1.6,-2.0432,0.9599,0.5327,1.9974,0.7599,0.5327,0.928,0.0,12.0,11.7182,1.2543920278549194,1.212587594985962,-21.9,0,1,180,1.55,0.1321,1.0,0.3093,0.0396,0.3,0.1237,0.4634,0.5303
183.251,4,NAVIGATE,5.4459,1.6238,-2.0435,0.9459,0.5342,2.0023,0.7459,0.5342,0.9174,0.0,12.0,11.7185,1.2372647523880005,1.1947379112243652,-23.9,0,1,180,1.647,0.1377,1.0,0.3058,0.0413,0.3,0.1223,0.4636,0.5316
183.301,4,NAVIGATE,5.4867,1.6446,-2.0394,0.935,0.5359,2.0064,0.735,0.5359,0.9096,0.0,12.0,11.7192,1.2006324529647827,1.1573649644851685,-26.4,0,1,180,1.583,0.1423,1.0,0.3032,0.0427,0.3,0.1213,0.464,0.5219
183.351,4,NAVIGATE,5.5346,1.6696,-2.0347,0.9216,0.5381,2.0113,0.7216,0.5381,0.9002,0.0,12.0,11.7196,1.1848626136779785,1.1392229795455933,-24.15,0,1,180,1.694,0.1483,1.0,0.3001,0.0445,0.3,0.12,0.4645,0.5258
183.401,4,NAVIGATE,5.5741,1.6906,-2.0313,0.9103,0.54,2.0153,0.7103,0.54,0.8923,0.0,12.0,11.7198,1.1668567657470703,1.1217873096466064,-25.65,0,1,180,1.695,0.1537,1.0,0.2974,0.0461,0.3,0.119,0.4651,0.5224
183.451,4,NAVIGATE,5.6222,1.7153,-2.0286,0.8972,0.5422,2.0202,0.6972,0.6422,0.9479,0.0,12.0,11.7211,1.1286237239837646,1.0851070880889893,-28.4,0,1,180,1.696,0.2417,0.925,0.316,0.0725,0.2775,0.1264,0.4764,0.4623
183.501,4,NAVIGATE,5.6613,1.7362,-2.0265,0.8859,0.544,2.0243,0.6859,0.644,0.9409,0.0,12.0,11.7216,1.112256646156311,1.0664366483688354,-22.9,0,1,180,1.568,0.2472,0.8903,0.3136,0.0742,0.2671,0.1254,0.4667,0.4451
183.552,4,NAVIGATE,5.7076,1.7615,-2.0231,0.8724,0.5461,2.0291,0.6724,0.6461,0.9325,0.0,12.0,11.7219,1.0947155952453613,1.0484474897384644,-27.15,0,1,180,1.823,0.2541,0.8894,0.3108,0.0762,0.2668,0.1243,0.4674,0.4446
183.602,4,NAVIGATE,5.7461,1.7831,-2.019,0.8611,0.5504,2.0331,0.6611,0.6504,0.9274,0.0,12.0,11.7219,1.0544673204421997,1.0120742321014404,-22.4,0,1,180,2.032,0.2618,0.9087,0.3091,0.0785,0.2726,0.1237,0.4748,0.4537
183.651,4,NAVIGATE,5.7911,1.8093,-2.0145,0.8472,0.5578,2.038,0.6472,0.6578,0.9228,0.0,12.0,11.7212,1.035953164100647,0.9945054650306702,-22.4,0,1,180,1.597,0.2732,0.9084,0.3076,0.082,0.2725,0.123,0.4775,0.4529
183.701,4,NAVIGATE,5.8339,1.8371,-2.0101,0.8325,0.5673,2.0429,0.6325,0.6673,0.9195,0.0,12.0,11.7183,0.9999732971191406,0.9628615379333496,-19.89,0,1,180,1.66,0.2869,0.9134,0.3065,0.0861,0.274,0.1226,0.4827,0.451
183.751,4,NAVIGATE,5.868,1.8613,-2.0064,0.8198,0.5763,2.0469,0.6198,0.6763,0.9173,0.0,12.0,11.7143,0.9792927503585815,0.9476111531257629,-17.89,0,1,180,1.67,0.2996,0.8966,0.3058,0.0899,0.269,0.1223,0.4812,0.444
183.801,4,NAVIGATE,5.9081,1.8907,-2.0027,0.8046,0.5871,2.0517,0.6046,0.6871,0.9152,0.0,12.0,11.7091,0.9584871530532837,0.9326387047767639,-16.64,0,1,180,1.454,0.3148,0.8818,0.3051,0.0945,0.2646,0.122,0.481,0.4378
183.851,4,NAVIGATE,5.9385,1.9169,-1.9968,0.7906,0.5968,2.0557,0.5906,0.6968,0.9134,0.0,12.0,11.7019,0.9219036102294922,0.9053164720535278,-13.39,0,1,180,1.657,0.3292,0.9106,0.3045,0.0988,0.2732,0.1218,0.4937,0.4561
183.901,4,NAVIGATE,5.9737,1.9488,-1.9898,0.7736,0.6083,2.0605,0.5736,0.7083,0.9114,0.0,12.0,11.6924,0.8985814452171326,0.8931807279586792,-11.14,0,1,180,1.558,0.3465,0.8956,0.3038,0.1039,0.2687,0.1215,0.4942,0.4495
183.951,4,NAVIGATE,6.0027,1.9755,-1.9849,0.7595,0.6175,2.0645,0.5595,0.7175,0.9099,0.0,12.0,11.6843,0.8822731375694275,0.8822731375694275,-9.63,0,1,180,1.66,0.3606,0.8825,0.3033,0.1082,0.2648,0.1213,0.4942,0.444
184.001,4,NAVIGATE,6.0378,2.0089,-1.9837,0.7431,0.6288,2.0693,0.5431,0.7288,0.9089,0.0,12.0,11.6738,0.8624003529548645,0.8624003529548645,-5.88,0,1,180,1.594,0.3772,0.8852,0.303,0.1132,0.2656,0.1212,0.4999,0.4446
184.051,4,NAVIGATE,6.0667,2.037,-1.9835,0.7295,0.638,2.0732,0.5295,0.738,0.9084,0.0,12.0,11.6647,0.8491248488426208,0.8491248488426208,-4.13,0,1,180,1.674,0.3908,0.9006,0.3028,0.1172,0.2702,0.1211,0.5085,0.4509
184.101,4,NAVIGATE,6.0997,2.0707,-1.9839,0.713,0.6487,2.0779,0.513,0.7487,0.9076,0.0,12.0,11.6532,0.8425987362861633,0.8425987362861633,-2.13,0,1,180,1.684,0.407,0.9064,0.3025,0.1221,0.2719,0.121,0.515,0.4474
184.151,4,NAVIGATE,6.1231,2.0985,-1.9854,0.6977,0.6572,2.0818,0.4977,0.7572,0.9061,0.0,12.0,11.6418,0.8274579644203186,0.8274579644203186,1.63,0,1,180,1.623,0.4219,0.9046,0.302,0.1266,0.2714,0.1208,0.5187,0.4437
184.201,4,NAVIGATE,6.1464,2.1264,-1.9868,0.6826,0.6655,2.0856,0.4826,0.7655,0.905,0.0,12.0,11.6304,0.8197416663169861,0.8197416663169861,3.63,0,1,180,1.534,0.4363,0.9196,0.3017,0.1309,0.2759,0.1207,0.5274,0.4556
184.251,4,NAVIGATE,6.1739,2.1602,-1.9887,0.6649,0.6754,2.09,0.4649,0.7754,0.9041,0.0,12.0,11.6163,0.8129477500915527,0.8129477500915527,5.63,0,1,180,1.609,0.4532,0.9054,0.3014,0.136,0.2716,0.1205,0.5281,0.4499
184.301,4,NAVIGATE,6.1956,2.1889,-1.9912,0.6497,0.684,2.0937,0.4497,0.784,0.9038,0.0,12.0,11.6036,0.8085788488388062,0.8085788488388062,7.63,0,1,180,1.716,0.4678,0.9042,0.3013,0.1403,0.2713,0.1205,0.5321,0.4507
184.351,4,NAVIGATE,6.2215,2.2236,-1.9937,0.6319,0.6942,2.098,0.4319,0.7942,0.9041,0.0,12.0,11.5881,0.8349103331565857,0.8025968074798584,11.89,0,1,180,1.574,0.4846,0.9147,0.3014,0.1454,0.2744,0.1205,0.5403,0.462
184.401,4,NAVIGATE,6.2427,2.2528,-1.9952,0.6174,0.7026,2.1015,0.4174,0.8026,0.9046,0.0,12.0,11.575,0.8622768521308899,0.8012751936912537,13.89,0,1,180,1.573,0.4983,0.9285,0.3015,0.1495,0.2785,0.1206,0.5486,0.4682
184.451,4,NAVIGATE,6.2632,2.2824,-1.9951,0.6029,0.7107,2.105,0.4029,0.8107,0.9053,0.0,12.0,11.5611,0.8898522257804871,0.8001847267150879,15.89,0,1,180,1.668,0.5116,0.9383,0.3088,0.1535,0.2815,0.1235,0.5585,0.4723
184.501,4,NAVIGATE,6.2876,2.3182,-1.9949,0.5856,0.7204,2.1092,0.3856,0.8204,0.9065,0.0,12.0,11.5443,7.469369888305664,0.79981529712677,20.14,0,1,180,1.534,0.5273,0.9603,0.3187,0.1582,0.2881,0.1275,0.5738,0.479
184.551,4,NAVIGATE,6.3071,2.3482,-1.9959,0.5712,0.7284,2.1126,0.3712,0.8284,0.9078,0.0,12.0,11.5298,7.458234786987305,0.7998071312904358,22.15,0,1,180,1.818,0.5402,0.9777,0.3269,0.1621,0.2933,0.1308,0.5861,0.4851
184.601,4,NAVIGATE,6.3292,2.3844,-1.999,0.5538,0.7378,2.1167,0.3538,0.8378,0.9094,0.0,12.0,11.5117,7.448611736297607,0.8005464673042297,24.15,0,1,180,1.816,0.5556,0.9807,0.3369,0.1667,0.2942,0.1347,0.5956,0.486
184.651,4,NAVIGATE,6.3512,2.4208,-2.0016,0.5365,0.7473,2.1209,0.3365,0.8473,0.9116,0.0,12.0,11.4934,7.435153484344482,0.8094697594642639,28.15,0,1,180,1.646,0.5706,1.0,0.3468,0.1712,0.3,0.1387,0.6099,0.5033
184.702,4,NAVIGATE,6.3704,2.4515,-2.0033,0.5227,0.7552,2.1242,0.3227,0.8552,0.914,0.0,12.0,11.4784,7.419075012207031,0.8119800090789795,30.15,0,1,180,2.401,0.5824,1.0,0.3549,0.1747,0.3,0.1419,0.6167,0.5097
184.751,4,NAVIGATE,6.3937,2.4887,-2.005,0.5066,0.7647,2.1281,0.3066,0.9647,1.0122,0.0,12.0,11.4605,7.42207145690918,0.8179482817649841,31.65,0,1,180,1.894,0.622,1.0,0.4197,0.1866,0.3,0.1679,0.6545,0.5134
184.801,4,NAVIGATE,6.4127,2.52,-2.0061,0.4931,0.7724,2.1313,0.2931,0.9724,1.0156,0.0,12.0,11.4453,7.392446517944336,0.8274810910224915,36.16,0,1,180,1.658,0.6313,1.0,0.4275,0.1894,0.3,0.171,0.6604,0.5376
184.851,4,NAVIGATE,6.4355,2.5562,-2.004,0.477,0.7813,2.1351,0.277,0.9813,1.0196,0.0,12.0,11.428,7.395970344543457,0.8358449339866638,37.91,0,1,180,1.571,0.6423,1.0,0.4366,0.1927,0.3,0.1746,0.6673,0.5474
184.901,4,NAVIGATE,6.4541,2.5863,-2.0012,0.4634,0.7906,2.1383,0.2634,0.9906,1.025,0.0,12.0,11.4137,7.379432201385498,0.8408929109573364,39.91,0,1,180,1.728,0.6518,1.0,0.4454,0.1955,0.3,0.1782,0.6737,0.5597
184.951,4,NAVIGATE,6.4758,2.6231,-1.9982,0.4468,0.8043,2.1422,0.2468,1.0043,1.0342,0.0,12.0,11.3956,7.367063045501709,0.8596101403236389,43.67,0,1,180,1.712,0.6634,1.0,0.4574,0.199,0.3,0.183,0.682,0.5865
185.001,4,NAVIGATE,6.4944,2.6558,-1.9938,0.4339,0.818,2.1453,0.2339,1.018,1.0445,0.0,12.0,11.3795,7.350742816925049,0.8685238361358643,45.42,0,1,180,1.589,0.6725,1.0,0.4683,0.2018,0.3,0.1873,0.6891,0.5977
185.052,4,NAVIGATE,6.516,2.6956,-1.9892,0.4182,0.8354,2.1489,0.2182,1.0354,1.0582,0.0,12.0,11.3592,7.337316036224365,0.878960132598877,47.17,0,1,180,1.649,0.6832,1.0,0.482,0.205,0.3,0.1928,0.6978,0.6101
185.101,4,NAVIGATE,6.5334,2.7294,-1.986,0.4049,0.8504,2.1519,0.2049,1.0504,1.0702,0.0,12.0,11.3414,7.3126935958862305,0.901341438293457,50.17,0,1,180,1.61,0.692,1.0,0.4937,0.2076,0.3,0.1975,0.7051,0.6362
185.151,4,NAVIGATE,6.5561,2.7708,-1.9839,0.3897,0.8685,2.1554,0.1897,1.0685,1.0852,0.0,12.0,11.3208,7.3077874183654785,0.9106549620628357,52.67,0,1,180,1.66,0.7014,1.0,0.5075,0.2104,0.3,0.203,0.7134,0.6465
185.202,4,NAVIGATE,6.5741,2.8059,-1.9825,0.3767,0.8834,2.1583,0.1767,1.0834,1.0977,0.0,12.0,11.3027,7.2930450439453125,0.9227177500724792,53.67,0,1,180,2.318,0.7092,1.0,0.519,0.2128,0.3,0.2076,0.7204,0.6591
185.251,4,NAVIGATE,6.5927,2.85,-1.982,0.3602,0.9016,2.1616,0.1602,1.1016,1.1132,0.0,12.0,11.2777,7.277808666229248,0.9482757449150085,55.43,0,1,180,1.646,0.7188,1.0,0.5334,0.2156,0.3,0.2134,0.729,0.6836
185.301,4,NAVIGATE,6.6046,2.8892,-1.9829,0.3452,0.9177,2.1643,0.1452,1.1177,1.1271,0.0,12.0,11.2529,7.267775058746338,0.961885392665863,55.18,0,1,180,1.547,0.7273,1.0,0.5465,0.2182,0.3,0.2186,0.7368,0.6945
185.351,4,NAVIGATE,6.6185,2.9367,-1.9839,0.3273,0.9365,2.1676,0.1273,1.1365,1.1436,0.0,12.0,11.2226,7.244699954986572,0.9733538627624512,55.18,0,1,180,1.657,0.7369,1.0,0.5618,0.2211,0.3,0.2247,0.7458,0.7073
185.401,4,NAVIGATE,6.6288,2.9782,-1.9848,0.312,0.9527,2.1704,0.112,1.1527,1.1581,0.0,12.0,11.1953,7.208115577697754,0.9971125721931458,55.43,0,1,180,1.686,0.7448,1.0,0.5751,0.2234,0.3,0.23,0.7535,0.7388
185.451,4,NAVIGATE,6.6395,3.0308,-1.9857,0.2934,0.9733,2.1738,0.0934,1.1733,1.177,0.0,12.0,11.1592,7.1858296394348145,1.0074869394302368,56.18,0,1,180,1.637,0.754,1.0,0.5916,0.2262,0.3,0.2367,0.7629,0.7554
185.501,4,NAVIGATE,6.6481,3.0748,-1.9864,0.2781,0.99,2.1767,0.0781,1.19,1.1925,0.0,12.0,11.1291,7.1718668937683105,1.0168840885162354,56.93,0,1,180,1.757,0.7612,1.0,0.6051,0.2283,0.3,0.2421,0.7704,0.7661
185.551,4,NAVIGATE,6.6572,3.1271,-1.9878,0.2598,1.0091,2.1803,0.0598,1.2091,1.2106,0.0,12.0,11.0926,7.135455131530762,1.0427597761154175,59.68,0,1,180,1.827,0.7693,1.0,0.6209,0.2308,0.3,0.2483,0.7791,0.8021
185.601,4,NAVIGATE,6.6639,3.1706,-1.9892,0.2445,1.0246,2.1832,0.0445,1.2246,1.2254,0.0,12.0,11.0619,7.123755931854248,1.0536510944366455,60.93,0,1,180,1.656,0.7758,1.0,0.6337,0.2327,0.3,0.2535,0.7862,0.8206
185.651,4,NAVIGATE,6.6717,3.2231,-1.9908,0.2264,1.0427,2.1868,0.0264,1.2427,1.243,0.0,12.0,11.0248,7.095956802368164,1.0674761533737183,62.68,0,1,180,1.689,0.7831,1.0,0.6489,0.2349,0.3,0.2596,0.7945,0.8377
185.701,4,NAVIGATE,6.6803,3.276,-1.9918,0.2088,1.0606,2.1904,0.0088,1.2606,1.2606,0.0,12.0,10.9879,7.055912494659424,1.0967073440551758,65.69,0,1,180,1.612,0.7897,1.0,0.6637,0.2369,0.3,0.2655,0.8024,0.8749
185.751,4,NAVIGATE,6.6872,3.3204,-1.9924,0.1942,1.0753,2.1934,-0.0058,1.2753,1.2753,0.0,12.0,10.9569,7.05006742477417,1.110512614250183,67.19,0,1,180,1.699,0.7949,1.0,0.6759,0.2385,0.3,0.2703,0.8088,0.8953
185.801,4,NAVIGATE,6.6937,3.3652,-1.993,0.1796,1.09,2.1964,-0.0204,1.29,1.2902,0.0,12.0,10.9254,7.023057460784912,1.1272709369659424,68.94,0,1,180,1.571,0.7999,1.0,0.688,0.24,0.3,0.2752,0.8152,0.9153
185.851,4,NAVIGATE,6.7013,3.4193,-1.9926,0.1621,1.1081,2.2,-0.0379,1.3081,1.3086,0.0,12.0,10.8874,6.981286525726318,1.1593924760818481,71.69,0,1,180,1.636,0.8056,1.0,0.7029,0.2417,0.3,0.2811,0.8228,0.9589
185.901,4,NAVIGATE,6.707,3.4649,-1.9922,0.1473,1.1233,2.2029,-0.0527,1.3233,1.3243,0.0,12.0,10.8551,6.963207721710205,1.176485300064087,73.44,0,1,180,1.549,0.8102,1.0,0.7154,0.2431,0.3,0.2861,0.8292,0.9808
185.951,4,NAVIGATE,6.7133,3.5202,-1.9918,0.1295,1.1415,2.2065,-0.0705,1.3415,1.3433,0.0,12.0,10.8155,6.954822540283203,1.1966180801391602,74.44,0,1,180,1.75,0.8155,1.0,0.7304,0.2447,0.3,0.2921,0.8368,1.0081
186.001,4,NAVIGATE,6.7224,3.5675,-1.9959,0.1163,1.1573,2.2094,-0.0837,1.3573,1.3598,0.0,12.0,10.7841,6.896102428436279,1.2350798845291138,77.45,0,1,180,1.591,0.8188,1.0,0.7423,0.2456,0.3,0.2969,0.8426,1.0616
186.052,4,NAVIGATE,6.7304,3.6153,-1.9994,0.1029,1.1729,2.2123,-0.0971,1.3729,1.3763,0.0,12.0,10.7518,6.8730788230896,1.253415822982788,78.7,0,1,180,1.645,0.822,1.0,0.7543,0.2466,0.3,0.3017,0.8483,1.0891
186.101,4,NAVIGATE,6.7388,3.6733,-2.0035,0.0866,1.1915,2.2158,-0.1134,1.3915,1.3961,0.0,12.0,10.7119,6.850825309753418,1.2737133502960205,79.95,0,1,180,1.84,0.8259,1.0,0.7687,0.2478,0.3,0.3075,0.8552,1.1193
186.151,4,NAVIGATE,6.746,3.7323,-2.0084,0.0699,1.21,2.2194,-0.1301,1.41,1.416,0.0,12.0,10.6707,6.799615859985352,1.3182439804077148,82.45,0,1,180,1.595,0.8296,1.0,0.7832,0.2489,0.3,0.3133,0.8621,1.158
186.201,4,NAVIGATE,6.7511,3.7819,-2.0118,0.0557,1.2252,2.2226,-0.1443,1.4252,1.4325,0.0,12.0,10.6355,6.7786478996276855,1.342404842376709,83.95,0,1,180,1.476,0.8327,1.0,0.7952,0.2498,0.3,0.3181,0.8679,1.1884
186.251,4,NAVIGATE,6.7554,3.8417,-2.0141,0.0382,1.2434,2.2263,-0.1618,1.4434,1.4524,0.0,12.0,10.5922,6.749904632568359,1.3636029958724976,84.95,0,1,180,1.714,0.8365,1.0,0.81,0.2509,0.3,0.324,0.8749,1.2202
186.301,4,NAVIGATE,6.7573,3.8915,-2.0139,0.0228,1.2586,2.2295,-0.1772,1.4586,1.4693,0.0,12.0,10.5551,6.695446491241455,1.4134546518325806,87.46,0,1,180,1.551,0.8398,1.0,0.8226,0.2519,0.3,0.329,0.881,1.2867
186.351,4,NAVIGATE,6.7587,3.9521,-2.0135,0.0043,1.2768,2.2333,-0.1957,1.4768,1.4897,0.0,12.0,10.5095,6.6815080642700195,1.4373759031295776,88.46,0,1,180,1.607,0.8436,1.0,0.8378,0.2531,0.3,0.3351,0.8882,1.3026
186.401,4,NAVIGATE,6.7586,4.0031,-2.0118,-0.0115,1.2919,2.2365,-0.2115,1.3919,1.4079,0.0,12.0,10.4704,6.665829658508301,1.4653434753417969,89.71,0,1,180,1.67,0.8521,1.0,0.7998,0.2556,0.3,0.3199,0.8755,1.3237
186.451,4,NAVIGATE,6.7573,4.0649,-2.009,-0.0307,1.3102,2.2406,-0.2307,1.4102,1.4289,0.0,12.0,10.4224,6.636290073394775,1.5183401107788086,91.96,0,1,180,1.709,0.856,1.0,0.8155,0.2568,0.3,0.3262,0.883,1.3953
186.501,4,NAVIGATE,6.7554,4.1171,-2.0068,-0.0466,1.3255,2.2439,-0.2466,1.4255,1.4467,0.0,12.0,10.3815,6.622376918792725,1.5476754903793335,92.96,0,1,180,1.534,0.8591,1.0,0.8286,0.2577,0.3,0.3314,0.8892,1.4175
186.551,4,NAVIGATE,6.7492,4.1825,-2.0069,-0.0666,1.3427,2.2477,-0.2666,1.4427,1.4671,0.0,12.0,10.3279,6.605281829833984,1.5725795030593872,93.96,0,1,180,1.804,0.8631,1.0,0.8441,0.2589,0.3,0.3377,0.8966,1.4593
186.601,4,NAVIGATE,6.7424,4.2381,-2.0079,-0.0837,1.3556,2.2508,-0.2837,1.4556,1.483,0.0,12.0,10.2814,6.568490505218506,1.6350196599960327,96.21,0,1,180,1.644,0.8664,1.0,0.8566,0.2599,0.3,0.3426,0.9026,1.5064
186.651,4,NAVIGATE,6.734,4.3052,-2.0089,-0.1039,1.3692,2.2546,-0.3039,1.3692,1.4025,0.0,12.0,10.2253,6.552540302276611,1.6630768775939941,96.96,0,1,180,1.68,0.8773,1.0,0.8203,0.2632,0.3,0.3281,0.8913,1.513
186.701,4,NAVIGATE,6.7268,4.3731,-2.0116,-0.1228,1.3816,2.2585,-0.3228,1.3816,1.4188,0.0,12.0,10.1695,6.514740467071533,1.7255622148513794,98.72,0,1,180,1.662,0.8808,1.0,0.8331,0.2642,0.3,0.3332,0.8975,1.5213
186.751,4,NAVIGATE,6.7206,4.43,-2.0137,-0.1383,1.3914,2.2616,-0.3383,1.3914,1.4319,0.0,12.0,10.1229,6.493954658508301,1.758792757987976,99.72,0,1,180,1.633,0.8835,1.0,0.8434,0.2651,0.3,0.3374,0.9024,1.528
186.8,4,NAVIGATE,6.7136,4.4987,-2.0159,-0.1562,1.4007,2.2653,-0.3562,1.4007,1.4453,0.0,12.0,10.0669,6.4753546714782715,1.7623294591903687,-129.24,0,1,180,1.039,0.8865,1.0,0.8542,0.266,0.3,0.3417,0.9076,1.5345
186.85,4,NAVIGATE,6.711,4.5574,-2.0179,-0.1696,1.4071,2.2685,-0.3696,1.4071,1.4549,0.0,12.0,10.0215,6.437019348144531,1.7690355777740479,-130.25,0,1,180,1.083,0.8884,1.0,0.8617,0.2665,0.3,0.3447,0.9112,1.5453
186.9,4,NAVIGATE,6.7067,4.6276,-2.0198,-0.1861,1.4132,2.2724,-0.3861,1.4132,1.465,0.0,12.0,9.9665,6.415315628051758,1.7758290767669678,-129.49,0,1,180,0.995,0.8909,1.0,0.8702,0.2673,0.3,0.3481,0.9153,1.5544
186.951,4,NAVIGATE,6.7019,4.686,-2.0204,-0.2005,1.4176,2.2757,-0.4005,1.4176,1.4731,0.0,12.0,9.9202,6.391722202301025,1.7793816328048706,-130.5,0,1,180,1.123,0.8932,1.0,0.8772,0.268,0.3,0.3509,0.9188,1.5631
187.001,4,NAVIGATE,6.6948,4.7558,-2.0189,-0.2184,1.4224,2.2796,-0.4184,1.4224,1.4827,0.0,12.0,9.864,6.348477363586426,1.7910912036895752,-132.25,0,1,180,1.216,0.8961,1.0,0.8857,0.2688,0.3,0.3543,0.9231,1.5774
187.05,4,NAVIGATE,6.6879,4.814,-2.0175,-0.2337,1.4264,2.283,-0.4337,1.4264,1.4909,0.0,12.0,9.8167,6.3268280029296875,1.7999694347381592,-131.5,0,1,180,1.052,0.8986,1.0,0.8931,0.2696,0.3,0.3572,0.9268,1.5885
187.1,4,NAVIGATE,6.6805,4.8832,-2.0152,-0.2515,1.4311,2.287,-0.4515,1.3311,1.4056,0.0,12.0,9.761,6.302241802215576,1.805091381072998,-131.5,0,1,180,1.007,0.9103,1.0,0.853,0.2731,0.3,0.3412,0.9143,1.5984
187.151,4,NAVIGATE,6.6763,4.94,-2.0123,-0.2654,1.4351,2.2904,-0.4654,1.3351,1.4139,0.0,12.0,9.7168,6.256565570831299,1.820414662361145,-130.5,0,1,180,1.107,0.9122,1.0,0.8599,0.2737,0.3,0.3439,0.9176,1.6155
187.201,4,NAVIGATE,6.6695,5.0085,-2.0091,-0.2823,1.4401,2.2944,-0.4823,1.3401,1.4242,0.0,12.0,9.6625,6.229403018951416,1.828965663909912,-131.0,0,1,180,1.111,0.9146,1.0,0.8684,0.2744,0.3,0.3474,0.9217,1.6283
187.251,4,NAVIGATE,6.6635,5.0761,-2.0089,-0.2989,1.4422,2.2984,-0.4989,1.3422,1.4319,0.0,12.0,9.6095,6.205243110656738,1.8377223014831543,-131.5,0,1,180,1.166,0.917,1.0,0.8753,0.2751,0.3,0.3501,0.9252,1.6401
187.3,4,NAVIGATE,6.658,5.1322,-2.0097,-0.3128,1.4419,2.3019,-0.5128,1.3419,1.4365,0.0,12.0,9.5653,6.153959274291992,1.8571709394454956,-132.0,0,1,180,1.05,0.9192,1.0,0.8803,0.2757,0.3,0.3521,0.9279,1.6602
187.35,4,NAVIGATE,6.6511,5.1884,-2.0103,-0.3272,1.4404,2.3055,-0.5272,1.3404,1.4404,0.0,12.0,9.5202,6.1258416175842285,1.8681360483169556,-132.25,0,1,180,1.046,0.9215,1.0,0.8849,0.2765,0.3,0.354,0.9304,1.6748
187.401,4,NAVIGATE,6.6439,5.256,-2.0111,-0.3442,1.4378,2.3098,-0.5442,1.3378,1.4442,0.0,12.0,9.467,6.098690032958984,1.878360629081726,-132.5,0,1,180,1.075,0.9243,1.0,0.8899,0.2773,0.3,0.356,0.9333,1.6888
187.45,4,NAVIGATE,6.6375,5.3124,-2.0117,-0.3585,1.4353,2.3134,-0.5585,1.3353,1.4474,0.0,12.0,9.4224,6.044610023498535,1.8989365100860596,-133.5,0,1,180,1.095,0.9266,1.0,0.8941,0.278,0.3,0.3576,0.9356,1.7145
187.5,4,NAVIGATE,6.6277,5.38,-2.0121,-0.3761,1.4323,2.3178,-0.5761,1.3323,1.4515,0.0,12.0,9.3676,6.012300491333008,1.913003921508789,-133.5,0,1,180,0.96,0.9295,1.0,0.8994,0.2788,0.3,0.3598,0.9386,1.7295
187.551,4,NAVIGATE,6.6185,5.4365,-2.0132,-0.3911,1.4298,2.3214,-0.5911,1.3298,1.4553,0.0,12.0,9.3212,5.987189292907715,1.9248508214950562,-133.5,0,1,180,1.298,0.9319,1.0,0.9041,0.2796,0.3,0.3616,0.9412,1.7439
187.601,4,NAVIGATE,6.6056,5.5042,-2.014,-0.4094,1.4271,2.3258,-0.6094,1.3271,1.4603,0.0,12.0,9.2644,5.9257097244262695,1.9493496417999268,-133.5,0,1,180,1.18,0.9347,1.0,0.91,0.2804,0.3,0.364,0.9444,1.775
187.651,4,NAVIGATE,6.5935,5.5606,-2.0144,-0.4247,1.4249,2.3295,-0.6247,1.3249,1.4648,0.0,12.0,9.2163,5.892925262451172,1.9647939205169678,-133.75,0,1,180,1.197,0.9371,1.0,0.9151,0.2811,0.3,0.366,0.9472,1.7916
187.701,4,NAVIGATE,6.5823,5.6293,-2.0114,-0.4418,1.423,2.334,-0.6418,1.323,1.4704,0.0,12.0,9.1604,5.863928318023682,1.9792048931121826,-133.5,0,1,180,1.077,0.9394,1.0,0.9208,0.2818,0.3,0.3683,0.9501,1.8095
187.751,4,NAVIGATE,6.5711,5.6863,-2.0092,-0.4564,1.4213,2.3378,-0.6564,1.3213,1.4754,0.0,12.0,9.1127,5.803060054779053,2.007195472717285,-134.5,0,1,180,1.145,0.9413,1.0,0.9258,0.2824,0.3,0.3703,0.9527,1.841
187.801,4,NAVIGATE,6.556,5.7544,-2.006,-0.4742,1.4191,2.3424,-0.6742,1.3191,1.4815,0.0,12.0,9.0547,5.765555381774902,2.0244927406311035,-134.0,0,1,180,1.503,0.9437,1.0,0.932,0.2831,0.3,0.3728,0.9559,1.861
187.85,4,NAVIGATE,6.5423,5.8099,-2.0013,-0.4897,1.4167,2.3462,-0.6897,1.3167,1.4864,0.0,12.0,9.0066,5.7357563972473145,2.0405983924865723,-134.0,0,1,180,1.088,0.9459,1.0,0.9373,0.2838,0.3,0.3749,0.9587,1.8781
187.901,4,NAVIGATE,6.5241,5.8766,-1.9962,-0.5086,1.4137,2.3508,-0.7086,1.3137,1.4926,0.0,12.0,8.9476,5.671778678894043,2.0721023082733154,-134.0,0,1,180,1.115,0.9485,1.0,0.9438,0.2845,0.3,0.3775,0.9621,1.9148
187.95,4,NAVIGATE,6.5064,5.9321,-1.9926,-0.5251,1.4114,2.3546,-0.7251,1.3114,1.4985,0.0,12.0,8.8967,5.633573055267334,2.092214584350586,-133.75,0,1,180,1.069,0.9507,1.0,0.9498,0.2852,0.3,0.3799,0.9652,1.9384
188.0,4,NAVIGATE,6.4818,5.9988,-1.9888,-0.5461,1.409,2.3591,-0.7461,1.209,1.4207,0.0,12.0,8.8333,5.601571083068848,2.1089682579040527,-134.5,0,1,180,0.999,0.9635,1.0,0.9125,0.2891,0.3,0.365,0.9541,1.96
188.051,4,NAVIGATE,6.4604,6.0545,-1.9862,-0.5636,1.407,2.3628,-0.7636,1.207,1.4283,0.0,12.0,8.7799,5.535710334777832,2.145428419113159,-134.75,0,1,180,1.1,0.9657,1.0,0.9195,0.2897,0.3,0.3678,0.9575,1.958
188.1,4,NAVIGATE,6.4389,6.1101,-1.9829,-0.5808,1.4054,2.3665,-0.7808,1.2054,1.4361,0.0,12.0,8.7265,5.497883319854736,2.1659364700317383,-134.5,0,1,180,1.058,0.9676,1.0,0.9264,0.2903,0.3,0.3706,0.9609,1.8905
188.151,4,NAVIGATE,6.4134,6.1768,-1.9778,-0.6006,1.401,2.3709,-0.8006,1.201,1.4434,0.0,12.0,8.6626,5.46355676651001,2.186051368713379,-134.25,0,1,180,1.106,0.97,1.0,0.9334,0.291,0.3,0.3734,0.9644,1.8197
188.201,4,NAVIGATE,6.391,6.2322,-1.9744,-0.6172,1.3953,2.3745,-0.8172,1.1953,1.448,0.0,12.0,8.6088,5.393551349639893,2.225891351699829,-135.0,0,1,180,1.632,0.9721,1.0,0.9383,0.2916,0.3,0.3753,0.967,1.7296
188.251,4,NAVIGATE,6.3624,6.2992,-1.9721,-0.6375,1.3868,2.3789,-0.8375,1.1868,1.4525,0.0,12.0,8.5428,5.355055332183838,2.247992992401123,-135.0,0,1,180,1.708,0.9747,1.0,0.9438,0.2924,0.3,0.3775,0.9699,1.6523
188.301,4,NAVIGATE,6.3322,6.3663,-1.9713,-0.6583,1.3771,2.3833,-0.8583,1.1771,1.4568,0.0,12.0,8.4755,5.318569183349609,2.2699410915374756,-135.0,0,1,180,1.511,0.9773,1.0,0.9491,0.2932,0.3,0.3797,0.9728,1.577
188.351,4,NAVIGATE,6.3061,6.4218,-1.971,-0.6757,1.3686,2.387,-0.8757,1.1686,1.4603,0.0,12.0,8.4192,5.247252464294434,2.3133442401885986,-135.0,0,1,180,1.599,0.9794,1.0,0.9535,0.2938,0.3,0.3814,0.9752,1.4827
188.401,4,NAVIGATE,6.273,6.4867,-1.972,-0.6972,1.3579,2.3912,-0.8972,1.1579,1.4648,0.0,12.0,8.3515,5.205227375030518,2.3380396366119385,-135.0,0,1,180,1.723,0.9819,1.0,0.9589,0.2946,0.3,0.3835,0.9781,1.4019
188.451,4,NAVIGATE,6.2446,6.5403,-1.9731,-0.715,1.3491,2.3945,-0.915,1.1491,1.4689,0.0,12.0,8.2948,5.1714768409729,2.3628456592559814,-134.75,0,1,180,1.648,0.9839,1.0,0.9634,0.2952,0.3,0.3854,0.9805,1.3308
188.501,4,NAVIGATE,6.2094,6.6042,-1.9744,-0.7361,1.3385,2.3985,-0.9361,1.1385,1.474,0.0,12.0,8.2263,5.098018646240234,2.4105334281921387,-134.75,0,1,180,1.605,0.986,1.0,0.9689,0.2958,0.3,0.3876,0.9834,1.2267
188.551,4,NAVIGATE,6.177,6.6569,-1.9704,-0.7545,1.3299,2.4018,-0.9545,1.1299,1.4791,0.0,12.0,8.1673,5.0543389320373535,2.436479330062866,-135.0,0,1,180,1.74,0.9878,1.0,0.974,0.2963,0.3,0.3896,0.986,1.152
188.601,4,NAVIGATE,6.1375,6.7198,-1.9664,-0.7763,1.3196,2.4057,-0.9763,1.1196,1.4854,0.0,12.0,8.0963,5.018362045288086,2.460984230041504,-135.0,0,1,180,1.669,0.9898,1.0,0.9802,0.2969,0.3,0.3921,0.989,1.1289
188.651,4,NAVIGATE,6.1039,6.7724,-1.9636,-0.7945,1.3109,2.4088,-0.8945,1.1109,1.4263,0.0,12.0,8.0365,4.942621231079102,2.512190818786621,-135.0,0,1,180,1.683,0.983,1.0,0.9347,0.2949,0.3,0.3739,0.9688,1.316
188.701,4,NAVIGATE,6.0618,6.8369,-1.9609,-0.8167,1.3007,2.4127,-0.9167,1.1007,1.4325,0.0,12.0,7.9626,4.9004693031311035,2.5437989234924316,-135.0,0,1,180,1.463,0.9854,1.0,0.9411,0.2956,0.3,0.3764,0.9721,1.2339
188.751,4,NAVIGATE,6.0191,6.9007,-1.9589,-0.8385,1.2903,2.4166,-0.9385,1.0903,1.4386,0.0,12.0,7.8887,4.862651348114014,2.568751335144043,-135.0,0,1,180,1.816,0.9877,1.0,0.9472,0.2963,0.3,0.3789,0.9752,1.1564
188.801,4,NAVIGATE,5.9826,6.953,-1.9577,-0.8548,1.281,2.4198,-0.9548,1.081,1.4423,0.0,12.0,7.8271,4.784260272979736,2.623684883117676,-134.75,0,1,180,1.576,0.9893,1.0,0.9512,0.2968,0.3,0.3805,0.9773,1.0736
188.851,4,NAVIGATE,5.9377,7.0148,-1.9569,-0.8723,1.2694,2.4235,-0.8723,1.1694,1.4589,0.0,12.0,7.753,4.740078449249268,2.6541099548339844,-134.0,0,1,180,1.729,0.9733,1.0,0.9467,0.292,0.3,0.3787,0.9707,1.4174
188.901,4,NAVIGATE,5.9,7.0658,-1.9567,-0.8854,1.2597,2.4263,-0.8854,1.1597,1.4591,0.0,12.0,7.6913,4.69802188873291,2.682370185852051,-135.0,0,1,180,1.549,0.9754,1.0,0.9488,0.2926,0.3,0.3795,0.9721,1.3653
188.951,4,NAVIGATE,5.8621,7.116,-1.956,-0.898,1.2498,2.4292,-0.898,1.1498,1.4589,0.0,12.0,7.6301,4.621733665466309,2.7391860485076904,-135.0,0,1,180,1.631,0.9774,1.0,0.9506,0.2932,0.3,0.3802,0.9734,1.3004
189.001,4,NAVIGATE,5.8165,7.1754,-1.9543,-0.9106,1.2398,2.4326,-0.9106,1.1398,1.4589,0.0,12.0,7.557,4.575779914855957,2.7702596187591553,-135.0,0,1,180,1.609,0.9792,1.0,0.9524,0.2938,0.3,0.381,0.9747,1.2525
189.051,4,NAVIGATE,5.7706,7.2345,-1.9534,-0.9205,1.2324,2.4357,-0.9205,1.1324,1.4593,0.0,12.0,7.484,4.537130832672119,2.7994821071624756,-135.0,0,1,180,1.602,0.9805,1.0,0.9539,0.2941,0.3,0.3816,0.9757,1.216
189.101,4,NAVIGATE,5.7296,7.2824,-1.9528,-0.9278,1.2275,2.438,-0.9278,1.1275,1.4601,0.0,12.0,7.4219,4.454845905303955,2.858905792236328,-135.0,0,1,180,1.611,0.9814,1.0,0.9553,0.2944,0.3,0.3821,0.9765,1.179
189.151,4,NAVIGATE,5.68,7.3395,-1.9525,-0.9356,1.2227,2.4405,-0.9356,1.1227,1.4614,0.0,12.0,7.3473,4.412204265594482,2.8926587104797363,-135.0,0,1,180,1.675,0.9822,1.0,0.957,0.2947,0.3,0.3828,0.9774,1.1484
189.201,4,NAVIGATE,5.6389,7.3871,-1.9527,-0.9416,1.2192,2.4425,-0.9416,1.1192,1.4626,0.0,12.0,7.2853,4.376224994659424,2.9231700897216797,-135.0,0,1,180,1.489,0.9828,1.0,0.9583,0.2948,0.3,0.3833,0.9782,1.2074
189.251,4,NAVIGATE,5.5873,7.4464,-1.9552,-0.9493,1.2158,2.4447,-0.9493,1.1158,1.465,0.0,12.0,7.2079,4.297316551208496,2.9817047119140625,-135.0,0,1,180,1.647,0.9835,1.0,0.9605,0.295,0.3,0.3842,0.9792,1.1706
189.301,4,NAVIGATE,5.5443,7.4959,-1.9577,-0.9557,1.2128,2.4464,-0.9557,1.1128,1.4669,0.0,12.0,7.1433,4.253868103027344,3.01963472366333,-135.0,0,1,180,1.552,0.984,1.0,0.9623,0.2952,0.3,0.3849,0.9801,1.1474
189.352,4,NAVIGATE,5.4932,7.555,-1.9607,-0.9634,1.2089,2.4485,-0.9634,1.1089,1.4689,0.0,12.0,7.0664,4.217291355133057,3.049715757369995,-135.0,0,1,180,2.052,0.9847,1.0,0.9643,0.2954,0.3,0.3857,0.9811,1.1207
189.401,4,NAVIGATE,5.4451,7.6117,-1.9631,-0.9697,1.2034,2.4505,-0.8697,1.2034,1.4848,0.0,12.0,6.9933,10.961094856262207,3.1121082305908203,-135.0,0,1,180,1.704,0.9647,1.0,0.9549,0.2894,0.3,0.3819,0.9713,1.4415
189.451,4,NAVIGATE,5.405,7.6589,-1.9651,-0.9753,1.1985,2.452,-0.8753,1.1985,1.4841,0.0,12.0,6.9325,10.91994857788086,3.14555025100708,-135.0,0,1,180,1.8,0.9655,1.0,0.9553,0.2897,0.3,0.3821,0.9718,1.414
189.501,4,NAVIGATE,5.3655,7.706,-1.9669,-0.9808,1.1934,2.4536,-0.9808,1.0934,1.4688,0.0,12.0,6.8722,10.880379676818848,3.179851770401001,-134.75,0,1,180,1.663,0.9865,1.0,0.966,0.2959,0.3,0.3864,0.9823,1.1031
189.552,4,NAVIGATE,5.3211,7.7626,-1.9679,-0.9838,1.1895,2.4557,-0.8838,1.1895,1.4819,0.0,12.0,6.8022,10.806853294372559,3.242004632949829,-135.0,0,1,180,2.01,0.9666,1.0,0.9549,0.29,0.3,0.382,0.9719,1.4123
189.601,4,NAVIGATE,5.2762,7.8191,-1.969,-0.985,1.188,2.4576,-0.885,1.188,1.4814,0.0,12.0,6.7319,10.765734672546387,3.2763431072235107,-135.0,0,1,180,1.695,0.9663,1.0,0.9543,0.2899,0.3,0.3817,0.9716,1.3977
189.651,4,NAVIGATE,5.2371,7.8665,-1.9691,-0.9871,1.1866,2.4592,-0.8871,1.1866,1.4816,0.0,12.0,6.6719,10.728402137756348,3.309647560119629,-135.0,0,1,180,1.58,0.9662,1.0,0.9543,0.2899,0.3,0.3817,0.9716,1.3826
189.701,4,NAVIGATE,5.1877,7.9239,-1.9678,-0.9896,1.1863,2.4611,-0.8896,1.1863,1.4828,0.0,12.0,6.5975,10.650357246398926,3.372154951095581,-135.0,0,1,180,1.645,0.966,1.0,0.9549,0.2898,0.3,0.382,0.9718,1.3518
189.751,4,NAVIGATE,5.1467,7.9717,-1.967,-0.9908,1.1869,2.4627,-0.9908,1.0869,1.4707,0.0,12.0,6.5358,10.60671615600586,3.3458194732666016,30.65,0,1,180,1.616,0.986,1.0,0.9667,0.2958,0.3,0.3867,0.9825,1.0878
189.801,4,NAVIGATE,5.1051,8.02,-1.9689,-0.9912,1.1883,2.4642,-0.8912,1.1883,1.4854,0.0,12.0,6.4732,10.568243980407715,3.3106181621551514,30.9,0,1,180,1.842,0.9651,1.0,0.9556,0.2895,0.3,0.3823,0.9718,1.388
189.851,4,NAVIGATE,5.0549,8.0784,-1.973,-0.9914,1.1904,2.4658,-0.8914,1.1904,1.4871,0.0,12.0,6.3978,10.489055633544922,3.237863063812256,32.15,0,1,180,1.76,0.9642,1.0,0.956,0.2893,0.3,0.3824,0.9717,1.3653
189.901,4,NAVIGATE,5.0134,8.1269,-1.9763,-0.9929,1.1905,2.4672,-0.8929,1.1905,1.4882,0.0,12.0,6.3352,10.44365119934082,3.197026252746582,32.66,0,1,180,1.712,0.9639,1.0,0.9563,0.2892,0.3,0.3825,0.9717,1.3485
189.951,4,NAVIGATE,4.9629,8.1845,-1.9834,-0.9949,1.1902,2.469,-0.8949,1.1902,1.4891,0.0,12.0,6.2601,10.402241706848145,3.1649346351623535,33.41,0,1,180,1.72,0.9636,1.0,0.9566,0.2891,0.3,0.3826,0.9717,1.3311
190.001,4,NAVIGATE,4.9208,8.2322,-1.99,-0.9961,1.19,2.4708,-0.8961,1.19,1.4897,0.0,12.0,6.1976,10.324164390563965,3.0941357612609863,34.41,0,1,180,1.629,0.9633,1.0,0.9566,0.289,0.3,0.3827,0.9716,1.3548
190.051,4,NAVIGATE,4.879,8.2799,-1.9959,-0.9967,1.1903,2.4725,-0.8967,1.1903,1.4902,0.0,12.0,6.1354,10.277490615844727,3.0579259395599365,35.16,0,1,180,1.642,0.9628,1.0,0.9565,0.2888,0.3,0.3826,0.9714,1.3402
190.101,4,NAVIGATE,4.8267,8.3365,-2.0014,-0.9976,1.1906,2.4746,-0.8976,1.1906,1.4911,0.0,12.0,6.0596,10.239261627197266,3.0243899822235107,35.66,0,1,180,1.588,0.9623,1.0,0.9566,0.2887,0.3,0.3826,0.9713,1.3304
190.152,4,NAVIGATE,4.7827,8.3835,-2.0051,-0.9982,1.1911,2.4763,-0.8982,1.1911,1.4918,0.0,12.0,5.9961,10.16102123260498,2.9580330848693848,36.41,0,1,180,1.642,0.9618,1.0,0.9566,0.2885,0.3,0.3826,0.9712,1.3486
190.201,4,NAVIGATE,4.7306,8.4399,-2.0089,-0.9984,1.192,2.4782,-0.8984,1.192,1.4927,0.0,12.0,5.9205,10.11424446105957,2.9229400157928467,37.66,0,1,180,1.7,0.9611,1.0,0.9564,0.2883,0.3,0.3826,0.9709,1.3341
190.251,4,NAVIGATE,4.6867,8.4852,-2.0091,-0.9983,1.192,2.4799,-0.8983,1.192,1.4926,0.0,12.0,5.8583,10.075470924377441,2.8918681144714355,37.41,0,1,180,1.625,0.9606,1.0,0.9559,0.2882,0.3,0.3824,0.9706,1.3205
190.301,4,NAVIGATE,4.6348,8.5398,-2.0091,-0.998,1.1921,2.4819,-0.998,1.0921,1.4795,0.0,12.0,5.784,9.997654914855957,2.828328847885132,38.41,0,1,180,1.68,0.9822,1.0,0.9687,0.2947,0.3,0.3875,0.9821,1.0954
190.351,4,NAVIGATE,4.5919,8.5855,-2.009,-0.9976,1.1926,2.4835,-0.8976,1.1926,1.4926,0.0,12.0,5.7223,9.95116901397705,2.792024612426758,37.16,0,1,180,1.698,0.9593,1.0,0.9546,0.2878,0.3,0.3818,0.9696,1.3265
190.402,4,NAVIGATE,4.5433,8.6404,-2.0087,-0.9953,1.1932,2.4854,-0.8953,1.1932,1.4917,0.0,12.0,5.6505,9.911598205566406,2.761373996734619,38.41,0,1,180,1.908,0.9581,1.0,0.9529,0.2874,0.3,0.3811,0.9686,1.3153
190.451,4,NAVIGATE,4.4948,8.6956,-2.0084,-0.9954,1.1919,2.4873,-0.9954,1.0919,1.4775,0.0,12.0,5.5788,9.830713272094727,2.6984715461730957,38.41,0,1,180,1.72,0.9805,1.0,0.9658,0.2942,0.3,0.3863,0.9805,1.1033
190.501,4,NAVIGATE,4.4541,8.7419,-2.0082,-0.9957,1.191,2.4891,-0.8957,1.191,1.4902,0.0,12.0,5.5185,9.787845611572266,2.6630990505218506,36.41,0,1,180,1.654,0.957,1.0,0.9507,0.2871,0.3,0.3803,0.9674,1.3097
190.551,4,NAVIGATE,4.4033,8.7987,-2.0083,-0.9964,1.1909,2.4912,-0.8964,1.1909,1.4906,0.0,12.0,5.4441,9.746915817260742,2.632336139678955,37.91,0,1,180,1.827,0.9562,1.0,0.9502,0.2869,0.3,0.3801,0.967,1.296
190.601,4,NAVIGATE,4.3614,8.846,-2.0084,-0.9982,1.1898,2.4931,-0.8982,1.1898,1.4907,0.0,12.0,5.3823,9.666393280029297,2.5696070194244385,37.66,0,1,180,1.673,0.9559,1.0,0.95,0.2868,0.3,0.38,0.9668,1.2986
190.651,4,NAVIGATE,4.3203,8.8939,-2.0089,-0.9993,1.1891,2.4951,-0.9993,1.0891,1.4781,0.0,12.0,5.321,9.624664306640625,2.5338597297668457,37.66,0,1,180,1.748,0.9791,1.0,0.9647,0.2937,0.3,0.3859,0.9796,1.1241
190.701,4,NAVIGATE,4.2724,8.9524,-2.0098,-0.9992,1.1894,2.4976,-0.9992,1.0894,1.4783,0.0,12.0,5.248,9.588054656982422,2.5020127296447754,36.66,0,1,180,1.644,0.9783,1.0,0.9641,0.2935,0.3,0.3856,0.9791,1.1094
190.751,4,NAVIGATE,4.2326,9.001,-2.0105,-0.9984,1.1904,2.4996,-0.9984,1.0904,1.4784,0.0,12.0,5.1873,9.548200607299805,2.4709413051605225,36.66,0,1,180,1.862,0.9774,1.0,0.9634,0.2932,0.3,0.3853,0.9786,1.0947
190.801,4,NAVIGATE,4.1849,9.061,-2.0127,-0.9989,1.1907,2.5018,-0.9989,1.0907,1.479,0.0,12.0,5.1138,9.46694564819336,2.403532028198242,36.91,0,1,180,1.612,0.9765,1.0,0.9629,0.293,0.3,0.3852,0.9781,1.1055
190.852,4,NAVIGATE,4.1453,9.112,-2.0154,-1.0009,1.1898,2.5038,-1.0009,0.9898,1.4076,0.0,12.0,5.0521,9.425031661987305,2.3721048831939697,36.91,0,1,180,1.86,0.9854,1.0,0.9247,0.2956,0.3,0.3699,0.9655,0.9911
190.901,4,NAVIGATE,4.1055,9.1626,-2.0176,-1.0041,1.1874,2.5058,-1.0041,1.0874,1.4801,0.0,12.0,4.9906,9.386960983276367,2.3409276008605957,36.16,0,1,180,1.685,0.9758,1.0,0.9629,0.2927,0.3,0.3851,0.9779,1.1181
190.951,4,NAVIGATE,4.0548,9.2235,-2.0183,-1.0103,1.1833,2.5085,-1.0103,1.0833,1.4813,0.0,12.0,4.9143,9.307345390319824,2.2739603519439697,37.16,0,1,180,1.721,0.9759,1.0,0.9638,0.2928,0.3,0.3855,0.9783,1.1081
191.001,4,NAVIGATE,4.0115,9.2739,-2.0181,-1.0162,1.1772,2.5109,-1.0162,0.9772,1.4098,0.0,12.0,4.8501,9.269129753112793,2.242583990097046,37.16,0,1,180,1.626,0.9858,1.0,0.9265,0.2957,0.3,0.3706,0.9663,0.9955
191.051,4,NAVIGATE,3.9596,9.3336,-2.0177,-1.0236,1.1696,2.514,-1.0236,0.9696,1.4099,0.0,12.0,4.7737,9.233726501464844,2.20989990234375,35.91,0,1,180,1.766,0.9863,1.0,0.9271,0.2959,0.3,0.3708,0.9667,1.0126
191.101,4,NAVIGATE,3.9178,9.3835,-2.0195,-1.0293,1.1639,2.5167,-1.0293,0.9639,1.4101,0.0,12.0,4.7112,9.160075187683105,2.142659902572632,38.16,0,1,180,1.563,0.9866,1.0,0.9275,0.296,0.3,0.371,0.967,1.0033
191.151,4,NAVIGATE,3.8762,9.433,-2.0215,-1.0344,1.1569,2.5195,-0.9344,1.1569,1.4871,0.0,12.0,4.6491,9.127886772155762,2.1103692054748535,35.66,0,1,180,1.582,0.9534,1.0,0.9452,0.286,0.3,0.3781,0.9641,1.2077
191.201,4,NAVIGATE,3.8344,9.4818,-2.0231,-1.0393,1.1485,2.5224,-1.0393,0.9485,1.407,0.0,12.0,4.5874,9.095451354980469,2.0779762268066406,34.66,0,1,180,1.589,0.9874,1.0,0.9262,0.2962,0.3,0.3705,0.9667,0.992
191.252,4,NAVIGATE,3.7927,9.5304,-2.0248,-1.0441,1.1388,2.5256,-1.0441,0.9388,1.4041,0.0,12.0,4.5259,9.03183364868164,2.0077314376831055,35.66,0,1,180,1.835,0.988,1.0,0.9248,0.2964,0.3,0.3699,0.9663,0.9875
191.301,4,NAVIGATE,3.7428,9.5883,-2.0268,-1.0476,1.131,2.5296,-1.0476,0.931,1.4015,0.0,12.0,4.4525,9.003097534179688,1.974732518196106,35.16,0,1,180,1.549,0.9881,1.0,0.9233,0.2964,0.3,0.3693,0.9658,0.999
191.351,4,NAVIGATE,3.6926,9.6453,-2.0282,-1.0506,1.1231,2.5336,-0.9506,1.1231,1.4714,0.0,12.0,4.3795,8.975587844848633,1.9424443244934082,34.16,0,1,180,1.565,0.9551,1.0,0.9369,0.2865,0.3,0.3748,0.9613,1.1777
191.402,4,NAVIGATE,3.6506,9.6924,-2.025,-1.054,1.1153,2.5368,-1.054,0.9153,1.396,0.0,12.0,4.3188,8.94886589050293,1.910064458847046,35.41,0,1,180,1.916,0.9886,1.0,0.92,0.2966,0.3,0.368,0.9646,0.9847
191.451,4,NAVIGATE,3.6085,9.7389,-2.0221,-1.0581,1.1059,2.5403,-1.0581,0.9059,1.3929,0.0,12.0,4.2583,8.889341354370117,1.8424198627471924,37.91,0,1,180,1.595,0.989,1.0,0.9184,0.2967,0.3,0.3674,0.9641,0.9705
191.501,4,NAVIGATE,3.5577,9.794,-2.0188,-1.0614,1.098,2.5445,-1.0614,0.898,1.3903,0.0,12.0,4.1861,8.863636016845703,1.8107309341430664,38.16,0,1,180,1.632,0.9892,1.0,0.9169,0.2968,0.3,0.3667,0.9635,0.9847
191.551,4,NAVIGATE,3.5178,9.8393,-2.015,-1.0633,1.0912,2.548,-1.0633,0.8912,1.3874,0.0,12.0,4.1284,8.83869743347168,1.7830679416656494,39.66,0,1,180,1.702,0.9893,1.0,0.915,0.2968,0.3,0.366,0.9628,0.9923
191.601,4,NAVIGATE,3.4694,9.893,-2.0109,-1.0662,1.0817,2.5523,-1.0662,0.8817,1.3835,0.0,12.0,4.0591,8.788896560668945,1.7192319631576538,41.41,0,1,180,1.673,0.9895,1.0,0.9126,0.2968,0.3,0.3651,0.9619,0.9743
191.651,4,NAVIGATE,3.4287,9.9373,-2.0079,-1.0693,1.0726,2.5561,-1.0693,0.8726,1.3801,0.0,12.0,4.0013,8.766449928283691,1.691736102104187,42.66,0,1,180,1.666,0.9898,1.0,0.9107,0.2969,0.3,0.3643,0.9612,0.9808
191.701,4,NAVIGATE,3.3796,9.9865,-2.0035,-1.0735,1.0592,2.5608,-1.0735,0.9592,1.4396,0.0,12.0,3.934,8.744433403015137,1.6628167629241943,43.67,0,1,180,1.513,0.9816,1.0,0.9421,0.2945,0.3,0.3768,0.9713,1.042
191.751,4,NAVIGATE,3.3383,10.0272,-2.0004,-1.0775,1.0472,2.5648,-1.0775,0.8472,1.3706,0.0,12.0,3.8777,8.70002269744873,1.6112267971038818,46.42,0,1,180,1.7,0.9912,1.0,0.9057,0.2974,0.3,0.3623,0.9597,0.9653
191.801,4,NAVIGATE,3.2872,10.075,-1.9971,-1.0831,1.0324,2.5698,-1.0831,0.8324,1.3661,0.0,12.0,3.8094,8.6825590133667,1.583174705505371,47.67,0,1,180,1.555,0.9921,1.0,0.9036,0.2976,0.3,0.3614,9999.8661,0.9681
191.851,4,NAVIGATE,3.2427,10.1136,-1.9947,-1.0889,1.0217,2.5739,-1.0889,0.8217,1.3641,0.0,12.0,3.7515,8.664165496826172,1.5589996576309204,48.92,0,1,180,1.638,0.9929,1.0,0.9029,0.2979,0.3,0.3612,9999.8641,0.9688
191.901,4,NAVIGATE,3.1891,10.1597,-1.9923,-1.0952,1.009,2.5788,-1.0952,0.809,1.3616,0.0,12.0,3.682,8.626786231994629,1.5120875835418701,51.92,0,1,180,1.662,0.9936,1.0,0.902,0.2981,0.3,0.3608,9999.8616,0.9693
191.951,4,NAVIGATE,3.1429,10.1984,-1.9917,-1.1007,0.9983,2.5829,-1.1007,0.7983,1.3597,0.0,12.0,3.6227,8.609704971313477,1.4905080795288086,53.17,0,1,180,1.795,0.9943,1.0,0.9013,0.2983,0.3,0.3605,9999.8597,0.9689
192.002,4,NAVIGATE,3.0849,10.245,-1.9926,-1.1077,0.9853,2.5879,-1.1077,0.7853,1.3579,0.0,12.0,3.5492,8.594230651855469,1.4710969924926758,54.68,0,1,180,2.202,0.9951,1.0,0.9008,0.2985,0.3,0.3603,9999.8579,0.9697
192.051,4,NAVIGATE,3.0369,10.2834,-1.9935,-1.1132,0.9742,2.592,-1.1132,0.7742,1.356,0.0,12.0,3.4885,8.561548233032227,1.4349886178970337,57.93,0,1,180,1.489,0.9957,1.0,0.9,0.2987,0.3,0.36,9999.856,0.9765
192.101,4,NAVIGATE,2.9788,10.3287,-1.9938,-1.1193,0.9602,2.5969,-1.1193,0.8602,1.4117,0.0,12.0,3.4156,8.545889854431152,1.4182156324386597,59.43,0,1,180,1.705,0.9897,1.0,0.9314,0.2969,0.3,0.3726,9999.9117,1.003
192.151,4,NAVIGATE,2.9304,10.3658,-1.9938,-1.1241,0.9483,2.6009,-1.1241,0.8483,1.4083,0.0,12.0,3.3552,8.52958869934082,1.4009963274002075,61.18,0,1,180,1.56,0.9905,1.0,0.93,0.2972,0.3,0.372,9999.9083,0.9973
192.201,4,NAVIGATE,2.8726,10.4099,-1.9939,-1.1296,0.9336,2.6057,-1.1296,0.8336,1.4039,0.0,12.0,3.2833,8.500579833984375,1.3727877140045166,64.68,0,1,180,1.595,0.9915,1.0,0.928,0.2975,0.3,0.3712,9999.9039,0.9978
192.251,4,NAVIGATE,2.8217,10.4455,-1.9963,-1.1353,0.9223,2.6097,-1.1353,0.8223,1.4018,0.0,12.0,3.2215,8.48594856262207,1.3615601062774658,66.19,0,1,180,1.835,0.9924,1.0,0.9274,0.2977,0.3,0.371,9999.9018,1.0074
192.301,4,NAVIGATE,2.7603,10.4877,-1.9996,-1.142,0.9109,2.6145,-1.142,0.8109,1.4007,0.0,12.0,3.1474,8.469147682189941,1.3513814210891724,67.94,0,1,180,1.579,0.9933,1.0,0.9275,0.298,0.3,0.371,9999.9007,1.0115
192.351,4,NAVIGATE,2.7097,10.5226,-2.0019,-1.1473,0.9031,2.6183,-1.1473,0.8031,1.4005,0.0,12.0,3.0863,8.43893814086914,1.3341127634048462,71.69,0,1,180,1.732,0.9938,1.0,0.9278,0.2981,0.3,0.3711,9999.9005,1.0046
192.401,4,NAVIGATE,2.6513,10.5665,-1.9995,-1.1523,0.896,2.6226,-1.1523,0.796,1.4005,0.0,12.0,3.014,8.423941612243652,1.3303966522216797,73.69,0,1,180,1.606,0.9941,1.0,0.9281,0.2982,0.3,0.3713,9999.9005,1.0042
192.452,4,NAVIGATE,2.6031,10.6031,-1.997,-1.156,0.8908,2.6259,-1.156,0.7908,1.4006,0.0,12.0,2.9543,8.407645225524902,1.3268413543701172,75.19,0,1,180,1.893,0.9942,1.0,0.9284,0.2983,0.3,0.3714,9999.9006,1.011
192.501,4,NAVIGATE,2.5461,10.6467,-1.9947,-1.1602,0.8847,2.6297,-1.1602,0.7847,1.4007,0.0,12.0,2.8834,8.368059158325195,1.319995403289795,79.2,0,1,180,1.637,0.9944,1.0,0.9285,0.2983,0.3,0.3714,9999.9007,1.0249
192.552,4,NAVIGATE,2.5007,10.6831,-1.9944,-1.1629,0.8797,2.6327,-1.1629,0.7797,1.4001,0.0,12.0,2.8263,8.34886646270752,1.3211759328842163,80.95,0,1,180,2.064,0.9944,1.0,0.9282,0.2983,0.3,0.3713,9999.9001,1.0295
192.602,4,NAVIGATE,2.446,10.7263,-1.9943,-1.1663,0.8734,2.6361,-1.1663,0.8734,1.4571,0.0,12.0,2.7578,8.306259155273438,1.3245317935943604,84.95,0,1,180,1.967,0.9868,1.0,0.9586,0.296,0.3,0.3834,9999.9571,1.0813
192.651,4,NAVIGATE,2.3924,10.7695,-1.9946,-1.1696,0.8666,2.6395,-1.1696,0.8666,1.4557,0.0,12.0,2.6903,8.286174774169922,1.3273789882659912,86.71,0,1,180,1.675,0.9868,1.0,0.9577,0.296,0.3,0.3831,9999.9557,1.0843
192.701,4,NAVIGATE,2.3494,10.8058,-1.9955,-1.172,0.8614,2.6424,-1.172,0.8614,1.4545,0.0,12.0,2.6355,8.264864921569824,1.3337180614471436,88.71,0,1,180,1.841,0.9867,1.0,0.9567,0.296,0.3,0.3827,9999.9545,1.0965
192.751,4,NAVIGATE,2.2971,10.849,-1.9966,-1.1754,0.8571,2.646,-1.2754,0.7571,1.4832,0.0,12.0,2.5693,8.2219877243042,1.3500158786773682,92.46,0,1,180,1.742,0.9975,1.0,0.9863,0.2992,0.3,0.3945,9999.9832,1.1125
192.801,4,NAVIGATE,2.2447,10.8906,-2.001,-1.1785,0.855,2.6496,-1.2785,0.755,1.4848,0.0,12.0,2.5039,8.201388359069824,1.3592246770858765,94.46,0,1,180,1.586,0.9972,1.0,0.9871,0.2992,0.3,0.3948,9999.9848,1.1254
192.851,4,NAVIGATE,2.201,10.9242,-2.0068,-1.1813,0.8542,2.6524,-1.2813,0.7542,1.4868,0.0,12.0,2.4499,8.179491996765137,1.3714371919631958,95.96,0,1,180,1.663,0.997,1.0,0.9882,0.2991,0.3,0.3953,9999.9868,1.1452
192.901,4,NAVIGATE,2.1478,10.9646,-2.013,-1.1871,0.852,2.6556,-1.2871,0.752,1.4906,0.0,12.0,2.3844,8.137106895446777,1.3999555110931396,99.72,0,1,180,1.673,0.9968,1.0,0.9906,0.2991,0.3,0.3962,9999.9906,1.1931
192.951,4,NAVIGATE,2.1003,10.9977,-2.015,-1.1944,0.8481,2.6584,-1.2944,0.7481,1.495,0.0,12.0,2.3272,8.112696647644043,1.415137529373169,101.22,0,1,180,1.663,0.9969,1.0,0.9936,0.2991,0.3,0.3974,9999.995,1.2142
193.001,4,NAVIGATE,2.0422,11.0372,-2.0164,-1.2049,0.8414,2.6619,-1.2049,0.8414,1.4696,0.0,12.0,2.2578,8.092313766479492,1.4304041862487793,102.97,0,1,180,1.596,0.9857,1.0,0.9658,0.2957,0.3,0.3863,9999.9696,1.2589
193.051,4,NAVIGATE,1.9935,11.0699,-2.0172,-1.2146,0.8347,2.665,-1.2146,0.8347,1.4737,0.0,12.0,2.1998,8.051445007324219,1.4722670316696167,105.97,0,1,180,1.643,0.9863,1.0,0.969,0.2959,0.3,0.3876,9999.9737,1.3096
193.101,4,NAVIGATE,1.9335,11.1083,-2.0192,-1.2276,0.8254,2.6693,-1.2276,0.8254,1.4793,0.0,12.0,2.1292,8.033286094665527,1.4901069402694702,107.72,0,1,180,1.562,0.9873,1.0,0.9736,0.2962,0.3,0.3894,9999.9793,1.3352
193.151,4,NAVIGATE,1.8831,11.14,-2.0207,-1.2367,0.8191,2.6732,-1.2367,0.8191,1.4833,0.0,12.0,2.0702,8.019451141357422,1.511517882347107,108.73,0,1,180,1.708,0.9878,1.0,0.9768,0.2963,0.3,0.3907,9999.9833,1.3615
193.201,4,NAVIGATE,1.822,11.1781,-2.0222,-1.2451,0.814,2.678,-1.2451,0.814,1.4876,0.0,12.0,1.9988,7.992212295532227,1.5582457780838013,111.73,0,1,180,1.551,0.988,1.0,0.9798,0.2964,0.3,0.3919,9999.9876,1.4168
193.251,4,NAVIGATE,1.7694,11.2102,-2.0236,-1.2509,0.8117,2.6819,-1.2509,0.8117,1.4912,0.0,12.0,1.9377,7.981757640838623,1.582878828048706,112.23,0,1,180,1.66,0.9879,1.0,0.9821,0.2964,0.3,0.3928,9999.9912,1.4405
193.301,4,NAVIGATE,1.7065,11.2486,-2.0249,-1.2564,0.8105,2.6865,-1.2564,0.8105,1.4952,0.0,12.0,1.8646,7.972200870513916,1.606306552886963,114.23,0,1,180,1.606,0.9875,1.0,0.9843,0.2963,0.3,0.3937,9999.9952,1.4689
193.351,4,NAVIGATE,1.6543,11.2809,-2.0257,-1.2603,0.8103,2.6904,-1.2603,0.8103,1.4984,0.0,12.0,1.8038,7.94788932800293,1.6611515283584595,116.73,0,1,180,1.583,0.987,1.0,0.9859,0.2961,0.3,0.3944,9999.9984,1.524
193.402,4,NAVIGATE,1.6024,11.314,-2.0263,-1.2638,0.8107,2.6942,-1.3638,0.6107,1.4943,0.0,12.0,1.7431,7.9366888999938965,1.6879011392593384,114.73,0,1,180,2.167,0.9999,1.0,0.9961,0.3,0.3,0.3984,9999.9943,1.5106
193.451,4,NAVIGATE,1.5402,11.3537,-2.0269,-1.2678,0.8114,2.6988,-1.3678,0.6114,1.4982,0.0,12.0,1.6703,7.924206256866455,1.714067816734314,114.48,0,1,180,1.703,0.9997,1.0,0.9986,0.2999,0.3,0.3994,9999.9982,1.5363
193.501,4,NAVIGATE,1.4883,11.3869,-2.0262,-1.2712,0.8121,2.7023,-1.1712,0.9121,1.4845,0.0,12.0,1.6096,7.898902416229248,1.769455075263977,116.23,0,1,180,1.47,0.9635,1.0,0.9536,0.2891,0.3,0.3814,9999.9948,1.5055
193.552,4,NAVIGATE,1.4359,11.4207,-2.0217,-1.2767,0.8096,2.7059,-1.2767,0.7096,1.4606,0.0,12.0,1.5483,7.884891510009766,1.7953503131866455,115.73,0,1,180,2.264,0.9923,1.0,0.9663,0.2977,0.3,0.3865,9999.9873,1.6382
193.601,4,NAVIGATE,1.3729,11.4609,-2.0171,-1.2857,0.8014,2.711,-1.0857,0.9014,1.4111,0.0,12.0,1.475,7.873050212860107,1.8224366903305054,114.73,0,1,180,1.682,0.9496,1.0,0.8933,0.2849,0.3,0.3573,9999.9853,1.4818
193.651,4,NAVIGATE,1.3196,11.4938,-2.0129,-1.2913,0.7966,2.7157,-1.0913,0.7966,1.3511,0.0,12.0,1.4134,7.86477518081665,1.8481165170669556,113.98,0,1,180,1.656,0.9653,1.0,0.8695,0.2896,0.3,0.3478,9999.9995,1.7071
193.701,4,NAVIGATE,1.2545,11.5326,-2.0072,-1.2976,0.7909,2.7217,-1.0976,0.6909,1.2969,0.0,12.0,1.3387,7.8568854331970215,1.9032707214355469,114.48,0,1,180,1.516,0.979,1.0,0.8465,0.2937,0.3,0.3386,9999.9983,1.7414
193.751,4,NAVIGATE,1.1896,11.5711,-2.0024,-1.2977,0.7896,2.7279,-1.0977,0.5896,1.246,0.0,12.0,1.2645,7.8556013107299805,1.929190754890442,112.98,0,1,180,1.795,0.9892,1.0,0.8217,0.2968,0.3,0.3287,9999.9905,1.7478
193.801,4,NAVIGATE,1.1388,11.6012,-1.9984,-1.2927,0.7897,2.7329,-1.0927,0.5897,1.2417,0.0,12.0,1.2066,7.863117694854736,1.9833046197891235,112.73,0,1,180,1.564,0.9875,1.0,0.8175,0.2963,0.3,0.327,9999.9471,1.8013
193.851,4,NAVIGATE,1.0801,11.6361,-1.994,-1.2827,0.788,2.7388,-1.0827,0.588,1.2321,0.0,12.0,1.1398,7.867274284362793,2.0089468955993652,111.23,0,1,180,1.644,0.9852,1.0,0.8092,0.2955,0.3,0.3237,9999.8991,1.8259
193.901,4,NAVIGATE,1.0313,11.6654,-1.991,-1.273,0.7829,2.744,-1.073,0.5829,1.2212,0.0,12.0,1.0842,7.8679046630859375,2.0335168838500977,111.98,0,1,180,1.679,0.9831,1.0,0.8004,0.2949,0.3,0.3202,9999.8598,1.8517
193.951,4,NAVIGATE,0.975,11.7002,-1.9866,-1.2606,0.7725,2.7506,-1.0606,0.5725,1.2053,0.0,12.0,1.02,7.8787384033203125,2.0870168209075928,111.98,0,1,180,1.709,0.9807,1.0,0.788,0.2942,0.3,0.3152,9999.8146,1.903
194.001,4,NAVIGATE,0.9289,11.7289,-1.9829,-1.2505,0.761,2.7566,-1.0505,0.561,1.1909,0.0,12.0,0.9676,7.889519214630127,2.1110358238220215,111.48,0,1,180,1.75,0.9788,1.0,0.7771,0.2936,0.3,0.3108,9999.7762,1.9244
194.051,4,NAVIGATE,0.8734,11.763,-1.9795,-1.2392,0.7451,2.7645,-1.0392,0.5451,1.1735,0.0,12.0,0.905,7.904098033905029,2.1356987953186035,112.48,0,1,180,1.736,0.9763,1.0,0.7638,0.2929,0.3,0.3055,9999.7265,1.9471
194.101,4,NAVIGATE,0.8285,11.7878,-1.9778,-1.2295,0.7297,2.7717,-1.0295,0.5297,1.1578,0.0,12.0,0.8553,7.957248210906982,2.1879522800445557,111.73,0,1,180,1.69,0.9749,1.0,0.7525,0.2925,0.3,0.301,9999.6851,1.994
194.151,4,NAVIGATE,0.7745,11.8174,-1.9765,-1.2185,0.7115,2.7811,-1.0185,0.5115,1.1398,0.0,12.0,0.7957,7.989994525909424,2.210130453109741,110.73,0,1,180,1.728,0.9728,1.0,0.7391,0.2918,0.3,0.2957,9999.6293,2.0157
194.201,4,NAVIGATE,0.7294,11.842,-1.9758,-1.2096,0.6969,2.7896,-1.0096,0.4969,1.1253,0.0,12.0,0.7463,8.027426719665527,2.234001636505127,110.98,0,1,180,1.62,0.9704,1.0,0.728,0.2911,0.3,0.2912,9999.5766,2.0359
194.251,4,NAVIGATE,0.6782,11.8718,-1.9761,-1.1979,0.6804,2.8005,-0.9979,0.4804,1.1075,0.0,12.0,0.6902,8.13625717163086,2.2827186584472656,110.23,0,1,180,1.57,0.9659,1.0,0.7132,0.2898,0.3,0.2853,9999.5092,2.0789
194.301,4,NAVIGATE,0.6352,11.8964,-1.9766,-1.1883,0.6672,2.8103,-0.9883,0.4672,1.0932,0.0,12.0,0.6436,8.201370239257812,2.304147481918335,108.23,0,1,180,1.549,0.9611,1.0,0.7004,0.2883,0.3,0.2802,9999.4428,2.1007
194.351,4,NAVIGATE,0.5921,11.9208,-1.9773,-1.1788,0.6544,2.8209,-0.9788,0.4544,1.0791,0.0,12.0,0.5973,8.271879196166992,2.3273136615753174,110.48,0,1,180,1.66,0.9548,1.0,0.6869,0.2865,0.3,0.2748,9999.3621,2.123
194.401,4,NAVIGATE,0.5395,11.9541,-1.9821,-1.168,0.6412,2.8348,-0.968,0.4412,1.0638,0.0,12.0,0.5415,8.356074333190918,2.347202777862549,107.47,0,1,180,1.66,0.9418,1.0,0.6679,0.2825,0.3,0.2672,9999.2242,2.1428
194.501,4,RETURN_HOME,0.4525,12.0079,-1.9901,-1.1497,0.6192,2.8611,-1.3497,0.4192,1.4133,0.0,0.0,12.0165,8.7036771774292,2.4134223461151123,107.47,0,1,180,1.664,-0.2604,1.0,0.4711,-0.0781,0.3,0.1884,0.4103,2.222
194.552,4,RETURN_HOME,0.4037,12.0402,-1.9982,-1.1356,0.6074,2.8797,-1.3356,0.4074,1.3964,0.0,0.0,12.047,8.853313446044922,2.435713529586792,107.72,0,1,180,2.152,-0.2595,1.0,0.4655,-0.0779,0.3,0.1862,0.4083,2.2446
194.601,4,RETURN_HOME,0.363,12.0665,-2.0032,-1.1249,0.5994,2.9008,-1.3249,0.3994,1.3838,0.0,0.0,12.072,9.2802152633667,2.4810168743133545,107.97,0,1,180,1.654,-0.2597,1.0,0.4613,-0.0779,0.3,0.1845,0.4066,2.2929
194.651,4,RETURN_HOME,0.3151,12.0978,-2.0072,-1.1221,0.5908,2.9342,-1.3221,0.3908,1.3787,0.0,0.0,12.1019,9.616987228393555,2.500608205795288,107.72,0,1,180,1.677,-0.2584,1.0,0.4596,-0.0775,0.3,0.1838,0.4063,2.2461
194.701,4,RETURN_HOME,0.2689,12.1291,-2.01,-1.1274,0.5845,2.976,-1.3274,0.3845,1.382,0.0,0.0,12.132,9.682662010192871,2.5220272541046143,107.72,0,1,180,1.553,-0.2569,1.0,0.4607,-0.0771,0.3,0.1843,0.4072,2.167
194.751,4,RETURN_HOME,0.2293,12.1546,-2.0089,-1.1373,0.5806,3.0167,-1.3373,0.3806,1.3904,0.0,0.0,12.1567,9.603285789489746,2.5657079219818115,105.97,0,1,180,1.66,-0.2555,1.0,0.4635,-0.0767,0.3,0.1854,0.4087,2.2135
194.801,4,RETURN_HOME,0.1885,12.1781,-2.0036,-1.1509,0.5764,3.0624,-1.3509,0.3764,1.4024,0.0,0.0,12.1795,9.569701194763184,2.584541082382202,104.72,0,1,180,1.568,-0.2534,1.0,0.4675,-0.076,0.3,0.187,0.411,2.1498
194.851,4,RETURN_HOME,0.1381,12.2049,-1.9935,-1.1707,0.5701,3.1232,-1.3707,0.3701,1.4198,0.0,0.0,12.2057,9.534927368164062,2.606381416320801,103.47,0,1,180,1.717,-0.2497,1.0,0.4733,-0.0749,0.3,0.1893,0.4144,2.0537
194.901,4,RETURN_HOME,0.0859,12.2315,-1.9815,-1.1924,0.5615,-3.0932,-1.3924,0.3615,1.4386,0.0,0.0,12.2318,9.460978507995605,2.6494617462158203,99.97,0,1,180,1.655,-0.2445,1.0,0.4795,-0.0733,0.3,0.1918,0.4185,2.1265
194.951,4,RETURN_HOME,0.0421,12.2545,-1.9745,-1.2107,0.5527,-3.0336,-1.4107,0.3527,1.4541,0.0,0.0,12.2545,9.423443794250488,2.667013645172119,97.97,0,1,180,1.77,-0.2392,1.0,0.4847,-0.0718,0.3,0.1939,0.4221,2.0706
195.002,4,RETURN_HOME,-0.0116,12.2817,-1.9658,-1.2322,0.5395,-2.9574,-1.4322,0.3395,1.4719,0.0,0.0,12.2817,9.384735107421875,2.6881725788116455,95.96,0,1,180,2.099,-0.2316,1.0,0.4906,-0.0695,0.3,0.1963,0.4268,1.9697
195.051,4,RETURN_HOME,-0.0669,12.308,-1.9558,-1.253,0.5238,-2.8764,-1.453,0.3238,1.4887,0.0,0.0,12.3082,9.306191444396973,2.7320587635040283,91.46,0,1,180,1.601,-0.2228,1.0,0.4962,-0.0669,0.3,0.1985,0.4316,2.1031
195.101,4,RETURN_HOME,-0.115,12.3295,-1.9481,-1.2702,0.5098,-2.8054,-1.3702,0.3098,1.4048,0.0,0.0,12.33,9.29591178894043,2.752279281616211,88.96,0,1,180,1.688,-0.2296,1.0,0.4683,-0.0689,0.3,0.1873,0.4184,2.075
195.151,4,RETURN_HOME,-0.174,12.3543,-1.938,-1.2903,0.4921,-2.7163,-1.3903,0.2921,1.4206,0.0,0.0,12.3555,9.372969627380371,2.7939963340759277,83.7,0,1,180,1.659,-0.2194,1.0,0.4735,-0.0658,0.3,0.1894,0.4236,2.2301
195.201,4,RETURN_HOME,-0.2241,12.374,-1.9284,-1.3067,0.4769,-2.6388,-1.4,0.2769,1.4271,0.0,0.0,12.376,9.467264175415039,2.813647508621216,80.7,0,1,180,1.677,-0.2117,1.0,0.4757,-0.0635,0.3,0.1903,0.4268,2.1854
195.252,4,RETURN_HOME,-0.2857,12.3951,-1.9135,-1.325,0.4575,-2.542,-1.4,0.2575,1.4235,0.0,0.0,12.3984,9.60243034362793,2.8346266746520996,77.95,0,1,180,1.823,-0.2035,1.0,0.4745,-0.061,0.3,0.1898,0.4288,2.097
195.301,4,RETURN_HOME,-0.3376,12.4121,-1.9011,-1.3386,0.4404,-2.4585,-1.4,0.2404,1.4205,0.0,0.0,12.4167,10.075164794921875,2.87766695022583,71.44,0,1,180,1.667,-0.196,1.0,0.4735,-0.0588,0.3,0.1894,0.4306,2.3505
195.351,4,RETURN_HOME,-0.3905,12.4286,-1.8901,-1.3513,0.4217,-2.3734,-1.4,0.2217,1.4174,0.0,0.0,12.4347,10.401695251464844,2.89717435836792,68.44,0,1,180,1.6,-0.1874,1.0,0.4725,-0.0562,0.3,0.189,0.4328,2.3211
195.401,4,RETURN_HOME,-0.4554,12.4478,-1.8815,-1.3653,0.3967,-2.271,-1.4,0.1967,1.4138,0.0,0.0,12.4562,3.4008660316467285,2.918200969696045,65.19,0,1,180,1.703,-0.1753,1.0,0.4713,-0.0526,0.3,0.1885,0.4359,2.2409
195.451,4,RETURN_HOME,-0.5209,12.4658,-1.8779,-1.3772,0.3689,-2.1699,-1.4,0.1689,1.4102,0.0,0.0,12.4767,3.1258463859558105,2.93996524810791,18.14,0,1,180,1.628,-0.1612,1.0,0.4701,-0.0483,0.3,0.188,0.4397,2.4929
195.501,4,RETURN_HOME,-0.5775,12.4791,-1.8798,-1.3853,0.3454,-2.0879,-1.4,0.1454,1.4075,0.0,0.0,12.4925,3.036409378051758,2.9300971031188965,15.14,0,1,180,1.528,-0.1491,1.0,0.4692,-0.0447,0.3,0.1877,0.4429,2.5014
195.551,4,RETURN_HOME,-0.6468,12.4936,-1.8863,-1.3923,0.3184,-1.9934,-1.4,0.1184,1.405,0.0,0.0,12.5103,2.9674224853515625,2.9276769161224365,12.14,0,1,180,1.668,-0.1357,1.0,0.4683,-0.0407,0.3,0.1873,0.4466,2.4473
195.601,4,RETURN_HOME,-0.7043,12.5049,-1.8937,-1.3957,0.2974,-1.9186,-1.4,0.0974,1.4034,0.0,0.0,12.5247,2.923739433288574,2.923739433288574,9.13,0,1,180,1.813,-0.1254,1.0,0.4678,-0.0376,0.3,0.1871,0.4495,2.4581
195.651,4,RETURN_HOME,-0.7622,12.5165,-1.9022,-1.3976,0.2786,-1.8479,-1.4,0.0786,1.4022,0.0,0.0,12.5397,2.917174816131592,2.917174816131592,3.38,0,1,180,1.649,-0.1166,1.0,0.4674,-0.035,0.3,0.187,0.452,2.5859
195.701,4,RETURN_HOME,-0.8204,12.5281,-1.9113,-1.3986,0.2613,-1.7818,-1.4,0.0613,1.4013,0.0,0.0,12.5549,2.9196438789367676,2.9196438789367676,0.88,0,1,180,1.675,-0.1089,1.0,0.4671,-0.0327,0.3,0.1868,0.4542,2.5919
195.752,4,RETURN_HOME,-0.89,12.541,-1.9228,-1.3986,0.2416,-1.7087,-1.4,0.0416,1.4006,0.0,0.0,12.5726,2.9136159420013428,2.9136159420013428,-1.13,0,1,180,1.663,-0.1004,1.0,0.4669,-0.0301,0.3,0.1867,0.4566,2.5945
195.801,4,RETURN_HOME,-0.9478,12.5505,-1.9344,-1.3975,0.2257,-1.6533,-1.4,0.0257,1.4002,0.0,0.0,12.5862,2.911918878555298,2.911918878555298,-5.38,0,1,180,1.558,-0.0936,1.0,0.4667,-0.0281,0.3,0.1867,0.4586,2.5784
195.851,4,RETURN_HOME,-1.0171,12.5607,-1.9494,-1.3954,0.2071,-1.5936,-1.4,0.0071,1.4,0.0,0.0,12.6018,2.9122731685638428,2.9122731685638428,-7.13,0,1,180,1.659,-0.0858,1.0,0.4667,-0.0257,0.3,0.1867,0.4609,2.587
195.901,4,RETURN_HOME,-1.0861,12.5701,-1.9635,-1.3932,0.189,-1.5411,-1.4,-0.011,1.4,0.0,0.0,12.6169,2.912297248840332,2.912297248840332,-8.88,0,1,180,1.623,-0.0782,1.0,0.4667,-0.0235,0.3,0.1867,0.4632,2.5891
195.951,4,RETURN_HOME,-1.1435,12.5755,-1.9759,-1.3914,0.1728,-1.5029,-1.4,-0.0272,1.4003,0.0,0.0,12.6274,3.379945755004883,2.9142706394195557,-11.39,0,1,180,1.709,-0.0712,1.0,0.4668,-0.0214,0.3,0.1867,0.4653,2.5798
196.001,4,RETURN_HOME,-1.2006,12.5805,-1.9875,-1.3896,0.1569,-1.4696,-1.4,-0.0431,1.4007,0.0,0.0,12.6377,3.9873275756835938,2.9140586853027344,-12.14,0,1,180,1.629,-0.0643,1.0,0.4669,-0.0193,0.3,0.1868,0.4675,2.5771
196.051,4,RETURN_HOME,-1.2688,12.5859,-2.0003,-1.3879,0.1385,-1.4359,-1.4,-0.0615,1.4014,0.0,0.0,12.6497,5.766325950622559,2.914865016937256,-13.14,0,1,180,1.637,-0.0565,1.0,0.4671,-0.017,0.3,0.1868,0.4699,2.5749
196.101,4,RETURN_HOME,-1.3286,12.587,-2.013,-1.3884,0.1221,-1.4128,-1.4,-0.0779,1.4022,0.0,0.0,12.657,5.795338153839111,2.9190046787261963,-14.14,0,1,180,1.596,-0.0496,1.0,0.4674,-0.0149,0.3,0.187,0.4721,2.5373
196.151,4,RETURN_HOME,-1.388,12.588,-2.0244,-1.3892,0.1063,-1.394,-1.4,-0.0937,1.4031,0.0,0.0,12.6643,5.807657241821289,2.9192728996276855,-14.14,0,1,180,1.755,-0.043,1.0,0.4677,-0.0129,0.3,0.1871,0.4742,2.5282
196.201,4,RETURN_HOME,-1.4699,12.5892,-2.0379,-1.3907,0.085,-1.3742,-1.4,-0.115,1.4047,0.0,0.0,12.6747,5.819357872009277,2.921656370162964,-14.39,0,1,180,1.575,-0.0343,1.0,0.4682,-0.0103,0.3,0.1873,0.477,2.5196
196.251,4,RETURN_HOME,-1.5145,12.5901,-2.0434,-1.3913,0.0733,-1.3661,-1.4,-0.1267,1.4057,0.0,0.0,12.6808,5.8462300300598145,2.927694320678711,-13.89,0,1,180,1.683,-0.0295,1.0,0.4686,-0.0088,0.3,0.1874,0.4786,2.5004
196.301,4,RETURN_HOME,-1.5816,12.591,-2.0505,-1.3927,0.0563,-1.3578,-1.4,-0.1437,1.4074,0.0,0.0,12.6899,5.858829498291016,2.929182291030884,-14.14,0,1,180,1.68,-0.0226,1.0,0.4691,-0.0068,0.3,0.1876,0.4809,2.4893
196.351,4,RETURN_HOME,-1.6479,12.5914,-2.0562,-1.3941,0.0394,-1.3536,-1.4,-0.1606,1.4092,0.0,0.0,12.6988,5.8704986572265625,2.932525634765625,-13.39,0,1,180,1.698,-0.0159,1.0,0.4697,-0.0048,0.3,0.1879,0.4831,2.4768
196.401,4,RETURN_HOME,-1.702,12.5916,-2.06,-1.395,0.0256,-1.3528,-1.4,-0.1744,1.4108,0.0,0.0,12.7061,5.896785259246826,2.9384713172912598,-12.64,0,1,180,1.596,-0.0105,1.0,0.4703,-0.0031,0.3,0.1881,0.485,2.4734
196.452,4,RETURN_HOME,-1.7565,12.5914,-2.0629,-1.3963,0.0119,-1.3542,-1.4,-0.1881,1.4126,0.0,0.0,12.7133,5.911566257476807,2.9406256675720215,-12.89,0,1,180,1.628,-0.005,1.0,0.4709,-0.0015,0.3,0.1883,0.4868,2.4702
196.501,4,RETURN_HOME,-1.8314,12.5918,-2.063,-1.3981,-0.007,-1.3593,-1.4,-0.207,1.4152,0.0,0.0,12.7242,2.9449961185455322,2.9412288665771484,-13.39,0,1,180,1.544,0.0024,1.0,0.4717,0.0007,0.3,0.1887,0.4894,2.448
196.551,4,RETURN_HOME,-1.8838,12.5927,-2.06,-1.3993,-0.0202,-1.3648,-1.4,-0.2202,1.4172,0.0,0.0,12.7328,2.949047803878784,2.9467086791992188,-12.39,0,1,180,1.737,0.0075,1.0,0.4724,0.0023,0.3,0.189,0.4912,2.4632
196.601,4,RETURN_HOME,-1.9366,12.593,-2.057,-1.4008,-0.0334,-1.3715,-1.4,-0.2334,1.4193,0.0,0.0,12.741,2.9506781101226807,2.9472334384918213,-13.14,0,1,180,1.152,0.0126,1.0,0.4731,0.0038,0.3,0.1892,0.493,2.4438
196.65,4,RETURN_HOME,-1.9999,12.5936,-2.0514,-1.4027,-0.0494,-1.3807,-1.4,-0.2494,1.422,0.0,0.0,12.7514,2.949977397918701,2.9476964473724365,-12.39,0,1,180,1.074,0.0188,1.0,0.474,0.0056,0.3,0.1896,0.4952,2.4412
196.7,4,RETURN_HOME,-2.0528,12.5937,-2.0463,-1.4045,-0.063,-1.3889,-1.4,-0.263,1.4245,0.0,0.0,12.7599,2.949878215789795,2.946650505065918,-11.14,0,1,180,0.961,0.0241,1.0,0.4748,0.0072,0.3,0.1899,0.4972,2.4579
196.751,4,RETURN_HOME,-2.1169,12.5926,-2.0408,-1.4069,-0.0799,-1.3991,-1.4,-0.2799,1.4277,0.0,0.0,12.7693,2.949139356613159,2.946516275405884,-10.89,0,1,180,1.091,0.0308,1.0,0.4759,0.0092,0.3,0.1904,0.4996,2.4344
196.8,4,RETURN_HOME,-2.1865,12.5902,-2.0342,-1.4116,-0.0973,-1.4094,-1.4,-0.2973,1.4312,0.0,0.0,12.7787,2.9472827911376953,2.9472827911376953,-10.13,0,1,180,0.997,0.0373,1.0,0.4771,0.0112,0.3,0.1908,0.502,2.4261
196.85,4,RETURN_HOME,-2.2335,12.5881,-2.0302,-1.4149,-0.109,-1.4162,-1.4,-0.309,1.4337,0.0,0.0,12.7847,2.9424309730529785,2.9424309730529785,-9.88,0,1,180,1.088,0.0416,1.0,0.4779,0.0125,0.3,0.1912,0.5036,2.4488
196.901,4,RETURN_HOME,-2.3039,12.5839,-2.0249,-1.4198,-0.1267,-1.426,-1.4,-0.3267,1.4376,0.0,0.0,12.7931,2.9418230056762695,2.9417591094970703,-10.38,0,1,180,1.116,0.0482,1.0,0.4792,0.0145,0.3,0.1917,0.5061,2.4402
196.951,4,RETURN_HOME,-2.3644,12.5821,-2.0251,-1.4241,-0.1406,-1.4336,-1.4,-0.3406,1.4408,0.0,0.0,12.8023,2.9379489421844482,2.9379489421844482,-7.63,0,1,180,1.212,0.0529,1.0,0.4803,0.0159,0.3,0.1921,0.508,2.4428
197.001,4,RETURN_HOME,-2.4251,12.5797,-2.0263,-1.4282,-0.1546,-1.4405,-1.4,-0.3546,1.4442,0.0,0.0,12.8113,2.9358859062194824,2.9358859062194824,-8.38,0,1,180,1.301,0.0576,1.0,0.4814,0.0173,0.3,0.1926,0.5098,2.4457
197.051,4,RETURN_HOME,-2.4974,12.5754,-2.0278,-1.4325,-0.1718,-1.4476,-1.4,-0.3718,1.4485,0.0,0.0,12.821,2.9281716346740723,2.9281716346740723,-9.38,0,1,180,1.149,0.0635,1.0,0.4828,0.019,0.3,0.1931,0.5122,2.4431
197.1,4,RETURN_HOME,-2.5663,12.57,-2.0276,-1.4349,-0.1891,-1.4535,-1.4,-0.3891,1.4531,0.0,0.0,12.8293,2.9254629611968994,2.9254629611968994,-6.63,0,1,180,1.015,0.0696,1.0,0.4844,0.0209,0.3,0.1937,0.5146,2.4446
197.15,4,RETURN_HOME,-2.6238,12.5645,-2.0276,-1.4365,-0.2037,-1.4575,-1.4,-0.4037,1.457,0.0,0.0,12.8356,2.915989398956299,2.915989398956299,-7.63,0,1,180,1.071,0.0748,1.0,0.4857,0.0224,0.3,0.1943,0.5167,2.3857
197.2,4,RETURN_HOME,-2.6926,12.5573,-2.0271,-1.4379,-0.221,-1.4611,-1.4,-0.421,1.4619,0.0,0.0,12.8427,2.9105262756347656,2.9105262756347656,-5.88,0,1,180,0.991,0.0808,1.0,0.4873,0.0242,0.3,0.1949,0.5192,2.3427
197.251,4,RETURN_HOME,-2.7608,12.5513,-2.0249,-1.4388,-0.2369,-1.4634,-1.4,-0.4369,1.4666,0.0,0.0,12.8513,2.905099868774414,2.905099868774414,-5.63,0,1,180,1.203,0.0859,1.0,0.4889,0.0258,0.3,0.1955,0.5213,2.2944
197.3,4,RETURN_HOME,-2.8063,12.5465,-2.0235,-1.4394,-0.2478,-1.4642,-1.4,-0.4478,1.4699,0.0,0.0,12.8565,2.8995394706726074,2.8995394706726074,-6.88,0,1,180,1.063,0.0894,1.0,0.49,0.0268,0.3,0.196,0.5228,2.2386
197.351,4,RETURN_HOME,-2.875,12.5384,-2.0217,-1.4402,-0.2642,-1.4643,-1.4,-0.4642,1.475,0.0,0.0,12.8637,2.8864431381225586,2.8864431381225586,-4.63,0,1,180,1.203,0.0946,1.0,0.4917,0.0284,0.3,0.1967,0.525,2.1409
197.4,4,RETURN_HOME,-2.9451,12.5297,-2.0198,-1.4418,-0.2805,-1.4633,-1.4,-0.4805,1.4802,0.0,0.0,12.8712,2.882298707962036,2.882298707962036,-3.88,0,1,180,1.039,0.0996,1.0,0.4934,0.0299,0.3,0.1974,0.5272,2.0954
197.451,4,RETURN_HOME,-3.0035,12.5214,-2.0186,-1.443,-0.2946,-1.4615,-1.4,-0.4946,1.4848,0.0,0.0,12.8766,2.876107692718506,2.876107692718506,-2.88,0,1,180,1.112,0.104,1.0,0.4949,0.0312,0.3,0.198,0.5292,2.0405
197.5,4,RETURN_HOME,-3.0609,12.5116,-2.0162,-1.4435,-0.3093,-1.4589,-1.4,-0.5093,1.4898,0.0,0.0,12.8806,2.8661959171295166,2.8661959171295166,-1.38,0,1,180,1.035,0.1087,1.0,0.4966,0.0326,0.3,0.1986,0.5313,1.951
197.551,4,RETURN_HOME,-3.1283,12.4978,-2.0116,-1.4429,-0.3277,-1.4546,-1.4,-0.5277,1.4961,0.0,0.0,12.8834,2.8628616333007812,2.8628616333007812,-0.63,0,1,180,1.148,0.1149,1.0,0.4987,0.0345,0.3,0.1995,0.534,1.9013
197.601,4,RETURN_HOME,-3.1958,12.4831,-2.008,-1.4423,-0.3462,-1.4495,-1.3,-0.5462,1.4101,0.0,0.0,12.8857,2.8569600582122803,2.8569600582122803,1.13,0,1,180,1.086,0.1466,1.0,0.47,0.044,0.3,0.188,0.532,2.103
197.65,4,RETURN_HOME,-3.251,12.4693,-2.0078,-1.4416,-0.3621,-1.4447,-1.3,-0.5621,1.4163,0.0,0.0,12.8861,2.8516640663146973,2.8516640663146973,1.63,0,1,180,1.09,0.1524,1.0,0.4721,0.0457,0.3,0.1888,0.5346,2.0551
197.7,4,RETURN_HOME,-3.3167,12.4513,-2.0096,-1.4407,-0.3815,-1.4382,-1.3,-0.5815,1.4241,0.0,0.0,12.8854,2.8510899543762207,2.8510899543762207,2.63,0,1,180,1.101,0.1596,1.0,0.4747,0.0479,0.3,0.1899,0.5378,2.0077
197.751,4,RETURN_HOME,-3.3717,12.4355,-2.0111,-1.4383,-0.3979,-1.4323,-1.3,-0.5979,1.4309,0.0,0.0,12.8845,2.848785400390625,2.848785400390625,3.38,0,1,180,1.127,0.1655,1.0,0.477,0.0497,0.3,0.1908,0.5404,1.9536
197.8,4,RETURN_HOME,-3.4244,12.4212,-2.0115,-1.4336,-0.4133,-1.4259,-1.3,-0.6133,1.4374,0.0,0.0,12.8846,2.8441100120544434,2.8441100120544434,4.63,0,1,180,0.975,0.1709,1.0,0.4791,0.0513,0.3,0.1917,0.5429,1.8657
197.85,4,RETURN_HOME,-3.4874,12.4036,-2.0117,-1.4261,-0.4314,-1.4176,-1.3,-0.6314,1.4452,0.0,0.0,12.8845,2.8455307483673096,2.8455307483673096,5.38,0,1,180,1.034,0.1771,1.0,0.4817,0.0531,0.3,0.1927,0.5458,1.8145
197.9,4,RETURN_HOME,-3.5402,12.3878,-2.012,-1.4191,-0.4468,-1.4103,-1.3,-0.6468,1.452,0.0,0.0,12.8837,2.844379425048828,2.844379425048828,5.88,0,1,180,1.052,0.1823,1.0,0.484,0.0547,0.3,0.1936,0.5483,1.7619
197.95,4,RETURN_HOME,-3.5943,12.372,-2.012,-1.4124,-0.4616,-1.4026,-1.3,-0.6616,1.4587,0.0,0.0,12.8835,2.843108892440796,2.843108892440796,7.13,0,1,180,1.088,0.1869,1.0,0.4862,0.0561,0.3,0.1945,0.5506,1.6771
198.0,4,RETURN_HOME,-3.6595,12.3521,-2.0119,-1.4046,-0.4794,-1.3933,-1.3,-0.6794,1.4668,0.0,0.0,12.8828,2.844351291656494,2.844351291656494,7.88,0,1,180,1.018,0.1923,1.0,0.4889,0.0577,0.3,0.1956,0.5533,1.6243
198.052,4,RETURN_HOME,-3.7247,12.331,-2.012,-1.3974,-0.4975,-1.3838,-1.3,-0.6975,1.4753,0.0,0.0,12.8813,2.845024585723877,2.845024585723877,8.63,0,1,180,1.839,0.1978,1.0,0.4918,0.0593,0.3,0.1967,0.556,1.5683
198.101,4,RETURN_HOME,-3.7834,12.3116,-2.0093,-1.3942,-0.5136,-1.3761,-1.3,-0.7136,1.483,0.0,0.0,12.8798,2.846529483795166,2.846529483795166,9.63,0,1,180,1.702,0.2025,1.0,0.4943,0.0607,0.3,0.1977,0.5585,1.4882
198.151,4,RETURN_HOME,-3.8532,12.2873,-2.0066,-1.3908,-0.5331,-1.3668,-1.3,-0.7331,1.4925,0.0,0.0,12.8773,2.896364212036133,2.848945140838623,10.38,0,1,180,1.621,0.2081,1.0,0.4975,0.0624,0.3,0.199,0.5614,1.439
198.202,4,RETURN_HOME,-3.9106,12.2664,-2.0053,-1.388,-0.5494,-1.3592,-1.1,-0.7494,1.331,0.0,0.0,12.8746,2.9799256324768066,2.849821090698242,10.89,0,1,180,2.785,0.2854,1.0,0.4437,0.0856,0.3,0.1775,0.5631,1.9858
198.251,4,RETURN_HOME,-3.9663,12.2454,-2.0063,-1.3853,-0.5648,-1.3517,-1.1,-0.7648,1.3397,0.0,0.0,12.8717,3.122821569442749,2.859374523162842,12.14,0,1,180,1.722,0.2901,1.0,0.4466,0.087,0.3,0.1786,0.5657,1.9098
198.301,4,RETURN_HOME,-4.0332,12.2192,-2.0076,-1.3825,-0.5836,-1.3431,-1.1,-0.7836,1.3505,0.0,0.0,12.8676,3.1940462589263916,2.863438129425049,12.89,0,1,180,1.79,0.2957,1.0,0.4502,0.0887,0.3,0.1801,0.5688,1.8572
198.351,4,RETURN_HOME,-4.1015,12.1922,-2.0092,-1.376,-0.6027,-1.3348,-1.1,-0.8027,1.3617,0.0,0.0,12.8636,3.269019603729248,2.872159957885742,13.64,0,1,180,1.794,0.3011,1.0,0.4539,0.0903,0.3,0.1816,0.5719,1.8042
198.401,4,RETURN_HOME,-4.1605,12.1694,-2.0111,-1.368,-0.6182,-1.328,-1.1,-0.8182,1.371,0.0,0.0,12.861,3.403052568435669,2.878466844558716,14.64,0,1,180,1.731,0.3052,1.0,0.457,0.0916,0.3,0.1828,0.5743,1.7276
198.451,4,RETURN_HOME,-4.2303,12.141,-2.0131,-1.3545,-0.6369,-1.3198,-1.1,-0.8369,1.3822,0.0,0.0,12.8569,3.467787265777588,2.8811118602752686,15.14,0,1,180,1.787,0.3099,1.0,0.4607,0.093,0.3,0.1843,0.5773,1.6782
198.502,4,RETURN_HOME,-4.2864,12.1163,-2.0151,-1.3408,-0.6525,-1.313,-1.1,-0.8525,1.3917,0.0,0.0,12.8521,3.5392634868621826,2.890758752822876,16.14,0,1,180,2.06,0.3139,1.0,0.4639,0.0942,0.3,0.1856,0.5797,1.6296
198.551,4,RETURN_HOME,-4.3403,12.0903,-2.0177,-1.3257,-0.6683,-1.3062,-1.1,-0.8683,1.4014,0.0,0.0,12.8458,3.6547691822052,2.902940034866333,17.14,0,1,180,1.725,0.318,1.0,0.4671,0.0954,0.3,0.1869,0.5822,1.5559
198.601,4,RETURN_HOME,-4.4042,12.0582,-2.0203,-1.3077,-0.6874,-1.2981,-1.1,-0.8874,1.4134,0.0,0.0,12.8373,3.712191104888916,2.9047482013702393,17.89,0,1,180,1.694,0.3228,1.0,0.4711,0.0968,0.3,0.1884,0.5853,1.5068
198.651,4,RETURN_HOME,-4.4692,12.0223,-2.026,-1.2915,-0.7076,-1.29,-1.0915,-0.9076,1.4195,0.0,0.0,12.8262,3.7734265327453613,2.912118911743164,18.39,0,1,180,1.66,0.3314,1.0,0.4732,0.0994,0.3,0.1893,0.5887,1.4786
198.701,4,RETURN_HOME,-4.5233,11.9909,-2.0313,-1.2793,-0.7247,-1.2835,-1.0793,-0.9247,1.4212,0.0,0.0,12.8156,3.8761041164398193,2.9237332344055176,19.64,0,1,180,1.649,0.3407,1.0,0.4737,0.1022,0.3,0.1895,0.5917,1.4454
198.751,4,RETURN_HOME,-4.5766,11.959,-2.0359,-1.2682,-0.7417,-1.2771,-1.0682,-0.9417,1.424,0.0,0.0,12.8048,3.9270429611206055,2.934976816177368,20.39,0,1,180,1.735,0.3495,1.0,0.4747,0.1049,0.3,0.1899,0.5947,1.4324
198.801,4,RETURN_HOME,-4.638,11.9222,-2.0412,-1.2555,-0.7609,-1.2698,-1.0555,-0.9609,1.4274,0.0,0.0,12.7926,6.590207576751709,2.9399988651275635,20.89,0,1,180,1.592,0.3593,1.0,0.4758,0.1078,0.3,0.1903,0.5981,1.4202
198.851,4,RETURN_HOME,-4.6879,11.8917,-2.0451,-1.2454,-0.7765,-1.264,-1.0454,-0.9765,1.4305,0.0,0.0,12.7824,6.576246738433838,2.9512884616851807,22.15,0,1,180,1.627,0.3671,1.0,0.4768,0.1101,0.3,0.1907,0.6009,1.381
198.901,4,RETURN_HOME,-4.7473,11.8542,-2.0489,-1.2336,-0.7953,-1.2572,-1.0336,-0.9953,1.4349,0.0,0.0,12.7695,6.568942546844482,2.96457576751709,22.9,0,1,180,1.514,0.3761,1.0,0.4783,0.1128,0.3,0.1913,0.6042,1.3707
198.951,4,RETURN_HOME,-4.7991,11.8243,-2.0517,-1.2248,-0.8107,-1.2517,-1.0248,-1.0107,1.4393,0.0,0.0,12.7611,6.562446117401123,2.969973564147949,23.4,0,1,180,1.741,0.3829,1.0,0.4798,0.1149,0.3,0.1919,0.6068,1.3507
199.002,4,RETURN_HOME,-4.8503,11.7934,-2.0538,-1.2157,-0.8263,-1.2464,-1.0157,-1.0263,1.4439,0.0,0.0,12.7519,6.553380012512207,2.971101760864258,24.15,0,1,180,1.848,0.3898,1.0,0.4813,0.1169,0.3,0.1925,0.6095,1.3361
199.051,4,RETURN_HOME,-4.9108,11.7552,-2.0556,-1.2044,-0.8453,-1.2402,-1.0044,-1.0453,1.4497,0.0,0.0,12.7398,6.537119388580322,2.9913835525512695,25.4,0,1,180,1.606,0.3983,1.0,0.4832,0.1195,0.3,0.1933,0.6128,1.3013
199.101,4,RETURN_HOME,-4.9579,11.721,-2.0498,-1.1933,-0.8628,-1.2351,-0.9933,-1.0628,1.4547,0.0,0.0,12.7265,6.5313029289245605,3.001303195953369,26.15,0,1,180,1.692,0.4069,1.0,0.4849,0.1221,0.3,0.194,0.616,1.2883
199.152,4,RETURN_HOME,-5.0047,11.686,-2.0443,-1.182,-0.8804,-1.2301,-0.982,-1.0804,1.46,0.0,0.0,12.7126,6.519171714782715,3.0071828365325928,26.65,0,1,180,1.921,0.4155,1.0,0.4867,0.1246,0.3,0.1947,0.6193,1.2805
199.201,4,RETURN_HOME,-5.0603,11.6431,-2.0383,-1.1683,-0.9016,-1.2243,-0.9683,-1.1016,1.4667,0.0,0.0,12.6952,6.504913806915283,3.028212785720825,27.9,0,1,180,1.65,0.4257,1.0,0.4889,0.1277,0.3,0.1956,0.6233,1.2531
199.251,4,RETURN_HOME,-5.1151,11.5993,-2.0347,-1.1544,-0.9223,-1.2185,-0.9544,-1.1223,1.4732,0.0,0.0,12.6771,6.495021820068359,3.0387015342712402,28.65,0,1,180,1.552,0.4357,1.0,0.4911,0.1307,0.3,0.1964,0.6271,1.2513
199.301,4,RETURN_HOME,-5.1603,11.562,-2.032,-1.1428,-0.9396,-1.2137,-0.9428,-1.1396,1.479,0.0,0.0,12.6614,6.486596584320068,3.0529422760009766,29.15,0,1,180,1.718,0.4438,1.0,0.493,0.1331,0.3,0.1972,0.6303,1.2506
199.351,4,RETURN_HOME,-5.2055,11.5242,-2.0289,-1.1314,-0.9568,-1.2089,-0.9314,-1.1568,1.4852,0.0,0.0,12.6453,6.46773624420166,3.0682525634765625,30.65,0,1,180,1.53,0.4517,1.0,0.4951,0.1355,0.3,0.198,0.6335,1.2238
199.401,4,RETURN_HOME,-5.2513,11.4861,-2.024,-1.1202,-0.974,-1.2043,-0.9202,-1.174,1.4916,0.0,0.0,12.6296,6.456974983215332,3.08365797996521,31.15,0,1,180,1.777,0.4593,1.0,0.4972,0.1378,0.3,0.1989,0.6367,1.2122
199.451,4,RETURN_HOME,-5.3055,11.4394,-2.0187,-1.1066,-0.9948,-1.1987,-0.9066,-1.1948,1.4998,0.0,0.0,12.6098,6.449577808380127,3.087507724761963,31.9,0,1,180,1.705,0.4683,1.0,0.4999,0.1405,0.3,0.2,0.6405,1.2087
199.501,4,RETURN_HOME,-5.3508,11.4,-2.0151,-1.0956,-1.0122,-1.1941,-0.8956,-1.1122,1.4279,0.0,0.0,12.5933,6.426356792449951,3.111070394515991,33.16,0,1,180,1.533,0.4386,1.0,0.476,0.1316,0.3,0.1904,0.622,1.1795
199.551,4,RETURN_HOME,-5.4079,11.3536,-2.0126,-1.0834,-1.0331,-1.1885,-0.8834,-1.1331,1.4367,0.0,0.0,12.5758,6.414679527282715,3.1273908615112305,33.91,0,1,180,1.741,0.4476,1.0,0.4789,0.1343,0.3,0.1916,0.6258,1.1769
199.601,4,RETURN_HOME,-5.4637,11.3058,-2.0104,-1.071,-1.0539,-1.1831,-0.871,-1.1539,1.4457,0.0,0.0,12.5568,6.403620719909668,3.133129596710205,34.41,0,1,180,1.638,0.4565,1.0,0.4819,0.1369,0.3,0.1928,0.6297,1.1744
199.651,4,RETURN_HOME,-5.5071,11.2657,-2.0085,-1.0596,-1.0688,-1.1787,-0.8596,-1.1688,1.4509,0.0,0.0,12.5397,6.379008769989014,3.1588029861450195,35.66,0,1,180,1.686,0.4635,1.0,0.4836,0.1391,0.3,0.1935,0.6325,1.1472
199.701,4,RETURN_HOME,-5.5548,11.2176,-2.006,-1.0442,-1.0841,-1.1733,-0.8442,-1.1841,1.4542,0.0,0.0,12.5176,6.367585182189941,3.1697165966033936,36.41,0,1,180,1.517,0.4721,1.0,0.4847,0.1416,0.3,0.1939,0.6355,1.1497
199.751,4,RETURN_HOME,-5.5942,11.1766,-2.0043,-1.0313,-1.0958,-1.1689,-0.8313,-1.1958,1.4563,0.0,0.0,12.4985,6.35623836517334,3.183411121368408,36.91,0,1,180,1.701,0.4788,1.0,0.4854,0.1436,0.3,0.1942,0.6378,1.1514
199.801,4,RETURN_HOME,-5.6392,11.1241,-2.0008,-1.015,-1.1103,-1.1634,-0.815,-1.2103,1.4591,0.0,0.0,12.4719,6.3327860832214355,3.2061612606048584,38.16,0,1,180,1.534,0.4873,1.0,0.4864,0.1462,0.3,0.1946,0.6407,1.1414
199.851,4,RETURN_HOME,-5.6831,11.0699,-1.9972,-0.9985,-1.1253,-1.1578,-0.7985,-1.2253,1.4625,0.0,0.0,12.4435,6.3196306228637695,3.221468210220337,38.91,0,1,180,1.629,0.4959,1.0,0.4875,0.1488,0.3,0.195,0.6438,1.1514
199.901,4,RETURN_HOME,-5.7195,11.0241,-1.9947,-0.9851,-1.1377,-1.1532,-0.7851,-1.2377,1.4657,0.0,0.0,12.4195,6.305052757263184,3.2352073192596436,39.41,0,1,180,1.986,0.5029,1.0,0.4914,0.1509,0.3,0.1966,0.6474,1.1595
199.951,4,RETURN_HOME,-5.7597,10.9683,-1.9936,-0.9681,-1.1523,-1.1476,-0.7681,-1.2523,1.4691,0.0,0.0,12.3886,6.2829670906066895,3.2592413425445557,40.66,0,1,180,1.713,0.5117,1.0,0.5011,0.1535,0.3,0.2004,0.6539,1.1525
200.001,4,RETURN_HOME,-5.7995,10.9118,-1.9931,-0.9512,-1.1669,-1.1419,-0.7512,-1.2669,1.4729,0.0,0.0,12.3573,6.267709255218506,3.2743477821350098,41.41,0,1,180,1.773,0.5202,1.0,0.5108,0.1561,0.3,0.2043,0.6604,1.1624
200.051,4,RETURN_HOME,-5.8331,10.8639,-1.9931,-0.9378,-1.1792,-1.1372,-0.7378,-1.2792,1.4767,0.0,0.0,12.3308,6.245380878448486,3.30387282371521,42.66,0,1,180,1.762,0.5269,1.0,0.5187,0.1581,0.3,0.2075,0.6655,1.1531
200.101,4,RETURN_HOME,-5.8757,10.804,-1.9939,-0.9226,-1.1945,-1.1316,-0.7226,-1.2945,1.4825,0.0,0.0,12.2984,6.232198715209961,3.3209075927734375,42.91,0,1,180,1.657,0.5342,1.0,0.528,0.1603,0.3,0.2112,0.6714,1.1652
200.152,4,RETURN_HOME,-5.9178,10.7438,-1.9949,-0.9076,-1.2095,-1.126,-0.7076,-1.3095,1.4885,0.0,0.0,12.2658,6.223020076751709,3.333503007888794,43.67,0,1,180,2.331,0.5412,1.0,0.5371,0.1624,0.3,0.2148,0.6772,1.169
200.202,4,RETURN_HOME,-5.9519,10.6941,-1.9962,-0.895,-1.2217,-1.1212,-0.695,-1.3217,1.4933,0.0,0.0,12.2389,6.208035945892334,3.364819049835205,44.92,0,1,180,2.472,0.547,1.0,0.5446,0.1641,0.3,0.2178,0.6819,1.1569
200.251,4,RETURN_HOME,-5.9915,10.6356,-1.9985,-0.8797,-1.2358,-1.1156,-0.6797,-1.3358,1.4988,0.0,0.0,12.2071,6.204026699066162,3.3803610801696777,45.42,0,1,180,1.641,0.5539,1.0,0.5535,0.1662,0.3,0.2214,0.6876,1.1605
200.301,4,RETURN_HOME,-6.0243,10.5861,-2.0002,-0.8669,-1.2475,-1.1109,-0.6669,-1.2475,1.4146,0.0,0.0,12.1802,6.200787544250488,3.39800763130188,45.92,0,1,180,1.703,0.5333,1.0,0.5029,0.16,0.3,0.2012,0.6612,1.1661
200.351,4,RETURN_HOME,-6.0568,10.5369,-2.0005,-0.8541,-1.2589,-1.1062,-0.6541,-1.2589,1.4187,0.0,0.0,12.1536,6.2043538093566895,3.4050452709198,-116.23,0,1,180,1.801,0.5396,1.0,0.5103,0.1619,0.3,0.2041,0.666,1.1597
200.401,4,RETURN_HOME,-6.0956,10.4781,-1.9987,-0.8387,-1.2723,-1.1006,-0.6387,-1.2723,1.4236,0.0,0.0,12.1222,6.211302757263184,3.3756356239318848,-117.98,0,1,180,1.664,0.5469,1.0,0.519,0.1641,0.3,0.2076,0.6717,1.1716
200.451,4,RETURN_HOME,-6.134,10.4184,-1.9972,-0.8235,-1.2832,-1.0951,-0.6235,-1.2832,1.4267,0.0,0.0,12.0901,6.224656581878662,3.345902681350708,-117.98,0,1,180,1.706,0.5533,1.0,0.5263,0.166,0.3,0.2105,0.6765,1.184
200.501,4,RETURN_HOME,-6.161,10.379,-1.9944,-0.8143,-1.289,-1.0914,-0.6143,-1.289,1.4279,0.0,0.0,12.0699,6.279541015625,3.290217399597168,-117.73,0,1,180,1.658,0.5567,1.0,0.5299,0.167,0.3,0.212,0.679,1.1699
200.551,4,RETURN_HOME,-6.2034,10.3201,-1.988,-0.8013,-1.296,-1.0859,-0.6013,-1.296,1.4287,0.0,0.0,12.0411,7.607365131378174,3.2637314796447754,-117.48,0,1,180,1.781,0.5606,1.0,0.534,0.1682,0.3,0.2136,0.6818,1.1741
200.601,4,RETURN_HOME,-6.2447,10.2605,-1.9827,-0.7878,-1.3023,-1.0804,-0.5878,-1.3,1.4267,0.0,0.0,12.0114,7.569569110870361,3.2347238063812256,-118.99,0,1,180,1.83,0.5642,1.0,0.5366,0.1693,0.3,0.2146,0.6839,1.1798
200.651,4,RETURN_HOME,-6.27,10.2206,-1.9797,-0.7776,-1.3065,-1.0767,-0.5776,-1.3,1.4226,0.0,0.0,11.9906,7.535787582397461,3.208733320236206,-119.49,0,1,180,1.787,0.5666,1.0,0.5374,0.17,0.3,0.2149,0.6849,1.1855
200.701,4,RETURN_HOME,-6.3067,10.1602,-1.9759,-0.7618,-1.3129,-1.0712,-0.5618,-1.3,1.4162,0.0,0.0,11.9585,7.467198848724365,3.1581766605377197,-120.24,0,1,180,1.685,0.5707,1.0,0.5388,0.1712,0.3,0.2155,0.6867,1.1887
200.751,4,RETURN_HOME,-6.3427,10.0992,-1.9731,-0.7457,-1.3195,-1.0657,-0.5457,-1.3,1.4099,0.0,0.0,11.9257,7.430237770080566,3.1302783489227295,-119.74,0,1,180,1.702,0.575,1.0,0.5404,0.1725,0.3,0.2162,0.6887,1.2025
200.801,4,RETURN_HOME,-6.3709,10.0473,-1.9707,-0.7322,-1.3252,-1.0611,-0.5322,-1.4,1.4977,0.0,0.0,11.897,7.3936767578125,3.104363203048706,-120.24,0,1,180,1.707,0.5991,1.0,0.5982,0.1797,0.3,0.2393,0.719,1.2052
200.851,4,RETURN_HOME,-6.4039,9.9845,-1.9686,-0.7161,-1.3317,-1.0556,-0.5161,-1.4,1.4921,0.0,0.0,11.8618,7.326380729675293,3.0560505390167236,-119.99,0,1,180,1.722,0.6031,1.0,0.5999,0.1809,0.3,0.24,0.7209,1.2133
200.901,4,RETURN_HOME,-6.4311,9.9319,-1.9674,-0.7027,-1.3368,-1.051,-0.5027,-1.4,1.4875,0.0,0.0,11.8322,7.287525177001953,3.0292181968688965,-120.24,0,1,180,1.584,0.6063,1.0,0.6013,0.1819,0.3,0.2405,0.7224,1.2253
200.951,4,RETURN_HOME,-6.4564,9.8779,-1.9707,-0.6892,-1.3444,-1.0464,-0.4892,-1.4,1.483,0.0,0.0,11.8008,7.252005100250244,3.0052454471588135,-119.24,0,1,180,1.861,0.6097,1.0,0.6028,0.1829,0.3,0.2411,0.724,1.2371
201.002,4,RETURN_HOME,-6.4864,9.8128,-1.9745,-0.6732,-1.3552,-1.0408,-0.4732,-1.4,1.4778,0.0,0.0,11.7628,7.184768199920654,2.959815740585327,-119.74,0,1,180,2.254,0.6137,1.0,0.6046,0.1841,0.3,0.2419,0.726,1.247
201.051,4,RETURN_HOME,-6.5112,9.7581,-1.9775,-0.6601,-1.3651,-1.0362,-0.4601,-1.4,1.4737,0.0,0.0,11.731,7.145126819610596,2.9342424869537354,-120.24,0,1,180,1.843,0.617,1.0,0.6061,0.1851,0.3,0.2425,0.7275,1.2589
201.101,4,RETURN_HOME,-6.5438,9.6924,-1.9806,-0.6456,-1.3765,-1.0307,-0.4456,-1.4,1.4692,0.0,0.0,11.6946,7.109728813171387,2.9117860794067383,-120.99,0,1,180,1.707,0.6201,1.0,0.6073,0.186,0.3,0.2429,0.7289,1.2732
201.151,4,RETURN_HOME,-6.5704,9.6372,-1.9831,-0.6334,-1.3856,-1.0261,-0.4334,-1.4,1.4656,0.0,0.0,11.6638,7.037294864654541,2.8695552349090576,-120.49,0,1,180,1.673,0.6227,1.0,0.6084,0.1868,0.3,0.2434,0.7302,1.2776
201.201,4,RETURN_HOME,-6.6008,9.5697,-1.9871,-0.6185,-1.3962,-1.0206,-0.4185,-1.4,1.4612,0.0,0.0,11.6254,6.996407508850098,2.84570574760437,-121.99,0,1,180,1.567,0.6261,1.0,0.6099,0.1878,0.3,0.244,0.7318,1.2918
201.252,4,RETURN_HOME,-6.6247,9.512,-1.992,-0.6054,-1.405,-1.016,-0.4054,-1.4,1.4575,0.0,0.0,11.5916,6.958385944366455,2.823848009109497,-121.24,0,1,180,1.227,0.6293,1.0,0.6114,0.1888,0.3,0.2446,0.7334,1.3076
201.301,4,RETURN_HOME,-6.6527,9.4426,-1.9973,-0.5895,-1.4143,-1.0106,-0.3895,-1.4,1.4532,0.0,0.0,11.5508,6.884805202484131,2.784731388092041,-120.74,0,1,180,1.64,0.6332,1.0,0.6134,0.19,0.3,0.2454,0.7353,1.3219
201.351,4,RETURN_HOME,-6.6749,9.3853,-2.0039,-0.5759,-1.4212,-1.006,-0.3759,-1.4,1.4496,0.0,0.0,11.5169,6.843039035797119,2.7617762088775635,-122.49,0,1,180,1.114,0.6367,1.0,0.6153,0.191,0.3,0.2461,0.7371,1.3383
201.401,4,RETURN_HOME,-6.6998,9.3176,-2.0154,-0.5594,-1.4282,-1.0006,-0.3594,-1.4,1.4454,0.0,0.0,11.4763,6.803967475891113,2.742875099182129,-122.24,0,1,180,1.035,0.6413,1.0,0.6179,0.1924,0.3,0.2472,0.7395,1.3612
201.451,4,RETURN_HOME,-6.7202,9.2608,-2.0236,-0.5456,-1.4334,-0.996,-0.3456,-1.4,1.442,0.0,0.0,11.4422,6.728606224060059,2.705828905105591,-121.99,0,1,180,1.721,0.645,1.0,0.6201,0.1935,0.3,0.248,0.7415,1.3766
201.5,4,RETURN_HOME,-6.7406,9.2034,-2.0313,-0.5321,-1.4383,-0.9914,-0.3321,-1.4,1.4389,0.0,0.0,11.4078,6.684458255767822,2.683540105819702,-122.99,0,1,180,0.933,0.6486,1.0,0.6221,0.1946,0.3,0.2489,0.7434,1.3934
201.55,4,RETURN_HOME,-6.7651,9.1337,-2.04,-0.5162,-1.444,-0.9858,-0.3162,-1.4,1.4353,0.0,0.0,11.3663,6.646100997924805,2.6658146381378174,-122.24,0,1,180,1.097,0.6527,1.0,0.6245,0.1958,0.3,0.2498,0.7456,1.415
201.601,4,RETURN_HOME,-6.785,9.0755,-2.0459,-0.503,-1.4483,-0.9811,-0.303,-1.4,1.4324,0.0,0.0,11.3315,6.608842849731445,2.648249387741089,-122.74,0,1,180,1.153,0.6562,1.0,0.6266,0.1968,0.3,0.2506,0.7475,1.4339
201.65,4,RETURN_HOME,-6.808,9.0056,-2.052,-0.4868,-1.4531,-0.9755,-0.2868,-1.4,1.4291,0.0,0.0,11.2893,6.526333332061768,2.6119518280029297,-122.49,0,1,180,1.057,0.6605,1.0,0.6292,0.1981,0.3,0.2517,0.7498,1.455
201.7,4,RETURN_HOME,-6.8264,8.9472,-2.056,-0.4731,-1.4568,-0.9708,-0.2731,-1.4,1.4264,0.0,0.0,11.254,6.4863667488098145,2.595564126968384,-124.74,0,1,180,1.052,0.6642,1.0,0.6316,0.1993,0.3,0.2526,0.7519,1.4756
201.751,4,RETURN_HOME,-6.848,8.8769,-2.0597,-0.4565,-1.4608,-0.9652,-0.2565,-1.4,1.4233,0.0,0.0,11.2114,6.409623146057129,2.563258409500122,-125.49,0,1,180,1.169,0.6687,1.0,0.6345,0.2006,0.3,0.2538,0.7544,1.5001
201.8,4,RETURN_HOME,-6.8684,8.8194,-2.0598,-0.444,-1.4631,-0.9605,-0.244,-1.4,1.4211,0.0,0.0,11.1784,6.3668742179870605,2.5451583862304688,-123.49,0,1,180,1.079,0.6718,1.0,0.6364,0.2015,0.3,0.2546,0.7561,1.5172
201.85,4,RETURN_HOME,-6.8927,8.7503,-2.0588,-0.4291,-1.4655,-0.9549,-0.2291,-1.4,1.4186,0.0,0.0,11.139,6.326557636260986,2.530578136444092,-126.99,0,1,180,1.124,0.6753,1.0,0.6387,0.2026,0.3,0.2555,0.7581,1.5387
201.9,4,RETURN_HOME,-6.912,8.6925,-2.0575,-0.4163,-1.4674,-0.9503,-0.2163,-1.4,1.4166,0.0,0.0,11.1057,6.2489142417907715,2.5011730194091797,-125.99,0,1,180,0.974,0.6785,1.0,0.6408,0.2035,0.3,0.2563,0.7598,1.4651
201.951,4,RETURN_HOME,-6.9342,8.6215,-2.0556,-0.4011,-1.4699,-0.9448,-0.2011,-1.4,1.4144,0.0,0.0,11.064,6.202154159545898,2.4847185611724854,-125.49,0,1,180,1.185,0.6822,1.0,0.6433,0.2047,0.3,0.2573,0.762,1.4108
202.001,4,RETURN_HOME,-6.9518,8.562,-2.0537,-0.3881,-1.472,-0.9402,-0.1881,-1.4,1.4126,0.0,0.0,11.0289,6.162805080413818,2.4707746505737305,-124.24,0,1,180,1.123,0.6855,1.0,0.6455,0.2056,0.3,0.2582,0.7639,1.3647
202.051,4,RETURN_HOME,-6.9687,8.5025,-2.0517,-0.3748,-1.4739,-0.9355,-0.1748,-1.4,1.4109,0.0,0.0,10.9935,6.123464584350586,2.4572157859802246,-126.74,0,1,180,1.182,0.6889,1.0,0.648,0.2067,0.3,0.2592,0.7659,1.3182
202.1,4,RETURN_HOME,-6.984,8.442,-2.0458,-0.3613,-1.4758,-0.9309,-0.1613,-1.4,1.4093,0.0,0.0,10.9565,6.038025379180908,2.4288625717163086,-126.74,0,1,180,0.994,0.6925,1.0,0.6506,0.2078,0.3,0.2602,0.768,1.2281
202.15,4,RETURN_HOME,-6.9987,8.3817,-2.0404,-0.3474,-1.4776,-0.9263,-0.1474,-1.4,1.4077,0.0,0.0,10.9194,5.996971607208252,2.415966272354126,-124.99,0,1,180,1.048,0.6962,1.0,0.6534,0.2089,0.3,0.2614,0.7702,1.1791
202.201,4,RETURN_HOME,-7.0155,8.3093,-2.0343,-0.3306,-1.4795,-0.9208,-0.1306,-1.4,1.4061,0.0,0.0,10.8748,5.9567389488220215,2.405510902404785,-126.24,0,1,180,1.189,0.7009,1.0,0.657,0.2103,0.3,0.2628,0.7731,1.126
202.251,4,RETURN_HOME,-7.0327,8.2368,-2.029,-0.3138,-1.4816,-0.9153,-0.1138,-1.4,1.4046,0.0,0.0,10.8307,5.872195243835449,2.380641460418701,-128.24,0,1,180,1.139,0.7054,1.0,0.6606,0.2116,0.3,0.2642,0.7758,1.0332
202.301,4,RETURN_HOME,-7.0488,8.1645,-2.0243,-0.2968,-1.4834,-0.9098,-0.0968,-1.3,1.3036,0.0,0.0,10.7863,5.831446170806885,2.3701295852661133,-127.74,0,1,180,1.048,0.7063,1.0,0.6139,0.2119,0.3,0.2455,0.7574,1.2176
202.351,4,RETURN_HOME,-7.0619,8.1037,-2.0205,-0.2827,-1.4851,-0.9051,-0.0827,-1.3,1.3026,0.0,0.0,10.749,5.790889263153076,2.3596904277801514,-128.24,0,1,180,1.091,0.7107,1.0,0.6172,0.2132,0.3,0.2469,0.7601,1.1647
202.4,4,RETURN_HOME,-7.075,8.0423,-2.0167,-0.2688,-1.4872,-0.9004,-0.0688,-1.3,1.3018,0.0,0.0,10.7114,5.703126430511475,2.338528633117676,-128.24,0,1,180,1.031,0.7149,1.0,0.6204,0.2145,0.3,0.2482,0.7626,1.0697
202.452,4,RETURN_HOME,-7.0896,7.9689,-2.0127,-0.2522,-1.487,-0.8949,-0.0522,-1.3,1.301,0.0,0.0,10.6661,5.661240100860596,2.3289387226104736,-129.24,0,1,180,1.967,0.7199,1.0,0.6244,0.216,0.3,0.2498,0.7657,1.0157
202.501,4,RETURN_HOME,-7.1026,7.9077,-2.0111,-0.2389,-1.4845,-0.8902,-0.0389,-1.3,1.3006,0.0,0.0,10.6292,5.621234893798828,2.3202288150787354,-130.5,0,1,180,1.098,0.7237,1.0,0.6275,0.2171,0.3,0.251,0.7681,0.9636
202.551,4,RETURN_HOME,-7.1199,7.8343,-2.0115,-0.2236,-1.4795,-0.8845,-0.0236,-1.3,1.3002,0.0,0.0,10.5862,5.532907962799072,2.3018109798431396,-129.49,0,1,180,1.13,0.7277,1.0,0.6308,0.2183,0.3,0.2523,0.7706,0.871
202.601,4,RETURN_HOME,-7.133,7.7735,-2.0118,-0.2105,-1.4741,-0.8797,-0.0105,-1.2,1.2,0.0,0.0,10.5502,5.493982791900635,2.29325532913208,-128.74,0,1,180,1.098,0.7309,1.0,0.5847,0.2193,0.3,0.2339,0.7531,1.0674
202.651,4,RETURN_HOME,-7.147,7.7017,-2.0122,-0.1941,-1.4672,-0.8739,0.0059,-1.2,1.2,0.0,0.0,10.5069,5.451864242553711,2.287299633026123,-129.24,0,1,180,1.297,0.7364,1.0,0.5891,0.2209,0.3,0.2356,0.7565,1.0114
202.7,4,RETURN_HOME,-7.1593,7.6308,-2.0126,-0.1771,-1.4595,-0.8682,0.0229,-1.2,1.2002,0.0,0.0,10.4635,5.363959789276123,2.272550106048584,-130.0,0,1,180,1.056,0.7422,1.0,0.5938,0.2227,0.3,0.2375,0.7602,0.9124
202.751,4,RETURN_HOME,-7.1685,7.5721,-2.0129,-0.163,-1.4513,-0.8634,0.037,-1.2,1.2006,0.0,0.0,10.4271,5.324671268463135,2.2660794258117676,-130.75,0,1,180,1.135,0.747,1.0,0.5979,0.2241,0.3,0.2392,0.7633,0.8584
202.8,4,RETURN_HOME,-7.1778,7.5008,-2.012,-0.1456,-1.4405,-0.8576,0.0544,-1.2,1.2012,0.0,0.0,10.3818,5.283077239990234,2.261174201965332,-131.25,0,1,180,1.053,0.7531,1.0,0.6031,0.2259,0.3,0.2412,0.7671,0.8028
202.85,4,RETURN_HOME,-7.1846,7.4417,-2.0112,-0.1308,-1.4307,-0.8529,-0.0308,-1.2,1.2004,0.0,0.0,10.344,5.200906753540039,2.249835252761841,-131.75,0,1,180,1.051,0.7014,1.0,0.5613,0.2104,0.3,0.2245,0.7349,0.8912
202.9,4,RETURN_HOME,-7.1907,7.3832,-2.0104,-0.1158,-1.4206,-0.8482,-0.0158,-1.2,1.2001,0.0,0.0,10.3062,5.158997058868408,2.243931293487549,-130.75,0,1,180,1.036,0.7072,1.0,0.5658,0.2121,0.3,0.2263,0.7385,0.8237
202.95,4,RETURN_HOME,-7.1998,7.3169,-2.0067,-0.0985,-1.4069,-0.8424,0.0015,-1.2,1.2,0.0,0.0,10.2652,5.120654582977295,2.2404468059539795,-132.75,0,1,180,1.065,0.7137,1.0,0.5709,0.2141,0.3,0.2284,0.7425,0.7298
203.001,4,RETURN_HOME,-7.2067,7.2624,-2.0035,-0.086,-1.3955,-0.8374,0.114,-1.1,1.1059,0.0,0.0,10.2313,5.038560390472412,2.23266863822937,-131.5,0,1,180,1.599,0.7787,1.0,0.5741,0.2336,0.3,0.2296,0.7632,0.7237
203.051,4,RETURN_HOME,-7.214,7.1974,-2.0002,-0.0733,-1.3831,-0.8314,0.1267,-1.1,1.1073,0.0,0.0,10.1904,4.999436378479004,2.228864908218384,-130.5,0,1,180,1.697,0.7827,1.0,0.5778,0.2348,0.3,0.2311,0.7659,0.6716
203.101,4,RETURN_HOME,-7.217,7.1437,-1.9986,-0.0629,-1.3739,-0.8267,0.1371,-1.1,1.1085,0.0,0.0,10.1547,4.962679862976074,2.2255282402038574,-133.0,0,1,180,1.474,0.786,1.0,0.5809,0.2358,0.3,0.2323,0.7681,0.6274
203.151,4,RETURN_HOME,-7.2196,7.0902,-1.9974,-0.0516,-1.364,-0.8222,0.0484,-1.1,1.1011,0.0,0.0,10.119,4.881140232086182,2.220729112625122,-134.75,0,1,180,1.704,0.7314,1.0,0.5368,0.2194,0.3,0.2147,0.7341,0.6699
203.201,4,RETURN_HOME,-7.2228,7.0258,-1.9964,-0.0364,-1.3512,-0.8168,0.0636,-1.1,1.1018,0.0,0.0,10.0762,4.844048023223877,2.2183678150177,-132.25,0,1,180,1.652,0.7375,1.0,0.5417,0.2212,0.3,0.2167,0.7379,0.6161
203.251,4,RETURN_HOME,-7.2278,6.9704,-1.9965,-0.024,-1.3405,-0.8121,-0.024,-1.1,1.1003,0.0,0.0,10.0413,4.8031134605407715,2.2183051109313965,-132.75,0,1,180,1.668,0.6783,1.0,0.4976,0.2035,0.3,0.199,0.7025,0.7697
203.301,4,RETURN_HOME,-7.2325,6.9048,-1.9967,-0.0099,-1.3268,-0.8063,-0.0099,-1.1,1.1,0.0,0.0,9.9993,4.723315715789795,2.2144148349761963,-134.0,0,1,180,1.533,0.684,1.0,0.5016,0.2052,0.3,0.2006,0.7058,0.6873
203.351,4,RETURN_HOME,-7.2352,6.8507,-1.9977,0.0012,-1.3154,-0.8014,0.0012,-1.1,1.1,0.0,0.0,9.964,4.685861587524414,2.213768243789673,-133.0,0,1,180,1.842,0.6884,1.0,0.5048,0.2065,0.3,0.2019,0.7084,0.6441
203.401,4,RETURN_HOME,-7.2362,6.7863,-2.0025,0.0117,-1.3018,-0.7955,0.0117,-1.1,1.1001,0.0,0.0,9.9205,4.649652481079102,2.2123026847839355,-134.25,0,1,180,1.666,0.6918,1.0,0.5074,0.2075,0.3,0.2029,0.7105,0.6059
203.451,4,RETURN_HOME,-7.2365,6.7228,-2.0066,0.0188,-1.2891,-0.7898,-0.1812,-1.2891,1.3018,0.0,0.0,9.8774,4.573010444641113,2.2115437984466553,-135.0,0,1,180,1.61,0.572,1.0,0.4965,0.1716,0.3,0.1986,0.6702,0.888
203.501,4,RETURN_HOME,-7.2374,6.671,-2.0074,0.023,-1.2787,-0.7851,-0.177,-1.2787,1.2909,0.0,0.0,9.8429,4.536409854888916,2.213529109954834,-133.0,0,1,180,1.637,0.5705,1.0,0.491,0.1712,0.3,0.1964,0.6675,0.8822
203.551,4,RETURN_HOME,-7.2385,6.6201,-2.0066,0.0264,-1.2686,-0.7804,-0.1736,-1.2686,1.2804,0.0,0.0,9.8093,4.500387191772461,2.213590621948242,-134.0,0,1,180,1.676,0.5686,1.0,0.4854,0.1706,0.3,0.1941,0.6647,0.8823
203.601,4,RETURN_HOME,-7.2394,6.5595,-2.0058,0.026,-1.2613,-0.7746,-0.074,-1.0613,1.0639,0.0,0.0,9.7691,4.423675060272217,2.2142252922058105,-134.5,0,1,180,1.522,0.6183,1.0,0.4385,0.1855,0.3,0.1754,0.6609,0.7039
203.651,4,RETURN_HOME,-7.2394,6.5114,-2.0021,0.022,-1.2588,-0.7701,-0.078,-1.0588,1.0616,0.0,0.0,9.7369,4.3866753578186035,2.2145309448242188,-134.25,0,1,180,1.722,0.6123,1.0,0.4333,0.1837,0.3,0.1733,0.657,0.7123
203.701,4,RETURN_HOME,-7.239,6.4551,-1.9961,0.0137,-1.2591,-0.7653,-0.0863,-1.0591,1.0626,0.0,0.0,9.699,4.349515914916992,2.2149956226348877,-135.0,0,1,180,1.599,0.6027,1.0,0.4269,0.1808,0.3,0.1708,0.6516,0.7304
203.751,4,RETURN_HOME,-7.2389,6.4078,-1.9917,0.0065,-1.2579,-0.7617,-0.0935,-1.1579,1.1617,0.0,0.0,9.6675,4.267518997192383,2.216369867324829,-135.0,0,1,180,1.695,0.6004,1.0,0.465,0.1801,0.3,0.186,0.6661,0.6902
203.801,4,RETURN_HOME,-7.2386,6.3508,-1.986,-0.0008,-1.2529,-0.7576,-0.1008,-1.1529,1.1573,0.0,0.0,9.6297,4.2287983894348145,2.216620445251465,-134.75,0,1,180,1.702,0.5915,1.0,0.4564,0.1775,0.3,0.1825,0.66,0.7135
203.851,4,RETURN_HOME,-7.2385,6.2937,-1.9807,-0.006,-1.2448,-0.7533,-0.106,-1.1448,1.1497,0.0,0.0,9.5921,4.1892476081848145,2.2184865474700928,-133.75,0,1,180,1.66,0.5838,1.0,0.4475,0.1751,0.3,0.179,0.6541,0.7317
203.901,4,RETURN_HOME,-7.2386,6.2557,-1.9777,-0.0082,-1.2396,-0.7504,-0.1082,-1.1396,1.1447,0.0,0.0,9.5672,4.10653829574585,2.217132568359375,-135.0,0,1,180,1.624,0.5794,1.0,0.4422,0.1738,0.3,0.1769,0.6507,0.7238
203.951,4,RETURN_HOME,-7.2363,6.2001,-1.9722,-0.0091,-1.2315,-0.7458,-0.1091,-1.1315,1.1368,0.0,0.0,9.5292,4.067305088043213,2.2176060676574707,-134.75,0,1,180,1.685,0.5747,1.0,0.4356,0.1724,0.3,0.1742,0.6466,0.7317
204.001,4,RETURN_HOME,-7.2339,6.1447,-1.9675,-0.0094,-1.2245,-0.7413,-0.1094,-1.1245,1.1298,0.0,0.0,9.4913,4.030052661895752,2.2175841331481934,-135.0,0,1,180,1.691,0.5705,1.0,0.4297,0.1712,0.3,0.1719,0.643,0.7105
204.052,4,RETURN_HOME,-7.2322,6.0983,-1.9644,-0.0099,-1.2196,-0.7376,-0.1099,-1.1196,1.125,0.0,0.0,9.4601,3.9470739364624023,2.2173759937286377,-134.25,0,1,180,1.666,0.5669,1.0,0.4252,0.1701,0.3,0.1701,0.6401,0.6934
204.101,4,RETURN_HOME,-7.2338,6.0401,-1.9608,-0.0123,-1.2154,-0.7331,-0.1123,-1.1154,1.1211,0.0,0.0,9.4239,3.9086568355560303,2.2175681591033936,-135.0,0,1,180,1.641,0.5608,1.0,0.4191,0.1682,0.3,0.1677,0.6359,0.7009
204.152,4,RETURN_HOME,-7.2354,5.982,-1.9581,-0.0152,-1.2117,-0.7287,-0.1152,-1.1117,1.1177,0.0,0.0,9.3881,3.870492696762085,2.2154078483581543,-134.5,0,1,180,2.093,0.5544,1.0,0.4131,0.1663,0.3,0.1652,0.6315,0.71
204.201,4,RETURN_HOME,-7.2371,5.9339,-1.9568,-0.0179,-1.2087,-0.7251,-0.1179,-1.1087,1.115,0.0,0.0,9.3587,3.786846399307251,2.2165794372558594,-135.0,0,1,180,1.575,0.5487,1.0,0.4079,0.1646,0.3,0.1631,0.6278,0.7075
204.251,4,RETURN_HOME,-7.2408,5.8766,-1.9569,-0.0217,-1.2048,-0.7206,-0.2217,-1.3048,1.3235,0.0,0.0,9.3254,3.7454047203063965,2.2160770893096924,-135.0,0,1,180,1.648,0.4912,1.0,0.4412,0.1474,0.3,0.1765,0.6238,0.8873
204.301,4,RETURN_HOME,-7.2437,5.8289,-1.9573,-0.0248,-1.2012,-0.7169,-0.2248,-1.3012,1.3205,0.0,0.0,9.2977,3.707839012145996,2.2152316570281982,-134.5,0,1,180,1.614,0.4851,1.0,0.4402,0.1455,0.3,0.1761,0.6216,0.8932
204.351,4,RETURN_HOME,-7.2445,5.7734,-1.9592,-0.0274,-1.1958,-0.7122,-0.2274,-1.2958,1.3156,0.0,0.0,9.2636,3.624122381210327,2.213531017303467,-135.0,0,1,180,1.893,0.4787,1.0,0.4385,0.1436,0.3,0.1754,0.619,0.8892
204.401,4,RETURN_HOME,-7.2434,5.7281,-1.9617,-0.0304,-1.1945,-0.7081,-0.2304,-1.2945,1.3148,0.0,0.0,9.2346,3.582575559616089,2.2141380310058594,-135.0,0,1,180,1.593,0.4732,1.0,0.4383,0.142,0.3,0.1753,0.6173,0.8948
204.451,4,RETURN_HOME,-7.2426,5.6733,-1.9647,-0.0365,-1.1976,-0.7033,-0.0365,-0.9976,0.9982,0.0,0.0,9.2001,3.544447660446167,2.2126169204711914,-135.0,0,1,180,1.695,0.5875,1.0,0.391,0.1762,0.3,0.1564,0.6326,0.4999
204.501,4,RETURN_HOME,-7.2439,5.6285,-1.9681,-0.0442,-1.203,-0.6995,-0.0442,-1.003,1.004,0.0,0.0,9.1736,3.4614222049713135,2.2120532989501953,-135.0,0,1,180,1.624,0.5782,1.0,0.387,0.1735,0.3,0.1548,0.6283,0.5121
204.551,4,RETURN_HOME,-7.2466,5.5839,-1.9719,-0.0541,-1.211,-0.6962,-0.0541,-1.011,1.0125,0.0,0.0,9.1484,3.421170234680176,2.2110331058502197,-135.0,0,1,180,1.667,0.5672,1.0,0.3828,0.1702,0.3,0.1531,0.6233,0.5435
204.601,4,RETURN_HOME,-7.2501,5.5294,-1.9762,-0.0629,-1.2161,-0.6927,-0.0629,-1.0161,1.018,0.0,0.0,9.118,3.379380941390991,2.2101333141326904,-134.75,0,1,180,1.646,0.5561,1.0,0.3774,0.1668,0.3,0.151,0.6178,0.5649
204.652,4,RETURN_HOME,-7.2558,5.4838,-1.9779,-0.0677,-1.2146,-0.6898,-0.0677,-1.0146,1.0169,0.0,0.0,9.0949,3.337369203567505,2.206731081008911,-135.0,0,1,180,1.847,0.5485,1.0,0.3718,0.1646,0.3,0.1487,0.6133,0.5793
204.701,4,RETURN_HOME,-7.2629,5.4289,-1.9793,-0.0694,-1.2069,-0.6859,-0.0694,-1.0069,1.0093,0.0,0.0,9.0677,3.2461509704589844,2.205627918243408,-135.0,0,1,180,1.73,0.5422,1.0,0.3649,0.1627,0.3,0.1459,0.6086,0.5742
204.751,4,RETURN_HOME,-7.2684,5.3832,-1.9805,-0.0681,-1.197,-0.6824,-0.0681,-0.997,0.9994,0.0,0.0,9.0448,3.205005168914795,2.204042673110962,-134.75,0,1,180,1.644,0.5391,1.0,0.3591,0.1617,0.3,0.1437,0.6054,0.5691
204.801,4,RETURN_HOME,-7.2727,5.3298,-1.9799,-0.0639,-1.1826,-0.6777,-0.0639,-0.9826,0.9847,0.0,0.0,9.0166,3.11395263671875,2.2009520530700684,-135.0,0,1,180,1.552,0.5375,1.0,0.3528,0.1613,0.3,0.1411,0.6024,0.5534
204.851,4,RETURN_HOME,-7.2757,5.2856,-1.9792,-0.0597,-1.1699,-0.6735,-0.0597,-0.9699,0.9718,0.0,0.0,8.993,3.072939395904541,2.198557138442993,-135.0,0,1,180,1.77,0.5369,1.0,0.3478,0.1611,0.3,0.1391,0.6002,0.5474
204.901,4,RETURN_HOME,-7.279,5.2327,-1.9787,-0.0549,-1.1552,-0.6684,-0.0549,-0.9552,0.9568,0.0,0.0,8.9647,3.0321767330169678,2.19734525680542,-135.0,0,1,180,1.622,0.5362,1.0,0.342,0.1609,0.3,0.1368,0.5977,0.5427
204.951,4,RETURN_HOME,-7.2811,5.1909,-1.979,-0.0514,-1.1427,-0.664,-0.0514,-0.9427,0.9441,0.0,0.0,8.942,2.947528123855591,2.194922685623169,-135.0,0,1,180,1.739,0.5353,1.0,0.3369,0.1606,0.3,0.1348,0.5954,0.532
205.001,4,RETURN_HOME,-7.2834,5.1408,-1.9795,-0.0479,-1.1288,-0.6588,-0.0479,-0.9288,0.93,0.0,0.0,8.9149,2.9066529273986816,2.1962733268737793,-135.0,0,1,180,1.76,0.5338,1.0,0.331,0.1601,0.3,0.1324,0.5925,0.5289
205.051,4,RETURN_HOME,-7.285,5.0994,-1.9812,-0.0452,-1.1178,-0.6546,-0.0452,-0.9178,0.9189,0.0,0.0,8.8924,2.868731737136841,2.1941967010498047,-135.0,0,1,180,1.659,0.5325,1.0,0.3262,0.1597,0.3,0.1305,0.5902,0.5264
205.101,4,RETURN_HOME,-7.2855,5.0522,-1.9885,-0.042,-1.1047,-0.6495,-0.042,-1.0047,1.0056,0.0,0.0,8.8658,2.785442352294922,2.166567325592041,-33.41,0,1,180,1.714,0.5351,1.0,0.3587,0.1605,0.3,0.1435,0.604,0.5082
205.151,4,RETURN_HOME,-7.286,5.0125,-1.994,-0.0394,-1.0941,-0.6453,-0.0394,-0.9941,0.9949,0.0,0.0,8.8437,2.745619773864746,2.133136510848999,-33.16,0,1,180,1.8,0.5337,1.0,0.354,0.1601,0.3,0.1416,0.6017,0.5041
205.201,4,RETURN_HOME,-7.2875,4.9655,-1.9989,-0.0368,-1.0806,-0.6401,-0.0368,-0.9806,0.9813,0.0,0.0,8.8184,2.7099907398223877,2.100987195968628,-32.91,0,1,180,1.556,0.5317,1.0,0.3479,0.1595,0.3,0.1391,0.5987,0.5025
205.251,4,RETURN_HOME,-7.29,4.9274,-2.0013,-0.0348,-1.0705,-0.6357,-0.0348,-0.9705,0.9711,0.0,0.0,8.799,2.627002477645874,2.0337629318237305,-32.66,0,1,180,1.695,0.5299,1.0,0.3431,0.159,0.3,0.1372,0.5962,0.4941
205.301,4,RETURN_HOME,-7.2927,4.8813,-2.0036,-0.0324,-1.0609,-0.6305,-0.0324,-0.9609,0.9614,0.0,0.0,8.7755,2.5873003005981445,2.0009050369262695,-32.41,0,1,180,1.616,0.5279,1.0,0.3384,0.1584,0.3,0.1353,0.5937,0.4934
205.351,4,RETURN_HOME,-7.2936,4.8363,-2.0054,-0.0293,-1.0529,-0.6253,-0.0293,-0.9529,0.9534,0.0,0.0,8.7513,2.547096014022827,1.9729067087173462,-32.15,0,1,180,1.789,0.5268,1.0,0.3348,0.158,0.3,0.1339,0.592,0.4917
205.401,4,RETURN_HOME,-7.2931,4.7995,-2.0064,-0.0262,-1.047,-0.6211,-0.0262,-0.947,0.9474,0.0,0.0,8.7307,2.46470046043396,1.9050185680389404,-31.9,0,1,180,1.676,0.5264,1.0,0.3325,0.1579,0.3,0.133,0.5909,0.4823
205.451,4,RETURN_HOME,-7.2927,4.7548,-2.0072,-0.0226,-1.0407,-0.616,-0.0226,-0.9407,0.941,0.0,0.0,8.7058,2.426166296005249,1.8733460903167725,-31.65,0,1,180,1.708,0.5259,1.0,0.3299,0.1578,0.3,0.132,0.5897,0.4748
205.501,4,RETURN_HOME,-7.2934,4.7159,-2.0032,-0.02,-1.0364,-0.6119,-0.02,-0.9364,0.9366,0.0,0.0,8.6852,2.3863537311553955,1.842532753944397,-31.4,0,1,180,1.722,0.5249,0.9871,0.3278,0.1575,0.2961,0.1311,0.5847,0.4705
205.551,4,RETURN_HOME,-7.2943,4.6686,-1.9977,-0.017,-1.0313,-0.607,-0.017,-0.9313,0.9315,0.0,0.0,8.6604,2.3017518520355225,1.7824763059616089,-30.65,0,1,180,1.727,0.5236,0.9592,0.3252,0.1571,0.2878,0.1301,0.5749,0.4623
205.601,4,RETURN_HOME,-7.295,4.629,-1.9937,-0.0145,-1.027,-0.6029,-0.0145,-0.927,0.9271,0.0,0.0,8.6398,2.2594053745269775,1.7496169805526733,-30.65,0,1,180,1.761,0.5226,0.9503,0.323,0.1568,0.2851,0.1292,0.571,0.4601
205.652,4,RETURN_HOME,-7.2973,4.5828,-1.9859,-0.0119,-1.0207,-0.5981,-0.1119,-1.0207,1.0268,0.0,0.0,8.617,2.2217206954956055,1.7214962244033813,-30.15,0,1,180,1.875,0.4363,1.0,0.3423,0.1309,0.3,0.1369,0.5678,0.6085
205.701,4,RETURN_HOME,-7.2991,4.5444,-1.9799,-0.0097,-1.0151,-0.5941,-0.1097,-1.0151,1.021,0.0,0.0,8.5981,2.1334967613220215,1.6550832986831665,-29.65,0,1,180,1.503,0.4343,1.0,0.3403,0.1303,0.3,0.1361,0.5664,0.593
205.751,4,RETURN_HOME,-7.3005,4.4979,-1.9737,-0.0065,-1.0083,-0.5892,-0.1065,-1.0083,1.014,0.0,0.0,8.5749,2.0950067043304443,1.6294752359390259,-29.15,0,1,180,1.682,0.4322,1.0,0.338,0.1297,0.3,0.1352,0.5649,0.5912
205.801,4,RETURN_HOME,-7.2998,4.45,-1.9679,-0.0049,-1.0044,-0.5842,-0.1049,-1.0044,1.0099,0.0,0.0,8.5492,2.0535147190093994,1.5987215042114258,-28.9,0,1,180,1.566,0.429,1.0,0.3366,0.1287,0.3,0.1346,0.5633,0.5903
205.851,4,RETURN_HOME,-7.2993,4.4102,-1.9642,-0.0056,-1.0031,-0.5801,-0.1056,-1.0031,1.0086,0.0,0.0,8.5281,1.9694130420684814,1.5362032651901245,-28.15,0,1,180,1.581,0.4247,1.0,0.3362,0.1274,0.3,0.1345,0.5619,0.5799
205.901,4,RETURN_HOME,-7.2993,4.3621,-1.9609,-0.0084,-1.0037,-0.5754,-0.1084,-1.0037,1.0096,0.0,0.0,8.5034,1.9293845891952515,1.5110688209533691,-27.65,0,1,180,1.76,0.4179,1.0,0.3365,0.1254,0.3,0.1346,0.56,0.5834
205.951,4,RETURN_HOME,-7.3002,4.3217,-1.9594,-0.0118,-1.0057,-0.5716,-0.1118,-1.0057,1.0119,0.0,0.0,8.4835,1.8853880167007446,1.481896996498108,-27.15,0,1,180,1.687,0.4112,1.0,0.3373,0.1234,0.3,0.1349,0.5583,0.5806
206.002,4,RETURN_HOME,-7.3013,4.2731,-1.9584,-0.0164,-1.0085,-0.5671,-0.1164,-1.0085,1.0152,0.0,0.0,8.4598,1.7959760427474976,1.419477105140686,-26.15,0,1,180,2.046,0.4028,1.0,0.3384,0.1208,0.3,0.1354,0.5562,0.5811
206.051,4,RETURN_HOME,-7.3034,4.2335,-1.9599,-0.0209,-1.0104,-0.5633,-0.1209,-1.0104,1.0176,0.0,0.0,8.4417,1.7520440816879272,1.3915727138519287,-25.65,0,1,180,1.68,0.3951,1.0,0.3392,0.1185,0.3,0.1357,0.5542,0.5763
206.101,4,RETURN_HOME,-7.3078,4.1873,-1.9649,-0.027,-1.0118,-0.5588,-0.127,-1.0118,1.0197,0.0,0.0,8.4224,1.7105745077133179,1.3691997528076172,-24.9,0,1,180,1.576,0.3852,1.0,0.3399,0.1156,0.3,0.136,0.5515,0.5842
206.152,4,RETURN_HOME,-7.3113,4.1485,-1.969,-0.0317,-1.0127,-0.5551,-0.0317,-0.9127,0.9133,0.0,0.0,8.4062,1.6179250478744507,1.312180519104004,-23.65,0,1,180,2.597,0.463,0.9637,0.3044,0.1389,0.2891,0.1218,0.5498,0.4791
206.201,4,RETURN_HOME,-7.3136,4.1004,-1.9705,-0.0365,-1.0141,-0.5506,-0.0365,-0.9141,0.9149,0.0,0.0,8.3846,1.5720030069351196,1.281465768814087,-22.9,0,1,180,1.529,0.4538,0.9762,0.305,0.1362,0.2929,0.122,0.551,0.4869
206.251,4,RETURN_HOME,-7.3149,4.0598,-1.9707,-0.0401,-1.0154,-0.5471,-0.0401,-0.9154,0.9163,0.0,0.0,8.366,1.5281535387039185,1.2566823959350586,-22.15,0,1,180,1.742,0.4465,0.9762,0.3054,0.134,0.2929,0.1222,0.549,0.4915
206.301,4,RETURN_HOME,-7.3167,4.011,-1.9712,-0.0421,-1.0148,-0.5428,-0.0421,-0.9148,0.9157,0.0,0.0,8.344,1.4321160316467285,1.2010420560836792,-20.39,0,1,180,1.598,0.4399,0.9812,0.3052,0.132,0.2943,0.1221,0.5484,0.4919
206.351,4,RETURN_HOME,-7.3173,3.9672,-1.9723,-0.0417,-1.0134,-0.5392,-0.0417,-0.9134,0.9144,0.0,0.0,8.3236,1.3853915929794312,1.1770532131195068,-19.64,0,1,180,1.733,0.436,0.9851,0.3048,0.1308,0.2955,0.1219,0.5482,0.4898
206.403,4,RETURN_HOME,-7.3179,3.9144,-1.974,-0.0397,-1.0101,-0.5348,-0.0397,-0.9101,0.911,0.0,0.0,8.299,1.3412542343139648,1.1525599956512451,-18.64,0,1,180,3.901,0.4328,0.983,0.3037,0.1299,0.2949,0.1215,0.5462,0.4898
206.451,4,RETURN_HOME,-7.3184,3.871,-1.9754,-0.0372,-1.0061,-0.5309,-0.0372,-0.9061,0.9068,0.0,0.0,8.2791,1.2435412406921387,1.1039106845855713,-16.64,0,1,180,1.596,0.4309,0.9701,0.3023,0.1293,0.291,0.1209,0.5412,0.4862
206.501,4,RETURN_HOME,-7.3176,3.8171,-1.9788,-0.0335,-1.0016,-0.5261,-0.0335,-0.9016,0.9023,0.0,0.0,8.2533,1.199174404144287,1.079632043838501,-15.64,0,1,180,1.552,0.4292,0.9648,0.3008,0.1288,0.2894,0.1203,0.5385,0.4837
206.552,4,RETURN_HOME,-7.3168,3.7725,-1.9817,-0.0305,-0.9977,-0.5221,-0.0305,-0.8977,0.8982,0.0,0.0,8.2321,1.1530871391296387,1.0568403005599976,-14.64,0,1,180,1.571,0.4279,0.9596,0.2994,0.1284,0.2879,0.1198,0.536,0.4796
206.601,4,RETURN_HOME,-7.3162,3.7203,-1.9851,-0.0271,-0.9925,-0.5171,-0.1271,-0.9925,1.0006,0.0,0.0,8.2077,1.0543084144592285,1.0137144327163696,-12.14,0,1,180,1.624,0.3364,1.0,0.3335,0.1009,0.3,0.1334,0.5343,0.5362
206.651,4,RETURN_HOME,-7.3162,3.6787,-1.9886,-0.0244,-0.9872,-0.5128,-0.1244,-0.9872,0.995,0.0,0.0,8.189,1.0080989599227905,0.9912928342819214,-10.89,0,1,180,1.652,0.334,1.0,0.3317,0.1002,0.3,0.1327,0.5329,0.5358
206.701,4,RETURN_HOME,-7.3163,3.6293,-1.9923,-0.0212,-0.9806,-0.5076,-0.1212,-0.9806,0.9881,0.0,0.0,8.167,0.9734809398651123,0.9734809398651123,-9.63,0,1,180,1.68,0.3311,1.0,0.3294,0.0993,0.3,0.1317,0.5311,0.5322
206.751,4,RETURN_HOME,-7.3165,3.5891,-1.9966,-0.0206,-0.9765,-0.503,-0.1206,-0.9765,0.984,0.0,0.0,8.1494,0.9311533570289612,0.9311533570289612,-6.88,0,1,180,1.689,0.327,1.0,0.328,0.0981,0.3,0.1312,0.5293,0.523
206.801,4,RETURN_HOME,-7.3174,3.5435,-2.0074,-0.0224,-0.973,-0.4975,-0.1224,-0.973,0.9806,0.0,0.0,8.1302,0.9140849113464355,0.9140849113464355,-5.38,0,1,180,1.589,0.3201,1.0,0.3269,0.096,0.3,0.1308,0.5268,0.5188
206.851,4,RETURN_HOME,-7.3182,3.5055,-2.0152,-0.0254,-0.9718,-0.4929,-0.0254,-0.9718,0.9722,0.0,0.0,8.1145,0.8961870670318604,0.8961870670318604,-3.88,0,1,180,1.711,0.4083,0.9463,0.3241,0.1225,0.2839,0.1296,0.536,0.4758
206.901,4,RETURN_HOME,-7.3183,3.459,-2.0231,-0.03,-0.9723,-0.4874,-0.03,-0.9723,0.9728,0.0,0.0,8.0945,0.8637433648109436,0.8637433648109436,-0.63,0,1,180,1.555,0.3992,0.9519,0.3243,0.1198,0.2856,0.1297,0.5351,0.4732
206.951,4,RETURN_HOME,-7.3169,3.4191,-2.0285,-0.0336,-0.9739,-0.4829,-0.0336,-0.9739,0.9745,0.0,0.0,8.0763,0.8549178242683411,0.8549178242683411,0.88,0,1,180,1.607,0.3919,0.9559,0.3248,0.1176,0.2868,0.1299,0.5343,0.4751
207.002,4,RETURN_HOME,-7.3158,3.3712,-2.0338,-0.0354,-0.9761,-0.4776,-0.0354,-0.8761,0.8768,0.0,0.0,8.0551,0.8407272100448608,0.8407272100448608,2.88,0,1,180,2.113,0.3815,0.9629,0.2923,0.1144,0.2889,0.1169,0.5202,0.4773
207.051,4,RETURN_HOME,-7.3166,3.3293,-2.0357,-0.0358,-0.9788,-0.4731,0.1642,-0.7788,0.7959,0.0,0.0,8.0385,0.8157086968421936,0.8157086968421936,6.38,0,1,180,1.612,0.593,0.7194,0.3146,0.1779,0.2158,0.1259,0.5196,0.3492
207.101,4,RETURN_HOME,-7.3188,3.2779,-2.036,-0.0357,-0.9824,-0.4679,0.1643,-0.7824,0.7994,0.0,0.0,8.0193,0.8042808175086975,0.8042808175086975,8.63,0,1,180,1.606,0.5876,0.7259,0.3132,0.1763,0.2178,0.1253,0.5193,0.3592
207.151,4,RETURN_HOME,-7.3209,3.2269,-2.0359,-0.0342,-0.9828,-0.4629,0.1658,-0.7828,0.8002,0.0,0.0,8.0005,0.8008143305778503,0.7904356718063354,12.39,0,1,180,1.619,0.5842,0.7423,0.3116,0.1753,0.2227,0.1247,0.5226,0.3725
207.201,4,RETURN_HOME,-7.3187,3.1867,-2.0365,-0.0271,-0.9787,-0.4587,0.1729,-0.7787,0.7976,0.0,0.0,7.9824,0.7994922995567322,0.784974217414856,14.39,0,1,180,1.438,0.5884,0.7548,0.3129,0.1765,0.2265,0.1252,0.5282,0.3775
207.251,4,RETURN_HOME,-7.3151,3.1394,-2.037,-0.0138,-0.9691,-0.4535,0.1862,-0.7691,0.7913,0.0,0.0,7.9603,0.7996061444282532,0.7776931524276733,16.64,0,1,180,1.651,0.5995,0.7528,0.3163,0.1798,0.2258,0.1265,0.5322,0.376
207.301,4,RETURN_HOME,-7.3121,3.1004,-2.037,-0.0003,-0.9584,-0.4489,0.1997,-0.8584,0.8814,0.0,0.0,7.9422,0.7997568845748901,0.7718062996864319,20.89,0,1,180,1.471,0.5888,0.7875,0.346,0.1767,0.2362,0.1384,0.5513,0.3927
207.352,4,RETURN_HOME,-7.306,3.0546,-2.0364,0.0183,-0.9436,-0.4431,0.2183,-0.8436,0.8714,0.0,0.0,7.9188,0.7991905212402344,0.768776535987854,23.4,0,1,180,1.676,0.6046,0.7845,0.3512,0.1814,0.2353,0.1405,0.5572,0.3897
207.401,4,RETURN_HOME,-7.2998,3.0095,-2.0356,0.0372,-0.9278,-0.4371,0.2372,-0.8278,0.8611,0.0,0.0,7.8958,12.143805503845215,0.7681102752685547,23.4,0,1,180,1.699,0.6211,0.7962,0.3566,0.1863,0.2389,0.1426,0.5678,0.3895
207.451,4,RETURN_HOME,-7.2941,2.9724,-2.0349,0.0529,-0.9166,-0.4319,0.2529,-0.8166,0.8549,0.0,0.0,7.8765,12.17702579498291,0.766596794128418,22.9,0,1,180,1.603,0.6345,0.8005,0.3616,0.1903,0.2402,0.1446,0.5751,0.3926
207.501,4,RETURN_HOME,-7.2855,2.9277,-2.0343,0.0717,-0.9062,-0.4259,0.2717,-0.8062,0.8508,0.0,0.0,7.8518,12.198478698730469,0.7641158103942871,23.65,0,1,180,1.533,0.6497,0.804,0.3685,0.1949,0.2412,0.1474,0.5835,0.3978
207.552,4,RETURN_HOME,-7.2783,2.8909,-2.0336,0.0868,-0.8995,-0.4209,0.2868,-0.7995,0.8494,0.0,0.0,7.8314,12.220600128173828,0.7623092532157898,23.15,0,1,180,1.673,0.6613,0.8057,0.3744,0.1984,0.2417,0.1498,0.5899,0.3999
207.601,4,RETURN_HOME,-7.2705,2.8469,-2.0343,0.1038,-0.8931,-0.4152,0.3038,-0.7931,0.8493,0.0,0.0,7.808,12.261058807373047,0.7587471604347229,24.9,0,1,180,1.574,0.6735,0.8229,0.3814,0.2021,0.2469,0.1525,0.6015,0.4145
207.651,4,RETURN_HOME,-7.2641,2.8028,-2.0377,0.1196,-0.8878,-0.4096,0.3196,-0.7878,0.8502,0.0,0.0,7.7861,12.279911041259766,0.7558346390724182,25.9,0,1,180,1.596,0.6843,0.8193,0.3878,0.2053,0.2458,0.1551,0.6062,0.414
207.701,4,RETURN_HOME,-7.2584,2.7664,-2.0399,0.1327,-0.8834,-0.4052,0.3327,-0.7834,0.8511,0.0,0.0,7.7677,12.297921180725098,0.7535784244537354,27.15,0,1,180,1.551,0.6931,0.8268,0.3933,0.2079,0.248,0.1573,0.6133,0.4179
207.751,4,RETURN_HOME,-7.2522,2.7234,-2.0428,0.1481,-0.8779,-0.3998,0.3481,-0.7779,0.8522,0.0,0.0,7.7467,12.332839965820312,0.7528764009475708,30.9,0,1,180,1.577,0.7033,0.8561,0.3996,0.211,0.2568,0.1598,0.6276,0.4273
207.801,4,RETURN_HOME,-7.2473,2.688,-2.0452,0.1608,-0.8729,-0.3953,0.3608,-0.7729,0.8529,0.0,0.0,7.7298,12.351271629333496,0.7536759376525879,32.91,0,1,180,1.5,0.7117,0.8621,0.4047,0.2135,0.2586,0.1619,0.634,0.4291
207.851,4,RETURN_HOME,-7.2407,2.646,-2.0473,0.1762,-0.8665,-0.3899,0.3762,-0.8665,0.9446,0.0,0.0,7.709,12.387127876281738,0.7562924027442932,37.16,0,1,180,1.644,0.6889,0.9268,0.4338,0.2067,0.278,0.1735,0.6583,0.4547
207.901,4,RETURN_HOME,-7.2322,2.6053,-2.0492,0.1922,-0.859,-0.3844,0.3922,-0.859,0.9443,0.0,0.0,7.6872,12.40438175201416,0.7583645582199097,38.66,0,1,180,1.509,0.699,0.9352,0.4401,0.2097,0.2805,0.176,0.6663,0.4581
207.951,4,RETURN_HOME,-7.2228,2.5651,-2.0505,0.2084,-0.8514,-0.379,0.4084,-0.8514,0.9443,0.0,0.0,7.6648,12.423629760742188,0.7597155570983887,40.91,0,1,180,1.687,0.7093,0.9677,0.4465,0.2128,0.2903,0.1786,0.6817,0.4723
208.001,4,RETURN_HOME,-7.2161,2.5384,-2.0511,0.2195,-0.8477,-0.3754,0.4195,-0.8477,0.9458,0.0,0.0,7.6495,12.460762023925781,0.7715035080909729,44.92,0,1,180,1.578,0.7158,0.9976,0.4513,0.2147,0.2993,0.1805,0.6945,0.4849
208.051,4,RETURN_HOME,-7.2024,2.496,-2.0556,0.2376,-0.8455,-0.3703,0.4376,-0.8455,0.9521,0.0,0.0,7.6227,12.4811429977417,0.7762095332145691,46.42,0,1,180,1.648,0.7251,1.0,0.4602,0.2175,0.3,0.1841,0.7016,0.4922
208.101,4,RETURN_HOME,-7.1883,2.4539,-2.059,0.2555,-0.8453,-0.3652,0.4555,-0.6453,0.7899,0.0,0.0,7.5956,12.501055717468262,0.782541811466217,48.67,0,1,180,1.458,0.8097,0.996,0.4264,0.2429,0.2988,0.1705,0.7122,0.485
208.151,4,RETURN_HOME,-7.1759,2.419,-2.0611,0.2702,-0.846,-0.3612,0.4702,-0.646,0.799,0.0,0.0,7.5727,12.540246963500977,0.7963995337486267,52.17,0,1,180,1.626,0.816,1.0,0.4346,0.2448,0.3,0.1739,0.7186,0.5023
208.201,4,RETURN_HOME,-7.1595,2.3779,-2.0625,0.2881,-0.847,-0.3566,0.4881,-0.647,0.8105,0.0,0.0,7.5441,12.557642936706543,0.8041214942932129,53.92,0,1,180,1.632,0.8232,1.0,0.4448,0.247,0.3,0.1779,0.7249,0.5104
208.251,4,RETURN_HOME,-7.1428,2.3369,-2.0632,0.3054,-0.8435,-0.3524,0.5054,-0.6435,0.8182,0.0,0.0,7.5153,12.567002296447754,0.8106212019920349,55.93,0,1,180,1.69,0.8316,1.0,0.4536,0.2495,0.3,0.1814,0.7309,0.5265
208.301,4,RETURN_HOME,-7.1288,2.302,-2.0613,0.3193,-0.8371,-0.3489,0.5193,-0.6371,0.8219,0.0,0.0,7.4912,12.584083557128906,0.8310059309005737,59.18,0,1,180,1.665,0.8394,1.0,0.46,0.2518,0.3,0.184,0.7358,0.5561
208.351,4,RETURN_HOME,-7.1122,2.2589,-2.0557,0.3356,-0.8263,-0.3447,0.5356,-0.6263,0.8241,0.0,0.0,7.4623,12.597047805786133,0.841922402381897,60.68,0,1,180,1.698,0.8495,1.0,0.4667,0.2549,0.3,0.1867,0.7415,0.5662
208.401,4,RETURN_HOME,-7.0979,2.2238,-2.0512,0.3496,-0.815,-0.3411,0.5496,-0.615,0.8248,0.0,0.0,7.4382,12.607680320739746,0.8510520458221436,62.68,0,1,180,1.751,0.8588,1.0,0.4722,0.2576,0.3,0.1889,0.7465,0.5767
208.451,4,RETURN_HOME,-7.0814,2.1833,-2.0457,0.3668,-0.7996,-0.3365,0.5668,-0.5996,0.8251,0.0,0.0,7.4103,12.637029647827148,0.8750267028808594,65.69,0,1,180,1.629,0.8706,1.0,0.4788,0.2612,0.3,0.1915,0.7527,0.6006
208.501,4,RETURN_HOME,-7.0645,2.1442,-2.0405,0.3843,-0.7834,-0.3318,0.5843,-0.5834,0.8257,0.0,0.0,7.3827,12.65759563446045,0.8854547142982483,67.19,0,1,180,1.582,0.8823,1.0,0.4857,0.2647,0.3,0.1943,0.759,0.6135
208.552,4,RETURN_HOME,-7.0496,2.1123,-2.0364,0.399,-0.7702,-0.3278,0.599,-0.5702,0.827,0.0,0.0,7.3592,12.679962158203125,0.8973589539527893,68.69,0,1,180,2.466,0.8918,1.0,0.4917,0.2675,0.3,0.1967,0.7642,0.6259
208.601,4,RETURN_HOME,-7.0351,2.0808,-2.0283,0.4132,-0.7571,-0.3238,0.6132,-0.5571,0.8285,0.0,0.0,7.3363,12.723921775817871,0.9230406284332275,71.44,0,1,180,1.594,0.9005,1.0,0.4973,0.2701,0.3,0.1989,0.7691,0.6596
208.651,4,RETURN_HOME,-7.017,2.0437,-2.0186,0.4302,-0.7418,-0.319,0.6302,-0.5418,0.8311,0.0,0.0,7.3086,12.745649337768555,0.9353283047676086,72.94,0,1,180,1.647,0.9103,1.0,0.5044,0.2731,0.3,0.2017,0.7748,0.6712
208.701,4,RETURN_HOME,-7.0011,2.0136,-2.0114,0.4446,-0.7294,-0.315,0.6446,-0.5294,0.8341,0.0,0.0,7.2849,12.775090217590332,0.9492502212524414,74.19,0,1,180,1.517,0.9181,1.0,0.5105,0.2754,0.3,0.2042,0.7796,0.6867
208.751,4,RETURN_HOME,-6.9854,1.9824,-2.0065,0.4587,-0.7182,-0.3111,0.6587,-0.5182,0.838,0.0,0.0,7.2613,12.82551383972168,0.9740647673606873,76.95,0,1,180,1.619,0.9249,1.0,0.5167,0.2775,0.3,0.2067,0.7842,0.7108
208.801,4,RETURN_HOME,-6.9692,1.9515,-2.0025,0.4728,-0.7071,-0.3072,0.6728,-0.5071,0.8425,0.0,0.0,7.2373,12.851110458374023,0.9870438575744629,78.2,0,1,180,1.58,0.9313,1.0,0.5231,0.2794,0.3,0.2092,0.7886,0.723
208.851,4,RETURN_HOME,-6.9486,1.9155,-1.9986,0.4899,-0.6938,-0.3027,0.6899,-0.4938,0.8484,0.0,0.0,7.2078,12.879988670349121,1.0002236366271973,79.2,0,1,180,1.738,0.9386,1.0,0.5309,0.2816,0.3,0.2124,0.7939,0.7395
208.901,4,RETURN_HOME,-6.9316,1.8877,-1.9956,0.504,-0.6818,-0.2989,0.704,-0.4818,0.8531,0.0,0.0,7.1841,12.90849494934082,1.0151309967041016,80.45,0,1,180,1.837,0.9447,1.0,0.5373,0.2834,0.3,0.2149,0.7983,0.7565
208.951,4,RETURN_HOME,-6.91,1.855,-1.9927,0.5211,-0.6673,-0.2945,0.7211,-0.4673,0.8592,0.0,0.0,7.1546,12.963520050048828,1.0411263704299927,82.45,0,1,180,1.657,0.9515,1.0,0.5451,0.2855,0.3,0.218,0.8035,0.78
209.002,4,RETURN_HOME,-6.891,1.8283,-1.9907,0.5355,-0.655,-0.2908,0.7355,-0.455,0.8649,0.0,0.0,7.1295,12.998000144958496,1.0553805828094482,83.95,0,1,180,2.01,0.9569,1.0,0.5517,0.2871,0.3,0.2207,0.8078,0.7959
209.052,4,RETURN_HOME,-6.8694,1.805,-1.9849,0.5507,-0.6414,-0.2872,0.7507,-0.4414,0.8708,0.0,0.0,7.1026,13.028342247009277,1.0694060325622559,84.95,0,1,180,2.329,0.9625,1.0,0.5588,0.2888,0.3,0.2235,0.8123,0.8151
209.101,4,RETURN_HOME,-6.8427,1.7773,-1.9791,0.569,-0.6252,-0.283,0.769,-0.4252,0.8787,0.0,0.0,7.0697,13.087008476257324,1.0938401222229004,87.21,0,1,180,1.453,0.9687,1.0,0.5674,0.2906,0.3,0.227,0.8176,0.8389
209.151,4,RETURN_HOME,-6.8145,1.7495,-1.9749,0.5875,-0.6095,-0.2788,0.7875,-0.4095,0.8876,0.0,0.0,7.0355,13.123455047607422,1.1119731664657593,88.21,0,1,180,1.707,0.9741,1.0,0.5764,0.2922,0.3,0.2306,0.8228,0.8588
209.201,4,RETURN_HOME,-6.7897,1.7256,-1.9731,0.6033,-0.597,-0.2754,0.8033,-0.397,0.8961,0.0,0.0,7.0055,13.189971923828125,1.1384928226470947,90.21,0,1,180,1.811,0.978,1.0,0.5842,0.2934,0.3,0.2337,0.8271,0.8855
209.251,4,RETURN_HOME,-6.7592,1.6976,-1.9716,0.6221,-0.5821,-0.2713,0.8221,-0.3821,0.9066,0.0,0.0,6.9691,13.221890449523926,1.1509798765182495,91.46,0,1,180,1.654,0.9822,1.0,0.5936,0.2947,0.3,0.2374,0.8321,0.8984
209.301,4,RETURN_HOME,-6.7315,1.6707,-1.9706,0.6397,-0.5672,-0.2673,0.8397,-0.4672,0.9609,0.0,0.0,6.9357,13.258695602416992,1.1675611734390259,92.46,0,1,180,1.627,0.9652,1.0,0.6183,0.2896,0.3,0.2473,0.8369,0.937
209.351,4,RETURN_HOME,-6.7101,1.6492,-1.9702,0.6535,-0.5545,-0.264,0.8535,-0.4545,0.967,0.0,0.0,6.9098,13.319676399230957,1.196069359779358,94.46,0,1,180,1.759,0.9693,1.0,0.6249,0.2908,0.3,0.2499,0.8407,0.9673
209.401,4,RETURN_HOME,-6.6831,1.6239,-1.9703,0.6702,-0.5389,-0.2601,0.8702,-0.4389,0.9746,0.0,0.0,6.8776,13.353034019470215,1.2086929082870483,95.46,0,1,180,1.596,0.9739,1.0,0.6328,0.2922,0.3,0.2531,0.8453,0.9806
209.451,4,RETURN_HOME,-6.656,1.599,-1.9673,0.6865,-0.5252,-0.2563,0.8865,-0.4252,0.9832,0.0,0.0,6.8454,13.38773250579834,1.225097894668579,96.46,0,1,180,1.53,0.9777,1.0,0.6408,0.2933,0.3,0.2563,0.8497,0.9973
209.501,4,RETURN_HOME,-6.6329,1.5787,-1.964,0.7,-0.5155,-0.2532,0.9,-0.4155,0.9913,0.0,0.0,6.8181,13.454029083251953,1.2549450397491455,97.97,0,1,180,1.607,0.9803,1.0,0.6478,0.2941,0.3,0.2591,0.8532,1.0306
209.551,4,RETURN_HOME,-6.6036,1.5547,-1.9611,0.7166,-0.5056,-0.2497,0.9166,-0.5056,1.0468,0.0,0.0,6.7842,13.484271049499512,1.2671996355056763,98.97,0,1,180,1.647,0.963,1.0,0.672,0.2889,0.3,0.2688,0.8577,1.0642
209.601,4,RETURN_HOME,-6.5789,1.5374,-1.9622,0.7304,-0.4969,-0.247,0.9304,-0.4969,1.0548,0.0,0.0,6.7562,13.521748542785645,1.2851436138153076,100.22,0,1,180,1.689,0.9661,1.0,0.6794,0.2898,0.3,0.2718,0.8616,1.0816
209.651,4,RETURN_HOME,-6.5532,1.5201,-1.9634,0.7444,-0.4885,-0.2443,0.9444,-0.4885,1.0633,0.0,0.0,6.7272,13.571778297424316,1.3150293827056885,101.72,0,1,180,1.642,0.9691,1.0,0.6869,0.2907,0.3,0.2748,0.8655,1.1109
209.701,4,RETURN_HOME,-6.521,1.4994,-1.9652,0.7617,-0.4808,-0.2411,0.9617,-0.4808,1.0752,0.0,0.0,6.6911,13.59897518157959,1.329378366470337,101.72,0,1,180,1.473,0.9719,1.0,0.6967,0.2916,0.3,0.2787,0.8702,1.1258
209.751,4,RETURN_HOME,-6.4891,1.4806,-1.9675,0.7787,-0.4753,-0.2382,0.9787,-0.4753,1.088,0.0,0.0,6.6559,13.628612518310547,1.3482714891433716,102.47,0,1,180,1.658,0.9742,1.0,0.7066,0.2923,0.3,0.2827,0.8749,1.1418
209.801,4,RETURN_HOME,-6.4613,1.4646,-1.9694,0.793,-0.4723,-0.236,0.993,-0.4723,1.0996,0.0,0.0,6.6252,13.673659324645996,1.3784626722335815,103.72,0,1,180,1.59,0.9757,1.0,0.7153,0.2927,0.3,0.2861,0.8788,1.1735
209.851,4,RETURN_HOME,-6.4265,1.4448,-1.9721,0.8104,-0.4701,-0.2334,1.0104,-0.4701,1.1144,0.0,0.0,6.5869,13.693694114685059,1.3936361074447632,102.72,0,1,180,1.563,0.9771,1.0,0.726,0.2931,0.3,0.2904,0.8835,1.1884
209.901,4,RETURN_HOME,-6.3956,1.4267,-1.9756,0.8254,-0.4694,-0.2314,1.0254,-0.5694,1.1729,0.0,0.0,6.5528,13.711973190307617,1.4115822315216064,102.97,0,1,180,1.6,0.959,1.0,0.7498,0.2877,0.3,0.2999,0.8876,1.2267
209.951,4,RETURN_HOME,-6.3639,1.4085,-1.9789,0.8404,-0.4685,-0.2296,1.0404,-0.5685,1.1856,0.0,0.0,6.5179,13.736957550048828,1.4433306455612183,103.97,0,1,180,1.622,0.9604,1.0,0.7591,0.2881,0.3,0.3036,0.8918,1.2572
210.001,4,RETURN_HOME,-6.3233,1.3865,-1.9829,0.8589,-0.4671,-0.2273,1.0589,-0.5671,1.2012,0.0,0.0,6.4735,13.744782447814941,1.4582568407058716,101.97,0,1,180,1.582,0.9622,1.0,0.7706,0.2887,0.3,0.3082,0.8969,1.2716
210.052,4,RETURN_HOME,-6.2792,1.3641,-1.9871,0.8786,-0.4676,-0.2251,1.0786,-0.5676,1.2189,0.0,0.0,6.4256,13.753491401672363,1.4762630462646484,101.72,0,1,180,2.276,0.9636,1.0,0.783,0.2891,0.3,0.3132,0.9023,1.2892
210.101,4,RETURN_HOME,-6.2419,1.3454,-1.9903,0.8949,-0.4698,-0.2234,1.0949,-0.5698,1.2343,0.0,0.0,6.3853,13.769645690917969,1.5065209865570068,101.72,0,1,180,1.62,0.9644,1.0,0.7936,0.2893,0.3,0.3174,0.9068,1.3206
210.151,4,RETURN_HOME,-6.1973,1.3217,-1.9948,0.914,-0.4744,-0.2213,1.114,-0.5744,1.2534,0.0,0.0,6.3366,13.778698921203613,1.5224086046218872,100.22,0,1,180,1.668,0.9648,1.0,0.8062,0.2895,0.3,0.3225,0.9119,1.3365
210.201,4,RETURN_HOME,-6.16,1.301,-1.999,0.9297,-0.4795,-0.2196,1.1297,-0.5795,1.2697,0.0,0.0,6.2958,13.783370971679688,1.5401077270507812,100.97,0,1,180,1.82,0.9649,1.0,0.8167,0.2895,0.3,0.3267,0.9162,1.3568
210.251,4,RETURN_HOME,-6.1221,1.2802,-2.0027,0.9453,-0.4849,-0.2179,1.1453,-0.5849,1.286,0.0,0.0,6.2545,13.783439636230469,1.5712263584136963,101.22,0,1,180,1.667,0.9648,1.0,0.8272,0.2894,0.3,0.3309,0.9203,1.3904
210.301,4,RETURN_HOME,-6.0743,1.2554,-2.0115,0.9647,-0.4916,-0.216,1.1647,-0.5916,1.3064,0.0,0.0,6.2026,13.781095504760742,1.5876408815383911,102.47,0,1,180,1.529,0.9648,1.0,0.8403,0.2894,0.3,0.3361,0.9255,1.406
210.351,4,RETURN_HOME,-6.025,1.2306,-2.0212,0.9845,-0.498,-0.2142,1.1845,-0.598,1.3269,0.0,0.0,6.1494,13.775548934936523,1.6060041189193726,101.47,0,1,180,1.624,0.9648,1.0,0.8535,0.2894,0.3,0.3414,0.9308,1.4266
210.401,4,RETURN_HOME,-5.9835,1.2097,-2.0281,1.0007,-0.503,-0.2128,1.2007,-0.603,1.3436,0.0,0.0,6.1046,13.763530731201172,1.6388148069381714,104.22,0,1,180,1.717,0.9648,1.0,0.8643,0.2895,0.3,0.3457,0.9352,1.4574
210.451,4,RETURN_HOME,-5.9339,1.1828,-2.0352,1.0194,-0.5096,-0.2112,1.2194,-0.6096,1.3632,0.0,0.0,6.0506,13.75307846069336,1.6558815240859985,102.72,0,1,180,1.689,0.9646,1.0,0.8767,0.2894,0.3,0.3507,0.9401,1.4788
210.501,4,RETURN_HOME,-5.8837,1.1556,-2.041,1.0379,-0.5159,-0.2096,1.2379,-0.6159,1.3827,0.0,0.0,5.9961,13.738959312438965,1.689959168434143,101.47,0,1,180,1.525,0.9644,1.0,0.889,0.2893,0.3,0.3556,0.9449,1.5131
210.551,4,RETURN_HOME,-5.8412,1.1329,-2.0447,1.0534,-0.521,-0.2083,1.2534,-0.621,1.3988,0.0,0.0,5.9501,13.727082252502441,1.7071441411972046,100.47,0,1,180,1.696,0.9642,1.0,0.8991,0.2893,0.3,0.3596,0.9489,1.5312
210.602,4,RETURN_HOME,-5.7915,1.108,-2.0481,1.0711,-0.5257,-0.2066,1.2711,-0.6257,1.4167,0.0,0.0,5.8965,13.718218803405762,1.7252311706542969,102.22,0,1,180,2.213,0.9642,1.0,0.9107,0.2893,0.3,0.3643,0.9535,1.55
210.651,4,RETURN_HOME,-5.7492,1.0871,-2.0501,1.0861,-0.5296,-0.205,1.2861,-0.6296,1.432,0.0,0.0,5.8511,13.70934772491455,1.7430771589279175,102.72,0,1,180,1.59,0.9642,1.0,0.9205,0.2893,0.3,0.3682,0.9575,1.5698
210.701,4,RETURN_HOME,-5.697,1.0607,-2.0514,1.1047,-0.5348,-0.2029,1.3047,-0.6348,1.4509,0.0,0.0,5.7949,13.695257186889648,1.7778518199920654,102.72,0,1,180,1.611,0.9641,1.0,0.9326,0.2892,0.3,0.373,0.9623,1.6046
210.751,4,RETURN_HOME,-5.6428,1.0324,-2.0513,1.1241,-0.541,-0.2008,1.3241,-0.641,1.4711,0.0,0.0,5.7364,13.691061973571777,1.7951922416687012,102.72,0,1,180,1.539,0.9638,1.0,0.9452,0.2891,0.3,0.3781,0.9672,1.6232
210.801,4,RETURN_HOME,-5.6061,1.0136,-2.0509,1.1372,-0.5452,-0.1995,1.3372,-0.6452,1.4847,0.0,0.0,5.697,13.689175605773926,1.814631700515747,102.22,0,1,180,1.621,0.9636,1.0,0.9538,0.2891,0.3,0.3815,0.9706,1.6439
210.851,4,RETURN_HOME,-5.549,0.9862,-2.0492,1.1574,-0.5513,-0.1974,1.3574,-0.5513,1.4651,0.0,0.0,5.636,13.680068969726562,1.8490400314331055,101.97,0,1,180,1.582,0.9781,1.0,0.9553,0.2934,0.3,0.3821,0.9755,1.6615
210.901,4,RETURN_HOME,-5.4885,0.9602,-2.0458,1.1787,-0.5573,-0.1953,1.3787,-0.5573,1.4871,0.0,0.0,5.5719,13.678797721862793,1.8680838346481323,100.97,0,1,180,1.621,0.9778,1.0,0.9694,0.2933,0.3,0.3878,0.9811,1.6786
210.951,4,RETURN_HOME,-5.4378,0.9383,-2.0429,1.1963,-0.5624,-0.1937,1.3963,-0.4624,1.4709,0.0,0.0,5.5181,13.674653053283691,1.905282974243164,100.22,0,1,180,1.633,0.9889,1.0,0.9698,0.2967,0.3,0.3879,0.9846,1.6982
211.002,4,RETURN_HOME,-5.3779,0.9112,-2.0388,1.2167,-0.5669,-0.1917,1.4167,-0.4669,1.4916,0.0,0.0,5.4546,13.671091079711914,1.9226341247558594,101.47,0,1,180,1.74,0.9887,1.0,0.9832,0.2966,0.3,0.3933,0.9899,1.7183
211.051,4,RETURN_HOME,-5.3187,0.8836,-2.0343,1.2365,-0.569,-0.1898,1.4365,-0.369,1.4831,0.0,0.0,5.3916,13.668598175048828,1.9417815208435059,100.47,0,1,180,1.682,0.9962,1.0,0.985,0.2989,0.3,0.394,0.9929,1.7173
211.101,4,RETURN_HOME,-5.2686,0.8606,-2.0308,1.2529,-0.5674,-0.188,1.4529,-0.3674,1.4987,0.0,0.0,5.3384,13.658565521240234,1.979718804359436,99.72,0,1,180,1.556,0.9963,1.0,0.9954,0.2989,0.3,0.3982,0.9971,1.7536
211.151,4,RETURN_HOME,-5.2073,0.8316,-2.0255,1.2731,-0.5632,-0.1858,1.3731,-0.5632,1.4841,0.0,0.0,5.2733,13.630231857299805,1.9973936080932617,100.22,0,1,180,1.777,0.9735,1.0,0.9631,0.292,0.3,0.3853,0.9773,1.812
211.201,4,RETURN_HOME,-5.145,0.8029,-2.0206,1.2937,-0.5538,-0.1834,1.3937,-0.5538,1.4997,0.0,0.0,5.2073,13.591360092163086,2.01460599899292,100.47,0,1,180,1.75,0.9751,1.0,0.975,0.2925,0.3,0.39,0.9825,1.8262
211.251,4,RETURN_HOME,-5.103,0.7842,-2.0177,1.3076,-0.5451,-0.1815,1.4076,-0.4451,1.4763,0.0,0.0,5.1629,13.502209663391113,2.0515518188476562,100.97,0,1,180,1.569,0.9882,1.0,0.9726,0.2965,0.3,0.389,0.9855,1.8427
211.301,4,RETURN_HOME,-5.0394,0.7574,-2.0131,1.3265,-0.5334,-0.1781,1.4265,-0.4334,1.4909,0.0,0.0,5.096,13.459907531738281,2.0708625316619873,100.97,0,1,180,1.606,0.9894,1.0,0.9834,0.2968,0.3,0.3934,0.9902,1.8573
211.351,4,RETURN_HOME,-4.9751,0.7314,-2.0091,1.3429,-0.5255,-0.1745,1.4429,-0.3255,1.4792,0.0,0.0,5.0286,13.41365909576416,2.0879292488098145,101.47,0,1,180,1.549,0.9971,1.0,0.9833,0.2991,0.3,0.3933,0.9924,1.8543
211.401,4,RETURN_HOME,-4.9208,0.7103,-2.0065,1.3551,-0.5201,-0.1717,1.4551,-0.3201,1.4899,0.0,0.0,4.9718,13.316408157348633,2.123823642730713,100.97,0,1,180,1.602,0.9973,1.0,0.9906,0.2992,0.3,0.3963,0.9954,1.8873
211.451,4,RETURN_HOME,-4.8653,0.6905,-2.0052,1.3669,-0.5149,-0.1689,1.3669,-0.5149,1.4607,0.0,0.0,4.914,13.2727632522583,2.139881134033203,99.72,0,1,180,1.578,0.9761,1.0,0.9505,0.2928,0.3,0.3802,0.973,1.944
211.501,4,RETURN_HOME,-4.7982,0.667,-2.0039,1.3806,-0.5063,-0.1658,1.3806,-0.5063,1.4705,0.0,0.0,4.8443,13.229339599609375,2.157179117202759,100.72,0,1,180,1.524,0.9773,1.0,0.9581,0.2932,0.3,0.3832,0.9764,1.9569
211.551,4,RETURN_HOME,-4.7413,0.6484,-2.0031,1.3924,-0.4958,-0.163,1.3924,-0.4958,1.478,0.0,0.0,4.7855,13.134148597717285,2.1901822090148926,99.97,0,1,180,1.596,0.9788,1.0,0.9645,0.2936,0.3,0.3858,0.9794,1.9907
211.601,4,RETURN_HOME,-4.6822,0.633,-2.0027,1.4031,-0.4846,-0.1599,1.4031,-0.4846,1.4844,0.0,0.0,4.7248,13.08733081817627,2.2065823078155518,98.72,0,1,180,1.102,0.9804,1.0,0.9702,0.2941,0.3,0.3881,0.9822,2.0035
211.651,4,RETURN_HOME,-4.6112,0.6145,-2.0022,1.4134,-0.4746,-0.1561,1.4134,-0.2746,1.4398,0.0,0.0,4.652,13.040842056274414,2.2215447425842285,99.22,0,1,180,1.113,0.9982,1.0,0.9582,0.2995,0.3,0.3833,9999.9398,1.9776
211.7,4,RETURN_HOME,-4.552,0.5989,-2.0015,1.4204,-0.4693,-0.1531,1.4204,-0.2693,1.4457,0.0,0.0,4.5912,12.98830795288086,2.238642930984497,99.22,0,1,180,0.99,0.9984,1.0,0.9623,0.2995,0.3,0.3849,9999.9457,1.9924
211.751,4,RETURN_HOME,-4.4804,0.58,-1.9991,1.4279,-0.4659,-0.15,1.4279,-0.2659,1.4525,0.0,0.0,4.5178,12.896430015563965,2.268765449523926,99.97,0,1,180,1.091,0.9985,1.0,0.9668,0.2995,0.3,0.3867,9999.9525,2.024
211.8,4,RETURN_HOME,-4.4089,0.5608,-1.997,1.4346,-0.4599,-0.1472,1.4346,-0.2599,1.458,0.0,0.0,4.4444,12.849796295166016,2.284461498260498,97.72,0,1,180,0.98,0.9986,1.0,0.9706,0.2996,0.3,0.3883,9999.958,2.0368
211.85,4,RETURN_HOME,-4.3484,0.5443,-1.9944,1.4402,-0.4519,-0.145,1.4402,-0.2519,1.4621,0.0,0.0,4.3824,12.751564025878906,2.316007137298584,97.22,0,1,180,1.025,0.9988,1.0,0.9736,0.2996,0.3,0.3894,9999.9621,2.0662
211.901,4,RETURN_HOME,-4.2754,0.5243,-1.9909,1.447,-0.4391,-0.1423,1.447,-0.3391,1.4862,0.0,0.0,4.3074,12.704233169555664,2.329983711242676,98.97,0,1,180,1.105,0.9942,1.0,0.985,0.2982,0.3,0.394,9999.9862,2.0991
211.95,4,RETURN_HOME,-4.2026,0.5049,-1.988,1.454,-0.4234,-0.1394,1.454,-0.3234,1.4895,0.0,0.0,4.2328,12.658988952636719,2.34576678276062,97.47,0,1,180,1.076,0.9951,1.0,0.9881,0.2985,0.3,0.3953,9999.9895,2.1101
212.0,4,RETURN_HOME,-4.1414,0.4897,-1.9861,1.4602,-0.4087,-0.1369,1.4602,-0.3087,1.4925,0.0,0.0,4.1702,12.561498641967773,2.373689651489258,97.47,0,1,180,0.979,0.9959,1.0,0.9909,0.2988,0.3,0.3964,9999.9925,2.1376
212.05,4,RETURN_HOME,-4.0802,0.4752,-1.9845,1.4665,-0.3953,-0.1342,1.4665,-0.2953,1.496,0.0,0.0,4.1078,12.513813018798828,2.3883109092712402,98.22,0,1,180,1.03,0.9966,1.0,0.9939,0.299,0.3,0.3976,9999.996,2.1483
212.102,4,RETURN_HOME,-4.0069,0.4581,-1.9831,1.4739,-0.3817,-0.1311,1.4739,-0.1817,1.4851,0.0,0.0,4.033,12.467355728149414,2.4015493392944336,96.71,0,1,180,1.89,1.0,1.0,0.99,0.3,0.3,0.396,9999.9851,2.1388
212.151,4,RETURN_HOME,-3.9322,0.4401,-1.977,1.4815,-0.3714,-0.1282,1.4815,-0.1714,1.4913,0.0,0.0,3.9568,12.367589950561523,2.4278392791748047,97.72,0,1,180,1.116,1.0,1.0,0.9942,0.3,0.3,0.3977,9999.9913,2.1634
212.2,4,RETURN_HOME,-3.8699,0.4252,-1.972,1.4876,-0.3646,-0.126,1.4876,-0.1646,1.4966,0.0,0.0,3.8932,12.320575714111328,2.4411284923553467,96.46,0,1,180,0.972,1.0,1.0,0.9978,0.3,0.3,0.3991,9999.9966,2.1747
212.25,4,RETURN_HOME,-3.7955,0.4073,-1.9679,1.4945,-0.3555,-0.1237,1.3945,-0.2555,1.4177,0.0,0.0,3.8173,12.273317337036133,2.453359842300415,96.21,0,1,180,1.047,0.9972,1.0,0.9425,0.2992,0.3,0.377,9999.9177,2.2043
212.3,4,RETURN_HOME,-3.7342,0.3913,-1.9683,1.4999,-0.3471,-0.1218,1.3999,-0.2471,1.4215,0.0,0.0,3.7546,12.17093276977539,2.478118658065796,95.96,0,1,180,0.945,0.9975,1.0,0.9453,0.2993,0.3,0.3781,9999.9215,2.2295
212.35,4,RETURN_HOME,-3.6728,0.3759,-1.969,1.5056,-0.3367,-0.1199,1.4056,-0.3367,1.4453,0.0,0.0,3.6919,12.124300003051758,2.4896583557128906,98.47,0,1,180,0.891,0.9912,1.0,0.955,0.2973,0.3,0.382,9999.9453,2.2569
212.4,4,RETURN_HOME,-3.5993,0.358,-1.9695,1.5098,-0.3241,-0.1174,1.4098,-0.3241,1.4465,0.0,0.0,3.6171,12.074862480163574,2.500319480895996,96.21,0,1,180,0.831,0.992,1.0,0.9566,0.2976,0.3,0.3826,9999.9465,2.2657
212.451,4,RETURN_HOME,-3.5392,0.3427,-1.9676,1.511,-0.3146,-0.1152,1.411,-0.3146,1.4457,0.0,0.0,3.5557,12.020705223083496,2.5136704444885254,96.71,0,1,180,0.963,0.9925,1.0,0.9565,0.2977,0.3,0.3826,9999.9457,2.2763
212.5,4,RETURN_HOME,-3.479,0.328,-1.9663,1.511,-0.3077,-0.113,1.411,-0.3077,1.4442,0.0,0.0,3.4944,11.922768592834473,2.5343852043151855,95.21,0,1,180,0.78,0.9927,1.0,0.9558,0.2978,0.3,0.3823,9999.9442,2.2975
212.55,4,RETURN_HOME,-3.3945,0.3105,-1.9649,1.51,-0.3012,-0.1099,1.41,-0.3012,1.4418,0.0,0.0,3.4086,11.874736785888672,2.5444226264953613,96.96,0,1,180,0.868,0.9929,1.0,0.9544,0.2979,0.3,0.3818,9999.9418,2.3044
212.6,4,RETURN_HOME,-3.3458,0.3036,-1.9642,1.5094,-0.2976,-0.1082,1.4094,-0.2976,1.4405,0.0,0.0,3.3596,11.771812438964844,2.5669124126434326,95.21,0,1,180,0.836,0.9931,1.0,0.9537,0.2979,0.3,0.3815,9999.9405,2.3261
212.65,4,RETURN_HOME,-3.273,0.293,-1.9635,1.5083,-0.294,-0.1057,1.4083,-0.294,1.4387,0.0,0.0,3.2861,11.722757339477539,2.5777175426483154,94.71,0,1,180,0.922,0.9932,1.0,0.9526,0.298,0.3,0.3811,9999.9387,2.3362
212.7,4,RETURN_HOME,-3.202,0.2818,-1.9645,1.5064,-0.2915,-0.1033,1.4064,-0.2915,1.4363,0.0,0.0,3.2144,11.675923347473145,2.586482524871826,95.96,0,1,180,0.834,0.9932,1.0,0.951,0.298,0.3,0.3804,9999.9363,2.3444
212.75,4,RETURN_HOME,-3.1442,0.2719,-1.9664,1.5043,-0.2897,-0.1013,1.4043,-0.2897,1.4339,0.0,0.0,3.156,11.573295593261719,2.60648775100708,95.71,0,1,180,0.879,0.9931,1.0,0.9494,0.2979,0.3,0.3797,9999.9339,2.3651
212.8,4,RETURN_HOME,-3.0747,0.2598,-1.9687,1.502,-0.2876,-0.0991,1.402,-0.2876,1.4312,0.0,0.0,3.0856,11.526697158813477,2.6165707111358643,96.21,0,1,180,0.795,0.993,1.0,0.9475,0.2979,0.3,0.379,9999.9312,2.3746
212.851,4,RETURN_HOME,-3.0051,0.2466,-1.9689,1.4998,-0.2859,-0.0969,1.3998,-0.2859,1.4287,0.0,0.0,3.0152,11.47765064239502,2.6267716884613037,94.46,0,1,180,1.102,0.9929,1.0,0.9456,0.2979,0.3,0.3783,9999.9287,2.3854
212.901,4,RETURN_HOME,-2.9587,0.2374,-1.9685,1.4984,-0.2848,-0.0956,1.3984,-0.2848,1.4271,0.0,0.0,2.9682,11.424077987670898,2.6373095512390137,95.21,0,1,180,1.082,0.9927,1.0,0.9444,0.2978,0.3,0.3778,9999.9271,2.3948
212.951,4,RETURN_HOME,-2.8889,0.2236,-1.9682,1.4964,-0.283,-0.0936,1.4964,-0.083,1.4987,0.0,0.0,2.8975,11.327345848083496,2.6563971042633057,94.96,0,1,180,1.142,0.9998,1.0,0.9989,0.2999,0.3,0.3996,9999.9987,2.3741
213.001,4,RETURN_HOME,-2.8291,0.211,-1.9696,1.4953,-0.2826,-0.0921,1.4953,-0.0826,1.4975,0.0,0.0,2.837,11.28001594543457,2.6672446727752686,93.96,0,1,180,1.052,0.9998,1.0,0.9982,0.2999,0.3,0.3993,9999.9975,2.3837
213.051,4,RETURN_HOME,-2.7571,0.1956,-1.9718,1.4938,-0.2825,-0.0904,1.4938,-0.0825,1.4961,0.0,0.0,2.764,11.225540161132812,2.6774580478668213,94.71,0,1,180,1.207,0.9999,1.0,0.9973,0.3,0.3,0.3989,9999.9961,2.3926
213.101,4,RETURN_HOME,-2.6971,0.183,-1.9738,1.4948,-0.2788,-0.0892,1.4948,-0.0788,1.4968,0.0,0.0,2.7033,11.12993335723877,2.696626901626587,95.21,0,1,180,1.105,0.9999,1.0,0.9978,0.3,0.3,0.3991,9999.9968,2.4131
213.151,4,RETURN_HOME,-2.6229,0.1688,-1.9799,1.4985,-0.2693,-0.0876,1.3985,-0.2693,1.4242,0.0,0.0,2.6283,11.083577156066895,2.706239938735962,92.96,0,1,180,1.146,0.9921,1.0,0.9419,0.2976,0.3,0.3768,9999.9242,2.4569
213.201,4,RETURN_HOME,-2.5609,0.1574,-1.9852,1.503,-0.2577,-0.086,1.403,-0.3577,1.4479,0.0,0.0,2.5657,11.02941608428955,2.7162163257598877,95.71,0,1,180,1.396,0.9823,1.0,0.9482,0.2947,0.3,0.3793,9999.9479,2.4883
213.251,4,RETURN_HOME,-2.4989,0.1467,-1.9899,1.5082,-0.2437,-0.0839,1.4082,-0.3437,1.4495,0.0,0.0,2.5032,10.93476676940918,2.733238697052002,93.96,0,1,180,0.97,0.9837,1.0,0.9506,0.2951,0.3,0.3802,9999.9495,2.5011
213.3,4,RETURN_HOME,-2.4236,0.1335,-1.9968,1.5123,-0.2298,-0.0807,1.4123,-0.3298,1.4503,0.0,0.0,2.4273,10.88698959350586,2.7408738136291504,94.21,0,1,180,0.831,0.9848,1.0,0.9522,0.2955,0.3,0.3809,9999.9503,2.5082
213.351,4,RETURN_HOME,-2.3484,0.1209,-2.0031,1.5138,-0.2229,-0.0773,1.4138,-0.3229,1.4502,0.0,0.0,2.3515,10.830448150634766,2.7499444484710693,94.21,0,1,180,0.857,0.9851,1.0,0.9523,0.2955,0.3,0.3809,9999.9502,2.5142
213.4,4,RETURN_HOME,-2.2861,0.1105,-2.0077,1.5134,-0.2224,-0.0746,1.4134,-0.3224,1.4497,0.0,0.0,2.2887,10.733399391174316,2.7672064304351807,93.46,0,1,180,0.803,0.9846,1.0,0.9515,0.2954,0.3,0.3806,9999.9497,2.5323
213.45,4,RETURN_HOME,-2.2115,0.0977,-2.0124,1.512,-0.2264,-0.0715,1.412,-0.3264,1.4493,0.0,0.0,2.2137,10.684610366821289,2.773902654647827,93.96,0,1,180,0.869,0.9833,1.0,0.9501,0.295,0.3,0.38,9999.9493,2.5411
213.5,4,RETURN_HOME,-2.1497,0.0871,-2.0157,1.5104,-0.232,-0.069,1.4104,-0.332,1.449,0.0,0.0,2.1515,10.63194465637207,2.7838175296783447,92.46,0,1,180,0.777,0.9819,1.0,0.9485,0.2946,0.3,0.3794,9999.949,2.5507
213.55,4,RETURN_HOME,-2.0881,0.0764,-2.0187,1.5086,-0.2385,-0.0667,1.4086,-0.3385,1.4487,0.0,0.0,2.0895,10.534330368041992,2.7997121810913086,92.96,0,1,180,0.877,0.9802,1.0,0.9467,0.2941,0.3,0.3787,9999.9487,2.5682
213.6,4,RETURN_HOME,-2.0142,0.0632,-2.0232,1.5062,-0.2467,-0.0639,1.4062,-0.3467,1.4484,0.0,0.0,2.0152,10.486692428588867,2.8072354793548584,93.96,0,1,180,0.819,0.978,1.0,0.9443,0.2934,0.3,0.3777,9999.9484,2.5763
213.651,4,RETURN_HOME,-1.9407,0.0498,-2.0267,1.504,-0.2541,-0.061,1.404,-0.3541,1.4479,0.0,0.0,1.9414,10.432560920715332,2.8154563903808594,93.21,0,1,180,1.366,0.9756,1.0,0.9417,0.2927,0.3,0.3767,9999.9479,2.5887
213.7,4,RETURN_HOME,-1.8786,0.0367,-2.0276,1.5024,-0.2604,-0.0585,1.4024,-0.3604,1.448,0.0,0.0,1.879,10.336332321166992,2.832282543182373,93.46,0,1,180,0.814,0.9732,1.0,0.9395,0.292,0.3,0.3758,9999.948,2.5993
213.75,4,RETURN_HOME,-1.8037,0.0196,-2.027,1.5008,-0.2678,-0.0553,1.4008,-0.3678,1.4483,0.0,0.0,1.8038,10.288215637207031,2.840348720550537,93.96,0,1,180,0.838,0.9699,1.0,0.9365,0.291,0.3,0.3746,9999.9483,2.5654
213.801,4,RETURN_HOME,-1.7417,0.0056,-2.0264,1.4994,-0.2733,-0.0524,1.3994,-0.3733,1.4483,0.0,0.0,1.7417,10.234200477600098,2.85054349899292,92.71,0,1,180,1.214,0.967,1.0,0.9337,0.2901,0.3,0.3735,9999.9483,2.5372
213.851,4,RETURN_HOME,-1.6797,-0.0085,-2.0254,1.498,-0.2787,-0.0493,1.398,-0.3787,1.4484,0.0,0.0,1.6797,10.139686584472656,2.868159294128418,93.46,0,1,180,1.157,0.9639,1.0,0.9307,0.2892,0.3,0.3723,9999.9484,2.5085
213.9,4,RETURN_HOME,-1.6054,-0.0254,-2.024,1.4964,-0.2852,-0.0452,1.4964,-0.0852,1.4988,0.0,0.0,1.6056,10.09107494354248,2.876929521560669,92.46,0,1,180,1.009,0.9974,1.0,0.9966,0.2992,0.3,0.3986,9999.9882,2.5938
213.951,4,RETURN_HOME,-1.5317,-0.0422,-2.0227,1.4941,-0.2921,-0.0408,1.3941,-0.3921,1.4482,0.0,0.0,1.5323,10.037436485290527,2.8863730430603027,91.96,0,1,180,1.243,0.9548,1.0,0.9219,0.2864,0.3,0.3687,9999.9886,2.4367
214.001,4,RETURN_HOME,-1.4695,-0.0556,-2.0199,1.4929,-0.2968,-0.0372,1.3929,-0.0968,1.3962,0.0,0.0,1.4705,9.943442344665527,2.904132604598999,92.21,0,1,180,1.126,0.9943,1.0,0.9255,0.2983,0.3,0.3702,9999.997,2.623
214.051,4,RETURN_HOME,-1.395,-0.0714,-2.0165,1.4943,-0.2955,-0.0321,1.2943,-0.2955,1.3276,0.0,0.0,1.3968,9.894551277160645,2.9124231338500977,91.46,0,1,180,1.105,0.9623,1.0,0.8517,0.2887,0.3,0.3407,9999.9884,2.6747
214.1,4,RETURN_HOME,-1.3208,-0.0863,-2.0138,1.4955,-0.2919,-0.0264,1.2955,-0.0919,1.2988,0.0,0.0,1.3236,9.794961929321289,2.9308581352233887,91.21,0,1,180,0.983,0.9908,1.0,0.8579,0.2972,0.3,0.3431,9999.9847,2.6556
214.151,4,RETURN_HOME,-1.259,-0.0964,-2.0126,1.4954,-0.2842,-0.0208,1.2954,-0.0842,1.2982,0.0,0.0,1.2627,9.747639656066895,2.939915895462036,90.96,0,1,180,1.209,0.99,1.0,0.8568,0.297,0.3,0.3427,9999.9369,2.6643
214.2,4,RETURN_HOME,-1.1853,-0.1084,-2.0114,1.4915,-0.2759,-0.0134,1.2915,-0.0759,1.2937,0.0,0.0,1.1902,9.698817253112793,2.9481918811798096,90.46,0,1,180,0.974,0.9888,1.0,0.8528,0.2966,0.3,0.3411,9999.8812,2.6797
214.25,4,RETURN_HOME,-1.1119,-0.1201,-2.0092,1.4844,-0.2651,-0.0054,1.2844,-0.0651,1.2861,0.0,0.0,1.1183,9.599169731140137,2.9685444831848145,91.71,0,1,180,1.093,0.9875,1.0,0.8467,0.2963,0.3,0.3387,9999.826,2.6985
214.3,4,RETURN_HOME,-1.0386,-0.1316,-2.0053,1.4754,-0.2519,0.0034,1.2754,-0.0519,1.2765,0.0,0.0,1.0469,9.55152416229248,2.977739095687866,92.46,0,1,180,1.101,0.9861,1.0,0.8392,0.2958,0.3,0.3357,9999.7694,2.716
214.351,4,RETURN_HOME,-0.9782,-0.1407,-2.0025,1.4671,-0.2393,0.0113,1.2671,-0.0393,1.2677,0.0,0.0,0.9882,9.504706382751465,2.9858899116516113,92.46,0,1,180,1.104,0.9849,1.0,0.8324,0.2955,0.3,0.333,9999.7204,2.7224
214.401,4,RETURN_HOME,-0.9185,-0.15,-1.9983,1.4586,-0.2261,0.0198,1.2586,-0.0261,1.2588,0.0,0.0,0.9307,9.406320571899414,3.0090932846069336,93.71,0,1,180,1.019,0.9834,1.0,0.8253,0.295,0.3,0.3301,9999.6693,2.7281
214.451,4,RETURN_HOME,-0.8479,-0.1616,-1.9913,1.4481,-0.2101,0.0308,1.2481,-0.0101,1.2482,0.0,0.0,0.8632,9.35867977142334,3.0192883014678955,94.21,0,1,180,1.215,0.9808,1.0,0.8161,0.2942,0.3,0.3264,9999.6041,2.7223
214.5,4,RETURN_HOME,-0.778,-0.1721,-1.9854,1.4379,-0.194,0.0428,1.2379,0.006,1.2379,0.0,0.0,0.7968,9.313096046447754,3.031432628631592,94.71,0,1,180,0.929,0.9774,1.0,0.8066,0.2932,0.3,0.3227,9999.5325,2.7182
214.551,4,RETURN_HOME,-0.7218,-0.1794,-1.9832,1.4289,-0.1802,0.0536,1.2289,0.0198,1.229,0.0,0.0,0.7437,9.217114448547363,3.0543580055236816,95.46,0,1,180,1.166,0.9742,1.0,0.7982,0.2923,0.3,0.3193,9999.4692,2.6782
214.601,4,RETURN_HOME,-0.6662,-0.1859,-1.9819,1.4199,-0.1666,0.0654,1.2199,0.0334,1.2204,0.0,0.0,0.6917,9.171618461608887,3.065915822982788,95.71,0,1,180,1.138,0.9702,1.0,0.7893,0.2911,0.3,0.3157,9999.3988,2.6527
214.651,4,RETURN_HOME,-0.5997,-0.193,-1.9809,1.4096,-0.1505,0.0808,1.2096,0.0495,1.2106,0.0,0.0,0.63,9.126818656921387,3.07899808883667,96.21,0,1,180,1.178,0.9636,1.0,0.7777,0.2891,0.3,0.3111,9999.2993,2.6313
214.751,5,NAVIGATE,-0.4794,-0.2019,-1.9822,1.3903,-0.1197,0.1131,1.4903,0.0803,1.4924,0.0,12.0,12.2114,8.987261772155762,3.117288827896118,96.46,0,1,180,1.758,0.0929,1.0,0.4975,0.0279,0.3,0.199,0.5269,2.556
214.801,5,NAVIGATE,-0.4147,-0.2052,-1.984,1.3789,-0.1047,0.1338,1.4789,0.0953,1.4819,0.0,12.0,12.2123,8.942957878112793,3.1304733753204346,96.71,0,1,180,1.553,0.0982,1.0,0.494,0.0295,0.3,0.1976,0.527,2.5524
214.851,5,NAVIGATE,-0.3725,-0.2059,-1.9868,1.372,-0.0959,0.1517,1.472,0.1041,1.4757,0.0,12.0,12.2115,8.849201202392578,3.13196063041687,68.69,0,1,180,1.703,0.1009,1.0,0.4919,0.0303,0.3,0.1968,0.527,2.4838
214.901,5,NAVIGATE,-0.3091,-0.2068,-1.9877,1.3684,-0.0831,0.186,1.4684,0.1169,1.473,0.0,12.0,12.2107,8.80525016784668,3.1242125034332275,68.44,0,1,180,1.719,0.1046,1.0,0.491,0.0314,0.3,0.1964,0.5278,2.5107
214.951,5,NAVIGATE,-0.2455,-0.2079,-1.9839,1.3718,-0.072,0.2287,1.4718,0.128,1.4774,0.0,12.0,12.2104,8.763750076293945,3.1148409843444824,67.94,0,1,180,1.606,0.1067,1.0,0.4925,0.032,0.3,0.197,0.529,2.5631
215.001,5,NAVIGATE,-0.192,-0.2101,-1.9751,1.3793,-0.0645,0.2701,1.4793,0.1355,1.4855,0.0,12.0,12.2116,8.697392463684082,3.098710775375366,65.94,0,1,180,1.681,0.1069,1.0,0.4952,0.0321,0.3,0.1981,0.5301,2.4545
215.051,5,NAVIGATE,-0.138,-0.212,-1.9649,1.3899,-0.0572,0.3162,1.4899,0.1428,1.4967,0.0,12.0,12.2128,8.68220043182373,3.088927984237671,64.94,0,1,180,1.854,0.1067,1.0,0.4989,0.032,0.3,0.1996,0.5316,2.4896
215.101,5,NAVIGATE,-0.0729,-0.2147,-1.9504,1.4051,-0.0479,0.3773,1.4051,0.1521,1.4133,0.0,12.0,12.2149,8.677581787109375,3.0805366039276123,63.68,0,1,180,1.118,0.1136,1.0,0.4711,0.0341,0.3,0.1884,0.5225,2.5551
215.15,5,NAVIGATE,-0.0087,-0.2196,-1.9311,1.4211,-0.0383,0.444,1.4211,0.1617,1.4303,0.0,12.0,12.2196,5.598196029663086,3.0627520084381104,60.43,0,1,180,1.143,0.1138,1.0,0.4768,0.0341,0.3,0.1907,0.5248,2.4432
215.201,5,NAVIGATE,0.0458,-0.2231,-1.9152,1.4346,-0.0282,0.5035,1.4346,0.1718,1.4449,0.0,12.0,12.2232,5.2383809089660645,3.055655002593994,58.43,0,1,180,1.068,0.1152,1.0,0.4816,0.0346,0.3,0.1927,0.5272,2.4591
215.251,5,NAVIGATE,0.1128,-0.2256,-1.8963,1.4483,-0.0135,0.579,1.4483,0.1865,1.4602,0.0,12.0,12.2261,4.911937236785889,3.0469586849212646,56.68,0,1,180,1.333,0.1186,1.0,0.4867,0.0356,0.3,0.1947,0.5303,2.5462
215.3,5,NAVIGATE,0.1699,-0.2263,-1.8811,1.4574,0.0007,0.6453,1.4574,0.2007,1.4711,0.0,12.0,12.2275,4.332724571228027,3.031362533569336,51.92,0,1,180,1.011,0.1227,1.0,0.4904,0.0368,0.3,0.1961,0.533,2.3184
215.351,5,NAVIGATE,0.2274,-0.2264,-1.8666,1.4641,0.0161,0.7146,1.4641,0.2161,1.48,0.0,12.0,12.2285,4.106379985809326,3.023561954498291,49.92,0,1,180,1.15,0.1276,1.0,0.4933,0.0383,0.3,0.1973,0.5356,2.3301
215.401,5,NAVIGATE,0.2984,-0.2258,-1.8486,1.4705,0.0362,0.8012,1.4705,0.2362,1.4894,0.0,12.0,12.2294,3.9072861671447754,3.016667604446411,47.67,0,1,180,1.068,0.1345,1.0,0.4965,0.0403,0.3,0.1986,0.5389,2.4146
215.451,5,NAVIGATE,0.359,-0.2245,-1.8344,1.475,0.0551,0.8752,1.475,0.2551,1.4969,0.0,12.0,12.2298,3.5584604740142822,3.0023577213287354,41.91,0,1,180,1.148,0.1415,1.0,0.499,0.0424,0.3,0.1996,0.542,2.1328
215.501,5,NAVIGATE,0.4316,-0.2219,-1.8217,1.4791,0.0802,0.9643,1.3791,0.2802,1.4073,0.0,12.0,12.2295,3.4282937049865723,2.997103452682495,36.91,0,1,180,1.177,0.1644,1.0,0.4691,0.0493,0.3,0.1876,0.537,2.1617
215.551,5,NAVIGATE,0.5038,-0.2169,-1.8153,1.4827,0.108,1.0523,1.3827,0.308,1.4166,0.0,12.0,12.2273,3.316787004470825,2.988293170928955,35.66,0,1,180,1.16,0.177,1.0,0.4722,0.0531,0.3,0.1889,0.542,2.1888
215.601,5,NAVIGATE,0.5638,-0.2114,-1.8149,1.4848,0.1311,1.1236,1.3848,0.3311,1.4238,0.0,12.0,12.2244,3.137746572494507,2.973235607147217,29.15,0,1,180,1.045,0.1874,1.0,0.4746,0.0562,0.3,0.1898,0.5461,1.8789
215.65,5,NAVIGATE,0.6356,-0.2036,-1.8189,1.4833,0.157,1.2058,1.3833,0.357,1.4286,0.0,12.0,12.2202,3.0764453411102295,2.9685702323913574,24.9,0,1,180,1.073,0.1992,1.0,0.4762,0.0597,0.3,0.1905,0.5502,1.9007
215.701,5,NAVIGATE,0.7057,-0.1948,-1.8239,1.4782,0.1808,1.2836,1.3782,0.3808,1.4298,0.0,12.0,12.2152,3.0298047065734863,2.960683822631836,22.4,0,1,180,1.554,0.2102,1.0,0.4766,0.0631,0.3,0.1906,0.5537,1.921
215.75,5,NAVIGATE,0.7641,-0.1867,-1.8302,1.472,0.1992,1.3446,1.372,0.3992,1.4289,0.0,12.0,12.2106,2.9584381580352783,2.944894552230835,14.89,0,1,180,1.094,0.2187,1.0,0.4763,0.0656,0.3,0.1905,0.5561,1.6343
215.8,5,NAVIGATE,0.8336,-0.1754,-1.8408,1.4632,0.2203,1.4126,1.3632,0.4203,1.4265,0.0,12.0,12.2039,2.942243814468384,2.9364700317382812,14.14,0,1,180,1.019,0.2287,1.0,0.4755,0.0686,0.3,0.1902,0.5588,1.6397
215.85,5,NAVIGATE,0.8905,-0.164,-1.8549,1.4549,0.2379,1.4647,1.3549,0.4379,1.4239,0.0,12.0,12.1965,2.9294521808624268,2.9288289546966553,10.13,0,1,180,1.072,0.2372,1.0,0.4746,0.0712,0.3,0.1899,0.561,1.6072
215.9,5,NAVIGATE,0.9586,-0.1497,-1.8718,1.4448,0.258,1.5216,1.3448,0.458,1.4206,0.0,12.0,12.1874,2.91170072555542,2.91170072555542,5.13,0,1,180,1.046,0.2469,1.0,0.4735,0.0741,0.3,0.1894,0.5635,1.3895
215.95,5,NAVIGATE,1.0162,-0.1376,-1.8871,1.437,0.2739,1.5642,1.337,0.4739,1.4185,0.0,12.0,12.18,2.9032368659973145,2.9032368659973145,1.38,0,1,180,1.074,0.2542,1.0,0.4728,0.0763,0.3,0.1891,0.5654,1.351
216.0,5,NAVIGATE,1.0867,-0.1231,-1.9072,1.4286,0.2918,1.6096,1.3286,0.4918,1.4167,0.0,12.0,12.1717,2.8947572708129883,2.8947572708129883,-0.13,0,1,180,0.978,0.262,1.0,0.4722,0.0786,0.3,0.1889,0.5675,1.3378
216.05,5,NAVIGATE,1.1564,-0.1079,-1.926,1.4203,0.309,1.649,1.3203,0.509,1.415,0.0,12.0,12.163,2.876222610473633,2.876222610473633,-3.13,0,1,180,1.087,0.2694,1.0,0.4717,0.0808,0.3,0.1887,0.5695,1.1536
216.1,5,NAVIGATE,1.2114,-0.0947,-1.9411,1.4124,0.3228,1.6773,1.3124,0.5228,1.4127,0.0,12.0,12.1552,2.866673231124878,2.866673231124878,-5.13,0,1,180,0.988,0.2757,1.0,0.4709,0.0827,0.3,0.1884,0.5711,1.1171
216.15,5,NAVIGATE,1.2753,-0.0781,-1.9581,1.4025,0.3391,1.7059,1.2025,0.5391,1.3178,0.0,12.0,12.1453,2.8451833724975586,2.8451833724975586,-8.63,0,1,180,1.089,0.311,1.0,0.4393,0.0933,0.3,0.1757,0.569,0.9712
216.201,5,NAVIGATE,1.3395,-0.0606,-1.9734,1.3935,0.3554,1.7288,1.1935,0.5554,1.3163,0.0,12.0,12.1348,2.8352980613708496,2.8352980613708496,-8.63,0,1,180,1.754,0.3192,1.0,0.4388,0.0958,0.3,0.1755,0.5713,0.9278
216.251,5,NAVIGATE,1.3919,-0.0449,-1.9824,1.3863,0.369,1.7438,1.1863,0.569,1.3157,0.0,12.0,12.125,2.8239071369171143,2.8239071369171143,-7.88,0,1,180,1.676,0.3261,1.0,0.4386,0.0978,0.3,0.1754,0.5733,0.8758
216.301,5,NAVIGATE,1.4546,-0.0252,-1.9914,1.3761,0.3853,1.7573,1.2761,0.4853,1.3653,0.0,12.0,12.1129,2.798525094985962,2.798525094985962,-9.88,0,1,180,1.613,0.2406,1.0,0.4551,0.0722,0.3,0.182,0.5542,1.0504
216.351,5,NAVIGATE,1.5068,-0.0084,-1.9981,1.3662,0.3988,1.7654,1.2662,0.4988,1.3609,0.0,12.0,12.1026,2.789828062057495,2.7865607738494873,-10.63,0,1,180,1.717,0.2478,1.0,0.4536,0.0744,0.3,0.1815,0.5558,0.994
216.401,5,NAVIGATE,1.5583,0.0056,-2.0031,1.3545,0.4115,1.771,1.2545,0.5115,1.3547,0.0,12.0,12.0952,2.777442455291748,2.7745866775512695,-11.64,0,1,180,1.606,0.2551,1.0,0.4516,0.0765,0.3,0.1806,0.5572,0.939
216.451,5,NAVIGATE,1.6098,0.0203,-2.0076,1.3435,0.4225,1.7744,1.1435,0.5225,1.2573,0.0,12.0,12.0873,2.7653284072875977,2.762035369873047,-11.39,0,1,180,1.692,0.2908,1.0,0.4191,0.0872,0.3,0.1676,0.5549,0.8908
216.501,5,NAVIGATE,1.6715,0.0389,-2.0123,1.3325,0.4338,1.7757,1.1325,0.5338,1.252,0.0,12.0,12.0774,2.736757516860962,2.7330057621002197,-12.89,0,1,180,1.535,0.297,1.0,0.4173,0.0891,0.3,0.1669,0.556,0.812
216.551,5,NAVIGATE,1.7241,0.0547,-2.0165,1.3253,0.4421,1.7747,1.3253,0.4421,1.3971,0.0,12.0,12.0691,2.7213516235351562,2.7206151485443115,-12.14,0,1,180,1.714,0.1777,1.0,0.4657,0.0533,0.3,0.1863,0.5396,1.0567
216.602,5,NAVIGATE,1.7869,0.0746,-2.021,1.3161,0.4521,1.771,1.3161,0.4521,1.3916,0.0,12.0,12.0585,2.7081236839294434,2.7054367065429688,-11.64,0,1,180,2.08,0.1812,1.0,0.4639,0.0544,0.3,0.1855,0.5399,1.0266
216.651,5,NAVIGATE,1.8389,0.0916,-2.0242,1.3076,0.4601,1.7669,1.3076,0.4601,1.3862,0.0,12.0,12.0495,2.6771440505981445,2.6743953227996826,-11.14,0,1,180,1.63,0.1841,1.0,0.4621,0.0552,0.3,0.1848,0.54,0.9724
216.701,5,NAVIGATE,1.8973,0.1126,-2.0317,1.2993,0.4671,1.7609,1.1993,0.4671,1.287,0.0,12.0,12.0378,2.6621222496032715,2.66009521484375,-11.89,0,1,180,1.628,0.2115,1.0,0.429,0.0635,0.3,0.1716,0.5351,0.9095
216.751,5,NAVIGATE,1.9461,0.1306,-2.037,1.2953,0.4713,1.755,1.1953,0.4713,1.2849,0.0,12.0,12.0279,2.6468961238861084,2.644824504852295,-11.89,0,1,180,1.698,0.2115,1.0,0.4283,0.0634,0.3,0.1713,0.5348,0.8734
216.801,5,NAVIGATE,1.9951,0.1485,-2.0416,1.2941,0.4745,1.7487,1.1941,0.4745,1.2849,0.0,12.0,12.0183,2.6120307445526123,2.6120307445526123,-9.88,0,1,180,1.573,0.2099,1.0,0.4283,0.063,0.3,0.1713,0.5343,0.8437
216.851,5,NAVIGATE,2.0534,0.169,-2.0459,1.293,0.4774,1.7405,1.093,0.4774,1.1927,0.0,12.0,12.0078,2.5977730751037598,2.596540689468384,-11.89,0,1,180,1.716,0.2377,1.0,0.3976,0.0713,0.3,0.159,0.5303,0.8217
216.901,5,NAVIGATE,2.1122,0.1899,-2.0494,1.2912,0.4799,1.7324,1.0912,0.4799,1.192,0.0,12.0,11.9975,2.581531047821045,2.58134126663208,-11.89,0,1,180,1.584,0.2351,1.0,0.3973,0.0705,0.3,0.1589,0.5295,0.7891
216.951,5,NAVIGATE,2.1517,0.204,-2.0514,1.2894,0.4816,1.7271,1.0894,0.4816,1.1911,0.0,12.0,11.9906,2.5481460094451904,2.5481460094451904,-9.38,0,1,180,1.728,0.2337,1.0,0.397,0.0701,0.3,0.1588,0.5289,0.7712
217.001,5,NAVIGATE,2.2116,0.2256,-2.0535,1.2838,0.4845,1.7195,1.0838,0.4845,1.1872,0.0,12.0,11.9803,2.530189275741577,2.530189275741577,-8.88,0,1,180,1.6,0.2326,1.0,0.3957,0.0698,0.3,0.1583,0.5281,0.7407
217.051,5,NAVIGATE,2.2713,0.2476,-2.0551,1.2749,0.4877,1.7126,1.0749,0.4877,1.1804,0.0,12.0,11.9699,2.515836477279663,2.515836477279663,-9.13,0,1,180,1.698,0.2329,1.0,0.3935,0.0699,0.3,0.1574,0.5272,0.7087
217.101,5,NAVIGATE,2.3234,0.2669,-2.0566,1.2667,0.4908,1.7075,1.3667,0.3908,1.4214,0.0,12.0,11.9609,2.481865644454956,2.481865644454956,-8.88,0,1,180,1.565,0.0829,1.0,0.4738,0.0249,0.3,0.1895,0.5144,1.1838
217.151,5,NAVIGATE,2.3871,0.2908,-2.0585,1.2555,0.4952,1.7023,1.3555,0.3952,1.4119,0.0,12.0,11.95,2.4652259349823,2.4652259349823,-7.38,0,1,180,1.759,0.0825,1.0,0.4706,0.0248,0.3,0.1883,0.513,1.1444
217.201,5,NAVIGATE,2.4499,0.315,-2.0598,1.2439,0.4994,1.6986,1.4439,0.3994,1.4981,0.0,12.0,11.939,2.44866943359375,2.44866943359375,-8.38,0,1,180,1.578,0.0632,1.0,0.4994,0.019,0.3,0.1997,0.5187,1.1826
217.251,5,NAVIGATE,2.4994,0.3333,-2.0579,1.2387,0.4989,1.6965,1.4387,0.3989,1.4929,0.0,12.0,11.9314,2.413651466369629,2.413651466369629,-7.38,0,1,180,1.705,0.0594,1.0,0.4976,0.0178,0.3,0.1991,0.5169,1.203
217.301,5,NAVIGATE,2.5483,0.3512,-2.0555,1.2383,0.4963,1.6952,1.4383,0.3963,1.4918,0.0,12.0,11.9243,2.3972456455230713,2.3972456455230713,-7.63,0,1,180,1.805,0.0535,1.0,0.4973,0.016,0.3,0.1989,0.515,1.1978
217.351,5,NAVIGATE,2.6074,0.3728,-2.0529,1.2454,0.4918,1.6944,1.4454,0.3918,1.4975,0.0,12.0,11.9159,2.3814918994903564,2.3814918994903564,-8.88,0,1,180,1.725,0.0441,1.0,0.4992,0.0132,0.3,0.1997,0.5129,1.2036
217.401,5,NAVIGATE,2.6569,0.3922,-2.0541,1.2564,0.4884,1.6944,1.3564,0.3884,1.4109,0.0,12.0,11.908,2.348290205001831,2.348290205001831,-7.38,0,1,180,1.685,0.0538,1.0,0.4703,0.0161,0.3,0.1881,0.5043,1.1331
217.451,5,NAVIGATE,2.717,0.4156,-2.0561,1.2734,0.4846,1.6952,1.3734,0.3846,1.4263,0.0,12.0,11.8987,2.331087350845337,2.331087350845337,-8.88,0,1,180,1.721,0.0427,1.0,0.4754,0.0128,0.3,0.1902,0.503,1.1435
217.501,5,NAVIGATE,2.7678,0.435,-2.0574,1.2888,0.4818,1.6964,1.3888,0.3818,1.4404,0.0,12.0,11.8916,2.314164876937866,2.314164876937866,-7.88,0,1,180,1.603,0.0334,1.0,0.4801,0.01,0.3,0.192,0.5021,1.1538
217.551,5,NAVIGATE,2.8207,0.4555,-2.0515,1.3031,0.4795,1.6983,1.4031,0.3795,1.4535,0.0,12.0,11.8841,2.2799549102783203,2.2799549102783203,-7.88,0,1,180,1.723,0.0245,1.0,0.4845,0.0074,0.3,0.1938,0.5012,1.1828
217.601,5,NAVIGATE,2.8847,0.4798,-2.0452,1.3172,0.4769,1.7014,1.4172,0.3769,1.4665,0.0,12.0,11.8759,2.265326738357544,2.265326738357544,-8.38,0,1,180,1.764,0.0146,1.0,0.4888,0.0044,0.3,0.1955,0.4999,1.1267
217.651,5,NAVIGATE,2.9384,0.4997,-2.0406,1.3267,0.4747,1.7047,1.1267,0.4747,1.2226,0.0,12.0,11.8697,2.24812650680542,2.24812650680542,-7.63,0,1,180,1.631,0.148,1.0,0.4075,0.0444,0.3,0.163,0.5074,0.7501
217.701,5,NAVIGATE,2.992,0.5219,-2.0376,1.3346,0.4739,1.7088,1.1346,0.4739,1.2296,0.0,12.0,11.8616,2.2304024696350098,2.2304024696350098,-9.63,0,1,180,1.631,0.1402,1.0,0.4099,0.042,0.3,0.1639,0.506,0.7575
217.751,5,NAVIGATE,3.0568,0.5479,-2.0348,1.3437,0.472,1.7144,1.1437,0.472,1.2373,0.0,12.0,11.8531,2.199676752090454,2.199676752090454,-7.38,0,1,180,1.881,0.1302,1.0,0.4124,0.0391,0.3,0.165,0.504,0.7671
217.801,5,NAVIGATE,3.1224,0.5728,-2.0334,1.3455,0.4729,1.7207,1.1455,0.4729,1.2393,0.0,12.0,11.8461,2.182981014251709,2.182981014251709,-9.63,0,1,180,1.544,0.1244,1.0,0.4131,0.0373,0.3,0.1652,0.5026,0.7778
217.852,5,NAVIGATE,3.1799,0.5911,-2.0353,1.3428,0.4743,1.7263,1.1428,0.4743,1.2373,0.0,12.0,11.8437,2.165231227874756,2.165231227874756,-9.38,0,1,180,1.909,0.1212,1.0,0.4124,0.0364,0.3,0.165,0.5014,0.7756
217.902,5,NAVIGATE,3.2369,0.6095,-2.037,1.336,0.4766,1.7326,1.336,0.3766,1.388,0.0,12.0,11.8415,2.134387731552124,2.133540391921997,-10.38,0,1,180,2.352,-0.0021,1.0,0.4627,-0.0006,0.3,0.1851,0.4844,1.0057
217.951,5,NAVIGATE,3.3044,0.6316,-2.0398,1.3241,0.48,1.7407,1.3241,0.38,1.3775,0.0,12.0,11.8389,2.1185739040374756,2.1185739040374756,-8.88,0,1,180,1.707,-0.0034,1.0,0.4592,-0.001,0.3,0.1837,0.4827,0.9957
218.001,5,NAVIGATE,3.36,0.6499,-2.0432,1.3124,0.4831,1.7481,1.3124,0.3831,1.3672,0.0,12.0,11.837,2.0993411540985107,2.0993411540985107,-9.88,0,1,180,1.542,-0.0038,1.0,0.4557,-0.0011,0.3,0.1823,0.4811,0.9834
218.051,5,NAVIGATE,3.4149,0.6685,-2.0461,1.3037,0.4839,1.7559,1.3037,0.3839,1.3591,0.0,12.0,11.8349,2.0686070919036865,2.06809401512146,-10.89,0,1,180,1.677,-0.0063,1.0,0.453,-0.0019,0.3,0.1812,0.4793,0.9291
218.101,5,NAVIGATE,3.4801,0.6925,-2.0482,1.2981,0.4832,1.7653,1.0981,0.4832,1.1997,0.0,12.0,11.8309,2.052311420440674,2.052112579345703,-11.39,0,1,180,1.647,0.1157,1.0,0.3999,0.0347,0.3,0.16,0.4947,0.7291
218.151,5,NAVIGATE,3.5452,0.7193,-2.0481,1.2974,0.4817,1.7747,1.0974,0.4817,1.1985,0.0,12.0,11.8246,2.0350708961486816,2.0350680351257324,-12.39,0,1,180,1.779,0.1089,1.0,0.3995,0.0327,0.3,0.1598,0.4925,0.7387
218.201,5,NAVIGATE,3.5885,0.7368,-2.048,1.2991,0.4797,1.7809,1.0991,0.4797,1.1993,0.0,12.0,11.8211,2.005514621734619,2.0030367374420166,-12.14,0,1,180,1.683,0.1029,1.0,0.3998,0.0309,0.3,0.1599,0.4908,0.7283
218.251,5,NAVIGATE,3.6535,0.7632,-2.0475,1.2993,0.4795,1.7899,1.0993,0.4795,1.1993,0.0,12.0,11.8159,1.9887856245040894,1.986421823501587,-11.39,0,1,180,1.712,0.0968,1.0,0.3998,0.029,0.3,0.1599,0.4889,0.7387
218.302,5,NAVIGATE,3.7184,0.7898,-2.0465,1.295,0.4819,1.7989,1.095,0.4819,1.1964,0.0,12.0,11.8108,1.971753478050232,1.9688279628753662,-12.64,0,1,180,2.553,0.0941,1.0,0.3988,0.0282,0.3,0.1595,0.4878,0.7398
218.351,5,NAVIGATE,3.7721,0.8116,-2.0456,1.2882,0.4849,1.8062,1.0882,0.4849,1.1913,0.0,12.0,11.8071,1.942286491394043,1.9372437000274658,-13.64,0,1,180,1.71,0.0939,1.0,0.3971,0.0282,0.3,0.1588,0.487,0.7186
218.401,5,NAVIGATE,3.8376,0.837,-2.045,1.2777,0.4884,1.8151,1.0777,0.4884,1.1832,0.0,12.0,11.8043,1.925900936126709,1.9216583967208862,-14.64,0,1,180,1.636,0.0943,1.0,0.3944,0.0283,0.3,0.1578,0.486,0.7088
218.451,5,NAVIGATE,3.8921,0.8577,-2.0447,1.2677,0.4913,1.8224,1.0677,0.4913,1.1753,0.0,12.0,11.8025,1.9095125198364258,1.9029231071472168,-14.39,0,1,180,1.699,0.095,1.0,0.3918,0.0285,0.3,0.1567,0.4852,0.6973
218.501,5,NAVIGATE,3.9457,0.8785,-2.0442,1.2569,0.494,1.8297,1.0569,0.494,1.1667,0.0,12.0,11.8007,1.8942604064941406,1.8882719278335571,-14.14,0,1,180,1.701,0.0962,1.0,0.3889,0.0288,0.3,0.1556,0.4844,0.6853
218.551,5,NAVIGATE,4.0086,0.9023,-2.0476,1.2433,0.4968,1.8383,1.1433,0.3968,1.2102,0.0,12.0,11.7995,1.8634552955627441,1.854480266571045,-14.64,0,1,180,1.707,-0.0126,1.0,0.4034,-0.0038,0.3,0.1614,0.4576,0.859
218.601,5,NAVIGATE,4.0599,0.9218,-2.0514,1.2317,0.4991,1.8454,1.1317,0.3991,1.2,0.0,12.0,11.7987,1.847723126411438,1.8359618186950684,-16.39,0,1,180,1.654,-0.0122,1.0,0.4,-0.0037,0.3,0.16,0.4563,0.8504
218.651,5,NAVIGATE,4.1106,0.9414,-2.0546,1.2201,0.5017,1.8525,1.1201,0.4017,1.1899,0.0,12.0,11.7978,1.832252025604248,1.8203617334365845,-13.64,0,1,180,1.63,-0.0115,1.0,0.3966,-0.0035,0.3,0.1587,0.4552,0.8414
218.701,5,NAVIGATE,4.1654,0.9619,-2.0571,1.2064,0.5002,1.8609,1.1064,0.5002,1.2142,0.0,12.0,11.7979,1.8005574941635132,1.7888572216033936,-17.89,0,1,180,1.579,0.0637,1.0,0.4047,0.0191,0.3,0.1619,0.481,0.7403
218.751,5,NAVIGATE,4.219,0.9821,-2.0588,1.1954,0.4958,1.8691,1.0954,0.4958,1.2024,0.0,12.0,11.798,1.7838724851608276,1.768692970275879,-17.14,0,1,180,1.686,0.0592,1.0,0.4008,0.0178,0.3,0.1603,0.4781,0.7381
218.801,5,NAVIGATE,4.2637,0.9992,-2.0598,1.1882,0.4911,1.8755,1.0882,0.4911,1.1939,0.0,12.0,11.7982,1.75314199924469,1.7362431287765503,-17.39,0,1,180,1.557,0.0541,1.0,0.398,0.0162,0.3,0.1592,0.4754,0.7221
218.851,5,NAVIGATE,4.319,1.0201,-2.0641,1.1815,0.4875,1.8828,1.0815,0.4875,1.1863,0.0,12.0,11.7988,1.7370020151138306,1.7196979522705078,-17.14,0,1,180,1.72,0.0487,1.0,0.3954,0.0146,0.3,0.1582,0.4728,0.7209
218.901,5,NAVIGATE,4.3742,1.0412,-2.0674,1.1754,0.4864,1.8897,0.9754,0.4864,1.09,0.0,12.0,11.7995,1.7205919027328491,1.7020280361175537,-17.64,0,1,180,1.538,0.0827,1.0,0.3633,0.0248,0.3,0.1453,0.4701,0.6455
218.951,5,NAVIGATE,4.42,1.0597,-2.07,1.1706,0.4873,1.8952,0.9706,0.4873,1.0861,0.0,12.0,11.7995,1.6899926662445068,1.6691806316375732,-19.39,0,1,180,1.586,0.0813,1.0,0.362,0.0244,0.3,0.1448,0.4692,0.66
219.001,5,NAVIGATE,4.4747,1.0848,-2.0749,1.1648,0.4908,1.9015,0.9648,0.4908,1.0825,0.0,12.0,11.7968,1.6749986410140991,1.652097225189209,-17.89,0,1,180,1.631,0.0815,1.0,0.3608,0.0244,0.3,0.1443,0.4688,0.6476
219.051,5,NAVIGATE,4.5202,1.1057,-2.078,1.158,0.4942,1.9065,0.958,0.4942,1.078,0.0,12.0,11.7948,1.65579092502594,1.6343748569488525,-19.14,0,1,180,1.57,0.0829,1.0,0.3593,0.0249,0.3,0.1437,0.4686,0.6307
219.101,5,NAVIGATE,4.565,1.1277,-2.0797,1.1492,0.498,1.9113,0.9492,0.498,1.0719,0.0,12.0,11.7918,1.6252515316009521,1.6001858711242676,-20.64,0,1,180,1.628,0.0856,1.0,0.3573,0.0257,0.3,0.1429,0.4686,0.6316
219.151,5,NAVIGATE,4.6177,1.1556,-2.0802,1.1364,0.5031,1.9171,0.9364,0.5031,1.063,0.0,12.0,11.7866,1.6096915006637573,1.5844565629959106,-18.64,0,1,180,1.735,0.0904,1.0,0.3543,0.0271,0.3,0.1417,0.4688,0.6123
219.201,5,NAVIGATE,4.6613,1.1787,-2.0799,1.1245,0.5069,1.9217,0.9245,0.5069,1.0544,0.0,12.0,11.7826,1.590598225593567,1.563278079032898,-21.9,0,1,180,1.709,0.0946,1.0,0.3515,0.0284,0.3,0.1406,0.469,0.5935
219.251,5,NAVIGATE,4.7154,1.2071,-2.0777,1.1105,0.5113,1.9272,0.9105,0.5113,1.0442,0.0,12.0,11.778,1.557507872581482,1.5306167602539062,-20.64,0,1,180,1.668,0.0996,1.0,0.3481,0.0299,0.3,0.1392,0.4691,0.5918
219.301,5,NAVIGATE,4.7707,1.2361,-2.0739,1.0969,0.5158,1.9326,0.8969,0.5158,1.0346,0.0,12.0,11.7738,1.5422683954238892,1.5124540328979492,-21.39,0,1,180,1.75,0.1045,1.0,0.3449,0.0313,0.3,0.138,0.4693,0.5721
219.351,5,NAVIGATE,4.8161,1.26,-2.0707,1.0856,0.5192,1.9371,0.8856,0.5192,1.0265,0.0,12.0,11.7704,1.524172306060791,1.4938048124313354,-21.39,0,1,180,1.78,0.1085,1.0,0.3422,0.0326,0.3,0.1369,0.4694,0.5525
219.401,5,NAVIGATE,4.8597,1.2854,-2.067,1.0738,0.5233,1.9415,0.8738,0.5233,1.0185,0.0,12.0,11.7652,1.4881943464279175,1.4608750343322754,-19.64,0,1,180,1.835,0.1135,1.0,0.3395,0.0341,0.3,0.1358,0.4699,0.5455
219.451,5,NAVIGATE,4.9111,1.3158,-2.0626,1.0595,0.5281,1.9468,0.8595,0.5281,1.0088,0.0,12.0,11.7589,1.4721142053604126,1.4431519508361816,-21.65,0,1,180,1.669,0.1198,1.0,0.3363,0.0359,0.3,0.1345,0.4704,0.5514
219.501,5,NAVIGATE,4.9618,1.3457,-2.0584,1.0452,0.5326,1.9519,0.8452,0.5326,0.999,0.0,12.0,11.753,1.4563262462615967,1.4232193231582642,-22.15,0,1,180,1.572,0.1261,1.0,0.333,0.0378,0.3,0.1332,0.471,0.5293
219.551,5,NAVIGATE,5.0073,1.3711,-2.0593,1.0347,0.5368,1.9561,0.8347,0.5368,0.9924,0.0,12.0,11.7493,1.421647548675537,1.3884583711624146,-23.9,0,1,180,1.67,0.1309,1.0,0.3308,0.0393,0.3,0.1323,0.4716,0.5289
219.601,5,NAVIGATE,5.0519,1.3963,-2.0597,1.024,0.5407,1.9603,0.824,0.5407,0.9856,0.0,12.0,11.7456,1.405746340751648,1.3695900440216064,-22.9,0,1,180,1.602,0.1357,1.0,0.3285,0.0407,0.3,0.1314,0.4721,0.5105
219.652,5,NAVIGATE,5.1043,1.4261,-2.0599,1.011,0.5451,1.9653,0.811,0.5451,0.9772,0.0,12.0,11.7414,1.3854305744171143,1.3507280349731445,-23.15,0,1,180,1.663,0.1416,1.0,0.3257,0.0425,0.3,0.1303,0.4728,0.5096
219.701,5,NAVIGATE,5.1475,1.4521,-2.0587,1.0005,0.5487,1.9694,0.8005,0.5487,0.9705,0.0,12.0,11.7369,1.3686962127685547,1.332613468170166,-24.4,0,1,180,1.664,0.1464,0.9852,0.3235,0.0439,0.2956,0.1294,0.4689,0.4926
219.751,5,NAVIGATE,5.1984,1.4828,-2.0571,0.9876,0.5527,1.9743,0.7876,0.5527,0.9622,0.0,12.0,11.7318,1.33333420753479,1.296695351600647,-23.9,0,1,180,1.705,0.1523,0.9792,0.3207,0.0457,0.2938,0.1283,0.4677,0.4824
219.801,5,NAVIGATE,5.2474,1.5134,-2.0571,0.974,0.5564,1.9793,0.774,0.5564,0.9533,0.0,12.0,11.7262,1.3135581016540527,1.2774658203125,-24.65,0,1,180,1.677,0.1587,0.979,0.3178,0.0476,0.2937,0.1271,0.4684,0.4849
219.851,5,NAVIGATE,5.2864,1.539,-2.0598,0.9621,0.5594,1.9835,0.7621,0.5594,0.9453,0.0,12.0,11.7209,1.2802187204360962,1.2421836853027344,-22.9,0,1,180,1.698,0.1645,0.9539,0.3151,0.0494,0.2862,0.126,0.4616,0.4815
219.901,5,NAVIGATE,5.3325,1.5694,-2.0622,0.9476,0.5627,1.9885,0.7476,0.5627,0.9357,0.0,12.0,11.7147,1.2622790336608887,1.2221263647079468,-23.65,0,1,180,1.561,0.1718,0.956,0.3119,0.0515,0.2868,0.1248,0.4631,0.4809
219.951,5,NAVIGATE,5.369,1.595,-2.0623,0.935,0.5656,1.9928,0.735,0.5656,0.9274,0.0,12.0,11.7086,1.2436449527740479,1.202178716659546,-24.15,0,1,180,1.709,0.1786,0.9167,0.3091,0.0536,0.275,0.1237,0.4522,0.4609
220.001,5,NAVIGATE,5.4032,1.6211,-2.0603,0.9216,0.5688,1.997,0.7216,0.5688,0.9188,0.0,12.0,11.7011,1.206288456916809,1.1668012142181396,-24.65,0,1,180,1.647,0.1864,0.9431,0.3063,0.0559,0.2829,0.1225,0.4614,0.4667
220.051,5,NAVIGATE,5.444,1.6521,-2.0576,0.9057,0.5723,2.0022,0.7057,0.5723,0.9086,0.0,12.0,11.6925,1.1891660690307617,1.1470134258270264,-25.65,0,1,180,1.663,0.1958,0.9026,0.3029,0.0587,0.2708,0.1212,0.4507,0.4451
220.101,5,NAVIGATE,5.4844,1.6847,-2.0547,0.8901,0.5766,2.0074,0.6901,0.5766,0.8993,0.0,12.0,11.6827,1.1687206029891968,1.1268045902252197,-24.65,0,1,180,1.526,0.2059,0.9071,0.2998,0.0618,0.2721,0.1199,0.4538,0.4442
220.151,5,NAVIGATE,5.5179,1.7129,-2.0522,0.8774,0.5807,2.0117,0.6774,0.5807,0.8923,0.0,12.0,11.6736,1.1319862604141235,1.0892360210418701,-25.4,0,1,180,1.749,0.2146,0.9011,0.2974,0.0644,0.2703,0.119,0.4537,0.454
220.201,5,NAVIGATE,5.5577,1.7461,-2.0492,0.8623,0.5852,2.0169,0.6623,0.4852,0.821,0.0,12.0,11.6632,1.1116796731948853,1.0715173482894897,-26.15,0,1,180,1.628,0.1352,0.9953,0.2737,0.0406,0.2986,0.1095,0.4486,0.5003
220.251,5,NAVIGATE,5.5894,1.7753,-2.0479,0.8492,0.5896,2.0211,0.6492,0.4896,0.8131,0.0,12.0,11.6527,1.095085859298706,1.0525798797607422,-26.65,0,1,180,1.73,0.1454,0.989,0.271,0.0436,0.2967,0.1084,0.4487,0.4943
220.302,5,NAVIGATE,5.6202,1.8052,-2.0473,0.8359,0.5945,2.0253,0.6359,0.4945,0.8055,0.0,12.0,11.6413,1.0574041604995728,1.0131447315216064,-26.15,0,1,180,1.953,0.1566,0.9959,0.2685,0.047,0.2988,0.1074,0.4531,0.4903
220.351,5,NAVIGATE,5.663,1.8461,-2.0461,0.8176,0.5977,2.0311,0.7176,0.5977,0.9339,0.0,12.0,11.6263,1.038232445716858,0.9947642683982849,-26.15,0,1,180,1.689,0.1847,0.9674,0.3113,0.0554,0.2902,0.1245,0.4701,0.4516
220.401,5,NAVIGATE,5.6941,1.874,-2.0444,0.8047,0.5969,2.0351,0.7047,0.5969,0.9235,0.0,12.0,11.6172,1.016104817390442,0.9753754734992981,-24.65,0,1,180,1.601,0.1894,0.9563,0.3078,0.0568,0.2869,0.1231,0.4668,0.4598
220.452,5,NAVIGATE,5.7248,1.9013,-2.0426,0.7915,0.5942,2.0392,0.6915,0.5942,0.9117,0.0,12.0,11.6085,0.9812421202659607,0.941331148147583,-21.9,0,1,180,2.387,0.193,0.9499,0.3039,0.0579,0.285,0.1216,0.4644,0.452
220.501,5,NAVIGATE,5.7618,1.9332,-2.0409,0.7775,0.5922,2.0442,0.6775,0.5922,0.8998,0.0,12.0,11.5991,0.9613155126571655,0.925710916519165,-20.39,0,1,180,1.592,0.1971,0.9454,0.2999,0.0591,0.2836,0.12,0.4627,0.4647
220.551,5,NAVIGATE,5.7945,1.9591,-2.0412,0.7684,0.5922,2.0482,0.6684,0.5922,0.893,0.0,12.0,11.593,0.9429399371147156,0.9075745940208435,-18.89,0,1,180,1.762,0.2003,0.9398,0.2977,0.0601,0.2819,0.1191,0.4611,0.4603
220.601,5,NAVIGATE,5.8266,1.9846,-2.0412,0.7606,0.5935,2.0522,0.6606,0.5935,0.888,0.0,12.0,11.5869,0.9227649569511414,0.8949587941169739,-17.14,0,1,180,1.666,0.2036,0.9383,0.296,0.0611,0.2815,0.1184,0.461,0.4581
220.651,5,NAVIGATE,5.8644,2.015,-2.0408,0.7525,0.5963,2.0569,0.6525,0.5963,0.8839,0.0,12.0,11.5798,0.8863334655761719,0.8686224818229675,-13.89,0,1,180,1.681,0.2079,0.9433,0.2946,0.0624,0.283,0.1179,0.4632,0.4351
220.701,5,NAVIGATE,5.8951,2.0398,-2.0395,0.7463,0.5992,2.0608,0.6463,0.5992,0.8813,0.0,12.0,11.574,0.8643558621406555,0.8562751412391663,-11.39,0,1,180,1.628,0.2116,0.9527,0.2938,0.0635,0.2858,0.1175,0.4668,0.4245
220.751,5,NAVIGATE,5.9315,2.0695,-2.0378,0.739,0.6028,2.0653,0.539,0.7028,0.8857,0.0,12.0,11.567,0.8359812498092651,0.8359812498092651,-8.13,0,1,180,1.7,0.3692,0.8326,0.2952,0.1108,0.2498,0.1181,0.4786,0.4195
220.801,5,NAVIGATE,5.9666,2.099,-2.0374,0.7314,0.6058,2.0699,0.5314,0.7058,0.8835,0.0,12.0,11.5598,0.8267555832862854,0.8267555832862854,-6.63,0,1,180,1.577,0.3738,0.8369,0.2945,0.1121,0.2511,0.1178,0.481,0.4174
220.851,5,NAVIGATE,5.9998,2.1279,-2.0393,0.7227,0.6087,2.0743,0.5227,0.7087,0.8806,0.0,12.0,11.5523,0.817190408706665,0.817190408706665,-4.63,0,1,180,1.609,0.3794,0.8381,0.2935,0.1138,0.2514,0.1174,0.4827,0.4138
220.901,5,NAVIGATE,6.0273,2.1522,-2.0405,0.7131,0.6133,2.0779,0.5131,0.7133,0.8787,0.0,12.0,11.5459,0.8041774034500122,0.8041774034500122,-0.88,0,1,180,1.696,0.3875,0.8756,0.2929,0.1163,0.2627,0.1172,0.4961,0.4315
220.951,5,NAVIGATE,6.0609,2.1814,-2.0409,0.6997,0.6207,2.0822,0.4997,0.7207,0.877,0.0,12.0,11.5386,0.8005018830299377,0.8005018830299377,1.13,0,1,180,1.697,0.4,0.8667,0.2923,0.12,0.26,0.1169,0.4969,0.4288
221.001,5,NAVIGATE,6.0887,2.2059,-2.0407,0.6873,0.6279,2.0859,0.4873,0.7279,0.876,0.0,12.0,11.5324,0.7952620983123779,0.7952620983123779,3.38,0,1,180,1.678,0.412,0.8888,0.292,0.1236,0.2666,0.1168,0.507,0.4408
221.051,5,NAVIGATE,6.116,2.2308,-2.0402,0.6742,0.6356,2.0895,0.4742,0.7356,0.8752,0.0,12.0,11.5258,0.7901215553283691,0.7901215553283691,7.38,0,1,180,1.649,0.4249,0.8847,0.2917,0.1275,0.2654,0.1167,0.5096,0.4462
221.101,5,NAVIGATE,6.1506,2.2596,-2.0394,0.659,0.6443,2.0939,0.459,0.7443,0.8745,0.0,12.0,11.5197,0.7885859608650208,0.7885859608650208,9.38,0,1,180,1.609,0.4395,0.8958,0.2915,0.1318,0.2687,0.1166,0.5172,0.4526
221.151,5,NAVIGATE,6.1796,2.2836,-2.0387,0.6464,0.6514,2.0975,0.4464,0.7514,0.874,0.0,12.0,11.515,0.813788652420044,0.785015344619751,11.64,0,1,180,1.596,0.4513,0.9088,0.2913,0.1354,0.2726,0.1165,0.5246,0.4565
221.201,5,NAVIGATE,6.2078,2.3081,-2.0377,0.6338,0.6586,2.1012,0.4338,0.7586,0.8738,0.0,12.0,11.5095,0.8421545624732971,0.7877191305160522,13.39,0,1,180,1.607,0.4633,0.9118,0.2913,0.139,0.2735,0.1165,0.529,0.457
221.251,5,NAVIGATE,6.2361,2.3341,-2.0352,0.6212,0.6663,2.1048,0.4212,0.8663,0.9632,0.0,12.0,11.5029,0.9022189378738403,0.7882745862007141,17.39,0,1,180,1.643,0.5186,0.9307,0.333,0.1556,0.2792,0.1332,0.568,0.4647
221.301,5,NAVIGATE,6.2695,2.3666,-2.0313,0.6062,0.6757,2.1092,0.4062,0.8757,0.9653,0.0,12.0,11.4939,7.471895217895508,0.7916586399078369,19.64,0,1,180,1.535,0.5308,0.939,0.3416,0.1593,0.2817,0.1367,0.5776,0.4682
221.351,5,NAVIGATE,6.2964,2.3939,-2.0283,0.5934,0.6834,2.1128,0.3934,0.8834,0.9671,0.0,12.0,11.4858,7.458588123321533,0.7927502989768982,21.65,0,1,180,1.817,0.541,0.9568,0.3488,0.1623,0.287,0.1395,0.5888,0.4764
221.401,5,NAVIGATE,6.3314,2.4253,-2.023,0.5789,0.6942,2.1171,0.3789,0.8942,0.9711,0.0,12.0,11.4787,7.440795421600342,0.7997201681137085,25.4,0,1,180,1.573,0.5528,0.9878,0.3579,0.1659,0.2964,0.1432,0.6054,0.4884
221.451,5,NAVIGATE,6.3653,2.4573,-2.0179,0.5642,0.7074,2.1214,0.3642,0.9074,0.9778,0.0,12.0,11.4709,7.439828872680664,0.8052680492401123,27.4,0,1,180,1.717,0.5654,1.0,0.3685,0.1696,0.3,0.1474,0.617,0.5002
221.501,5,NAVIGATE,6.3923,2.4845,-2.0141,0.5517,0.7199,2.1248,0.3517,0.9199,0.9849,0.0,12.0,11.4632,7.439777374267578,0.8117557764053345,29.15,0,1,180,1.818,0.5762,1.0,0.3783,0.1729,0.3,0.1513,0.6242,0.5105
221.552,5,NAVIGATE,6.4207,2.5138,-2.0065,0.5396,0.7339,2.1282,0.3396,0.9339,0.9937,0.0,12.0,11.4549,7.414340496063232,0.8216728568077087,32.91,0,1,180,1.722,0.5867,1.0,0.3887,0.176,0.3,0.1555,0.6315,0.5278
221.601,5,NAVIGATE,6.4531,2.5495,-1.9985,0.5247,0.7512,2.1322,0.3247,0.9512,1.0051,0.0,12.0,11.4435,7.418223857879639,0.8310993909835815,34.91,0,1,180,1.661,0.5994,1.0,0.4016,0.1798,0.3,0.1607,0.6405,0.5414
221.651,5,NAVIGATE,6.4785,2.5802,-1.9933,0.5118,0.7659,2.1356,0.3118,0.9659,1.015,0.0,12.0,11.4326,7.408863067626953,0.839737594127655,36.16,0,1,180,1.774,0.61,1.0,0.4128,0.183,0.3,0.1651,0.6481,0.553
221.701,5,NAVIGATE,6.5063,2.6187,-1.9905,0.4954,0.7841,2.1397,0.2954,0.9841,1.0275,0.0,12.0,11.4166,7.387386322021484,0.8520458340644836,40.41,0,1,180,1.617,0.6232,1.0,0.4269,0.1869,0.3,0.1707,0.6577,0.5755
221.751,5,NAVIGATE,6.5283,2.6514,-1.9887,0.4816,0.7991,2.1431,0.2816,0.9991,1.038,0.0,12.0,11.4025,7.384435176849365,0.8633443713188171,41.91,0,1,180,1.688,0.6338,1.0,0.4386,0.1902,0.3,0.1754,0.6656,0.5895
221.801,5,NAVIGATE,6.5494,2.6846,-1.9873,0.4676,0.8139,2.1464,0.2676,1.0139,1.0486,0.0,12.0,11.3873,7.367336273193359,0.8717745542526245,43.67,0,1,180,1.815,0.6442,1.0,0.4503,0.1932,0.3,0.1801,0.6734,0.6022
221.851,5,NAVIGATE,6.5731,2.7259,-1.9855,0.4508,0.8317,2.1505,0.2508,1.0317,1.0618,0.0,12.0,11.3673,7.35552978515625,0.8931713104248047,46.92,0,1,180,1.659,0.6562,1.0,0.4645,0.1968,0.3,0.1858,0.6826,0.6287
221.901,5,NAVIGATE,6.5957,2.7677,-1.9842,0.4341,0.8492,2.1546,0.2341,1.0492,1.075,0.0,12.0,11.3463,7.336521625518799,0.9024484157562256,48.92,0,1,180,1.522,0.6676,1.0,0.4784,0.2003,0.3,0.1914,0.6917,0.6427
221.951,5,NAVIGATE,6.6145,2.8043,-1.9825,0.4203,0.8643,2.158,0.2203,1.0643,1.0869,0.0,12.0,11.3275,7.318516731262207,0.9147631525993347,50.17,0,1,180,1.872,0.6766,1.0,0.4902,0.203,0.3,0.1961,0.6991,0.6529
222.001,5,NAVIGATE,6.6371,2.8509,-1.9791,0.4042,0.8835,2.162,0.2042,1.0835,1.1026,0.0,12.0,11.303,7.303985595703125,0.9370400309562683,53.42,0,1,180,1.65,0.6867,1.0,0.5048,0.206,0.3,0.2019,0.7079,0.6767
222.051,5,NAVIGATE,6.655,2.8899,-1.9769,0.3906,0.8993,2.1654,0.1906,1.0993,1.1157,0.0,12.0,11.2819,7.28293514251709,0.9511371850967407,55.43,0,1,180,1.668,0.6949,1.0,0.5168,0.2085,0.3,0.2067,0.7152,0.6895
222.101,5,NAVIGATE,6.6736,2.9373,-1.9736,0.3734,0.9181,2.1694,0.1734,1.1181,1.1315,0.0,12.0,11.2547,7.276175498962402,0.962996780872345,56.43,0,1,180,1.59,0.7049,1.0,0.5317,0.2115,0.3,0.2127,0.7241,0.7024
222.151,5,NAVIGATE,6.6877,2.9772,-1.971,0.3587,0.9336,2.1727,0.1587,1.1336,1.1447,0.0,12.0,11.231,7.242978572845459,0.9868939518928528,56.68,0,1,180,1.668,0.7131,1.0,0.5441,0.2139,0.3,0.2177,0.7316,0.7279
222.201,5,NAVIGATE,6.7038,3.0254,-1.9685,0.3411,0.9519,2.1766,0.1411,1.1519,1.1605,0.0,12.0,11.202,7.233313083648682,1.0008938312530518,56.93,0,1,180,1.665,0.7224,1.0,0.559,0.2167,0.3,0.2236,0.7403,0.7407
222.251,5,NAVIGATE,6.715,3.0653,-1.968,0.3259,0.9671,2.1799,0.1259,1.1671,1.1738,0.0,12.0,11.1768,7.229922294616699,1.0117658376693726,53.92,0,1,180,1.666,0.7303,1.0,0.5715,0.2191,0.3,0.2286,0.7477,0.7578
222.301,5,NAVIGATE,6.7274,3.1135,-1.9681,0.3077,0.985,2.1839,0.1077,1.185,1.1899,0.0,12.0,11.1457,7.199554443359375,1.0321389436721802,54.93,0,1,180,1.522,0.7394,1.0,0.5865,0.2218,0.3,0.2346,0.7564,0.7823
222.351,5,NAVIGATE,6.7373,3.1542,-1.9685,0.2927,1.0,2.1872,0.0927,1.2,1.2035,0.0,12.0,11.1193,7.174111366271973,1.0450905561447144,58.93,0,1,180,1.694,0.7465,1.0,0.599,0.224,0.3,0.2396,0.7635,0.7999
222.401,5,NAVIGATE,6.7492,3.2042,-1.9729,0.275,1.0178,2.1912,0.075,1.2178,1.2201,0.0,12.0,11.0869,7.149595260620117,1.0570776462554932,58.18,0,1,180,1.534,0.7544,1.0,0.6137,0.2263,0.3,0.2455,0.7718,0.8176
222.451,5,NAVIGATE,6.7587,3.2463,-1.9768,0.2604,1.0326,2.1944,0.0604,1.2326,1.2341,0.0,12.0,11.0593,7.125183582305908,1.0814265012741089,61.18,0,1,180,1.669,0.7607,1.0,0.6258,0.2282,0.3,0.2503,0.7785,0.8505
222.501,5,NAVIGATE,6.7698,3.2973,-1.9811,0.2431,1.0501,2.1984,0.0431,1.2501,1.2509,0.0,12.0,11.0258,7.096717834472656,1.0969972610473633,62.93,0,1,180,1.5,0.7677,1.0,0.6402,0.2303,0.3,0.2561,0.7864,0.8702
222.551,5,NAVIGATE,6.7793,3.3394,-1.9836,0.2293,1.0644,2.2017,0.0293,1.2644,1.2647,0.0,12.0,10.9984,7.063248634338379,1.123633623123169,65.69,0,1,180,1.688,0.773,1.0,0.6517,0.2319,0.3,0.2607,0.7926,0.9095
222.601,5,NAVIGATE,6.7918,3.3993,-1.9869,0.2099,1.0844,2.2062,0.0099,1.2844,1.2844,0.0,12.0,10.959,7.044286251068115,1.1373199224472046,66.94,0,1,180,1.619,0.78,1.0,0.6679,0.234,0.3,0.2672,0.8012,0.9297
222.651,5,NAVIGATE,6.7996,3.4434,-1.989,0.1956,1.0992,2.2094,-0.0044,1.2992,1.2992,0.0,12.0,10.9293,7.028712749481201,1.155588150024414,68.69,0,1,180,1.668,0.785,1.0,0.6799,0.2355,0.3,0.272,0.8075,0.9502
222.701,5,NAVIGATE,6.8063,3.4889,-1.9913,0.181,1.1146,2.2125,-0.019,1.3146,1.3147,0.0,12.0,10.8979,6.992391586303711,1.188729166984558,71.44,0,1,180,1.534,0.7899,1.0,0.6924,0.237,0.3,0.2769,0.8139,0.9947
222.752,5,NAVIGATE,6.8137,3.5441,-1.9936,0.1632,1.1329,2.2162,-0.0368,1.3329,1.3334,0.0,12.0,10.8595,6.963278770446777,1.2031608819961548,72.69,0,1,180,1.909,0.7957,1.0,0.7073,0.2387,0.3,0.2829,0.8216,1.0207
222.801,5,NAVIGATE,6.8197,3.5997,-1.9938,0.1452,1.1511,2.2199,-0.0548,1.3511,1.3522,0.0,12.0,10.8201,6.946220874786377,1.2235761880874634,74.19,0,1,180,1.572,0.8013,1.0,0.7223,0.2404,0.3,0.2889,0.8293,1.0459
222.851,5,NAVIGATE,6.824,3.6465,-1.9933,0.1301,1.166,2.2229,-0.0699,1.366,1.3678,0.0,12.0,10.7865,6.899661064147949,1.2593998908996582,76.7,0,1,180,1.632,0.8058,1.0,0.7348,0.2417,0.3,0.2939,0.8356,1.0909
222.901,5,NAVIGATE,6.8285,3.7034,-1.9928,0.112,1.1839,2.2265,-0.088,1.3839,1.3867,0.0,12.0,10.7453,6.879812717437744,1.278343677520752,77.95,0,1,180,1.626,0.8109,1.0,0.7496,0.2433,0.3,0.2998,0.8431,1.1055
222.951,5,NAVIGATE,6.8331,3.7506,-1.9918,0.0972,1.1984,2.2295,-0.1028,1.3984,1.4022,0.0,12.0,10.7118,6.854354381561279,1.3037233352661133,79.2,0,1,180,1.837,0.8148,1.0,0.7617,0.2444,0.3,0.3047,0.8491,1.1373
223.001,5,NAVIGATE,6.8375,3.7984,-1.9907,0.0824,1.213,2.2326,-0.1176,1.413,1.4179,0.0,12.0,10.6779,6.821646690368652,1.3431236743927002,81.95,0,1,180,1.601,0.8186,1.0,0.7738,0.2456,0.3,0.3095,0.8551,1.1984
223.051,5,NAVIGATE,6.8418,3.8564,-1.9897,0.0644,1.2307,2.2363,-0.1356,1.4307,1.4371,0.0,12.0,10.6361,6.784499645233154,1.3640601634979248,82.95,0,1,180,1.858,0.8229,1.0,0.7884,0.2469,0.3,0.3154,0.8622,1.2227
223.101,5,NAVIGATE,6.8401,3.9178,-1.9902,0.0443,1.2496,2.24,-0.1557,1.4496,1.4579,0.0,12.0,10.5881,6.757607936859131,1.3901492357254028,84.2,0,1,180,1.754,0.8279,1.0,0.8047,0.2484,0.3,0.3219,0.8703,1.2531
223.151,5,NAVIGATE,6.8377,3.9698,-1.9908,0.0274,1.2654,2.243,-0.1726,1.4654,1.4756,0.0,12.0,10.5469,6.711848258972168,1.436021089553833,86.46,0,1,180,1.675,0.832,1.0,0.8184,0.2496,0.3,0.3274,0.877,1.307
223.201,5,NAVIGATE,6.8338,4.0326,-1.9913,0.0074,1.2842,2.2467,-0.1926,1.4842,1.4966,0.0,12.0,10.4966,6.6789374351501465,1.4595043659210205,87.71,0,1,180,1.597,0.8365,1.0,0.8346,0.251,0.3,0.3339,0.8848,1.3424
223.252,5,NAVIGATE,6.8264,4.0954,-1.9904,-0.0132,1.3025,2.2503,-0.2132,1.4025,1.4187,0.0,12.0,10.4443,6.659041404724121,1.4881408214569092,88.71,0,1,180,1.991,0.8465,1.0,0.8006,0.2539,0.3,0.3202,0.8742,1.3503
223.301,5,NAVIGATE,6.8203,4.1483,-1.9898,-0.0301,1.318,2.2534,-0.2301,1.418,1.4365,0.0,12.0,10.4003,6.607928276062012,1.5402765274047852,90.71,0,1,180,1.719,0.8502,1.0,0.8143,0.2551,0.3,0.3257,0.8808,1.4185
223.351,5,NAVIGATE,6.8118,4.2126,-1.9898,-0.0502,1.3368,2.2569,-0.2502,1.4368,1.4584,0.0,12.0,10.3462,6.573671340942383,1.5649011135101318,91.96,0,1,180,1.729,0.8545,1.0,0.8308,0.2563,0.3,0.3323,0.8887,1.4447
223.401,5,NAVIGATE,6.8027,4.2672,-1.991,-0.0671,1.3508,2.2598,-0.2671,1.4508,1.4751,0.0,12.0,10.2992,6.55610466003418,1.5941765308380127,92.96,0,1,180,1.745,0.858,1.0,0.8438,0.2574,0.3,0.3375,0.8949,1.4683
223.451,5,NAVIGATE,6.7938,4.3221,-1.992,-0.0837,1.3629,2.2627,-0.2837,1.4629,1.4902,0.0,12.0,10.2521,6.526703834533691,1.6536551713943481,94.71,0,1,180,1.705,0.8614,1.0,0.8557,0.2584,0.3,0.3423,0.9007,1.4868
223.502,5,NAVIGATE,6.7813,4.3994,-1.9936,-0.1067,1.3776,2.2669,-0.3067,1.3776,1.4113,0.0,12.0,10.186,6.509804725646973,1.681923747062683,95.96,0,1,180,2.637,0.873,1.0,0.8214,0.2619,0.3,0.3286,0.8905,1.4929
223.551,5,NAVIGATE,6.7722,4.4548,-1.9947,-0.1231,1.3873,2.2699,-0.3231,1.3873,1.4244,0.0,12.0,10.1387,6.4915571212768555,1.7143970727920532,96.71,0,1,180,1.629,0.8763,1.0,0.8322,0.2629,0.3,0.3329,0.8958,1.4985
223.601,5,NAVIGATE,6.7631,4.5106,-1.9957,-0.1395,1.3969,2.2729,-0.3395,1.3969,1.4375,0.0,12.0,10.0911,6.456916332244873,1.7391122579574585,-129.75,0,1,180,1.916,0.8795,1.0,0.8428,0.2638,0.3,0.3371,0.901,1.5084
223.651,5,NAVIGATE,6.7543,4.5783,-1.9974,-0.158,1.4064,2.2765,-0.358,1.4064,1.4513,0.0,12.0,10.035,6.441768646240234,1.7407934665679932,-131.5,0,1,180,1.229,0.8828,1.0,0.8541,0.2648,0.3,0.3416,0.9065,1.5146
223.701,5,NAVIGATE,6.7475,4.6351,-1.999,-0.1733,1.4127,2.2797,-0.3733,1.4127,1.4612,0.0,12.0,9.9885,6.419843673706055,1.7464730739593506,-131.0,0,1,180,1.481,0.8854,1.0,0.8625,0.2656,0.3,0.345,0.9106,1.5228
223.75,5,NAVIGATE,6.7385,4.7035,-2.0005,-0.1917,1.4186,2.2835,-0.3917,1.4186,1.4717,0.0,12.0,9.9321,6.3819684982299805,1.7557032108306885,-131.5,0,1,180,1.08,0.8887,1.0,0.8719,0.2666,0.3,0.3488,0.9154,1.5359
223.8,5,NAVIGATE,6.7291,4.7696,-2.0027,-0.2102,1.4225,2.2872,-0.4102,1.4225,1.4804,0.0,12.0,9.8772,6.362292766571045,1.7595535516738892,-131.5,0,1,180,1.024,0.8921,1.0,0.8805,0.2676,0.3,0.3522,0.9198,1.544
223.851,5,NAVIGATE,6.7206,4.8246,-2.0043,-0.2257,1.4253,2.2904,-0.4257,1.4253,1.4875,0.0,12.0,9.8312,6.341079235076904,1.767033338546753,-131.5,0,1,180,1.035,0.895,1.0,0.8875,0.2685,0.3,0.355,0.9235,1.5526
223.9,5,NAVIGATE,6.7115,4.8799,-2.0056,-0.2413,1.4281,2.2935,-0.4413,1.4281,1.4948,0.0,12.0,9.7847,6.301296710968018,1.7765432596206665,-131.75,0,1,180,0.996,0.8977,1.0,0.8946,0.2693,0.3,0.3578,0.9272,1.5673
223.951,5,NAVIGATE,6.6999,4.9488,-2.0099,-0.2602,1.4325,2.2973,-0.4602,1.3325,1.4097,0.0,12.0,9.7267,6.281133651733398,1.7850580215454102,-133.0,0,1,180,1.139,0.9101,1.0,0.8553,0.273,0.3,0.3421,0.9151,1.5789
224.0,5,NAVIGATE,6.6895,5.0062,-2.0128,-0.276,1.4363,2.3005,-0.476,1.3363,1.4185,0.0,12.0,9.6779,6.255236625671387,1.7928797006607056,-132.75,0,1,180,1.017,0.9127,1.0,0.8631,0.2738,0.3,0.3452,0.9191,1.5909
224.05,5,NAVIGATE,6.6763,5.0758,-2.0159,-0.2948,1.4417,2.3042,-0.4948,1.3417,1.43,0.0,12.0,9.6186,6.210484504699707,1.8084474802017212,-133.0,0,1,180,1.086,0.9156,1.0,0.8729,0.2747,0.3,0.3491,0.9238,1.6088
224.1,5,NAVIGATE,6.663,5.1474,-2.0203,-0.313,1.4458,2.3079,-0.513,1.3458,1.4403,0.0,12.0,9.5579,6.189587593078613,1.8170011043548584,-133.0,0,1,180,0.991,0.9182,1.0,0.8817,0.2755,0.3,0.3527,0.9281,1.6208
224.151,5,NAVIGATE,6.6511,5.207,-2.0233,-0.3281,1.4472,2.311,-0.5281,1.3472,1.447,0.0,12.0,9.507,6.162312984466553,1.8272924423217773,-133.25,0,1,180,1.051,0.9206,1.0,0.8881,0.2762,0.3,0.3552,0.9314,1.6336
224.2,5,NAVIGATE,6.6366,5.2777,-2.0255,-0.3462,1.4466,2.3148,-0.5462,1.3466,1.4531,0.0,12.0,9.4463,6.115318298339844,1.8460774421691895,-130.75,0,1,180,0.932,0.9235,1.0,0.8947,0.2771,0.3,0.3579,0.9349,1.6559
224.25,5,NAVIGATE,6.6222,5.3474,-2.0263,-0.364,1.4441,2.3186,-0.564,1.3441,1.4576,0.0,12.0,9.3868,6.089748859405518,1.856042742729187,-130.5,0,1,180,1.067,0.9265,1.0,0.9003,0.2779,0.3,0.3601,0.9381,1.6698
224.3,5,NAVIGATE,6.6094,5.4053,-2.0265,-0.3791,1.4417,2.3217,-0.5791,1.3417,1.4613,0.0,12.0,9.3367,6.0367021560668945,1.878432273864746,-131.25,0,1,180,0.937,0.929,1.0,0.9051,0.2787,0.3,0.362,0.9407,1.6967
224.351,5,NAVIGATE,6.593,5.475,-2.0281,-0.3979,1.4387,2.3256,-0.5979,1.3387,1.4662,0.0,12.0,9.276,6.011012554168701,1.888864517211914,-132.0,0,1,180,1.092,0.9321,1.0,0.9111,0.2796,0.3,0.3644,0.9441,1.7115
224.4,5,NAVIGATE,6.5785,5.5331,-2.0296,-0.4138,1.4364,2.3288,-0.6138,1.3364,1.4706,0.0,12.0,9.2249,5.984288692474365,1.9019079208374023,-131.5,0,1,180,0.98,0.9347,1.0,0.9164,0.2804,0.3,0.3666,0.947,1.7265
224.45,5,NAVIGATE,6.56,5.6025,-2.0308,-0.4331,1.4338,2.3328,-0.6331,1.3338,1.4764,0.0,12.0,9.1631,5.929217338562012,1.928200364112854,-134.75,0,1,180,1.058,0.9377,1.0,0.923,0.2813,0.3,0.3692,0.9505,1.7567
224.5,5,NAVIGATE,6.5442,5.6603,-2.033,-0.4494,1.4315,2.3361,-0.6494,1.3315,1.4814,0.0,12.0,9.1114,5.8993048667907715,1.9404715299606323,-134.25,0,1,180,0.922,0.9402,1.0,0.9286,0.2821,0.3,0.3714,0.9535,1.7713
224.55,5,NAVIGATE,6.524,5.7293,-2.0353,-0.4689,1.4289,2.3402,-0.6689,1.3289,1.4878,0.0,12.0,9.049,5.872531414031982,1.9544185400009155,-134.25,0,1,180,1.105,0.9431,1.0,0.9354,0.2829,0.3,0.3742,0.9571,1.7885
224.601,5,NAVIGATE,6.5063,5.7867,-2.0365,-0.4852,1.4268,2.3437,-0.6852,1.3268,1.4933,0.0,12.0,8.9965,5.81233549118042,1.984039545059204,-133.5,0,1,180,1.159,0.9455,1.0,0.9413,0.2836,0.3,0.3765,0.9602,1.8226
224.65,5,NAVIGATE,6.4823,5.853,-2.0369,-0.5055,1.4233,2.348,-0.7055,1.3233,1.4996,0.0,12.0,8.9334,5.782297134399414,1.9989633560180664,-135.0,0,1,180,1.005,0.9486,1.0,0.9483,0.2846,0.3,0.3793,0.9639,1.8393
224.7,5,NAVIGATE,6.4569,5.9189,-2.0365,-0.5258,1.4196,2.3523,-0.7258,1.2196,1.4193,0.0,12.0,8.8697,5.7514238357543945,2.014331817626953,-134.5,0,1,180,1.038,0.9615,1.0,0.9097,0.2884,0.3,0.3639,0.9523,1.859
224.75,5,NAVIGATE,6.4395,5.9628,-2.036,-0.5394,1.4173,2.3552,-0.7394,1.2173,1.4243,0.0,12.0,8.8269,5.687017440795898,2.0477144718170166,-134.75,0,1,180,1.086,0.9633,1.0,0.9146,0.289,0.3,0.3659,0.9548,1.8945
224.8,5,NAVIGATE,6.4152,6.0256,-2.0292,-0.559,1.4129,2.3595,-0.759,1.2129,1.4309,0.0,12.0,8.7663,5.656137943267822,2.0623185634613037,-133.5,0,1,180,0.966,0.9659,1.0,0.9214,0.2898,0.3,0.3686,0.9583,1.9163
224.85,5,NAVIGATE,6.3896,6.0888,-2.023,-0.5786,1.4066,2.3636,-0.7786,1.2066,1.436,0.0,12.0,8.7045,5.623370170593262,2.0799193382263184,-134.5,0,1,180,1.056,0.9686,1.0,0.9273,0.2906,0.3,0.3709,0.9615,1.9364
224.901,5,NAVIGATE,6.3666,6.1418,-2.0185,-0.5952,1.3998,2.367,-0.7952,1.1998,1.4394,0.0,12.0,8.6517,5.55836820602417,2.1170058250427246,-134.5,0,1,180,1.549,0.9709,1.0,0.9317,0.2913,0.3,0.3727,0.964,1.8945
224.951,5,NAVIGATE,6.335,6.2061,-2.0145,-0.6163,1.3903,2.371,-0.8163,1.1903,1.4433,0.0,12.0,8.585,5.523995399475098,2.135791301727295,-134.75,0,1,180,1.705,0.9739,1.0,0.9371,0.2922,0.3,0.3748,0.967,1.8182
225.001,5,NAVIGATE,6.3028,6.2702,-2.0109,-0.6375,1.3797,2.375,-0.8375,1.1797,1.4468,0.0,12.0,8.5179,5.493182182312012,2.155045747756958,-135.0,0,1,180,1.571,0.9768,1.0,0.9422,0.2931,0.3,0.3769,0.9699,1.7399
225.052,5,NAVIGATE,6.2767,6.3227,-2.0063,-0.6545,1.3702,2.3783,-0.8545,1.1702,1.449,0.0,12.0,8.4634,5.423058986663818,2.195437431335449,-134.75,0,1,180,1.661,0.9791,1.0,0.9458,0.2937,0.3,0.3783,0.972,1.6442
225.101,5,NAVIGATE,6.2508,6.3745,-2.0009,-0.6711,1.3603,2.3815,-0.8711,1.1603,1.4508,0.0,12.0,8.4094,5.3909125328063965,2.2147865295410156,-135.0,0,1,180,1.537,0.9812,1.0,0.9491,0.2944,0.3,0.3796,0.974,1.5792
225.151,5,NAVIGATE,6.2187,6.4366,-1.9953,-0.6911,1.3486,2.3854,-0.8911,1.1486,1.4537,0.0,12.0,8.3441,5.358033180236816,2.238090753555298,-135.0,0,1,180,1.809,0.9836,1.0,0.9533,0.2951,0.3,0.3813,0.9764,1.5029
225.201,5,NAVIGATE,6.1849,6.4978,-1.9921,-0.7112,1.3371,2.389,-0.9112,1.1371,1.4571,0.0,12.0,8.2781,5.282999515533447,2.2821223735809326,-134.5,0,1,180,1.562,0.9859,1.0,0.9577,0.2958,0.3,0.3831,0.9789,1.3953
225.251,5,NAVIGATE,6.1559,6.5486,-1.9904,-0.728,1.3276,2.392,-0.928,1.1276,1.4604,0.0,12.0,8.2227,5.251092433929443,2.30244779586792,-135.0,0,1,180,1.723,0.9876,1.0,0.9616,0.2963,0.3,0.3846,0.9809,1.328
225.301,5,NAVIGATE,6.1201,6.6093,-1.9889,-0.7482,1.3166,2.3956,-0.9482,1.1166,1.4649,0.0,12.0,8.1557,5.215643405914307,2.326521635055542,-134.75,0,1,180,1.631,0.9896,1.0,0.9664,0.2969,0.3,0.3866,0.9834,1.2516
225.351,5,NAVIGATE,6.0892,6.6592,-1.9885,-0.7653,1.3072,2.3985,-0.9653,1.1072,1.4689,0.0,12.0,8.0995,5.142208099365234,2.3753838539123535,-135.0,0,1,180,1.72,0.9911,1.0,0.9705,0.2973,0.3,0.3882,0.9855,1.152
225.401,5,NAVIGATE,6.0576,6.7089,-1.9885,-0.7823,1.2978,2.4014,-0.9823,1.0978,1.4731,0.0,12.0,8.043,5.10535192489624,2.397968292236328,-134.75,0,1,180,1.627,0.9925,1.0,0.9746,0.2977,0.3,0.3899,0.9876,1.1225
225.451,5,NAVIGATE,6.0189,6.7684,-1.9885,-0.8027,1.2865,2.4049,-0.9027,1.1865,1.4909,0.0,12.0,7.9747,5.069459915161133,2.4221880435943604,-135.0,0,1,180,1.72,0.9791,1.0,0.9731,0.2937,0.3,0.3892,0.983,1.4379
225.501,5,NAVIGATE,5.9791,6.8258,-1.991,-0.8234,1.2742,2.4083,-0.9234,1.1742,1.4938,0.0,12.0,7.9071,4.992306709289551,2.475757122039795,-135.0,0,1,180,1.57,0.9818,1.0,0.9777,0.2945,0.3,0.3911,0.9856,1.342
225.551,5,NAVIGATE,5.9453,6.8735,-1.9929,-0.8406,1.264,2.4112,-0.9406,1.164,1.4965,0.0,12.0,7.8503,4.957019329071045,2.500789165496826,-135.0,0,1,180,1.685,0.9839,1.0,0.9816,0.2952,0.3,0.3927,0.9878,1.2775
225.601,5,NAVIGATE,5.904,6.9305,-1.9943,-0.8592,1.2538,2.4148,-0.9592,1.0538,1.4249,0.0,12.0,7.7818,4.920175552368164,2.5278327465057373,-135.0,0,1,180,1.532,0.9925,1.0,0.9428,0.2977,0.3,0.3771,0.9749,1.0837
225.651,5,NAVIGATE,5.8692,6.9766,-1.9931,-0.8728,1.2469,2.4175,-0.8728,1.1469,1.4412,0.0,12.0,7.7254,4.839935302734375,2.5829977989196777,-135.0,0,1,180,1.644,0.9775,1.0,0.9392,0.2933,0.3,0.3757,0.9689,1.4017
225.701,5,NAVIGATE,5.8268,7.0322,-1.9918,-0.8875,1.2405,2.4205,-0.8875,1.1405,1.4451,0.0,12.0,7.6571,4.804605484008789,2.6111457347869873,-135.0,0,1,180,1.593,0.9794,1.0,0.9435,0.2938,0.3,0.3774,0.9712,1.3484
225.751,5,NAVIGATE,5.7835,7.0877,-1.9888,-0.9006,1.2329,2.4232,-0.9006,1.1329,1.4473,0.0,12.0,7.5881,4.722320556640625,2.6661763191223145,-135.0,0,1,180,1.649,0.981,1.0,0.9466,0.2943,0.3,0.3786,0.9729,1.2784
225.801,5,NAVIGATE,5.7466,7.1335,-1.9836,-0.9093,1.2269,2.4254,-0.9093,1.1269,1.448,0.0,12.0,7.5304,4.6848835945129395,2.6936230659484863,-135.0,0,1,180,1.678,0.9822,1.0,0.9481,0.2946,0.3,0.3793,0.9739,1.241
225.851,5,NAVIGATE,5.7021,7.1887,-1.9782,-0.9177,1.2205,2.4279,-0.9177,1.1205,1.4483,0.0,12.0,7.4607,4.64631986618042,2.722843885421753,-135.0,0,1,180,1.7,0.9832,1.0,0.9493,0.295,0.3,0.3797,0.9747,1.205
225.901,5,NAVIGATE,5.6593,7.2447,-1.976,-0.9239,1.2154,2.4302,-0.9239,1.1154,1.4484,0.0,12.0,7.392,4.568220138549805,2.782982349395752,-135.0,0,1,180,1.773,0.9838,1.0,0.95,0.2951,0.3,0.38,0.9751,1.2554
225.951,5,NAVIGATE,5.6241,7.2917,-1.9755,-0.9285,1.2118,2.432,-0.9285,1.1118,1.4485,0.0,12.0,7.3348,4.528884410858154,2.8127753734588623,-134.75,0,1,180,1.683,0.9842,1.0,0.9504,0.2953,0.3,0.3802,0.9754,1.2353
226.002,5,NAVIGATE,5.5814,7.3482,-1.9752,-0.934,1.2076,2.4339,-0.934,1.1076,1.4488,0.0,12.0,7.2657,4.493690013885498,2.8421688079833984,-134.75,0,1,180,1.942,0.9847,1.0,0.951,0.2954,0.3,0.3804,0.9758,1.2138
226.051,5,NAVIGATE,5.5458,7.3948,-1.972,-0.9386,1.2039,2.4354,-0.9386,1.1039,1.4489,0.0,12.0,7.2086,4.4145731925964355,2.904505729675293,-135.0,0,1,180,1.568,0.985,1.0,0.9515,0.2955,0.3,0.3806,0.9761,1.1732
226.101,5,NAVIGATE,5.5026,7.4506,-1.9681,-0.9444,1.1992,2.4372,-0.9444,1.0992,1.4492,0.0,12.0,7.1397,11.068248748779297,2.9336907863616943,-135.0,0,1,180,1.495,0.9856,1.0,0.9522,0.2957,0.3,0.3809,0.9765,1.1452
226.152,5,NAVIGATE,5.4591,7.5065,-1.9641,-0.9506,1.1944,2.439,-0.9506,1.0944,1.4496,0.0,12.0,7.0706,11.031036376953125,2.9635488986968994,-135.0,0,1,180,1.906,0.9861,1.0,0.953,0.2958,0.3,0.3812,0.977,1.1173
226.201,5,NAVIGATE,5.4234,7.5532,-1.958,-0.9558,1.1905,2.4405,-0.9558,1.0905,1.4501,0.0,12.0,7.0133,10.946123123168945,3.025574207305908,-135.0,0,1,180,1.548,0.9865,1.0,0.9537,0.296,0.3,0.3815,0.9774,1.1707
226.251,5,NAVIGATE,5.3798,7.6093,-1.952,-0.9622,1.1858,2.4423,-0.9622,1.0858,1.4507,0.0,12.0,6.9442,10.906478881835938,3.056004524230957,-135.0,0,1,180,1.637,0.987,1.0,0.9546,0.2961,0.3,0.3818,0.978,1.1406
226.301,5,NAVIGATE,5.3431,7.6565,-1.9474,-0.9676,1.182,2.4439,-0.9676,1.082,1.4515,0.0,12.0,6.8858,10.868395805358887,3.08720064163208,-135.0,0,1,180,1.512,0.9874,1.0,0.9555,0.2962,0.3,0.3822,0.9784,1.1139
226.351,5,NAVIGATE,5.3062,7.7061,-1.9414,-0.9726,1.1795,2.4455,-0.9726,1.0795,1.4531,0.0,12.0,6.8259,10.784455299377441,3.1512391567230225,-135.0,0,1,180,1.681,0.9877,1.0,0.9568,0.2963,0.3,0.3827,0.979,1.0773
226.401,5,NAVIGATE,5.2613,7.7651,-1.9357,-0.9789,1.1762,2.4472,-0.8789,1.1762,1.4683,0.0,12.0,6.754,10.748032569885254,3.183522939682007,-135.0,0,1,180,1.609,0.9686,1.0,0.9481,0.2906,0.3,0.3792,0.9698,1.4102
226.451,5,NAVIGATE,5.216,7.8236,-1.9312,-0.9855,1.1723,2.4491,-0.8855,1.1723,1.4691,0.0,12.0,6.682,10.706669807434082,3.2139174938201904,-135.0,0,1,180,1.669,0.9692,1.0,0.9493,0.2908,0.3,0.3797,0.9705,1.382
226.501,5,NAVIGATE,5.178,7.8718,-1.9281,-0.9909,1.1687,2.4508,-0.9909,1.0687,1.4575,0.0,12.0,6.6222,10.627123832702637,3.277684450149536,-135.0,0,1,180,1.515,0.9888,1.0,0.9607,0.2966,0.3,0.3843,0.9809,1.0722
226.551,5,NAVIGATE,5.1319,7.9293,-1.9257,-0.995,1.1666,2.453,-0.895,1.1666,1.4704,0.0,12.0,6.5503,10.588724136352539,3.311208724975586,-135.0,0,1,180,1.681,0.97,1.0,0.9508,0.291,0.3,0.3803,0.9713,1.3928
226.601,5,NAVIGATE,5.0917,7.9777,-1.9243,-0.9972,1.1667,2.4547,-0.8972,1.1667,1.4718,0.0,12.0,6.4888,10.554293632507324,3.342137575149536,-135.0,0,1,180,1.6,0.9697,1.0,0.9515,0.2909,0.3,0.3806,0.9715,1.3772
226.651,5,NAVIGATE,5.0424,8.036,-1.9235,-1.0008,1.1663,2.4567,-0.9008,1.1663,1.4737,0.0,12.0,6.4139,10.47442626953125,3.3383243083953857,31.65,0,1,180,1.569,0.9697,1.0,0.9526,0.2909,0.3,0.3811,0.972,1.3388
226.701,5,NAVIGATE,5.0012,8.0843,-1.9235,-1.0028,1.1666,2.4585,-0.9028,1.1666,1.4751,0.0,12.0,6.3518,10.437871932983398,3.3024463653564453,32.15,0,1,180,1.454,0.9694,1.0,0.9533,0.2908,0.3,0.3813,0.9722,1.3244
226.751,5,NAVIGATE,4.9507,8.1415,-1.9261,-1.0046,1.1679,2.4607,-0.9046,1.1679,1.4772,0.0,12.0,6.2767,10.362349510192871,3.230769634246826,33.41,0,1,180,1.63,0.969,1.0,0.9543,0.2907,0.3,0.3817,0.9724,1.3634
226.801,5,NAVIGATE,4.8998,8.1984,-1.9298,-1.0057,1.1698,2.463,-0.9057,1.1698,1.4794,0.0,12.0,6.2016,10.322221755981445,3.192941665649414,33.91,0,1,180,1.471,0.9684,1.0,0.9551,0.2905,0.3,0.382,0.9726,1.3473
226.851,5,NAVIGATE,4.8576,8.2458,-1.9331,-1.0059,1.1717,2.4648,-0.9059,1.1717,1.4811,0.0,12.0,6.1393,10.286029815673828,3.157684326171875,34.41,0,1,180,1.662,0.9678,1.0,0.9555,0.2903,0.3,0.3822,0.9725,1.3366
226.901,5,NAVIGATE,4.8069,8.3017,-1.9382,-1.0051,1.1738,2.467,-0.9051,1.1738,1.4822,0.0,12.0,6.0649,10.20932674407959,3.090514659881592,35.66,0,1,180,1.529,0.9669,1.0,0.9554,0.2901,0.3,0.3822,0.9722,1.3107
226.951,5,NAVIGATE,4.7649,8.3484,-1.9425,-1.0042,1.1754,2.4689,-0.9042,1.1754,1.4829,0.0,12.0,6.0032,10.1655855178833,3.0532007217407227,36.41,0,1,180,1.701,0.9661,1.0,0.9551,0.2898,0.3,0.382,0.9719,1.3632
227.001,5,NAVIGATE,4.7149,8.4043,-1.9483,-1.003,1.177,2.4712,-0.903,1.177,1.4835,0.0,12.0,5.9296,10.129054069519043,3.0192508697509766,36.91,0,1,180,1.449,0.9651,1.0,0.9545,0.2895,0.3,0.3818,0.9713,1.3557
227.051,5,NAVIGATE,4.6735,8.4502,-1.9557,-1.0017,1.1778,2.4732,-0.9017,1.1778,1.4833,0.0,12.0,5.8688,10.0535306930542,2.956289052963257,37.66,0,1,180,1.635,0.9643,1.0,0.9536,0.2893,0.3,0.3814,0.9708,1.324
227.101,5,NAVIGATE,4.6323,8.4962,-1.9625,-1.0004,1.1785,2.4751,-1.0004,1.0785,1.4711,0.0,12.0,5.8082,10.010188102722168,2.920914888381958,38.91,0,1,180,1.528,0.9847,1.0,0.9657,0.2954,0.3,0.3863,0.9817,1.113
227.151,5,NAVIGATE,4.5831,8.5518,-1.9704,-0.9989,1.1796,2.4773,-0.9989,1.0796,1.4709,0.0,12.0,5.7354,9.972423553466797,2.8909542560577393,37.41,0,1,180,1.574,0.984,1.0,0.9649,0.2952,0.3,0.3859,0.9811,1.1037
227.201,5,NAVIGATE,4.5335,8.6077,-1.9799,-0.9977,1.1813,2.4795,-0.8977,1.1813,1.4836,0.0,12.0,5.6622,9.894875526428223,2.828174114227295,38.16,0,1,180,1.463,0.9614,1.0,0.951,0.2884,0.3,0.3804,0.9688,1.333
227.251,5,NAVIGATE,4.4924,8.6544,-1.9869,-0.9985,1.181,2.4812,-0.9985,1.081,1.4715,0.0,12.0,5.6013,9.850746154785156,2.7925281524658203,38.16,0,1,180,1.63,0.9829,1.0,0.9643,0.2949,0.3,0.3857,0.9806,1.1198
227.301,5,NAVIGATE,4.4439,8.7086,-1.9942,-1.0012,1.1774,2.4835,-1.0012,1.0774,1.4708,0.0,12.0,5.5301,9.811888694763184,2.761601448059082,36.91,0,1,180,1.422,0.983,1.0,0.9639,0.2949,0.3,0.3856,0.9805,1.1032
227.351,5,NAVIGATE,4.404,8.7524,-1.9994,-1.0028,1.174,2.4854,-0.9028,1.174,1.481,0.0,12.0,5.472,9.736133575439453,2.699099063873291,36.41,0,1,180,1.726,0.9611,1.0,0.9489,0.2883,0.3,0.3796,0.9679,1.2976
227.401,5,NAVIGATE,4.3561,8.8053,-2.0048,-1.0058,1.1691,2.4878,-1.0058,1.0691,1.4679,0.0,12.0,5.402,9.691883087158203,2.663774013519287,38.16,0,1,180,1.62,0.9833,1.0,0.9622,0.295,0.3,0.3849,0.9799,1.099
227.451,5,NAVIGATE,4.3166,8.8482,-2.0076,-1.0091,1.164,2.4899,-1.0091,1.064,1.4664,0.0,12.0,5.3448,9.65491771697998,2.6323745250701904,36.66,0,1,180,1.785,0.9836,1.0,0.9616,0.2951,0.3,0.3846,0.9797,1.0766
227.501,5,NAVIGATE,4.2696,8.8992,-2.0096,-1.0113,1.1593,2.4924,-1.0113,1.0593,1.4645,0.0,12.0,5.2768,9.581816673278809,2.56911301612854,35.41,0,1,180,1.54,0.9838,1.0,0.9605,0.2951,0.3,0.3842,0.9793,1.0913
227.551,5,NAVIGATE,4.2222,8.9506,-2.0112,-1.0141,1.1547,2.4947,-1.0141,1.0547,1.4631,0.0,12.0,5.2083,9.540008544921875,2.534301280975342,35.41,0,1,180,1.691,0.9839,1.0,0.9597,0.2952,0.3,0.3839,0.9791,1.0716
227.601,5,NAVIGATE,4.1829,8.995,-2.0118,-1.0168,1.1516,2.4966,-1.0168,1.0516,1.4628,0.0,12.0,5.1504,9.504232406616211,2.5024948120117188,38.16,0,1,180,1.84,0.984,1.0,0.9596,0.2952,0.3,0.3838,0.979,1.1003
227.651,5,NAVIGATE,4.1355,9.0489,-2.0122,-1.0208,1.1475,2.499,-0.9208,1.1475,1.4713,0.0,12.0,5.0805,9.430511474609375,2.438091278076172,36.41,0,1,180,1.708,0.9625,1.0,0.9441,0.2887,0.3,0.3776,0.9664,1.2553
227.701,5,NAVIGATE,4.088,9.1024,-2.0115,-1.0256,1.1424,2.5014,-1.0256,1.0424,1.4623,0.0,12.0,5.0108,9.38860034942627,2.4019904136657715,35.91,0,1,180,1.532,0.9844,1.0,0.9597,0.2953,0.3,0.3839,0.9792,1.0766
227.751,5,NAVIGATE,4.0494,9.1455,-2.0077,-1.0291,1.1374,2.5036,-0.9291,1.1374,1.4687,0.0,12.0,4.9544,9.351245880126953,2.3703765869140625,37.16,0,1,180,1.595,0.9633,1.0,0.9431,0.289,0.3,0.3773,0.9662,1.244
227.801,5,NAVIGATE,4.0104,9.1888,-2.0042,-1.0309,1.1341,2.5058,-1.0309,1.0341,1.4602,0.0,12.0,4.8976,9.281927108764648,2.3052029609680176,36.91,0,1,180,1.672,0.9846,1.0,0.9585,0.2954,0.3,0.3834,0.9788,1.0668
227.851,5,NAVIGATE,3.9636,9.2413,-2.0,-1.0329,1.1307,2.5085,-0.9329,1.1307,1.4659,0.0,12.0,4.8291,9.243724822998047,2.2699172496795654,37.16,0,1,180,1.654,0.963,1.0,0.9411,0.2889,0.3,0.3764,0.9653,1.2134
227.901,5,NAVIGATE,3.9259,9.2867,-1.9946,-1.0331,1.1298,2.5108,-1.0331,1.0298,1.4587,0.0,12.0,4.7723,9.209535598754883,2.236910581588745,36.66,0,1,180,1.709,0.984,1.0,0.9569,0.2952,0.3,0.3828,0.978,1.065
227.951,5,NAVIGATE,3.8801,9.3412,-1.9891,-1.0344,1.128,2.5137,-1.0344,1.028,1.4583,0.0,12.0,4.7037,9.13714599609375,2.171250104904175,34.91,0,1,180,1.694,0.9836,1.0,0.9562,0.2951,0.3,0.3825,0.9776,1.0679
228.001,5,NAVIGATE,3.8421,9.3869,-1.9856,-1.0345,1.1274,2.516,-0.9345,1.1274,1.4644,0.0,12.0,4.6465,9.101262092590332,2.1345860958099365,35.41,0,1,180,1.448,0.9607,1.0,0.9379,0.2882,0.3,0.3751,0.9633,1.2035
228.051,5,NAVIGATE,3.7984,9.4434,-1.9838,-1.0354,1.1264,2.5188,-1.0354,1.0264,1.4579,0.0,12.0,4.5787,9.066427230834961,2.1018872261047363,35.41,0,1,180,1.616,0.9823,1.0,0.9547,0.2947,0.3,0.3819,0.9766,1.0768
228.101,5,NAVIGATE,3.7614,9.4902,-1.9827,-1.0374,1.1242,2.5213,-1.0374,1.0242,1.4578,0.0,12.0,4.5218,8.995193481445312,2.036334991455078,35.41,0,1,180,1.475,0.9819,1.0,0.9543,0.2946,0.3,0.3817,0.9763,1.0662
228.151,5,NAVIGATE,3.7186,9.5447,-1.9843,-1.0376,1.122,2.5245,-1.0376,1.022,1.4564,0.0,12.0,4.4561,8.96003532409668,1.999299168586731,36.16,0,1,180,1.664,0.9812,1.0,0.9527,0.2944,0.3,0.3811,0.9754,1.0807
228.201,5,NAVIGATE,3.6841,9.5889,-1.9874,-1.0377,1.1192,2.527,-1.0377,1.0192,1.4545,0.0,12.0,4.403,8.926572799682617,1.9659969806671143,34.41,0,1,180,1.656,0.9807,1.0,0.951,0.2942,0.3,0.3804,0.9746,1.0582
228.251,5,NAVIGATE,3.6415,9.6419,-1.991,-1.0393,1.1148,2.5303,-1.0393,1.0148,1.4526,0.0,12.0,4.3384,8.864059448242188,1.9006589651107788,36.41,0,1,180,1.639,0.9803,1.0,0.9493,0.2941,0.3,0.3797,0.9738,1.0911
228.301,5,NAVIGATE,3.5973,9.6953,-1.9955,-1.042,1.1098,2.5337,-1.042,1.0098,1.451,0.0,12.0,4.2722,8.827141761779785,1.8667149543762207,37.16,0,1,180,1.577,0.9801,1.0,0.9481,0.294,0.3,0.3792,0.9733,1.064
228.352,5,NAVIGATE,3.5596,9.74,-1.9994,-1.045,1.1053,2.5367,-1.045,1.0053,1.45,0.0,12.0,4.2164,8.792720794677734,1.8343061208724976,38.41,0,1,180,1.794,0.98,1.0,0.9473,0.294,0.3,0.3789,0.9729,1.0688
228.401,5,NAVIGATE,3.5135,9.7933,-2.0034,-1.049,1.0993,2.5405,-1.049,0.8993,1.3818,0.0,12.0,4.149,8.7337064743042,1.7722575664520264,40.41,0,1,180,1.545,0.9891,1.0,0.9111,0.2967,0.3,0.3644,0.9612,0.9922
228.451,5,NAVIGATE,3.4717,9.838,-2.0075,-1.0532,1.0946,2.5438,-1.0532,0.9946,1.4486,0.0,12.0,4.0899,8.702291488647461,1.7379486560821533,41.66,0,1,180,1.622,0.9801,1.0,0.9465,0.294,0.3,0.3786,0.9727,1.0554
228.501,5,NAVIGATE,3.4213,9.8913,-2.0117,-1.0582,1.0886,2.5477,-1.0582,0.9886,1.4482,0.0,12.0,4.019,8.64841079711914,1.6855210065841675,44.17,0,1,180,1.57,0.9803,1.0,0.9464,0.2941,0.3,0.3786,0.9726,1.0696
228.551,5,NAVIGATE,3.3701,9.9442,-2.0155,-1.0631,1.0802,2.5517,-1.0631,0.9802,1.4461,0.0,12.0,3.9477,8.623719215393066,1.657036542892456,45.42,0,1,180,1.655,0.9806,1.0,0.9454,0.2942,0.3,0.3782,0.9723,1.071
228.601,5,NAVIGATE,3.325,9.9881,-2.0194,-1.0682,1.0734,2.5552,-1.0682,0.9734,1.4452,0.0,12.0,3.8863,8.592901229858398,1.6273919343948364,46.67,0,1,180,1.578,0.9811,1.0,0.9452,0.2943,0.3,0.3781,0.9724,1.0632
228.651,5,NAVIGATE,3.2799,10.0317,-2.0226,-1.0731,1.067,2.5588,-1.0731,0.867,1.3796,0.0,12.0,3.8252,8.544596672058105,1.578980565071106,49.42,0,1,180,1.594,0.9903,1.0,0.9109,0.2971,0.3,0.3643,0.9615,0.9953
228.701,5,NAVIGATE,3.2263,10.0834,-2.0259,-1.0787,1.0602,2.5633,-1.0787,0.9602,1.4442,0.0,12.0,3.7526,8.523566246032715,1.5570536851882935,50.92,0,1,180,1.458,0.9818,1.0,0.9452,0.2945,0.3,0.3781,0.9726,1.0432
228.751,5,NAVIGATE,3.1745,10.1344,-2.0291,-1.0835,1.0535,2.5678,-1.0835,0.9535,1.4433,0.0,12.0,3.6821,8.499556541442871,1.532004714012146,52.67,0,1,180,1.58,0.9819,1.0,0.9448,0.2946,0.3,0.3779,0.9725,1.0443
228.801,5,NAVIGATE,3.1312,10.1766,-2.0313,-1.0872,1.0461,2.5717,-1.0872,0.8461,1.3777,0.0,12.0,3.6234,8.453704833984375,1.4872170686721802,55.43,0,1,180,1.49,0.991,1.0,0.9102,0.2973,0.3,0.3641,9999.8777,1.0003
228.851,5,NAVIGATE,3.0789,10.227,-2.0326,-1.092,1.0379,2.5765,-1.092,0.8379,1.3764,0.0,12.0,3.5529,8.430970191955566,1.472591519355774,56.93,0,1,180,1.699,0.9913,1.0,0.9096,0.2974,0.3,0.3639,9999.8764,1.0079
228.901,5,NAVIGATE,3.0262,10.2771,-2.0328,-1.0969,1.0304,2.5813,-1.0969,0.8304,1.3757,0.0,12.0,3.4823,8.408020973205566,1.4516898393630981,58.93,0,1,180,1.55,0.9915,1.0,0.9094,0.2975,0.3,0.3637,9999.8757,1.0205
228.952,5,NAVIGATE,2.991,10.3103,-2.0327,-1.1,1.0243,2.5844,-1.1,0.8243,1.3746,0.0,12.0,3.4353,8.367293357849121,1.4216185808181763,62.18,0,1,180,1.806,0.9917,1.0,0.9088,0.2975,0.3,0.3635,9999.8746,1.0295
229.001,5,NAVIGATE,2.9366,10.3594,-2.0294,-1.1053,1.0138,2.5892,-1.1053,0.8138,1.3726,0.0,12.0,3.3638,8.345901489257812,1.4080698490142822,63.93,0,1,180,1.62,0.9922,1.0,0.9079,0.2977,0.3,0.3632,9999.8726,1.0255
229.051,5,NAVIGATE,2.8807,10.4077,-2.0237,-1.1112,1.0019,2.594,-1.1112,0.8019,1.3703,0.0,12.0,3.2915,8.325712203979492,1.3954238891601562,65.69,0,1,180,1.541,0.9928,1.0,0.907,0.2978,0.3,0.3628,9999.8703,1.0198
229.101,5,NAVIGATE,2.8342,10.4476,-2.0194,-1.116,0.9911,2.598,-1.116,0.7911,1.368,0.0,12.0,3.2315,8.290307998657227,1.3760462999343872,69.44,0,1,180,1.532,0.9933,1.0,0.9059,0.298,0.3,0.3624,9999.868,1.0328
229.151,5,NAVIGATE,2.7781,10.4941,-2.0136,-1.1218,0.9769,2.603,-1.1218,0.7769,1.3646,0.0,12.0,3.16,8.275924682617188,1.370705246925354,71.19,0,1,180,1.69,0.9941,1.0,0.9043,0.2982,0.3,0.3617,9999.8646,1.0367
229.201,5,NAVIGATE,2.722,10.5396,-2.0081,-1.1276,0.9622,2.6081,-1.1276,0.8622,1.4194,0.0,12.0,3.089,8.254194259643555,1.3623014688491821,73.19,0,1,180,1.497,0.9872,1.0,0.9341,0.2962,0.3,0.3737,9999.9194,1.0478
229.251,5,NAVIGATE,2.6845,10.5697,-2.0049,-1.1313,0.9524,2.6115,-1.1313,0.8524,1.4165,0.0,12.0,3.0418,8.227435111999512,1.3529980182647705,76.7,0,1,180,1.576,0.9878,1.0,0.9328,0.2963,0.3,0.3731,9999.9165,1.0545
229.301,5,NAVIGATE,2.6203,10.6231,-2.0051,-1.1373,0.9356,2.6176,-1.2373,0.7356,1.4395,0.0,12.0,2.96,8.213702201843262,1.3538987636566162,78.7,0,1,180,1.465,0.9986,1.0,0.9583,0.2996,0.3,0.3833,9999.9395,1.0376
229.351,5,NAVIGATE,2.5744,10.6609,-2.006,-1.1415,0.9258,2.622,-1.2415,0.7258,1.4381,0.0,12.0,2.9018,8.196635246276855,1.3562076091766357,80.45,0,1,180,1.682,0.9988,1.0,0.9575,0.2996,0.3,0.383,9999.9381,1.0499
229.401,5,NAVIGATE,2.5283,10.6982,-2.0069,-1.1454,0.9181,2.6262,-1.2454,0.7181,1.4376,0.0,12.0,2.8438,8.173194885253906,1.3579133749008179,84.2,0,1,180,1.57,0.9989,1.0,0.9573,0.2997,0.3,0.3829,9999.9376,1.0631
229.451,5,NAVIGATE,2.4683,10.743,-2.0065,-1.1536,0.9092,2.6311,-1.2536,0.7092,1.4403,0.0,12.0,2.7699,8.159290313720703,1.3613121509552002,85.95,0,1,180,1.63,0.999,1.0,0.9592,0.2997,0.3,0.3837,9999.9403,1.0771
229.501,5,NAVIGATE,2.4085,10.7872,-2.0061,-1.1639,0.8987,2.636,-1.2639,0.6987,1.4442,0.0,12.0,2.6966,8.143332481384277,1.3650267124176025,87.96,0,1,180,1.699,0.9993,1.0,0.9621,0.2998,0.3,0.3848,9999.9442,1.093
229.551,5,NAVIGATE,2.3582,10.8238,-2.0052,-1.1738,0.8888,2.6401,-1.2738,0.7888,1.4982,0.0,12.0,2.6352,8.11725902557373,1.3808786869049072,91.46,0,1,180,1.733,0.9958,1.0,0.9946,0.2987,0.3,0.3978,9999.9982,1.1358
229.601,5,NAVIGATE,2.2953,10.8681,-2.0017,-1.1872,0.8758,2.6451,-1.1872,0.8758,1.4752,0.0,12.0,2.5592,8.102584838867188,1.3895189762115479,93.21,0,1,180,1.627,0.9843,1.0,0.9681,0.2953,0.3,0.3872,9999.9752,1.1762
229.652,5,NAVIGATE,2.2432,10.9044,-1.9992,-1.1987,0.8639,2.6493,-1.1987,0.8639,1.4776,0.0,12.0,2.4964,8.09003734588623,1.4009169340133667,95.21,0,1,180,1.86,0.9856,1.0,0.9708,0.2957,0.3,0.3883,9999.9776,1.1982
229.701,5,NAVIGATE,2.1814,10.9472,-1.9953,-1.2124,0.8512,2.6548,-1.2124,0.8512,1.4814,0.0,12.0,2.4222,8.07010269165039,1.4251230955123901,98.47,0,1,180,1.603,0.9868,1.0,0.9746,0.296,0.3,0.3898,9999.9814,1.2358
229.751,5,NAVIGATE,2.1204,10.9894,-1.9909,-1.2231,0.8429,2.6604,-1.2231,0.8429,1.4854,0.0,12.0,2.3489,8.062541961669922,1.4411852359771729,99.97,0,1,180,1.595,0.9874,1.0,0.9778,0.2962,0.3,0.3911,9999.9854,1.2569
229.801,5,NAVIGATE,2.0694,11.0243,-1.9878,-1.2296,0.8394,2.6649,-1.2296,0.8394,1.4888,0.0,12.0,2.2879,8.052465438842773,1.4558357000350952,101.72,0,1,180,1.643,0.9875,1.0,0.9801,0.2962,0.3,0.392,9999.9888,1.2817
229.851,5,NAVIGATE,2.0083,11.0646,-1.9885,-1.2355,0.8378,2.6701,-1.2355,0.8378,1.4927,0.0,12.0,2.2154,8.038052558898926,1.4905463457107544,104.97,0,1,180,1.646,0.9872,1.0,0.9824,0.2962,0.3,0.393,9999.9927,1.3266
229.901,5,NAVIGATE,1.9472,11.1045,-1.9909,-1.24,0.8379,2.6751,-1.24,0.8379,1.4966,0.0,12.0,2.1432,8.028242111206055,1.5097935199737549,106.47,0,1,180,1.766,0.9867,1.0,0.9845,0.296,0.3,0.3938,9999.9966,1.353
229.951,5,NAVIGATE,1.8963,11.1377,-1.9929,-1.2434,0.8385,2.6789,-1.2434,0.8385,1.4997,0.0,12.0,2.0831,8.005012512207031,1.5521764755249023,109.23,0,1,180,1.772,0.9862,1.0,0.986,0.2959,0.3,0.3944,9999.9997,1.409
230.001,5,NAVIGATE,1.8471,11.1709,-1.997,-1.2461,0.8388,2.6826,-1.3461,0.6388,1.4899,0.0,12.0,2.0246,7.993561267852783,1.5766733884811401,110.73,0,1,180,1.629,0.9998,1.0,0.9931,0.2999,0.3,0.3972,9999.9899,1.3965
230.052,5,NAVIGATE,1.7878,11.2108,-2.0013,-1.2494,0.8388,2.687,-1.3494,0.6388,1.493,0.0,12.0,1.9543,7.97998046875,1.6000562906265259,112.23,0,1,180,1.862,0.9997,1.0,0.995,0.2999,0.3,0.398,9999.993,1.4245
230.101,5,NAVIGATE,1.7289,11.2505,-2.0064,-1.2527,0.8388,2.6911,-1.3527,0.6388,1.496,0.0,12.0,1.8844,7.953059196472168,1.6535472869873047,114.23,0,1,180,1.558,0.9995,1.0,0.9968,0.2998,0.3,0.3987,9999.996,1.4802
230.151,5,NAVIGATE,1.6819,11.2832,-2.0152,-1.2565,0.835,2.6944,-1.3565,0.635,1.4978,0.0,12.0,1.8283,7.935939311981201,1.678998589515686,115.23,0,1,180,1.676,0.9994,1.0,0.9979,0.2998,0.3,0.3992,9999.9978,1.5065
230.201,5,NAVIGATE,1.6248,11.3222,-2.0242,-1.2637,0.8256,2.6985,-1.1637,0.9256,1.4869,0.0,12.0,1.7605,7.921284198760986,1.7057229280471802,115.23,0,1,180,1.566,0.962,1.0,0.9536,0.2886,0.3,0.3814,9999.9869,1.5152
230.251,5,NAVIGATE,1.5671,11.3616,-2.0332,-1.2735,0.8118,2.703,-1.1735,0.9118,1.4861,0.0,12.0,1.6921,7.891459941864014,1.761584997177124,113.48,0,1,180,1.674,0.9628,1.0,0.9538,0.2888,0.3,0.3815,9999.9861,1.5036
230.301,5,NAVIGATE,1.5189,11.3953,-2.0415,-1.2826,0.7988,2.7076,-1.1826,0.8988,1.4854,0.0,12.0,1.6348,7.878480911254883,1.787561297416687,114.48,0,1,180,1.641,0.9635,1.0,0.9541,0.2891,0.3,0.3816,9999.9854,1.5145
230.351,5,NAVIGATE,1.4601,11.4349,-2.0498,-1.2894,0.7884,2.7138,-1.2894,0.6884,1.4617,0.0,12.0,1.5657,7.872941493988037,1.8144893646240234,114.73,0,1,180,1.695,0.9927,1.0,0.9673,0.2978,0.3,0.3869,9999.9982,1.6527
230.401,5,NAVIGATE,1.4094,11.4687,-2.0549,-1.292,0.7857,2.719,-1.292,0.5857,1.4186,0.0,12.0,1.5062,7.8738298416137695,1.8694344758987427,115.23,0,1,180,1.639,0.9979,1.0,0.9437,0.2994,0.3,0.3775,10000.0,1.6872
230.451,5,NAVIGATE,1.3472,11.5097,-2.0592,-1.2918,0.7892,2.725,-1.1918,0.6892,1.3767,0.0,12.0,1.4337,7.8744940757751465,1.8961690664291382,115.98,0,1,180,1.687,0.9847,1.0,0.9038,0.2954,0.3,0.3615,9999.9898,1.7333
230.501,5,NAVIGATE,1.2955,11.5436,-2.0618,-1.2914,0.7923,2.7296,-1.1914,0.5923,1.3305,0.0,12.0,1.3735,7.875922203063965,1.920581340789795,115.23,0,1,180,1.6,0.9925,1.0,0.8804,0.2977,0.3,0.3521,9999.9912,1.7412
230.551,5,NAVIGATE,1.2339,11.5877,-2.0613,-1.2919,0.7924,2.7354,-1.0919,0.5924,1.2422,0.0,12.0,1.301,7.875442028045654,1.9745523929595947,113.48,0,1,180,1.758,0.9848,1.0,0.8156,0.2954,0.3,0.3262,9999.9766,1.7943
230.601,5,NAVIGATE,1.1827,11.6251,-2.0594,-1.2916,0.7903,2.7406,-1.0916,0.5903,1.241,0.0,12.0,1.2407,7.873067378997803,1.9990931749343872,114.23,0,1,180,1.643,0.9822,1.0,0.8126,0.2947,0.3,0.325,9999.9762,1.8184
230.651,5,NAVIGATE,1.1212,11.6688,-2.0568,-1.2905,0.7831,2.7475,-1.0905,0.5831,1.2366,0.0,12.0,1.1691,7.8773579597473145,2.024927854537964,112.98,0,1,180,1.618,0.9793,1.0,0.8074,0.2938,0.3,0.3229,9999.9202,1.8434
230.701,5,NAVIGATE,1.0701,11.7044,-2.0534,-1.2875,0.7735,2.7539,-1.0875,0.5735,1.2294,0.0,12.0,1.1102,7.899272918701172,2.0768163204193115,112.98,0,1,180,1.591,0.9768,1.0,0.8006,0.293,0.3,0.3202,9999.8753,1.8937
230.751,5,NAVIGATE,1.0089,11.7459,-2.0495,-1.2811,0.7594,2.7623,-1.0811,0.5594,1.2172,0.0,12.0,1.0404,7.91834831237793,2.1009442806243896,110.98,0,1,180,1.679,0.9735,1.0,0.79,0.2921,0.3,0.316,9999.8224,1.9153
230.801,5,NAVIGATE,0.9478,11.7858,-2.046,-1.2729,0.7437,2.7717,-1.0729,0.5437,1.2028,0.0,12.0,0.9717,7.980538845062256,2.150822639465332,111.23,0,1,180,1.528,0.9697,1.0,0.7776,0.2909,0.3,0.311,9999.7686,1.9624
230.851,5,NAVIGATE,0.8968,11.8175,-2.0444,-1.2655,0.73,2.7803,-1.0655,0.53,1.19,0.0,12.0,0.9152,8.019481658935547,2.175701379776001,110.23,0,1,180,1.645,0.9662,1.0,0.7665,0.2898,0.3,0.3066,9999.7212,1.9828
230.901,5,NAVIGATE,0.836,11.8545,-2.0425,-1.2562,0.714,2.7915,-1.0562,0.514,1.1746,0.0,12.0,0.8485,8.0678071975708,2.1999764442443848,110.48,0,1,180,1.545,0.9609,1.0,0.7525,0.2883,0.3,0.301,9999.6603,2.005
230.951,5,NAVIGATE,0.7852,11.885,-2.0412,-1.2485,0.7013,2.8019,-1.0485,0.5013,1.1622,0.0,12.0,0.7936,8.203926086425781,2.245492935180664,109.48,0,1,180,1.677,0.9551,1.0,0.74,0.2865,0.3,0.296,9999.6041,2.0485
231.001,5,NAVIGATE,0.7228,11.9232,-2.0411,-1.24,0.6876,2.8156,-1.04,0.4876,1.1486,0.0,12.0,0.7268,8.282991409301758,2.2673306465148926,109.73,0,1,180,1.578,0.9452,1.0,0.7238,0.2836,0.3,0.2895,9999.5249,2.0698
231.051,5,NAVIGATE,0.6713,11.954,-2.0409,-1.2327,0.6764,2.8283,-1.0327,0.4764,1.1373,0.0,12.0,0.6729,8.379355430603027,2.2890372276306152,109.73,0,1,180,1.611,0.9346,1.0,0.7086,0.2804,0.3,0.2834,9999.4507,2.0882
231.101,5,NAVIGATE,0.6123,11.9902,-2.0413,-1.2231,0.6635,2.8452,-1.0231,0.4635,1.1232,0.0,12.0,0.6124,8.635815620422363,2.3340935707092285,108.98,0,1,180,1.508,0.9174,1.0,0.687,0.2752,0.3,0.2748,9999.3509,2.1363
231.151,5,NAVIGATE,0.5557,12.0256,-2.0421,-1.2127,0.6508,2.8642,-1.0127,0.4508,1.1085,0.0,12.0,0.5562,8.785341262817383,2.353548049926758,108.48,0,1,180,1.696,0.8939,1.0,0.6606,0.2682,0.3,0.2642,9999.2269,2.1553
231.201,5,NAVIGATE,0.5088,12.0541,-2.0425,-1.2039,0.6399,2.8819,-1.0039,0.4399,1.096,0.0,12.0,0.5117,8.965717315673828,2.3744356632232666,105.97,0,1,180,1.447,0.8683,1.0,0.6345,0.2605,0.3,0.2538,9999.0569,2.1763
231.299,5,HOLD,0.4072,12.1206,-2.0462,-1.1791,0.6142,2.9326,0.0,0.0,0.0,0.4571065604686737,12.087789535522461,0.0597,9.456584930419922,2.4151225090026855,106.22,0,,0,0.0,,,,,,,,
231.349,5,HOLD,0.365,12.147,-2.0474,-1.1708,0.6033,2.9568,0.0,0.0,0.0,0.4571065604686737,12.087789535522461,0.1095,9.456584930419922,2.4151225090026855,106.22,0,,0,0.0,,,,,,,,
231.399,5,HOLD,0.3155,12.1754,-2.044,-1.1655,0.5892,2.9839,0.0,0.0,0.0,0.4571065604686737,12.087789535522461,0.1665,9.456584930419922,2.4151225090026855,106.22,0,,0,0.0,,,,,,,,
231.449,5,HOLD,0.2743,12.1979,-2.0405,-1.1381,0.5639,3.0035,0.0,0.0,0.0,0.4571065604686737,12.087789535522461,0.2134,9.456584930419922,2.4151225090026855,106.22,0,,0,0.0,,,,,,,,
231.499,5,HOLD,0.2257,12.2238,-2.038,-1.0791,0.5229,3.0232,0.0,0.0,0.0,0.4571065604686737,12.087789535522461,0.2684,9.456584930419922,2.4151225090026855,106.22,0,,0,0.0,,,,,,,,
231.55,5,HOLD,0.1854,12.2448,-2.0383,-1.0148,0.4836,3.0358,0.0,0.0,0.0,0.4571065604686737,12.087789535522461,0.3138,9.456584930419922,2.4151225090026855,106.22,0,,0,0.0,,,,,,,,
231.599,5,HOLD,0.1405,12.2677,-2.0391,-0.9264,0.4336,3.0464,0.0,0.0,0.0,0.4571065604686737,12.087789535522461,0.3641,9.456584930419922,2.4151225090026855,106.22,0,,0,0.0,,,,,,,,
231.65,5,HOLD,0.107,12.285,-2.041,-0.8489,0.3917,3.0515,0.0,0.0,0.0,0.4571065604686737,12.087789535522461,0.4019,9.456584930419922,2.4151225090026855,106.22,0,,0,0.0,,,,,,,,
231.7,5,HOLD,0.0742,12.3045,-2.048,-0.7544,0.3426,3.054,0.0,0.0,0.0,0.4571065604686737,12.087789535522461,0.44,9.456584930419922,2.4151225090026855,106.22,0,,0,0.0,,,,,,,,
231.749,5,HOLD,0.045,12.3212,-2.0535,-0.6632,0.2953,3.053,0.0,0.0,0.0,0.4571065604686737,12.087789535522461,0.4736,9.456584930419922,2.4151225090026855,106.22,0,,0,0.0,,,,,,,,
231.799,5,HOLD,0.0208,12.333,-2.0585,-0.5758,0.2488,3.0492,0.0,0.0,0.0,0.4571065604686737,12.087789535522461,0.5005,9.456584930419922,2.4151225090026855,106.22,0,,0,0.0,,,,,,,,
231.849,5,HOLD,0.0036,12.3401,-2.0618,-0.5063,0.2113,3.0442,0.0,0.0,0.0,0.4571065604686737,12.087789535522461,0.519,9.456584930419922,2.4151225090026855,106.22,0,,0,0.0,,,,,,,,
231.899,5,HOLD,-0.0139,12.3471,-2.0645,-0.4276,0.1684,3.0364,0.0,0.0,0.0,0.4571065604686737,12.087789535522461,0.5376,9.456584930419922,2.4151225090026855,106.22,0,,0,0.0,,,,,,,,
231.949,5,HOLD,-0.0284,12.3499,-2.0648,-0.3662,0.1337,3.0288,0.0,0.0,0.0,0.4571065604686737,12.087789535522461,0.5518,9.456584930419922,2.4151225090026855,106.22,0,,0,0.0,,,,,,,,
232.0,5,HOLD,-0.0412,12.3513,-2.0641,-0.3079,0.1006,3.0203,0.0,0.0,0.0,0.4571065604686737,12.087789535522461,0.5637,9.456584930419922,2.4151225090026855,106.22,0,,0,0.0,,,,,,,,
232.049,5,HOLD,-0.0536,12.3518,-2.0627,-0.2417,0.0635,3.0093,0.0,0.0,0.0,0.4571065604686737,12.087789535522461,0.5749,9.456584930419922,2.4151225090026855,106.22,0,,0,0.0,,,,,,,,
232.099,5,HOLD,-0.0624,12.3526,-2.0674,-0.1789,0.03,2.9978,0.0,0.0,0.0,0.4571065604686737,12.087789535522461,0.5831,9.456584930419922,2.4151225090026855,106.22,0,,0,0.0,,,,,,,,
232.149,5,HOLD,-0.0676,12.3525,-2.0713,-0.1295,0.0045,2.988,0.0,0.0,0.0,0.4571065604686737,12.087789535522461,0.5877,9.456584930419922,2.4151225090026855,106.22,0,,0,0.0,,,,,,,,
232.199,5,HOLD,-0.0708,12.3505,-2.0738,-0.0733,-0.0238,2.9762,0.0,0.0,0.0,0.4571065604686737,12.087789535522461,0.5897,9.456584930419922,2.4151225090026855,106.22,0,,0,0.0,,,,,,,,
232.249,5,HOLD,-0.0701,12.3451,-2.0713,-0.0284,-0.0466,2.9664,0.0,0.0,0.0,0.4571065604686737,12.087789535522461,0.5867,9.456584930419922,2.4151225090026855,106.22,0,,0,0.0,,,,,,,,
232.299,5,HOLD,-0.0678,12.3394,-2.0686,0.0144,-0.0676,2.9569,0.0,0.0,0.0,0.4571065604686737,12.087789535522461,0.5821,9.456584930419922,2.4151225090026855,106.22,0,,0,0.0,,,,,,,,
232.349,5,HOLD,-0.0628,12.3317,-2.0644,0.0626,-0.0908,2.9459,0.0,0.0,0.0,0.4571065604686737,12.087789535522461,0.5743,9.456584930419922,2.4151225090026855,106.22,0,,0,0.0,,,,,,,,
232.399,5,HOLD,-0.0557,12.3234,-2.0585,0.1008,-0.1089,2.9372,0.0,0.0,0.0,0.4571065604686737,12.087789535522461,0.5643,9.456584930419922,2.4151225090026855,106.22,0,,0,0.0,,,,,,,,
232.449,5,HOLD,-0.0454,12.3129,-2.0517,0.1435,-0.1286,2.9277,0.0,0.0,0.0,0.4571065604686737,12.087789535522461,0.5506,9.456584930419922,2.4151225090026855,106.22,0,,0,0.0,,,,,,,,
232.499,5,HOLD,-0.035,12.3038,-2.0468,0.1763,-0.1432,2.9206,0.0,0.0,0.0,0.4571065604686737,12.087789535522461,0.5375,9.456584930419922,2.4151225090026855,106.22,0,,0,0.0,,,,,,,,
232.549,5,HOLD,-0.0183,12.2916,-2.0426,0.2128,-0.1589,2.9128,0.0,0.0,0.0,0.4571065604686737,12.087789535522461,0.5172,9.456584930419922,2.4151225090026855,106.22,0,,0,0.0,,,,,,,,
232.599,5,HOLD,-0.0039,12.2815,-2.0394,0.24,-0.1701,2.9069,0.0,0.0,0.0,0.4571065604686737,12.087789535522461,0.5,9.456584930419922,2.4151225090026855,106.22,0,,0,0.0,,,,,,,,
232.649,5,HOLD,0.0163,12.2699,-2.0384,0.2697,-0.1813,2.9006,0.0,0.0,0.0,0.4571065604686737,12.087789535522461,0.477,9.456584930419922,2.4151225090026855,106.22,0,,0,0.0,,,,,,,,
232.699,5,HOLD,0.0351,12.2605,-2.0396,0.2919,-0.1888,2.8961,0.0,0.0,0.0,0.4571065604686737,12.087789535522461,0.456,9.456584930419922,2.4151225090026855,106.22,0,,0,0.0,,,,,,,,
232.749,5,HOLD,0.0575,12.2493,-2.0404,0.3149,-0.196,2.8914,0.0,0.0,0.0,0.4571065604686737,12.087789535522461,0.431,9.456584930419922,2.4151225090026855,106.22,0,,0,0.0,,,,,,,,
232.799,5,HOLD,0.079,12.2374,-2.0411,0.3333,-0.2015,2.8878,0.0,0.0,0.0,0.4571065604686737,12.087789535522461,0.4066,9.456584930419922,2.4151225090026855,106.22,0,,0,0.0,,,,,,,,
232.849,5,HOLD,0.0966,12.2275,-2.0413,0.3457,-0.205,2.8854,0.0,0.0,0.0,0.4571065604686737,12.087789535522461,0.3866,9.456584930419922,2.4151225090026855,106.22,0,,0,0.0,,,,,,,,
232.899,5,HOLD,0.1177,12.2158,-2.0411,0.3575,-0.208,2.8832,0.0,0.0,0.0,0.4571065604686737,12.087789535522461,0.3627,9.456584930419922,2.4151225090026855,106.22,0,,0,0.0,,,,,,,,
232.949,5,HOLD,0.1333,12.2063,-2.0411,0.364,-0.2094,2.8819,0.0,0.0,0.0,0.4571065604686737,12.087789535522461,0.3448,9.456584930419922,2.4151225090026855,106.22,0,,0,0.0,,,,,,,,
232.999,5,HOLD,0.1521,12.1951,-2.0405,0.3694,-0.21,2.8808,0.0,0.0,0.0,0.4571065604686737,12.087789535522461,0.3234,9.456584930419922,2.4151225090026855,106.22,0,,0,0.0,,,,,,,,
233.049,5,HOLD,0.1676,12.1859,-2.0398,0.3721,-0.2098,2.8803,0.0,0.0,0.0,0.4571065604686737,12.087789535522461,0.3057,9.456584930419922,2.4151225090026855,106.22,0,,0,0.0,,,,,,,,
233.099,5,HOLD,0.1842,12.1763,-2.0384,0.3729,-0.2077,2.8804,0.0,0.0,0.0,0.4571065604686737,12.087789535522461,0.2869,9.456584930419922,2.4151225090026855,106.22,0,,0,0.0,,,,,,,,
233.149,5,HOLD,0.1983,12.1684,-2.0371,0.3725,-0.2054,2.8808,0.0,0.0,0.0,0.4571065604686737,12.087789535522461,0.2711,9.456584930419922,2.4151225090026855,106.22,0,,0,0.0,,,,,,,,
233.199,5,HOLD,0.2123,12.1606,-2.0356,0.371,-0.2027,2.8815,0.0,0.0,0.0,0.4571065604686737,12.087789535522461,0.2554,9.456584930419922,2.4151225090026855,106.22,0,,0,0.0,,,,,,,,
233.249,5,HOLD,0.2256,12.1533,-2.0299,0.3664,-0.198,2.8827,0.0,0.0,0.0,0.4571065604686737,12.087789535522461,0.2406,9.456584930419922,2.4151225090026855,106.22,0,,0,0.0,,,,,,,,
233.299,5,HOLD,0.237,12.1472,-2.0254,0.362,-0.1938,2.8842,0.0,0.0,0.0,0.4571065604686737,12.087789535522461,0.228,9.456584930419922,2.4151225090026855,106.22,0,,0,0.0,,,,,,,,
233.349,5,HOLD,0.2536,12.1385,-2.0212,0.355,-0.1878,2.8864,0.0,0.0,0.0,0.4571065604686737,12.087789535522461,0.2097,9.456584930419922,2.4151225090026855,106.22,0,,0,0.0,,,,,,,,
233.399,5,HOLD,0.266,12.1322,-2.0197,0.3496,-0.1833,2.8882,0.0,0.0,0.0,0.4571065604686737,12.087789535522461,0.1962,9.456584930419922,2.4151225090026855,106.22,0,,0,0.0,,,,,,,,
233.449,5,HOLD,0.2807,12.1248,-2.018,0.3427,-0.1779,2.8902,0.0,0.0,0.0,0.4571065604686737,12.087789535522461,0.1803,9.456584930419922,2.4151225090026855,106.22,0,,0,0.0,,,,,,,,
233.499,5,HOLD,0.2888,12.1174,-2.0172,0.3351,-0.1741,2.8919,0.0,0.0,0.0,0.4571065604686737,12.087789535522461,0.1709,9.456584930419922,2.4151225090026855,106.22,0,,0,0.0,,,,,,,,
233.55,5,HOLD,0.2948,12.1093,-2.0166,0.3263,-0.1705,2.8935,0.0,0.0,0.0,0.4571065604686737,12.087789535522461,0.1638,9.456584930419922,2.4151225090026855,106.22,0,,0,0.0,,,,,,,,
233.599,5,HOLD,0.3027,12.1,-2.0157,0.316,-0.1661,2.8954,0.0,0.0,0.0,0.4571065604686737,12.087789535522461,0.1549,9.456584930419922,2.4151225090026855,106.22,0,,0,0.0,,,,,,,,
233.649,5,HOLD,0.3089,12.093,-2.017,0.3051,-0.1604,2.8972,0.0,0.0,0.0,0.4571065604686737,12.087789535522461,0.1483,9.456584930419922,2.4151225090026855,106.22,0,,0,0.0,,,,,,,,
233.7,5,HOLD,0.3138,12.088,-2.0186,0.2962,-0.155,2.8988,0.0,0.0,0.0,0.4571065604686737,12.087789535522461,0.1433,9.456584930419922,2.4151225090026855,106.22,0,,0,0.0,,,,,,,,
233.749,5,HOLD,0.3201,12.0822,-2.02,0.2861,-0.1481,2.9006,0.0,0.0,0.0,0.4571065604686737,12.087789535522461,0.1371,9.456584930419922,2.4151225090026855,106.22,0,,0,0.0,,,,,,,,
233.799,5,HOLD,0.3264,12.0751,-2.0196,0.2784,-0.1433,2.902,0.0,0.0,0.0,0.4571065604686737,12.087789535522461,0.1313,9.456584930419922,2.4151225090026855,106.22,0,,0,0.0,,,,,,,,
233.85,5,HOLD,0.3332,12.0677,-2.0188,0.2712,-0.1386,2.9034,0.0,0.0,0.0,0.4571065604686737,12.087789535522461,0.1255,9.456584930419922,2.4151225090026855,106.22,0,,0,0.0,,,,,,,,
233.899,5,HOLD,0.3415,12.0594,-2.0177,0.2631,-0.1328,2.9049,0.0,0.0,0.0,0.4571065604686737,12.087789535522461,0.119,9.456584930419922,2.4151225090026855,106.22,0,,0,0.0,,,,,,,,
233.949,5,HOLD,0.3484,12.0538,-2.0132,0.2562,-0.1273,2.9061,0.0,0.0,0.0,0.4571065604686737,12.087789535522461,0.1139,9.456584930419922,2.4151225090026855,106.22,0,,0,0.0,,,,,,,,
233.999,5,HOLD,0.3568,12.0475,-2.0084,0.2481,-0.1205,2.9075,0.0,0.0,0.0,0.4571065604686737,12.087789535522461,0.1081,9.456584930419922,2.4151225090026855,106.22,0,,0,0.0,,,,,,,,
234.049,5,HOLD,0.3635,12.0426,-2.0041,0.2415,-0.1146,2.9084,0.0,0.0,0.0,0.4571065604686737,12.087789535522461,0.1039,9.456584930419922,2.4151225090026855,106.22,0,,0,0.0,,,,,,,,
234.099,5,HOLD,0.3695,12.0372,-1.9972,0.233,-0.1072,2.9092,0.0,0.0,0.0,0.4571065604686737,12.087789535522461,0.1012,9.456584930419922,2.4151225090026855,106.22,0,,0,0.0,,,,,,,,
234.149,5,HOLD,0.3747,12.0331,-1.9921,0.226,-0.101,2.9097,0.0,0.0,0.0,0.4571065604686737,12.087789535522461,0.0989,9.456584930419922,2.4151225090026855,106.22,0,,0,0.0,,,,,,,,
234.2,5,HOLD,0.3792,12.0296,-1.9877,0.2188,-0.0945,2.91,0.0,0.0,0.0,0.4571065604686737,12.087789535522461,0.0972,9.456584930419922,2.4151225090026855,106.22,0,,0,0.0,,,,,,,,
234.249,5,HOLD,0.3807,12.0276,-1.9839,0.2084,-0.0861,2.9102,0.0,0.0,0.0,0.4571065604686737,12.087789535522461,0.0973,9.456584930419922,2.4151225090026855,106.22,0,,0,0.0,,,,,,,,
234.299,5,HOLD,0.3829,12.0257,-1.9806,0.1986,-0.078,2.9102,0.0,0.0,0.0,0.4571065604686737,12.087789535522461,0.0968,9.456584930419922,2.4151225090026855,106.22,0,,0,0.0,,,,,,,,
234.35,5,HOLD,0.3852,12.0241,-1.9757,0.191,-0.0716,2.9102,0.0,0.0,0.0,0.4571065604686737,12.087789535522461,0.0961,9.456584930419922,2.4151225090026855,106.22,0,,0,0.0,,,,,,,,
234.399,5,HOLD,0.388,12.0222,-1.9675,0.1841,-0.0658,2.9101,0.0,0.0,0.0,0.4571065604686737,12.087789535522461,0.0953,9.456584930419922,2.4151225090026855,106.22,0,,0,0.0,,,,,,,,
234.45,5,HOLD,0.3919,12.02,-1.9592,0.1767,-0.0594,2.9102,0.0,0.0,0.0,0.4571065604686737,12.087789535522461,0.094,9.456584930419922,2.4151225090026855,106.22,0,,0,0.0,,,,,,,,
234.499,5,HOLD,0.3939,12.0175,-1.9547,0.1692,-0.0534,2.9102,0.0,0.0,0.0,0.4571065604686737,12.087789535522461,0.0945,9.456584930419922,2.4151225090026855,106.22,0,,0,0.0,,,,,,,,
234.549,5,HOLD,0.3941,12.0152,-1.9534,0.1627,-0.0486,2.9101,0.0,0.0,0.0,0.4571065604686737,12.087789535522461,0.0961,9.456584930419922,2.4151225090026855,106.22,0,,0,0.0,,,,,,,,
234.599,5,HOLD,0.3951,12.0127,-1.9526,0.1554,-0.0432,2.91,0.0,0.0,0.0,0.4571065604686737,12.087789535522461,0.0974,9.456584930419922,2.4151225090026855,106.22,0,,0,0.0,,,,,,,,
234.649,5,HOLD,0.3986,12.0122,-1.9508,0.1506,-0.0382,2.9099,0.0,0.0,0.0,0.4571065604686737,12.087789535522461,0.0956,9.456584930419922,2.4151225090026855,106.22,0,,0,0.0,,,,,,,,
234.699,5,HOLD,0.4037,12.0121,-1.949,0.1457,-0.0323,2.9096,0.0,0.0,0.0,0.4571065604686737,12.087789535522461,0.0926,9.456584930419922,2.4151225090026855,106.22,0,,0,0.0,,,,,,,,
234.75,5,HOLD,0.408,12.0122,-1.948,0.1421,-0.0275,2.9093,0.0,0.0,0.0,0.4571065604686737,12.087789535522461,0.0902,9.456584930419922,2.4151225090026855,106.22,0,,0,0.0,,,,,,,,
234.799,5,HOLD,0.4125,12.0155,-1.9457,0.1376,-0.0208,2.9088,0.0,0.0,0.0,0.4571065604686737,12.087789535522461,0.085,9.456584930419922,2.4151225090026855,106.22,0,,0,0.0,,,,,,,,
234.849,5,HOLD,0.4162,12.0185,-1.9441,0.1339,-0.0153,2.9084,0.0,0.0,0.0,0.4571065604686737,12.087789535522461,0.0805,9.456584930419922,2.4151225090026855,106.22,0,,0,0.0,,,,,,,,
234.9,5,HOLD,0.4206,12.0217,-1.9437,0.1295,-0.0095,2.9079,0.0,0.0,0.0,0.4571065604686737,12.087789535522461,0.0755,9.456584930419922,2.4151225090026855,106.22,0,,0,0.0,,,,,,,,
234.949,5,HOLD,0.4251,12.024,-1.9474,0.1254,-0.0046,2.9074,0.0,0.0,0.0,0.4571065604686737,12.087789535522461,0.0714,9.456584930419922,2.4151225090026855,106.22,0,,0,0.0,,,,,,,,
234.999,5,HOLD,0.4288,12.0257,-1.9505,0.1219,-0.0012,2.9071,0.0,0.0,0.0,0.4571065604686737,12.087789535522461,0.0682,9.456584930419922,2.4151225090026855,106.22,0,,0,0.0,,,,,,,,
235.05,5,HOLD,0.4318,12.0271,-1.9545,0.1183,0.0015,2.9068,0.0,0.0,0.0,0.4571065604686737,12.087789535522461,0.0657,9.456584930419922,2.4151225090026855,106.22,0,,0,0.0,,,,,,,,
235.099,5,HOLD,0.432,12.0277,-1.9633,0.1128,0.0036,2.9064,0.0,0.0,0.0,0.4571065604686737,12.087789535522461,0.0651,9.456584930419922,2.4151225090026855,106.22,0,,0,0.0,,,,,,,,
235.149,5,HOLD,0.4326,12.0282,-1.9699,0.1083,0.0049,2.9062,0.0,0.0,0.0,0.4571065604686737,12.087789535522461,0.0645,9.456584930419922,2.4151225090026855,106.22,0,,0,0.0,,,,,,,,
235.199,5,HOLD,0.4327,12.0293,-1.9787,0.1029,0.0063,2.9059,0.0,0.0,0.0,0.4571065604686737,12.087789535522461,0.0633,9.456584930419922,2.4151225090026855,106.22,0,,0,0.0,,,,,,,,
235.249,5,HOLD,0.4325,12.0307,-1.9865,0.0983,0.0075,2.9057,0.0,0.0,0.0,0.4571065604686737,12.087789535522461,0.0622,9.456584930419922,2.4151225090026855,106.22,0,,0,0.0,,,,,,,,
235.299,5,HOLD,0.4327,12.0321,-1.9945,0.0934,0.0088,2.9055,0.0,0.0,0.0,0.4571065604686737,12.087789535522461,0.0608,9.456584930419922,2.4151225090026855,106.22,0,,0,0.0,,,,,,,,
235.35,5,HOLD,0.4323,12.0349,-1.9992,0.0895,0.0105,2.9054,0.0,0.0,0.0,0.4571065604686737,12.087789535522461,0.0584,9.456584930419922,2.4151225090026855,106.22,0,,0,0.0,,,,,,,,
235.399,5,HOLD,0.4317,12.0391,-2.0031,0.085,0.0129,2.9053,0.0,0.0,0.0,0.4571065604686737,12.087789535522461,0.0549,9.456584930419922,2.4151225090026855,106.22,0,,0,0.0,,,,,,,,
235.449,5,HOLD,0.4315,12.0423,-2.0056,0.0818,0.0145,2.9052,0.0,0.0,0.0,0.4571065604686737,12.087789535522461,0.0522,9.456584930419922,2.4151225090026855,106.22,0,,0,0.0,,,,,,,,
235.499,5,HOLD,0.4314,12.0446,-2.0084,0.0789,0.0155,2.9051,0.0,0.0,0.0,0.4571065604686737,12.087789535522461,0.0503,9.456584930419922,2.4151225090026855,106.22,0,,0,0.0,,,,,,,,
235.549,5,HOLD,0.4313,12.0468,-2.0114,0.0758,0.0162,2.905,0.0,0.0,0.0,0.4571065604686737,12.087789535522461,0.0485,9.456584930419922,2.4151225090026855,106.22,0,,0,0.0,,,,,,,,
235.599,5,HOLD,0.4317,12.0488,-2.0138,0.0732,0.0163,2.905,0.0,0.0,0.0,0.4571065604686737,12.087789535522461,0.0466,9.456584930419922,2.4151225090026855,106.22,0,,0,0.0,,,,,,,,
235.649,5,HOLD,0.4317,12.0469,-2.0142,0.0712,0.0144,2.905,0.0,0.0,0.0,0.4571065604686737,12.087789535522461,0.0481,9.456584930419922,2.4151225090026855,106.22,0,,0,0.0,,,,,,,,
235.699,5,HOLD,0.4322,12.045,-2.0144,0.0691,0.0122,2.9052,0.0,0.0,0.0,0.4571065604686737,12.087789535522461,0.0495,9.456584930419922,2.4151225090026855,106.22,0,,0,0.0,,,,,,,,
235.749,5,HOLD,0.4336,12.0436,-2.0143,0.0674,0.0102,2.9053,0.0,0.0,0.0,0.4571065604686737,12.087789535522461,0.05,9.456584930419922,2.4151225090026855,106.22,0,,0,0.0,,,,,,,,
235.799,5,HOLD,0.4371,12.044,-2.0142,0.0669,0.0092,2.9054,0.0,0.0,0.0,0.4571065604686737,12.087789535522461,0.0481,9.456584930419922,2.4151225090026855,106.22,0,,0,0.0,,,,,,,,
235.849,5,HOLD,0.4412,12.0444,-2.014,0.0663,0.0085,2.9056,0.0,0.0,0.0,0.4571065604686737,12.087789535522461,0.0462,9.456584930419922,2.4151225090026855,106.22,0,,0,0.0,,,,,,,,
235.899,5,HOLD,0.4448,12.0451,-2.0128,0.0657,0.0085,2.9057,0.0,0.0,0.0,0.4571065604686737,12.087789535522461,0.0444,9.456584930419922,2.4151225090026855,106.22,0,,0,0.0,,,,,,,,
235.95,5,HOLD,0.4488,12.0475,-2.0082,0.0647,0.0098,2.9057,0.0,0.0,0.0,0.4571065604686737,12.087789535522461,0.0411,9.456584930419922,2.4151225090026855,106.22,0,,0,0.0,,,,,,,,
235.999,5,HOLD,0.4534,12.0501,-2.0034,0.0632,0.0113,2.9057,0.0,0.0,0.0,0.4571065604686737,12.087789535522461,0.0379,9.456584930419922,2.4151225090026855,106.22,0,,0,0.0,,,,,,,,
236.049,5,HOLD,0.4551,12.0535,-1.9981,0.0606,0.013,2.9057,0.0,0.0,0.0,0.4571065604686737,12.087789535522461,0.0343,9.456584930419922,2.4151225090026855,106.22,0,,0,0.0,,,,,,,,
236.099,5,HOLD,0.4547,12.057,-1.9936,0.0576,0.0143,2.9056,0.0,0.0,0.0,0.4571065604686737,12.087789535522461,0.0309,9.456584930419922,2.4151225090026855,106.22,0,,0,0.0,,,,,,,,
236.149,5,HOLD,0.4545,12.0601,-1.9896,0.0546,0.0153,2.9056,0.0,0.0,0.0,0.4571065604686737,12.087789535522461,0.0278,9.456584930419922,2.4151225090026855,106.22,0,,0,0.0,,,,,,,,
236.199,5,HOLD,0.4556,12.0635,-1.9851,0.0514,0.0158,2.9056,0.0,0.0,0.0,0.4571065604686737,12.087789535522461,0.0244,9.456584930419922,2.4151225090026855,106.22,0,,0,0.0,,,,,,,,
236.249,5,HOLD,0.4574,12.066,-1.9816,0.0491,0.0156,2.9055,0.0,0.0,0.0,0.4571065604686737,12.087789535522461,0.0218,9.456584930419922,2.4151225090026855,106.22,0,,0,0.0,,,,,,,,
236.299,5,HOLD,0.4595,12.0686,-1.9782,0.0467,0.0149,2.9055,0.0,0.0,0.0,0.4571065604686737,12.087789535522461,0.0193,9.456584930419922,2.4151225090026855,106.22,0,,0,0.0,,,,,,,,
236.349,5,HOLD,0.4608,12.0711,-1.9783,0.0443,0.0135,2.9055,0.0,0.0,0.0,0.4571065604686737,12.087789535522461,0.0171,9.456584930419922,2.4151225090026855,106.22,0,,0,0.0,,,,,,,,
236.4,5,HOLD,0.4618,12.0729,-1.979,0.0424,0.0122,2.9055,0.0,0.0,0.0,0.4571065604686737,12.087789535522461,0.0156,9.456584930419922,2.4151225090026855,106.22,0,,0,0.0,,,,,,,,
236.449,5,HOLD,0.4629,12.0745,-1.9798,0.0406,0.0107,2.9055,0.0,0.0,0.0,0.4571065604686737,12.087789535522461,0.0145,9.456584930419922,2.4151225090026855,106.22,0,,0,0.0,,,,,,,,
236.499,5,HOLD,0.4629,12.0768,-1.9773,0.0381,0.0091,2.9056,0.0,0.0,0.0,0.4571065604686737,12.087789535522461,0.0124,9.456584930419922,2.4151225090026855,106.22,0,,0,0.0,,,,,,,,
236.549,5,HOLD,0.4629,12.0787,-1.9751,0.036,0.0078,2.9058,0.0,0.0,0.0,0.4571065604686737,12.087789535522461,0.0108,9.456584930419922,2.4151225090026855,106.22,0,,0,0.0,,,,,,,,
236.599,5,HOLD,0.463,12.0805,-1.973,0.0338,0.0061,2.9059,0.0,0.0,0.0,0.4571065604686737,12.087789535522461,0.0094,9.456584930419922,2.4151225090026855,106.22,0,,0,0.0,,,,,,,,
236.649,5,HOLD,0.4655,12.0801,-1.9724,0.0329,0.0041,2.906,0.0,0.0,0.0,0.4571065604686737,12.087789535522461,0.0113,9.456584930419922,2.4151225090026855,106.22,0,,0,0.0,,,,,,,,
236.699,5,HOLD,0.4677,12.0798,-1.972,0.032,0.0021,2.9061,0.0,0.0,0.0,0.4571065604686737,12.087789535522461,0.0133,9.456584930419922,2.4151225090026855,106.22,0,,0,0.0,,,,,,,,
236.749,5,HOLD,0.4708,12.0788,-1.9711,0.0312,-0.0003,2.9062,0.0,0.0,0.0,0.4571065604686737,12.087789535522461,0.0163,9.456584930419922,2.4151225090026855,106.22,0,,0,0.0,,,,,,,,
236.799,5,HOLD,0.4749,12.0764,-1.9679,0.0311,-0.0027,2.9062,0.0,0.0,0.0,0.4571065604686737,12.087789535522461,0.0211,9.456584930419922,2.4151225090026855,106.22,0,,0,0.0,,,,,,,,
236.849,5,HOLD,0.4794,12.0736,-1.9649,0.0307,-0.0054,2.9061,0.0,0.0,0.0,0.4571065604686737,12.087789535522461,0.0264,9.456584930419922,2.4151225090026855,106.22,0,,0,0.0,,,,,,,,
236.899,5,HOLD,0.4825,12.0708,-1.9626,0.03,-0.0076,2.9061,0.0,0.0,0.0,0.4571065604686737,12.087789535522461,0.0305,9.456584930419922,2.4151225090026855,106.22,0,,0,0.0,,,,,,,,
236.949,5,HOLD,0.4843,12.0645,-1.959,0.0281,-0.0114,2.906,0.0,0.0,0.0,0.4571065604686737,12.087789535522461,0.0358,9.456584930419922,2.4151225090026855,106.22,0,,0,0.0,,,,,,,,
236.999,5,HOLD,0.486,12.0588,-1.9563,0.0258,-0.0144,2.906,0.0,0.0,0.0,0.4571065604686737,12.087789535522461,0.0409,9.456584930419922,2.4151225090026855,106.22,0,,0,0.0,,,,,,,,
237.049,5,HOLD,0.4864,12.055,-1.9544,0.0234,-0.0161,2.906,0.0,0.0,0.0,0.4571065604686737,12.087789535522461,0.044,9.456584930419922,2.4151225090026855,106.22,0,,0,0.0,,,,,,,,
237.099,5,HOLD,0.4854,12.0515,-1.9521,0.0197,-0.0172,2.906,0.0,0.0,0.0,0.4571065604686737,12.087789535522461,0.046,9.456584930419922,2.4151225090026855,106.22,0,,0,0.0,,,,,,,,
237.149,5,HOLD,0.4847,12.0489,-1.9509,0.0169,-0.0174,2.906,0.0,0.0,0.0,0.4571065604686737,12.087789535522461,0.0477,9.456584930419922,2.4151225090026855,106.22,0,,0,0.0,,,,,,,,
237.199,5,HOLD,0.4829,12.046,-1.951,0.0134,-0.0169,2.9058,0.0,0.0,0.0,0.4571065604686737,12.087789535522461,0.0491,9.456584930419922,2.4151225090026855,106.22,0,,0,0.0,,,,,,,,
237.249,5,HOLD,0.4813,12.0439,-1.9517,0.0107,-0.0161,2.9057,0.0,0.0,0.0,0.4571065604686737,12.087789535522461,0.0501,9.456584930419922,2.4151225090026855,106.22,0,,0,0.0,,,,,,,,
