t,run_id,state,pos_n,pos_e,alt,vel_n,vel_e,yaw,cmd_vx,cmd_vy,speed,target_n,target_e,dist_to_target,front_dist,min_threat,min_threat_angle,collision,ok,n_obs,compute_ms,heading_score,clearance_score,velocity_score,heading_term,clearance_term,velocity_term,total,safe_dist
0.049,0,INIT,-0.1294,-0.1204,-0.7513,-0.0099,-0.0164,1.5682,0.0,0.0,0.0,,,,,,0.0,0,,0,0.0,,,,,,,,
0.099,0,INIT,-0.1315,-0.1191,-0.7452,-0.0115,-0.0155,1.5684,0.0,0.0,0.0,,,,,,0.0,0,,0,0.0,,,,,,,,
0.149,0,INIT,-0.1331,-0.1183,-0.741,-0.0127,-0.0149,1.5687,0.0,0.0,0.0,,,,,,0.0,0,,0,0.0,,,,,,,,
0.199,0,INIT,-0.133,-0.117,-0.7331,-0.0129,-0.0139,1.5688,0.0,0.0,0.0,,,,,,0.0,0,,0,0.0,,,,,,,,
0.249,0,INIT,-0.1324,-0.1163,-0.7275,-0.0127,-0.0133,1.5689,0.0,0.0,0.0,,,,,,0.0,0,,0,0.0,,,,,,,,
0.299,0,INIT,-0.1319,-0.1156,-0.7228,-0.0125,-0.0128,1.5691,0.0,0.0,0.0,,,,,,0.0,0,,0,0.0,,,,,,,,
0.349,0,INIT,-0.1349,-0.1138,-0.7171,-0.0141,-0.0111,1.5697,0.0,0.0,0.0,,,,,,0.0,0,,0,0.0,,,,,,,,
0.399,0,INIT,-0.1382,-0.112,-0.7122,-0.0158,-0.0093,1.5704,0.0,0.0,0.0,,,,,,0.0,0,,0,0.0,,,,,,,,
0.449,0,INIT,-0.1395,-0.1107,-0.7081,-0.0166,-0.008,1.5709,0.0,0.0,0.0,,,,,,0.0,0,,0,0.0,,,,,,,,
0.499,0,INIT,-0.136,-0.1092,-0.7006,-0.0151,-0.006,1.5714,0.0,0.0,0.0,,,,,,0.0,0,,0,0.0,,,,,,,,
0.55,0,INIT,-0.133,-0.1078,-0.6944,-0.0139,-0.0044,1.5716,0.0,0.0,0.0,,,,,,0.0,0,,0,0.0,,,,,,,,
0.599,0,INIT,-0.1315,-0.1069,-0.6894,-0.013,-0.0031,1.5713,0.0,0.0,0.0,,,,,,0.0,0,,0,0.0,,,,,,,,
0.649,0,INIT,-0.1313,-0.1064,-0.6859,-0.0125,-0.0024,1.571,0.0,0.0,0.0,,,,,,0.0,0,,0,0.0,,,,,,,,
0.699,0,INIT,-0.131,-0.1059,-0.6824,-0.012,-0.0016,1.5706,0.0,0.0,0.0,,,,,,0.0,0,,0,0.0,,,,,,,,
0.749,0,INIT,-0.1268,-0.1049,-0.6782,-0.0099,-0.001,1.5703,0.0,0.0,0.0,,,,,,0.0,0,,0,0.0,,,,,,,,
0.799,0,INIT,-0.1222,-0.104,-0.6747,-0.0077,-0.0005,1.5702,0.0,0.0,0.0,,,,,,0.0,0,,0,0.0,,,,,,,,
0.85,0,INIT,-0.1172,-0.1031,-0.6711,-0.0054,0.0,1.5705,0.0,0.0,0.0,,,,,,0.0,0,,0,0.0,,,,,,,,
0.899,0,INIT,-0.1116,-0.0973,-0.6686,-0.0027,0.003,1.5709,0.0,0.0,0.0,,,,,,0.0,0,,0,0.0,,,,,,,,
0.95,0,INIT,-0.1074,-0.093,-0.6668,-0.0007,0.0052,1.5713,0.0,0.0,0.0,,,,,,0.0,0,,0,0.0,,,,,,,,
0.999,0,INIT,-0.1028,-0.0885,-0.6646,0.0014,0.0075,1.5723,0.0,0.0,0.0,,,,,,0.0,0,,0,0.0,,,,,,,,
1.049,0,INIT,-0.0982,-0.085,-0.6607,0.0033,0.009,1.5733,0.0,0.0,0.0,,,,,,0.0,0,,0,0.0,,,,,,,,
1.099,0,TAKEOFF,-0.0948,-0.0824,-0.658,0.0047,0.0101,1.5739,0.0,0.0,0.0,,,,,,0.0,0,,0,0.0,,,,,,,,
1.149,0,TAKEOFF,-0.0903,-0.0794,-0.6574,0.0067,0.0111,1.5739,0.0,0.0,0.0,,,,,,0.0,0,,0,0.0,,,,,,,,
1.199,0,TAKEOFF,-0.0862,-0.0769,-0.6587,0.0086,0.0117,1.5735,0.0,0.0,0.0,,,,,,0.0,0,,0,0.0,,,,,,,,
1.249,0,TAKEOFF,-0.0817,-0.0744,-0.6602,0.0107,0.0124,1.5728,0.0,0.0,0.0,,,,,,0.0,0,,0,0.0,,,,,,,,
1.299,0,TAKEOFF,-0.0784,-0.0738,-0.6596,0.012,0.0121,1.5721,0.0,0.0,0.0,,,,,,0.0,0,,0,0.0,,,,,,,,
1.349,0,TAKEOFF,-0.0748,-0.0743,-0.6578,0.0133,0.0113,1.5716,0.0,0.0,0.0,,,,,,0.0,0,,0,0.0,,,,,,,,
1.399,0,TAKEOFF,-0.0716,-0.0748,-0.6565,0.0144,0.0106,1.5713,0.0,0.0,0.0,,,,,,0.0,0,,0,0.0,,,,,,,,
1.449,0,TAKEOFF,-0.0675,-0.079,-0.6527,0.016,0.0073,1.5708,0.0,0.0,0.0,,,,,,0.0,0,,0,0.0,,,,,,,,
1.499,0,TAKEOFF,-0.0636,-0.0836,-0.6492,0.0176,0.004,1.5702,0.0,0.0,0.0,,,,,,0.0,0,,0,0.0,,,,,,,,
1.55,0,TAKEOFF,-0.0601,-0.0863,-0.647,0.019,0.0017,1.5694,0.0,0.0,0.0,,,,,,0.0,0,,0,0.0,,,,,,,,
1.599,0,TAKEOFF,-0.057,-0.086,-0.6466,0.02,0.0011,1.5688,0.0,0.0,0.0,,,,,,0.0,0,,0,0.0,,,,,,,,
1.649,0,TAKEOFF,-0.0542,-0.0858,-0.6465,0.0208,0.0005,1.5683,0.0,0.0,0.0,,,,,,0.0,0,,0,0.0,,,,,,,,
1.699,0,TAKEOFF,-0.0538,-0.0867,-0.6466,0.0209,-0.0006,1.5679,0.0,0.0,0.0,,,,,,0.0,0,,0,0.0,,,,,,,,
1.749,0,TAKEOFF,-0.0544,-0.0881,-0.6468,0.0205,-0.0019,1.5676,0.0,0.0,0.0,,,,,,0.0,0,,0,0.0,,,,,,,,
1.799,0,TAKEOFF,-0.055,-0.0897,-0.6472,0.0201,-0.0033,1.5673,0.0,0.0,0.0,,,,,,0.0,0,,0,0.0,,,,,,,,
1.849,0,TAKEOFF,-0.0585,-0.0903,-0.6487,0.0183,-0.0039,1.5668,0.0,0.0,0.0,,,,,,0.0,0,,0,0.0,,,,,,,,
1.899,0,TAKEOFF,-0.0629,-0.0903,-0.6506,0.0161,-0.0041,1.5661,0.0,0.0,0.0,,,,,,0.0,0,,0,0.0,,,,,,,,
1.95,0,TAKEOFF,-0.0661,-0.0904,-0.6522,0.0145,-0.0043,1.5655,0.0,0.0,0.0,,,,,,0.0,0,,0,0.0,,,,,,,,
1.999,0,TAKEOFF,-0.0691,-0.0885,-0.6482,0.0128,-0.0031,1.5654,0.0,0.0,0.0,,,,,,0.0,0,,0,0.0,,,,,,,,
2.049,0,TAKEOFF,-0.0712,-0.0871,-0.6454,0.0116,-0.0022,1.5657,0.0,0.0,0.0,,,,,,0.0,0,,0,0.0,,,,,,,,
2.099,0,TAKEOFF,-0.074,-0.0857,-0.6427,0.0101,-0.0013,1.566,0.0,0.0,0.0,,,,,,0.0,0,,0,0.0,,,,,,,,
2.149,0,TAKEOFF,-0.0785,-0.0854,-0.641,0.008,-0.001,1.5663,0.0,0.0,0.0,,,,,,0.0,0,,0,0.0,,,,,,,,
2.199,0,TAKEOFF,-0.0832,-0.085,-0.6394,0.0058,-0.0008,1.567,0.0,0.0,0.0,,,,,,0.0,0,,0,0.0,,,,,,,,
2.25,0,TAKEOFF,-0.0863,-0.0845,-0.6384,0.0044,-0.0004,1.5671,0.0,0.0,0.0,,,,,,0.0,0,,0,0.0,,,,,,,,
2.299,0,TAKEOFF,-0.0888,-0.0834,-0.6374,0.0032,0.0002,1.567,0.0,0.0,0.0,,,,,,0.0,0,,0,0.0,,,,,,,,
2.349,0,TAKEOFF,-0.091,-0.0825,-0.6367,0.0022,0.0008,1.5665,0.0,0.0,0.0,,,,,,0.0,0,,0,0.0,,,,,,,,
2.399,0,TAKEOFF,-0.0914,-0.0814,-0.6355,0.0024,0.0011,1.5658,0.0,0.0,0.0,,,,,,0.0,0,,0,0.0,,,,,,,,
2.449,0,TAKEOFF,-0.0901,-0.0803,-0.6339,0.0034,0.0012,1.565,0.0,0.0,0.0,,,,,,0.0,0,,0,0.0,,,,,,,,
2.499,0,TAKEOFF,-0.0891,-0.0795,-0.6328,0.0042,0.0013,1.5646,0.0,0.0,0.0,,,,,,0.0,0,,0,0.0,,,,,,,,
2.549,0,TAKEOFF,-0.0951,-0.0775,-0.6334,0.0021,0.0022,1.5643,0.0,0.0,0.0,,,,,,0.0,0,,0,0.0,,,,,,,,
2.6,0,TAKEOFF,-0.1005,-0.0758,-0.6343,0.0001,0.003,1.5642,0.0,0.0,0.0,,,,,,0.0,0,,0,0.0,,,,,,,,
2.649,0,TAKEOFF,-0.1052,-0.0736,-0.6362,-0.0016,0.004,1.5652,0.0,0.0,0.0,,,,,,0.0,0,,0,0.0,,,,,,,,
2.699,0,TAKEOFF,-0.1044,-0.07,-0.6411,-0.0011,0.0056,1.5662,0.0,0.0,0.0,,,,,,0.0,0,,0,0.0,,,,,,,,
2.749,0,TAKEOFF,-0.1037,-0.0668,-0.6456,-0.0007,0.007,1.5668,0.0,0.0,0.0,,,,,,0.0,0,,0,0.0,,,,,,,,
2.799,0,TAKEOFF,-0.1029,-0.0643,-0.6509,-0.0003,0.0082,1.5672,0.0,0.0,0.0,,,,,,0.0,0,,0,0.0,,,,,,,,
2.849,0,TAKEOFF,-0.1018,-0.0614,-0.6596,0.0001,0.0098,1.5676,0.0,0.0,0.0,,,,,,0.0,0,,0,0.0,,,,,,,,
2.899,0,TAKEOFF,-0.101,-0.0592,-0.666,0.0005,0.0109,1.5679,0.0,0.0,0.0,,,,,,0.0,0,,0,0.0,,,,,,,,
2.949,0,TAKEOFF,-0.0997,-0.0586,-0.6709,0.0009,0.0114,1.5683,0.0,0.0,0.0,,,,,,0.0,0,,0,0.0,,,,,,,,
2.999,0,TAKEOFF,-0.0982,-0.0597,-0.6736,0.0014,0.0112,1.5689,0.0,0.0,0.0,,,,,,0.0,0,,0,0.0,,,,,,,,
3.05,0,TAKEOFF,-0.0971,-0.0605,-0.6757,0.0017,0.011,1.5691,0.0,0.0,0.0,,,,,,0.0,0,,0,0.0,,,,,,,,
3.099,0,TAKEOFF,-0.0961,-0.0617,-0.677,0.0017,0.011,1.5691,0.0,0.0,0.0,,,,,,0.0,0,,0,0.0,,,,,,,,
3.149,0,TAKEOFF,-0.0953,-0.0627,-0.6779,0.0016,0.011,1.5691,0.0,0.0,0.0,,,,,,0.0,0,,0,0.0,,,,,,,,
3.199,0,TAKEOFF,-0.0947,-0.0634,-0.6788,0.0015,0.011,1.5689,0.0,0.0,0.0,,,,,,0.0,0,,0,0.0,,,,,,,,
3.249,0,TAKEOFF,-0.0927,-0.0627,-0.6832,0.0023,0.0118,1.5684,0.0,0.0,0.0,,,,,,0.0,0,,0,0.0,,,,,,,,
3.299,0,TAKEOFF,-0.0901,-0.0614,-0.6891,0.0033,0.0129,1.5682,0.0,0.0,0.0,,,,,,0.0,0,,0,0.0,,,,,,,,
3.349,0,TAKEOFF,-0.0882,-0.0603,-0.6935,0.004,0.0138,1.5682,0.0,0.0,0.0,,,,,,0.0,0,,0,0.0,,,,,,,,
3.399,0,TAKEOFF,-0.0845,-0.0576,-0.6984,0.0057,0.0156,1.5685,0.0,0.0,0.0,,,,,,0.0,0,,0,0.0,,,,,,,,
3.449,0,TAKEOFF,-0.0817,-0.0555,-0.702,0.0069,0.0171,1.5685,0.0,0.0,0.0,,,,,,0.0,0,,0,0.0,,,,,,,,
3.499,0,TAKEOFF,-0.0783,-0.053,-0.7064,0.0084,0.0185,1.5682,0.0,0.0,0.0,,,,,,0.0,0,,0,0.0,,,,,,,,
3.549,0,TAKEOFF,-0.0746,-0.0505,-0.7114,0.0102,0.0196,1.5681,0.0,0.0,0.0,,,,,,0.0,0,,0,0.0,,,,,,,,
3.599,0,TAKEOFF,-0.0706,-0.0477,-0.7168,0.0121,0.0206,1.568,0.0,0.0,0.0,,,,,,0.0,0,,0,0.0,,,,,,,,
3.649,0,TAKEOFF,-0.0675,-0.0456,-0.7218,0.0135,0.0215,1.5673,0.0,0.0,0.0,,,,,,0.0,0,,0,0.0,,,,,,,,
3.699,0,TAKEOFF,-0.0649,-0.0435,-0.7296,0.0144,0.0225,1.5666,0.0,0.0,0.0,,,,,,0.0,0,,0,0.0,,,,,,,,
3.75,0,TAKEOFF,-0.0625,-0.0415,-0.7368,0.0152,0.0234,1.566,0.0,0.0,0.0,,,,,,0.0,0,,0,0.0,,,,,,,,
3.799,0,TAKEOFF,-0.0611,-0.0402,-0.7436,0.0157,0.0239,1.5652,0.0,0.0,0.0,,,,,,0.0,0,,0,0.0,,,,,,,,
3.849,0,TAKEOFF,-0.062,-0.0406,-0.7474,0.0152,0.0235,1.5646,0.0,0.0,0.0,,,,,,0.0,0,,0,0.0,,,,,,,,
3.899,0,TAKEOFF,-0.0629,-0.041,-0.7517,0.0148,0.0231,1.564,0.0,0.0,0.0,,,,,,0.0,0,,0,0.0,,,,,,,,
3.949,0,TAKEOFF,-0.0635,-0.0414,-0.7554,0.0143,0.0227,1.5635,0.0,0.0,0.0,,,,,,0.0,0,,0,0.0,,,,,,,,
3.999,0,TAKEOFF,-0.0643,-0.0423,-0.7602,0.0135,0.0219,1.5628,0.0,0.0,0.0,,,,,,0.0,0,,0,0.0,,,,,,,,
4.049,0,TAKEOFF,-0.0648,-0.0428,-0.7639,0.013,0.0213,1.5623,0.0,0.0,0.0,,,,,,0.0,0,,0,0.0,,,,,,,,
4.099,0,TAKEOFF,-0.0649,-0.0437,-0.7669,0.0126,0.0207,1.562,0.0,0.0,0.0,,,,,,0.0,0,,0,0.0,,,,,,,,
4.149,0,TAKEOFF,-0.0647,-0.0445,-0.7684,0.0124,0.0201,1.5624,0.0,0.0,0.0,,,,,,0.0,0,,0,0.0,,,,,,,,
4.199,0,TAKEOFF,-0.0644,-0.0453,-0.7703,0.0122,0.0195,1.5629,0.0,0.0,0.0,,,,,,0.0,0,,0,0.0,,,,,,,,
4.249,0,TAKEOFF,-0.0676,-0.0443,-0.7697,0.0104,0.02,1.5633,0.0,0.0,0.0,,,,,,0.0,0,,0,0.0,,,,,,,,
4.299,0,TAKEOFF,-0.072,-0.0428,-0.7688,0.008,0.0207,1.5637,0.0,0.0,0.0,,,,,,0.0,0,,0,0.0,,,,,,,,
4.349,0,TAKEOFF,-0.0753,-0.0416,-0.7682,0.0063,0.0213,1.5639,0.0,0.0,0.0,,,,,,0.0,0,,0,0.0,,,,,,,,
4.399,0,TAKEOFF,-0.078,-0.0421,-0.7695,0.0047,0.0208,1.564,0.0,0.0,0.0,,,,,,0.0,0,,0,0.0,,,,,,,,
4.449,0,TAKEOFF,-0.0799,-0.0427,-0.7708,0.0036,0.0204,1.5642,0.0,0.0,0.0,,,,,,0.0,0,,0,0.0,,,,,,,,
4.499,0,TAKEOFF,-0.0819,-0.0427,-0.7718,0.0024,0.0201,1.5643,0.0,0.0,0.0,,,,,,0.0,0,,0,0.0,,,,,,,,
4.549,0,TAKEOFF,-0.0835,-0.0406,-0.7704,0.0013,0.0207,1.5641,0.0,0.0,0.0,,,,,,0.0,0,,0,0.0,,,,,,,,
4.599,0,TAKEOFF,-0.0852,-0.0383,-0.7692,0.0001,0.0213,1.5637,0.0,0.0,0.0,,,,,,0.0,0,,0,0.0,,,,,,,,
4.649,0,TAKEOFF,-0.0854,-0.0367,-0.7682,-0.0003,0.0216,1.5634,0.0,0.0,0.0,,,,,,0.0,0,,0,0.0,,,,,,,,
4.7,0,TAKEOFF,-0.081,-0.0359,-0.7662,0.0012,0.0213,1.563,0.0,0.0,0.0,,,,,,0.0,0,,0,0.0,,,,,,,,
4.749,0,TAKEOFF,-0.0777,-0.0352,-0.7649,0.0023,0.021,1.5628,0.0,0.0,0.0,,,,,,0.0,0,,0,0.0,,,,,,,,
4.799,0,TAKEOFF,-0.074,-0.036,-0.7628,0.0036,0.0203,1.5633,0.0,0.0,0.0,,,,,,0.0,0,,0,0.0,,,,,,,,
4.849,0,TAKEOFF,-0.0708,-0.0391,-0.76,0.0047,0.0199,1.5637,0.0,0.0,0.0,,,,,,0.0,0,,0,0.0,,,,,,,,
4.899,0,TAKEOFF,-0.0675,-0.0422,-0.7574,0.0059,0.0215,1.564,0.0,0.0,0.0,,,,,,0.0,0,,0,0.0,,,,,,,,
4.949,0,TAKEOFF,-0.065,-0.0434,-0.7543,0.0065,0.0246,1.564,0.0,0.0,0.0,,,,,,0.0,0,,0,0.0,,,,,,,,
4.999,0,TAKEOFF,-0.0623,-0.0436,-0.7504,0.0073,0.0294,1.5639,0.0,0.0,0.0,,,,,,0.0,0,,0,0.0,,,,,,,,
5.049,0,TAKEOFF,-0.0604,-0.0434,-0.7479,0.0062,0.0336,1.5636,0.0,0.0,0.0,,,,,,0.0,0,,0,0.0,,,,,,,,
5.099,0,TAKEOFF,-0.0585,-0.0432,-0.743,0.0038,0.0379,1.5634,0.0,0.0,0.0,,,,,,0.0,0,,0,0.0,,,,,,,,
5.149,0,TAKEOFF,-0.0565,-0.0426,-0.7362,0.003,0.0438,1.5636,0.0,0.0,0.0,,,,,,0.0,0,,0,0.0,,,,,,,,
5.199,0,TAKEOFF,-0.055,-0.0418,-0.732,0.0017,0.0512,1.5633,0.0,0.0,0.0,,,,,,0.0,0,,0,0.0,,,,,,,,
5.249,0,TAKEOFF,-0.0508,-0.039,-0.7303,-0.0018,0.0616,1.5629,0.0,0.0,0.0,,,,,,0.0,0,,0,0.0,,,,,,,,
5.299,0,TAKEOFF,-0.0468,-0.0359,-0.731,-0.0063,0.0703,1.5628,0.0,0.0,0.0,,,,,,0.0,0,,0,0.0,,,,,,,,
5.35,0,TAKEOFF,-0.0429,-0.0318,-0.7333,-0.0133,0.0797,1.5631,0.0,0.0,0.0,,,,,,0.0,0,,0,0.0,,,,,,,,
5.399,0,TAKEOFF,-0.0397,-0.031,-0.7339,-0.0212,0.0852,1.5639,0.0,0.0,0.0,,,,,,0.0,0,,0,0.0,,,,,,,,
5.449,0,TAKEOFF,-0.0378,-0.0297,-0.736,-0.028,0.0881,1.5646,0.0,0.0,0.0,,,,,,0.0,0,,0,0.0,,,,,,,,
5.499,0,TAKEOFF,-0.0366,-0.0282,-0.7396,-0.0346,0.0896,1.5652,0.0,0.0,0.0,,,,,,0.0,0,,0,0.0,,,,,,,,
5.549,0,TAKEOFF,-0.0352,-0.0253,-0.745,-0.0414,0.0903,1.5657,0.0,0.0,0.0,,,,,,0.0,0,,0,0.0,,,,,,,,
5.599,0,TAKEOFF,-0.0347,-0.0228,-0.7511,-0.0464,0.0898,1.5658,0.0,0.0,0.0,,,,,,0.0,0,,0,0.0,,,,,,,,
5.649,0,TAKEOFF,-0.0347,-0.0199,-0.7612,-0.0517,0.088,1.566,0.0,0.0,0.0,,,,,,0.0,0,,0,0.0,,,,,,,,
5.699,0,TAKEOFF,-0.0352,-0.0177,-0.7727,-0.0556,0.0855,1.5662,0.0,0.0,0.0,,,,,,0.0,0,,0,0.0,,,,,,,,
5.75,0,TAKEOFF,-0.0363,-0.0151,-0.7873,-0.0596,0.0818,1.5665,0.0,0.0,0.0,,,,,,0.0,0,,0,0.0,,,,,,,,
5.799,0,TAKEOFF,-0.0376,-0.0139,-0.7989,-0.0625,0.0779,1.5669,0.0,0.0,0.0,,,,,,0.0,0,,0,0.0,,,,,,,,
5.849,0,TAKEOFF,-0.0396,-0.0141,-0.8117,-0.0657,0.072,1.5673,0.0,0.0,0.0,,,,,,0.0,0,,0,0.0,,,,,,,,
5.899,0,TAKEOFF,-0.0415,-0.014,-0.8231,-0.068,0.0668,1.5675,0.0,0.0,0.0,,,,,,0.0,0,,0,0.0,,,,,,,,
5.949,0,TAKEOFF,-0.0468,-0.0147,-0.8387,-0.0716,0.06,1.5676,0.0,0.0,0.0,,,,,,0.0,0,,0,0.0,,,,,,,,
6.0,0,TAKEOFF,-0.0532,-0.0159,-0.8529,-0.075,0.054,1.568,0.0,0.0,0.0,,,,,,0.0,0,,0,0.0,,,,,,,,
6.049,0,TAKEOFF,-0.0593,-0.0169,-0.8674,-0.0778,0.0481,1.5684,0.0,0.0,0.0,,,,,,0.0,0,,0,0.0,,,,,,,,
6.099,0,TAKEOFF,-0.0657,-0.0168,-0.882,-0.0801,0.0417,1.5691,0.0,0.0,0.0,,,,,,0.0,0,,0,0.0,,,,,,,,
6.149,0,TAKEOFF,-0.0707,-0.0164,-0.8935,-0.0811,0.0366,1.5695,0.0,0.0,0.0,,,,,,0.0,0,,0,0.0,,,,,,,,
6.199,0,TAKEOFF,-0.0764,-0.0159,-0.9081,-0.0812,0.0308,1.5696,0.0,0.0,0.0,,,,,,0.0,0,,0,0.0,,,,,,,,
6.249,0,TAKEOFF,-0.083,-0.0201,-0.9195,-0.0812,0.024,1.5693,0.0,0.0,0.0,,,,,,0.0,0,,0,0.0,,,,,,,,
6.299,0,TAKEOFF,-0.091,-0.0259,-0.9337,-0.0805,0.0155,1.5687,0.0,0.0,0.0,,,,,,0.0,0,,0,0.0,,,,,,,,
6.35,0,TAKEOFF,-0.096,-0.0294,-0.9437,-0.0796,0.0102,1.5681,0.0,0.0,0.0,,,,,,0.0,0,,0,0.0,,,,,,,,
6.399,0,TAKEOFF,-0.1008,-0.0328,-0.9556,-0.0774,0.0044,1.5675,0.0,0.0,0.0,,,,,,0.0,0,,0,0.0,,,,,,,,
6.449,0,TAKEOFF,-0.1054,-0.036,-0.9699,-0.0736,-0.0015,1.5668,0.0,0.0,0.0,,,,,,0.0,0,,0,0.0,,,,,,,,
6.499,0,TAKEOFF,-0.109,-0.0385,-0.9824,-0.0699,-0.0056,1.5662,0.0,0.0,0.0,,,,,,0.0,0,,0,0.0,,,,,,,,
6.549,0,TAKEOFF,-0.1158,-0.0392,-1.0028,-0.0664,-0.0088,1.5655,0.0,0.0,0.0,,,,,,0.0,0,,0,0.0,,,,,,,,
6.599,0,TAKEOFF,-0.1226,-0.0396,-1.024,-0.0628,-0.0113,1.5647,0.0,0.0,0.0,,,,,,0.0,0,,0,0.0,,,,,,,,
6.649,0,TAKEOFF,-0.1276,-0.04,-1.0415,-0.0595,-0.0132,1.5642,0.0,0.0,0.0,,,,,,0.0,0,,0,0.0,,,,,,,,
6.699,0,TAKEOFF,-0.1305,-0.0429,-1.0541,-0.0553,-0.0162,1.5638,0.0,0.0,0.0,,,,,,0.0,0,,0,0.0,,,,,,,,
6.749,0,TAKEOFF,-0.1336,-0.0461,-1.0697,-0.05,-0.0197,1.5635,0.0,0.0,0.0,,,,,,0.0,0,,0,0.0,,,,,,,,
6.799,0,TAKEOFF,-0.1356,-0.0484,-1.0824,-0.0452,-0.0224,1.5633,0.0,0.0,0.0,,,,,,0.0,0,,0,0.0,,,,,,,,
6.849,0,TAKEOFF,-0.136,-0.0498,-1.0932,-0.0399,-0.0245,1.5628,0.0,0.0,0.0,,,,,,0.0,0,,0,0.0,,,,,,,,
6.899,0,TAKEOFF,-0.1364,-0.0512,-1.1045,-0.0346,-0.0265,1.5623,0.0,0.0,0.0,,,,,,0.0,0,,0,0.0,,,,,,,,
6.949,0,TAKEOFF,-0.1366,-0.0527,-1.1178,-0.0286,-0.0285,1.5616,0.0,0.0,0.0,,,,,,0.0,0,,0,0.0,,,,,,,,
6.999,0,TAKEOFF,-0.1365,-0.0533,-1.1255,-0.024,-0.0296,1.5609,0.0,0.0,0.0,,,,,,0.0,0,,0,0.0,,,,,,,,
7.049,0,TAKEOFF,-0.1362,-0.0541,-1.1361,-0.0188,-0.0308,1.56,0.0,0.0,0.0,,,,,,0.0,0,,0,0.0,,,,,,,,
7.099,0,TAKEOFF,-0.1355,-0.0547,-1.1462,-0.014,-0.0315,1.5595,0.0,0.0,0.0,,,,,,0.0,0,,0,0.0,,,,,,,,
7.149,0,TAKEOFF,-0.1342,-0.0549,-1.153,-0.0102,-0.0316,1.5592,0.0,0.0,0.0,,,,,,0.0,0,,0,0.0,,,,,,,,
7.199,0,TAKEOFF,-0.1328,-0.0552,-1.1627,-0.0059,-0.0318,1.559,0.0,0.0,0.0,,,,,,0.0,0,,0,0.0,,,,,,,,
7.249,0,TAKEOFF,-0.1333,-0.0563,-1.1706,-0.0034,-0.0324,1.559,0.0,0.0,0.0,,,,,,0.0,0,,0,0.0,,,,,,,,
7.299,0,TAKEOFF,-0.1346,-0.058,-1.1787,-0.0015,-0.0331,1.5594,0.0,0.0,0.0,,,,,,0.0,0,,0,0.0,,,,,,,,
7.349,0,TAKEOFF,-0.136,-0.0599,-1.1897,0.0006,-0.0342,1.5598,0.0,0.0,0.0,,,,,,0.0,0,,0,0.0,,,,,,,,
7.399,0,TAKEOFF,-0.1412,-0.0606,-1.2045,0.0013,-0.0348,1.5601,0.0,0.0,0.0,,,,,,0.0,0,,0,0.0,,,,,,,,
7.449,0,TAKEOFF,-0.1456,-0.0607,-1.2155,0.0014,-0.0351,1.5602,0.0,0.0,0.0,,,,,,0.0,0,,0,0.0,,,,,,,,
7.499,0,TAKEOFF,-0.1513,-0.0611,-1.2326,0.0019,-0.0355,1.5603,0.0,0.0,0.0,,,,,,0.0,0,,0,0.0,,,,,,,,
7.549,0,TAKEOFF,-0.1578,-0.0612,-1.2492,0.0023,-0.0359,1.5605,0.0,0.0,0.0,,,,,,0.0,0,,0,0.0,,,,,,,,
7.599,0,TAKEOFF,-0.1631,-0.0613,-1.2631,0.0029,-0.0364,1.5606,0.0,0.0,0.0,,,,,,0.0,0,,0,0.0,,,,,,,,
7.649,0,TAKEOFF,-0.1677,-0.0615,-1.2772,0.0041,-0.037,1.5606,0.0,0.0,0.0,,,,,,0.0,0,,0,0.0,,,,,,,,
7.699,0,TAKEOFF,-0.1704,-0.0606,-1.2918,0.0072,-0.0374,1.5605,0.0,0.0,0.0,,,,,,0.0,0,,0,0.0,,,,,,,,
7.749,0,TAKEOFF,-0.1719,-0.0599,-1.3039,0.0104,-0.0378,1.5603,0.0,0.0,0.0,,,,,,0.0,0,,0,0.0,,,,,,,,
7.799,0,TAKEOFF,-0.1731,-0.0594,-1.3188,0.0148,-0.0384,1.5601,0.0,0.0,0.0,,,,,,0.0,0,,0,0.0,,,,,,,,
7.849,0,TAKEOFF,-0.1731,-0.0614,-1.3308,0.0193,-0.0398,1.56,0.0,0.0,0.0,,,,,,0.0,0,,0,0.0,,,,,,,,
7.899,0,TAKEOFF,-0.1728,-0.0631,-1.3414,0.0231,-0.0411,1.56,0.0,0.0,0.0,,,,,,0.0,0,,0,0.0,,,,,,,,
7.95,0,TAKEOFF,-0.1729,-0.066,-1.3569,0.0273,-0.0429,1.5596,0.0,0.0,0.0,,,,,,0.0,0,,0,0.0,,,,,,,,
7.999,0,TAKEOFF,-0.174,-0.0705,-1.3768,0.0308,-0.0452,1.5589,0.0,0.0,0.0,,,,,,0.0,0,,0,0.0,,,,,,,,
8.049,0,TAKEOFF,-0.1744,-0.074,-1.3929,0.0336,-0.0468,1.5585,0.0,0.0,0.0,,,,,,0.0,0,,0,0.0,,,,,,,,
8.099,0,TAKEOFF,-0.175,-0.0785,-1.4129,0.0366,-0.0485,1.5579,0.0,0.0,0.0,,,,,,0.0,0,,0,0.0,,,,,,,,
8.15,0,TAKEOFF,-0.1755,-0.0825,-1.4298,0.0391,-0.0497,1.5573,0.0,0.0,0.0,,,,,,0.0,0,,0,0.0,,,,,,,,
8.2,0,TAKEOFF,-0.1756,-0.0862,-1.4461,0.0414,-0.0505,1.5566,0.0,0.0,0.0,,,,,,0.0,0,,0,0.0,,,,,,,,
8.25,0,TAKEOFF,-0.176,-0.0888,-1.4603,0.0435,-0.0503,1.5561,0.0,0.0,0.0,,,,,,0.0,0,,0,0.0,,,,,,,,
8.299,0,TAKEOFF,-0.177,-0.0904,-1.4741,0.0457,-0.0489,1.5557,0.0,0.0,0.0,,,,,,0.0,0,,0,0.0,,,,,,,,
8.35,0,TAKEOFF,-0.1774,-0.0917,-1.4855,0.0475,-0.0475,1.5554,0.0,0.0,0.0,,,,,,0.0,0,,0,0.0,,,,,,,,
8.399,0,TAKEOFF,-0.1809,-0.0934,-1.4942,0.0486,-0.0459,1.5553,0.0,0.0,0.0,,,,,,0.0,0,,0,0.0,,,,,,,,
8.449,0,TAKEOFF,-0.1846,-0.0949,-1.4999,0.0492,-0.0445,1.5553,0.0,0.0,0.0,,,,,,0.0,0,,0,0.0,,,,,,,,
8.499,0,TAKEOFF,-0.1881,-0.0966,-1.5074,0.0501,-0.0429,1.5554,0.0,0.0,0.0,,,,,,0.0,0,,0,0.0,,,,,,,,
8.549,0,TAKEOFF,-0.1915,-0.0976,-1.5132,0.0507,-0.0413,1.5554,0.0,0.0,0.0,,,,,,0.0,0,,0,0.0,,,,,,,,
8.599,0,TAKEOFF,-0.1945,-0.0985,-1.5192,0.0516,-0.0396,1.5554,0.0,0.0,0.0,,,,,,0.0,0,,0,0.0,,,,,,,,
8.649,0,TAKEOFF,-0.1968,-0.0995,-1.5257,0.0529,-0.0379,1.5553,0.0,0.0,0.0,,,,,,0.0,0,,0,0.0,,,,,,,,
8.699,0,TAKEOFF,-0.196,-0.1,-1.5355,0.0563,-0.0359,1.5551,0.0,0.0,0.0,,,,,,0.0,0,,0,0.0,,,,,,,,
8.749,0,TAKEOFF,-0.1939,-0.1003,-1.5445,0.0598,-0.0341,1.5549,0.0,0.0,0.0,,,,,,0.0,0,,0,0.0,,,,,,,,
8.799,0,TAKEOFF,-0.1911,-0.1007,-1.5553,0.0642,-0.0321,1.555,0.0,0.0,0.0,,,,,,0.0,0,,0,0.0,,,,,,,,
8.85,0,TAKEOFF,-0.1893,-0.1004,-1.5656,0.0678,-0.0305,1.5554,0.0,0.0,0.0,,,,,,0.0,0,,0,0.0,,,,,,,,
8.899,0,TAKEOFF,-0.1868,-0.1003,-1.5777,0.0716,-0.0287,1.5557,0.0,0.0,0.0,,,,,,0.0,0,,0,0.0,,,,,,,,
8.95,0,TAKEOFF,-0.1844,-0.1003,-1.5877,0.0743,-0.0274,1.5558,0.0,0.0,0.0,,,,,,0.0,0,,0,0.0,,,,,,,,
8.999,0,TAKEOFF,-0.1775,-0.1006,-1.5957,0.0787,-0.0264,1.5556,0.0,0.0,0.0,,,,,,0.0,0,,0,0.0,,,,,,,,
9.049,0,TAKEOFF,-0.172,-0.1009,-1.6026,0.0817,-0.0258,1.5552,0.0,0.0,0.0,,,,,,0.0,0,,0,0.0,,,,,,,,
9.099,0,TAKEOFF,-0.1662,-0.1015,-1.6116,0.0844,-0.0252,1.5547,0.0,0.0,0.0,,,,,,0.0,0,,0,0.0,,,,,,,,
9.15,0,TAKEOFF,-0.1624,-0.1022,-1.62,0.0856,-0.0247,1.5544,0.0,0.0,0.0,,,,,,0.0,0,,0,0.0,,,,,,,,
9.199,0,TAKEOFF,-0.1577,-0.103,-1.6301,0.0863,-0.0241,1.5541,0.0,0.0,0.0,,,,,,0.0,0,,0,0.0,,,,,,,,
9.249,0,TAKEOFF,-0.1531,-0.1035,-1.6389,0.0866,-0.0234,1.5542,0.0,0.0,0.0,,,,,,0.0,0,,0,0.0,,,,,,,,
9.299,0,TAKEOFF,-0.1462,-0.1035,-1.6503,0.0871,-0.0222,1.5548,0.0,0.0,0.0,,,,,,0.0,0,,0,0.0,,,,,,,,
9.349,0,TAKEOFF,-0.1407,-0.1036,-1.6595,0.0869,-0.0213,1.5554,0.0,0.0,0.0,,,,,,0.0,0,,0,0.0,,,,,,,,
9.399,0,TAKEOFF,-0.1332,-0.1039,-1.6708,0.0868,-0.0204,1.5561,0.0,0.0,0.0,,,,,,0.0,0,,0,0.0,,,,,,,,
9.449,0,TAKEOFF,-0.1263,-0.1043,-1.6803,0.0866,-0.0199,1.5564,0.0,0.0,0.0,,,,,,0.0,0,,0,0.0,,,,,,,,
9.499,0,TAKEOFF,-0.1186,-0.1048,-1.6912,0.0857,-0.0194,1.5566,0.0,0.0,0.0,,,,,,0.0,0,,0,0.0,,,,,,,,
9.549,0,TAKEOFF,-0.1114,-0.1055,-1.6974,0.085,-0.0191,1.5568,0.0,0.0,0.0,,,,,,0.0,0,,0,0.0,,,,,,,,
9.599,0,TAKEOFF,-0.1044,-0.1062,-1.703,0.0838,-0.0187,1.5569,0.0,0.0,0.0,,,,,,0.0,0,,0,0.0,,,,,,,,
9.649,0,TAKEOFF,-0.0979,-0.1069,-1.7085,0.082,-0.0184,1.5571,0.0,0.0,0.0,,,,,,0.0,0,,0,0.0,,,,,,,,
9.699,0,TAKEOFF,-0.0925,-0.1071,-1.7118,0.0784,-0.0175,1.5574,0.0,0.0,0.0,,,,,,0.0,0,,0,0.0,,,,,,,,
9.75,0,TAKEOFF,-0.089,-0.107,-1.7134,0.0747,-0.0165,1.5578,0.0,0.0,0.0,,,,,,0.0,0,,0,0.0,,,,,,,,
9.799,0,TAKEOFF,-0.085,-0.107,-1.716,0.0698,-0.0154,1.5582,0.0,0.0,0.0,,,,,,0.0,0,,0,0.0,,,,,,,,
9.849,0,TAKEOFF,-0.0786,-0.1073,-1.7177,0.0665,-0.0147,1.5586,0.0,0.0,0.0,,,,,,0.0,0,,0,0.0,,,,,,,,
9.899,0,TAKEOFF,-0.0707,-0.1078,-1.72,0.0627,-0.014,1.559,0.0,0.0,0.0,,,,,,0.0,0,,0,0.0,,,,,,,,
9.949,0,TAKEOFF,-0.0648,-0.1082,-1.7226,0.0592,-0.0134,1.5595,0.0,0.0,0.0,,,,,,0.0,0,,0,0.0,,,,,,,,
9.999,0,TAKEOFF,-0.0571,-0.1089,-1.7229,0.0555,-0.0119,1.5602,0.0,0.0,0.0,,,,,,0.0,0,,0,0.0,,,,,,,,
10.049,0,TAKEOFF,-0.0514,-0.1094,-1.724,0.0521,-0.0107,1.5604,0.0,0.0,0.0,,,,,,0.0,0,,0,0.0,,,,,,,,
10.099,0,TAKEOFF,-0.0462,-0.1098,-1.7258,0.0483,-0.0096,1.5606,0.0,0.0,0.0,,,,,,0.0,0,,0,0.0,,,,,,,,
10.149,0,TAKEOFF,-0.0454,-0.1071,-1.7264,0.0413,-0.007,1.5613,0.0,0.0,0.0,,,,,,0.0,0,,0,0.0,,,,,,,,
10.199,0,TAKEOFF,-0.0448,-0.1051,-1.7279,0.0352,-0.0051,1.562,0.0,0.0,0.0,,,,,,0.0,0,,0,0.0,,,,,,,,
10.25,0,TAKEOFF,-0.0445,-0.1026,-1.7312,0.0278,-0.0029,1.563,0.0,0.0,0.0,,,,,,0.0,0,,0,0.0,,,,,,,,
10.299,0,TAKEOFF,-0.0448,-0.1004,-1.7355,0.0214,-0.001,1.5638,0.0,0.0,0.0,,,,,,0.0,0,,0,0.0,,,,,,,,
10.349,0,TAKEOFF,-0.0451,-0.0984,-1.7403,0.0154,0.0004,1.5646,0.0,0.0,0.0,,,,,,0.0,0,,0,0.0,,,,,,,,
10.4,0,TAKEOFF,-0.0455,-0.0962,-1.7466,0.0089,0.0018,1.5655,0.0,0.0,0.0,,,,,,0.0,0,,0,0.0,,,,,,,,
10.449,0,TAKEOFF,-0.0458,-0.0943,-1.7524,0.0041,0.0027,1.5659,0.0,0.0,0.0,,,,,,0.0,0,,0,0.0,,,,,,,,
10.499,0,TAKEOFF,-0.0462,-0.0923,-1.7594,-0.0009,0.0032,1.5663,0.0,0.0,0.0,,,,,,0.0,0,,0,0.0,,,,,,,,
10.55,0,TAKEOFF,-0.0462,-0.0894,-1.7672,-0.0049,0.0037,1.5666,0.0,0.0,0.0,,,,,,0.0,0,,0,0.0,,,,,,,,
10.599,0,TAKEOFF,-0.0457,-0.0864,-1.774,-0.0075,0.004,1.5668,0.0,0.0,0.0,,,,,,0.0,0,,0,0.0,,,,,,,,
10.649,0,TAKEOFF,-0.0454,-0.0833,-1.7821,-0.0104,0.004,1.5669,0.0,0.0,0.0,,,,,,0.0,0,,0,0.0,,,,,,,,
10.699,0,TAKEOFF,-0.0473,-0.0795,-1.7872,-0.0131,0.0042,1.5669,0.0,0.0,0.0,,,,,,0.0,0,,0,0.0,,,,,,,,
10.749,0,TAKEOFF,-0.0496,-0.0757,-1.7919,-0.0158,0.0041,1.5668,0.0,0.0,0.0,,,,,,0.0,0,,0,0.0,,,,,,,,
10.799,0,TAKEOFF,-0.0521,-0.0718,-1.7976,-0.0188,0.0035,1.5673,0.0,0.0,0.0,,,,,,0.0,0,,0,0.0,,,,,,,,
10.849,0,TAKEOFF,-0.0544,-0.0709,-1.8011,-0.0216,0.0014,1.568,0.0,0.0,0.0,,,,,,0.0,0,,0,0.0,,,,,,,,
10.902,1,NAVIGATE,-0.0562,-0.0706,-1.8039,-0.0237,-0.0007,1.5682,-0.0237,0.1993,0.2007,0.0,12.0,12.0708,6.090207099914551,2.871504783630371,-14.64,0,1,180,2.153,0.9925,1.0,0.1328,0.2977,0.3,0.0531,0.6509,2.0142
10.951,1,NAVIGATE,-0.058,-0.0705,-1.8069,-0.0255,-0.0031,1.5683,-0.0255,0.1969,0.1985,0.0,12.0,12.0707,6.090090751647949,2.8720030784606934,-14.64,0,1,180,1.737,0.9911,1.0,0.1312,0.2973,0.3,0.0525,0.6498,2.0197
11.002,1,NAVIGATE,-0.0605,-0.0691,-1.8103,-0.0279,-0.0067,1.5682,-0.0279,0.1933,0.1953,0.0,12.0,12.0693,6.087926864624023,2.8759095668792725,-14.64,0,1,180,1.867,0.989,1.0,0.1288,0.2967,0.3,0.0515,0.6482,2.0273
11.051,1,NAVIGATE,-0.0626,-0.068,-1.8136,-0.0293,-0.0049,1.5683,-0.0293,0.1951,0.1973,0.0,12.0,12.0681,6.092179775238037,2.879441499710083,-14.89,0,1,180,1.72,0.9881,1.0,0.13,0.2964,0.3,0.052,0.6484,2.025
11.101,1,NAVIGATE,-0.0649,-0.0672,-1.8174,-0.0302,0.0023,1.5686,-0.0302,0.2023,0.2046,0.0,12.0,12.0673,6.0905022621154785,2.879523992538452,-14.89,0,1,180,1.608,0.9882,1.0,0.1348,0.2965,0.3,0.0539,0.6504,2.0022
11.151,1,NAVIGATE,-0.0666,-0.0687,-1.8196,-0.0304,0.0121,1.5684,-0.0304,0.2121,0.2143,0.0,12.0,12.0689,6.092979431152344,2.880002498626709,-14.89,0,1,180,1.674,0.9891,1.0,0.1413,0.2967,0.3,0.0565,0.6532,1.974
11.202,1,NAVIGATE,-0.0679,-0.0694,-1.8218,-0.0303,0.0221,1.5682,-0.0303,0.2221,0.2241,0.0,12.0,12.0696,6.094059467315674,2.8809621334075928,-14.89,0,1,180,2.354,0.99,1.0,0.1479,0.297,0.3,0.0592,0.6562,1.9472
11.251,1,NAVIGATE,-0.0698,-0.0695,-1.825,-0.0303,0.0327,1.5678,-0.0303,0.2327,0.2346,0.0,12.0,12.0697,6.094008445739746,2.880553960800171,-14.89,0,1,180,1.721,0.9909,1.0,0.155,0.2973,0.3,0.062,0.6593,1.9168
11.301,1,NAVIGATE,-0.0741,-0.0687,-1.8323,-0.0309,0.0458,1.5672,-0.0309,0.2458,0.2477,0.0,12.0,12.0689,6.093617916107178,2.8802101612091064,-14.89,0,1,180,1.667,0.9914,1.0,0.1637,0.2974,0.3,0.0655,0.6629,1.88
11.351,1,NAVIGATE,-0.0775,-0.0675,-1.8382,-0.0314,0.0566,1.5667,-0.0314,0.2566,0.2586,0.0,12.0,12.0677,6.093023777008057,2.880659580230713,-14.89,0,1,180,1.742,0.9918,1.0,0.171,0.2975,0.3,0.0684,0.6659,1.8464
11.401,1,NAVIGATE,-0.0825,-0.0659,-1.8457,-0.0323,0.0692,1.5661,-0.0323,0.2692,0.2712,0.0,12.0,12.0662,6.090068817138672,2.8775956630706787,-14.89,0,1,180,1.659,0.992,1.0,0.1793,0.2976,0.3,0.0717,0.6693,1.808
11.451,1,NAVIGATE,-0.0883,-0.0641,-1.8534,-0.0336,0.0815,1.5655,-0.0336,0.2815,0.2835,0.0,12.0,12.0644,6.08906888961792,2.874559164047241,-14.89,0,1,180,1.781,0.9921,1.0,0.1875,0.2976,0.3,0.075,0.6726,1.7697
11.501,1,NAVIGATE,-0.0927,-0.0619,-1.8595,-0.0344,0.0916,1.5649,-0.0344,0.2916,0.2936,0.0,12.0,12.0623,6.085512638092041,2.8714728355407715,-14.89,0,1,180,1.941,0.9922,1.0,0.1942,0.2977,0.3,0.0777,0.6753,1.7352
11.551,1,NAVIGATE,-0.0962,-0.0604,-1.8673,-0.0348,0.1014,1.5645,-0.0348,0.3014,0.3034,0.0,12.0,12.0608,6.0834059715271,2.8701229095458984,-14.89,0,1,180,1.715,0.9925,1.0,0.2007,0.2977,0.3,0.0803,0.678,1.7033
11.601,1,NAVIGATE,-0.0995,-0.0586,-1.8774,-0.0349,0.113,1.5641,-0.0349,0.313,0.315,0.0,12.0,12.059,6.080356597900391,2.8678386211395264,-14.89,0,1,180,1.71,0.9929,1.0,0.2085,0.2979,0.3,0.0834,0.6813,1.67
11.651,1,NAVIGATE,-0.1021,-0.0563,-1.8851,-0.035,0.123,1.5638,-0.035,0.323,0.3249,0.0,12.0,12.0568,6.07305383682251,2.8616724014282227,-14.89,0,1,180,1.659,0.9932,1.0,0.2151,0.298,0.3,0.086,0.684,1.636
11.701,1,NAVIGATE,-0.1037,-0.0541,-1.8905,-0.0348,0.133,1.5635,-0.0348,0.333,0.3348,0.0,12.0,12.0546,6.070042610168457,2.8575127124786377,-14.89,0,1,180,1.567,0.9937,1.0,0.2218,0.2981,0.3,0.0887,0.6868,1.6035
11.751,1,NAVIGATE,-0.105,-0.0511,-1.8952,-0.0343,0.1452,1.5634,-0.0343,0.3452,0.3469,0.0,12.0,12.0515,6.06685733795166,2.8555541038513184,-14.89,0,1,180,1.699,0.9942,1.0,0.23,0.2983,0.3,0.092,0.6902,1.5671
11.801,1,NAVIGATE,-0.1063,-0.0469,-1.8997,-0.034,0.1577,1.5634,-0.034,0.3577,0.3594,0.0,12.0,12.0473,6.057927131652832,2.8459692001342773,-14.89,0,1,180,1.556,0.9947,1.0,0.2383,0.2984,0.3,0.0953,0.6937,1.5231
11.851,1,NAVIGATE,-0.1071,-0.0403,-1.9015,-0.0339,0.1699,1.5635,-0.0339,0.3699,0.3714,0.0,12.0,12.0408,6.054586410522461,2.843733072280884,-15.14,0,1,180,1.593,0.995,1.0,0.2464,0.2985,0.3,0.0986,0.697,1.4829
11.901,1,NAVIGATE,-0.1081,-0.0318,-1.9036,-0.0338,0.1844,1.5634,-0.0338,0.3844,0.3859,0.0,12.0,12.0323,6.048150062561035,2.83835506439209,-15.14,0,1,180,1.712,0.9953,1.0,0.2561,0.2986,0.3,0.1024,0.701,1.4399
11.951,1,NAVIGATE,-0.109,-0.0241,-1.9055,-0.0338,0.1965,1.5633,-0.0338,0.3965,0.3979,0.0,12.0,12.0246,6.038765907287598,2.8287012577056885,-15.39,0,1,180,1.707,0.9956,1.0,0.2641,0.2987,0.3,0.1056,0.7043,1.3926
12.001,1,NAVIGATE,-0.1116,-0.0156,-1.907,-0.0341,0.2084,1.5631,-0.0341,0.4084,0.4098,0.0,12.0,12.0161,6.032999038696289,2.8199846744537354,-15.14,0,1,180,1.679,0.9957,1.0,0.272,0.2987,0.3,0.1088,0.7075,1.3545
12.051,1,NAVIGATE,-0.1145,-0.0047,-1.909,-0.0344,0.2225,1.563,-0.0344,0.4225,0.4239,0.0,12.0,12.0052,6.0257439613342285,2.816239356994629,-15.14,0,1,180,1.723,0.9959,1.0,0.2815,0.2988,0.3,0.1126,0.7113,1.3103
12.101,1,NAVIGATE,-0.1168,0.0049,-1.9107,-0.0347,0.2343,1.5631,-0.0347,0.4343,0.4357,0.0,12.0,11.9957,6.019915580749512,2.8114852905273438,-15.39,0,1,180,1.936,0.996,1.0,0.2893,0.2988,0.3,0.1157,0.7145,1.2714
12.151,1,NAVIGATE,-0.1183,0.0169,-1.9162,-0.0347,0.2468,1.5633,-0.0347,0.4468,0.4482,0.0,12.0,11.9837,6.007439613342285,2.797348976135254,-15.39,0,1,180,1.736,0.9962,1.0,0.2976,0.2989,0.3,0.1191,0.7179,1.2223
12.201,1,NAVIGATE,-0.12,0.0317,-1.9223,-0.0348,0.2617,1.5635,-0.0348,0.4617,0.463,0.0,12.0,11.9689,6.0002312660217285,2.7897448539733887,-15.39,0,1,180,1.788,0.9964,1.0,0.3076,0.2989,0.3,0.123,0.7219,1.1748
12.251,1,NAVIGATE,-0.1214,0.0441,-1.9289,-0.0349,0.274,1.5637,-0.0349,0.474,0.4752,0.0,12.0,11.9565,5.992290496826172,2.7826690673828125,-15.64,0,1,180,1.785,0.9965,1.0,0.3157,0.299,0.3,0.1263,0.7252,1.135
12.301,1,NAVIGATE,-0.1226,0.0563,-1.9416,-0.0351,0.286,1.5638,-0.0351,0.486,0.4872,0.0,12.0,11.9443,5.975228786468506,2.7665398120880127,-15.64,0,1,180,1.683,0.9966,1.0,0.3237,0.299,0.3,0.1295,0.7285,1.0846
12.351,1,NAVIGATE,-0.1242,0.0715,-1.9551,-0.0352,0.3003,1.5633,-0.0352,0.5003,0.5015,0.0,12.0,11.9291,5.9678192138671875,2.7591381072998047,-15.64,0,1,180,1.633,0.9967,1.0,0.3332,0.299,0.3,0.1333,0.7323,1.038
12.401,1,NAVIGATE,-0.1251,0.0866,-1.9643,-0.0351,0.3142,1.5628,-0.0351,0.5142,0.5154,0.0,12.0,11.9141,5.956215858459473,2.7513270378112793,-15.89,0,1,180,1.684,0.9969,1.0,0.3425,0.2991,0.3,0.137,0.7361,0.9927
12.451,1,NAVIGATE,-0.125,0.0961,-1.9667,-0.0347,0.3231,1.5624,-0.0347,0.5231,0.5242,0.0,12.0,11.9046,5.940246105194092,2.733985185623169,-15.89,0,1,180,1.806,0.9971,1.0,0.3485,0.2991,0.3,0.1394,0.7385,0.9515
12.501,1,NAVIGATE,-0.1251,0.1136,-1.9701,-0.0341,0.3387,1.5615,-0.0341,0.5387,0.5397,0.0,12.0,11.887,5.930600643157959,2.7236814498901367,-15.89,0,1,180,1.914,0.9973,1.0,0.3589,0.2992,0.3,0.1435,0.7427,0.9012
12.551,1,NAVIGATE,-0.1243,0.1285,-1.9724,-0.0331,0.3506,1.561,-0.0331,0.5506,0.5516,0.0,12.0,11.8722,5.920207977294922,2.7207536697387695,-16.14,0,1,180,1.848,0.9975,1.0,0.3668,0.2993,0.3,0.1467,0.746,0.8633
12.601,1,NAVIGATE,-0.1229,0.1447,-1.9746,-0.0321,0.3629,1.5607,-0.0321,0.5629,0.5638,0.0,12.0,11.8559,5.900182247161865,2.6989171504974365,-16.14,0,1,180,1.755,0.9977,1.0,0.375,0.2993,0.3,0.15,0.7493,0.8136
12.651,1,NAVIGATE,-0.1217,0.1646,-1.9766,-0.031,0.3778,1.5606,-0.031,0.5778,0.5786,0.0,12.0,11.836,5.888948917388916,2.686380624771118,-16.14,0,1,180,1.709,0.998,1.0,0.3849,0.2994,0.3,0.154,0.7534,0.7693
12.701,1,NAVIGATE,-0.1201,0.1812,-1.9787,-0.03,0.39,1.5608,-0.03,0.59,0.5908,0.0,12.0,11.8194,5.8773627281188965,2.6745593547821045,-16.14,0,1,180,1.745,0.9981,1.0,0.3931,0.2994,0.3,0.1573,0.7567,0.7294
12.751,1,NAVIGATE,-0.1181,0.2015,-1.9811,-0.0288,0.4046,1.561,-0.0288,0.6046,0.6053,0.0,12.0,11.7991,5.856118202209473,2.6542325019836426,-16.39,0,1,180,1.733,0.9983,1.0,0.4028,0.2995,0.3,0.1611,0.7606,0.6905
12.801,1,NAVIGATE,-0.1165,0.2222,-1.9829,-0.0279,0.4192,1.5612,-0.0279,0.6192,0.6198,0.0,12.0,11.7784,5.8417181968688965,2.641066312789917,-16.39,0,1,180,1.901,0.9985,1.0,0.4126,0.2995,0.3,0.165,0.7646,0.6561
12.851,1,NAVIGATE,-0.1178,0.2408,-1.984,-0.0283,0.4319,1.5614,-0.0283,0.6319,0.6326,0.0,12.0,11.7598,5.8282599449157715,2.6297483444213867,-16.64,0,1,180,1.817,0.9985,1.0,0.4211,0.2996,0.3,0.1684,0.768,0.6278
12.901,1,NAVIGATE,-0.1196,0.2599,-1.9849,-0.0288,0.4448,1.5615,-0.0288,0.6448,0.6454,0.0,12.0,11.7407,5.805272102355957,2.605111837387085,16.89,0,1,180,1.681,0.9985,1.0,0.4296,0.2995,0.3,0.1719,0.7714,0.5938
12.951,1,NAVIGATE,-0.1217,0.2833,-1.9856,-0.0294,0.4602,1.5615,-0.0294,0.6602,0.6609,0.0,12.0,11.7174,5.792864799499512,2.5925021171569824,-16.89,0,1,180,1.779,0.9985,1.0,0.4399,0.2995,0.3,0.176,0.7755,0.5548
13.001,1,NAVIGATE,-0.1236,0.303,-1.9873,-0.0303,0.4731,1.5615,-0.0303,0.6731,0.6738,0.0,12.0,11.6976,5.775679588317871,2.5783231258392334,17.14,0,1,180,1.967,0.9985,1.0,0.4485,0.2995,0.3,0.1794,0.7789,0.5186
13.052,1,NAVIGATE,-0.1255,0.3232,-1.9886,-0.0311,0.4859,1.5615,-0.0311,0.6859,0.6866,0.0,12.0,11.6775,5.763636112213135,2.564361810684204,17.14,0,1,180,1.864,0.9984,1.0,0.457,0.2995,0.3,0.1828,0.7823,0.4854
13.101,1,NAVIGATE,-0.1274,0.3437,-1.9897,-0.0317,0.4988,1.5614,-0.0317,0.6988,0.6995,0.0,12.0,11.657,5.734097957611084,2.5408082008361816,17.39,0,1,180,1.786,0.9984,1.0,0.4656,0.2995,0.3,0.1862,0.7858,0.4431
13.151,1,NAVIGATE,-0.1282,0.3697,-1.9966,-0.0316,0.5148,1.5613,-0.0316,0.7148,0.7155,0.0,12.0,11.631,5.717578887939453,2.5245261192321777,-17.39,0,1,180,1.7,0.9985,1.0,0.4763,0.2995,0.3,0.1905,0.7901,0.4126
13.202,1,NAVIGATE,-0.1288,0.3919,-2.0024,-0.0314,0.5282,1.5612,-0.0314,0.7282,0.7289,0.0,12.0,11.6088,5.701085090637207,2.507161855697632,17.39,0,1,180,1.809,0.9985,1.0,0.4852,0.2996,0.3,0.1941,0.7937,0.3899
13.251,1,NAVIGATE,-0.1295,0.4191,-2.0081,-0.031,0.5441,1.5609,-0.031,0.7441,0.7447,0.0,12.0,11.5816,5.671651840209961,2.476151943206787,17.64,0,1,180,1.825,0.9986,1.0,0.4958,0.2996,0.3,0.1983,0.7979,0.3598
13.301,1,NAVIGATE,-0.1232,0.447,-2.0192,-0.0277,0.5596,1.5606,-0.0277,0.7596,0.7601,0.0,12.0,11.5536,5.652010440826416,2.45784854888916,17.64,0,1,180,1.739,0.9989,1.0,0.5062,0.2997,0.3,0.2025,0.8021,0.3532
13.351,1,NAVIGATE,-0.1186,0.4707,-2.0268,-0.0252,0.5723,1.5602,-0.0252,0.7723,0.7728,0.0,12.0,11.5299,5.638058185577393,2.445051431655884,17.89,0,1,180,1.663,0.9991,1.0,0.5147,0.2997,0.3,0.2059,0.8056,0.3511
13.401,1,NAVIGATE,-0.1149,0.4944,-2.0328,-0.0232,0.5849,1.5599,-0.0232,0.7849,0.7852,0.0,12.0,11.5061,5.604038238525391,2.4113776683807373,18.14,0,1,180,1.703,0.9992,1.0,0.5231,0.2998,0.3,0.2092,0.809,0.3514
13.451,1,NAVIGATE,-0.1127,0.5176,-2.0363,-0.0217,0.5971,1.5598,-0.0217,0.7971,0.7974,0.0,12.0,11.483,5.584700107574463,2.3960676193237305,18.39,0,1,180,1.655,0.9993,1.0,0.5312,0.2998,0.3,0.2125,0.8123,0.3583
13.501,1,NAVIGATE,-0.1105,0.5461,-2.0392,-0.0203,0.6119,1.5595,-0.0203,0.8119,0.8122,0.0,12.0,11.4545,5.5678510665893555,2.379178762435913,18.39,0,1,180,1.57,0.9994,1.0,0.5411,0.2998,0.3,0.2165,0.8163,0.362
13.551,1,NAVIGATE,-0.1095,0.5707,-2.0411,-0.0197,0.6247,1.5594,-0.0197,0.8247,0.825,0.0,12.0,11.4298,5.552340030670166,2.3582358360290527,18.39,0,1,180,1.797,0.9994,1.0,0.5497,0.2998,0.3,0.2199,0.8197,0.3614
13.601,1,NAVIGATE,-0.1115,0.6027,-2.0438,-0.0203,0.6414,1.5593,-0.0203,0.8414,0.8417,0.0,12.0,11.3979,5.510870933532715,2.3200745582580566,18.64,0,1,180,1.675,0.9994,1.0,0.5608,0.2998,0.3,0.2243,0.8241,0.3596
13.651,1,NAVIGATE,-0.113,0.6297,-2.0453,-0.0208,0.6553,1.5593,-0.0208,0.7553,0.7556,0.0,12.0,11.3708,5.4927449226379395,2.303081512451172,18.89,0,1,180,1.658,0.9993,1.0,0.5034,0.2998,0.3,0.2014,0.8011,0.3527
13.701,1,NAVIGATE,-0.114,0.6621,-2.0476,-0.0211,0.6719,1.5594,-0.0211,0.7719,0.7722,0.0,12.0,11.3385,5.455913543701172,2.265589952468872,19.14,0,1,180,1.595,0.9993,1.0,0.5144,0.2998,0.3,0.2058,0.8056,0.3489
13.751,1,NAVIGATE,-0.1143,0.6891,-2.0499,-0.021,0.6857,1.5597,-0.021,0.7857,0.786,0.0,12.0,11.3115,5.433238983154297,2.2460765838623047,19.39,0,1,180,1.769,0.9993,1.0,0.5236,0.2998,0.3,0.2095,0.8093,0.3517
13.801,1,NAVIGATE,-0.1147,0.7166,-2.0514,-0.0209,0.6975,1.5601,-0.0209,0.7975,0.7977,0.0,12.0,11.284,5.411903381347656,2.2269086837768555,19.64,0,1,180,1.654,0.9993,1.0,0.5315,0.2998,0.3,0.2126,0.8124,0.3543
13.851,1,NAVIGATE,-0.1151,0.7431,-2.0496,-0.0208,0.7069,1.5602,-0.0208,0.8069,0.8071,0.0,12.0,11.2575,5.391088485717773,2.20388126373291,19.39,0,1,180,1.828,0.9994,1.0,0.5377,0.2998,0.3,0.2151,0.8149,0.3529
13.901,1,NAVIGATE,-0.1157,0.768,-2.0435,-0.0209,0.7142,1.5604,-0.0209,0.8142,0.8145,0.0,12.0,11.2326,5.344326019287109,2.160996913909912,19.89,0,1,180,1.881,0.9994,1.0,0.5427,0.2998,0.3,0.2171,0.8169,0.3537
13.952,1,NAVIGATE,-0.1162,0.7937,-2.0378,-0.021,0.721,1.5606,-0.021,0.821,0.8213,0.0,12.0,11.2069,5.324676036834717,2.141162872314453,20.14,0,1,180,1.736,0.9994,1.0,0.5472,0.2998,0.3,0.2189,0.8187,0.3542
14.001,1,NAVIGATE,-0.1181,0.8249,-2.0306,-0.0215,0.7287,1.5609,-0.0215,0.8287,0.829,0.0,12.0,11.1758,5.301519393920898,2.124175786972046,20.14,0,1,180,1.808,0.9993,1.0,0.5523,0.2998,0.3,0.2209,0.8207,0.3551
14.051,1,NAVIGATE,-0.1213,0.8508,-2.024,-0.0225,0.7349,1.5612,-0.0225,0.8349,0.8352,0.0,12.0,11.1499,5.280274868011475,2.1021478176116943,20.39,0,1,180,1.7,0.9993,1.0,0.5564,0.2998,0.3,0.2226,0.8224,0.3538
14.101,1,NAVIGATE,-0.1244,0.8773,-2.0179,-0.0236,0.7416,1.5618,-0.0236,0.7416,0.7419,0.0,12.0,11.1234,5.233455657958984,2.0532004833221436,20.64,0,1,180,1.681,0.9991,0.9916,0.4942,0.2997,0.2975,0.1977,0.7949,0.3381
14.151,1,NAVIGATE,-0.1284,0.9042,-2.0114,-0.0249,0.7485,1.5623,-0.0249,0.7485,0.7489,0.0,12.0,11.0966,5.213265895843506,2.0346193313598633,20.89,0,1,180,1.947,0.999,0.951,0.4988,0.2997,0.2853,0.1995,0.7845,0.3357
14.201,1,NAVIGATE,-0.1347,0.9366,-2.0027,-0.0271,0.7573,1.5628,-0.0271,0.7573,0.7578,0.0,12.0,11.0642,5.18900203704834,2.015334129333496,21.14,0,1,180,1.698,0.9989,0.9419,0.5046,0.2997,0.2826,0.2018,0.7841,0.3318
14.251,1,NAVIGATE,-0.1395,0.9643,-1.9964,-0.0286,0.7629,1.5629,-0.0286,0.7629,0.7634,0.0,12.0,11.0366,5.1418633460998535,1.9689019918441772,21.65,0,1,180,1.756,0.9987,0.9236,0.5083,0.2996,0.2771,0.2033,0.78,0.3389
14.301,1,NAVIGATE,-0.1463,0.9982,-1.9896,-0.0306,0.7677,1.5627,0.0694,0.7677,0.7708,0.0,12.0,11.0028,5.117857456207275,1.946418046951294,21.9,0,1,180,1.786,0.9971,0.9083,0.5124,0.2991,0.2725,0.2049,0.7766,0.3125
14.351,1,NAVIGATE,-0.1539,1.0326,-1.9837,-0.033,0.771,1.5625,0.067,0.771,0.7739,0.0,12.0,10.9685,5.09627103805542,1.9263099431991577,22.15,0,1,180,1.82,0.9974,0.8802,0.5146,0.2992,0.2641,0.2058,0.7691,0.3377
14.401,1,NAVIGATE,-0.1596,1.0616,-1.9796,-0.0347,0.773,1.5623,0.0653,0.773,0.7758,0.0,12.0,10.9395,5.045620441436768,1.8793772459030151,22.65,0,1,180,1.705,0.9976,0.8316,0.5159,0.2993,0.2495,0.2064,0.7551,0.3438
14.451,1,NAVIGATE,-0.1664,1.0906,-1.9766,-0.0351,0.7748,1.5621,0.0649,0.7748,0.7775,0.0,12.0,10.9107,5.022313117980957,1.8575996160507202,22.9,0,1,180,1.804,0.9977,0.8375,0.5171,0.2993,0.2513,0.2068,0.7574,0.345
14.501,1,NAVIGATE,-0.1747,1.1254,-1.9739,-0.0333,0.7768,1.5621,0.0667,0.7768,0.7797,0.0,12.0,10.876,5.0008416175842285,1.835423469543457,23.15,0,1,180,1.639,0.9976,0.8338,0.5185,0.2993,0.2501,0.2074,0.7568,0.3417
14.551,1,NAVIGATE,-0.1809,1.1548,-1.9721,-0.0298,0.7787,1.562,0.0702,0.7787,0.7818,0.0,12.0,10.8467,4.950259208679199,1.788797378540039,23.65,0,1,180,1.689,0.9973,0.7595,0.5198,0.2992,0.2279,0.2079,0.735,0.3441
14.601,1,NAVIGATE,-0.1885,1.1909,-1.9705,-0.0243,0.781,1.5616,0.0757,0.781,0.7847,0.0,12.0,10.8108,4.92704439163208,1.7648881673812866,23.9,0,1,180,1.578,0.9969,0.7403,0.5215,0.2991,0.2221,0.2086,0.7297,0.3332
14.651,1,NAVIGATE,-0.1951,1.2273,-1.9693,-0.0178,0.7835,1.561,-0.0178,0.7835,0.7837,0.0,12.0,10.7744,4.903487682342529,1.7454599142074585,24.4,0,1,180,1.705,0.9992,0.7554,0.522,0.2998,0.2266,0.2088,0.7352,0.3608
14.701,1,NAVIGATE,-0.1997,1.2579,-1.9687,-0.0121,0.7856,1.5604,-0.0121,0.7856,0.7857,0.0,12.0,10.7439,4.851846218109131,1.6992613077163696,25.15,0,1,180,1.715,0.9994,0.7797,0.5235,0.2998,0.2339,0.2094,0.7431,0.3792
14.751,1,NAVIGATE,-0.1973,1.2876,-1.9696,-0.0036,0.7872,1.5597,-0.0036,0.8872,0.8872,0.0,12.0,10.7142,4.829264163970947,1.676979899406433,25.4,0,1,180,1.699,0.9997,0.7932,0.5913,0.2999,0.238,0.2365,0.7744,0.3944
14.801,1,NAVIGATE,-0.1945,1.3236,-1.9707,0.0043,0.789,1.5586,0.0043,0.889,0.889,0.0,12.0,10.6781,4.805117607116699,1.6572085618972778,25.9,0,1,180,1.799,0.9999,0.8193,0.5926,0.3,0.2458,0.237,0.7828,0.4084
14.851,1,NAVIGATE,-0.1917,1.3543,-1.9716,0.0086,0.7904,1.5576,0.0086,0.8904,0.8904,0.0,12.0,10.6475,4.754133701324463,1.612212061882019,26.65,0,1,180,1.817,1.0,0.8379,0.5936,0.3,0.2514,0.2374,0.7888,0.4189
14.901,1,NAVIGATE,-0.1872,1.3866,-1.972,0.0117,0.7945,1.5565,0.0117,0.8945,0.8946,0.0,12.0,10.6151,4.729483127593994,1.587912678718567,27.15,0,1,180,1.741,1.0,0.848,0.5964,0.3,0.2544,0.2386,0.793,0.4244
14.952,1,NAVIGATE,-0.1824,1.4255,-1.9727,0.0134,0.8019,1.5553,0.0134,0.9019,0.902,0.0,12.0,10.576,4.707065582275391,1.5706766843795776,27.65,0,1,180,1.88,1.0,0.8515,0.6013,0.3,0.2554,0.2405,0.796,0.4262
15.001,1,NAVIGATE,-0.1791,1.4585,-1.9736,0.0138,0.8095,1.5543,0.0138,0.9095,0.9096,0.0,12.0,10.5431,4.653273105621338,1.521074652671814,28.65,0,1,180,1.788,1.0,0.8616,0.6064,0.3,0.2585,0.2426,0.8011,0.4285
15.051,1,NAVIGATE,-0.1765,1.4993,-1.9762,0.0136,0.8194,1.5533,0.0136,0.9194,0.9195,0.0,12.0,10.5022,4.6289472579956055,1.5011703968048096,29.15,0,1,180,1.681,1.0,0.8618,0.613,0.3,0.2585,0.2452,0.8037,0.4293
15.101,1,NAVIGATE,-0.1742,1.5403,-1.9786,0.0133,0.8296,1.5526,0.0133,0.8296,0.8297,0.0,12.0,10.4612,4.605157852172852,1.4812918901443481,29.65,0,1,180,1.867,1.0,0.8666,0.5532,0.3,0.26,0.2213,0.7812,0.4289
15.151,1,NAVIGATE,-0.1717,1.5744,-1.9812,0.0135,0.838,1.5522,0.0135,0.838,0.8381,0.0,12.0,10.427,4.577285289764404,1.457981824874878,30.4,0,1,180,1.765,1.0,0.8568,0.5587,0.3,0.257,0.2235,0.7805,0.4292
15.201,1,NAVIGATE,-0.169,1.6017,-1.9839,0.0141,0.845,1.5519,0.0141,0.845,0.8451,0.0,12.0,10.3997,4.527259826660156,1.4134184122085571,31.4,0,1,180,1.83,1.0,0.8615,0.5634,0.3,0.2584,0.2254,0.7838,0.4321
15.252,1,NAVIGATE,-0.1653,1.6429,-1.9876,0.0152,0.8533,1.5514,0.0152,0.8533,0.8535,0.0,12.0,10.3584,4.50055456161499,1.3918393850326538,31.9,0,1,180,1.734,1.0,0.8652,0.569,0.3,0.2596,0.2276,0.7871,0.431
15.301,1,NAVIGATE,-0.1615,1.6839,-1.9912,0.0164,0.8583,1.5511,0.0164,0.8583,0.8585,0.0,12.0,10.3174,4.471374034881592,1.3702442646026611,32.66,0,1,180,1.647,1.0,0.8697,0.5723,0.3,0.2609,0.2289,0.7898,0.4333
15.351,1,NAVIGATE,-0.1588,1.711,-1.9935,0.0173,0.8602,1.5509,0.0173,0.8602,0.8604,0.0,12.0,10.2902,4.4460649490356445,1.3468917608261108,33.16,0,1,180,1.972,1.0,0.8747,0.5736,0.3,0.2624,0.2294,0.7919,0.4373
15.401,1,NAVIGATE,-0.1545,1.7587,-1.9971,0.0186,0.8622,1.5507,0.0186,0.8622,0.8624,0.0,12.0,10.2425,4.393995761871338,1.3037291765213013,34.41,0,1,180,1.697,1.0,0.8802,0.5749,0.3,0.2641,0.23,0.794,0.4388
15.451,1,NAVIGATE,-0.1488,1.7935,-1.9993,0.0205,0.8635,1.5508,0.0205,0.8635,0.8637,0.0,12.0,10.2076,4.364967346191406,1.277612328529358,35.16,0,1,180,1.686,1.0,0.888,0.5758,0.3,0.2664,0.2303,0.7967,0.4414
15.501,1,NAVIGATE,-0.1418,1.8286,-2.0014,0.0227,0.8649,1.5513,0.0227,0.8649,0.8652,0.0,12.0,10.1724,4.33849573135376,1.258182168006897,35.91,0,1,180,1.669,0.9999,0.8899,0.5767,0.3,0.267,0.2307,0.7976,0.4452
15.551,1,NAVIGATE,-0.1343,1.8708,-2.0033,0.025,0.8668,1.5519,0.025,0.8668,0.8671,0.0,12.0,10.1301,4.285857200622559,1.2165907621383667,37.41,0,1,180,1.65,0.9999,0.8996,0.578,0.3,0.2699,0.2312,0.8011,0.4489
15.601,1,NAVIGATE,-0.128,1.9066,-2.0055,0.0267,0.8688,1.5525,0.0267,0.8688,0.8692,0.0,12.0,10.0943,4.255534648895264,1.1930336952209473,38.16,0,1,180,1.774,0.9998,0.8959,0.5794,0.3,0.2688,0.2317,0.8005,0.4464
15.651,1,NAVIGATE,-0.1221,1.9426,-2.0079,0.0282,0.8711,1.5532,0.0282,0.8711,0.8715,0.0,12.0,10.0581,4.23068904876709,1.174511194229126,39.16,0,1,180,1.744,0.9998,0.8888,0.5809,0.2999,0.2666,0.2324,0.7989,0.4428
15.701,1,NAVIGATE,-0.1166,1.9786,-2.0098,0.0295,0.8735,1.554,0.0295,0.8735,0.874,0.0,12.0,10.022,4.177091121673584,1.1350058317184448,40.91,0,1,180,1.692,0.9998,0.882,0.5825,0.2999,0.2646,0.233,0.7975,0.4394
15.751,1,NAVIGATE,-0.11,2.0205,-2.0126,0.031,0.8757,1.5548,0.031,0.8757,0.8762,0.0,12.0,9.9801,4.147321701049805,1.1122947931289673,41.91,0,1,180,1.736,0.9997,0.877,0.584,0.2999,0.2631,0.2336,0.7966,0.4368
15.801,1,NAVIGATE,-0.1048,2.0551,-2.0148,0.0321,0.8773,1.5552,0.0321,0.8773,0.8778,0.0,12.0,9.9455,4.1196184158325195,1.093042016029358,42.66,0,1,180,1.862,0.9997,0.8763,0.585,0.2999,0.2629,0.234,0.7968,0.4401
15.851,1,NAVIGATE,-0.099,2.0966,-2.0167,0.0333,0.8792,1.5555,0.0333,0.8792,0.8799,0.0,12.0,9.9039,4.0677876472473145,1.0528404712677002,44.67,0,1,180,1.645,0.9996,0.8775,0.5863,0.2999,0.2633,0.2345,0.7977,0.4387
15.901,1,NAVIGATE,-0.0939,2.1377,-2.0173,0.0339,0.8811,1.5555,0.0339,0.8811,0.8817,0.0,12.0,9.8627,4.036764144897461,1.0344382524490356,45.92,0,1,180,1.712,0.9996,0.8722,0.5876,0.2999,0.2617,0.235,0.7966,0.4368
15.951,1,NAVIGATE,-0.0901,2.1721,-2.0173,0.0342,0.8827,1.5558,0.0342,0.8827,0.8834,0.0,12.0,9.8283,4.0096435546875,1.0152662992477417,46.92,0,1,180,1.684,0.9996,0.8794,0.5887,0.2999,0.2638,0.2355,0.7991,0.4365
16.001,1,NAVIGATE,-0.0866,2.2066,-2.0171,0.0346,0.8845,1.5564,0.0346,0.8845,0.8851,0.0,12.0,9.7938,3.9575560092926025,0.9816641807556152,49.42,0,1,180,1.647,0.9995,0.8767,0.5898,0.2999,0.263,0.2359,0.7988,0.4372
16.051,1,NAVIGATE,-0.0828,2.2451,-2.0216,0.0346,0.8851,1.5572,0.0346,0.8851,0.8858,0.0,12.0,9.7553,3.925466299057007,0.9633996486663818,50.67,0,1,180,1.608,0.9995,0.8756,0.5902,0.2999,0.2627,0.2361,0.7986,0.4391
16.101,1,NAVIGATE,-0.0795,2.2842,-2.0252,0.0347,0.8861,1.558,0.0347,0.8861,0.8867,0.0,12.0,9.7162,3.899627923965454,0.9440219402313232,51.92,0,1,180,1.844,0.9995,0.8718,0.5909,0.2999,0.2615,0.2363,0.7977,0.436
16.151,1,NAVIGATE,-0.0768,2.3169,-2.0281,0.0348,0.887,1.5583,0.0348,0.887,0.8877,0.0,12.0,9.6834,3.8458502292633057,0.9132488965988159,54.43,0,1,180,1.75,0.9995,0.8757,0.5915,0.2999,0.2627,0.2366,0.7992,0.4372
16.202,1,NAVIGATE,-0.0743,2.349,-2.0328,0.0348,0.8878,1.5585,0.0348,0.8878,0.8885,0.0,12.0,9.6512,3.8146772384643555,0.8962536454200745,56.18,0,1,180,2.016,0.9995,0.8783,0.592,0.2999,0.2635,0.2368,0.8002,0.4373
16.251,1,NAVIGATE,-0.0714,2.3882,-2.0373,0.0348,0.8891,1.5588,0.0348,0.8891,0.8898,0.0,12.0,9.6121,3.7884044647216797,0.8822268843650818,57.43,0,1,180,1.743,0.9995,0.8784,0.5929,0.2998,0.2635,0.2372,0.8005,0.4374
16.301,1,NAVIGATE,-0.069,2.4215,-2.0398,0.035,0.8905,1.5591,0.035,0.8905,0.8912,0.0,12.0,9.5787,3.733790397644043,0.8552603721618652,60.43,0,1,180,1.714,0.9995,0.883,0.5938,0.2998,0.2649,0.2375,0.8023,0.4393
16.351,1,NAVIGATE,-0.0654,2.4632,-2.0403,0.0356,0.8927,1.5595,0.0356,0.8927,0.8934,0.0,12.0,9.537,3.702314853668213,0.8393248915672302,62.43,0,1,180,1.831,0.9995,0.8788,0.5953,0.2998,0.2636,0.2381,0.8016,0.4383
16.402,1,NAVIGATE,-0.0626,2.4981,-2.0403,0.0362,0.8946,1.5601,0.0362,0.8946,0.8953,0.0,12.0,9.5021,3.674107551574707,0.8296983242034912,63.93,0,1,180,1.989,0.9994,0.8773,0.5965,0.2998,0.2632,0.2386,0.8016,0.4377
16.451,1,NAVIGATE,-0.0611,2.5393,-2.0378,0.0362,0.8967,1.5609,0.0362,0.8967,0.8974,0.0,12.0,9.4609,3.6199560165405273,0.8066489696502686,67.69,0,1,180,1.748,0.9994,0.8769,0.5979,0.2998,0.2631,0.2392,0.8021,0.4398
16.501,1,NAVIGATE,-0.0611,2.5733,-2.0341,0.0358,0.8983,1.5616,0.0358,0.8983,0.899,0.0,12.0,9.4269,3.5892348289489746,0.7965826988220215,69.69,0,1,180,1.698,0.9994,0.8756,0.599,0.2998,0.2627,0.2396,0.8021,0.4399
16.551,1,NAVIGATE,-0.061,2.6076,-2.0306,0.0355,0.9,1.5624,0.0355,0.9,0.9007,0.0,12.0,9.3926,3.5620527267456055,0.787262499332428,71.44,0,1,180,1.712,0.9995,0.8818,0.6001,0.2998,0.2645,0.24,0.8044,0.4414
16.602,1,NAVIGATE,-0.0604,2.6478,-2.0262,0.0353,0.9017,1.5632,0.0353,0.9017,0.9024,0.0,12.0,9.3524,3.5335981845855713,0.7804747819900513,73.44,0,1,180,1.991,0.9995,0.8841,0.6013,0.2998,0.2652,0.2405,0.8056,0.4409
16.651,1,NAVIGATE,-0.0595,2.6807,-2.0226,0.0353,0.9029,1.564,0.0353,0.9029,0.9036,0.0,12.0,9.3195,3.4746522903442383,0.7666190266609192,77.7,0,1,180,1.749,0.9995,0.882,0.6021,0.2998,0.2646,0.2408,0.8053,0.438
16.701,1,NAVIGATE,-0.0585,2.7141,-2.0192,0.0353,0.9043,1.5646,0.0353,0.9043,0.9049,0.0,12.0,9.2861,3.446699857711792,0.7618231177330017,-79.7,0,1,180,1.682,0.9995,0.8844,0.603,0.2998,0.2653,0.2412,0.8063,0.4394
16.751,1,NAVIGATE,-0.0587,2.7542,-2.0152,0.035,0.906,1.5656,0.035,0.906,0.9067,0.0,12.0,9.2459,3.4190263748168945,0.7572615146636963,-81.45,0,1,180,1.628,0.9995,0.8781,0.6042,0.2998,0.2634,0.2417,0.8049,0.4166
16.801,1,NAVIGATE,-0.06,2.7945,-2.0113,0.0344,0.908,1.5662,-0.0656,0.908,0.9104,0.0,12.0,9.2057,3.3604297637939453,0.7496142387390137,-86.2,0,1,180,1.723,0.9969,0.8606,0.605,0.2991,0.2582,0.242,0.7993,0.4312
16.851,1,NAVIGATE,-0.0607,2.8286,-2.0084,0.0341,0.9097,1.5666,-0.0659,0.9097,0.9121,0.0,12.0,9.1716,3.332366943359375,0.7464088797569275,-86.46,0,1,180,1.805,0.9969,0.8701,0.6062,0.2991,0.261,0.2425,0.8026,0.4335
16.902,1,NAVIGATE,-0.0644,2.8676,-2.0001,0.0328,0.9111,1.5668,0.0328,0.8111,0.8118,0.0,12.0,9.1326,3.3049089908599854,0.7449609041213989,-90.21,0,1,180,1.991,0.9994,0.8801,0.5409,0.2998,0.264,0.2164,0.7802,0.4392
16.951,1,NAVIGATE,-0.0674,2.9003,-1.9933,0.03,0.9123,1.5668,0.03,0.8123,0.8129,0.0,12.0,9.0999,3.2428548336029053,0.7432364821434021,-91.71,0,1,180,1.73,0.9996,0.897,0.5417,0.2999,0.2691,0.2167,0.7857,0.4407
17.001,1,NAVIGATE,-0.0701,2.9336,-1.9874,0.0253,0.9143,1.5667,0.0253,0.8143,0.8147,0.0,12.0,9.0667,3.215890884399414,0.742220938205719,-91.46,0,1,180,1.869,0.9997,0.9064,0.543,0.2999,0.2719,0.2172,0.789,0.4426
17.051,1,NAVIGATE,-0.0724,2.9763,-1.9841,0.0198,0.9151,1.5667,0.0198,0.8151,0.8154,0.0,12.0,9.024,3.18790340423584,0.7424167394638062,-92.46,0,1,180,1.724,0.9999,0.9285,0.5435,0.3,0.2786,0.2174,0.7959,0.4487
17.102,1,NAVIGATE,-0.0741,3.0124,-1.9824,0.0164,0.9139,1.5667,0.0164,0.8139,0.8141,0.0,12.0,8.9879,3.126905918121338,0.74092036485672,-91.21,0,1,180,2.071,0.9999,0.9641,0.5427,0.3,0.2892,0.2171,0.8063,0.4092
17.151,1,NAVIGATE,-0.0756,3.0486,-1.981,0.0143,0.9113,1.5665,0.0143,0.8113,0.8114,0.0,12.0,8.9518,3.0987906455993652,0.7414079308509827,-92.71,0,1,180,1.682,1.0,0.9762,0.5409,0.3,0.2928,0.2164,0.8092,0.3912
17.201,1,NAVIGATE,-0.0803,3.0895,-1.9778,0.012,0.9059,1.5664,0.012,0.8059,0.806,0.0,12.0,8.9109,3.072063446044922,0.7422559261322021,-94.21,0,1,180,1.661,1.0,1.0,0.5373,0.3,0.3,0.2149,0.8149,0.3829
17.251,1,NAVIGATE,-0.0837,3.1237,-1.9755,0.011,0.9011,1.5662,0.011,0.8011,0.8011,0.0,12.0,8.8767,3.011685371398926,0.7476102709770203,-98.22,0,1,180,1.691,1.0,1.0,0.5341,0.3,0.3,0.2136,0.8136,0.3396
17.301,1,NAVIGATE,-0.0867,3.1579,-1.9737,0.0106,0.8962,1.5661,0.0106,0.7962,0.7963,0.0,12.0,8.8425,2.9830355644226074,0.7510439157485962,-100.22,0,1,180,1.632,1.0,1.0,0.5309,0.3,0.3,0.2123,0.8123,0.3268
17.351,1,NAVIGATE,-0.0911,3.191,-1.9706,0.0099,0.8907,1.5658,0.0099,0.7907,0.7908,0.0,12.0,8.8094,2.955596685409546,0.7560775279998779,-102.47,0,1,180,1.641,1.0,1.0,0.5272,0.3,0.3,0.2109,0.8109,0.3151
17.401,1,NAVIGATE,-0.0956,3.2309,-1.9676,0.0093,0.8844,1.5653,0.0093,0.7844,0.7845,0.0,12.0,8.7696,2.927957057952881,0.7638030052185059,-104.22,0,1,180,1.698,1.0,1.0,0.523,0.3,0.3,0.2092,0.8092,0.3101
17.451,1,NAVIGATE,-0.0989,3.2642,-1.9656,0.0089,0.8795,1.5649,-0.1911,0.8795,0.9,0.0,12.0,8.7363,2.869877338409424,0.7783560752868652,-108.48,0,1,180,1.728,0.9747,1.0,0.5849,0.2924,0.3,0.2339,0.8264,0.4239
17.501,1,NAVIGATE,-0.1,3.2943,-1.9639,0.0093,0.8737,1.5646,-0.1907,0.8737,0.8943,0.0,12.0,8.7063,2.841376543045044,0.7866840362548828,-110.23,0,1,180,1.642,0.9745,1.0,0.581,0.2923,0.3,0.2324,0.8247,0.4194
17.551,1,NAVIGATE,-0.1011,3.3308,-1.9626,0.0105,0.8666,1.5642,-0.1895,0.8666,0.8871,0.0,12.0,8.6698,2.813636302947998,0.7956264019012451,-112.23,0,1,180,1.769,0.9744,1.0,0.5762,0.2923,0.3,0.2305,0.8228,0.4171
17.601,1,NAVIGATE,-0.1016,3.3613,-1.9628,0.0083,0.8629,1.5637,-0.1917,0.8629,0.884,0.0,12.0,8.6393,2.7819464206695557,0.8082020282745361,-114.23,0,1,180,1.833,0.9736,1.0,0.5738,0.2921,0.3,0.2295,0.8216,0.4122
17.651,1,NAVIGATE,-0.1013,3.3906,-1.9665,0.0026,0.8605,1.5632,-0.1974,0.8605,0.8828,0.0,12.0,8.61,2.72874116897583,0.8304769396781921,-117.48,0,1,180,1.722,0.972,1.0,0.572,0.2916,0.3,0.2288,0.8204,0.3988
17.701,1,NAVIGATE,-0.1014,3.4265,-1.9707,-0.0085,0.8596,1.5626,-0.2085,0.8596,0.8845,0.0,12.0,8.5741,2.702072858810425,0.8463735580444336,-119.24,0,1,180,1.646,0.969,1.0,0.5714,0.2907,0.3,0.2286,0.8193,0.3978
17.751,1,NAVIGATE,-0.1024,3.4623,-1.9749,-0.0226,0.8599,1.5622,-0.1226,0.7599,0.7697,0.0,12.0,8.5383,2.6442883014678955,0.8749428391456604,-122.49,0,1,180,1.747,0.9853,1.0,0.5056,0.2956,0.3,0.2022,0.7978,0.336
17.801,1,NAVIGATE,-0.1042,3.4912,-1.9789,-0.0353,0.8602,1.5622,-0.1353,0.7602,0.7721,0.0,12.0,8.5094,2.617476463317871,0.8890299201011658,-123.99,0,1,180,1.644,0.9823,1.0,0.5056,0.2947,0.3,0.2023,0.7969,0.345
17.851,1,NAVIGATE,-0.1068,3.527,-1.9831,-0.0512,0.8613,1.5624,-0.1512,0.7613,0.7762,0.0,12.0,8.4737,2.5897226333618164,0.9069326519966125,-125.24,0,1,180,1.614,0.9783,1.0,0.5062,0.2935,0.3,0.2025,0.796,0.3636
17.901,1,NAVIGATE,-0.1116,3.5639,-1.985,-0.0652,0.86,1.5626,-0.1652,0.76,0.7777,0.0,12.0,8.4368,2.5325427055358887,0.94350266456604,-128.24,0,1,180,1.593,0.9743,1.0,0.5051,0.2923,0.3,0.2021,0.7943,0.3714
17.951,1,NAVIGATE,-0.117,3.5955,-1.9851,-0.0748,0.8568,1.5626,-0.1748,0.7568,0.7768,0.0,12.0,8.4054,2.505784034729004,0.9617058634757996,-129.24,0,1,180,1.645,0.9711,1.0,0.5029,0.2913,0.3,0.2012,0.7925,0.3879
18.001,1,NAVIGATE,-0.1235,3.6336,-1.9852,-0.0837,0.8515,1.5623,-0.1837,0.7515,0.7736,0.0,12.0,8.3673,2.477205514907837,0.9802887439727783,-130.5,0,1,180,1.858,0.9678,1.0,0.4991,0.2903,0.3,0.1996,0.79,0.4067
18.052,1,NAVIGATE,-0.1269,3.6583,-1.9838,-0.0882,0.8469,1.5622,-0.1882,0.7469,0.7703,0.0,12.0,8.3427,2.4210119247436523,1.023691177368164,133.0,0,1,180,1.732,0.9659,1.0,0.496,0.2898,0.3,0.1984,0.7882,0.4017
18.101,1,NAVIGATE,-0.1317,3.6952,-1.9813,-0.0938,0.8398,1.5619,-0.1938,0.7398,0.7647,0.0,12.0,8.3059,2.3954336643218994,1.0420119762420654,134.25,0,1,180,1.641,0.9632,1.0,0.4911,0.289,0.3,0.1964,0.7854,0.4161
18.151,1,NAVIGATE,-0.1366,3.7323,-1.9792,-0.0992,0.8327,1.5616,-0.1992,0.7327,0.7593,0.0,12.0,8.2688,2.3676843643188477,1.064244270324707,135.0,0,1,180,1.609,0.9605,1.0,0.4862,0.2882,0.3,0.1945,0.7826,0.4089
18.201,1,NAVIGATE,-0.1366,3.7626,-1.9778,-0.1024,0.8271,1.5611,-0.2024,0.7271,0.7547,0.0,12.0,8.2385,2.338444232940674,1.0974572896957397,-135.0,0,1,180,1.892,0.9588,0.9987,0.4824,0.2876,0.2996,0.193,0.7802,0.3966
18.251,1,NAVIGATE,-0.1362,3.793,-1.9766,-0.1057,0.8217,1.5603,-0.2057,0.7217,0.7505,0.0,12.0,8.2082,2.2858216762542725,1.173038363456726,-135.0,0,1,180,1.672,0.957,0.959,0.4788,0.2871,0.2877,0.1915,0.7663,0.3983
18.302,1,NAVIGATE,-0.1366,3.8296,-1.9755,-0.1106,0.8157,1.5592,-0.2106,0.8157,0.8424,0.0,12.0,8.1716,2.2602429389953613,1.207807183265686,-135.0,0,1,180,2.052,0.9639,1.0,0.5413,0.2892,0.3,0.2165,0.8057,0.3644
18.352,1,NAVIGATE,-0.1402,3.8629,-1.9792,-0.1163,0.8119,1.5583,-0.2163,0.8119,0.8402,0.0,12.0,8.1383,2.229595422744751,1.2494885921478271,-135.0,0,1,180,1.943,0.9617,0.9775,0.5387,0.2885,0.2932,0.2155,0.7972,0.3834
18.401,1,NAVIGATE,-0.1442,3.8961,-1.9826,-0.1224,0.8076,1.5574,-0.2224,0.8076,0.8377,0.0,12.0,8.1052,2.1799275875091553,1.322889804840088,-135.0,0,1,180,1.646,0.9592,0.9378,0.5357,0.2878,0.2814,0.2143,0.7834,0.3988
18.451,1,NAVIGATE,-0.1494,3.9357,-1.9863,-0.13,0.8049,1.5564,-0.23,0.8049,0.8371,0.0,12.0,8.0657,2.15346622467041,1.3591810464859009,-135.0,0,1,180,1.708,0.9563,0.9043,0.5336,0.2869,0.2713,0.2135,0.7716,0.4143
18.501,1,NAVIGATE,-0.152,3.9689,-1.9878,-0.1355,0.8049,1.5558,-0.2355,0.8049,0.8386,0.0,12.0,8.0326,2.124338388442993,1.4015564918518066,-135.0,0,1,180,1.824,0.9543,0.8747,0.5335,0.2863,0.2624,0.2134,0.7621,0.4074
18.551,1,NAVIGATE,-0.1552,4.002,-1.9892,-0.141,0.8061,1.5555,-0.241,0.8061,0.8413,0.0,12.0,7.9995,2.1001782417297363,1.4356380701065063,-135.0,0,1,180,1.839,0.9524,0.8508,0.5342,0.2857,0.2552,0.2137,0.7546,0.4011
18.601,1,NAVIGATE,-0.1589,4.0352,-1.9903,-0.1465,0.8079,1.5554,-0.1465,0.6079,0.6253,0.0,12.0,7.9664,2.0485472679138184,1.5080848932266235,-135.0,0,1,180,1.75,0.9673,1.0,0.4032,0.2902,0.3,0.1613,0.7515,0.3446
18.652,1,NAVIGATE,-0.1599,4.0779,-1.9907,-0.1521,0.8114,1.5553,-0.1521,0.6114,0.6301,0.0,12.0,7.9237,2.0200252532958984,1.5494402647018433,-135.0,0,1,180,1.96,0.9653,0.9848,0.4055,0.2896,0.2955,0.1622,0.7473,0.3417
18.701,1,NAVIGATE,-0.161,4.1138,-1.9908,-0.1573,0.8156,1.5554,-0.1573,0.6156,0.6353,0.0,12.0,7.8879,1.9949511289596558,1.586188554763794,-135.0,0,1,180,1.691,0.9636,0.9625,0.4081,0.2891,0.2888,0.1633,0.7411,0.3399
18.751,1,NAVIGATE,-0.1639,4.1571,-1.9917,-0.1623,0.8155,1.5554,-0.2623,0.8155,0.8567,0.0,12.0,7.8446,1.9454455375671387,1.5777140855789185,50.67,0,1,180,1.709,0.9454,0.785,0.5399,0.2836,0.2355,0.216,0.7351,0.3877
18.801,1,NAVIGATE,-0.1688,4.1953,-1.9955,-0.1653,0.8121,1.5552,-0.1653,0.7121,0.731,0.0,12.0,7.8065,1.9186618328094482,1.5538020133972168,50.17,0,1,180,1.652,0.969,0.8542,0.4722,0.2907,0.2563,0.1889,0.7358,0.2689
18.851,1,NAVIGATE,-0.1751,4.2401,-1.9996,-0.1668,0.8027,1.5548,-0.1668,0.7027,0.7223,0.0,12.0,7.7619,1.8938740491867065,1.5337657928466797,50.67,0,1,180,1.798,0.9675,0.8381,0.4659,0.2903,0.2514,0.1863,0.728,0.2788
18.901,1,NAVIGATE,-0.1813,4.2764,-2.0025,-0.169,0.7973,1.5543,-0.269,0.7973,0.8415,0.0,12.0,7.7258,1.8444950580596924,1.4921096563339233,51.67,0,1,180,1.637,0.9398,0.7467,0.5272,0.2819,0.224,0.2109,0.7168,0.373
18.951,1,NAVIGATE,-0.1917,4.3188,-2.0046,-0.1723,0.7917,1.5537,-0.2723,0.7917,0.8373,0.0,12.0,7.6836,1.8186893463134766,1.469969630241394,52.92,0,1,180,1.766,0.9372,0.7446,0.5231,0.2812,0.2234,0.2092,0.7138,0.373
19.001,1,NAVIGATE,-0.2003,4.3535,-2.006,-0.1744,0.7873,1.553,-0.2744,0.7873,0.8338,0.0,12.0,7.6491,1.7947911024093628,1.4502112865447998,52.92,0,1,180,1.878,0.9354,0.7328,0.5199,0.2806,0.2199,0.208,0.7084,0.3665
19.051,1,NAVIGATE,-0.2088,4.3879,-2.0069,-0.1774,0.7852,1.5523,-0.2774,0.7852,0.8327,0.0,12.0,7.615,1.7720998525619507,1.4308013916015625,54.18,0,1,180,1.761,0.9334,0.7217,0.5182,0.28,0.2165,0.2073,0.7038,0.3608
19.101,1,NAVIGATE,-0.2175,4.4224,-2.0066,-0.1816,0.785,1.5518,-0.2816,0.785,0.8339,0.0,12.0,7.5807,1.724393606185913,1.3881558179855347,55.43,0,1,180,1.68,0.9312,0.7451,0.5177,0.2794,0.2235,0.2071,0.71,0.3639
19.151,1,NAVIGATE,-0.2281,4.4634,-2.006,-0.1883,0.7863,1.551,-0.2883,0.7863,0.8375,0.0,12.0,7.54,1.7030742168426514,1.369013786315918,55.68,0,1,180,1.808,0.928,0.7268,0.5182,0.2784,0.2181,0.2073,0.7037,0.3575
19.201,1,NAVIGATE,-0.2376,4.4961,-2.0068,-0.1953,0.7876,1.5503,-0.1953,0.6876,0.7148,0.0,12.0,7.5077,1.678903579711914,1.350199580192566,57.43,0,1,180,1.895,0.9528,0.7677,0.454,0.2858,0.2303,0.1816,0.6978,0.3644
19.251,1,NAVIGATE,-0.2482,4.5269,-2.0094,-0.2032,0.7884,1.5497,-0.2032,0.6884,0.7177,0.0,12.0,7.4773,1.6364014148712158,1.309238314628601,58.18,0,1,180,1.801,0.9491,0.7694,0.4542,0.2847,0.2308,0.1817,0.6972,0.3734
19.301,1,NAVIGATE,-0.261,4.564,-2.0119,-0.2132,0.7898,1.5491,-0.2132,0.6898,0.722,0.0,12.0,7.4406,1.6170769929885864,1.289401650428772,58.93,0,1,180,1.836,0.9445,0.805,0.4546,0.2833,0.2415,0.1819,0.7067,0.3923
19.351,1,NAVIGATE,-0.2745,4.6011,-2.0141,-0.2212,0.7885,1.5485,-0.2212,0.6885,0.7231,0.0,12.0,7.404,1.5979502201080322,1.2724978923797607,58.93,0,1,180,1.732,0.9401,0.8303,0.4532,0.282,0.2491,0.1813,0.7124,0.4092
19.401,1,NAVIGATE,-0.2862,4.6318,-2.0157,-0.2256,0.7851,1.5481,-0.2256,0.6851,0.7213,0.0,12.0,7.3737,1.5576437711715698,1.2333496809005737,59.68,0,1,180,1.718,0.937,0.8327,0.4506,0.2811,0.2498,0.1802,0.7111,0.4117
19.451,1,NAVIGATE,-0.2978,4.6625,-2.0169,-0.2282,0.7804,1.5476,-0.2282,0.6804,0.7177,0.0,12.0,7.3435,1.5407023429870605,1.214069128036499,61.68,0,1,180,1.816,0.9344,0.8287,0.4471,0.2803,0.2486,0.1788,0.7078,0.4089
19.501,1,NAVIGATE,-0.3096,4.6982,-2.0194,-0.2292,0.7736,1.5468,-0.2292,0.7736,0.8068,0.0,12.0,7.3083,1.5245050191879272,1.1969317197799683,63.43,0,1,180,1.768,0.9459,0.7354,0.5088,0.2838,0.2206,0.2035,0.7079,0.3693
19.551,1,NAVIGATE,-0.3186,4.7275,-2.0216,-0.229,0.7674,1.5462,-0.229,0.7674,0.8008,0.0,12.0,7.2795,1.4901553392410278,1.1570535898208618,62.43,0,1,180,1.764,0.9448,0.7435,0.5044,0.2834,0.2231,0.2018,0.7083,0.3731
19.601,1,NAVIGATE,-0.3277,4.7568,-2.0233,-0.2288,0.7608,1.5454,-0.2288,0.7608,0.7945,0.0,12.0,7.2506,1.4741207361221313,1.1410619020462036,63.68,0,1,180,1.726,0.9436,0.7628,0.4998,0.2831,0.2288,0.1999,0.7119,0.3736
19.651,1,NAVIGATE,-0.3387,4.7915,-2.0258,-0.2287,0.7557,1.5443,-0.2287,0.7557,0.7896,0.0,12.0,7.2164,1.4604500532150269,1.1239337921142578,63.68,0,1,180,1.682,0.9425,0.7657,0.4961,0.2827,0.2297,0.1984,0.7109,0.3733
19.701,1,NAVIGATE,-0.3479,4.8205,-2.0276,-0.2289,0.7538,1.5431,-0.2289,0.7538,0.7877,0.0,12.0,7.188,1.4323545694351196,1.0881123542785645,66.94,0,1,180,1.666,0.9417,0.7547,0.4945,0.2825,0.2264,0.1978,0.7067,0.3732
19.751,1,NAVIGATE,-0.359,4.8553,-2.0291,-0.2296,0.7534,1.5412,-0.2296,0.7534,0.7876,0.0,12.0,7.1537,1.4203130006790161,1.0712182521820068,67.44,0,1,180,1.772,0.9407,0.7499,0.4939,0.2822,0.225,0.1976,0.7048,0.3746
19.801,1,NAVIGATE,-0.3711,4.8828,-2.0296,-0.2315,0.7533,1.5395,-0.2315,0.7533,0.788,0.0,12.0,7.1269,1.4112021923065186,1.0543352365493774,68.94,0,1,180,1.662,0.9393,0.7532,0.4935,0.2818,0.226,0.1974,0.7051,0.3764
19.851,1,NAVIGATE,-0.3835,4.9101,-2.0298,-0.2336,0.7534,1.5376,-0.2336,0.7534,0.7888,0.0,12.0,7.1002,1.4004422426223755,1.0388952493667603,70.44,0,1,180,1.805,0.9378,0.7606,0.4931,0.2813,0.2282,0.1972,0.7068,0.3802
19.901,1,NAVIGATE,-0.398,4.9434,-2.0295,-0.236,0.7537,1.5353,-0.236,0.7537,0.7898,0.0,12.0,7.0678,1.3878915309906006,1.0068989992141724,72.19,0,1,180,1.864,0.936,0.7721,0.4928,0.2808,0.2316,0.1971,0.7096,0.3863
19.951,1,NAVIGATE,-0.4127,4.9726,-2.0272,-0.2389,0.7545,1.5333,-0.2389,0.7545,0.7914,0.0,12.0,7.0395,1.3850791454315186,0.9920929074287415,73.69,0,1,180,1.725,0.934,0.7801,0.4928,0.2802,0.234,0.1971,0.7114,0.3884
20.001,1,NAVIGATE,-0.4297,5.0079,-2.0244,-0.2419,0.7553,1.5309,-0.2419,0.7553,0.7931,0.0,12.0,7.0053,1.3874808549880981,0.9769861698150635,73.94,0,1,180,1.709,0.9319,0.7919,0.4927,0.2796,0.2376,0.1971,0.7142,0.3928
20.052,1,NAVIGATE,-0.4433,5.0374,-2.0222,-0.2441,0.7559,1.5287,-0.2441,0.7559,0.7943,0.0,12.0,6.9767,10.74685287475586,0.9481349587440491,74.94,0,1,180,1.894,0.9302,0.7947,0.4926,0.2791,0.2384,0.197,0.7145,0.3922
20.101,1,NAVIGATE,-0.4559,5.0676,-2.0242,-0.2458,0.7568,1.5264,-0.2458,0.7568,0.7957,0.0,12.0,6.9474,10.721637725830078,0.933368444442749,76.95,0,1,180,1.578,0.9288,0.7925,0.4927,0.2786,0.2378,0.1971,0.7135,0.3938
20.151,1,NAVIGATE,-0.4706,5.104,-2.0261,-0.2476,0.7577,1.5236,-0.2476,0.7577,0.7972,0.0,12.0,6.9121,10.697650909423828,0.9199762344360352,77.2,0,1,180,1.854,0.9272,0.7924,0.4927,0.2782,0.2377,0.1971,0.713,0.3982
20.201,1,NAVIGATE,-0.4826,5.1343,-2.0273,-0.2489,0.7585,1.5214,-0.2489,0.7585,0.7983,0.0,12.0,6.8827,10.64664077758789,0.8928004503250122,80.2,0,1,180,1.715,0.9259,0.7911,0.4928,0.2778,0.2373,0.1971,0.7122,0.3963
20.251,1,NAVIGATE,-0.4987,5.1665,-2.0276,-0.2507,0.7579,1.5189,-0.2507,0.7579,0.7983,0.0,12.0,6.8517,10.622864723205566,0.8825997114181519,82.2,0,1,180,1.641,0.924,0.7983,0.4917,0.2772,0.2395,0.1967,0.7134,0.3971
20.301,1,NAVIGATE,-0.5142,5.1993,-2.0275,-0.2524,0.7574,1.5165,-0.2524,0.7574,0.7983,0.0,12.0,6.8201,10.598708152770996,0.8701131343841553,83.7,0,1,180,1.71,0.9222,0.8077,0.4908,0.2767,0.2423,0.1963,0.7153,0.4016
20.351,1,NAVIGATE,-0.5262,5.2275,-2.0253,-0.2535,0.7572,1.5145,-0.2535,0.7572,0.7985,0.0,12.0,6.7929,10.546090126037598,0.8474747538566589,86.96,0,1,180,1.709,0.9208,0.8147,0.4902,0.2763,0.2444,0.1961,0.7168,0.4028
20.401,1,NAVIGATE,-0.537,5.2567,-2.0206,-0.2542,0.7573,1.5127,-0.2542,0.7573,0.7988,0.0,12.0,6.7646,10.521635055541992,0.8361883163452148,86.96,0,1,180,1.849,0.9198,0.8072,0.4898,0.2759,0.2422,0.1959,0.714,0.4001
20.451,1,NAVIGATE,-0.5499,5.292,-2.0154,-0.255,0.7576,1.5105,-0.255,0.7576,0.7994,0.0,12.0,6.7305,10.497846603393555,0.8261072039604187,87.21,0,1,180,1.869,0.9185,0.8036,0.4895,0.2756,0.2411,0.1958,0.7124,0.4006
20.501,1,NAVIGATE,-0.5596,5.3216,-2.0108,-0.2553,0.7579,1.5084,-0.2553,0.7579,0.7997,0.0,12.0,6.7018,10.44522762298584,0.8070552349090576,90.46,0,1,180,1.789,0.9177,0.7921,0.4893,0.2753,0.2376,0.1957,0.7086,0.3773
20.551,1,NAVIGATE,-0.5679,5.3514,-2.0057,-0.2551,0.7582,1.5063,-0.2551,0.7582,0.7999,0.0,12.0,6.6728,10.421561241149902,0.7998543977737427,91.71,0,1,180,1.726,0.9172,0.7875,0.4891,0.2752,0.2363,0.1957,0.7071,0.3514
20.601,1,NAVIGATE,-0.5782,5.3873,-2.0005,-0.2551,0.7586,1.5036,-0.2551,0.7586,0.8003,0.0,12.0,6.6379,10.397390365600586,0.790124237537384,94.46,0,1,180,1.72,0.9165,0.789,0.489,0.2749,0.2367,0.1956,0.7072,0.3273
20.651,1,NAVIGATE,-0.591,5.4239,-1.995,-0.2564,0.7592,1.5009,-0.2564,0.6592,0.7073,0.0,12.0,6.6026,10.344319343566895,0.7765811681747437,96.21,0,1,180,1.671,0.8958,0.8538,0.4224,0.2687,0.2561,0.169,0.6938,0.4233
20.701,1,NAVIGATE,-0.6025,5.4546,-1.9907,-0.258,0.7599,1.4985,-0.258,0.6599,0.7085,0.0,12.0,6.5731,10.319384574890137,0.7712525129318237,99.22,0,1,180,1.726,0.8941,0.8486,0.4223,0.2682,0.2546,0.1689,0.6917,0.422
20.751,1,NAVIGATE,-0.6162,5.4915,-1.9863,-0.2598,0.7611,1.4957,-0.2598,0.6611,0.7103,0.0,12.0,6.5376,10.294944763183594,0.7658290863037109,99.72,0,1,180,1.697,0.8921,0.8446,0.4224,0.2676,0.2534,0.169,0.69,0.4213
20.801,1,NAVIGATE,-0.6261,5.5166,-1.9837,-0.2613,0.7605,1.4938,-0.2613,0.6605,0.7103,0.0,12.0,6.5135,10.267632484436035,0.7612020373344421,100.47,0,1,180,1.679,0.8902,0.8438,0.4215,0.2671,0.2531,0.1686,0.6888,0.4213
20.851,1,NAVIGATE,-0.6386,5.5481,-1.9809,-0.2632,0.7581,1.4915,-0.2632,0.6581,0.7087,0.0,12.0,6.4834,10.218267440795898,0.7521567344665527,103.72,0,1,180,1.762,0.8874,0.8343,0.4193,0.2662,0.2503,0.1677,0.6842,0.4184
20.901,1,NAVIGATE,-0.6533,5.5856,-1.9781,-0.2651,0.7532,1.4889,-0.2651,0.6532,0.7049,0.0,12.0,6.4475,10.194282531738281,0.7484897971153259,105.47,0,1,180,1.627,0.8837,0.8392,0.4153,0.2651,0.2518,0.1661,0.683,0.4179
20.952,1,NAVIGATE,-0.662,5.6162,-1.9761,-0.2653,0.7479,1.4868,-0.2653,0.6479,0.7001,0.0,12.0,6.418,10.16568374633789,0.7466582655906677,107.22,0,1,180,1.859,0.8814,0.8439,0.4114,0.2644,0.2532,0.1645,0.6821,0.4164
21.002,1,NAVIGATE,-0.6688,5.6463,-1.9743,-0.2648,0.7421,1.4849,-0.2648,0.6421,0.6945,0.0,12.0,6.3888,10.142423629760742,0.7459594011306763,110.23,0,1,180,1.969,0.8795,0.845,0.4072,0.2638,0.2535,0.1629,0.6802,0.4158
21.051,1,NAVIGATE,-0.6775,5.682,-1.9726,-0.2643,0.735,1.4824,-0.2643,0.635,0.6879,0.0,12.0,6.3542,10.094598770141602,0.7428280115127563,112.48,0,1,180,1.622,0.877,0.8303,0.4022,0.2631,0.2491,0.1609,0.673,0.3978
21.101,1,NAVIGATE,-0.6859,5.7124,-1.9705,-0.2644,0.7295,1.4803,-0.2644,0.6295,0.6828,0.0,12.0,6.3249,10.066801071166992,0.7425726652145386,111.48,0,1,180,1.691,0.8745,0.8246,0.3981,0.2624,0.2474,0.1592,0.669,0.3861
21.151,1,NAVIGATE,-0.6947,5.7427,-1.9685,-0.2648,0.7243,1.4782,-0.2648,0.6243,0.6781,0.0,12.0,6.2957,10.043400764465332,0.7421290874481201,-45.67,0,1,180,1.69,0.8719,0.8163,0.3942,0.2616,0.2449,0.1577,0.6642,0.3795
21.201,1,NAVIGATE,-0.7055,5.7786,-1.9667,-0.2654,0.7181,1.4758,-0.1654,0.6181,0.6398,0.0,12.0,6.2612,9.996591567993164,0.7249360084533691,-49.17,0,1,180,1.644,0.9307,0.7368,0.397,0.2792,0.221,0.1588,0.6591,0.3491
21.251,1,NAVIGATE,-0.712,5.8105,-1.9653,-0.265,0.7139,1.4739,-0.165,0.6139,0.6357,0.0,12.0,6.2304,9.970815658569336,0.718317449092865,-50.67,0,1,180,1.669,0.9297,0.7367,0.394,0.2789,0.221,0.1576,0.6575,0.3348
21.301,1,NAVIGATE,-0.7196,5.8486,-1.9641,-0.2649,0.709,1.4717,-0.1649,0.609,0.6309,0.0,12.0,6.1934,9.946389198303223,0.7115926742553711,-51.42,0,1,180,1.724,0.9284,0.7387,0.3905,0.2785,0.2216,0.1562,0.6563,0.3263
21.351,1,NAVIGATE,-0.7264,5.8797,-1.9635,-0.2634,0.7047,1.47,-0.1634,0.6047,0.6264,0.0,12.0,6.1632,9.900901794433594,0.7014691829681396,-56.43,0,1,180,1.621,0.9279,0.7401,0.3875,0.2784,0.222,0.155,0.6554,0.2924
21.401,1,NAVIGATE,-0.7341,5.9111,-1.9693,-0.2605,0.7006,1.4684,-0.1605,0.6006,0.6217,0.0,12.0,6.133,9.876273155212402,0.6966384053230286,-55.93,0,1,180,1.738,0.9283,0.7406,0.3847,0.2785,0.2222,0.1539,0.6545,0.2794
21.451,1,NAVIGATE,-0.7438,5.9483,-1.9773,-0.2552,0.6954,1.4663,-0.1552,0.5954,0.6153,0.0,12.0,6.0973,9.852638244628906,0.6927635669708252,-60.18,0,1,180,1.696,0.9297,0.7462,0.3814,0.2789,0.2239,0.1525,0.6553,0.2723
21.501,1,NAVIGATE,-0.7519,5.9787,-1.9832,-0.2497,0.6908,1.4646,-0.1497,0.5908,0.6094,0.0,12.0,6.0681,9.807698249816895,0.6861829161643982,-58.93,0,1,180,1.674,0.9315,0.7534,0.3784,0.2794,0.226,0.1514,0.6569,0.241
21.551,1,NAVIGATE,-0.7618,6.0116,-1.9867,-0.2425,0.6838,1.4626,-0.1425,0.5838,0.6009,0.0,12.0,6.0367,9.782806396484375,0.684452474117279,-61.68,0,1,180,1.724,0.9338,0.7584,0.3741,0.2801,0.2275,0.1496,0.6573,0.2345
21.601,1,NAVIGATE,-0.77,6.0388,-1.9891,-0.2365,0.6778,1.4609,-0.1365,0.5778,0.5937,0.0,12.0,6.0108,9.760682106018066,0.6827775239944458,-63.18,0,1,180,1.71,0.9358,0.7629,0.3704,0.2807,0.2289,0.1482,0.6578,0.2318
21.651,1,NAVIGATE,-0.7789,6.0709,-1.9909,-0.2292,0.6705,1.4589,-0.1292,0.5705,0.5849,0.0,12.0,5.98,9.71706485748291,0.6809812784194946,-64.68,0,1,180,1.682,0.9382,0.7767,0.3659,0.2815,0.233,0.1463,0.6608,0.2097
21.701,1,NAVIGATE,-0.783,6.0967,-1.9893,-0.2222,0.6639,1.4571,-0.1222,0.5639,0.577,0.0,12.0,5.955,9.693384170532227,0.6809356808662415,-64.18,0,1,180,1.664,0.941,0.7852,0.362,0.2823,0.2356,0.1448,0.6626,0.2053
21.751,1,NAVIGATE,-0.7875,6.1223,-1.9879,-0.2156,0.6574,1.4553,-0.2156,0.5574,0.5977,0.0,12.0,5.9302,9.67254638671875,0.6815809011459351,-69.94,0,1,180,1.652,0.8765,0.8724,0.3492,0.2629,0.2617,0.1397,0.6644,0.2044
21.802,1,NAVIGATE,-0.7941,6.1531,-1.9864,-0.2082,0.65,1.453,-0.2082,0.55,0.5881,0.0,12.0,5.9006,9.64950942993164,0.6816263198852539,-67.19,0,1,180,2.105,0.8791,0.8789,0.3447,0.2637,0.2637,0.1379,0.6653,0.2071
21.851,1,NAVIGATE,-0.7996,6.1738,-1.9856,-0.2033,0.6454,1.4513,-0.0033,0.5454,0.5455,0.0,12.0,5.8808,9.605627059936523,0.6836721301078796,-71.44,0,1,180,1.7,0.9899,0.7379,0.3599,0.297,0.2214,0.144,0.6623,0.2852
21.901,1,NAVIGATE,-0.8078,6.2046,-1.9846,-0.1982,0.6386,1.4487,0.0018,0.5386,0.5386,0.0,12.0,5.8514,9.584961891174316,0.6877930164337158,-73.19,0,1,180,1.73,0.9909,0.7479,0.3558,0.2973,0.2244,0.1423,0.6639,0.2877
21.951,1,NAVIGATE,-0.8146,6.2305,-1.9848,-0.1969,0.633,1.4468,0.0031,0.533,0.533,0.0,12.0,5.8268,9.563321113586426,0.688790500164032,-74.44,0,1,180,1.692,0.991,0.7308,0.3521,0.2973,0.2192,0.1408,0.6574,0.2836
22.001,1,NAVIGATE,-0.8224,6.2631,-1.9894,-0.1936,0.6274,1.4447,0.0064,0.5274,0.5274,0.0,12.0,5.7955,9.519485473632812,0.6957259774208069,-75.95,0,1,180,1.683,0.9915,0.6535,0.3486,0.2975,0.1961,0.1395,0.633,0.2605
22.051,1,NAVIGATE,-0.8301,6.2952,-1.9934,-0.1866,0.6217,1.4428,0.0134,0.5217,0.5218,0.0,12.0,5.7649,9.49975299835205,0.700063169002533,-77.95,0,1,180,1.675,0.993,0.6369,0.3454,0.2979,0.1911,0.1382,0.6271,0.2674
22.101,1,NAVIGATE,-0.8378,6.3216,-1.9963,-0.1784,0.6166,1.4412,0.0216,0.5166,0.517,0.0,12.0,5.7399,9.480230331420898,0.704008162021637,-78.2,0,1,180,1.921,0.9945,0.6274,0.3428,0.2984,0.1882,0.1371,0.6237,0.2756
22.151,1,NAVIGATE,-0.8471,6.3478,-1.9988,-0.1691,0.6111,1.4391,0.0309,0.5111,0.5121,0.0,12.0,5.7153,9.437885284423828,0.7112856507301331,-79.95,0,1,180,1.602,0.9961,0.5847,0.34,0.2988,0.1754,0.136,0.6103,0.2673
22.201,1,NAVIGATE,-0.8558,6.3736,-2.0008,-0.1584,0.6055,1.4371,0.0416,0.5055,0.5072,0.0,12.0,5.6911,9.417726516723633,0.7155349254608154,-81.45,0,1,180,1.7,0.9976,0.5939,0.3373,0.2993,0.1782,0.1349,0.6124,0.2831
22.251,1,NAVIGATE,-0.8651,6.4019,-2.0027,-0.1448,0.5973,1.4345,0.0552,0.4973,0.5004,0.0,12.0,5.6645,9.397819519042969,0.7200399041175842,-82.95,0,1,180,1.792,0.9991,0.624,0.3333,0.2997,0.1872,0.1333,0.6202,0.3114
22.302,1,NAVIGATE,-0.872,6.4236,-2.0038,-0.1333,0.5896,1.4326,0.0667,0.5896,0.5934,0.0,12.0,5.6442,9.378214836120605,0.7264552712440491,-83.2,0,1,180,2.084,0.9991,0.596,0.3952,0.2997,0.1788,0.1581,0.6366,0.1947
22.351,1,NAVIGATE,-0.8783,6.4452,-2.0047,-0.1219,0.5821,1.4308,0.0781,0.3821,0.39,0.0,12.0,5.6238,9.33863639831543,0.7358161807060242,-87.46,0,1,180,1.716,0.999,0.7635,0.2597,0.2997,0.2291,0.1039,0.6326,0.4277
22.401,1,NAVIGATE,-0.8844,6.466,-2.0056,-0.1106,0.5741,1.4291,0.0894,0.3741,0.3846,0.0,12.0,5.6042,9.31876277923584,0.7402052879333496,-86.71,0,1,180,1.723,0.9971,0.8281,0.2557,0.2991,0.2484,0.1023,0.6498,0.4297
22.452,1,NAVIGATE,-0.8915,6.4898,-2.0068,-0.0972,0.568,1.4271,0.1028,0.368,0.3821,0.0,12.0,5.5819,9.299520492553711,0.746822714805603,-86.46,0,1,180,1.908,0.9937,0.8676,0.2531,0.2981,0.2603,0.1012,0.6597,0.4321
22.501,1,NAVIGATE,-0.8966,6.5097,-2.0076,-0.0862,0.561,1.4252,0.1138,0.461,0.4749,0.0,12.0,5.563,9.27950668334961,0.7509359121322632,-88.21,0,1,180,1.797,0.9968,0.7853,0.3156,0.299,0.2356,0.1262,0.6609,0.4149
22.551,1,NAVIGATE,-0.9004,6.531,-2.0081,-0.075,0.5524,1.4234,0.125,0.4524,0.4693,0.0,12.0,5.5426,9.242465019226074,0.7608826160430908,-90.71,0,1,180,1.746,0.9944,0.8209,0.3111,0.2983,0.2463,0.1244,0.669,0.4315
22.601,1,NAVIGATE,-0.9029,6.5585,-2.0085,-0.0611,0.5403,1.4214,0.1389,0.4403,0.4617,0.0,12.0,5.5159,9.226365089416504,0.7655983567237854,-90.96,0,1,180,1.852,0.99,0.9013,0.3047,0.297,0.2704,0.1219,0.6893,0.4573
22.651,1,NAVIGATE,-0.9046,6.5808,-2.0086,-0.0493,0.5309,1.4196,0.1507,0.4309,0.4565,0.0,12.0,5.4941,9.205668449401855,0.7696247100830078,-92.21,0,1,180,1.785,0.9854,0.9311,0.2999,0.2956,0.2793,0.12,0.6949,0.4606
22.701,1,NAVIGATE,-0.9049,6.6039,-2.0071,-0.0371,0.5231,1.4179,0.1629,0.5231,0.5479,0.0,12.0,5.4715,9.169681549072266,0.7808884978294373,-93.96,0,1,180,1.704,0.9908,0.855,0.3619,0.2972,0.2565,0.1448,0.6985,0.4255
22.751,1,NAVIGATE,-0.9041,6.6317,-2.0042,-0.0223,0.5151,1.4158,0.1777,0.5151,0.5449,0.0,12.0,5.4439,9.153068542480469,0.7855453491210938,-95.21,0,1,180,1.794,0.9864,0.949,0.3583,0.2959,0.2847,0.1433,0.7239,0.4734
22.801,1,NAVIGATE,-0.9029,6.6587,-2.0016,-0.0075,0.5078,1.4139,0.1925,0.5078,0.5431,0.0,12.0,5.4171,9.133891105651855,0.7898384928703308,-96.21,0,1,180,1.858,0.9811,0.9874,0.3552,0.2943,0.2962,0.1421,0.7326,0.4845
22.851,1,NAVIGATE,-0.9008,6.6766,-2.0007,0.0028,0.5046,1.4127,0.2028,0.5046,0.5438,0.0,12.0,5.3991,9.099982261657715,0.7994121313095093,-97.72,0,1,180,1.728,0.9771,1.0,0.3543,0.2931,0.3,0.1417,0.7348,0.4933
22.901,1,NAVIGATE,-0.8971,6.703,-1.9997,0.0182,0.5021,1.411,0.2182,0.6021,0.6404,0.0,12.0,5.3724,9.082642555236816,0.8025504946708679,-99.72,0,1,180,1.829,0.9839,0.9493,0.42,0.2952,0.2848,0.168,0.748,0.4691
22.951,1,NAVIGATE,-0.893,6.729,-1.9987,0.0333,0.501,1.4093,0.2333,0.601,0.6447,0.0,12.0,5.3461,9.064245223999023,0.808078944683075,-97.47,0,1,180,1.717,0.9796,0.9972,0.421,0.2939,0.2992,0.1684,0.7615,0.4901
23.001,1,NAVIGATE,-0.8875,6.7528,-2.0002,0.0466,0.5019,1.408,0.2466,0.6019,0.6505,0.0,12.0,5.3218,9.030814170837402,0.8157617449760437,-100.47,0,1,180,1.861,0.9756,1.0,0.4231,0.2927,0.3,0.1692,0.7619,0.5086
23.051,1,NAVIGATE,-0.8804,6.7815,-2.0023,0.0625,0.5061,1.4066,0.2625,0.7061,0.7533,0.0,12.0,5.2923,9.015323638916016,0.8196321725845337,-100.22,0,1,180,1.785,0.9822,0.9538,0.4933,0.2947,0.2862,0.1973,0.7781,0.471
23.101,1,NAVIGATE,-0.8743,6.8051,-2.0038,0.0756,0.5112,1.4056,0.2756,0.7112,0.7628,0.0,12.0,5.268,8.995635986328125,0.8248522877693176,-101.47,0,1,180,1.737,0.9795,0.9773,0.4981,0.2938,0.2932,0.1992,0.7862,0.4898
23.152,1,NAVIGATE,-0.8632,6.8282,-2.0053,0.0904,0.5166,1.4047,0.2904,0.7166,0.7732,0.0,12.0,5.2434,8.979398727416992,0.8280259370803833,-102.97,0,1,180,1.923,0.976,0.9937,0.5031,0.2928,0.2981,0.2012,0.7921,0.4974
23.201,1,NAVIGATE,-0.8525,6.8512,-2.0066,0.1048,0.5241,1.4039,0.3048,0.7241,0.7856,0.0,12.0,5.2189,8.945456504821777,0.8362461924552917,-104.72,0,1,180,1.693,0.9727,0.9857,0.5094,0.2918,0.2957,0.2038,0.7913,0.493
23.252,1,NAVIGATE,-0.842,6.8744,-2.0075,0.119,0.5336,1.4032,0.319,0.7336,0.7999,0.0,12.0,5.1943,8.929394721984863,0.8401072025299072,-105.72,0,1,180,2.481,0.9696,1.0,0.517,0.2909,0.3,0.2068,0.7977,0.5028
23.301,1,NAVIGATE,-0.8348,6.8991,-2.01,0.1314,0.5447,1.4025,0.3314,0.7447,0.8151,0.0,12.0,5.1688,8.912593841552734,0.8452051877975464,-106.47,0,1,180,1.71,0.9673,1.0,0.5256,0.2902,0.3,0.2103,0.8004,0.4614
23.352,1,NAVIGATE,-0.828,6.9242,-2.0124,0.1433,0.5567,1.4025,0.3433,0.7567,0.831,0.0,12.0,5.1429,8.895214080810547,0.8486021161079407,-107.72,0,1,180,2.153,0.9653,1.0,0.5348,0.2896,0.3,0.2139,0.8035,0.4204
23.401,1,NAVIGATE,-0.8209,6.9494,-2.0143,0.1551,0.569,1.4026,0.3551,0.769,0.847,0.0,12.0,5.1168,8.860359191894531,0.8581132888793945,-109.73,0,1,180,1.771,0.9634,1.0,0.544,0.289,0.3,0.2176,0.8066,0.37
23.452,1,NAVIGATE,-0.8129,6.9743,-2.0169,0.1672,0.5809,1.4027,0.3672,0.6809,0.7735,0.0,12.0,5.091,8.839655876159668,0.8631605505943298,-108.23,0,1,180,2.024,0.9447,1.0,0.4872,0.2834,0.3,0.1949,0.7783,0.3303
23.501,1,NAVIGATE,-0.8029,7.0044,-2.0197,0.1818,0.5948,1.4026,0.2818,0.6948,0.7498,0.0,12.0,5.0597,8.821372032165527,0.8676730394363403,-110.48,0,1,180,1.689,0.9746,0.959,0.4872,0.2924,0.2877,0.1949,0.775,0.4741
23.551,1,NAVIGATE,-0.7942,7.0297,-2.0215,0.1943,0.6066,1.4021,0.2943,0.8066,0.8586,0.0,12.0,5.0333,8.803301811218262,0.8723185062408447,-110.48,0,1,180,1.826,0.9817,0.8637,0.5619,0.2945,0.2591,0.2248,0.7784,0.4263
23.601,1,NAVIGATE,-0.7849,7.0565,-2.0232,0.207,0.617,1.4016,0.307,0.817,0.8728,0.0,12.0,5.0054,8.76077651977539,0.8825825452804565,-113.23,0,1,180,1.71,0.9797,0.89,0.57,0.2939,0.267,0.228,0.7889,0.4422
23.652,1,NAVIGATE,-0.7753,7.0837,-2.0245,0.2184,0.6252,1.4012,0.3184,0.8252,0.8845,0.0,12.0,4.9771,8.741316795349121,0.8891505599021912,-114.23,0,1,180,1.991,0.9776,0.8806,0.5765,0.2933,0.2642,0.2306,0.7881,0.4392
23.701,1,NAVIGATE,-0.7634,7.1164,-2.0257,0.2301,0.6355,1.4014,0.3301,0.8355,0.8983,0.0,12.0,4.9429,8.720855712890625,0.8944427967071533,-115.73,0,1,180,1.855,0.9756,0.8797,0.5843,0.2927,0.2639,0.2337,0.7903,0.4197
23.751,1,NAVIGATE,-0.7531,7.1428,-2.0225,0.2382,0.6444,1.4018,0.3382,0.8444,0.9096,0.0,12.0,4.9153,8.69788646697998,0.9020001292228699,-116.98,0,1,180,1.733,0.9743,0.9149,0.5909,0.2923,0.2745,0.2363,0.8031,0.4283
23.802,1,NAVIGATE,-0.7447,7.1639,-2.0193,0.2439,0.6521,1.4023,0.3439,0.6521,0.7373,0.0,12.0,4.8931,8.65778636932373,0.9156224727630615,-119.24,0,1,180,2.019,0.9452,1.0,0.4646,0.2836,0.3,0.1858,0.7694,0.3437
23.851,1,NAVIGATE,-0.732,7.196,-2.0148,0.2518,0.6651,1.4033,0.3518,0.6651,0.7524,0.0,12.0,4.8595,8.638073921203613,0.9228772521018982,-120.74,0,1,180,1.771,0.9443,1.0,0.4737,0.2833,0.3,0.1895,0.7728,0.3111
23.901,1,NAVIGATE,-0.7178,7.2216,-2.0094,0.2594,0.6766,1.4047,0.2594,0.5766,0.6322,0.0,12.0,4.832,8.614370346069336,0.9320487976074219,-120.24,0,1,180,1.736,0.9628,0.9796,0.4058,0.2888,0.2939,0.1623,0.745,0.4805
23.952,1,NAVIGATE,-0.703,7.2474,-2.0041,0.2672,0.6842,1.4062,0.2672,0.7842,0.8285,0.0,12.0,4.8043,8.592191696166992,0.9393283724784851,-123.24,0,1,180,2.068,0.9836,0.8213,0.5433,0.2951,0.2464,0.2173,0.7588,0.4104
24.001,1,NAVIGATE,-0.6854,7.2789,-1.9984,0.277,0.689,1.4082,0.277,0.789,0.8362,0.0,12.0,4.7706,8.54697036743164,0.9564040899276733,-122.74,0,1,180,1.678,0.9814,0.8421,0.5471,0.2944,0.2526,0.2188,0.7659,0.417
24.051,1,NAVIGATE,-0.6684,7.3092,-1.9923,0.2846,0.6866,1.4098,0.2846,0.7866,0.8365,0.0,12.0,4.7382,8.520438194274902,0.9666040539741516,-124.99,0,1,180,1.725,0.9789,0.8284,0.5459,0.2937,0.2485,0.2184,0.7606,0.4099
24.101,1,NAVIGATE,-0.6544,7.3344,-1.9878,0.2891,0.6857,1.4111,0.2891,0.7857,0.8372,0.0,12.0,4.7113,8.498067855834961,0.975462019443512,-125.74,0,1,180,1.715,0.9774,0.8621,0.5455,0.2932,0.2586,0.2182,0.77,0.4281
24.152,1,NAVIGATE,-0.638,7.3652,-1.9833,0.2927,0.6874,1.4127,0.2927,0.7874,0.84,0.0,12.0,4.6785,8.453203201293945,0.9954079985618591,-128.49,0,1,180,1.789,0.9761,0.8574,0.5466,0.2928,0.2572,0.2186,0.7687,0.4327
24.201,1,NAVIGATE,-0.6249,7.392,-1.9804,0.2945,0.6911,1.4141,0.2945,0.7911,0.8442,0.0,12.0,4.6502,8.42937183380127,1.0078949928283691,-129.49,0,1,180,1.87,0.9755,0.8525,0.549,0.2927,0.2557,0.2196,0.768,0.4293
24.251,1,NAVIGATE,-0.6119,7.419,-1.978,0.2958,0.6963,1.4156,0.2958,0.7963,0.8495,0.0,12.0,4.6217,8.408235549926758,1.006616234779358,34.41,0,1,180,1.675,0.9753,0.8489,0.5523,0.2926,0.2547,0.2209,0.7682,0.4231
24.301,1,NAVIGATE,-0.5964,7.452,-1.9754,0.2971,0.7037,1.4175,0.2971,0.8037,0.8568,0.0,12.0,4.587,8.362725257873535,0.971603274345398,36.41,0,1,180,1.716,0.9751,0.8526,0.557,0.2925,0.2558,0.2228,0.7711,0.4214
24.351,1,NAVIGATE,-0.5811,7.4863,-1.9726,0.2989,0.7115,1.4195,0.2989,0.8115,0.8648,0.0,12.0,4.5509,8.338447570800781,0.9546871185302734,37.41,0,1,180,1.597,0.9748,0.861,0.562,0.2924,0.2583,0.2248,0.7756,0.423
24.401,1,NAVIGATE,-0.5683,7.5151,-1.9708,0.3005,0.718,1.4209,0.3005,0.818,0.8715,0.0,12.0,4.5207,8.315927505493164,0.9375432133674622,38.41,0,1,180,1.659,0.9746,0.8684,0.5662,0.2924,0.2605,0.2265,0.7794,0.4314
24.451,1,NAVIGATE,-0.5521,7.5509,-1.9675,0.3031,0.7259,1.4228,0.3031,0.8259,0.8797,0.0,12.0,4.4832,8.269092559814453,0.9092938303947449,40.66,0,1,180,1.601,0.9741,0.8475,0.5713,0.2922,0.2543,0.2285,0.775,0.4219
24.501,1,NAVIGATE,-0.5343,7.5886,-1.9621,0.3063,0.734,1.4249,0.3063,0.834,0.8885,0.0,12.0,4.4437,8.241250038146973,0.8921076655387878,41.91,0,1,180,1.528,0.9733,0.8395,0.5765,0.292,0.2518,0.2306,9979.9102,0.4192
24.552,1,NAVIGATE,-0.5226,7.6137,-1.9591,0.3085,0.7392,1.4263,0.3085,0.8392,0.8941,0.0,12.0,4.4174,8.195509910583496,0.8635395169258118,44.42,0,1,180,1.633,0.9728,0.8516,0.5799,0.2918,0.2555,0.232,9980.2788,0.4278
24.601,1,NAVIGATE,-0.507,7.6503,-1.9577,0.3108,0.7466,1.4286,0.3108,0.8466,0.9018,0.0,12.0,4.3791,8.170937538146973,0.850823700428009,45.92,0,1,180,1.526,0.9723,0.8535,0.5846,0.2917,0.256,0.2338,9980.8099,0.4294
24.651,1,NAVIGATE,-0.493,7.6863,-1.959,0.3122,0.7536,1.4312,0.3122,0.8536,0.9089,0.0,12.0,4.3418,8.144742965698242,0.8344204425811768,47.67,0,1,180,1.61,0.9721,0.8581,0.589,0.2916,0.2574,0.2356,9981.3279,0.4295
24.701,1,NAVIGATE,-0.4812,7.7165,-1.9603,0.3134,0.7595,1.4334,0.3134,0.8595,0.9149,0.0,12.0,4.3104,8.120680809020996,0.8213402032852173,48.92,0,1,180,1.739,0.9719,0.8622,0.5928,0.2916,0.2586,0.2371,9981.7589,0.4283
24.752,1,NAVIGATE,-0.4681,7.7465,-1.9611,0.315,0.7657,1.4357,0.115,0.7657,0.7743,0.0,12.0,4.2791,8.070380210876465,0.797677755355835,51.92,0,1,180,1.695,0.9992,0.672,0.5158,0.2998,0.2016,0.2063,9979.6721,0.3371
24.802,1,NAVIGATE,-0.4516,7.7826,-1.962,0.3175,0.7735,1.4387,0.1175,0.7735,0.7823,0.0,12.0,4.2415,8.043505668640137,0.7863028645515442,53.92,0,1,180,1.998,0.999,0.6902,0.5211,0.2997,0.2071,0.2084,9980.2866,0.3443
24.852,1,NAVIGATE,-0.4379,7.8131,-1.9629,0.3204,0.7805,1.441,0.1204,0.7805,0.7898,0.0,12.0,4.2097,8.017749786376953,0.775861918926239,55.43,0,1,180,1.719,0.9988,0.7063,0.5259,0.2996,0.2119,0.2104,9980.8208,0.3507
24.901,1,NAVIGATE,-0.4225,7.851,-1.9633,0.3201,0.787,1.4434,0.1201,0.787,0.7961,0.0,12.0,4.1705,7.967170238494873,0.7574379444122314,58.93,0,1,180,1.696,0.9988,0.7373,0.5301,0.2996,0.2212,0.212,9981.4043,0.3627
24.951,1,NAVIGATE,-0.4077,7.8895,-1.9637,0.3144,0.7909,1.4459,0.1144,0.7909,0.7991,0.0,12.0,4.1306,7.939059734344482,0.7485755085945129,61.18,0,1,180,1.681,0.999,0.748,0.5322,0.2997,0.2244,0.2129,9981.9087,0.3654
25.001,1,NAVIGATE,-0.3956,7.9217,-1.9642,0.3063,0.7925,1.4482,0.1063,0.7925,0.7996,0.0,12.0,4.0974,7.912139415740967,0.7397598624229431,62.93,0,1,180,1.667,0.9993,0.7341,0.5327,0.2998,0.2202,0.2131,9982.2754,0.3624
25.051,1,NAVIGATE,-0.3809,7.9588,-1.961,0.2941,0.7932,1.4512,0.0941,0.7932,0.7988,0.0,12.0,4.0592,7.861008644104004,0.7285229563713074,66.69,0,1,180,1.756,0.9997,0.7478,0.5324,0.2999,0.2244,0.2129,9982.653,0.3719
25.102,1,NAVIGATE,-0.3668,7.996,-1.9584,0.2804,0.7935,1.4545,0.0804,0.7935,0.7976,0.0,12.0,4.0208,7.83256196975708,0.7222096920013428,68.94,0,1,180,2.004,1.0,0.7404,0.5317,0.3,0.2221,0.2127,9983.0149,0.3717
25.151,1,NAVIGATE,-0.3578,8.0209,-1.9571,0.271,0.7938,1.4568,0.171,0.7938,0.812,0.0,12.0,3.9951,7.806903839111328,0.7180428504943848,71.19,0,1,180,1.82,0.9925,0.8068,0.5373,0.2978,0.2421,0.2149,9983.2592,0.3993
25.202,1,NAVIGATE,-0.3459,8.0547,-1.9617,0.2564,0.7928,1.4604,0.1564,0.7928,0.8081,0.0,12.0,3.9604,7.755451202392578,0.7119354009628296,74.94,0,1,180,1.814,0.9942,0.8229,0.5356,0.2983,0.2469,0.2143,9983.5921,0.4015
25.251,1,NAVIGATE,-0.3346,8.0891,-1.966,0.2421,0.7923,1.464,0.1421,0.7923,0.805,0.0,12.0,3.9252,7.727301597595215,0.7078147530555725,77.2,0,1,180,1.691,0.9958,0.8321,0.5344,0.2987,0.2496,0.2137,9983.9386,0.4055
25.301,1,NAVIGATE,-0.326,8.1189,-1.9693,0.2322,0.7927,1.467,0.1322,0.8927,0.9024,0.0,12.0,3.8948,7.701240062713623,0.7078754901885986,79.2,0,1,180,1.889,0.998,0.8287,0.6004,0.2994,0.2486,0.2402,9987.3505,0.4086
25.351,1,NAVIGATE,-0.3176,8.1581,-1.9724,0.2222,0.7945,1.4704,0.1222,0.8945,0.9028,0.0,12.0,3.855,7.649835586547852,0.7089453935623169,82.95,0,1,180,1.692,0.9986,0.8499,0.601,0.2996,0.255,0.2404,9987.8075,0.4164
25.401,1,NAVIGATE,-0.3108,8.1907,-1.9748,0.2159,0.7959,1.4731,0.1159,0.8959,0.9034,0.0,12.0,3.822,7.621817588806152,0.7088927030563354,85.7,0,1,180,1.634,0.9989,0.8601,0.6016,0.2997,0.258,0.2406,9988.1821,0.4206
25.451,1,NAVIGATE,-0.3011,8.2224,-1.9783,0.212,0.7988,1.4755,0.112,0.8988,0.9057,0.0,12.0,3.7896,7.596160411834717,0.7106019854545593,87.71,0,1,180,1.694,0.999,0.8689,0.6032,0.2997,0.2607,0.2413,9988.5871,0.4255
25.501,1,NAVIGATE,-0.2851,8.259,-1.984,0.2098,0.8036,1.4783,0.1098,0.9036,0.9102,0.0,12.0,3.7519,7.5448713302612305,0.7164649963378906,91.71,0,1,180,1.568,0.999,0.8905,0.6062,0.2997,0.2671,0.2425,9989.0984,0.4388
25.551,1,NAVIGATE,-0.2725,8.2899,-1.9881,0.2078,0.8089,1.4804,0.1078,0.9089,0.9153,0.0,12.0,3.7201,7.514335632324219,0.7227715849876404,92.96,0,1,180,1.629,0.999,0.9026,0.6096,0.2997,0.2708,0.2438,9989.5678,0.4441
25.601,1,NAVIGATE,-0.2596,8.328,-1.99,0.2039,0.8163,1.4827,0.1039,0.9163,0.9221,0.0,12.0,3.6811,7.490583419799805,0.7280616164207458,94.71,0,1,180,1.752,0.9991,0.9107,0.6142,0.2997,0.2732,0.2457,9990.1755,0.4485
25.651,1,NAVIGATE,-0.2503,8.3606,-1.9894,0.1993,0.8228,1.4848,0.0993,0.9228,0.9281,0.0,12.0,3.648,7.43874979019165,0.7383329272270203,95.96,0,1,180,1.781,0.9993,0.9319,0.6183,0.2998,0.2796,0.2473,9990.7047,0.4585
25.701,1,NAVIGATE,-0.2397,8.4,-1.9888,0.1932,0.8307,1.4872,0.0932,0.9307,0.9354,0.0,12.0,3.608,7.407310962677002,0.7427637577056885,95.46,0,1,180,1.647,0.9994,0.9397,0.6232,0.2998,0.2819,0.2493,9991.3466,0.463
25.751,1,NAVIGATE,-0.2327,8.435,-1.988,0.1871,0.8382,1.4892,0.0871,0.9382,0.9422,0.0,12.0,3.5725,7.3813323974609375,0.7491670250892639,97.72,0,1,180,1.658,0.9996,0.9448,0.6279,0.2999,0.2834,0.2512,9991.9323,0.4671
25.801,1,NAVIGATE,-0.2249,8.4778,-1.9872,0.1797,0.8472,1.4915,0.0797,0.9472,0.9505,0.0,12.0,3.5294,7.328044891357422,0.7587758898735046,94.21,0,1,180,1.901,0.9998,0.9583,0.6335,0.2999,0.2875,0.2534,9992.6422,0.4746
25.851,1,NAVIGATE,-0.2175,8.5207,-1.9865,0.1724,0.8559,1.4939,0.0724,0.9559,0.9586,0.0,12.0,3.4861,7.29695987701416,0.7641904950141907,94.21,0,1,180,1.622,0.9999,0.9631,0.639,0.3,0.2889,0.2556,9993.3424,0.4803
25.901,1,NAVIGATE,-0.2165,8.5564,-1.9873,0.1646,0.8627,1.4959,0.0646,0.9627,0.9649,0.0,12.0,3.4504,7.269191265106201,0.7691522836685181,95.71,0,1,180,1.66,1.0,0.9722,0.6433,0.3,0.2916,0.2573,9993.9065,0.4829
25.951,1,NAVIGATE,-0.2148,8.5994,-1.9883,0.1559,0.8708,1.4983,0.0559,0.9708,0.9724,0.0,12.0,3.4074,7.21419095993042,0.777316153049469,94.96,0,1,180,1.647,1.0,0.9854,0.6483,0.3,0.2956,0.2593,9994.5675,0.4901
26.002,1,NAVIGATE,-0.2131,8.6353,-1.989,0.149,0.8775,1.5001,0.049,0.9775,0.9787,0.0,12.0,3.3714,7.182729721069336,0.7821101546287537,93.71,0,1,180,2.42,0.9999,0.9894,0.6524,0.3,0.2968,0.261,9995.1056,0.4931
26.051,1,NAVIGATE,-0.2152,8.6758,-1.9905,0.14,0.8844,1.5019,0.04,0.9844,0.9852,0.0,12.0,3.3312,7.12672758102417,0.7899711728096008,94.21,0,1,180,1.71,0.9997,1.0,0.6566,0.2999,0.3,0.2627,9995.6557,0.4991
26.101,1,NAVIGATE,-0.2163,8.7168,-1.9918,0.1316,0.8915,1.5036,0.0316,0.9915,0.992,0.0,12.0,3.2903,7.0987935066223145,0.7933793067932129,94.46,0,1,180,1.781,0.9994,1.0,0.661,0.2998,0.3,0.2644,9996.1742,0.501
26.151,1,NAVIGATE,-0.2177,8.7523,-1.9922,0.1244,0.898,1.5048,0.0244,0.998,0.9983,0.0,12.0,3.255,7.066586494445801,0.7974129915237427,93.96,0,1,180,1.687,0.9991,1.0,0.6649,0.2997,0.3,0.266,9996.5792,0.5034
26.201,1,NAVIGATE,-0.2197,8.7893,-1.9918,0.1169,0.9052,1.5058,0.1169,1.0052,1.012,0.0,12.0,3.2182,7.037858009338379,0.8016394972801208,94.96,0,1,180,1.716,0.9989,1.0,0.6739,0.2997,0.3,0.2696,9997.162,0.5248
26.251,1,NAVIGATE,-0.2215,8.834,-1.9914,0.1082,0.9138,1.507,0.1082,1.0138,1.0195,0.0,12.0,3.1738,6.9802727699279785,0.8084385991096497,94.21,0,1,180,1.636,0.9993,1.0,0.6792,0.2998,0.3,0.2717,9997.9024,0.5293
26.301,1,NAVIGATE,-0.2213,8.8807,-1.9908,0.1002,0.9232,1.5081,0.1002,1.0232,1.0281,0.0,12.0,3.1271,6.946104526519775,0.8108541965484619,95.46,0,1,180,1.9,0.9996,1.0,0.6851,0.2999,0.3,0.2741,9998.5931,0.5313
26.351,1,NAVIGATE,-0.2202,8.9131,-1.9901,0.0965,0.9299,1.5087,0.0965,0.9299,0.9349,0.0,12.0,3.0948,6.917858600616455,0.8143900036811829,93.46,0,1,180,1.816,0.9995,1.0,0.623,0.2998,0.3,0.2492,9996.3838,0.5336
26.401,1,NAVIGATE,-0.2182,8.9615,-1.9892,0.0934,0.9399,1.5094,0.0934,0.9399,0.9445,0.0,12.0,3.0463,6.857722282409668,0.8204256892204285,92.46,0,1,180,1.693,0.9996,1.0,0.6295,0.2999,0.3,0.2518,9997.1707,0.5396
26.451,1,NAVIGATE,-0.2169,9.0091,-1.9879,0.0921,0.9493,1.5097,0.0921,0.9493,0.9538,0.0,12.0,2.9988,6.823911190032959,0.8244123458862305,96.21,0,1,180,1.673,0.9997,1.0,0.6357,0.2999,0.3,0.2543,9997.9058,0.5432
26.502,1,NAVIGATE,-0.2159,9.0485,-1.9866,0.092,0.9546,1.5097,0.092,0.9546,0.959,0.0,12.0,2.9594,6.762335777282715,0.8304141759872437,91.71,0,1,180,1.835,0.9997,1.0,0.6392,0.2999,0.3,0.2557,9998.3942,0.5491
26.552,1,NAVIGATE,-0.2142,9.0957,-1.9854,0.0925,0.9582,1.5095,0.0925,0.9582,0.9627,0.0,12.0,2.9122,6.732513427734375,0.8330786228179932,92.96,0,1,180,1.747,0.9997,1.0,0.6416,0.2999,0.3,0.2567,9998.7646,0.5509
26.601,1,NAVIGATE,-0.2126,9.1399,-1.9843,0.0933,0.9588,1.5089,0.0933,0.9588,0.9633,0.0,12.0,2.868,6.698399543762207,0.836533784866333,93.96,0,1,180,1.629,0.9997,1.0,0.6421,0.2999,0.3,0.2568,9998.7719,0.5558
26.651,1,NAVIGATE,-0.2109,9.1764,-1.9835,0.0938,0.9585,1.5082,0.0938,0.9585,0.9631,0.0,12.0,2.8315,6.636959075927734,0.8432340621948242,91.71,0,1,180,1.657,0.9997,1.0,0.6419,0.2999,0.3,0.2567,9998.5882,0.5621
26.701,1,NAVIGATE,-0.2085,9.2205,-1.9828,0.0943,0.9581,1.5072,0.0943,0.9581,0.9627,0.0,12.0,2.7873,6.606689453125,0.8452788591384888,92.21,0,1,180,1.53,0.9997,1.0,0.6416,0.2999,0.3,0.2566,9998.3459,0.5641
26.751,1,NAVIGATE,-0.211,9.2582,-1.983,0.0927,0.9584,1.5062,0.0927,1.0584,1.0625,0.0,12.0,2.7499,6.572669506072998,0.8498951196670532,92.46,0,1,180,1.537,0.9999,1.0,0.7083,0.3,0.3,0.2833,9999.245,0.5679
26.801,1,NAVIGATE,-0.2128,9.2961,-1.9832,0.0913,0.959,1.5053,0.0913,1.059,1.0629,0.0,12.0,2.7123,6.51171350479126,0.8549729585647583,94.96,0,1,180,1.597,1.0,1.0,0.7086,0.3,0.3,0.2834,9999.0109,0.5724
26.851,1,NAVIGATE,-0.2143,9.3417,-1.9841,0.0897,0.9595,1.5042,0.0897,0.9595,0.9637,0.0,12.0,2.6669,6.479835510253906,0.8590758442878723,94.71,0,1,180,1.663,0.9999,1.0,0.6424,0.3,0.3,0.257,9998.9976,0.575
26.901,1,NAVIGATE,-0.2155,9.3878,-1.9876,0.0885,0.9634,1.5031,0.0885,1.0634,1.0671,0.0,12.0,2.6211,6.4467668533325195,0.8614915013313293,92.21,0,1,180,1.666,1.0,1.0,0.7114,0.3,0.3,0.2846,9998.9663,0.5855
26.951,1,NAVIGATE,-0.2159,9.4187,-1.9896,0.0878,0.9679,1.5023,0.0878,1.0679,1.0715,0.0,12.0,2.5904,6.386005878448486,0.868537425994873,93.46,0,1,180,1.706,1.0,1.0,0.7143,0.3,0.3,0.2857,9999.3805,0.5966
27.001,1,NAVIGATE,-0.2147,9.4722,-1.994,0.0873,0.9738,1.5006,0.0873,0.9738,0.9777,0.0,12.0,2.5369,6.354937553405762,0.8712610006332397,94.71,0,1,180,1.68,1.0,1.0,0.6518,0.3,0.3,0.2607,9999.3476,0.604
27.051,1,NAVIGATE,-0.2116,9.5094,-1.9987,0.088,0.9784,1.4992,0.088,0.9784,0.9824,0.0,12.0,2.4995,6.320631504058838,0.8761360049247742,93.71,0,1,180,1.593,1.0,1.0,0.6549,0.3,0.3,0.262,9998.922,0.6119
27.101,1,NAVIGATE,-0.2084,9.5471,-2.0028,0.0886,0.9844,1.4979,0.0886,0.8844,0.8888,0.0,12.0,2.4617,6.258884906768799,0.8840155005455017,96.96,0,1,180,1.562,0.9999,1.0,0.5925,0.3,0.3,0.237,9998.9277,0.6306
27.151,1,NAVIGATE,-0.2034,9.5934,-2.0079,0.0897,0.9903,1.4962,0.0897,1.0903,1.094,0.0,12.0,2.4152,6.22615385055542,0.8893910050392151,99.47,0,1,180,1.77,1.0,1.0,0.7293,0.3,0.3,0.2917,9999.4951,0.651
27.201,1,NAVIGATE,-0.1966,9.6412,-2.014,0.0913,0.9944,1.4947,0.0913,0.9944,0.9985,0.0,12.0,2.367,6.191558361053467,0.8968582153320312,101.22,0,1,180,1.643,1.0,1.0,0.6657,0.3,0.3,0.2663,9999.1419,0.6648
27.251,1,NAVIGATE,-0.1921,9.6731,-2.0175,0.0922,0.9937,1.4936,0.0922,0.8937,0.8984,0.0,12.0,2.3348,6.159204006195068,0.9057971835136414,103.72,0,1,180,1.628,0.9998,1.0,0.5988,0.2999,0.3,0.2395,9998.9217,0.6678
27.301,1,NAVIGATE,-0.1851,9.7214,-2.0237,0.0935,0.9951,1.4921,0.0935,1.0951,1.0991,0.0,12.0,2.2861,6.09628438949585,0.9230093955993652,106.97,0,1,180,1.771,1.0,1.0,0.7327,0.3,0.3,0.2931,9998.7142,0.7179
27.351,1,NAVIGATE,-0.1773,9.7706,-2.0317,0.0949,0.9968,1.4906,0.0949,1.0968,1.1009,0.0,12.0,2.2365,6.061636924743652,0.9356062412261963,108.98,0,1,180,1.564,1.0,1.0,0.7339,0.3,0.3,0.2936,9999.2206,0.7315
27.401,1,NAVIGATE,-0.1711,9.8114,-2.0373,0.0959,0.9953,1.4895,0.0959,1.0953,1.0995,0.0,12.0,2.1953,6.029903888702393,0.948627233505249,110.98,0,1,180,1.756,1.0,1.0,0.733,0.3,0.3,0.2932,9999.3917,0.7488
27.451,1,NAVIGATE,-0.163,9.8616,-2.0437,0.097,0.9968,1.4883,0.097,1.1968,1.2007,0.0,12.0,2.1446,5.965621471405029,0.9724417328834534,114.48,0,1,180,1.57,1.0,1.0,0.8004,0.3,0.3,0.3202,9999.5045,0.8054
27.501,1,NAVIGATE,-0.1549,9.9123,-2.0491,0.0981,1.0013,1.4874,0.0981,1.2013,1.2053,0.0,12.0,2.0935,5.930875301361084,0.9901714324951172,116.23,0,1,180,1.629,1.0,1.0,0.8035,0.3,0.3,0.3214,9998.9276,0.8262
27.551,1,NAVIGATE,-0.1485,9.9544,-2.0525,0.099,1.0067,1.4869,0.099,1.1067,1.1111,0.0,12.0,2.051,5.868270397186279,1.0239026546478271,119.74,0,1,180,1.649,0.9999,1.0,0.7407,0.3,0.3,0.2963,9998.9997,0.8523
27.601,1,NAVIGATE,-0.1431,10.0006,-2.0554,0.0994,1.0151,1.4863,0.0994,1.1151,1.1195,0.0,12.0,2.0045,5.8373188972473145,1.0407811403274536,121.24,0,1,180,1.602,0.9998,1.0,0.7462,0.3,0.3,0.2985,9999.2525,0.8767
27.651,1,NAVIGATE,-0.1385,10.0397,-2.057,0.0998,1.0249,1.4858,0.0998,1.2249,1.229,0.0,12.0,1.9652,5.800709247589111,1.0601325035095215,122.99,0,1,180,1.514,0.9999,1.0,0.8193,0.3,0.3,0.3277,9999.518,0.911
27.701,1,NAVIGATE,-0.134,10.0793,-2.0578,0.1,1.0343,1.4855,0.1,1.2343,1.2383,0.0,12.0,1.9254,5.736398696899414,1.0979377031326294,125.74,0,1,180,1.488,0.9999,1.0,0.8255,0.3,0.3,0.3302,9999.1373,0.9605
27.751,1,NAVIGATE,-0.1305,10.1263,-2.0561,0.0999,1.0435,1.4857,0.0999,1.1435,1.1478,0.0,12.0,1.8783,5.703644275665283,1.118381381034851,126.99,0,1,180,1.584,0.9998,1.0,0.7651,0.3,0.3,0.306,9999.1186,0.9777
27.801,1,NAVIGATE,-0.1274,10.1661,-2.0543,0.0998,1.0524,1.4861,0.0998,1.1524,1.1567,0.0,12.0,1.8384,5.6658525466918945,1.142749309539795,128.49,0,1,180,1.505,0.9999,1.0,0.771,0.3,0.3,0.3084,9999.3199,1.0081
27.851,1,NAVIGATE,-0.1235,10.2145,-2.0533,0.0997,1.0649,1.4867,0.0997,1.2649,1.2688,0.0,12.0,1.7898,5.599700927734375,1.1852960586547852,131.0,0,1,180,1.575,1.0,1.0,0.8458,0.3,0.3,0.3383,9999.5501,1.0749
27.901,1,NAVIGATE,-0.1188,10.2629,-2.058,0.0997,1.0753,1.4877,0.0997,1.2753,1.2792,0.0,12.0,1.7412,5.5658040046691895,1.2094734907150269,132.0,0,1,180,1.542,1.0,1.0,0.8527,0.3,0.3,0.3411,9999.2539,1.0928
27.951,1,NAVIGATE,-0.115,10.3039,-2.0611,0.0997,1.0828,1.4887,0.0997,1.1828,1.187,0.0,12.0,1.7,5.526792526245117,1.2378103733062744,133.5,0,1,180,1.511,0.9999,1.0,0.7912,0.3,0.3,0.3165,9999.2155,1.1121
28.001,1,NAVIGATE,-0.1107,10.3453,-2.0641,0.1,1.0915,1.4898,0.1,1.1915,1.1957,0.0,12.0,1.6584,5.457705497741699,1.2941482067108154,135.0,0,1,180,1.717,0.9999,1.0,0.797,0.3,0.3,0.3188,9999.3735,1.1734
28.051,1,NAVIGATE,-0.1049,10.3953,-2.0677,0.1005,1.1043,1.4913,0.1005,1.3043,1.3081,0.0,12.0,1.6081,5.42387056350708,1.346537709236145,135.0,0,1,180,1.575,0.9999,1.0,0.872,0.3,0.3,0.3488,9999.3941,1.2118
28.101,1,NAVIGATE,-0.1002,10.4378,-2.0697,0.1008,1.1143,1.4925,0.1008,1.3143,1.3182,0.0,12.0,1.5654,5.3839006423950195,1.3819870948791504,-127.74,0,1,180,1.695,0.9999,1.0,0.8787,0.3,0.3,0.3515,9999.6024,1.1401
28.151,1,NAVIGATE,-0.0949,10.4803,-2.0704,0.1013,1.1224,1.4936,0.1013,1.2224,1.2266,0.0,12.0,1.5226,5.312443256378174,1.4261327981948853,-130.25,0,1,180,1.538,0.9998,1.0,0.8175,0.2999,0.3,0.327,9999.2043,1.3075
28.201,1,NAVIGATE,-0.0877,10.5311,-2.0695,0.1024,1.1329,1.4949,0.1024,1.2329,1.2371,0.0,12.0,1.4715,5.276571750640869,1.447300910949707,-131.25,0,1,180,1.563,0.9997,1.0,0.8245,0.2999,0.3,0.3298,9999.4758,1.2758
28.252,1,NAVIGATE,-0.0807,10.583,-2.068,0.1033,1.1454,1.4963,0.1033,1.1454,1.1501,0.0,12.0,1.4193,5.235230922698975,1.4734824895858765,-132.5,0,1,180,1.772,0.9995,1.0,0.7663,0.2998,0.3,0.3065,9999.1877,1.3418
28.301,1,NAVIGATE,-0.0744,10.6263,-2.0633,0.1043,1.155,1.4974,0.1043,1.155,1.1597,0.0,12.0,1.3757,5.162187576293945,1.521780014038086,-134.75,0,1,180,1.669,0.9994,1.0,0.7726,0.2998,0.3,0.3091,9999.3137,1.3965
28.351,1,NAVIGATE,-0.0665,10.6788,-2.0555,0.1056,1.1654,1.4989,0.1056,1.2654,1.2698,0.0,12.0,1.3229,5.125166416168213,1.565615177154541,-135.0,0,1,180,1.653,0.9995,1.0,0.8461,0.2998,0.3,0.3384,9999.3056,1.0293
28.401,1,NAVIGATE,-0.0602,10.7232,-2.0494,0.1064,1.171,1.5004,0.1064,1.271,1.2755,0.0,12.0,1.2782,5.081420421600342,1.6237287521362305,-135.0,0,1,180,1.593,0.9993,1.0,0.8498,0.2998,0.3,0.3399,9999.5059,0.9699
28.452,1,NAVIGATE,-0.0542,10.7693,-2.0425,0.1069,1.1745,1.502,0.0069,1.2745,1.2745,0.0,12.0,1.2319,5.0444416999816895,1.6743541955947876,-135.0,0,1,180,1.852,0.9993,1.0,0.849,0.2998,0.3,0.3396,9999.2907,0.9244
28.501,1,NAVIGATE,-0.0474,10.8253,-2.0347,0.1075,1.1794,1.5041,0.0075,1.1794,1.1795,0.0,12.0,1.1757,4.9686279296875,1.7795966863632202,-135.0,0,1,180,1.676,0.9994,1.0,0.7859,0.2998,0.3,0.3143,9999.5811,1.1312
28.551,1,NAVIGATE,-0.0419,10.8722,-2.0288,0.1082,1.1848,1.5058,0.0082,1.0848,1.0848,0.0,12.0,1.1286,4.925078392028809,1.8395001888275146,-135.0,0,1,180,1.665,0.9996,1.0,0.7229,0.2999,0.3,0.2892,9999.4173,1.3742
28.601,1,NAVIGATE,-0.0352,10.9279,-2.0175,0.107,1.1928,1.5078,0.007,1.0928,1.0928,0.0,12.0,1.0727,4.886430740356445,1.8927949666976929,-135.0,0,1,180,1.877,0.9997,1.0,0.7283,0.2999,0.3,0.2913,9999.6275,1.3112
28.651,1,NAVIGATE,-0.0298,10.9746,-2.0084,0.104,1.1983,1.5096,0.004,0.9983,0.9983,0.0,12.0,1.0258,4.811362266540527,1.9990686178207397,-135.0,0,1,180,1.694,0.9997,1.0,0.6653,0.2999,0.3,0.2661,9999.5982,1.5172
28.701,1,NAVIGATE,-0.0246,11.0308,-1.9992,0.098,1.2006,1.5122,-0.002,1.0006,1.0006,0.0,12.0,0.9695,4.767663955688477,2.0599782466888428,-135.0,0,1,180,1.649,0.9996,1.0,0.6668,0.2999,0.3,0.2667,9999.5567,1.4662
28.752,1,NAVIGATE,-0.024,11.077,-1.9938,0.0906,1.1996,1.5147,-0.0094,1.0996,1.0996,0.0,12.0,0.9234,4.728087902069092,2.1147301197052,-135.0,0,1,180,1.935,0.9994,1.0,0.7326,0.2998,0.3,0.2931,9999.2844,1.1311
28.801,1,NAVIGATE,-0.0231,11.1325,-1.9883,0.0812,1.1926,1.518,-0.0188,1.0926,1.0928,0.0,12.0,0.8678,4.651285171508789,2.225299119949341,-135.0,0,1,180,1.619,0.999,1.0,0.7278,0.2997,0.3,0.2911,9999.3781,1.0759
28.851,1,NAVIGATE,-0.0217,11.1889,-1.9834,0.0724,1.1822,1.5212,0.0724,0.9822,0.9849,0.0,12.0,0.8114,4.608730792999268,2.287123203277588,-135.0,0,1,180,1.952,0.9989,1.0,0.6559,0.2997,0.3,0.2623,9999.3626,1.3616
28.901,1,NAVIGATE,-0.0199,11.237,-1.9794,0.0658,1.1748,1.5238,0.0658,0.9748,0.977,0.0,12.0,0.7633,4.569555759429932,2.3434324264526367,-135.0,0,1,180,1.765,0.9991,1.0,0.6508,0.2997,0.3,0.2603,9999.3806,1.3467
28.951,1,NAVIGATE,-0.0182,11.2848,-1.976,0.059,1.1691,1.5266,0.059,1.1691,1.1706,0.0,12.0,0.7154,4.494399070739746,2.456066846847534,-135.0,0,1,180,1.639,0.9997,1.0,0.7802,0.2999,0.3,0.3121,9999.2655,0.6871
29.001,1,NAVIGATE,-0.0165,11.3424,-1.973,0.0529,1.161,1.5301,0.0529,1.061,1.0623,0.0,12.0,0.6578,4.451635360717773,2.5206305980682373,-135.0,0,1,180,1.749,0.9997,1.0,0.708,0.2999,0.3,0.2832,9999.2399,0.9688
29.051,1,NAVIGATE,-0.0152,11.3911,-1.9716,0.0499,1.1533,1.5328,0.0499,1.0533,1.0545,0.0,12.0,0.6091,4.414913177490234,2.5770790576934814,-135.0,0,1,180,1.699,0.9998,1.0,0.7028,0.2999,0.3,0.2811,9999.1387,0.9549
29.101,1,NAVIGATE,-0.0137,11.4489,-1.9706,0.0486,1.1489,1.5357,0.0486,0.9489,0.9502,0.0,12.0,0.5513,4.340459823608398,2.6903302669525146,-135.0,0,1,180,1.645,0.9997,1.0,0.6332,0.2999,0.3,0.2533,9999.1314,1.193
29.151,1,NAVIGATE,-0.0125,11.4966,-1.9673,0.0485,1.1464,1.538,0.0485,0.9464,0.9476,0.0,12.0,0.5035,4.298379898071289,2.7538797855377197,-135.0,0,1,180,1.55,0.9997,1.0,0.6315,0.2999,0.3,0.2526,9998.4708,1.159
29.251,1,RETURN_HOME,-0.0096,11.6006,-1.9586,0.0494,1.1385,1.5424,0.2494,1.0385,1.0681,0.0,0.0,11.6006,4.187933921813965,2.919053316116333,-135.0,0,1,180,1.764,-0.9722,1.0,0.356,-0.2916,0.3,0.1424,0.1508,0.7692
29.302,1,RETURN_HOME,-0.0083,11.6474,-1.9554,0.049,1.1312,1.5439,0.249,1.0312,1.0609,0.0,0.0,11.6475,4.147132873535156,2.9801244735717773,-135.0,0,1,180,1.967,-0.9719,1.0,0.3536,-0.2916,0.3,0.1414,0.1499,0.7503
29.351,1,RETURN_HOME,-0.0068,11.703,-1.9513,0.0449,1.1202,1.5398,0.2449,1.0202,1.0492,0.0,0.0,11.703,4.110894203186035,3.0325093269348145,-135.0,0,1,180,1.7,-0.9722,1.0,0.3497,-0.2917,0.3,0.1399,0.1482,0.7437
29.401,1,RETURN_HOME,-0.0055,11.7489,-1.9462,0.0442,1.1152,1.5295,0.2442,1.0152,1.0442,0.0,0.0,11.7489,4.03795862197876,4.03795862197876,2.13,0,1,180,1.608,-0.9721,1.0,0.3481,-0.2916,0.3,0.1392,0.1476,0.683
29.451,1,RETURN_HOME,-0.0021,11.8003,-1.9382,0.0457,1.1125,1.5096,0.2457,1.0125,1.0419,0.0,0.0,11.8003,3.9968066215515137,3.1363277435302734,-135.0,0,1,180,1.691,-0.9718,1.0,0.3473,-0.2915,0.3,0.1389,0.1474,0.6459
29.501,1,RETURN_HOME,0.0015,11.8421,-1.9298,0.0487,1.1127,1.4871,0.2487,1.0127,1.0427,0.0,0.0,11.8421,3.9615938663482666,3.14644455909729,-135.0,0,1,180,1.553,-0.9712,1.0,0.3476,-0.2914,0.3,0.139,0.1477,0.6021
29.551,1,RETURN_HOME,0.005,11.8843,-1.9202,0.0534,1.1144,1.4595,0.2534,1.0144,1.0455,0.0,0.0,11.8843,3.9266154766082764,3.143810272216797,-135.0,0,1,180,1.716,-0.9703,1.0,0.3485,-0.2911,0.3,0.1394,0.1483,0.5553
29.601,1,RETURN_HOME,0.0094,11.9343,-1.9052,0.062,1.1168,1.4204,0.262,0.9168,0.9535,0.0,0.0,11.9343,3.851856231689453,3.1223888397216797,-135.0,0,1,180,1.578,-0.9617,1.0,0.3178,-0.2885,0.3,0.1271,0.1386,0.7762
29.651,1,RETURN_HOME,0.0133,11.9763,-1.8919,0.0716,1.1186,1.3832,0.2716,0.9186,0.9579,0.0,0.0,11.9763,3.8150229454040527,3.102837085723877,-135.0,0,1,180,1.551,-0.9593,1.0,0.3193,-0.2878,0.3,0.1277,0.1399,0.7281
29.701,1,RETURN_HOME,0.0183,12.0272,-1.876,0.0856,1.1199,1.3338,0.2856,0.9199,0.9632,0.0,0.0,12.0272,3.7804503440856934,3.0807080268859863,-135.0,0,1,180,1.619,-0.9555,1.0,0.3211,-0.2866,0.3,0.1284,0.1418,0.673
29.751,1,RETURN_HOME,0.024,12.0808,-1.8622,0.1028,1.1188,1.2793,0.3028,0.9188,0.9674,0.0,0.0,12.0809,3.715388774871826,3.029445171356201,-135.0,0,1,180,1.513,-0.9504,1.0,0.3225,-0.2851,0.3,0.129,0.1439,0.6095
29.801,1,RETURN_HOME,0.0292,12.1255,-1.8509,0.1188,1.1146,1.2302,0.3188,0.9146,0.9686,0.0,0.0,12.1255,3.693650484085083,3.0068657398223877,-135.0,0,1,180,1.599,-0.9451,1.0,0.3229,-0.2835,0.3,0.1291,0.1456,0.5729
29.851,1,RETURN_HOME,0.0352,12.1696,-1.8401,0.1356,1.1076,1.1778,0.3356,0.9076,0.9677,0.0,0.0,12.1696,3.6771364212036133,2.9828500747680664,-135.0,0,1,180,1.599,-0.9389,1.0,0.3226,-0.2817,0.3,0.129,0.1473,0.545
29.901,1,RETURN_HOME,0.0443,12.221,-1.8293,0.1564,1.0959,1.1106,0.3564,0.8959,0.9642,0.0,0.0,12.221,3.6669275760650635,2.944509267807007,-135.0,0,1,180,1.63,-0.9305,1.0,0.3214,-0.2792,0.3,0.1286,0.1494,0.5236
29.951,1,RETURN_HOME,0.0523,12.2635,-1.8202,0.1728,1.0847,1.0511,0.3728,0.8847,0.9601,0.0,0.0,12.2636,3.674609661102295,2.9282214641571045,-135.0,0,1,180,1.6,-0.9232,1.0,0.32,-0.277,0.3,0.128,0.1511,0.5106
30.001,1,RETURN_HOME,0.0622,12.3154,-1.8091,0.1909,1.0711,0.9757,0.3909,0.8711,0.9547,0.0,0.0,12.3156,3.694645881652832,2.9250705242156982,-134.75,0,1,180,1.83,-0.9144,1.0,0.3182,-0.2743,0.3,0.1273,0.153,0.4891
30.051,1,RETURN_HOME,0.0686,12.3513,-1.8015,0.2019,1.0626,0.9229,0.4019,0.8626,0.9517,0.0,0.0,12.3515,3.7841036319732666,2.9784293174743652,-129.49,0,1,180,1.601,-0.9088,1.0,0.3172,-0.2726,0.3,0.1269,0.1542,0.4985
30.101,1,RETURN_HOME,0.0788,12.4043,-1.7902,0.2175,1.0507,0.84,0.4175,0.8507,0.9476,0.0,0.0,12.4046,3.8506476879119873,3.005389928817749,-126.74,0,1,180,1.598,-0.9005,1.0,0.3159,-0.2701,0.3,0.1263,0.1562,0.4691
30.151,1,RETURN_HOME,0.0895,12.4569,-1.7784,0.2327,1.0399,0.7528,0.3327,0.8399,0.9034,0.0,0.0,12.4572,3.9391870498657227,3.0301499366760254,-123.99,0,1,180,1.662,-0.9323,1.0,0.3011,-0.2797,0.3,0.1205,0.1408,0.4658
30.201,1,RETURN_HOME,0.0985,12.5007,-1.7677,0.2456,1.032,0.6767,0.4456,0.832,0.9439,0.0,0.0,12.5011,4.213654041290283,3.084073066711426,-117.48,0,1,180,1.496,-0.8852,1.0,0.3146,-0.2656,0.3,0.1258,0.1603,0.4488
30.251,1,RETURN_HOME,0.1101,12.5525,-1.755,0.2617,1.0231,0.5815,0.3617,0.8231,0.8991,0.0,0.0,12.553,4.401302814483643,3.107644557952881,-114.48,0,1,180,1.61,-0.919,1.0,0.2997,-0.2757,0.3,0.1199,0.1442,0.4314
30.301,1,RETURN_HOME,0.1227,12.5945,-1.7419,0.2752,1.0148,0.499,0.3752,0.8148,0.8971,0.0,0.0,12.5951,4.635346412658691,3.129931926727295,-110.98,0,1,180,1.732,-0.9123,1.0,0.299,-0.2737,0.3,0.1196,0.1459,0.4085
30.351,1,RETURN_HOME,0.1371,12.6358,-1.7275,0.291,1.0065,0.4138,0.391,0.8065,0.8963,0.0,0.0,12.6366,5.374120712280273,3.1767609119415283,-103.72,0,1,180,1.655,-0.9045,1.0,0.2988,-0.2713,0.3,0.1195,0.1482,0.4252
30.401,1,RETURN_HOME,0.1547,12.6848,-1.7111,0.3091,0.9955,0.3078,0.3091,0.7955,0.8535,0.0,0.0,12.6857,5.8954620361328125,3.17976713180542,68.19,0,1,180,1.696,-0.9365,1.0,0.2845,-0.2809,0.3,0.1138,0.1329,0.421
30.451,1,RETURN_HOME,0.1717,12.7315,-1.6978,0.3257,0.9826,0.1978,0.3257,0.7826,0.8476,0.0,0.0,12.7327,6.594670295715332,3.1551172733306885,71.44,0,1,180,1.686,-0.9283,1.0,0.2825,-0.2785,0.3,0.113,0.1345,0.404
30.501,1,RETURN_HOME,0.1859,12.7695,-1.6878,0.3385,0.9709,0.103,0.4385,0.7709,0.8869,0.0,0.0,12.7709,8.555936813354492,3.1073014736175537,79.2,0,1,180,1.734,-0.8763,1.0,0.2956,-0.2629,0.3,0.1183,0.1554,0.4134
30.552,1,RETURN_HOME,0.2005,12.8071,-1.6778,0.349,0.9585,0.0055,0.449,0.7585,0.8814,0.0,0.0,12.8087,8.54394245147705,3.0842652320861816,85.45,0,1,180,1.901,-0.8684,1.0,0.2938,-0.2605,0.3,0.1175,0.157,0.4007
30.601,1,RETURN_HOME,0.2168,12.8524,-1.6649,0.358,0.9427,-0.1148,0.358,0.7427,0.8245,0.0,0.0,12.8543,8.532150268554688,3.0637643337249756,90.46,0,1,180,1.658,-0.908,1.0,0.2748,-0.2724,0.3,0.1099,0.1375,0.4158
30.651,1,RETURN_HOME,0.2302,12.8899,-1.6541,0.3661,0.9291,-0.2178,0.3661,0.7291,0.8158,0.0,0.0,12.8919,8.521048545837402,3.043407917022705,93.21,0,1,180,1.784,-0.9015,1.0,0.2719,-0.2705,0.3,0.1088,0.1383,0.4143
30.701,1,RETURN_HOME,0.2469,12.9341,-1.6414,0.3776,0.9127,-0.3449,0.4776,0.7127,0.858,0.0,0.0,12.9365,8.519962310791016,3.0001773834228516,103.97,0,1,180,1.658,-0.8412,1.0,0.286,-0.2524,0.3,0.1144,0.162,0.4223
30.751,1,RETURN_HOME,0.263,12.9721,-1.628,0.3877,0.8994,-0.4536,0.4877,0.6994,0.8526,0.0,0.0,12.9748,8.590582847595215,2.9804232120513916,109.23,0,1,180,1.711,-0.8317,1.0,0.2842,-0.2495,0.3,0.1137,0.1642,0.4123
30.801,1,RETURN_HOME,0.2826,13.0167,-1.6142,0.3982,0.8806,-0.5854,0.5982,0.6806,0.9061,0.0,0.0,13.0197,8.980460166931152,2.939739942550659,118.48,0,1,180,1.76,-0.7653,1.0,0.302,-0.2296,0.3,0.1208,0.1912,0.472
30.851,1,RETURN_HOME,0.3028,13.0598,-1.6057,0.4096,0.8573,-0.7161,0.6096,0.6573,0.8964,0.0,0.0,13.0633,9.29427719116211,2.9195053577423096,124.24,0,1,180,1.714,-0.7488,1.0,0.2988,-0.2246,0.3,0.1195,0.1949,0.4479
30.901,1,RETURN_HOME,0.3204,13.094,-1.6049,0.4193,0.8349,-0.8227,0.6193,0.6349,0.8869,0.0,0.0,13.0979,9.705850601196289,2.9015016555786133,128.99,0,1,180,1.684,-0.7327,1.0,0.2956,-0.2198,0.3,0.1183,0.1984,0.4585
30.951,1,RETURN_HOME,0.3384,13.1272,-1.6074,0.4302,0.8127,-0.9261,0.6302,0.6127,0.879,0.0,0.0,13.1316,10.983068466186523,2.869983196258545,134.75,0,1,180,1.614,-0.7153,1.0,0.293,-0.2146,0.3,0.1172,0.2026,0.6086
31.001,1,RETURN_HOME,0.3614,13.1656,-1.6127,0.4434,0.7876,-1.0446,0.6434,0.5876,0.8714,0.0,0.0,13.1706,3.842496633529663,2.8770511150360107,135.0,0,1,180,1.763,-0.6943,1.0,0.2905,-0.2083,0.3,0.1162,0.2079,0.6009
31.051,1,RETURN_HOME,0.3826,13.1963,-1.6174,0.454,0.7683,-1.1379,0.654,0.5683,0.8664,0.0,0.0,13.2019,3.7329061031341553,2.904390573501587,135.0,0,1,180,1.604,-0.6776,1.0,0.2888,-0.2033,0.3,0.1155,0.2123,0.607
31.102,1,RETURN_HOME,0.4038,13.2263,-1.6225,0.4639,0.7507,-1.2263,0.6639,0.5507,0.8626,0.0,0.0,13.2325,3.6074540615081787,3.0097992420196533,135.0,0,1,180,1.839,-0.6616,1.0,0.2875,-0.1985,0.3,0.115,0.2165,0.7365
31.151,1,RETURN_HOME,0.4287,13.2618,-1.6297,0.4749,0.7316,-1.3251,0.6749,0.5316,0.8591,0.0,0.0,13.2687,3.5844411849975586,3.0803780555725098,135.0,0,1,180,1.679,-0.6439,1.0,0.2864,-0.1932,0.3,0.1146,0.2214,0.7137
31.201,1,RETURN_HOME,0.4528,13.297,-1.6391,0.4844,0.7154,-1.4163,0.6844,0.5154,0.8568,0.0,0.0,13.3047,3.6036930084228516,3.166337251663208,135.0,0,1,180,1.699,-0.6284,1.0,0.2856,-0.1885,0.3,0.1142,0.2257,0.6895
31.252,1,RETURN_HOME,0.473,13.3258,-1.6465,0.4924,0.7027,-1.4863,0.6924,0.5027,0.8557,0.0,0.0,13.3342,3.6263527870178223,3.265092372894287,135.0,0,1,180,1.909,-0.6159,1.0,0.2852,-0.1848,0.3,0.1141,0.2293,0.6875
31.301,1,RETURN_HOME,0.4936,13.3532,-1.6527,0.5014,0.6901,-1.5511,0.7014,0.4901,0.8557,0.0,0.0,13.3624,3.6703479290008545,3.5157015323638916,135.0,0,1,180,1.619,-0.6026,1.0,0.2852,-0.1808,0.3,0.1141,0.2333,0.8148
31.351,1,RETURN_HOME,0.5191,13.3843,-1.6582,0.5142,0.6744,-1.6219,0.7142,0.4744,0.8574,0.0,0.0,13.3944,3.688157320022583,3.6506564617156982,135.0,0,1,180,1.495,-0.5851,1.0,0.2858,-0.1755,0.3,0.1143,0.2388,0.8697
31.401,1,RETURN_HOME,0.5407,13.4098,-1.6627,0.5251,0.6614,-1.6754,0.7251,0.4614,0.8594,0.0,0.0,13.4207,3.7075397968292236,3.621734380722046,-135.0,0,1,180,1.651,-0.5704,1.0,0.2865,-0.1711,0.3,0.1146,0.2435,0.9702
31.451,1,RETURN_HOME,0.5664,13.4399,-1.666,0.5383,0.6458,-1.7333,0.7383,0.4458,0.8624,0.0,0.0,13.4518,6.532092571258545,3.2884368896484375,-135.0,0,1,180,1.707,-0.5525,1.0,0.2875,-0.1657,0.3,0.115,0.2492,1.2785
31.501,1,RETURN_HOME,0.5923,13.4693,-1.6685,0.5516,0.6302,-1.7842,0.7516,0.4302,0.866,0.0,0.0,13.4824,4.899631500244141,3.1675808429718018,-135.0,0,1,180,1.597,-0.5344,1.0,0.2887,-0.1603,0.3,0.1155,0.2552,1.4293
31.551,1,RETURN_HOME,0.6145,13.4934,-1.671,0.5629,0.6175,-1.8215,0.7629,0.4175,0.8696,0.0,0.0,13.5074,4.148680210113525,2.966837167739868,-135.0,0,1,180,1.574,-0.5195,1.0,0.2899,-0.1558,0.3,0.1159,0.2601,1.7984
31.601,1,RETURN_HOME,0.6415,13.5229,-1.6748,0.5745,0.6052,-1.8601,0.7745,0.4052,0.8741,0.0,0.0,13.5381,4.14990758895874,2.8943872451782227,-135.0,0,1,180,1.564,-0.505,1.0,0.2914,-0.1515,0.3,0.1165,0.265,1.97
31.651,1,RETURN_HOME,0.6691,13.5521,-1.6792,0.5861,0.5938,-1.8921,0.7861,0.3938,0.8792,0.0,0.0,13.5686,4.170546531677246,2.829282760620117,-135.0,0,1,180,1.501,-0.4914,1.0,0.2931,-0.1474,0.3,0.1172,0.2698,2.1322
31.701,1,RETURN_HOME,0.6924,13.576,-1.683,0.5962,0.5841,-1.9139,0.7962,0.3841,0.884,0.0,0.0,13.5937,4.2173357009887695,2.717743396759033,-135.0,0,1,180,1.578,-0.4798,1.0,0.2947,-0.144,0.3,0.1179,0.2739,2.4558
31.751,1,RETURN_HOME,0.7224,13.6053,-1.6911,0.6105,0.5729,-1.9343,0.8105,0.3729,0.8921,0.0,0.0,13.6245,4.244800090789795,2.67409348487854,-135.0,0,1,180,1.542,-0.4655,1.0,0.2974,-0.1397,0.3,0.119,0.2793,2.413
31.801,1,RETURN_HOME,0.7478,13.6292,-1.6977,0.6227,0.563,-1.9464,0.8227,0.363,0.8992,0.0,0.0,13.6497,4.270397663116455,2.636051654815674,-135.0,0,1,180,1.58,-0.4532,1.0,0.2997,-0.136,0.3,0.1199,0.2839,2.3734
31.851,1,RETURN_HOME,0.777,13.6564,-1.7063,0.6361,0.5502,-1.9552,0.8361,0.3502,0.9065,0.0,0.0,13.6785,4.323237895965576,2.5713179111480713,-135.0,0,1,180,1.598,-0.4381,1.0,0.3022,-0.1314,0.3,0.1209,0.2894,2.3102
31.901,1,RETURN_HOME,0.7992,13.6773,-1.7145,0.6452,0.5382,-1.9579,0.8452,0.3382,0.9103,0.0,0.0,13.7006,4.34441614151001,2.547846555709839,-135.0,0,1,180,1.514,-0.425,1.0,0.3034,-0.1275,0.3,0.1214,0.2939,2.2872
31.951,1,RETURN_HOME,0.8268,13.7019,-1.7239,0.6563,0.5237,-1.9557,0.8563,0.3237,0.9154,0.0,0.0,13.7268,4.366608142852783,2.5275282859802246,-135.0,0,1,180,1.598,-0.4093,1.0,0.3051,-0.1228,0.3,0.1221,0.2993,2.2684
32.001,1,RETURN_HOME,0.8503,13.7204,-1.7311,0.6659,0.5093,-1.9494,0.8659,0.3093,0.9195,0.0,0.0,13.7468,4.42240047454834,2.492109775543213,-135.0,0,1,180,1.603,-0.394,1.0,0.3065,-0.1182,0.3,0.1226,0.3044,2.2427
32.051,1,RETURN_HOME,0.8792,13.7396,-1.7397,0.678,0.488,-1.9373,0.878,0.288,0.9241,0.0,0.0,13.7677,4.442143440246582,2.482701539993286,-135.0,0,1,180,1.611,-0.3717,1.0,0.308,-0.1115,0.3,0.1232,0.3117,2.2366
32.101,1,RETURN_HOME,0.909,13.7582,-1.7493,0.6919,0.4664,-1.9209,0.8919,0.2664,0.9309,0.0,0.0,13.7882,4.4662957191467285,2.476935863494873,-135.0,0,1,180,1.657,-0.3487,1.0,0.3103,-0.1046,0.3,0.1241,0.3195,2.239
32.151,1,RETURN_HOME,0.9371,13.7691,-1.7572,0.7065,0.4431,-1.9045,0.9065,0.2431,0.9386,0.0,0.0,13.801,4.5156989097595215,2.4691219329833984,-135.0,0,1,180,1.575,-0.324,1.0,0.3129,-0.0972,0.3,0.1251,0.3279,2.1408
32.201,1,RETURN_HOME,0.9724,13.7806,-1.7691,0.7258,0.414,-1.8824,0.9258,0.214,0.9503,0.0,0.0,13.8149,4.543378829956055,2.471466541290283,-135.0,0,1,180,1.641,-0.2932,1.0,0.3168,-0.088,0.3,0.1267,0.3387,2.0203
32.251,1,RETURN_HOME,1.0023,13.7899,-1.7818,0.7423,0.3907,-1.8623,0.9423,0.1907,0.9614,0.0,0.0,13.8263,4.558101654052734,2.4751288890838623,-135.0,0,1,180,1.589,-0.2689,1.0,0.3205,-0.0807,0.3,0.1282,0.3475,1.9101
32.301,1,RETURN_HOME,1.0417,13.8011,-1.8034,0.7645,0.3655,-1.8369,0.9645,0.1655,0.9786,0.0,0.0,13.8403,4.664615631103516,2.490612268447876,-135.0,0,1,180,1.689,-0.2428,1.0,0.3262,-0.0729,0.3,0.1305,0.3576,1.6722
32.351,1,RETURN_HOME,1.0822,13.812,-1.827,0.7861,0.3432,-1.8107,0.9861,0.1432,0.9964,0.0,0.0,13.8543,4.900646686553955,2.4999804496765137,-135.0,0,1,180,1.621,-0.2206,1.0,0.3321,-0.0662,0.3,0.1329,0.3667,1.6386
32.401,1,RETURN_HOME,1.1231,13.8227,-1.8516,0.8063,0.3234,-1.7846,1.0063,0.1234,1.0138,0.0,0.0,13.8682,5.439833641052246,2.525665521621704,-135.0,0,1,180,1.676,-0.2017,1.0,0.3379,-0.0605,0.3,0.1352,0.3747,1.5389
32.451,1,RETURN_HOME,1.1567,13.832,-1.8749,0.8208,0.3087,-1.7635,1.0208,0.1087,1.0266,0.0,0.0,13.8802,4.17706298828125,2.5418167114257812,-135.0,0,1,180,1.657,-0.1884,1.0,0.3422,-0.0565,0.3,0.1369,0.3804,1.5442
32.501,1,RETURN_HOME,1.1976,13.8428,-1.9013,0.8379,0.2922,-1.7391,1.0379,0.0922,1.042,0.0,0.0,13.8945,4.184054851531982,2.559080123901367,-135.0,0,1,180,1.496,-0.174,1.0,0.3473,-0.0522,0.3,0.1389,0.3867,1.5989
32.551,1,RETURN_HOME,1.2326,13.8517,-1.92,0.8529,0.2794,-1.72,1.0529,0.0794,1.0559,0.0,0.0,13.9065,4.204803466796875,2.5921664237976074,-135.0,0,1,180,1.665,-0.1633,1.0,0.352,-0.049,0.3,0.1408,0.3918,1.5782
32.601,1,RETURN_HOME,1.2757,13.8625,-1.938,0.8728,0.2652,-1.6983,1.0728,0.0652,1.0748,0.0,0.0,13.921,4.215937614440918,2.6093170642852783,-135.0,0,1,180,1.556,-0.1519,1.0,0.3583,-0.0456,0.3,0.1433,0.3977,1.6241
32.651,1,RETURN_HOME,1.3123,13.8712,-1.952,0.8895,0.2533,-1.6817,1.0895,0.0533,1.0908,0.0,0.0,13.9331,4.226288318634033,2.6264634132385254,-135.0,0,1,180,1.633,-0.1427,1.0,0.3636,-0.0428,0.3,0.1454,0.4026,1.6558
32.701,1,RETURN_HOME,1.3559,13.8822,-1.9667,0.9094,0.2401,-1.6635,1.1094,0.0401,1.1101,0.0,0.0,13.9483,4.244886875152588,2.658787965774536,-135.0,0,1,180,1.576,-0.1331,1.0,0.37,-0.0399,0.3,0.148,0.4081,1.651
32.751,1,RETURN_HOME,1.3922,13.8918,-1.9775,0.9257,0.2298,-1.6501,1.1257,0.0298,1.1261,0.0,0.0,13.9613,4.2557573318481445,2.674384117126465,-135.0,0,1,180,1.641,-0.126,1.0,0.3754,-0.0378,0.3,0.1501,0.4123,1.6761
32.801,1,RETURN_HOME,1.4367,13.9028,-1.9895,0.9452,0.2169,-1.6361,1.1452,0.0169,1.1453,0.0,0.0,13.9768,4.263646125793457,2.6874570846557617,-135.0,0,1,180,1.842,-0.1175,1.0,0.3818,-0.0352,0.3,0.1527,0.4175,1.7159
32.851,1,RETURN_HOME,1.4753,13.9132,-1.9982,0.9622,0.2071,-1.6264,1.1622,0.0071,1.1622,0.0,0.0,13.9912,4.282131195068359,2.709653615951538,-135.0,0,1,180,1.549,-0.1115,1.0,0.3874,-0.0334,0.3,0.155,0.4215,1.695
32.901,1,RETURN_HOME,1.5231,13.9262,-2.0075,0.9831,0.1957,-1.6169,1.1831,-0.0043,1.1831,0.0,0.0,14.0092,4.289966106414795,2.7182414531707764,-135.0,0,1,180,1.501,-0.1051,1.0,0.3944,-0.0315,0.3,0.1577,0.4262,1.7185
32.951,1,RETURN_HOME,1.5637,13.9364,-2.0147,1.0002,0.1855,-1.6108,1.2002,-0.0145,1.2003,0.0,0.0,14.0238,4.298682689666748,2.7221336364746094,-135.0,0,1,180,1.616,-0.0995,1.0,0.4001,-0.0298,0.3,0.16,0.4302,1.7277
33.001,1,RETURN_HOME,1.616,13.9489,-2.023,1.0218,0.1722,-1.6055,1.2218,-0.0278,1.2221,0.0,0.0,14.0422,4.31276798248291,2.72784423828125,-135.0,0,1,180,1.697,-0.0925,1.0,0.4074,-0.0277,0.3,0.1629,0.4352,1.7299
33.051,1,RETURN_HOME,1.6605,13.9588,-2.0295,1.0396,0.1605,-1.6027,1.2396,-0.0395,1.2402,0.0,0.0,14.0572,4.320870876312256,2.7263388633728027,-135.0,0,1,180,1.616,-0.0864,1.0,0.4134,-0.0259,0.3,0.1654,0.4394,1.7343
33.101,1,RETURN_HOME,1.7144,13.9695,-2.0369,1.0602,0.1458,-1.6012,1.2602,-0.0542,1.2614,0.0,0.0,14.0743,4.32800817489624,2.724440097808838,-135.0,0,1,180,1.572,-0.0791,1.0,0.4205,-0.0237,0.3,0.1682,0.4445,1.7484
33.151,1,RETURN_HOME,1.7653,13.9835,-2.0464,1.0782,0.1356,-1.6014,1.2782,-0.0644,1.2799,0.0,0.0,14.0945,4.339594841003418,2.711760997772217,-135.0,0,1,180,1.611,-0.0752,1.0,0.4266,-0.0226,0.3,0.1706,0.4481,1.7483
33.201,1,RETURN_HOME,1.8085,13.9941,-2.0536,1.093,0.1266,-1.6029,1.293,-0.0734,1.2951,0.0,0.0,14.1105,4.345486164093018,2.703894853591919,-135.0,0,1,180,1.693,-0.0718,1.0,0.4317,-0.0215,0.3,0.1727,0.4511,1.7532
33.251,1,RETURN_HOME,1.8521,14.0037,-2.06,1.1073,0.1166,-1.6054,1.3073,-0.0834,1.31,0.0,0.0,14.1257,4.350729942321777,2.696629762649536,-135.0,0,1,180,1.819,-0.0678,1.0,0.4367,-0.0203,0.3,0.1747,0.4543,1.7576
33.301,1,RETURN_HOME,1.9046,14.0134,-2.0661,1.1234,0.1025,-1.6098,1.3234,-0.0975,1.327,0.0,0.0,14.1422,4.358280658721924,2.6720433235168457,-135.0,0,1,180,1.789,-0.0615,1.0,0.4423,-0.0184,0.3,0.1769,0.4585,1.7673
33.351,1,RETURN_HOME,1.9489,14.0205,-2.0706,1.1371,0.09,-1.6144,1.3371,-0.11,1.3416,0.0,0.0,14.1553,4.363930702209473,2.655853271484375,-135.0,0,1,180,1.577,-0.056,1.0,0.4472,-0.0168,0.3,0.1789,0.4621,1.776
33.401,1,RETURN_HOME,2.0026,14.0267,-2.0782,1.1536,0.0738,-1.6207,1.3536,-0.1262,1.3595,0.0,0.0,14.1689,4.367115497589111,2.6424636840820312,-135.0,0,1,180,1.585,-0.0488,1.0,0.4532,-0.0146,0.3,0.1813,0.4666,1.7888
33.451,1,RETURN_HOME,2.0476,14.029,-2.0878,1.1675,0.0585,-1.6264,1.3675,-0.1415,1.3748,0.0,0.0,14.1776,4.372982978820801,2.6135528087615967,-135.0,0,1,180,1.662,-0.0418,1.0,0.4583,-0.0125,0.3,0.1833,0.4708,1.8112
33.501,1,RETURN_HOME,2.1024,14.031,-2.0979,1.1842,0.0404,-1.634,1.3842,-0.1596,1.3934,0.0,0.0,14.1876,4.376862525939941,2.5988850593566895,-135.0,0,1,180,1.669,-0.0339,1.0,0.4645,-0.0102,0.3,0.1858,0.4756,1.8297
33.551,1,RETURN_HOME,2.1475,14.0325,-2.105,1.1974,0.0263,-1.6408,1.3974,-0.1737,1.4082,0.0,0.0,14.1958,4.379678726196289,2.582568645477295,-135.0,0,1,180,1.728,-0.0282,1.0,0.4694,-0.0085,0.3,0.1878,0.4793,1.8425
33.601,1,RETURN_HOME,2.1914,14.0341,-2.1111,1.2095,0.0136,-1.6477,1.4095,-0.1864,1.4218,0.0,0.0,14.2042,4.382187843322754,2.552395820617676,-135.0,0,1,180,1.71,-0.0234,1.0,0.4739,-0.007,0.3,0.1896,0.4826,1.8673
33.651,1,RETURN_HOME,2.2453,14.0353,-2.1172,1.2245,-0.0017,-1.6564,1.4245,-0.2017,1.4387,0.0,0.0,14.2138,4.383960247039795,2.5391674041748047,-135.0,0,1,180,1.629,-0.018,1.0,0.4796,-0.0054,0.3,0.1918,0.4864,1.8831
33.702,1,RETURN_HOME,2.3008,14.0369,-2.1215,1.2405,-0.0175,-1.6654,1.4405,-0.2175,1.4568,0.0,0.0,14.2242,4.386196136474609,2.5230836868286133,-135.0,0,1,180,2.005,-0.0126,1.0,0.4856,-0.0038,0.3,0.1942,0.4904,1.8995
33.751,1,RETURN_HOME,2.3482,14.0378,-2.1241,1.2543,-0.031,-1.673,1.4543,-0.231,1.4725,0.0,0.0,14.2329,4.386140823364258,2.4982335567474365,-135.0,0,1,180,1.749,-0.0082,1.0,0.4908,-0.0025,0.3,0.1963,0.4939,1.8743
33.801,1,RETURN_HOME,2.4062,14.0379,-2.1264,1.2711,-0.0475,-1.682,1.4711,-0.2475,1.4918,0.0,0.0,14.2426,4.389064311981201,2.485191822052002,-135.0,0,1,180,1.568,-0.0031,1.0,0.4973,-0.0009,0.3,0.1989,0.498,1.7791
33.852,1,RETURN_HOME,2.4585,14.036,-2.1342,1.2878,-0.0632,-1.6893,1.3878,-0.2632,1.4125,0.0,0.0,14.2497,4.389787673950195,2.4734785556793213,-135.0,0,1,180,2.011,0.014,1.0,0.4708,0.0042,0.3,0.1883,0.4925,1.9856
33.902,1,RETURN_HOME,2.5228,14.0326,-2.1437,1.3088,-0.082,-1.6718,1.4088,-0.282,1.4367,0.0,0.0,14.2575,4.393660545349121,2.453399181365967,-135.0,0,1,180,2.037,0.0197,1.0,0.4789,0.0059,0.3,0.1916,0.4975,1.8647
33.952,1,RETURN_HOME,2.588,14.0281,-2.1513,1.3297,-0.1004,-1.6831,1.4297,-0.3004,1.4609,0.0,0.0,14.2648,4.394998073577881,2.4455881118774414,-135.0,0,1,180,1.843,0.0247,1.0,0.487,0.0074,0.3,0.1948,0.5022,1.7532
34.002,1,RETURN_HOME,2.6458,14.021,-2.1554,1.3457,-0.1187,-1.6924,1.4457,-0.3187,1.4804,0.0,0.0,14.2684,4.396676540374756,2.4361772537231445,-135.0,0,1,180,2.425,0.0305,1.0,0.4935,0.0091,0.3,0.1974,0.5065,1.659
34.052,1,RETURN_HOME,2.7154,14.0118,-2.1588,1.3616,-0.1402,-1.7028,1.3616,-0.3402,1.4035,0.0,0.0,14.2725,4.4000163078308105,2.421151876449585,-135.0,0,1,180,2.109,0.0534,1.0,0.4678,0.016,0.3,0.1871,0.5032,1.8264
34.101,1,RETURN_HOME,2.7736,14.0036,-2.1603,1.373,-0.1577,-1.7108,1.373,-0.3577,1.4189,0.0,0.0,14.2756,4.405735969543457,2.415818452835083,-135.0,0,1,180,1.946,0.0593,1.0,0.473,0.0178,0.3,0.1892,0.507,1.7423
34.152,1,RETURN_HOME,2.833,13.9949,-2.1599,1.3838,-0.1748,-1.7183,1.3838,-0.3748,1.4337,0.0,0.0,14.2787,4.404590129852295,2.4112160205841064,-135.0,0,1,180,2.498,0.0647,1.0,0.4779,0.0194,0.3,0.1912,0.5106,1.6642
34.201,1,RETURN_HOME,2.8922,13.9857,-2.1589,1.3925,-0.1915,-1.7253,1.3925,-0.3915,1.4465,0.0,0.0,14.2816,4.410017490386963,2.4014604091644287,-135.0,0,1,180,1.729,0.0701,1.0,0.4822,0.021,0.3,0.1929,0.5139,1.5566
34.252,1,RETURN_HOME,2.9513,13.976,-2.1573,1.3991,-0.2081,-1.732,1.3991,-0.4081,1.4574,0.0,0.0,14.2842,4.4101433753967285,2.3989083766937256,-135.0,0,1,180,2.365,0.0756,1.0,0.4858,0.0227,0.3,0.1943,0.517,1.4878
34.301,1,RETURN_HOME,3.0222,13.9619,-2.1538,1.4055,-0.2286,-1.7396,1.4055,-0.4286,1.4694,0.0,0.0,14.2853,4.411319255828857,2.3950932025909424,-135.0,0,1,180,1.095,0.0827,1.0,0.4898,0.0248,0.3,0.1959,0.5207,1.423
34.351,1,RETURN_HOME,3.0812,13.9498,-2.1506,1.4097,-0.2455,-1.7458,1.4097,-0.4455,1.4784,0.0,0.0,14.2861,4.412496566772461,2.393515110015869,-135.0,0,1,180,1.238,0.0886,1.0,0.4928,0.0266,0.3,0.1971,0.5237,1.3645
34.4,1,RETURN_HOME,3.1394,13.9371,-2.1476,1.4131,-0.2625,-1.7519,1.4131,-0.4625,1.4868,0.0,0.0,14.2864,4.422873497009277,2.3901114463806152,-135.0,0,1,180,1.07,0.0946,1.0,0.4956,0.0284,0.3,0.1982,0.5266,1.2671
34.451,1,RETURN_HOME,3.2067,13.9203,-2.1458,1.4155,-0.2838,-1.7591,1.4155,-0.4838,1.4959,0.0,0.0,14.2849,4.4236297607421875,2.3913557529449463,-135.0,0,1,180,1.195,0.1028,1.0,0.4986,0.0308,0.3,0.1995,0.5303,1.2134
34.5,1,RETURN_HOME,3.2629,13.9059,-2.1439,1.4177,-0.3014,-1.7648,1.3177,-0.5014,1.4099,0.0,0.0,14.2836,4.4260149002075195,2.3915109634399414,-135.0,0,1,180,1.083,0.1327,1.0,0.47,0.0398,0.3,0.188,0.5278,1.4616
34.551,1,RETURN_HOME,3.3193,13.8911,-2.1419,1.4205,-0.3186,-1.7704,1.3205,-0.5186,1.4186,0.0,0.0,14.2821,4.431154251098633,2.3980777263641357,-135.0,0,1,180,1.2,0.1392,1.0,0.4729,0.0418,0.3,0.1892,0.5309,1.3686
34.601,1,RETURN_HOME,3.3787,13.875,-2.1364,1.425,-0.3358,-1.7757,1.325,-0.5358,1.4292,0.0,0.0,14.2805,4.4327592849731445,2.403163194656372,-135.0,0,1,180,1.34,0.1449,1.0,0.4764,0.0435,0.3,0.1906,0.534,1.3087
34.651,1,RETURN_HOME,3.4497,13.8554,-2.1301,1.429,-0.3565,-1.7816,1.329,-0.5565,1.4408,0.0,0.0,14.2784,4.439225673675537,2.4058034420013428,-135.0,0,1,180,1.26,0.1519,1.0,0.4803,0.0456,0.3,0.1921,0.5377,1.2509
34.701,1,RETURN_HOME,3.5192,13.8359,-2.1261,1.4297,-0.3766,-1.7872,1.3297,-0.5766,1.4494,0.0,0.0,14.2764,4.44156551361084,2.4191999435424805,-135.0,0,1,180,1.115,0.1594,1.0,0.4831,0.0478,0.3,0.1932,0.5411,1.1569
34.751,1,RETURN_HOME,3.5748,13.8203,-2.1258,1.4274,-0.3927,-1.7917,1.3274,-0.5927,1.4537,0.0,0.0,14.2752,4.446463108062744,2.425305128097534,-135.0,0,1,180,1.075,0.1661,1.0,0.4846,0.0498,0.3,0.1938,0.5436,1.1205
34.801,1,RETURN_HOME,3.6416,13.8008,-2.1251,1.4234,-0.4119,-1.7971,1.3234,-0.6119,1.458,0.0,0.0,14.2732,4.451786994934082,2.430962324142456,-135.0,0,1,180,1.093,0.1742,1.0,0.486,0.0523,0.3,0.1944,0.5467,1.0858
34.851,1,RETURN_HOME,3.6975,13.7845,-2.1208,1.4199,-0.4277,-1.8013,1.2199,-0.6277,1.3719,0.0,0.0,14.2718,4.4618353843688965,2.446667194366455,-135.0,0,1,180,1.174,0.2115,1.0,0.4573,0.0635,0.3,0.1829,0.5464,1.3036
34.901,1,RETURN_HOME,3.7648,13.7646,-2.1134,1.416,-0.4465,-1.8062,1.216,-0.6465,1.3772,0.0,0.0,14.2701,4.460470199584961,2.4549295902252197,-135.0,0,1,180,1.14,0.2198,1.0,0.4591,0.066,0.3,0.1836,0.5496,1.2672
34.951,1,RETURN_HOME,3.8207,13.7472,-2.1076,1.4135,-0.4623,-1.81,1.2135,-0.6623,1.3824,0.0,0.0,14.2682,4.466949939727783,2.465665340423584,-135.0,0,1,180,1.059,0.2265,1.0,0.4608,0.068,0.3,0.1843,0.5523,1.2278
35.001,1,RETURN_HOME,3.8753,13.7287,-2.1002,1.4091,-0.4783,-1.8137,1.2091,-0.6783,1.3864,0.0,0.0,14.2652,4.472227573394775,2.473453998565674,-135.0,0,1,180,1.171,0.2339,1.0,0.4621,0.0702,0.3,0.1849,0.555,1.1975
35.051,1,RETURN_HOME,3.9397,13.7055,-2.0906,1.4014,-0.4978,-1.818,1.2014,-0.6978,1.3893,0.0,0.0,14.2605,4.480119228363037,2.496598243713379,-135.0,0,1,180,1.1,0.2438,1.0,0.4631,0.0731,0.3,0.1852,0.5584,1.1323
35.101,1,RETURN_HOME,4.004,13.6814,-2.0821,1.3918,-0.5175,-1.8223,1.1918,-0.7175,1.3911,0.0,0.0,14.2553,4.485257625579834,2.5074479579925537,-135.0,0,1,180,1.725,0.2544,1.0,0.4637,0.0763,0.3,0.1855,0.5618,1.1111
35.152,1,RETURN_HOME,4.0577,13.6599,-2.0751,1.383,-0.5342,-1.8259,1.183,-0.7342,1.3923,0.0,0.0,14.2498,4.4997172355651855,2.536754608154297,-135.0,0,1,180,1.792,0.2635,1.0,0.4641,0.0791,0.3,0.1856,0.5647,1.0522
35.201,1,RETURN_HOME,4.1219,13.6331,-2.0675,1.372,-0.5543,-1.8301,1.172,-0.7543,1.3937,0.0,0.0,14.2426,4.49753475189209,2.546555519104004,-135.0,0,1,180,1.727,0.2747,1.0,0.4646,0.0824,0.3,0.1858,0.5682,1.0409
35.252,1,RETURN_HOME,4.1751,13.6101,-2.062,1.3626,-0.5711,-1.8336,1.1626,-0.7711,1.3951,0.0,0.0,14.2361,4.503421783447266,2.5635485649108887,-135.0,0,1,180,1.88,0.284,1.0,0.465,0.0852,0.3,0.186,0.5712,1.0233
35.302,1,RETURN_HOME,4.2259,13.5887,-2.0553,1.3521,-0.5864,-1.8373,1.1521,-0.7864,1.3949,0.0,0.0,14.2307,4.507136821746826,2.5763933658599854,-135.0,0,1,180,1.917,0.293,1.0,0.465,0.0879,0.3,0.186,0.5739,1.0106
35.351,1,RETURN_HOME,4.2867,13.562,-2.0486,1.3399,-0.605,-1.8417,1.1399,-0.705,1.3403,0.0,0.0,14.2234,4.6352314949035645,2.608168840408325,-135.0,0,1,180,1.741,0.2452,1.0,0.4468,0.0736,0.3,0.1787,0.5523,0.9582
35.402,1,RETURN_HOME,4.3374,13.5389,-2.0438,1.3301,-0.6209,-1.8454,1.1301,-0.7209,1.3404,0.0,0.0,14.2167,4.703896522521973,2.6220946311950684,-135.0,0,1,180,2.022,0.2549,1.0,0.4468,0.0765,0.3,0.1787,0.5552,0.942
35.451,1,RETURN_HOME,4.4021,13.5133,-2.0399,1.32,-0.6393,-1.8502,1.12,-0.6393,1.2896,0.0,0.0,14.2123,4.850459098815918,2.658987283706665,-135.0,0,1,180,1.715,0.2023,1.0,0.4299,0.0607,0.3,0.1719,0.5326,0.8856
35.501,1,RETURN_HOME,4.466,13.4863,-2.0368,1.3098,-0.6555,-1.8569,1.1098,-0.6555,1.2889,0.0,0.0,14.2065,4.916417598724365,2.675434112548828,-135.0,0,1,180,1.67,0.2121,1.0,0.4296,0.0636,0.3,0.1719,0.5355,0.8638
35.551,1,RETURN_HOME,4.5184,13.4619,-2.0351,1.3011,-0.6678,-1.8628,1.1011,-0.6678,1.2878,0.0,0.0,14.1999,4.979756832122803,2.690490484237671,-135.0,0,1,180,1.694,0.2195,1.0,0.4293,0.0659,0.3,0.1717,0.5376,0.8436
35.601,1,RETURN_HOME,4.5699,13.4355,-2.0343,1.2924,-0.6775,-1.8687,1.0924,-0.5775,1.2357,0.0,0.0,14.1914,5.045372486114502,2.7107491493225098,-135.0,0,1,180,1.577,0.1578,1.0,0.4119,0.0473,0.3,0.1648,0.5121,0.8251
35.651,1,RETURN_HOME,4.621,13.4087,-2.0338,1.2834,-0.6847,-1.8745,1.0834,-0.5847,1.2311,0.0,0.0,14.1826,5.17921781539917,2.745903730392456,-135.0,0,1,180,1.756,0.1623,1.0,0.4104,0.0487,0.3,0.1641,0.5128,0.7659
35.701,1,RETURN_HOME,4.6806,13.3762,-2.0324,1.2715,-0.6919,-1.8832,1.0715,-0.5919,1.2241,0.0,0.0,14.1715,5.239599704742432,2.763280153274536,-135.0,0,1,180,1.811,0.1673,1.0,0.408,0.0502,0.3,0.1632,0.5134,0.7523
35.751,1,RETURN_HOME,4.7377,13.3435,-2.0294,1.2589,-0.6961,-1.8904,1.0589,-0.5961,1.2152,0.0,0.0,14.1596,5.301338195800781,2.7828292846679688,-135.0,0,1,180,1.796,0.1707,1.0,0.4051,0.0512,0.3,0.162,0.5132,0.7386
35.801,1,RETURN_HOME,4.7851,13.316,-2.0274,1.2487,-0.6971,-1.8953,1.0487,-0.4971,1.1605,0.0,0.0,14.1497,5.428712844848633,2.822089433670044,-135.0,0,1,180,1.785,0.0975,1.0,0.3868,0.0293,0.3,0.1547,0.484,0.6884
35.851,1,RETURN_HOME,4.8326,13.2892,-2.0252,1.2387,-0.6965,-1.9001,1.0387,-0.4965,1.1513,0.0,0.0,14.1406,5.489861965179443,2.8401496410369873,-135.0,0,1,180,1.68,0.097,1.0,0.3838,0.0291,0.3,0.1535,0.4826,0.6734
35.901,1,RETURN_HOME,4.8896,13.258,-2.0223,1.2275,-0.6948,-1.9047,1.0275,-0.4948,1.1404,0.0,0.0,14.1309,5.550865650177002,2.8609583377838135,-135.0,0,1,180,1.705,0.0953,1.0,0.3801,0.0286,0.3,0.1521,0.4806,0.6632
35.951,1,RETURN_HOME,4.9369,13.2318,-2.0202,1.2183,-0.6911,-1.9079,0.0,0.0,0.0,0.0,0.0,14.1228,8.029997825622559,2.902599811553955,-135.0,0,0,180,1.744,,,,,,,,
36.001,1,RETURN_HOME,4.995,13.2044,-2.0165,1.2104,-0.6831,-1.9106,0.0,0.0,0.0,0.0,0.0,14.1176,8.025300025939941,2.9194939136505127,-135.0,0,0,180,1.716,,,,,,,,
36.051,1,RETURN_HOME,5.0438,13.1828,-2.0139,1.2039,-0.6746,-1.9115,0.0,0.0,0.0,0.0,0.0,14.1148,8.019850730895996,2.940213918685913,-135.0,0,0,180,1.714,,,,,,,,
36.101,1,RETURN_HOME,5.0919,13.1611,-2.0126,1.1799,-0.6572,-1.9119,0.0,0.0,0.0,0.0,0.0,14.1118,8.010961532592773,2.9843075275421143,-135.0,0,0,180,1.724,,,,,,,,
36.152,1,RETURN_HOME,5.1446,13.1393,-2.0133,1.1405,-0.632,-1.9123,0.9405,-0.632,1.1331,0.0,0.0,14.1106,8.008394241333008,3.0073635578155518,-135.0,0,1,180,2.136,0.2167,1.0,0.3777,0.065,0.3,0.1511,0.5161,0.664
36.201,1,RETURN_HOME,5.2089,13.1137,-2.0157,1.0746,-0.5931,-1.9127,0.8746,-0.7931,1.1806,0.0,0.0,14.1103,8.005619049072266,3.0324413776397705,-135.0,0,1,180,1.72,0.3508,1.0,0.3935,0.1052,0.3,0.1574,0.5627,0.8393
36.251,1,RETURN_HOME,5.2585,13.0935,-2.0177,1.0054,-0.5542,-1.9135,0.8054,-0.7542,1.1034,0.0,0.0,14.11,8.00111198425293,3.0599794387817383,-135.0,0,1,180,1.867,0.3623,1.0,0.3678,0.1087,0.3,0.1471,0.5558,1.0286
36.302,1,RETURN_HOME,5.3027,13.0754,-2.0192,0.9432,-0.523,-1.915,0.7432,-0.723,1.0369,0.0,0.0,14.1097,7.994096279144287,3.084702491760254,-135.0,0,1,180,2.021,0.3768,1.0,0.3456,0.1131,0.3,0.1383,0.5513,1.1555
36.351,1,RETURN_HOME,5.3505,13.055,-2.0204,0.8886,-0.5053,-1.9186,0.6886,-0.7053,0.9857,0.0,0.0,14.1089,7.992476940155029,3.0934700965881348,-135.0,0,1,180,1.894,0.3972,1.0,0.3286,0.1192,0.3,0.1314,0.5506,1.2708
36.401,1,RETURN_HOME,5.3958,13.0345,-2.0215,0.8571,-0.5076,-1.9231,0.6571,-0.7076,0.9656,0.0,0.0,14.1071,7.987675666809082,3.1031277179718018,-135.0,0,1,180,1.737,0.4168,1.0,0.3219,0.125,0.3,0.1288,0.5538,1.314
36.451,1,RETURN_HOME,5.4227,13.0226,-2.0235,0.8446,-0.515,-1.9263,0.6446,-0.715,0.9627,0.0,0.0,14.1065,7.988443374633789,3.128784656524658,-135.0,0,1,180,1.751,0.4283,1.0,0.3209,0.1285,0.3,0.1284,0.5568,1.2832
36.501,1,RETURN_HOME,5.4625,13.0034,-2.026,0.8359,-0.5335,-1.9308,0.6359,-0.7335,0.9708,0.0,0.0,14.1042,7.987336158752441,3.1441657543182373,-135.0,0,1,180,1.808,0.4429,1.0,0.3236,0.1329,0.3,0.1294,0.5623,1.2754
36.551,1,RETURN_HOME,5.502,12.9825,-2.028,0.8325,-0.5558,-1.935,0.6325,-0.7558,0.9855,0.0,0.0,14.1002,7.984195709228516,3.1628100872039795,-135.0,0,1,180,1.707,0.4556,1.0,0.3285,0.1367,0.3,0.1314,0.5681,1.2544
36.601,1,RETURN_HOME,5.5338,12.9623,-2.0266,0.8296,-0.5757,-1.9387,0.6296,-0.7757,0.999,0.0,0.0,14.0942,7.9763503074646,3.1934597492218018,-135.0,0,1,180,1.753,0.4666,1.0,0.333,0.14,0.3,0.1332,0.5732,1.2119
36.651,1,RETURN_HOME,5.5719,12.9367,-2.025,0.8238,-0.5984,-1.9421,0.6238,-0.7984,1.0132,0.0,0.0,14.0857,7.972186088562012,3.209470748901367,-135.0,0,1,180,1.731,0.4802,1.0,0.3377,0.144,0.3,0.1351,0.5791,1.1986
36.701,1,RETURN_HOME,5.6041,12.9147,-2.0234,0.8166,-0.6156,-1.9443,0.6166,-0.8156,1.0224,0.0,0.0,14.0782,7.966920375823975,3.2272706031799316,-135.0,0,1,180,1.767,0.4917,1.0,0.3408,0.1475,0.3,0.1363,0.5838,1.1911
36.751,1,RETURN_HOME,5.6378,12.8934,-2.0204,0.8082,-0.6307,-1.9465,0.6082,-0.8307,1.0296,0.0,0.0,14.0721,7.960441589355469,3.2409658432006836,-135.0,0,1,180,1.667,0.5026,1.0,0.345,0.1508,0.3,0.138,0.5888,1.1919
36.801,1,RETURN_HOME,5.671,12.871,-2.0178,0.7979,-0.6451,-1.9489,0.5979,-0.8451,1.0352,0.0,0.0,14.065,7.947914123535156,3.2746012210845947,-135.0,0,1,180,1.662,0.5142,1.0,0.3548,0.1543,0.3,0.1419,0.5962,1.1805
36.851,1,RETURN_HOME,5.7103,12.8431,-2.0147,0.784,-0.6619,-1.9521,0.584,-0.8619,1.0411,0.0,0.0,14.0553,7.94027853012085,3.2697949409484863,111.98,0,1,180,1.729,0.5285,1.0,0.3668,0.1586,0.3,0.1467,0.6053,1.1971
36.901,1,RETURN_HOME,5.7428,12.8197,-2.0107,0.7721,-0.6751,-1.9552,0.5721,-0.8751,1.0455,0.0,0.0,14.0472,7.927905559539795,3.221956968307495,112.98,0,1,180,1.644,0.5402,1.0,0.3765,0.1621,0.3,0.1506,0.6127,1.1875
36.951,1,RETURN_HOME,5.781,12.7903,-2.0068,0.7575,-0.6914,-1.9591,0.5575,-0.8914,1.0514,0.0,0.0,14.0361,7.919131755828857,3.197230577468872,111.23,0,1,180,1.701,0.5542,1.0,0.3885,0.1663,0.3,0.1554,0.6216,1.2038
37.001,1,RETURN_HOME,5.8179,12.7592,-2.0039,0.7428,-0.7084,-1.9646,0.5428,-0.9084,1.0582,0.0,0.0,14.023,7.911810398101807,3.1703639030456543,111.23,0,1,180,1.726,0.5683,1.0,0.4009,0.1705,0.3,0.1604,0.6308,1.2133
37.051,1,RETURN_HOME,5.8475,12.7315,-2.0024,0.7306,-0.7236,-1.9696,0.5306,-0.9236,1.0652,0.0,0.0,14.0101,7.904306411743164,3.147524356842041,111.23,0,1,180,1.745,0.5801,1.0,0.4119,0.174,0.3,0.1648,0.6388,1.22
37.101,1,RETURN_HOME,5.8767,12.7031,-2.0014,0.7185,-0.7389,-1.9754,0.5185,-0.9389,1.0726,0.0,0.0,13.9965,7.885612964630127,3.101632595062256,113.23,0,1,180,1.638,0.5915,1.0,0.423,0.1775,0.3,0.1692,0.6467,1.208
37.151,1,RETURN_HOME,5.9101,12.6675,-2.0011,0.7038,-0.7574,-1.9823,0.5038,-0.9574,1.0819,0.0,0.0,13.9783,7.872922420501709,3.075742483139038,111.73,0,1,180,1.931,0.6051,1.0,0.4364,0.1815,0.3,0.1746,0.6561,1.2173
37.201,1,RETURN_HOME,5.9368,12.6367,-2.0016,0.6914,-0.7729,-1.9881,0.4914,-0.9729,1.0899,0.0,0.0,13.9618,7.865316390991211,3.054732322692871,113.48,0,1,180,1.911,0.6162,1.0,0.4477,0.1849,0.3,0.1791,0.6639,1.2253
37.251,1,RETURN_HOME,5.9684,12.5989,-2.0024,0.6766,-0.7914,-1.9942,0.4766,-0.9914,1.1001,0.0,0.0,13.9411,7.84214448928833,3.0111634731292725,113.73,0,1,180,1.716,0.629,1.0,0.4613,0.1887,0.3,0.1845,0.6732,1.2252
37.301,1,RETURN_HOME,5.994,12.5659,-2.0048,0.6638,-0.8076,-1.9986,0.4638,-1.0076,1.1092,0.0,0.0,13.9223,7.831461429595947,2.9881949424743652,111.98,0,1,180,1.692,0.6399,1.0,0.4732,0.192,0.3,0.1893,0.6812,1.236
37.352,1,RETURN_HOME,6.0239,12.5249,-2.0088,0.6481,-0.8273,-2.0037,0.4481,-1.0273,1.1207,0.0,0.0,13.8982,7.818807125091553,2.9664525985717773,113.73,0,1,180,1.697,0.6528,1.0,0.4877,0.1958,0.3,0.1951,0.6909,1.2553
37.401,1,RETURN_HOME,6.0533,12.4832,-2.0123,0.6325,-0.8468,-2.0081,0.4325,-1.0468,1.1326,0.0,0.0,13.8734,7.794948101043701,2.924952507019043,113.73,0,1,180,1.724,0.665,1.0,0.5021,0.1995,0.3,0.2009,0.7004,1.2618
37.451,1,RETURN_HOME,6.0739,12.4486,-2.017,0.6181,-0.8629,-2.0113,0.4181,-1.0629,1.1421,0.0,0.0,13.8513,7.780346870422363,2.9035439491271973,112.98,0,1,180,1.729,0.6758,1.0,0.5146,0.2027,0.3,0.2058,0.7086,1.2811
37.501,1,RETURN_HOME,6.0976,12.4064,-2.0225,0.6008,-0.8818,-2.0149,0.4008,-1.0818,1.1537,0.0,0.0,13.8239,7.754127502441406,2.8647751808166504,113.73,0,1,180,1.726,0.6883,1.0,0.5294,0.2065,0.3,0.2118,0.7183,1.2927
37.552,1,RETURN_HOME,6.1217,12.3628,-2.0271,0.5842,-0.901,-2.0181,0.3842,-1.101,1.1661,0.0,0.0,13.7955,7.738961219787598,2.8447458744049072,113.98,0,1,180,2.151,0.6999,1.0,0.5441,0.21,0.3,0.2176,0.7276,1.3203
37.601,1,RETURN_HOME,6.1439,12.3236,-2.0303,0.5713,-0.918,-2.0204,0.3713,-1.118,1.178,0.0,0.0,13.7702,7.724759578704834,2.8240816593170166,114.23,0,1,180,1.559,0.7087,1.0,0.5566,0.2126,0.3,0.2226,0.7353,1.3325
37.651,1,RETURN_HOME,6.1656,12.284,-2.0329,0.5586,-0.935,-2.0223,0.3586,-1.135,1.1903,0.0,0.0,13.7445,7.70829963684082,2.8049449920654297,114.23,0,1,180,1.629,0.7171,1.0,0.569,0.2151,0.3,0.2276,0.7427,1.352
37.702,1,RETURN_HOME,6.1869,12.2439,-2.035,0.546,-0.9519,-2.024,0.346,-1.1519,1.2027,0.0,0.0,13.7183,7.677223205566406,2.7688910961151123,115.48,0,1,180,1.876,0.725,1.0,0.5813,0.2175,0.3,0.2325,0.7501,1.356
37.751,1,RETURN_HOME,6.2162,12.1965,-2.0336,0.533,-0.9716,-2.0255,0.333,-1.1716,1.218,0.0,0.0,13.6893,7.6598663330078125,2.7494001388549805,114.73,0,1,180,1.615,0.7329,1.0,0.5951,0.2199,0.3,0.238,0.7579,1.3734
37.801,1,RETURN_HOME,6.2397,12.1564,-2.0323,0.522,-0.9881,-2.0267,0.322,-1.1881,1.231,0.0,0.0,13.6642,7.642838954925537,2.732661008834839,113.73,0,1,180,1.875,0.7392,1.0,0.6066,0.2218,0.3,0.2427,0.7644,1.3897
37.851,1,RETURN_HOME,6.2675,12.1073,-2.0311,0.5086,-1.0078,-2.0281,0.3086,-1.2078,1.2466,0.0,0.0,13.6333,7.611845016479492,2.6981706619262695,114.73,0,1,180,1.718,0.7466,1.0,0.6205,0.224,0.3,0.2482,0.7722,1.4053
37.901,1,RETURN_HOME,6.2907,12.0654,-2.0305,0.4972,-1.0242,-2.0296,0.2972,-1.2242,1.2597,0.0,0.0,13.6069,7.590487957000732,2.680849552154541,113.73,0,1,180,1.829,0.7526,1.0,0.6321,0.2258,0.3,0.2528,0.7786,1.4221
37.951,1,RETURN_HOME,6.3174,12.0145,-2.0297,0.4831,-1.0437,-2.0317,0.2831,-1.2437,1.2755,0.0,0.0,13.5742,7.574216842651367,2.6635286808013916,115.23,0,1,180,1.801,0.7598,1.0,0.6461,0.2279,0.3,0.2584,0.7863,1.4437
38.001,1,RETURN_HOME,6.3433,11.9618,-2.0256,0.4684,-1.0638,-2.0348,0.2684,-1.2638,1.292,0.0,0.0,13.5396,7.536039352416992,2.632327079772949,115.48,0,1,180,1.74,0.7669,1.0,0.6605,0.2301,0.3,0.2642,0.7943,1.4585
38.051,1,RETURN_HOME,6.3641,11.9164,-2.0199,0.4559,-1.0811,-2.0375,0.2559,-1.2811,1.3064,0.0,0.0,13.5093,7.514047145843506,2.616065502166748,116.23,0,1,180,1.886,0.7727,1.0,0.673,0.2318,0.3,0.2692,0.801,1.4732
38.101,1,RETURN_HOME,6.3842,11.8706,-2.0149,0.4432,-1.0984,-2.04,0.2432,-1.2984,1.321,0.0,0.0,13.4785,7.496860504150391,2.60119891166687,115.48,0,1,180,1.839,0.7784,1.0,0.6855,0.2335,0.3,0.2742,0.8077,1.4919
38.151,1,RETURN_HOME,6.4038,11.8258,-2.0095,0.4307,-1.115,-2.0421,0.2307,-1.315,1.3351,0.0,0.0,13.4483,7.455838680267334,2.5734848976135254,117.23,0,1,180,1.693,0.7838,1.0,0.6977,0.2352,0.3,0.2791,0.8142,1.5064
38.201,1,RETURN_HOME,6.4268,11.7736,-2.0023,0.4159,-1.1338,-2.0443,0.2159,-1.3338,1.3511,0.0,0.0,13.4135,7.432230472564697,2.5569679737091064,114.98,0,1,180,1.713,0.7899,1.0,0.7115,0.237,0.3,0.2846,0.8216,1.5315
38.251,1,RETURN_HOME,6.4451,11.7293,-1.9973,0.4034,-1.1497,-2.0459,0.2034,-1.3497,1.3649,0.0,0.0,13.3834,7.410891532897949,2.5441040992736816,117.23,0,1,180,1.785,0.7949,1.0,0.7233,0.2385,0.3,0.2893,0.8278,1.5545
38.301,1,RETURN_HOME,6.4654,11.6735,-1.9879,0.3879,-1.1699,-2.0477,0.1879,-1.3699,1.3827,0.0,0.0,13.3444,7.370330333709717,2.518702507019043,117.48,0,1,180,1.685,0.8009,1.0,0.7382,0.2403,0.3,0.2953,0.8356,1.5835
38.352,1,RETURN_HOME,6.4813,11.6257,-1.9796,0.3746,-1.1873,-2.0492,0.1746,-1.3873,1.3983,0.0,0.0,13.3103,7.3441290855407715,2.5034899711608887,116.23,0,1,180,1.894,0.8058,1.0,0.7512,0.2417,0.3,0.3005,0.8422,1.607
38.401,1,RETURN_HOME,6.4995,11.5675,-1.9713,0.3586,-1.2084,-2.0511,0.1586,-1.4084,1.4173,0.0,0.0,13.2684,7.322092056274414,2.492465019226074,116.98,0,1,180,1.764,0.8115,1.0,0.7668,0.2435,0.3,0.3067,0.8502,1.6396
38.451,1,RETURN_HOME,6.5143,11.5164,-1.964,0.3457,-1.2271,-2.0529,0.1457,-1.4271,1.4345,0.0,0.0,13.2311,7.274638652801514,2.469513177871704,116.98,0,1,180,1.755,0.8159,1.0,0.7803,0.2448,0.3,0.3121,0.8569,1.6651
38.501,1,RETURN_HOME,6.5314,11.4538,-1.9565,0.3302,-1.2495,-2.0553,0.1302,-1.4495,1.4554,0.0,0.0,13.1852,7.247323989868164,2.456552028656006,117.73,0,1,180,1.913,0.8209,1.0,0.7964,0.2463,0.3,0.3186,0.8648,1.6998
38.551,1,RETURN_HOME,6.545,11.4012,-1.9516,0.3172,-1.2681,-2.0576,0.1172,-1.4681,1.4727,0.0,0.0,13.1463,7.220726490020752,2.4463818073272705,116.98,0,1,180,1.757,0.8249,1.0,0.8099,0.2475,0.3,0.324,0.8714,1.7302
38.601,1,RETURN_HOME,6.5629,11.3392,-1.9482,0.3023,-1.2894,-2.0607,0.1023,-1.4894,1.4929,0.0,0.0,13.1015,7.170439720153809,2.426518678665161,116.73,0,1,180,1.935,0.8291,1.0,0.8252,0.2487,0.3,0.3301,0.8788,1.7597
38.651,1,RETURN_HOME,6.5801,11.2766,-1.9463,0.2874,-1.3105,-2.0638,0.0874,-1.4,1.4027,0.0,0.0,13.056,7.141037464141846,2.415252685546875,117.23,0,1,180,1.827,0.8306,1.0,0.7768,0.2492,0.3,0.3107,0.8599,1.7915
38.702,1,RETURN_HOME,6.5938,11.2235,-1.9465,0.2748,-1.328,-2.0667,0.0748,-1.4,1.402,0.0,0.0,13.0171,7.113775253295898,2.405935049057007,116.48,0,1,180,1.908,0.834,1.0,0.7795,0.2502,0.3,0.3118,0.862,1.8188
38.751,1,RETURN_HOME,6.6073,11.1695,-1.9504,0.2619,-1.3463,-2.0698,0.0619,-1.4,1.4014,0.0,0.0,12.9774,7.060856342315674,2.388493299484253,117.23,0,1,180,1.708,0.8374,1.0,0.7823,0.2512,0.3,0.3129,0.8641,1.8497
38.801,1,RETURN_HOME,6.6223,11.1037,-1.9552,0.2465,-1.3658,-2.0735,0.0465,-1.4,1.4008,0.0,0.0,12.9286,7.030060291290283,2.3793458938598633,117.48,0,1,180,2.008,0.8414,1.0,0.7857,0.2524,0.3,0.3143,0.8667,1.8836
38.851,1,RETURN_HOME,6.6336,11.0486,-1.9591,0.2336,-1.3793,-2.0765,0.0336,-1.4,1.4004,0.0,0.0,12.8871,7.000969886779785,2.3726413249969482,117.98,0,1,180,1.658,0.8447,1.0,0.7886,0.2534,0.3,0.3155,0.8689,1.9141
38.901,1,RETURN_HOME,6.6444,10.9829,-1.9636,0.2174,-1.392,-2.0803,0.0174,-1.4,1.4001,0.0,0.0,12.8363,6.944055557250977,2.3573849201202393,118.99,0,1,180,1.532,0.8491,1.0,0.7926,0.2547,0.3,0.317,0.8718,1.9577
38.95,1,RETURN_HOME,6.6544,10.9165,-1.9679,0.2011,-1.4021,-2.0842,0.0011,-1.4,1.4,0.0,0.0,12.7847,6.913306713104248,2.3500003814697266,118.48,0,1,180,0.969,0.8535,1.0,0.7966,0.256,0.3,0.3186,0.8747,1.9963
39.001,1,RETURN_HOME,6.6612,10.8507,-1.9712,0.1836,-1.4094,-2.0884,-0.0164,-1.4,1.4001,0.0,0.0,12.7322,6.858850002288818,2.33817720413208,119.24,0,1,180,1.127,0.8583,1.0,0.8011,0.2575,0.3,0.3205,0.8779,2.0357
39.051,1,RETURN_HOME,6.6665,10.785,-1.974,0.1655,-1.415,-2.0931,-0.0345,-1.4,1.4004,0.0,0.0,12.679,6.830937385559082,2.3316941261291504,118.99,0,1,180,1.13,0.8633,1.0,0.806,0.259,0.3,0.3224,0.8814,2.0363
39.101,1,RETURN_HOME,6.6712,10.7188,-1.9767,0.1476,-1.4201,-2.098,-0.0524,-1.4,1.401,0.0,0.0,12.6253,6.801963806152344,2.3266708850860596,119.74,0,1,180,1.196,0.8681,1.0,0.8108,0.2604,0.3,0.3243,0.8848,2.0335
39.15,1,RETURN_HOME,6.6752,10.6522,-1.9753,0.1293,-1.4244,-2.1028,-0.0707,-1.4,1.4018,0.0,0.0,12.5709,6.750568389892578,2.3171725273132324,120.49,0,1,180,1.013,0.8731,1.0,0.8159,0.2619,0.3,0.3264,0.8883,2.0289
39.2,1,RETURN_HOME,6.6786,10.5852,-1.9744,0.1111,-1.4287,-2.1077,-0.0889,-1.4,1.4028,0.0,0.0,12.516,6.7228193283081055,2.3130784034729004,119.24,0,1,180,1.055,0.8778,1.0,0.821,0.2634,0.3,0.3284,0.8917,2.026
39.25,1,RETURN_HOME,6.6813,10.5292,-1.9739,0.0964,-1.4323,-2.1115,-0.1036,-1.4,1.4038,0.0,0.0,12.4701,6.6765241622924805,2.3050694465637207,120.49,0,1,180,0.985,0.8816,1.0,0.8251,0.2645,0.3,0.33,0.8945,2.0223
39.301,1,RETURN_HOME,6.6852,10.4622,-1.9737,0.0795,-1.4362,-2.1158,-0.1205,-1.4,1.4052,0.0,0.0,12.4157,6.651379585266113,2.303054094314575,118.23,0,1,180,1.127,0.8857,1.0,0.8297,0.2657,0.3,0.3319,0.8976,2.0236
39.351,1,RETURN_HOME,6.6884,10.3947,-1.9739,0.0627,-1.4403,-2.1196,-0.1373,-1.4,1.4067,0.0,0.0,12.3606,6.606936454772949,2.296490430831909,121.49,0,1,180,1.129,0.8897,1.0,0.8344,0.2669,0.3,0.3338,0.9007,2.0211
39.4,1,RETURN_HOME,6.6913,10.3274,-1.9753,0.046,-1.4437,-2.1232,-0.154,-1.4,1.4084,0.0,0.0,12.3056,6.587591171264648,2.2944114208221436,120.49,0,1,180,0.987,0.8937,1.0,0.8391,0.2681,0.3,0.3357,0.9038,2.0229
39.451,1,RETURN_HOME,6.6931,10.2713,-1.9771,0.0319,-1.4463,-2.1264,-0.1681,-1.4,1.4101,0.0,0.0,12.2596,6.57269811630249,2.29286527633667,120.99,0,1,180,1.026,0.8969,1.0,0.8432,0.2691,0.3,0.3373,0.9063,2.0234
39.5,1,RETURN_HOME,6.6946,10.2037,-1.9792,0.0149,-1.4493,-2.1301,-0.1851,-1.4,1.4122,0.0,0.0,12.2038,6.5464630126953125,2.290034532546997,121.49,0,1,180,1.006,0.9008,1.0,0.8481,0.2702,0.3,0.3392,0.9095,2.0251
39.551,1,RETURN_HOME,6.6919,10.1399,-1.9805,-0.0035,-1.4502,-2.1339,-0.2035,-1.4,1.4147,0.0,0.0,12.149,6.548411846160889,2.290531635284424,119.99,0,1,180,1.032,0.9052,1.0,0.8537,0.2716,0.3,0.3415,0.913,2.0279
39.6,1,RETURN_HOME,6.6881,10.076,-1.9818,-0.0221,-1.4509,-2.1372,-0.2221,-1.4,1.4175,0.0,0.0,12.0937,6.561615943908691,2.289121150970459,119.24,0,1,180,1.041,0.9095,1.0,0.8595,0.2729,0.3,0.3438,0.9167,2.0313
39.65,1,RETURN_HOME,6.6842,10.0115,-1.9821,-0.0404,-1.4517,-2.1404,-0.2404,-1.4,1.4205,0.0,0.0,12.0378,7.61768102645874,2.2898480892181396,121.74,0,1,180,0.955,0.9136,1.0,0.8652,0.2741,0.3,0.3461,0.9202,2.0354
39.7,1,RETURN_HOME,6.6815,9.9579,-1.9784,-0.055,-1.4521,-2.143,-0.255,-1.4,1.423,0.0,0.0,11.9918,7.576249122619629,2.291773796081543,122.24,0,1,180,1.016,0.9168,1.0,0.8698,0.275,0.3,0.3479,0.9229,2.0388
39.75,1,RETURN_HOME,6.6776,9.893,-1.9748,-0.0725,-1.453,-2.1461,-0.2725,-1.4,1.4263,0.0,0.0,11.9357,7.491358280181885,2.2946622371673584,122.49,0,1,180,0.948,0.9205,1.0,0.8752,0.2761,0.3,0.3501,0.9262,2.0458
39.8,1,RETURN_HOME,6.6714,9.8273,-1.9719,-0.0906,-1.4543,-2.1493,-0.2906,-1.4,1.4298,0.0,0.0,11.8778,7.444610118865967,2.297025203704834,121.99,0,1,180,0.968,0.9243,1.0,0.881,0.2773,0.3,0.3524,0.9297,2.0505
39.85,1,RETURN_HOME,6.663,9.761,-1.9697,-0.1093,-1.456,-2.1527,-0.3093,-1.4,1.4338,0.0,0.0,11.8183,7.355134010314941,2.3018076419830322,122.24,0,1,180,0.944,0.9281,1.0,0.8871,0.2784,0.3,0.3548,0.9333,2.0583
39.9,1,RETURN_HOME,6.6543,9.6941,-1.9682,-0.128,-1.4579,-2.1562,-0.328,-1.4,1.4379,0.0,0.0,11.7582,7.310119152069092,2.304715156555176,121.49,0,1,180,1.001,0.9318,1.0,0.8932,0.2795,0.3,0.3573,0.9368,2.066
39.95,1,RETURN_HOME,6.6443,9.6385,-1.9653,-0.1444,-1.4592,-2.159,-0.3444,-1.4,1.4417,0.0,0.0,11.7068,7.262090682983398,2.308293104171753,123.49,0,1,180,1.015,0.9351,1.0,0.8988,0.2805,0.3,0.3595,0.94,2.0732
40.001,1,RETURN_HOME,6.6316,9.5715,-1.9621,-0.1642,-1.4607,-2.1621,-0.3642,-1.4,1.4466,0.0,0.0,11.6444,7.172797679901123,2.3175976276397705,122.24,0,1,180,1.195,0.9389,1.0,0.9054,0.2817,0.3,0.3622,0.9438,2.083
40.05,1,RETURN_HOME,6.6191,9.5044,-1.9602,-0.1834,-1.4622,-2.1648,-0.3834,-1.4,1.4516,0.0,0.0,11.5821,7.128956317901611,2.3214662075042725,123.24,0,1,180,1.011,0.9424,1.0,0.912,0.2827,0.3,0.3648,0.9475,2.0324
40.101,1,RETURN_HOME,6.6103,9.4494,-1.9607,-0.1984,-1.4633,-2.1669,-0.3984,-1.4,1.4556,0.0,0.0,11.532,7.076683044433594,2.326510190963745,123.24,0,1,180,1.085,0.945,1.0,0.917,0.2835,0.3,0.3668,0.9503,1.9819
40.151,1,RETURN_HOME,6.601,9.3939,-1.9616,-0.2133,-1.4643,-2.1688,-0.4133,-1.4,1.4597,0.0,0.0,11.4812,6.9865851402282715,2.3393211364746094,124.49,0,1,180,1.091,0.9475,1.0,0.9221,0.2843,0.3,0.3688,0.9531,1.8902
40.2,1,RETURN_HOME,6.5887,9.3264,-1.9636,-0.2313,-1.4658,-2.171,-0.4313,-1.4,1.4649,0.0,0.0,11.419,6.941542625427246,2.3446428775787354,124.24,0,1,180,0.985,0.9504,1.0,0.9282,0.2851,0.3,0.3713,0.9564,1.8421
40.25,1,RETURN_HOME,6.5735,9.2575,-1.9687,-0.2504,-1.4675,-2.1742,-0.4504,-1.4,1.4707,0.0,0.0,11.354,6.842942714691162,2.3590285778045654,121.74,0,1,180,0.994,0.9535,1.0,0.9349,0.286,0.3,0.3739,0.96,1.7411
40.3,1,RETURN_HOME,6.5579,9.1882,-1.9736,-0.2694,-1.469,-2.1775,-0.4694,-1.4,1.4766,0.0,0.0,11.2885,6.79622745513916,2.3667709827423096,123.74,0,1,180,1.022,0.9564,1.0,0.9415,0.2869,0.3,0.3766,0.9635,1.6957
40.351,1,RETURN_HOME,6.5408,9.1181,-1.9784,-0.2885,-1.4701,-2.1806,-0.4885,-1.4,1.4828,0.0,0.0,11.2215,6.748438835144043,2.373164176940918,123.24,0,1,180,1.069,0.9592,1.0,0.9482,0.2878,0.3,0.3793,0.967,1.6431
40.4,1,RETURN_HOME,6.5224,9.0472,-1.9832,-0.3077,-1.4711,-2.1829,-0.5077,-1.4,1.4892,0.0,0.0,11.1532,6.650475978851318,2.3915226459503174,124.24,0,1,180,1.038,0.9619,1.0,0.955,0.2886,0.3,0.382,0.9706,1.5448
40.451,1,RETURN_HOME,6.5068,8.988,-1.9869,-0.3235,-1.4717,-2.1843,-0.5235,-1.4,1.4947,0.0,0.0,11.0961,6.605062484741211,2.4007179737091064,122.24,0,1,180,1.027,0.9641,1.0,0.9607,0.2892,0.3,0.3843,0.9735,1.4969
40.5,1,RETURN_HOME,6.4891,8.9193,-1.9888,-0.3421,-1.4713,-2.1858,-0.5421,-1.3,1.4085,0.0,0.0,11.03,6.504811763763428,2.41957426071167,125.49,0,1,180,0.959,0.9728,1.0,0.9134,0.2918,0.3,0.3654,0.9572,1.6975
40.55,1,RETURN_HOME,6.4709,8.8506,-1.9902,-0.3607,-1.4708,-2.1872,-0.5607,-1.3,1.4158,0.0,0.0,10.9638,6.4569292068481445,2.429729700088501,122.74,0,1,180,0.989,0.975,1.0,0.9203,0.2925,0.3,0.3681,0.9606,1.6493
40.601,1,RETURN_HOME,6.4512,8.7814,-1.9907,-0.3796,-1.4707,-2.1887,-0.5796,-1.3,1.4234,0.0,0.0,10.8964,6.409214973449707,2.4409430027008057,122.99,0,1,180,1.115,0.9771,1.0,0.9272,0.2931,0.3,0.3709,0.964,1.6028
40.651,1,RETURN_HOME,6.427,8.7108,-1.9877,-0.3996,-1.4688,-2.1903,-0.5996,-1.3,1.4316,0.0,0.0,10.8252,6.308724403381348,2.463327646255493,123.49,0,1,180,1.023,0.9794,1.0,0.9347,0.2938,0.3,0.3739,0.9677,1.5059
40.7,1,RETURN_HOME,6.4027,8.6404,-1.9854,-0.4194,-1.4646,-2.1921,-0.6194,-1.3,1.44,0.0,0.0,10.7541,6.260388374328613,2.4756176471710205,123.49,0,1,180,0.981,0.9814,1.0,0.9422,0.2944,0.3,0.3769,0.9713,1.4559
40.75,1,RETURN_HOME,6.3844,8.5821,-1.9821,-0.4347,-1.4595,-2.1935,-0.6347,-1.3,1.4467,0.0,0.0,10.6964,6.163895606994629,2.499056339263916,125.49,0,1,180,1.036,0.9829,1.0,0.9479,0.2949,0.3,0.3792,0.974,1.3616
40.801,1,RETURN_HOME,6.3655,8.513,-1.9758,-0.4515,-1.4521,-2.1953,-0.6515,-1.3,1.4541,0.0,0.0,10.6297,6.1094794273376465,2.5135631561279297,123.49,0,1,180,1.083,0.9843,1.0,0.9542,0.2953,0.3,0.3817,0.977,1.3095
40.85,1,RETURN_HOME,6.3456,8.4441,-1.9709,-0.4689,-1.4445,-2.197,-0.6689,-1.3,1.462,0.0,0.0,10.5626,6.017107963562012,2.5413968563079834,125.24,0,1,180,0.956,0.9857,1.0,0.9607,0.2957,0.3,0.3843,0.98,1.2156
40.901,1,RETURN_HOME,6.3254,8.3767,-1.9691,-0.4861,-1.4369,-2.1988,-0.6861,-1.3,1.47,0.0,0.0,10.4966,5.971033573150635,2.5543689727783203,124.74,0,1,180,1.435,0.987,1.0,0.9673,0.2961,0.3,0.3869,0.983,1.1678
40.95,1,RETURN_HOME,6.3042,8.3095,-1.9684,-0.5038,-1.43,-2.2007,-0.7038,-1.3,1.4783,0.0,0.0,10.4303,5.918752670288086,2.570415496826172,124.99,0,1,180,1.072,0.9883,1.0,0.974,0.2965,0.3,0.3896,0.9861,1.118
41.001,1,RETURN_HOME,6.2856,8.2536,-1.9684,-0.5187,-1.4249,-2.2024,-0.7187,-1.2,1.3988,0.0,0.0,10.3745,5.825495719909668,2.6004478931427,124.24,0,1,180,1.124,0.9938,1.0,0.9267,0.2981,0.3,0.3707,0.9688,1.3314
41.051,1,RETURN_HOME,6.259,8.1863,-1.9736,-0.5379,-1.4204,-2.2046,-0.7379,-1.2,1.4087,0.0,0.0,10.3049,5.780007362365723,2.616542100906372,125.74,0,1,180,1.37,0.9949,1.0,0.9343,0.2985,0.3,0.3737,0.9722,1.2854
41.101,1,RETURN_HOME,6.2318,8.119,-1.9786,-0.5571,-1.4166,-2.2069,-0.7571,-1.2,1.4189,0.0,0.0,10.2349,5.682253360748291,2.650137186050415,126.24,0,1,180,1.127,0.9958,1.0,0.9419,0.2987,0.3,0.3768,0.9755,1.1896
41.15,1,RETURN_HOME,6.2026,8.0522,-1.9825,-0.5764,-1.4101,-2.2092,-0.7764,-1.2,1.4293,0.0,0.0,10.1641,5.637099742889404,2.667752742767334,124.24,0,1,180,1.004,0.9966,1.0,0.9496,0.299,0.3,0.3799,0.9788,1.1431
41.201,1,RETURN_HOME,6.1705,7.9864,-1.9847,-0.5965,-1.4007,-2.2116,-0.7965,-1.2,1.4403,0.0,0.0,10.0925,5.591007232666016,2.683943748474121,126.99,0,1,180,1.065,0.9974,1.0,0.9577,0.2992,0.3,0.3831,0.9823,1.0953
41.251,1,RETURN_HOME,6.1435,7.9318,-1.9865,-0.6132,-1.3917,-2.2136,-0.7132,-1.2,1.396,0.0,0.0,10.0327,5.4942474365234375,2.7223308086395264,126.24,0,1,180,1.581,0.9925,1.0,0.9236,0.2977,0.3,0.3695,0.9672,1.0071
41.301,1,RETURN_HOME,6.1099,7.8678,-1.9889,-0.6337,-1.3799,-2.2161,-0.8337,-1.1,1.3802,0.0,0.0,9.9615,5.450303554534912,2.741767406463623,126.49,0,1,180,1.836,0.9999,1.0,0.9201,0.3,0.3,0.368,0.968,1.2466
41.351,1,RETURN_HOME,6.0754,7.8046,-1.9913,-0.6539,-1.3682,-2.2188,-0.8539,-1.1,1.3925,0.0,0.0,9.8905,5.407595157623291,2.7578048706054688,126.74,0,1,180,1.627,1.0,1.0,0.9284,0.3,0.3,0.3713,0.9713,1.1987
41.401,1,RETURN_HOME,6.0406,7.7414,-1.9936,-0.6713,-1.3571,-2.2212,-0.8713,-1.1,1.4033,0.0,0.0,9.8193,5.311635494232178,2.8006014823913574,125.49,0,1,180,1.446,1.0,1.0,0.9355,0.3,0.3,0.3742,0.9742,1.1082
41.451,1,RETURN_HOME,6.0105,7.6894,-1.9944,-0.686,-1.3465,-2.2231,-0.886,-1.1,1.4124,0.0,0.0,9.7598,5.267508506774902,2.820504903793335,126.99,0,1,180,1.569,0.9999,1.0,0.9415,0.3,0.3,0.3766,0.9766,1.064
41.501,1,RETURN_HOME,5.974,7.6272,-1.9954,-0.704,-1.3327,-2.2252,-0.804,-1.1,1.3625,0.0,0.0,9.6883,5.173636436462402,2.8647027015686035,127.49,0,1,180,1.619,0.9994,1.0,0.9078,0.2998,0.3,0.3631,0.963,0.9802
41.551,1,RETURN_HOME,5.9377,7.5642,-1.9956,-0.7227,-1.3187,-2.2275,-0.7227,-1.1,1.3162,0.0,0.0,9.6163,5.128551959991455,2.885768175125122,127.24,0,1,180,1.516,0.9965,1.0,0.8743,0.2989,0.3,0.3497,0.9487,0.9447
41.601,1,RETURN_HOME,5.9016,7.4995,-1.9942,-0.7419,-1.3055,-2.23,-0.6419,-1.1,1.2736,0.0,0.0,9.5431,5.041810512542725,2.9293270111083984,126.49,0,1,180,1.615,0.9904,1.0,0.8409,0.2971,0.3,0.3364,0.9335,0.8626
41.651,1,RETURN_HOME,5.8648,7.4356,-1.9932,-0.7596,-1.2925,-2.2324,-0.6596,-1.0925,1.2762,0.0,0.0,9.4701,4.995699882507324,2.953601598739624,125.99,0,1,180,1.585,0.9922,1.0,0.8442,0.2977,0.3,0.3377,0.9353,0.8411
41.701,1,RETURN_HOME,5.8252,7.3727,-1.9922,-0.7735,-1.2798,-2.2342,-0.6735,-1.0798,1.2726,0.0,0.0,9.3963,4.952008247375488,2.976050853729248,128.24,0,1,180,1.597,0.9938,1.0,0.8432,0.2982,0.3,0.3373,0.9354,0.8354
41.751,1,RETURN_HOME,5.7845,7.3106,-1.9916,-0.781,-1.2679,-2.2357,-0.581,-1.0679,1.2157,0.0,0.0,9.3224,4.869051456451416,3.0192654132843018,126.49,0,1,180,1.527,0.9854,1.0,0.7986,0.2956,0.3,0.3194,0.9151,0.7945
41.801,1,RETURN_HOME,5.7441,7.2493,-1.9913,-0.7831,-1.2571,-2.237,-0.5831,-1.0571,1.2073,0.0,0.0,9.2492,4.820376873016357,3.043099880218506,128.24,0,1,180,1.76,0.9862,1.0,0.7938,0.2959,0.3,0.3175,0.9134,0.7821
41.852,1,RETURN_HOME,5.702,7.1881,-1.99,-0.7829,-1.2476,-2.2384,-0.5829,-1.0476,1.1988,0.0,0.0,9.1751,4.736164093017578,3.090546131134033,126.24,0,1,180,1.611,0.9868,1.0,0.7886,0.296,0.3,0.3154,0.9115,0.7311
41.901,1,RETURN_HOME,5.6606,7.1275,-1.9891,-0.7785,-1.2381,-2.2398,-0.5785,-1.0381,1.1884,0.0,0.0,9.1019,4.695311546325684,3.114145278930664,126.24,0,1,180,1.903,0.9868,1.0,0.7818,0.296,0.3,0.3127,0.9088,0.7179
41.951,1,RETURN_HOME,5.6284,7.0775,-1.9873,-0.7722,-1.2299,-2.2408,-0.5722,-1.0299,1.1782,0.0,0.0,9.0427,4.645885467529297,3.1391804218292236,126.74,0,1,180,1.635,0.9865,1.0,0.7748,0.2959,0.3,0.3099,0.9059,0.6986
42.001,1,RETURN_HOME,5.5988,7.028,-1.984,-0.764,-1.2215,-2.2415,0.0,0.0,0.0,0.0,0.0,8.9855,4.563040256500244,3.184504508972168,127.74,0,0,180,1.562,,,,,,,,
42.051,1,RETURN_HOME,5.5636,6.9691,-1.9807,-0.755,-1.2131,-2.2422,0.0,0.0,0.0,0.0,0.0,8.9175,4.52040958404541,3.20918345451355,127.99,0,0,180,1.52,,,,,,,,
42.101,1,RETURN_HOME,5.5273,6.9107,-1.9773,-0.7468,-1.2051,-2.2423,0.0,0.0,0.0,0.0,0.0,8.8492,4.431506156921387,3.2570061683654785,127.74,0,0,180,1.572,,,,,,,,
42.151,1,RETURN_HOME,5.4908,6.8535,-1.9748,-0.7219,-1.1672,-2.2426,-0.6219,-0.9672,1.1499,0.0,0.0,8.7818,4.395269393920898,3.2767279148101807,127.49,0,1,180,1.439,0.9946,1.0,0.7624,0.2984,0.3,0.305,0.9034,0.6649
42.201,1,RETURN_HOME,5.456,6.7988,-1.9742,-0.6822,-1.1015,-2.2433,-0.8822,-0.9015,1.2613,0.0,0.0,8.7174,4.368847846984863,3.3010876178741455,127.24,0,1,180,1.62,0.9952,1.0,0.8368,0.2986,0.3,0.3347,0.9333,0.8247
42.251,1,RETURN_HOME,5.4285,6.7488,-1.9762,-0.6311,-1.0179,-2.2433,-0.7311,-0.9179,1.1735,0.0,0.0,8.6611,4.31894588470459,3.3475565910339355,126.74,0,1,180,1.515,1.0,1.0,0.7823,0.3,0.3,0.3129,0.9129,0.7318
42.301,1,RETURN_HOME,5.4025,6.7021,-1.9789,-0.5993,-0.9599,-2.2424,-0.7993,-0.8599,1.174,0.0,0.0,8.6084,4.275068759918213,3.3653793334960938,127.24,0,1,180,1.855,0.9975,1.0,0.7807,0.2993,0.3,0.3123,0.9116,0.8669
42.351,1,RETURN_HOME,5.3794,6.6586,-1.981,-0.5895,-0.9262,-2.2416,-0.7895,-0.8262,1.1428,0.0,0.0,8.56,4.160557746887207,3.4006741046905518,125.99,0,1,180,1.563,0.9965,1.0,0.7592,0.299,0.3,0.3037,0.9027,0.8706
42.402,1,RETURN_HOME,5.3635,6.6249,-1.9814,-0.5908,-0.9109,-2.2415,-0.7908,-0.8109,1.1327,0.0,0.0,8.5239,4.115784645080566,3.3956618309020996,-33.41,0,1,180,1.581,0.9957,1.0,0.7519,0.2987,0.3,0.3008,0.8995,0.8778
42.451,1,RETURN_HOME,5.343,6.5846,-1.9816,-0.6023,-0.903,-2.2417,-0.8023,-0.803,1.1352,0.0,0.0,8.4797,4.043621063232422,3.342013359069824,-33.66,0,1,180,1.557,0.9947,1.0,0.7527,0.2984,0.3,0.3011,0.8995,0.8349
42.501,1,RETURN_HOME,5.3206,6.545,-1.9823,-0.6199,-0.8999,-2.2422,-0.8199,-0.7999,1.1455,0.0,0.0,8.4348,4.007014751434326,3.3134264945983887,-34.16,0,1,180,1.529,0.9934,1.0,0.7586,0.298,0.3,0.3034,0.9014,0.8164
42.551,1,RETURN_HOME,5.2962,6.5058,-1.9836,-0.6396,-0.8971,-2.243,-0.8396,-0.7971,1.1577,0.0,0.0,8.389,3.9475550651550293,3.2619192600250244,-34.41,0,1,180,1.548,0.9918,1.0,0.7655,0.2975,0.3,0.3062,0.9037,0.7611
42.601,1,RETURN_HOME,5.2701,6.4662,-1.9849,-0.6592,-0.8933,-2.2441,-0.8592,-0.7933,1.1694,0.0,0.0,8.3418,3.9154300689697266,3.234288454055786,-34.91,0,1,180,1.542,0.99,1.0,0.7718,0.297,0.3,0.3087,0.9057,0.7425
42.651,1,RETURN_HOME,5.2462,6.4278,-1.9913,-0.6763,-0.8874,-2.2457,-0.8763,-0.7874,1.1781,0.0,0.0,8.2969,3.8830835819244385,3.203024387359619,-35.41,0,1,180,1.609,0.9881,1.0,0.7761,0.2964,0.3,0.3104,0.9069,0.7253
42.701,1,RETURN_HOME,5.2248,6.3955,-1.9962,-0.6899,-0.8815,-2.2472,-0.7899,-0.7815,1.1111,0.0,0.0,8.2584,3.822145938873291,3.146517515182495,-35.16,0,1,180,1.616,0.9944,1.0,0.7366,0.2983,0.3,0.2947,0.893,0.6967
42.752,1,RETURN_HOME,5.1977,6.3563,-2.0019,-0.7057,-0.8739,-2.2488,-0.8057,-0.7739,1.1172,0.0,0.0,8.2109,3.7901453971862793,3.11787486076355,-36.41,0,1,180,1.755,0.9928,1.0,0.7394,0.2978,0.3,0.2958,0.8936,0.6852
42.801,1,RETURN_HOME,5.1697,6.3161,-2.0087,-0.7212,-0.8662,-2.2504,-0.8212,-0.7662,1.1232,0.0,0.0,8.1621,3.7270708084106445,3.0561981201171875,-36.41,0,1,180,1.597,0.991,1.0,0.7421,0.2973,0.3,0.2968,0.8941,0.6464
42.851,1,RETURN_HOME,5.1402,6.2761,-2.0146,-0.7346,-0.8583,-2.2518,-0.8346,-0.7583,1.1276,0.0,0.0,8.1124,3.6986775398254395,3.0277481079101562,-36.66,0,1,180,1.484,0.9892,1.0,0.7437,0.2968,0.3,0.2975,0.8942,0.6413
42.901,1,RETURN_HOME,5.1078,6.2371,-2.0214,-0.7463,-0.8501,-2.2531,-0.8463,-0.7501,1.1309,0.0,0.0,8.0617,3.667799949645996,2.998483896255493,-36.91,0,1,180,1.735,0.9873,1.0,0.7444,0.2962,0.3,0.2977,0.8939,0.6396
42.951,1,RETURN_HOME,5.079,6.2054,-2.0278,-0.7554,-0.8431,-2.254,-0.7554,-0.7431,1.0596,0.0,0.0,8.0189,3.6060752868652344,2.9345204830169678,-38.16,0,1,180,1.576,0.9942,1.0,0.7023,0.2983,0.3,0.2809,0.8792,0.611
43.001,1,RETURN_HOME,5.0438,6.1673,-2.0342,-0.7659,-0.8352,-2.255,-0.7659,-0.7352,1.0616,0.0,0.0,7.9672,3.57501220703125,2.9054665565490723,-38.16,0,1,180,1.788,0.9928,1.0,0.7026,0.2978,0.3,0.2811,0.8789,0.6052
43.051,1,RETURN_HOME,5.0062,6.1287,-2.0399,-0.7769,-0.8277,-2.2561,-0.7769,-0.7277,1.0644,0.0,0.0,7.9135,3.5468451976776123,2.8759326934814453,-38.66,0,1,180,1.635,0.9911,1.0,0.7033,0.2973,0.3,0.2813,0.8787,0.5979
43.101,1,RETURN_HOME,4.968,6.0902,-2.0446,-0.7854,-0.8202,-2.2573,-0.8854,-0.6202,1.081,0.0,0.0,7.8595,3.4850168228149414,2.8120741844177246,-39.16,0,1,180,1.849,0.9623,1.0,0.6935,0.2887,0.3,0.2774,0.8661,0.6597
43.151,1,RETURN_HOME,4.9358,6.0582,-2.0476,-0.7908,-0.8141,-2.2582,-0.8908,-0.6141,1.0819,0.0,0.0,7.8144,3.4541127681732178,2.7844760417938232,-39.41,0,1,180,1.71,0.9601,1.0,0.6925,0.288,0.3,0.277,0.865,0.6409
43.201,1,RETURN_HOME,4.8904,6.0127,-2.0486,-0.7963,-0.8066,-2.2589,-0.8963,-0.6066,1.0823,0.0,0.0,7.7504,3.394890785217285,2.7215163707733154,-40.41,0,1,180,1.423,0.9574,1.0,0.6908,0.2872,0.3,0.2763,0.8635,0.6471
43.251,1,RETURN_HOME,4.8578,5.9804,-2.0489,-0.8013,-0.7994,-2.2591,-0.9013,-0.5994,1.0824,0.0,0.0,7.7048,3.3641233444213867,2.690639019012451,-40.91,0,1,180,1.532,0.9548,1.0,0.689,0.2864,0.3,0.2756,0.8621,0.623
43.301,1,RETURN_HOME,4.8192,5.9412,-2.0495,-0.8091,-0.7892,-2.2593,-0.9091,-0.5892,1.0833,0.0,0.0,7.65,3.3060388565063477,2.632673740386963,-41.91,0,1,180,1.524,0.951,1.0,0.6869,0.2853,0.3,0.2747,0.86,0.5934
43.351,1,RETURN_HOME,4.7808,5.9018,-2.0504,-0.8188,-0.7775,-2.2596,-0.7188,-0.6775,0.9877,0.0,0.0,7.5952,3.2723963260650635,2.5994338989257812,-41.91,0,1,180,1.651,0.991,1.0,0.6526,0.2973,0.3,0.261,0.8583,0.5044
43.401,1,RETURN_HOME,4.7417,5.8631,-2.0509,-0.8304,-0.7643,-2.2599,-0.7304,-0.6643,0.9873,0.0,0.0,7.5406,3.244656562805176,2.570493459701538,-42.66,0,1,180,1.658,0.9884,1.0,0.6505,0.2965,0.3,0.2602,0.8567,0.5153
43.451,1,RETURN_HOME,4.7102,5.8319,-2.0547,-0.8404,-0.7524,-2.2604,-0.7404,-0.6524,0.9868,0.0,0.0,7.4964,3.1874053478240967,2.5122146606445312,-43.16,0,1,180,1.544,0.9857,1.0,0.6485,0.2957,0.3,0.2594,0.8551,0.5033
43.501,1,RETURN_HOME,4.672,5.7951,-2.0593,-0.848,-0.7397,-2.2615,-0.748,-0.6397,0.9843,0.0,0.0,7.4438,3.1545183658599854,2.478616952896118,-44.17,0,1,180,1.672,0.983,1.0,0.645,0.2949,0.3,0.258,0.8529,0.5116
43.551,1,RETURN_HOME,4.6397,5.7649,-2.0624,-0.8504,-0.7312,-2.2622,-0.7504,-0.6312,0.9806,0.0,0.0,7.4001,3.1273107528686523,2.449571371078491,-43.92,0,1,180,1.758,0.9813,1.0,0.6415,0.2944,0.3,0.2566,0.851,0.5105
43.601,1,RETURN_HOME,4.598,5.7286,-2.0613,-0.851,-0.7232,-2.2625,-0.751,-0.6232,0.9759,0.0,0.0,7.3457,3.074307680130005,2.389448404312134,-44.42,0,1,180,1.603,0.9797,1.0,0.6374,0.2939,0.3,0.255,0.8489,0.4879
43.651,1,RETURN_HOME,4.5559,5.6927,-2.0592,-0.849,-0.7169,-2.2623,-0.749,-0.6169,0.9704,0.0,0.0,7.2913,3.0410172939300537,2.357635021209717,-46.17,0,1,180,1.571,0.9787,1.0,0.6331,0.2936,0.3,0.2532,0.8468,0.4823
43.701,1,RETURN_HOME,4.5205,5.6628,-2.0569,-0.8465,-0.7122,-2.2618,-0.7465,-0.6122,0.9655,0.0,0.0,7.2459,3.0145037174224854,2.330308437347412,-46.17,0,1,180,1.563,0.978,1.0,0.6295,0.2934,0.3,0.2518,0.8452,0.4728
43.751,1,RETURN_HOME,4.4757,5.6261,-2.0527,-0.844,-0.707,-2.261,-0.644,-0.607,0.885,0.0,0.0,7.1892,2.9595227241516113,2.2723872661590576,-47.17,0,1,180,1.577,0.9898,1.0,0.584,0.2969,0.3,0.2336,0.8305,0.4434
43.801,1,RETURN_HOME,4.4389,5.5959,-2.0493,-0.842,-0.7024,-2.2601,-0.642,-0.6024,0.8804,0.0,0.0,7.1427,2.9296772480010986,2.2421722412109375,-47.42,0,1,180,1.895,0.9893,1.0,0.5806,0.2968,0.3,0.2323,0.829,0.43
43.851,1,RETURN_HOME,4.3948,5.5598,-2.0439,-0.8404,-0.6966,-2.259,-0.6404,-0.5966,0.8753,0.0,0.0,7.087,2.875584125518799,2.1855616569519043,-48.17,0,1,180,1.569,0.9885,1.0,0.5768,0.2965,0.3,0.2307,0.8273,0.3997
43.901,1,RETURN_HOME,4.3502,5.5232,-2.0364,-0.8371,-0.6904,-2.2578,-0.6371,-0.5904,0.8686,0.0,0.0,7.0306,2.8476266860961914,2.1587228775024414,-48.92,0,1,180,1.654,0.9878,1.0,0.572,0.2963,0.3,0.2288,0.8251,0.397
43.952,1,RETURN_HOME,4.3064,5.4873,-2.0298,-0.8313,-0.6837,-2.2563,-0.6313,-0.5837,0.8598,0.0,0.0,6.9754,2.8171510696411133,2.128598213195801,-49.67,0,1,180,1.644,0.9874,1.0,0.5659,0.2962,0.3,0.2264,0.8226,0.3927
44.001,1,RETURN_HOME,4.2699,5.4578,-2.0246,-0.8254,-0.6777,-2.255,-0.6254,-0.5777,0.8514,0.0,0.0,6.9296,2.76460599899292,2.073678731918335,-50.92,0,1,180,1.662,0.9871,1.0,0.5602,0.2961,0.3,0.2241,0.8202,0.3653
44.051,1,RETURN_HOME,4.2264,5.4228,-2.0188,-0.8172,-0.6705,-2.2532,-0.6172,-0.5705,0.8405,0.0,0.0,6.8752,2.7378427982330322,2.0504188537597656,-51.42,0,1,180,1.446,0.9868,1.0,0.5529,0.296,0.3,0.2212,0.8172,0.3662
44.101,1,RETURN_HOME,4.1838,5.3885,-2.014,-0.8083,-0.6632,-2.2513,-0.9083,-0.4632,1.0196,0.0,0.0,6.8221,2.6792469024658203,1.9980411529541016,-53.17,0,1,180,1.482,0.9052,1.0,0.6153,0.2716,0.3,0.2461,0.8177,0.5204
44.151,1,RETURN_HOME,4.1444,5.3579,-2.0095,-0.7972,-0.6547,-2.2494,-0.8972,-0.4547,1.0059,0.0,0.0,6.7737,2.6539018154144287,1.9754390716552734,-53.67,0,1,180,1.6,0.9033,1.0,0.6058,0.271,0.3,0.2423,0.8133,0.5129
44.202,1,RETURN_HOME,4.1057,5.3274,-2.006,-0.786,-0.6466,-2.2471,-0.886,-0.4466,0.9922,0.0,0.0,6.7259,2.6262810230255127,1.950087070465088,-53.92,0,1,180,1.955,0.9016,1.0,0.5964,0.2705,0.3,0.2385,0.809,0.5165
44.251,1,RETURN_HOME,4.0744,5.3029,-2.0035,-0.7822,-0.6383,-2.2449,-0.8822,-0.4383,0.9851,0.0,0.0,6.6874,2.5707321166992188,1.8987219333648682,-55.68,0,1,180,1.535,0.8985,1.0,0.5901,0.2695,0.3,0.236,0.8056,0.5232
44.301,1,RETURN_HOME,4.0398,5.2763,-2.0001,-0.7835,-0.6251,-2.2425,-0.8835,-0.4251,0.9804,0.0,0.0,6.6452,2.5464224815368652,1.8764771223068237,-55.43,0,1,180,1.558,0.8921,1.0,0.5831,0.2676,0.3,0.2332,0.8009,0.5093
44.351,1,RETURN_HOME,4.0046,5.2498,-1.9973,-0.791,-0.6098,-2.2403,-0.591,-0.5098,0.7805,0.0,0.0,6.6029,2.492213249206543,1.8288785219192505,-58.18,0,1,180,1.477,0.9786,1.0,0.5092,0.2936,0.3,0.2037,0.7973,0.353
44.401,1,RETURN_HOME,3.9765,5.2276,-1.9999,-0.7997,-0.5961,-2.2388,-0.6997,-0.4961,0.8577,0.0,0.0,6.5681,2.4679927825927734,1.8060777187347412,-58.68,0,1,180,1.519,0.9542,1.0,0.5456,0.2863,0.3,0.2183,0.8045,0.368
44.451,1,RETURN_HOME,3.9429,5.2011,-2.0061,-0.8122,-0.5789,-2.2376,-0.7122,-0.4789,0.8582,0.0,0.0,6.5267,2.4433510303497314,1.7825268507003784,-58.68,0,1,180,1.753,0.946,1.0,0.5412,0.2838,0.3,0.2165,0.8003,0.401
44.501,1,RETURN_HOME,3.9082,5.1752,-2.0117,-0.8181,-0.5634,-2.2369,-0.7181,-0.4634,0.8546,0.0,0.0,6.4851,2.3957467079162598,1.7343698740005493,-60.43,0,1,180,1.561,0.9391,1.0,0.535,0.2817,0.3,0.214,0.7957,0.4028
44.551,1,RETURN_HOME,3.8742,5.1494,-2.0131,-0.8181,-0.5515,-2.2358,-0.7181,-0.4515,0.8482,0.0,0.0,6.4441,2.3736722469329834,1.7114635705947876,-61.43,0,1,180,1.526,0.9343,1.0,0.5283,0.2803,0.3,0.2113,0.7916,0.4218
44.601,1,RETURN_HOME,3.8398,5.124,-2.0136,-0.8138,-0.5425,-2.2344,-0.7138,-0.4425,0.8399,0.0,0.0,6.4031,2.3292620182037354,1.6684677600860596,-62.68,0,1,180,1.614,0.9313,1.0,0.5215,0.2794,0.3,0.2086,0.788,0.4133
44.652,1,RETURN_HOME,3.805,5.0987,-2.0143,-0.8075,-0.5352,-2.2327,-0.7075,-0.4352,0.8307,0.0,0.0,6.3619,2.3050167560577393,1.6422415971755981,-63.18,0,1,180,1.512,0.9293,1.0,0.5147,0.2788,0.3,0.2059,0.7847,0.4146
44.701,1,RETURN_HOME,3.7753,5.0775,-2.0163,-0.8022,-0.5297,-2.231,-0.7022,-0.4297,0.8232,0.0,0.0,6.3273,2.2819979190826416,1.6222615242004395,-63.93,0,1,180,1.851,0.9278,1.0,0.5092,0.2783,0.3,0.2037,0.782,0.4135
44.751,1,RETURN_HOME,3.7397,5.0524,-2.0182,-0.7961,-0.523,-2.229,-0.6961,-0.423,0.8145,0.0,0.0,6.2859,2.2369637489318848,1.5793436765670776,-65.69,0,1,180,1.631,0.9258,1.0,0.5027,0.2777,0.3,0.2011,0.7788,0.397
44.802,1,RETURN_HOME,3.7044,5.0273,-2.024,-0.7906,-0.5161,-2.2269,-0.6906,-0.4161,0.8063,0.0,0.0,6.2447,2.2142491340637207,1.5571823120117188,-65.69,0,1,180,2.169,0.9236,1.0,0.4965,0.2771,0.3,0.1986,0.7757,0.399
44.851,1,RETURN_HOME,3.6753,5.0063,-2.0312,-0.7867,-0.5102,-2.2249,-0.6867,-0.4102,0.7999,0.0,0.0,6.2106,2.1719861030578613,1.5163946151733398,-68.44,0,1,180,1.529,0.9214,1.0,0.4914,0.2764,0.3,0.1965,0.773,0.381
44.902,1,RETURN_HOME,3.6402,4.9815,-2.0385,-0.7827,-0.5026,-2.2225,-0.6827,-0.4026,0.7926,0.0,0.0,6.1698,2.152036666870117,1.4972206354141235,-69.19,0,1,180,1.67,0.9184,1.0,0.4853,0.2755,0.3,0.1941,0.7696,0.3882
44.951,1,RETURN_HOME,3.6103,4.9599,-2.0424,-0.7798,-0.4966,-2.2206,-0.7798,-0.3966,0.8749,0.0,0.0,6.1347,2.129948616027832,1.474191665649414,-70.69,0,1,180,1.611,0.8911,1.0,0.5197,0.2673,0.3,0.2079,0.7752,0.3834
45.001,1,RETURN_HOME,3.5799,4.938,-2.0447,-0.7771,-0.4906,-2.2186,-0.7771,-0.3906,0.8697,0.0,0.0,6.0991,2.1080431938171387,1.456102728843689,-70.19,0,1,180,1.629,0.888,1.0,0.5149,0.2664,0.3,0.206,0.7724,0.3853
45.051,1,RETURN_HOME,3.5434,4.9124,-2.0466,-0.7733,-0.483,-2.2161,-0.6733,-0.383,0.7746,0.0,0.0,6.057,2.0689783096313477,1.4185125827789307,-72.69,0,1,180,1.53,0.9095,1.0,0.4697,0.2728,0.3,0.1879,0.7607,0.3794
45.101,1,RETURN_HOME,3.5061,4.887,-2.0444,-0.7725,-0.4759,-2.2136,-0.7725,-0.3759,0.8591,0.0,0.0,6.0146,2.0479185581207275,1.3982090950012207,-72.69,0,1,180,1.779,0.8797,1.0,0.5038,0.2639,0.3,0.2015,0.7654,0.3758
45.151,1,RETURN_HOME,3.4684,4.8621,-2.0405,-0.774,-0.4688,-2.2112,-0.674,-0.3688,0.7683,0.0,0.0,5.9724,2.0089004039764404,1.3628110885620117,-75.44,0,1,180,1.545,0.9002,1.0,0.4611,0.2701,0.3,0.1844,0.7545,0.3704
45.201,1,RETURN_HOME,3.4307,4.838,-2.0365,-0.7748,-0.4611,-2.209,-0.7748,-0.3611,0.8549,0.0,0.0,5.9309,1.9892747402191162,1.346184492111206,-75.95,0,1,180,1.59,0.8689,1.0,0.4952,0.2607,0.3,0.1981,0.7587,0.3701
45.251,1,RETURN_HOME,3.3932,4.8151,-2.0318,-0.7765,-0.4533,-2.2068,-0.6765,-0.3533,0.7632,0.0,0.0,5.8906,1.9511643648147583,1.3106024265289307,-78.2,0,1,180,1.57,0.889,1.0,0.4523,0.2667,0.3,0.1809,0.7476,0.3681
45.301,1,RETURN_HOME,3.3557,4.7926,-2.0276,-0.7768,-0.4452,-2.2045,-0.7768,-0.3452,0.85,0.0,0.0,5.8506,1.9316380023956299,1.2934314012527466,-78.95,0,1,180,1.661,0.8568,1.0,0.4855,0.257,0.3,0.1942,0.7512,0.3691
45.352,1,RETURN_HOME,3.3192,4.7699,-2.0226,-0.7772,-0.4375,-2.2022,-0.7772,-0.3375,0.8473,0.0,0.0,5.8112,1.9155809879302979,1.2773661613464355,-80.2,0,1,180,1.798,0.8509,1.0,0.4807,0.2553,0.3,0.1923,0.7475,0.3774
45.401,1,RETURN_HOME,3.2897,4.7508,-2.0179,-0.7759,-0.4312,-2.2003,-0.7759,-0.3312,0.8436,0.0,0.0,5.7786,1.8777748346328735,1.24569571018219,-82.45,0,1,180,1.624,0.8464,1.0,0.476,0.2539,0.3,0.1904,0.7443,0.3641
45.451,1,RETURN_HOME,3.254,4.7285,-2.0129,-0.7752,-0.4238,-2.1978,-0.7752,-0.3238,0.8401,0.0,0.0,5.74,1.8586944341659546,1.2300187349319458,-81.95,0,1,180,1.624,0.8406,1.0,0.4708,0.2522,0.3,0.1883,0.7405,0.3764
45.502,1,RETURN_HOME,3.2255,4.7102,-2.0101,-0.7754,-0.4178,-2.1956,-0.7754,-0.3178,0.838,0.0,0.0,5.7087,1.8417000770568848,1.2144601345062256,-83.95,0,1,180,1.844,0.8357,1.0,0.4669,0.2507,0.3,0.1868,0.7375,0.3836
45.551,1,RETURN_HOME,3.1911,4.6887,-2.0074,-0.7769,-0.4104,-2.1929,-0.7769,-0.3104,0.8366,0.0,0.0,5.6716,1.8077030181884766,1.1840479373931885,-85.95,0,1,180,1.582,0.8292,1.0,0.4625,0.2488,0.3,0.185,0.7337,0.3739
45.602,1,RETURN_HOME,3.1562,4.6678,-2.0052,-0.7793,-0.4026,-2.1901,-0.7793,-0.3026,0.836,0.0,0.0,5.6347,1.7916523218154907,1.1697003841400146,-86.46,0,1,180,1.778,0.822,1.0,0.4582,0.2466,0.3,0.1833,0.7299,0.3887
45.651,1,RETURN_HOME,3.1213,4.6482,-2.0026,-0.7819,-0.3941,-2.1872,-0.8819,-0.2941,0.9297,0.0,0.0,5.5989,1.7573609352111816,1.139561414718628,-88.96,0,1,180,1.648,0.7915,1.0,0.4905,0.2374,0.3,0.1962,0.7337,0.4402
45.701,1,RETURN_HOME,3.0859,4.629,-2.0005,-0.7846,-0.3854,-2.1847,-0.8846,-0.2854,0.9294,0.0,0.0,5.5633,1.7430105209350586,1.1265748739242554,-90.71,0,1,180,1.671,0.7834,1.0,0.4854,0.235,0.3,0.1942,0.7292,0.4693
45.751,1,RETURN_HOME,3.0561,4.6138,-1.9992,-0.7866,-0.3778,-2.1825,-0.8866,-0.2778,0.9291,0.0,0.0,5.5342,1.7273871898651123,1.1145374774932861,-92.21,0,1,180,1.616,0.7762,1.0,0.4808,0.2329,0.3,0.1923,0.7252,0.4867
45.801,1,RETURN_HOME,3.02,4.5979,-1.9981,-0.7914,-0.3682,-2.1797,-0.8914,-0.2682,0.9309,0.0,0.0,5.501,1.6944204568862915,1.0879231691360474,-94.96,0,1,180,1.637,0.7665,1.0,0.4757,0.2299,0.3,0.1903,0.7202,0.5042
45.851,1,RETURN_HOME,2.9893,4.5848,-1.9974,-0.7974,-0.3603,-2.1773,-0.8974,-0.2603,0.9344,0.0,0.0,5.4733,1.6813734769821167,1.0758720636367798,-95.71,0,1,180,1.656,0.7579,1.0,0.4721,0.2274,0.3,0.1888,0.7162,0.4881
45.902,1,RETURN_HOME,2.958,4.5722,-1.9984,-0.8048,-0.3523,-2.1747,-0.9048,-0.2523,0.9393,0.0,0.0,5.4456,1.664226770401001,1.0645368099212646,-96.71,0,1,180,2.022,0.7488,1.0,0.4689,0.2246,0.3,0.1875,0.7122,0.512
45.951,1,RETURN_HOME,2.9192,4.5579,-2.0019,-0.8147,-0.3425,-2.1716,-0.9147,-0.2425,0.9463,0.0,0.0,5.4126,1.6354281902313232,1.0393391847610474,-98.47,0,1,180,1.622,0.7371,1.0,0.465,0.2211,0.3,0.186,0.7071,0.5401
46.001,1,RETURN_HOME,2.8799,4.5438,-2.005,-0.8251,-0.3328,-2.1686,-0.9251,-0.2328,0.9539,0.0,0.0,5.3796,1.6225578784942627,1.0274255275726318,-99.97,0,1,180,1.806,0.7253,1.0,0.4612,0.2176,0.3,0.1845,0.7021,0.536
46.051,1,RETURN_HOME,2.8401,4.5299,-2.008,-0.8354,-0.3234,-2.1658,-0.9354,-0.2234,0.9617,0.0,0.0,5.3466,1.5957623720169067,1.0054893493652344,-102.97,0,1,180,1.545,0.7135,1.0,0.4574,0.214,0.3,0.183,0.697,0.534
46.101,1,RETURN_HOME,2.7998,4.5162,-2.0108,-0.8453,-0.3142,-2.163,-0.9453,-0.2142,0.9692,0.0,0.0,5.3137,1.5797595977783203,0.9941227436065674,-104.47,0,1,180,1.714,0.7017,1.0,0.4534,0.2105,0.3,0.1814,0.6919,0.5322
46.151,1,RETURN_HOME,2.7658,4.505,-2.0127,-0.8533,-0.3066,-2.1606,-0.9533,-0.2066,0.9754,0.0,0.0,5.2862,1.5671868324279785,0.9839334487915039,-105.72,0,1,180,1.844,0.6918,1.0,0.4499,0.2076,0.3,0.18,0.6875,0.5285
46.201,1,RETURN_HOME,2.7245,4.4936,-2.0143,-0.8629,-0.297,-2.1573,-0.9629,-0.197,0.9828,0.0,0.0,5.255,1.5415037870407104,0.9635192155838013,-108.73,0,1,180,1.654,0.6793,1.0,0.4451,0.2038,0.3,0.178,0.6818,0.53
46.251,1,RETURN_HOME,2.6828,4.4825,-2.0153,-0.8724,-0.2872,-2.1537,-0.9724,-0.1872,0.9903,0.0,0.0,5.224,1.5278881788253784,0.9539597630500793,-107.97,0,1,180,1.625,0.6665,1.0,0.44,0.1999,0.3,0.176,0.6759,0.5279
46.301,1,RETURN_HOME,2.6387,4.4715,-2.0166,-0.8825,-0.2775,-2.1497,-0.8825,-0.2775,0.9251,0.0,0.0,5.192,1.5051809549331665,0.9361223578453064,-111.48,0,1,180,1.541,0.7431,1.0,0.4583,0.2229,0.3,0.1833,0.7063,0.4326
46.351,1,RETURN_HOME,2.5988,4.4625,-2.0181,-0.8918,-0.2694,-2.1462,-0.8918,-0.2694,0.9316,0.0,0.0,5.1641,1.492828130722046,0.9289222359657288,-113.98,0,1,180,1.642,0.7316,1.0,0.4544,0.2195,0.3,0.1818,0.7012,0.4591
46.401,1,RETURN_HOME,2.5512,4.4519,-2.0196,-0.9032,-0.2594,-2.142,-0.9032,-0.2594,0.9397,0.0,0.0,5.1311,1.4793592691421509,0.9183114171028137,-115.98,0,1,180,1.547,0.7174,1.0,0.4494,0.2152,0.3,0.1798,0.695,0.4919
46.451,1,RETURN_HOME,2.5193,4.4446,-2.0185,-0.9096,-0.2544,-2.1391,-0.9096,-0.2544,0.9445,0.0,0.0,5.1089,1.469461441040039,0.912255585193634,-117.23,0,1,180,1.751,0.7092,1.0,0.4465,0.2128,0.3,0.1786,0.6914,0.5011
46.501,1,RETURN_HOME,2.4708,4.4327,-2.0093,-0.9173,-0.2498,-2.1346,-0.9173,-0.2498,0.9507,0.0,0.0,5.0748,1.446866512298584,0.8992965221405029,-119.99,0,1,180,1.581,0.6992,1.0,0.4432,0.2098,0.3,0.1773,0.687,0.5082
46.551,1,RETURN_HOME,2.4306,4.4228,-2.0024,-0.9218,-0.2475,-2.1306,-0.9218,-0.2475,0.9545,0.0,0.0,5.0467,1.4325608015060425,0.893225371837616,-122.74,0,1,180,1.577,0.6924,1.0,0.4406,0.2077,0.3,0.1762,0.6839,0.4852
46.601,1,RETURN_HOME,2.3823,4.41,-1.9955,-0.926,-0.2463,-2.1253,-0.926,-0.2463,0.9582,0.0,0.0,5.0123,1.4223136901855469,0.8876842856407166,-123.49,0,1,180,1.678,0.6855,1.0,0.4379,0.2056,0.3,0.1752,0.6808,0.4648
46.652,1,RETURN_HOME,2.334,4.3964,-1.99,-0.9295,-0.2462,-2.1197,-0.8295,-0.2462,0.8653,0.0,0.0,4.9775,1.3997349739074707,0.8786758780479431,-126.99,0,1,180,1.727,0.7008,1.0,0.4043,0.2102,0.3,0.1617,0.672,0.4624
46.701,1,RETURN_HOME,2.2861,4.383,-1.9855,-0.9328,-0.246,-2.1139,-0.8328,-0.246,0.8683,0.0,0.0,4.9434,1.3864163160324097,0.8764539361000061,-129.24,0,1,180,1.573,0.6947,1.0,0.4021,0.2084,0.3,0.1608,0.6692,0.4636
46.751,1,RETURN_HOME,2.2484,4.3723,-1.9817,-0.9347,-0.2453,-2.1092,-0.8347,-0.2453,0.87,0.0,0.0,4.9165,1.3656026124954224,0.8734518885612488,-134.0,0,1,180,1.489,0.6895,1.0,0.3999,0.2069,0.3,0.16,0.6668,0.457
46.801,1,RETURN_HOME,2.2039,4.3596,-1.9779,-0.9348,-0.2438,-2.1036,-0.8348,-0.2438,0.8696,0.0,0.0,4.885,1.355034351348877,0.8738650679588318,-133.75,0,1,180,1.563,0.6833,1.0,0.3961,0.205,0.3,0.1585,0.6634,0.4768
46.851,1,RETURN_HOME,2.1593,4.3471,-1.9749,-0.9326,-0.242,-2.0978,-0.8326,-0.242,0.8671,0.0,0.0,4.8539,1.331769585609436,0.8784915208816528,-134.75,0,1,180,1.517,0.6772,1.0,0.3914,0.2031,0.3,0.1566,0.6597,0.4395
46.901,1,RETURN_HOME,2.1206,4.3345,-1.9723,-0.9305,-0.2412,-2.0927,-0.8305,-0.2412,0.8648,0.0,0.0,4.8255,1.3210688829421997,0.8867406249046326,-135.0,0,1,180,1.522,0.6725,1.0,0.3877,0.2018,0.3,0.1551,0.6568,0.428
46.951,1,RETURN_HOME,2.0668,4.3175,-1.9697,-0.9262,-0.2398,-2.0852,-0.8262,-0.2398,0.8604,0.0,0.0,4.7867,1.310913324356079,0.8982417583465576,-135.0,0,1,180,1.508,0.6661,1.0,0.3821,0.1998,0.3,0.1528,0.6527,0.4222
47.001,1,RETURN_HOME,2.0275,4.3047,-1.9696,-0.9232,-0.2394,-2.0795,-0.8232,-0.2394,0.8573,0.0,0.0,4.7583,1.2895079851150513,0.9442821741104126,-135.0,0,1,180,1.685,0.6617,0.9761,0.3782,0.1985,0.2928,0.1513,0.6427,0.3821
47.051,1,RETURN_HOME,1.9787,4.288,-1.9717,-0.9203,-0.2396,-2.0725,-0.9203,-0.1396,0.9308,0.0,0.0,4.7225,1.280500888824463,0.9783449172973633,-135.0,0,1,180,1.476,0.5504,1.0,0.3416,0.1651,0.3,0.1366,0.6018,0.4762
47.102,1,RETURN_HOME,1.9307,4.2721,-1.9739,-0.9171,-0.2396,-2.0651,-0.9171,-0.1396,0.9276,0.0,0.0,4.6881,1.2687302827835083,1.0314900875091553,-135.0,0,1,180,1.93,0.5443,1.0,0.3366,0.1633,0.3,0.1346,0.5979,0.4689
47.151,1,RETURN_HOME,1.8854,4.2554,-1.977,-0.9127,-0.2394,-2.0572,-0.9127,-0.1394,0.9232,0.0,0.0,4.6544,1.2477869987487793,1.1892664432525635,26.9,0,1,180,1.668,0.5385,1.0,0.3314,0.1615,0.3,0.1326,0.5941,0.4608
47.201,1,RETURN_HOME,1.8488,4.2417,-1.9797,-0.9103,-0.2369,-2.0505,-0.7103,-0.2369,0.7488,0.0,0.0,4.6271,1.236670970916748,1.1812766790390015,28.4,0,1,180,1.524,0.6691,0.8603,0.334,0.2007,0.2581,0.1336,0.5924,0.4302
47.251,1,RETURN_HOME,1.8049,4.226,-1.9828,-0.9102,-0.231,-2.0424,-0.7102,-0.231,0.7468,0.0,0.0,4.5954,1.2145795822143555,1.1649796962738037,24.15,0,1,180,1.54,0.658,0.8758,0.3276,0.1974,0.2627,0.131,0.5912,0.4376
47.301,1,RETURN_HOME,1.7707,4.2138,-1.9824,-0.9114,-0.2242,-2.0359,-0.7114,-0.2242,0.7459,0.0,0.0,4.5707,1.2072409391403198,1.1576670408248901,26.4,0,1,180,1.458,0.6466,0.9059,0.3215,0.194,0.2718,0.1286,0.5944,0.4167
47.351,1,RETURN_HOME,1.7298,4.2,-1.9813,-0.91,-0.2169,-2.0285,-0.71,-0.2169,0.7424,0.0,0.0,4.5422,1.1983956098556519,1.1515628099441528,24.15,0,1,180,1.656,0.6344,0.9418,0.314,0.1903,0.2825,0.1256,0.5984,0.403
47.401,1,RETURN_HOME,1.6888,4.1869,-1.9804,-0.9042,-0.2117,-2.021,-0.7042,-0.2117,0.7353,0.0,0.0,4.5147,1.1794987916946411,1.1363667249679565,25.4,0,1,180,1.568,0.6252,0.9427,0.3065,0.1876,0.2828,0.1226,0.593,0.385
47.451,1,RETURN_HOME,1.648,4.1744,-1.9785,-0.8944,-0.209,-2.0133,-0.6944,-0.209,0.7252,0.0,0.0,4.4879,1.1687439680099487,1.1290154457092285,25.9,0,1,180,1.562,0.6197,0.9666,0.2996,0.1859,0.29,0.1198,0.5957,0.3949
47.501,1,RETURN_HOME,1.6074,4.1622,-1.9771,-0.8821,-0.2077,-2.0054,-0.6821,-0.2077,0.713,0.0,0.0,4.4618,1.1519794464111328,1.1160484552383423,23.65,0,1,180,1.509,0.6164,0.9454,0.293,0.1849,0.2836,0.1172,0.5858,0.3901
47.551,1,RETURN_HOME,1.5658,4.1525,-1.9775,-0.869,-0.2065,-1.9974,-0.669,-0.2065,0.7001,0.0,0.0,4.4379,1.1449726819992065,1.1086088418960571,23.65,0,1,180,1.472,0.6131,0.9357,0.2862,0.1839,0.2807,0.1145,0.5791,0.3789
47.601,1,RETURN_HOME,1.5305,4.1459,-1.979,-0.8582,-0.2052,-1.9907,-0.6582,-0.2052,0.6894,0.0,0.0,4.4194,1.1357121467590332,1.102074384689331,22.4,0,1,180,1.595,0.6098,0.9669,0.2803,0.1829,0.2901,0.1121,0.5851,0.3673
47.651,1,RETURN_HOME,1.4889,4.1377,-1.9808,-0.8456,-0.2035,-1.9828,-0.6456,-0.2035,0.6769,0.0,0.0,4.3975,1.1198147535324097,1.0902272462844849,24.9,0,1,180,1.564,0.6059,0.9555,0.2734,0.1818,0.2866,0.1094,0.5778,0.3505
47.701,1,RETURN_HOME,1.4402,4.1282,-1.9868,-0.8317,-0.2015,-1.9736,-0.6317,-0.2015,0.663,0.0,0.0,4.3723,1.112839937210083,1.0835926532745361,21.65,0,1,180,1.877,0.6007,0.9548,0.2655,0.1802,0.2865,0.1062,0.5729,0.3693
47.751,1,RETURN_HOME,1.406,4.1214,-1.9911,-0.8222,-0.1998,-1.967,-0.6222,-0.1998,0.6535,0.0,0.0,4.3546,1.0967721939086914,1.0704889297485352,21.9,0,1,180,1.537,0.5968,0.9524,0.26,0.179,0.2857,0.104,0.5688,0.3573
47.801,1,RETURN_HOME,1.3658,4.113,-1.9959,-0.811,-0.1977,-1.9591,-0.611,-0.1977,0.6422,0.0,0.0,4.3338,1.0898422002792358,1.0653963088989258,19.64,0,1,180,1.407,0.592,0.9472,0.2535,0.1776,0.2842,0.1014,0.5632,0.37
47.851,1,RETURN_HOME,1.3335,4.1058,-2.0006,-0.8011,-0.1959,-1.9525,-0.6011,-0.1959,0.6322,0.0,0.0,4.3169,1.0811545848846436,1.0584548711776733,21.9,0,1,180,1.654,0.5884,0.9652,0.248,0.1765,0.2896,0.0992,0.5653,0.358
47.901,1,RETURN_HOME,1.2954,4.0972,-2.0053,-0.7893,-0.1936,-1.9444,-0.5893,-0.1936,0.6203,0.0,0.0,4.2971,1.0674785375595093,1.046130657196045,20.14,0,1,180,1.434,0.584,0.9486,0.2415,0.1752,0.2846,0.0966,0.5564,0.3213
47.951,1,RETURN_HOME,1.2595,4.089,-2.0081,-0.7768,-0.1912,-1.9362,-0.5768,-0.1912,0.6076,0.0,0.0,4.2786,1.0606447458267212,1.0421497821807861,17.64,0,1,180,1.585,0.5801,0.9735,0.235,0.174,0.2921,0.094,0.5601,0.34
48.001,1,RETURN_HOME,1.2324,4.0828,-2.0082,-0.7655,-0.1889,-1.9293,-0.5655,-0.1889,0.5962,0.0,0.0,4.2647,1.0456024408340454,1.029007911682129,19.39,0,1,180,1.699,0.5775,0.9586,0.2295,0.1732,0.2876,0.0918,0.5527,0.3333
48.051,1,RETURN_HOME,1.2,4.0752,-2.008,-0.752,-0.1864,-1.921,-0.552,-0.1864,0.5826,0.0,0.0,4.2482,1.0384167432785034,1.023281455039978,20.89,0,1,180,1.465,0.5746,0.9848,0.2232,0.1724,0.2954,0.0893,0.5571,0.3534
48.101,1,RETURN_HOME,1.1675,4.0677,-2.0087,-0.7384,-0.1839,-1.9128,-0.5384,-0.1839,0.569,0.0,0.0,4.2319,1.0345927476882935,1.017959713935852,19.14,0,1,180,1.771,0.5718,0.9764,0.2169,0.1715,0.2929,0.0868,0.5512,0.3753
48.151,1,RETURN_HOME,1.1351,4.0602,-2.0101,-0.7248,-0.1816,-1.9046,-0.5248,-0.1816,0.5553,0.0,0.0,4.2159,1.0189180374145508,1.0072201490402222,18.14,0,1,180,1.528,0.5693,0.9668,0.2108,0.1708,0.2901,0.0843,0.5452,0.3432
48.201,1,RETURN_HOME,1.1083,4.0539,-2.011,-0.7136,-0.1797,-1.898,-0.5136,-0.1797,0.5441,0.0,0.0,4.2027,1.0131103992462158,1.0010485649108887,18.64,0,1,180,1.43,0.5674,0.9288,0.2058,0.1702,0.2787,0.0823,0.5312,0.3418
48.251,1,RETURN_HOME,1.0758,4.0482,-2.0113,-0.7005,-0.1771,-1.8901,-0.5005,-0.2771,0.5721,0.0,0.0,4.1887,1.0060763359069824,0.9960657954216003,17.89,0,1,180,1.638,0.6928,0.7266,0.2642,0.2078,0.218,0.1057,0.5315,0.2039
48.301,1,RETURN_HOME,1.0437,4.0426,-2.0112,-0.6875,-0.1742,-1.8821,-0.4875,-0.2742,0.5593,0.0,0.0,4.1752,0.9952967762947083,0.9844954013824463,16.14,0,1,180,1.629,0.6926,0.726,0.2582,0.2078,0.2178,0.1033,0.5289,0.2014
48.351,1,RETURN_HOME,1.0172,4.0378,-2.0111,-0.6766,-0.1717,-1.8756,-0.4766,-0.2717,0.5486,0.0,0.0,4.1639,0.9893559217453003,0.9799858331680298,15.64,0,1,180,1.566,0.6925,0.7144,0.2532,0.2077,0.2143,0.1013,0.5234,0.2162
48.401,1,RETURN_HOME,0.9862,4.0326,-2.014,-0.6635,-0.1712,-1.8678,-0.4635,-0.3712,0.5938,0.0,0.0,4.1514,0.9750272631645203,0.9698936343193054,17.14,0,1,180,1.427,0.7927,0.492,0.3138,0.2378,0.1476,0.1255,0.5109,0.1834
48.451,1,RETURN_HOME,0.9556,4.0269,-2.0164,-0.6504,-0.1733,-1.8602,-0.8504,-0.0733,0.8536,0.0,0.0,4.1387,0.9712809324264526,0.9640985727310181,13.39,0,1,180,1.619,0.3136,1.0,0.2845,0.0941,0.3,0.1138,0.5079,0.4216
48.502,1,RETURN_HOME,0.9295,4.0215,-2.0176,-0.6395,-0.1766,-1.854,-0.4395,-0.3766,0.5788,0.0,0.0,4.1276,0.9649674296379089,0.9576164484024048,16.39,0,1,180,2.191,0.8049,0.477,0.3106,0.2415,0.1431,0.1242,0.5088,0.2091
48.551,1,RETURN_HOME,0.8974,4.0141,-2.0183,-0.6255,-0.1854,-1.846,-0.4255,-0.3854,0.5741,0.0,0.0,4.1132,0.9528025388717651,0.9476104974746704,16.64,0,1,180,1.699,0.8169,0.4541,0.3127,0.2451,0.1362,0.1251,0.5064,0.2106
48.601,1,RETURN_HOME,0.8661,4.0063,-2.0188,-0.621,-0.1882,-1.838,-0.821,-0.0882,0.8257,0.0,0.0,4.0988,0.946434497833252,0.9429113268852234,16.14,0,1,180,1.445,0.3145,1.0,0.2752,0.0943,0.3,0.1101,0.5044,0.359
48.651,1,RETURN_HOME,0.8339,3.9991,-2.0159,-0.6181,-0.1925,-1.8306,-0.4181,-0.3925,0.5735,0.0,0.0,4.0851,0.9361552000045776,0.9325583577156067,14.39,0,1,180,1.562,0.8189,0.455,0.3131,0.2457,0.1365,0.1252,0.5074,0.1864
48.701,1,RETURN_HOME,0.8018,3.9918,-2.0117,-0.614,-0.1984,-1.8228,-0.414,-0.3984,0.5745,0.0,0.0,4.0716,0.9285489916801453,0.9265756607055664,16.39,0,1,180,1.527,0.8217,0.4715,0.3147,0.2465,0.1414,0.1259,0.5138,0.1792
48.751,1,RETURN_HOME,0.7754,3.9854,-2.0087,-0.616,-0.1984,-1.8166,-0.816,0.0016,0.816,0.0,0.0,4.0602,0.9170238971710205,0.9147387146949768,13.14,0,1,180,1.847,0.189,1.0,0.272,0.0567,0.3,0.1088,0.4655,0.5907
48.801,1,RETURN_HOME,0.7367,3.9774,-2.0067,-0.6168,-0.202,-1.8087,-0.8168,-0.002,0.8168,0.0,0.0,4.045,0.9115274548530579,0.9091261625289917,14.64,0,1,180,1.464,0.1845,1.0,0.2723,0.0554,0.3,0.1089,0.4643,0.5783
48.851,1,RETURN_HOME,0.7042,3.9698,-2.0052,-0.6115,-0.2096,-1.8013,-0.8115,-0.0096,0.8116,0.0,0.0,4.0317,0.9037495851516724,0.9010788798332214,13.64,0,1,180,1.594,0.1863,1.0,0.2705,0.0559,0.3,0.1082,0.4641,0.5522
48.901,1,RETURN_HOME,0.6777,3.963,-2.0027,-0.6102,-0.2099,-1.7948,-0.8102,-0.0099,0.8102,0.0,0.0,4.0205,0.8912418484687805,0.8903144598007202,12.89,0,1,180,1.519,0.1807,1.0,0.2701,0.0542,0.3,0.108,0.4622,0.5337
48.952,1,RETURN_HOME,0.6462,3.9547,-1.998,-0.6146,-0.2032,-1.7872,-0.8146,-0.0032,0.8146,0.0,0.0,4.0071,0.8860260248184204,0.8842238783836365,11.14,0,1,180,1.855,0.1651,1.0,0.2715,0.0495,0.3,0.1086,0.4581,0.5543
49.001,1,RETURN_HOME,0.6146,3.9466,-1.9941,-0.6252,-0.1902,-1.7798,-0.8252,0.0098,0.8252,0.0,0.0,3.9942,7.878409385681152,0.8745008707046509,13.14,0,1,180,1.669,0.1422,1.0,0.2751,0.0427,0.3,0.11,0.4527,0.5708
49.052,1,RETURN_HOME,0.5889,3.9392,-1.9919,-0.637,-0.1774,-1.7739,-0.837,0.0226,0.8373,0.0,0.0,3.9829,7.874634265899658,0.869759202003479,12.89,0,1,180,1.657,0.1211,1.0,0.2791,0.0363,0.3,0.1116,0.448,0.5911
49.101,1,RETURN_HOME,0.5529,3.9287,-1.9899,-0.6559,-0.1583,-1.7658,-0.8559,-0.0583,0.8579,0.0,0.0,3.9674,7.866854667663574,0.8658946752548218,13.39,0,1,180,1.578,0.2063,0.8959,0.286,0.0619,0.2688,0.1144,0.445,0.3717
49.152,1,RETURN_HOME,0.5266,3.9219,-1.9888,-0.6701,-0.1443,-1.7602,-0.8701,-0.0443,0.8712,0.0,0.0,3.9571,7.8577775955200195,0.8584545254707336,15.64,0,1,180,2.292,0.1833,0.9155,0.2904,0.055,0.2747,0.1162,0.4458,0.3903
49.201,1,RETURN_HOME,0.4954,3.9138,-1.9847,-0.6863,-0.1277,-1.7535,-0.8863,-0.0277,0.8868,0.0,0.0,3.945,7.853893756866455,0.8564243316650391,16.89,0,1,180,1.568,0.1565,0.9734,0.2956,0.0469,0.292,0.1182,0.4572,0.4469
49.251,1,RETURN_HOME,0.4634,3.9066,-1.9813,-0.7018,-0.1144,-1.7468,-0.9018,-0.0144,0.9019,0.0,0.0,3.9339,7.8460917472839355,0.8553857803344727,19.39,0,1,180,1.636,0.1336,0.9932,0.3006,0.0401,0.298,0.1202,0.4583,0.4633
49.301,1,RETURN_HOME,0.4363,3.9015,-1.9796,-0.7139,-0.1055,-1.7412,-0.9139,-0.0055,0.9139,0.0,0.0,3.9258,7.840341091156006,0.856357216835022,20.64,0,1,180,1.533,0.1171,1.0,0.3046,0.0351,0.3,0.1219,0.457,0.4942
49.351,1,RETURN_HOME,0.4044,3.8977,-1.9802,-0.7276,-0.096,-1.7346,-0.9276,0.004,0.9276,0.0,0.0,3.9186,7.835265636444092,0.8570258617401123,21.65,0,1,180,1.473,0.0989,1.0,0.3092,0.0297,0.3,0.1237,0.4534,0.5166
49.401,1,RETURN_HOME,0.3715,3.8941,-1.981,-0.741,-0.0876,-1.728,-0.941,0.0124,0.9411,0.0,0.0,3.9118,7.831375598907471,0.8658122420310974,24.4,0,1,180,1.725,0.0818,1.0,0.3137,0.0246,0.3,0.1255,0.45,0.531
49.451,1,RETURN_HOME,0.3417,3.8915,-1.9817,-0.7528,-0.0806,-1.7224,-0.9528,0.0194,0.953,0.0,0.0,3.9064,7.829255104064941,0.8701651692390442,25.65,0,1,180,1.652,0.0672,1.0,0.3177,0.0202,0.3,0.1271,0.4472,0.5404
49.502,1,RETURN_HOME,0.3024,3.8888,-1.9826,-0.7681,-0.072,-1.7156,-0.9681,0.028,0.9685,0.0,0.0,3.9006,7.826866626739502,0.8735873699188232,26.9,0,1,180,1.985,0.0487,1.0,0.3228,0.0146,0.3,0.1291,0.4437,0.5511
49.551,1,RETURN_HOME,0.2628,3.8864,-1.9836,-0.7835,-0.0631,-1.7088,-0.9835,0.0369,0.9842,0.0,0.0,3.8953,7.823501110076904,0.8882579207420349,29.4,0,1,180,1.63,0.03,1.0,0.3281,0.009,0.3,0.1312,0.4402,0.5524
49.601,1,RETURN_HOME,0.2226,3.8829,-1.9872,-0.7992,-0.0545,-1.702,-0.9992,0.0455,1.0002,0.0,0.0,3.8893,7.821381568908691,0.8974097371101379,30.65,0,1,180,1.416,0.0118,1.0,0.3334,0.0035,0.3,0.1334,0.4369,0.564
49.651,1,RETURN_HOME,0.1818,3.8797,-1.991,-0.8149,-0.0459,-1.695,-1.0149,0.0541,1.0163,0.0,0.0,3.8839,7.819761753082275,0.9190015196800232,33.16,0,1,180,1.619,-0.0064,1.0,0.3388,-0.0019,0.3,0.1355,0.4336,0.5642
49.701,1,RETURN_HOME,0.1475,3.8774,-1.9938,-0.8278,-0.0386,-1.6889,-1.0278,0.0614,1.0296,0.0,0.0,3.8802,7.819342136383057,0.9294110536575317,34.41,0,1,180,1.502,-0.0216,1.0,0.3432,-0.0065,0.3,0.1373,0.4308,0.5697
49.751,1,RETURN_HOME,0.103,3.8773,-1.9888,-0.8445,-0.0286,-1.6813,-1.0445,0.0714,1.0469,0.0,0.0,3.8786,7.817097187042236,0.9557474851608276,36.66,0,1,180,1.531,-0.0417,1.0,0.349,-0.0125,0.3,0.1396,0.4271,0.5742
49.801,1,RETURN_HOME,0.0582,3.8775,-1.9846,-0.8611,-0.0186,-1.6733,-1.0611,0.0814,1.0642,0.0,0.0,3.8779,7.817994117736816,0.9690960049629211,37.66,0,1,180,1.583,-0.0615,1.0,0.3547,-0.0185,0.3,0.1419,0.4234,0.5845
49.851,1,RETURN_HOME,0.015,3.8789,-1.9798,-0.8768,-0.0083,-1.665,-1.0768,0.0917,1.0807,0.0,0.0,3.879,7.81697940826416,0.9852238893508911,38.91,0,1,180,1.533,-0.081,1.0,0.3602,-0.0243,0.3,0.1441,0.4198,0.5911
49.902,1,RETURN_HOME,-0.02,3.8811,-1.9754,-0.8894,0.0004,-1.6578,-0.8894,0.0004,0.8894,0.0,0.0,3.8812,7.818536758422852,1.018890619277954,40.66,0,1,180,2.001,-0.0056,0.9963,0.2965,-0.0017,0.2989,0.1186,0.4158,0.4836
49.952,1,RETURN_HOME,-0.0628,3.8838,-1.9711,-0.9048,0.0108,-1.6486,-1.0048,0.0108,1.0048,0.0,0.0,3.8843,7.817637920379639,1.0358985662460327,41.66,0,1,180,1.796,-0.0269,1.0,0.3349,-0.0081,0.3,0.134,0.4259,0.519
50.001,1,RETURN_HOME,-0.1033,3.8863,-1.9734,-0.9194,0.021,-1.6393,-1.0194,0.021,1.0196,0.0,0.0,3.8877,7.820633411407471,1.075539469718933,43.42,0,1,180,1.842,-0.0472,1.0,0.3399,-0.0142,0.3,0.1359,0.4218,0.5273
50.051,1,RETURN_HOME,-0.1435,3.8888,-1.9784,-0.9284,0.0278,-1.6299,-1.0284,0.0278,1.0288,0.0,0.0,3.8914,7.820926666259766,1.0931082963943481,44.17,0,1,180,1.587,-0.0639,1.0,0.3429,-0.0192,0.3,0.1372,0.418,0.5379
50.101,1,RETURN_HOME,-0.1846,3.8913,-1.983,-0.9346,0.032,-1.6202,-1.0346,0.032,1.0351,0.0,0.0,3.8957,7.8209404945373535,1.1137911081314087,44.92,0,1,180,1.707,-0.0782,1.0,0.345,-0.0235,0.3,0.138,0.4146,0.5429
50.151,1,RETURN_HOME,-0.229,3.8928,-1.9818,-0.9407,0.034,-1.6102,-1.0407,0.034,1.0412,0.0,0.0,3.8995,7.825108051300049,1.0772571563720703,-38.16,0,1,180,1.568,-0.0913,1.0,0.3471,-0.0274,0.3,0.1388,0.4114,0.5452
50.201,1,RETURN_HOME,-0.2738,3.8944,-1.9808,-0.9469,0.0355,-1.5999,-0.9469,0.0355,0.9476,0.0,0.0,3.904,7.826287746429443,1.0586961507797241,-37.16,0,1,180,1.438,-0.1075,1.0,0.3159,-0.0322,0.3,0.1263,0.3941,0.5504
50.251,1,RETURN_HOME,-0.3205,3.898,-1.9838,-0.9548,0.0377,-1.5892,-0.9548,0.0377,0.9556,0.0,0.0,3.9112,7.829758644104004,1.0231229066848755,-35.16,0,1,180,1.55,-0.1212,1.0,0.3185,-0.0364,0.3,0.1274,0.3911,0.5496
50.301,1,RETURN_HOME,-0.3607,3.9024,-1.9891,-0.9627,0.0401,-1.5801,-0.9627,0.0401,0.9636,0.0,0.0,3.9191,7.831143379211426,1.0073397159576416,-34.16,0,1,180,1.671,-0.1334,1.0,0.3212,-0.04,0.3,0.1285,0.3885,0.5536
50.351,1,RETURN_HOME,-0.409,3.9074,-1.9947,-0.9707,0.0429,-1.5691,-0.9707,0.0429,0.9716,0.0,0.0,3.9288,7.832763195037842,0.9950286746025085,-33.41,0,1,180,1.55,-0.148,1.0,0.3239,-0.0444,0.3,0.1295,0.3852,0.5582
50.401,1,RETURN_HOME,-0.4544,3.9121,-2.0009,-0.975,0.0458,-1.5579,-0.975,0.0458,0.9761,0.0,0.0,3.9384,7.837072849273682,0.9624590277671814,-30.65,0,1,180,1.539,-0.1619,1.0,0.3254,-0.0486,0.3,0.1301,0.3816,0.56
50.451,1,RETURN_HOME,-0.4988,3.9165,-2.0067,-0.9769,0.0487,-1.5466,-0.9769,0.0487,0.9781,0.0,0.0,3.9481,7.8401360511779785,0.9506580233573914,-29.65,0,1,180,1.477,-0.1755,1.0,0.326,-0.0527,0.3,0.1304,0.3777,0.5595
50.501,1,RETURN_HOME,-0.5361,3.92,-2.0108,-0.9775,0.051,-1.5371,-0.9775,0.051,0.9789,0.0,0.0,3.9565,7.843395233154297,0.927013099193573,-26.65,0,1,180,1.536,-0.1869,1.0,0.3263,-0.0561,0.3,0.1305,0.3744,0.5608
50.551,1,RETURN_HOME,-0.58,3.9246,-2.0134,-0.9775,0.0539,-1.5255,-0.9775,0.0539,0.979,0.0,0.0,3.9672,7.845654487609863,0.9143783450126648,-25.15,0,1,180,1.534,-0.2005,1.0,0.3263,-0.0601,0.3,0.1305,0.3704,0.5647
50.602,1,RETURN_HOME,-0.6241,3.929,-2.0151,-0.9776,0.0568,-1.5137,-0.8776,-0.0432,0.8787,0.0,0.0,3.9783,7.847270965576172,0.9058513045310974,-23.9,0,1,180,1.879,-0.1082,0.9426,0.2929,-0.0325,0.2828,0.1172,0.3675,0.4165
50.651,1,RETURN_HOME,-0.6678,3.9324,-2.0159,-0.978,0.0596,-1.5019,-0.878,-0.0404,0.879,0.0,0.0,3.9887,7.853250980377197,0.8917090892791748,-21.14,0,1,180,1.422,-0.1219,0.9482,0.293,-0.0366,0.2845,0.1172,0.3651,0.4194
50.701,1,RETURN_HOME,-0.7033,3.9338,-2.0159,-0.9786,0.0615,-1.492,-0.8786,-0.0385,0.8794,0.0,0.0,3.9962,7.85634183883667,0.8840183019638062,-19.14,0,1,180,1.422,-0.1327,0.9633,0.2931,-0.0398,0.289,0.1173,0.3664,0.4279
50.751,1,RETURN_HOME,-0.7393,3.9353,-2.0157,-0.9778,0.0613,-1.4822,-0.8778,-0.0387,0.8787,0.0,0.0,4.0041,7.85690450668335,0.878758430480957,-17.64,0,1,180,1.526,-0.1412,0.9758,0.2929,-0.0424,0.2928,0.1172,0.3676,0.4385
50.801,1,RETURN_HOME,-0.7904,3.9375,-2.0162,-0.9743,0.0579,-1.4685,-0.8743,-0.0421,0.8753,0.0,0.0,4.016,7.863099575042725,0.8703487515449524,-14.64,0,1,180,1.525,-0.1495,0.9724,0.2918,-0.0448,0.2917,0.1167,0.3636,0.4253
50.851,1,RETURN_HOME,-0.8349,3.9393,-2.0171,-0.9696,0.0531,-1.4568,-1.0696,0.0531,1.0709,0.0,0.0,4.0268,7.864313125610352,0.870241641998291,-12.89,0,1,180,1.483,-0.2556,1.0,0.357,-0.0767,0.3,0.1428,0.3661,0.5768
50.901,1,RETURN_HOME,-0.872,3.9406,-2.0176,-0.9648,0.0484,-1.4469,-1.0648,0.0484,1.0659,0.0,0.0,4.036,0.8706912994384766,0.8706912994384766,-9.88,0,1,180,1.429,-0.2602,1.0,0.3553,-0.0781,0.3,0.1421,0.3641,0.5778
50.951,1,RETURN_HOME,-0.9153,3.9421,-2.0206,-0.9572,0.0414,-1.4349,-1.0572,0.0414,1.058,0.0,0.0,4.047,0.8723437190055847,0.8723437190055847,-10.13,0,1,180,1.493,-0.2641,1.0,0.3527,-0.0792,0.3,0.1411,0.3618,0.5801
51.001,1,RETURN_HOME,-0.9585,3.9434,-2.0234,-0.954,0.0375,-1.4227,-1.054,0.0375,1.0547,0.0,0.0,4.0582,0.8763774037361145,0.8763774037361145,-9.88,0,1,180,1.557,-0.2706,1.0,0.3516,-0.0812,0.3,0.1406,0.3594,0.584
51.051,1,RETURN_HOME,-1.0027,3.9443,-2.0261,-0.9565,0.0364,-1.4108,-1.0565,0.0364,1.0571,0.0,0.0,4.0697,0.8779627680778503,0.8779627680778503,-9.88,0,1,180,1.476,-0.2796,1.0,0.3524,-0.0839,0.3,0.141,0.3571,0.5852
51.101,1,RETURN_HOME,-1.0507,3.9437,-2.0304,-0.9641,0.0362,-1.3991,-1.0641,0.0362,1.0647,0.0,0.0,4.0813,0.881120502948761,0.881048321723938,-10.89,0,1,180,1.667,-0.2902,1.0,0.3549,-0.0871,0.3,0.142,0.3549,0.5901
51.151,1,RETURN_HOME,-1.0908,3.9434,-2.0333,-0.9724,0.0369,-1.3895,-1.0724,0.0369,1.0731,0.0,0.0,4.0915,0.8867480754852295,0.8862349390983582,-10.63,0,1,180,1.402,-0.2996,1.0,0.3577,-0.0899,0.3,0.1431,0.3532,0.5927
51.202,1,RETURN_HOME,-1.1311,3.9439,-2.036,-0.9815,0.0382,-1.3802,-1.0815,0.0382,1.0822,0.0,0.0,4.1028,0.8885523676872253,0.8879225254058838,-12.64,0,1,180,1.776,-0.3095,1.0,0.3607,-0.0928,0.3,0.1443,0.3514,0.5943
51.251,1,RETURN_HOME,-1.1799,3.9467,-2.0405,-0.9925,0.0409,-1.3691,-1.0925,0.0409,1.0933,0.0,0.0,4.1193,0.8907186388969421,0.890410840511322,-12.14,0,1,180,1.684,-0.3221,1.0,0.3644,-0.0966,0.3,0.1458,0.3491,0.5992
51.301,1,RETURN_HOME,-1.2291,3.9495,-2.0439,-1.003,0.0434,-1.3581,-0.903,-0.0566,0.9047,0.0,0.0,4.1363,0.8971726298332214,0.8956491351127625,-11.14,0,1,180,1.559,-0.2368,0.98,0.3016,-0.0711,0.294,0.1206,0.3436,0.4108
51.351,1,RETURN_HOME,-1.2784,3.9543,-2.0476,-1.0133,0.047,-1.3472,-0.9133,-0.053,0.9148,0.0,0.0,4.1558,0.8988633751869202,0.8983458876609802,-14.39,0,1,180,1.547,-0.252,1.0,0.3049,-0.0756,0.3,0.122,0.3464,0.4373
51.401,1,RETURN_HOME,-1.3279,3.9597,-2.0511,-1.0227,0.0504,-1.3364,-0.9227,-0.0496,0.924,0.0,0.0,4.1764,0.9068911075592041,0.9023048877716064,-13.64,0,1,180,1.586,-0.2667,1.0,0.308,-0.08,0.3,0.1232,0.3432,0.429
51.451,1,RETURN_HOME,-1.3777,3.9648,-2.0534,-1.0265,0.0503,-1.3257,-0.9265,-0.0497,0.9278,0.0,0.0,4.1973,0.9101690053939819,0.9063125848770142,-14.14,0,1,180,1.611,-0.2772,1.0,0.3093,-0.0831,0.3,0.1237,0.3406,0.4469
51.501,1,RETURN_HOME,-1.4287,3.9673,-2.0553,-1.0256,0.0473,-1.315,-0.9256,-0.0527,0.9271,0.0,0.0,4.2167,0.9160020351409912,0.9102954268455505,-15.64,0,1,180,1.614,-0.2848,1.0,0.309,-0.0855,0.3,0.1236,0.3382,0.4316
51.551,1,RETURN_HOME,-1.4794,3.9696,-2.0562,-1.0211,0.0429,-1.3043,-0.9211,-0.0571,0.9229,0.0,0.0,4.2363,0.91957026720047,0.9116098284721375,-15.64,0,1,180,1.603,-0.2906,1.0,0.3076,-0.0872,0.3,0.1231,0.3359,0.4275
51.601,1,RETURN_HOME,-1.5308,3.9728,-2.0555,-1.0153,0.0385,-1.2934,-1.1153,0.0385,1.1159,0.0,0.0,4.2576,0.926043689250946,0.91843181848526,-15.39,0,1,180,1.511,-0.3915,1.0,0.372,-0.1175,0.3,0.1488,0.3313,0.6243
51.651,1,RETURN_HOME,-1.5839,3.978,-2.0531,-1.0092,0.0347,-1.2825,-0.9092,-0.0653,0.9116,0.0,0.0,4.2817,0.9272857904434204,0.9207226634025574,-15.14,0,1,180,1.519,-0.3024,1.0,0.3039,-0.0907,0.3,0.1215,0.3308,0.4193
51.701,1,RETURN_HOME,-1.6361,3.9825,-2.0505,-1.0036,0.0309,-1.2712,-0.9036,-0.0691,0.9062,0.0,0.0,4.3055,0.9313645362854004,0.9229617118835449,-17.64,0,1,180,1.597,-0.3084,1.0,0.3021,-0.0925,0.3,0.1208,0.3283,0.4146
51.751,1,RETURN_HOME,-1.6798,3.9861,-2.0489,-1.0036,0.0301,-1.2619,-1.1036,0.0301,1.104,0.0,0.0,4.3256,0.9371271133422852,0.9278032183647156,-18.39,0,1,180,1.492,-0.4133,1.0,0.368,-0.124,0.3,0.1472,0.3232,0.6316
51.801,1,RETURN_HOME,-1.7319,3.9901,-2.047,-1.0041,0.0281,-1.2509,-1.1041,0.0281,1.1044,0.0,0.0,4.3497,0.9398034811019897,0.929365873336792,-16.39,0,1,180,1.445,-0.4214,1.0,0.3681,-0.1264,0.3,0.1473,0.3209,0.6345
51.851,1,RETURN_HOME,-1.7834,3.9935,-2.0449,-1.0026,0.0241,-1.2398,-1.1026,0.0241,1.1029,0.0,0.0,4.3736,0.9478129744529724,0.9334192872047424,-21.65,0,1,180,1.518,-0.4277,1.0,0.3676,-0.1283,0.3,0.147,0.3188,0.6365
51.902,1,RETURN_HOME,-1.8254,3.9981,-2.0416,-1.0031,0.0236,-1.2306,-1.1031,0.0236,1.1033,0.0,0.0,4.3951,0.9511333703994751,0.9348428249359131,-20.39,0,1,180,1.73,-0.4347,1.0,0.3678,-0.1304,0.3,0.1471,0.3167,0.6393
51.951,1,RETURN_HOME,-1.8756,4.0032,-2.0377,-1.0071,0.0247,-1.2195,-1.1071,0.0247,1.1074,0.0,0.0,4.4208,0.9522514939308167,0.9371756315231323,-20.39,0,1,180,1.456,-0.4443,1.0,0.3691,-0.1333,0.3,0.1476,0.3143,0.6425
52.001,1,RETURN_HOME,-1.9253,4.0077,-2.0336,-1.014,0.0266,-1.2086,-1.114,0.0266,1.1144,0.0,0.0,4.4462,0.9595131278038025,0.9408406019210815,-21.65,0,1,180,1.891,-0.4544,1.0,0.3715,-0.1363,0.3,0.1486,0.3122,0.6445
52.051,1,RETURN_HOME,-1.9746,4.0118,-2.0288,-1.0226,0.0286,-1.1977,-1.1226,0.0286,1.123,0.0,0.0,4.4714,0.9629970788955688,0.9421741366386414,-21.14,0,1,180,1.592,-0.4643,1.0,0.3743,-0.1393,0.3,0.1497,0.3104,0.6472
52.101,1,RETURN_HOME,-2.0242,4.0155,-2.0244,-1.0321,0.0306,-1.187,-1.1321,0.0306,1.1325,0.0,0.0,4.4968,0.9703236818313599,0.9453806281089783,-22.4,0,1,180,1.529,-0.4741,1.0,0.3775,-0.1422,0.3,0.151,0.3088,0.6515
52.151,1,RETURN_HOME,-2.0761,4.0196,-2.0239,-1.0426,0.0325,-1.1765,-1.1426,0.0325,1.1431,0.0,0.0,4.5241,0.9731482267379761,0.9472452998161316,-24.4,0,1,180,1.547,-0.484,1.0,0.381,-0.1452,0.3,0.1524,0.3072,0.6542
52.202,1,RETURN_HOME,-2.1203,4.0231,-2.0248,-1.0515,0.034,-1.1678,-0.8515,-0.066,0.854,0.0,0.0,4.5476,0.975943922996521,0.9497318863868713,-23.9,0,1,180,1.712,-0.3965,1.0,0.2847,-0.1189,0.3,0.1139,0.2949,0.4434
52.251,1,RETURN_HOME,-2.1734,4.0269,-2.0256,-1.0616,0.0357,-1.1575,-0.8616,-0.0643,0.864,0.0,0.0,4.576,0.9854327440261841,0.9531233906745911,-22.4,0,1,180,1.505,-0.4082,1.0,0.288,-0.1225,0.3,0.1152,0.2928,0.4454
52.301,1,RETURN_HOME,-2.2293,4.0332,-2.0262,-1.0732,0.0388,-1.1473,-0.8732,-0.0612,0.8754,0.0,0.0,4.6082,0.9888849854469299,0.9551883935928345,-24.15,0,1,180,1.568,-0.4214,1.0,0.2918,-0.1264,0.3,0.1167,0.2903,0.4635
52.351,1,RETURN_HOME,-2.2853,4.0393,-2.0264,-1.0772,0.0385,-1.1374,-0.8772,-0.0615,0.8793,0.0,0.0,4.6409,0.9955609440803528,0.9594191908836365,-24.9,0,1,180,1.585,-0.4303,1.0,0.2931,-0.1291,0.3,0.1172,0.2882,0.4581
52.401,1,RETURN_HOME,-2.3418,4.0454,-2.0262,-1.0735,0.0356,-1.1276,-0.8735,-0.0644,0.8758,0.0,0.0,4.6743,0.9989630579948425,0.9602500796318054,-25.9,0,1,180,1.471,-0.436,1.0,0.2919,-0.1308,0.3,0.1168,0.286,0.4511
52.451,1,RETURN_HOME,-2.3899,4.0509,-2.0255,-1.0664,0.0324,-1.1193,-0.8664,-0.0676,0.8691,0.0,0.0,4.7034,1.00702702999115,0.963846743106842,-26.4,0,1,180,1.603,-0.4395,1.0,0.2897,-0.1319,0.3,0.1159,0.284,0.4283
52.501,1,RETURN_HOME,-2.4556,4.0576,-2.024,-1.0524,0.0271,-1.1077,-1.1524,0.0271,1.1527,0.0,0.0,4.7428,1.0119707584381104,0.9662131071090698,-28.15,0,1,180,1.514,-0.5377,1.0,0.3842,-0.1613,0.3,0.1537,0.2924,0.6699
52.551,1,RETURN_HOME,-2.509,4.0631,-2.0208,-1.0378,0.0224,-1.0975,-1.1378,0.0224,1.138,0.0,0.0,4.7754,1.014987826347351,0.9675315618515015,-26.65,0,1,180,1.728,-0.5421,1.0,0.3793,-0.1626,0.3,0.1517,0.2891,0.6709
52.601,1,RETURN_HOME,-2.5521,4.0674,-2.0175,-1.0255,0.0187,-1.0887,-1.1255,0.0187,1.1256,0.0,0.0,4.8018,1.02027428150177,0.970318615436554,-29.15,0,1,180,1.595,-0.5455,1.0,0.3752,-0.1636,0.3,0.1501,0.2864,0.6729
52.651,1,RETURN_HOME,-2.6031,4.0718,-2.0139,-1.0186,0.0173,-1.078,-1.1186,0.0173,1.1188,0.0,0.0,4.8328,1.0243881940841675,0.9712666869163513,-27.9,0,1,180,1.586,-0.5516,1.0,0.3729,-0.1655,0.3,0.1492,0.2837,0.6749
52.701,1,RETURN_HOME,-2.6515,4.0762,-2.0094,-1.019,0.0183,-1.0676,-1.119,0.0183,1.1192,0.0,0.0,4.8627,1.0327404737472534,0.9752610921859741,-28.9,0,1,180,1.729,-0.5589,1.0,0.3731,-0.1677,0.3,0.1492,0.2815,0.6749
52.751,1,RETURN_HOME,-2.6998,4.0802,-2.0052,-1.0255,0.0204,-1.0576,-1.1255,0.0204,1.1257,0.0,0.0,4.8925,1.0381276607513428,0.9742936491966248,-27.65,0,1,180,1.592,-0.5669,1.0,0.3752,-0.1701,0.3,0.1501,0.28,0.6793
52.801,1,RETURN_HOME,-2.7494,4.0838,-2.001,-1.0358,0.0226,-1.0479,-1.1358,0.0226,1.136,0.0,0.0,4.923,1.0460625886917114,0.9777249693870544,-30.65,0,1,180,1.491,-0.5748,1.0,0.3787,-0.1724,0.3,0.1515,0.279,0.6802
52.851,1,RETURN_HOME,-2.8009,4.087,-1.9963,-1.0478,0.0244,-1.0385,-1.1478,0.0244,1.148,0.0,0.0,4.9546,1.049200177192688,0.9792866706848145,-31.65,0,1,180,1.555,-0.5827,1.0,0.3827,-0.1748,0.3,0.1531,0.2782,0.6833
52.901,1,RETURN_HOME,-2.8441,4.0894,-1.9929,-1.0574,0.0257,-1.0309,-1.1574,0.0257,1.1577,0.0,0.0,4.9812,1.0542947053909302,0.9802096486091614,-31.9,0,1,180,1.451,-0.5891,1.0,0.3859,-0.1767,0.3,0.1544,0.2776,0.6843
52.951,1,RETURN_HOME,-2.8964,4.0921,-1.99,-1.068,0.0269,-1.0219,-1.168,0.0269,1.1684,0.0,0.0,5.0134,1.058893084526062,0.982688844203949,-31.4,0,1,180,1.56,-0.5963,1.0,0.3895,-0.1789,0.3,0.1558,0.2769,0.6862
53.001,1,RETURN_HOME,-2.949,4.0944,-1.9882,-1.0775,0.0277,-1.0131,-0.8775,-0.0723,0.8805,0.0,0.0,5.0459,1.0645602941513062,0.983864963054657,-33.91,0,1,180,1.534,-0.5159,1.0,0.2935,-0.1548,0.3,0.1174,0.2626,0.4499
53.051,1,RETURN_HOME,-3.0019,4.0966,-1.9868,-1.0868,0.029,-1.0044,-1.0868,0.029,1.0871,0.0,0.0,5.0787,1.0688815116882324,0.9855740070343018,-34.66,0,1,180,1.528,-0.6124,1.0,0.3624,-0.1837,0.3,0.145,0.2612,0.6901
53.101,1,RETURN_HOME,-3.0542,4.0986,-1.9875,-1.0948,0.0297,-0.9958,-1.0948,0.0297,1.0952,0.0,0.0,5.1114,1.0793391466140747,0.9876207113265991,-33.41,0,1,180,1.558,-0.6191,1.0,0.3651,-0.1857,0.3,0.146,0.2603,0.6932
53.151,1,RETURN_HOME,-3.1066,4.1005,-1.9884,-1.095,0.0272,-0.9874,-1.095,0.0272,1.0953,0.0,0.0,5.1444,1.0808649063110352,0.9887794852256775,-33.66,0,1,180,1.913,-0.6235,1.0,0.3651,-0.187,0.3,0.146,0.259,0.6928
53.201,1,RETURN_HOME,-3.1507,4.1021,-1.9876,-1.0939,0.026,-0.9804,-1.0939,0.026,1.0942,0.0,0.0,5.1725,1.0895062685012817,0.9915235042572021,-33.66,0,1,180,1.52,-0.6278,1.0,0.3647,-0.1883,0.3,0.1459,0.2576,0.6946
53.251,1,RETURN_HOME,-3.2059,4.1054,-1.9808,-1.0937,0.0257,-0.972,-1.0937,0.0257,1.094,0.0,0.0,5.2088,1.095503807067871,0.9917227625846863,-35.16,0,1,180,1.552,-0.6339,1.0,0.3647,-0.1902,0.3,0.1459,0.2557,0.6972
53.302,1,RETURN_HOME,-3.2516,4.1078,-1.976,-1.0939,0.0264,-0.965,-1.0939,0.0264,1.0942,0.0,0.0,5.239,1.0981454849243164,0.993251383304596,-35.91,0,1,180,1.916,-0.6394,1.0,0.3647,-0.1918,0.3,0.1459,0.2541,0.6983
53.351,1,RETURN_HOME,-3.3144,4.1104,-1.9707,-1.0945,0.0276,-0.9554,-1.0945,0.0276,1.0949,0.0,0.0,5.2802,1.106017827987671,0.9965674877166748,-34.16,0,1,180,1.514,-0.6471,1.0,0.365,-0.1941,0.3,0.146,0.2518,0.6993
53.401,1,RETURN_HOME,-3.3583,4.1116,-1.9681,-1.095,0.0283,-0.9486,-1.095,0.0283,1.0954,0.0,0.0,5.3088,1.1122773885726929,0.996637225151062,-35.66,0,1,180,1.539,-0.6524,1.0,0.3651,-0.1957,0.3,0.146,0.2503,0.7034
53.451,1,RETURN_HOME,-3.411,4.113,-1.9657,-1.0961,0.0292,-0.9405,-1.0961,0.0292,1.0965,0.0,0.0,5.3434,1.119663953781128,0.999835729598999,-36.16,0,1,180,1.495,-0.6586,1.0,0.3655,-0.1976,0.3,0.1462,0.2486,0.7051
53.501,1,RETURN_HOME,-3.4626,4.1112,-1.9605,-1.0972,0.0283,-0.9326,-1.0972,0.0283,1.0976,0.0,0.0,5.3751,1.1239255666732788,1.0016086101531982,-38.91,0,1,180,1.435,-0.6637,1.0,0.3659,-0.1991,0.3,0.1463,0.2472,0.7066
53.551,1,RETURN_HOME,-3.5142,4.1091,-1.9559,-1.0985,0.0273,-0.9248,-1.0985,0.0273,1.0988,0.0,0.0,5.4069,1.135329008102417,1.0045069456100464,-38.66,0,1,180,1.561,-0.6686,1.0,0.3663,-0.2006,0.3,0.1465,0.2459,0.7074
53.602,1,RETURN_HOME,-3.5661,4.1072,-1.9516,-1.0999,0.0264,-0.917,-1.0999,0.0264,1.1002,0.0,0.0,5.4393,1.139464259147644,1.0056006908416748,-37.41,0,1,180,2.043,-0.6736,1.0,0.3667,-0.2021,0.3,0.1467,0.2446,0.7096
53.651,1,RETURN_HOME,-3.6187,4.1043,-1.9453,-1.1014,0.0252,-0.9094,-1.1014,0.0252,1.1017,0.0,0.0,5.4717,1.1440731287002563,1.006956934928894,-37.91,0,1,180,1.602,-0.6783,1.0,0.3672,-0.2035,0.3,0.1469,0.2434,0.7124
53.701,1,RETURN_HOME,-3.6625,4.1022,-1.9411,-1.1026,0.0244,-0.9031,-1.1026,0.0244,1.1029,0.0,0.0,5.4993,1.1538982391357422,1.0103148221969604,-38.41,0,1,180,1.776,-0.6824,1.0,0.3676,-0.2047,0.3,0.147,0.2423,0.7136
53.751,1,RETURN_HOME,-3.7153,4.1002,-1.9376,-1.1042,0.0241,-0.8956,-1.0042,-0.0759,1.007,0.0,0.0,5.5331,1.1589876413345337,1.0117554664611816,-39.41,0,1,180,1.705,-0.6137,1.0,0.3357,-0.1841,0.3,0.1343,0.2502,0.5078
53.801,1,RETURN_HOME,-3.7684,4.0988,-1.9359,-1.1062,0.0247,-0.8881,-1.1062,0.0247,1.1065,0.0,0.0,5.5678,1.169155478477478,1.014237880706787,-39.91,0,1,180,1.779,-0.6931,1.0,0.3688,-0.2079,0.3,0.1475,0.2396,0.7178
53.851,1,RETURN_HOME,-3.8127,4.0979,-1.9352,-1.108,0.0255,-0.8819,-1.008,-0.0745,1.0107,0.0,0.0,5.5972,1.1746740341186523,1.0162709951400757,-39.41,0,1,180,1.847,-0.6254,1.0,0.3369,-0.1876,0.3,0.1348,0.2472,0.5138
53.901,1,RETURN_HOME,-3.8579,4.0957,-1.9339,-1.1076,0.0232,-0.8757,-1.0076,-0.0768,1.0105,0.0,0.0,5.6266,1.1801700592041016,1.0178526639938354,-39.41,0,1,180,1.592,-0.6284,1.0,0.3368,-0.1885,0.3,0.1347,0.2462,0.5159
53.951,1,RETURN_HOME,-3.9128,4.0923,-1.9322,-1.1078,0.0208,-0.8683,-1.0078,-0.0792,1.011,0.0,0.0,5.6619,1.1879045963287354,1.0190925598144531,-39.41,0,1,180,1.886,-0.6323,1.0,0.337,-0.1897,0.3,0.1348,0.2451,0.5211
54.001,1,RETURN_HOME,-3.9582,4.0899,-1.9315,-1.1065,0.0174,-0.8622,-1.0065,-0.0826,1.0099,0.0,0.0,5.6917,1.1978050470352173,1.022485375404358,-40.16,0,1,180,1.724,-0.6343,1.0,0.3366,-0.1903,0.3,0.1346,0.2443,0.5154
54.051,1,RETURN_HOME,-4.0017,4.0865,-1.932,-1.1032,0.0125,-0.856,-1.2032,0.0125,1.2032,0.0,0.0,5.7196,1.2016873359680176,1.0242546796798706,-41.16,0,1,180,1.818,-0.707,1.0,0.4011,-0.2121,0.3,0.1604,0.2483,0.724
54.101,1,RETURN_HOME,-4.0526,4.0819,-1.9334,-1.0972,0.0051,-0.8487,-1.1972,0.0051,1.1972,0.0,0.0,5.752,1.2066962718963623,1.0266902446746826,-40.66,0,1,180,1.637,-0.7076,1.0,0.3991,-0.2123,0.3,0.1596,0.2474,0.7187
54.151,1,RETURN_HOME,-4.0949,4.0784,-1.9347,-1.0912,-0.0016,-0.8425,-1.0912,-0.0016,1.0913,0.0,0.0,5.7794,1.2189103364944458,1.0284490585327148,-43.42,0,1,180,1.738,-0.7075,1.0,0.3638,-0.2123,0.3,0.1455,0.2332,0.6998
54.201,1,RETURN_HOME,-4.1358,4.0764,-1.9377,-1.0884,-0.0054,-0.8363,-1.0884,-0.0054,1.0884,0.0,0.0,5.807,1.2258682250976562,1.0301837921142578,-42.66,0,1,180,1.69,-0.7087,1.0,0.3628,-0.2126,0.3,0.1451,0.2325,0.6974
54.251,1,RETURN_HOME,-4.1848,4.0745,-1.9418,-1.0904,-0.0071,-0.829,-1.0904,-0.0071,1.0904,0.0,0.0,5.8407,1.2307230234146118,1.031141996383667,-41.41,0,1,180,1.757,-0.7119,1.0,0.3635,-0.2136,0.3,0.1454,0.2318,0.7022
54.302,1,RETURN_HOME,-4.2262,4.073,-1.9452,-1.0936,-0.0074,-0.823,-0.9936,-0.1074,0.9994,0.0,0.0,5.8694,1.2368390560150146,1.0331469774246216,-42.41,0,1,180,2.15,-0.6413,1.0,0.3331,-0.1924,0.3,0.1333,0.2409,0.5057
54.352,1,RETURN_HOME,-4.2694,4.074,-1.9523,-1.0977,-0.0056,-0.817,-0.9977,-0.1056,1.0033,0.0,0.0,5.9013,1.2472918033599854,1.03434419631958,-44.67,0,1,180,2.263,-0.6468,1.0,0.3344,-0.194,0.3,0.1338,0.2397,0.5078
54.402,1,RETURN_HOME,-4.322,4.0758,-1.9611,-1.1023,-0.0025,-0.81,-1.0023,-0.1025,1.0076,0.0,0.0,5.9407,1.2524816989898682,1.034857988357544,-42.41,0,1,180,1.892,-0.654,1.0,0.3359,-0.1962,0.3,0.1343,0.2382,0.5233
54.451,1,RETURN_HOME,-4.366,4.0772,-1.9677,-1.1031,-0.0022,-0.8041,-1.0031,-0.1022,1.0083,0.0,0.0,5.9737,1.258625864982605,1.0381228923797607,-43.16,0,1,180,1.81,-0.6579,1.0,0.3361,-0.1974,0.3,0.1344,0.2371,0.53
54.501,1,RETURN_HOME,-4.4105,4.0776,-1.9726,-1.1016,-0.0046,-0.7983,-1.0016,-0.1046,1.007,0.0,0.0,6.0066,1.2674521207809448,1.0385605096817017,-44.67,0,1,180,1.716,-0.6598,1.0,0.3357,-0.1979,0.3,0.1343,0.2363,0.5266
54.551,1,RETURN_HOME,-4.455,4.0777,-1.9766,-1.0983,-0.0085,-0.7925,-0.9983,-0.1085,1.0042,0.0,0.0,6.0394,1.2739404439926147,1.0408819913864136,-46.67,0,1,180,1.76,-0.6604,1.0,0.3347,-0.1981,0.3,0.1339,0.2358,0.5336
54.601,1,RETURN_HOME,-4.5081,4.0775,-1.9806,-1.093,-0.0144,-0.7857,-0.993,-0.1144,0.9995,0.0,0.0,6.0786,1.2796343564987183,1.0406800508499146,-45.92,0,1,180,1.838,-0.66,1.0,0.3332,-0.198,0.3,0.1333,0.2353,0.5275
54.651,1,RETURN_HOME,-4.5538,4.0776,-1.9794,-1.0886,-0.0195,-0.7801,-0.9886,-0.1195,0.9958,0.0,0.0,6.1126,1.2861493825912476,1.0430527925491333,-47.67,0,1,180,1.727,-0.6596,1.0,0.3319,-0.1979,0.3,0.1328,0.2349,0.5218
54.701,1,RETURN_HOME,-4.5991,4.0774,-1.9782,-1.0841,-0.0247,-0.7746,-0.9841,-0.1247,0.992,0.0,0.0,6.1463,1.2947301864624023,1.0432281494140625,-46.17,0,1,180,1.692,-0.659,1.0,0.3307,-0.1977,0.3,0.1323,0.2346,0.5112
54.751,1,RETURN_HOME,-4.644,4.0769,-1.9772,-1.0796,-0.0299,-0.7692,-0.9796,-0.1299,0.9882,0.0,0.0,6.1796,1.3003487586975098,1.0440798997879028,-45.92,0,1,180,1.654,-0.6582,1.0,0.3294,-0.1975,0.3,0.1318,0.2343,0.5222
54.801,1,RETURN_HOME,-4.701,4.0752,-1.9773,-1.0755,-0.0364,-0.7628,-0.9755,-0.1364,0.985,0.0,0.0,6.2215,1.3040826320648193,1.0443837642669678,-49.17,0,1,180,1.683,-0.6576,1.0,0.3283,-0.1973,0.3,0.1313,0.234,0.5151
54.851,1,RETURN_HOME,-4.7482,4.0735,-1.9775,-1.0722,-0.0417,-0.7575,-0.9722,-0.1417,0.9825,0.0,0.0,6.2561,1.3084055185317993,1.0455353260040283,-45.67,0,1,180,1.913,-0.6571,1.0,0.3275,-0.1971,0.3,0.131,0.2339,0.5104
54.901,1,RETURN_HOME,-4.7948,4.0716,-1.9779,-1.0687,-0.0471,-0.7523,-0.9687,-0.1471,0.9798,0.0,0.0,6.2903,1.317808747291565,1.043582558631897,-47.42,0,1,180,1.785,-0.6565,1.0,0.3266,-0.1969,0.3,0.1306,0.2337,0.4962
54.951,1,RETURN_HOME,-4.8492,4.0719,-1.9797,-1.0642,-0.0523,-0.7461,-0.9642,-0.1523,0.9761,0.0,0.0,6.3321,1.3213598728179932,1.0430817604064941,-48.42,0,1,180,1.668,-0.6561,1.0,0.3254,-0.1968,0.3,0.1301,0.2333,0.5026
55.002,1,RETURN_HOME,-4.894,4.0721,-1.9813,-1.0601,-0.0566,-0.741,-0.9601,-0.1566,0.9728,0.0,0.0,6.3665,1.3258978128433228,1.0443663597106934,-47.67,0,1,180,2.397,-0.6557,0.9971,0.3243,-0.1967,0.2991,0.1297,0.2321,0.4985
55.051,1,RETURN_HOME,-4.9382,4.0718,-1.9827,-1.0559,-0.0611,-0.7359,-0.9559,-0.1611,0.9694,0.0,0.0,6.4004,1.3320965766906738,1.0430995225906372,-47.67,0,1,180,1.599,-0.6551,1.0,0.3231,-0.1965,0.3,0.1293,0.2327,0.5046
55.102,1,RETURN_HOME,-4.9913,4.0707,-1.9819,-1.0506,-0.0669,-0.7299,-0.9506,-0.1669,0.9651,0.0,0.0,6.4408,1.334580659866333,1.0414601564407349,-49.42,0,1,180,2.09,-0.654,0.9952,0.3217,-0.1962,0.2986,0.1287,0.2311,0.4991
55.151,1,RETURN_HOME,-5.0351,4.0693,-1.9815,-1.046,-0.0719,-0.725,-0.946,-0.1719,0.9615,0.0,0.0,6.4739,1.339429497718811,1.0416224002838135,-50.42,0,1,180,1.797,-0.6528,0.9847,0.3205,-0.1959,0.2954,0.1282,0.2278,0.493
55.201,1,RETURN_HOME,-5.087,4.0672,-1.9812,-1.0405,-0.0782,-0.7191,-0.9405,-0.1782,0.9572,0.0,0.0,6.513,1.3472628593444824,1.0391271114349365,-49.67,0,1,180,1.74,-0.6512,0.9887,0.3191,-0.1954,0.2966,0.1276,0.2289,0.4885
55.251,1,RETURN_HOME,-5.1297,4.0647,-1.9816,-1.0357,-0.0839,-0.7142,-0.9357,-0.1839,0.9536,0.0,0.0,6.5448,1.3484880924224854,1.0377031564712524,-50.17,0,1,180,1.651,-0.6493,0.9739,0.3179,-0.1948,0.2922,0.1272,0.2245,0.4817
55.301,1,RETURN_HOME,-5.1804,4.0612,-1.9821,-1.03,-0.0908,-0.7085,-0.93,-0.1908,0.9493,0.0,0.0,6.5826,1.351857304573059,1.0361080169677734,-50.17,0,1,180,1.762,-0.647,0.9723,0.3164,-0.1941,0.2917,0.1266,0.2242,0.4874
55.351,1,RETURN_HOME,-5.2285,4.0581,-1.9834,-1.0233,-0.0973,-0.7028,-1.0233,-0.0973,1.0279,0.0,0.0,6.6186,1.355981707572937,1.0329782962799072,-51.17,0,1,180,1.764,-0.7284,1.0,0.3426,-0.2185,0.3,0.137,0.2185,0.6082
55.401,1,RETURN_HOME,-5.265,4.0564,-1.9856,-1.0163,-0.1021,-0.6982,-0.9163,-0.2021,0.9384,0.0,0.0,6.6464,1.3599680662155151,1.030962586402893,-51.92,0,1,180,1.668,-0.6421,0.9627,0.3128,-0.1926,0.2888,0.1251,0.2213,0.4846
55.451,1,RETURN_HOME,-5.3017,4.0542,-1.9876,-1.0091,-0.1076,-0.6936,-1.0091,-0.1076,1.0148,0.0,0.0,6.6742,1.3617033958435059,1.0291646718978882,-50.42,0,1,180,1.862,-0.7255,1.0,0.3383,-0.2177,0.3,0.1353,0.2177,0.5895
55.501,1,RETURN_HOME,-5.3463,4.053,-1.9926,-1.0035,-0.1107,-0.6881,-0.9035,-0.2107,0.9277,0.0,0.0,6.7089,1.3608707189559937,1.0245864391326904,-50.17,0,1,180,1.641,-0.6389,0.9679,0.3092,-0.1917,0.2904,0.1237,0.2224,0.4768
55.551,1,RETURN_HOME,-5.3837,4.0528,-1.9984,-0.9988,-0.1129,-0.6837,-0.8988,-0.2129,0.9237,0.0,0.0,6.7387,1.3674595355987549,1.022046446800232,-50.67,0,1,180,1.662,-0.6388,0.9807,0.3079,-0.1916,0.2942,0.1232,0.2257,0.4855
55.601,1,RETURN_HOME,-5.4289,4.0519,-2.0046,-0.9962,-0.1135,-0.6784,-0.8962,-0.2135,0.9213,0.0,0.0,6.7743,1.3645693063735962,1.0200213193893433,-50.92,0,1,180,1.931,-0.641,0.9771,0.3071,-0.1923,0.2931,0.1228,0.2237,0.485
55.651,1,RETURN_HOME,-5.4668,4.0505,-2.0074,-0.9936,-0.1149,-0.6741,-0.8936,-0.2149,0.9191,0.0,0.0,6.8039,1.3680232763290405,1.0143771171569824,-53.92,0,1,180,1.687,-0.642,0.9756,0.3064,-0.1926,0.2927,0.1225,0.2226,0.4918
55.701,1,RETURN_HOME,-5.5127,4.0482,-2.0088,-0.9893,-0.1183,-0.669,-0.8893,-0.2183,0.9157,0.0,0.0,6.8394,1.3678696155548096,1.0112274885177612,-52.42,0,1,180,1.884,-0.6417,0.9934,0.3052,-0.1925,0.298,0.1221,0.2276,0.4988
55.751,1,RETURN_HOME,-5.5509,4.0458,-2.0097,-0.9848,-0.1224,-0.6648,-0.8848,-0.2224,0.9124,0.0,0.0,6.8688,1.3694729804992676,1.0088685750961304,-52.67,0,1,180,1.771,-0.6402,1.0,0.3041,-0.1921,0.3,0.1216,0.2296,0.4993
55.801,1,RETURN_HOME,-5.595,4.0404,-2.013,-0.978,-0.1288,-0.6599,-0.878,-0.2288,0.9073,0.0,0.0,6.9014,1.3692365884780884,1.0017272233963013,-52.42,0,1,180,1.709,-0.6369,1.0,0.3024,-0.1911,0.3,0.121,0.2299,0.4971
55.851,1,RETURN_HOME,-5.6316,4.0353,-2.0157,-0.9719,-0.1348,-0.656,-0.8719,-0.2348,0.9029,0.0,0.0,6.9281,1.3679956197738647,0.9983730316162109,-51.92,0,1,180,1.66,-0.6335,0.9925,0.301,-0.19,0.2977,0.1204,0.2281,0.4882
55.901,1,RETURN_HOME,-5.6756,4.0289,-2.0182,-0.9645,-0.142,-0.6513,-0.8645,-0.242,0.8977,0.0,0.0,6.9602,1.3676035404205322,0.9954458475112915,-52.92,0,1,180,1.693,-0.6292,0.9972,0.2992,-0.1888,0.2992,0.1197,0.2301,0.493
55.951,1,RETURN_HOME,-5.715,4.024,-2.0202,-0.9601,-0.1475,-0.6475,-0.8601,-0.2475,0.895,0.0,0.0,6.9896,1.3647907972335815,0.9876219034194946,-52.42,0,1,180,1.716,-0.6265,0.9964,0.2983,-0.188,0.2989,0.1193,0.2303,0.5002
56.001,1,RETURN_HOME,-5.7542,4.0188,-2.0217,-0.9556,-0.153,-0.6438,-0.8556,-0.253,0.8923,0.0,0.0,7.0187,1.365250825881958,0.984230637550354,-53.17,0,1,180,1.879,-0.6238,0.9835,0.2974,-0.1871,0.295,0.119,0.2269,0.4939
56.052,1,RETURN_HOME,-5.7931,4.0133,-2.0228,-0.9511,-0.1585,-0.6402,-0.8511,-0.2585,0.8895,0.0,0.0,7.0475,1.3628206253051758,0.9801426529884338,-54.43,0,1,180,1.763,-0.621,0.9855,0.2965,-0.1863,0.2956,0.1186,0.2279,0.4935
56.101,1,RETURN_HOME,-5.842,4.0068,-2.0229,-0.9462,-0.1648,-0.6359,-0.8462,-0.2648,0.8867,0.0,0.0,7.084,1.3602206707000732,0.9762799739837646,-53.17,0,1,180,1.818,-0.6182,0.9942,0.2956,-0.1854,0.2983,0.1182,0.231,0.4965
56.151,1,RETURN_HOME,-5.8825,4.0011,-2.0226,-0.942,-0.17,-0.6323,-0.842,-0.27,0.8842,0.0,0.0,7.1143,1.3571157455444336,0.9669944643974304,-55.93,0,1,180,1.699,-0.6157,1.0,0.2947,-0.1847,0.3,0.1179,0.2332,0.4739
56.201,1,RETURN_HOME,-5.9299,3.9942,-2.0224,-0.9362,-0.1762,-0.628,-0.8362,-0.2762,0.8806,0.0,0.0,7.1496,1.3544745445251465,0.9622370600700378,-55.43,0,1,180,1.732,-0.6123,1.0,0.2935,-0.1837,0.3,0.1174,0.2337,0.4617
56.252,1,RETURN_HOME,-5.9662,3.9899,-2.0241,-0.9298,-0.1807,-0.6244,-0.8298,-0.2807,0.876,0.0,0.0,7.1774,1.3501312732696533,0.9569826722145081,-53.17,0,1,180,1.699,-0.6093,1.0,0.292,-0.1828,0.3,0.1168,0.234,0.4515
56.301,1,RETURN_HOME,-6.0096,3.9841,-2.0257,-0.9221,-0.1863,-0.6201,-0.8221,-0.2863,0.8706,0.0,0.0,7.2103,1.3432320356369019,0.9458253383636475,-54.68,0,1,180,1.767,-0.6054,1.0,0.2902,-0.1816,0.3,0.1161,0.2345,0.4099
56.351,1,RETURN_HOME,-6.053,3.9775,-2.0253,-0.9146,-0.1924,-0.6159,-0.8146,-0.2924,0.8655,0.0,0.0,7.2429,1.3412772417068481,0.9415406584739685,-55.93,0,1,180,1.701,-0.601,1.0,0.2885,-0.1803,0.3,0.1154,0.2351,0.4031
56.402,1,RETURN_HOME,-6.0893,3.9713,-2.0224,-0.9085,-0.1979,-0.6123,-0.8085,-0.2979,0.8617,0.0,0.0,7.2699,1.337369441986084,0.9356136322021484,-57.18,0,1,180,1.983,-0.5971,1.0,0.2872,-0.1791,0.3,0.1149,0.2358,0.3909
56.451,1,RETURN_HOME,-6.1254,3.9648,-2.0197,-0.9026,-0.2036,-0.6088,-0.7026,-0.4036,0.8103,0.0,0.0,7.2966,1.3254187107086182,0.9245655536651611,-54.68,0,1,180,1.75,-0.4572,0.8615,0.2701,-0.1372,0.2584,0.108,0.2293,0.4263
56.501,1,RETURN_HOME,-6.1697,3.9572,-2.0176,-0.8961,-0.2101,-0.6046,-0.6961,-0.4101,0.8079,0.0,0.0,7.3297,1.3228492736816406,0.9179216027259827,-57.18,0,1,180,1.604,-0.4512,0.8627,0.2693,-0.1354,0.2588,0.1077,0.2312,0.431
56.552,1,RETURN_HOME,-6.2072,3.951,-2.0169,-0.8908,-0.2154,-0.6011,-0.6908,-0.4154,0.8061,0.0,0.0,7.358,1.318145513534546,0.9125438928604126,-56.18,0,1,180,2.183,-0.4463,0.8908,0.2687,-0.1339,0.2673,0.1075,0.2409,0.4463
56.601,1,RETURN_HOME,-6.2515,3.9429,-2.016,-0.8815,-0.2246,-0.5968,-0.6815,-0.4246,0.803,0.0,0.0,7.3911,1.305935025215149,0.8987456560134888,-56.93,0,1,180,1.739,-0.4358,0.9066,0.2677,-0.1307,0.272,0.1071,0.2483,0.4534
56.651,1,RETURN_HOME,-6.2868,3.9365,-2.0139,-0.8713,-0.2338,-0.5933,-0.6713,-0.4338,0.7992,0.0,0.0,7.4175,1.3011436462402344,0.8916458487510681,-56.43,0,1,180,1.755,-0.4238,0.906,0.2664,-0.1271,0.2718,0.1066,0.2512,0.4527
56.701,1,RETURN_HOME,-6.3277,3.9285,-2.0103,-0.857,-0.2462,-0.5891,-0.657,-0.4462,0.7942,0.0,0.0,7.448,1.2941008806228638,0.8866477608680725,-54.93,0,1,180,1.779,-0.4065,0.9055,0.2647,-0.1219,0.2717,0.1059,0.2556,0.4523
56.751,1,RETURN_HOME,-6.3545,3.9226,-2.0082,-0.847,-0.2553,-0.5863,-0.647,-0.4553,0.7911,0.0,0.0,7.4677,1.278402328491211,0.8751906156539917,-50.17,0,1,180,1.638,-0.3936,0.9264,0.2637,-0.1181,0.2779,0.1055,0.2653,0.4615
56.801,1,RETURN_HOME,-6.3878,3.9148,-2.0053,-0.8343,-0.267,-0.5829,-0.6343,-0.467,0.7876,0.0,0.0,7.492,1.2711739540100098,0.8700445294380188,-49.42,0,1,180,1.846,-0.3768,0.9249,0.2625,-0.113,0.2775,0.105,0.2695,0.4604
56.851,1,RETURN_HOME,-6.427,3.9051,-2.0017,-0.8188,-0.2814,-0.5788,-0.6188,-0.4814,0.784,0.0,0.0,7.5203,1.26548433303833,0.8664277791976929,-48.17,0,1,180,1.873,-0.3557,0.9203,0.2613,-0.1067,0.2761,0.1045,0.2739,0.4577
56.902,1,RETURN_HOME,-6.4591,3.896,-1.999,-0.806,-0.2934,-0.5755,-0.606,-0.4934,0.7815,0.0,0.0,7.5432,1.2549431324005127,0.861880362033844,-46.17,0,1,180,2.485,-0.3379,0.9548,0.2605,-0.1014,0.2864,0.1042,0.2893,0.4739
56.951,1,RETURN_HOME,-6.4882,3.8856,-1.9945,-0.7923,-0.3061,-0.5721,-0.5923,-0.5061,0.7791,0.0,0.0,7.5627,1.2339749336242676,0.8563562631607056,-42.91,0,1,180,1.698,-0.3185,0.9724,0.2597,-0.0956,0.2917,0.1039,0.3001,0.4792
57.001,1,RETURN_HOME,-6.5208,3.8716,-1.9883,-0.7754,-0.3217,-0.5681,-0.5754,-0.5217,0.7767,0.0,0.0,7.5836,1.2251179218292236,0.8550402522087097,-41.41,0,1,180,1.861,-0.2941,0.9642,0.2589,-0.0882,0.2893,0.1036,0.3046,0.4753
57.051,1,RETURN_HOME,-6.5533,3.8567,-1.983,-0.7589,-0.3372,-0.5641,-0.5589,-0.5372,0.7752,0.0,0.0,7.6039,1.2141116857528687,0.8530147671699524,-39.41,0,1,180,1.769,-0.2699,0.9627,0.2584,-0.081,0.2888,0.1034,0.3112,0.4747
57.101,1,RETURN_HOME,-6.5795,3.8442,-1.9803,-0.7451,-0.3495,-0.5608,-0.5451,-0.5495,0.774,0.0,0.0,7.6202,1.1879602670669556,0.8499010801315308,-36.16,0,1,180,1.962,-0.2499,0.9687,0.258,-0.075,0.2906,0.1032,0.3188,0.4798
57.151,1,RETURN_HOME,-6.6105,3.8284,-1.978,-0.7289,-0.3641,-0.5569,-0.5289,-0.5641,0.7733,0.0,0.0,7.6391,1.1748695373535156,0.8491507172584534,-34.66,0,1,180,1.723,-0.2263,0.9683,0.2578,-0.0679,0.2905,0.1031,0.3257,0.4797
57.201,1,RETURN_HOME,-6.6362,3.8146,-1.9765,-0.7156,-0.3764,-0.5536,-0.5156,-0.5764,0.7733,0.0,0.0,7.6545,1.158727765083313,0.8492379188537598,-32.66,0,1,180,1.607,-0.2066,1.0,0.2578,-0.062,0.3,0.1031,0.3411,0.4961
57.251,1,RETURN_HOME,-6.6634,3.8,-1.9743,-0.7031,-0.3887,-0.5504,-0.5031,-0.5887,0.7744,0.0,0.0,7.6707,1.1299113035202026,0.8528108596801758,-29.4,0,1,180,1.71,-0.1878,1.0,0.2581,-0.0563,0.3,0.1032,0.3469,0.5079
57.301,1,RETURN_HOME,-6.6905,3.7847,-1.9723,-0.6908,-0.4011,-0.5472,-0.4908,-0.6011,0.776,0.0,0.0,7.6868,1.1164487600326538,0.8529314994812012,-27.9,0,1,180,1.696,-0.1691,1.0,0.2587,-0.0507,0.3,0.1035,0.3527,0.5113
57.351,1,RETURN_HOME,-6.7225,3.7656,-1.9705,-0.6759,-0.4162,-0.5433,-0.4759,-0.6162,0.7786,0.0,0.0,7.7053,1.0988858938217163,0.8545247316360474,-26.15,0,1,180,1.64,-0.1465,1.0,0.2595,-0.044,0.3,0.1038,0.3599,0.5132
57.401,1,RETURN_HOME,-6.7517,3.7497,-1.9628,-0.6641,-0.4289,-0.5401,-0.4641,-0.6289,0.7816,0.0,0.0,7.723,1.0823919773101807,0.8564842939376831,-24.65,0,1,180,1.699,-0.1284,1.0,0.2605,-0.0385,0.3,0.1042,0.3657,0.5178
57.451,1,RETURN_HOME,-6.7856,3.7297,-1.955,-0.6497,-0.4442,-0.5363,-0.4497,-0.6442,0.7857,0.0,0.0,7.7431,1.0470038652420044,0.8632803559303284,-21.39,0,1,180,1.795,-0.1067,1.0,0.2619,-0.032,0.3,0.1048,0.3728,0.5304
57.502,1,RETURN_HOME,-6.8186,3.7087,-1.9485,-0.6351,-0.4598,-0.5324,-0.4351,-0.6598,0.7904,0.0,0.0,7.762,1.0269700288772583,0.8643947243690491,-19.64,0,1,180,2.184,-0.0848,1.0,0.2635,-0.0254,0.3,0.1054,0.3799,0.5305
57.552,1,RETURN_HOME,-6.8405,3.694,-1.9443,-0.6255,-0.4701,-0.5299,-0.4255,-0.6701,0.7938,0.0,0.0,7.7742,1.0097756385803223,0.8694290518760681,-18.39,0,1,180,1.912,-0.0706,1.0,0.2646,-0.0212,0.3,0.1058,0.3847,0.5389
57.601,1,RETURN_HOME,-6.8723,3.6713,-1.9392,-0.6109,-0.4857,-0.526,-0.4109,-0.6857,0.7994,0.0,0.0,7.7914,0.9675169587135315,0.8757717609405518,-15.39,0,1,180,1.877,-0.0492,1.0,0.2665,-0.0148,0.3,0.1066,0.3918,0.5533
57.651,1,RETURN_HOME,-6.8979,3.6515,-1.9349,-0.5985,-0.4989,-0.5228,-0.3985,-0.6989,0.8045,0.0,0.0,7.8048,0.9444608092308044,0.8803102374076843,-13.64,0,1,180,1.753,-0.0313,1.0,0.2682,-0.0094,0.3,0.1073,0.3979,0.556
57.701,1,RETURN_HOME,-6.9226,3.6302,-1.9278,-0.5859,-0.5126,-0.5195,-0.3859,-0.7126,0.8104,0.0,0.0,7.8167,0.9245995283126831,0.883807897567749,-12.14,0,1,180,1.599,-0.0134,1.0,0.2701,-0.004,0.3,0.1081,0.404,0.5606
57.751,1,RETURN_HOME,-6.9514,3.6042,-1.921,-0.5707,-0.5291,-0.5155,-0.3707,-0.7291,0.8179,0.0,0.0,7.8302,0.8923726677894592,0.8923726677894592,-9.38,0,1,180,1.755,0.008,1.0,0.2726,0.0024,0.3,0.1091,0.4114,0.5767
57.801,1,RETURN_HOME,-6.9744,3.5819,-1.9172,-0.5578,-0.5428,-0.5122,-0.3578,-0.7428,0.8245,0.0,0.0,7.8405,0.8987495303153992,0.8987495303153992,-8.13,0,1,180,1.676,0.0256,1.0,0.2748,0.0077,0.3,0.1099,0.4176,0.5821
57.851,1,RETURN_HOME,-7.0004,3.5544,-1.9164,-0.5421,-0.5591,-0.5081,-0.3421,-0.7591,0.8326,0.0,0.0,7.8511,0.9022276401519775,0.9022276401519775,-6.63,0,1,180,1.795,0.0464,1.0,0.2775,0.0139,0.3,0.111,0.4249,0.5927
57.901,1,RETURN_HOME,-7.0214,3.531,-1.9166,-0.529,-0.5726,-0.5047,-0.329,-0.7726,0.8398,0.0,0.0,7.8593,0.9121905565261841,0.9121905565261841,-3.63,0,1,180,1.669,0.0633,1.0,0.2799,0.019,0.3,0.112,0.431,0.6042
57.951,1,RETURN_HOME,-7.0468,3.5027,-1.9171,-0.5137,-0.5886,-0.5005,-0.3137,-0.7886,0.8487,0.0,0.0,7.8693,0.9182530045509338,0.9182530045509338,-2.13,0,1,180,1.852,0.0826,1.0,0.2829,0.0248,0.3,0.1132,0.4379,0.6127
58.001,1,RETURN_HOME,-7.0685,3.479,-1.9175,-0.5015,-0.6016,-0.4969,-0.3015,-0.8016,0.8564,0.0,0.0,7.8783,0.9246508479118347,0.9246508479118347,-0.88,0,1,180,1.764,0.0975,1.0,0.2855,0.0293,0.3,0.1142,0.4434,0.6197
58.051,1,RETURN_HOME,-7.0896,3.4548,-1.9184,-0.4891,-0.6147,-0.4934,-0.2891,-0.8147,0.8645,0.0,0.0,7.8866,0.9309074282646179,0.9309074282646179,0.38,0,1,180,1.738,0.1122,1.0,0.2882,0.0336,0.3,0.1153,0.4489,0.6234
58.102,1,RETURN_HOME,-7.1102,3.43,-1.9209,-0.4768,-0.628,-0.4897,-0.2768,-0.828,0.873,0.0,0.0,7.8943,0.9442768096923828,0.9442768096923828,3.13,0,1,180,1.903,0.1265,1.0,0.291,0.038,0.3,0.1164,0.4544,0.642
58.151,1,RETURN_HOME,-7.1304,3.4046,-1.9252,-0.4644,-0.6415,-0.4861,-0.2644,-0.8415,0.8821,0.0,0.0,7.9015,0.9476675391197205,0.9476675391197205,4.63,0,1,180,1.677,0.1406,1.0,0.294,0.0422,0.3,0.1176,0.4598,0.6486
58.202,1,RETURN_HOME,-7.1538,3.3734,-1.9304,-0.4494,-0.6578,-0.4817,-0.2494,-0.8578,0.8934,0.0,0.0,7.9093,0.9568941593170166,0.9568941593170166,5.63,0,1,180,1.814,0.1571,1.0,0.2978,0.0471,0.3,0.1191,0.4662,0.6567
58.251,1,RETURN_HOME,-7.171,3.3469,-1.9338,-0.4361,-0.6712,-0.4779,-0.2361,-0.8712,0.9027,0.0,0.0,7.9136,0.9643369317054749,0.9643369317054749,6.88,0,1,180,1.825,0.1712,1.0,0.3009,0.0514,0.3,0.1204,0.4717,0.6673
58.301,1,RETURN_HOME,-7.1853,3.3203,-1.936,-0.4218,-0.6843,-0.4738,-0.2218,-0.8843,0.9117,0.0,0.0,7.9154,0.9774446487426758,0.9774446487426758,9.38,0,1,180,1.838,0.186,1.0,0.3039,0.0558,0.3,0.1216,0.4774,0.6841
58.351,1,RETURN_HOME,-7.1994,3.293,-1.9383,-0.4076,-0.6974,-0.4696,-0.2076,-0.8974,0.9211,0.0,0.0,7.9168,0.9903662800788879,0.9848746061325073,10.89,0,1,180,1.828,0.2003,1.0,0.307,0.0601,0.3,0.1228,0.4829,0.6935
58.401,1,RETURN_HOME,-7.2153,3.2599,-1.9429,-0.3903,-0.713,-0.4646,-0.1903,-0.913,0.9326,0.0,0.0,7.9175,1.002610683441162,0.9909143447875977,12.14,0,1,180,1.69,0.2171,1.0,0.3109,0.0651,0.3,0.1244,0.4895,0.7009
58.452,1,RETURN_HOME,-7.2247,3.238,-1.9482,-0.3783,-0.7232,-0.4611,-0.1783,-0.9232,0.9403,0.0,0.0,7.9171,1.0176504850387573,1.0020461082458496,13.39,0,1,180,1.836,0.2285,1.0,0.3134,0.0686,0.3,0.1254,0.4939,0.7127
58.501,1,RETURN_HOME,-7.2386,3.2042,-1.9555,-0.3606,-0.7387,-0.456,-0.1606,-0.9387,0.9523,0.0,0.0,7.9161,1.0426887273788452,1.0170286893844604,15.39,0,1,180,1.902,0.2448,1.0,0.3174,0.0734,0.3,0.127,0.5004,0.7319
58.552,1,RETURN_HOME,-7.2542,3.17,-1.9613,-0.3441,-0.7542,-0.4512,-0.1441,-0.9542,0.9651,0.0,0.0,7.9166,1.052104115486145,1.0259383916854858,17.14,0,1,180,1.932,0.2591,1.0,0.3217,0.0777,0.3,0.1287,0.5064,0.7416
58.601,1,RETURN_HOME,-7.2682,3.1411,-1.965,-0.3311,-0.7673,-0.4474,-0.1311,-0.9673,0.9761,0.0,0.0,7.9179,1.0757801532745361,1.0427186489105225,19.64,0,1,180,1.856,0.2698,1.0,0.3254,0.0809,0.3,0.1301,0.5111,0.7634
58.651,1,RETURN_HOME,-7.2816,3.1114,-1.9683,-0.3182,-0.7805,-0.4436,-0.1182,-0.9805,0.9876,0.0,0.0,7.9186,12.375426292419434,1.0511049032211304,19.39,0,1,180,1.851,0.28,1.0,0.3292,0.084,0.3,0.1317,0.5157,0.771
58.701,1,RETURN_HOME,-7.2984,3.0737,-1.9726,-0.3031,-0.7974,-0.4391,-0.1031,-0.9974,1.0027,0.0,0.0,7.9192,12.38766860961914,1.0604428052902222,21.9,0,1,180,1.676,0.2913,1.0,0.3342,0.0874,0.3,0.1337,0.5211,0.7786
58.752,1,RETURN_HOME,-7.3126,3.0407,-1.9763,-0.2907,-0.8121,-0.4354,-0.0907,-1.0121,1.0162,0.0,0.0,7.9196,12.400936126708984,1.0708097219467163,22.65,0,1,180,1.877,0.3,1.0,0.3387,0.09,0.3,0.1355,0.5255,0.7875
58.801,1,RETURN_HOME,-7.3287,3.0004,-1.9803,-0.2756,-0.8297,-0.4308,-0.0756,-1.0297,1.0325,0.0,0.0,7.9191,12.42546558380127,1.0892817974090576,23.15,0,1,180,1.695,0.3101,1.0,0.3442,0.093,0.3,0.1377,0.5307,0.8041
58.851,1,RETURN_HOME,-7.3403,2.9577,-1.9855,-0.2584,-0.8477,-0.4263,-0.0584,-1.0477,1.0493,0.0,0.0,7.9138,12.434009552001953,1.0977585315704346,23.4,0,1,180,1.668,0.3215,1.0,0.3498,0.0965,0.3,0.1399,0.5364,0.8142
58.901,1,RETURN_HOME,-7.349,2.9215,-1.9896,-0.2438,-0.8626,-0.4225,-0.0438,-1.0626,1.0635,0.0,0.0,7.9084,12.448619842529297,1.1076620817184448,25.15,0,1,180,1.696,0.3309,1.0,0.3545,0.0993,0.3,0.1418,0.5411,0.8222
58.951,1,RETURN_HOME,-7.3573,2.8849,-1.9931,-0.2292,-0.8774,-0.4187,-0.0292,-1.0774,1.0778,0.0,0.0,7.9027,12.469438552856445,1.1234580278396606,24.65,0,1,180,1.713,0.3397,1.0,0.3593,0.1019,0.3,0.1437,0.5456,0.8414
59.001,1,RETURN_HOME,-7.3612,2.8425,-1.9988,-0.21,-0.8938,-0.4141,-0.01,-1.0938,1.0938,0.0,0.0,7.8909,12.480291366577148,1.1322139501571655,23.9,0,1,180,1.748,0.3517,1.0,0.3646,0.1055,0.3,0.1458,0.5513,0.851
59.051,1,RETURN_HOME,-7.3636,2.8068,-2.003,-0.1939,-0.9073,-0.4102,0.0061,-1.1073,1.1073,0.0,0.0,7.8804,12.49117660522461,1.1404610872268677,24.15,0,1,180,1.739,0.3613,1.0,0.3691,0.1084,0.3,0.1476,0.556,0.8637
59.101,1,RETURN_HOME,-7.366,2.7706,-2.0067,-0.1783,-0.9209,-0.4062,0.0217,-1.1209,1.1211,0.0,0.0,7.8699,12.514006614685059,1.1567819118499756,25.65,0,1,180,1.699,0.3701,1.0,0.3737,0.111,0.3,0.1495,0.5605,0.8901
59.151,1,RETURN_HOME,-7.3708,2.7253,-2.0134,-0.1607,-0.9382,-0.4013,0.0393,-1.1382,1.1389,0.0,0.0,7.8585,12.527775764465332,1.1640902757644653,26.9,0,1,180,1.716,0.379,1.0,0.3796,0.1137,0.3,0.1518,0.5655,0.8937
59.201,1,RETURN_HOME,-7.3748,2.6868,-2.0185,-0.1463,-0.9528,-0.3971,0.0537,-1.1528,1.1541,0.0,0.0,7.8489,12.540971755981445,1.174077033996582,28.65,0,1,180,1.719,0.3857,1.0,0.3847,0.1157,0.3,0.1539,0.5696,0.9087
59.252,1,RETURN_HOME,-7.3785,2.6477,-2.0228,-0.132,-0.9675,-0.3928,0.068,-1.1675,1.1695,0.0,0.0,7.8391,12.553567886352539,1.1833884716033936,29.65,0,1,180,1.989,0.3919,1.0,0.3898,0.1176,0.3,0.1559,0.5735,0.9227
59.301,1,RETURN_HOME,-7.3834,2.603,-2.022,-0.1152,-0.9839,-0.3875,0.0848,-1.1839,1.1869,0.0,0.0,7.8288,12.578950881958008,1.20256769657135,32.15,0,1,180,1.674,0.399,1.0,0.3956,0.1197,0.3,0.1583,0.578,0.9564
59.351,1,RETURN_HOME,-7.3871,2.5648,-2.0212,-0.1011,-0.9978,-0.3831,0.0989,-1.1978,1.2019,0.0,0.0,7.8197,12.596327781677246,1.2128063440322876,33.66,0,1,180,1.718,0.4046,1.0,0.4006,0.1214,0.3,0.1602,0.5816,0.9754
59.402,1,RETURN_HOME,-7.3902,2.5259,-2.0202,-0.0869,-1.0119,-0.3787,0.1131,-1.2119,1.2171,0.0,0.0,7.81,12.608719825744629,1.2238386869430542,34.41,0,1,180,1.951,0.41,1.0,0.4057,0.123,0.3,0.1623,0.5853,0.9781
59.452,1,RETURN_HOME,-7.3898,2.4803,-2.0196,-0.0681,-1.028,-0.3732,0.1319,-1.228,1.2351,0.0,0.0,7.7949,12.63753604888916,1.2459630966186523,36.66,0,1,180,1.875,0.4176,1.0,0.4117,0.1253,0.3,0.1647,0.59,1.0148
59.501,1,RETURN_HOME,-7.3892,2.4413,-2.019,-0.0524,-1.0418,-0.3686,0.1476,-1.2418,1.2506,0.0,0.0,7.782,12.65386962890625,1.260181188583374,38.16,0,1,180,1.548,0.4236,1.0,0.4169,0.1271,0.3,0.1667,0.5938,1.0362
59.551,1,RETURN_HOME,-7.3884,2.4015,-2.0184,-0.0369,-1.0559,-0.3641,0.1631,-1.2559,1.2664,0.0,0.0,7.7688,12.668214797973633,1.2699640989303589,39.16,0,1,180,1.696,0.429,1.0,0.4221,0.1287,0.3,0.1689,0.5976,1.0512
59.601,1,RETURN_HOME,-7.3852,2.3581,-2.0147,-0.0209,-1.0707,-0.3594,0.1791,-1.2707,1.2833,0.0,0.0,7.7525,12.682599067687988,1.2844685316085815,40.16,0,1,180,1.672,0.4342,1.0,0.4278,0.1302,0.3,0.1711,0.6014,1.0624
59.651,1,RETURN_HOME,-7.3812,2.3054,-2.0107,-0.0018,-1.0887,-0.3537,0.1982,-1.2887,1.3039,0.0,0.0,7.7328,12.712180137634277,1.31631338596344,42.66,0,1,180,1.772,0.4398,1.0,0.4346,0.1319,0.3,0.1738,0.6058,1.1094
59.701,1,RETURN_HOME,-7.3788,2.2612,-2.0081,0.0136,-1.1036,-0.3489,0.2136,-1.3036,1.321,0.0,0.0,7.7175,12.728700637817383,1.3278868198394775,43.92,0,1,180,1.803,0.4437,1.0,0.4403,0.1331,0.3,0.1761,0.6093,1.133
59.752,1,RETURN_HOME,-7.3804,2.2089,-2.0067,0.0299,-1.1205,-0.3431,0.2299,-1.3205,1.3403,0.0,0.0,7.7038,12.74367904663086,1.343257188796997,44.92,0,1,180,1.793,0.4468,1.0,0.4468,0.134,0.3,0.1787,0.6128,1.1378
59.801,1,RETURN_HOME,-7.3808,2.1645,-2.0057,0.0437,-1.1347,-0.3381,0.2437,-1.3347,1.3568,0.0,0.0,7.6917,12.77354907989502,1.3781174421310425,47.42,0,1,180,1.708,0.4492,1.0,0.4523,0.1348,0.3,0.1809,0.6157,1.1927
59.851,1,RETURN_HOME,-7.3796,2.1093,-2.0046,0.0607,-1.1524,-0.3321,0.2607,-1.3524,1.3773,0.0,0.0,7.6752,12.78946304321289,1.3935025930404663,48.42,0,1,180,1.696,0.4518,1.0,0.4591,0.1355,0.3,0.1836,0.6192,1.2222
59.901,1,RETURN_HOME,-7.3767,2.0609,-2.0036,0.0753,-1.168,-0.3271,0.2753,-1.368,1.3954,0.0,0.0,7.6592,12.805402755737305,1.4095262289047241,49.42,0,1,180,1.746,0.4538,1.0,0.4651,0.1361,0.3,0.1861,0.6222,1.2247
59.951,1,RETURN_HOME,-7.3733,2.012,-2.0027,0.0902,-1.1835,-0.3219,0.2902,-1.3835,1.4136,0.0,0.0,7.6429,12.838482856750488,1.4516633749008179,51.67,0,1,180,1.695,0.4557,1.0,0.4712,0.1367,0.3,0.1885,0.6252,1.2935
60.001,1,RETURN_HOME,-7.3672,1.9526,-2.001,0.1085,-1.2023,-0.3156,0.3085,-1.4023,1.4358,0.0,0.0,7.6216,12.855230331420898,1.471187710762024,52.67,0,1,180,1.811,0.4579,1.0,0.4786,0.1374,0.3,0.1914,0.6288,1.3057
60.051,1,RETURN_HOME,-7.3607,1.9023,-1.9992,0.1242,-1.218,-0.3104,0.3242,-1.418,1.4546,0.0,0.0,7.6026,12.87389850616455,1.49257493019104,53.67,0,1,180,1.948,0.4597,1.0,0.4849,0.1379,0.3,0.1939,0.6319,1.3307
60.101,1,RETURN_HOME,-7.3539,1.8517,-1.9976,0.1399,-1.2336,-0.3051,0.3399,-1.4336,1.4734,0.0,0.0,7.5834,12.909440040588379,1.5351285934448242,55.68,0,1,180,1.716,0.4613,1.0,0.4911,0.1384,0.3,0.1964,0.6348,1.258
60.151,1,RETURN_HOME,-7.3439,1.7888,-1.9971,0.159,-1.253,-0.2986,0.359,-1.453,1.4967,0.0,0.0,7.5586,12.93044662475586,1.5590091943740845,56.68,0,1,180,1.688,0.4628,1.0,0.4989,0.1388,0.3,0.1996,0.6384,1.1587
60.201,1,RETURN_HOME,-7.3343,1.7349,-1.9977,0.1751,-1.2696,-0.2932,0.3751,-1.3696,1.4201,0.0,0.0,7.5367,12.949338912963867,1.5795475244522095,57.68,0,1,180,1.657,0.4791,1.0,0.4734,0.1437,0.3,0.1893,0.6331,1.3658
60.251,1,RETURN_HOME,-7.3225,1.6699,-1.9985,0.1942,-1.2896,-0.2867,0.3942,-1.3896,1.4444,0.0,0.0,7.5105,12.993119239807129,1.628240942955017,59.68,0,1,180,1.656,0.48,1.0,0.4815,0.144,0.3,0.1926,0.6366,1.2243
60.301,1,RETURN_HOME,-7.312,1.6137,-1.9997,0.2098,-1.307,-0.2813,0.4098,-1.4,1.4588,0.0,0.0,7.4879,13.017223358154297,1.6555721759796143,60.68,0,1,180,1.851,0.4812,1.0,0.4863,0.1444,0.3,0.1945,0.6389,1.1516
60.351,1,RETURN_HOME,-7.2987,1.5448,-2.0014,0.2282,-1.3262,-0.2748,0.4282,-1.4,1.464,0.0,0.0,7.4604,13.034418106079102,1.680915117263794,61.43,0,1,180,1.76,0.4842,1.0,0.488,0.1452,0.3,0.1952,0.6405,1.1076
60.401,1,RETURN_HOME,-7.2874,1.4873,-2.0026,0.2435,-1.3399,-0.2693,0.4435,-1.1,1.186,0.0,0.0,7.4376,13.054326057434082,1.705712080001831,62.43,0,1,180,1.865,0.5519,1.0,0.4363,0.1656,0.3,0.1745,0.6401,1.5391
60.451,1,RETURN_HOME,-7.2772,1.4303,-2.0055,0.2582,-1.3521,-0.2637,0.4582,-1.1,1.1916,0.0,0.0,7.4164,13.101984024047852,1.7648941278457642,64.18,0,1,180,1.647,0.5554,1.0,0.4412,0.1666,0.3,0.1765,0.6431,1.5906
60.502,1,RETURN_HOME,-7.2669,1.3733,-2.0083,0.273,-1.364,-0.2583,0.473,-1.1,1.1974,0.0,0.0,7.3955,13.130455017089844,1.7891836166381836,64.94,0,1,180,2.351,0.5588,1.0,0.446,0.1676,0.3,0.1784,0.646,1.6155
60.551,1,RETURN_HOME,-7.2538,1.3048,-2.0112,0.2906,-1.3713,-0.2519,0.4906,-1.1,1.2045,0.0,0.0,7.3702,13.152458190917969,1.818138599395752,65.69,0,1,180,1.826,0.5626,1.0,0.4518,0.1688,0.3,0.1807,0.6495,1.646
60.601,1,RETURN_HOME,-7.2453,1.2475,-2.0122,0.3046,-1.371,-0.2464,0.5046,-1.1,1.2102,0.0,0.0,7.3519,13.202644348144531,1.8774428367614746,67.19,0,1,180,1.863,0.5651,1.0,0.456,0.1695,0.3,0.1824,0.6519,1.7056
60.651,1,RETURN_HOME,-7.2348,1.1791,-2.0129,0.3215,-1.3637,-0.2394,0.5215,-1.1,1.2174,0.0,0.0,7.3303,13.234993934631348,1.9103195667266846,67.94,0,1,180,1.693,0.5682,1.0,0.4611,0.1705,0.3,0.1845,0.6549,1.6573
60.701,1,RETURN_HOME,-7.2228,1.1115,-2.0134,0.3391,-1.3508,-0.2317,0.5391,-1.1,1.225,0.0,0.0,7.3079,13.277056694030762,1.9385333061218262,68.44,0,1,180,1.637,0.5715,1.0,0.4667,0.1715,0.3,0.1867,0.6581,1.6127
60.751,1,RETURN_HOME,-7.2157,1.0663,-2.0164,0.3505,-1.3406,-0.2262,0.5505,-1.1,1.23,0.0,0.0,7.2941,13.33605670928955,1.967828631401062,69.19,0,1,180,1.662,0.5734,1.0,0.4702,0.172,0.3,0.1881,0.6601,1.5672
60.801,1,RETURN_HOME,-7.2058,1.0105,-2.0196,0.365,-1.3271,-0.219,0.565,-1.1,1.2366,0.0,0.0,7.2763,13.46928596496582,2.032424211502075,70.19,0,1,180,1.841,0.576,1.0,0.4748,0.1728,0.3,0.1899,0.6627,1.4913
60.851,1,RETURN_HOME,-7.1924,0.9446,-2.0228,0.3828,-1.3114,-0.21,0.5828,-1.1,1.2449,0.0,0.0,7.2541,13.549552917480469,2.055657386779785,70.94,0,1,180,1.762,0.5793,1.0,0.4807,0.1738,0.3,0.1923,0.6661,1.4444
60.902,1,RETURN_HOME,-7.1786,0.8918,-2.0247,0.3984,-1.2988,-0.2023,0.5984,-1.0988,1.2512,0.0,0.0,7.2338,13.6519775390625,2.0901994705200195,71.44,0,1,180,1.81,0.5829,1.0,0.4862,0.1749,0.3,0.1945,0.6694,1.3995
60.951,1,RETURN_HOME,-7.164,0.8395,-2.0262,0.414,-1.2876,-0.1947,0.614,-1.0876,1.2489,0.0,0.0,7.213,13.85237979888916,2.148515224456787,72.44,0,1,180,1.67,0.5896,1.0,0.4909,0.1769,0.3,0.1964,0.6733,1.3609
61.001,1,RETURN_HOME,-7.1453,0.7773,-2.0274,0.4328,-1.2759,-0.1855,0.6328,-1.0759,1.2482,0.0,0.0,7.1875,13.962488174438477,2.179661750793457,72.94,0,1,180,1.844,0.5972,1.0,0.497,0.1792,0.3,0.1988,0.6779,1.3512
61.051,1,RETURN_HOME,-7.13,0.7139,-2.0287,0.4497,-1.2666,-0.1764,0.6497,-1.0666,1.2489,0.0,0.0,7.1656,14.095200538635254,2.2096035480499268,73.44,0,1,180,1.654,0.6027,1.0,0.5018,0.1808,0.3,0.2007,0.6816,1.3316
61.102,1,RETURN_HOME,-7.1159,0.6617,-2.0293,0.4641,-1.2596,-0.1689,0.6641,-1.0596,1.2505,0.0,0.0,7.1466,14.34888744354248,2.2673966884613037,74.19,0,1,180,2.045,0.6072,1.0,0.5062,0.1822,0.3,0.2025,0.6847,1.2846
61.151,1,RETURN_HOME,-7.0988,0.6002,-2.0295,0.4812,-1.2512,-0.16,0.6812,-1.0512,1.2526,0.0,0.0,7.1242,14.478271484375,2.297536849975586,74.69,0,1,180,1.647,0.6126,1.0,0.5116,0.1838,0.3,0.2046,0.6884,1.266
61.201,1,RETURN_HOME,-7.0853,0.5505,-2.0291,0.4952,-1.2436,-0.1527,0.6952,-1.0436,1.2539,0.0,0.0,7.1066,14.637063980102539,2.3309390544891357,74.94,0,1,180,1.593,0.6172,1.0,0.5159,0.1852,0.3,0.2064,0.6915,1.2444
61.251,1,RETURN_HOME,-7.0704,0.501,-2.0286,0.5095,-1.2358,-0.1453,0.7095,-1.0358,1.2555,0.0,0.0,7.0881,14.935750961303711,2.387638807296753,75.7,0,1,180,1.642,0.622,1.0,0.5206,0.1866,0.3,0.2083,0.6949,1.2023
61.301,1,RETURN_HOME,-7.0543,0.4517,-2.0277,0.5244,-1.2278,-0.1376,0.7244,-1.0278,1.2574,0.0,0.0,7.0687,15.094298362731934,2.417966365814209,75.95,0,1,180,1.614,0.6271,1.0,0.5257,0.1881,0.3,0.2103,0.6984,1.184
61.351,1,RETURN_HOME,-7.0368,0.4017,-2.026,0.5397,-1.2201,-0.1299,0.7397,-1.0201,1.2601,0.0,0.0,7.0482,15.28271198272705,2.4526450634002686,76.2,0,1,180,1.664,0.6322,1.0,0.5311,0.1897,0.3,0.2124,0.7021,1.164
61.401,1,RETURN_HOME,-7.0144,0.3424,-2.024,0.5584,-1.2105,-0.1205,0.7584,-1.0105,1.2634,0.0,0.0,7.0227,15.461536407470703,2.4791886806488037,76.7,0,1,180,1.607,0.6386,1.0,0.5378,0.1916,0.3,0.2151,0.7067,1.146
61.451,1,RETURN_HOME,-6.9955,0.2941,-2.0216,0.5739,-1.202,-0.1129,0.7739,-1.002,1.2661,0.0,0.0,7.0017,15.729476928710938,2.5357768535614014,77.45,0,1,180,1.682,0.644,1.0,0.5435,0.1932,0.3,0.2174,0.7106,1.1061
61.501,1,RETURN_HOME,-6.9752,0.2398,-2.0155,0.5913,-1.1902,-0.104,0.7913,-0.9902,1.2675,0.0,0.0,6.9793,15.710407257080078,2.573169708251953,77.45,0,1,180,1.803,0.6507,1.0,0.5499,0.1952,0.3,0.22,0.7152,1.0976
61.551,1,RETURN_HOME,-6.9568,0.1946,-2.011,0.6061,-1.1804,-0.0967,0.8061,-0.9804,1.2693,0.0,0.0,6.9595,15.690465927124023,2.5975048542022705,77.95,0,1,180,1.854,0.6565,1.0,0.5555,0.1969,0.3,0.2222,0.7191,1.0868
61.601,1,RETURN_HOME,-6.9378,0.15,-2.0064,0.621,-1.1708,-0.0894,0.821,-0.9708,1.2714,0.0,0.0,6.9395,15.651898384094238,2.65749454498291,78.45,0,1,180,1.823,0.6621,1.0,0.5612,0.1986,0.3,0.2245,0.7231,1.0564
61.651,1,RETURN_HOME,-6.9146,0.097,-2.0007,0.6387,-1.1594,-0.0807,0.8387,-0.9594,1.2743,0.0,0.0,6.9153,15.631573677062988,2.687631130218506,78.95,0,1,180,1.575,0.6687,1.0,0.5681,0.2006,0.3,0.2272,0.7278,1.0442
61.702,1,RETURN_HOME,-6.8938,0.0529,-1.9965,0.654,-1.1501,-0.0735,0.854,-0.9501,1.2775,0.0,0.0,6.894,15.609374046325684,2.7218704223632812,78.95,0,1,180,1.902,0.6742,1.0,0.5742,0.2023,0.3,0.2297,0.7319,1.0346
61.751,1,RETURN_HOME,-6.8725,0.0099,-1.9925,0.6693,-1.1404,-0.0664,0.8693,-0.9404,1.2807,0.0,0.0,6.8725,15.590607643127441,2.7501604557037354,79.2,0,1,180,1.662,0.6799,1.0,0.5805,0.204,0.3,0.2322,0.7361,1.0259
61.801,1,RETURN_HOME,-6.8463,-0.0401,-1.9877,0.6877,-1.1282,-0.058,0.8877,-0.9282,1.2844,0.0,0.0,6.8464,15.544745445251465,2.8091189861297607,79.95,0,1,180,1.649,0.6869,1.0,0.5882,0.2061,0.3,0.2353,0.7414,0.9999
61.851,1,RETURN_HOME,-6.8231,-0.0818,-1.9843,0.7034,-1.118,-0.0509,0.9034,-0.918,1.288,0.0,0.0,6.8236,15.523416519165039,2.8377950191497803,80.2,0,1,180,1.678,0.6928,1.0,0.5949,0.2078,0.3,0.238,0.7458,0.9926
61.901,1,RETURN_HOME,-6.7906,-0.1305,-1.9799,0.7237,-1.1053,-0.0424,0.9237,-0.9053,1.2933,0.0,0.0,6.7919,15.477972030639648,2.8997533321380615,80.45,0,1,180,1.717,0.7006,1.0,0.6041,0.2102,0.3,0.2416,0.7518,0.9742
61.951,1,RETURN_HOME,-6.7602,-0.17,-1.9761,0.7415,-1.0941,-0.0353,0.9415,-0.8941,1.2984,0.0,0.0,6.7623,15.452335357666016,2.9280264377593994,80.95,0,1,180,1.653,0.7076,1.0,0.6125,0.2123,0.3,0.245,0.7573,0.9668
62.001,1,RETURN_HOME,-6.7228,-0.2175,-1.9724,0.7628,-1.081,-0.0268,0.9628,-0.881,1.305,0.0,0.0,6.7263,15.425492286682129,2.957164764404297,81.2,0,1,180,1.76,0.7155,1.0,0.6225,0.2147,0.3,0.249,0.7637,0.965
62.052,1,RETURN_HOME,-6.6873,-0.2558,-1.9708,0.782,-1.0694,-0.0199,0.982,-0.8694,1.3116,0.0,0.0,6.6922,15.403491973876953,2.9867706298828125,81.45,0,1,180,1.88,0.7228,1.0,0.632,0.2168,0.3,0.2528,0.7697,0.9625
62.101,1,RETURN_HOME,-6.6506,-0.2939,-1.97,0.8012,-1.0579,-0.0131,1.0012,-0.8579,1.3185,0.0,0.0,6.6571,15.349417686462402,3.0461313724517822,82.2,0,1,180,1.656,0.7299,1.0,0.6416,0.219,0.3,0.2566,0.7756,0.9413
62.151,1,RETURN_HOME,-6.6063,-0.3397,-1.9694,0.8238,-1.0445,-0.005,1.0238,-0.8445,1.3271,0.0,0.0,6.615,15.324200630187988,3.0775439739227295,82.2,0,1,180,1.76,0.7377,1.0,0.6527,0.2213,0.3,0.2611,0.7824,0.9404
62.201,1,RETURN_HOME,-6.5688,-0.3773,-1.9721,0.8427,-1.0333,0.0016,1.0427,-0.8333,1.3348,0.0,0.0,6.5796,15.29741096496582,3.1037614345550537,82.45,0,1,180,1.916,0.7441,1.0,0.6621,0.2232,0.3,0.2649,0.7881,0.9365
62.251,1,RETURN_HOME,-6.5309,-0.4148,-1.9755,0.8613,-1.0224,0.0081,1.0613,-0.8224,1.3426,0.0,0.0,6.5441,15.240216255187988,3.164855480194092,82.95,0,1,180,1.773,0.75,1.0,0.6713,0.225,0.3,0.2685,0.7935,0.9136
62.301,1,RETURN_HOME,-6.485,-0.4598,-1.9791,0.8831,-1.0096,0.0156,1.0831,-0.8096,1.3522,0.0,0.0,6.5013,15.21319580078125,3.19490385055542,82.95,0,1,180,1.713,0.7566,1.0,0.6821,0.227,0.3,0.2728,0.7998,0.9148
62.351,1,RETURN_HOME,-6.4423,-0.4955,-1.9827,0.9023,-0.9984,0.0217,1.0023,-0.7984,1.2814,0.0,0.0,6.4614,15.184532165527344,3.2225723266601562,83.45,0,1,180,1.639,0.7321,1.0,0.6254,0.2196,0.3,0.2502,0.7698,0.9133
62.401,1,RETURN_HOME,-6.3912,-0.5384,-1.9865,0.925,-0.9852,0.029,1.025,-0.7852,1.2912,0.0,0.0,6.4138,15.125121116638184,3.2848165035247803,83.95,0,1,180,1.718,0.74,1.0,0.637,0.222,0.3,0.2548,0.7768,0.8965
62.451,1,RETURN_HOME,-6.3485,-0.5742,-1.9892,0.9437,-0.9743,0.035,1.0437,-0.7743,1.2996,0.0,0.0,6.3744,15.095141410827637,3.3131110668182373,84.2,0,1,180,1.843,0.7462,1.0,0.6465,0.2238,0.3,0.2586,0.7824,0.8962
62.501,1,RETURN_HOME,-6.3041,-0.6087,-1.9896,0.9611,-0.9628,0.041,1.0611,-0.7628,1.3068,0.0,0.0,6.3334,15.063694953918457,3.3408710956573486,84.7,0,1,180,1.66,0.7521,1.0,0.6553,0.2256,0.3,0.2621,0.7877,0.8932
62.551,1,RETURN_HOME,-6.2509,-0.6501,-1.9899,0.9792,-0.9493,0.0481,1.0792,-0.7493,1.3138,0.0,0.0,6.2846,15.031447410583496,3.3721721172332764,84.95,0,1,180,1.719,0.758,1.0,0.6639,0.2274,0.3,0.2656,0.793,0.8969
62.601,1,RETURN_HOME,-6.2155,-0.6777,-1.9901,0.99,-0.9403,0.0527,1.09,-0.7403,1.3177,0.0,0.0,6.2523,14.963251113891602,3.366665840148926,-93.21,0,1,180,1.718,0.7615,1.0,0.6689,0.2284,0.3,0.2676,0.796,0.878
62.651,1,RETURN_HOME,-6.1758,-0.7139,-1.9894,1.0009,-0.9299,0.0585,1.1009,-0.7299,1.3209,0.0,0.0,6.2169,14.931819915771484,3.3361308574676514,-95.21,0,1,180,1.924,0.7645,1.0,0.6732,0.2293,0.3,0.2693,0.7986,0.8791
62.701,1,RETURN_HOME,-6.1287,-0.7575,-1.9884,1.013,-0.9176,0.0654,1.013,-0.7176,1.2414,0.0,0.0,6.1754,14.8982515335083,3.3077642917633057,-93.21,0,1,180,1.711,0.7389,1.0,0.6115,0.2217,0.3,0.2446,0.7663,0.8768
62.752,1,RETURN_HOME,-6.089,-0.7934,-1.9877,1.0233,-0.9073,0.0712,1.0233,-0.7073,1.2439,0.0,0.0,6.1405,14.862886428833008,3.274047613143921,-95.21,0,1,180,1.891,0.7423,1.0,0.6155,0.2227,0.3,0.2462,0.7689,0.8728
62.801,1,RETURN_HOME,-6.0388,-0.8381,-1.9913,1.0371,-0.8957,0.0781,1.0371,-0.6957,1.2488,0.0,0.0,6.0967,14.799858093261719,3.217156410217285,-94.96,0,1,180,1.719,0.746,1.0,0.6211,0.2238,0.3,0.2484,0.7722,0.858
62.851,1,RETURN_HOME,-5.9881,-0.8821,-1.9945,1.0485,-0.8841,0.085,1.0485,-0.6841,1.2519,0.0,0.0,6.0528,14.766246795654297,3.1894748210906982,-94.71,0,1,180,1.684,0.7489,1.0,0.625,0.2247,0.3,0.25,0.7747,0.8587
62.901,1,RETURN_HOME,-5.9448,-0.9182,-1.9969,1.0564,-0.8742,0.0907,1.0564,-0.6742,1.2532,0.0,0.0,6.0153,14.728248596191406,3.156888723373413,-94.96,0,1,180,1.698,0.7509,1.0,0.6274,0.2253,0.3,0.251,0.7762,0.8548
62.951,1,RETURN_HOME,-5.8985,-0.9537,-1.9991,1.0642,-0.864,0.0965,1.0642,-0.664,1.2543,0.0,0.0,5.9751,14.660943031311035,3.103309154510498,-96.46,0,1,180,1.657,0.7531,1.0,0.6297,0.2259,0.3,0.2519,0.7778,0.8425
63.001,1,RETURN_HOME,-5.8432,-0.9957,-2.0014,1.0724,-0.8514,0.1035,1.0724,-0.6514,1.2548,0.0,0.0,5.9274,14.625954627990723,3.0761935710906982,-95.46,0,1,180,1.716,0.7553,1.0,0.6319,0.2266,0.3,0.2527,0.7793,0.8429
63.052,1,RETURN_HOME,-5.7977,-1.0303,-2.0031,1.0786,-0.841,0.1095,1.0786,-0.641,1.2547,0.0,0.0,5.8885,14.58963680267334,3.0458366870880127,-95.96,0,1,180,1.854,0.757,1.0,0.6332,0.2271,0.3,0.2533,0.7804,0.8414
63.101,1,RETURN_HOME,-5.7541,-1.0652,-2.005,1.0837,-0.8309,0.1155,1.0837,-0.6309,1.254,0.0,0.0,5.8518,14.52130126953125,2.992363452911377,-96.71,0,1,180,1.597,0.7582,1.0,0.6338,0.2275,0.3,0.2535,0.781,0.8311
63.151,1,RETURN_HOME,-5.7016,-1.1062,-2.0069,1.0899,-0.8188,0.1228,1.0899,-0.6188,1.2533,0.0,0.0,5.8079,14.486420631408691,2.9667470455169678,-96.46,0,1,180,1.741,0.7596,1.0,0.6347,0.2279,0.3,0.2539,0.7818,0.833
63.201,1,RETURN_HOME,-5.6572,-1.1389,-2.0064,1.0954,-0.8082,0.129,1.0954,-0.6082,1.2529,0.0,0.0,5.7707,14.449634552001953,2.9382741451263428,-96.71,0,1,180,1.621,0.7613,1.0,0.6359,0.2284,0.3,0.2543,0.7827,0.834
63.251,1,RETURN_HOME,-5.6122,-1.1696,-2.0036,1.1012,-0.797,0.1354,1.1012,-0.597,1.2526,0.0,0.0,5.7328,14.382100105285645,2.886929750442505,-97.72,0,1,180,1.591,0.7634,1.0,0.6375,0.229,0.3,0.255,0.784,0.8295
63.301,1,RETURN_HOME,-5.558,-1.2062,-2.0005,1.1083,-0.7836,0.1431,1.1083,-0.5836,1.2526,0.0,0.0,5.6874,14.347835540771484,2.8624253273010254,-98.97,0,1,180,1.772,0.7659,1.0,0.6396,0.2298,0.3,0.2558,0.7856,0.8372
63.351,1,RETURN_HOME,-5.5063,-1.2415,-1.9986,1.1146,-0.7696,0.1509,1.1146,-0.5696,1.2517,0.0,0.0,5.6445,14.308906555175781,2.8345773220062256,-98.72,0,1,180,1.7,0.7685,1.0,0.6413,0.2306,0.3,0.2565,0.7871,0.846
63.401,1,RETURN_HOME,-5.465,-1.2699,-1.9978,1.119,-0.7577,0.1574,1.119,-0.5577,1.2503,0.0,0.0,5.6106,14.24105167388916,2.785947799682617,-99.72,0,1,180,1.709,0.7708,1.0,0.6425,0.2312,0.3,0.257,0.7882,0.8461
63.451,1,RETURN_HOME,-5.4146,-1.3038,-1.9971,1.1245,-0.7436,0.1654,1.1245,-0.5436,1.249,0.0,0.0,5.5694,11.993468284606934,2.7627782821655273,-100.72,0,1,180,1.644,0.7734,1.0,0.644,0.232,0.3,0.2576,0.7896,0.8556
63.501,1,RETURN_HOME,-5.3628,-1.3361,-1.9933,1.1303,-0.7293,0.1736,1.1303,-0.5293,1.248,0.0,0.0,5.5267,11.871950149536133,2.7361369132995605,-98.72,0,1,180,1.619,0.7762,1.0,0.6459,0.2329,0.3,0.2583,0.7912,0.8653
63.551,1,RETURN_HOME,-5.319,-1.3627,-1.99,1.1353,-0.7173,0.1805,1.1353,-0.5173,1.2476,0.0,0.0,5.4908,11.65903377532959,2.690459728240967,-98.97,0,1,180,1.78,0.7786,1.0,0.6476,0.2336,0.3,0.259,0.7926,0.8698
63.601,1,RETURN_HOME,-5.266,-1.3943,-1.9867,1.1414,-0.7031,0.1889,1.1414,-0.5031,1.2474,0.0,0.0,5.4474,11.553953170776367,2.6672773361206055,-101.22,0,1,180,1.648,0.7813,1.0,0.6497,0.2344,0.3,0.2599,0.7943,0.8798
63.651,1,RETURN_HOME,-5.2213,-1.4191,-1.9866,1.1467,-0.6906,0.196,1.1467,-0.4906,1.2473,0.0,0.0,5.4107,11.438190460205078,2.642862558364868,-102.47,0,1,180,1.801,0.784,1.0,0.6519,0.2352,0.3,0.2608,0.796,0.8896
63.701,1,RETURN_HOME,-5.1672,-1.4486,-1.9865,1.1531,-0.6758,0.2043,1.2531,-0.4758,1.3404,0.0,0.0,5.3664,11.239380836486816,2.597968816757202,-102.72,0,1,180,1.666,0.8044,1.0,0.7188,0.2413,0.3,0.2875,0.8288,0.8984
63.751,1,RETURN_HOME,-5.1121,-1.4779,-1.987,1.1597,-0.661,0.2125,1.2597,-0.461,1.3414,0.0,0.0,5.3214,11.14365005493164,2.5775890350341797,-101.72,0,1,180,1.675,0.8067,1.0,0.7214,0.242,0.3,0.2886,0.8306,0.911
63.801,1,RETURN_HOME,-5.0636,-1.5019,-1.9887,1.1658,-0.6484,0.2193,1.2658,-0.4484,1.3429,0.0,0.0,5.2817,11.036888122558594,2.5541744232177734,-103.47,0,1,180,1.606,0.8087,1.0,0.724,0.2426,0.3,0.2896,0.8322,0.9233
63.851,1,RETURN_HOME,-5.0152,-1.5256,-1.9904,1.1737,-0.6359,0.2261,1.2737,-0.4359,1.3463,0.0,0.0,5.2421,10.85412311553955,2.5134694576263428,-104.22,0,1,180,1.688,0.8109,1.0,0.7278,0.2433,0.3,0.2911,0.8344,0.936
63.901,1,RETURN_HOME,-4.9488,-1.5586,-1.992,1.1869,-0.6187,0.2358,1.2869,-0.4187,1.3533,0.0,0.0,5.1884,10.766816139221191,2.4920644760131836,-102.97,0,1,180,1.594,0.8141,1.0,0.7345,0.2442,0.3,0.2938,0.838,0.9527
63.952,1,RETURN_HOME,-4.9119,-1.5772,-1.9923,1.195,-0.609,0.2414,1.295,-0.409,1.358,0.0,0.0,5.1589,10.586128234863281,2.4509408473968506,-104.47,0,1,180,1.789,0.8158,1.0,0.7386,0.2447,0.3,0.2954,0.8402,0.9641
64.001,1,RETURN_HOME,-4.8558,-1.6048,-1.9927,1.2077,-0.5946,0.2498,1.3077,-0.3946,1.366,0.0,0.0,5.1141,10.502519607543945,2.431959390640259,-102.97,0,1,180,1.821,0.8183,1.0,0.7452,0.2455,0.3,0.2981,0.8436,0.9782
64.051,1,RETURN_HOME,-4.7992,-1.6311,-1.9943,1.2208,-0.5799,0.2583,1.3208,-0.3799,1.3743,0.0,0.0,5.0688,10.420160293579102,2.4117960929870605,-104.72,0,1,180,1.8,0.821,1.0,0.7522,0.2463,0.3,0.3009,0.8472,0.9922
64.101,1,RETURN_HOME,-4.7516,-1.6521,-1.9965,1.2317,-0.5673,0.2655,1.3317,-0.3673,1.3814,0.0,0.0,5.0306,10.252549171447754,2.373110055923462,-105.72,0,1,180,1.68,0.8232,1.0,0.7581,0.247,0.3,0.3033,0.8502,1.009
64.151,1,RETURN_HOME,-4.6937,-1.6769,-1.9987,1.2446,-0.5523,0.274,1.3446,-0.3523,1.39,0.0,0.0,4.9843,10.176612854003906,2.3551809787750244,-104.97,0,1,180,1.699,0.8257,1.0,0.7652,0.2477,0.3,0.3061,0.8538,1.0249
64.201,1,RETURN_HOME,-4.634,-1.7006,-1.9987,1.2579,-0.5372,0.2826,1.3579,-0.3372,1.3991,0.0,0.0,4.9362,10.101722717285156,2.3372764587402344,-105.97,0,1,180,1.693,0.8281,1.0,0.7724,0.2484,0.3,0.3089,0.8574,1.0411
64.251,1,RETURN_HOME,-4.5833,-1.7198,-1.9979,1.269,-0.5247,0.2897,1.369,-0.3247,1.407,0.0,0.0,4.8954,9.945418357849121,2.3004398345947266,-106.72,0,1,180,1.643,0.8299,1.0,0.7784,0.249,0.3,0.3114,0.8603,1.0605
64.301,1,RETURN_HOME,-4.5322,-1.7388,-1.9972,1.28,-0.5121,0.2968,1.38,-0.3121,1.4149,0.0,0.0,4.8543,9.87533187866211,2.2837226390838623,-107.22,0,1,180,1.647,0.8316,1.0,0.7844,0.2495,0.3,0.3138,0.8633,1.0761
64.351,1,RETURN_HOME,-4.4712,-1.7618,-1.9958,1.2927,-0.4965,0.3052,1.3927,-0.2965,1.424,0.0,0.0,4.8058,9.803634643554688,2.2679712772369385,-106.72,0,1,180,1.65,0.8336,1.0,0.7914,0.2501,0.3,0.3165,0.8666,1.0958
64.401,1,RETURN_HOME,-4.4199,-1.7807,-1.9948,1.3033,-0.4835,0.3121,1.4033,-0.2835,1.4317,0.0,0.0,4.7651,9.726085662841797,2.249053955078125,-107.97,0,1,180,1.672,0.8352,1.0,0.7971,0.2506,0.3,0.3189,0.8694,1.1144
64.451,1,RETURN_HOME,-4.3681,-1.7992,-1.9939,1.314,-0.4705,0.3191,1.414,-0.2705,1.4396,0.0,0.0,4.7241,9.5920991897583,2.217648983001709,-110.48,0,1,180,1.661,0.8366,1.0,0.8029,0.251,0.3,0.3212,0.8722,1.1393
64.501,1,RETURN_HOME,-4.3031,-1.8222,-1.9894,1.328,-0.4554,0.3274,1.428,-0.2554,1.4506,0.0,0.0,4.673,9.52434253692627,2.2023470401763916,-108.23,0,1,180,1.686,0.8378,1.0,0.8102,0.2513,0.3,0.3241,0.8754,1.158
64.551,1,RETURN_HOME,-4.2371,-1.8447,-1.985,1.3423,-0.4403,0.3356,1.4423,-0.2403,1.4622,0.0,0.0,4.6213,9.385393142700195,2.1708731651306152,-108.73,0,1,180,1.606,0.8388,1.0,0.8176,0.2516,0.3,0.3271,0.8787,1.1876
64.601,1,RETURN_HOME,-4.1712,-1.8656,-1.9816,1.3561,-0.425,0.344,1.4561,-0.225,1.4734,0.0,0.0,4.5694,9.320870399475098,2.156708240509033,-110.98,0,1,180,1.708,0.8398,1.0,0.8249,0.2519,0.3,0.33,0.8819,1.2083
64.651,1,RETURN_HOME,-4.1057,-1.8845,-1.9794,1.3691,-0.4093,0.3526,1.4691,-0.2093,1.484,0.0,0.0,4.5175,9.258426666259766,2.143123149871826,-109.98,0,1,180,1.627,0.8409,1.0,0.8319,0.2523,0.3,0.3328,0.885,1.229
64.702,1,RETURN_HOME,-4.0506,-1.8998,-1.9781,1.38,-0.3962,0.36,1.48,-0.1962,1.493,0.0,0.0,4.474,9.124242782592773,2.115185022354126,-113.23,0,1,180,1.988,0.8417,1.0,0.8378,0.2525,0.3,0.3351,0.8876,1.2598
64.752,1,RETURN_HOME,-3.994,-1.9155,-1.9768,1.3915,-0.3833,0.3674,1.3915,-0.1833,1.4035,0.0,0.0,4.4296,9.063940048217773,2.1006009578704834,-111.48,0,1,180,1.739,0.8375,1.0,0.7836,0.2512,0.3,0.3134,0.8647,1.2797
64.801,1,RETURN_HOME,-3.9238,-1.9347,-1.9754,1.4064,-0.368,0.3763,1.4064,-0.168,1.4164,0.0,0.0,4.3749,8.999622344970703,2.0886027812957764,-109.98,0,1,180,1.125,0.8381,1.0,0.7914,0.2514,0.3,0.3166,0.868,1.3021
64.851,1,RETURN_HOME,-3.8651,-1.9501,-1.9746,1.4188,-0.3551,0.3837,1.4188,-0.1551,1.4273,0.0,0.0,4.3292,8.866376876831055,2.0633435249328613,-112.98,0,1,180,1.101,0.8386,1.0,0.7979,0.2516,0.3,0.3192,0.8707,1.337
64.9,1,RETURN_HOME,-3.7939,-1.9685,-1.9747,1.4312,-0.3401,0.3927,1.4312,-0.1401,1.438,0.0,0.0,4.2742,8.806132316589355,2.051285743713379,-112.48,0,1,180,1.076,0.8385,1.0,0.8039,0.2516,0.3,0.3216,0.8731,1.3583
64.951,1,RETURN_HOME,-3.7221,-1.9867,-1.9757,1.441,-0.3252,0.402,1.441,-0.1252,1.4464,0.0,0.0,4.2191,8.741131782531738,2.039666175842285,-113.23,0,1,180,1.117,0.8381,1.0,0.8082,0.2514,0.3,0.3233,0.8747,1.3785
65.001,1,RETURN_HOME,-3.6743,-1.9982,-1.9764,1.4464,-0.3151,0.4084,1.4464,-0.1151,1.451,0.0,0.0,4.1825,8.607926368713379,2.0168635845184326,-114.23,0,1,180,1.171,0.8378,1.0,0.8104,0.2513,0.3,0.3242,0.8755,1.4211
65.051,1,RETURN_HOME,-3.6044,-2.0143,-1.973,1.4525,-0.2995,0.4181,1.4525,-0.0995,1.4559,0.0,0.0,4.1291,8.544116020202637,2.006809711456299,-114.48,0,1,180,1.055,0.8376,1.0,0.8129,0.2513,0.3,0.3252,0.8764,1.4399
65.101,1,RETURN_HOME,-3.5353,-2.0293,-1.9681,1.4576,-0.2835,0.4281,1.4576,-0.0835,1.46,0.0,0.0,4.0763,8.481963157653809,1.9967608451843262,-114.73,0,1,180,1.095,0.8374,1.0,0.8151,0.2512,0.3,0.326,0.8772,1.4604
65.151,1,RETURN_HOME,-3.489,-2.0387,-1.9655,1.4611,-0.2727,0.4349,1.4611,-0.0727,1.4629,0.0,0.0,4.041,8.412688255310059,1.98679518699646,-112.98,0,1,180,1.209,0.8372,1.0,0.8165,0.2512,0.3,0.3266,0.8778,1.4826
65.2,1,RETURN_HOME,-3.4306,-2.0517,-1.9644,1.4658,-0.2598,0.4437,1.4658,-0.0598,1.467,0.0,0.0,3.9974,8.285794258117676,1.969010829925537,-115.23,0,1,180,1.081,0.8366,1.0,0.8182,0.251,0.3,0.3273,0.8783,1.5249
65.251,1,RETURN_HOME,-3.36,-2.0676,-1.9649,1.4721,-0.2446,0.4543,1.4721,-0.0446,1.4727,0.0,0.0,3.9452,8.222021102905273,1.9603184461593628,-115.73,0,1,180,1.138,0.8354,1.0,0.8202,0.2506,0.3,0.3281,0.8787,1.5473
65.301,1,RETURN_HOME,-3.3009,-2.0798,-1.9656,1.4774,-0.2318,0.4632,1.4774,-0.0318,1.4778,0.0,0.0,3.9015,8.152142524719238,1.9513789415359497,-117.73,0,1,180,1.108,0.8344,1.0,0.8221,0.2503,0.3,0.3288,0.8791,1.5752
65.351,1,RETURN_HOME,-3.2402,-2.0902,-1.9664,1.4835,-0.2185,0.4722,1.4835,-0.0185,1.4836,0.0,0.0,3.8559,8.088132858276367,1.9428776502609253,-116.48,0,1,180,1.146,0.8335,1.0,0.8244,0.2501,0.3,0.3298,0.8798,1.5949
65.401,1,RETURN_HOME,-3.1662,-2.101,-1.9674,1.4912,-0.2022,0.4832,1.4912,-0.0022,1.4912,0.0,0.0,3.7999,7.962671279907227,1.929341197013855,-117.98,0,1,180,1.164,0.8324,1.0,0.8276,0.2497,0.3,0.331,0.8808,1.6302
65.451,1,RETURN_HOME,-3.1045,-2.1094,-1.9685,1.4975,-0.1885,0.4925,1.4975,0.0115,1.4975,0.0,0.0,3.7533,7.890003204345703,1.9221372604370117,-117.98,0,1,180,1.092,0.8314,1.0,0.83,0.2494,0.3,0.332,0.8814,1.6255
65.5,1,RETURN_HOME,-3.0458,-2.1163,-1.9719,1.5024,-0.1743,0.5019,1.4024,0.0257,1.4026,0.0,0.0,3.7089,7.827200889587402,1.9151214361190796,-119.99,0,1,180,0.987,0.8315,1.0,0.7775,0.2495,0.3,0.311,0.8605,1.6215
65.551,1,RETURN_HOME,-2.9641,-2.1249,-1.9771,1.5089,-0.1544,0.5153,1.4089,0.0456,1.4097,0.0,0.0,3.647,7.702048301696777,1.903554081916809,-120.24,0,1,180,1.038,0.8312,1.0,0.7811,0.2494,0.3,0.3124,0.8618,1.6138
65.6,1,RETURN_HOME,-2.9052,-2.1304,-1.9804,1.5138,-0.1402,0.5251,1.3138,0.0598,1.3152,0.0,0.0,3.6026,7.631148815155029,1.8974709510803223,-119.74,0,1,180,0.907,0.8325,1.0,0.7299,0.2497,0.3,0.292,9979.8266,1.6105
65.65,1,RETURN_HOME,-2.8479,-2.1333,-1.9888,1.5161,-0.1253,0.5349,1.3161,0.0747,1.3182,0.0,0.0,3.5583,7.505609035491943,1.888290524482727,-121.49,0,1,180,0.843,0.833,1.0,0.7321,0.2499,0.3,0.2928,9980.1227,1.6062
65.7,1,RETURN_HOME,-2.7787,-2.1364,-1.9976,1.5171,-0.1077,0.547,1.3171,0.0923,1.3203,0.0,0.0,3.505,7.44464635848999,1.8839633464813232,-121.99,0,1,180,0.869,0.8334,1.0,0.7336,0.25,0.3,0.2934,9980.4497,1.6039
65.75,1,RETURN_HOME,-2.7084,-2.1384,-2.0051,1.5139,-0.0903,0.5592,1.3139,0.1097,1.3185,0.0,0.0,3.4509,7.374928951263428,1.8796108961105347,-121.24,0,1,180,0.874,0.8337,1.0,0.7328,0.2501,0.3,0.2931,9980.7605,1.6026
65.8,1,RETURN_HOME,-2.6478,-2.1374,-2.0099,1.5091,-0.0748,0.5695,1.3091,0.1252,1.3151,0.0,0.0,3.4028,7.252519607543945,1.8731430768966675,-122.99,0,1,180,0.858,0.8344,1.0,0.7315,0.2503,0.3,0.2926,9981.0519,1.5999
65.85,1,RETURN_HOME,-2.5754,-2.136,-2.0148,1.5011,-0.0563,0.582,1.3011,0.1437,1.309,0.0,0.0,3.3459,7.194084167480469,1.8700802326202393,-123.24,0,1,180,0.816,0.8351,1.0,0.7288,0.2505,0.3,0.2915,9981.3851,1.5992
65.9,1,RETURN_HOME,-2.5029,-2.1347,-2.0197,1.4923,-0.0379,0.5947,1.2923,0.1621,1.3024,0.0,0.0,3.2896,7.125852108001709,1.8677128553390503,-122.49,0,1,180,1.072,0.8357,1.0,0.7256,0.2507,0.3,0.2902,9981.6999,1.6003
65.951,1,RETURN_HOME,-2.4544,-2.1338,-2.0231,1.4863,-0.0256,0.6032,1.2863,0.1744,1.298,0.0,0.0,3.2523,7.006629467010498,1.8632922172546387,-124.74,0,1,180,1.086,0.836,1.0,0.7234,0.2508,0.3,0.2894,9981.9094,1.6011
66.001,1,RETURN_HOME,-2.3704,-2.1317,-2.028,1.4759,-0.0044,0.6181,1.2759,0.1956,1.2908,0.0,0.0,3.1879,6.949014663696289,1.8624359369277954,-125.24,0,1,180,1.13,0.8363,1.0,0.7197,0.2509,0.3,0.2879,9982.2924,1.6022
66.051,1,RETURN_HOME,-2.3118,-2.1304,-2.0318,1.4681,0.0105,0.6288,1.2681,0.2105,1.2855,0.0,0.0,3.1437,6.887338638305664,1.8607027530670166,-125.74,0,1,180,1.037,0.8364,1.0,0.7168,0.2509,0.3,0.2867,9982.5445,1.6044
66.1,1,RETURN_HOME,-2.2657,-2.1294,-2.0349,1.4619,0.0219,0.6376,1.2619,0.2219,1.2813,0.0,0.0,3.1092,6.832546710968018,1.8602383136749268,-125.74,0,1,180,1.077,0.8363,1.0,0.7143,0.2509,0.3,0.2857,9982.7294,1.6047
66.15,1,RETURN_HOME,-2.1966,-2.1274,-2.0386,1.453,0.0388,0.6509,1.253,0.2388,1.2756,0.0,0.0,3.0579,6.720660209655762,1.859613299369812,-128.24,0,1,180,1.069,0.8359,1.0,0.7108,0.2508,0.3,0.2843,9982.9911,1.6098
66.2,1,RETURN_HOME,-2.1268,-2.1246,-2.0442,1.4449,0.0559,0.6644,1.2449,0.2559,1.2709,0.0,0.0,3.0062,6.6605305671691895,1.8610596656799316,-128.74,0,1,180,1.036,0.8353,1.0,0.7077,0.2506,0.3,0.2831,9983.2395,1.6122
66.251,1,RETURN_HOME,-2.0686,-2.1216,-2.049,1.4382,0.0703,0.6758,1.2382,0.2703,1.2674,0.0,0.0,2.9631,6.5498480796813965,1.861777424812317,-130.75,0,1,180,1.083,0.8347,1.0,0.7053,0.2504,0.3,0.2821,9983.4401,1.6171
66.301,1,RETURN_HOME,-1.9992,-2.1173,-2.0535,1.4302,0.0877,0.6896,1.2302,0.2877,1.2634,0.0,0.0,2.912,6.4992547035217285,1.8619508743286133,-130.5,0,1,180,1.094,0.8341,1.0,0.7025,0.2502,0.3,0.281,9983.6691,1.6225
66.351,1,RETURN_HOME,-1.9308,-2.1136,-2.0544,1.4216,0.1044,0.7037,1.2216,0.3044,1.2589,0.0,0.0,2.8627,6.438741207122803,1.8653910160064697,-129.24,0,1,180,1.273,0.833,1.0,0.6991,0.2499,0.3,0.2796,9983.8742,1.626
66.4,1,RETURN_HOME,-1.8742,-2.11,-2.0542,1.4143,0.1183,0.7156,1.2143,0.3183,1.2553,0.0,0.0,2.8222,6.334015846252441,1.8697096109390259,-130.5,0,1,180,1.086,0.832,1.0,0.6963,0.2496,0.3,0.2785,9984.0725,1.6353
66.451,1,RETURN_HOME,-1.8066,-2.1049,-2.0534,1.4055,0.1353,0.73,1.2055,0.3353,1.2512,0.0,0.0,2.7738,6.285366535186768,1.8729602098464966,-131.25,0,1,180,1.095,0.8308,1.0,0.693,0.2492,0.3,0.2772,9984.3042,1.6395
66.501,1,RETURN_HOME,-1.7501,-2.1002,-2.0505,1.3979,0.1498,0.7423,1.1979,0.3498,1.2479,0.0,0.0,2.7338,6.227698802947998,1.8766411542892456,-133.0,0,1,180,1.626,0.8298,1.0,0.6904,0.249,0.3,0.2761,9984.4914,1.6478
66.551,1,RETURN_HOME,-1.6941,-2.0949,-2.0476,1.3902,0.1644,0.7546,1.1902,0.3644,1.2447,0.0,0.0,2.6942,6.12814474105835,1.8848938941955566,-133.5,0,1,180,1.799,0.8289,1.0,0.6878,0.2487,0.3,0.2751,9984.6727,1.6609
66.601,1,RETURN_HOME,-1.6274,-2.0876,-2.044,1.3809,0.1821,0.7697,1.1809,0.3821,1.2411,0.0,0.0,2.6469,6.079851150512695,1.887855887413025,-133.75,0,1,180,1.789,0.8278,1.0,0.6849,0.2483,0.3,0.274,9984.8837,1.6652
66.651,1,RETURN_HOME,-1.5619,-2.0788,-2.0404,1.3713,0.2002,0.7851,1.1713,0.4002,1.2377,0.0,0.0,2.6002,6.022999286651611,1.893324851989746,-134.5,0,1,180,1.678,0.8269,1.0,0.6823,0.2481,0.3,0.2729,9985.0955,1.673
66.701,1,RETURN_HOME,-1.5077,-2.0709,-2.0375,1.3633,0.2153,0.798,1.1633,0.4153,1.2352,0.0,0.0,2.5616,5.925492763519287,1.9034209251403809,-134.75,0,1,180,1.612,0.8261,1.0,0.6803,0.2478,0.3,0.2721,9985.2615,1.6889
66.751,1,RETURN_HOME,-1.4424,-2.0614,-2.0341,1.3541,0.2332,0.8137,1.1541,0.4332,1.2328,0.0,0.0,2.5159,5.878262519836426,1.9118525981903076,-135.0,0,1,180,1.782,0.8247,1.0,0.6777,0.2474,0.3,0.2711,9985.4655,1.6956
66.801,1,RETURN_HOME,-1.3872,-2.054,-2.031,1.3469,0.2478,0.8269,1.1469,0.4478,1.2312,0.0,0.0,2.4786,5.823077201843262,1.9180594682693481,-135.0,0,1,180,1.586,0.8228,1.0,0.6753,0.2468,0.3,0.2701,9985.6266,1.7073
66.851,1,RETURN_HOME,-1.3325,-2.0457,-2.0282,1.3396,0.2625,0.8403,1.1396,0.4625,1.2299,0.0,0.0,2.4414,5.776834011077881,1.9272714853286743,-134.5,0,1,180,1.63,0.8208,1.0,0.673,0.2463,0.3,0.2692,9985.781,1.7149
66.901,1,RETURN_HOME,-1.2698,-2.0343,-2.0238,1.3298,0.2806,0.8566,1.1298,0.4806,1.2278,0.0,0.0,2.3981,5.682949066162109,1.945591688156128,-134.5,0,1,180,1.816,0.8193,1.0,0.6706,0.2458,0.3,0.2682,9985.9779,1.7355
66.951,1,RETURN_HOME,-1.2195,-2.0237,-2.0194,1.3209,0.2959,0.8705,1.1209,0.4959,1.2257,0.0,0.0,2.3627,5.632056713104248,1.9542642831802368,-135.0,0,1,180,1.76,0.8186,1.0,0.6688,0.2456,0.3,0.2675,9986.1507,1.7453
67.001,1,RETURN_HOME,-1.1592,-2.0099,-2.0147,1.3103,0.3145,0.8874,1.1103,0.5145,1.2237,0.0,0.0,2.3202,5.539381980895996,1.974721908569336,-135.0,0,1,180,1.744,0.8175,1.0,0.6669,0.2453,0.3,0.2668,9986.3469,1.7692
67.051,1,RETURN_HOME,-1.098,-1.9966,-2.0089,1.2999,0.3322,0.9048,1.0999,0.5322,1.2219,0.0,0.0,2.2786,5.4923176765441895,1.9873541593551636,-135.0,0,1,180,1.734,0.8154,1.0,0.6643,0.2446,0.3,0.2657,9986.496,1.7791
67.101,1,RETURN_HOME,-1.0468,-1.9852,-2.0041,1.2914,0.3468,0.9198,1.0914,0.5468,1.2207,0.0,0.0,2.2443,5.442721843719482,2.0004467964172363,-135.0,0,1,180,1.942,0.8132,1.0,0.6618,0.244,0.3,0.2647,9986.6086,1.795
67.151,1,RETURN_HOME,-0.996,-1.973,-1.9999,1.283,0.3614,0.935,1.083,0.5614,1.2199,0.0,0.0,2.2102,5.355647087097168,2.0298051834106445,-135.0,0,1,180,1.778,0.8109,1.0,0.6595,0.2433,0.3,0.2638,9986.759,1.8224
67.201,1,RETURN_HOME,-0.938,-1.9585,-1.9983,1.2719,0.3786,0.9537,1.0719,0.5786,1.2181,0.0,0.0,2.1715,5.314898490905762,2.044647216796875,-134.75,0,1,180,1.859,0.8085,1.0,0.6566,0.2425,0.3,0.2626,9986.9287,1.8372
67.252,1,RETURN_HOME,-0.8814,-1.9432,-1.9982,1.2603,0.3958,0.9727,1.0603,0.5958,1.2163,0.0,0.0,2.1337,5.266266822814941,2.061129570007324,-135.0,0,1,180,1.924,0.8062,1.0,0.6537,0.2419,0.3,0.2615,9987.0918,1.8524
67.302,1,RETURN_HOME,-0.8436,-1.9323,-1.9983,1.2527,0.4075,0.9855,1.0527,0.6075,1.2154,0.0,0.0,2.1084,5.222822666168213,2.0749733448028564,-135.0,0,1,180,1.837,0.8046,1.0,0.652,0.2414,0.3,0.2608,9987.1956,1.8699
67.352,1,RETURN_HOME,-0.8066,-1.9215,-1.9976,1.2449,0.4188,0.9985,1.0449,0.6188,1.2143,0.0,0.0,2.0839,5.180959701538086,2.095771551132202,-135.0,0,1,180,2.001,0.8029,1.0,0.65,0.2409,0.3,0.26,9987.2874,1.8888
67.401,1,RETURN_HOME,-0.7606,-1.9075,-1.9965,1.2351,0.4328,1.0149,1.0351,0.6328,1.2132,0.0,0.0,2.0536,5.094232082366943,2.13401460647583,-135.0,0,1,180,1.7,0.8005,1.0,0.6474,0.2401,0.3,0.259,9987.3932,1.9295
67.451,1,RETURN_HOME,-0.7053,-1.8896,-1.9956,1.2234,0.45,1.0349,1.0234,0.65,1.2124,0.0,0.0,2.0169,5.055864334106445,2.1549997329711914,-135.0,0,1,180,1.713,0.7975,1.0,0.6446,0.2392,0.3,0.2578,9987.5113,1.9484
67.501,1,RETURN_HOME,-0.6495,-1.8703,-1.9945,1.212,0.4677,1.0551,1.012,0.6677,1.2124,0.0,0.0,1.9799,5.01593017578125,2.174088954925537,-135.0,0,1,180,1.792,0.794,1.0,0.6418,0.2382,0.3,0.2567,9987.6204,1.9691
67.551,1,RETURN_HOME,-0.6028,-1.8533,-1.9936,1.2027,0.4826,1.0722,1.0027,0.6826,1.213,0.0,0.0,1.9489,4.934010028839111,2.223991870880127,-135.0,0,1,180,1.706,0.7908,1.0,0.6395,0.2373,0.3,0.2558,9987.7548,2.0189
67.601,1,RETURN_HOME,-0.5468,-1.8314,-1.9928,1.1917,0.5013,1.0924,0.9917,0.7013,1.2146,0.0,0.0,1.9113,4.896039009094238,2.2481043338775635,-135.0,0,1,180,1.669,0.7868,1.0,0.6371,0.2361,0.3,0.2549,9987.9101,2.0468
67.652,1,RETURN_HOME,-0.5009,-1.8145,-1.9933,1.1823,0.5163,1.1094,0.9823,0.7163,1.2157,0.0,0.0,1.8824,4.859318733215332,2.2744109630584717,-135.0,0,1,180,1.794,0.783,1.0,0.6346,0.2349,0.3,0.2538,9988.0053,2.0699
67.702,1,RETURN_HOME,-0.4463,-1.7935,-1.9943,1.1708,0.5341,1.1303,0.9708,0.7341,1.2172,0.0,0.0,1.8482,4.784262180328369,2.3326027393341064,-135.0,0,1,180,2.063,0.7779,1.0,0.6312,0.2334,0.3,0.2525,9988.1014,2.1112
67.751,1,RETURN_HOME,-0.3918,-1.7709,-1.9947,1.1593,0.5523,1.1517,0.9593,0.7523,1.2191,0.0,0.0,1.8137,4.7495198249816895,2.361154556274414,-135.0,0,1,180,1.743,0.7725,1.0,0.6279,0.2318,0.3,0.2511,9988.1855,2.0628
67.801,1,RETURN_HOME,-0.3372,-1.7454,-1.9927,1.1477,0.5713,1.1738,0.9477,0.7713,1.2219,0.0,0.0,1.7777,4.693295001983643,2.4243721961975098,-135.0,0,1,180,1.712,0.7669,1.0,0.6248,0.2301,0.3,0.2499,9988.2677,1.9528
67.851,1,RETURN_HOME,-0.2921,-1.7233,-1.9914,1.138,0.5872,1.1926,0.938,0.7872,1.2246,0.0,0.0,1.7479,4.6663970947265625,2.462454319000244,-135.0,0,1,180,1.797,0.7618,1.0,0.6219,0.2285,0.3,0.2488,9988.3514,1.8958
67.901,1,RETURN_HOME,-0.2388,-1.6962,-1.9902,1.1259,0.6062,1.2155,0.9259,0.8062,1.2277,0.0,0.0,1.713,4.638185977935791,2.4980177879333496,-135.0,0,1,180,1.739,0.7554,1.0,0.6182,0.2266,0.3,0.2473,9988.4832,1.8419
67.951,1,RETURN_HOME,-0.1868,-1.6687,-1.9893,1.1133,0.6247,1.2389,0.9133,0.8247,1.2305,0.0,0.0,1.6791,4.587183952331543,2.5743470191955566,-135.0,0,1,180,1.652,0.7486,1.0,0.6141,0.2246,0.3,0.2457,9988.595,1.7295
68.001,1,RETURN_HOME,-0.1438,-1.6448,-1.9888,1.1028,0.6404,1.2587,0.9028,0.8404,1.2334,0.0,0.0,1.6511,4.558803558349609,2.6197378635406494,-135.0,0,1,180,1.836,0.7425,1.0,0.6105,0.2228,0.3,0.2442,9988.6737,1.6654
68.051,1,RETURN_HOME,-0.0957,-1.6174,-1.9884,1.0894,0.6581,1.2829,0.8894,0.8581,1.2359,0.0,0.0,1.6202,4.533019065856934,2.663069725036621,-135.0,0,1,180,1.625,0.7356,1.0,0.6061,0.2207,0.3,0.2424,9988.7549,1.6169
68.101,1,RETURN_HOME,-0.0568,-1.5944,-1.9882,1.0781,0.6727,1.3035,0.8781,0.8727,1.238,0.0,0.0,1.5954,4.482515811920166,2.7572317123413086,-135.0,0,1,180,1.918,0.7297,1.0,0.6023,0.2189,0.3,0.2409,9988.8244,1.5019
68.151,1,RETURN_HOME,-0.0101,-1.5656,-1.9883,1.0648,0.6905,1.3286,0.8648,0.8905,1.2413,0.0,0.0,1.5656,4.450752258300781,2.814164876937866,-135.0,0,1,180,1.802,0.7219,1.0,0.5974,0.2166,0.3,0.2389,9988.8898,1.4392
68.201,1,RETURN_HOME,0.0274,-1.5413,-1.9931,1.0535,0.7057,1.35,0.8535,0.9057,1.2445,0.0,0.0,1.5416,4.427008628845215,2.866999864578247,-135.0,0,1,180,1.877,0.7155,1.0,0.5936,0.2146,0.3,0.2374,9988.9776,1.3826
68.251,1,RETURN_HOME,0.0722,-1.511,-1.9996,1.0402,0.7243,1.376,0.8402,0.9243,1.2491,0.0,0.0,1.5128,4.371321678161621,2.980689287185669,-135.0,0,1,180,1.784,0.707,1.0,0.5888,0.2121,0.3,0.2355,9989.1049,1.2629
68.301,1,RETURN_HOME,0.1097,-1.4847,-2.0044,1.0292,0.74,1.3982,0.8292,0.94,1.2534,0.0,0.0,1.4887,4.344149112701416,3.0521464347839355,-135.0,0,1,180,1.83,0.6991,1.0,0.5842,0.2097,0.3,0.2337,9989.1961,1.1999
68.351,1,RETURN_HOME,0.1541,-1.4546,-2.0159,1.0158,0.7572,1.4253,0.8158,0.9572,1.2577,0.0,0.0,1.4628,4.316633224487305,3.1172757148742676,-135.0,0,1,180,1.799,0.6885,1.0,0.5773,0.2066,0.3,0.2309,9989.262,1.1509
68.401,1,RETURN_HOME,0.191,-1.4287,-2.0251,1.0047,0.7717,1.4483,0.8047,0.9717,1.2616,0.0,0.0,1.4414,4.261659622192383,3.261099338531494,-135.0,0,1,180,1.794,0.6789,1.0,0.571,0.2037,0.3,0.2284,9989.3011,1.0214
68.451,1,RETURN_HOME,0.2364,-1.3963,-2.0347,0.9919,0.7892,1.4763,0.7919,0.9892,1.2671,0.0,0.0,1.4162,4.231606483459473,3.349540948867798,-135.0,0,1,180,1.669,0.6654,1.0,0.5621,0.1996,0.3,0.2248,9989.3175,0.9612
68.501,1,RETURN_HOME,0.2783,-1.3689,-2.0419,0.9827,0.8036,1.4998,0.7827,1.0036,1.2727,0.0,0.0,1.3969,4.2023162841796875,3.4307947158813477,-135.0,0,1,180,1.841,0.6502,1.0,0.5517,0.1951,0.3,0.2207,9989.2637,0.9065
68.551,1,RETURN_HOME,0.3276,-1.3347,-2.0489,0.9715,0.8211,1.5287,0.7715,0.9211,1.2015,0.0,0.0,1.3743,4.145701885223389,3.6122801303863525,-135.0,0,1,180,1.737,0.5914,1.0,0.4738,0.1774,0.3,0.1895,9988.7596,1.0828
68.601,1,RETURN_HOME,0.3763,-1.2987,-2.053,0.9599,0.8393,1.5583,0.7599,0.9393,1.2082,0.0,0.0,1.3522,4.1149678230285645,3.723238945007324,-135.0,0,1,180,1.67,0.5716,1.0,0.4604,0.1715,0.3,0.1842,9988.7977,1.0161
68.651,1,RETURN_HOME,0.4167,-1.2673,-2.0533,0.9503,0.8549,1.5836,0.7503,0.9549,1.2144,0.0,0.0,1.3341,4.059696674346924,3.8699755668640137,135.0,0,1,180,1.688,0.554,1.0,0.4485,0.1662,0.3,0.1794,9988.8159,0.8849
68.701,1,RETURN_HOME,0.4643,-1.2284,-2.0529,0.9389,0.8715,1.6147,0.7389,0.9715,1.2206,0.0,0.0,1.3132,4.029115676879883,3.8312485218048096,135.0,0,1,180,1.737,0.5305,1.0,0.4317,0.1592,0.3,0.1727,9988.8076,0.8324
68.751,1,RETURN_HOME,0.5109,-1.1868,-2.0526,0.927,0.8871,1.6463,0.727,0.9871,1.2259,0.0,0.0,1.2921,3.9961764812469482,3.7876439094543457,135.0,0,1,180,1.685,0.5051,1.0,0.4128,0.1515,0.3,0.1651,9988.7851,0.7759
68.802,1,RETURN_HOME,0.5489,-1.1504,-2.0526,0.9166,0.8995,1.6734,0.7166,0.8995,1.1501,0.0,0.0,1.2747,3.938389301300049,3.7206616401672363,135.0,0,1,180,1.904,0.4376,1.0,0.3834,0.1313,0.3,0.1533,9988.4025,0.9447
68.851,1,RETURN_HOME,0.5863,-1.1136,-2.0523,0.906,0.9114,1.7012,0.706,0.9114,1.1529,0.0,0.0,1.2585,3.907787561416626,3.6903622150421143,135.0,0,1,180,1.637,0.4142,1.0,0.3843,0.1243,0.3,0.1537,9988.4506,0.8957
68.901,1,RETURN_HOME,0.6291,-1.0677,-2.0501,0.8925,0.926,1.7358,0.6925,0.926,1.1563,0.0,0.0,1.2392,6.502345561981201,3.658313751220703,135.0,0,1,180,1.742,0.386,1.0,0.3854,0.1158,0.3,0.1542,9988.5071,0.8387
68.951,1,RETURN_HOME,0.6637,-1.0287,-2.0477,0.8813,0.9362,1.7657,0.6813,0.9362,1.1579,0.0,0.0,1.2242,4.061403751373291,3.60756254196167,135.0,0,1,180,1.683,0.3604,1.0,0.386,0.1081,0.3,0.1544,9988.5327,0.7143
69.001,1,RETURN_HOME,0.7048,-0.9817,-2.0448,0.8679,0.946,1.8029,0.6679,0.946,1.158,0.0,0.0,1.2085,4.04315185546875,3.584918975830078,135.0,0,1,180,1.829,0.3273,1.0,0.386,0.0982,0.3,0.1544,9988.528,0.6809
69.051,1,RETURN_HOME,0.7462,-0.9345,-2.0377,0.8547,0.9539,1.8417,0.6547,0.8539,1.076,0.0,0.0,1.1959,4.0245208740234375,3.5589118003845215,135.0,0,1,180,1.767,0.2405,1.0,0.3587,0.0721,0.3,0.1435,9988.266,0.9453
69.101,1,RETURN_HOME,0.7804,-0.895,-2.0318,0.8435,0.9597,1.8751,0.6435,0.8597,1.0739,0.0,0.0,1.1875,3.9949285984039307,3.5204505920410156,135.0,0,1,180,1.758,0.2096,1.0,0.358,0.0629,0.3,0.1432,9988.2853,0.8364
69.151,1,RETURN_HOME,0.8199,-0.847,-2.0252,0.8295,0.967,1.9166,0.6295,0.867,1.0714,0.0,0.0,1.1789,3.9698102474212646,3.5048842430114746,135.0,0,1,180,1.785,0.1728,1.0,0.3571,0.0518,0.3,0.1429,9988.2943,0.8141
69.201,1,RETURN_HOME,0.8545,-0.7969,-2.0186,0.8138,0.9725,1.9595,0.6138,0.8725,1.0667,0.0,0.0,1.1684,3.952467918395996,3.4889047145843506,135.0,0,1,180,1.701,0.137,1.0,0.3556,0.0411,0.3,0.1422,9988.3249,0.7841
69.251,1,RETURN_HOME,0.8833,-0.7553,-2.0138,0.8007,0.9751,1.9964,0.6007,0.8751,1.0614,0.0,0.0,1.1622,3.9144186973571777,3.4665987491607666,135.0,0,1,180,1.767,0.1057,1.0,0.3538,0.0317,0.3,0.1415,9988.3191,0.6785
69.301,1,RETURN_HOME,0.9111,-0.7142,-2.0096,0.7874,0.9763,2.0342,0.5874,0.8763,1.055,0.0,0.0,1.1577,3.8997530937194824,3.4593722820281982,135.0,0,1,180,1.782,0.0743,1.0,0.3517,0.0223,0.3,0.1407,9988.2959,0.6617
69.351,1,RETURN_HOME,0.9403,-0.666,-2.0048,0.77,0.9765,2.0807,0.57,0.8765,1.0455,0.0,0.0,1.1523,3.8824870586395264,3.4545111656188965,135.0,0,1,180,1.767,0.0396,1.0,0.3485,0.0119,0.3,0.1394,9988.2744,0.6515
69.401,1,RETURN_HOME,0.965,-0.6259,-2.0013,0.7557,0.9761,2.1204,0.5557,0.8761,1.0375,0.0,0.0,1.1502,3.8489983081817627,3.4510104656219482,135.0,0,1,180,1.76,0.0101,1.0,0.3458,0.003,0.3,0.1383,9988.2299,0.5532
69.451,1,RETURN_HOME,0.9959,-0.5788,-1.9982,0.7395,0.9751,2.169,0.5395,0.8751,1.028,0.0,0.0,1.1519,3.8340864181518555,3.4280731678009033,-31.9,0,1,180,1.634,-0.026,1.0,0.3427,-0.0078,0.3,0.1371,9988.1324,0.5583
69.501,1,RETURN_HOME,1.0233,-0.5409,-1.9964,0.727,0.9736,2.2102,0.527,0.8736,1.0202,0.0,0.0,1.1575,3.8159561157226562,3.3956730365753174,-34.91,0,1,180,1.699,-0.0565,1.0,0.3401,-0.0169,0.3,0.136,9988.007,0.5385
69.551,1,RETURN_HOME,1.0505,-0.5031,-1.9949,0.7144,0.9723,2.2521,0.5144,0.7723,0.9279,0.0,0.0,1.1647,3.792902946472168,3.3397064208984375,-37.91,0,1,180,1.736,-0.1405,1.0,0.3093,-0.0421,0.3,0.1237,9987.7262,0.7442
69.601,1,RETURN_HOME,1.0826,-0.4582,-1.9902,0.699,0.9709,2.3034,0.499,0.7709,0.9183,0.0,0.0,1.1756,3.8336801528930664,3.3128578662872314,-40.16,0,1,180,1.729,-0.1732,1.0,0.3061,-0.052,0.3,0.1224,9987.5472,0.7478
69.651,1,RETURN_HOME,1.1144,-0.4136,-1.9832,0.6833,0.9695,2.3554,0.4833,0.7695,0.9086,0.0,0.0,1.1886,3.886512041091919,3.280625343322754,-42.66,0,1,180,1.725,-0.204,1.0,0.3029,-0.0612,0.3,0.1212,9987.3494,0.7371
69.701,1,RETURN_HOME,1.1404,-0.3763,-1.9783,0.6702,0.9664,2.3989,0.4702,0.7664,0.8991,0.0,0.0,1.2009,4.005273342132568,3.226229667663574,-46.42,0,1,180,1.781,-0.2295,1.0,0.2997,-0.0689,0.3,0.1199,9987.1705,0.6577
69.751,1,RETURN_HOME,1.1727,-0.3321,-1.9727,0.6546,0.9597,2.4514,0.4546,0.7597,0.8854,0.0,0.0,1.2188,4.076671600341797,3.1998307704925537,-47.67,0,1,180,1.671,-0.2602,1.0,0.2951,-0.0781,0.3,0.118,9986.9227,0.6732
69.802,1,RETURN_HOME,1.2048,-0.2881,-1.9678,0.6387,0.9508,2.5039,0.4387,0.7508,0.8696,0.0,0.0,1.2387,4.169631004333496,3.1695549488067627,-50.17,0,1,180,1.948,-0.2898,1.0,0.2899,-0.0869,0.3,0.1159,9986.6557,0.688
69.851,1,RETURN_HOME,1.2308,-0.2517,-1.9646,0.6252,0.9426,2.5475,0.4252,0.7426,0.8557,0.0,0.0,1.2563,4.3683342933654785,3.116614818572998,-54.68,0,1,180,1.654,-0.313,1.0,0.2852,-0.0939,0.3,0.1141,9986.4271,0.6239
69.901,1,RETURN_HOME,1.2574,-0.2087,-1.9624,0.6077,0.9321,2.5995,0.4077,0.7321,0.838,0.0,0.0,1.2746,4.488081932067871,3.091074228286743,-57.18,0,1,180,1.625,-0.3368,1.0,0.2793,-0.1011,0.3,0.1117,9986.1895,0.6505
69.951,1,RETURN_HOME,1.2786,-0.1733,-1.9612,0.5928,0.9233,2.6426,0.3928,0.7233,0.8231,0.0,0.0,1.2903,4.638430118560791,3.0608904361724854,-58.68,0,1,180,1.73,-0.355,1.0,0.2744,-0.1065,0.3,0.1097,9985.9907,0.65
70.001,1,RETURN_HOME,1.2996,-0.138,-1.9605,0.5782,0.9145,2.6852,0.3782,0.7145,0.8084,0.0,0.0,1.3069,4.9566330909729,3.0097670555114746,-62.93,0,1,180,1.753,-0.3718,1.0,0.2695,-0.1116,0.3,0.1078,9985.7852,0.595
70.051,1,RETURN_HOME,1.3241,-0.0943,-1.9631,0.5613,0.9048,2.7356,0.3613,0.7048,0.792,0.0,0.0,1.3275,5.147659778594971,2.984920024871826,-64.68,0,1,180,1.648,-0.3918,1.0,0.264,-0.1175,0.3,0.1056,9985.5338,0.6134
70.101,1,RETURN_HOME,1.3484,-0.0509,-1.9657,0.5445,0.8952,2.7848,0.3445,0.6952,0.7759,0.0,0.0,1.3493,5.3824782371521,2.9573936462402344,-67.44,0,1,180,1.653,-0.4099,1.0,0.2586,-0.123,0.3,0.1035,9985.2723,0.6271
70.151,1,RETURN_HOME,1.3684,-0.0151,-1.9685,0.5307,0.8874,2.8248,0.3307,0.6874,0.7628,0.0,0.0,1.3685,5.891931056976318,2.906087875366211,-70.69,0,1,180,1.567,-0.4235,1.0,0.2543,-0.1271,0.3,0.1017,9985.0474,0.5694
70.201,1,RETURN_HOME,1.3925,0.028,-1.975,0.5141,0.8785,2.8717,0.3141,0.6785,0.7477,0.0,0.0,1.3927,6.191633701324463,2.882352590560913,-71.69,0,1,180,1.671,-0.4383,1.0,0.2492,-0.1315,0.3,0.0997,9984.7668,0.5856
70.251,1,RETURN_HOME,1.412,0.0633,-1.9799,0.5004,0.8707,2.9098,0.3004,0.6707,0.7349,0.0,0.0,1.4135,6.57717752456665,2.855504274368286,-74.19,0,1,180,1.824,-0.4493,1.0,0.245,-0.1348,0.3,0.098,9984.5302,0.5856
70.301,1,RETURN_HOME,1.4355,0.1058,-1.9855,0.4845,0.8614,2.9543,0.2845,0.6614,0.72,0.0,0.0,1.4394,7.412083148956299,2.8074371814727783,-77.95,0,1,180,1.843,-0.4615,1.0,0.24,-0.1385,0.3,0.096,9984.2364,0.5478
70.351,1,RETURN_HOME,1.4589,0.1482,-1.9907,0.4688,0.8521,2.9973,0.2688,0.6521,0.7053,0.0,0.0,1.4664,7.918391227722168,2.7832019329071045,-80.95,0,1,180,1.632,-0.4726,1.0,0.2351,-0.1418,0.3,0.094,9983.9345,0.5608
70.401,1,RETURN_HOME,1.4777,0.183,-1.9944,0.4557,0.844,3.0318,0.2557,0.644,0.6929,0.0,0.0,1.489,10.33539867401123,2.7579236030578613,-81.7,0,1,180,1.581,-0.4805,1.0,0.231,-0.1442,0.3,0.0924,9983.6834,0.5607
70.451,1,RETURN_HOME,1.4933,0.2184,-1.9932,0.4414,0.8359,3.0652,0.2414,0.6359,0.6802,0.0,0.0,1.5092,10.36691665649414,2.7102601528167725,-83.45,0,1,180,1.734,-0.4865,1.0,0.2267,-0.146,0.3,0.0907,9983.4605,0.5197
70.501,1,RETURN_HOME,1.5124,0.2678,-1.988,0.4204,0.8242,3.11,0.2204,0.6242,0.662,0.0,0.0,1.5359,10.380213737487793,2.6866796016693115,-85.95,0,1,180,1.646,-0.4923,1.0,0.2207,-0.1477,0.3,0.0883,9983.1699,0.542
70.551,1,RETURN_HOME,1.5258,0.3025,-1.9846,0.4055,0.8156,3.1406,0.2055,0.6156,0.649,0.0,0.0,1.5555,10.410990715026855,2.637665271759033,-90.21,0,1,180,1.656,-0.495,1.0,0.2163,-0.1485,0.3,0.0865,9982.9589,0.502
70.601,1,RETURN_HOME,1.5443,0.3425,-1.9837,0.3888,0.8046,-3.1078,0.1888,0.6046,0.6334,0.0,0.0,1.5818,10.427033424377441,2.615222692489624,-91.71,0,1,180,1.626,-0.4977,1.0,0.2111,-0.1493,0.3,0.0845,9982.6772,0.5165
70.651,1,RETURN_HOME,1.5624,0.3816,-1.9835,0.3724,0.7933,-3.0745,0.1724,0.5933,0.6178,0.0,0.0,1.6084,10.441158294677734,2.5910017490386963,-92.21,0,1,180,1.917,-0.499,1.0,0.2059,-0.1497,0.3,0.0824,9982.3943,0.5318
70.701,1,RETURN_HOME,1.5768,0.4133,-1.9824,0.3587,0.7838,-3.048,0.1587,0.5838,0.605,0.0,0.0,1.6301,10.4708833694458,2.544376850128174,-95.21,0,1,180,1.679,-0.4984,1.0,0.2017,-0.1495,0.3,0.0807,9982.1689,0.5015
70.751,1,RETURN_HOME,1.5897,0.4431,-1.9779,0.3446,0.7737,-3.0229,0.1446,0.5737,0.5916,0.0,0.0,1.6503,10.482741355895996,2.521547794342041,-96.21,0,1,180,1.662,-0.4957,1.0,0.1972,-0.1487,0.3,0.0789,9981.9716,0.5111
70.801,1,RETURN_HOME,1.6046,0.4785,-1.9734,0.3276,0.7617,-2.9944,0.1276,0.6617,0.6739,0.0,0.0,1.6744,10.497292518615723,2.4999489784240723,-96.21,0,1,180,1.673,-0.4621,1.0,0.2246,-0.1386,0.3,0.0899,9981.766,0.2285
70.851,1,RETURN_HOME,1.6163,0.5078,-1.9701,0.3134,0.7519,-2.9719,0.1134,0.5519,0.5634,0.0,0.0,1.6942,10.523404121398926,2.45371150970459,-98.22,0,1,180,1.585,-0.4857,1.0,0.1878,-0.1457,0.3,0.0751,9981.5462,0.5036
70.901,1,RETURN_HOME,1.629,0.5426,-1.9662,0.2964,0.7401,-2.9459,0.0964,0.6401,0.6473,0.0,0.0,1.717,10.53415584564209,2.431579828262329,-100.97,0,1,180,1.84,-0.4538,1.0,0.2158,-0.1361,0.3,0.0863,9981.3526,0.22
70.951,1,RETURN_HOME,1.6411,0.5771,-1.9632,0.2794,0.7305,-2.9214,0.0794,0.6305,0.6355,0.0,0.0,1.7396,10.548948287963867,2.4105143547058105,-102.22,0,1,180,1.905,-0.447,1.0,0.2118,-0.1341,0.3,0.0847,9981.1351,0.2266
71.001,1,RETURN_HOME,1.6499,0.5999,-1.9623,0.2684,0.7239,-2.9059,0.0684,0.6239,0.6276,0.0,0.0,1.7555,10.586737632751465,2.36495041847229,-103.22,0,1,180,1.739,-0.4421,1.0,0.2092,-0.1326,0.3,0.0837,9980.9823,0.197
71.052,1,RETURN_HOME,1.6665,0.6333,-1.9639,0.2535,0.715,-2.8836,0.0535,0.615,0.6173,0.0,0.0,1.7828,10.607168197631836,2.343341827392578,-103.47,0,1,180,1.8,-0.435,1.0,0.2058,-0.1305,0.3,0.0823,9980.7191,0.2013
71.101,1,RETURN_HOME,1.6818,0.6666,-1.9657,0.2383,0.7081,-2.8628,0.0383,0.6081,0.6093,0.0,0.0,1.8091,10.629648208618164,2.3217203617095947,-105.47,0,1,180,1.683,-0.4262,1.0,0.2031,-0.1279,0.3,0.0812,9980.4666,0.2039
71.151,1,RETURN_HOME,1.6915,0.689,-1.9679,0.228,0.7044,-2.8497,0.028,0.6044,0.6051,0.0,0.0,1.8264,10.404041290283203,2.297626495361328,-104.72,0,1,180,1.815,-0.4197,1.0,0.2017,-0.1259,0.3,0.0807,9980.3012,0.1879
71.201,1,RETURN_HOME,1.7029,0.7171,-1.9718,0.2149,0.7005,-2.8342,0.0149,0.5005,0.5007,0.0,0.0,1.8478,9.96027946472168,2.255742311477661,-107.47,0,1,180,1.703,-0.4153,0.9153,0.1669,-0.1246,0.2746,0.0668,9980.0852,0.4556
71.251,1,RETURN_HOME,1.7115,0.7395,-1.9746,0.2042,0.6976,-2.8224,0.0042,0.4976,0.4976,0.0,0.0,1.8644,9.775221824645996,2.234957218170166,-107.22,0,1,180,1.808,-0.4044,0.8713,0.1659,-0.1213,0.2614,0.0663,9979.929,0.4428
71.301,1,RETURN_HOME,1.7234,0.7731,-1.9788,0.1881,0.6941,-2.8056,-0.0119,0.4941,0.4943,0.0,0.0,1.8889,9.588294982910156,2.2107620239257812,-108.48,0,1,180,1.811,-0.3871,0.8257,0.1648,-0.1161,0.2477,0.0659,9979.7013,0.43
71.352,1,RETURN_HOME,1.7324,0.8017,-1.9826,0.1741,0.6903,-2.7925,-0.0259,0.4903,0.491,0.0,0.0,1.9089,9.44024658203125,2.1916332244873047,-110.73,0,1,180,1.961,-0.3714,0.7877,0.1637,-0.1114,0.2363,0.0655,9979.5158,0.4209
71.401,1,RETURN_HOME,1.7422,0.8356,-1.9866,0.1573,0.6831,-2.7776,-0.0427,0.4831,0.485,0.0,0.0,1.9322,9.184901237487793,2.150090217590332,-111.98,0,1,180,1.684,-0.3513,0.7107,0.1617,-0.1054,0.2132,0.0647,9979.3013,0.4
71.451,1,RETURN_HOME,1.751,0.8687,-1.9898,0.1406,0.6734,-2.7636,-0.0594,0.4734,0.4771,0.0,0.0,1.9546,9.06507396697998,2.126732110977173,-109.73,0,1,180,1.615,-0.3295,0.6775,0.159,-0.0988,0.2033,0.0636,9979.096,0.4069
71.501,1,RETURN_HOME,1.7576,0.8958,-1.992,0.1269,0.6642,-2.7526,-0.0731,0.4642,0.4699,0.0,0.0,1.9727,8.964637756347656,2.106055974960327,-112.73,0,1,180,1.775,-0.3099,0.6493,0.1566,-0.093,0.1948,0.0627,0.1645,0.4134
71.552,1,RETURN_HOME,1.7635,0.9226,-1.9938,0.1132,0.6544,-2.7422,-0.0868,0.4544,0.4626,0.0,0.0,1.9903,8.874899864196777,2.0854413509368896,-111.48,0,1,180,1.854,-0.289,0.6227,0.1542,-0.0867,0.1868,0.0617,0.1618,0.4218
71.601,1,RETURN_HOME,1.7679,0.9436,-1.9943,0.1023,0.6462,-2.7342,-0.0977,0.4462,0.4568,0.0,0.0,2.0039,8.70092487335205,2.0433030128479004,-112.48,0,1,180,1.858,-0.2712,0.5585,0.1523,-0.0814,0.1676,0.0609,0.1471,0.4053
71.651,1,RETURN_HOME,1.7741,0.9735,-1.9914,0.0863,0.6336,-2.7223,-0.1137,0.4336,0.4483,0.0,0.0,2.0236,8.629591941833496,2.024061918258667,-112.98,0,1,180,1.774,-0.2429,0.5455,0.1494,-0.0729,0.1636,0.0598,0.1505,0.4225
71.701,1,RETURN_HOME,1.7785,0.998,-1.9893,0.0727,0.6231,-2.7126,-0.1273,0.4231,0.4419,0.0,0.0,2.0394,8.560235023498535,2.0038323402404785,-114.48,0,1,180,1.793,-0.2173,0.5362,0.1473,-0.0652,0.1609,0.0589,0.1546,0.4337
71.752,1,RETURN_HOME,1.7823,1.022,-1.9869,0.059,0.6129,-2.7029,-0.141,0.4129,0.4363,0.0,0.0,2.0546,8.4934720993042,1.9850337505340576,-114.98,0,1,180,1.911,-0.1904,0.5232,0.1454,-0.0571,0.157,0.0582,0.158,0.4446
71.802,1,RETURN_HOME,1.7862,1.0503,-1.9821,0.0424,0.601,-2.6918,-0.1576,0.401,0.4308,0.0,0.0,2.0721,8.369673728942871,1.9422000646591187,-115.48,0,1,180,2.1,-0.1564,0.495,0.1436,-0.0469,0.1485,0.0574,0.159,0.4416
71.852,1,RETURN_HOME,1.7887,1.0735,-1.9786,0.0283,0.591,-2.6827,-0.1717,0.391,0.4271,0.0,0.0,2.0861,8.314963340759277,1.924761414527893,-114.98,0,1,180,2.098,-0.1265,0.5037,0.1424,-0.0379,0.1511,0.0569,0.1701,0.4521
71.901,1,RETURN_HOME,1.7886,1.0994,-1.9741,0.0105,0.5781,-2.672,-0.1895,0.3781,0.423,0.0,0.0,2.0995,8.208268165588379,1.887087106704712,-117.73,0,1,180,1.914,-0.0864,0.4952,0.141,-0.0259,0.1486,0.0564,0.179,0.4544
71.951,1,RETURN_HOME,1.7857,1.1235,-1.9693,-0.0081,0.5643,-2.6615,-0.2081,0.3643,0.4196,0.0,0.0,2.1098,8.16222858428955,1.868269681930542,-118.48,0,1,180,1.782,-0.0425,0.5316,0.1399,-0.0128,0.1595,0.0559,0.2027,0.4744
72.001,1,RETURN_HOME,1.783,1.1435,-1.9661,-0.0236,0.553,-2.6529,-0.2236,0.353,0.4179,0.0,0.0,2.1182,8.11607551574707,1.8510310649871826,-119.24,0,1,180,1.758,-0.0055,0.559,0.1393,-0.0017,0.1677,0.0557,0.2218,0.4917
72.052,1,RETURN_HOME,1.7787,1.1628,-1.9639,-0.0391,0.5416,-2.6445,-0.2391,0.3416,0.417,0.0,0.0,2.125,8.07492446899414,1.833957314491272,-116.73,0,1,180,1.806,0.0318,0.6001,0.139,0.0095,0.18,0.0556,0.2452,0.5071
72.102,1,RETURN_HOME,1.7723,1.1853,-1.9623,-0.0576,0.5279,-2.6346,-0.2576,0.3279,0.417,0.0,0.0,2.1321,7.9869818687438965,1.796972393989563,-120.49,0,1,180,1.995,0.0763,0.6357,0.139,0.0229,0.1907,0.0556,0.2692,0.5125
72.151,1,RETURN_HOME,1.7668,1.2039,-1.9614,-0.0728,0.5167,-2.6264,-0.2728,0.3167,0.418,0.0,0.0,2.138,7.947554588317871,1.7802495956420898,-119.74,0,1,180,1.73,0.1128,0.6857,0.1393,0.0338,0.2057,0.0557,0.2953,0.5275
72.201,1,RETURN_HOME,1.7628,1.2215,-1.9621,-0.0875,0.5053,-2.6183,-0.2875,0.3053,0.4193,0.0,0.0,2.1446,7.909400939941406,1.7636817693710327,-119.74,0,1,180,1.752,0.1489,0.7348,0.1398,0.0447,0.2204,0.0559,0.321,0.5439
72.252,1,RETURN_HOME,1.7594,1.2384,-1.9637,-0.1018,0.4939,-2.6102,-0.3018,0.2939,0.4212,0.0,0.0,2.1515,7.868870258331299,1.746157169342041,-119.99,0,1,180,1.761,0.1843,0.7845,0.1404,0.0553,0.2354,0.0562,0.3468,0.5611
72.301,1,RETURN_HOME,1.7555,1.2552,-1.9654,-0.1161,0.4826,-2.602,-0.3161,0.2826,0.4241,0.0,0.0,2.158,7.797428607940674,1.714498519897461,-120.99,0,1,180,1.706,0.2188,0.8297,0.1414,0.0656,0.2489,0.0565,0.3711,0.5674
72.351,1,RETURN_HOME,1.7536,1.2734,-1.969,-0.1317,0.4686,-2.5923,-0.3317,0.2686,0.4269,0.0,0.0,2.1672,7.763442039489746,1.6994264125823975,-121.49,0,1,180,1.779,0.2591,0.9303,0.1423,0.0777,0.2791,0.0569,0.4137,0.5912
72.401,1,RETURN_HOME,1.7526,1.2878,-1.9725,-0.1443,0.4568,-2.5841,-0.3443,0.2568,0.4295,0.0,0.0,2.1748,7.726123809814453,1.681712031364441,-120.99,0,1,180,1.668,0.2919,0.9988,0.1432,0.0876,0.2996,0.0573,0.4445,0.6087
72.452,1,RETURN_HOME,1.751,1.2994,-1.975,-0.1545,0.4475,-2.5776,-0.3545,0.2475,0.4324,0.0,0.0,2.1804,7.692591190338135,1.6665091514587402,-121.49,0,1,180,1.865,0.3173,1.0,0.1441,0.0952,0.3,0.0576,0.4528,0.6218
72.502,1,RETURN_HOME,1.7471,1.3134,-1.9775,-0.1678,0.4357,-2.5696,-0.3678,0.2357,0.4368,0.0,0.0,2.1857,7.627237796783447,1.6373242139816284,-123.49,0,1,180,1.827,0.3487,1.0,0.1456,0.1046,0.3,0.0582,0.4629,0.6335
72.552,1,RETURN_HOME,1.741,1.327,-1.9791,-0.1816,0.4236,-2.5616,-0.3816,0.2236,0.4423,0.0,0.0,2.1891,7.591804504394531,1.6210471391677856,-123.99,0,1,180,1.81,0.3798,1.0,0.1474,0.1139,0.3,0.059,0.4729,0.6571
72.602,1,RETURN_HOME,1.7329,1.3431,-1.9809,-0.1985,0.4092,-2.5521,-0.3985,0.2092,0.45,0.0,0.0,2.1925,7.56300163269043,1.6084052324295044,-123.99,0,1,180,1.882,0.415,1.0,0.15,0.1245,0.3,0.06,9979.0023,0.6949
72.651,1,RETURN_HOME,1.7256,1.3579,-1.9818,-0.2128,0.3978,-2.5443,-0.4128,0.1978,0.4577,0.0,0.0,2.1958,7.533726215362549,1.592753529548645,-123.24,0,1,180,1.86,0.4414,1.0,0.1526,0.1324,0.3,0.061,9979.2514,0.7203
72.701,1,RETURN_HOME,1.7176,1.3733,-1.9822,-0.2272,0.3868,-2.5367,-0.4272,0.1868,0.4662,0.0,0.0,2.1991,7.475740432739258,1.565250039100647,-123.99,0,1,180,1.717,0.4654,1.0,0.1554,0.1396,0.3,0.0622,9979.5019,0.7401
72.751,1,RETURN_HOME,1.7071,1.3914,-1.9827,-0.2447,0.3736,-2.5279,-0.4447,0.1736,0.4773,0.0,0.0,2.2023,7.448298454284668,1.5513590574264526,-126.74,0,1,180,1.646,0.4923,1.0,0.1591,0.1477,0.3,0.0636,9979.8053,0.7751
72.801,1,RETURN_HOME,1.6981,1.4059,-1.9806,-0.2591,0.3624,-2.5207,-0.4591,0.1624,0.487,0.0,0.0,2.2045,7.423557281494141,1.5390028953552246,-124.24,0,1,180,1.698,0.5136,1.0,0.1667,0.1541,0.3,0.0667,9980.0676,0.8058
72.851,1,RETURN_HOME,1.6886,1.42,-1.9773,-0.2736,0.3509,-2.5137,-0.4736,0.1509,0.4971,0.0,0.0,2.2063,7.370421409606934,1.513788104057312,-125.24,0,1,180,1.662,0.5338,1.0,0.1769,0.1601,0.3,0.0708,9980.3394,0.8477
72.901,1,RETURN_HOME,1.6763,1.4363,-1.9738,-0.2913,0.3372,-2.5052,-0.4913,0.1372,0.5101,0.0,0.0,2.2075,7.3485026359558105,1.5025519132614136,-128.24,0,1,180,1.709,0.5564,1.0,0.1892,0.1669,0.3,0.0757,9980.6677,0.8786
72.951,1,RETURN_HOME,1.6661,1.4494,-1.971,-0.3057,0.3259,-2.4982,-0.5057,0.1259,0.5212,0.0,0.0,2.2083,7.324455738067627,1.4879393577575684,-126.24,0,1,180,1.721,0.5735,1.0,0.1993,0.1721,0.3,0.0797,9980.9305,0.9037
73.001,1,RETURN_HOME,1.6557,1.462,-1.9685,-0.3201,0.3148,-2.4912,-0.5201,0.1148,0.5326,0.0,0.0,2.2088,7.300550937652588,1.4778555631637573,-127.49,0,1,180,1.795,0.5892,1.0,0.2092,0.1768,0.3,0.0837,9981.1848,0.9249
73.051,1,RETURN_HOME,1.6421,1.4767,-1.9661,-0.3375,0.3014,-2.4828,-0.5375,0.1014,0.547,0.0,0.0,2.2084,7.253411293029785,1.4552690982818604,-127.49,0,1,180,1.647,0.6067,1.0,0.2213,0.182,0.3,0.0885,9981.4902,0.9532
73.101,1,RETURN_HOME,1.6315,1.4892,-1.9614,-0.3515,0.2907,-2.4759,-0.5515,0.0907,0.559,0.0,0.0,2.2089,7.229948043823242,1.4443719387054443,-127.74,0,1,180,1.676,0.6194,1.0,0.2308,0.1858,0.3,0.0923,9981.715,0.9673
73.151,1,RETURN_HOME,1.6179,1.5038,-1.9559,-0.3685,0.2779,-2.4676,-0.5685,0.0779,0.5738,0.0,0.0,2.2089,7.2090959548950195,1.43413245677948,-129.75,0,1,180,1.698,0.6333,1.0,0.2422,0.19,0.3,0.0969,9981.9776,0.9849
73.201,1,RETURN_HOME,1.603,1.5178,-1.9516,-0.3859,0.2648,-2.4594,-0.5859,0.0648,0.5894,0.0,0.0,2.2076,7.161095142364502,1.412593126296997,-126.99,0,1,180,1.941,0.6462,1.0,0.2539,0.1939,0.3,0.1016,9982.2418,1.0045
73.251,1,RETURN_HOME,1.591,1.5252,-1.9519,-0.4,0.2522,-2.4525,-0.6,0.0522,0.6023,0.0,0.0,2.204,7.136634349822998,1.4038633108139038,-128.74,0,1,180,1.8,0.6592,1.0,0.2647,0.1978,0.3,0.1059,9982.5283,1.0179
73.301,1,RETURN_HOME,1.5753,1.5339,-1.9528,-0.4172,0.2372,-2.4441,-0.6172,0.0372,0.6183,0.0,0.0,2.1988,7.090792655944824,1.3844338655471802,-130.5,0,1,180,1.804,0.6732,1.0,0.2775,0.202,0.3,0.111,9982.8592,1.0299
73.351,1,RETURN_HOME,1.5612,1.541,-1.9537,-0.4318,0.2247,-2.4369,-0.6318,0.0247,0.6323,0.0,0.0,2.1937,7.06715726852417,1.3763903379440308,-130.0,0,1,180,1.639,0.6837,1.0,0.2882,0.2051,0.3,0.1153,9983.123,1.0423
73.401,1,RETURN_HOME,1.5462,1.5505,-1.9551,-0.4478,0.2107,-2.4283,-0.6478,0.0107,0.6479,0.0,0.0,2.1897,7.047194957733154,1.3688844442367554,-129.75,0,1,180,1.874,0.6943,1.0,0.2999,0.2083,0.3,0.12,9983.3849,1.0524
73.452,1,RETURN_HOME,1.5296,1.5595,-1.9567,-0.4644,0.1968,-2.4196,-0.6644,-0.0032,0.6644,0.0,0.0,2.1845,6.9994587898254395,1.3515552282333374,-132.25,0,1,180,1.841,0.7036,1.0,0.3117,0.2111,0.3,0.1247,9983.6317,1.0518
73.501,1,RETURN_HOME,1.5125,1.5699,-1.9617,-0.4811,0.1842,-2.4112,-0.6811,-0.0158,0.6813,0.0,0.0,2.18,6.9742913246154785,1.3438893556594849,-131.75,0,1,180,1.769,0.7103,1.0,0.3226,0.2131,0.3,0.129,9983.8282,1.0485
73.552,1,RETURN_HOME,1.4979,1.5794,-1.968,-0.4951,0.1746,-2.4042,-0.4951,-0.0254,0.4958,0.0,0.0,2.1767,6.953451633453369,1.3368443250656128,-131.5,0,1,180,1.769,0.7243,1.0,0.2394,0.2173,0.3,0.0958,9983.9618,1.0424
73.601,1,RETURN_HOME,1.4788,1.5901,-1.975,-0.5123,0.1627,-2.3958,-0.5123,-0.0373,0.5137,0.0,0.0,2.1714,6.905770301818848,1.3226077556610107,-133.25,0,1,180,1.655,0.7323,1.0,0.2508,0.2197,0.3,0.1003,9984.2192,1.0322
73.651,1,RETURN_HOME,1.4629,1.5993,-1.9801,-0.5275,0.1528,-2.3889,-0.5275,-0.0472,0.5296,0.0,0.0,2.1674,6.883124828338623,1.3168656826019287,-133.5,0,1,180,1.689,0.738,1.0,0.2606,0.2214,0.3,0.1042,9984.4042,1.0275
73.702,1,RETURN_HOME,1.4431,1.6102,-1.9855,-0.5416,0.1413,-2.3807,-0.5416,-0.0587,0.5448,0.0,0.0,2.1623,6.859683990478516,1.311326503753662,-133.25,0,1,180,1.992,0.7437,1.0,0.2701,0.2231,0.3,0.108,9984.5878,1.0235
73.751,1,RETURN_HOME,1.4256,1.6185,-1.9895,-0.5495,0.1314,-2.3737,-0.4495,-0.0686,0.4547,0.0,0.0,2.1568,6.814621925354004,1.2994805574417114,-133.0,0,1,180,1.697,0.7666,1.0,0.2324,0.23,0.3,0.093,9984.8054,1.0145
73.801,1,RETURN_HOME,1.3985,1.629,-1.9903,-0.5578,0.1192,-2.3652,-0.4578,-0.0808,0.4649,0.0,0.0,2.1469,6.792405128479004,1.2952979803085327,-134.0,0,1,180,1.693,0.7733,1.0,0.2397,0.232,0.3,0.0959,9985.0962,1.0113
73.851,1,RETURN_HOME,1.375,1.6369,-1.9904,-0.5632,0.1084,-2.3579,-0.4632,-0.0916,0.4722,0.0,0.0,2.1378,6.770784378051758,1.291209101676941,-133.75,0,1,180,1.688,0.7795,1.0,0.2454,0.2338,0.3,0.0982,9985.3498,1.0094
73.901,1,RETURN_HOME,1.3465,1.6454,-1.9904,-0.5662,0.0952,-2.3491,-0.4662,-0.1048,0.4779,0.0,0.0,2.1262,6.724058628082275,1.281725287437439,-134.0,0,1,180,1.66,0.7877,1.0,0.2509,0.2363,0.3,0.1004,9985.6588,1.0036
73.951,1,RETURN_HOME,1.3193,1.6531,-1.9899,-0.5656,0.0815,-2.34,-0.4656,-0.1185,0.4804,0.0,0.0,2.115,6.700185298919678,1.278903603553772,-133.5,0,1,180,1.687,0.7973,1.0,0.2554,0.2392,0.3,0.1021,9985.9812,1.0034
74.001,1,RETURN_HOME,1.2966,1.6587,-1.9896,-0.5638,0.0698,-2.3323,-0.4638,-0.1302,0.4817,0.0,0.0,2.1053,6.651362895965576,1.2736914157867432,-134.25,0,1,180,1.737,0.8059,1.0,0.2588,0.2418,0.3,0.1035,9986.2663,0.9993
74.052,1,RETURN_HOME,1.27,1.6645,-1.9888,-0.5607,0.0555,-2.3228,-0.4607,-0.1445,0.4828,0.0,0.0,2.0937,6.622883319854736,1.2694395780563354,-135.0,0,1,180,1.673,0.8167,1.0,0.2629,0.245,0.3,0.1052,9986.6221,0.9983
74.101,1,RETURN_HOME,1.246,1.6696,-1.9856,-0.5561,0.0414,-2.313,-0.4561,-0.1586,0.4829,0.0,0.0,2.0833,6.5991315841674805,1.2679250240325928,-134.25,0,1,180,1.7,0.8282,1.0,0.2666,0.2485,0.3,0.1067,9986.9835,0.9984
74.151,1,RETURN_HOME,1.2259,1.6731,-1.9834,-0.5528,0.0294,-2.3046,-0.4528,-0.1706,0.4838,0.0,0.0,2.0741,6.547204494476318,1.264804482460022,-134.75,0,1,180,1.68,0.8375,1.0,0.2701,0.2512,0.3,0.108,9987.2946,0.9987
74.201,1,RETURN_HOME,1.2023,1.6741,-1.9787,-0.5492,0.014,-2.2943,-0.4492,-0.186,0.4861,0.0,0.0,2.0611,6.517249584197998,1.2640761137008667,-135.0,0,1,180,1.655,0.8497,1.0,0.2754,0.2549,0.3,0.1102,9987.731,0.9986
74.252,1,RETURN_HOME,1.1831,1.6727,-1.9735,-0.5464,0.0003,-2.2854,-0.4464,-0.1997,0.4891,0.0,0.0,2.0488,6.490945816040039,1.2641695737838745,-135.0,0,1,180,1.866,0.8605,1.0,0.2806,0.2581,0.3,0.1122,9988.1403,1.0006
74.301,1,RETURN_HOME,1.1597,1.6706,-1.9684,-0.5436,-0.0161,-2.2747,-0.4436,-0.2161,0.4935,0.0,0.0,2.0337,6.436083793640137,1.2647924423217773,-135.0,0,1,180,1.615,0.8724,1.0,0.287,0.2617,0.3,0.1148,9988.6273,1.0054
74.351,1,RETURN_HOME,1.134,1.6669,-1.9572,-0.5423,-0.0327,-2.2637,-0.3423,-0.2327,0.4139,0.0,0.0,2.016,6.404778003692627,1.264369010925293,-135.0,0,1,180,1.675,0.93,1.0,0.2567,0.279,0.3,0.1027,9989.1686,1.0074
74.401,1,RETURN_HOME,1.1117,1.663,-1.9467,-0.5417,-0.0468,-2.2544,-0.3417,-0.2468,0.4215,0.0,0.0,2.0004,6.34920597076416,1.2681792974472046,-135.0,0,1,180,1.582,0.9373,1.0,0.2634,0.2812,0.3,0.1054,9989.6544,1.0137
74.451,1,RETURN_HOME,1.085,1.658,-1.9363,-0.5412,-0.0636,-2.2433,-0.3412,-0.2636,0.4312,0.0,0.0,1.9815,6.3215718269348145,1.2709665298461914,-135.0,0,1,180,1.621,0.9449,1.0,0.2716,0.2835,0.3,0.1086,9990.237,1.0189
74.501,1,RETURN_HOME,1.056,1.6526,-1.9307,-0.5384,-0.0805,-2.232,-0.3384,-0.2805,0.4395,0.0,0.0,1.9611,6.290918827056885,1.2730764150619507,-135.0,0,1,180,1.621,0.9523,1.0,0.279,0.2857,0.3,0.1116,9990.8187,1.023
74.551,1,RETURN_HOME,1.0319,1.6476,-1.9277,-0.5338,-0.0946,-2.2225,-0.3338,-0.2946,0.4453,0.0,0.0,1.944,6.240265846252441,1.279910683631897,-134.75,0,1,180,1.658,0.9588,1.0,0.2846,0.2876,0.3,0.1138,9991.3029,1.033
74.601,1,RETURN_HOME,1.0036,1.641,-1.9258,-0.5262,-0.1116,-2.211,-0.3262,-0.3116,0.4511,0.0,0.0,1.9236,6.211272239685059,1.2815223932266235,-135.0,0,1,180,1.637,0.9666,1.0,0.2907,0.29,0.3,0.1163,9991.8863,1.0423
74.651,1,RETURN_HOME,0.9761,1.6333,-1.9259,-0.5171,-0.1292,-2.1996,-0.3171,-0.3292,0.457,0.0,0.0,1.9028,6.181016445159912,1.2865794897079468,-135.0,0,1,180,1.567,0.9741,1.0,0.2968,0.2922,0.3,0.1187,9992.4937,1.0495
74.702,1,RETURN_HOME,0.9583,1.6279,-1.9265,-0.5106,-0.1408,-2.192,-0.3106,-0.3408,0.4611,0.0,0.0,1.889,6.130523204803467,1.2985635995864868,-134.75,0,1,180,2.08,0.9786,1.0,0.3008,0.2936,0.3,0.1203,9992.9001,1.06
74.751,1,RETURN_HOME,0.9321,1.6187,-1.9293,-0.5007,-0.1583,-2.1807,-0.3007,-0.3583,0.4677,0.0,0.0,1.8679,6.102835178375244,1.3045728206634521,-134.75,0,1,180,1.795,0.9846,1.0,0.307,0.2954,0.3,0.1228,9993.5211,1.0697
74.801,1,RETURN_HOME,0.9069,1.6064,-1.9388,-0.4909,-0.1768,-2.1695,-0.2909,-0.3768,0.476,0.0,0.0,1.8447,6.07365608215332,1.3095777034759521,-135.0,0,1,180,1.693,0.9897,1.0,0.3141,0.2969,0.3,0.1256,9994.2033,1.8747
74.851,1,RETURN_HOME,0.8864,1.596,-1.9462,-0.4829,-0.1918,-2.1602,-0.2829,-0.3918,0.4833,0.0,0.0,1.8256,6.024810791015625,2.1605377197265625,-93.21,0,1,180,1.729,0.993,1.0,0.3199,0.2979,0.3,0.128,9994.7608,1.8646
74.902,1,RETURN_HOME,0.8622,1.5834,-1.9536,-0.473,-0.209,-2.1493,-0.273,-0.409,0.4917,0.0,0.0,1.8029,5.997500896453857,2.1507396697998047,-93.96,0,1,180,1.87,0.996,1.0,0.3265,0.2988,0.3,0.1306,9995.4005,1.8809
74.952,1,RETURN_HOME,0.8425,1.5729,-1.9585,-0.4646,-0.2227,-2.1402,-0.2646,-0.4227,0.4987,0.0,0.0,1.7843,5.972050189971924,2.1400296688079834,-94.71,0,1,180,1.861,0.9977,1.0,0.3317,0.2993,0.3,0.1327,9995.9131,1.8515
75.001,1,RETURN_HOME,0.8233,1.562,-1.963,-0.4562,-0.2363,-2.1313,-0.2562,-0.4363,0.506,0.0,0.0,1.7657,5.9218220710754395,2.131160259246826,-96.46,0,1,180,1.683,0.999,1.0,0.337,0.2997,0.3,0.1348,9996.4172,1.8535
75.051,1,RETURN_HOME,0.8023,1.5498,-1.9683,-0.4455,-0.2518,-2.1207,-0.2455,-0.4518,0.5142,0.0,0.0,1.7451,5.89906644821167,2.1199564933776855,-97.22,0,1,180,1.694,0.9998,1.0,0.3427,0.2999,0.3,0.1371,9996.9611,1.8566
75.102,1,RETURN_HOME,0.7831,1.5381,-1.9734,-0.4344,-0.2666,-2.1102,-0.2344,-0.4666,0.5222,0.0,0.0,1.726,5.870742321014404,2.115130662918091,-98.22,0,1,180,1.978,1.0,1.0,0.3481,0.3,0.3,0.1392,9997.4253,1.8503
75.151,1,RETURN_HOME,0.7641,1.5257,-1.9779,-0.4233,-0.2817,-2.1,-0.2233,-0.4817,0.531,0.0,0.0,1.7063,5.826014041900635,2.1012275218963623,-99.72,0,1,180,1.586,0.9995,1.0,0.3538,0.2999,0.3,0.1415,9997.7934,1.8461
75.201,1,RETURN_HOME,0.7473,1.5127,-1.9804,-0.412,-0.2968,-2.0904,-0.212,-0.4968,0.5402,0.0,0.0,1.6872,5.801754951477051,2.095282554626465,-100.22,0,1,180,1.691,0.9985,1.0,0.3596,0.2995,0.3,0.1438,9997.9069,1.8426
75.251,1,RETURN_HOME,0.7336,1.5014,-1.982,-0.4027,-0.3097,-2.0827,-0.2027,-0.5097,0.5485,0.0,0.0,1.671,5.7585062980651855,2.0896809101104736,-101.97,0,1,180,1.621,0.9971,1.0,0.3646,0.2991,0.3,0.1459,9997.7632,1.8353
75.301,1,RETURN_HOME,0.7179,1.4871,-1.9836,-0.3912,-0.3253,-2.0737,-0.2912,-0.5253,0.6006,0.0,0.0,1.6514,5.734733581542969,2.083472490310669,-102.72,0,1,180,1.718,0.9984,1.0,0.3998,0.2995,0.3,0.1599,9998.113,1.8315
75.352,1,RETURN_HOME,0.706,1.473,-1.9849,-0.3781,-0.34,-2.065,-0.2781,-0.54,0.6074,0.0,0.0,1.6335,5.7141923904418945,2.0830729007720947,-103.47,0,1,180,2.198,0.9996,1.0,0.4048,0.2999,0.3,0.1619,9998.3958,1.8219
75.401,1,RETURN_HOME,0.6958,1.4605,-1.9859,-0.3671,-0.3526,-2.058,-0.2671,-0.5526,0.6138,0.0,0.0,1.6178,5.670344352722168,2.0803098678588867,-104.97,0,1,180,1.687,1.0,1.0,0.4092,0.3,0.3,0.1637,9998.8798,1.8216
75.451,1,RETURN_HOME,0.6833,1.4435,-1.9855,-0.3564,-0.3689,-2.0499,-0.2564,-0.5689,0.624,0.0,0.0,1.5971,5.646905422210693,2.0734899044036865,-105.72,0,1,180,1.543,0.9998,1.0,0.4159,0.2999,0.3,0.1664,9998.75,1.8392
75.501,1,RETURN_HOME,0.6706,1.4235,-1.9825,-0.3484,-0.3866,-2.0422,-0.2484,-0.4866,0.5464,0.0,0.0,1.5735,5.626158714294434,2.0733160972595215,-106.72,0,1,180,1.641,0.9995,1.0,0.3641,0.2998,0.3,0.1456,9998.423,1.8073
75.551,1,RETURN_HOME,0.6598,1.4064,-1.9804,-0.3433,-0.4015,-2.0363,-0.2433,-0.5015,0.5574,0.0,0.0,1.5534,5.5872087478637695,2.0729031562805176,-107.97,0,1,180,1.641,0.9999,1.0,0.3716,0.3,0.3,0.1486,9998.8891,1.8173
75.601,1,RETURN_HOME,0.6443,1.386,-1.977,-0.3394,-0.4195,-2.0296,-0.2394,-0.5195,0.572,0.0,0.0,1.5285,5.566324710845947,2.0780396461486816,-108.73,0,1,180,1.605,1.0,1.0,0.3813,0.3,0.3,0.1525,9998.7225,1.8316
75.652,1,RETURN_HOME,0.6297,1.3692,-1.9737,-0.3371,-0.4324,-2.0245,-0.2371,-0.5324,0.5828,0.0,0.0,1.5071,5.545022010803223,2.0744118690490723,-109.48,0,1,180,1.853,0.9999,1.0,0.3885,0.3,0.3,0.1554,9998.9634,1.8235
75.701,1,RETURN_HOME,0.6124,1.3483,-1.9705,-0.3343,-0.4453,-2.019,-0.2343,-0.5453,0.5935,0.0,0.0,1.4809,5.503533840179443,2.0767321586608887,-110.98,0,1,180,1.758,0.9998,1.0,0.3956,0.2999,0.3,0.1582,9998.5542,1.8362
75.751,1,RETURN_HOME,0.5905,1.3264,-1.967,-0.3325,-0.4569,-2.0139,-0.2325,-0.5569,0.6035,0.0,0.0,1.4519,5.482834339141846,2.082914113998413,-111.73,0,1,180,1.748,0.9997,1.0,0.4022,0.2999,0.3,0.1609,9998.8828,1.8427
75.801,1,RETURN_HOME,0.5685,1.3039,-1.9642,-0.3304,-0.4675,-2.0093,-0.2304,-0.5675,0.6125,0.0,0.0,1.4224,5.444443225860596,2.084273338317871,-112.98,0,1,180,1.645,0.9997,1.0,0.4082,0.2999,0.3,0.1633,9998.6525,1.8454
75.851,1,RETURN_HOME,0.5477,1.2814,-1.962,-0.3276,-0.4774,-2.005,-0.2276,-0.5774,0.6206,0.0,0.0,1.3935,5.424007892608643,2.084031105041504,-113.73,0,1,180,1.724,0.9996,1.0,0.4136,0.2999,0.3,0.1654,9998.8009,1.87
75.901,1,RETURN_HOME,0.5288,1.2605,-1.9588,-0.3241,-0.4863,-2.0006,-0.2241,-0.5863,0.6276,0.0,0.0,1.3669,5.390369892120361,2.096015214920044,-114.98,0,1,180,1.55,0.9995,1.0,0.4182,0.2998,0.3,0.1673,9998.848,1.8716
75.952,1,RETURN_HOME,0.5105,1.2389,-1.9567,-0.3201,-0.4955,-1.9964,-0.3201,-0.6955,0.7657,0.0,0.0,1.34,5.369064807891846,2.0975968837738037,-115.48,0,1,180,1.877,0.9992,1.0,0.51,0.2998,0.3,0.204,9998.7993,1.87
76.001,1,RETURN_HOME,0.4919,1.2186,-1.9577,-0.3159,-0.5042,-1.9922,-0.2159,-0.5042,0.5485,0.0,0.0,1.3141,5.331111431121826,2.111319065093994,-116.73,0,1,180,1.613,0.9998,1.0,0.3656,0.2999,0.3,0.1462,9998.9966,1.8743
76.052,1,RETURN_HOME,0.4736,1.1982,-1.9604,-0.312,-0.5138,-1.9881,-0.312,-0.7138,0.779,0.0,0.0,1.2884,5.3136305809021,2.1120784282684326,-117.48,0,1,180,1.809,0.9994,1.0,0.519,0.2998,0.3,0.2076,9998.9061,1.8952
76.101,1,RETURN_HOME,0.4559,1.1767,-1.9634,-0.3105,-0.5265,-1.9839,-0.2105,-0.5265,0.567,0.0,0.0,1.262,5.291932582855225,2.1206741333007812,-118.23,0,1,180,1.753,0.9999,1.0,0.378,0.3,0.3,0.1512,9999.1344,1.9035
76.151,1,RETURN_HOME,0.4373,1.1513,-1.968,-0.309,-0.5378,-1.9797,-0.209,-0.5378,0.577,0.0,0.0,1.2316,5.2536444664001465,2.132061243057251,-119.24,0,1,180,1.631,1.0,1.0,0.3847,0.3,0.3,0.1539,9998.9763,1.9101
76.201,1,RETURN_HOME,0.4194,1.1252,-1.9725,-0.3096,-0.5515,-1.9755,-0.2096,-0.5515,0.59,0.0,0.0,1.2008,5.234254837036133,2.137883424758911,-119.99,0,1,180,1.661,1.0,1.0,0.3933,0.3,0.3,0.1573,9999.185,1.9109
76.251,1,RETURN_HOME,0.4025,1.1,-1.9767,-0.3088,-0.5609,-1.9711,-0.3088,-0.7609,0.8212,0.0,0.0,1.1713,5.190906524658203,2.1519615650177,-121.49,0,1,180,1.67,0.9994,1.0,0.5471,0.2998,0.3,0.2188,9999.2045,1.9643
76.301,1,RETURN_HOME,0.3871,1.0769,-1.9807,-0.3061,-0.5654,-1.9667,-0.3061,-0.7654,0.8243,0.0,0.0,1.1444,5.170383453369141,2.1606369018554688,-121.99,0,1,180,1.798,0.9994,1.0,0.5492,0.2998,0.3,0.2197,9999.2722,1.9575
76.351,1,RETURN_HOME,0.3721,1.0531,-1.9846,-0.3019,-0.5678,-1.9621,-0.2019,-0.5678,0.6026,0.0,0.0,1.1169,5.126203536987305,2.180806875228882,-123.24,0,1,180,1.692,1.0,1.0,0.4017,0.3,0.3,0.1607,9999.1693,1.9539
76.401,1,RETURN_HOME,0.3579,1.0307,-1.9932,-0.2995,-0.5746,-1.9574,-0.1995,-0.5746,0.6082,0.0,0.0,1.091,5.105133533477783,2.183518886566162,-123.99,0,1,180,1.695,1.0,1.0,0.4055,0.3,0.3,0.1622,9999.4832,1.9813
76.452,1,RETURN_HOME,0.3462,1.0114,-2.0003,-0.2992,-0.5838,-1.9532,-0.1992,-0.5838,0.6169,0.0,0.0,1.069,5.086012363433838,2.1975181102752686,-124.49,0,1,180,1.693,1.0,1.0,0.4113,0.3,0.3,0.1645,9999.1363,1.9775
76.501,1,RETURN_HOME,0.3322,0.9873,-2.0076,-0.2976,-0.593,-1.9479,-0.2976,-0.793,0.847,0.0,0.0,1.0417,5.037046909332275,2.217242956161499,-125.99,0,1,180,1.615,0.9994,1.0,0.5643,0.2998,0.3,0.2257,9999.3711,2.0318
76.551,1,RETURN_HOME,0.3217,0.959,-2.009,-0.2932,-0.6006,-1.9425,-0.2932,-0.8006,0.8526,0.0,0.0,1.0115,5.016554355621338,2.227198600769043,-126.49,0,1,180,1.879,0.9996,1.0,0.5682,0.2999,0.3,0.2273,9999.539,2.0439
76.601,1,RETURN_HOME,0.3127,0.9352,-2.01,-0.2885,-0.6045,-1.938,-0.2885,-0.8045,0.8546,0.0,0.0,0.9861,4.972642421722412,2.2457945346832275,-127.99,0,1,180,1.631,0.9998,1.0,0.5696,0.2999,0.3,0.2279,9999.418,2.0601
76.651,1,RETURN_HOME,0.3024,0.9066,-2.011,-0.2844,-0.6129,-1.9326,-0.1844,-0.5129,0.5451,0.0,0.0,0.9557,4.948450088500977,2.259289503097534,-128.74,0,1,180,1.653,0.9997,1.0,0.3633,0.2999,0.3,0.1453,9999.2511,2.0492
76.701,1,RETURN_HOME,0.2962,0.8837,-2.0114,-0.2821,-0.623,-1.9279,-0.2821,-0.723,0.7761,0.0,0.0,0.932,4.927547454833984,2.269592046737671,-129.24,0,1,180,1.705,0.9988,1.0,0.5168,0.2996,0.3,0.2067,9999.3944,2.0691
76.751,1,RETURN_HOME,0.288,0.8553,-2.0115,-0.281,-0.6388,-1.9223,-0.281,-0.8388,0.8847,0.0,0.0,0.9025,4.883881568908691,2.2964024543762207,-130.5,0,1,180,1.629,1.0,1.0,0.5898,0.3,0.3,0.2359,9999.8089,1.9884
76.801,1,RETURN_HOME,0.2792,0.8317,-2.0103,-0.2793,-0.6467,-1.9177,-0.2793,-0.8467,0.8915,0.0,0.0,0.8773,4.856851100921631,2.3094241619110107,-131.25,0,1,180,1.741,1.0,1.0,0.5943,0.3,0.3,0.2377,9999.8273,1.9432
76.851,1,RETURN_HOME,0.2661,0.8039,-2.0066,-0.2791,-0.6545,-1.9126,-0.2791,-0.7545,0.8044,0.0,0.0,0.8468,4.833421230316162,2.3182291984558105,-132.0,0,1,180,1.746,0.9994,1.0,0.536,0.2998,0.3,0.2144,9999.4604,2.1472
76.901,1,RETURN_HOME,0.255,0.78,-2.004,-0.2799,-0.663,-1.9087,-0.1799,-0.563,0.5911,0.0,0.0,0.8207,4.789273262023926,2.3461742401123047,-133.25,0,1,180,1.711,1.0,1.0,0.3941,0.3,0.3,0.1576,9999.7024,2.1487
76.951,1,RETURN_HOME,0.2404,0.7519,-2.0029,-0.2822,-0.6764,-1.9043,-0.2822,-0.7764,0.8261,0.0,0.0,0.7894,4.764201641082764,2.36460542678833,-133.75,0,1,180,1.595,0.9992,1.0,0.5503,0.2998,0.3,0.2201,9999.4501,2.0711
77.001,1,RETURN_HOME,0.2273,0.7285,-2.0032,-0.2847,-0.6874,-1.9008,-0.1847,-0.5874,0.6157,0.0,0.0,0.7632,4.741801738739014,2.374173879623413,-134.5,0,1,180,1.844,1.0,1.0,0.4105,0.3,0.3,0.1642,9999.6466,2.1795
77.051,1,RETURN_HOME,0.2117,0.6995,-2.0038,-0.2847,-0.694,-1.8968,-0.1847,-0.594,0.6221,0.0,0.0,0.7308,4.6924729347229,2.416276693344116,-135.0,0,1,180,1.598,1.0,1.0,0.4147,0.3,0.3,0.1659,9999.7763,2.2327
77.101,1,RETURN_HOME,0.1985,0.676,-2.0055,-0.2855,-0.6992,-1.8936,-0.1855,-0.6992,0.7234,0.0,0.0,0.7046,4.665128231048584,2.445607900619507,-135.0,0,1,180,1.625,0.9997,1.0,0.4821,0.2999,0.3,0.1928,9999.6511,2.2171
77.151,1,RETURN_HOME,0.1828,0.6474,-2.0076,-0.2847,-0.7007,-1.8897,-0.1847,-0.6007,0.6285,0.0,0.0,0.6727,4.643975734710693,2.4729666709899902,-135.0,0,1,180,1.701,0.9997,1.0,0.4189,0.2999,0.3,0.1675,9999.492,2.2915
77.201,1,RETURN_HOME,0.17,0.623,-2.0092,-0.2822,-0.6991,-1.8863,-0.1822,-0.5991,0.6262,0.0,0.0,0.6458,4.621468544006348,2.5004982948303223,-135.0,0,1,180,1.589,0.9996,1.0,0.4173,0.2999,0.3,0.1669,9999.6448,2.3164
77.251,1,RETURN_HOME,0.1584,0.5977,-2.0095,-0.2786,-0.6985,-1.8827,-0.1786,-0.5985,0.6246,0.0,0.0,0.6183,4.570896148681641,2.556117534637451,-135.0,0,1,180,1.775,0.9995,1.0,0.4162,0.2999,0.3,0.1665,9999.6595,2.3764
77.351,2,NAVIGATE,0.1341,0.5408,-2.0095,-0.2688,-0.6946,-1.8742,-0.4688,-0.4946,0.6815,0.0,12.0,11.46,4.523249626159668,2.611628770828247,-135.0,0,1,180,1.719,-0.7177,1.0,0.2272,-0.2153,0.3,0.0909,0.1756,2.3871
77.401,2,NAVIGATE,0.1194,0.508,-2.0108,-0.2632,-0.692,-1.8694,-0.4632,-0.492,0.6757,0.0,12.0,11.4926,4.472821235656738,2.6723392009735107,-135.0,0,1,180,1.643,-0.7209,1.0,0.2252,-0.2163,0.3,0.0901,0.1738,2.4488
77.451,2,NAVIGATE,0.1049,0.475,-2.0114,-0.2542,-0.6894,-1.8706,-0.4542,-0.4894,0.6677,0.0,12.0,11.5254,4.449487209320068,2.700929641723633,-135.0,0,1,180,1.685,-0.7268,1.0,0.2226,-0.218,0.3,0.089,0.171,2.4787
77.501,2,NAVIGATE,0.0941,0.4477,-2.009,-0.2519,-0.6905,-1.8786,-0.4519,-0.4905,0.6669,0.0,12.0,11.5527,4.427009582519531,2.7252063751220703,-135.0,0,1,180,1.701,-0.7298,1.0,0.2223,-0.219,0.3,0.0889,0.17,2.5043
77.551,2,NAVIGATE,0.0863,0.421,-2.0021,-0.2525,-0.6933,-1.8924,-0.4525,-0.4933,0.6694,0.0,12.0,11.5793,4.392499923706055,2.7580630779266357,-135.0,0,1,180,1.738,-0.7319,1.0,0.2231,-0.2196,0.3,0.0893,0.1697,2.5396
77.601,2,NAVIGATE,0.0764,0.3885,-1.9912,-0.2583,-0.6981,-1.9163,-0.4583,-0.4981,0.6769,0.0,12.0,11.6117,4.376160621643066,2.7643539905548096,-135.0,0,1,180,1.654,-0.7314,1.0,0.2256,-0.2194,0.3,0.0902,0.1708,2.4979
77.651,2,NAVIGATE,0.0653,0.3561,-1.9778,-0.2697,-0.7017,-1.9474,-0.4697,-0.5017,0.6873,0.0,12.0,11.6441,4.3605852127075195,2.7663700580596924,-135.0,0,1,180,1.734,-0.7262,1.0,0.2291,-0.2179,0.3,0.0916,0.1738,2.4485
77.701,2,NAVIGATE,0.0525,0.324,-1.9622,-0.2857,-0.702,-1.9852,-0.4857,-0.502,0.6985,0.0,12.0,11.6762,4.355438709259033,2.761370897293091,-135.0,0,1,180,1.745,-0.7155,1.0,0.2328,-0.2147,0.3,0.0931,0.1785,2.4067
77.751,2,NAVIGATE,0.0412,0.2971,-1.9486,-0.3015,-0.6993,-2.0213,-0.5015,-0.4993,0.7077,0.0,12.0,11.703,4.358401775360107,2.755525827407837,-135.0,0,1,180,1.646,-0.7031,1.0,0.2359,-0.2109,0.3,0.0944,0.1834,2.3779
77.801,2,NAVIGATE,0.0265,0.2651,-1.9311,-0.3218,-0.6925,-2.0699,-0.5218,-0.4925,0.7176,0.0,12.0,11.7349,4.38693904876709,2.737147569656372,-135.0,0,1,180,1.657,-0.6848,1.0,0.2392,-0.2054,0.3,0.0957,0.1902,2.3677
77.851,2,NAVIGATE,0.0133,0.2389,-1.916,-0.3392,-0.6844,-2.1142,-0.5392,-0.4844,0.7249,0.0,12.0,11.7611,4.41482400894165,2.747405529022217,-133.75,0,1,180,1.702,-0.6675,1.0,0.2416,-0.2002,0.3,0.0966,0.1964,2.3542
77.901,2,NAVIGATE,-0.0035,0.2076,-1.8985,-0.3592,-0.6726,-2.172,-0.5592,-0.4726,0.7321,0.0,12.0,11.7924,4.450615406036377,2.7593836784362793,-132.25,0,1,180,1.798,-0.6457,1.0,0.244,-0.1937,0.3,0.0976,0.2039,2.3312
77.951,2,NAVIGATE,-0.0156,0.1836,-1.8859,-0.3738,-0.6614,-2.2238,-0.5738,-0.4614,0.7363,0.0,12.0,11.8164,4.55735969543457,2.790238380432129,-128.49,0,1,180,1.669,-0.6277,1.0,0.2454,-0.1883,0.3,0.0982,0.2099,2.3732
78.001,2,NAVIGATE,-0.0306,0.1555,-1.8716,-0.3898,-0.6479,-2.2903,-0.5898,-0.4479,0.7406,0.0,12.0,11.8446,4.64320707321167,2.8015787601470947,-126.24,0,1,180,1.747,-0.6069,1.0,0.2469,-0.1821,0.3,0.0987,0.2167,2.3551
78.051,2,NAVIGATE,-0.044,0.1321,-1.8599,-0.4025,-0.6377,-2.3493,-0.6025,-0.4377,0.7446,0.0,12.0,11.868,4.738793849945068,2.814368963241577,-124.24,0,1,180,1.795,-0.5907,1.0,0.2482,-0.1772,0.3,0.0993,0.2221,2.3443
78.101,2,NAVIGATE,-0.0694,0.1042,-1.8441,-0.4206,-0.6269,-2.4244,-0.6206,-0.4269,0.7532,0.0,12.0,11.896,5.002617835998535,2.83266282081604,-119.74,0,1,180,1.611,-0.5715,1.0,0.2511,-0.1715,0.3,0.1004,0.229,2.3727
78.151,2,NAVIGATE,-0.0918,0.081,-1.8309,-0.4361,-0.619,-2.4905,-0.6361,-0.419,0.7617,0.0,12.0,11.9193,5.200611114501953,2.846970319747925,-116.98,0,1,180,1.592,-0.5565,1.0,0.2539,-0.167,0.3,0.1016,0.2346,2.3605
78.201,2,NAVIGATE,-0.1188,0.0534,-1.8158,-0.4548,-0.6104,-2.574,-0.6548,-0.4104,0.7728,0.0,12.0,11.9472,5.421302318572998,2.8567280769348145,-114.23,0,1,180,1.639,-0.5395,1.0,0.2576,-0.1618,0.3,0.103,0.2412,2.3105
78.251,2,NAVIGATE,-0.1413,0.0311,-1.8043,-0.4711,-0.6031,-2.647,-0.6711,-0.4031,0.7828,0.0,12.0,11.9698,6.02669620513916,2.876136302947998,-108.73,0,1,180,1.615,-0.525,1.0,0.2609,-0.1575,0.3,0.1044,0.2469,2.3737
78.301,2,NAVIGATE,-0.1687,0.0043,-1.7907,-0.491,-0.5943,-2.7386,-0.691,-0.3943,0.7956,0.0,12.0,11.9969,6.501611709594727,2.884866237640381,-105.47,0,1,180,1.652,-0.5078,1.0,0.2652,-0.1523,0.3,0.1061,0.2537,2.3295
78.351,2,NAVIGATE,-0.1912,-0.0182,-1.7793,-0.5079,-0.5869,-2.8181,-0.7079,-0.3869,0.8067,0.0,12.0,12.0197,7.047436237335205,2.889685869216919,-102.47,0,1,180,1.809,-0.4935,1.0,0.2689,-0.1481,0.3,0.1076,0.2595,2.2995
78.401,2,NAVIGATE,-0.2169,-0.046,-1.7656,-0.5278,-0.5779,-2.9174,-0.7278,-0.3779,0.8201,0.0,12.0,12.048,8.696503639221191,2.9045705795288086,-95.96,0,1,180,1.682,-0.4767,1.0,0.2734,-0.143,0.3,0.1093,0.2663,2.3547
78.451,2,NAVIGATE,-0.2389,-0.0689,-1.7542,-0.5449,-0.5698,-3.0032,-0.7449,-0.3698,0.8317,0.0,12.0,12.0713,8.704264640808105,2.913238763809204,-92.21,0,1,180,1.734,-0.4623,1.0,0.2772,-0.1387,0.3,0.1109,0.2722,2.3425
78.501,2,NAVIGATE,-0.2655,-0.0957,-1.7412,-0.5658,-0.5591,-3.1099,-0.7658,-0.3591,0.8458,0.0,12.0,12.0986,8.675023078918457,2.9207828044891357,-88.46,0,1,180,1.709,-0.4444,1.0,0.2819,-0.1333,0.3,0.1128,0.2795,2.2737
78.551,2,NAVIGATE,-0.2873,-0.1172,-1.731,-0.5832,-0.5491,3.0813,-0.7832,-0.3491,0.8575,0.0,12.0,12.1206,8.636595726013184,2.9307777881622314,-81.2,0,1,180,1.716,-0.4287,1.0,0.2858,-0.1286,0.3,0.1143,0.2857,2.395
78.601,2,NAVIGATE,-0.3146,-0.1426,-1.7187,-0.6045,-0.5364,2.9674,-0.8045,-0.3364,0.872,0.0,12.0,12.1467,8.616889953613281,2.938307523727417,-76.95,0,1,180,1.714,-0.4096,1.0,0.2907,-0.1229,0.3,0.1163,0.2934,2.3437
78.652,2,NAVIGATE,-0.3391,-0.163,-1.7083,-0.623,-0.5254,2.8695,-0.823,-0.3254,0.885,0.0,12.0,12.1677,8.597028732299805,2.9443230628967285,-72.94,0,1,180,1.904,-0.3934,1.0,0.295,-0.118,0.3,0.118,0.3,2.3144
78.701,2,NAVIGATE,-0.3701,-0.1868,-1.6958,-0.6458,-0.5115,2.7485,-0.8458,-0.3115,0.9013,0.0,12.0,12.1924,6.350241184234619,2.952089548110962,-64.68,0,1,180,1.73,-0.3739,1.0,0.3004,-0.1122,0.3,0.1202,0.308,2.4144
78.751,2,NAVIGATE,-0.4023,-0.2101,-1.6834,-0.669,-0.4963,2.6241,-0.869,-0.2963,0.9182,0.0,12.0,12.2168,5.4363579750061035,2.9557526111602783,-59.93,0,1,180,1.667,-0.3537,1.0,0.3061,-0.1061,0.3,0.1224,0.3163,2.3635
78.801,2,NAVIGATE,-0.4298,-0.2271,-1.6736,-0.6894,-0.4804,2.5193,-0.8894,-0.2804,0.9325,0.0,12.0,12.2346,4.387879848480225,2.9679758548736572,-50.42,0,1,180,1.683,-0.334,1.0,0.3108,-0.1002,0.3,0.1243,0.3241,2.5477
78.851,2,NAVIGATE,-0.4639,-0.2462,-1.6655,-0.7146,-0.4578,2.394,-0.9146,-0.2578,0.9502,0.0,12.0,12.255,4.0407795906066895,2.9718363285064697,-46.42,0,1,180,1.732,-0.3075,1.0,0.3167,-0.0923,0.3,0.1267,0.3344,2.4966
78.901,2,NAVIGATE,-0.4932,-0.2617,-1.6631,-0.7348,-0.4374,2.2916,-0.9348,-0.2374,0.9645,0.0,12.0,12.2716,3.739816904067993,2.978062629699707,-41.41,0,1,180,1.857,-0.2849,1.0,0.3215,-0.0855,0.3,0.1286,0.3431,2.5194
78.952,2,NAVIGATE,-0.5229,-0.2772,-1.667,-0.7524,-0.4174,2.1922,-0.9524,-0.2174,0.9769,0.0,12.0,12.2883,3.535794973373413,2.984252691268921,-36.91,0,1,180,1.944,-0.2638,1.0,0.3256,-0.0792,0.3,0.1303,0.3511,2.516
79.001,2,NAVIGATE,-0.5654,-0.2981,-1.6765,-0.7728,-0.3914,2.0597,-0.9728,-0.1914,0.9914,0.0,12.0,12.3111,3.2624399662017822,2.994227886199951,-28.65,0,1,180,1.871,-0.238,1.0,0.3305,-0.0714,0.3,0.1322,0.3608,2.646
79.051,2,NAVIGATE,-0.6033,-0.3153,-1.6856,-0.7871,-0.3714,1.9537,-0.9871,-0.1714,1.0019,0.0,12.0,12.33,3.165217876434326,3.0022730827331543,-24.15,0,1,180,1.839,-0.2191,1.0,0.334,-0.0657,0.3,0.1336,0.3679,2.6311
79.101,2,NAVIGATE,-0.6361,-0.3291,-1.6931,-0.7976,-0.3561,1.8713,-0.9976,-0.1561,1.0097,0.0,12.0,12.3455,3.064999580383301,3.014446258544922,-16.64,0,1,180,1.908,-0.2053,1.0,0.3366,-0.0616,0.3,0.1346,0.3731,2.7502
79.151,2,NAVIGATE,-0.676,-0.345,-1.7012,-0.8091,-0.3393,1.78,-1.0091,-0.1393,1.0187,0.0,12.0,12.3635,3.040367603302002,3.0237321853637695,-13.39,0,1,180,1.813,-0.1907,1.0,0.3396,-0.0572,0.3,0.1358,0.3786,2.7647
79.201,2,NAVIGATE,-0.7098,-0.3564,-1.7074,-0.8186,-0.3255,1.7105,-1.0186,-0.1255,1.0263,0.0,12.0,12.3768,3.033012866973877,3.033012866973877,-9.88,0,1,180,1.818,-0.179,1.0,0.3421,-0.0537,0.3,0.1368,0.3831,2.7698
79.252,2,NAVIGATE,-0.7374,-0.3637,-1.7122,-0.8263,-0.3141,1.6588,-1.0263,-0.1141,1.0326,0.0,12.0,12.3856,3.041121006011963,3.041121006011963,-6.88,0,1,180,1.727,-0.1694,1.0,0.3442,-0.0508,0.3,0.1377,0.3868,2.7779
79.302,2,NAVIGATE,-0.786,-0.3762,-1.7194,-0.8399,-0.295,1.5767,-1.0399,-0.095,1.0442,0.0,12.0,12.4011,3.0568313598632812,3.0568313598632812,-1.88,0,1,180,2.132,-0.1539,1.0,0.3481,-0.0462,0.3,0.1392,0.3931,2.7871
79.352,2,NAVIGATE,-0.8212,-0.3831,-1.7223,-0.8501,-0.2812,1.5243,-1.0501,-0.0812,1.0533,0.0,12.0,12.4103,3.067714214324951,3.067714214324951,1.38,0,1,180,1.911,-0.1429,1.0,0.3511,-0.0429,0.3,0.1404,0.3976,2.795
79.401,2,NAVIGATE,-0.8568,-0.3889,-1.7239,-0.8608,-0.2677,1.4769,-1.0608,-0.0677,1.0629,0.0,12.0,12.4185,3.0852773189544678,3.0852773189544678,5.63,0,1,180,1.694,-0.1324,1.0,0.3543,-0.0397,0.3,0.1417,0.402,2.805
79.451,2,NAVIGATE,-0.9,-0.396,-1.7257,-0.8742,-0.2522,1.4265,-1.0742,-0.0522,1.0754,0.0,12.0,12.4286,3.0933613777160645,3.0933613777160645,6.13,0,1,180,1.777,-0.1208,1.0,0.3585,-0.0362,0.3,0.1434,0.4072,2.8136
79.501,2,NAVIGATE,-0.9429,-0.4032,-1.7275,-0.888,-0.2373,1.3829,-1.088,-0.0373,1.0887,0.0,12.0,12.439,3.1022679805755615,3.1022679805755615,8.63,0,1,180,1.74,-0.1099,1.0,0.3629,-0.033,0.3,0.1452,0.4122,2.8228
79.551,2,NAVIGATE,-0.9716,-0.408,-1.7288,-0.8975,-0.2276,1.3576,-1.0975,-0.0276,1.0979,0.0,12.0,12.446,6.510395050048828,3.1186037063598633,10.38,0,1,180,1.65,-0.1031,1.0,0.366,-0.0309,0.3,0.1464,0.4155,2.831
79.601,2,NAVIGATE,-1.0225,-0.4164,-1.731,-0.9144,-0.2112,1.3204,-1.1144,-0.0112,1.1145,0.0,12.0,12.4584,6.525651931762695,3.1272215843200684,13.14,0,1,180,1.617,-0.0921,1.0,0.3715,-0.0276,0.3,0.1486,0.421,2.8391
79.652,2,NAVIGATE,-1.0581,-0.4197,-1.7381,-0.9264,-0.1987,1.2993,-1.1264,0.0013,1.1264,0.0,12.0,12.4647,6.326272487640381,3.13681960105896,13.89,0,1,180,1.61,-0.0838,1.0,0.3755,-0.0251,0.3,0.1502,0.4251,2.8427
79.701,2,NAVIGATE,-1.1012,-0.4232,-1.7472,-0.9409,-0.1841,1.2801,-1.1409,0.0159,1.141,0.0,12.0,12.4719,6.180319309234619,3.1518537998199463,16.89,0,1,180,1.659,-0.0744,1.0,0.3803,-0.0223,0.3,0.1521,0.4298,2.8545
79.751,2,NAVIGATE,-1.1453,-0.4273,-1.7558,-0.9556,-0.1701,1.2673,-1.1556,0.0299,1.1559,0.0,12.0,12.48,6.1779022216796875,3.1587889194488525,16.39,0,1,180,1.721,-0.066,1.0,0.3853,-0.0198,0.3,0.1541,0.4343,2.8299
79.802,2,NAVIGATE,-1.1825,-0.4326,-1.764,-0.9679,-0.1591,1.2613,-1.1679,0.0409,1.1686,0.0,12.0,12.4887,6.19271993637085,3.1665115356445312,16.64,0,1,180,1.935,-0.0597,1.0,0.3895,-0.0179,0.3,0.1558,0.4379,2.7911
79.851,2,NAVIGATE,-1.2206,-0.4376,-1.7715,-0.981,-0.1479,1.2592,-1.181,0.0521,1.1822,0.0,12.0,12.4974,6.230839252471924,3.17816162109375,18.39,0,1,180,1.712,-0.0537,1.0,0.3941,-0.0161,0.3,0.1576,0.4415,2.7413
79.902,2,NAVIGATE,-1.267,-0.4431,-1.7813,-0.9979,-0.1341,1.2613,-1.1979,0.0659,1.1997,0.0,12.0,12.5074,6.251406192779541,3.183878183364868,18.39,0,1,180,1.987,-0.0465,1.0,0.3999,-0.0139,0.3,0.16,0.446,2.6935
79.951,2,NAVIGATE,-1.3056,-0.4462,-1.7931,-1.0127,-0.1216,1.2665,-1.2127,0.0784,1.2152,0.0,12.0,12.5145,6.282859802246094,3.190438747406006,17.14,0,1,180,1.775,-0.0399,1.0,0.4051,-0.012,0.3,0.162,0.4501,2.6508
80.001,2,NAVIGATE,-1.3451,-0.4491,-1.8054,-1.0283,-0.1086,1.2743,-1.2283,0.0914,1.2317,0.0,12.0,12.5216,3.2269833087921143,3.200348377227783,16.14,0,1,180,1.78,-0.0333,1.0,0.4106,-0.01,0.3,0.1642,0.4542,2.6246
80.052,2,NAVIGATE,-1.3939,-0.4526,-1.8215,-1.0484,-0.0923,1.2868,-1.2484,0.1077,1.2531,0.0,12.0,12.5304,3.227635383605957,3.203272819519043,15.89,0,1,180,1.917,-0.0254,1.0,0.4177,-0.0076,0.3,0.1671,0.4594,2.5598
80.101,2,NAVIGATE,-1.4458,-0.4571,-1.8396,-1.07,-0.076,1.3018,-1.27,0.124,1.276,0.0,12.0,12.5407,3.228135347366333,3.2081077098846436,14.89,0,1,180,1.854,-0.0182,1.0,0.4253,-0.0055,0.3,0.1701,0.4647,2.4932
80.151,2,NAVIGATE,-1.4897,-0.4602,-1.8561,-1.0871,-0.0627,1.3158,-1.2871,0.1373,1.2944,0.0,12.0,12.5489,3.2290844917297363,3.214423418045044,14.14,0,1,180,1.709,-0.0127,1.0,0.4315,-0.0038,0.3,0.1726,0.4688,2.486
80.201,2,NAVIGATE,-1.5448,-0.4648,-1.8768,-1.1072,-0.0486,1.3337,-1.3072,0.1514,1.3159,0.0,12.0,12.5601,3.227677345275879,3.2161757946014404,13.64,0,1,180,1.716,-0.008,1.0,0.4386,-0.0024,0.3,0.1755,0.4731,2.4206
80.252,2,NAVIGATE,-1.5924,-0.4692,-1.8944,-1.1237,-0.0383,1.3491,-1.3237,0.1617,1.3336,0.0,12.0,12.5704,3.2269906997680664,3.2200369834899902,13.64,0,1,180,1.803,-0.0054,1.0,0.4445,-0.0016,0.3,0.1778,0.4762,2.3841
80.301,2,NAVIGATE,-1.6403,-0.4728,-1.9115,-1.1399,-0.0284,1.3646,-1.3399,0.1716,1.3508,0.0,12.0,12.5802,3.2258455753326416,3.223252058029175,12.39,0,1,180,1.86,-0.0034,1.0,0.4503,-0.001,0.3,0.1801,0.4791,2.3996
80.351,2,NAVIGATE,-1.6986,-0.4766,-1.9328,-1.1589,-0.0167,1.3829,-1.3589,0.1833,1.3712,0.0,12.0,12.5917,3.226405143737793,3.2246694564819336,11.89,0,1,180,1.704,-0.0012,1.0,0.4571,-0.0004,0.3,0.1828,0.4825,2.3414
80.401,2,NAVIGATE,-1.7577,-0.4797,-1.9543,-1.1778,-0.0051,1.4006,-1.3778,0.1949,1.3915,0.0,12.0,12.6029,3.227351188659668,3.2257955074310303,10.13,0,1,180,1.834,0.0006,1.0,0.4638,0.0002,0.3,0.1855,0.4857,2.2914
80.451,2,NAVIGATE,-1.8073,-0.4816,-1.9708,-1.1935,0.0046,1.4147,-1.3935,0.2046,1.4084,0.0,12.0,12.6118,3.2276179790496826,3.2276179790496826,9.38,0,1,180,1.762,0.002,1.0,0.4695,0.0006,0.3,0.1878,0.4884,2.299
80.501,2,NAVIGATE,-1.8668,-0.4837,-1.9878,-1.212,0.016,1.4304,-1.412,0.216,1.4284,0.0,12.0,12.6226,3.2285430431365967,3.2285430431365967,8.63,0,1,180,1.675,0.0034,1.0,0.4761,0.001,0.3,0.1905,0.4915,2.2456
80.551,2,NAVIGATE,-1.9167,-0.485,-2.0004,-1.2275,0.0256,1.4424,-1.4275,0.2256,1.4452,0.0,12.0,12.6313,3.228184223175049,3.228184223175049,8.13,0,1,180,1.721,0.0044,1.0,0.4817,0.0013,0.3,0.1927,0.494,2.2158
80.602,2,NAVIGATE,-1.9671,-0.4856,-2.012,-1.2432,0.0353,1.4533,-1.4432,0.2353,1.4623,0.0,12.0,12.6396,3.2280635833740234,3.2280635833740234,6.38,0,1,180,2.237,0.0054,1.0,0.4874,0.0016,0.3,0.195,0.4966,2.1806
80.651,2,NAVIGATE,-2.0281,-0.4837,-2.025,-1.2626,0.0487,1.4646,-1.4626,0.2487,1.4836,0.0,12.0,12.6474,3.228405475616455,3.228405475616455,6.38,0,1,180,1.735,0.0074,1.0,0.4945,0.0022,0.3,0.1978,0.5,2.1758
80.701,2,NAVIGATE,-2.0795,-0.4814,-2.0347,-1.2791,0.0602,1.4726,-1.3791,0.2602,1.4034,0.0,12.0,12.6534,3.2269880771636963,3.2269880771636963,4.88,0,1,180,1.699,0.0214,1.0,0.4678,0.0064,0.3,0.1871,0.4935,2.1403
80.751,2,NAVIGATE,-2.1316,-0.4786,-2.0435,-1.2956,0.0717,1.4793,-1.3956,0.2717,1.4218,0.0,12.0,12.6594,3.2244627475738525,3.2244627475738525,5.38,0,1,180,1.724,0.0231,1.0,0.4739,0.0069,0.3,0.1896,0.4965,2.1031
80.801,2,NAVIGATE,-2.1848,-0.4779,-2.0534,-1.3128,0.082,1.4847,-1.4,0.282,1.4281,0.0,12.0,12.6677,3.222594976425171,3.222594976425171,3.63,0,1,180,1.755,0.0254,1.0,0.476,0.0076,0.3,0.1904,0.498,2.1008
80.851,2,NAVIGATE,-2.2496,-0.4768,-2.0645,-1.3314,0.0944,1.4896,-1.4,0.2944,1.4306,0.0,12.0,12.678,3.2196550369262695,3.2196550369262695,4.38,0,1,180,1.673,0.0289,1.0,0.4769,0.0087,0.3,0.1907,0.4994,2.0563
80.901,2,NAVIGATE,-2.3041,-0.4752,-2.0725,-1.345,0.1049,1.4923,-1.4,0.3049,1.4328,0.0,12.0,12.6862,3.217965841293335,3.217965841293335,5.63,0,1,180,1.702,0.0318,1.0,0.4776,0.0095,0.3,0.191,0.5006,2.0523
80.951,2,NAVIGATE,-2.3698,-0.4761,-2.0836,-1.3594,0.1162,1.4939,-1.4,0.3162,1.4353,0.0,12.0,12.6992,3.2106823921203613,3.2106823921203613,4.13,0,1,180,1.728,0.0344,1.0,0.4784,0.0103,0.3,0.1914,0.5017,2.0184
81.002,2,NAVIGATE,-2.436,-0.4757,-2.0929,-1.3713,0.128,1.4937,-1.4,0.328,1.4379,0.0,12.0,12.7113,3.2093124389648438,3.2093124389648438,4.88,0,1,180,2.007,0.0373,1.0,0.4793,0.0112,0.3,0.1917,0.5029,2.0296
81.051,2,NAVIGATE,-2.4918,-0.4744,-2.099,-1.38,0.1381,1.4922,-1.4,0.3381,1.4402,0.0,12.0,12.7209,3.2053091526031494,3.2053091526031494,4.88,0,1,180,1.757,0.0398,1.0,0.4801,0.0119,0.3,0.192,0.504,2.0037
81.101,2,NAVIGATE,-2.5603,-0.4724,-2.1028,-1.3896,0.1505,1.4889,-1.4,0.3505,1.4432,0.0,12.0,12.7324,3.199086904525757,3.199086904525757,4.38,0,1,180,1.69,0.0428,1.0,0.4811,0.0128,0.3,0.1924,0.5053,1.9715
81.151,2,NAVIGATE,-2.6175,-0.4697,-2.1053,-1.3967,0.1612,1.485,-1.4,0.3612,1.4458,0.0,12.0,12.7414,3.193666696548462,3.193666696548462,4.63,0,1,180,1.77,0.0456,1.0,0.4819,0.0137,0.3,0.1928,0.5064,1.9478
81.201,2,NAVIGATE,-2.6868,-0.4653,-2.1076,-1.4044,0.1743,1.4792,-1.4,0.3743,1.4492,0.0,12.0,12.7516,3.1902763843536377,3.1902763843536377,5.13,0,1,180,1.188,0.049,1.0,0.4831,0.0147,0.3,0.1932,0.5079,1.9255
81.251,2,NAVIGATE,-2.7457,-0.4606,-2.1089,-1.4102,0.1856,1.4736,-1.4,0.3856,1.4521,0.0,12.0,12.7595,3.179166555404663,3.179166555404663,5.38,0,1,180,1.186,0.0518,1.0,0.484,0.0156,0.3,0.1936,0.5092,1.8641
81.301,2,NAVIGATE,-2.8161,-0.454,-2.1099,-1.4166,0.1993,1.4661,-1.4,0.3993,1.4558,0.0,12.0,12.7684,3.17291259765625,3.17291259765625,5.38,0,1,180,1.148,0.0554,1.0,0.4853,0.0166,0.3,0.1941,0.5107,1.8124
81.351,2,NAVIGATE,-2.8755,-0.448,-2.1112,-1.4218,0.2107,1.4592,-1.4,0.4107,1.459,0.0,12.0,12.7758,3.166731357574463,3.166731357574463,6.13,0,1,180,1.223,0.0583,1.0,0.4863,0.0175,0.3,0.1945,0.512,1.7661
81.401,2,NAVIGATE,-2.9473,-0.44,-2.1127,-1.4277,0.2244,1.4504,-1.4,0.4244,1.4629,0.0,12.0,12.7844,3.1534130573272705,3.1534130573272705,6.13,0,1,180,1.253,0.0617,1.0,0.4876,0.0185,0.3,0.1951,0.5136,1.6799
81.451,2,NAVIGATE,-3.0188,-0.4311,-2.1137,-1.433,0.2385,1.4409,-1.4,0.4385,1.4671,0.0,12.0,12.7924,3.14681339263916,3.14681339263916,5.38,0,1,180,1.117,0.0652,1.0,0.489,0.0196,0.3,0.1956,0.5152,1.6253
81.501,2,NAVIGATE,-3.0804,-0.4209,-2.113,-1.4377,0.2515,1.4328,-1.4,0.4515,1.471,0.0,12.0,12.7972,3.1384148597717285,3.1384148597717285,6.63,0,1,180,1.152,0.0688,1.0,0.4903,0.0206,0.3,0.1961,0.5168,1.5807
81.551,2,NAVIGATE,-3.1545,-0.4076,-2.1116,-1.4428,0.2675,1.4229,-1.4,0.4675,1.476,0.0,12.0,12.8023,3.1240148544311523,3.1240148544311523,8.13,0,1,180,1.117,0.0733,1.0,0.492,0.022,0.3,0.1968,0.5188,1.4939
81.601,2,NAVIGATE,-3.2158,-0.3959,-2.1104,-1.4464,0.281,1.4144,-1.4,0.481,1.4803,0.0,12.0,12.8063,3.113417387008667,3.113417387008667,7.13,0,1,180,1.099,0.077,1.0,0.4934,0.0231,0.3,0.1974,0.5205,1.4427
81.651,2,NAVIGATE,-3.2765,-0.3814,-2.1075,-1.4489,0.2953,1.4059,-1.4,0.4953,1.485,0.0,12.0,12.8076,3.1060450077056885,3.1060450077056885,9.13,0,1,180,1.12,0.0813,1.0,0.495,0.0244,0.3,0.198,0.5224,1.3961
81.701,2,NAVIGATE,-3.349,-0.3637,-2.1042,-1.4513,0.3124,1.3956,-1.4,0.5124,1.4908,0.0,12.0,12.8092,3.0870795249938965,3.0870795249938965,9.63,0,1,180,1.153,0.0862,1.0,0.4969,0.0259,0.3,0.1988,0.5246,1.3116
81.751,2,NAVIGATE,-3.4217,-0.3457,-2.1007,-1.4534,0.3293,1.3854,-1.4,0.5293,1.4967,0.0,12.0,12.8111,3.076103925704956,3.076103925704956,9.88,0,1,180,1.262,0.0909,1.0,0.4989,0.0273,0.3,0.1996,0.5268,1.2564
81.801,2,NAVIGATE,-3.4842,-0.3305,-2.0963,-1.4558,0.343,1.3771,-1.3,0.543,1.4089,0.0,12.0,12.8133,3.0671074390411377,3.0663974285125732,10.63,0,1,180,1.55,0.12,1.0,0.4696,0.036,0.3,0.1878,0.5238,1.5093
81.851,2,NAVIGATE,-3.5586,-0.3118,-2.0915,-1.4585,0.3595,1.3672,-1.3,0.5595,1.4153,0.0,12.0,12.8158,3.0463294982910156,3.0455000400543213,11.64,0,1,180,1.19,0.1247,1.0,0.4718,0.0374,0.3,0.1887,0.5261,1.4248
81.901,2,NAVIGATE,-3.6194,-0.2957,-2.0883,-1.4603,0.3733,1.3591,-1.3,0.5733,1.4208,0.0,12.0,12.8174,3.0347471237182617,3.0325980186462402,11.64,0,1,180,1.086,0.1287,1.0,0.4736,0.0386,0.3,0.1894,0.5281,1.3739
81.951,2,NAVIGATE,-3.6772,-0.2786,-2.0869,-1.4591,0.3872,1.3511,-1.3,0.5872,1.4265,0.0,12.0,12.8174,3.0234930515289307,3.021700382232666,13.64,0,1,180,1.148,0.1329,1.0,0.4755,0.0399,0.3,0.1902,0.5301,1.329
82.001,2,NAVIGATE,-3.7466,-0.2577,-2.0852,-1.4551,0.404,1.3417,-1.3,0.604,1.4334,0.0,12.0,12.8175,3.003258228302002,2.9969003200531006,12.14,0,1,180,1.221,0.1378,1.0,0.4778,0.0414,0.3,0.1911,0.5325,1.2434
82.051,2,NAVIGATE,-3.8026,-0.2399,-2.0843,-1.4496,0.4178,1.334,-1.3,0.6178,1.4393,0.0,12.0,12.8169,2.9896068572998047,2.9833691120147705,13.64,0,1,180,1.139,0.1419,1.0,0.4798,0.0426,0.3,0.1919,0.5345,1.1926
82.101,2,NAVIGATE,-3.8669,-0.218,-2.0838,-1.4408,0.4341,1.325,-1.3,0.6341,1.4464,0.0,12.0,12.8153,2.977145195007324,2.971172332763672,12.64,0,1,180,1.084,0.1468,1.0,0.4821,0.044,0.3,0.1929,0.5369,1.1412
82.151,2,NAVIGATE,-3.9207,-0.1994,-2.0833,-1.4331,0.4478,1.3177,-1.3,0.6478,1.4524,0.0,12.0,12.8139,2.9532790184020996,2.943049669265747,14.14,0,1,180,1.053,0.1507,1.0,0.4841,0.0452,0.3,0.1937,0.5389,1.06
82.201,2,NAVIGATE,-3.9861,-0.1768,-2.0842,-1.4246,0.4644,1.3094,-1.2,0.6644,1.3716,0.0,12.0,12.8126,2.938321113586426,2.92793869972229,14.14,0,1,180,1.237,0.1882,1.0,0.4572,0.0564,0.3,0.1829,0.5393,1.1936
82.251,2,NAVIGATE,-4.0412,-0.1576,-2.086,-1.4186,0.4785,1.3027,-1.2,0.6785,1.3785,0.0,12.0,12.8117,2.926758289337158,2.914803981781006,14.64,0,1,180,1.262,0.1925,1.0,0.4595,0.0577,0.3,0.1838,0.5416,1.1694
82.301,2,NAVIGATE,-4.1074,-0.1339,-2.0876,-1.4128,0.4954,1.2952,-1.2,0.6954,1.3869,0.0,12.0,12.8103,2.8981993198394775,2.8849406242370605,14.89,0,1,180,1.176,0.1975,1.0,0.4623,0.0592,0.3,0.1849,0.5442,1.1312
82.351,2,NAVIGATE,-4.1601,-0.1127,-2.0873,-1.4064,0.5101,1.2893,-1.2,0.7101,1.3944,0.0,12.0,12.8071,2.883249044418335,2.867187976837158,16.64,0,1,180,1.172,0.2021,1.0,0.4648,0.0606,0.3,0.1859,0.5465,1.1224
82.401,2,NAVIGATE,-4.2217,-0.0858,-2.0857,-1.3966,0.528,1.2826,-1.1,0.728,1.3191,0.0,12.0,12.8019,2.8680787086486816,2.851350784301758,16.39,0,1,180,1.89,0.2461,1.0,0.4397,0.0738,0.3,0.1759,0.5497,1.0119
82.451,2,NAVIGATE,-4.2733,-0.063,-2.0843,-1.3875,0.5428,1.2771,-1.1,0.7428,1.3273,0.0,12.0,12.7975,2.8380353450775146,2.8184375762939453,17.14,0,1,180,1.796,0.2508,1.0,0.4424,0.0752,0.3,0.177,0.5522,0.976
82.501,2,NAVIGATE,-4.3314,-0.0356,-2.0782,-1.3742,0.5599,1.2709,-1.1,0.7599,1.3369,0.0,12.0,12.7913,2.820760488510132,2.7996490001678467,16.89,0,1,180,1.722,0.2562,1.0,0.4456,0.0769,0.3,0.1783,0.5551,0.9504
82.551,2,NAVIGATE,-4.3795,-0.0124,-2.073,-1.361,0.5741,1.2659,-1.1,0.7741,1.3451,0.0,12.0,12.7859,2.805056095123291,2.78133487701416,18.14,0,1,180,1.765,0.2606,1.0,0.4484,0.0782,0.3,0.1793,0.5575,0.9303
82.601,2,NAVIGATE,-4.4375,0.0161,-2.0674,-1.3438,0.5912,1.2601,-1.1,0.6912,1.2991,0.0,12.0,12.7791,2.7727768421173096,2.7465033531188965,16.89,0,1,180,1.66,0.2049,1.0,0.433,0.0615,0.3,0.1732,0.5347,1.0847
82.651,2,NAVIGATE,-4.4867,0.0358,-2.0666,-1.3297,0.6035,1.2554,-1.1,0.7035,1.3057,0.0,12.0,12.7778,2.7519705295562744,2.7255167961120605,18.64,0,1,180,1.743,0.2087,1.0,0.4352,0.0626,0.3,0.1741,0.5367,1.0786
82.701,2,NAVIGATE,-4.5456,0.0607,-2.0657,-1.3128,0.6189,1.2499,-1.1,0.7189,1.3141,0.0,12.0,12.7754,2.7355875968933105,2.706429958343506,19.14,0,1,180,1.635,0.2134,1.0,0.438,0.064,0.3,0.1752,0.5392,1.0285
82.751,2,NAVIGATE,-4.595,0.0825,-2.065,-1.2998,0.6302,1.2455,-1.0998,0.7302,1.3201,0.0,12.0,12.7726,2.698521137237549,2.6684250831604004,18.89,0,1,180,1.763,0.2164,1.0,0.44,0.0649,0.3,0.176,0.5409,0.9517
82.801,2,NAVIGATE,-4.6453,0.1058,-2.0645,-1.2881,0.6405,1.2411,-1.0881,0.7405,1.3161,0.0,12.0,12.7692,2.677015542984009,2.6440634727478027,18.89,0,1,180,1.71,0.2233,1.0,0.4387,0.067,0.3,0.1755,0.5425,0.9404
82.851,2,NAVIGATE,-4.7054,0.1344,-2.0639,-1.2753,0.6513,1.2361,-1.0753,0.7513,1.3118,0.0,12.0,12.7645,2.6585185527801514,2.62496018409729,18.39,0,1,180,1.748,0.2302,1.0,0.4373,0.0691,0.3,0.1749,0.544,0.9321
82.901,2,NAVIGATE,-4.7553,0.1588,-2.0639,-1.2659,0.6593,1.232,-1.0659,0.7593,1.3087,0.0,12.0,12.7604,2.620598793029785,2.5845816135406494,20.89,0,1,180,1.902,0.2349,1.0,0.4362,0.0705,0.3,0.1745,0.545,0.888
82.951,2,NAVIGATE,-4.8153,0.1879,-2.0664,-1.2559,0.6678,1.2272,-1.0559,0.7678,1.3055,0.0,12.0,12.7559,2.597437858581543,2.5605661869049072,19.89,0,1,180,1.738,0.2393,1.0,0.4352,0.0718,0.3,0.1741,0.5458,0.8725
83.002,2,NAVIGATE,-4.865,0.2128,-2.068,-1.2478,0.6751,1.2233,-1.0478,0.7751,1.3033,0.0,12.0,12.7517,2.57488751411438,2.5392651557922363,20.89,0,1,180,2.01,0.243,1.0,0.4344,0.0729,0.3,0.1738,0.5467,0.8542
83.051,2,NAVIGATE,-4.9139,0.2384,-2.0695,-1.2395,0.6827,1.2193,-1.0395,0.6827,1.2436,0.0,12.0,12.7468,2.5560529232025146,2.517782688140869,19.39,0,1,180,1.809,0.1843,1.0,0.4145,0.0553,0.3,0.1658,0.5211,0.8466
83.101,2,NAVIGATE,-4.9604,0.2654,-2.0714,-1.2299,0.6912,1.2154,-1.0299,0.6912,1.2404,0.0,12.0,12.7399,2.513252019882202,2.4710211753845215,20.39,0,1,180,1.711,0.19,1.0,0.4135,0.057,0.3,0.1654,0.5224,0.7974
83.152,2,NAVIGATE,-5.0069,0.2928,-2.0728,-1.2202,0.7003,1.2117,-1.0202,0.7003,1.2375,0.0,12.0,12.733,2.489929437637329,2.449838876724243,21.14,0,1,180,1.8,0.1961,1.0,0.4125,0.0588,0.3,0.165,0.5238,0.7847
83.201,2,NAVIGATE,-5.0641,0.3265,-2.0736,-1.2093,0.7093,1.2072,-1.0093,0.7093,1.2336,0.0,12.0,12.7246,2.4704723358154297,2.4260411262512207,19.14,0,1,180,1.733,0.2019,1.0,0.4112,0.0606,0.3,0.1645,0.525,0.7733
83.251,2,NAVIGATE,-5.1135,0.3558,-2.0736,-1.2008,0.7154,1.2034,-1.0008,0.6154,1.1749,0.0,12.0,12.7175,2.4244906902313232,2.377446413040161,19.64,0,1,180,1.724,0.1371,1.0,0.3916,0.0411,0.3,0.1567,0.4978,0.7274
83.301,2,NAVIGATE,-5.1722,0.3912,-2.0732,-1.1904,0.7211,1.1988,-0.9904,0.6211,1.169,0.0,12.0,12.7089,2.4012510776519775,2.3550126552581787,21.9,0,1,180,1.715,0.1405,1.0,0.3897,0.0421,0.3,0.1559,0.498,0.7188
83.351,2,NAVIGATE,-5.2195,0.4207,-2.0746,-1.1809,0.7249,1.1949,-0.9809,0.6249,1.163,0.0,12.0,12.7013,2.3798139095306396,2.331667184829712,20.39,0,1,180,1.714,0.1432,1.0,0.3877,0.043,0.3,0.1551,0.498,0.7093
83.401,2,NAVIGATE,-5.2742,0.456,-2.079,-1.1687,0.7261,1.1903,-0.9687,0.6261,1.1534,0.0,12.0,12.6918,2.3330790996551514,2.2816059589385986,21.39,0,1,180,1.912,0.1447,1.0,0.3845,0.0434,0.3,0.1538,0.4972,0.6704
83.451,2,NAVIGATE,-5.3285,0.4912,-2.0824,-1.1565,0.7245,1.1856,-0.9565,0.6245,1.1423,0.0,12.0,12.6825,2.3105998039245605,2.259521484375,20.89,0,1,180,1.768,0.1443,1.0,0.3808,0.0433,0.3,0.1523,0.4956,0.6676
83.502,2,NAVIGATE,-5.3742,0.5227,-2.0847,-1.1466,0.7232,1.1817,-0.9466,0.6232,1.1334,0.0,12.0,12.6732,2.2874202728271484,2.2368767261505127,22.4,0,1,180,2.046,0.1438,1.0,0.3778,0.0431,0.3,0.1511,0.4943,0.6603
83.551,2,NAVIGATE,-5.4292,0.5618,-2.0868,-1.1351,0.7217,1.1771,-0.9351,0.5217,1.0708,0.0,12.0,12.6613,2.2403945922851562,2.187234401702881,21.39,0,1,180,1.727,0.0657,1.0,0.3569,0.0197,0.3,0.1428,0.4625,0.6251
83.601,2,NAVIGATE,-5.4745,0.5937,-2.088,-1.1254,0.7201,1.1733,-0.9254,0.5201,1.0616,0.0,12.0,12.652,2.219576358795166,2.1644556522369385,21.9,0,1,180,1.717,0.0645,1.0,0.3539,0.0193,0.3,0.1415,0.4609,0.6164
83.652,2,NAVIGATE,-5.5266,0.6302,-2.0845,-1.1128,0.7173,1.1686,-0.9128,0.6173,1.102,0.0,12.0,12.6418,2.197385311126709,2.1418871879577637,23.4,0,1,180,1.923,0.1417,1.0,0.3673,0.0425,0.3,0.1469,0.4894,0.6151
83.701,2,NAVIGATE,-5.5694,0.6601,-2.0809,-1.1023,0.7128,1.1645,-0.9023,0.5128,1.0378,0.0,12.0,12.6338,2.149182081222534,2.093410015106201,22.15,0,1,180,1.733,0.0602,1.0,0.3459,0.0181,0.3,0.1384,0.4564,0.5792
83.751,2,NAVIGATE,-5.6205,0.6954,-2.0767,-1.0899,0.7048,1.1595,-0.8899,0.5048,1.0231,0.0,12.0,12.6247,2.1293258666992188,2.0696983337402344,24.4,0,1,180,1.762,0.0546,1.0,0.341,0.0164,0.3,0.1364,0.4528,0.58
83.801,2,NAVIGATE,-5.6576,0.7237,-2.0707,-1.0776,0.6983,1.1551,-0.8776,0.5983,1.0621,0.0,12.0,12.616,2.108874797821045,2.0480332374572754,23.15,0,1,180,1.967,0.133,1.0,0.354,0.0399,0.3,0.1416,0.4815,0.5756
83.851,2,NAVIGATE,-5.7026,0.7572,-2.064,-1.0633,0.6893,1.1497,-0.8633,0.5893,1.0452,0.0,12.0,12.6064,2.0624425411224365,2.0012359619140625,24.15,0,1,180,1.704,0.1292,1.0,0.3484,0.0388,0.3,0.1394,0.4781,0.5526
83.902,2,NAVIGATE,-5.7401,0.785,-2.0589,-1.0515,0.6807,1.1453,-0.8515,0.5807,1.0306,0.0,12.0,12.5986,2.041003704071045,1.9791326522827148,23.15,0,1,180,1.792,0.1251,1.0,0.3435,0.0375,0.3,0.1374,0.475,0.5527
83.951,2,NAVIGATE,-5.7774,0.8136,-2.0539,-1.0393,0.6739,1.1409,-0.8393,0.5739,1.0167,0.0,12.0,12.5902,2.020491361618042,1.95697021484375,22.9,0,1,180,1.738,0.1228,1.0,0.3389,0.0368,0.3,0.1356,0.4724,0.5545
84.001,2,NAVIGATE,-5.8222,0.8473,-2.0485,-1.025,0.6679,1.1359,-0.825,0.5679,1.0016,0.0,12.0,12.581,1.9767913818359375,1.9098559617996216,24.15,0,1,180,1.815,0.1214,1.0,0.3339,0.0364,0.3,0.1335,0.47,0.5313
84.051,2,NAVIGATE,-5.8588,0.8748,-2.0445,-1.0131,0.6641,1.1318,-0.8131,0.5641,0.9896,0.0,12.0,12.5736,1.9570502042770386,1.8895432949066162,24.9,0,1,180,1.762,0.1215,1.0,0.3299,0.0364,0.3,0.1319,0.4684,0.5332
84.101,2,NAVIGATE,-5.8994,0.9068,-2.0407,-0.9981,0.6596,1.1267,-0.7981,0.6596,1.0354,0.0,12.0,12.5643,1.9348644018173218,1.8673746585845947,24.9,0,1,180,1.622,0.2005,1.0,0.3451,0.0602,0.3,0.1381,0.4982,0.5447
84.151,2,NAVIGATE,-5.9335,0.9332,-2.0378,-0.9861,0.6563,1.1225,-0.7861,0.5563,0.963,0.0,12.0,12.5571,1.8923003673553467,1.8226017951965332,25.9,0,1,180,1.734,0.1234,1.0,0.321,0.037,0.3,0.1284,0.4654,0.5168
84.201,2,NAVIGATE,-5.9757,0.9647,-2.0362,-0.9725,0.6522,1.1174,-0.7725,0.6522,1.011,0.0,12.0,12.5494,1.8737789392471313,1.8027653694152832,26.15,0,1,180,1.642,0.2035,1.0,0.337,0.061,0.3,0.1348,0.4958,0.5263
84.251,2,NAVIGATE,-6.0124,0.9906,-2.0372,-0.9617,0.6508,1.1132,-0.7617,0.6508,1.0019,0.0,12.0,12.5441,1.8529239892959595,1.7803013324737549,26.65,0,1,180,1.71,0.2057,1.0,0.334,0.0617,0.3,0.1336,0.4953,0.5252
84.301,2,NAVIGATE,-6.049,1.0165,-2.0381,-0.9512,0.6487,1.1091,-0.7512,0.6487,0.9926,0.0,12.0,12.539,1.8336530923843384,1.7590901851654053,25.65,0,1,180,1.969,0.2074,1.0,0.3309,0.0622,0.3,0.1323,0.4945,0.5253
84.351,2,NAVIGATE,-6.0858,1.0429,-2.0384,-0.9409,0.6482,1.1052,-0.7409,0.6482,0.9844,0.0,12.0,12.5338,1.7911193370819092,1.7154009342193604,26.15,0,1,180,1.772,0.2102,1.0,0.3281,0.063,0.3,0.1313,0.4943,0.498
84.401,2,NAVIGATE,-6.1306,1.0755,-2.0379,-0.9288,0.65,1.1004,-0.7288,0.65,0.9765,0.0,12.0,12.5272,1.7694172859191895,1.6947765350341797,27.15,0,1,180,1.835,0.2152,1.0,0.3255,0.0646,0.3,0.1302,0.4948,0.5021
84.451,2,NAVIGATE,-6.1749,1.1079,-2.0373,-0.9165,0.6529,1.0957,-0.7165,0.6529,0.9693,0.0,12.0,12.5206,1.7493788003921509,1.6729059219360352,25.9,0,1,180,1.692,0.2214,1.0,0.3231,0.0664,0.3,0.1292,0.4957,0.5042
84.502,2,NAVIGATE,-6.2125,1.1345,-2.0376,-0.9063,0.6553,1.0918,-0.7063,0.6553,0.9635,0.0,12.0,12.5162,1.7083430290222168,1.6286792755126953,26.65,0,1,180,1.984,0.2266,1.0,0.3212,0.068,0.3,0.1285,0.4964,0.4764
84.551,2,NAVIGATE,-6.2502,1.1608,-2.0383,-0.8961,0.6576,1.0879,-0.6961,0.6576,0.9576,0.0,12.0,12.5122,1.687361478805542,1.6091383695602417,25.9,0,1,180,1.857,0.2318,1.0,0.3192,0.0695,0.3,0.1277,0.4972,0.4763
84.601,2,NAVIGATE,-6.2947,1.1924,-2.0388,-0.8837,0.6603,1.0831,-0.6837,0.6603,0.9505,0.0,12.0,12.5071,1.6670087575912476,1.5878431797027588,25.15,0,1,180,1.693,0.2383,1.0,0.3168,0.0715,0.3,0.1267,0.4982,0.4822
84.651,2,NAVIGATE,-6.332,1.219,-2.0391,-0.8735,0.6624,1.0791,-0.6735,0.6624,0.9446,0.0,12.0,12.503,1.620344638824463,1.5470774173736572,23.4,0,1,180,1.85,0.2436,1.0,0.3149,0.0731,0.3,0.126,0.499,0.4562
84.701,2,NAVIGATE,-6.3692,1.2457,-2.0391,-0.8632,0.6643,1.075,-0.6632,0.6643,0.9387,0.0,12.0,12.4988,1.5999641418457031,1.5262582302093506,22.65,0,1,180,1.821,0.2489,1.0,0.3129,0.0747,0.3,0.1252,0.4998,0.4583
84.751,2,NAVIGATE,-6.4128,1.2778,-2.0389,-0.8507,0.6665,1.0703,-0.6507,0.6665,0.9314,0.0,12.0,12.4936,1.580171823501587,1.5087844133377075,21.9,0,1,180,1.699,0.2555,1.0,0.3105,0.0766,0.3,0.1242,0.5008,0.4651
84.801,2,NAVIGATE,-6.4474,1.3069,-2.0392,-0.8391,0.6695,1.0665,-0.6391,0.6695,0.9256,0.0,12.0,12.4864,1.5353654623031616,1.4708253145217896,19.89,0,1,180,1.807,0.2629,1.0,0.3085,0.0789,0.3,0.1234,0.5023,0.4501
84.851,2,NAVIGATE,-6.4878,1.3422,-2.0393,-0.8248,0.6734,1.0621,-0.6248,0.6734,0.9186,0.0,12.0,12.4771,1.5154739618301392,1.455011010169983,18.64,0,1,180,1.662,0.2725,1.0,0.3062,0.0817,0.3,0.1225,0.5042,0.4641
84.901,2,NAVIGATE,-6.5274,1.3773,-2.0392,-0.8106,0.677,1.0578,-0.6106,0.677,0.9117,0.0,12.0,12.4679,1.493135690689087,1.4378173351287842,17.64,0,1,180,1.694,0.282,1.0,0.3039,0.0846,0.3,0.1216,0.5062,0.4781
84.951,2,NAVIGATE,-6.56,1.4066,-2.0351,-0.7992,0.6796,1.0542,-0.5992,0.6796,0.9061,0.0,12.0,12.46,1.4480044841766357,1.4044095277786255,15.64,0,1,180,1.655,0.2896,1.0,0.302,0.0869,0.3,0.1208,0.5077,0.4636
85.001,2,NAVIGATE,-6.5985,1.4416,-2.0305,-0.7857,0.6825,1.0496,-0.5857,0.6825,0.8994,0.0,12.0,12.4507,1.4249193668365479,1.3875017166137695,14.64,0,1,180,1.819,0.2985,1.0,0.2998,0.0895,0.3,0.1199,0.5095,0.4763
85.051,2,NAVIGATE,-6.6296,1.4705,-2.0269,-0.7741,0.6849,1.0459,-0.5741,0.7849,0.9724,0.0,12.0,12.4427,1.4051508903503418,1.3738640546798706,13.64,0,1,180,1.746,0.3685,1.0,0.3241,0.1105,0.3,0.1297,0.5402,0.4818
85.101,2,NAVIGATE,-6.6586,1.4996,-2.0231,-0.7616,0.6869,1.0421,-0.5616,0.7869,0.9668,0.0,12.0,12.4337,1.3562968969345093,1.3420573472976685,11.39,0,1,180,1.584,0.3763,1.0,0.3223,0.1129,0.3,0.1289,0.5418,0.4729
85.151,2,NAVIGATE,-6.6931,1.5342,-2.0191,-0.7468,0.689,1.0376,-0.5468,0.789,0.96,0.0,12.0,12.423,1.3361839056015015,1.3324782848358154,10.13,0,1,180,1.651,0.3855,1.0,0.32,0.1156,0.3,0.128,0.5436,0.4903
85.201,2,NAVIGATE,-6.7273,1.5686,-2.016,-0.7319,0.6935,1.033,-0.5319,0.7935,0.9553,0.0,12.0,12.4126,1.3197888135910034,1.3197888135910034,8.88,0,1,180,1.715,0.3963,1.0,0.3184,0.1189,0.3,0.1274,0.5463,0.5088
85.251,2,NAVIGATE,-6.7502,1.5914,-2.0147,-0.722,0.6979,1.03,-0.522,0.7979,0.9534,0.0,12.0,12.4058,1.3062955141067505,1.3062955141067505,7.88,0,1,180,1.709,0.4042,1.0,0.3178,0.1213,0.3,0.1271,0.5484,0.5121
85.301,2,NAVIGATE,-6.7839,1.6258,-2.013,-0.7072,0.706,1.0256,-0.5072,0.806,0.9523,0.0,12.0,12.3954,1.2832467555999756,1.2832467555999756,5.38,0,1,180,1.749,0.4169,1.0,0.3174,0.1251,0.3,0.127,0.552,0.5119
85.351,2,NAVIGATE,-6.8172,1.6599,-2.0098,-0.6928,0.7151,1.0213,-0.4928,0.8151,0.9525,0.0,12.0,12.3851,1.2727378606796265,1.2727378606796265,4.38,0,1,180,1.641,0.4297,1.0,0.3175,0.1289,0.3,0.127,0.5559,0.5286
85.401,2,NAVIGATE,-6.8447,1.6878,-2.0046,-0.6812,0.7226,1.0177,-0.4812,0.8226,0.953,0.0,12.0,12.3771,1.2625336647033691,1.2625336647033691,2.88,0,1,180,1.602,0.4399,1.0,0.3177,0.132,0.3,0.1271,0.559,0.5379
85.451,2,NAVIGATE,-6.8718,1.716,-2.0,-0.6695,0.7302,1.0143,-0.4695,0.8302,0.9538,0.0,12.0,12.3686,1.242798924446106,1.242798924446106,0.63,0,1,180,1.76,0.4502,1.0,0.3179,0.1351,0.3,0.1272,0.5622,0.5381
85.501,2,NAVIGATE,-6.8986,1.7441,-1.9949,-0.658,0.7376,1.0108,-0.458,0.8376,0.9547,0.0,12.0,12.3602,1.2353476285934448,1.2353476285934448,-0.88,0,1,180,1.619,0.4603,1.0,0.3182,0.1381,0.3,0.1273,0.5654,0.5519
85.551,2,NAVIGATE,-6.9303,1.7774,-1.9878,-0.6442,0.7462,1.0066,-0.4442,0.9462,1.0453,0.0,12.0,12.3504,1.224502444267273,1.224502444267273,-2.13,0,1,180,1.724,0.5108,1.0,0.3559,0.1532,0.3,0.1424,0.5956,0.5585
85.601,2,NAVIGATE,-6.9511,1.7999,-1.9838,-0.6349,0.7519,1.0038,-0.4349,0.9519,1.0466,0.0,12.0,12.3434,1.215736985206604,1.215736985206604,-3.38,0,1,180,1.566,0.5176,1.0,0.3611,0.1553,0.3,0.1445,0.5997,0.5665
85.651,2,NAVIGATE,-6.9818,1.8344,-1.9773,-0.6204,0.7602,0.9996,-0.4204,0.9602,1.0482,0.0,12.0,12.3323,1.2019014358520508,1.2019014358520508,-6.13,0,1,180,1.633,0.528,1.0,0.369,0.1584,0.3,0.1476,0.606,0.5736
85.701,2,NAVIGATE,-7.0118,1.8696,-1.9694,-0.6049,0.7714,0.9955,-0.4049,0.9714,1.0524,0.0,12.0,12.3203,1.1950112581253052,1.1950112581253052,-7.63,0,1,180,1.697,0.54,1.0,0.3789,0.162,0.3,0.1515,0.6135,0.5941
85.751,2,NAVIGATE,-7.0362,1.8995,-1.964,-0.5919,0.7828,0.9921,-0.3919,0.9828,1.058,0.0,12.0,12.3097,1.1837809085845947,1.181594967842102,-10.38,0,1,180,1.795,0.5505,1.0,0.3883,0.1651,0.3,0.1553,0.6205,0.6026
85.801,2,NAVIGATE,-7.0628,1.9361,-1.9603,-0.5755,0.7982,0.9882,-0.3755,0.9982,1.0665,0.0,12.0,12.2949,1.2088836431503296,1.175209641456604,-11.64,0,1,180,1.648,0.5639,1.0,0.4009,0.1692,0.3,0.1604,0.6295,0.6279
85.851,2,NAVIGATE,-7.087,1.9735,-1.959,-0.5586,0.8146,0.9844,-0.3586,1.0146,1.0761,0.0,12.0,12.2783,1.2329182624816895,1.1699138879776,-13.14,0,1,180,1.653,0.5776,1.0,0.4144,0.1733,0.3,0.1658,0.639,0.6552
85.901,2,NAVIGATE,-7.107,2.0054,-1.9585,-0.5449,0.8286,0.9813,-0.3449,1.0286,1.0849,0.0,12.0,12.2638,1.279919147491455,1.163478970527649,-16.14,0,1,180,1.758,0.5885,1.0,0.4256,0.1765,0.3,0.1702,0.6468,0.6682
85.951,2,NAVIGATE,-7.1272,2.0387,-1.958,-0.5318,0.8429,0.9782,-0.3318,1.0429,1.0944,0.0,12.0,12.2484,7.815970420837402,1.1557589769363403,-17.39,0,1,180,1.761,0.5985,1.0,0.4367,0.1796,0.3,0.1747,0.6542,0.6844
86.002,2,NAVIGATE,-7.1512,2.0796,-1.958,-0.5164,0.8599,0.9746,-0.3164,1.0599,1.1062,0.0,12.0,12.2292,7.806714057922363,1.1521342992782593,-19.14,0,1,180,2.216,0.61,1.0,0.4499,0.183,0.3,0.1799,0.663,0.7082
86.051,2,NAVIGATE,-7.1707,2.1143,-1.9584,-0.5036,0.874,0.9717,-0.3036,1.074,1.1161,0.0,12.0,12.2126,7.7858734130859375,1.1461124420166016,-20.64,0,1,180,1.699,0.6192,1.0,0.4607,0.1858,0.3,0.1843,0.67,0.7315
86.101,2,NAVIGATE,-7.1932,2.1579,-1.9621,-0.488,0.8912,0.9682,-0.288,1.0912,1.1286,0.0,12.0,12.1906,7.763367176055908,1.1448578834533691,-23.4,0,1,180,1.77,0.63,1.0,0.474,0.189,0.3,0.1896,0.6786,0.7446
86.151,2,NAVIGATE,-7.215,2.2023,-1.9663,-0.4723,0.9083,0.9647,-0.2723,1.1083,1.1412,0.0,12.0,12.1676,7.752145290374756,1.1404145956039429,-25.15,0,1,180,1.744,0.6405,1.0,0.4873,0.1922,0.3,0.1949,0.6871,0.7712
86.202,2,NAVIGATE,-7.2325,2.2403,-1.9697,-0.459,0.9227,0.9618,-0.259,1.1227,1.1522,0.0,12.0,12.1475,7.719240665435791,1.1379938125610352,-28.4,0,1,180,2.16,0.649,1.0,0.4985,0.1947,0.3,0.1994,0.6941,0.7881
86.251,2,NAVIGATE,-7.252,2.2884,-1.9734,-0.4426,0.941,0.9587,-0.2426,1.141,1.1665,0.0,12.0,12.1205,7.715362071990967,1.1392573118209839,-29.9,0,1,180,1.719,0.6593,1.0,0.5127,0.1978,0.3,0.2051,0.7029,0.8144
86.301,2,NAVIGATE,-7.2678,2.3288,-1.9764,-0.429,0.9561,0.9561,-0.229,1.1561,1.1786,0.0,12.0,12.0976,7.685794830322266,1.138377070426941,-31.65,0,1,180,1.867,0.6675,1.0,0.5244,0.2002,0.3,0.2098,0.71,0.8138
86.351,2,NAVIGATE,-7.2831,2.3694,-1.9788,-0.4155,0.9709,0.9537,-0.2155,1.1709,1.1906,0.0,12.0,12.0744,7.658039093017578,1.1406419277191162,-34.66,0,1,180,1.735,0.6752,1.0,0.536,0.2026,0.3,0.2144,0.717,0.8259
86.401,2,NAVIGATE,-7.3,2.4175,-1.9799,-0.3992,0.9879,0.9506,-0.1992,1.1879,1.2045,0.0,12.0,12.0464,7.650111675262451,1.143259882926941,-36.16,0,1,180,1.745,0.6843,1.0,0.5495,0.2053,0.3,0.2198,0.7251,0.8318
86.452,2,NAVIGATE,-7.3166,2.4662,-1.9811,-0.3829,1.0049,0.9473,-0.1829,1.2049,1.2187,0.0,12.0,12.0177,7.625674247741699,1.1462408304214478,-38.41,0,1,180,1.849,0.6929,1.0,0.563,0.2079,0.3,0.2252,0.7331,0.8427
86.501,2,NAVIGATE,-7.3305,2.5073,-1.9819,-0.3696,1.0188,0.9445,-0.1696,1.2188,1.2305,0.0,12.0,11.9937,7.594392776489258,1.1540013551712036,-41.41,0,1,180,1.871,0.6997,1.0,0.574,0.2099,0.3,0.2296,0.7395,0.8589
86.551,2,NAVIGATE,-7.3474,2.557,-1.9828,-0.3537,1.0353,0.941,-0.1537,1.2353,1.2448,0.0,12.0,11.9647,7.5742902755737305,1.159144401550293,-42.91,0,1,180,1.752,0.7074,1.0,0.587,0.2122,0.3,0.2348,0.747,0.8678
86.602,2,NAVIGATE,-7.3636,2.6075,-1.9837,-0.3377,1.052,0.9375,-0.1377,1.252,1.2595,0.0,12.0,11.9349,7.5715508460998535,1.163974642753601,-44.92,0,1,180,1.994,0.7148,1.0,0.6002,0.2144,0.3,0.2401,0.7545,0.8787
86.651,2,NAVIGATE,-7.3773,2.651,-1.9854,-0.3245,1.0666,0.9347,-0.1245,1.2666,1.2727,0.0,12.0,11.9092,7.524042129516602,1.1756306886672974,-47.92,0,1,180,1.693,0.7207,1.0,0.6114,0.2162,0.3,0.2446,0.7608,0.8973
86.701,2,NAVIGATE,-7.3931,2.7041,-1.9875,-0.3086,1.0842,0.9313,-0.1086,1.2842,1.2888,0.0,12.0,11.8774,7.493090629577637,1.1833748817443848,-49.42,0,1,180,1.641,0.7274,1.0,0.625,0.2182,0.3,0.25,0.7682,0.9046
86.752,2,NAVIGATE,-7.4057,2.7487,-1.9891,-0.2952,1.0991,0.9284,-0.0952,1.2991,1.3025,0.0,12.0,11.8503,7.484952449798584,1.1914523839950562,-50.42,0,1,180,2.074,0.7329,1.0,0.6364,0.2199,0.3,0.2546,0.7744,0.9134
86.801,2,NAVIGATE,-7.4181,2.7946,-1.9913,-0.2819,1.1143,0.9255,-0.0819,1.3143,1.3168,0.0,12.0,11.8223,7.447035789489746,1.2108930349349976,-53.92,0,1,180,1.899,0.7381,1.0,0.648,0.2214,0.3,0.2592,0.7806,0.9377
86.851,2,NAVIGATE,-7.4323,2.8505,-1.9938,-0.2657,1.1326,0.9219,-0.0657,1.3326,1.3342,0.0,12.0,11.7878,7.413906574249268,1.2194995880126953,-54.43,0,1,180,1.683,0.7442,1.0,0.6619,0.2233,0.3,0.2648,0.788,0.9482
86.901,2,NAVIGATE,-7.4455,2.9069,-1.9961,-0.2495,1.1507,0.9183,-0.0495,1.3507,1.3516,0.0,12.0,11.7524,7.400961399078369,1.2293521165847778,-53.67,0,1,180,1.726,0.75,1.0,0.6758,0.225,0.3,0.2703,0.7953,0.9594
86.951,2,NAVIGATE,-7.4531,2.9453,-1.9971,-0.2381,1.1627,0.9158,-0.0381,1.3627,1.3632,0.0,12.0,11.7276,7.358935356140137,1.246451735496521,-52.67,0,1,180,1.803,0.754,1.0,0.6853,0.2262,0.3,0.2741,0.8003,0.9843
87.001,2,NAVIGATE,-7.4639,3.0033,-1.9984,-0.221,1.1806,0.9122,-0.021,1.3806,1.3808,0.0,12.0,11.6898,7.326435565948486,1.2555029392242432,-54.68,0,1,180,1.944,0.7598,1.0,0.6994,0.2279,0.3,0.2798,0.8077,0.9989
87.051,2,NAVIGATE,-7.4731,3.0625,-1.9991,-0.2036,1.1989,0.9085,-0.0036,1.3989,1.3989,0.0,12.0,11.6502,7.309549331665039,1.2658991813659668,-55.68,0,1,180,1.696,0.7655,1.0,0.7139,0.2296,0.3,0.2856,0.8152,1.0143
87.101,2,NAVIGATE,-7.4774,3.115,-1.9973,-0.188,1.2152,0.9053,0.012,1.4152,1.4152,0.0,12.0,11.6127,7.261443138122559,1.283629059791565,-58.43,0,1,180,1.634,0.7705,1.0,0.727,0.2312,0.3,0.2908,0.822,1.0471
87.152,2,NAVIGATE,-7.4814,3.1676,-1.9958,-0.1726,1.2313,0.902,0.0274,1.4313,1.4316,0.0,12.0,11.5751,7.232204437255859,1.2981630563735962,-60.93,0,1,180,1.802,0.7753,1.0,0.7399,0.2326,0.3,0.296,0.8285,1.0663
87.202,2,NAVIGATE,-7.4868,3.2314,-1.9943,-0.1547,1.2507,0.898,0.0453,1.4507,1.4514,0.0,12.0,11.53,7.214502334594727,1.309954285621643,-61.68,0,1,180,2.314,0.7804,1.0,0.7551,0.2341,0.3,0.302,0.8362,1.0827
87.252,2,NAVIGATE,-7.494,3.2868,-1.9933,-0.1411,1.2676,0.8946,0.0589,1.4676,1.4688,0.0,12.0,11.4926,7.203142166137695,1.3235390186309814,-63.43,0,1,180,1.766,0.7837,1.0,0.7674,0.2351,0.3,0.307,0.8421,1.1065
87.302,2,NAVIGATE,-7.5017,3.3534,-1.9924,-0.1249,1.2875,0.8906,0.0751,1.4875,1.4894,0.0,12.0,11.4473,7.13018274307251,1.351822018623352,-66.44,0,1,180,1.943,0.7874,1.0,0.7819,0.2362,0.3,0.3128,0.849,1.1456
87.351,2,NAVIGATE,-7.506,3.41,-1.9912,-0.1107,1.3044,0.8872,0.0893,1.4044,1.4072,0.0,12.0,11.4074,7.111821174621582,1.3696154356002808,-67.94,0,1,180,1.78,0.7933,1.0,0.7442,0.238,0.3,0.2977,0.8357,1.1746
87.401,2,NAVIGATE,-7.5078,3.4683,-1.9893,-0.0956,1.3215,0.8839,0.1044,1.4215,1.4253,0.0,12.0,11.3648,7.074929714202881,1.385991096496582,-69.44,0,1,180,1.688,0.7971,1.0,0.7574,0.2391,0.3,0.303,0.8421,1.1964
87.451,2,NAVIGATE,-7.5093,3.5265,-1.9877,-0.0805,1.3389,0.8807,0.1195,1.4389,1.4438,0.0,12.0,11.3221,7.024167537689209,1.4218677282333374,-72.44,0,1,180,1.746,0.8007,1.0,0.7707,0.2402,0.3,0.3083,0.8485,1.2366
87.501,2,NAVIGATE,-7.5103,3.5974,-1.9853,-0.0626,1.3577,0.8769,0.1374,1.4577,1.4641,0.0,12.0,11.2698,6.994561672210693,1.4423871040344238,-73.69,0,1,180,1.722,0.8048,1.0,0.7856,0.2415,0.3,0.3142,0.8557,1.2583
87.551,2,NAVIGATE,-7.5104,3.6579,-1.9821,-0.0474,1.3718,0.8738,0.1526,1.4718,1.4796,0.0,12.0,11.2248,6.9725470542907715,1.4616243839263916,-75.19,0,1,180,1.668,0.8082,1.0,0.7972,0.2425,0.3,0.3189,0.8614,1.2838
87.601,2,NAVIGATE,-7.5102,3.7183,-1.9796,-0.0323,1.384,0.8706,0.1677,1.484,1.4934,0.0,12.0,11.1799,6.932022571563721,1.4830591678619385,-76.45,0,1,180,1.655,0.8115,1.0,0.808,0.2435,0.3,0.3232,0.8666,1.301
87.651,2,NAVIGATE,-7.5093,3.7917,-1.9779,-0.014,1.3978,0.8666,0.186,1.3978,1.4101,0.0,12.0,11.125,6.878450870513916,1.5301170349121094,-79.2,0,1,180,1.635,0.8204,1.0,0.7713,0.2461,0.3,0.3085,0.8546,1.3022
87.701,2,NAVIGATE,-7.5078,3.8548,-1.978,0.0015,1.4097,0.8631,0.2015,1.4097,1.424,0.0,12.0,11.0775,6.845993518829346,1.5575352907180786,-80.7,0,1,180,1.11,0.8238,1.0,0.7821,0.2471,0.3,0.3128,0.86,1.303
87.751,2,NAVIGATE,-7.5055,3.93,-1.9784,0.02,1.4237,0.8589,0.22,1.4237,1.4406,0.0,12.0,11.0208,6.823418617248535,1.5640835762023926,130.0,0,1,180,1.178,0.8277,1.0,0.7949,0.2483,0.3,0.318,0.8663,1.3071
87.8,2,NAVIGATE,-7.5028,3.9922,-1.9819,0.0353,1.4334,0.8554,0.2353,1.4334,1.4525,0.0,12.0,10.9735,6.757907390594482,1.5633443593978882,130.75,0,1,180,1.025,0.8309,1.0,0.8046,0.2493,0.3,0.3218,0.8711,1.3112
87.85,2,NAVIGATE,-7.4987,4.0662,-1.988,0.0536,1.4424,0.8513,0.2536,1.4424,1.4645,0.0,12.0,10.9167,6.727602481842041,1.5631810426712036,132.25,0,1,180,1.04,0.8347,1.0,0.815,0.2504,0.3,0.326,0.8764,1.3134
87.901,2,NAVIGATE,-7.4948,4.1277,-1.9927,0.0687,1.4482,0.8479,0.2687,1.4482,1.4729,0.0,12.0,10.8694,6.688169479370117,1.5645475387573242,132.0,0,1,180,1.285,0.8379,1.0,0.8227,0.2514,0.3,0.3291,0.8805,1.3181
87.951,2,NAVIGATE,-7.4896,4.2021,-1.9976,0.0866,1.4543,0.8438,0.2866,1.4543,1.4823,0.0,12.0,10.8121,6.631514549255371,1.5685303211212158,133.25,0,1,180,1.096,0.8415,1.0,0.8316,0.2525,0.3,0.3326,0.8851,1.3248
88.001,2,NAVIGATE,-7.4849,4.2642,-2.0011,0.1015,1.4591,0.8404,0.3015,1.4591,1.4899,0.0,12.0,10.7641,6.596124172210693,1.5690791606903076,131.25,0,1,180,1.121,0.8445,1.0,0.8388,0.2533,0.3,0.3355,0.8889,1.3295
88.051,2,NAVIGATE,-7.4797,4.326,-2.0043,0.1163,1.4636,0.8369,0.3163,1.4636,1.4974,0.0,12.0,10.7162,6.574367046356201,1.5715998411178589,132.25,0,1,180,1.182,0.8474,1.0,0.846,0.2542,0.3,0.3384,0.8926,1.3326
88.101,2,NAVIGATE,-7.4754,4.3994,-2.0042,0.1334,1.469,0.8327,0.3334,1.369,1.409,0.0,12.0,10.6607,6.5033769607543945,1.5779733657836914,131.25,0,1,180,1.107,0.8586,1.0,0.8065,0.2576,0.3,0.3226,0.8802,1.3426
88.151,2,NAVIGATE,-7.4719,4.4603,-2.0028,0.1475,1.4735,0.8291,0.3475,1.3735,1.4168,0.0,12.0,10.6149,6.476195335388184,1.5805190801620483,133.25,0,1,180,1.55,0.8612,1.0,0.8135,0.2584,0.3,0.3254,0.8838,1.3498
88.201,2,NAVIGATE,-7.4668,4.5333,-2.0013,0.1646,1.4792,0.8247,0.3646,1.3792,1.4266,0.0,12.0,10.5596,6.457099914550781,1.5846742391586304,132.0,0,1,180,1.088,0.8643,1.0,0.822,0.2593,0.3,0.3288,0.8881,1.3568
88.251,2,NAVIGATE,-7.461,4.5961,-2.0044,0.1792,1.483,0.821,0.3792,1.383,1.434,0.0,12.0,10.5112,6.41253662109375,1.593860387802124,133.25,0,1,180,1.061,0.867,1.0,0.8289,0.2601,0.3,0.3316,0.8917,1.369
88.301,2,NAVIGATE,-7.4532,4.671,-2.0077,0.1967,1.485,0.8165,0.3967,1.385,1.4407,0.0,12.0,10.453,6.390650272369385,1.599794626235962,131.75,0,1,180,1.088,0.8704,1.0,0.836,0.2611,0.3,0.3344,0.8955,1.3774
88.351,2,NAVIGATE,-7.4459,4.733,-2.0101,0.2115,1.485,0.8127,0.4115,1.385,1.4448,0.0,12.0,10.4044,6.369067668914795,1.6045794486999512,132.75,0,1,180,1.323,0.8734,1.0,0.8412,0.262,0.3,0.3365,0.8985,1.3861
88.401,2,NAVIGATE,-7.4389,4.793,-2.0141,0.2258,1.4832,0.8088,0.4258,1.3832,1.4473,0.0,12.0,10.3575,6.32271146774292,1.6176013946533203,133.0,0,1,180,1.201,0.8763,1.0,0.8456,0.2629,0.3,0.3382,0.9011,1.4038
88.451,2,NAVIGATE,-7.4312,4.8528,-2.0175,0.2403,1.4809,0.8049,0.4403,1.3809,1.4494,0.0,12.0,10.3104,6.300232410430908,1.6239452362060547,131.75,0,1,180,1.141,0.8794,1.0,0.8498,0.2638,0.3,0.3399,0.9037,1.4116
88.5,2,NAVIGATE,-7.4205,4.9239,-2.0216,0.2579,1.4777,0.7999,0.4579,1.3777,1.4518,0.0,12.0,10.2535,6.277317523956299,1.6306706666946411,132.5,0,1,180,1.036,0.8832,1.0,0.8548,0.2649,0.3,0.3419,0.9069,1.4219
88.551,2,NAVIGATE,-7.4092,4.9815,-2.0265,0.273,1.4741,0.7958,0.473,1.3741,1.4532,0.0,12.0,10.2057,6.2546772956848145,1.6383235454559326,133.5,0,1,180,1.136,0.8865,1.0,0.8589,0.266,0.3,0.3436,0.9095,1.4327
88.601,2,NAVIGATE,-7.395,5.0505,-2.0314,0.2909,1.4702,0.7908,0.4909,1.3702,1.4554,0.0,12.0,10.148,6.204999923706055,1.65584397315979,134.25,0,1,180,1.076,0.8905,1.0,0.864,0.2671,0.3,0.3456,0.9127,1.4535
88.651,2,NAVIGATE,-7.3833,5.1076,-2.0353,0.3057,1.4669,0.7868,0.5057,1.3669,1.4574,0.0,12.0,10.1004,6.1785736083984375,1.6642553806304932,135.0,0,1,180,1.253,0.8936,1.0,0.8683,0.2681,0.3,0.3473,0.9154,1.4651
88.701,2,NAVIGATE,-7.3712,5.1738,-2.0412,0.3228,1.4621,0.7819,0.5228,1.3621,1.459,0.0,12.0,10.0465,6.129080295562744,1.6845213174819946,134.5,0,1,180,1.099,0.8973,1.0,0.8727,0.2692,0.3,0.3491,0.9183,1.4877
88.751,2,NAVIGATE,-7.3578,5.2402,-2.0458,0.3401,1.4577,0.7771,0.5401,1.3577,1.4612,0.0,12.0,9.9916,6.10295295715332,1.6925653219223022,134.5,0,1,180,1.144,0.9008,1.0,0.8775,0.2702,0.3,0.351,0.9213,1.4993
88.8,2,NAVIGATE,-7.3446,5.2964,-2.0471,0.3551,1.4547,0.7732,0.5551,1.3547,1.464,0.0,12.0,9.9439,6.077407360076904,1.7025877237319946,133.0,0,1,180,1.066,0.9039,1.0,0.8822,0.2712,0.3,0.3529,0.924,1.5135
88.851,2,NAVIGATE,-7.329,5.3534,-2.0453,0.3709,1.4523,0.7693,0.5709,1.3523,1.4679,0.0,12.0,9.894,6.051455020904541,1.714263677597046,135.0,0,1,180,1.107,0.907,1.0,0.8876,0.2721,0.3,0.355,0.9271,1.5277
88.901,2,NAVIGATE,-7.3096,5.4218,-2.0431,0.39,1.4495,0.7648,0.59,1.3495,1.4728,0.0,12.0,9.8338,5.99748420715332,1.7375365495681763,134.5,0,1,180,1.108,0.9107,1.0,0.8942,0.2732,0.3,0.3577,0.9309,1.5536
88.951,2,NAVIGATE,-7.2936,5.4777,-2.041,0.4057,1.4469,0.7611,0.6057,1.3469,1.4768,0.0,12.0,9.7845,5.970454216003418,1.7495338916778564,134.25,0,1,180,1.103,0.9137,1.0,0.8996,0.2741,0.3,0.3598,0.9339,1.5699
89.001,2,NAVIGATE,-7.274,5.5441,-2.0384,0.4245,1.4435,0.7568,0.6245,1.3435,1.4816,0.0,12.0,9.7258,5.943641185760498,1.7613896131515503,135.0,0,1,180,1.279,0.9172,1.0,0.9059,0.2752,0.3,0.3624,0.9375,1.5861
89.051,2,NAVIGATE,-7.257,5.5996,-2.0363,0.4403,1.4407,0.7533,0.6403,1.3407,1.4858,0.0,12.0,9.6762,5.888805389404297,1.7892265319824219,135.0,0,1,180,1.078,0.9201,1.0,0.9113,0.276,0.3,0.3645,0.9406,1.6141
89.1,2,NAVIGATE,-7.2338,5.6671,-2.0321,0.46,1.4375,0.7492,0.66,1.3375,1.4915,0.0,12.0,9.6142,5.862286567687988,1.8026782274246216,135.0,0,1,180,1.058,0.9237,1.0,0.9184,0.2771,0.3,0.3674,0.9445,1.6345
89.151,2,NAVIGATE,-7.2133,5.7238,-2.0281,0.4769,1.4349,0.7458,0.6769,1.3349,1.4967,0.0,12.0,9.5615,5.8337907791137695,1.8160746097564697,134.25,0,1,180,1.149,0.9266,1.0,0.9246,0.278,0.3,0.3698,0.9478,1.6482
89.201,2,NAVIGATE,-7.1923,5.7804,-2.0244,0.4937,1.4322,0.7425,0.6937,1.2322,1.4141,0.0,12.0,9.5085,5.775300979614258,1.84744131565094,134.75,0,1,180,1.204,0.9411,1.0,0.8872,0.2823,0.3,0.3549,0.9372,1.6825
89.251,2,NAVIGATE,-7.1657,5.8479,-2.0185,0.5141,1.4289,0.7385,0.7141,1.2289,1.4213,0.0,12.0,9.4443,5.74837589263916,1.8632924556732178,135.0,0,1,180,1.067,0.9444,1.0,0.8949,0.2833,0.3,0.3579,0.9413,1.7043
89.301,2,NAVIGATE,-7.1381,5.9153,-2.0125,0.5344,1.4258,0.7346,0.7344,1.2258,1.429,0.0,12.0,9.3796,5.719036102294922,1.8791422843933105,134.0,0,1,180,1.141,0.9476,1.0,0.9028,0.2843,0.3,0.3611,0.9454,1.7209
89.351,2,NAVIGATE,-7.1194,5.9601,-2.009,0.5477,1.4226,0.7321,0.7477,1.2226,1.4331,0.0,12.0,9.3363,5.6598124504089355,1.9135096073150635,135.0,0,1,180,1.064,0.9498,1.0,0.9074,0.2849,0.3,0.363,0.9479,1.7595
89.4,2,NAVIGATE,-7.0874,6.0295,-2.003,0.5687,1.4164,0.7284,0.7687,1.2164,1.4389,0.0,12.0,9.267,5.629960536956787,1.9297943115234375,135.0,0,1,180,1.043,0.9532,1.0,0.9144,0.286,0.3,0.3657,0.9517,1.7782
89.451,2,NAVIGATE,-7.0544,6.0987,-1.9978,0.5897,1.4081,0.7248,0.7897,1.2081,1.4433,0.0,12.0,9.1973,5.603056907653809,1.948046088218689,135.0,0,1,180,1.036,0.9567,1.0,0.9206,0.287,0.3,0.3682,0.9553,1.8013
89.501,2,NAVIGATE,-7.0268,6.1559,-1.9941,0.6072,1.3999,0.7217,0.8072,1.1999,1.4462,0.0,12.0,9.1395,5.539267539978027,1.9856648445129395,134.5,0,1,180,1.582,0.9597,1.0,0.9253,0.2879,0.3,0.3701,0.958,1.8428
89.551,2,NAVIGATE,-6.9967,6.2108,-1.9951,0.6252,1.3902,0.7185,0.8252,1.1902,1.4483,0.0,12.0,9.0812,5.508162975311279,2.0038559436798096,135.0,0,1,180,1.659,0.9629,1.0,0.9297,0.2889,0.3,0.3719,0.9607,1.864
89.602,2,NAVIGATE,-6.9606,6.2763,-1.9964,0.6464,1.3784,0.7147,0.8464,1.1784,1.4509,0.0,12.0,9.0117,5.476637840270996,2.022313356399536,135.0,0,1,180,2.064,0.9665,1.0,0.9348,0.2899,0.3,0.3739,0.9639,1.8803
89.651,2,NAVIGATE,-6.9309,6.3303,-1.9976,0.6636,1.3685,0.7115,0.8636,1.1685,1.453,0.0,12.0,8.9545,5.413519859313965,2.0649266242980957,135.0,0,1,180,1.706,0.9692,1.0,0.9389,0.2908,0.3,0.3755,0.9663,1.7863
89.701,2,NAVIGATE,-6.8978,6.3939,-1.9997,0.6824,1.3565,0.7076,0.8824,1.1565,1.4547,0.0,12.0,8.8886,5.383277416229248,2.0867795944213867,134.25,0,1,180,1.574,0.9721,1.0,0.9428,0.2916,0.3,0.3771,0.9688,1.7137
89.751,2,NAVIGATE,-6.864,6.4572,-2.0016,0.701,1.3449,0.7038,0.901,1.1449,1.4569,0.0,12.0,8.8225,5.348546028137207,2.1058759689331055,134.75,0,1,180,1.679,0.9749,1.0,0.9469,0.2925,0.3,0.3787,0.9712,1.6428
89.802,2,NAVIGATE,-6.8409,6.4991,-2.0024,0.7134,1.3374,0.7014,0.9134,1.1374,1.4588,0.0,12.0,8.7782,5.3126630783081055,2.130453586578369,135.0,0,1,180,1.96,0.9766,1.0,0.9497,0.293,0.3,0.3799,0.9729,1.6154
89.851,2,NAVIGATE,-6.805,6.5614,-2.0023,0.7322,1.3262,0.6977,0.9322,1.1262,1.4619,0.0,12.0,8.7113,5.251800060272217,2.1738393306732178,134.75,0,1,180,1.628,0.979,1.0,0.9542,0.2937,0.3,0.3817,0.9754,1.5242
89.901,2,NAVIGATE,-6.7685,6.6234,-2.0021,0.7512,1.3151,0.6942,0.9512,1.1151,1.4657,0.0,12.0,8.6442,5.218635082244873,2.196017265319824,135.0,0,1,180,1.644,0.9814,1.0,0.9589,0.2944,0.3,0.3836,0.978,1.4513
89.951,2,NAVIGATE,-6.7378,6.6741,-1.9991,0.767,1.3054,0.6913,0.967,1.1054,1.4687,0.0,12.0,8.5885,5.180123329162598,2.2242541313171387,135.0,0,1,180,1.697,0.9833,1.0,0.9627,0.295,0.3,0.3851,0.9801,1.3846
90.002,2,NAVIGATE,-6.7067,6.7238,-1.9923,0.7826,1.2953,0.6885,0.9826,1.0953,1.4715,0.0,12.0,8.5334,5.113344192504883,2.2719690799713135,135.0,0,1,180,2.045,0.9851,1.0,0.9663,0.2955,0.3,0.3865,0.9821,1.2963
90.051,2,NAVIGATE,-6.6688,6.7833,-1.9853,0.8018,1.2831,0.6852,1.0018,1.0831,1.4753,0.0,12.0,8.4668,5.082281112670898,2.2935943603515625,135.0,0,1,180,1.667,0.9871,1.0,0.9709,0.2961,0.3,0.3884,0.9845,1.222
90.101,2,NAVIGATE,-6.6368,6.8314,-1.9797,0.8179,1.2726,0.6825,1.0179,1.0726,1.4787,0.0,12.0,8.4119,5.044625282287598,2.321406602859497,135.0,0,1,180,1.72,0.9888,1.0,0.9748,0.2966,0.3,0.3899,0.9865,1.1516
90.151,2,NAVIGATE,-6.6043,6.8788,-1.9746,0.8341,1.2621,0.68,0.9341,1.1621,1.4909,0.0,12.0,8.3573,4.976076602935791,2.3744304180145264,135.0,0,1,180,1.73,0.9727,1.0,0.9668,0.2918,0.3,0.3867,0.9786,1.4634
90.201,2,NAVIGATE,-6.5645,6.9355,-1.9697,0.854,1.2494,0.6769,0.954,1.1494,1.4937,0.0,12.0,8.291,4.942665100097656,2.40092396736145,135.0,0,1,180,1.669,0.9757,1.0,0.9716,0.2927,0.3,0.3886,0.9813,1.3879
90.251,2,NAVIGATE,-6.5313,6.9829,-1.9654,0.8706,1.2386,0.6742,0.9706,1.1386,1.4962,0.0,12.0,8.2359,4.8989152908325195,2.4307591915130615,134.5,0,1,180,1.6,0.9781,1.0,0.9756,0.2934,0.3,0.3902,0.9837,1.3213
90.302,2,NAVIGATE,-6.4978,7.0302,-1.9613,0.8856,1.2294,0.6715,0.9856,1.1294,1.499,0.0,12.0,8.1805,4.865420341491699,2.454883575439453,135.0,0,1,180,1.935,0.98,1.0,0.9793,0.294,0.3,0.3917,0.9857,1.347
90.351,2,NAVIGATE,-6.4567,7.0869,-1.9574,0.9012,1.2208,0.6684,1.0012,1.0208,1.4299,0.0,12.0,8.1135,4.7915730476379395,2.510944128036499,135.0,0,1,180,1.612,0.9896,1.0,0.9433,0.2969,0.3,0.3773,0.9742,1.1073
90.401,2,NAVIGATE,-6.4232,7.1336,-1.9577,0.9122,1.2153,0.6658,1.0122,1.0153,1.4337,0.0,12.0,8.0585,4.752931594848633,2.542726516723633,134.75,0,1,180,1.589,0.9904,1.0,0.9466,0.2971,0.3,0.3786,0.9758,1.0605
90.452,2,NAVIGATE,-6.3899,7.18,-1.96,0.9221,1.2112,0.6634,0.9221,1.1112,1.4439,0.0,12.0,8.0039,4.7156243324279785,2.5701582431793213,135.0,0,1,180,2.013,0.9732,1.0,0.9368,0.292,0.3,0.3747,0.9667,1.4394
90.501,2,NAVIGATE,-6.3489,7.2359,-1.963,0.9332,1.2048,0.6608,0.9332,1.1048,1.4462,0.0,12.0,7.9376,4.642445087432861,2.6289594173431396,135.0,0,1,180,1.646,0.9746,1.0,0.9397,0.2924,0.3,0.3759,0.9683,1.3837
90.551,2,NAVIGATE,-6.3138,7.2839,-1.9611,0.9428,1.1984,0.6586,0.9428,1.0984,1.4476,0.0,12.0,7.8807,4.599200248718262,2.6607680320739746,135.0,0,1,180,1.64,0.9759,1.0,0.9418,0.2928,0.3,0.3767,0.9695,1.3434
90.601,2,NAVIGATE,-6.2707,7.3416,-1.9583,0.9527,1.1907,0.656,0.9527,1.0907,1.4482,0.0,12.0,7.8117,4.56071138381958,2.6876087188720703,135.0,0,1,180,1.739,0.9772,1.0,0.9435,0.2932,0.3,0.3774,0.9706,1.3043
90.651,2,NAVIGATE,-6.2342,7.3893,-1.9565,0.9594,1.1848,0.6538,0.9594,1.0848,1.4482,0.0,12.0,7.7539,4.48813009262085,2.748906135559082,135.0,0,1,180,1.655,0.9781,1.0,0.9443,0.2934,0.3,0.3777,0.9711,1.2641
90.701,2,NAVIGATE,-6.2009,7.436,-1.9561,0.9638,1.1789,0.6516,0.9638,1.0789,1.4467,0.0,12.0,7.6994,4.442317485809326,2.783182144165039,135.0,0,1,180,1.7,0.9786,1.0,0.9438,0.2936,0.3,0.3775,0.9711,1.3225
90.751,2,NAVIGATE,-6.1608,7.4915,-1.9563,0.9679,1.1725,0.649,0.9679,1.0725,1.4447,0.0,12.0,7.6343,4.406132698059082,2.816693067550659,135.0,0,1,180,1.729,0.9791,1.0,0.943,0.2937,0.3,0.3772,0.9709,1.2978
90.801,2,NAVIGATE,-6.1207,7.5468,-1.9577,0.9717,1.1668,0.6465,0.9717,1.0668,1.443,0.0,12.0,7.5693,4.332921028137207,2.875854015350342,135.0,0,1,180,1.646,0.9795,1.0,0.9422,0.2938,0.3,0.3769,0.9707,1.262
90.851,2,NAVIGATE,-6.0901,7.5929,-1.9614,0.9738,1.1624,0.6445,0.9738,1.0624,1.4412,0.0,12.0,7.5175,4.2888503074646,2.91127872467041,135.0,0,1,180,1.639,0.9796,1.0,0.9412,0.2939,0.3,0.3765,0.9703,1.2434
90.901,2,NAVIGATE,-6.052,7.648,-1.9658,0.977,1.1573,0.6421,0.977,1.0573,1.4396,0.0,12.0,7.4543,11.25330638885498,2.944028854370117,135.0,0,1,180,1.835,0.9798,1.0,0.9403,0.2939,0.3,0.3761,0.9701,1.225
90.951,2,NAVIGATE,-6.0182,7.6931,-1.9686,0.9805,1.1527,0.6402,0.9805,1.0527,1.4386,0.0,12.0,7.4006,11.182909965515137,3.005019426345825,135.0,0,1,180,1.697,0.9801,1.0,0.94,0.294,0.3,0.376,0.97,1.1942
91.002,2,NAVIGATE,-5.9729,7.7441,-1.9693,0.9865,1.1458,0.6379,0.9865,1.0458,1.4376,0.0,12.0,7.334,11.141619682312012,3.0422563552856445,135.0,0,1,180,1.936,0.981,1.0,0.9402,0.2943,0.3,0.3761,0.9704,1.1603
91.051,2,NAVIGATE,-5.9346,7.7868,-1.9699,0.9917,1.14,0.636,0.9917,1.04,1.437,0.0,12.0,7.2781,11.104963302612305,3.072575569152832,135.0,0,1,180,1.792,0.9817,1.0,0.9404,0.2945,0.3,0.3762,0.9707,1.2107
91.101,2,NAVIGATE,-5.8891,7.8396,-1.9688,0.9974,1.1336,0.6336,0.9974,1.0336,1.4364,0.0,12.0,7.2105,11.035200119018555,3.138451099395752,135.0,0,1,180,1.865,0.9823,1.0,0.9407,0.2947,0.3,0.3763,0.971,1.1714
91.151,2,NAVIGATE,-5.8447,7.8947,-1.9643,1.0021,1.1282,0.6313,1.0021,1.0282,1.4358,0.0,12.0,7.1424,10.995738983154297,3.174145460128784,135.0,0,1,180,1.692,0.9828,1.0,0.9407,0.2948,0.3,0.3763,0.9711,1.1482
91.201,2,NAVIGATE,-5.8072,7.9404,-1.9612,1.0062,1.1238,0.6293,1.0062,1.0238,1.4354,0.0,12.0,7.0854,10.962223052978516,3.2089006900787354,135.0,0,1,180,1.737,0.9831,1.0,0.9408,0.2949,0.3,0.3763,0.9713,1.1291
91.252,2,NAVIGATE,-5.762,7.9952,-1.9583,1.0113,1.1187,0.6269,1.0113,1.0187,1.4355,0.0,12.0,7.0171,10.892389297485352,3.2741692066192627,135.0,0,1,180,1.987,0.9835,1.0,0.9412,0.2951,0.3,0.3765,0.9716,1.0892
91.301,2,NAVIGATE,-5.724,8.0408,-1.9565,1.0158,1.1146,0.625,1.0158,1.0146,1.4357,0.0,12.0,6.9599,10.854935646057129,3.3094186782836914,135.0,0,1,180,1.817,0.9839,1.0,0.9417,0.2952,0.3,0.3767,0.9719,1.1385
91.351,2,NAVIGATE,-5.6855,8.086,-1.9552,1.0204,1.1103,0.6231,1.0204,1.0103,1.436,0.0,12.0,6.9025,10.78616714477539,3.3745663166046143,-31.9,0,1,180,1.879,0.9843,1.0,0.9423,0.2953,0.3,0.3769,0.9722,1.1036
91.401,2,NAVIGATE,-5.6405,8.1413,-1.9525,1.0256,1.1056,0.6206,1.0256,1.0056,1.4364,0.0,12.0,6.8341,10.750311851501465,3.338268518447876,-31.9,0,1,180,1.644,0.9846,1.0,0.9429,0.2954,0.3,0.3771,0.9725,1.0835
91.451,2,NAVIGATE,-5.5955,8.1966,-1.9498,1.0308,1.1009,0.6182,1.0308,1.0009,1.4368,0.0,12.0,6.7658,10.71325969696045,3.3011982440948486,-32.66,0,1,180,1.692,0.9849,1.0,0.9434,0.2955,0.3,0.3774,0.9729,1.06
91.501,2,NAVIGATE,-5.5573,8.2423,-1.9484,1.0352,1.0968,0.6162,1.0352,0.9968,1.4371,0.0,12.0,6.7085,10.680726051330566,3.264631748199463,-33.41,0,1,180,1.667,0.9853,1.0,0.9439,0.2956,0.3,0.3776,0.9731,1.0351
91.551,2,NAVIGATE,-5.5195,8.2863,-1.9452,1.0391,1.0922,0.6143,1.0391,0.9922,1.4367,0.0,12.0,6.6526,10.61421012878418,3.1975886821746826,-33.91,0,1,180,1.744,0.9856,1.0,0.944,0.2957,0.3,0.3776,0.9733,1.0666
91.601,2,NAVIGATE,-5.4737,8.3385,-1.9418,1.0438,1.0864,0.6119,1.0438,0.9864,1.4362,0.0,12.0,6.5855,10.576739311218262,3.160888910293579,-34.66,0,1,180,1.581,0.986,1.0,0.944,0.2958,0.3,0.3776,0.9734,1.0425
91.652,2,NAVIGATE,-5.4348,8.3818,-1.9398,1.048,1.0815,0.6099,0.948,1.0815,1.4381,0.0,12.0,6.5291,10.5447416305542,3.1268467903137207,-34.41,0,1,180,1.837,0.9654,1.0,0.9256,0.2896,0.3,0.3702,0.9599,1.3131
91.701,2,NAVIGATE,-5.3889,8.4346,-1.9441,1.053,1.0757,0.6074,1.053,0.9757,1.4355,0.0,12.0,6.4616,10.479694366455078,3.0591604709625244,-33.66,0,1,180,1.649,0.9868,1.0,0.9444,0.296,0.3,0.3777,0.9738,1.0474
91.751,2,NAVIGATE,-5.3499,8.4784,-1.9477,1.0575,1.0706,0.6051,0.9575,1.0706,1.4363,0.0,12.0,6.4049,10.442777633666992,3.020836591720581,-34.41,0,1,180,1.822,0.9667,1.0,0.9256,0.29,0.3,0.3702,0.9602,1.3039
91.802,2,NAVIGATE,-5.3103,8.5218,-1.9514,1.0601,1.0672,0.6028,0.9601,1.0672,1.4355,0.0,12.0,6.348,10.413980484008789,2.9872679710388184,-35.66,0,1,180,1.837,0.9668,1.0,0.9252,0.29,0.3,0.3701,0.9601,1.2858
91.852,2,NAVIGATE,-5.2697,8.5673,-1.9555,1.0628,1.0651,0.6004,0.9628,1.0651,1.4358,0.0,12.0,6.2891,10.387117385864258,2.9531729221343994,-35.41,0,1,180,2.007,0.9668,1.0,0.9254,0.29,0.3,0.3702,0.9602,1.2651
91.901,2,NAVIGATE,-5.2288,8.6124,-1.9594,1.0643,1.0639,0.598,0.9643,1.0639,1.4359,0.0,12.0,6.2303,10.325722694396973,2.8802103996276855,-34.41,0,1,180,1.835,0.9665,1.0,0.9252,0.2899,0.3,0.3701,0.96,1.2797
91.951,2,NAVIGATE,-5.1876,8.6572,-1.9631,1.0644,1.0639,0.5955,0.9644,1.0639,1.4359,0.0,12.0,6.1714,10.29565715789795,2.8463168144226074,-33.91,0,1,180,1.798,0.9659,1.0,0.9246,0.2898,0.3,0.3699,0.9596,1.2664
92.002,2,NAVIGATE,-5.1441,8.7032,-1.9631,1.0641,1.0651,0.5932,0.9641,1.0651,1.4367,0.0,12.0,6.1099,10.26720905303955,2.8124871253967285,-35.66,0,1,180,2.187,0.965,1.0,0.9243,0.2895,0.3,0.3697,0.9592,1.2567
92.052,2,NAVIGATE,-5.0921,8.7579,-1.9635,1.0628,1.0672,0.5905,0.9628,1.0672,1.4373,0.0,12.0,6.0366,10.240402221679688,2.7777152061462402,-33.91,0,1,180,1.835,0.9638,1.0,0.9236,0.2891,0.3,0.3694,0.9586,1.2497
92.101,2,NAVIGATE,-5.0488,8.8031,-1.9639,1.0614,1.069,0.5884,0.9614,1.069,1.4377,0.0,12.0,5.9758,10.175588607788086,2.7052040100097656,-33.91,0,1,180,1.661,0.9627,1.0,0.9227,0.2888,0.3,0.3691,0.9579,1.261
92.151,2,NAVIGATE,-5.007,8.8472,-1.9673,1.0596,1.0706,0.5863,0.9596,1.0706,1.4377,0.0,12.0,5.9169,10.142600059509277,2.6705288887023926,-33.41,0,1,180,1.837,0.9616,1.0,0.9217,0.2885,0.3,0.3687,0.9571,1.2482
92.201,2,NAVIGATE,-4.9567,8.8999,-1.9712,1.0576,1.0721,0.5836,0.9576,1.0721,1.4375,0.0,12.0,5.8463,10.111092567443848,2.6366167068481445,-34.41,0,1,180,1.672,0.9603,1.0,0.9203,0.2881,0.3,0.3681,0.9562,1.2394
92.252,2,NAVIGATE,-4.9148,8.9438,-1.9743,1.0561,1.0731,0.5812,1.0561,0.9731,1.4361,0.0,12.0,5.7875,10.04787540435791,2.563568592071533,-33.41,0,1,180,1.788,0.9823,1.0,0.9405,0.2947,0.3,0.3762,9982.4165,1.0336
92.301,2,NAVIGATE,-4.8739,8.9864,-1.9778,1.0538,1.0735,0.5787,0.9538,1.0735,1.436,0.0,12.0,5.7303,10.01816177368164,2.5302178859710693,-32.66,0,1,180,1.701,0.9581,1.0,0.9172,0.2874,0.3,0.3669,0.9543,1.2381
92.352,2,NAVIGATE,-4.8247,9.0376,-1.9818,1.0512,1.0739,0.5757,1.0512,0.9739,1.433,0.0,12.0,5.6615,9.98663330078125,2.4957587718963623,-32.41,0,1,180,1.744,0.9807,1.0,0.937,0.2942,0.3,0.3748,9983.219,1.0708
92.402,2,NAVIGATE,-4.7838,9.0806,-1.9848,1.0512,1.0726,0.573,1.0512,0.9726,1.4321,0.0,12.0,5.6042,9.952369689941406,2.4578428268432617,-33.16,0,1,180,2.03,0.9803,1.0,0.936,0.2941,0.3,0.3744,9983.6297,1.0512
92.451,2,NAVIGATE,-4.7435,9.1246,-1.9875,1.0506,1.0718,0.5704,1.0506,0.9718,1.4311,0.0,12.0,5.547,9.890347480773926,2.390247344970703,-32.91,0,1,180,1.736,0.9798,1.0,0.9348,0.2939,0.3,0.3739,9984.0098,1.0625
92.502,2,NAVIGATE,-4.6868,9.186,-1.9908,1.0519,1.0688,0.5668,1.0519,0.9688,1.4301,0.0,12.0,5.4667,9.859962463378906,2.3562612533569336,-33.91,0,1,180,2.019,0.9794,1.0,0.9337,0.2938,0.3,0.3735,9984.5926,1.0459
92.552,2,NAVIGATE,-4.6453,9.2291,-1.9954,1.0547,1.065,0.5643,1.0547,0.965,1.4296,0.0,12.0,5.409,9.793947219848633,2.283602476119995,-33.66,0,1,180,1.55,0.9794,1.0,0.9334,0.2938,0.3,0.3734,9985.0658,1.052
92.601,2,NAVIGATE,-4.5942,9.28,-2.0044,1.0597,1.0589,0.5611,1.0597,0.9589,1.4291,0.0,12.0,5.3391,9.765824317932129,2.2492733001708984,-32.41,0,1,180,1.548,0.9799,1.0,0.9336,0.294,0.3,0.3734,9985.6916,1.0282
92.651,2,NAVIGATE,-4.5429,9.3306,-2.0121,1.0654,1.0519,0.5578,1.0654,0.8519,1.3641,0.0,12.0,5.2691,9.736053466796875,2.21610164642334,-34.66,0,1,180,1.549,0.9898,1.0,0.9001,0.2969,0.3,0.36,9986.3479,0.9404
92.701,2,NAVIGATE,-4.4916,9.3794,-2.016,1.0709,1.0443,0.5545,1.0709,0.8443,1.3637,0.0,12.0,5.2002,9.674656867980957,2.1419429779052734,-32.91,0,1,180,1.428,0.9903,1.0,0.9003,0.2971,0.3,0.3601,9987.0456,0.9412
92.751,2,NAVIGATE,-4.4402,9.4275,-2.0179,1.0762,1.0366,0.5511,0.9762,0.8366,1.2857,0.0,12.0,5.1315,9.648743629455566,2.1079390048980713,-30.9,0,1,180,1.547,0.9832,1.0,0.8427,0.295,0.3,0.3371,9984.6567,0.9974
92.801,2,NAVIGATE,-4.3971,9.4675,-2.0192,1.0803,1.0286,0.5484,0.9803,0.8286,1.2835,0.0,12.0,5.0742,9.588020324707031,2.0339105129241943,-32.91,0,1,180,1.751,0.984,1.0,0.842,0.2952,0.3,0.3368,9985.2127,0.981
92.852,2,NAVIGATE,-4.3465,9.5159,-2.0169,1.0851,1.0173,0.5451,0.9851,0.8173,1.2799,0.0,12.0,5.0063,9.562100410461426,1.9992412328720093,-30.65,0,1,180,1.96,0.985,1.0,0.8405,0.2955,0.3,0.3362,9985.8632,0.9879
92.902,2,NAVIGATE,-4.304,9.5558,-2.0152,1.0872,1.0062,0.5422,0.9872,0.8062,1.2745,0.0,12.0,4.9496,9.533658027648926,1.9643574953079224,-31.4,0,1,180,1.855,0.9859,1.0,0.8377,0.2958,0.3,0.3351,9986.3468,0.9582
92.951,2,NAVIGATE,-4.2526,9.6033,-2.0138,1.0875,0.9921,0.5389,0.9875,0.7921,1.2659,0.0,12.0,4.8815,9.481426239013672,1.8900846242904663,-33.41,0,1,180,1.522,0.9868,1.0,0.8328,0.296,0.3,0.3331,9986.8622,0.9602
93.001,2,NAVIGATE,-4.2004,9.6505,-2.0147,1.0863,0.9777,0.5357,0.9863,0.7777,1.256,0.0,12.0,4.8129,9.457900047302246,1.857045292854309,-35.16,0,1,180,1.596,0.9876,1.0,0.8269,0.2963,0.3,0.3308,9987.3382,0.9551
93.051,2,NAVIGATE,-4.157,9.6894,-2.0155,1.0845,0.9658,0.5329,1.0845,0.7658,1.3276,0.0,12.0,4.756,9.433698654174805,1.8251099586486816,-35.66,0,1,180,1.913,0.9942,1.0,0.88,0.2983,0.3,0.352,9990.7916,0.897
93.101,2,NAVIGATE,-4.1136,9.7281,-2.0159,1.0824,0.9542,0.5302,1.0824,0.7542,1.3193,0.0,12.0,4.6993,9.380663871765137,1.7544723749160767,-37.16,0,1,180,1.57,0.9946,1.0,0.8748,0.2984,0.3,0.3499,9991.1553,0.8807
93.151,2,NAVIGATE,-4.0617,9.7743,-2.016,1.0795,0.9408,0.5271,1.0795,0.7408,1.3092,0.0,12.0,4.6315,9.35908317565918,1.7252895832061768,-38.16,0,1,180,1.603,0.995,1.0,0.8685,0.2985,0.3,0.3474,9991.5781,0.8895
93.201,2,NAVIGATE,-4.0184,9.8123,-2.016,1.0791,0.9299,0.5246,1.0791,0.7299,1.3028,0.0,12.0,4.5754,9.33265209197998,1.695693016052246,-39.41,0,1,180,1.577,0.9954,1.0,0.8645,0.2986,0.3,0.3458,9991.9909,0.8697
93.252,2,NAVIGATE,-3.9733,9.8505,-2.0152,1.0812,0.9193,0.522,1.0812,0.7193,1.2986,0.0,12.0,4.5175,9.281689643859863,1.6329363584518433,-41.66,0,1,180,1.962,0.9959,1.0,0.8621,0.2988,0.3,0.3449,9992.5014,0.8782
93.301,2,NAVIGATE,-3.9161,9.8967,-2.0128,1.0866,0.9066,0.5188,1.0866,0.7066,1.2962,0.0,12.0,4.4451,9.256158828735352,1.6065633296966553,-43.16,0,1,180,1.712,0.9965,1.0,0.8611,0.2989,0.3,0.3444,9993.2328,0.8781
93.351,2,NAVIGATE,-3.8687,9.9346,-2.011,1.092,0.8958,0.516,1.092,0.6958,1.2948,0.0,12.0,4.3856,9.232926368713379,1.578121542930603,-44.17,0,1,180,1.569,0.997,1.0,0.8606,0.2991,0.3,0.3443,9993.862,0.8754
93.401,2,NAVIGATE,-3.8126,9.9789,-2.0078,1.0983,0.8823,0.5127,1.0983,0.6823,1.2929,0.0,12.0,4.3152,9.188691139221191,1.521307349205017,-46.92,0,1,180,1.701,0.9977,1.0,0.8599,0.2993,0.3,0.344,9994.608,0.8543
93.451,2,NAVIGATE,-3.7664,10.0149,-2.0046,1.1032,0.8708,0.5099,1.1032,0.6708,1.2911,0.0,12.0,4.2575,9.168839454650879,1.4970622062683105,-48.17,0,1,180,1.625,0.9981,1.0,0.8591,0.2994,0.3,0.3436,9995.2143,0.8536
93.501,2,NAVIGATE,-3.7109,10.0574,-2.0013,1.1087,0.8567,0.5066,1.1087,0.6567,1.2886,0.0,12.0,4.1886,9.147065162658691,1.4708529710769653,-49.42,0,1,180,1.771,0.9986,1.0,0.8579,0.2996,0.3,0.3432,9995.9311,0.856
93.551,2,NAVIGATE,-3.6644,10.0916,-1.9985,1.1137,0.8447,0.5039,1.1137,0.6447,1.2868,0.0,12.0,4.1316,9.104833602905273,1.4232964515686035,-52.42,0,1,180,1.638,0.999,1.0,0.857,0.2997,0.3,0.3428,9996.5421,0.8522
93.601,2,NAVIGATE,-3.6086,10.1317,-1.9956,1.1194,0.8302,0.5007,1.1194,0.6302,1.2846,0.0,12.0,4.0636,9.087716102600098,1.4020887613296509,-53.92,0,1,180,1.757,0.9994,1.0,0.8559,0.2998,0.3,0.3424,9997.2716,0.8494
93.651,2,NAVIGATE,-3.5621,10.1645,-1.9937,1.124,0.818,0.4982,1.124,0.618,1.2827,0.0,12.0,4.0071,9.066713333129883,1.379727840423584,-55.43,0,1,180,1.682,0.9996,1.0,0.8548,0.2999,0.3,0.3419,9997.872,0.8461
93.701,2,NAVIGATE,-3.5068,10.2025,-1.9885,1.1286,0.8028,0.4953,1.1286,0.6028,1.2795,0.0,12.0,3.9407,9.028827667236328,1.3380768299102783,-58.93,0,1,180,1.717,0.9999,1.0,0.8529,0.3,0.3,0.3412,9998.5642,0.843
93.751,2,NAVIGATE,-3.4609,10.2335,-1.9843,1.1322,0.79,0.4929,1.1322,0.59,1.2768,0.0,12.0,3.8856,9.011991500854492,1.3238180875778198,-60.43,0,1,180,1.701,1.0,1.0,0.8511,0.3,0.3,0.3405,9999.1347,0.8488
93.802,2,NAVIGATE,-3.4056,10.2701,-1.9803,1.1366,0.7748,0.49,1.1366,0.5748,1.2737,0.0,12.0,3.8198,8.994608879089355,1.3044706583023071,-62.18,0,1,180,1.989,1.0,1.0,0.8491,0.3,0.3,0.3396,9999.7037,0.8506
93.852,2,NAVIGATE,-3.3573,10.3,-1.979,1.1409,0.7623,0.4875,1.1409,0.5623,1.2719,0.0,12.0,3.7632,8.974503517150879,1.289825201034546,-63.93,0,1,180,1.897,0.9999,1.0,0.8479,0.3,0.3,0.3392,9999.106,0.8575
93.901,2,NAVIGATE,-3.3092,10.3295,-1.9782,1.1451,0.7498,0.485,1.1451,0.5498,1.2702,0.0,12.0,3.7069,8.938465118408203,1.2611585855484009,-67.69,0,1,180,1.846,0.9998,1.0,0.8467,0.2999,0.3,0.3387,9998.4919,0.8481
93.951,2,NAVIGATE,-3.2524,10.3648,-1.9778,1.1497,0.735,0.4821,1.0497,0.535,1.1781,0.0,12.0,3.6403,8.920190811157227,1.250666618347168,-69.44,0,1,180,1.686,1.0,1.0,0.7854,0.3,0.3,0.3142,9998.6009,0.8685
94.002,2,NAVIGATE,-3.2081,10.3956,-1.9785,1.1521,0.7233,0.4796,1.0521,0.5233,1.175,0.0,12.0,3.5869,8.90253734588623,1.2393436431884766,-71.44,0,1,180,2.057,1.0,1.0,0.7834,0.3,0.3,0.3133,9999.0519,0.8747
94.051,2,NAVIGATE,-3.1635,10.4257,-1.9794,1.1549,0.7115,0.477,1.0549,0.5115,1.1724,0.0,12.0,3.5336,8.866303443908691,1.2201262712478638,-75.44,0,1,180,1.734,0.9999,1.0,0.7816,0.3,0.3,0.3126,9999.2747,0.8772
94.101,2,NAVIGATE,-3.1095,10.4612,-1.9818,1.1562,0.697,0.474,1.0562,0.497,1.1673,0.0,12.0,3.4694,8.849235534667969,1.2111990451812744,-77.45,0,1,180,1.844,0.9998,1.0,0.778,0.2999,0.3,0.3112,9998.9079,0.8816
94.151,2,NAVIGATE,-3.0544,10.4971,-1.9894,1.1555,0.6829,0.4712,1.1555,0.5829,1.2943,0.0,12.0,3.4041,8.834268569946289,1.2043542861938477,-79.2,0,1,180,1.73,1.0,1.0,0.8628,0.3,0.3,0.3451,9999.2789,0.8963
94.202,2,NAVIGATE,-3.0176,10.5204,-1.9941,1.1541,0.6735,0.4694,1.1541,0.5735,1.2887,0.0,12.0,3.3609,8.800143241882324,1.197327971458435,-83.45,0,1,180,2.25,1.0,1.0,0.8591,0.3,0.3,0.3437,9999.5835,0.8996
94.251,2,NAVIGATE,-2.9621,10.5541,-1.9999,1.1502,0.6584,0.467,1.1502,0.5584,1.2786,0.0,12.0,3.2962,8.782144546508789,1.1964246034622192,-85.45,0,1,180,1.901,1.0,1.0,0.8524,0.3,0.3,0.341,9999.4881,0.9083
94.302,2,NAVIGATE,-2.9153,10.581,-2.0033,1.1485,0.6471,0.4653,1.1485,0.5471,1.2722,0.0,12.0,3.2423,8.764352798461914,1.1957268714904785,-87.46,0,1,180,1.981,1.0,1.0,0.8481,0.3,0.3,0.3392,9999.0625,0.9068
94.351,2,NAVIGATE,-2.8686,10.6074,-2.0064,1.1488,0.6377,0.4635,0.9488,0.4377,1.0449,0.0,12.0,3.1887,8.745160102844238,1.1977310180664062,-89.46,0,1,180,1.74,0.9998,1.0,0.6965,0.2999,0.3,0.2786,9998.7204,0.9131
94.401,2,NAVIGATE,-2.8112,10.6388,-2.0101,1.1516,0.6286,0.4614,1.0516,0.5286,1.177,0.0,12.0,3.1235,8.707157135009766,1.2031340599060059,-93.46,0,1,180,1.865,0.9999,1.0,0.7846,0.3,0.3,0.3138,9998.8943,0.9442
94.451,2,NAVIGATE,-2.7515,10.67,-2.0144,1.1572,0.6216,0.4592,1.0572,0.5216,1.1788,0.0,12.0,3.056,8.687707901000977,1.207003116607666,-95.46,0,1,180,1.738,1.0,1.0,0.7859,0.3,0.3,0.3143,9999.4167,0.954
94.502,2,NAVIGATE,-2.702,10.6956,-2.0175,1.1578,0.6136,0.4573,1.2578,0.6136,1.3994,0.0,12.0,3.0004,8.665432929992676,1.216191053390503,-97.47,0,1,180,1.895,1.0,1.0,0.933,0.3,0.3,0.3732,9999.1055,0.9846
94.552,2,NAVIGATE,-2.6534,10.7209,-2.0213,1.1563,0.6056,0.4555,1.0563,0.5056,1.1711,0.0,12.0,2.9457,8.63113021850586,1.2331693172454834,-101.22,0,1,180,1.954,1.0,1.0,0.7807,0.3,0.3,0.3123,9998.6755,0.9969
94.601,2,NAVIGATE,-2.5964,10.7508,-2.0274,1.1523,0.5962,0.4537,1.1523,0.5962,1.2974,0.0,12.0,2.8813,8.61313247680664,1.2436671257019043,-102.97,0,1,180,1.583,0.9996,1.0,0.8646,0.2999,0.3,0.3458,9998.924,1.0313
94.651,2,NAVIGATE,-2.5491,10.7753,-2.0317,1.1531,0.5909,0.4523,1.2531,0.5909,1.3854,0.0,12.0,2.828,8.589359283447266,1.254149317741394,-105.22,0,1,180,1.631,1.0,1.0,0.9236,0.3,0.3,0.3694,9999.2779,1.0507
94.701,2,NAVIGATE,-2.5018,10.7999,-2.0343,1.1528,0.5853,0.451,1.2528,0.5853,1.3827,0.0,12.0,2.7747,8.548694610595703,1.2793792486190796,-108.73,0,1,180,1.918,0.9999,1.0,0.9218,0.3,0.3,0.3687,9999.5847,1.0885
94.751,2,NAVIGATE,-2.4452,10.8294,-2.0359,1.1535,0.5803,0.4496,1.2535,0.5803,1.3813,0.0,12.0,2.7109,8.527068138122559,1.295422077178955,-110.23,0,1,180,1.623,0.9999,1.0,0.9208,0.3,0.3,0.3683,9999.2555,1.1072
94.801,2,NAVIGATE,-2.3886,10.8584,-2.037,1.1582,0.5774,0.4486,1.1582,0.5774,1.2941,0.0,12.0,2.6474,8.50268840789795,1.3139119148254395,-111.98,0,1,180,1.652,0.9999,1.0,0.8626,0.3,0.3,0.3451,9999.0605,1.1263
94.852,2,NAVIGATE,-2.3512,10.879,-2.0391,1.1631,0.5766,0.448,1.1631,0.5766,1.2982,0.0,12.0,2.6047,8.45689582824707,1.347375512123108,-114.73,0,1,180,1.857,0.9999,1.0,0.8654,0.3,0.3,0.3461,9999.391,1.1647
94.901,2,NAVIGATE,-2.295,10.9102,-2.0423,1.1729,0.576,0.4471,1.2729,0.576,1.3972,0.0,12.0,2.5406,8.43303108215332,1.3655225038528442,-115.23,0,1,180,1.617,0.9998,1.0,0.9313,0.2999,0.3,0.3725,9999.3662,1.1842
94.951,2,NAVIGATE,-2.2384,10.9407,-2.0445,1.1815,0.5752,0.4462,1.2815,0.5752,1.4047,0.0,12.0,2.4763,8.406628608703613,1.3868855237960815,-115.73,0,1,180,1.74,0.9998,1.0,0.9363,0.2999,0.3,0.3745,9999.1798,1.2042
95.001,2,NAVIGATE,-2.1909,10.9643,-2.0463,1.1869,0.5735,0.4454,0.9869,0.4735,1.0946,0.0,12.0,2.4234,8.35627269744873,1.4243605136871338,-115.98,0,1,180,1.734,1.0,1.0,0.7297,0.3,0.3,0.2919,9999.3888,1.2217
95.051,2,NAVIGATE,-2.1337,10.9921,-2.048,1.1946,0.5716,0.4445,1.1946,0.5716,1.3243,0.0,12.0,2.3598,8.331147193908691,1.4428693056106567,-116.73,0,1,180,1.776,1.0,1.0,0.8829,0.3,0.3,0.3531,9999.557,1.2611
95.101,2,NAVIGATE,-2.0857,11.0151,-2.0489,1.2026,0.5703,0.4437,1.3026,0.5703,1.4219,0.0,12.0,2.3066,8.304215431213379,1.4636629819869995,-116.73,0,1,180,1.718,0.9996,1.0,0.9476,0.2999,0.3,0.379,9999.1969,1.2802
95.151,2,NAVIGATE,-2.0365,11.0372,-2.0459,1.2047,0.5658,0.4429,1.0047,0.4658,1.1074,0.0,12.0,2.2527,8.278535842895508,1.4812464714050293,-115.73,0,1,180,1.801,1.0,1.0,0.7383,0.3,0.3,0.2953,9999.1938,1.2776
95.201,2,NAVIGATE,-1.9776,11.0635,-2.0427,1.206,0.5606,0.4421,1.006,0.4606,1.1064,0.0,12.0,2.1882,8.22609806060791,1.5190949440002441,-115.73,0,1,180,1.881,0.9999,1.0,0.7376,0.3,0.3,0.295,9999.2299,1.3138
95.252,2,NAVIGATE,-1.9285,11.0853,-2.0401,1.2099,0.5574,0.4415,1.2099,0.5574,1.3322,0.0,12.0,2.1344,8.198001861572266,1.5399898290634155,-115.48,0,1,180,2.305,0.9999,1.0,0.8881,0.3,0.3,0.3552,9999.5921,1.3536
95.301,2,NAVIGATE,-1.8628,11.1131,-2.034,1.2119,0.5517,0.4408,1.3119,0.6517,1.4648,0.0,12.0,2.0631,8.146754264831543,1.5759122371673584,-115.48,0,1,180,1.67,0.9999,1.0,0.9764,0.3,0.3,0.3906,9999.5994,1.4093
95.351,2,NAVIGATE,-1.7982,11.1403,-2.0287,1.2082,0.544,0.4403,1.1082,0.544,1.2345,0.0,12.0,1.9931,8.118793487548828,1.5940227508544922,-115.73,0,1,180,1.737,0.9999,1.0,0.8229,0.3,0.3,0.3292,9999.4621,1.4044
95.401,2,NAVIGATE,-1.7438,11.1626,-2.0246,1.2068,0.5387,0.44,1.1068,0.5387,1.231,0.0,12.0,1.9344,8.087820053100586,1.613820195198059,-115.48,0,1,180,1.947,1.0,1.0,0.8206,0.3,0.3,0.3283,9999.3649,1.4241
95.451,2,NAVIGATE,-1.6881,11.1848,-2.0206,1.2112,0.5372,0.4398,1.2112,0.5372,1.325,0.0,12.0,1.8747,8.033012390136719,1.6491985321044922,-116.73,0,1,180,1.84,0.9995,1.0,0.8829,0.2998,0.3,0.3531,9999.1894,1.4584
95.502,2,NAVIGATE,-1.6223,11.2112,-2.0162,1.2157,0.5368,0.4397,1.3157,0.6368,1.4617,0.0,12.0,1.8039,8.004423141479492,1.6670247316360474,-114.48,0,1,180,2.654,1.0,1.0,0.9745,0.3,0.3,0.3898,9999.4619,1.4964
95.552,2,NAVIGATE,-1.5583,11.2378,-2.0134,1.2173,0.5364,0.44,1.3173,0.6364,1.4629,0.0,12.0,1.7347,7.97185754776001,1.6870324611663818,-116.23,0,1,180,1.989,1.0,1.0,0.9753,0.3,0.3,0.3901,9999.7379,1.5169
95.602,2,NAVIGATE,-1.5171,11.2559,-2.0129,1.2177,0.5358,0.4402,1.3177,0.6358,1.4631,0.0,12.0,1.6898,7.941281795501709,1.7057737112045288,-114.48,0,1,180,2.122,1.0,1.0,0.9754,0.3,0.3,0.3901,9999.2946,1.5339
95.651,2,NAVIGATE,-1.4557,11.2829,-2.0124,1.2216,0.5368,0.4408,1.2216,0.6368,1.3776,0.0,12.0,1.6228,7.875856399536133,1.7401100397109985,-116.73,0,1,180,1.661,0.9997,1.0,0.9181,0.2999,0.3,0.3673,9999.3976,1.5702
95.701,2,NAVIGATE,-1.3969,11.3098,-2.0133,1.2282,0.5397,0.4414,1.1282,0.5397,1.2506,0.0,12.0,1.5581,7.838080883026123,1.7607885599136353,-113.73,0,1,180,1.636,0.9999,1.0,0.8337,0.3,0.3,0.3335,9999.1901,1.5698
95.751,2,NAVIGATE,-1.3494,11.3321,-2.015,1.2351,0.5432,0.4421,1.3351,0.6432,1.482,0.0,12.0,1.5057,7.802520275115967,1.7783616781234741,-116.73,0,1,180,1.567,0.9999,1.0,0.9879,0.3,0.3,0.3952,9999.6508,1.6081
95.801,2,NAVIGATE,-1.2919,11.359,-2.0165,1.2425,0.5481,0.4431,1.2425,0.6481,1.4013,0.0,12.0,1.4422,7.7301788330078125,1.8139845132827759,-114.23,0,1,180,1.938,0.9998,1.0,0.934,0.2999,0.3,0.3736,9999.4719,1.6476
95.851,2,NAVIGATE,-1.2408,11.3817,-2.0179,1.2457,0.5506,0.4441,1.2457,0.6506,1.4054,0.0,12.0,1.3863,7.685609340667725,1.8339641094207764,-116.98,0,1,180,1.706,0.9998,1.0,0.9367,0.2999,0.3,0.3747,9999.5989,1.6683
95.901,2,NAVIGATE,-1.1891,11.4045,-2.0192,1.2507,0.5535,0.4452,1.1507,0.5535,1.2769,0.0,12.0,1.3299,7.644620418548584,1.851554036140442,-114.48,0,1,180,1.844,0.9999,1.0,0.8511,0.3,0.3,0.3405,9999.4191,1.6696
95.952,2,NAVIGATE,-1.1271,11.4319,-2.0203,1.2563,0.5573,0.4467,1.1563,0.5573,1.2836,0.0,12.0,1.2622,7.564544200897217,1.8878397941589355,-117.73,0,1,180,2.058,0.9998,1.0,0.8556,0.3,0.3,0.3422,9999.64,1.7092
96.002,2,NAVIGATE,-1.0745,11.4543,-2.0201,1.2609,0.5613,0.4481,1.0609,0.5613,1.2002,0.0,12.0,1.2051,7.515246391296387,1.9094775915145874,-116.23,0,1,180,2.001,0.9999,1.0,0.8,0.3,0.3,0.32,9999.7796,1.7339
96.052,2,NAVIGATE,-1.0114,11.4813,-2.0193,1.263,0.5641,0.4501,1.263,0.6641,1.427,0.0,12.0,1.1366,7.471635341644287,1.9282299280166626,-117.48,0,1,180,1.974,0.9999,1.0,0.9513,0.3,0.3,0.3805,9999.5756,1.7844
96.101,2,NAVIGATE,-0.9486,11.5083,-2.0184,1.2619,0.5644,0.4522,1.1619,0.5644,1.2918,0.0,12.0,1.0685,7.383603096008301,1.9701372385025024,-119.99,0,1,180,1.899,0.9997,1.0,0.8609,0.2999,0.3,0.3444,9999.3299,1.8128
96.151,2,NAVIGATE,-0.896,11.5312,-2.0207,1.2575,0.5632,0.4539,1.1575,0.5632,1.2872,0.0,12.0,1.0112,7.332644939422607,1.9919413328170776,-120.99,0,1,180,1.829,0.9996,1.0,0.8578,0.2999,0.3,0.3431,9999.3726,1.8416
96.201,2,NAVIGATE,-0.8438,11.554,-2.0227,1.2552,0.5639,0.4556,1.0552,0.5639,1.1964,0.0,12.0,0.9544,7.288448333740234,2.015251874923706,-121.99,0,1,180,1.654,1.0,1.0,0.7976,0.3,0.3,0.319,9999.7055,1.8666
96.251,2,NAVIGATE,-0.7813,11.5816,-2.025,1.2529,0.5646,0.458,1.2529,0.6646,1.4183,0.0,12.0,0.8863,7.201266288757324,2.0612056255340576,-124.49,0,1,180,1.879,1.0,1.0,0.9455,0.3,0.3,0.3782,9999.1058,1.9436
96.301,2,NAVIGATE,-0.7178,11.6097,-2.0286,1.2504,0.5644,0.4605,1.1504,0.6644,1.3285,0.0,12.0,0.8171,7.146389007568359,2.0877506732940674,-125.74,0,1,180,1.63,0.9997,1.0,0.8854,0.2999,0.3,0.3542,9999.1798,1.9358
96.352,2,NAVIGATE,-0.6655,11.6329,-2.031,1.2455,0.5632,0.4626,1.1455,0.5632,1.2765,0.0,12.0,0.76,7.097262382507324,2.113001823425293,-126.49,0,1,180,2.054,0.9989,1.0,0.85,0.2997,0.3,0.34,9999.0807,1.9861
96.401,2,NAVIGATE,-0.6031,11.6598,-2.0332,1.2431,0.5636,0.4654,1.0431,0.5636,1.1856,0.0,12.0,0.6924,7.00229024887085,2.1656363010406494,-128.74,0,1,180,1.678,0.9998,1.0,0.7903,0.3,0.3,0.3161,9999.2063,2.0328
96.451,2,NAVIGATE,-0.5512,11.6807,-2.0341,1.2417,0.5647,0.4681,1.0417,0.5647,1.1849,0.0,12.0,0.637,6.945328235626221,2.193763017654419,-129.75,0,1,180,1.674,0.9996,1.0,0.7896,0.2999,0.3,0.3158,9998.575,2.0696
96.502,2,NAVIGATE,-0.4996,11.7018,-2.0346,1.2404,0.5654,0.4711,1.2404,0.7654,1.4576,0.0,12.0,0.5818,6.893249988555908,2.221787929534912,-130.75,0,1,180,2.192,0.9999,1.0,0.9716,0.3,0.3,0.3886,9998.8598,1.5431
96.552,2,NAVIGATE,-0.4388,11.7298,-2.0362,1.2354,0.5657,0.4752,1.1354,0.6657,1.3161,0.0,12.0,0.5153,6.787322521209717,2.2778990268707275,-132.75,0,1,180,2.046,0.9998,1.0,0.8772,0.2999,0.3,0.3509,9998.7,1.8015
96.652,2,RETURN_HOME,-0.3295,11.7849,-2.0404,1.225,0.5712,0.4838,1.425,0.3712,1.4725,0.0,0.0,11.7895,6.668710231781006,2.3383395671844482,-134.75,0,1,180,1.934,-0.225,1.0,0.4908,-0.0675,0.3,0.1963,0.4288,2.199
96.701,2,RETURN_HOME,-0.2696,11.8161,-2.0408,1.2208,0.5792,0.489,1.4208,0.3792,1.4706,0.0,0.0,11.8192,6.5467529296875,2.592106342315674,-89.46,0,1,180,1.637,-0.2358,1.0,0.4902,-0.0707,0.3,0.1961,0.4253,2.2264
96.751,2,RETURN_HOME,-0.2099,11.8478,-2.039,1.2161,0.5889,0.4875,1.4161,0.3889,1.4685,0.0,0.0,11.8497,6.479135036468506,2.5903093814849854,-90.71,0,1,180,1.656,-0.2477,1.0,0.4895,-0.0743,0.3,0.1958,0.4215,2.2462
96.801,2,RETURN_HOME,-0.1603,11.8741,-2.0347,1.2206,0.5952,0.4796,1.4206,0.3952,1.4746,0.0,0.0,11.8752,6.451158046722412,2.5905823707580566,-92.46,0,1,180,1.56,-0.255,1.0,0.4915,-0.0765,0.3,0.1966,0.4201,2.2661
96.851,2,RETURN_HOME,-0.1,11.9067,-2.0272,1.2338,0.601,0.4625,1.4338,0.401,1.4888,0.0,0.0,11.9072,6.484358310699463,2.5878593921661377,-92.96,0,1,180,2.071,-0.2612,1.0,0.4963,-0.0784,0.3,0.1985,0.4201,2.2847
96.901,2,RETURN_HOME,-0.039,11.9392,-2.0165,1.2529,0.6033,0.4378,1.3529,0.4033,1.4118,0.0,0.0,11.9392,6.564884662628174,2.5886905193328857,-93.21,0,1,180,1.609,-0.2825,1.0,0.4706,-0.0848,0.3,0.1882,0.4035,2.2781
96.951,2,RETURN_HOME,0.0021,11.9605,-2.0078,1.2677,0.6021,0.4173,1.3677,0.4021,1.4256,0.0,0.0,11.9605,6.818979263305664,2.5909171104431152,-93.21,0,1,180,1.868,-0.2822,1.0,0.4752,-0.0847,0.3,0.1901,0.4054,2.2852
97.001,2,RETURN_HOME,0.0632,11.9905,-1.9889,1.2917,0.5961,0.3811,1.3917,0.3961,1.447,0.0,0.0,11.9907,7.006529331207275,2.5918612480163574,-92.96,0,1,180,1.63,-0.2788,1.0,0.4823,-0.0837,0.3,0.1929,0.4093,2.2456
97.052,2,RETURN_HOME,0.1255,12.0199,-1.9692,1.3134,0.5845,0.3388,1.4134,0.3845,1.4647,0.0,0.0,12.0206,7.279456615447998,2.5903003215789795,-92.46,0,1,180,2.03,-0.2726,1.0,0.4882,-0.0818,0.3,0.1953,0.4135,2.2027
97.101,2,RETURN_HOME,0.1781,12.043,-1.9523,1.3286,0.5708,0.2993,1.4286,0.3708,1.4759,0.0,0.0,12.0443,7.960517406463623,2.5959675312042236,-90.96,0,1,180,1.86,-0.2655,1.0,0.492,-0.0796,0.3,0.1968,0.4171,2.2896
97.152,2,RETURN_HOME,0.241,12.0664,-1.9311,1.3431,0.5501,0.2473,1.4431,0.3501,1.485,0.0,0.0,12.0689,8.430985450744629,2.6009020805358887,-90.21,0,1,180,1.978,-0.2551,1.0,0.495,-0.0765,0.3,0.198,0.4215,2.2507
97.201,2,RETURN_HOME,0.3048,12.0895,-1.9107,1.3549,0.529,0.1902,1.4549,0.329,1.4916,0.0,0.0,12.0934,8.622488975524902,2.59805965423584,-89.21,0,1,180,1.709,-0.2451,1.0,0.4972,-0.0735,0.3,0.1989,0.4254,2.2232
97.252,2,RETURN_HOME,0.348,12.1041,-1.8983,1.3618,0.5152,0.1495,1.4618,0.3152,1.4954,0.0,0.0,12.1091,8.55980110168457,2.600278615951538,-88.21,0,1,180,1.757,-0.2388,1.0,0.4985,-0.0716,0.3,0.1994,0.4278,2.2294
97.301,2,RETURN_HOME,0.4149,12.1232,-1.8837,1.3722,0.495,0.0847,1.3722,0.295,1.4035,0.0,0.0,12.1303,8.461440086364746,2.6067636013031006,-85.45,0,1,180,1.664,-0.2435,1.0,0.4678,-0.073,0.3,0.1871,0.4141,2.3364
97.351,2,RETURN_HOME,0.4708,12.139,-1.8714,1.3809,0.4797,0.0272,1.3809,0.2797,1.4089,0.0,0.0,12.1481,8.412126541137695,2.6069438457489014,-83.95,0,1,180,1.784,-0.2363,1.0,0.4696,-0.0709,0.3,0.1879,0.417,2.3443
97.401,2,RETURN_HOME,0.5257,12.1549,-1.8575,1.3901,0.466,-0.0336,1.3901,0.266,1.4153,0.0,0.0,12.1663,8.323742866516113,2.6104302406311035,-80.45,0,1,180,1.784,-0.2302,1.0,0.4718,-0.0691,0.3,0.1887,0.4197,2.3442
97.451,2,RETURN_HOME,0.5898,12.1744,-1.838,1.3993,0.4506,-0.1109,1.3993,0.2506,1.4216,0.0,0.0,12.1887,8.280197143554688,2.6137442588806152,-78.7,0,1,180,1.61,-0.2237,1.0,0.4739,-0.0671,0.3,0.1895,0.4224,2.3556
97.5,2,RETURN_HOME,0.6547,12.1936,-1.8191,1.4073,0.4353,-0.1928,1.4073,0.2353,1.4269,0.0,0.0,12.2111,8.2314453125,2.615854263305664,-76.2,0,1,180,0.937,-0.2176,1.0,0.4756,-0.0653,0.3,0.1903,0.425,2.3554
97.551,2,RETURN_HOME,0.7081,12.2084,-1.8057,1.4129,0.422,-0.2644,1.4129,0.222,1.4302,0.0,0.0,12.2289,8.18657398223877,2.619192123413086,-74.19,0,1,180,1.092,-0.2122,1.0,0.4767,-0.0636,0.3,0.1907,0.4271,2.3062
97.6,2,RETURN_HOME,0.7719,12.2254,-1.7913,1.4186,0.4052,-0.3543,1.4186,0.2052,1.4334,0.0,0.0,12.2498,8.146385192871094,2.626331329345703,-69.19,0,1,180,1.071,-0.2053,1.0,0.4778,-0.0616,0.3,0.1911,0.4295,2.3799
97.651,2,RETURN_HOME,0.8257,12.2394,-1.7793,1.4232,0.3906,-0.4324,1.4232,0.1906,1.4359,0.0,0.0,12.2672,8.175236701965332,2.631983518600464,-66.69,0,1,180,1.236,-0.1992,1.0,0.4786,-0.0598,0.3,0.1915,0.4317,2.3897
97.701,2,RETURN_HOME,0.8799,12.2513,-1.7693,1.4276,0.3749,-0.5135,1.4276,0.1749,1.4383,0.0,0.0,12.2829,8.239041328430176,2.634533166885376,-63.93,0,1,180,1.084,-0.1924,1.0,0.4794,-0.0577,0.3,0.1918,0.434,2.3928
97.75,2,RETURN_HOME,0.9455,12.2649,-1.7576,1.433,0.3554,-0.6146,1.433,0.1554,1.4414,0.0,0.0,12.3013,8.485669136047363,2.6442008018493652,-58.43,0,1,180,1.003,-0.1839,1.0,0.4805,-0.0552,0.3,0.1922,0.437,2.3981
97.801,2,RETURN_HOME,1.0118,12.2782,-1.7458,1.4384,0.3346,-0.7191,1.4384,0.1346,1.4447,0.0,0.0,12.3198,8.713679313659668,2.6497316360473633,-54.68,0,1,180,1.054,-0.1746,1.0,0.4816,-0.0524,0.3,0.1926,0.4402,2.408
97.851,2,RETURN_HOME,1.0682,12.2897,-1.7359,1.443,0.3157,-0.8072,1.443,0.1157,1.4476,0.0,0.0,12.336,8.983037948608398,2.6549856662750244,-50.92,0,1,180,1.43,-0.1659,1.0,0.4825,-0.0498,0.3,0.193,0.4432,2.4146
97.9,2,RETURN_HOME,1.1363,12.3028,-1.7275,1.4482,0.2902,-0.9124,1.4482,0.0902,1.451,0.0,0.0,12.3551,9.747344970703125,2.664910078048706,-43.67,0,1,180,0.926,-0.1537,1.0,0.4837,-0.0461,0.3,0.1935,0.4474,2.4104
97.95,2,RETURN_HOME,1.1935,12.3129,-1.7248,1.4523,0.267,-0.9986,1.4523,0.067,1.4538,0.0,0.0,12.3706,10.343119621276855,2.6697614192962646,-38.91,0,1,180,1.003,-0.1423,1.0,0.4846,-0.0427,0.3,0.1938,0.4512,2.4136
98.0,2,RETURN_HOME,1.251,12.317,-1.7285,1.4553,0.2417,-1.0825,1.4553,0.0417,1.4559,0.0,0.0,12.3804,10.081268310546875,2.6753616333007812,-33.16,0,1,180,0.985,-0.1295,1.0,0.4853,-0.0388,0.3,0.1941,0.4553,2.4168
98.05,2,RETURN_HOME,1.3203,12.3215,-1.7363,1.4573,0.2128,-1.179,1.4573,0.0128,1.4574,0.0,0.0,12.392,2.80279803276062,2.684354543685913,-25.65,0,1,180,1.046,-0.1153,1.0,0.4858,-0.0346,0.3,0.1943,0.4597,2.4094
98.101,2,RETURN_HOME,1.3902,12.327,-1.7461,1.4578,0.187,-1.2701,1.4578,-0.013,1.4578,0.0,0.0,12.4051,2.756281614303589,2.6904137134552,-22.65,0,1,180,1.444,-0.1032,1.0,0.4859,-0.031,0.3,0.1944,0.4634,2.4171
98.15,2,RETURN_HOME,1.4493,12.3332,-1.7547,1.4574,0.1682,-1.3413,1.4574,-0.0318,1.4578,0.0,0.0,12.4181,2.7149229049682617,2.6992576122283936,-15.64,0,1,180,1.087,-0.095,1.0,0.4859,-0.0285,0.3,0.1944,0.4659,2.4075
98.2,2,RETURN_HOME,1.52,12.34,-1.7659,1.4564,0.1475,-1.4206,1.4564,-0.0525,1.4573,0.0,0.0,12.4332,2.7086894512176514,2.705249309539795,-12.89,0,1,180,0.955,-0.0864,1.0,0.4858,-0.0259,0.3,0.1943,0.4684,2.4151
98.25,2,RETURN_HOME,1.5922,12.3481,-1.7788,1.4552,0.1291,-1.4927,1.4552,-0.0709,1.4569,0.0,0.0,12.4503,2.709805488586426,2.709805488586426,-9.88,0,1,180,1.015,-0.0795,1.0,0.4856,-0.0238,0.3,0.1943,0.4704,2.4226
98.301,2,RETURN_HOME,1.6533,12.3556,-1.7906,1.4542,0.1152,-1.5472,1.4542,-0.0848,1.4567,0.0,0.0,12.4658,2.719444990158081,2.719444990158081,-5.63,0,1,180,1.242,-0.0747,1.0,0.4856,-0.0224,0.3,0.1942,0.4718,2.4133
98.351,2,RETURN_HOME,1.726,12.3636,-1.8039,1.4525,0.0989,-1.6057,1.4525,-0.1011,1.456,0.0,0.0,12.4835,2.7239186763763428,2.7239186763763428,-0.63,0,1,180,1.159,-0.0691,1.0,0.4853,-0.0207,0.3,0.1941,0.4734,2.4181
98.4,2,RETURN_HOME,1.7868,12.37,-1.815,1.4509,0.0855,-1.6488,1.4509,-0.1145,1.4555,0.0,0.0,12.4984,2.7288990020751953,2.7288990020751953,1.38,0,1,180,1.031,-0.0647,1.0,0.4852,-0.0194,0.3,0.1941,0.4747,2.4192
98.45,2,RETURN_HOME,1.8475,12.3758,-1.826,1.4493,0.0722,-1.6868,1.4493,-0.1278,1.455,0.0,0.0,12.513,2.735687732696533,2.735687732696533,4.63,0,1,180,0.993,-0.0602,1.0,0.485,-0.0181,0.3,0.194,0.4759,2.4076
98.5,2,RETURN_HOME,1.9198,12.3817,-1.838,1.4473,0.0561,-1.7257,1.4473,-0.1439,1.4544,0.0,0.0,12.5297,2.740025758743286,2.740025758743286,7.38,0,1,180,1.052,-0.0547,1.0,0.4848,-0.0164,0.3,0.1939,0.4775,2.4197
98.55,2,RETURN_HOME,1.9935,12.3868,-1.8475,1.4458,0.04,-1.7576,1.4458,-0.16,1.4547,0.0,0.0,12.5462,2.743110418319702,2.743110418319702,7.63,0,1,180,1.001,-0.0493,1.0,0.4849,-0.0148,0.3,0.194,0.4792,2.3917
98.6,2,RETURN_HOME,2.0669,12.3906,-1.8564,1.4449,0.0237,-1.7828,1.4449,-0.1763,1.4556,0.0,0.0,12.5618,2.7502548694610596,2.7494895458221436,10.63,0,1,180,1.014,-0.0438,1.0,0.4852,-0.0131,0.3,0.1941,0.4809,2.3106
98.651,2,RETURN_HOME,2.1399,12.3929,-1.8662,1.4446,0.0066,-1.8015,1.4446,-0.1934,1.4575,0.0,0.0,12.5763,2.7520411014556885,2.750178813934326,11.89,0,1,180,1.057,-0.0379,1.0,0.4858,-0.0114,0.3,0.1943,0.483,2.2679
98.701,2,RETURN_HOME,2.2008,12.3933,-1.8778,1.4449,-0.0084,-1.8128,1.4449,-0.2084,1.4599,0.0,0.0,12.5871,2.755962610244751,2.752032518386841,12.14,0,1,180,1.237,-0.0325,1.0,0.4866,-0.0098,0.3,0.1947,0.4849,2.2171
98.75,2,RETURN_HOME,2.2613,12.393,-1.8896,1.4456,-0.0235,-1.8205,1.4456,-0.2235,1.4628,0.0,0.0,12.5976,2.760854482650757,2.753906011581421,14.14,0,1,180,1.04,-0.0271,1.0,0.4876,-0.0081,0.3,0.195,0.4869,2.1296
98.8,2,RETURN_HOME,2.3352,12.3918,-1.904,1.4477,-0.0413,-1.8255,1.4477,-0.2413,1.4677,0.0,0.0,12.6099,2.762218952178955,2.7544453144073486,13.64,0,1,180,1.055,-0.0211,1.0,0.4892,-0.0063,0.3,0.1957,0.4894,2.079
98.851,2,RETURN_HOME,2.3986,12.3902,-1.916,1.4506,-0.0556,-1.8266,1.4506,-0.2556,1.473,0.0,0.0,12.6202,2.760432481765747,2.7547426223754883,12.64,0,1,180,1.051,-0.0168,1.0,0.491,-0.005,0.3,0.1964,0.4914,1.9783
98.901,2,RETURN_HOME,2.474,12.3874,-1.9298,1.4542,-0.0723,-1.8248,1.4542,-0.2723,1.4795,0.0,0.0,12.632,2.760540723800659,2.7557034492492676,11.64,0,1,180,1.09,-0.012,1.0,0.4932,-0.0036,0.3,0.1973,0.4937,1.9215
98.95,2,RETURN_HOME,2.5468,12.3834,-1.9417,1.4568,-0.0888,-1.8203,1.4568,-0.2888,1.4852,0.0,0.0,12.6426,2.7591490745544434,2.7571868896484375,10.63,0,1,180,1.02,-0.0071,1.0,0.4951,-0.0021,0.3,0.198,0.4959,1.8709
99.001,2,RETURN_HOME,2.6058,12.3791,-1.9503,1.4586,-0.1026,-1.8148,1.4586,-0.3026,1.4896,0.0,0.0,12.6504,2.75836181640625,2.75836181640625,8.38,0,1,180,1.081,-0.0029,1.0,0.4965,-0.0009,0.3,0.1986,0.4977,1.7653
99.051,2,RETURN_HOME,2.6766,12.3729,-1.9596,1.4611,-0.1191,-1.8063,1.4611,-0.3191,1.4956,0.0,0.0,12.6591,2.7614810466766357,2.7614810466766357,6.88,0,1,180,1.252,0.002,1.0,0.4985,0.0006,0.3,0.1994,0.5,1.7151
99.101,2,RETURN_HOME,2.7465,12.3673,-1.9672,1.4636,-0.135,-1.7966,1.3636,-0.335,1.4042,0.0,0.0,12.6686,2.7640950679779053,2.7640950679779053,5.63,0,1,180,1.142,0.0224,1.0,0.4681,0.0067,0.3,0.1872,0.4939,1.9666
99.151,2,RETURN_HOME,2.8045,12.3624,-1.9725,1.4659,-0.148,-1.7881,1.3659,-0.348,1.4095,0.0,0.0,12.6765,2.769279718399048,2.769279718399048,3.13,0,1,180,1.201,0.0264,1.0,0.4698,0.0079,0.3,0.1879,0.4959,1.8525
99.2,2,RETURN_HOME,2.8743,12.3558,-1.9782,1.4691,-0.1638,-1.7777,1.3691,-0.3638,1.4166,0.0,0.0,12.6857,2.772059202194214,2.772059202194214,1.63,0,1,180,1.028,0.0311,1.0,0.4722,0.0093,0.3,0.1889,0.4982,1.799
99.251,2,RETURN_HOME,2.9404,12.3516,-1.9818,1.4689,-0.1782,-1.7674,1.3689,-0.3782,1.4202,0.0,0.0,12.6967,2.7802722454071045,2.7802722454071045,0.13,0,1,180,1.063,0.0358,1.0,0.4734,0.0108,0.3,0.1894,0.5001,1.7563
99.301,2,RETURN_HOME,2.9959,12.3471,-1.9844,1.4672,-0.1906,-1.7591,1.3672,-0.3906,1.4219,0.0,0.0,12.7053,2.7873339653015137,2.7873339653015137,-2.63,0,1,180,1.119,0.0402,1.0,0.474,0.0121,0.3,0.1896,0.5016,1.6572
99.351,2,RETURN_HOME,3.0517,12.3417,-1.9869,1.4644,-0.2033,-1.7513,1.3644,-0.4033,1.4228,0.0,0.0,12.7134,2.7919909954071045,2.7919909954071045,-3.88,0,1,180,1.035,0.045,1.0,0.4743,0.0135,0.3,0.1897,0.5032,1.6171
99.4,2,RETURN_HOME,3.1236,12.3326,-1.9858,1.4624,-0.22,-1.7426,1.3624,-0.42,1.4257,0.0,0.0,12.7221,2.8041625022888184,2.8041625022888184,-5.38,0,1,180,1.065,0.0509,1.0,0.4752,0.0153,0.3,0.1901,0.5054,1.58
99.45,2,RETURN_HOME,3.1833,12.3244,-1.9851,1.4603,-0.2342,-1.7362,1.3603,-0.4342,1.4279,0.0,0.0,12.7288,2.8187100887298584,2.8187100887298584,-8.13,0,1,180,1.0,0.0562,1.0,0.476,0.0169,0.3,0.1904,0.5072,1.479
99.501,2,RETURN_HOME,3.254,12.3134,-1.9844,1.4571,-0.2515,-1.7297,1.3571,-0.4515,1.4302,0.0,0.0,12.7361,2.8217101097106934,2.8217101097106934,-9.13,0,1,180,1.105,0.0628,1.0,0.4767,0.0188,0.3,0.1907,0.5095,1.447
99.551,2,RETURN_HOME,3.3217,12.3005,-1.9823,1.4527,-0.2691,-1.7245,1.3527,-0.4691,1.4317,0.0,0.0,12.7411,2.8673927783966064,2.836460828781128,-10.38,0,1,180,1.159,0.07,1.0,0.4772,0.021,0.3,0.1909,0.5119,1.4146
99.6,2,RETURN_HOME,3.3782,12.2891,-1.9811,1.4491,-0.2839,-1.7213,1.3491,-0.4839,1.4332,0.0,0.0,12.745,3.2426257133483887,2.848814010620117,-12.89,0,1,180,1.016,0.076,1.0,0.4777,0.0228,0.3,0.1911,0.5139,1.3212
99.651,2,RETURN_HOME,3.4339,12.2778,-1.98,1.445,-0.2984,-1.7191,1.345,-0.4984,1.4344,0.0,0.0,12.749,3.4150166511535645,2.858228921890259,-13.89,0,1,180,1.135,0.0821,1.0,0.4781,0.0246,0.3,0.1913,0.5159,1.2864
99.701,2,RETURN_HOME,3.4993,12.2646,-1.9788,1.4393,-0.3157,-1.7176,1.3393,-0.5157,1.4352,0.0,0.0,12.754,3.5793559551239014,2.86796236038208,-14.89,0,1,180,1.115,0.0895,1.0,0.4784,0.0269,0.3,0.1914,0.5182,1.255
99.75,2,RETURN_HOME,3.5649,12.2502,-1.9782,1.4338,-0.3333,-1.7175,1.3338,-0.5333,1.4365,0.0,0.0,12.7584,3.9149138927459717,2.8915441036224365,-16.89,0,1,180,0.981,0.097,1.0,0.4788,0.0291,0.3,0.1915,0.5206,1.1707
99.8,2,RETURN_HOME,3.6222,12.2389,-1.9763,1.4304,-0.3474,-1.7184,1.3304,-0.5474,1.4386,0.0,0.0,12.7637,6.566921710968018,2.897526979446411,-17.89,0,1,180,0.949,0.1024,1.0,0.4795,0.0307,0.3,0.1918,0.5225,1.1349
99.85,2,RETURN_HOME,3.6928,12.2254,-1.9735,1.4272,-0.364,-1.7205,1.3272,-0.564,1.4421,0.0,0.0,12.771,6.568628787994385,2.9067461490631104,-18.64,0,1,180,1.031,0.1082,1.0,0.4807,0.0325,0.3,0.1923,0.5248,1.0962
99.9,2,RETURN_HOME,3.7512,12.2132,-1.9718,1.4245,-0.3781,-1.7233,1.2245,-0.5781,1.3541,0.0,0.0,12.7763,6.567882061004639,2.933412790298462,-20.39,0,1,180,0.975,0.1426,1.0,0.4514,0.0428,0.3,0.1805,0.5233,1.3073
99.95,2,RETURN_HOME,3.8193,12.1953,-1.9715,1.4203,-0.3961,-1.7275,1.2203,-0.5961,1.3581,0.0,0.0,12.7794,6.565673351287842,2.945861577987671,-21.14,0,1,180,1.019,0.1503,1.0,0.4527,0.0451,0.3,0.1811,0.5262,1.2746
100.0,2,RETURN_HOME,3.8758,12.1792,-1.9719,1.4167,-0.4117,-1.7317,1.2167,-0.6117,1.3618,0.0,0.0,12.781,6.564545154571533,2.954458475112915,-21.9,0,1,180,1.02,0.1571,1.0,0.4539,0.0471,0.3,0.1816,0.5287,1.2371
100.051,2,RETURN_HOME,3.9433,12.159,-1.9727,1.41,-0.4306,-1.7374,1.21,-0.6306,1.3644,0.0,0.0,12.7824,6.562901496887207,2.981365919113159,-23.4,0,1,180,1.11,0.1661,1.0,0.4548,0.0498,0.3,0.1819,0.5317,1.166
100.1,2,RETURN_HOME,3.9982,12.1428,-1.9707,1.4026,-0.4457,-1.7427,1.2026,-0.6457,1.365,0.0,0.0,12.7841,6.5631184577941895,2.9923596382141113,-23.9,0,1,180,0.998,0.1738,1.0,0.455,0.0521,0.3,0.182,0.5341,1.1392
100.152,2,RETURN_HOME,4.0638,12.1224,-1.9691,1.3917,-0.4639,-1.75,1.1917,-0.6639,1.3642,0.0,0.0,12.7854,6.561408519744873,3.0038931369781494,-24.4,0,1,180,1.802,0.1838,1.0,0.4547,0.0551,0.3,0.1819,0.537,1.1212
100.202,2,RETURN_HOME,4.1181,12.1046,-1.9682,1.3815,-0.4791,-1.7568,1.1815,-0.6791,1.3627,0.0,0.0,12.786,6.557645797729492,3.0362133979797363,-25.65,0,1,180,1.834,0.1925,1.0,0.4542,0.0578,0.3,0.1817,0.5395,1.0659
100.251,2,RETURN_HOME,4.1793,12.0824,-1.9698,1.3679,-0.497,-1.7655,1.1679,-0.697,1.36,0.0,0.0,12.7848,6.555190563201904,3.0431833267211914,-26.15,0,1,180,1.754,0.2036,1.0,0.4533,0.0611,0.3,0.1813,0.5424,1.057
100.301,2,RETURN_HOME,4.2304,12.063,-1.9714,1.3565,-0.512,-1.7732,1.1565,-0.712,1.3581,0.0,0.0,12.7833,6.5558576583862305,3.061511278152466,-26.65,0,1,180,1.722,0.2129,1.0,0.4527,0.0639,0.3,0.1811,0.545,1.0456
100.351,2,RETURN_HOME,4.2919,12.0378,-1.9731,1.3434,-0.5304,-1.7827,1.1434,-0.7304,1.3568,0.0,0.0,12.78,6.549992561340332,3.0926384925842285,-27.65,0,1,180,1.745,0.2241,1.0,0.4523,0.0672,0.3,0.1809,0.5481,1.0017
100.401,2,RETURN_HOME,4.3538,12.0095,-1.9746,1.3305,-0.5499,-1.7926,1.1305,-0.7499,1.3566,0.0,0.0,12.7743,6.547429084777832,3.1026666164398193,-28.15,0,1,180,1.648,0.2357,1.0,0.4522,0.0707,0.3,0.1809,0.5516,0.9886
100.451,2,RETURN_HOME,4.4052,11.9854,-1.976,1.3199,-0.5661,-1.801,1.1199,-0.7661,1.3568,0.0,0.0,12.7693,6.539269924163818,3.133814573287964,-28.9,0,1,180,1.664,0.2452,1.0,0.4523,0.0736,0.3,0.1809,0.5545,0.9421
100.501,2,RETURN_HOME,4.4662,11.9554,-1.9775,1.3072,-0.5858,-1.8111,1.1072,-0.7858,1.3577,0.0,0.0,12.7624,6.5380778312683105,3.1529500484466553,-29.4,0,1,180,1.6,0.2568,1.0,0.4526,0.077,0.3,0.181,0.5581,0.9303
100.551,2,RETURN_HOME,4.5166,11.9294,-1.9787,1.2967,-0.6025,-1.8195,1.0967,-0.7025,1.3024,0.0,0.0,12.7558,6.5342020988464355,3.1640191078186035,-29.65,0,1,180,1.61,0.2063,1.0,0.4341,0.0619,0.3,0.1737,0.5355,0.924
100.601,2,RETURN_HOME,4.5668,11.903,-1.9799,1.2862,-0.6192,-1.8279,1.0862,-0.7192,1.3027,0.0,0.0,12.749,6.529155254364014,3.1763060092926025,-30.15,0,1,180,1.579,0.2167,1.0,0.4342,0.065,0.3,0.1737,0.5387,0.9107
100.651,2,RETURN_HOME,4.624,11.8694,-1.983,1.2718,-0.6404,-1.8377,1.0718,-0.7404,1.3026,0.0,0.0,12.7383,6.522026538848877,3.207038402557373,-30.9,0,1,180,1.652,0.2309,1.0,0.4342,0.0693,0.3,0.1737,0.543,0.8746
100.701,2,RETURN_HOME,4.6788,11.834,-1.9871,1.2561,-0.6596,-1.8474,1.0561,-0.7596,1.3009,0.0,0.0,12.7253,6.516730308532715,3.2234787940979004,-31.15,0,1,180,1.503,0.2445,1.0,0.4336,0.0733,0.3,0.1735,0.5468,0.875
100.752,2,RETURN_HOME,4.7244,11.8042,-1.9904,1.2434,-0.6734,-1.8552,1.0434,-0.6734,1.2418,0.0,0.0,12.7145,6.507996082305908,3.2482738494873047,-32.15,0,1,180,1.627,0.1912,1.0,0.4139,0.0574,0.3,0.1656,0.5229,0.8429
100.801,2,RETURN_HOME,4.767,11.7733,-1.993,1.2296,-0.6863,-1.8629,1.0296,-0.7863,1.2955,0.0,0.0,12.7018,6.501670837402344,3.264167308807373,-32.41,0,1,180,1.648,0.2643,1.0,0.4318,0.0793,0.3,0.1727,0.552,0.8401
100.852,2,RETURN_HOME,4.8175,11.736,-1.9958,1.2131,-0.7009,-1.8719,1.0131,-0.8009,1.2914,0.0,0.0,12.6862,6.498213768005371,3.2805793285369873,-32.91,0,1,180,1.853,0.2758,1.0,0.4305,0.0827,0.3,0.1722,0.5549,0.8439
100.902,2,RETURN_HOME,4.8599,11.7047,-1.998,1.1999,-0.7102,-1.8791,0.9999,-0.8102,1.287,0.0,0.0,12.6735,6.494050025939941,3.292250871658325,-33.16,0,1,180,1.861,0.2835,1.0,0.429,0.085,0.3,0.1716,0.5566,0.8416
100.951,2,RETURN_HOME,4.9076,11.6707,-2.0005,1.1839,-0.7191,-1.8874,0.9839,-0.7191,1.2187,0.0,0.0,12.6605,6.482259273529053,3.3275399208068848,-33.91,0,1,180,1.778,0.231,1.0,0.4062,0.0693,0.3,0.1625,0.5318,0.8226
101.001,2,RETURN_HOME,4.9555,11.637,-2.0028,1.1683,-0.7285,-1.8955,0.9683,-0.8285,1.2743,0.0,0.0,12.6481,6.477667331695557,3.342454195022583,-34.41,0,1,180,1.767,0.3004,1.0,0.4248,0.0901,0.3,0.1699,0.56,0.8169
101.051,2,RETURN_HOME,4.9965,11.6079,-2.0041,1.1558,-0.7376,-1.9019,0.9558,-0.7376,1.2074,0.0,0.0,12.6376,6.4656147956848145,3.376208782196045,-35.16,0,1,180,1.644,0.2482,1.0,0.4025,0.0744,0.3,0.161,0.5354,0.7903
101.102,2,RETURN_HOME,5.0494,11.5706,-2.0041,1.1424,-0.7478,-1.9093,0.9424,-0.7478,1.203,0.0,0.0,12.6244,6.463625907897949,3.3907158374786377,-35.66,0,1,180,1.799,0.2564,1.0,0.401,0.0769,0.3,0.1604,0.5373,0.7897
101.151,2,RETURN_HOME,5.0933,11.5393,-2.0042,1.131,-0.7568,-1.9151,0.931,-0.7568,1.1998,0.0,0.0,12.6134,6.456058979034424,3.4123711585998535,-35.91,0,1,180,1.635,0.2637,1.0,0.3999,0.0791,0.3,0.16,0.5391,0.7856
101.202,2,RETURN_HOME,5.1358,11.5073,-2.0036,1.1192,-0.7649,-1.9208,0.9192,-0.7649,1.1958,0.0,0.0,12.6014,6.4510321617126465,3.426896333694458,-36.41,0,1,180,2.139,0.2708,1.0,0.3986,0.0812,0.3,0.1594,0.5407,0.7805
101.251,2,RETURN_HOME,5.1825,11.4668,-1.9999,1.1033,-0.7745,-1.9273,0.9033,-0.7745,1.1899,0.0,0.0,12.5835,6.442137718200684,3.46179461479187,-37.16,0,1,180,1.659,0.2805,1.0,0.3966,0.0842,0.3,0.1586,0.5428,0.7601
101.301,2,RETURN_HOME,5.2216,11.433,-1.9972,1.09,-0.7814,-1.9325,0.89,-0.7814,1.1844,0.0,0.0,12.5689,6.4385271072387695,3.477592706680298,-37.66,0,1,180,1.621,0.288,1.0,0.3948,0.0864,0.3,0.1579,0.5443,0.7618
101.351,2,RETURN_HOME,5.2678,11.3919,-1.9933,1.0738,-0.7889,-1.9386,0.8738,-0.7889,1.1773,0.0,0.0,12.5509,6.433060169219971,3.499865770339966,-37.91,0,1,180,1.631,0.2967,1.0,0.3924,0.089,0.3,0.157,0.546,0.7706
101.401,2,RETURN_HOME,5.305,11.3569,-1.9888,1.06,-0.795,-1.9435,0.86,-0.795,1.1711,0.0,0.0,12.5348,6.422440528869629,3.5333521366119385,-38.91,0,1,180,1.66,0.3042,1.0,0.3904,0.0913,0.3,0.1562,0.5474,0.7457
101.451,2,RETURN_HOME,5.3497,11.3151,-1.9842,1.0437,-0.8019,-1.9493,0.8437,-0.8019,1.1639,0.0,0.0,12.516,6.417699813842773,3.5544683933258057,-39.41,0,1,180,1.635,0.313,1.0,0.388,0.0939,0.3,0.1552,0.5491,0.7535
101.502,2,RETURN_HOME,5.3878,11.2816,-1.9803,1.0307,-0.8067,-1.9539,0.8307,-0.8067,1.158,0.0,0.0,12.5021,6.413465976715088,3.5690109729766846,-39.66,0,1,180,2.094,0.3195,1.0,0.386,0.0959,0.3,0.1544,0.5502,0.7586
101.551,2,RETURN_HOME,5.4338,11.2424,-1.9761,1.0158,-0.812,-1.9592,0.8158,-0.812,1.151,0.0,0.0,12.4867,6.4029388427734375,3.51267147064209,111.73,0,1,180,1.569,0.3267,1.0,0.3837,0.098,0.3,0.1535,0.5515,0.7361
101.601,2,RETURN_HOME,5.472,11.2096,-1.9734,1.0035,-0.8165,-1.9635,0.8035,-0.8165,1.1455,0.0,0.0,12.4739,6.398492813110352,3.4798567295074463,112.23,0,1,180,1.637,0.3328,1.0,0.3818,0.0998,0.3,0.1527,0.5526,0.7397
101.651,2,RETURN_HOME,5.5197,11.1698,-1.9721,0.9894,-0.8221,-1.9684,0.7894,-0.8221,1.1397,0.0,0.0,12.4592,6.387260913848877,3.4096131324768066,113.23,0,1,180,1.553,0.3398,1.0,0.3799,0.1019,0.3,0.152,0.5539,0.7145
101.701,2,RETURN_HOME,5.5677,11.1299,-1.9721,0.9758,-0.8278,-1.9732,0.7758,-0.8278,1.1345,0.0,0.0,12.4448,6.384678363800049,3.3772971630096436,113.73,0,1,180,1.614,0.3466,1.0,0.3782,0.104,0.3,0.1513,0.5552,0.7192
101.751,2,RETURN_HOME,5.6071,11.0964,-1.9724,0.9643,-0.8326,-1.9771,0.7643,-0.8326,1.1302,0.0,0.0,12.4326,6.379389762878418,3.345189332962036,112.98,0,1,180,1.549,0.3525,1.0,0.3767,0.1058,0.3,0.1507,0.5564,0.7187
101.801,2,RETURN_HOME,5.6548,11.0563,-1.9738,0.9506,-0.8381,-1.9818,0.7506,-0.8381,1.1251,0.0,0.0,12.4185,6.370034694671631,3.2783291339874268,112.98,0,1,180,1.903,0.3595,1.0,0.375,0.1078,0.3,0.15,0.5578,0.6987
101.851,2,RETURN_HOME,5.6941,11.0228,-1.9753,0.939,-0.8426,-1.9857,0.739,-0.8426,1.1208,0.0,0.0,12.4067,6.362728118896484,3.246673345565796,113.48,0,1,180,1.711,0.3654,1.0,0.3736,0.1096,0.3,0.1494,0.559,0.6994
101.901,2,RETURN_HOME,5.7398,10.9822,-1.9767,0.9248,-0.8481,-1.9904,0.7248,-0.8481,1.1156,0.0,0.0,12.3917,6.3597540855407715,3.2147340774536133,113.73,0,1,180,1.864,0.3728,1.0,0.3719,0.1118,0.3,0.1487,0.5606,0.7051
101.951,2,RETURN_HOME,5.7749,10.9473,-1.9765,0.9121,-0.8528,-1.9943,0.7121,-0.8528,1.111,0.0,0.0,12.3771,6.35908842086792,3.151569366455078,114.98,0,1,180,1.713,0.3798,1.0,0.3703,0.114,0.3,0.1481,0.5621,0.6868
102.002,2,RETURN_HOME,5.8167,10.9053,-1.9765,0.8968,-0.8583,-1.9991,0.6968,-0.8583,1.1056,0.0,0.0,12.3596,6.357226848602295,3.1215500831604004,112.73,0,1,180,2.204,0.3884,1.0,0.3685,0.1165,0.3,0.1474,0.5639,0.6979
102.051,2,RETURN_HOME,5.8514,10.8699,-1.9774,0.8843,-0.8631,-2.0031,0.6843,-0.9631,1.1814,0.0,0.0,12.3448,6.358373165130615,3.090848684310913,113.48,0,1,180,1.927,0.4432,1.0,0.3938,0.133,0.3,0.1575,0.5905,0.7008
102.101,2,RETURN_HOME,5.8862,10.8335,-1.9806,0.8725,-0.8682,-2.0071,0.6725,-0.9682,1.1789,0.0,0.0,12.3293,6.361937522888184,3.0617501735687256,115.23,0,1,180,1.81,0.4493,1.0,0.393,0.1348,0.3,0.1572,0.592,0.7025
102.151,2,RETURN_HOME,5.9206,10.7971,-1.9836,0.8607,-0.8727,-2.011,0.6607,-0.8727,1.0946,0.0,0.0,12.3138,6.370372772216797,3.0008108615875244,115.98,0,1,180,1.566,0.4089,1.0,0.3649,0.1227,0.3,0.1459,0.5686,0.6935
102.201,2,RETURN_HOME,5.961,10.7537,-1.9869,0.8461,-0.8805,-2.0157,0.6461,-0.9805,1.1742,0.0,0.0,12.2954,6.380713939666748,2.9729106426239014,113.73,0,1,180,1.793,0.4635,1.0,0.3914,0.1391,0.3,0.1566,0.5956,0.6936
102.251,2,RETURN_HOME,6.0002,10.7106,-1.9896,0.8314,-0.8906,-2.0204,0.6314,-0.9906,1.1748,0.0,0.0,12.2768,6.388576030731201,2.9437341690063477,115.73,0,1,180,1.764,0.473,1.0,0.3916,0.1419,0.3,0.1566,0.5985,0.7057
102.301,2,RETURN_HOME,6.0325,10.6744,-1.9917,0.8193,-0.8981,-2.0243,0.6193,-0.9981,1.1747,0.0,0.0,12.261,6.4153876304626465,2.8844258785247803,113.73,0,1,180,1.867,0.4804,1.0,0.3916,0.1441,0.3,0.1566,0.6007,0.6946
102.351,2,RETURN_HOME,6.0643,10.6365,-1.9927,0.8069,-0.9072,-2.0282,0.6069,-1.0072,1.1759,0.0,0.0,12.2438,6.433400630950928,2.858292579650879,115.23,0,1,180,1.737,0.4884,1.0,0.392,0.1465,0.3,0.1568,0.6033,0.7019
102.402,2,RETURN_HOME,6.1018,10.5883,-1.9922,0.7917,-0.9203,-2.033,0.5917,-1.0203,1.1794,0.0,0.0,12.2206,6.457519054412842,2.8312597274780273,115.73,0,1,180,1.929,0.4991,1.0,0.3931,0.1497,0.3,0.1573,0.607,0.7147
102.452,2,RETURN_HOME,6.1265,10.5561,-1.9919,0.7814,-0.9294,-2.0362,0.5814,-1.0294,1.1823,0.0,0.0,12.2052,6.497772693634033,2.8001692295074463,115.73,0,1,180,1.753,0.5062,1.0,0.399,0.1519,0.3,0.1596,0.6115,0.7177
102.501,2,RETURN_HOME,6.1632,10.5082,-1.9925,0.7662,-0.9431,-2.0411,0.5662,-1.0431,1.1869,0.0,0.0,12.1823,7.820015907287598,2.747544765472412,115.73,0,1,180,1.799,0.5167,1.0,0.4089,0.155,0.3,0.1635,0.6186,0.7164
102.551,2,RETURN_HOME,6.1993,10.461,-1.9948,0.7512,-0.9565,-2.0461,0.5512,-1.0565,1.1916,0.0,0.0,12.1599,7.798595905303955,2.7241251468658447,115.48,0,1,180,1.851,0.5269,1.0,0.4186,0.1581,0.3,0.1674,0.6255,0.7295
102.602,2,RETURN_HOME,6.229,10.4213,-1.9965,0.7386,-0.9674,-2.0504,0.5386,-1.0674,1.1956,0.0,0.0,12.1409,7.7741379737854,2.6947479248046875,117.23,0,1,180,1.984,0.5352,1.0,0.4266,0.1606,0.3,0.1706,0.6312,0.74
102.651,2,RETURN_HOME,6.2602,10.3807,-1.9997,0.7269,-0.9784,-2.0546,0.5269,-1.0784,1.2002,0.0,0.0,12.1222,7.724896430969238,2.646310567855835,116.98,0,1,180,1.648,0.5427,1.0,0.4342,0.1628,0.3,0.1737,0.6365,0.7318
102.701,2,RETURN_HOME,6.2982,10.3313,-2.0044,0.7134,-0.9914,-2.0596,0.5134,-1.0914,1.2062,0.0,0.0,12.0998,7.703507900238037,2.621260166168213,117.98,0,1,180,1.715,0.551,1.0,0.4431,0.1653,0.3,0.1772,0.6426,0.7422
102.751,2,RETURN_HOME,6.3291,10.29,-2.0079,0.7019,-1.0022,-2.0638,0.5019,-1.1022,1.2111,0.0,0.0,12.0806,7.678928375244141,2.5946826934814453,116.48,0,1,180,1.823,0.5581,1.0,0.4506,0.1674,0.3,0.1802,0.6477,0.7483
102.801,2,RETURN_HOME,6.3663,10.2409,-2.0093,0.6881,-1.0144,-2.0689,0.4881,-1.1144,1.2166,0.0,0.0,12.0584,7.628676891326904,2.5483438968658447,116.23,0,1,180,1.732,0.5661,1.0,0.4591,0.1698,0.3,0.1837,0.6535,0.7501
102.851,2,RETURN_HOME,6.4028,10.1919,-2.0095,0.6741,-1.0263,-2.0739,0.4741,-1.1263,1.2221,0.0,0.0,12.0362,7.604193687438965,2.5253517627716064,117.23,0,1,180,1.715,0.5741,1.0,0.4677,0.1722,0.3,0.1871,0.6593,0.7619
102.902,2,RETURN_HOME,6.4323,10.1506,-2.0096,0.6621,-1.0363,-2.0781,0.4621,-1.1363,1.2266,0.0,0.0,12.017,7.5770368576049805,2.500244617462158,117.98,0,1,180,2.14,0.5808,1.0,0.475,0.1743,0.3,0.19,0.6642,0.7692
102.951,2,RETURN_HOME,6.4596,10.1088,-2.01,0.6487,-1.0462,-2.0823,0.4487,-1.1462,1.2309,0.0,0.0,11.9965,7.527899742126465,2.4556121826171875,118.23,0,1,180,1.687,0.5884,1.0,0.4828,0.1765,0.3,0.1931,0.6696,0.7731
103.001,2,RETURN_HOME,6.4911,10.0583,-2.0105,0.6323,-1.0582,-2.0874,0.4323,-1.1582,1.2362,0.0,0.0,11.9709,7.503134727478027,2.434612512588501,119.74,0,1,180,1.592,0.5976,1.0,0.4925,0.1793,0.3,0.197,0.6763,0.7964
103.051,2,RETURN_HOME,6.5167,10.0157,-2.0108,0.6186,-1.0683,-2.0916,0.4186,-1.1683,1.241,0.0,0.0,11.9491,7.474697589874268,2.4102935791015625,117.98,0,1,180,1.715,0.6051,1.0,0.5007,0.1815,0.3,0.2003,0.6818,0.813
103.101,2,RETURN_HOME,6.5448,9.9652,-2.0124,0.6012,-1.0806,-2.0967,0.4012,-1.1806,1.2469,0.0,0.0,11.9222,7.4237961769104,2.370116710662842,118.99,0,1,180,1.481,0.6147,1.0,0.511,0.1844,0.3,0.2044,0.6888,0.8251
103.151,2,RETURN_HOME,6.5722,9.9139,-2.0137,0.5841,-1.0929,-2.1018,0.3841,-1.1929,1.2532,0.0,0.0,11.8945,7.397129535675049,2.3494250774383545,119.24,0,1,180,1.583,0.624,1.0,0.5214,0.1872,0.3,0.2085,0.6958,0.8494
103.202,2,RETURN_HOME,6.5943,9.8711,-2.0144,0.5699,-1.1029,-2.1061,0.3699,-1.2029,1.2585,0.0,0.0,11.8711,7.369803428649902,2.3280155658721924,119.24,0,1,180,2.282,0.6315,1.0,0.5299,0.1895,0.3,0.2119,0.7014,0.8672
103.251,2,RETURN_HOME,6.6151,9.8297,-2.0142,0.5556,-1.1118,-2.1104,0.3556,-1.2118,1.2629,0.0,0.0,11.8483,7.315212726593018,2.288888692855835,119.74,0,1,180,1.748,0.6389,1.0,0.5379,0.1917,0.3,0.2152,0.7068,0.8821
103.302,2,RETURN_HOME,6.6396,9.7791,-2.0139,0.5386,-1.1227,-2.1156,0.3386,-1.2227,1.2688,0.0,0.0,11.8201,7.287544250488281,2.2702653408050537,120.74,0,1,180,2.045,0.6474,1.0,0.5476,0.1942,0.3,0.219,0.7133,0.9095
103.352,2,RETURN_HOME,6.6588,9.7359,-2.0123,0.5242,-1.1322,-2.1199,0.3242,-1.2322,1.2742,0.0,0.0,11.7952,7.258061408996582,2.2492918968200684,120.24,0,1,180,2.104,0.6546,1.0,0.556,0.1964,0.3,0.2224,0.7188,0.9324
103.402,2,RETURN_HOME,6.6767,9.6915,-2.0091,0.5096,-1.1422,-2.1242,0.3096,-1.2422,1.2802,0.0,0.0,11.7687,7.202446460723877,2.214205741882324,120.74,0,1,180,1.902,0.6618,1.0,0.5648,0.1986,0.3,0.2259,0.7245,0.9513
103.451,2,RETURN_HOME,6.6978,9.6376,-2.0056,0.4921,-1.1543,-2.1293,0.2921,-1.3543,1.3854,0.0,0.0,11.7364,7.1741204261779785,2.1965489387512207,122.74,0,1,180,1.716,0.6824,1.0,0.6303,0.2047,0.3,0.2521,0.7568,0.9762
103.501,2,RETURN_HOME,6.7146,9.5915,-2.0026,0.4776,-1.1647,-2.1336,0.2776,-1.3647,1.3926,0.0,0.0,11.7083,7.142407417297363,2.1777684688568115,120.99,0,1,180,1.515,0.6885,1.0,0.6392,0.2065,0.3,0.2557,0.7622,0.9992
103.551,2,RETURN_HOME,6.7337,9.5347,-1.9989,0.4602,-1.1771,-2.1388,0.2602,-1.3771,1.4015,0.0,0.0,11.6728,7.084489345550537,2.1450893878936768,121.24,0,1,180,1.713,0.6955,1.0,0.6498,0.2087,0.3,0.2599,0.7686,1.026
103.601,2,RETURN_HOME,6.7525,9.4774,-1.9958,0.4426,-1.1921,-2.1438,0.2426,-1.3921,1.4131,0.0,0.0,11.6369,7.0561842918396,2.129119873046875,120.99,0,1,180,1.643,0.7027,1.0,0.662,0.2108,0.3,0.2648,0.7756,1.0589
103.651,2,RETURN_HOME,6.7673,9.4299,-1.9942,0.4274,-1.2062,-2.1479,0.2274,-1.4062,1.4245,0.0,0.0,11.6069,7.0213541984558105,2.1115620136260986,121.24,0,1,180,1.717,0.709,1.0,0.6733,0.2127,0.3,0.2693,0.782,1.0805
103.701,2,RETURN_HOME,6.7813,9.3823,-1.9931,0.412,-1.2215,-2.1518,0.212,-1.4215,1.4373,0.0,0.0,11.5765,6.961484432220459,2.0804522037506104,123.24,0,1,180,1.884,0.7152,1.0,0.6853,0.2146,0.3,0.2741,0.7887,1.1046
103.751,2,RETURN_HOME,6.7978,9.3243,-1.9922,0.3938,-1.241,-2.1565,0.1938,-1.441,1.454,0.0,0.0,11.5392,6.930746555328369,2.0669968128204346,123.24,0,1,180,1.721,0.7223,1.0,0.7002,0.2167,0.3,0.2801,0.7968,1.1364
103.801,2,RETURN_HOME,6.8139,9.2761,-1.9947,0.3797,-1.2571,-2.1602,0.1797,-1.4571,1.4681,0.0,0.0,11.5098,6.895022392272949,2.0518360137939453,121.74,0,1,180,1.842,0.7274,1.0,0.712,0.2182,0.3,0.2848,0.803,1.1607
103.851,2,RETURN_HOME,6.8299,9.2273,-1.9978,0.3659,-1.2731,-2.1639,0.1659,-1.4731,1.4825,0.0,0.0,11.48,6.828531742095947,2.0243396759033203,123.49,0,1,180,1.707,0.7321,1.0,0.7236,0.2196,0.3,0.2894,0.8091,1.1856
103.902,2,RETURN_HOME,6.8482,9.1676,-2.0011,0.3495,-1.2924,-2.1683,0.1495,-1.4924,1.4998,0.0,0.0,11.4431,6.792562961578369,2.0113306045532227,122.99,0,1,180,2.134,0.7375,1.0,0.7374,0.2213,0.3,0.295,0.8162,1.2187
103.951,2,RETURN_HOME,6.8689,9.107,-2.0016,0.3342,-1.3116,-2.1727,0.1342,-1.4,1.4064,0.0,0.0,11.407,6.753121376037598,1.9966819286346436,123.49,0,1,180,1.652,0.7373,1.0,0.6913,0.2212,0.3,0.2765,0.7977,1.2498
104.002,2,RETURN_HOME,6.8824,9.066,-2.0016,0.324,-1.3245,-2.1757,0.124,-1.4,1.4055,0.0,0.0,11.3824,6.718600273132324,1.9841091632843018,123.49,0,1,180,2.073,0.74,1.0,0.6934,0.222,0.3,0.2774,0.7994,1.268
104.051,2,RETURN_HOME,6.9015,9.0034,-2.0016,0.3082,-1.3444,-2.1801,0.1082,-1.4,1.4042,0.0,0.0,11.3443,6.644930362701416,1.9600449800491333,123.99,0,1,180,1.732,0.7444,1.0,0.6969,0.2233,0.3,0.2787,0.8021,1.2966
104.101,2,RETURN_HOME,6.9181,8.9385,-2.0051,0.2919,-1.3624,-2.1843,0.0919,-1.4,1.403,0.0,0.0,11.303,6.602336406707764,1.9474650621414185,124.24,0,1,180,1.521,0.749,1.0,0.7006,0.2247,0.3,0.2802,0.8049,1.3294
104.151,2,RETURN_HOME,6.9309,8.8836,-2.0082,0.278,-1.3749,-2.1878,0.078,-1.4,1.4022,0.0,0.0,11.2675,6.525528430938721,1.9269901514053345,125.74,0,1,180,1.63,0.753,1.0,0.7039,0.2259,0.3,0.2815,0.8074,1.3582
104.201,2,RETURN_HOME,6.9458,8.817,-2.0107,0.2614,-1.3871,-2.1921,0.0614,-1.4,1.4013,0.0,0.0,11.2243,6.4834885597229,1.9164766073226929,123.74,0,1,180,1.529,0.7577,1.0,0.7078,0.2273,0.3,0.2831,0.8104,1.3917
104.251,2,RETURN_HOME,6.9618,8.7492,-2.0096,0.2453,-1.3975,-2.1964,0.0453,-1.4,1.4007,0.0,0.0,11.181,6.438808917999268,1.9065300226211548,125.74,0,1,180,1.733,0.7619,1.0,0.7115,0.2286,0.3,0.2846,0.8132,1.4239
104.3,2,RETURN_HOME,6.9741,8.6923,-2.0088,0.2316,-1.4047,-2.2,0.0316,-1.4,1.4004,0.0,0.0,11.1443,6.35923433303833,1.8880997896194458,127.74,0,1,180,1.01,0.7657,1.0,0.7148,0.2297,0.3,0.2859,0.8156,1.4565
104.351,2,RETURN_HOME,6.9872,8.6235,-2.0078,0.2147,-1.4122,-2.2046,0.0147,-1.4,1.4001,0.0,0.0,11.0989,6.317718505859375,1.8783655166625977,127.24,0,1,180,1.176,0.7703,1.0,0.719,0.2311,0.3,0.2876,0.8187,1.4916
104.4,2,RETURN_HOME,6.9964,8.5652,-2.0068,0.2003,-1.4178,-2.2085,0.0003,-1.4,1.4,0.0,0.0,11.0595,6.274133205413818,1.8703409433364868,124.99,0,1,180,1.083,0.7743,1.0,0.7227,0.2323,0.3,0.2891,0.8214,1.5051
104.451,2,RETURN_HOME,7.0049,8.5069,-2.0059,0.1857,-1.4229,-2.2125,-0.0143,-1.4,1.4001,0.0,0.0,11.0198,6.194461345672607,1.854783535003662,126.99,0,1,180,1.086,0.7784,1.0,0.7266,0.2335,0.3,0.2906,0.8242,1.4132
104.501,2,RETURN_HOME,7.0148,8.4378,-2.0078,0.1682,-1.4282,-2.2174,-0.0318,-1.4,1.4004,0.0,0.0,10.9728,6.1531758308410645,1.847643256187439,127.24,0,1,180,1.075,0.7833,1.0,0.7313,0.235,0.3,0.2925,0.8275,1.3566
104.551,2,RETURN_HOME,7.0241,8.3693,-2.0122,0.1509,-1.4326,-2.2222,-0.0491,-1.4,1.4009,0.0,0.0,10.9263,6.108977794647217,1.8402750492095947,126.74,0,1,180,1.04,0.788,1.0,0.736,0.2364,0.3,0.2944,0.8308,1.2936
104.601,2,RETURN_HOME,7.0297,8.3236,-2.0148,0.1394,-1.4353,-2.2253,-0.0606,-1.4,1.4013,0.0,0.0,10.8949,6.068610668182373,1.8319683074951172,126.24,0,1,180,0.991,0.7912,1.0,0.7391,0.2374,0.3,0.2957,0.833,1.2407
104.65,2,RETURN_HOME,7.0358,8.2563,-2.0208,0.1216,-1.4389,-2.23,-0.0784,-1.4,1.4022,0.0,0.0,10.8475,5.985640525817871,1.822954773902893,128.99,0,1,180,0.992,0.7962,1.0,0.7443,0.2389,0.3,0.2977,0.8366,1.1431
104.701,2,RETURN_HOME,7.0396,8.19,-2.0284,0.1032,-1.4419,-2.2349,-0.0968,-1.4,1.4033,0.0,0.0,10.7996,5.93856954574585,1.8176430463790894,126.99,0,1,180,1.074,0.8015,1.0,0.7499,0.2405,0.3,0.2999,0.8404,1.0804
104.75,2,RETURN_HOME,7.0423,8.1343,-2.0336,0.088,-1.4443,-2.239,-0.112,-1.3,1.3048,0.0,0.0,10.7593,5.8546929359436035,1.8078618049621582,127.49,0,1,180,1.034,0.8094,1.0,0.7041,0.2428,0.3,0.2816,0.8245,1.2232
104.8,2,RETURN_HOME,7.0462,8.0671,-2.0384,0.0704,-1.4471,-2.2439,-0.1296,-1.3,1.3064,0.0,0.0,10.7111,5.818166255950928,1.804855465888977,128.74,0,1,180,0.975,0.8147,1.0,0.7096,0.2444,0.3,0.2838,0.8282,1.1625
104.85,2,RETURN_HOME,7.0499,7.9995,-2.0418,0.0533,-1.4495,-2.2486,-0.1467,-1.3,1.3083,0.0,0.0,10.6627,5.768457412719727,1.8002326488494873,128.74,0,1,180,1.038,0.8197,1.0,0.7149,0.2459,0.3,0.286,0.8319,1.0967
104.9,2,RETURN_HOME,7.0523,7.9428,-2.0439,0.039,-1.4494,-2.2524,-0.161,-1.3,1.3099,0.0,0.0,10.6218,5.683102607727051,1.793550968170166,128.24,0,1,180,1.08,0.8237,1.0,0.7193,0.2471,0.3,0.2877,0.8348,0.9995
104.951,2,RETURN_HOME,7.0551,7.8769,-2.0481,0.022,-1.4457,-2.257,-0.178,-1.3,1.3121,0.0,0.0,10.5745,5.64168643951416,1.7918022871017456,128.49,0,1,180,1.137,0.8285,1.0,0.7247,0.2485,0.3,0.2899,0.8384,0.9384
105.001,2,RETURN_HOME,7.0567,7.8217,-2.0507,0.0076,-1.4413,-2.2609,-0.1924,-1.3,1.3142,0.0,0.0,10.5345,5.593705654144287,1.790558934211731,131.0,0,1,180,1.221,0.8326,1.0,0.7294,0.2498,0.3,0.2918,0.8415,0.8784
105.051,2,RETURN_HOME,7.0575,7.7665,-2.0526,-0.0071,-1.4362,-2.2649,-0.2071,-1.2,1.2177,0.0,0.0,10.4941,5.509932518005371,1.786716103553772,128.24,0,1,180,1.067,0.8437,1.0,0.6849,0.2531,0.3,0.274,0.8271,1.0371
105.1,2,RETURN_HOME,7.054,7.7004,-2.0521,-0.0265,-1.4298,-2.2697,-0.2265,-1.2,1.2212,0.0,0.0,10.443,5.467988014221191,1.7868354320526123,130.0,0,1,180,1.046,0.8499,1.0,0.6919,0.255,0.3,0.2768,0.8317,0.975
105.15,2,RETURN_HOME,7.05,7.6342,-2.0512,-0.0459,-1.4237,-2.2745,-0.2459,-1.2,1.2249,0.0,0.0,10.3915,5.4187140464782715,1.7860841751098633,129.24,0,1,180,0.989,0.8559,1.0,0.699,0.2568,0.3,0.2796,0.8364,0.9038
105.201,2,RETURN_HOME,7.0471,7.579,-2.0495,-0.0615,-1.4173,-2.2784,-0.2615,-1.2,1.2282,0.0,0.0,10.349,5.334225654602051,1.7855578660964966,130.75,0,1,180,1.105,0.8605,1.0,0.7046,0.2582,0.3,0.2818,0.84,0.8038
105.251,2,RETURN_HOME,7.0471,7.5122,-2.0449,-0.0785,-1.4085,-2.283,-0.1785,-1.2,1.2132,0.0,0.0,10.3002,5.295460224151611,1.7884787321090698,130.25,0,1,180,1.052,0.822,1.0,0.6649,0.2466,0.3,0.2659,0.8126,0.8991
105.3,2,RETURN_HOME,7.0461,7.4567,-2.0413,-0.093,-1.4003,-2.2869,-0.193,-1.2,1.2154,0.0,0.0,10.2591,5.246062278747559,1.7896796464920044,130.25,0,1,180,1.014,0.8267,1.0,0.6698,0.248,0.3,0.2679,0.8159,0.8352
105.351,2,RETURN_HOME,7.0443,7.4024,-2.0356,-0.1082,-1.3914,-2.2909,-0.3082,-1.1,1.1424,0.0,0.0,10.2185,5.163771152496338,1.793182134628296,130.75,0,1,180,1.622,0.8835,1.0,0.6729,0.2651,0.3,0.2692,0.8342,0.87
105.401,2,RETURN_HOME,7.0412,7.3391,-2.0256,-0.1248,-1.3801,-2.2958,-0.3248,-1.1,1.1469,0.0,0.0,10.1706,5.123254299163818,1.7952440977096558,131.0,0,1,180,1.494,0.8881,1.0,0.6791,0.2664,0.3,0.2716,0.8381,0.8151
105.451,2,RETURN_HOME,7.0369,7.2758,-2.0169,-0.1391,-1.3694,-2.3004,-0.3391,-1.1,1.1511,0.0,0.0,10.122,5.076728343963623,1.7976268529891968,130.5,0,1,180,1.78,0.8917,1.0,0.6843,0.2675,0.3,0.2737,0.8412,0.7354
105.501,2,RETURN_HOME,7.0336,7.224,-2.0091,-0.1509,-1.3592,-2.304,-0.2509,-1.1,1.1283,0.0,0.0,10.0825,4.9924845695495605,1.8049317598342896,131.0,0,1,180,1.573,0.8537,1.0,0.6421,0.2561,0.3,0.2568,0.8129,0.7239
105.551,2,RETURN_HOME,7.0294,7.1624,-1.9998,-0.1662,-1.3455,-2.3084,-0.2662,-1.1,1.1318,0.0,0.0,10.0356,4.953736305236816,1.8076386451721191,132.25,0,1,180,1.744,0.8584,1.0,0.6477,0.2575,0.3,0.2591,0.8166,0.668
105.601,2,RETURN_HOME,7.0239,7.1011,-1.992,-0.1833,-1.3311,-2.3129,-0.1833,-1.1,1.1152,0.0,0.0,9.988,4.902701377868652,1.8142002820968628,134.25,0,1,180,1.526,0.8169,1.0,0.6073,0.2451,0.3,0.2429,0.788,0.7468
105.651,2,RETURN_HOME,7.0218,7.0516,-1.9859,-0.1956,-1.318,-2.3168,-0.1956,-1.1,1.1173,0.0,0.0,9.9514,4.823505878448486,1.8229399919509888,131.0,0,1,180,1.563,0.8212,1.0,0.6116,0.2464,0.3,0.2447,0.791,0.6567
105.701,2,RETURN_HOME,7.0178,6.9924,-1.9799,-0.2094,-1.3028,-2.3215,-0.1094,-1.1,1.1054,0.0,0.0,9.9067,4.783998489379883,1.8287972211837769,134.5,0,1,180,1.639,0.7724,1.0,0.5693,0.2317,0.3,0.2277,0.7594,0.8029
105.752,2,RETURN_HOME,7.0134,6.9431,-1.9757,-0.2182,-1.2908,-2.3255,-0.1182,-1.0908,1.0972,0.0,0.0,9.8689,4.739049911499023,1.8342907428741455,131.0,0,1,180,1.59,0.776,1.0,0.5676,0.2328,0.3,0.227,0.7598,0.7752
105.802,2,RETURN_HOME,7.0082,6.8925,-1.9762,-0.2251,-1.2803,-2.3294,-0.1251,-1.0803,1.0876,0.0,0.0,9.8296,4.663395881652832,1.8449138402938843,133.75,0,1,180,1.888,0.7786,1.0,0.5645,0.2336,0.3,0.2258,0.7594,0.7229
105.851,2,RETURN_HOME,7.0011,6.8322,-1.9769,-0.229,-1.269,-2.3339,-0.129,-1.069,1.0767,0.0,0.0,9.7824,4.620159149169922,1.8527297973632812,133.75,0,1,180,1.59,0.7791,1.0,0.5593,0.2337,0.3,0.2237,0.7575,0.7132
105.901,2,RETURN_HOME,6.9928,6.772,-1.9783,-0.2289,-1.259,-2.3382,-0.1289,-1.059,1.0668,0.0,0.0,9.7344,4.579209804534912,1.8587617874145508,133.25,0,1,180,1.657,0.7774,1.0,0.5529,0.2332,0.3,0.2211,0.7544,0.706
105.951,2,RETURN_HOME,6.9833,6.7213,-1.9806,-0.2277,-1.2516,-2.3416,-0.1277,-1.0516,1.0593,0.0,0.0,9.6924,4.499955177307129,1.87168288230896,132.25,0,1,180,1.799,0.7752,1.0,0.5475,0.2326,0.3,0.219,0.7516,0.6179
106.001,2,RETURN_HOME,6.972,6.6609,-1.9832,-0.225,-1.243,-2.3455,-0.125,-1.043,1.0504,0.0,0.0,9.6424,4.459702968597412,1.87672758102417,134.0,0,1,180,1.84,0.7719,1.0,0.5406,0.2316,0.3,0.2162,0.7478,0.5953
106.051,2,RETURN_HOME,6.9624,6.6112,-1.9862,-0.2225,-1.2356,-2.3487,-0.1225,-1.0356,1.0428,0.0,0.0,9.6012,4.414416313171387,1.885634422302246,133.75,0,1,180,1.816,0.769,1.0,0.5346,0.2307,0.3,0.2138,0.7445,0.574
106.101,2,RETURN_HOME,6.9526,6.5622,-1.9904,-0.22,-1.2278,-2.3519,-0.12,-1.0278,1.0348,0.0,0.0,9.5604,4.336116790771484,1.8992962837219238,133.0,0,1,180,1.597,0.7661,1.0,0.5285,0.2298,0.3,0.2114,0.7412,0.5405
106.151,2,RETURN_HOME,6.9411,6.5038,-1.9949,-0.2174,-1.2181,-2.3557,-0.1174,-1.0181,1.0248,0.0,0.0,9.512,4.29543399810791,1.9055839776992798,133.5,0,1,180,1.681,0.7628,1.0,0.5212,0.2288,0.3,0.2085,0.7373,0.5445
106.201,2,RETURN_HOME,6.9328,6.4552,-1.9958,-0.215,-1.2096,-2.3588,-0.115,-1.0096,1.0161,0.0,0.0,9.4728,4.250128269195557,1.912699580192566,133.75,0,1,180,1.526,0.7599,1.0,0.5148,0.228,0.3,0.2059,0.7339,0.5384
106.251,2,RETURN_HOME,6.9262,6.4068,-1.9932,-0.2121,-1.201,-2.362,-0.1121,-1.001,1.0073,0.0,0.0,9.435,4.172748565673828,1.9251474142074585,134.25,0,1,180,1.541,0.7565,1.0,0.508,0.227,0.3,0.2032,0.7302,0.5101
106.301,2,RETURN_HOME,6.918,6.3492,-1.9905,-0.209,-1.1904,-2.3659,-0.109,-0.9904,0.9964,0.0,0.0,9.39,4.130988597869873,1.931347370147705,134.25,0,1,180,1.69,0.7527,1.0,0.5,0.2258,0.3,0.2,0.7258,0.5164
106.351,2,RETURN_HOME,6.9112,6.3015,-1.9878,-0.2064,-1.1814,-2.3691,-0.1064,-0.9814,0.9871,0.0,0.0,9.3528,4.087522983551025,1.9383496046066284,134.75,0,1,180,1.896,0.7495,1.0,0.4932,0.2248,0.3,0.1973,0.7221,0.5148
106.401,2,RETURN_HOME,6.903,6.2448,-1.984,-0.203,-1.1703,-2.373,-0.103,-0.9703,0.9758,0.0,0.0,9.3086,4.011316776275635,1.9512795209884644,135.0,0,1,180,1.787,0.7454,1.0,0.4849,0.2236,0.3,0.194,0.7176,0.4978
106.451,2,RETURN_HOME,6.8948,6.1887,-1.9809,-0.1999,-1.1594,-2.3769,-0.0999,-0.9594,0.9646,0.0,0.0,9.2649,3.9727210998535156,1.958012342453003,134.75,0,1,180,1.785,0.7415,1.0,0.4768,0.2224,0.3,0.1907,0.7132,0.5041
106.501,2,RETURN_HOME,6.8876,6.1415,-1.979,-0.1973,-1.1509,-2.3801,-0.0973,-0.9509,0.9558,0.0,0.0,9.228,3.928014039993286,1.9647715091705322,134.5,0,1,180,1.739,0.738,1.0,0.4703,0.2214,0.3,0.1881,0.7095,0.5029
106.551,2,RETURN_HOME,6.8803,6.0946,-1.9777,-0.1947,-1.1425,-2.3832,-0.0947,-0.9425,0.9472,0.0,0.0,9.1915,3.890303373336792,1.970733880996704,135.0,0,1,180,1.946,0.7346,1.0,0.4639,0.2204,0.3,0.1856,0.7059,0.4985
106.601,2,RETURN_HOME,6.8717,6.0389,-1.9766,-0.1917,-1.1323,-2.387,-0.0917,-0.9323,0.9368,0.0,0.0,9.1481,3.813878059387207,1.9828678369522095,134.25,0,1,180,1.534,0.7305,1.0,0.4562,0.2191,0.3,0.1825,0.7016,0.4584
106.651,2,RETURN_HOME,6.8642,5.9909,-1.9744,-0.1893,-1.1247,-2.3902,-0.0893,-0.9247,0.929,0.0,0.0,9.1108,3.7719814777374268,1.9875447750091553,134.75,0,1,180,1.672,0.7269,1.0,0.4502,0.2181,0.3,0.1801,0.6981,0.4448
106.701,2,RETURN_HOME,6.8566,5.943,-1.9723,-0.1868,-1.1171,-2.3933,-0.0868,-0.9171,0.9212,0.0,0.0,9.0737,3.7327747344970703,1.994075894355774,134.25,0,1,180,1.626,0.7233,1.0,0.4442,0.217,0.3,0.1777,0.6946,0.4363
106.751,2,RETURN_HOME,6.8477,5.8863,-1.9705,-0.1839,-1.1076,-2.3971,0.0161,-1.1076,1.1077,0.0,0.0,9.03,3.6579363346099854,2.007695198059082,135.0,0,1,180,1.495,0.6408,1.0,0.4732,0.1922,0.3,0.1893,0.6815,0.6682
106.801,2,RETURN_HOME,6.839,5.8306,-1.9701,-0.1807,-1.0969,-2.401,-0.0807,-0.8969,0.9005,0.0,0.0,8.987,3.617342710494995,2.014315605163574,134.5,0,1,180,1.485,0.7144,1.0,0.4289,0.2143,0.3,0.1716,0.6859,0.4067
106.851,2,RETURN_HOME,6.8317,5.7848,-1.9702,-0.1783,-1.0873,-2.4043,-0.0783,-0.8873,0.8908,0.0,0.0,8.9519,3.5811774730682373,2.019097328186035,134.75,0,1,180,1.495,0.7108,1.0,0.4221,0.2132,0.3,0.1689,0.6821,0.4059
106.902,2,RETURN_HOME,6.8228,5.7309,-1.9703,-0.1737,-1.0807,-2.4082,-0.0737,-0.8807,0.8838,0.0,0.0,8.9103,3.5072128772735596,2.031193971633911,135.0,0,1,180,2.153,0.7048,1.0,0.4152,0.2114,0.3,0.1661,0.6775,0.395
106.951,2,RETURN_HOME,6.8138,5.6873,-1.9685,-0.1702,-1.0746,-2.4113,-0.0702,-0.8746,0.8774,0.0,0.0,8.8754,3.4669275283813477,2.0379741191864014,135.0,0,1,180,1.708,0.7002,1.0,0.4095,0.2101,0.3,0.1638,0.6739,0.3994
107.001,2,RETURN_HOME,6.8052,5.6441,-1.9672,-0.1668,-1.0676,-2.4143,-0.0668,-0.8676,0.8702,0.0,0.0,8.8411,3.3926806449890137,2.0506186485290527,135.0,0,1,180,1.742,0.6956,1.0,0.4035,0.2087,0.3,0.1614,0.6701,0.3914
107.051,2,RETURN_HOME,6.7956,5.593,-1.9665,-0.1631,-1.0577,-2.418,0.0369,-1.1577,1.1583,0.0,0.0,8.8012,3.35764479637146,2.0556936264038086,135.0,0,1,180,1.677,0.6105,1.0,0.4715,0.1832,0.3,0.1886,0.6718,0.6733
107.101,2,RETURN_HOME,6.7882,5.5437,-1.968,-0.1598,-1.0454,-2.4218,0.0402,-1.1454,1.1461,0.0,0.0,8.7643,3.317976236343384,2.060365676879883,134.5,0,1,180,1.721,0.605,1.0,0.4622,0.1815,0.3,0.1849,0.6664,0.6776
107.151,2,RETURN_HOME,6.7821,5.5031,-1.9695,-0.1576,-1.0337,-2.4252,0.0424,-1.1337,1.1345,0.0,0.0,8.7339,3.282358169555664,2.0661122798919678,135.0,0,1,180,1.683,0.6007,1.0,0.4543,0.1802,0.3,0.1817,0.6619,0.6719
107.201,2,RETURN_HOME,6.7745,5.4545,-1.9723,-0.1541,-1.0261,-2.4296,0.0459,-1.1261,1.1271,0.0,0.0,8.6974,3.209401845932007,2.078897714614868,134.75,0,1,180,1.715,0.5949,1.0,0.447,0.1785,0.3,0.1788,0.6572,0.6675
107.251,2,RETURN_HOME,6.768,5.414,-1.9751,-0.1493,-1.0257,-2.4332,0.0507,-1.1257,1.1268,0.0,0.0,8.667,3.172912359237671,2.083780527114868,135.0,0,1,180,1.66,0.5889,1.0,0.4424,0.1767,0.3,0.1769,0.6536,0.6732
107.301,2,RETURN_HOME,6.7619,5.3733,-1.9778,-0.1427,-1.0297,-2.4367,0.0573,-1.1297,1.1312,0.0,0.0,8.6369,3.099184989929199,2.0930540561676025,134.75,0,1,180,1.676,0.5817,1.0,0.4387,0.1745,0.3,0.1755,0.65,0.6621
107.351,2,RETURN_HOME,6.7573,5.3238,-1.9832,-0.1319,-1.0387,-2.4407,-0.0319,-0.9387,0.9393,0.0,0.0,8.6025,3.063621759414673,2.0973684787750244,135.0,0,1,180,1.627,0.6452,1.0,0.404,0.1936,0.3,0.1616,0.6552,0.4527
107.401,2,RETURN_HOME,6.7552,5.2734,-1.99,-0.119,-1.0502,-2.4444,-0.019,-0.9502,0.9504,0.0,0.0,8.5698,3.024817943572998,2.102104425430298,135.0,0,1,180,1.586,0.631,1.0,0.3998,0.1893,0.3,0.1599,0.6492,0.4809
107.451,2,RETURN_HOME,6.7535,5.231,-1.995,-0.1079,-1.0605,-2.4471,-0.0079,-0.9605,0.9605,0.0,0.0,8.5425,2.9859559535980225,2.106826066970825,134.75,0,1,180,1.668,0.6188,1.0,0.3963,0.1856,0.3,0.1585,0.6442,0.5086
107.501,2,RETURN_HOME,6.7523,5.1794,-2.0021,-0.0963,-1.0682,-2.4501,0.0037,-0.9682,0.9682,0.0,0.0,8.5099,2.9130468368530273,2.1147103309631348,135.0,0,1,180,1.587,0.6056,1.0,0.3909,0.1817,0.3,0.1564,0.638,0.5254
107.551,2,RETURN_HOME,6.7514,5.1361,-2.0079,-0.0889,-1.0699,-2.4527,0.0111,-0.9699,0.97,0.0,0.0,8.483,2.8677968978881836,2.1196000576019287,135.0,0,1,180,1.663,0.5963,1.0,0.3856,0.1789,0.3,0.1542,0.6331,0.5389
107.601,2,RETURN_HOME,6.7505,5.0928,-2.013,-0.0835,-1.068,-2.4557,0.0165,-0.968,0.9682,0.0,0.0,8.4561,2.8290369510650635,2.121799945831299,135.0,0,1,180,1.652,0.5886,1.0,0.3799,0.1766,0.3,0.152,0.6285,0.5502
107.651,2,RETURN_HOME,6.75,5.0438,-2.0135,-0.0786,-1.0615,-2.4596,0.0214,-0.9615,0.9617,0.0,0.0,8.4263,2.74983549118042,2.130037546157837,135.0,0,1,180,1.598,0.5806,1.0,0.3722,0.1742,0.3,0.1489,0.6231,0.5493
107.701,2,RETURN_HOME,6.7494,4.9954,-2.0129,-0.0747,-1.0531,-2.4638,0.0253,-0.9531,0.9534,0.0,0.0,8.3969,2.7081544399261475,2.1319854259490967,135.0,0,1,180,1.524,0.5734,1.0,0.3645,0.172,0.3,0.1458,0.6178,0.5567
107.751,2,RETURN_HOME,6.7486,4.955,-2.0124,-0.0719,-1.0459,-2.4674,0.0281,-1.0459,1.0463,0.0,0.0,8.3723,2.669833183288574,2.1383414268493652,135.0,0,1,180,1.701,0.57,1.0,0.3976,0.171,0.3,0.159,0.63,0.5571
107.801,2,RETURN_HOME,6.744,4.9056,-2.0114,-0.0696,-1.0386,-2.4718,0.0304,-1.0386,1.0391,0.0,0.0,8.3394,2.5946099758148193,2.102776050567627,29.4,0,1,180,1.541,0.5643,1.0,0.3909,0.1693,0.3,0.1564,0.6257,0.5531
107.851,2,RETURN_HOME,6.7403,4.8645,-2.0106,-0.0673,-1.0329,-2.4755,0.0327,-1.0329,1.0335,0.0,0.0,8.3124,2.5527312755584717,2.0636208057403564,29.4,0,1,180,1.647,0.5593,1.0,0.3853,0.1678,0.3,0.1541,0.6219,0.5531
107.901,2,RETURN_HOME,6.737,4.8238,-2.01,-0.0648,-1.0296,-2.4794,0.0352,-1.0296,1.0302,0.0,0.0,8.2859,2.515775680541992,2.037468671798706,29.15,0,1,180,1.566,0.554,1.0,0.3805,0.1662,0.3,0.1522,0.6184,0.5542
107.951,2,RETURN_HOME,6.7339,4.7755,-2.0099,-0.061,-1.0284,-2.484,0.039,-1.0284,1.0292,0.0,0.0,8.2554,2.4382505416870117,1.9686505794525146,29.15,0,1,180,1.593,0.5471,1.0,0.3754,0.1641,0.3,0.1502,0.6143,0.5494
108.001,2,RETURN_HOME,6.731,4.7271,-2.0097,-0.0567,-1.0296,-2.4886,0.0433,-1.0296,1.0305,0.0,0.0,8.225,2.399793863296509,1.9347890615463257,28.9,0,1,180,1.597,0.5399,1.0,0.3709,0.162,0.3,0.1484,0.6103,0.5551
108.052,2,RETURN_HOME,6.7274,4.687,-2.0105,-0.0534,-1.0314,-2.4925,0.0466,-1.0314,1.0324,0.0,0.0,8.1991,2.360886812210083,1.9059197902679443,28.65,0,1,180,1.882,0.5341,1.0,0.3676,0.1602,0.3,0.147,0.6073,0.5609
108.102,2,RETURN_HOME,6.7211,4.6395,-2.0126,-0.0501,-1.0334,-2.4971,0.0499,-1.0334,1.0346,0.0,0.0,8.1669,2.28639554977417,1.8402588367462158,28.4,0,1,180,2.231,0.5277,1.0,0.364,0.1583,0.3,0.1456,0.6039,0.5483
108.151,2,RETURN_HOME,6.7165,4.5996,-2.0141,-0.0472,-1.0352,-2.501,0.0528,-1.0352,1.0365,0.0,0.0,8.1405,2.2424535751342773,1.8095780611038208,28.15,0,1,180,1.652,0.5222,1.0,0.3609,0.1567,0.3,0.1443,0.601,0.5491
108.201,2,RETURN_HOME,6.7127,4.5589,-2.0158,-0.0439,-1.0368,-2.5049,0.0561,-1.0368,1.0383,0.0,0.0,8.1144,2.204118490219116,1.7773456573486328,28.15,0,1,180,1.792,0.5163,1.0,0.3574,0.1549,0.3,0.143,0.5979,0.5546
108.251,2,RETURN_HOME,6.7092,4.5091,-2.0183,-0.0396,-1.0388,-2.5096,0.0604,-1.0388,1.0405,0.0,0.0,8.0837,2.1274969577789307,1.7174627780914307,27.4,0,1,180,1.58,0.5087,1.0,0.3528,0.1526,0.3,0.1411,0.5937,0.5548
108.301,2,RETURN_HOME,6.7062,4.4592,-2.0203,-0.0352,-1.0404,-2.5142,0.0648,-1.0404,1.0424,0.0,0.0,8.0534,2.080876111984253,1.68205726146698,27.15,0,1,180,1.643,0.5009,1.0,0.3481,0.1503,0.3,0.1392,0.5895,0.5567
108.351,2,RETURN_HOME,6.7015,4.4184,-2.0254,-0.0325,-1.041,-2.518,0.0675,-1.041,1.0432,0.0,0.0,8.0269,2.041182518005371,1.6528668403625488,26.9,0,1,180,1.798,0.4953,1.0,0.3477,0.1486,0.3,0.1391,0.5877,0.5545
108.401,2,RETURN_HOME,6.6966,4.3777,-2.0308,-0.03,-1.0416,-2.5219,0.07,-1.0416,1.0439,0.0,0.0,8.0006,1.9613895416259766,1.594822883605957,26.15,0,1,180,1.73,0.4898,1.0,0.348,0.1469,0.3,0.1392,0.5861,0.5461
108.451,2,RETURN_HOME,6.6915,4.3287,-2.0361,-0.0268,-1.0421,-2.5265,0.0732,-1.0421,1.0447,0.0,0.0,7.9696,1.9175026416778564,1.5580626726150513,25.9,0,1,180,1.71,0.483,1.0,0.3482,0.1449,0.3,0.1393,0.5842,0.5516
108.501,2,RETURN_HOME,6.6881,4.2866,-2.0379,-0.0238,-1.0432,-2.5303,0.0762,-1.0432,1.0459,0.0,0.0,7.9439,1.8765891790390015,1.5272201299667358,25.65,0,1,180,1.571,0.4769,1.0,0.3486,0.1431,0.3,0.1395,0.5825,0.55
108.552,2,RETURN_HOME,6.6852,4.2442,-2.0387,-0.0207,-1.0444,-2.5342,0.0793,-0.9444,0.9477,0.0,0.0,7.9186,1.794283390045166,1.4671063423156738,24.9,0,1,180,1.855,0.4634,1.0,0.3159,0.139,0.3,0.1264,0.5654,0.5524
108.601,2,RETURN_HOME,6.6822,4.1933,-2.0393,-0.0166,-1.046,-2.539,0.0834,-0.946,0.9497,0.0,0.0,7.8889,1.7491892576217651,1.4394112825393677,24.15,0,1,180,1.727,0.4551,1.0,0.3166,0.1365,0.3,0.1266,0.5632,0.5562
108.651,2,RETURN_HOME,6.6807,4.1528,-2.0357,-0.0129,-1.047,-2.543,0.0871,-0.947,0.951,0.0,0.0,7.8662,1.707497000694275,1.4081151485443115,23.9,0,1,180,1.697,0.4479,1.0,0.317,0.1344,0.3,0.1268,0.5612,0.5488
108.701,2,RETURN_HOME,6.6797,4.1125,-2.0313,-0.0087,-1.0464,-2.5469,0.0913,-0.9464,0.9507,0.0,0.0,7.8441,1.6643866300582886,1.3777858018875122,23.4,0,1,180,1.665,0.4401,1.0,0.3169,0.132,0.3,0.1268,0.5588,0.5536
108.751,2,RETURN_HOME,6.6788,4.0639,-2.0265,-0.0037,-1.0433,-2.5517,0.0963,-0.9433,0.9482,0.0,0.0,7.818,1.5745245218276978,1.3198000192642212,22.15,0,1,180,1.645,0.4303,1.0,0.3161,0.1291,0.3,0.1264,0.5555,0.5501
108.802,2,RETURN_HOME,6.679,4.0238,-2.0238,0.0007,-1.0393,-2.5556,0.1007,-0.9393,0.9447,0.0,0.0,7.7974,1.5324376821517944,1.2922909259796143,21.65,0,1,180,1.957,0.4218,1.0,0.3149,0.1265,0.3,0.126,0.5525,0.5516
108.852,2,RETURN_HOME,6.6794,3.9757,-2.0209,0.0057,-1.0335,-2.5604,0.1057,-1.0335,1.0388,0.0,0.0,7.7731,1.4878723621368408,1.26192045211792,20.89,0,1,180,1.79,0.4214,1.0,0.3463,0.1264,0.3,0.1385,0.5649,0.544
108.901,2,RETURN_HOME,6.68,3.9356,-2.0189,0.0097,-1.028,-2.5645,0.1097,-1.028,1.0339,0.0,0.0,7.7531,1.3981631994247437,1.207535743713379,19.14,0,1,180,1.656,0.4133,1.0,0.3446,0.124,0.3,0.1378,0.5618,0.5362
108.951,2,RETURN_HOME,6.6823,3.8865,-2.0176,0.0153,-1.0216,-2.5694,0.1153,-1.0216,1.0281,0.0,0.0,7.7303,1.354123830795288,1.1815896034240723,18.64,0,1,180,1.661,0.4027,1.0,0.3427,0.1208,0.3,0.1371,0.5579,0.5408
109.002,2,RETURN_HOME,6.6843,3.8457,-2.0167,0.0195,-1.018,-2.5736,0.1195,-1.018,1.025,0.0,0.0,7.7116,1.3114935159683228,1.1552443504333496,17.89,0,1,180,2.007,0.3942,1.0,0.3417,0.1183,0.3,0.1367,0.5549,0.5349
109.051,2,RETURN_HOME,6.6867,3.7975,-2.0135,0.0245,-1.0159,-2.5786,0.1245,-1.0159,1.0235,0.0,0.0,7.6897,1.2195225954055786,1.103703260421753,15.89,0,1,180,1.72,0.3844,1.0,0.3412,0.1153,0.3,0.1365,0.5518,0.5357
109.101,2,RETURN_HOME,6.6887,3.758,-2.0073,0.0286,-1.0154,-2.5829,0.1286,-1.0154,1.0235,0.0,0.0,7.6721,1.1755560636520386,1.0766233205795288,14.89,0,1,180,1.681,0.3764,1.0,0.3412,0.1129,0.3,0.1365,0.5494,0.5318
109.151,2,RETURN_HOME,6.6912,3.7105,-2.001,0.0337,-1.0161,-2.5881,0.1337,-1.0161,1.0249,0.0,0.0,7.6511,1.1316148042678833,1.0537686347961426,13.89,0,1,180,1.811,0.3667,1.0,0.3416,0.11,0.3,0.1367,0.5467,0.5359
109.201,2,RETURN_HOME,6.6936,3.6707,-1.9955,0.0383,-1.0176,-2.5925,0.0383,-0.9176,0.9184,0.0,0.0,7.634,1.0381168127059937,1.005312204360962,11.64,0,1,180,1.795,0.4438,0.9318,0.3061,0.1331,0.2795,0.1225,0.5351,0.465
109.251,2,RETURN_HOME,6.697,3.6306,-1.9873,0.0436,-1.0196,-2.5969,0.0436,-0.9196,0.9206,0.0,0.0,7.6179,0.991594135761261,0.9845236539840698,10.38,0,1,180,1.715,0.4345,0.9411,0.3069,0.1303,0.2823,0.1227,0.5354,0.4692
109.302,2,RETURN_HOME,6.7012,3.5823,-1.9789,0.0502,-1.0223,-2.6021,0.0502,-0.9223,0.9236,0.0,0.0,7.5986,0.9642333388328552,0.9642333388328552,8.88,0,1,180,2.652,0.4228,0.9537,0.3079,0.1268,0.2861,0.1232,0.5361,0.4714
109.351,2,RETURN_HOME,6.7056,3.5427,-1.9716,0.0539,-1.0227,-2.6063,0.0539,-0.9227,0.9243,0.0,0.0,7.5839,0.9215892553329468,0.9215892553329468,6.38,0,1,180,1.66,0.4148,0.9417,0.3081,0.1244,0.2825,0.1232,0.5302,0.4704
109.401,2,RETURN_HOME,6.7124,3.4964,-1.9615,0.0559,-1.0204,-2.6114,0.0559,-0.9204,0.9221,0.0,0.0,7.5684,0.9035148024559021,0.9035148024559021,4.63,0,1,180,1.711,0.4073,0.9384,0.3074,0.1222,0.2815,0.1229,0.5267,0.4714
109.452,2,RETURN_HOME,6.7175,3.4576,-1.9547,0.0558,-1.0165,-2.6157,0.0558,-0.9165,0.9182,0.0,0.0,7.5551,0.8863786458969116,0.8863786458969116,3.13,0,1,180,1.91,0.4028,0.94,0.3061,0.1208,0.282,0.1224,0.5253,0.4734
109.501,2,RETURN_HOME,6.7224,3.4181,-1.9483,0.0546,-1.012,-2.6202,0.0546,-0.912,0.9136,0.0,0.0,7.5415,0.8479897379875183,0.8479897379875183,-0.38,0,1,180,1.637,0.3992,0.9383,0.3045,0.1197,0.2815,0.1218,0.523,0.4646
109.551,2,RETURN_HOME,6.7278,3.3702,-1.9416,0.0524,-1.0059,-2.6259,0.0524,-0.9059,0.9074,0.0,0.0,7.5247,0.8350293040275574,0.8350293040275574,-1.88,0,1,180,1.761,0.3955,0.9365,0.3025,0.1186,0.2809,0.121,0.5206,0.462
109.601,2,RETURN_HOME,6.7318,3.3305,-1.9374,0.0504,-1.0005,-2.6307,0.0504,-0.9005,0.9019,0.0,0.0,7.5106,0.8207858204841614,0.8207858204841614,-3.88,0,1,180,1.562,0.3926,0.9326,0.3006,0.1178,0.2798,0.1203,0.5178,0.4629
109.651,2,RETURN_HOME,6.7366,3.2839,-1.9359,0.0484,-0.9935,-2.6367,-0.1516,-0.7935,0.8078,0.0,0.0,7.4944,0.7968297004699707,0.7968297004699707,-7.88,0,1,180,1.51,0.5991,0.6998,0.3227,0.1797,0.2099,0.1291,0.5187,0.3456
109.701,2,RETURN_HOME,6.7403,3.2455,-1.9364,0.0471,-0.9876,-2.6417,-0.1529,-0.7876,0.8023,0.0,0.0,7.481,0.7856957912445068,0.7856957912445068,-9.63,0,1,180,1.542,0.5976,0.7038,0.3196,0.1793,0.2111,0.1279,0.5183,0.3534
109.751,2,RETURN_HOME,6.7445,3.1995,-1.9378,0.0468,-0.9813,-2.6475,-0.1532,-0.7813,0.7961,0.0,0.0,7.4649,0.7826777696609497,0.7756071090698242,-11.64,0,1,180,1.684,0.5945,0.7105,0.3155,0.1783,0.2131,0.1262,0.5177,0.3568
109.801,2,RETURN_HOME,6.748,3.1616,-1.9381,0.043,-0.9751,-2.6523,-0.157,-0.7751,0.7909,0.0,0.0,7.452,0.7836490273475647,0.768467366695404,-13.64,0,1,180,1.583,0.5956,0.7154,0.314,0.1787,0.2146,0.1256,0.5189,0.3586
109.851,2,RETURN_HOME,6.7513,3.1239,-1.9387,0.0356,-0.9674,-2.657,-0.1644,-0.7674,0.7848,0.0,0.0,7.439,0.7802386283874512,0.7537252902984619,-18.14,0,1,180,1.514,0.6007,0.7264,0.3143,0.1802,0.2179,0.1257,0.5238,0.3624
109.901,2,RETURN_HOME,6.7544,3.0789,-1.9399,0.023,-0.956,-2.6629,-0.177,-0.756,0.7764,0.0,0.0,7.423,0.7798479795455933,0.7492839097976685,-19.64,0,1,180,1.613,0.6113,0.7217,0.3164,0.1834,0.2165,0.1266,0.5265,0.3593
109.952,2,RETURN_HOME,6.7559,3.0402,-1.9379,0.01,-0.9459,-2.668,-0.19,-0.8459,0.867,0.0,0.0,7.4084,0.7792168259620667,0.7425008416175842,-22.4,0,1,180,1.761,0.6002,0.7632,0.3469,0.1801,0.229,0.1388,0.5478,0.3763
110.001,2,RETURN_HOME,6.7568,2.9945,-1.9364,-0.0065,-0.9325,-2.6743,-0.2065,-0.8325,0.8577,0.0,0.0,7.3906,11.565655708312988,0.740307629108429,-25.9,0,1,180,1.713,0.6134,0.7652,0.3507,0.184,0.2296,0.1403,0.5539,0.373
110.051,2,RETURN_HOME,6.7569,2.9569,-1.9359,-0.0205,-0.9206,-2.6796,-0.2205,-0.8206,0.8498,0.0,0.0,7.3756,11.5759916305542,0.7369898557662964,-26.4,0,1,180,1.679,0.6249,0.7596,0.354,0.1875,0.2279,0.1416,0.557,0.3718
110.101,2,RETURN_HOME,6.7507,2.9133,-1.9398,-0.0396,-0.9085,-2.686,-0.2396,-0.8085,0.8433,0.0,0.0,7.3525,11.614503860473633,0.7340412139892578,-26.4,0,1,180,1.55,0.6407,0.7594,0.3602,0.1922,0.2278,0.1441,0.5641,0.3779
110.151,2,RETURN_HOME,6.7443,2.8701,-1.944,-0.0578,-0.8992,-2.6923,-0.2578,-0.7992,0.8398,0.0,0.0,7.3296,11.63235855102539,0.7315495014190674,-25.4,0,1,180,1.614,0.6552,0.7632,0.3668,0.1966,0.229,0.1467,0.5722,0.383
110.201,2,RETURN_HOME,6.7389,2.834,-1.9478,-0.0722,-0.8932,-2.6975,-0.2722,-0.7932,0.8386,0.0,0.0,7.3105,11.651665687561035,0.7289255857467651,-23.9,0,1,180,1.532,0.6659,0.7641,0.3723,0.1998,0.2292,0.1489,0.5779,0.3847
110.252,2,RETURN_HOME,6.7335,2.7976,-1.9522,-0.0858,-0.8884,-2.7026,-0.2858,-0.7884,0.8386,0.0,0.0,7.2915,11.671024322509766,0.7259437441825867,-25.4,0,1,180,1.816,0.6754,0.7631,0.3776,0.2026,0.2289,0.151,0.5826,0.3855
110.301,2,RETURN_HOME,6.7278,2.7614,-1.9563,-0.0989,-0.8841,-2.7075,-0.2989,-0.7841,0.8391,0.0,0.0,7.2725,11.709916114807129,0.7210012674331665,-29.15,0,1,180,1.616,0.6844,0.7859,0.3829,0.2053,0.2358,0.1531,0.5942,0.3934
110.351,2,RETURN_HOME,6.7206,2.7194,-1.9609,-0.1145,-0.8783,-2.7134,-0.3145,-0.7783,0.8395,0.0,0.0,7.25,11.727821350097656,0.7193896174430847,-30.4,0,1,180,1.628,0.6951,0.7871,0.389,0.2085,0.2361,0.1556,0.6003,0.3929
110.401,2,RETURN_HOME,6.7129,2.6798,-1.9652,-0.1301,-0.8711,-2.7191,-0.3301,-0.7711,0.8388,0.0,0.0,7.228,11.74429988861084,0.718999445438385,-32.15,0,1,180,1.984,0.7063,0.8048,0.395,0.2119,0.2414,0.158,0.6113,0.3987
110.451,2,RETURN_HOME,6.7061,2.6467,-1.9686,-0.1431,-0.8649,-2.7238,-0.3431,-0.7649,0.8384,0.0,0.0,7.2095,11.779821395874023,0.7186017632484436,-36.41,0,1,180,1.891,0.7157,0.8295,0.4,0.2147,0.2488,0.16,0.6235,0.4079
110.502,2,RETURN_HOME,6.6976,2.6084,-1.9726,-0.1588,-0.857,-2.7295,-0.3588,-0.757,0.8378,0.0,0.0,7.1876,11.797253608703613,0.7191863059997559,-38.41,0,1,180,1.985,0.727,0.8465,0.406,0.2181,0.254,0.1624,0.6345,0.4134
110.552,2,RETURN_HOME,6.6902,2.5774,-1.9757,-0.1719,-0.8502,-2.7341,-0.3719,-0.7502,0.8373,0.0,0.0,7.1695,11.814360618591309,0.720939040184021,-40.41,0,1,180,2.275,0.7366,0.8501,0.4112,0.221,0.255,0.1645,0.6405,0.4141
110.601,2,RETURN_HOME,6.6807,2.5401,-1.9793,-0.1878,-0.8421,-2.7396,-0.3878,-0.8421,0.9271,0.0,0.0,7.1473,11.849507331848145,0.729459822177887,-44.67,0,1,180,1.756,0.7138,0.9248,0.4412,0.2141,0.2774,0.1765,0.668,0.4466
110.651,2,RETURN_HOME,6.6693,2.5082,-1.9793,-0.2024,-0.836,-2.7441,-0.4024,-0.836,0.9278,0.0,0.0,7.1254,11.867410659790039,0.7312729358673096,-46.67,0,1,180,1.775,0.7231,0.9306,0.4473,0.2169,0.2792,0.1789,0.675,0.4487
110.701,2,RETURN_HOME,6.6547,2.4698,-1.9788,-0.2202,-0.8285,-2.7494,-0.4202,-0.8285,0.929,0.0,0.0,7.0982,11.88560962677002,0.7375047206878662,-48.67,0,1,180,1.574,0.7344,0.9605,0.4548,0.2203,0.2881,0.1819,0.6904,0.4634
110.751,2,RETURN_HOME,6.6423,2.4378,-1.9786,-0.235,-0.824,-2.7539,-0.435,-0.824,0.9317,0.0,0.0,7.0755,11.92216682434082,0.7479816675186157,-52.42,0,1,180,1.616,0.743,1.0,0.4615,0.2229,0.3,0.1846,0.7075,0.4826
110.801,2,RETURN_HOME,6.6276,2.4,-1.9827,-0.2526,-0.8205,-2.7593,-0.4526,-0.8205,0.937,0.0,0.0,7.0487,11.939579963684082,0.7549705505371094,-54.18,0,1,180,1.949,0.7523,1.0,0.47,0.2257,0.3,0.188,0.7137,0.4886
110.852,2,RETURN_HOME,6.6151,2.3684,-1.9865,-0.2671,-0.8191,-2.7636,-0.4671,-0.6191,0.7756,0.0,0.0,7.0263,11.955708503723145,0.7635855078697205,-56.18,0,1,180,1.796,0.8361,0.9932,0.4323,0.2508,0.298,0.1729,0.7217,0.4771
110.901,2,RETURN_HOME,6.5996,2.3303,-1.9906,-0.2841,-0.8191,-2.7685,-0.4841,-0.6191,0.7859,0.0,0.0,6.9989,11.990012168884277,0.780453085899353,-59.93,0,1,180,1.652,0.8431,1.0,0.4417,0.2529,0.3,0.1767,0.7296,0.502
110.951,2,RETURN_HOME,6.5882,2.297,-1.9968,-0.2973,-0.8207,-2.7722,-0.4973,-0.6207,0.7954,0.0,0.0,6.9772,12.001952171325684,0.7901965379714966,-61.68,0,1,180,1.544,0.8473,1.0,0.4493,0.2542,0.3,0.1797,0.7339,0.511
111.001,2,RETURN_HOME,6.5738,2.2571,-2.0034,-0.3126,-0.8185,-2.7763,-0.5126,-0.6185,0.8034,0.0,0.0,6.9505,12.012950897216797,0.7985880970954895,-63.43,0,1,180,1.713,0.8536,1.0,0.4571,0.2561,0.3,0.1829,0.7389,0.5239
111.051,2,RETURN_HOME,6.5602,2.2235,-2.009,-0.3258,-0.8128,-2.7796,-0.5258,-0.6128,0.8074,0.0,0.0,6.9268,12.023518562316895,0.8244864344596863,-66.94,0,1,180,1.704,0.8604,1.0,0.4631,0.2581,0.3,0.1852,0.7434,0.5597
111.102,2,RETURN_HOME,6.5384,2.1811,-2.0182,-0.3435,-0.8028,-2.7838,-0.5435,-0.6028,0.8116,0.0,0.0,6.8926,12.02758502960205,0.8345152735710144,-68.44,0,1,180,1.858,0.8703,1.0,0.4709,0.2611,0.3,0.1884,0.7494,0.5754
111.152,2,RETURN_HOME,6.5203,2.1466,-2.0248,-0.3584,-0.792,-2.7873,-0.5584,-0.592,0.8138,0.0,0.0,6.8645,12.035436630249023,0.844989538192749,-70.19,0,1,180,2.08,0.8792,1.0,0.477,0.2638,0.3,0.1908,0.7546,0.5867
111.201,2,RETURN_HOME,6.5019,2.1127,-2.0299,-0.3732,-0.7799,-2.7909,-0.5732,-0.5799,0.8154,0.0,0.0,6.8365,12.0574312210083,0.871760368347168,-73.19,0,1,180,1.679,0.8883,1.0,0.4829,0.2665,0.3,0.1932,0.7597,0.6205
111.251,2,RETURN_HOME,6.479,2.0724,-2.0325,-0.3909,-0.7652,-2.7954,-0.5909,-0.5652,0.8177,0.0,0.0,6.8024,12.070042610168457,0.8846509456634521,-74.69,0,1,180,1.576,0.8989,1.0,0.49,0.2697,0.3,0.196,0.7657,0.6293
111.301,2,RETURN_HOME,6.4559,2.0333,-2.0345,-0.4085,-0.7506,-2.7999,-0.6085,-0.5506,0.8206,0.0,0.0,6.7686,12.083507537841797,0.8978840708732605,-75.95,0,1,180,1.768,0.9088,1.0,0.4972,0.2726,0.3,0.1989,0.7715,0.6428
111.351,2,RETURN_HOME,6.4391,2.008,-2.0348,-0.4203,-0.7409,-2.8029,-0.6203,-0.5409,0.823,0.0,0.0,6.745,12.117314338684082,0.9251218438148499,-78.95,0,1,180,1.693,0.9152,1.0,0.5021,0.2746,0.3,0.2009,0.7754,0.6745
111.401,2,RETURN_HOME,6.4122,1.9709,-2.0344,-0.4384,-0.7266,-2.8075,-0.6384,-0.5266,0.8275,0.0,0.0,6.7082,12.135506629943848,0.9383770823478699,-80.2,0,1,180,1.792,0.9243,1.0,0.5099,0.2773,0.3,0.204,0.7813,0.6855
111.452,2,RETURN_HOME,6.3853,1.9348,-2.0338,-0.4563,-0.7126,-2.812,-0.6563,-0.5126,0.8328,0.0,0.0,6.672,12.152728080749512,0.9540073275566101,-81.45,0,1,180,2.011,0.9327,1.0,0.5178,0.2798,0.3,0.2071,0.787,0.6984
111.501,2,RETURN_HOME,6.3628,1.9056,-2.0333,-0.4712,-0.7014,-2.8157,-0.6712,-0.5014,0.8378,0.0,0.0,6.6421,12.195979118347168,0.9834817051887512,-83.95,0,1,180,1.897,0.9391,1.0,0.5246,0.2817,0.3,0.2098,0.7916,0.7382
111.551,2,RETURN_HOME,6.3357,1.8715,-2.0328,-0.4889,-0.6883,-2.82,-0.6889,-0.4883,0.8444,0.0,0.0,6.6063,12.216915130615234,0.9986680150032043,-84.95,0,1,180,1.866,0.9463,1.0,0.5327,0.2839,0.3,0.2131,0.797,0.7478
111.601,2,RETURN_HOME,6.3084,1.8381,-2.0321,-0.5067,-0.6749,-2.8242,-0.7067,-0.4749,0.8514,0.0,0.0,6.5707,12.23634147644043,1.0128564834594727,-86.2,0,1,180,1.977,0.9529,1.0,0.5409,0.2859,0.3,0.2163,0.8022,0.7622
111.651,2,RETURN_HOME,6.286,1.8111,-2.0306,-0.5212,-0.6634,-2.8278,-0.7212,-0.4634,0.8572,0.0,0.0,6.5417,12.284915924072266,1.040619969367981,-88.46,0,1,180,1.673,0.9581,1.0,0.5475,0.2874,0.3,0.219,0.8064,0.7978
111.701,2,RETURN_HOME,6.2635,1.7846,-2.029,-0.5356,-0.6518,-2.8315,-0.7356,-0.4518,0.8632,0.0,0.0,6.5128,12.309198379516602,1.056976079940796,-89.21,0,1,180,1.701,0.9629,1.0,0.5542,0.2889,0.3,0.2217,0.8105,0.8117
111.751,2,RETURN_HOME,6.236,1.7534,-2.0272,-0.553,-0.6375,-2.8358,-0.753,-0.4375,0.8709,0.0,0.0,6.4778,12.330262184143066,1.0690215826034546,-90.46,0,1,180,1.67,0.9684,1.0,0.5622,0.2905,0.3,0.2249,0.8154,0.8246
111.801,2,RETURN_HOME,6.2123,1.7286,-2.0284,-0.5682,-0.6251,-2.8394,-0.7682,-0.4251,0.878,0.0,0.0,6.4483,12.384902000427246,1.100468397140503,-92.71,0,1,180,1.543,0.9728,1.0,0.5694,0.2918,0.3,0.2277,0.8196,0.8596
111.851,2,RETURN_HOME,6.1882,1.7042,-2.0294,-0.5834,-0.6125,-2.8431,-0.7834,-0.4125,0.8854,0.0,0.0,6.4185,12.411845207214355,1.1161494255065918,-93.71,0,1,180,1.625,0.9768,1.0,0.5766,0.293,0.3,0.2306,0.8237,0.8741
111.901,2,RETURN_HOME,6.1585,1.6755,-2.0304,-0.6016,-0.5975,-2.8473,-0.8016,-0.4975,0.9435,0.0,0.0,6.3824,12.436992645263672,1.130066990852356,-94.71,0,1,180,1.492,0.9583,1.0,0.6028,0.2875,0.3,0.2411,0.8286,0.9067
111.951,2,RETURN_HOME,6.1354,1.6532,-2.0285,-0.616,-0.5844,-2.8508,-0.816,-0.4844,0.949,0.0,0.0,6.3542,12.469072341918945,1.1460769176483154,-95.96,0,1,180,1.692,0.9631,1.0,0.6093,0.2889,0.3,0.2437,0.8326,0.9253
112.001,2,RETURN_HOME,6.1067,1.6268,-2.0264,-0.6332,-0.5684,-2.855,-0.8332,-0.4684,0.9558,0.0,0.0,6.3197,12.52549934387207,1.175258755683899,-97.47,0,1,180,1.566,0.9685,1.0,0.6171,0.2905,0.3,0.2468,0.8374,0.9562
112.051,2,RETURN_HOME,6.0769,1.6012,-2.0239,-0.6506,-0.5545,-2.8591,-0.8506,-0.4545,0.9644,0.0,0.0,6.2843,12.553925514221191,1.1918069124221802,-98.47,0,1,180,1.699,0.9729,1.0,0.6256,0.2919,0.3,0.2502,0.8421,0.9721
112.101,2,RETURN_HOME,6.0563,1.5849,-2.0204,-0.6622,-0.5464,-2.8618,-0.8622,-0.4464,0.9709,0.0,0.0,6.2602,12.588985443115234,1.2092972993850708,-99.47,0,1,180,1.525,0.9755,1.0,0.6314,0.2927,0.3,0.2526,0.8452,0.9905
112.151,2,RETURN_HOME,6.0246,1.5607,-2.0157,-0.6797,-0.536,-2.8659,-0.8797,-0.536,1.0301,0.0,0.0,6.2235,12.647262573242188,1.2391893863677979,-101.22,0,1,180,1.618,0.9572,1.0,0.6574,0.2872,0.3,0.2629,0.8501,1.0432
112.201,2,RETURN_HOME,5.9922,1.5371,-2.0106,-0.6973,-0.5266,-2.8697,-0.8973,-0.5266,1.0404,0.0,0.0,6.1862,12.678367614746094,1.2543160915374756,-101.72,0,1,180,1.633,0.9612,1.0,0.6667,0.2883,0.3,0.2667,0.855,1.0597
112.252,2,RETURN_HOME,5.9647,1.5183,-2.0052,-0.7119,-0.5187,-2.8728,-0.9119,-0.5187,1.0491,0.0,0.0,6.155,12.707474708557129,1.271599531173706,-102.72,0,1,180,2.228,0.9643,1.0,0.6744,0.2893,0.3,0.2698,0.8591,1.0755
112.301,2,RETURN_HOME,5.9366,1.4996,-2.0005,-0.7267,-0.5127,-2.8759,-0.9267,-0.5127,1.0591,0.0,0.0,6.1231,12.758214950561523,1.3038928508758545,-105.22,0,1,180,1.647,0.9669,1.0,0.6827,0.2901,0.3,0.2731,0.8632,1.1074
112.351,2,RETURN_HOME,5.9018,1.4767,-1.9946,-0.7449,-0.5082,-2.8794,-0.9449,-0.5082,1.0728,0.0,0.0,6.0838,12.783465385437012,1.3202202320098877,-104.97,0,1,180,1.653,0.9693,1.0,0.6933,0.2908,0.3,0.2773,0.8681,1.1245
112.401,2,RETURN_HOME,5.8718,1.457,-1.9887,-0.7604,-0.5063,-2.8821,-0.9604,-0.5063,1.0857,0.0,0.0,6.0499,12.81051254272461,1.3374131917953491,-105.22,0,1,180,1.681,0.9709,1.0,0.7027,0.2913,0.3,0.2811,0.8724,1.1426
112.451,2,RETURN_HOME,5.8412,1.4372,-1.9838,-0.776,-0.5053,-2.8845,-0.976,-0.6053,1.1485,0.0,0.0,6.0154,12.850761413574219,1.3711851835250854,-104.72,0,1,180,1.74,0.9512,1.0,0.7283,0.2853,0.3,0.2913,0.8766,1.1946
112.501,2,RETURN_HOME,5.8047,1.4124,-1.9799,-0.7943,-0.5047,-2.8873,-0.9943,-0.6047,1.1638,0.0,0.0,5.974,12.865046501159668,1.3875879049301147,-105.97,0,1,180,1.635,0.953,1.0,0.7394,0.2859,0.3,0.2958,0.8817,1.2103
112.551,2,RETURN_HOME,5.7681,1.3866,-1.9779,-0.8124,-0.5044,-2.8902,-1.0124,-0.6044,1.1791,0.0,0.0,5.9324,12.881799697875977,1.4058153629302979,-103.72,0,1,180,1.563,0.9547,1.0,0.7504,0.2864,0.3,0.3002,0.8866,1.2291
112.602,2,RETURN_HOME,5.7431,1.3695,-1.9771,-0.8245,-0.5053,-2.892,-1.0245,-0.6053,1.1899,0.0,0.0,5.9041,12.908184051513672,1.4392728805541992,-103.47,0,1,180,1.731,0.9555,1.0,0.758,0.2866,0.3,0.3032,0.8898,1.2625
112.651,2,RETURN_HOME,5.6993,1.3384,-1.9741,-0.8456,-0.5099,-2.8952,-1.0456,-0.6099,1.2105,0.0,0.0,5.8543,12.919036865234375,1.4536982774734497,-106.22,0,1,180,1.702,0.9561,1.0,0.7716,0.2868,0.3,0.3086,0.8955,1.2789
112.701,2,RETURN_HOME,5.6675,1.3155,-1.9716,-0.8607,-0.515,-2.8973,-1.0607,-0.615,1.2261,0.0,0.0,5.8182,12.933201789855957,1.4733437299728394,-103.72,0,1,180,1.605,0.9561,1.0,0.7815,0.2868,0.3,0.3126,0.8994,1.2997
112.751,2,RETURN_HOME,5.6349,1.2927,-1.9697,-0.8758,-0.5207,-2.8993,-1.0758,-0.6207,1.242,0.0,0.0,5.7812,12.947452545166016,1.5057320594787598,-104.22,0,1,180,1.452,0.956,1.0,0.7916,0.2868,0.3,0.3166,0.9034,1.3332
112.801,2,RETURN_HOME,5.5991,1.2711,-1.97,-0.8917,-0.5261,-2.9012,-1.0917,-0.6261,1.2585,0.0,0.0,5.7416,12.950480461120605,1.5231176614761353,-103.47,0,1,180,1.611,0.9561,1.0,0.8022,0.2868,0.3,0.3209,0.9077,1.3531
112.852,2,RETURN_HOME,5.5614,1.2502,-1.9717,-0.9082,-0.5311,-2.903,-1.1082,-0.6311,1.2753,0.0,0.0,5.7002,12.953058242797852,1.542280912399292,-103.72,0,1,180,1.807,0.9563,1.0,0.8131,0.2869,0.3,0.3252,0.9121,1.3709
112.902,2,RETURN_HOME,5.5156,1.2247,-1.9739,-0.9277,-0.5369,-2.9051,-1.1277,-0.6369,1.2952,0.0,0.0,5.6499,12.954787254333496,1.557752013206482,-104.47,0,1,180,2.417,0.9566,1.0,0.826,0.287,0.3,0.3304,0.9174,1.3906
112.951,2,RETURN_HOME,5.4694,1.1987,-1.9768,-0.9472,-0.5427,-2.9073,-1.1472,-0.6427,1.315,0.0,0.0,5.5992,12.955517768859863,1.5932972431182861,-103.47,0,1,180,1.567,0.9568,1.0,0.8388,0.287,0.3,0.3355,0.9226,1.4242
113.001,2,RETURN_HOME,5.4303,1.1768,-1.9793,-0.9632,-0.5474,-2.9091,-1.1632,-0.4474,1.2463,0.0,0.0,5.5564,12.955550193786621,1.6122173070907593,-103.72,0,1,180,1.645,0.9882,1.0,0.821,0.2965,0.3,0.3284,9980.2677,1.4055
113.051,2,RETURN_HOME,5.3907,1.1548,-1.9817,-0.979,-0.5521,-2.9109,-1.179,-0.3521,1.2304,0.0,0.0,5.513,12.955449104309082,1.6295040845870972,-103.47,0,1,180,1.727,0.9969,1.0,0.8177,0.2991,0.3,0.3271,9981.1663,1.4016
113.101,2,RETURN_HOME,5.3412,1.1286,-1.9842,-0.9984,-0.5585,-2.9129,-1.1984,-0.3585,1.2509,0.0,0.0,5.4591,12.95450210571289,1.6649842262268066,-103.97,0,1,180,1.765,0.9966,1.0,0.8311,0.299,0.3,0.3324,9982.2838,1.4395
113.151,2,RETURN_HOME,5.2992,1.1066,-1.9861,-1.0145,-0.5607,-2.9143,-1.2145,-0.3607,1.2669,0.0,0.0,5.4135,12.945982933044434,1.6840693950653076,-104.22,0,1,180,1.686,0.9966,1.0,0.8417,0.299,0.3,0.3367,9983.208,1.4598
113.202,2,RETURN_HOME,5.2482,1.0802,-1.9885,-1.0335,-0.5564,-2.9161,-1.2335,-0.3564,1.284,0.0,0.0,5.3583,12.936219215393066,1.7005226612091064,-103.22,0,1,180,1.92,0.9969,1.0,0.8533,0.2991,0.3,0.3413,9984.3058,1.4768
113.251,2,RETURN_HOME,5.2083,1.0584,-1.9909,-1.0484,-0.5478,-2.9177,-1.2484,-0.3478,1.296,0.0,0.0,5.3147,12.916092872619629,1.736173152923584,-103.47,0,1,180,1.634,0.9975,1.0,0.8618,0.2992,0.3,0.3447,9985.166,1.509
113.301,2,RETURN_HOME,5.1675,1.037,-1.9933,-1.0635,-0.5356,-2.9197,-1.2635,-0.3356,1.3073,0.0,0.0,5.2705,12.9155855178833,1.7550079822540283,-102.22,0,1,180,1.479,0.9981,1.0,0.8699,0.2994,0.3,0.348,9986.0353,1.5252
113.351,2,RETURN_HOME,5.1179,1.0118,-1.9954,-1.0818,-0.5185,-2.9223,-1.2818,-0.3185,1.3208,0.0,0.0,5.2169,12.917096138000488,1.773195505142212,-101.97,0,1,180,1.633,0.9988,1.0,0.8795,0.2996,0.3,0.3518,9987.0839,1.5374
113.402,2,RETURN_HOME,5.0771,0.991,-1.9952,-1.0967,-0.5042,-2.9247,-1.2967,-0.3042,1.3319,0.0,0.0,5.1729,12.924420356750488,1.7889562845230103,-101.97,0,1,180,2.181,0.9993,1.0,0.8873,0.2998,0.3,0.3549,9987.935,1.5526
113.451,2,RETURN_HOME,5.027,0.9668,-1.995,-1.1148,-0.4871,-2.9276,-1.3148,-0.2871,1.3457,0.0,0.0,5.1191,12.955276489257812,1.8237382173538208,-101.72,0,1,180,1.736,0.9997,1.0,0.8969,0.2999,0.3,0.3588,9988.9677,1.584
113.502,2,RETURN_HOME,4.9834,0.9475,-1.995,-1.1303,-0.4732,-2.9301,-1.3303,-0.2732,1.3581,0.0,0.0,5.0726,12.975394248962402,1.840153694152832,-103.47,0,1,180,2.382,0.9999,1.0,0.9053,0.3,0.3,0.3621,9989.8524,1.5972
113.551,2,RETURN_HOME,4.9358,0.9299,-1.9955,-1.147,-0.459,-2.9327,-1.347,-0.359,1.394,0.0,0.0,5.0227,12.995584487915039,1.8549829721450806,-103.47,0,1,180,1.835,0.9972,1.0,0.9268,0.2992,0.3,0.3707,9990.8265,1.63
113.601,2,RETURN_HOME,4.8783,0.9093,-1.9961,-1.167,-0.4425,-2.9357,-1.367,-0.3425,1.4093,0.0,0.0,4.9623,13.047118186950684,1.8864083290100098,-101.72,0,1,180,1.749,0.9981,1.0,0.9378,0.2994,0.3,0.3751,9992.0485,1.6579
113.651,2,RETURN_HOME,4.8198,0.8896,-1.9942,-1.1873,-0.4266,-2.9387,-1.3873,-0.3266,1.4252,0.0,0.0,4.9012,13.072775840759277,1.8992687463760376,-101.47,0,1,180,1.726,0.9988,1.0,0.949,0.2996,0.3,0.3796,9993.2839,1.6685
113.701,2,RETURN_HOME,4.7702,0.8737,-1.991,-1.2043,-0.4154,-2.9412,-1.4043,-0.3154,1.4392,0.0,0.0,4.8496,13.129044532775879,1.9273563623428345,-102.47,0,1,180,1.549,0.9992,1.0,0.9587,0.2998,0.3,0.3835,9994.3176,1.6929
113.751,2,RETURN_HOME,4.7102,0.855,-1.9879,-1.2244,-0.4044,-2.9441,-1.4244,-0.3044,1.4566,0.0,0.0,4.7872,13.167070388793945,1.941321611404419,-102.47,0,1,180,1.797,0.9995,1.0,0.9706,0.2999,0.3,0.3882,9995.5481,1.7054
113.801,2,RETURN_HOME,4.6583,0.8386,-1.9832,-1.2418,-0.3971,-2.9465,-1.4418,-0.2971,1.4721,0.0,0.0,4.7331,13.197175979614258,1.9552427530288696,-101.22,0,1,180,1.735,0.9997,1.0,0.9811,0.2999,0.3,0.3924,9996.6004,1.7174
113.851,2,RETURN_HOME,4.6051,0.8219,-1.9777,-1.2594,-0.3909,-2.9487,-1.4594,-0.2909,1.4881,0.0,0.0,4.6779,13.22623348236084,1.9675195217132568,-102.72,0,1,180,1.685,0.9998,1.0,0.9919,0.2999,0.3,0.3967,9997.662,1.7294
113.901,2,RETURN_HOME,4.5409,0.8022,-1.9723,-1.2804,-0.3838,-2.9513,-1.4804,-0.1838,1.4917,0.0,0.0,4.6112,13.2843017578125,1.9941513538360596,-101.47,0,1,180,1.749,0.9987,1.0,0.9932,0.2996,0.3,0.3973,9997.291,1.7327
113.951,2,RETURN_HOME,4.4845,0.7855,-1.9698,-1.2987,-0.3779,-2.9534,-1.3987,-0.2779,1.4261,0.0,0.0,4.5527,13.311695098876953,2.0070881843566895,-100.22,0,1,180,1.678,0.9997,1.0,0.9505,0.2999,0.3,0.3802,9997.0038,1.7651
114.001,2,RETURN_HOME,4.4147,0.7652,-1.9687,-1.3214,-0.3707,-2.9558,-1.4,-0.2707,1.4259,0.0,0.0,4.4805,13.334836959838867,2.0184497833251953,-100.97,0,1,180,1.81,0.9998,1.0,0.9504,0.2999,0.3,0.3802,9997.7283,1.776
114.051,2,RETURN_HOME,4.3565,0.749,-1.9684,-1.3401,-0.3625,-2.9578,-1.4,-0.2625,1.4244,0.0,0.0,4.4204,13.381550788879395,2.043339967727661,-100.22,0,1,180,1.767,0.9999,1.0,0.9495,0.3,0.3,0.3798,9998.3128,1.7973
114.101,2,RETURN_HOME,4.288,0.7309,-1.9702,-1.3592,-0.3517,-2.9604,-1.4,-0.2517,1.4224,0.0,0.0,4.3498,13.348138809204102,2.0533688068389893,-102.22,0,1,180,1.746,1.0,1.0,0.9483,0.3,0.3,0.3793,9999.0101,1.8075
114.151,2,RETURN_HOME,4.2309,0.7165,-1.9722,-1.3724,-0.3428,-2.9625,-1.4,-0.2428,1.4209,0.0,0.0,4.2911,13.301703453063965,2.065518856048584,-99.97,0,1,180,1.823,1.0,1.0,0.9473,0.3,0.3,0.3789,9999.5905,1.818
114.201,2,RETURN_HOME,4.1736,0.7025,-1.9744,-1.3834,-0.3342,-2.9646,-1.4,-0.2342,1.4195,0.0,0.0,4.2323,13.204805374145508,2.087588310241699,-100.22,0,1,180,1.846,1.0,1.0,0.9463,0.3,0.3,0.3785,9999.6553,1.8399
114.251,2,RETURN_HOME,4.1083,0.6853,-1.9788,-1.3929,-0.3248,-2.9669,-1.4,-0.2248,1.4179,0.0,0.0,4.165,13.159322738647461,2.098653554916382,-99.97,0,1,180,1.692,1.0,1.0,0.9453,0.3,0.3,0.3781,9998.9944,1.8478
114.301,2,RETURN_HOME,4.054,0.6714,-1.9826,-1.3992,-0.3175,-2.9687,-1.4,-0.2175,1.4168,0.0,0.0,4.1092,13.113802909851074,2.1087253093719482,-100.47,0,1,180,1.654,1.0,1.0,0.9445,0.3,0.3,0.3778,9998.4443,1.8559
114.351,2,RETURN_HOME,3.9883,0.6552,-1.9869,-1.4057,-0.309,-2.9707,-1.4,-0.209,1.4155,0.0,0.0,4.0417,13.017963409423828,2.1305079460144043,-100.22,0,1,180,1.138,0.9999,1.0,0.9436,0.3,0.3,0.3774,9998.9379,1.8735
114.401,2,RETURN_HOME,3.9337,0.6431,-1.9932,-1.4107,-0.3013,-2.9722,-1.3,-0.2013,1.3155,0.0,0.0,3.986,12.97203254699707,2.140178918838501,-101.22,0,1,180,1.312,1.0,1.0,0.877,0.3,0.3,0.3508,9999.2981,1.8835
114.451,2,RETURN_HOME,3.8678,0.6289,-2.0,-1.4166,-0.292,-2.9738,-1.3,-0.192,1.3141,0.0,0.0,3.9186,12.928780555725098,2.1492295265197754,-100.47,0,1,180,1.319,0.9999,1.0,0.876,0.3,0.3,0.3504,9999.1961,1.8904
114.501,2,RETURN_HOME,3.8122,0.617,-2.0054,-1.4215,-0.2845,-2.9752,-1.3,-0.1845,1.313,0.0,0.0,3.8618,12.832609176635742,2.1685216426849365,-100.72,0,1,180,1.155,0.9998,1.0,0.8752,0.2999,0.3,0.3501,9998.7289,1.9081
114.551,2,RETURN_HOME,3.7556,0.6036,-2.0116,-1.4245,-0.2774,-2.9765,-1.4,-0.2774,1.4272,0.0,0.0,3.8038,12.78715991973877,2.1773223876953125,-100.22,0,1,180,1.104,0.9993,1.0,0.9509,0.2998,0.3,0.3803,9998.278,1.9353
114.601,2,RETURN_HOME,3.6876,0.5884,-2.0179,-1.4253,-0.2687,-2.978,-1.4,-0.2687,1.4256,0.0,0.0,3.7342,12.741438865661621,2.1862642765045166,-99.47,0,1,180,1.082,0.9995,1.0,0.9499,0.2999,0.3,0.38,9998.7241,1.9436
114.651,2,RETURN_HOME,3.6314,0.5765,-2.0233,-1.4233,-0.2608,-2.9792,-1.4,-0.2608,1.4241,0.0,0.0,3.6768,12.645236015319824,2.204796552658081,-100.47,0,1,180,1.118,0.9996,1.0,0.949,0.2999,0.3,0.3796,9998.9055,1.9602
114.7,2,RETURN_HOME,3.577,0.5661,-2.0311,-1.4214,-0.2537,-2.9804,-1.4,-0.2537,1.4228,0.0,0.0,3.6215,12.600383758544922,2.2123985290527344,-100.22,0,1,180,0.944,0.9998,1.0,0.9483,0.2999,0.3,0.3793,9998.7946,1.9653
114.751,2,RETURN_HOME,3.5224,0.556,-2.0379,-1.4209,-0.2486,-2.9815,-1.4,-0.2486,1.4219,0.0,0.0,3.566,12.556005477905273,2.2209877967834473,-99.97,0,1,180,1.052,0.9998,1.0,0.9478,0.2999,0.3,0.3791,9998.4388,1.9735
114.801,2,RETURN_HOME,3.4549,0.5454,-2.0435,-1.4229,-0.2439,-2.9826,-1.4,-0.2439,1.4211,0.0,0.0,3.4976,12.511021614074707,2.227583408355713,-101.22,0,1,180,1.142,0.9999,1.0,0.9473,0.3,0.3,0.3789,9998.8915,1.9813
114.85,2,RETURN_HOME,3.3959,0.5387,-2.0454,-1.4266,-0.2404,-2.9834,-1.4,-0.2404,1.4205,0.0,0.0,3.4384,12.417194366455078,2.2439544200897217,-99.22,0,1,180,1.043,0.9999,1.0,0.9469,0.3,0.3,0.3788,9999.3952,1.9959
114.9,2,RETURN_HOME,3.337,0.5317,-2.0468,-1.4308,-0.2377,-2.9841,-1.4,-0.2377,1.42,0.0,0.0,3.3791,12.372062683105469,2.2523086071014404,-98.47,0,1,180,1.028,0.9999,1.0,0.9466,0.3,0.3,0.3787,9999.4696,2.0027
114.951,2,RETURN_HOME,3.2657,0.5235,-2.0499,-1.4362,-0.2346,-2.9848,-1.4,-0.2346,1.4195,0.0,0.0,3.3074,12.327872276306152,2.259676694869995,-99.97,0,1,180,1.102,1.0,1.0,0.9463,0.3,0.3,0.3785,9998.8975,2.0089
115.0,2,RETURN_HOME,3.2053,0.5171,-2.0551,-1.4409,-0.2316,-2.9853,-1.3,-0.2316,1.3205,0.0,0.0,3.2467,12.22992992401123,2.2752625942230225,-98.72,0,1,180,0.963,0.9999,1.0,0.8802,0.3,0.3,0.3521,9998.8842,2.0252
115.051,2,RETURN_HOME,3.133,0.5092,-2.06,-1.4461,-0.2281,-2.9858,-1.3,-0.2281,1.3199,0.0,0.0,3.1741,12.185629844665527,2.2827107906341553,-99.22,0,1,180,1.157,0.9999,1.0,0.8798,0.3,0.3,0.3519,9999.4153,2.031
115.101,2,RETURN_HOME,3.0725,0.5027,-2.0641,-1.4504,-0.2252,-2.9863,-1.4,-0.2252,1.418,0.0,0.0,3.1134,12.140033721923828,2.2901031970977783,-98.97,0,1,180,1.195,1.0,1.0,0.9453,0.3,0.3,0.3781,9999.8129,2.0381
115.152,2,RETURN_HOME,3.0117,0.4965,-2.0686,-1.4524,-0.2218,-2.9866,-1.4,-0.2218,1.4175,0.0,0.0,3.0524,12.087493896484375,2.298344135284424,-100.72,0,1,180,1.492,1.0,1.0,0.945,0.3,0.3,0.378,9999.2297,2.0463
115.201,2,RETURN_HOME,2.9392,0.4887,-2.0729,-1.4512,-0.218,-2.9868,-1.2,-0.218,1.2196,0.0,0.0,2.9796,11.99549388885498,2.3137152194976807,-97.97,0,1,180,1.116,0.9999,1.0,0.813,0.3,0.3,0.3252,9999.0346,2.06
115.25,2,RETURN_HOME,2.8663,0.4808,-2.0757,-1.4508,-0.2141,-2.9868,-1.3,-0.2141,1.3175,0.0,0.0,2.9063,11.949345588684082,2.3205907344818115,-97.72,0,1,180,1.047,1.0,1.0,0.8783,0.3,0.3,0.3513,9999.7021,2.0646
115.301,2,RETURN_HOME,2.8055,0.4741,-2.0771,-1.4518,-0.211,-2.9868,-1.4,-0.211,1.4158,0.0,0.0,2.8453,11.89749813079834,2.3285634517669678,-98.97,0,1,180,1.28,0.9998,1.0,0.9437,0.3,0.3,0.3775,9999.3933,2.0717
115.351,2,RETURN_HOME,2.7451,0.4673,-2.0778,-1.4488,-0.2079,-2.9866,-1.4,-0.2079,1.4154,0.0,0.0,2.7846,11.807221412658691,2.3419973850250244,-99.47,0,1,180,1.081,0.9998,1.0,0.9434,0.2999,0.3,0.3773,9999.1633,2.0871
115.4,2,RETURN_HOME,2.6746,0.4587,-2.0782,-1.4423,-0.2048,-2.9861,-1.2,-0.2048,1.2173,0.0,0.0,2.7136,11.761454582214355,2.3495891094207764,-99.22,0,1,180,1.031,1.0,1.0,0.8116,0.3,0.3,0.3246,9999.3621,2.093
115.451,2,RETURN_HOME,2.6167,0.4513,-2.0781,-1.4382,-0.2025,-2.9855,-1.2,-0.2025,1.217,0.0,0.0,2.6553,11.711097717285156,2.357544422149658,-99.72,0,1,180,1.084,1.0,1.0,0.8113,0.3,0.3,0.3245,9999.4767,2.1008
115.5,2,RETURN_HOME,2.559,0.444,-2.0775,-1.4373,-0.2005,-2.9848,-1.3,-0.2005,1.3154,0.0,0.0,2.5972,11.620155334472656,2.371250867843628,-98.97,0,1,180,1.037,0.9998,1.0,0.8768,0.2999,0.3,0.3507,9999.2209,2.1132
115.551,2,RETURN_HOME,2.4914,0.4355,-2.0794,-1.4329,-0.1976,-2.9839,-1.4,-0.1976,1.4139,0.0,0.0,2.5292,11.575273513793945,2.3784873485565186,-99.47,0,1,180,1.101,0.9995,1.0,0.9421,0.2998,0.3,0.3768,9999.0653,2.1196
115.601,2,RETURN_HOME,2.4358,0.4286,-2.0816,-1.4264,-0.195,-2.9829,-1.2,-0.195,1.2157,0.0,0.0,2.4733,11.523663520812988,2.386324167251587,-97.72,0,1,180,1.069,0.9999,1.0,0.8104,0.3,0.3,0.3242,9999.189,2.1252
115.651,2,RETURN_HOME,2.3693,0.4203,-2.0834,-1.4184,-0.1921,-2.9816,-1.2,-0.1921,1.2153,0.0,0.0,2.4063,11.43600082397461,2.3989226818084717,-99.72,0,1,180,1.041,0.9999,1.0,0.8101,0.3,0.3,0.324,9999.2418,2.1412
115.7,2,RETURN_HOME,2.3029,0.413,-2.0845,-1.4151,-0.1894,-2.9803,-1.4,-0.2894,1.4296,0.0,0.0,2.3396,11.390729904174805,2.4062180519104004,-99.47,0,1,180,1.008,0.9997,1.0,0.9527,0.2999,0.3,0.3811,9999.1255,2.1666
115.751,2,RETURN_HOME,2.2476,0.4069,-2.0848,-1.4109,-0.187,-2.9792,-1.4,-0.287,1.4291,0.0,0.0,2.2841,11.340973854064941,2.414424419403076,-99.72,0,1,180,1.062,0.9997,1.0,0.9525,0.2999,0.3,0.381,9999.4005,2.1719
115.801,2,RETURN_HOME,2.1924,0.4008,-2.0846,-1.4038,-0.1841,-2.9781,-1.4,-0.2841,1.4285,0.0,0.0,2.2287,11.252265930175781,2.4255096912384033,-100.47,0,1,180,1.112,0.9998,1.0,0.9522,0.2999,0.3,0.3809,9999.2101,2.185
115.851,2,RETURN_HOME,2.1252,0.3911,-2.0842,-1.3987,-0.1843,-2.9767,-1.3,-0.2843,1.3307,0.0,0.0,2.1609,11.207518577575684,2.433350086212158,-100.22,0,1,180,1.587,0.9994,1.0,0.8867,0.2998,0.3,0.3547,9999.0491,2.1936
115.901,2,RETURN_HOME,2.0694,0.383,-2.0833,-1.3978,-0.1864,-2.9754,-1.3,-0.2864,1.3312,0.0,0.0,2.1045,11.157781600952148,2.441370725631714,-101.22,0,1,180,1.594,0.9994,1.0,0.8869,0.2998,0.3,0.3548,9999.0719,2.2001
115.951,2,RETURN_HOME,2.0135,0.3747,-2.0813,-1.3999,-0.19,-2.974,-1.4,-0.29,1.4297,0.0,0.0,2.0481,11.0719575881958,2.4553399085998535,-100.97,0,1,180,1.512,0.9998,1.0,0.953,0.2999,0.3,0.3812,9999.3097,2.2156
116.0,2,RETURN_HOME,1.9463,0.3637,-2.0754,-1.402,-0.1958,-2.972,-1.4,-0.2958,1.4309,0.0,0.0,1.98,11.029844284057617,2.461940288543701,-100.72,0,1,180,0.981,0.9997,1.0,0.9537,0.2999,0.3,0.3815,9999.4082,2.2227
116.051,2,RETURN_HOME,1.8903,0.3545,-2.0706,-1.4024,-0.2011,-2.9702,-1.2,-0.2011,1.2167,0.0,0.0,1.9232,10.978119850158691,2.4694581031799316,-99.97,0,1,180,1.203,0.9998,1.0,0.811,0.2999,0.3,0.3244,9999.2745,2.2115
116.101,2,RETURN_HOME,1.8339,0.3453,-2.0654,-1.4041,-0.2064,-2.9684,-1.3,-0.2064,1.3163,0.0,0.0,1.8661,10.935742378234863,2.4766905307769775,-99.97,0,1,180,1.072,0.9996,1.0,0.8772,0.2999,0.3,0.3509,9999.2361,2.2196
116.151,2,RETURN_HOME,1.7646,0.3349,-2.0568,-1.4084,-0.2128,-2.9662,-1.3,-0.2128,1.3173,0.0,0.0,1.7961,10.848380088806152,2.490125894546509,-101.22,0,1,180,1.067,0.9997,1.0,0.8779,0.2999,0.3,0.3512,9999.1513,2.235
116.2,2,RETURN_HOME,1.7069,0.326,-2.0503,-1.4085,-0.2162,-2.9645,-1.2,-0.2162,1.2193,0.0,0.0,1.7378,10.797140121459961,2.49845552444458,-99.22,0,1,180,1.045,0.9999,1.0,0.8128,0.3,0.3,0.3251,9999.3629,2.244
116.251,2,RETURN_HOME,1.6381,0.3143,-2.0433,-1.4071,-0.2178,-2.9626,-1.2,-0.2178,1.2196,0.0,0.0,1.668,10.753029823303223,2.505539894104004,-101.47,0,1,180,1.103,0.9999,1.0,0.813,0.3,0.3,0.3252,9999.2904,2.2517
116.3,2,RETURN_HOME,1.5811,0.3032,-2.0381,-1.4049,-0.2177,-2.9612,-1.3,-0.2177,1.3181,0.0,0.0,1.6099,10.665043830871582,2.519705057144165,-99.47,0,1,180,1.053,0.9997,1.0,0.8785,0.2999,0.3,0.3514,9999.3587,2.2665
116.351,2,RETURN_HOME,1.5243,0.2924,-2.0335,-1.4001,-0.2164,-2.9599,-1.3,-0.2164,1.3179,0.0,0.0,1.5521,10.615473747253418,2.528949499130249,-99.97,0,1,180,1.076,0.9997,1.0,0.8783,0.2999,0.3,0.3513,9999.3832,2.2724
116.401,2,RETURN_HOME,1.4578,0.2805,-2.0299,-1.3911,-0.2138,-2.9583,-1.2,-0.2138,1.2189,0.0,0.0,1.4846,10.57169246673584,2.536550760269165,-101.22,0,1,180,1.676,0.9999,1.0,0.8125,0.3,0.3,0.325,9999.5164,2.2803
116.451,2,RETURN_HOME,1.4036,0.2715,-2.0284,-1.3844,-0.2114,-2.9571,-1.4,-0.3114,1.4342,0.0,0.0,1.4296,10.526983261108398,2.54303240776062,-99.22,0,1,180,1.567,0.9996,1.0,0.9558,0.2999,0.3,0.3823,9999.5283,2.3064
116.501,2,RETURN_HOME,1.3495,0.2625,-2.0271,-1.3795,-0.2092,-2.956,-1.1,-0.2092,1.1197,0.0,0.0,1.3748,10.43459415435791,2.5586159229278564,-100.97,0,1,180,1.687,1.0,1.0,0.7465,0.3,0.3,0.2986,9999.4807,2.3026
116.551,2,RETURN_HOME,1.283,0.253,-2.027,-1.3733,-0.2059,-2.9547,-1.1,-0.2059,1.1191,0.0,0.0,1.3077,10.392260551452637,2.5660033226013184,-101.97,0,1,180,1.566,1.0,1.0,0.746,0.3,0.3,0.2984,9999.4732,2.3078
116.601,2,RETURN_HOME,1.2265,0.2459,-2.028,-1.3726,-0.205,-2.9536,-1.2,-0.205,1.2174,0.0,0.0,1.2509,10.348901748657227,2.5720882415771484,-100.47,0,1,180,1.574,0.9996,1.0,0.8113,0.2999,0.3,0.3245,9999.5049,2.3137
116.651,2,RETURN_HOME,1.159,0.2373,-2.029,-1.3675,-0.2043,-2.9524,-1.2,-0.2043,1.2173,0.0,0.0,1.1831,10.258879661560059,2.587153196334839,-102.22,0,1,180,1.711,0.9994,1.0,0.8111,0.2998,0.3,0.3244,9999.4257,2.3295
116.701,2,RETURN_HOME,1.1046,0.2293,-2.0291,-1.3587,-0.2039,-2.9514,-1.1,-0.2039,1.1187,0.0,0.0,1.1281,10.215503692626953,2.5937864780426025,-100.47,0,1,180,1.572,0.9998,1.0,0.7457,0.2999,0.3,0.2983,9999.7399,2.3379
116.752,2,RETURN_HOME,1.0407,0.2191,-2.0288,-1.3473,-0.2033,-2.9502,-1.3,-0.3033,1.3349,0.0,0.0,1.0636,10.173589706420898,2.601107597351074,-102.72,0,1,180,1.96,0.9998,1.0,0.8897,0.2999,0.3,0.3559,9999.4914,2.3619
116.801,2,RETURN_HOME,0.9878,0.2107,-2.0283,-1.3383,-0.2023,-2.9491,-1.2,-0.3023,1.2375,0.0,0.0,1.01,10.08330249786377,2.616687536239624,-100.22,0,1,180,1.565,0.9993,1.0,0.8244,0.2998,0.3,0.3298,9999.3546,2.3777
116.851,2,RETURN_HOME,0.9249,0.2006,-2.0282,-1.325,-0.2004,-2.9478,-1.1,-0.2004,1.1181,0.0,0.0,0.9464,10.04141616821289,2.623039960861206,-100.47,0,1,180,1.506,0.9994,1.0,0.745,0.2998,0.3,0.298,9999.2239,2.3652
116.901,2,RETURN_HOME,0.8728,0.1922,-2.0281,-1.3179,-0.2005,-2.9468,-1.1,-0.2005,1.1181,0.0,0.0,0.8937,10.000055313110352,2.6302244663238525,-100.97,0,1,180,1.463,0.9993,1.0,0.7449,0.2998,0.3,0.298,9999.4434,2.3716
116.951,2,RETURN_HOME,0.8105,0.1821,-2.0277,-1.3115,-0.203,-2.9453,-1.3,-0.303,1.3349,0.0,0.0,0.8307,9.913261413574219,2.643887996673584,-100.47,0,1,180,1.864,1.0,1.0,0.8899,0.3,0.3,0.3559,9999.1736,2.4069
117.001,2,RETURN_HOME,0.7527,0.1736,-2.0247,-1.3072,-0.2047,-2.9439,-1.2,-0.3047,1.2381,0.0,0.0,0.7724,9.872663497924805,2.6512374877929688,-101.97,0,1,180,1.592,0.9998,1.0,0.8252,0.2999,0.3,0.3301,9999.1608,2.4166
117.051,2,RETURN_HOME,0.6957,0.1651,-2.0219,-1.3003,-0.2051,-2.9423,-1.2,-0.3051,1.2382,0.0,0.0,0.7151,9.832155227661133,2.658743143081665,-101.22,0,1,180,1.663,0.9999,1.0,0.8253,0.3,0.3,0.3301,9999.1161,2.4233
117.101,2,RETURN_HOME,0.6396,0.1566,-2.0195,-1.2963,-0.2061,-2.9405,-1.0963,-0.3061,1.1383,0.0,0.0,0.6585,9.746614456176758,2.673199415206909,-102.22,0,1,180,1.952,0.9995,1.0,0.7584,0.2998,0.3,0.3034,9999.0992,2.4423
117.202,3,NAVIGATE,0.5254,0.1371,-2.0191,-1.2891,-0.2128,-2.936,-1.4891,-0.0128,1.4891,0.0,12.0,11.8745,9.664458274841309,2.688321828842163,-102.97,0,1,180,1.994,0.0356,1.0,0.4964,0.0107,0.3,0.1985,0.5092,2.406
117.251,3,NAVIGATE,0.464,0.1267,-2.0195,-1.282,-0.2188,-2.9333,-1.482,-0.0188,1.4821,0.0,12.0,11.8823,9.581777572631836,2.7052836418151855,-103.72,0,1,180,1.715,0.0264,1.0,0.494,0.0079,0.3,0.1976,0.5055,2.4282
117.301,3,NAVIGATE,0.4153,0.1194,-2.0219,-1.2712,-0.2257,-2.9355,-1.4712,-0.0257,1.4714,0.0,12.0,11.8878,9.540534019470215,2.712656259536743,-104.72,0,1,180,1.712,0.0174,1.0,0.4905,0.0052,0.3,0.1962,0.5014,2.446
117.351,3,NAVIGATE,0.3569,0.1102,-2.0216,-1.2698,-0.2295,-2.9464,-1.4698,-0.0295,1.4701,0.0,12.0,11.8952,9.501025199890137,2.72452449798584,-105.97,0,1,180,1.71,0.0099,1.0,0.49,0.003,0.3,0.196,0.499,2.4691
117.401,3,NAVIGATE,0.3081,0.102,-2.0188,-1.2767,-0.2307,-2.9619,-1.4767,-0.0307,1.477,0.0,12.0,11.902,9.415218353271484,2.744208574295044,-106.47,0,1,180,1.566,0.0051,1.0,0.4923,0.0015,0.3,0.1969,0.4985,2.476
117.451,3,NAVIGATE,0.2596,0.0931,-2.0158,-1.2885,-0.2307,-2.9829,-1.4885,-0.0307,1.4888,0.0,12.0,11.9097,9.379377365112305,2.754098415374756,-106.22,0,1,180,1.877,0.0012,1.0,0.4963,0.0003,0.3,0.1985,0.4989,2.4873
117.502,3,NAVIGATE,0.2103,0.0841,-2.0102,-1.3042,-0.2287,-3.0089,-1.4,-0.0287,1.4003,0.0,12.0,11.9177,9.343755722045898,2.7629969120025635,-105.97,0,1,180,1.921,-0.0029,1.0,0.4668,-0.0009,0.3,0.1867,0.4858,2.5001
117.553,3,NAVIGATE,0.1493,0.073,-2.0012,-1.3259,-0.2236,-3.0464,-1.4,-0.0236,1.4002,0.0,12.0,11.9279,9.304295539855957,2.7744908332824707,-105.72,0,1,180,2.744,-0.0044,1.0,0.4667,-0.0013,0.3,0.1867,0.4854,2.5185
117.601,3,NAVIGATE,0.0964,0.0635,-1.9924,-1.3452,-0.217,-3.0825,-1.4,-0.017,1.4001,0.0,12.0,11.9369,9.215904235839844,2.7957115173339844,-104.72,0,1,180,1.7,-0.0041,1.0,0.4667,-0.0012,0.3,0.1867,0.4855,2.4992
117.651,3,NAVIGATE,0.0319,0.0526,-1.9803,-1.3657,-0.2055,-3.1313,-1.4,-0.0055,1.4,0.0,12.0,11.9474,9.170816421508789,2.8053996562957764,-103.47,0,1,180,1.657,-0.0013,1.0,0.4667,-0.0004,0.3,0.1867,0.4863,2.5143
117.701,3,NAVIGATE,-0.032,0.0427,-1.966,-1.3816,-0.1907,3.0978,-1.4,0.0093,1.4,0.0,12.0,11.9573,9.12722396850586,2.816282033920288,-102.47,0,1,180,1.878,0.0039,1.0,0.4667,0.0012,0.3,0.1867,0.4879,2.5193
117.752,3,NAVIGATE,-0.0846,0.0353,-1.9529,-1.3911,-0.1767,3.0488,-1.4,0.0233,1.4002,0.0,12.0,11.965,9.028816223144531,2.8404815196990967,-99.97,0,1,180,2.394,0.0095,1.0,0.4667,0.0029,0.3,0.1867,0.4896,2.4927
117.801,3,NAVIGATE,-0.1379,0.0284,-1.9397,-1.398,-0.1619,2.9965,-1.4,0.0381,1.4005,0.0,12.0,11.9724,8.984426498413086,2.852062940597534,-98.47,0,1,180,1.747,0.0157,1.0,0.4668,0.0047,0.3,0.1867,0.4915,2.494
117.851,3,NAVIGATE,-0.2019,0.0203,-1.9243,-1.4037,-0.1439,2.9295,-1.4,0.0561,1.4011,0.0,12.0,11.9814,8.939189910888672,2.8647537231445312,-96.96,0,1,180,1.054,0.0232,1.0,0.467,0.007,0.3,0.1868,0.4938,2.5045
117.9,3,NAVIGATE,-0.2553,0.0137,-1.9117,-1.4071,-0.1293,2.8702,-1.4,0.0707,1.4018,0.0,12.0,11.989,8.86075210571289,2.859440326690674,-62.68,0,1,180,1.064,0.0292,1.0,0.4673,0.0087,0.3,0.1869,0.4957,2.438
117.951,3,NAVIGATE,-0.3093,0.0078,-1.8992,-1.4101,-0.1151,2.8077,-1.4,0.0849,1.4026,0.0,12.0,11.9962,6.340816020965576,2.844264268875122,-60.93,0,1,180,1.148,0.0348,1.0,0.4675,0.0104,0.3,0.187,0.4974,2.4537
118.0,3,NAVIGATE,-0.3733,0.002,-1.8817,-1.4136,-0.0984,2.7286,-1.4,0.1016,1.4037,0.0,12.0,12.0038,5.752076625823975,2.833617925643921,-58.93,0,1,180,1.031,0.0413,1.0,0.4679,0.0124,0.3,0.1872,0.4996,2.4749
118.05,3,NAVIGATE,-0.4268,-0.0021,-1.8665,-1.4169,-0.0846,2.6593,-1.4,0.1154,1.4047,0.0,12.0,12.0097,4.788114547729492,2.8127825260162354,-53.92,0,1,180,1.023,0.0467,1.0,0.4682,0.014,0.3,0.1873,0.5013,2.297
118.1,3,NAVIGATE,-0.4918,-0.006,-1.8486,-1.4214,-0.0679,2.5721,-1.4,0.1321,1.4062,0.0,12.0,12.0161,4.436985015869141,2.802595615386963,-51.67,0,1,180,1.028,0.0531,1.0,0.4687,0.0159,0.3,0.1875,0.5034,2.3797
118.151,3,NAVIGATE,-0.5456,-0.0073,-1.8344,-1.4251,-0.053,2.4962,-1.4,0.147,1.4077,0.0,12.0,12.0197,4.13669490814209,2.790863275527954,-49.17,0,1,180,1.043,0.0592,1.0,0.4692,0.0178,0.3,0.1877,0.5055,2.3998
118.201,3,NAVIGATE,-0.5998,-0.0077,-1.8207,-1.4288,-0.0371,2.4176,-1.4,0.1629,1.4095,0.0,12.0,12.0227,3.848475694656372,2.7789041996002197,-46.17,0,1,180,1.175,0.0659,1.0,0.4698,0.0198,0.3,0.1879,0.5077,2.3913
118.251,3,NAVIGATE,-0.6545,-0.0077,-1.8079,-1.4324,-0.0194,2.3374,-1.4,0.1806,1.4116,0.0,12.0,12.0255,3.442167282104492,2.760131359100342,-40.66,0,1,180,1.111,0.0737,1.0,0.4705,0.0221,0.3,0.1882,0.5103,2.1403
118.301,3,NAVIGATE,-0.7186,-0.0072,-1.7957,-1.4355,0.0045,2.2405,-1.4,0.2045,1.4149,0.0,12.0,12.0287,3.2831614017486572,2.7494685649871826,-37.91,0,1,180,1.153,0.0852,1.0,0.4716,0.0256,0.3,0.1886,0.5142,2.199
118.351,3,NAVIGATE,-0.7833,-0.0058,-1.7886,-1.4375,0.0314,2.1448,-1.4,0.2314,1.419,0.0,12.0,12.0313,3.1330795288085938,2.740231513977051,-34.41,0,1,180,1.199,0.0985,1.0,0.473,0.0295,0.3,0.1892,0.5187,2.2184
118.4,3,NAVIGATE,-0.8376,-0.0037,-1.7874,-1.4381,0.0544,2.067,-1.4,0.2544,1.4229,0.0,12.0,12.0329,2.936939001083374,2.725278615951538,-28.4,0,1,180,0.974,0.1099,1.0,0.4743,0.033,0.3,0.1897,0.5227,1.9284
118.451,3,NAVIGATE,-0.9032,0.0012,-1.7948,-1.4372,0.0813,1.9769,-1.4,0.2813,1.428,0.0,12.0,12.0327,2.8653712272644043,2.7172493934631348,-26.15,0,1,180,1.122,0.1229,1.0,0.476,0.0369,0.3,0.1904,0.5273,1.9652
118.5,3,NAVIGATE,-0.9582,0.0059,-1.8035,-1.4353,0.1022,1.9056,-1.4,0.3022,1.4323,0.0,12.0,12.0323,2.8014535903930664,2.711188793182373,-22.65,0,1,180,1.053,0.1325,1.0,0.4774,0.0398,0.3,0.191,0.5307,1.9073
118.551,3,NAVIGATE,-1.0133,0.0114,-1.8137,-1.4325,0.1217,1.8379,-1.4,0.3217,1.4365,0.0,12.0,12.0314,2.7246711254119873,2.6976873874664307,-18.39,0,1,180,1.097,0.1411,1.0,0.4788,0.0423,0.3,0.1915,0.5339,1.6415
118.601,3,NAVIGATE,-1.0765,0.0198,-1.8266,-1.427,0.1443,1.7622,-1.4,0.3443,1.4417,0.0,12.0,12.0285,2.7040038108825684,2.6921703815460205,-14.64,0,1,180,1.133,0.151,1.0,0.4806,0.0453,0.3,0.1922,0.5375,1.6628
118.65,3,NAVIGATE,-1.1401,0.0289,-1.8406,-1.4212,0.1655,1.6929,-1.4,0.3655,1.4469,0.0,12.0,12.0253,2.68747615814209,2.686011791229248,-11.14,0,1,180,1.002,0.1597,1.0,0.4823,0.0479,0.3,0.1929,0.5408,1.6473
118.701,3,NAVIGATE,-1.1938,0.0377,-1.853,-1.4165,0.1826,1.6403,-1.4,0.3826,1.4513,0.0,12.0,12.0217,2.6743886470794678,2.6743886470794678,-6.63,0,1,180,1.117,0.1665,1.0,0.4838,0.05,0.3,0.1935,0.5435,1.4186
118.75,3,NAVIGATE,-1.2588,0.05,-1.8685,-1.4113,0.2029,1.5835,-1.4,0.4029,1.4568,0.0,12.0,12.0161,2.668440818786621,2.668440818786621,-4.38,0,1,180,1.031,0.1743,1.0,0.4856,0.0523,0.3,0.1942,0.5465,1.4119
118.801,3,NAVIGATE,-1.3133,0.0607,-1.8814,-1.4074,0.2192,1.5414,-1.4,0.4192,1.4614,0.0,12.0,12.0113,2.6618030071258545,2.6618030071258545,-3.63,0,1,180,1.104,0.1804,1.0,0.4871,0.0541,0.3,0.1949,0.549,1.3573
118.85,3,NAVIGATE,-1.367,0.0729,-1.8938,-1.4036,0.2356,1.504,-1.4,0.4356,1.4662,0.0,12.0,12.0052,2.6483154296875,2.6483154296875,1.88,0,1,180,0.98,0.1864,1.0,0.4887,0.0559,0.3,0.1955,0.5514,1.1619
118.902,3,NAVIGATE,-1.4302,0.0895,-1.9077,-1.3989,0.2554,1.4655,-1.4,0.4554,1.4722,0.0,12.0,11.996,2.6413662433624268,2.6413662433624268,4.38,0,1,180,2.067,0.1937,1.0,0.4907,0.0581,0.3,0.1963,0.5544,1.1404
118.952,3,NAVIGATE,-1.4938,0.1064,-1.9215,-1.395,0.2743,1.4335,-1.4,0.4743,1.4782,0.0,12.0,11.9871,2.6326210498809814,2.6326210498809814,6.38,0,1,180,1.742,0.2004,1.0,0.4927,0.0601,0.3,0.1971,0.5572,1.0928
119.001,3,NAVIGATE,-1.5473,0.1201,-1.9338,-1.3926,0.2892,1.4116,-1.2,0.4892,1.2959,0.0,12.0,11.9802,2.617457628250122,2.617457628250122,6.63,0,1,180,1.616,0.2547,1.0,0.432,0.0764,0.3,0.1728,0.5492,0.9301
119.051,3,NAVIGATE,-1.612,0.1367,-1.9487,-1.3909,0.3061,1.3905,-1.2,0.5061,1.3024,0.0,12.0,11.9724,2.608781099319458,2.608781099319458,9.13,0,1,180,1.611,0.261,1.0,0.4341,0.0783,0.3,0.1736,0.5519,0.8858
119.101,3,NAVIGATE,-1.6661,0.1508,-1.9603,-1.3907,0.3199,1.3772,-1.1,0.5199,1.2167,0.0,12.0,11.9658,2.599266529083252,2.599266529083252,9.63,0,1,180,1.679,0.2972,1.0,0.4056,0.0892,0.3,0.1622,0.5514,0.8146
119.151,3,NAVIGATE,-1.7337,0.1643,-1.9723,-1.3888,0.3342,1.3658,-1.3,0.4342,1.3706,0.0,12.0,11.962,2.5803029537200928,2.579693555831909,10.38,0,1,180,1.623,0.176,1.0,0.4569,0.0528,0.3,0.1827,0.5355,1.027
119.201,3,NAVIGATE,-1.8015,0.1782,-1.983,-1.3826,0.3483,1.3588,-1.3,0.4483,1.3751,0.0,12.0,11.9583,2.5725889205932617,2.5701687335968018,10.63,0,1,180,1.539,0.1799,1.0,0.4584,0.054,0.3,0.1833,0.5373,0.9768
119.251,3,NAVIGATE,-1.8576,0.1905,-1.9911,-1.3727,0.3603,1.3556,-1.2,0.4603,1.2852,0.0,12.0,11.9547,2.560159921646118,2.558532238006592,11.39,0,1,180,1.578,0.2087,1.0,0.4284,0.0626,0.3,0.1714,0.534,0.9137
119.301,3,NAVIGATE,-1.9117,0.2038,-1.9978,-1.3623,0.371,1.3545,-1.2,0.471,1.2891,0.0,12.0,11.9501,2.5385918617248535,2.5363516807556152,12.64,0,1,180,1.674,0.2117,1.0,0.4297,0.0635,0.3,0.1719,0.5354,0.8414
119.351,3,NAVIGATE,-1.9764,0.2205,-2.005,-1.3515,0.3819,1.3557,-1.1,0.4819,1.2009,0.0,12.0,11.9442,2.5279417037963867,2.524801254272461,13.39,0,1,180,1.682,0.2442,1.0,0.4003,0.0732,0.3,0.1601,0.5334,0.7914
119.401,3,NAVIGATE,-2.0295,0.2345,-2.0098,-1.3431,0.3898,1.3587,-1.1,0.4898,1.2041,0.0,12.0,11.9393,2.515105962753296,2.5109922885894775,11.89,0,1,180,1.776,0.2456,1.0,0.4014,0.0737,0.3,0.1606,0.5342,0.747
119.451,3,NAVIGATE,-2.0809,0.2477,-2.0123,-1.3349,0.3968,1.3631,-1.3,0.3968,1.3592,0.0,12.0,11.9351,2.4899532794952393,2.4880945682525635,10.63,0,1,180,1.522,0.1207,1.0,0.4531,0.0362,0.3,0.1812,0.5174,1.0047
119.501,3,NAVIGATE,-2.1425,0.2642,-2.0149,-1.324,0.4055,1.3699,-1.3,0.4055,1.3618,0.0,12.0,11.9297,2.4778149127960205,2.4766252040863037,11.89,0,1,180,1.624,0.1215,1.0,0.4539,0.0364,0.3,0.1816,0.518,0.9527
119.551,3,NAVIGATE,-2.2043,0.2816,-2.0181,-1.3119,0.4142,1.3774,-1.2,0.4142,1.2695,0.0,12.0,11.924,2.4640307426452637,2.461923837661743,11.89,0,1,180,1.722,0.1459,1.0,0.4232,0.0438,0.3,0.1693,0.513,0.9034
119.601,3,NAVIGATE,-2.256,0.2964,-2.0218,-1.3045,0.4192,1.384,-1.2,0.4192,1.2711,0.0,12.0,11.9191,2.4368672370910645,2.436237096786499,10.63,0,1,180,1.726,0.1451,1.0,0.4237,0.0435,0.3,0.1695,0.513,0.8771
119.651,3,NAVIGATE,-2.3181,0.3146,-2.0257,-1.2999,0.4232,1.3923,-1.1999,0.4232,1.2724,0.0,12.0,11.9131,2.4235055446624756,2.4229347705841064,10.13,0,1,180,1.7,0.1428,1.0,0.4241,0.0428,0.3,0.1697,0.5125,0.8397
119.701,3,NAVIGATE,-2.3679,0.3303,-2.0281,-1.297,0.4261,1.3994,-1.197,0.4261,1.2706,0.0,12.0,11.9076,2.407207489013672,2.407207489013672,9.38,0,1,180,1.82,0.1413,1.0,0.4235,0.0424,0.3,0.1694,0.5118,0.8106
119.751,3,NAVIGATE,-2.4154,0.3462,-2.0294,-1.2938,0.4288,1.4065,-1.0938,0.4288,1.1748,0.0,12.0,11.9015,2.380643367767334,2.380643367767334,9.63,0,1,180,1.656,0.1684,1.0,0.3916,0.0505,0.3,0.1566,0.5072,0.7977
119.801,3,NAVIGATE,-2.4731,0.3658,-2.0307,-1.2903,0.4319,1.4145,-1.0903,0.4319,1.1727,0.0,12.0,11.8941,2.367478847503662,2.367478847503662,8.38,0,1,180,1.733,0.1669,1.0,0.3909,0.0501,0.3,0.1564,0.5064,0.7659
119.851,3,NAVIGATE,-2.5325,0.3853,-2.0332,-1.2874,0.4352,1.4221,-1.0874,0.4352,1.1713,0.0,12.0,11.8876,2.350687026977539,2.350687026977539,8.38,0,1,180,1.709,0.1652,1.0,0.3904,0.0496,0.3,0.1562,0.5057,0.7364
119.901,3,NAVIGATE,-2.5825,0.4016,-2.0355,-1.2832,0.4383,1.4279,-1.0832,0.4383,1.1685,0.0,12.0,11.8824,2.324151039123535,2.324151039123535,7.88,0,1,180,1.61,0.1646,1.0,0.3895,0.0494,0.3,0.1558,0.5052,0.7132
119.951,3,NAVIGATE,-2.6427,0.4217,-2.0379,-1.2755,0.4421,1.4339,-1.0755,0.4421,1.1628,0.0,12.0,11.876,2.310143232345581,2.310143232345581,7.13,0,1,180,1.568,0.1648,1.0,0.3876,0.0495,0.3,0.155,0.5045,0.6848
120.001,3,NAVIGATE,-2.6953,0.4383,-2.0399,-1.2683,0.445,1.4379,-1.3683,0.345,1.4112,0.0,12.0,11.8718,2.29390287399292,2.29390287399292,6.88,0,1,180,1.724,0.018,1.0,0.4704,0.0054,0.3,0.1882,0.4935,1.0648
120.051,3,NAVIGATE,-2.7375,0.4516,-2.0414,-1.2618,0.4473,1.4406,-1.3618,0.3473,1.4054,0.0,12.0,11.8684,2.2661564350128174,2.2661564350128174,7.38,0,1,180,1.678,0.017,1.0,0.4685,0.0051,0.3,0.1874,0.4925,1.095
120.101,3,NAVIGATE,-2.8105,0.4754,-2.0436,-1.2478,0.4519,1.4433,-1.4478,0.3519,1.49,0.0,12.0,11.8623,2.252100706100464,2.252100706100464,6.88,0,1,180,1.62,-0.0008,1.0,0.4967,-0.0002,0.3,0.1987,0.4984,1.1236
120.151,3,NAVIGATE,-2.8621,0.4953,-2.0425,-1.2423,0.4533,1.4439,-1.4423,0.3533,1.4849,0.0,12.0,11.8553,2.2356536388397217,2.2356536388397217,6.88,0,1,180,1.57,-0.0036,1.0,0.495,-0.0011,0.3,0.198,0.4969,1.1084
120.201,3,NAVIGATE,-2.9133,0.5156,-2.0409,-1.2415,0.4526,1.4437,-1.3415,0.3526,1.3871,0.0,12.0,11.8481,2.2081692218780518,2.2081692218780518,7.63,0,1,180,1.745,0.0086,1.0,0.4624,0.0026,0.3,0.1849,0.4875,1.0299
120.251,3,NAVIGATE,-2.9746,0.5395,-2.0392,-1.2486,0.4498,1.4426,-1.3486,0.3498,1.3932,0.0,12.0,11.8402,2.195042610168457,2.195042610168457,6.63,0,1,180,1.67,-0.0002,1.0,0.4644,-0.0001,0.3,0.1858,0.4857,1.034
120.301,3,NAVIGATE,-3.0392,0.563,-2.0366,-1.2634,0.4455,1.4405,-1.3634,0.3455,1.4065,0.0,12.0,11.834,2.178628444671631,2.178628444671631,6.38,0,1,180,1.671,-0.0115,1.0,0.4688,-0.0035,0.3,0.1875,0.4841,1.0914
120.351,3,NAVIGATE,-3.0931,0.5821,-2.0348,-1.2769,0.4421,1.4383,-1.3769,0.3421,1.4188,0.0,12.0,11.8295,2.150486469268799,2.150486469268799,7.88,0,1,180,1.676,-0.021,1.0,0.4729,-0.0063,0.3,0.1892,0.4829,1.0887
120.401,3,NAVIGATE,-3.1576,0.6044,-2.0326,-1.2922,0.4381,1.4347,-1.3922,0.3381,1.4326,0.0,12.0,11.825,2.1370880603790283,2.1370880603790283,7.38,0,1,180,1.568,-0.0321,1.0,0.4775,-0.0096,0.3,0.191,0.4814,1.108
120.451,3,NAVIGATE,-3.2207,0.6255,-2.0295,-1.3051,0.4333,1.4303,-1.4,0.3333,1.4391,0.0,12.0,11.8217,2.1216306686401367,2.1216306686401367,7.63,0,1,180,1.626,-0.0422,1.0,0.4797,-0.0127,0.3,0.1919,0.4792,1.1273
120.501,3,NAVIGATE,-3.2631,0.6395,-2.0277,-1.3125,0.4303,1.4267,-1.4,0.3303,1.4384,0.0,12.0,11.8199,2.093041181564331,2.093041181564331,7.63,0,1,180,1.872,-0.048,1.0,0.4795,-0.0144,0.3,0.1918,0.4774,1.1098
120.551,3,NAVIGATE,-3.3268,0.66,-2.0256,-1.322,0.4261,1.4208,-1.4,0.3261,1.4375,0.0,12.0,11.818,2.080075263977051,2.080075263977051,8.13,0,1,180,1.728,-0.0565,1.0,0.4792,-0.017,0.3,0.1917,0.4747,1.1204
120.602,3,NAVIGATE,-3.3909,0.6799,-2.0241,-1.3304,0.422,1.414,-1.4,0.322,1.4365,0.0,12.0,11.817,2.064818859100342,2.064818859100342,7.13,0,1,180,1.989,-0.0649,1.0,0.4788,-0.0195,0.3,0.1915,0.4721,1.1321
120.651,3,NAVIGATE,-3.4446,0.6965,-2.0232,-1.3367,0.4186,1.4079,-1.4,0.3186,1.4358,0.0,12.0,11.8167,2.038708448410034,2.038708448410034,7.63,0,1,180,1.703,-0.072,1.0,0.4786,-0.0216,0.3,0.1914,0.4699,1.1268
120.701,3,NAVIGATE,-3.5083,0.7142,-2.02,-1.3434,0.4136,1.3999,-1.1,0.4136,1.1752,0.0,12.0,11.8185,2.0258800983428955,2.0258800983428955,9.13,0,1,180,1.574,0.0582,1.0,0.3917,0.0175,0.3,0.1567,0.4742,0.7135
120.751,3,NAVIGATE,-3.5714,0.7301,-2.0154,-1.3499,0.4074,1.3913,-1.2,0.4074,1.2673,0.0,12.0,11.8222,2.0113914012908936,2.0113914012908936,9.13,0,1,180,1.729,0.0204,1.0,0.4224,0.0061,0.3,0.169,0.4751,0.821
120.801,3,NAVIGATE,-3.6244,0.7436,-2.0123,-1.3556,0.4023,1.3841,-1.2,0.4023,1.2656,0.0,12.0,11.8256,1.984078049659729,1.984078049659729,9.63,0,1,180,1.736,0.012,1.0,0.4219,0.0036,0.3,0.1688,0.4723,0.8257
120.851,3,NAVIGATE,-3.6785,0.7581,-2.0087,-1.3564,0.4004,1.3767,-1.2,0.4004,1.265,0.0,12.0,11.8284,1.9730148315429688,1.9714348316192627,10.63,0,1,180,1.675,0.0058,1.0,0.4217,0.0017,0.3,0.1687,0.4704,0.8401
120.901,3,NAVIGATE,-3.744,0.7764,-2.0043,-1.3523,0.401,1.3676,-1.2,0.401,1.2652,0.0,12.0,11.8316,1.958837866783142,1.9577184915542603,10.63,0,1,180,1.753,0.0005,1.0,0.4217,0.0002,0.3,0.1687,0.4689,0.844
120.951,3,NAVIGATE,-3.7984,0.7919,-2.0013,-1.3455,0.403,1.3598,-1.1,0.403,1.1715,0.0,12.0,11.8343,1.933616280555725,1.9315153360366821,12.39,0,1,180,1.665,0.0244,1.0,0.3905,0.0073,0.3,0.1562,0.4635,0.7178
121.001,3,NAVIGATE,-3.852,0.8062,-1.9984,-1.337,0.4049,1.3518,-1.1,0.4049,1.1722,0.0,12.0,11.838,1.9220588207244873,1.9193263053894043,11.39,0,1,180,1.686,0.0213,1.0,0.3907,0.0064,0.3,0.1563,0.4627,0.7177
121.051,3,NAVIGATE,-3.916,0.8235,-1.9955,-1.3264,0.4073,1.3421,-1.1,0.4073,1.173,0.0,12.0,11.8427,1.907041072845459,1.9045093059539795,12.39,0,1,180,1.755,0.0176,1.0,0.391,0.0053,0.3,0.1564,0.4617,0.7204
121.101,3,NAVIGATE,-3.9689,0.8382,-1.9938,-1.316,0.4095,1.334,-1.1,0.4095,1.1737,0.0,12.0,11.8465,1.894842267036438,1.8909038305282593,13.14,0,1,180,1.776,0.0147,1.0,0.3912,0.0044,0.3,0.1565,0.4609,0.7234
121.152,3,NAVIGATE,-4.0328,0.8587,-1.9943,-1.3025,0.4136,1.3243,-1.1,0.4136,1.1752,0.0,12.0,11.8487,1.8693574666976929,1.8642051219940186,13.64,0,1,180,1.856,0.0124,1.0,0.3917,0.0037,0.3,0.1567,0.4604,0.7168
121.201,3,NAVIGATE,-4.0961,0.8798,-1.9956,-1.2882,0.4178,1.3147,-1.0882,0.4178,1.1657,0.0,12.0,11.8506,1.8548662662506104,1.8495664596557617,13.89,0,1,180,1.754,0.0137,1.0,0.3886,0.0041,0.3,0.1554,0.4595,0.7056
121.251,3,NAVIGATE,-4.1482,0.8974,-1.9968,-1.2763,0.421,1.3067,-1.0763,0.421,1.1557,0.0,12.0,11.8522,1.8299206495285034,1.8236883878707886,14.89,0,1,180,1.818,0.0153,1.0,0.3852,0.0046,0.3,0.1541,0.4587,0.6771
121.301,3,NAVIGATE,-4.2075,0.9191,-2.0049,-1.2612,0.4243,1.2974,-1.0612,0.4243,1.1429,0.0,12.0,11.8528,1.818834900856018,1.8094991445541382,14.89,0,1,180,1.681,0.0174,1.0,0.381,0.0052,0.3,0.1524,0.4576,0.6684
121.351,3,NAVIGATE,-4.2565,0.9371,-2.0109,-1.2494,0.4268,1.2898,-1.0494,0.4268,1.1329,0.0,12.0,11.8535,1.8030292987823486,1.7951679229736328,15.14,0,1,180,1.689,0.019,1.0,0.3776,0.0057,0.3,0.151,0.4567,0.6565
121.401,3,NAVIGATE,-4.3054,0.955,-2.0166,-1.2382,0.4291,1.2825,-1.0382,0.4291,1.1234,0.0,12.0,11.8545,1.7904894351959229,1.7810405492782593,15.14,0,1,180,1.675,0.0202,1.0,0.3745,0.0061,0.3,0.1498,0.4559,0.6478
121.451,3,NAVIGATE,-4.3641,0.9753,-2.0238,-1.2255,0.4312,1.274,-1.0255,0.4312,1.1125,0.0,12.0,11.857,1.7650930881500244,1.7537119388580322,17.64,0,1,180,1.674,0.0211,1.0,0.3708,0.0063,0.3,0.1483,0.4547,0.6289
121.501,3,NAVIGATE,-4.4127,0.9924,-2.029,-1.2151,0.4331,1.2672,-1.0151,0.4331,1.1037,0.0,12.0,11.8591,1.750691533088684,1.7377902269363403,15.64,0,1,180,1.671,0.022,1.0,0.3679,0.0066,0.3,0.1472,0.4537,0.6201
121.552,3,NAVIGATE,-4.4613,1.0099,-2.0349,-1.205,0.4351,1.2606,-1.005,0.4351,1.0951,0.0,12.0,11.8611,1.737876057624817,1.7238750457763672,16.14,0,1,180,1.824,0.0229,1.0,0.365,0.0069,0.3,0.146,0.4529,0.6121
121.601,3,NAVIGATE,-4.5215,1.0323,-2.0473,-1.1935,0.4379,1.253,-0.9935,0.4379,1.0858,0.0,12.0,11.8631,1.712445616722107,1.6960923671722412,17.89,0,1,180,1.665,0.0241,1.0,0.3619,0.0072,0.3,0.1448,0.452,0.6173
121.651,3,NAVIGATE,-4.5709,1.051,-2.056,-1.1838,0.4403,1.247,-0.9838,0.4403,1.0778,0.0,12.0,11.8648,1.6993167400360107,1.6806755065917969,16.64,0,1,180,1.719,0.0253,1.0,0.3593,0.0076,0.3,0.1437,0.4513,0.606
121.701,3,NAVIGATE,-4.6301,1.0732,-2.0667,-1.172,0.4431,1.24,-0.972,0.4431,1.0682,0.0,12.0,11.8673,1.6859320402145386,1.6656029224395752,18.89,0,1,180,1.88,0.0269,1.0,0.3561,0.0081,0.3,0.1424,0.4505,0.5945
121.751,3,NAVIGATE,-4.6792,1.0917,-2.0756,-1.162,0.4455,1.2343,-0.962,0.4455,1.0602,0.0,12.0,11.8695,1.6584832668304443,1.6374926567077637,19.39,0,1,180,1.631,0.0284,1.0,0.3534,0.0085,0.3,0.1414,0.4499,0.5729
121.801,3,NAVIGATE,-4.7276,1.1102,-2.0828,-1.1519,0.4477,1.2288,-0.9519,0.4477,1.0519,0.0,12.0,11.8717,1.6445913314819336,1.621645212173462,19.89,0,1,180,1.704,0.0301,1.0,0.3506,0.009,0.3,0.1403,0.4493,0.5604
121.851,3,NAVIGATE,-4.7841,1.1333,-2.088,-1.139,0.4506,1.2223,-0.939,0.4506,1.0415,0.0,12.0,11.8732,1.6308228969573975,1.6065696477890015,19.64,0,1,180,1.717,0.0326,1.0,0.3472,0.0098,0.3,0.1389,0.4487,0.547
121.901,3,NAVIGATE,-4.8393,1.1571,-2.0899,-1.1257,0.4536,1.216,-1.0257,0.3536,1.085,0.0,12.0,11.8738,1.6034644842147827,1.5781774520874023,18.89,0,1,180,1.682,-0.0877,1.0,0.3617,-0.0263,0.3,0.1447,0.4183,0.7561
121.951,3,NAVIGATE,-4.8847,1.1769,-2.0905,-1.1145,0.4561,1.2111,-0.9145,0.4561,1.0219,0.0,12.0,11.8743,1.5873627662658691,1.561845302581787,18.89,0,1,180,1.646,0.0387,1.0,0.3406,0.0116,0.3,0.1363,0.4479,0.5325
122.001,3,NAVIGATE,-4.9398,1.2013,-2.0903,-1.1013,0.4599,1.2052,-0.9013,0.4599,1.0119,0.0,12.0,11.8749,1.5757826566696167,1.547818899154663,21.14,0,1,180,1.725,0.0428,1.0,0.3373,0.0128,0.3,0.1349,0.4478,0.5163
122.051,3,NAVIGATE,-4.9856,1.2217,-2.0895,-1.0925,0.4609,1.2004,-0.9925,0.3609,1.056,0.0,12.0,11.8755,1.5474574565887451,1.5180959701538086,22.15,0,1,180,1.711,-0.0844,1.0,0.352,-0.0253,0.3,0.1408,0.4155,0.7174
122.101,3,NAVIGATE,-5.0398,1.2459,-2.088,-1.0816,0.4624,1.1946,-0.9816,0.3624,1.0464,0.0,12.0,11.8764,1.5307698249816895,1.5016611814498901,20.39,0,1,180,1.536,-0.0845,1.0,0.3488,-0.0253,0.3,0.1395,0.4142,0.7046
122.151,3,NAVIGATE,-5.0847,1.2633,-2.0851,-1.072,0.4636,1.1898,-0.872,0.4636,0.9876,0.0,12.0,11.8799,1.5162055492401123,1.485918402671814,21.65,0,1,180,1.769,0.0463,1.0,0.3292,0.0139,0.3,0.1317,0.4456,0.5059
122.201,3,NAVIGATE,-5.1379,1.2843,-2.0814,-1.0623,0.4626,1.184,-0.8623,0.4626,0.9785,0.0,12.0,11.8837,1.4905778169631958,1.4557281732559204,21.9,0,1,180,1.653,0.0453,0.9906,0.3262,0.0136,0.2972,0.1305,0.4412,0.4864
122.252,3,NAVIGATE,-5.1816,1.3019,-2.0783,-1.0556,0.46,1.1794,-0.8556,0.46,0.9714,0.0,12.0,11.8869,1.4731040000915527,1.440359354019165,21.65,0,1,180,1.758,0.0422,0.9731,0.3238,0.0127,0.2919,0.1295,0.4341,0.4805
122.302,3,NAVIGATE,-5.2244,1.3173,-2.0795,-1.0482,0.4576,1.1751,-0.8482,0.4576,0.9638,0.0,12.0,11.8918,1.4608547687530518,1.4257192611694336,20.64,0,1,180,1.855,0.0399,1.0,0.3213,0.012,0.3,0.1285,0.4405,0.499
122.352,3,NAVIGATE,-5.2668,1.3329,-2.0801,-1.0395,0.4567,1.1709,-0.9395,0.4567,1.0446,0.0,12.0,11.8965,1.445540189743042,1.4108179807662964,22.15,0,1,180,1.932,-0.0062,1.0,0.3482,-0.0018,0.3,0.1393,0.4374,0.5596
122.401,3,NAVIGATE,-5.3171,1.3521,-2.0802,-1.0272,0.4573,1.1659,-0.9272,0.4573,1.0339,0.0,12.0,11.9017,1.4166661500930786,1.3781392574310303,20.89,0,1,180,1.615,-0.0049,1.0,0.3446,-0.0015,0.3,0.1379,0.4364,0.5351
122.451,3,NAVIGATE,-5.356,1.3694,-2.0725,-1.015,0.4591,1.1616,-0.915,0.4591,1.0237,0.0,12.0,11.9036,1.4019073247909546,1.3638660907745361,23.15,0,1,180,1.66,-0.0016,1.0,0.3412,-0.0005,0.3,0.1365,0.436,0.5439
122.501,3,NAVIGATE,-5.3946,1.3869,-2.0652,-1.004,0.4611,1.1573,-0.904,0.4611,1.0148,0.0,12.0,11.9055,1.3865095376968384,1.3489151000976562,23.15,0,1,180,1.739,0.0014,1.0,0.3383,0.0004,0.3,0.1353,0.4357,0.531
122.551,3,NAVIGATE,-5.433,1.4046,-2.0584,-0.9945,0.4633,1.153,-0.8945,0.4633,1.0073,0.0,12.0,11.9072,1.3569308519363403,1.3163442611694336,23.9,0,1,180,1.705,0.004,1.0,0.3358,0.0012,0.3,0.1343,0.4355,0.528
122.601,3,NAVIGATE,-5.4746,1.4295,-2.0527,-0.9833,0.4679,1.148,-0.8833,0.4679,0.9995,0.0,12.0,11.9041,1.3436170816421509,1.3020660877227783,23.9,0,1,180,1.606,0.0092,1.0,0.3332,0.0028,0.3,0.1333,0.436,0.5123
122.651,3,NAVIGATE,-5.5164,1.4543,-2.0474,-0.9738,0.4722,1.143,-0.8738,0.4722,0.9932,0.0,12.0,11.9014,1.328070878982544,1.2883650064468384,22.65,0,1,180,1.959,0.0135,1.0,0.3311,0.0041,0.3,0.1324,0.4365,0.514
122.701,3,NAVIGATE,-5.5506,1.4744,-2.0431,-0.9663,0.4754,1.1389,-0.8663,0.4754,0.9882,0.0,12.0,11.8994,1.2975283861160278,1.2550300359725952,23.15,0,1,180,1.668,0.0166,0.9817,0.3294,0.005,0.2945,0.1318,0.4313,0.4885
122.752,3,NAVIGATE,-5.5812,1.4929,-2.0382,-0.9579,0.4777,1.1349,-0.8579,0.4777,0.9819,0.0,12.0,11.8974,1.2826707363128662,1.2405866384506226,24.4,0,1,180,2.613,0.0198,1.0,0.3273,0.0059,0.3,0.1309,0.4368,0.4958
122.801,3,NAVIGATE,-5.6187,1.5154,-2.033,-0.9482,0.4802,1.1302,-0.8482,0.4802,0.9747,0.0,12.0,11.8953,1.2682912349700928,1.2243009805679321,23.9,0,1,180,1.673,0.0232,0.9791,0.3249,0.007,0.2937,0.13,0.4306,0.4815
122.851,3,NAVIGATE,-5.6498,1.5343,-2.027,-0.9402,0.4821,1.1263,-0.8402,0.4821,0.9687,0.0,12.0,11.8934,1.2362180948257446,1.1910256147384644,25.15,0,1,180,1.589,0.0259,0.9518,0.3229,0.0078,0.2855,0.1292,0.4225,0.4788
122.901,3,NAVIGATE,-5.6865,1.5571,-2.017,-0.9304,0.4842,1.1217,-0.8304,0.4842,0.9612,0.0,12.0,11.8908,1.2210496664047241,1.1759823560714722,24.65,0,1,180,1.57,0.0293,0.9564,0.3204,0.0088,0.2869,0.1282,0.4239,0.4797
122.951,3,NAVIGATE,-5.7177,1.5763,-2.0098,-0.9224,0.4861,1.1179,-0.8224,0.4861,0.9553,0.0,12.0,11.8889,1.2040621042251587,1.1608225107192993,26.15,0,1,180,1.523,0.0321,0.9289,0.3184,0.0096,0.2787,0.1274,0.4157,0.4656
123.001,3,NAVIGATE,-5.7586,1.5983,-2.0009,-0.9144,0.4877,1.1135,-0.8144,0.4877,0.9492,0.0,12.0,11.8893,1.173477053642273,1.1271528005599976,25.15,0,1,180,1.581,0.034,0.9601,0.3164,0.0102,0.288,0.1266,0.4248,0.4759
123.051,3,NAVIGATE,-5.795,1.616,-1.9936,-0.9088,0.4887,1.1098,-0.8088,0.4887,0.9449,0.0,12.0,11.8916,1.1575456857681274,1.1113014221191406,27.9,0,1,180,1.644,0.0345,0.9379,0.315,0.0103,0.2814,0.126,0.4177,0.4635
123.101,3,NAVIGATE,-5.8385,1.6375,-1.9863,-0.9019,0.49,1.1054,-0.8019,0.49,0.9398,0.0,12.0,11.8941,1.142877221107483,1.0959903001785278,25.65,0,1,180,1.552,0.0354,0.9452,0.3133,0.0106,0.2836,0.1253,0.4195,0.47
123.151,3,NAVIGATE,-5.8764,1.6567,-1.9809,-0.8967,0.4917,1.1017,-0.7967,0.4917,0.9363,0.0,12.0,11.8961,1.1083509922027588,1.0609291791915894,27.15,0,1,180,1.616,0.0363,0.9132,0.3121,0.0109,0.274,0.1248,0.4097,0.4567
123.201,3,NAVIGATE,-5.9226,1.6806,-1.9753,-0.8907,0.4942,1.0975,-0.7907,0.4942,0.9324,0.0,12.0,11.8983,1.0930835008621216,1.0452368259429932,26.65,0,1,180,1.588,0.0375,0.9168,0.3108,0.0113,0.275,0.1243,0.4106,0.4585
123.251,3,NAVIGATE,-5.9606,1.7005,-1.9716,-0.8853,0.4962,1.0939,-0.7853,0.4962,0.9289,0.0,12.0,11.8999,1.0757322311401367,1.0279346704483032,27.15,0,1,180,1.827,0.0389,0.9171,0.3096,0.0117,0.2751,0.1239,0.4107,0.4584
123.301,3,NAVIGATE,-5.9962,1.7226,-1.9703,-0.8788,0.499,1.0904,-0.7788,0.499,0.9249,0.0,12.0,11.8987,1.0423921346664429,0.9939466118812561,25.9,0,1,180,1.554,0.0417,0.8991,0.3083,0.0125,0.2697,0.1233,0.4056,0.4339
123.351,3,NAVIGATE,-6.038,1.7494,-1.9698,-0.8706,0.5023,1.0863,-0.7706,0.5023,0.9198,0.0,12.0,11.8967,1.0266969203948975,0.9776735305786133,24.65,0,1,180,1.55,0.0454,0.9024,0.3066,0.0136,0.2707,0.1226,0.407,0.428
123.402,3,NAVIGATE,-6.0794,1.7759,-1.9699,-0.8623,0.5054,1.0821,-0.7623,0.5054,0.9146,0.0,12.0,11.895,1.009609341621399,0.9612181782722473,26.9,0,1,180,1.909,0.0489,0.9092,0.3049,0.0147,0.2728,0.122,0.4094,0.4212
123.451,3,NAVIGATE,-6.1142,1.8017,-1.9708,-0.8558,0.5096,1.0786,-0.7558,0.4096,0.8596,0.0,12.0,11.8907,0.9756563305854797,0.925459623336792,27.65,0,1,180,1.769,-0.0434,0.9793,0.2865,-0.013,0.2938,0.1146,0.3954,0.3873
123.501,3,NAVIGATE,-6.1556,1.832,-1.972,-0.848,0.5145,1.0745,-0.748,0.4145,0.8551,0.0,12.0,11.8861,0.9586895108222961,0.9089145660400391,28.4,0,1,180,1.709,-0.0383,0.9709,0.285,-0.0115,0.2913,0.114,0.3938,0.3831
123.551,3,NAVIGATE,-6.1898,1.8568,-1.9732,-0.8415,0.5182,1.0711,-0.7415,0.4182,0.8512,0.0,12.0,11.8827,0.9423297047615051,0.8927174806594849,28.4,0,1,180,1.578,-0.0344,0.964,0.2837,-0.0103,0.2892,0.1135,0.3924,0.3743
123.601,3,NAVIGATE,-6.2255,1.8809,-1.971,-0.8356,0.5194,1.0676,-0.7356,0.4194,0.8467,0.0,12.0,11.8808,0.9260543584823608,0.876861572265625,26.4,0,1,180,1.745,-0.0334,0.963,0.2822,-0.01,0.2889,0.1129,0.3918,0.3638
123.651,3,NAVIGATE,-6.2677,1.9093,-1.969,-0.8285,0.518,1.0635,-0.6285,0.518,0.8145,0.0,12.0,11.8788,0.8889392018318176,0.8455199003219604,22.9,0,1,180,1.643,0.1332,0.8255,0.2715,0.04,0.2477,0.1086,0.3962,0.4122
123.701,3,NAVIGATE,-6.3027,1.9322,-1.9677,-0.8225,0.515,1.06,-0.6225,0.515,0.8079,0.0,12.0,11.8779,0.8733535408973694,0.8331887722015381,21.14,0,1,180,1.672,0.1314,0.832,0.2693,0.0394,0.2496,0.1077,0.3967,0.4147
123.752,3,NAVIGATE,-6.3457,1.9578,-1.966,-0.816,0.5092,1.0557,-0.616,0.6092,0.8664,0.0,12.0,11.8791,0.8564971685409546,0.8201736807823181,19.39,0,1,180,1.733,0.2146,0.7526,0.2888,0.0644,0.2258,0.1155,0.4057,0.3776
123.802,3,NAVIGATE,-6.3809,1.9788,-1.9652,-0.8082,0.5063,1.0522,-0.6082,0.6063,0.8588,0.0,12.0,11.8802,0.819273054599762,0.7971813082695007,15.14,0,1,180,1.847,0.2152,0.7995,0.2863,0.0645,0.2399,0.1145,0.4189,0.3952
123.851,3,NAVIGATE,-6.4212,2.0034,-1.9649,-0.7959,0.5048,1.0479,-0.5959,0.6048,0.8491,0.0,12.0,11.8812,0.8040635585784912,0.7900055646896362,13.39,0,1,180,1.629,0.22,0.8041,0.283,0.066,0.2412,0.1132,0.4205,0.3932
123.902,3,NAVIGATE,-6.4525,2.0233,-1.9653,-0.7834,0.5067,1.0443,-0.5834,0.6067,0.8417,0.0,12.0,11.8815,0.7887098789215088,0.7799990177154541,11.64,0,1,180,2.398,0.2289,0.8154,0.2806,0.0687,0.2446,0.1122,0.4255,0.3984
123.952,3,NAVIGATE,-6.4834,2.0433,-1.9659,-0.7701,0.5113,1.0406,-0.5701,0.6113,0.8359,0.0,12.0,11.8815,0.764832615852356,0.764832615852356,7.13,0,1,180,1.744,0.2408,0.8173,0.2786,0.0722,0.2452,0.1115,0.4289,0.406
124.001,3,NAVIGATE,-6.5198,2.0662,-1.9654,-0.754,0.5187,1.0362,-0.554,0.6187,0.8305,0.0,12.0,11.8823,0.7627456784248352,0.7627456784248352,5.13,0,1,180,1.71,0.2568,0.8212,0.2768,0.077,0.2464,0.1107,0.4341,0.4113
124.051,3,NAVIGATE,-6.5556,2.0884,-1.9641,-0.7383,0.5269,1.0317,-0.5383,0.6269,0.8262,0.0,12.0,11.8834,0.7568022012710571,0.7568022012710571,2.88,0,1,180,1.776,0.2734,0.8108,0.2754,0.082,0.2432,0.1102,0.4354,0.4071
124.101,3,NAVIGATE,-6.5791,2.1036,-1.9635,-0.7279,0.5327,1.0287,-0.5279,0.6327,0.824,0.0,12.0,11.8837,0.7505647540092468,0.7505647540092468,-1.13,0,1,180,1.648,0.2847,0.8414,0.2747,0.0854,0.2524,0.1099,0.4477,0.423
124.151,3,NAVIGATE,-6.6148,2.1273,-1.9613,-0.713,0.5415,1.0243,-0.513,0.7415,0.9016,0.0,12.0,11.8838,0.7496370673179626,0.7496370673179626,-3.38,0,1,180,1.664,0.3665,0.813,0.3005,0.1099,0.2439,0.1202,0.4741,0.4119
124.201,3,NAVIGATE,-6.6506,2.1519,-1.9582,-0.6985,0.5497,1.02,-0.4985,0.7497,0.9003,0.0,12.0,11.8834,0.7486433982849121,0.7486433982849121,-5.38,0,1,180,1.707,0.3802,0.8339,0.3001,0.1141,0.2502,0.12,0.4843,0.4196
124.251,3,NAVIGATE,-6.6739,2.1686,-1.9567,-0.6888,0.5551,1.0171,-0.4888,0.7551,0.8995,0.0,12.0,11.8826,0.7476375699043274,0.7476375699043274,-7.63,0,1,180,1.658,0.3894,0.825,0.2998,0.1168,0.2475,0.1199,0.4842,0.4137
124.301,3,NAVIGATE,-6.7086,2.1943,-1.9564,-0.6738,0.5654,1.0127,-0.4738,0.7654,0.9001,0.0,12.0,11.881,0.7744594812393188,0.7507071495056152,-11.89,0,1,180,1.679,0.4046,0.8712,0.3,0.1214,0.2613,0.12,0.5027,0.4327
124.351,3,NAVIGATE,-6.7427,2.2207,-1.9578,-0.6586,0.5783,1.0084,-0.4586,0.7783,0.9033,0.0,12.0,11.8785,0.8037206530570984,0.7535374760627747,-13.89,0,1,180,1.672,0.4211,0.8752,0.3011,0.1263,0.2626,0.1204,0.5093,0.4341
124.401,3,NAVIGATE,-6.7704,2.2433,-1.9593,-0.6458,0.5905,1.005,-0.4458,0.7905,0.9075,0.0,12.0,11.8756,0.8674111366271973,0.7583016753196716,-18.14,0,1,180,1.651,0.4356,0.912,0.3025,0.1307,0.2736,0.121,0.5253,0.4484
124.451,3,NAVIGATE,-6.7978,2.2662,-1.9603,-0.6333,0.6035,1.0015,-0.4333,0.8035,0.9129,0.0,12.0,11.8725,0.8963208794593811,0.7629033327102661,-20.14,0,1,180,1.72,0.4499,0.9322,0.3043,0.135,0.2797,0.1217,0.5364,0.4581
124.501,3,NAVIGATE,-6.8299,2.2943,-1.9617,-0.6182,0.6196,0.9974,-0.4182,0.8196,0.9202,0.0,12.0,11.8679,7.434653282165527,0.7680789232254028,-21.9,0,1,180,1.706,0.4669,0.9565,0.3067,0.1401,0.2869,0.1227,0.5497,0.4701
124.551,3,NAVIGATE,-6.8558,2.3185,-1.9631,-0.6056,0.6332,0.9939,-0.4056,0.8332,0.9267,0.0,12.0,11.8631,7.423079967498779,0.7728821635246277,-24.15,0,1,180,1.531,0.4808,0.9669,0.3089,0.1442,0.2901,0.1236,0.5579,0.473
124.601,3,NAVIGATE,-6.8859,2.3496,-1.9643,-0.5905,0.6496,0.9898,-0.3905,0.8496,0.935,0.0,12.0,11.8552,7.416630268096924,0.7865493893623352,-27.9,0,1,180,1.694,0.4971,1.0,0.3117,0.1491,0.3,0.1247,0.5738,0.4976
124.651,3,NAVIGATE,-6.915,2.3817,-1.9656,-0.5751,0.666,0.9857,-0.3751,0.866,0.9437,0.0,12.0,11.846,7.413539409637451,0.7949596643447876,-29.65,0,1,180,1.625,0.513,1.0,0.3228,0.1539,0.3,0.1291,0.583,0.5105
124.702,3,NAVIGATE,-6.9385,2.409,-1.9669,-0.5621,0.6795,0.9823,-0.3621,0.8795,0.9511,0.0,12.0,11.8377,7.401071548461914,0.8034611344337463,-31.9,0,1,180,1.893,0.5261,1.0,0.3336,0.1578,0.3,0.1334,0.5912,0.5191
124.751,3,NAVIGATE,-6.9604,2.4345,-1.9682,-0.5487,0.6918,0.979,-0.3487,0.8918,0.9575,0.0,12.0,11.8299,7.396262168884277,0.8185028433799744,-35.41,0,1,180,1.645,0.5388,1.0,0.344,0.1617,0.3,0.1376,0.5992,0.5447
124.801,3,NAVIGATE,-6.986,2.4661,-1.97,-0.5324,0.7066,0.975,-0.3324,0.9066,0.9656,0.0,12.0,11.8195,7.384034156799316,0.8273054361343384,-37.16,0,1,180,1.616,0.5538,1.0,0.3565,0.1662,0.3,0.1426,0.6088,0.5558
124.851,3,NAVIGATE,-7.0071,2.4929,-1.9705,-0.5189,0.7191,0.9718,-0.3189,0.9191,0.9729,0.0,12.0,11.8103,7.367362976074219,0.8367806673049927,-39.16,0,1,180,1.506,0.566,1.0,0.3671,0.1698,0.3,0.1468,0.6166,0.5677
124.901,3,NAVIGATE,-7.0245,2.5141,-1.9683,-0.5085,0.729,0.9692,-0.3085,0.929,0.9789,0.0,12.0,11.8036,7.372685432434082,0.8482091426849365,-40.91,0,1,180,1.599,0.5752,1.0,0.3753,0.1725,0.3,0.1501,0.6227,0.5824
124.951,3,NAVIGATE,-7.0499,2.5469,-1.9655,-0.4927,0.7441,0.9654,-0.2927,0.9441,0.9885,0.0,12.0,11.7924,7.34765625,0.868353545665741,-43.92,0,1,180,1.637,0.5887,1.0,0.3879,0.1766,0.3,0.1552,0.6318,0.6112
125.001,3,NAVIGATE,-7.0738,2.581,-1.9643,-0.4765,0.76,0.9615,-0.2765,0.96,0.999,0.0,12.0,11.7795,7.345996856689453,0.8816741704940796,-45.92,0,1,180,1.645,0.6022,1.0,0.401,0.1806,0.3,0.1604,0.6411,0.6258
125.052,3,NAVIGATE,-7.0913,2.6111,-1.9668,-0.4624,0.7739,0.9583,-0.2624,0.9739,1.0087,0.0,12.0,11.7659,7.346595287322998,0.8941724896430969,-47.17,0,1,180,1.843,0.6137,1.0,0.4127,0.1841,0.3,0.1651,0.6492,0.6377
125.101,3,NAVIGATE,-7.1084,2.6419,-1.9694,-0.4483,0.788,0.9551,-0.2483,0.988,1.0187,0.0,12.0,11.7517,7.326329708099365,0.9155724048614502,-50.67,0,1,180,1.589,0.6249,1.0,0.4244,0.1875,0.3,0.1697,0.6572,0.6652
125.151,3,NAVIGATE,-7.1296,2.6799,-1.9743,-0.4318,0.8051,0.9513,-0.2318,1.0051,1.0315,0.0,12.0,11.7344,7.306545734405518,0.9331257939338684,-51.92,0,1,180,1.554,0.6374,1.0,0.4384,0.1912,0.3,0.1753,0.6666,0.6791
125.201,3,NAVIGATE,-7.1487,2.7127,-1.9809,-0.4185,0.82,0.948,-0.2185,1.02,1.0432,0.0,12.0,11.72,7.2873663902282715,0.9443494081497192,-53.67,0,1,180,1.59,0.6471,1.0,0.45,0.1941,0.3,0.18,0.6741,0.691
125.251,3,NAVIGATE,-7.1671,2.7461,-1.9869,-0.4052,0.8347,0.9448,-0.2052,1.0347,1.0549,0.0,12.0,11.7048,7.273442268371582,0.9723265767097473,-55.18,0,1,180,1.551,0.6564,1.0,0.4616,0.1969,0.3,0.1846,0.6816,0.7204
125.301,3,NAVIGATE,-7.1835,2.7808,-1.992,-0.3914,0.8494,0.9416,-0.1914,1.0494,1.0667,0.0,12.0,11.6875,7.252157211303711,0.987065315246582,-54.68,0,1,180,1.799,0.6658,1.0,0.4735,0.1997,0.3,0.1894,0.6891,0.7339
125.351,3,NAVIGATE,-7.1974,2.826,-1.9958,-0.3723,0.8683,0.9378,-0.1723,1.0683,1.0821,0.0,12.0,11.6604,7.250901699066162,0.9998594522476196,-55.93,0,1,180,1.624,0.6784,1.0,0.4894,0.2035,0.3,0.1958,0.6993,0.7459
125.401,3,NAVIGATE,-7.2087,2.8639,-1.9986,-0.3566,0.8837,0.9348,-0.1566,1.0837,1.0949,0.0,12.0,11.6376,7.227654933929443,1.0124047994613647,-55.43,0,1,180,1.622,0.6884,1.0,0.5025,0.2065,0.3,0.201,0.7075,0.7603
125.451,3,NAVIGATE,-7.2229,2.9103,-2.0005,-0.3384,0.9018,0.9313,-0.1384,1.1018,1.1105,0.0,12.0,11.61,7.2016520500183105,1.0377068519592285,-54.18,0,1,180,1.603,0.6993,1.0,0.5177,0.2098,0.3,0.2071,0.7169,0.7909
125.501,3,NAVIGATE,-7.2359,2.95,-2.0005,-0.324,0.9171,0.9284,-0.124,1.1171,1.1239,0.0,12.0,11.5871,7.183633327484131,1.0502369403839111,-56.18,0,1,180,1.55,0.7074,1.0,0.53,0.2122,0.3,0.212,0.7242,0.8084
125.552,3,NAVIGATE,-7.2484,2.9899,-2.0005,-0.3096,0.9322,0.9256,-0.1096,1.1322,1.1375,0.0,12.0,11.5637,7.177807807922363,1.0632188320159912,-56.93,0,1,180,1.631,0.7151,1.0,0.5423,0.2145,0.3,0.2169,0.7315,0.8259
125.601,3,NAVIGATE,-7.2612,3.0396,-1.9971,-0.2917,0.951,0.9223,-0.0917,1.151,1.1546,0.0,12.0,11.5332,7.1475725173950195,1.088863730430603,-59.43,0,1,180,1.571,0.7245,1.0,0.5577,0.2173,0.3,0.2231,0.7404,0.8609
125.651,3,NAVIGATE,-7.2722,3.0909,-1.9912,-0.2731,0.9703,0.919,-0.0731,1.1703,1.1726,0.0,12.0,11.5002,7.122914791107178,1.102076768875122,-61.43,0,1,180,1.508,0.7338,1.0,0.5736,0.2201,0.3,0.2294,0.7496,0.8784
125.701,3,NAVIGATE,-7.2809,3.1339,-1.987,-0.2576,0.9863,0.9162,-0.0576,1.1863,1.1877,0.0,12.0,11.4726,7.11232852935791,1.117789387702942,-62.43,0,1,180,1.768,0.7411,1.0,0.5869,0.2223,0.3,0.2347,0.7571,0.8962
125.751,3,NAVIGATE,-7.2928,3.1847,-1.9857,-0.2399,1.0049,0.9128,-0.0399,1.2049,1.2055,0.0,12.0,11.4409,7.076362133026123,1.1482789516448975,-64.94,0,1,180,1.531,0.749,1.0,0.6019,0.2247,0.3,0.2408,0.7655,0.941
125.801,3,NAVIGATE,-7.3047,3.2355,-1.9863,-0.2227,1.023,0.9094,-0.0227,1.223,1.2233,0.0,12.0,11.4095,7.071402072906494,1.1619489192962646,-66.19,0,1,180,1.627,0.7562,1.0,0.6167,0.2269,0.3,0.2467,0.7735,0.9484
125.851,3,NAVIGATE,-7.314,3.2783,-1.9869,-0.2083,1.0381,0.9065,-0.0083,1.2381,1.2381,0.0,12.0,11.3826,7.023796558380127,1.1966060400009155,-68.94,0,1,180,1.608,0.7619,1.0,0.6289,0.2286,0.3,0.2516,0.7801,0.9943
125.901,3,NAVIGATE,-7.3237,3.3295,-1.9891,-0.1912,1.0559,0.903,0.0088,1.2559,1.256,0.0,12.0,11.3496,6.998676776885986,1.2162379026412964,-70.44,0,1,180,1.747,0.7685,1.0,0.6435,0.2305,0.3,0.2574,0.7879,1.0187
125.951,3,NAVIGATE,-7.331,3.3727,-1.9912,-0.1768,1.0708,0.9001,0.0232,1.2708,1.271,0.0,12.0,11.3214,6.979335784912109,1.2330117225646973,-71.69,0,1,180,1.564,0.7737,1.0,0.6556,0.2321,0.3,0.2622,0.7944,1.0433
126.001,3,NAVIGATE,-7.3378,3.4164,-1.9931,-0.1624,1.0856,0.8972,0.0376,1.2856,1.2862,0.0,12.0,11.2926,6.942651748657227,1.2715258598327637,-74.44,0,1,180,1.808,0.7788,1.0,0.6678,0.2336,0.3,0.2671,0.8007,1.0964
126.051,3,NAVIGATE,-7.3461,3.4736,-1.993,-0.1451,1.1052,0.8936,0.0549,1.3052,1.3064,0.0,12.0,11.2546,6.919883728027344,1.2925676107406616,-75.95,0,1,180,1.715,0.7844,1.0,0.6831,0.2353,0.3,0.2732,0.8086,1.121
126.101,3,NAVIGATE,-7.3535,3.5311,-1.993,-0.1276,1.1246,0.89,0.0724,1.3246,1.3266,0.0,12.0,11.2159,6.89743709564209,1.3101942539215088,-76.7,0,1,180,1.621,0.7897,1.0,0.6984,0.2369,0.3,0.2794,0.8163,1.1331
126.151,3,NAVIGATE,-7.3585,3.5792,-1.9919,-0.1128,1.1404,0.887,0.0872,1.3404,1.3432,0.0,12.0,11.1829,6.854787826538086,1.3559575080871582,-79.2,0,1,180,1.689,0.7942,1.0,0.7111,0.2382,0.3,0.2845,0.8227,1.1944
126.201,3,NAVIGATE,-7.3616,3.6363,-1.9856,-0.0943,1.1585,0.8835,0.1057,1.3585,1.3626,0.0,12.0,11.142,6.8334431648254395,1.3756014108657837,-80.45,0,1,180,1.565,0.7997,1.0,0.7264,0.2399,0.3,0.2906,0.8305,1.2286
126.251,3,NAVIGATE,-7.3637,3.6844,-1.9813,-0.0787,1.1736,0.8804,0.1213,1.3736,1.379,0.0,12.0,11.1074,6.805033206939697,1.3980263471603394,-81.45,0,1,180,1.581,0.8041,1.0,0.7392,0.2412,0.3,0.2957,0.8369,1.2447
126.301,3,NAVIGATE,-7.3641,3.7442,-1.9766,-0.0594,1.1928,0.8768,0.1406,1.3928,1.3999,0.0,12.0,11.0629,6.756427764892578,1.4423575401306152,-83.7,0,1,180,1.592,0.8094,1.0,0.7553,0.2428,0.3,0.3021,0.8449,1.3064
126.351,3,NAVIGATE,-7.3627,3.7955,-1.9733,-0.0427,1.2096,0.8737,0.1573,1.4096,1.4184,0.0,12.0,11.0237,6.743431568145752,1.4693363904953003,-84.95,0,1,180,1.603,0.8137,1.0,0.7694,0.2441,0.3,0.3078,0.8519,1.3376
126.401,3,NAVIGATE,-7.3608,3.8575,-1.9703,-0.023,1.2296,0.87,0.177,1.4296,1.4405,0.0,12.0,10.9764,6.731422424316406,1.4939731359481812,-85.95,0,1,180,1.667,0.8186,1.0,0.7861,0.2456,0.3,0.3144,0.86,1.3561
126.451,3,NAVIGATE,-7.3601,3.9088,-1.97,-0.0073,1.2458,0.8669,0.1927,1.4458,1.4586,0.0,12.0,10.9379,6.660806655883789,1.542942762374878,-87.96,0,1,180,1.52,0.8222,1.0,0.7995,0.2467,0.3,0.3198,0.8664,1.4189
126.501,3,NAVIGATE,-7.3596,3.96,-1.9709,0.008,1.2618,0.8638,0.208,1.4618,1.4765,0.0,12.0,10.8998,6.631575107574463,1.5695732831954956,-88.96,0,1,180,1.564,0.8254,1.0,0.8124,0.2476,0.3,0.325,0.8726,1.4228
126.552,3,NAVIGATE,-7.3583,4.022,-1.9724,0.0262,1.2807,0.86,0.2262,1.4807,1.4979,0.0,12.0,10.8533,6.612582683563232,1.5995932817459106,-89.96,0,1,180,1.883,0.829,1.0,0.8279,0.2487,0.3,0.3311,0.8799,1.4246
126.601,3,NAVIGATE,-7.3592,4.0761,-1.9764,0.0406,1.2969,0.8568,0.2406,1.3969,1.4175,0.0,12.0,10.8141,6.580594062805176,1.6251559257507324,-90.96,0,1,180,1.769,0.8376,1.0,0.7915,0.2513,0.3,0.3166,0.8679,1.426
126.651,3,NAVIGATE,-7.361,4.1428,-1.9829,0.0574,1.3166,0.8531,0.2574,1.4166,1.4398,0.0,12.0,10.7666,6.528111934661865,1.681801438331604,131.75,0,1,180,1.636,0.8402,1.0,0.8065,0.2521,0.3,0.3226,0.8747,1.4315
126.701,3,NAVIGATE,-7.3614,4.1987,-1.9878,0.0716,1.3331,0.85,0.2716,1.4331,1.4586,0.0,12.0,10.7262,6.492934703826904,1.6826618909835815,129.75,0,1,180,1.527,0.8424,1.0,0.8192,0.2527,0.3,0.3277,0.8804,1.4353
126.751,3,NAVIGATE,-7.3616,4.2675,-1.9954,0.0884,1.351,0.8463,0.2884,1.451,1.4794,0.0,12.0,10.6763,6.474100112915039,1.6841239929199219,131.0,0,1,180,1.703,0.8448,1.0,0.8332,0.2534,0.3,0.3333,0.8867,1.4405
126.801,3,NAVIGATE,-7.3608,4.3253,-2.0014,0.1025,1.3638,0.8431,0.3025,1.4638,1.4947,0.0,12.0,10.634,6.4251627922058105,1.6886345148086548,130.0,0,1,180,1.619,0.8469,1.0,0.8439,0.2541,0.3,0.3376,0.8916,1.4469
126.851,3,NAVIGATE,-7.3586,4.3946,-2.0077,0.1198,1.377,0.8393,0.3198,1.377,1.4136,0.0,12.0,10.5826,6.409822940826416,1.691061019897461,130.75,0,1,180,1.676,0.8573,1.0,0.808,0.2572,0.3,0.3232,0.8804,1.4536
126.901,3,NAVIGATE,-7.3562,4.4542,-2.0091,0.1345,1.3878,0.8361,0.3345,1.3878,1.4276,0.0,12.0,10.5381,6.3739333152771,1.6975404024124146,132.0,0,1,180,1.597,0.8597,1.0,0.8182,0.2579,0.3,0.3273,0.8852,1.4635
126.95,3,NAVIGATE,-7.3521,4.5256,-2.0104,0.1527,1.4006,0.8323,0.3527,1.4006,1.4443,0.0,12.0,10.4843,6.354231357574463,1.7014265060424805,132.5,0,1,180,1.026,0.8626,1.0,0.8305,0.2588,0.3,0.3322,0.891,1.4718
127.0,3,NAVIGATE,-7.347,4.5973,-2.0111,0.1705,1.4108,0.8285,0.3705,1.4108,1.4586,0.0,12.0,10.4297,6.336547374725342,1.7065670490264893,132.5,0,1,180,0.966,0.8654,1.0,0.8416,0.2596,0.3,0.3366,0.8963,1.4771
127.051,3,NAVIGATE,-7.3428,4.6585,-2.0101,0.1851,1.4179,0.8253,0.3851,1.4179,1.4693,0.0,12.0,10.3833,6.296969413757324,1.7155570983886719,132.5,0,1,180,1.04,0.8677,1.0,0.8499,0.2603,0.3,0.34,0.9003,1.491
127.1,3,NAVIGATE,-7.3365,4.7316,-2.009,0.203,1.4247,0.8214,0.403,1.4247,1.4806,0.0,12.0,10.3273,6.2774529457092285,1.7207597494125366,131.75,0,1,180,1.034,0.8706,1.0,0.8593,0.2612,0.3,0.3437,0.9049,1.5006
127.151,3,NAVIGATE,-7.3309,4.7924,-2.0104,0.2178,1.4296,0.8179,0.4178,1.4296,1.4894,0.0,12.0,10.2806,6.253053188323975,1.7280826568603516,133.75,0,1,180,1.03,0.873,1.0,0.8668,0.2619,0.3,0.3467,0.9086,1.5096
127.2,3,NAVIGATE,-7.324,4.8656,-2.0155,0.2355,1.4351,0.8138,0.4355,1.4351,1.4997,0.0,12.0,10.2245,6.21400785446167,1.7408480644226074,131.0,0,1,180,1.014,0.8757,1.0,0.8756,0.2627,0.3,0.3502,0.9129,1.527
127.251,3,NAVIGATE,-7.3157,4.9383,-2.0199,0.2534,1.4404,0.8096,0.4534,1.3404,1.415,0.0,12.0,10.1679,6.18701171875,1.74894118309021,133.0,0,1,180,1.039,0.8884,1.0,0.8381,0.2665,0.3,0.3352,0.9018,1.5387
127.3,3,NAVIGATE,-7.3082,4.9991,-2.0226,0.2684,1.4451,0.806,0.4684,1.3451,1.4243,0.0,12.0,10.1204,6.164358139038086,1.7555561065673828,132.5,0,1,180,0.983,0.8908,1.0,0.8458,0.2672,0.3,0.3383,0.9056,1.5498
127.351,3,NAVIGATE,-7.3001,5.0599,-2.0245,0.2836,1.4504,0.8025,0.4836,1.3504,1.4344,0.0,12.0,10.0726,6.117193222045898,1.7731449604034424,133.0,0,1,180,1.139,0.893,1.0,0.8539,0.2679,0.3,0.3416,0.9095,1.5704
127.401,3,NAVIGATE,-7.2891,5.1326,-2.0264,0.3015,1.4548,0.7982,0.5015,1.3548,1.4446,0.0,12.0,10.0146,6.089178085327148,1.7834455966949463,132.75,0,1,180,1.247,0.8958,1.0,0.8627,0.2687,0.3,0.3451,0.9138,1.5836
127.45,3,NAVIGATE,-7.2748,5.2044,-2.0232,0.3204,1.4562,0.7938,0.5204,1.3562,1.4526,0.0,12.0,9.9551,6.063833713531494,1.7921764850616455,134.5,0,1,180,0.988,0.8991,1.0,0.8707,0.2697,0.3,0.3483,0.918,1.5951
127.5,3,NAVIGATE,-7.2618,5.2638,-2.0201,0.3364,1.4558,0.79,0.5364,1.3558,1.4581,0.0,12.0,9.9051,6.013706207275391,1.8132795095443726,133.5,0,1,180,1.019,0.9021,1.0,0.8769,0.2706,0.3,0.3508,0.9214,1.619
127.55,3,NAVIGATE,-7.2454,5.3349,-2.0166,0.3559,1.454,0.7854,0.5559,1.354,1.4637,0.0,12.0,9.8447,5.985903263092041,1.8236734867095947,132.75,0,1,180,0.944,0.9058,1.0,0.8839,0.2717,0.3,0.3536,0.9253,1.6344
127.601,3,NAVIGATE,-7.2295,5.3936,-2.0157,0.3728,1.452,0.7815,0.5728,1.352,1.4683,0.0,12.0,9.7934,5.956534385681152,1.8343279361724854,134.75,0,1,180,1.175,0.9091,1.0,0.8899,0.2727,0.3,0.356,0.9287,1.6494
127.65,3,NAVIGATE,-7.2098,5.4637,-2.0147,0.393,1.4493,0.7767,0.593,1.3493,1.4739,0.0,12.0,9.7316,5.901261329650879,1.859936237335205,133.5,0,1,180,0.972,0.913,1.0,0.8971,0.2739,0.3,0.3588,0.9327,1.6754
127.7,3,NAVIGATE,-7.1898,5.5336,-2.0148,0.413,1.4468,0.7719,0.613,1.3468,1.4797,0.0,12.0,9.6699,5.871113300323486,1.873199224472046,134.5,0,1,180,0.95,0.9166,1.0,0.9043,0.275,0.3,0.3617,0.9367,1.693
127.751,3,NAVIGATE,-7.1746,5.5912,-2.0184,0.4288,1.4448,0.768,0.6288,1.3448,1.4845,0.0,12.0,9.6201,5.843996047973633,1.8863722085952759,135.0,0,1,180,1.242,0.9194,1.0,0.9099,0.2758,0.3,0.364,0.9398,1.7097
127.8,3,NAVIGATE,-7.1552,5.6603,-2.0223,0.4477,1.4425,0.7633,0.6477,1.3425,1.4906,0.0,12.0,9.5597,5.784515380859375,1.9119539260864258,134.75,0,1,180,0.995,0.9225,1.0,0.9167,0.2768,0.3,0.3667,0.9434,1.7398
127.851,3,NAVIGATE,-7.1379,5.7175,-2.0248,0.4635,1.4405,0.7593,0.6635,1.3405,1.4957,0.0,12.0,9.509,5.751554012298584,1.9276573657989502,134.25,0,1,180,1.102,0.9251,1.0,0.9225,0.2775,0.3,0.369,0.9465,1.7581
127.9,3,NAVIGATE,-7.116,5.7855,-2.0269,0.4825,1.4378,0.7546,0.6825,1.2378,1.4135,0.0,12.0,9.4476,5.693323612213135,1.9585955142974854,134.75,0,1,180,1.131,0.9397,1.0,0.8855,0.2819,0.3,0.3542,0.9361,1.7929
127.951,3,NAVIGATE,-7.093,5.8535,-2.0285,0.5017,1.4354,0.7498,0.7017,1.2354,1.4208,0.0,12.0,9.3857,5.6645307540893555,1.9733937978744507,135.0,0,1,180,1.056,0.9427,1.0,0.8929,0.2828,0.3,0.3571,0.94,1.8113
128.0,3,NAVIGATE,-7.072,5.9219,-2.034,0.5197,1.433,0.7452,0.7197,1.233,1.4277,0.0,12.0,9.3251,5.629617214202881,1.9917770624160767,134.0,0,1,180,0.969,0.9452,1.0,0.8997,0.2836,0.3,0.3599,0.9434,1.8322
128.051,3,NAVIGATE,-7.0547,5.979,-2.0394,0.5343,1.429,0.7416,0.7343,1.229,1.4317,0.0,12.0,9.2747,5.568560600280762,2.0241572856903076,134.75,0,1,180,1.089,0.9474,1.0,0.9043,0.2842,0.3,0.3617,0.9459,1.8693
128.101,3,NAVIGATE,-7.0325,6.0472,-2.0448,0.5521,1.4219,0.7373,0.7521,1.2219,1.4348,0.0,12.0,9.2136,5.53696346282959,2.0420777797698975,135.0,0,1,180,1.252,0.9503,1.0,0.909,0.2851,0.3,0.3636,0.9487,1.8899
128.151,3,NAVIGATE,-7.01,6.1046,-2.0473,0.5685,1.4145,0.7336,0.7685,1.2145,1.4372,0.0,12.0,9.1595,5.501046180725098,2.062488079071045,135.0,0,1,180,1.069,0.9531,1.0,0.9133,0.2859,0.3,0.3653,0.9512,1.9115
128.201,3,NAVIGATE,-6.9862,6.1617,-2.0488,0.5854,1.4063,0.7299,0.7854,1.2063,1.4395,0.0,12.0,9.1046,5.436364650726318,2.0997724533081055,134.75,0,1,180,1.104,0.9561,1.0,0.9175,0.2868,0.3,0.367,0.9538,1.9513
128.251,3,NAVIGATE,-6.9523,6.2415,-2.0504,0.6092,1.3945,0.7247,0.8092,1.1945,1.4428,0.0,12.0,9.0274,5.405092716217041,2.117607355117798,134.75,0,1,180,1.672,0.96,1.0,0.9234,0.288,0.3,0.3694,0.9574,1.9084
128.301,3,NAVIGATE,-6.9288,6.3003,-2.0524,0.6254,1.387,0.721,0.8254,1.187,1.4458,0.0,12.0,8.9719,5.336095809936523,2.159313440322876,134.75,0,1,180,1.841,0.9625,1.0,0.9277,0.2887,0.3,0.3711,0.9598,1.8161
128.351,3,NAVIGATE,-6.8996,6.37,-2.054,0.6448,1.3781,0.7166,0.8448,1.1781,1.4497,0.0,12.0,8.9052,5.305047035217285,2.1799280643463135,135.0,0,1,180,1.718,0.9653,1.0,0.9329,0.2896,0.3,0.3732,0.9628,1.7461
128.401,3,NAVIGATE,-6.8699,6.4398,-2.0553,0.6641,1.3696,0.7123,0.8641,1.1696,1.4542,0.0,12.0,8.8381,5.271327972412109,2.2020974159240723,134.75,0,1,180,1.747,0.9679,1.0,0.9383,0.2904,0.3,0.3753,0.9657,1.675
128.451,3,NAVIGATE,-6.8452,6.4989,-2.0563,0.6801,1.3632,0.7088,0.8801,1.1632,1.4586,0.0,12.0,8.7817,5.198343753814697,2.2479796409606934,135.0,0,1,180,1.537,0.9699,1.0,0.9431,0.291,0.3,0.3772,0.9682,1.6282
128.501,3,NAVIGATE,-6.8144,6.5688,-2.0569,0.6993,1.3552,0.7048,0.8993,1.1552,1.464,0.0,12.0,8.714,5.164577484130859,2.2692716121673584,134.5,0,1,180,1.531,0.9722,1.0,0.9489,0.2917,0.3,0.3795,0.9712,1.5596
128.551,3,NAVIGATE,-6.7815,6.636,-2.0571,0.719,1.3457,0.7009,0.919,1.1457,1.4687,0.0,12.0,8.6464,5.13002347946167,2.292262554168701,135.0,0,1,180,1.89,0.9747,1.0,0.9544,0.2924,0.3,0.3817,0.9741,1.4881
128.601,3,NAVIGATE,-6.7529,6.6907,-2.0569,0.7356,1.337,0.6976,0.9356,1.137,1.4725,0.0,12.0,8.5902,5.056751251220703,2.343653440475464,134.75,0,1,180,1.603,0.9768,1.0,0.9589,0.293,0.3,0.3835,0.9766,1.3996
128.651,3,NAVIGATE,-6.7177,6.7556,-2.0563,0.7557,1.3265,0.6936,0.9557,1.1265,1.4773,0.0,12.0,8.5224,5.020730495452881,2.367267608642578,135.0,0,1,180,1.956,0.9792,1.0,0.9644,0.2938,0.3,0.3857,0.9795,1.3286
128.701,3,NAVIGATE,-6.685,6.8086,-2.0597,0.7733,1.3173,0.6902,0.9733,1.1173,1.4818,0.0,12.0,8.464,4.945459365844727,2.4182608127593994,135.0,0,1,180,1.707,0.9813,1.0,0.9693,0.2944,0.3,0.3877,0.9821,1.2401
128.751,3,NAVIGATE,-6.6446,6.8716,-2.0639,0.7946,1.3062,0.6861,0.9946,1.1062,1.4875,0.0,12.0,8.3935,4.910861015319824,2.445335626602173,135.0,0,1,180,1.744,0.9836,1.0,0.9755,0.2951,0.3,0.3902,0.9853,1.1641
128.801,3,NAVIGATE,-6.6035,6.9339,-2.067,0.8157,1.2952,0.6821,0.9157,1.0952,1.4275,0.0,12.0,8.323,4.871834754943848,2.4713876247406006,135.0,0,1,180,1.574,0.9759,1.0,0.9287,0.2928,0.3,0.3715,0.9643,1.3604
128.851,3,NAVIGATE,-6.5586,6.9916,-2.0712,0.8379,1.2819,0.6782,0.9379,1.0819,1.4318,0.0,12.0,8.2522,4.795334339141846,2.527561664581299,134.5,0,1,180,1.72,0.9792,1.0,0.9347,0.2938,0.3,0.3739,0.9676,1.2548
128.901,3,NAVIGATE,-6.5209,7.0396,-2.0738,0.8563,1.2711,0.6749,0.9563,1.0711,1.4359,0.0,12.0,8.1931,4.758243560791016,2.555943489074707,135.0,0,1,180,1.665,0.9817,1.0,0.9397,0.2945,0.3,0.3759,0.9704,1.184
128.951,3,NAVIGATE,-6.4744,7.0961,-2.0752,0.8762,1.2578,0.6709,0.9762,1.0578,1.4394,0.0,12.0,8.122,4.721276760101318,2.5830609798431396,135.0,0,1,180,1.81,0.9843,1.0,0.9446,0.2953,0.3,0.3778,0.9731,1.1091
129.001,3,NAVIGATE,-6.4261,7.1507,-2.0747,0.8941,1.2442,0.6671,0.8941,1.1442,1.4521,0.0,12.0,8.0505,4.638399124145508,2.643385410308838,135.0,0,1,180,1.587,0.9661,1.0,0.9353,0.2898,0.3,0.3741,0.9639,1.4344
129.051,3,NAVIGATE,-6.3858,7.1962,-2.0738,0.9074,1.2332,0.6641,0.9074,1.1332,1.4517,0.0,12.0,7.9909,4.599702835083008,2.672515392303467,135.0,0,1,180,1.739,0.9687,1.0,0.9376,0.2906,0.3,0.375,0.9656,1.3799
129.102,3,NAVIGATE,-6.3442,7.2414,-2.0726,0.9205,1.2219,0.6612,0.9205,1.1219,1.4512,0.0,12.0,7.9305,4.5613226890563965,2.702608108520508,134.75,0,1,180,2.182,0.9713,1.0,0.9397,0.2914,0.3,0.3759,0.9673,1.3262
129.151,3,NAVIGATE,-6.2923,7.2949,-2.0707,0.9343,1.2099,0.6578,0.9343,1.1099,1.4508,0.0,12.0,7.8569,4.477204322814941,2.7654943466186523,135.0,0,1,180,1.685,0.9739,1.0,0.942,0.2922,0.3,0.3768,0.9689,1.3499
129.201,3,NAVIGATE,-6.2409,7.3486,-2.0685,0.9452,1.2009,0.6548,0.9452,1.1009,1.451,0.0,12.0,7.7835,4.437780857086182,2.795106887817383,134.75,0,1,180,1.614,0.9757,1.0,0.9438,0.2927,0.3,0.3775,0.9702,1.3057
129.251,3,NAVIGATE,-6.1996,7.3931,-2.0684,0.9519,1.1952,0.6525,0.9519,1.0952,1.4511,0.0,12.0,7.7239,4.4003682136535645,2.824591875076294,135.0,0,1,180,1.676,0.9767,1.0,0.9449,0.293,0.3,0.3779,0.971,1.2746
129.301,3,NAVIGATE,-6.1513,7.4465,-2.0692,0.9583,1.1898,0.6498,0.9583,1.0898,1.4513,0.0,12.0,7.6533,4.318960666656494,2.88969087600708,135.0,0,1,180,1.605,0.9776,1.0,0.9458,0.2933,0.3,0.3783,0.9716,1.2302
129.351,3,NAVIGATE,-6.1111,7.4912,-2.0693,0.9633,1.1861,0.6479,0.9633,1.0861,1.4517,0.0,12.0,7.5944,4.282200813293457,2.9192135334014893,135.0,0,1,180,1.727,0.9781,1.0,0.9466,0.2934,0.3,0.3787,0.9721,1.2076
129.401,3,NAVIGATE,-6.0641,7.5433,-2.0701,0.9692,1.1813,0.6456,0.9692,1.0813,1.4521,0.0,12.0,7.5257,4.245643138885498,2.951038122177124,135.0,0,1,180,1.736,0.9788,1.0,0.9475,0.2936,0.3,0.379,0.9727,1.183
129.451,3,NAVIGATE,-6.025,7.5867,-2.0703,0.9744,1.1772,0.6439,0.9744,1.0772,1.4525,0.0,12.0,7.4684,4.16547155380249,3.0174176692962646,135.0,0,1,180,1.645,0.9794,1.0,0.9484,0.2938,0.3,0.3794,0.9732,1.1487
129.501,3,NAVIGATE,-5.9779,7.6392,-2.0698,0.9809,1.1719,0.6418,0.9809,1.0719,1.453,0.0,12.0,7.3994,4.1276702880859375,3.05184268951416,135.0,0,1,180,1.701,0.9802,1.0,0.9495,0.2941,0.3,0.3798,0.9738,1.1221
129.552,3,NAVIGATE,-5.9426,7.6824,-2.0691,0.9848,1.1668,0.64,0.9848,1.0668,1.4519,0.0,12.0,7.3455,4.051178932189941,3.1120874881744385,135.0,0,1,180,1.769,0.9807,1.0,0.9492,0.2942,0.3,0.3797,0.9739,1.1607
129.601,3,NAVIGATE,-5.8994,7.7344,-2.0677,0.9899,1.1607,0.6379,0.9899,1.0607,1.4509,0.0,12.0,7.28,4.0100860595703125,3.1480209827423096,135.0,0,1,180,1.866,0.9813,1.0,0.9491,0.2944,0.3,0.3796,0.974,1.1345
129.651,3,NAVIGATE,-5.863,7.7779,-2.0659,0.9944,1.1555,0.6362,0.9944,1.0555,1.4502,0.0,12.0,7.225,3.9723520278930664,3.179678201675415,135.0,0,1,180,1.619,0.9818,1.0,0.9492,0.2945,0.3,0.3797,0.9742,1.1112
129.701,3,NAVIGATE,-5.8196,7.83,-2.0629,0.9997,1.1492,0.6342,0.9997,1.0492,1.4493,0.0,12.0,7.1594,3.9361391067504883,3.2124834060668945,135.0,0,1,180,1.826,0.9824,1.0,0.9492,0.2947,0.3,0.3797,0.9744,1.0865
129.751,3,NAVIGATE,-5.7828,7.8736,-2.0602,1.0044,1.1442,0.6325,0.9044,1.1442,1.4584,0.0,12.0,7.1041,11.04685115814209,3.281301975250244,135.0,0,1,180,1.742,0.9605,1.0,0.9338,0.2881,0.3,0.3735,0.9617,1.3865
129.801,3,NAVIGATE,-5.7386,7.9253,-2.0591,1.0101,1.1379,0.6307,0.9101,1.1379,1.4571,0.0,12.0,7.0381,11.008001327514648,3.31538987159729,135.0,0,1,180,1.562,0.9614,1.0,0.9339,0.2884,0.3,0.3736,0.962,1.3577
129.851,3,NAVIGATE,-5.7025,7.9675,-2.0616,1.0148,1.1323,0.6292,1.0148,1.0323,1.4476,0.0,12.0,6.9842,10.968432426452637,3.348737955093384,135.0,0,1,180,1.683,0.9841,1.0,0.9497,0.2952,0.3,0.3799,0.9751,1.0662
129.901,3,NAVIGATE,-5.6582,8.0185,-2.0637,1.0182,1.128,0.6273,0.9182,1.128,1.4545,0.0,12.0,6.9187,10.889872550964355,3.342909097671509,-30.15,0,1,180,1.564,0.9626,1.0,0.9334,0.2888,0.3,0.3734,0.9621,1.353
129.951,3,NAVIGATE,-5.6202,8.0612,-2.063,1.0196,1.1265,0.6259,0.9196,1.1265,1.4542,0.0,12.0,6.863,10.853658676147461,3.3072338104248047,-30.4,0,1,180,1.634,0.9625,1.0,0.9331,0.2887,0.3,0.3732,0.962,1.3369
130.002,3,NAVIGATE,-5.5729,8.1127,-2.0588,1.0226,1.1245,0.6242,0.9226,1.1245,1.4545,0.0,12.0,6.7947,10.81340217590332,3.2701234817504883,-31.4,0,1,180,1.944,0.9625,1.0,0.9334,0.2888,0.3,0.3733,0.9621,1.3167
130.051,3,NAVIGATE,-5.5332,8.1559,-2.0551,1.0243,1.1235,0.6227,0.9243,1.1235,1.4549,0.0,12.0,6.7375,10.733268737792969,3.1943862438201904,-32.41,0,1,180,1.619,0.9624,1.0,0.9334,0.2887,0.3,0.3734,0.9621,1.3485
130.101,3,NAVIGATE,-5.4839,8.209,-2.0474,1.0255,1.1242,0.6209,0.9255,1.1242,1.4562,0.0,12.0,6.6667,10.694648742675781,3.1618354320526123,-32.66,0,1,180,1.709,0.9618,1.0,0.9337,0.2886,0.3,0.3735,0.962,1.333
130.151,3,NAVIGATE,-5.4421,8.2538,-2.0401,1.026,1.1257,0.6194,0.926,1.1257,1.4576,0.0,12.0,6.6069,10.657112121582031,3.1258671283721924,-33.66,0,1,180,1.873,0.9612,1.0,0.934,0.2884,0.3,0.3736,0.962,1.3203
130.201,3,NAVIGATE,-5.4004,8.2987,-2.0333,1.0259,1.1276,0.6179,0.9259,1.1276,1.459,0.0,12.0,6.5471,10.574056625366211,3.0552752017974854,-34.66,0,1,180,1.727,0.9604,1.0,0.9341,0.2881,0.3,0.3736,0.9618,1.2891
130.251,3,NAVIGATE,-5.3527,8.3538,-2.0279,1.0245,1.1301,0.6162,1.0245,1.0301,1.4529,0.0,12.0,6.4766,10.53505802154541,3.0236387252807617,-33.66,0,1,180,1.744,0.982,1.0,0.9511,0.2946,0.3,0.3805,0.975,1.0621
130.301,3,NAVIGATE,-5.3137,8.4002,-2.0244,1.023,1.1323,0.6147,1.023,1.0323,1.4534,0.0,12.0,6.4182,10.493063926696777,2.9895522594451904,-34.66,0,1,180,1.93,0.9811,1.0,0.9506,0.2943,0.3,0.3803,0.9746,1.0566
130.351,3,NAVIGATE,-5.2666,8.4558,-2.0207,1.0209,1.135,0.6129,0.9209,1.135,1.4616,0.0,12.0,6.3481,10.409563064575195,2.9202303886413574,-34.16,0,1,180,1.684,0.9563,1.0,0.9318,0.2869,0.3,0.3727,0.9596,1.3007
130.401,3,NAVIGATE,-5.2276,8.5034,-2.013,1.0209,1.1359,0.6115,1.0209,1.0359,1.4544,0.0,12.0,6.2892,10.372255325317383,2.88774037361145,-34.91,0,1,180,1.538,0.9794,1.0,0.9497,0.2938,0.3,0.3799,0.9737,1.088
130.451,3,NAVIGATE,-5.1805,8.5605,-2.0036,1.024,1.1339,0.6095,1.024,1.0339,1.4552,0.0,12.0,6.2183,10.331348419189453,2.8542416095733643,-35.16,0,1,180,1.923,0.9792,1.0,0.95,0.2938,0.3,0.38,0.9738,1.0696
130.502,3,NAVIGATE,-5.1408,8.6076,-1.9967,1.0261,1.1323,0.6076,0.9261,1.1323,1.4628,0.0,12.0,6.1592,10.24888801574707,2.786024808883667,-35.41,0,1,180,1.757,0.9548,1.0,0.9311,0.2864,0.3,0.3724,0.9589,1.2856
130.551,3,NAVIGATE,-5.0912,8.6643,-1.9875,1.0301,1.13,0.6053,1.0301,1.03,1.4567,0.0,12.0,6.0866,10.210223197937012,2.7522974014282227,-34.41,0,1,180,1.494,0.979,1.0,0.9508,0.2937,0.3,0.3803,0.974,1.0745
130.602,3,NAVIGATE,-5.0414,8.7205,-1.9798,1.0354,1.1263,0.6028,0.9354,1.1263,1.4641,0.0,12.0,6.0142,10.173585891723633,2.720090866088867,-33.91,0,1,180,2.057,0.955,1.0,0.9322,0.2865,0.3,0.3729,0.9594,1.2849
130.651,3,NAVIGATE,-5.0002,8.7675,-1.9735,1.0384,1.1245,0.6006,1.0384,1.0245,1.4587,0.0,12.0,5.9541,10.098896980285645,2.6491196155548096,-33.91,0,1,180,1.747,0.9791,1.0,0.9522,0.2937,0.3,0.3809,9981.0408,1.0665
130.701,3,NAVIGATE,-4.9529,8.8256,-1.9635,1.0416,1.1235,0.5979,0.9416,1.1235,1.4659,0.0,12.0,5.8829,10.063451766967773,2.615253448486328,-34.91,0,1,180,1.851,0.9544,1.0,0.9326,0.2863,0.3,0.3731,0.9594,1.2756
130.751,3,NAVIGATE,-4.9131,8.8737,-1.9565,1.0429,1.1236,0.5955,0.9429,1.1236,1.4668,0.0,12.0,5.8235,9.999302864074707,2.547931432723999,-33.91,0,1,180,1.718,0.9536,1.0,0.9325,0.2861,0.3,0.373,0.9591,1.2344
130.801,3,NAVIGATE,-4.8641,8.9305,-1.9467,1.0462,1.1226,0.5927,0.9462,1.1226,1.4682,0.0,12.0,5.7516,9.962506294250488,2.5113165378570557,-34.41,0,1,180,1.638,0.9531,1.0,0.9329,0.2859,0.3,0.3731,0.9591,1.2537
130.851,3,NAVIGATE,-4.8139,8.9866,-1.936,1.049,1.1221,0.5897,0.949,1.0221,1.3947,0.0,12.0,5.6793,9.929015159606934,2.4780659675598145,-34.91,0,1,180,1.625,0.9656,1.0,0.8978,0.2897,0.3,0.3591,9980.217,1.1456
130.901,3,NAVIGATE,-4.772,9.0331,-1.9287,1.0501,1.1226,0.5872,0.9501,1.0226,1.3958,0.0,12.0,5.6191,9.868062973022461,2.4106667041778564,-33.41,0,1,180,1.604,0.9649,1.0,0.8978,0.2895,0.3,0.3591,9980.6513,1.1497
130.951,3,NAVIGATE,-4.7233,9.0888,-1.9258,1.0494,1.1243,0.5843,0.9494,1.0243,1.3966,0.0,12.0,5.5484,9.833707809448242,2.3718349933624268,-34.41,0,1,180,1.723,0.9635,1.0,0.8971,0.2891,0.3,0.3588,9981.0765,1.1339
131.001,3,NAVIGATE,-4.6752,9.1444,-1.926,1.0473,1.1242,0.5814,0.9473,0.9242,1.3234,0.0,12.0,5.4783,9.804012298583984,2.3384358882904053,-33.16,0,1,180,1.563,0.9749,1.0,0.8601,0.2925,0.3,0.344,9981.4725,1.0686
131.051,3,NAVIGATE,-4.6349,9.1905,-1.9267,1.0453,1.1223,0.579,0.9453,0.9223,1.3207,0.0,12.0,5.4199,9.741456031799316,2.2713623046875,-32.15,0,1,180,1.822,0.9741,1.0,0.8576,0.2922,0.3,0.3431,9981.8268,1.0299
131.101,3,NAVIGATE,-4.5937,9.2351,-1.93,1.0438,1.119,0.5765,0.9438,0.919,1.3173,0.0,12.0,5.3616,9.705862998962402,2.233185291290283,-33.91,0,1,180,2.007,0.9736,1.0,0.855,0.2921,0.3,0.342,9982.1945,1.053
131.152,3,NAVIGATE,-4.544,9.2881,-1.9347,1.042,1.1118,0.5734,0.942,0.9118,1.311,0.0,12.0,5.2917,9.676647186279297,2.2000489234924316,-33.41,0,1,180,2.064,0.9734,1.0,0.8508,0.292,0.3,0.3403,9982.6294,1.0329
131.201,3,NAVIGATE,-4.5026,9.332,-1.9386,1.0406,1.1031,0.5708,0.9406,0.9031,1.304,0.0,12.0,5.2337,9.617117881774902,2.1322710514068604,-32.41,0,1,180,1.623,0.9736,1.0,0.8464,0.2921,0.3,0.3386,9982.9904,1.0336
131.251,3,NAVIGATE,-4.4518,9.3841,-1.9453,1.0386,1.0904,0.5673,1.0386,0.8904,1.3681,0.0,12.0,5.1635,9.587258338928223,2.09487247467041,-33.16,0,1,180,2.089,0.9843,1.0,0.8977,0.2953,0.3,0.3591,9986.498,0.958
131.301,3,NAVIGATE,-4.4097,9.4272,-1.9504,1.0371,1.0788,0.5642,1.0371,0.8788,1.3593,0.0,12.0,5.1054,9.561467170715332,2.0612354278564453,-31.65,0,1,180,1.683,0.9848,1.0,0.8924,0.2954,0.3,0.357,9986.8605,0.934
131.351,3,NAVIGATE,-4.3598,9.4783,-1.9561,1.0347,1.0644,0.5604,1.0347,0.8644,1.3482,0.0,12.0,5.0366,9.512368202209473,1.99330735206604,-33.16,0,1,180,1.563,0.9853,1.0,0.8856,0.2956,0.3,0.3542,9987.2695,0.9283
131.401,3,NAVIGATE,-4.3203,9.5207,-1.9605,1.0337,1.0526,0.5573,1.0337,0.8526,1.34,0.0,12.0,4.9812,9.488122940063477,1.955596685409546,-32.15,0,1,180,1.589,0.9858,1.0,0.8806,0.2957,0.3,0.3523,9987.6224,0.9416
131.451,3,NAVIGATE,-4.2726,9.5709,-1.9652,1.035,1.039,0.5535,1.035,0.839,1.3324,0.0,12.0,4.9149,9.463491439819336,1.9230509996414185,-32.15,0,1,180,1.7,0.9866,1.0,0.8763,0.296,0.3,0.3505,9988.1246,0.9151
131.501,3,NAVIGATE,-4.2256,9.6211,-1.97,1.0381,1.0259,0.5495,1.0381,0.8259,1.3266,0.0,12.0,4.8492,9.420686721801758,1.8558249473571777,-33.41,0,1,180,1.69,0.9873,1.0,0.8732,0.2962,0.3,0.3493,9988.6692,0.9388
131.551,3,NAVIGATE,-4.1878,9.6635,-1.9747,1.041,1.0157,0.546,1.041,0.8157,1.3225,0.0,12.0,4.7955,9.399094581604004,1.8197731971740723,-34.66,0,1,180,1.64,0.9879,1.0,0.871,0.2964,0.3,0.3484,9989.118,0.9055
131.601,3,NAVIGATE,-4.1416,9.7136,-1.9795,1.0451,1.0034,0.5416,1.0451,0.8034,1.3182,0.0,12.0,4.7307,9.381016731262207,1.789818286895752,-35.66,0,1,180,1.618,0.9886,1.0,0.8688,0.2966,0.3,0.3475,9989.6784,0.9139
131.651,3,NAVIGATE,-4.092,9.7619,-1.9848,1.0503,0.9904,0.5372,1.0503,0.7904,1.3145,0.0,12.0,4.6641,9.344727516174316,1.7281616926193237,-37.16,0,1,180,1.718,0.9896,1.0,0.8672,0.2969,0.3,0.3469,9990.3086,0.9006
131.702,3,NAVIGATE,-4.041,9.809,-1.9898,1.0558,0.977,0.5327,1.0558,0.777,1.3109,0.0,12.0,4.5967,9.32518482208252,1.6929717063903809,-38.41,0,1,180,2.709,0.9905,1.0,0.8657,0.2972,0.3,0.3463,9990.9646,0.9054
131.751,3,NAVIGATE,-4.0068,9.8401,-1.9927,1.0594,0.968,0.5297,1.0594,0.768,1.3085,0.0,12.0,4.5519,9.308631896972656,1.663645625114441,-39.41,0,1,180,1.679,0.9912,1.0,0.8646,0.2974,0.3,0.3459,9991.3974,0.8994
131.801,3,NAVIGATE,-3.9486,9.8918,-1.9937,1.0647,0.9512,0.5244,1.0647,0.7512,1.303,0.0,12.0,4.4762,9.279011726379395,1.6051609516143799,-41.66,0,1,180,1.653,0.9923,1.0,0.862,0.2977,0.3,0.3448,9992.1192,0.885
131.852,3,NAVIGATE,-3.9072,9.9277,-1.9933,1.0682,0.9388,0.5207,1.0682,0.7388,1.2988,0.0,12.0,4.4227,9.262085914611816,1.5765711069107056,-43.16,0,1,180,1.818,0.9931,1.0,0.8599,0.2979,0.3,0.344,9992.6271,0.8834
131.901,3,NAVIGATE,-3.8654,9.9634,-1.9928,1.0717,0.9266,0.517,1.0717,0.7266,1.2948,0.0,12.0,4.3691,9.233195304870605,1.5233166217803955,-45.42,0,1,180,1.669,0.9939,1.0,0.8579,0.2982,0.3,0.3431,9993.1349,0.8686
131.952,3,NAVIGATE,-3.8098,10.0021,-1.993,1.0779,0.9107,0.5125,1.0779,0.7107,1.2911,0.0,12.0,4.3019,9.222784042358398,1.496982455253601,-46.67,0,1,180,2.614,0.995,1.0,0.8565,0.2985,0.3,0.3426,9993.8754,0.8615
132.001,3,NAVIGATE,-3.7545,10.0408,-1.9931,1.084,0.8952,0.5081,1.084,0.6952,1.2878,0.0,12.0,4.2349,9.20601749420166,1.4695836305618286,-48.17,0,1,180,1.527,0.996,1.0,0.8551,0.2988,0.3,0.342,9994.6065,0.86
132.051,3,NAVIGATE,-3.7083,10.0737,-1.9928,1.089,0.8828,0.5045,1.089,0.6828,1.2853,0.0,12.0,4.1788,9.17951774597168,1.4243559837341309,-50.92,0,1,180,1.67,0.9967,1.0,0.8541,0.299,0.3,0.3416,9995.206,0.8616
132.101,3,NAVIGATE,-3.6519,10.1158,-1.9914,1.0948,0.8692,0.5003,1.0948,0.6692,1.2831,0.0,12.0,4.1093,9.166961669921875,1.4021872282028198,-52.42,0,1,180,1.689,0.9974,1.0,0.8532,0.2992,0.3,0.3413,9995.9072,0.8578
132.151,3,NAVIGATE,-3.6051,10.1504,-1.9903,1.0995,0.8578,0.497,1.0995,0.6578,1.2813,0.0,12.0,4.0519,9.152527809143066,1.3791481256484985,-54.43,0,1,180,1.537,0.9979,1.0,0.8524,0.2994,0.3,0.3409,9996.4752,0.853
132.201,3,NAVIGATE,-3.5584,10.1846,-1.9896,1.1041,0.8464,0.4938,1.1041,0.6464,1.2794,0.0,12.0,3.9947,9.121501922607422,1.3396215438842773,-57.18,0,1,180,1.555,0.9983,1.0,0.8515,0.2995,0.3,0.3406,9997.0246,0.854
132.251,3,NAVIGATE,-3.5021,10.2256,-1.9908,1.1095,0.8327,0.4901,1.1095,0.6327,1.2772,0.0,12.0,3.9259,9.10760498046875,1.3207467794418335,-58.68,0,1,180,1.605,0.9988,1.0,0.8504,0.2996,0.3,0.3402,9997.6445,0.8526
132.302,3,NAVIGATE,-3.4459,10.2659,-1.9918,1.1147,0.8189,0.4866,1.1147,0.6189,1.275,0.0,12.0,3.8577,9.091822624206543,1.3031734228134155,-60.68,0,1,180,1.79,0.9992,1.0,0.8493,0.2998,0.3,0.3397,9998.1798,0.862
132.351,3,NAVIGATE,-3.4072,10.2921,-1.9922,1.1187,0.8095,0.4843,1.1187,0.6095,1.2739,0.0,12.0,3.8113,9.061827659606934,1.2748689651489258,-64.18,0,1,180,1.649,0.9994,1.0,0.8488,0.2998,0.3,0.3395,9998.4654,0.8651
132.401,3,NAVIGATE,-3.3373,10.3366,-1.9926,1.1264,0.7925,0.4805,1.1264,0.5925,1.2727,0.0,12.0,3.7289,9.043756484985352,1.2591480016708374,-65.94,0,1,180,1.549,0.9998,1.0,0.8483,0.2999,0.3,0.3393,9998.5573,0.8609
132.451,3,NAVIGATE,-3.2879,10.3679,-1.9929,1.1317,0.7803,0.478,1.1317,0.5803,1.2717,0.0,12.0,3.6707,9.025500297546387,1.2459543943405151,-67.94,0,1,180,1.658,0.9999,1.0,0.8478,0.3,0.3,0.3391,9998.5772,0.8604
132.501,3,NAVIGATE,-3.2368,10.3987,-1.9922,1.1371,0.768,0.4754,1.1371,0.568,1.271,0.0,12.0,3.6112,8.991230010986328,1.2248501777648926,-71.69,0,1,180,1.535,1.0,1.0,0.8474,0.3,0.3,0.3389,9999.2302,0.8755
132.551,3,NAVIGATE,-3.1746,10.4351,-1.9907,1.1435,0.7532,0.4725,1.1435,0.5532,1.2703,0.0,12.0,3.5393,8.976171493530273,1.2202422618865967,-73.69,0,1,180,1.614,1.0,1.0,0.8468,0.3,0.3,0.3387,9999.4558,0.8689
132.601,3,NAVIGATE,-3.1133,10.4709,-1.9894,1.1495,0.7384,0.4696,1.0495,0.5384,1.1795,0.0,12.0,3.4685,8.957234382629395,1.2111464738845825,-75.95,0,1,180,1.786,0.9998,1.0,0.7862,0.3,0.3,0.3145,9998.7506,0.8841
132.651,3,NAVIGATE,-3.0639,10.5013,-1.9866,1.1536,0.7268,0.4673,1.0536,0.5268,1.1779,0.0,12.0,3.4108,8.921679496765137,1.202811360359192,-79.7,0,1,180,1.52,1.0,1.0,0.7852,0.3,0.3,0.3141,9998.514,0.8828
132.701,3,NAVIGATE,-3.0054,10.5373,-1.983,1.1585,0.7131,0.4644,1.0585,0.5131,1.1763,0.0,12.0,3.3424,8.902852058410645,1.1986464262008667,-81.7,0,1,180,1.566,1.0,1.0,0.7842,0.3,0.3,0.3137,9999.186,0.8893
132.751,3,NAVIGATE,-2.9475,10.5723,-1.9805,1.1606,0.6989,0.4617,1.0606,0.4989,1.1721,0.0,12.0,3.2751,8.883277893066406,1.1994367837905884,-83.95,0,1,180,1.609,0.9999,1.0,0.7813,0.3,0.3,0.3125,9999.2938,0.9008
132.801,3,NAVIGATE,-2.901,10.6,-1.9805,1.1599,0.6867,0.4596,0.9599,0.4867,1.0762,0.0,12.0,3.2211,8.848702430725098,1.1995652914047241,-87.96,0,1,180,1.681,0.9998,1.0,0.7174,0.2999,0.3,0.2869,9998.9386,0.9191
132.851,3,NAVIGATE,-2.8545,10.6271,-1.9806,1.158,0.6745,0.4577,1.158,0.5745,1.2927,0.0,12.0,3.1675,8.828519821166992,1.1990805864334106,-89.96,0,1,180,1.511,0.9999,1.0,0.8617,0.3,0.3,0.3447,9999.0377,0.9354
132.901,3,NAVIGATE,-2.7989,10.6592,-1.9802,1.1552,0.6597,0.4555,1.1552,0.5597,1.2837,0.0,12.0,3.1035,8.806921005249023,1.2059062719345093,-91.96,0,1,180,1.668,1.0,1.0,0.8558,0.3,0.3,0.3423,9999.5194,0.9446
132.951,3,NAVIGATE,-2.7525,10.6855,-1.9779,1.1495,0.6466,0.4538,1.1495,0.5466,1.2729,0.0,12.0,3.0502,8.770227432250977,1.2180732488632202,-95.96,0,1,180,1.581,1.0,1.0,0.8486,0.3,0.3,0.3394,9999.7036,0.9716
133.001,3,NAVIGATE,-2.6971,10.7164,-1.9757,1.1454,0.6335,0.4521,1.1454,0.5335,1.2635,0.0,12.0,2.9869,8.748846054077148,1.227731466293335,-97.72,0,1,180,1.519,1.0,1.0,0.8423,0.3,0.3,0.3369,9999.2441,0.9824
133.051,3,NAVIGATE,-2.6529,10.7412,-1.9726,1.1442,0.6244,0.4509,1.1442,0.5244,1.2586,0.0,12.0,2.9364,8.723199844360352,1.2353789806365967,-99.97,0,1,180,1.749,0.9999,1.0,0.839,0.3,0.3,0.3356,9998.8276,1.0008
133.101,3,NAVIGATE,-2.6111,10.7648,-1.9675,1.1442,0.6164,0.4496,0.9442,0.4164,1.032,0.0,12.0,2.8885,8.678441047668457,1.2577511072158813,-103.22,0,1,180,1.569,0.9996,1.0,0.6877,0.2999,0.3,0.2751,9998.767,1.0146
133.151,3,NAVIGATE,-2.5603,10.793,-1.9623,1.147,0.6083,0.4481,1.247,0.6083,1.3874,0.0,12.0,2.8306,8.654887199401855,1.2703536748886108,-105.22,0,1,180,1.592,0.9999,1.0,0.9249,0.3,0.3,0.3699,9999.2167,1.0701
133.201,3,NAVIGATE,-2.5183,10.8171,-1.9603,1.1498,0.602,0.4467,1.2498,0.602,1.3872,0.0,12.0,2.7823,8.6318941116333,1.2833044528961182,-107.22,0,1,180,1.856,1.0,1.0,0.9248,0.3,0.3,0.3699,9999.6056,1.0911
133.251,3,NAVIGATE,-2.477,10.8417,-1.961,1.1468,0.5929,0.4455,1.2468,0.5929,1.3806,0.0,12.0,2.7344,8.609182357788086,1.3005766868591309,-108.73,0,1,180,1.77,1.0,1.0,0.9204,0.3,0.3,0.3681,9999.5596,1.1083
133.301,3,NAVIGATE,-2.4268,10.8708,-1.9625,1.1463,0.5841,0.4443,1.3463,0.5841,1.4676,0.0,12.0,2.6766,8.563380241394043,1.3304202556610107,-111.98,0,1,180,1.66,0.9997,1.0,0.978,0.2999,0.3,0.3912,9999.1886,1.1453
133.351,3,NAVIGATE,-2.3741,10.899,-1.9626,1.1509,0.5785,0.4432,1.3509,0.5785,1.4695,0.0,12.0,2.617,8.538143157958984,1.3505215644836426,-113.98,0,1,180,1.696,0.9996,1.0,0.9793,0.2999,0.3,0.3917,9999.1404,1.1669
133.401,3,NAVIGATE,-2.3284,10.9219,-1.9617,1.1577,0.5757,0.4424,1.0577,0.4757,1.1598,0.0,12.0,2.5659,8.492217063903809,1.3874695301055908,-116.98,0,1,180,1.651,0.9999,1.0,0.7731,0.3,0.3,0.3093,9999.3444,1.1837
133.451,3,NAVIGATE,-2.273,10.9494,-1.9611,1.171,0.5744,0.4414,1.271,0.5744,1.3948,0.0,12.0,2.5041,8.470297813415527,1.4071261882781982,-116.98,0,1,180,1.774,1.0,1.0,0.9298,0.3,0.3,0.3719,9999.6716,1.2238
133.502,3,NAVIGATE,-2.2185,10.976,-1.9572,1.1868,0.5732,0.4401,0.9868,0.4732,1.0944,0.0,12.0,2.4434,8.443441390991211,1.427599310874939,-116.23,0,1,180,2.108,0.9999,1.0,0.7295,0.3,0.3,0.2918,9999.0903,1.2227
133.551,3,NAVIGATE,-2.1726,10.9981,-1.9542,1.1946,0.5695,0.439,1.1946,0.5695,1.3235,0.0,12.0,2.3925,8.397564888000488,1.4647990465164185,-114.73,0,1,180,1.701,0.9999,1.0,0.8822,0.3,0.3,0.3529,9999.5012,1.2807
133.601,3,NAVIGATE,-2.1168,11.0246,-1.9515,1.2042,0.5656,0.4377,1.2042,0.5656,1.3305,0.0,12.0,2.3308,8.375618934631348,1.4829248189926147,-115.48,0,1,180,1.683,1.0,1.0,0.8869,0.3,0.3,0.3548,9999.1668,1.2989
133.651,3,NAVIGATE,-2.058,11.0507,-1.9475,1.2071,0.5585,0.4365,1.3071,0.5585,1.4214,0.0,12.0,2.2664,8.3512601852417,1.5035592317581177,-115.48,0,1,180,1.781,0.9996,1.0,0.9472,0.2999,0.3,0.3789,9999.2715,1.3175
133.701,3,NAVIGATE,-2.0089,11.0722,-1.9451,1.2083,0.5535,0.4356,1.0083,0.4535,1.1056,0.0,12.0,2.2128,8.306962966918945,1.5402835607528687,-115.48,0,1,180,1.718,1.0,1.0,0.737,0.3,0.3,0.2948,9999.3841,1.3327
133.751,3,NAVIGATE,-1.9502,11.0979,-1.9433,1.2099,0.5491,0.4346,1.2099,0.5491,1.3286,0.0,12.0,2.1488,8.286279678344727,1.558349370956421,-114.73,0,1,180,1.742,1.0,1.0,0.8857,0.3,0.3,0.3543,9999.5519,1.3707
133.801,3,NAVIGATE,-1.9018,11.1191,-1.9432,1.2143,0.5464,0.4339,1.2143,0.5464,1.3316,0.0,12.0,2.0959,8.259251594543457,1.5790997743606567,-115.98,0,1,180,1.706,0.9999,1.0,0.8877,0.3,0.3,0.3551,9999.415,1.3898
133.851,3,NAVIGATE,-1.8532,11.1401,-1.9436,1.214,0.5416,0.4331,1.314,0.6416,1.4623,0.0,12.0,2.043,8.209732055664062,1.6145050525665283,-115.23,0,1,180,1.672,0.9998,1.0,0.9747,0.2999,0.3,0.3899,9999.5549,1.4449
133.901,3,NAVIGATE,-1.7929,11.165,-1.9438,1.2142,0.5361,0.4325,1.1142,0.5361,1.2365,0.0,12.0,1.9779,8.185547828674316,1.6317293643951416,-115.48,0,1,180,1.706,0.9999,1.0,0.8242,0.3,0.3,0.3297,9999.4863,1.4416
133.951,3,NAVIGATE,-1.7292,11.1892,-1.9432,1.2178,0.5322,0.432,1.2178,0.5322,1.329,0.0,12.0,1.9098,8.156877517700195,1.6521228551864624,-114.73,0,1,180,1.743,0.9997,1.0,0.8857,0.2999,0.3,0.3543,9999.1281,1.4614
134.001,3,NAVIGATE,-1.6765,11.2095,-1.9431,1.2244,0.5319,0.4316,1.2244,0.5319,1.3349,0.0,12.0,1.8535,8.106036186218262,1.6889013051986694,-116.23,0,1,180,1.88,0.9995,1.0,0.8895,0.2999,0.3,0.3558,9999.2419,1.4974
134.051,3,NAVIGATE,-1.6141,11.235,-1.9437,1.2292,0.532,0.4314,1.3292,0.632,1.4718,0.0,12.0,1.7862,8.078136444091797,1.7065268754959106,-114.23,0,1,180,1.761,1.0,1.0,0.9812,0.3,0.3,0.3925,9999.7699,1.5355
134.101,3,NAVIGATE,-1.5627,11.2569,-1.9446,1.2323,0.532,0.4314,1.3323,0.632,1.4746,0.0,12.0,1.7304,8.046835899353027,1.7270402908325195,-116.48,0,1,180,1.634,1.0,1.0,0.9831,0.3,0.3,0.3932,9999.5833,1.5553
134.151,3,NAVIGATE,-1.5116,11.2788,-1.9459,1.2348,0.5311,0.4315,1.2348,0.6311,1.3868,0.0,12.0,1.6748,7.983608245849609,1.7624868154525757,-114.23,0,1,180,1.707,0.9996,1.0,0.9242,0.2999,0.3,0.3697,9999.418,1.5895
134.201,3,NAVIGATE,-1.4491,11.3054,-1.9491,1.2412,0.5321,0.4318,1.2412,0.5321,1.3505,0.0,12.0,1.607,7.952032089233398,1.7799110412597656,-114.73,0,1,180,1.583,0.9991,1.0,0.8995,0.2997,0.3,0.3598,9999.1714,1.5877
134.251,3,NAVIGATE,-1.3966,11.3277,-1.9523,1.2491,0.5345,0.432,1.1491,0.5345,1.2673,0.0,12.0,1.55,7.916342735290527,1.7994880676269531,-115.23,0,1,180,1.713,0.9999,1.0,0.8448,0.3,0.3,0.3379,9999.4623,1.6075
134.301,3,NAVIGATE,-1.3441,11.3501,-1.9554,1.2564,0.5383,0.4324,1.3564,0.6383,1.4991,0.0,12.0,1.493,7.846936225891113,1.8369566202163696,-114.23,0,1,180,1.587,0.9999,1.0,0.9993,0.3,0.3,0.3997,9999.7408,1.6706
134.351,3,NAVIGATE,-1.2769,11.3763,-1.9603,1.2644,0.5415,0.4332,1.2644,0.6415,1.4178,0.0,12.0,1.4211,7.808603763580322,1.8559975624084473,-115.48,0,1,180,1.747,0.9999,1.0,0.9451,0.3,0.3,0.378,9999.722,1.6907
134.401,3,NAVIGATE,-1.2085,11.4023,-1.9657,1.2692,0.5428,0.4342,1.1692,0.6428,1.3343,0.0,12.0,1.3483,7.763856887817383,1.87503981590271,-115.48,0,1,180,1.586,0.9991,1.0,0.8887,0.2997,0.3,0.3555,9999.37,1.7123
134.451,3,NAVIGATE,-1.1522,11.424,-1.97,1.275,0.5448,0.435,1.175,0.5448,1.2951,0.0,12.0,1.2881,7.683986186981201,1.9115443229675293,-115.98,0,1,180,1.643,0.9996,1.0,0.863,0.2999,0.3,0.3452,9999.5736,1.7385
134.501,3,NAVIGATE,-1.0861,11.4535,-1.9732,1.2819,0.5495,0.4362,1.0819,0.5495,1.2135,0.0,12.0,1.2158,7.643919467926025,1.9298392534255981,-116.23,0,1,180,1.73,1.0,1.0,0.809,0.3,0.3,0.3236,9999.9324,1.7559
134.551,3,NAVIGATE,-1.0314,11.4784,-1.9755,1.2852,0.5542,0.4376,1.2852,0.6542,1.4421,0.0,12.0,1.1558,7.598029613494873,1.9530667066574097,-117.73,0,1,180,1.792,1.0,1.0,0.9614,0.3,0.3,0.3846,9999.6663,1.8101
134.602,3,NAVIGATE,-0.9771,11.5031,-1.9775,1.2863,0.5577,0.4393,1.1863,0.6577,1.3564,0.0,12.0,1.0962,7.551782608032227,1.9749099016189575,-118.73,0,1,180,2.023,0.9994,1.0,0.9037,0.2998,0.3,0.3615,9999.3304,1.8332
134.651,3,NAVIGATE,-0.9223,11.529,-1.9806,1.2833,0.5596,0.4412,1.1833,0.5596,1.3089,0.0,12.0,1.0356,7.455268383026123,2.017160654067993,-120.74,0,1,180,1.76,0.9995,1.0,0.8722,0.2999,0.3,0.3489,9999.3888,1.8704
134.701,3,NAVIGATE,-0.8572,11.5596,-1.9842,1.281,0.5626,0.4436,1.081,0.5626,1.2186,0.0,12.0,0.9637,7.401621341705322,2.0433638095855713,-122.24,0,1,180,1.677,1.0,1.0,0.8124,0.3,0.3,0.325,9999.621,1.8997
134.751,3,NAVIGATE,-0.8034,11.5849,-1.9868,1.2792,0.5662,0.4459,1.2792,0.6662,1.4423,0.0,12.0,0.9043,7.353697299957275,2.0666863918304443,-123.24,0,1,180,1.721,1.0,1.0,0.9615,0.3,0.3,0.3846,9999.0666,1.9454
134.802,3,NAVIGATE,-0.7364,11.6134,-1.9873,1.2776,0.5682,0.4489,1.1776,0.6682,1.354,0.0,12.0,0.8317,7.252002716064453,2.115171432495117,-125.49,0,1,180,2.499,0.9995,1.0,0.9022,0.2998,0.3,0.3609,9999.1292,1.9123
134.852,3,NAVIGATE,-0.6705,11.6419,-1.988,1.2734,0.5686,0.4519,1.0734,0.5686,1.2147,0.0,12.0,0.7601,7.192723751068115,2.147040843963623,-126.99,0,1,180,2.36,1.0,1.0,0.8098,0.3,0.3,0.3239,9999.1924,2.016
134.901,3,NAVIGATE,-0.6162,11.6657,-1.9884,1.2728,0.5704,0.4545,1.0728,0.5704,1.215,0.0,12.0,0.701,7.086076736450195,2.198648452758789,-128.74,0,1,180,1.641,1.0,1.0,0.81,0.3,0.3,0.324,9999.133,2.0707
134.951,3,NAVIGATE,-0.5521,11.6955,-1.9878,1.2728,0.5747,0.4579,1.2728,0.7747,1.49,0.0,12.0,0.6305,7.032973766326904,2.228896379470825,-130.0,0,1,180,1.759,0.9991,1.0,0.9925,0.2997,0.3,0.397,9998.5876,1.5194
135.001,3,NAVIGATE,-0.4886,11.725,-1.9874,1.2689,0.5773,0.4618,1.1689,0.6773,1.351,0.0,12.0,0.5606,6.973578453063965,2.2605135440826416,-131.0,0,1,180,1.629,0.9999,1.0,0.9006,0.3,0.3,0.3602,9998.7834,1.7931
135.051,3,NAVIGATE,-0.4391,11.7491,-1.9914,1.2615,0.5776,0.465,1.0615,0.5776,1.2085,0.0,12.0,0.5057,6.860385894775391,2.3181166648864746,-133.0,0,1,180,1.654,0.9998,1.0,0.8055,0.2999,0.3,0.3222,9998.6527,2.047
135.151,3,RETURN_HOME,-0.3249,11.8064,-2.0055,1.252,0.5883,0.474,1.352,0.3883,1.4067,0.0,0.0,11.8109,6.680891513824463,2.5064172744750977,-135.0,0,1,180,1.609,-0.2495,1.0,0.4689,-0.0749,0.3,0.1876,0.4127,2.2352
135.201,3,RETURN_HOME,-0.2659,11.837,-2.0104,1.2447,0.5947,0.4785,1.4447,0.3947,1.4977,0.0,0.0,11.84,6.617187976837158,2.5957319736480713,-89.96,0,1,180,1.915,-0.2418,1.0,0.4992,-0.0725,0.3,0.1997,0.4271,2.2434
135.251,3,RETURN_HOME,-0.207,11.8679,-2.0133,1.2348,0.6002,0.4759,1.4348,0.4002,1.4896,0.0,0.0,11.8697,6.525125980377197,2.5950987339019775,-92.21,0,1,180,1.568,-0.2518,1.0,0.4965,-0.0755,0.3,0.1986,0.4231,2.2687
135.301,3,RETURN_HOME,-0.1376,11.9045,-2.0115,1.2355,0.6029,0.4614,1.4355,0.4029,1.4909,0.0,0.0,11.9053,6.531851291656494,2.597186803817749,-92.96,0,1,180,1.663,-0.2591,1.0,0.497,-0.0777,0.3,0.1988,0.4211,2.2891
135.351,3,RETURN_HOME,-0.0872,11.9311,-2.0065,1.2441,0.6037,0.4442,1.4441,0.4037,1.4994,0.0,0.0,11.9314,6.580114841461182,2.593547821044922,-93.46,0,1,180,1.682,-0.2622,1.0,0.4998,-0.0787,0.3,0.1999,0.4213,2.2788
135.401,3,RETURN_HOME,-0.0263,11.9626,-1.9975,1.2606,0.6027,0.4163,1.3606,0.4027,1.4189,0.0,0.0,11.9626,6.800199508666992,2.5969042778015137,-93.71,0,1,180,1.414,-0.2817,1.0,0.473,-0.0845,0.3,0.1892,0.4047,2.2914
135.451,3,RETURN_HOME,0.0376,11.9929,-1.9896,1.2816,0.5984,0.3814,1.3816,0.3984,1.4379,0.0,0.0,11.9929,6.96669864654541,2.599961280822754,-93.46,0,1,180,1.569,-0.2801,1.0,0.4793,-0.084,0.3,0.1917,0.4077,2.221
135.502,3,RETURN_HOME,0.1032,12.0223,-1.9809,1.3043,0.5906,0.3399,1.4043,0.3906,1.4577,0.0,0.0,12.0228,7.4605889320373535,2.604196786880493,-92.71,0,1,180,1.959,-0.2763,1.0,0.4859,-0.0829,0.3,0.1944,0.4115,2.2476
135.551,3,RETURN_HOME,0.1583,12.0464,-1.9722,1.3215,0.5812,0.3006,1.4215,0.3812,1.4717,0.0,0.0,12.0474,7.852177143096924,2.606623411178589,-91.96,0,1,180,1.688,-0.2717,1.0,0.4906,-0.0815,0.3,0.1962,0.4147,2.2248
135.601,3,RETURN_HOME,0.2283,12.0768,-1.9584,1.3407,0.5676,0.2485,1.4407,0.3676,1.4868,0.0,0.0,12.0789,8.29342269897461,2.609443426132202,-91.21,0,1,180,1.665,-0.2655,1.0,0.4956,-0.0797,0.3,0.1982,0.4186,2.1601
135.651,3,RETURN_HOME,0.287,12.1017,-1.9461,1.3544,0.5547,0.201,1.4544,0.3547,1.497,0.0,0.0,12.1051,8.554221153259277,2.6119534969329834,-89.21,0,1,180,1.623,-0.2599,1.0,0.499,-0.078,0.3,0.1996,0.4216,2.2667
135.701,3,RETURN_HOME,0.3574,12.13,-1.9311,1.3685,0.5379,0.1396,1.3685,0.3379,1.4096,0.0,0.0,12.1352,8.491253852844238,2.618680953979492,-87.71,0,1,180,1.794,-0.2682,1.0,0.4699,-0.0805,0.3,0.1879,0.4075,2.2368
135.751,3,RETURN_HOME,0.4282,12.1552,-1.9144,1.3813,0.5202,0.0733,1.3813,0.3202,1.4179,0.0,0.0,12.1627,8.447525024414062,2.620603084564209,-86.2,0,1,180,1.529,-0.26,1.0,0.4726,-0.078,0.3,0.1891,0.4111,2.1705
135.801,3,RETURN_HOME,0.4872,12.1755,-1.9006,1.3915,0.5063,0.0144,1.3915,0.3063,1.4248,0.0,0.0,12.1853,8.358325958251953,2.6241352558135986,-83.45,0,1,180,1.694,-0.2538,1.0,0.4749,-0.0762,0.3,0.19,0.4138,2.311
135.851,3,RETURN_HOME,0.5469,12.195,-1.8871,1.4003,0.4926,-0.0476,1.4003,0.2926,1.4306,0.0,0.0,12.2073,8.306560516357422,2.630120277404785,-81.45,0,1,180,1.06,-0.2482,1.0,0.4769,-0.0745,0.3,0.1907,0.4163,2.3045
135.901,3,RETURN_HOME,0.6218,12.2164,-1.8717,1.4109,0.476,-0.1261,1.4109,0.276,1.4376,0.0,0.0,12.2322,8.261271476745605,2.631711959838867,-79.45,0,1,180,1.382,-0.2416,1.0,0.4792,-0.0725,0.3,0.1917,0.4192,2.218
135.951,3,RETURN_HOME,0.6838,12.2338,-1.8591,1.4185,0.4621,-0.1947,1.4185,0.2621,1.4426,0.0,0.0,12.2529,8.21810245513916,2.6386022567749023,-77.45,0,1,180,1.329,-0.2363,1.0,0.4809,-0.0709,0.3,0.1923,0.4214,2.1782
136.001,3,RETURN_HOME,0.7455,12.2507,-1.8467,1.4255,0.4483,-0.2663,1.4255,0.2483,1.4469,0.0,0.0,12.2734,8.13365364074707,2.6442627906799316,-72.94,0,1,180,1.169,-0.2311,1.0,0.4823,-0.0693,0.3,0.1929,0.4236,2.3802
136.051,3,RETURN_HOME,0.8068,12.267,-1.8344,1.432,0.4343,-0.3408,1.432,0.2343,1.451,0.0,0.0,12.2935,8.120641708374023,2.6501636505126953,-70.44,0,1,180,1.096,-0.2259,1.0,0.4837,-0.0678,0.3,0.1935,0.4257,2.3461
136.101,3,RETURN_HOME,0.8677,12.2831,-1.8224,1.4382,0.4203,-0.4184,1.4382,0.2203,1.455,0.0,0.0,12.3137,8.138906478881836,2.6537675857543945,-68.19,0,1,180,1.053,-0.2207,1.0,0.485,-0.0662,0.3,0.194,0.4278,2.3068
136.151,3,RETURN_HOME,0.9397,12.3029,-1.8083,1.4453,0.4036,-0.5154,1.4453,0.2036,1.4596,0.0,0.0,12.3387,8.293525695800781,2.6653857231140137,-62.18,0,1,180,1.018,-0.2145,1.0,0.4865,-0.0643,0.3,0.1946,0.4303,2.4235
136.2,3,RETURN_HOME,0.9983,12.3203,-1.7971,1.4508,0.3898,-0.5992,1.4508,0.1898,1.4632,0.0,0.0,12.3607,8.432169914245605,2.6712214946746826,-58.43,0,1,180,1.1,-0.2094,1.0,0.4877,-0.0628,0.3,0.1951,0.4323,2.4294
136.251,3,RETURN_HOME,1.0569,12.337,-1.786,1.4563,0.3752,-0.6856,1.4563,0.1752,1.4668,0.0,0.0,12.3822,8.619458198547363,2.6770317554473877,-56.43,0,1,180,1.104,-0.2038,1.0,0.4889,-0.0611,0.3,0.1956,0.4344,2.3923
136.3,3,RETURN_HOME,1.1275,12.3558,-1.7748,1.4629,0.3547,-0.7911,1.4629,0.1547,1.4711,0.0,0.0,12.4071,8.868753433227539,2.682758092880249,-52.17,0,1,180,1.067,-0.1951,1.0,0.4904,-0.0585,0.3,0.1961,0.4376,2.2874
136.35,3,RETURN_HOME,1.1868,12.37,-1.7695,1.4684,0.3344,-0.8793,1.4684,0.1344,1.4745,0.0,0.0,12.4268,9.644133567810059,2.6946301460266113,-44.92,0,1,180,1.039,-0.1858,1.0,0.4915,-0.0558,0.3,0.1966,0.4408,2.4425
136.401,3,RETURN_HOME,1.2462,12.3833,-1.7675,1.4734,0.3119,-0.9664,1.4734,0.1119,1.4776,0.0,0.0,12.4458,10.149531364440918,2.69977068901062,-40.66,0,1,180,1.131,-0.1752,1.0,0.4925,-0.0526,0.3,0.197,0.4445,2.4495
136.45,3,RETURN_HOME,1.317,12.3965,-1.7695,1.478,0.2834,-1.0684,1.478,0.0834,1.4804,0.0,0.0,12.4663,10.203852653503418,2.704169511795044,-35.41,0,1,180,0.995,-0.1615,1.0,0.4935,-0.0484,0.3,0.1974,0.4489,2.4584
136.5,3,RETURN_HOME,1.3758,12.4054,-1.7742,1.4804,0.2597,-1.1504,1.4804,0.0597,1.4816,0.0,0.0,12.4815,2.846283197402954,2.7166616916656494,-27.4,0,1,180,1.032,-0.1502,1.0,0.4939,-0.0451,0.3,0.1975,0.4525,2.4454
136.551,3,RETURN_HOME,1.4347,12.4136,-1.781,1.4815,0.2375,-1.2288,1.4815,0.0375,1.482,0.0,0.0,12.4962,2.8008854389190674,2.721465587615967,-23.4,0,1,180,1.088,-0.1399,1.0,0.494,-0.042,0.3,0.1976,0.4556,2.4511
136.6,3,RETURN_HOME,1.5055,12.422,-1.7942,1.4817,0.2128,-1.3173,1.4817,0.0128,1.4817,0.0,0.0,12.5129,2.770341396331787,2.7258200645446777,-20.14,0,1,180,1.06,-0.1289,1.0,0.4939,-0.0387,0.3,0.1976,0.4589,2.4585
136.651,3,RETURN_HOME,1.5765,12.4293,-1.811,1.4808,0.1901,-1.3991,1.4808,-0.0099,1.4808,0.0,0.0,12.5289,2.742863178253174,2.7378647327423096,-12.64,0,1,180,1.132,-0.1192,1.0,0.4936,-0.0358,0.3,0.1974,0.4617,2.4532
136.7,3,RETURN_HOME,1.6356,12.4347,-1.8248,1.4795,0.1726,-1.4618,1.4795,-0.0274,1.4798,0.0,0.0,12.5418,2.743140935897827,2.743140935897827,-9.88,0,1,180,1.066,-0.112,1.0,0.4933,-0.0336,0.3,0.1973,0.4637,2.4572
136.751,3,RETURN_HOME,1.705,12.4398,-1.8392,1.4771,0.1525,-1.5303,1.4771,-0.0475,1.4779,0.0,0.0,12.5561,2.748192548751831,2.748192548751831,-7.88,0,1,180,1.104,-0.1039,1.0,0.4926,-0.0312,0.3,0.197,0.4659,2.4627
136.8,3,RETURN_HOME,1.7624,12.4433,-1.85,1.4747,0.1363,-1.5816,1.4747,-0.0637,1.4761,0.0,0.0,12.5675,2.759683132171631,2.759683132171631,-1.63,0,1,180,1.073,-0.0974,1.0,0.492,-0.0292,0.3,0.1968,0.4676,2.4577
136.851,3,RETURN_HOME,1.8312,12.4469,-1.8623,1.4717,0.1175,-1.6364,1.4717,-0.0825,1.474,0.0,0.0,12.5809,2.763901710510254,2.763901710510254,1.63,0,1,180,1.122,-0.09,1.0,0.4913,-0.027,0.3,0.1965,0.4695,2.463
136.901,3,RETURN_HOME,1.8993,12.4518,-1.87,1.4693,0.0999,-1.6838,1.4693,-0.1001,1.4727,0.0,0.0,12.5958,2.769319534301758,2.769319534301758,2.63,0,1,180,1.315,-0.0833,1.0,0.4909,-0.025,0.3,0.1964,0.4714,2.4475
136.951,3,RETURN_HOME,1.9561,12.4556,-1.8756,1.4675,0.0856,-1.7177,1.4675,-0.1144,1.472,0.0,0.0,12.6082,2.777312755584717,2.777312755584717,7.38,0,1,180,1.252,-0.0779,1.0,0.4907,-0.0234,0.3,0.1963,0.4729,2.3676
137.001,3,RETURN_HOME,2.0131,12.4587,-1.8811,1.4661,0.0713,-1.7466,1.4661,-0.1287,1.4718,0.0,0.0,12.6202,2.7816343307495117,2.7816343307495117,9.63,0,1,180,1.14,-0.0726,1.0,0.4906,-0.0218,0.3,0.1962,0.4745,2.3274
137.051,3,RETURN_HOME,2.0797,12.4634,-1.8873,1.4639,0.0543,-1.7751,1.4639,-0.1457,1.4712,0.0,0.0,12.6357,2.784958839416504,2.784958839416504,9.13,0,1,180,1.136,-0.0661,1.0,0.4904,-0.0198,0.3,0.1962,0.4763,2.2865
137.101,3,RETURN_HOME,2.1354,12.4665,-1.8927,1.4626,0.0399,-1.794,1.4626,-0.1601,1.4713,0.0,0.0,12.6481,2.7946062088012695,2.7904436588287354,12.64,0,1,180,1.229,-0.0606,1.0,0.4904,-0.0182,0.3,0.1962,0.478,2.2024
137.151,3,RETURN_HOME,2.2027,12.4694,-1.901,1.4616,0.0224,-1.8112,1.4616,-0.1776,1.4724,0.0,0.0,12.6625,2.7977089881896973,2.794198751449585,14.64,0,1,180,1.075,-0.0539,1.0,0.4908,-0.0162,0.3,0.1963,0.4802,2.1622
137.201,3,RETURN_HOME,2.2703,12.4718,-1.9161,1.4613,0.0047,-1.8229,1.4613,-0.1953,1.4743,0.0,0.0,12.6768,2.801638603210449,2.7947256565093994,12.39,0,1,180,1.032,-0.0472,1.0,0.4914,-0.0142,0.3,0.1966,0.4824,2.1165
137.251,3,RETURN_HOME,2.3269,12.473,-1.9288,1.4615,-0.0099,-1.8289,1.4615,-0.2099,1.4765,0.0,0.0,12.6882,2.8062493801116943,2.7988388538360596,13.64,0,1,180,1.105,-0.0418,1.0,0.4922,-0.0125,0.3,0.1969,0.4843,2.0254
137.301,3,RETURN_HOME,2.3943,12.4729,-1.9449,1.462,-0.0274,-1.8319,1.462,-0.2274,1.4796,0.0,0.0,12.7007,2.80922794342041,2.7994344234466553,12.89,0,1,180,1.09,-0.0353,1.0,0.4932,-0.0106,0.3,0.1973,0.4867,1.9769
137.351,3,RETURN_HOME,2.4501,12.4718,-1.9586,1.4624,-0.042,-1.8316,1.4624,-0.242,1.4823,0.0,0.0,12.7102,2.809509038925171,2.7992513179779053,12.89,0,1,180,1.169,-0.03,1.0,0.4941,-0.009,0.3,0.1976,0.4886,1.9352
137.4,3,RETURN_HOME,2.5176,12.4697,-1.9739,1.4634,-0.0589,-1.8283,1.4634,-0.2589,1.4861,0.0,0.0,12.7213,2.80702543258667,2.8032352924346924,11.14,0,1,180,1.046,-0.0241,1.0,0.4954,-0.0072,0.3,0.1982,0.4909,1.835
137.45,3,RETURN_HOME,2.5746,12.4662,-1.9868,1.465,-0.0736,-1.8236,1.465,-0.2736,1.4903,0.0,0.0,12.7293,2.8060102462768555,2.8041188716888428,10.13,0,1,180,1.01,-0.019,1.0,0.4968,-0.0057,0.3,0.1987,0.493,1.7873
137.501,3,RETURN_HOME,2.6437,12.4605,-2.0016,1.4674,-0.0916,-1.8161,1.4674,-0.2916,1.496,0.0,0.0,12.7379,2.808399200439453,2.808399200439453,8.63,0,1,180,1.152,-0.0129,1.0,0.4987,-0.0039,0.3,0.1995,0.4956,1.7385
137.551,3,RETURN_HOME,2.7014,12.4552,-2.0126,1.4696,-0.1063,-1.8088,1.3696,-0.3063,1.4034,0.0,0.0,12.7448,2.8148000240325928,2.8148000240325928,6.13,0,1,180,1.095,0.0064,1.0,0.4678,0.0019,0.3,0.1871,0.4891,1.9283
137.601,3,RETURN_HOME,2.7583,12.448,-2.0211,1.4717,-0.1211,-1.8006,1.3717,-0.3211,1.4088,0.0,0.0,12.75,2.8200254440307617,2.8200254440307617,4.88,0,1,180,1.153,0.0119,1.0,0.4696,0.0036,0.3,0.1878,0.4914,1.8787
137.651,3,RETURN_HOME,2.8268,12.4386,-2.0296,1.4748,-0.1389,-1.7902,1.3748,-0.3389,1.4159,0.0,0.0,12.7557,2.8207342624664307,2.8207342624664307,3.63,0,1,180,1.443,0.0182,1.0,0.472,0.0055,0.3,0.1888,0.4943,1.8258
137.7,3,RETURN_HOME,2.8842,12.4305,-2.0358,1.476,-0.1535,-1.7812,1.376,-0.3535,1.4207,0.0,0.0,12.7607,2.833603858947754,2.833603858947754,0.88,0,1,180,1.034,0.0235,1.0,0.4736,0.007,0.3,0.1894,0.4965,1.7133
137.75,3,RETURN_HOME,2.9539,12.4187,-2.0435,1.4756,-0.1715,-1.7707,1.3756,-0.3715,1.4248,0.0,0.0,12.7652,2.837949752807617,2.837949752807617,-0.63,0,1,180,0.997,0.0303,1.0,0.4749,0.0091,0.3,0.19,0.4991,1.6735
137.8,3,RETURN_HOME,3.0236,12.4064,-2.0502,1.4732,-0.1895,-1.7606,1.3732,-0.3895,1.4274,0.0,0.0,12.7695,2.8470027446746826,2.8470027446746826,-2.13,0,1,180,1.081,0.0373,1.0,0.4758,0.0112,0.3,0.1903,0.5015,1.6374
137.851,3,RETURN_HOME,3.0817,12.3959,-2.055,1.4703,-0.2044,-1.7527,1.3703,-0.4044,1.4287,0.0,0.0,12.7732,2.8603739738464355,2.8603739738464355,-4.88,0,1,180,1.101,0.0433,1.0,0.4762,0.013,0.3,0.1905,0.5035,1.534
137.901,3,RETURN_HOME,3.1425,12.3842,-2.0582,1.4681,-0.2199,-1.7456,1.3681,-0.4199,1.4311,0.0,0.0,12.7767,2.867302656173706,2.867302656173706,-6.13,0,1,180,1.167,0.0493,1.0,0.477,0.0148,0.3,0.1908,0.5056,1.497
137.951,3,RETURN_HOME,3.2151,12.3698,-2.0613,1.4653,-0.2384,-1.7379,1.3653,-0.4384,1.434,0.0,0.0,12.7808,2.8783369064331055,2.8783369064331055,-7.38,0,1,180,1.083,0.0564,1.0,0.478,0.0169,0.3,0.1912,0.5081,1.4609
138.0,3,RETURN_HOME,3.2751,12.3579,-2.0637,1.4628,-0.2537,-1.7324,1.3628,-0.4537,1.4363,0.0,0.0,12.7845,2.8978307247161865,2.8978307247161865,-10.13,0,1,180,1.033,0.0622,1.0,0.4788,0.0187,0.3,0.1915,0.5102,1.3634
138.051,3,RETURN_HOME,3.3343,12.3469,-2.0669,1.4599,-0.268,-1.7277,1.3599,-0.468,1.4382,0.0,0.0,12.7892,3.046297311782837,2.903181314468384,-11.14,0,1,180,1.164,0.0676,1.0,0.4794,0.0203,0.3,0.1918,0.512,1.3259
138.101,3,RETURN_HOME,3.4051,12.333,-2.0701,1.4565,-0.2853,-1.7231,1.3565,-0.4853,1.4407,0.0,0.0,12.7944,3.221100330352783,2.9131767749786377,-12.14,0,1,180,1.101,0.0741,1.0,0.4802,0.0222,0.3,0.1921,0.5143,1.2923
138.151,3,RETURN_HOME,3.4642,12.3206,-2.0719,1.4538,-0.3,-1.7203,1.3538,-0.5,1.4432,0.0,0.0,12.7984,3.5879533290863037,2.9363324642181396,-14.64,0,1,180,1.056,0.0796,1.0,0.4811,0.0239,0.3,0.1924,0.5163,1.1965
138.2,3,RETURN_HOME,3.537,12.3041,-2.0724,1.4517,-0.318,-1.7183,1.3517,-0.518,1.4475,0.0,0.0,12.8024,3.7533211708068848,2.947707176208496,-15.39,0,1,180,1.081,0.0859,1.0,0.4825,0.0258,0.3,0.193,0.5188,1.1537
138.251,3,RETURN_HOME,3.6094,12.287,-2.0725,1.4494,-0.3362,-1.7175,1.3494,-0.5362,1.452,0.0,0.0,12.8062,3.913105010986328,2.9560744762420654,-16.39,0,1,180,1.035,0.0923,1.0,0.484,0.0277,0.3,0.1936,0.5213,1.1132
138.3,3,RETURN_HOME,3.6681,12.2718,-2.0731,1.447,-0.3516,-1.718,1.247,-0.5516,1.3635,0.0,0.0,12.8083,6.640910625457764,2.984236001968384,-18.39,0,1,180,0.995,0.1257,1.0,0.4545,0.0377,0.3,0.1818,0.5195,1.3237
138.351,3,RETURN_HOME,3.7249,12.2556,-2.0745,1.4439,-0.3674,-1.7195,1.2439,-0.5674,1.3672,0.0,0.0,12.8092,6.642103672027588,2.9919509887695312,-19.14,0,1,180,1.082,0.1325,1.0,0.4557,0.0397,0.3,0.1823,0.522,1.2847
138.401,3,RETURN_HOME,3.793,12.2357,-2.0757,1.4403,-0.3862,-1.7224,1.2403,-0.5862,1.3718,0.0,0.0,12.8101,6.640596866607666,3.0057592391967773,-19.89,0,1,180,1.114,0.1405,1.0,0.4573,0.0421,0.3,0.1829,0.525,1.2498
138.45,3,RETURN_HOME,3.8494,12.2198,-2.0767,1.4357,-0.4018,-1.7258,1.2357,-0.6018,1.3745,0.0,0.0,12.8118,6.643433570861816,3.030029773712158,-21.39,0,1,180,0.98,0.1475,1.0,0.4582,0.0442,0.3,0.1833,0.5275,1.1692
138.5,3,RETURN_HOME,3.9167,12.2008,-2.0776,1.428,-0.4204,-1.731,1.228,-0.6204,1.3758,0.0,0.0,12.8141,6.643476963043213,3.0474658012390137,-22.15,0,1,180,1.045,0.1565,1.0,0.4586,0.047,0.3,0.1834,0.5304,1.144
138.551,3,RETURN_HOME,3.9839,12.1809,-2.0781,1.418,-0.439,-1.7372,1.218,-0.639,1.3754,0.0,0.0,12.8158,6.64345645904541,3.0646133422851562,-22.65,0,1,180,1.266,0.1662,1.0,0.4585,0.0499,0.3,0.1834,0.5333,1.1245
138.601,3,RETURN_HOME,4.0398,12.1629,-2.0812,1.4087,-0.4547,-1.7432,1.2087,-0.6547,1.3746,0.0,0.0,12.8163,6.642639636993408,3.0847408771514893,-23.9,0,1,180,1.124,0.1749,1.0,0.4582,0.0525,0.3,0.1833,0.5357,1.063
138.651,3,RETURN_HOME,4.1066,12.1404,-2.0849,1.3968,-0.4736,-1.7512,1.1968,-0.6736,1.3733,0.0,0.0,12.8161,6.644725799560547,3.1007115840911865,-24.4,0,1,180,1.632,0.1854,1.0,0.4578,0.0556,0.3,0.1831,0.5387,1.0476
138.701,3,RETURN_HOME,4.1725,12.1173,-2.0874,1.3845,-0.4921,-1.7599,1.1845,-0.6921,1.3719,0.0,0.0,12.8156,6.644589424133301,3.120478630065918,-24.9,0,1,180,1.65,0.1959,1.0,0.4573,0.0588,0.3,0.1829,0.5417,1.0324
138.751,3,RETURN_HOME,4.2147,12.1026,-2.0871,1.3756,-0.5041,-1.7659,1.1756,-0.7041,1.3703,0.0,0.0,12.8155,6.642345905303955,3.142784595489502,-25.9,0,1,180,1.701,0.2031,1.0,0.4568,0.0609,0.3,0.1827,0.5436,0.9844
138.801,3,RETURN_HOME,4.2779,12.0796,-2.0865,1.3625,-0.5223,-1.7753,1.1625,-0.7223,1.3686,0.0,0.0,12.8147,6.643172264099121,3.161161422729492,-26.4,0,1,180,1.731,0.2139,1.0,0.4562,0.0642,0.3,0.1825,0.5467,0.9703
138.851,3,RETURN_HOME,4.3401,12.0553,-2.085,1.3494,-0.5406,-1.785,1.1494,-0.7406,1.3674,0.0,0.0,12.8128,6.6405181884765625,3.176241636276245,-26.65,0,1,180,1.732,0.2249,1.0,0.4558,0.0675,0.3,0.1823,0.5498,0.9607
138.901,3,RETURN_HOME,4.3798,12.0381,-2.0826,1.3404,-0.5532,-1.7917,1.1404,-0.7532,1.3666,0.0,0.0,12.8101,6.64003324508667,3.1864092350006104,-27.15,0,1,180,1.776,0.2326,1.0,0.4555,0.0698,0.3,0.1822,0.552,0.9399
138.951,3,RETURN_HOME,4.4392,12.0115,-2.079,1.3268,-0.5723,-1.8017,1.1268,-0.6723,1.3121,0.0,0.0,12.8056,6.635549068450928,3.217761993408203,-27.9,0,1,180,1.724,0.1829,1.0,0.4374,0.0549,0.3,0.1749,0.5298,0.9055
139.001,3,RETURN_HOME,4.4986,11.984,-2.0755,1.3135,-0.5918,-1.8119,1.1135,-0.6918,1.3109,0.0,0.0,12.8005,6.6351637840271,3.2383735179901123,-28.4,0,1,180,1.684,0.1955,1.0,0.437,0.0587,0.3,0.1748,0.5334,0.8983
139.051,3,RETURN_HOME,4.5476,11.9607,-2.0724,1.3026,-0.608,-1.8203,1.1026,-0.708,1.3103,0.0,0.0,12.796,6.633636951446533,3.2521016597747803,-28.65,0,1,180,1.748,0.206,1.0,0.4368,0.0618,0.3,0.1747,0.5365,0.8845
139.101,3,RETURN_HOME,4.5964,11.9367,-2.0695,1.2917,-0.6222,-1.8288,1.0917,-0.6222,1.2565,0.0,0.0,12.7911,6.627049922943115,3.2796201705932617,-29.4,0,1,180,1.628,0.1499,1.0,0.4188,0.045,0.3,0.1675,0.5125,0.8481
139.151,3,RETURN_HOME,4.6547,11.9075,-2.0683,1.2784,-0.6372,-1.8389,1.0784,-0.6372,1.2526,0.0,0.0,12.7849,6.627587795257568,3.2942752838134766,-29.65,0,1,180,1.598,0.1603,1.0,0.4175,0.0481,0.3,0.167,0.5151,0.841
139.201,3,RETURN_HOME,4.7029,11.8829,-2.0705,1.2669,-0.6483,-1.8471,1.0669,-0.6483,1.2484,0.0,0.0,12.7797,6.621832847595215,3.309128999710083,-30.15,0,1,180,1.79,0.1683,1.0,0.4161,0.0505,0.3,0.1665,0.517,0.8287
139.251,3,RETURN_HOME,4.751,11.8577,-2.0723,1.2555,-0.6566,-1.8552,1.0555,-0.6566,1.243,0.0,0.0,12.7741,6.616075038909912,3.3453989028930664,-30.65,0,1,180,1.681,0.1745,1.0,0.4143,0.0523,0.3,0.1657,0.5181,0.7937
139.301,3,RETURN_HOME,4.8177,11.8208,-2.0751,1.2396,-0.6654,-1.866,1.0396,-0.6654,1.2343,0.0,0.0,12.7648,6.6135993003845215,3.3540995121002197,-31.15,0,1,180,1.631,0.1813,1.0,0.4114,0.0544,0.3,0.1646,0.519,0.7928
139.351,3,RETURN_HOME,4.865,11.7932,-2.0773,1.2282,-0.6707,-1.8735,1.0282,-0.6707,1.2276,0.0,0.0,12.7572,6.609690189361572,3.372108221054077,-31.4,0,1,180,1.68,0.1857,1.0,0.4092,0.0557,0.3,0.1637,0.5194,0.7837
139.401,3,RETURN_HOME,4.9121,11.7655,-2.0791,1.2168,-0.6754,-1.8809,1.0168,-0.6754,1.2207,0.0,0.0,12.7497,6.602170467376709,3.404972791671753,-32.15,0,1,180,1.76,0.1897,1.0,0.4069,0.0569,0.3,0.1628,0.5197,0.7492
139.451,3,RETURN_HOME,4.9667,11.7331,-2.0781,1.2025,-0.6798,-1.8895,1.0025,-0.6798,1.2112,0.0,0.0,12.7411,6.600456714630127,3.419987440109253,-32.41,0,1,180,1.782,0.1942,1.0,0.4037,0.0583,0.3,0.1615,0.5198,0.7488
139.501,3,RETURN_HOME,5.0109,11.7066,-2.0751,1.1901,-0.683,-1.8963,0.9901,-0.683,1.2029,0.0,0.0,12.7339,6.598062515258789,3.4406821727752686,-32.91,0,1,180,1.899,0.1981,1.0,0.401,0.0594,0.3,0.1604,0.5198,0.7395
139.551,3,RETURN_HOME,5.0551,11.6798,-2.0722,1.178,-0.6865,-1.9028,0.978,-0.5865,1.1403,0.0,0.0,12.7268,6.592117786407471,3.4767470359802246,-33.41,0,1,180,1.713,0.1314,1.0,0.3801,0.0394,0.3,0.152,0.4915,0.7176
139.601,3,RETURN_HOME,5.1067,11.6471,-2.0679,1.1625,-0.6917,-1.9103,0.9625,-0.6917,1.1853,0.0,0.0,12.7174,6.590155601501465,3.495115280151367,-33.66,0,1,180,1.705,0.2084,1.0,0.3951,0.0625,0.3,0.158,0.5206,0.714
139.651,3,RETURN_HOME,5.1577,11.6138,-2.0636,1.147,-0.6973,-1.9175,0.947,-0.6973,1.176,0.0,0.0,12.7076,6.588832378387451,3.5106780529022217,-34.16,0,1,180,1.636,0.215,1.0,0.392,0.0645,0.3,0.1568,0.5213,0.7176
139.702,3,RETURN_HOME,5.1917,11.5916,-2.0609,1.137,-0.6993,-1.922,0.937,-0.6993,1.1692,0.0,0.0,12.7011,6.58412504196167,3.5408740043640137,-34.91,0,1,180,2.106,0.2183,1.0,0.3897,0.0655,0.3,0.1559,0.5214,0.6872
139.751,3,RETURN_HOME,5.2533,11.5521,-2.0595,1.1206,-0.7032,-1.9298,0.9206,-0.7032,1.1585,0.0,0.0,12.6905,6.580887794494629,3.56235933303833,-35.16,0,1,180,1.794,0.2236,1.0,0.3862,0.0671,0.3,0.1545,0.5215,0.6922
139.801,3,RETURN_HOME,5.2976,11.5236,-2.0592,1.1093,-0.7066,-1.9351,0.9093,-0.7066,1.1516,0.0,0.0,12.683,6.580350399017334,3.5797863006591797,-35.66,0,1,180,1.626,0.2276,1.0,0.3839,0.0683,0.3,0.1535,0.5218,0.6844
139.851,3,RETURN_HOME,5.3416,11.4951,-2.0588,1.0981,-0.7104,-1.9402,0.8981,-0.6104,1.0859,0.0,0.0,12.6756,6.576716899871826,3.6183362007141113,-36.16,0,1,180,1.673,0.1613,1.0,0.362,0.0484,0.3,0.1448,0.4932,0.6633
139.901,3,RETURN_HOME,5.3947,11.4645,-2.0571,1.085,-0.7138,-1.9461,0.885,-0.7138,1.137,0.0,0.0,12.6703,6.573606491088867,3.6322221755981445,111.73,0,1,180,1.94,0.2366,1.0,0.379,0.071,0.3,0.1516,0.5226,0.6566
139.951,3,RETURN_HOME,5.4384,11.4386,-2.0557,1.074,-0.7172,-1.9509,0.874,-0.7172,1.1307,0.0,0.0,12.6656,6.570995807647705,3.592547655105591,111.48,0,1,180,1.626,0.241,1.0,0.3769,0.0723,0.3,0.1508,0.523,0.6492
140.001,3,RETURN_HOME,5.4901,11.4072,-2.0536,1.0609,-0.7186,-1.9563,0.8609,-0.6186,1.0601,0.0,0.0,12.6596,6.5672607421875,3.524951934814453,111.73,0,1,180,1.701,0.1736,1.0,0.3534,0.0521,0.3,0.1414,0.4934,0.6326
140.051,3,RETURN_HOME,5.5402,11.3768,-2.0495,1.0469,-0.72,-1.9616,0.8469,-0.72,1.1115,0.0,0.0,12.654,6.565057754516602,3.4918930530548096,112.48,0,1,180,1.755,0.2488,1.0,0.3705,0.0746,0.3,0.1482,0.5228,0.6312
140.101,3,RETURN_HOME,5.5815,11.3508,-2.0463,1.0351,-0.7222,-1.9656,0.8351,-0.7222,1.1041,0.0,0.0,12.6488,6.561567783355713,3.4546737670898438,112.23,0,1,180,1.587,0.2532,1.0,0.368,0.076,0.3,0.1472,0.5232,0.629
140.151,3,RETURN_HOME,5.6227,11.3251,-2.0439,1.0236,-0.7225,-1.9696,0.8236,-0.7225,1.0956,0.0,0.0,12.6441,6.561169624328613,3.3880884647369385,112.98,0,1,180,1.787,0.2564,1.0,0.3652,0.0769,0.3,0.1461,0.523,0.6037
140.201,3,RETURN_HOME,5.6732,11.2965,-2.0429,1.0102,-0.7224,-1.9744,0.8102,-0.7224,1.0855,0.0,0.0,12.641,6.559289932250977,3.3558783531188965,112.48,0,1,180,1.587,0.2598,1.0,0.3618,0.0779,0.3,0.1447,0.5227,0.6086
140.251,3,RETURN_HOME,5.7228,11.2671,-2.0421,0.9966,-0.7237,-1.9793,0.7966,-0.7237,1.0762,0.0,0.0,12.6372,6.556565284729004,3.3202176094055176,112.23,0,1,180,1.782,0.2643,1.0,0.3587,0.0793,0.3,0.1435,0.5228,0.6115
140.301,3,RETURN_HOME,5.7617,11.241,-2.0412,0.9846,-0.7262,-1.9833,0.7846,-0.7262,1.0691,0.0,0.0,12.6316,6.555406093597412,3.2558438777923584,113.98,0,1,180,1.582,0.2697,1.0,0.3564,0.0809,0.3,0.1426,0.5235,0.5872
140.351,3,RETURN_HOME,5.8066,11.2083,-2.04,0.9698,-0.7305,-1.9881,0.7698,-0.7305,1.0613,0.0,0.0,12.6231,6.551194667816162,3.225417137145996,113.23,0,1,180,1.853,0.2775,1.0,0.3538,0.0833,0.3,0.1415,0.5248,0.5961
140.401,3,RETURN_HOME,5.8436,11.1804,-2.039,0.9574,-0.7347,-1.9919,0.7574,-0.7347,1.0552,0.0,0.0,12.6154,6.549333095550537,3.190112590789795,112.48,0,1,180,1.715,0.2846,1.0,0.3517,0.0854,0.3,0.1407,0.5261,0.5992
140.451,3,RETURN_HOME,5.8784,11.1509,-2.0397,0.9446,-0.7396,-1.9957,0.7446,-0.7396,1.0495,0.0,0.0,12.6055,6.544796466827393,3.1284494400024414,113.73,0,1,180,1.57,0.2925,1.0,0.3498,0.0878,0.3,0.1399,0.5277,0.5833
140.501,3,RETURN_HOME,5.9186,11.1144,-2.0417,0.929,-0.7456,-2.0002,0.729,-0.7456,1.0428,0.0,0.0,12.5921,6.543997764587402,3.099717378616333,113.73,0,1,180,1.901,0.3025,1.0,0.3476,0.0908,0.3,0.139,0.5298,0.5969
140.551,3,RETURN_HOME,5.9587,11.0777,-2.0433,0.9134,-0.7514,-2.0048,0.7134,-0.7514,1.0362,0.0,0.0,12.5786,6.543179988861084,3.065951347351074,114.48,0,1,180,1.586,0.3125,1.0,0.3454,0.0938,0.3,0.1382,0.5319,0.6064
140.602,3,RETURN_HOME,5.9907,11.0475,-2.0456,0.9002,-0.7555,-2.0087,0.7002,-0.7555,1.03,0.0,0.0,12.5673,6.538207530975342,3.008061647415161,114.48,0,1,180,2.668,0.3207,1.0,0.3433,0.0962,0.3,0.1373,0.5336,0.5924
140.651,3,RETURN_HOME,6.0287,11.0113,-2.0481,0.8844,-0.76,-2.0134,0.6844,-0.86,1.0991,0.0,0.0,12.5537,6.5351409912109375,2.9790751934051514,116.23,0,1,180,1.555,0.3873,1.0,0.3664,0.1162,0.3,0.1465,0.5627,0.6059
140.701,3,RETURN_HOME,6.0604,10.9809,-2.0497,0.8713,-0.7637,-2.0173,0.6713,-0.8637,1.094,0.0,0.0,12.5423,6.534607410430908,2.945841073989868,114.73,0,1,180,1.592,0.3947,1.0,0.3647,0.1184,0.3,0.1459,0.5643,0.6141
140.751,3,RETURN_HOME,6.0942,10.9505,-2.0527,0.8598,-0.767,-2.0212,0.6598,-0.867,1.0895,0.0,0.0,12.5321,6.529933452606201,2.89111328125,114.48,0,1,180,1.611,0.4009,1.0,0.3632,0.1203,0.3,0.1453,0.5655,0.6002
140.801,3,RETURN_HOME,6.1343,10.9138,-2.0556,0.8457,-0.7733,-2.0258,0.6457,-0.8733,1.0861,0.0,0.0,12.5196,6.532229423522949,2.8640871047973633,115.73,0,1,180,1.566,0.4096,1.0,0.362,0.1229,0.3,0.1448,0.5677,0.6106
140.851,3,RETURN_HOME,6.1674,10.8829,-2.0575,0.8339,-0.7807,-2.0296,0.6339,-0.8807,1.0851,0.0,0.0,12.5089,6.533612251281738,2.831312656402588,115.48,0,1,180,1.711,0.4181,1.0,0.3617,0.1254,0.3,0.1447,0.5701,0.6159
140.901,3,RETURN_HOME,6.2003,10.8516,-2.058,0.8224,-0.7899,-2.0334,0.6224,-0.8899,1.086,0.0,0.0,12.4981,6.536221027374268,2.779421806335449,115.73,0,1,180,1.607,0.4272,1.0,0.362,0.1281,0.3,0.1448,0.573,0.6013
140.951,3,RETURN_HOME,6.2394,10.8135,-2.0581,0.8085,-0.8021,-2.0378,0.6085,-0.9021,1.0882,0.0,0.0,12.4845,6.541502475738525,2.7526724338531494,116.48,0,1,180,1.963,0.4386,1.0,0.3627,0.1316,0.3,0.1451,0.5767,0.6121
141.001,3,RETURN_HOME,6.2783,10.7755,-2.0556,0.7946,-0.8145,-2.0423,0.5946,-0.9145,1.0908,0.0,0.0,12.4711,6.543146133422852,2.7241649627685547,116.48,0,1,180,1.544,0.45,1.0,0.3636,0.135,0.3,0.1454,0.5804,0.6217
141.051,3,RETURN_HOME,6.3109,10.7444,-2.0501,0.7828,-0.8244,-2.0461,0.5828,-0.9244,1.0928,0.0,0.0,12.4607,6.552493572235107,2.673065185546875,116.73,0,1,180,1.462,0.4593,1.0,0.3643,0.1378,0.3,0.1457,0.5835,0.6095
141.101,3,RETURN_HOME,6.3493,10.7062,-2.0439,0.7685,-0.8363,-2.0507,0.5685,-0.9363,1.0954,0.0,0.0,12.4474,6.560491561889648,2.649160385131836,117.48,0,1,180,1.436,0.4705,1.0,0.3651,0.1411,0.3,0.146,0.5872,0.6206
141.151,3,RETURN_HOME,6.3851,10.6675,-2.0392,0.753,-0.8481,-2.0554,0.553,-0.9481,1.0976,0.0,0.0,12.4324,6.565685749053955,2.6206777095794678,116.98,0,1,180,1.41,0.4824,1.0,0.3659,0.1447,0.3,0.1463,0.5911,0.6378
141.201,3,RETURN_HOME,6.4131,10.6348,-2.0362,0.7393,-0.8578,-2.0593,0.5393,-0.9578,1.0992,0.0,0.0,12.4188,6.58182954788208,2.573636770248413,116.98,0,1,180,1.512,0.4928,1.0,0.3664,0.1479,0.3,0.1466,0.5944,0.6405
141.251,3,RETURN_HOME,6.4463,10.5948,-2.0329,0.7229,-0.8694,-2.0641,0.5229,-0.9694,1.1015,0.0,0.0,12.4018,6.589326858520508,2.5491371154785156,116.23,0,1,180,1.351,0.5051,1.0,0.3709,0.1515,0.3,0.1484,0.5999,0.6614
141.301,3,RETURN_HOME,6.4784,10.5558,-2.0286,0.7061,-0.8801,-2.0689,0.5061,-0.9801,1.1031,0.0,0.0,12.3853,6.621953010559082,2.500352382659912,118.73,0,1,180,1.315,0.5173,1.0,0.3804,0.1552,0.3,0.1522,0.6074,0.6674
141.351,3,RETURN_HOME,6.5097,10.5168,-2.0242,0.6894,-0.8905,-2.0736,0.4894,-0.9905,1.1048,0.0,0.0,12.3685,6.643794059753418,2.477832794189453,119.49,0,1,180,1.52,0.5292,1.0,0.3898,0.1588,0.3,0.1559,0.6147,0.6916
141.401,3,RETURN_HOME,6.5405,10.4767,-2.0208,0.6728,-0.9013,-2.0784,0.4728,-1.0013,1.1073,0.0,0.0,12.3507,7.886952877044678,2.4298694133758545,119.49,0,1,180,1.411,0.5409,1.0,0.3993,0.1623,0.3,0.1597,0.622,0.7013
141.451,3,RETURN_HOME,6.5701,10.4357,-2.0199,0.6561,-0.9125,-2.0833,0.4561,-1.0125,1.1105,0.0,0.0,12.3317,7.865443229675293,2.40962553024292,119.74,0,1,180,1.447,0.5527,1.0,0.4092,0.1658,0.3,0.1637,0.6295,0.724
141.501,3,RETURN_HOME,6.5993,10.3937,-2.0192,0.6395,-0.9239,-2.0881,0.4395,-1.1239,1.2068,0.0,0.0,12.3118,7.8457770347595215,2.3879237174987793,118.48,0,1,180,1.388,0.591,1.0,0.4755,0.1773,0.3,0.1902,0.6675,0.744
141.551,3,RETURN_HOME,6.6287,10.3543,-2.0158,0.6232,-0.9338,-2.0928,0.4232,-1.1338,1.2102,0.0,0.0,12.2944,7.799191951751709,2.342639446258545,118.48,0,1,180,1.504,0.6005,1.0,0.4845,0.1801,0.3,0.1938,0.6739,0.7548
141.602,3,RETURN_HOME,6.6581,10.3169,-2.0103,0.6069,-0.9426,-2.0975,0.4069,-1.1426,1.2129,0.0,0.0,12.2788,7.778855323791504,2.324799060821533,119.99,0,1,180,2.226,0.6096,1.0,0.4929,0.1829,0.3,0.1972,0.68,0.7787
141.651,3,RETURN_HOME,6.6867,10.278,-2.0057,0.5904,-0.9546,-2.1021,0.3904,-1.1546,1.2188,0.0,0.0,12.2617,7.733516216278076,2.284832000732422,121.24,0,1,180,1.551,0.6194,1.0,0.5033,0.1858,0.3,0.2013,0.6871,0.7906
141.701,3,RETURN_HOME,6.7122,10.2391,-2.0022,0.5731,-0.9687,-2.1068,0.3731,-1.1687,1.2268,0.0,0.0,12.2431,7.710276126861572,2.2631473541259766,120.24,0,1,180,1.813,0.63,1.0,0.5152,0.189,0.3,0.2061,0.6951,0.8137
141.751,3,RETURN_HOME,6.7368,10.1988,-1.9994,0.5558,-0.9848,-2.1113,0.3558,-1.1848,1.2371,0.0,0.0,12.2229,7.663288116455078,2.226259708404541,120.49,0,1,180,1.568,0.6406,1.0,0.5284,0.1922,0.3,0.2113,0.7035,0.8337
141.801,3,RETURN_HOME,6.7623,10.1569,-1.9973,0.5391,-1.0023,-2.1156,0.3391,-1.2023,1.2492,0.0,0.0,12.2021,7.639883518218994,2.206989288330078,120.49,0,1,180,1.502,0.6507,1.0,0.5419,0.1952,0.3,0.2168,0.712,0.8629
141.851,3,RETURN_HOME,6.7896,10.1136,-1.996,0.5231,-1.0202,-2.1197,0.3231,-1.2202,1.2622,0.0,0.0,12.1812,7.586660861968994,2.170254945755005,121.49,0,1,180,1.363,0.6599,1.0,0.5553,0.198,0.3,0.2221,0.7201,0.882
141.901,3,RETURN_HOME,6.8159,10.0686,-1.9951,0.5073,-1.0384,-2.1237,0.3073,-1.2384,1.276,0.0,0.0,12.1587,7.559353351593018,2.1539618968963623,121.24,0,1,180,1.352,0.6687,1.0,0.5689,0.2006,0.3,0.2275,0.7282,0.9072
141.951,3,RETURN_HOME,6.8401,10.0217,-2.0003,0.4905,-1.0571,-2.1276,0.2905,-1.2571,1.2902,0.0,0.0,12.1335,7.502904415130615,2.1188526153564453,122.24,0,1,180,1.482,0.6778,1.0,0.583,0.2033,0.3,0.2332,0.7366,0.931
142.001,3,RETURN_HOME,6.863,9.9732,-2.0076,0.4733,-1.0759,-2.1315,0.2733,-1.2759,1.3049,0.0,0.0,12.1064,7.475867748260498,2.1032042503356934,122.74,0,1,180,1.404,0.6868,1.0,0.5974,0.206,0.3,0.239,0.745,0.9658
142.051,3,RETURN_HOME,6.8851,9.9243,-2.0142,0.4563,-1.094,-2.1353,0.2563,-1.294,1.3192,0.0,0.0,12.0788,7.444926738739014,2.0878260135650635,121.49,0,1,180,1.437,0.6952,1.0,0.6114,0.2086,0.3,0.2446,0.7531,0.9933
142.101,3,RETURN_HOME,6.9061,9.8787,-2.0212,0.4395,-1.1096,-2.1391,0.2395,-1.3096,1.3313,0.0,0.0,12.0534,7.381624221801758,2.0550291538238525,120.99,0,1,180,1.567,0.7031,1.0,0.6241,0.2109,0.3,0.2496,0.7606,1.0174
142.151,3,RETURN_HOME,6.9264,9.8314,-2.0271,0.4229,-1.1255,-2.143,0.2229,-1.3255,1.3441,0.0,0.0,12.0263,7.352265357971191,2.0413131713867188,123.24,0,1,180,1.625,0.7107,1.0,0.6368,0.2132,0.3,0.2547,0.7679,1.0482
142.201,3,RETURN_HOME,6.9471,9.7828,-2.0311,0.4066,-1.1417,-2.1467,0.2066,-1.3417,1.3575,0.0,0.0,11.9985,7.290374755859375,2.0134692192077637,124.24,0,1,180,1.623,0.7177,1.0,0.6495,0.2153,0.3,0.2598,0.7751,1.078
142.251,3,RETURN_HOME,6.9679,9.7332,-2.0335,0.3905,-1.1581,-2.1505,0.1905,-1.3581,1.3714,0.0,0.0,11.9702,7.255236625671387,1.9979512691497803,124.49,0,1,180,1.531,0.7244,1.0,0.6623,0.2173,0.3,0.2649,0.7822,1.1056
142.301,3,RETURN_HOME,6.9877,9.682,-2.0351,0.3743,-1.1752,-2.1544,0.1743,-1.3752,1.3862,0.0,0.0,11.9402,7.191579818725586,1.9719442129135132,124.49,0,1,180,1.49,0.7309,1.0,0.6754,0.2193,0.3,0.2702,0.7894,1.1319
142.351,3,RETURN_HOME,7.001,9.6259,-2.0392,0.3559,-1.1941,-2.1583,0.1559,-1.3941,1.4028,0.0,0.0,11.9026,7.158958435058594,1.9585448503494263,123.74,0,1,180,1.537,0.7384,1.0,0.6905,0.2215,0.3,0.2762,0.7977,1.1674
142.401,3,RETURN_HOME,7.013,9.5681,-2.0429,0.3372,-1.2135,-2.1623,0.1372,-1.4135,1.4202,0.0,0.0,11.863,7.087728023529053,1.9343181848526,123.49,0,1,180,1.508,0.7457,1.0,0.706,0.2237,0.3,0.2824,0.8061,1.2058
142.451,3,RETURN_HOME,7.0239,9.5189,-2.0455,0.3223,-1.2298,-2.1656,0.1223,-1.4298,1.435,0.0,0.0,11.8299,7.051124572753906,1.9233707189559937,124.49,0,1,180,1.542,0.7511,1.0,0.7186,0.2253,0.3,0.2874,0.8128,1.2378
142.501,3,RETURN_HOME,7.0441,9.448,-2.0499,0.3037,-1.2531,-2.1701,0.1037,-1.4531,1.4568,0.0,0.0,11.7849,7.017490386962891,1.9119590520858765,123.99,0,1,180,1.668,0.7571,1.0,0.7353,0.2271,0.3,0.2941,0.8212,1.2732
142.552,3,RETURN_HOME,7.0576,9.3966,-2.0522,0.2904,-1.2697,-2.1733,0.0904,-1.4697,1.4725,0.0,0.0,11.7519,6.940873622894287,1.889227271080017,124.74,0,1,180,1.605,0.7612,1.0,0.7472,0.2284,0.3,0.2989,0.8273,1.298
142.601,3,RETURN_HOME,7.0752,9.3344,-2.0537,0.275,-1.2895,-2.1771,0.075,-1.4895,1.4914,0.0,0.0,11.7128,6.903492450714111,1.8805075883865356,124.99,0,1,180,1.513,0.7656,1.0,0.7612,0.2297,0.3,0.3045,0.8341,1.326
142.651,3,RETURN_HOME,7.0937,9.2715,-2.0541,0.2599,-1.3093,-2.181,0.0599,-1.4,1.4013,0.0,0.0,11.674,6.824648380279541,1.8616572618484497,123.49,0,1,180,1.496,0.7675,1.0,0.717,0.2303,0.3,0.2868,0.8171,1.3653
142.701,3,RETURN_HOME,7.1106,9.2077,-2.0538,0.2442,-1.3293,-2.1849,0.0442,-1.4,1.4007,0.0,0.0,11.6337,6.78682279586792,1.8524539470672607,125.24,0,1,180,1.381,0.7718,1.0,0.7207,0.2315,0.3,0.2883,0.8198,1.3985
142.751,3,RETURN_HOME,7.1253,9.1402,-2.0509,0.2275,-1.3503,-2.1888,0.0275,-1.4,1.4003,0.0,0.0,11.5894,6.746507167816162,1.844016432762146,124.74,0,1,180,1.421,0.7765,1.0,0.7248,0.2329,0.3,0.2899,0.8229,1.4348
142.802,3,RETURN_HOME,7.1386,9.0717,-2.0474,0.2105,-1.3687,-2.1927,0.0105,-1.4,1.4,0.0,0.0,11.5436,6.663535118103027,1.8275251388549805,124.74,0,1,180,1.834,0.7812,1.0,0.7291,0.2344,0.3,0.2917,0.826,1.4789
142.851,3,RETURN_HOME,7.1486,9.0023,-2.0431,0.1924,-1.384,-2.1968,-0.0076,-1.4,1.4,0.0,0.0,11.4954,6.620582103729248,1.8212776184082031,124.24,0,1,180,1.364,0.7865,1.0,0.7341,0.2359,0.3,0.2936,0.8296,1.5158
142.901,3,RETURN_HOME,7.1532,8.9435,-2.0383,0.1758,-1.3947,-2.2004,-0.0242,-1.4,1.4002,0.0,0.0,11.4522,6.538242340087891,1.8082503080368042,127.74,0,1,180,1.51,0.7916,1.0,0.7389,0.2375,0.3,0.2956,0.8331,1.5112
142.95,3,RETURN_HOME,7.1583,8.8728,-2.0331,0.156,-1.4054,-2.2047,-0.044,-1.4,1.4007,0.0,0.0,11.4003,6.4914350509643555,1.8015531301498413,125.99,0,1,180,0.977,0.7976,1.0,0.7448,0.2393,0.3,0.2979,0.8372,1.51
143.001,3,RETURN_HOME,7.1623,8.8023,-2.0281,0.1361,-1.4143,-2.2093,-0.0639,-1.4,1.4015,0.0,0.0,11.3481,6.407259464263916,1.790666103363037,125.49,0,1,180,1.082,0.8036,1.0,0.7508,0.2411,0.3,0.3003,0.8414,1.5026
143.05,3,RETURN_HOME,7.1653,8.7318,-2.0233,0.1162,-1.4221,-2.2139,-0.0838,-1.4,1.4025,0.0,0.0,11.2954,6.366569519042969,1.7848155498504639,127.24,0,1,180,1.024,0.8096,1.0,0.757,0.2429,0.3,0.3028,0.8457,1.4362
143.1,3,RETURN_HOME,7.1679,8.6613,-2.0192,0.0966,-1.4289,-2.2186,-0.1034,-1.4,1.4038,0.0,0.0,11.2426,6.3209028244018555,1.7801365852355957,126.99,0,1,180,0.882,0.8153,1.0,0.763,0.2446,0.3,0.3052,0.8498,1.3672
143.15,3,RETURN_HOME,7.169,8.5992,-2.016,0.0801,-1.4356,-2.2224,-0.1199,-1.4,1.4051,0.0,0.0,11.1956,6.235506057739258,1.7744197845458984,126.24,0,1,180,0.965,0.8199,1.0,0.7681,0.246,0.3,0.3072,0.8532,1.2663
143.2,3,RETURN_HOME,7.1696,8.5241,-2.0127,0.0606,-1.4434,-2.2269,-0.1394,-1.4,1.4069,0.0,0.0,11.1384,6.195452690124512,1.7699953317642212,127.24,0,1,180,1.003,0.8253,1.0,0.7741,0.2476,0.3,0.3096,0.8572,1.2038
143.251,3,RETURN_HOME,7.1695,8.4494,-2.0108,0.0411,-1.4504,-2.2314,-0.1589,-1.4,1.409,0.0,0.0,11.0812,6.10244083404541,1.7649028301239014,126.99,0,1,180,1.052,0.8306,1.0,0.7802,0.2492,0.3,0.3121,0.8613,1.0948
143.301,3,RETURN_HOME,7.168,8.3869,-2.0135,0.0245,-1.4558,-2.235,-0.1755,-1.4,1.411,0.0,0.0,11.0327,6.061029434204102,1.7624033689498901,128.24,0,1,180,1.02,0.8351,1.0,0.7855,0.2505,0.3,0.3142,0.8647,1.0333
143.351,3,RETURN_HOME,7.1654,8.3,-2.0168,0.0016,-1.4622,-2.2402,-0.1984,-1.3,1.3151,0.0,0.0,10.9651,6.018138885498047,1.7615858316421509,127.49,0,1,180,1.145,0.8469,1.0,0.7425,0.2541,0.3,0.297,0.8511,1.2338
143.4,3,RETURN_HOME,7.1641,8.2381,-2.0184,-0.0142,-1.4658,-2.244,-0.2142,-1.3,1.3175,0.0,0.0,10.9175,5.92665958404541,1.7593441009521484,126.74,0,1,180,0.918,0.8512,1.0,0.7477,0.2554,0.3,0.2991,0.8544,1.1286
143.45,3,RETURN_HOME,7.1638,8.164,-2.0194,-0.0322,-1.4696,-2.2485,-0.2322,-1.3,1.3206,0.0,0.0,10.8614,5.883419036865234,1.7592638731002808,130.0,0,1,180,0.868,0.8559,1.0,0.7536,0.2568,0.3,0.3014,0.8582,1.0661
143.501,3,RETURN_HOME,7.1624,8.0903,-2.0201,-0.05,-1.4702,-2.2529,-0.25,-1.3,1.3238,0.0,0.0,10.8052,5.790371417999268,1.7582318782806396,129.75,0,1,180,1.063,0.8605,1.0,0.7594,0.2581,0.3,0.3038,0.8619,0.9569
143.55,3,RETURN_HOME,7.1563,8.0177,-2.0185,-0.0694,-1.4673,-2.2574,-0.2694,-1.3,1.3276,0.0,0.0,10.7469,5.748224258422852,1.7594765424728394,129.75,0,1,180,0.952,0.8656,1.0,0.7661,0.2597,0.3,0.3065,0.8661,0.8967
143.6,3,RETURN_HOME,7.1489,7.9457,-2.0166,-0.0891,-1.4621,-2.262,-0.2891,-1.2,1.2343,0.0,0.0,10.6883,5.658466339111328,1.7625840902328491,130.25,0,1,180,1.019,0.8794,1.0,0.7236,0.2638,0.3,0.2894,0.8533,1.0753
143.651,3,RETURN_HOME,7.1419,7.8736,-2.0146,-0.1087,-1.4561,-2.2666,-0.3087,-1.2,1.2391,0.0,0.0,10.6302,5.611280918121338,1.7643362283706665,130.5,0,1,180,1.115,0.8847,1.0,0.7308,0.2654,0.3,0.2923,0.8577,1.0109
143.7,3,RETURN_HOME,7.1384,7.8118,-2.0128,-0.124,-1.4522,-2.2704,-0.324,-1.2,1.243,0.0,0.0,10.5821,5.566756248474121,1.7669947147369385,129.24,0,1,180,1.048,0.8885,1.0,0.7363,0.2666,0.3,0.2945,0.8611,0.9558
143.751,3,RETURN_HOME,7.1332,7.7384,-2.0108,-0.1421,-1.4451,-2.2749,-0.3421,-1.2,1.2478,0.0,0.0,10.5245,5.481092929840088,1.7733110189437866,130.5,0,1,180,1.057,0.8929,1.0,0.7428,0.2679,0.3,0.2971,0.865,0.8567
143.801,3,RETURN_HOME,7.1282,7.6775,-2.0094,-0.1573,-1.4376,-2.2788,-0.3573,-1.2,1.2521,0.0,0.0,10.4764,5.4319257736206055,1.7773336172103882,130.0,0,1,180,1.062,0.8965,1.0,0.7483,0.269,0.3,0.2993,0.8683,0.797
143.851,3,RETURN_HOME,7.1219,7.6033,-2.0085,-0.1752,-1.4277,-2.2835,-0.2752,-1.2,1.2312,0.0,0.0,10.4178,5.391300201416016,1.7820018529891968,130.25,0,1,180,1.043,0.8642,1.0,0.7093,0.2593,0.3,0.2837,0.843,0.785
143.901,3,RETURN_HOME,7.1158,7.5425,-2.0079,-0.1906,-1.4187,-2.2874,-0.1906,-1.2,1.215,0.0,0.0,10.3693,5.347108840942383,1.78535795211792,131.25,0,1,180,1.571,0.826,1.0,0.6691,0.2478,0.3,0.2676,0.8154,0.8484
143.951,3,RETURN_HOME,7.1087,7.4824,-2.0086,-0.2068,-1.4097,-2.2915,-0.2068,-1.2,1.2177,0.0,0.0,10.3208,5.2572340965271,1.797541618347168,131.25,0,1,180,1.139,0.8314,1.0,0.6749,0.2494,0.3,0.27,0.8194,0.7432
144.0,3,RETURN_HOME,7.1004,7.4229,-2.011,-0.2223,-1.4007,-2.2958,-0.1223,-1.2,1.2062,0.0,0.0,10.2721,5.216254711151123,1.8014522790908813,131.0,0,1,180,1.051,0.789,1.0,0.6345,0.2367,0.3,0.2538,0.7905,0.8657
144.051,3,RETURN_HOME,7.0898,7.3526,-2.0133,-0.2366,-1.39,-2.301,-0.4366,-1.1,1.1835,0.0,0.0,10.214,5.173216342926025,1.8074332475662231,131.0,0,1,180,1.742,0.9252,1.0,0.7299,0.2775,0.3,0.292,0.8695,0.802
144.101,3,RETURN_HOME,7.0792,7.2953,-2.015,-0.245,-1.3814,-2.3053,-0.445,-1.1,1.1866,0.0,0.0,10.1655,5.087738990783691,1.8200958967208862,130.75,0,1,180,1.675,0.9264,1.0,0.7329,0.2779,0.3,0.2931,0.8711,0.714
144.151,3,RETURN_HOME,7.0669,7.2393,-2.0164,-0.2484,-1.3731,-2.3093,-0.3484,-1.1,1.1539,0.0,0.0,10.1168,5.044966697692871,1.8263508081436157,131.5,0,1,180,1.925,0.8931,1.0,0.687,0.2679,0.3,0.2748,0.8427,0.6811
144.201,3,RETURN_HOME,7.0548,7.1837,-2.0176,-0.2531,-1.3648,-2.3127,-0.2531,-1.1,1.1288,0.0,0.0,10.0686,5.005578994750977,1.83211350440979,130.5,0,1,180,1.679,0.8524,1.0,0.6415,0.2557,0.3,0.2566,0.8123,0.7209
144.252,3,RETURN_HOME,7.0437,7.1182,-2.0155,-0.262,-1.3538,-2.3168,-0.262,-1.1,1.1308,0.0,0.0,10.0141,4.964371204376221,1.8406411409378052,132.25,0,1,180,1.724,0.8545,1.0,0.6441,0.2563,0.3,0.2577,0.814,0.6718
144.301,3,RETURN_HOME,7.0366,7.0645,-2.0113,-0.2707,-1.3432,-2.3203,-0.1707,-1.1,1.1132,0.0,0.0,9.971,4.874451160430908,1.8581050634384155,133.25,0,1,180,1.578,0.8083,1.0,0.5999,0.2425,0.3,0.2399,0.7824,0.6941
144.351,3,RETURN_HOME,7.0272,7.0006,-2.0066,-0.2806,-1.329,-2.3248,-0.0806,-1.1,1.1029,0.0,0.0,9.9191,4.835157871246338,1.8652362823486328,132.25,0,1,180,1.648,0.7556,1.0,0.5556,0.2267,0.3,0.2222,0.7489,0.8181
144.401,3,RETURN_HOME,7.0187,6.9476,-2.0058,-0.2878,-1.317,-2.3286,-0.0878,-1.1,1.1035,0.0,0.0,9.8758,4.795141696929932,1.8729771375656128,134.25,0,1,180,1.63,0.7578,1.0,0.5575,0.2273,0.3,0.223,0.7503,0.778
144.451,3,RETURN_HOME,7.0097,6.8949,-2.0067,-0.2925,-1.3052,-2.3325,-0.0925,-1.1,1.1039,0.0,0.0,9.8324,4.709859848022461,1.8890562057495117,132.0,0,1,180,1.597,0.7585,1.0,0.5582,0.2276,0.3,0.2233,0.7508,0.7092
144.501,3,RETURN_HOME,6.9985,6.8323,-2.0075,-0.2923,-1.2915,-2.3371,-0.0923,-1.0915,1.0954,0.0,0.0,9.7806,4.669478416442871,1.8962513208389282,133.25,0,1,180,1.675,0.7564,1.0,0.5524,0.2269,0.3,0.221,0.7479,0.7046
144.551,3,RETURN_HOME,6.9872,6.7719,-2.0077,-0.2866,-1.2786,-2.3413,-0.0866,-1.0786,1.0821,0.0,0.0,9.7304,4.632199287414551,1.9057908058166504,133.5,0,1,180,1.586,0.7512,1.0,0.5419,0.2254,0.3,0.2168,0.7421,0.7208
144.601,3,RETURN_HOME,6.9779,6.7225,-2.0076,-0.2791,-1.2689,-2.3447,-0.0791,-1.0689,1.0718,0.0,0.0,9.6894,4.548023700714111,1.9224348068237305,134.0,0,1,180,1.635,0.745,1.0,0.5324,0.2235,0.3,0.2129,0.7365,0.7024
144.651,3,RETURN_HOME,6.9687,6.6733,-2.0074,-0.2702,-1.2602,-2.3479,-0.0702,-1.0602,1.0626,0.0,0.0,9.6486,4.509493827819824,1.9310433864593506,134.75,0,1,180,1.579,0.7378,1.0,0.5227,0.2213,0.3,0.2091,0.7304,0.7118
144.701,3,RETURN_HOME,6.9559,6.6155,-2.0064,-0.2595,-1.25,-2.3515,-0.0595,-1.05,1.0517,0.0,0.0,9.5994,4.469707489013672,1.9399423599243164,134.75,0,1,180,1.715,0.7291,1.0,0.5111,0.2187,0.3,0.2045,0.7232,0.7084
144.751,3,RETURN_HOME,6.9453,6.5676,-2.0055,-0.2508,-1.2416,-2.3544,-0.0508,-1.0416,1.0428,0.0,0.0,9.5588,4.384357929229736,1.956239104270935,134.75,0,1,180,1.526,0.7216,1.0,0.5017,0.2165,0.3,0.2007,0.7172,0.6448
144.801,3,RETURN_HOME,6.9331,6.5103,-2.0044,-0.2409,-1.2316,-2.3578,-0.0409,-1.0316,1.0324,0.0,0.0,9.5106,4.3454179763793945,1.9629032611846924,133.5,0,1,180,1.682,0.7128,1.0,0.4906,0.2139,0.3,0.1962,0.7101,0.6618
144.851,3,RETURN_HOME,6.9193,6.4543,-1.9996,-0.2323,-1.2203,-2.3612,-0.0323,-1.0203,1.0208,0.0,0.0,9.4623,4.303389072418213,1.969038486480713,134.75,0,1,180,1.628,0.7049,1.0,0.4797,0.2115,0.3,0.1919,0.7033,0.6849
144.901,3,RETURN_HOME,6.9105,6.4171,-1.9967,-0.2267,-1.2127,-2.3635,-0.0267,-1.0127,1.0131,0.0,0.0,9.4305,4.217940330505371,1.9845799207687378,134.5,0,1,180,1.634,0.6995,1.0,0.4724,0.2099,0.3,0.189,0.6988,0.6629
144.951,3,RETURN_HOME,6.8979,6.3615,-1.9929,-0.2184,-1.2012,-2.367,-0.0184,-1.1012,1.1014,0.0,0.0,9.3835,4.177065849304199,1.992082953453064,135.0,0,1,180,1.653,0.6901,1.0,0.5067,0.207,0.3,0.2027,0.7097,0.6069
145.001,3,RETURN_HOME,6.8844,6.3056,-1.9944,-0.2105,-1.1898,-2.3705,-0.0105,-1.0898,1.0899,0.0,0.0,9.3357,4.1401777267456055,1.9963070154190063,134.75,0,1,180,1.556,0.6825,1.0,0.4959,0.2048,0.3,0.1984,0.7031,0.631
145.051,3,RETURN_HOME,6.8739,6.2593,-1.9955,-0.2038,-1.1801,-2.3734,-0.0038,-1.0801,1.0801,0.0,0.0,9.2967,4.055935382843018,2.011920928955078,134.25,0,1,180,1.662,0.6759,1.0,0.4867,0.2028,0.3,0.1947,0.6974,0.6359
145.101,3,RETURN_HOME,6.8637,6.2134,-1.9966,-0.1972,-1.1722,-2.3763,0.0028,-1.0722,1.0722,0.0,0.0,9.2583,4.016882419586182,2.0157039165496826,134.25,0,1,180,1.631,0.6692,1.0,0.4783,0.2008,0.3,0.1913,0.6921,0.6413
145.151,3,RETURN_HOME,6.8516,6.1592,-1.9977,-0.1891,-1.1647,-2.3798,0.0109,-1.0647,1.0647,0.0,0.0,9.2131,3.9772698879241943,2.0213210582733154,134.75,0,1,180,1.56,0.6609,1.0,0.4691,0.1983,0.3,0.1877,0.6859,0.6555
145.201,3,RETURN_HOME,6.8422,6.1142,-1.9985,-0.182,-1.1601,-2.3827,0.018,-1.0601,1.0602,0.0,0.0,9.176,3.896193027496338,2.0341503620147705,134.5,0,1,180,1.674,0.6536,1.0,0.4619,0.1961,0.3,0.1848,0.6808,0.6436
145.251,3,RETURN_HOME,6.8316,6.0603,-2.0003,-0.1729,-1.1557,-2.386,0.0271,-1.0557,1.056,0.0,0.0,9.1323,3.857088088989258,2.0388195514678955,134.75,0,1,180,1.596,0.6442,1.0,0.4535,0.1933,0.3,0.1814,0.6747,0.6652
145.301,3,RETURN_HOME,6.8216,6.007,-2.0035,-0.1632,-1.1518,-2.3893,-0.0632,-0.9518,0.9539,0.0,0.0,9.0894,3.8187365531921387,2.0438544750213623,134.75,0,1,180,1.707,0.7091,1.0,0.451,0.2127,0.3,0.1804,0.6931,0.4623
145.351,3,RETURN_HOME,6.8139,5.9624,-2.0058,-0.1549,-1.1488,-2.392,0.0451,-1.1488,1.1496,0.0,0.0,9.0542,3.733908176422119,2.0524823665618896,135.0,0,1,180,1.633,0.6285,1.0,0.4817,0.1885,0.3,0.1927,0.6812,0.6869
145.401,3,RETURN_HOME,6.8063,5.9155,-2.0064,-0.1464,-1.1467,-2.3946,-0.0464,-0.9467,0.9478,0.0,0.0,9.0177,3.6956851482391357,2.0585944652557373,134.0,0,1,180,1.521,0.6921,1.0,0.4374,0.2076,0.3,0.1749,0.6826,0.4513
145.451,3,RETURN_HOME,6.7975,5.858,-2.006,-0.1382,-1.1426,-2.398,-0.0382,-0.9426,0.9433,0.0,0.0,8.9734,3.6565663814544678,2.061793804168701,135.0,0,1,180,1.549,0.683,1.0,0.4295,0.2049,0.3,0.1718,0.6767,0.4682
145.501,3,RETURN_HOME,6.7907,5.8104,-2.0056,-0.1318,-1.1407,-2.4007,-0.0318,-0.9407,0.9413,0.0,0.0,8.9372,3.571225166320801,2.0696864128112793,134.75,0,1,180,1.575,0.6754,1.0,0.4238,0.2026,0.3,0.1695,0.6722,0.4599
145.551,3,RETURN_HOME,6.7835,5.754,-2.0028,-0.1251,-1.1364,-2.4038,-0.0251,-0.9364,0.9368,0.0,0.0,8.8952,3.53413987159729,2.0734663009643555,135.0,0,1,180,1.571,0.667,1.0,0.4166,0.2001,0.3,0.1666,0.6667,0.4775
145.601,3,RETURN_HOME,6.777,5.6982,-1.9993,-0.1199,-1.1291,-2.4069,-0.0199,-0.9291,0.9293,0.0,0.0,8.8542,3.4932165145874023,2.075493574142456,135.0,0,1,180,1.558,0.6598,1.0,0.4088,0.1979,0.3,0.1635,0.6614,0.4907
145.651,3,RETURN_HOME,6.7718,5.6521,-1.9967,-0.1166,-1.1211,-2.4097,-0.0166,-0.9211,0.9212,0.0,0.0,8.8206,3.4118335247039795,2.0825107097625732,135.0,0,1,180,1.546,0.6545,1.0,0.402,0.1963,0.3,0.1608,0.6571,0.4861
145.701,3,RETURN_HOME,6.7671,5.6068,-1.9943,-0.1136,-1.1115,-2.4127,-0.0136,-0.9115,0.9116,0.0,0.0,8.788,3.373156785964966,2.0851364135742188,135.0,0,1,180,1.567,0.6495,1.0,0.3947,0.1948,0.3,0.1579,0.6527,0.4935
145.751,3,RETURN_HOME,6.7617,5.5531,-1.9918,-0.1105,-1.0991,-2.4164,-0.0105,-0.9991,0.9992,0.0,0.0,8.7498,3.33583664894104,2.09024977684021,135.0,0,1,180,1.54,0.6427,1.0,0.4281,0.1928,0.3,0.1713,0.6641,0.5094
145.801,3,RETURN_HOME,6.7574,5.5089,-1.99,-0.1079,-1.0886,-2.4196,-0.0079,-0.9886,0.9886,0.0,0.0,8.7184,3.2546427249908447,2.0949416160583496,135.0,0,1,180,1.796,0.6381,1.0,0.4205,0.1914,0.3,0.1682,0.6596,0.5072
145.851,3,RETURN_HOME,6.7525,5.4623,-1.9903,-0.1045,-1.0726,-2.4235,-0.0045,-0.9726,0.9726,0.0,0.0,8.6852,3.218846559524536,2.0985910892486572,134.75,0,1,180,1.582,0.6325,1.0,0.4101,0.1898,0.3,0.164,0.6538,0.518
145.901,3,RETURN_HOME,6.7478,5.4157,-1.9907,-0.1012,-1.0593,-2.4276,-0.0012,-0.9593,0.9593,0.0,0.0,8.6523,3.1831507682800293,2.101863384246826,135.0,0,1,180,1.715,0.6269,1.0,0.4009,0.1881,0.3,0.1604,0.6485,0.5279
145.951,3,RETURN_HOME,6.7443,5.3771,-1.991,-0.0982,-1.0508,-2.4311,0.0018,-0.9508,0.9508,0.0,0.0,8.6255,3.1049578189849854,2.106775999069214,134.75,0,1,180,1.533,0.6219,1.0,0.3942,0.1866,0.3,0.1577,0.6443,0.5207
146.001,3,RETURN_HOME,6.7423,5.3392,-1.9911,-0.094,-1.0443,-2.4347,0.006,-0.9443,0.9443,0.0,0.0,8.6004,3.0673205852508545,2.1099793910980225,135.0,0,1,180,1.653,0.6158,1.0,0.3877,0.1847,0.3,0.1551,0.6398,0.5288
146.051,3,RETURN_HOME,6.7399,5.2934,-1.9912,-0.0888,-1.0383,-2.439,0.0112,-1.0383,1.0383,0.0,0.0,8.5701,3.0340962409973145,2.1124396324157715,135.0,0,1,180,1.623,0.6091,1.0,0.4216,0.1827,0.3,0.1687,0.6514,0.5426
146.101,3,RETURN_HOME,6.7386,5.2557,-1.991,-0.0842,-1.0337,-2.4424,0.0158,-1.0337,1.0338,0.0,0.0,8.5458,2.9921624660491943,2.1157619953155518,135.0,0,1,180,1.667,0.6029,1.0,0.4155,0.1809,0.3,0.1662,0.6471,0.5526
146.151,3,RETURN_HOME,6.7397,5.2135,-1.9892,-0.0778,-1.027,-2.4465,0.0222,-1.027,1.0272,0.0,0.0,8.5208,2.9205949306488037,2.1198372840881348,135.0,0,1,180,1.67,0.5946,1.0,0.4072,0.1784,0.3,0.1629,0.6413,0.561
146.202,3,RETURN_HOME,6.7404,5.1777,-1.9879,-0.0731,-1.0233,-2.45,0.0269,-1.0233,1.0236,0.0,0.0,8.4995,2.883669137954712,2.1221749782562256,135.0,0,1,180,1.751,0.5881,1.0,0.4013,0.1764,0.3,0.1605,0.637,0.5684
146.251,3,RETURN_HOME,6.7411,5.1345,-1.9877,-0.0677,-1.021,-2.4542,0.0323,-1.021,1.0215,0.0,0.0,8.4738,2.810386896133423,2.1286163330078125,135.0,0,1,180,1.674,0.5805,1.0,0.3953,0.1741,0.3,0.1581,0.6323,0.5677
146.301,3,RETURN_HOME,6.7416,5.0981,-1.9883,-0.0634,-1.0206,-2.4577,0.0366,-1.0206,1.0213,0.0,0.0,8.4522,2.772350311279297,2.1297245025634766,135.0,0,1,180,1.597,0.5742,1.0,0.3909,0.1723,0.3,0.1564,0.6286,0.5763
146.351,3,RETURN_HOME,6.7419,5.0537,-1.9891,-0.0583,-1.0213,-2.4619,0.0417,-1.0213,1.0222,0.0,0.0,8.4258,2.7394721508026123,2.1298954486846924,135.0,0,1,180,1.624,0.5666,1.0,0.3861,0.17,0.3,0.1545,0.6244,0.5837
146.401,3,RETURN_HOME,6.7418,5.0168,-1.9894,-0.0543,-1.0223,-2.4654,-0.0543,-0.8223,0.8241,0.0,0.0,8.4036,2.6588332653045654,2.137483596801758,135.0,0,1,180,1.488,0.6485,1.0,0.3563,0.1946,0.3,0.1425,0.6371,0.3477
146.451,3,RETURN_HOME,6.7414,4.9723,-1.9896,-0.0495,-1.0239,-2.4695,-0.0495,-0.8239,0.8254,0.0,0.0,8.3768,2.6213018894195557,2.1201915740966797,29.65,0,1,180,1.482,0.6407,1.0,0.3526,0.1922,0.3,0.141,0.6333,0.3621
146.501,3,RETURN_HOME,6.741,4.9346,-1.9898,-0.0452,-1.0257,-2.4726,-0.0452,-0.8257,0.8269,0.0,0.0,8.3541,2.5859880447387695,2.089501142501831,29.4,0,1,180,1.679,0.6339,1.0,0.3495,0.1902,0.3,0.1398,0.63,0.3796
146.551,3,RETURN_HOME,6.7409,4.8962,-1.989,-0.0422,-1.0244,-2.4756,-0.0422,-0.8244,0.8255,0.0,0.0,8.3314,2.542909622192383,2.0563690662384033,29.15,0,1,180,1.496,0.6283,1.0,0.3458,0.1885,0.3,0.1383,0.6268,0.3858
146.601,3,RETURN_HOME,6.7408,4.8575,-1.9882,-0.0409,-1.0194,-2.4785,-0.0409,-0.8194,0.8204,0.0,0.0,8.3087,2.465047836303711,1.9939637184143066,28.9,0,1,180,1.522,0.6244,0.9986,0.3415,0.1873,0.2996,0.1366,0.6235,0.3841
146.651,3,RETURN_HOME,6.7405,4.8111,-1.9874,-0.0417,-1.009,-2.4822,-0.0417,-0.809,0.8101,0.0,0.0,8.2813,2.42765474319458,1.9658774137496948,28.65,0,1,180,1.651,0.622,0.9574,0.336,0.1866,0.2872,0.1344,0.6082,0.3832
146.701,3,RETURN_HOME,6.7401,4.7638,-1.9861,-0.044,-0.9961,-2.4862,0.056,-0.9961,0.9976,0.0,0.0,8.2536,2.3873701095581055,1.9281768798828125,28.65,0,1,180,1.599,0.5304,1.0,0.3528,0.1591,0.3,0.1411,0.6002,0.5879
146.751,3,RETURN_HOME,6.7396,4.7324,-1.9853,-0.046,-0.9866,-2.489,0.054,-0.9866,0.9881,0.0,0.0,8.2352,2.3121635913848877,1.8695530891418457,28.15,0,1,180,1.815,0.5291,1.0,0.3485,0.1587,0.3,0.1394,0.5981,0.5707
146.801,3,RETURN_HOME,6.7386,4.6858,-1.9844,-0.0497,-0.971,-2.4936,0.0503,-0.971,0.9723,0.0,0.0,8.2077,2.2772481441497803,1.8420346975326538,28.15,0,1,180,1.667,0.5277,1.0,0.3421,0.1583,0.3,0.1368,0.5951,0.5655
146.851,3,RETURN_HOME,6.7348,4.642,-1.9836,-0.0525,-0.9583,-2.4985,0.1475,-1.1583,1.1676,0.0,0.0,8.1796,2.2369325160980225,1.8092132806777954,27.65,0,1,180,1.941,0.4589,1.0,0.3892,0.1377,0.3,0.1557,0.5934,0.6832
146.901,3,RETURN_HOME,6.7319,4.6132,-1.9833,-0.0527,-0.953,-2.5018,0.0473,-0.953,0.9542,0.0,0.0,8.1609,2.164185047149658,1.7497477531433105,27.4,0,1,180,1.759,0.5236,1.0,0.3331,0.1571,0.3,0.1332,0.5903,0.5501
146.951,3,RETURN_HOME,6.7266,4.5624,-1.9837,-0.0504,-0.9489,-2.5078,0.0496,-0.9489,0.9502,0.0,0.0,8.1279,2.12716007232666,1.7222096920013428,27.15,0,1,180,1.605,0.5174,1.0,0.3277,0.1552,0.3,0.1311,0.5863,0.5565
147.002,3,RETURN_HOME,6.7204,4.5254,-1.9872,-0.0465,-0.953,-2.5119,0.0535,-0.953,0.9545,0.0,0.0,8.102,2.0864696502685547,1.6904628276824951,26.9,0,1,180,2.101,0.5112,1.0,0.3253,0.1534,0.3,0.1301,0.5835,0.5538
147.051,3,RETURN_HOME,6.7149,4.4881,-1.9903,-0.0413,-0.9589,-2.5156,0.0587,-0.9589,0.9607,0.0,0.0,8.0767,2.014650344848633,1.6382524967193604,26.15,0,1,180,1.648,0.5038,1.0,0.3227,0.1511,0.3,0.1291,0.5802,0.5518
147.101,3,RETURN_HOME,6.7093,4.442,-1.9927,-0.0344,-0.9661,-2.5197,0.0656,-0.9661,0.9683,0.0,0.0,8.0465,1.9765383005142212,1.6068142652511597,25.9,0,1,180,1.755,0.4943,1.0,0.3228,0.1483,0.3,0.1291,0.5774,0.5585
147.151,3,RETURN_HOME,6.7057,4.3921,-1.9907,-0.0276,-0.9733,-2.5237,0.0724,-0.9733,0.976,0.0,0.0,8.016,1.9319790601730347,1.5760577917099,25.65,0,1,180,1.629,0.4843,1.0,0.3253,0.1453,0.3,0.1301,0.5754,0.5658
147.201,3,RETURN_HOME,6.7036,4.3589,-1.9894,-0.0235,-0.9768,-2.5265,0.0765,-0.9768,0.9798,0.0,0.0,7.9961,1.8939646482467651,1.547694444656372,25.15,0,1,180,1.648,0.478,1.0,0.3266,0.1434,0.3,0.1306,0.574,0.5672
147.251,3,RETURN_HOME,6.7014,4.3092,-1.9881,-0.0179,-0.9803,-2.5307,0.0821,-0.9803,0.9838,0.0,0.0,7.9673,1.8184964656829834,1.4929187297821045,24.4,0,1,180,1.697,0.4687,1.0,0.3279,0.1406,0.3,0.1312,0.5718,0.5696
147.301,3,RETURN_HOME,6.7014,4.268,-1.9884,-0.0129,-0.9821,-2.5344,0.0871,-0.9821,0.9859,0.0,0.0,7.9451,1.774004578590393,1.4622853994369507,23.9,0,1,180,1.526,0.4605,1.0,0.3286,0.1382,0.3,0.1315,0.5696,0.5675
147.352,3,RETURN_HOME,6.7015,4.2188,-1.9888,-0.0074,-0.9832,-2.539,0.0926,-0.9832,0.9876,0.0,0.0,7.9189,1.7334116697311401,1.435468077659607,23.4,0,1,180,1.959,0.4511,1.0,0.3292,0.1353,0.3,0.1317,0.567,0.5729
147.401,3,RETURN_HOME,6.7008,4.1707,-1.9882,-0.0025,-0.9835,-2.5436,0.0975,-0.9835,0.9883,0.0,0.0,7.8927,1.6543155908584595,1.3809912204742432,22.4,0,1,180,1.581,0.4421,1.0,0.3294,0.1326,0.3,0.1318,0.5644,0.5733
147.451,3,RETURN_HOME,6.6995,4.1313,-1.9871,0.0013,-0.9832,-2.5475,0.1013,-0.9832,0.9884,0.0,0.0,7.8709,1.6115670204162598,1.3516464233398438,21.9,0,1,180,1.615,0.4349,1.0,0.3295,0.1305,0.3,0.1318,0.5622,0.5746
147.501,3,RETURN_HOME,6.6985,4.092,-1.9861,0.0052,-0.9832,-2.5513,0.1052,-0.9832,0.9888,0.0,0.0,7.8495,1.5689715147018433,1.3253223896026611,21.14,0,1,180,1.766,0.4275,1.0,0.3296,0.1283,0.3,0.1318,0.5601,0.5782
147.551,3,RETURN_HOME,6.6981,4.0441,-1.9826,0.0101,-0.9838,-2.5559,0.1101,-0.9838,0.9899,0.0,0.0,7.8242,1.4870519638061523,1.2751758098602295,20.14,0,1,180,1.499,0.4185,1.0,0.33,0.1255,0.3,0.132,0.5575,0.5708
147.601,3,RETURN_HOME,6.6982,3.9956,-1.9773,0.0151,-0.9849,-2.5605,0.1151,-0.9849,0.9916,0.0,0.0,7.7994,1.4433071613311768,1.24979567527771,19.14,0,1,180,1.668,0.4091,1.0,0.3305,0.1227,0.3,0.1322,0.5549,0.5763
147.651,3,RETURN_HOME,6.6986,3.9553,-1.9735,0.0195,-0.986,-2.5643,0.0195,-0.886,0.8862,0.0,0.0,7.7792,1.4025973081588745,1.2223278284072876,18.39,0,1,180,1.624,0.4894,0.9664,0.2954,0.1468,0.2899,0.1182,0.5549,0.4835
147.701,3,RETURN_HOME,6.7006,3.9071,-1.9667,0.0257,-0.9874,-2.569,0.0257,-0.8874,0.8878,0.0,0.0,7.7565,1.3213940858840942,1.1760578155517578,16.89,0,1,180,1.689,0.4785,0.9778,0.2959,0.1435,0.2933,0.1184,0.5552,0.487
147.751,3,RETURN_HOME,6.7027,3.867,-1.9616,0.031,-0.9887,-2.5728,0.031,-0.9887,0.9892,0.0,0.0,7.7382,1.2718229293823242,1.149124026298523,15.89,0,1,180,1.523,0.4723,0.9861,0.3297,0.1417,0.2958,0.1319,0.5694,0.4913
147.801,3,RETURN_HOME,6.7048,3.8269,-1.9573,0.0344,-0.9884,-2.5767,0.0344,-0.9884,0.989,0.0,0.0,7.7201,1.2319062948226929,1.124592900276184,14.89,0,1,180,1.615,0.4652,0.9861,0.3297,0.1396,0.2958,0.1319,0.5673,0.4916
147.851,3,RETURN_HOME,6.708,3.779,-1.9523,0.0362,-0.9854,-2.5815,0.0362,-0.9854,0.9861,0.0,0.0,7.6992,1.144456386566162,1.081619381904602,13.14,0,1,180,1.515,0.4585,0.9805,0.3287,0.1376,0.2942,0.1315,0.5632,0.4914
147.902,3,RETURN_HOME,6.7106,3.7392,-1.9491,0.0358,-0.9829,-2.5857,0.0358,-0.9829,0.9836,0.0,0.0,7.6821,1.0974282026290894,1.0579674243927002,11.89,0,1,180,1.912,0.4546,0.983,0.3279,0.1364,0.2949,0.1311,0.5624,0.4927
147.951,3,RETURN_HOME,6.7135,3.6916,-1.9462,0.0339,-0.981,-2.591,0.0339,-0.981,0.9816,0.0,0.0,7.6616,1.052328109741211,1.0359914302825928,10.63,0,1,180,1.771,0.4512,0.9826,0.3272,0.1354,0.2948,0.1309,0.561,0.4939
148.001,3,RETURN_HOME,6.7167,3.6515,-1.9488,0.0325,-0.9809,-2.5954,0.0325,-0.9809,0.9814,0.0,0.0,7.6451,0.9984588623046875,0.9984588623046875,8.38,0,1,180,1.552,0.4483,0.9822,0.3271,0.1345,0.2946,0.1309,0.56,0.4902
148.051,3,RETURN_HOME,6.7201,3.6034,-1.9521,0.0307,-0.9817,-2.6008,0.0307,-0.9817,0.9822,0.0,0.0,7.6253,0.9773930311203003,0.9773930311203003,7.13,0,1,180,1.676,0.4448,0.982,0.3274,0.1334,0.2946,0.131,0.559,0.4872
148.101,3,RETURN_HOME,6.723,3.5636,-1.9551,0.0296,-0.983,-2.6054,0.0296,-0.983,0.9834,0.0,0.0,7.6091,0.9578554034233093,0.9578554034233093,5.63,0,1,180,1.611,0.4415,0.9763,0.3278,0.1324,0.2929,0.1311,0.5565,0.4878
148.151,3,RETURN_HOME,6.7274,3.5166,-1.9596,0.0294,-0.9846,-2.6109,0.0294,-0.9846,0.9851,0.0,0.0,7.5911,0.9243823289871216,0.9243823289871216,3.13,0,1,180,1.607,0.4366,0.9666,0.3284,0.131,0.29,0.1313,0.5523,0.4874
148.202,3,RETURN_HOME,6.7307,3.4774,-1.9632,0.0293,-0.986,-2.6153,0.0293,-0.986,0.9864,0.0,0.0,7.5759,0.9047435522079468,0.9047435522079468,1.38,0,1,180,1.942,0.4324,0.972,0.3288,0.1297,0.2916,0.1315,0.5529,0.4869
148.252,3,RETURN_HOME,6.7341,3.4302,-1.9684,0.0289,-0.9874,-2.6207,0.0289,-0.8874,0.8878,0.0,0.0,7.5574,0.888401985168457,0.888401985168457,-0.13,0,1,180,1.992,0.4246,0.9744,0.2959,0.1274,0.2923,0.1184,0.5381,0.4877
148.301,3,RETURN_HOME,6.7363,3.3906,-1.9742,0.0281,-0.9883,-2.6252,-0.0719,-0.8883,0.8912,0.0,0.0,7.5415,0.8599029183387756,0.8599029183387756,-3.38,0,1,180,1.676,0.5202,0.8625,0.309,0.156,0.2588,0.1236,0.5384,0.4295
148.351,3,RETURN_HOME,6.7387,3.3431,-1.9804,0.0271,-0.9895,-2.6306,-0.0729,-0.8895,0.8925,0.0,0.0,7.5224,0.8457745313644409,0.8457745313644409,-5.38,0,1,180,1.637,0.5161,0.8665,0.3071,0.1548,0.2599,0.1228,0.5376,0.4307
148.402,3,RETURN_HOME,6.7394,3.3037,-1.9849,0.0266,-0.9887,-2.6351,-0.1734,-0.7887,0.8076,0.0,0.0,7.5055,0.835002601146698,0.835002601146698,-7.13,0,1,180,1.798,0.6227,0.725,0.3352,0.1868,0.2175,0.1341,0.5384,0.3528
148.451,3,RETURN_HOME,6.7382,3.2567,-1.9892,0.0233,-0.9856,-2.6406,-0.1767,-0.7856,0.8052,0.0,0.0,7.484,0.8147019743919373,0.8130068778991699,-10.63,0,1,180,1.711,0.6221,0.7368,0.3339,0.1866,0.221,0.1336,0.5412,0.3663
148.501,3,RETURN_HOME,6.7373,3.2099,-1.9929,0.0175,-0.9806,-2.6461,-0.1825,-0.7806,0.8016,0.0,0.0,7.4628,0.8141415119171143,0.8024851679801941,-12.89,0,1,180,1.539,0.6243,0.7374,0.3337,0.1873,0.2212,0.1335,0.542,0.3706
148.551,3,RETURN_HOME,6.7369,3.1689,-1.9954,0.0095,-0.9745,-2.6507,-0.1905,-0.7745,0.7976,0.0,0.0,7.445,0.8147052526473999,0.7940651774406433,-14.89,0,1,180,1.586,0.6295,0.7376,0.3347,0.1888,0.2213,0.1339,0.544,0.3703
148.601,3,RETURN_HOME,6.7364,3.128,-1.9975,-0.0011,-0.9662,-2.6555,-0.2011,-0.7662,0.7922,0.0,0.0,7.4272,0.8120837807655334,0.7813861966133118,-18.64,0,1,180,1.542,0.6376,0.741,0.3367,0.1913,0.2223,0.1347,0.5483,0.3707
148.651,3,RETURN_HOME,6.7352,3.0796,-1.9996,-0.0161,-0.954,-2.6616,-0.2161,-0.754,0.7844,0.0,0.0,7.4059,0.8094030022621155,0.7772497534751892,-20.64,0,1,180,1.674,0.6503,0.7332,0.34,0.1951,0.22,0.136,0.5511,0.3664
148.701,3,RETURN_HOME,6.7317,3.0404,-2.0023,-0.0302,-0.9424,-2.6667,-0.2302,-0.8424,0.8733,0.0,0.0,7.3864,0.8081207871437073,0.7731678485870361,-23.15,0,1,180,1.718,0.6373,0.7625,0.371,0.1912,0.2287,0.1484,0.5684,0.3835
148.752,3,RETURN_HOME,6.7273,3.0018,-2.0049,-0.0446,-0.9303,-2.6719,-0.2446,-0.8303,0.8655,0.0,0.0,7.3667,11.60191822052002,0.76724773645401,-26.4,0,1,180,1.801,0.649,0.7913,0.3745,0.1947,0.2374,0.1498,0.5819,0.3887
148.801,3,RETURN_HOME,6.7218,2.9563,-2.0074,-0.0617,-0.9154,-2.6781,-0.2617,-0.8154,0.8563,0.0,0.0,7.3432,11.618143081665039,0.7655455470085144,-27.4,0,1,180,1.695,0.6631,0.7874,0.3786,0.1989,0.2362,0.1514,0.5866,0.3848
148.851,3,RETURN_HOME,6.7152,2.9164,-2.0114,-0.076,-0.9061,-2.6833,-0.276,-0.8061,0.852,0.0,0.0,7.3211,11.636530876159668,0.7638463377952576,-22.9,0,1,180,1.582,0.674,0.7871,0.3828,0.2022,0.2361,0.1531,0.5915,0.3836
148.901,3,RETURN_HOME,6.7084,2.8772,-2.0148,-0.0899,-0.8988,-2.6884,-0.2899,-0.7988,0.8497,0.0,0.0,7.2994,11.654767990112305,0.7597491145133972,-24.15,0,1,180,1.646,0.6841,0.7871,0.3875,0.2052,0.2361,0.155,0.5963,0.3877
148.951,3,RETURN_HOME,6.7002,2.831,-2.0181,-0.106,-0.8921,-2.6945,-0.306,-0.7921,0.8492,0.0,0.0,7.2737,11.695459365844727,0.7552067637443542,-24.9,0,1,180,1.635,0.695,0.7908,0.3935,0.2085,0.2372,0.1574,0.6031,0.3935
149.001,3,RETURN_HOME,6.6971,2.7916,-2.0204,-0.1177,-0.8886,-2.6994,-0.3177,-0.7886,0.8501,0.0,0.0,7.2556,11.714629173278809,0.7517310976982117,-28.15,0,1,180,1.885,0.7018,0.801,0.3977,0.2105,0.2403,0.1591,0.6099,0.4027
149.052,3,RETURN_HOME,6.6934,2.7528,-2.0223,-0.1292,-0.8853,-2.7043,-0.3292,-0.7853,0.8516,0.0,0.0,7.2374,11.733591079711914,0.747200608253479,-26.65,0,1,180,2.196,0.7083,0.8042,0.4021,0.2125,0.2412,0.1608,0.6146,0.406
149.101,3,RETURN_HOME,6.6891,2.7145,-2.0237,-0.1409,-0.882,-2.7091,-0.3409,-0.782,0.8531,0.0,0.0,7.2189,11.771688461303711,0.743631899356842,-30.65,0,1,180,1.487,0.715,0.8206,0.4067,0.2145,0.2462,0.1627,0.6233,0.4128
149.151,3,RETURN_HOME,6.686,2.6699,-2.0283,-0.1547,-0.8773,-2.7148,-0.3547,-0.7773,0.8544,0.0,0.0,7.1994,11.790064811706543,0.7419546842575073,-32.66,0,1,180,1.544,0.7229,0.8351,0.4118,0.2169,0.2505,0.1647,0.6321,0.4167
149.201,3,RETURN_HOME,6.6829,2.6333,-2.0319,-0.1665,-0.8728,-2.7196,-0.3665,-0.7728,0.8553,0.0,0.0,7.183,11.809046745300293,0.7408587336540222,-34.16,0,1,180,1.618,0.7299,0.84,0.4162,0.219,0.252,0.1665,0.6374,0.4178
149.251,3,RETURN_HOME,6.6779,2.5901,-2.0358,-0.1811,-0.8669,-2.7252,-0.3811,-0.7669,0.8564,0.0,0.0,7.1626,11.846400260925293,0.7408632040023804,-38.16,0,1,180,1.649,0.7387,0.8724,0.4218,0.2216,0.2617,0.1687,0.652,0.4289
149.301,3,RETURN_HOME,6.6723,2.5551,-2.0399,-0.1941,-0.8616,-2.73,-0.3941,-0.7616,0.8575,0.0,0.0,7.1448,11.868206024169922,0.7418567538261414,-40.16,0,1,180,1.676,0.7468,0.8842,0.4269,0.224,0.2653,0.1708,0.6601,0.4338
149.351,3,RETURN_HOME,6.6646,2.5134,-2.0439,-0.2099,-0.855,-2.7358,-0.4099,-0.755,0.8591,0.0,0.0,7.1228,11.888336181640625,0.74448162317276,-42.16,0,1,180,1.64,0.7566,0.8896,0.4333,0.227,0.2669,0.1733,0.6672,0.4356
149.401,3,RETURN_HOME,6.6575,2.4787,-2.0454,-0.2231,-0.8494,-2.7406,-0.4231,-0.8494,0.949,0.0,0.0,7.1039,11.909199714660645,0.7450768351554871,-43.92,0,1,180,1.671,0.7301,0.9352,0.4619,0.219,0.2805,0.1848,0.6844,0.4562
149.451,3,RETURN_HOME,6.6502,2.4431,-2.0429,-0.2361,-0.8443,-2.7454,-0.4361,-0.8443,0.9503,0.0,0.0,7.0847,11.956252098083496,0.7517654299736023,-47.92,0,1,180,1.577,0.7372,0.9696,0.467,0.2212,0.2909,0.1868,0.6988,0.4697
149.502,3,RETURN_HOME,6.6404,2.4009,-2.0398,-0.2519,-0.8375,-2.7511,-0.4519,-0.8375,0.9517,0.0,0.0,7.0611,11.979913711547852,0.7573894262313843,-49.92,0,1,180,1.778,0.7458,0.9871,0.4732,0.2237,0.2961,0.1893,0.7091,0.4779
149.552,3,RETURN_HOME,6.6315,2.3665,-2.0376,-0.2654,-0.8333,-2.7559,-0.4654,-0.8333,0.9544,0.0,0.0,7.0411,12.004359245300293,0.763755738735199,-51.67,0,1,180,1.85,0.7527,1.0,0.4789,0.2258,0.3,0.1916,0.7174,0.4934
149.601,3,RETURN_HOME,6.62,2.3271,-2.037,-0.2818,-0.8296,-2.7615,-0.4818,-0.6296,0.7928,0.0,0.0,7.0171,12.058515548706055,0.7765970230102539,-55.43,0,1,180,1.572,0.8367,1.0,0.4422,0.251,0.3,0.1769,0.7279,0.4849
149.651,3,RETURN_HOME,6.6097,2.2944,-2.0362,-0.2956,-0.8282,-2.7662,-0.4956,-0.6282,0.8002,0.0,0.0,6.9965,12.083724021911621,0.7815235257148743,-56.93,0,1,180,1.627,0.8425,1.0,0.4494,0.2528,0.3,0.1798,0.7325,0.4921
149.701,3,RETURN_HOME,6.5948,2.2544,-2.0339,-0.3126,-0.8291,-2.7714,-0.5126,-0.6291,0.8115,0.0,0.0,6.9695,12.109710693359375,0.7873380780220032,-58.93,0,1,180,1.571,0.8485,1.0,0.459,0.2546,0.3,0.1836,0.7382,0.5017
149.751,3,RETURN_HOME,6.5807,2.2207,-2.0311,-0.327,-0.8273,-2.7757,-0.527,-0.6273,0.8193,0.0,0.0,6.9453,12.156846046447754,0.8078265190124512,-62.43,0,1,180,1.831,0.8543,1.0,0.4666,0.2563,0.3,0.1866,0.7429,0.5337
149.801,3,RETURN_HOME,6.5632,2.1806,-2.0279,-0.3439,-0.8206,-2.7807,-0.5439,-0.6206,0.8252,0.0,0.0,6.916,12.175110816955566,0.8175267577171326,-63.93,0,1,180,1.558,0.8626,1.0,0.4745,0.2588,0.3,0.1898,0.7486,0.5477
149.852,3,RETURN_HOME,6.5512,2.1474,-2.0267,-0.357,-0.8115,-2.785,-0.557,-0.6115,0.8271,0.0,0.0,6.8942,12.192069053649902,0.8250038027763367,-65.69,0,1,180,1.768,0.8702,1.0,0.4798,0.261,0.3,0.1919,0.753,0.5589
149.901,3,RETURN_HOME,6.5382,2.108,-2.0263,-0.3721,-0.7977,-2.7902,-0.5721,-0.5977,0.8274,0.0,0.0,6.8696,12.237350463867188,0.8448471426963806,-68.94,0,1,180,1.598,0.8798,1.0,0.4853,0.2639,0.3,0.1941,0.758,0.5782
149.951,3,RETURN_HOME,6.5262,2.0758,-2.0259,-0.3851,-0.7849,-2.7946,-0.5851,-0.5849,0.8273,0.0,0.0,6.8484,12.258204460144043,0.856689989566803,-70.44,0,1,180,1.538,0.8882,1.0,0.4899,0.2665,0.3,0.196,0.7624,0.5919
150.001,3,RETURN_HOME,6.5082,2.0386,-2.0227,-0.4022,-0.7686,-2.7998,-0.6022,-0.5686,0.8282,0.0,0.0,6.82,12.284062385559082,0.8693529367446899,-71.94,0,1,180,1.485,0.8991,1.0,0.4964,0.2697,0.3,0.1986,0.7683,0.6021
150.051,3,RETURN_HOME,6.492,2.0084,-2.0198,-0.4169,-0.755,-2.8042,-0.6169,-0.555,0.8298,0.0,0.0,6.7956,12.342591285705566,0.8936163783073425,-74.69,0,1,180,1.737,0.9079,1.0,0.5022,0.2724,0.3,0.2009,0.7733,0.6368
150.101,3,RETURN_HOME,6.4752,1.9787,-2.0172,-0.4316,-0.7418,-2.8086,-0.6316,-0.5418,0.8321,0.0,0.0,6.7708,12.37094783782959,0.9030308127403259,-76.2,0,1,180,1.619,0.9161,1.0,0.5082,0.2748,0.3,0.2033,0.7781,0.6495
150.151,3,RETURN_HOME,6.4528,1.9443,-2.0159,-0.4498,-0.7261,-2.8138,-0.6498,-0.5261,0.8361,0.0,0.0,6.7394,12.399520874023438,0.9189904928207397,-77.45,0,1,180,1.566,0.9257,1.0,0.516,0.2777,0.3,0.2064,0.7841,0.6592
150.201,3,RETURN_HOME,6.4373,1.9218,-2.0152,-0.4619,-0.716,-2.8173,-0.6619,-0.516,0.8392,0.0,0.0,6.7181,12.43522834777832,0.9313403367996216,-78.7,0,1,180,1.474,0.9316,1.0,0.5212,0.2795,0.3,0.2085,0.788,0.6749
150.251,3,RETURN_HOME,6.4135,1.8886,-2.0143,-0.4799,-0.7011,-2.8223,-0.6799,-0.5011,0.8446,0.0,0.0,6.6858,12.494056701660156,0.9543597102165222,-81.7,0,1,180,1.653,0.9398,1.0,0.5291,0.2819,0.3,0.2117,0.7936,0.6997
150.301,3,RETURN_HOME,6.3865,1.8579,-2.0139,-0.4992,-0.6857,-2.8271,-0.6992,-0.4857,0.8513,0.0,0.0,6.6513,12.526362419128418,0.9686367511749268,-82.7,0,1,180,1.478,0.9479,1.0,0.538,0.2844,0.3,0.2152,0.7996,0.7107
150.351,3,RETURN_HOME,6.3633,1.8328,-2.0136,-0.5152,-0.6729,-2.831,-0.7152,-0.4729,0.8574,0.0,0.0,6.622,12.559737205505371,0.9807274341583252,-84.2,0,1,180,1.775,0.9542,1.0,0.5454,0.2863,0.3,0.2182,0.8044,0.7242
150.401,3,RETURN_HOME,6.3398,1.8081,-2.0133,-0.5309,-0.6602,-2.8349,-0.7309,-0.4602,0.8637,0.0,0.0,6.5926,12.620652198791504,1.0082322359085083,-86.46,0,1,180,1.58,0.9599,1.0,0.5527,0.288,0.3,0.2211,0.8091,0.7579
150.451,3,RETURN_HOME,6.3114,1.7797,-2.0119,-0.5494,-0.6444,-2.8395,-0.7494,-0.4444,0.8712,0.0,0.0,6.5575,12.649582862854004,1.0202672481536865,-87.71,0,1,180,1.508,0.9663,1.0,0.5613,0.2899,0.3,0.2245,0.8144,0.77
150.502,3,RETURN_HOME,6.2873,1.7563,-2.0108,-0.5646,-0.6312,-2.8432,-0.7646,-0.4312,0.8778,0.0,0.0,6.528,12.685320854187012,1.035138487815857,-88.96,0,1,180,2.013,0.9711,1.0,0.5683,0.2913,0.3,0.2273,0.8186,0.7842
150.551,3,RETURN_HOME,6.2581,1.7285,-2.0089,-0.5825,-0.6156,-2.8476,-0.7825,-0.4156,0.886,0.0,0.0,6.4924,12.743505477905273,1.0631113052368164,-90.71,0,1,180,1.542,0.9762,1.0,0.5766,0.2929,0.3,0.2306,0.8235,0.8167
150.601,3,RETURN_HOME,6.2297,1.7007,-2.0046,-0.5998,-0.5998,-2.8517,-0.7998,-0.4998,0.9431,0.0,0.0,6.4576,12.769817352294922,1.076998233795166,-92.21,0,1,180,1.732,0.9577,1.0,0.6021,0.2873,0.3,0.2409,0.8281,0.8492
150.651,3,RETURN_HOME,6.2053,1.678,-2.0014,-0.6142,-0.5867,-2.8551,-0.8142,-0.4867,0.9486,0.0,0.0,6.4282,12.80270004272461,1.0905418395996094,-93.46,0,1,180,1.599,0.9625,1.0,0.6087,0.2888,0.3,0.2435,0.8322,0.8634
150.701,3,RETURN_HOME,6.1806,1.6557,-1.9992,-0.6287,-0.5733,-2.8584,-0.8287,-0.4733,0.9543,0.0,0.0,6.3985,12.856058120727539,1.1195331811904907,-95.46,0,1,180,1.46,0.9671,1.0,0.6153,0.2901,0.3,0.2461,0.8363,0.8961
150.751,3,RETURN_HOME,6.1507,1.6294,-1.9999,-0.6465,-0.5592,-2.8622,-0.8465,-0.4592,0.9631,0.0,0.0,6.3629,12.884594917297363,1.1330138444900513,-96.46,0,1,180,1.469,0.9718,1.0,0.6239,0.2915,0.3,0.2496,0.8411,0.9106
150.801,3,RETURN_HOME,6.1251,1.6079,-2.0004,-0.6615,-0.5496,-2.8652,-0.8615,-0.4496,0.9718,0.0,0.0,6.3326,12.913663864135742,1.1498761177062988,-97.22,0,1,180,1.604,0.975,1.0,0.6316,0.2925,0.3,0.2527,0.8451,0.9284
150.851,3,RETURN_HOME,6.0985,1.5868,-2.0002,-0.6765,-0.5414,-2.8681,-0.8765,-0.5414,1.0302,0.0,0.0,6.3015,12.962584495544434,1.1786341667175293,-99.72,0,1,180,1.644,0.9557,1.0,0.6564,0.2867,0.3,0.2626,0.8493,0.9807
150.901,3,RETURN_HOME,6.0653,1.5618,-1.9986,-0.6944,-0.5328,-2.8713,-0.8944,-0.5328,1.041,0.0,0.0,6.2632,12.987834930419922,1.1939170360565186,-100.72,0,1,180,1.54,0.9596,1.0,0.666,0.2879,0.3,0.2664,0.8543,0.9962
150.953,3,RETURN_HOME,6.0313,1.5371,-1.9973,-0.7122,-0.5248,-2.8745,-0.9122,-0.5248,1.0524,0.0,0.0,6.2241,13.008267402648926,1.2112094163894653,-101.72,0,1,180,2.578,0.9631,1.0,0.6757,0.2889,0.3,0.2703,0.8592,1.014
151.001,3,RETURN_HOME,6.0041,1.5162,-1.996,-0.7267,-0.5203,-2.8772,-0.9267,-0.5203,1.0628,0.0,0.0,6.1926,13.053628921508789,1.2403075695037842,-103.97,0,1,180,1.565,0.9653,1.0,0.6839,0.2896,0.3,0.2736,0.8632,1.0461
151.051,3,RETURN_HOME,5.9717,1.4911,-1.9945,-0.7437,-0.5172,-2.8803,-0.9437,-0.5172,1.0761,0.0,0.0,6.155,13.070587158203125,1.2582405805587769,-104.72,0,1,180,1.788,0.9672,1.0,0.6939,0.2902,0.3,0.2776,0.8677,1.0632
151.101,3,RETURN_HOME,5.9437,1.4702,-1.9935,-0.758,-0.516,-2.8827,-0.958,-0.516,1.0881,0.0,0.0,6.1228,13.088943481445312,1.276227593421936,-105.72,0,1,180,1.65,0.9685,1.0,0.7026,0.2906,0.3,0.281,0.8716,1.0818
151.151,3,RETURN_HOME,5.9131,1.4487,-1.9936,-0.773,-0.5155,-2.8851,-0.973,-0.5155,1.1011,0.0,0.0,6.088,13.117288589477539,1.309443473815918,-105.22,0,1,180,1.584,0.9697,1.0,0.7118,0.2909,0.3,0.2847,0.8756,1.1133
151.201,3,RETURN_HOME,5.8742,1.4226,-1.9946,-0.7916,-0.5154,-2.8878,-0.9916,-0.5154,1.1175,0.0,0.0,6.044,13.128605842590332,1.3259434700012207,-102.97,0,1,180,1.676,0.9709,1.0,0.7233,0.2913,0.3,0.2893,0.8806,1.1298
151.251,3,RETURN_HOME,5.8346,1.3966,-1.9955,-0.8101,-0.515,-2.8903,-1.0101,-0.615,1.1826,0.0,0.0,5.9995,13.13729190826416,1.3435429334640503,-105.22,0,1,180,1.6,0.9517,1.0,0.7504,0.2855,0.3,0.3001,0.8857,1.1682
151.301,3,RETURN_HOME,5.8012,1.3755,-1.994,-0.8259,-0.5145,-2.8923,-1.0259,-0.6145,1.1959,0.0,0.0,5.9621,13.154098510742188,1.3756076097488403,-106.22,0,1,180,1.589,0.9533,1.0,0.76,0.286,0.3,0.304,0.89,1.2013
151.351,3,RETURN_HOME,5.7672,1.3545,-1.9928,-0.8416,-0.5133,-2.8943,-1.0416,-0.6133,1.2088,0.0,0.0,5.9241,13.160483360290527,1.3915995359420776,-104.97,0,1,180,1.739,0.9549,1.0,0.7695,0.2865,0.3,0.3078,0.8943,1.2162
151.401,3,RETURN_HOME,5.7257,1.3294,-1.9915,-0.8606,-0.5135,-2.8968,-1.0606,-0.6135,1.2252,0.0,0.0,5.878,13.168502807617188,1.4097261428833008,-104.22,0,1,180,1.681,0.9564,1.0,0.7812,0.2869,0.3,0.3125,0.8994,1.2347
151.452,3,RETURN_HOME,5.6996,1.3121,-1.9898,-0.8725,-0.5154,-2.8985,-1.0725,-0.6154,1.2365,0.0,0.0,5.8487,13.1801118850708,1.4267241954803467,-103.97,0,1,180,1.904,0.9569,1.0,0.7888,0.2871,0.3,0.3155,0.9026,1.2524
151.501,3,RETURN_HOME,5.6594,1.286,-1.9876,-0.8902,-0.52,-2.9009,-1.0902,-0.62,1.2542,0.0,0.0,5.8037,13.195806503295898,1.4605191946029663,-103.72,0,1,180,1.788,0.9572,1.0,0.8003,0.2872,0.3,0.3201,0.9073,1.2849
151.551,3,RETURN_HOME,5.6251,1.2642,-1.9861,-0.9051,-0.5249,-2.903,-1.1051,-0.6249,1.2696,0.0,0.0,5.7654,13.204655647277832,1.4766377210617065,-103.97,0,1,180,1.549,0.9572,1.0,0.8102,0.2872,0.3,0.3241,0.9112,1.3034
151.601,3,RETURN_HOME,5.5845,1.2394,-1.9886,-0.9219,-0.5312,-2.9053,-1.1219,-0.6312,1.2873,0.0,0.0,5.7204,13.20628833770752,1.493722677230835,-103.22,0,1,180,1.667,0.9571,1.0,0.8214,0.2871,0.3,0.3285,0.9157,1.3225
151.651,3,RETURN_HOME,5.5498,1.2184,-1.9906,-0.9361,-0.5366,-2.9071,-1.1361,-0.6366,1.3023,0.0,0.0,5.6819,13.212712287902832,1.52766752243042,-103.72,0,1,180,1.65,0.9569,1.0,0.8308,0.2871,0.3,0.3323,0.9194,1.3559
151.701,3,RETURN_HOME,5.5069,1.193,-1.9921,-0.9535,-0.543,-2.9093,-1.1535,-0.643,1.3206,0.0,0.0,5.6346,13.213903427124023,1.5462926626205444,-103.72,0,1,180,1.712,0.9567,1.0,0.8423,0.287,0.3,0.3369,0.924,1.3764
151.751,3,RETURN_HOME,5.4701,1.1718,-1.9906,-0.9686,-0.5482,-2.9111,-1.1686,-0.3482,1.2193,0.0,0.0,5.5942,13.212900161743164,1.5627503395080566,-104.22,0,1,180,1.497,0.9969,1.0,0.8104,0.2991,0.3,0.3242,9980.0341,1.3346
151.801,3,RETURN_HOME,5.4249,1.1459,-1.989,-0.9869,-0.5546,-2.9132,-1.1869,-0.3546,1.2387,0.0,0.0,5.5447,13.216922760009766,1.597342610359192,-103.22,0,1,180,1.722,0.9966,1.0,0.823,0.299,0.3,0.3292,9981.0777,1.3692
151.851,3,RETURN_HOME,5.387,1.1242,-1.9878,-1.0021,-0.5603,-2.9147,-1.2021,-0.3603,1.255,0.0,0.0,5.503,13.215873718261719,1.6170645952224731,-102.47,0,1,180,1.571,0.9964,1.0,0.8336,0.2989,0.3,0.3334,9981.9441,1.3904
151.901,3,RETURN_HOME,5.3503,1.1031,-1.9861,-1.0163,-0.5609,-2.916,-1.2163,-0.3609,1.2687,0.0,0.0,5.4628,13.209871292114258,1.6340768337249756,-101.97,0,1,180,1.602,0.9964,1.0,0.8428,0.2989,0.3,0.3371,9982.754,1.4084
151.951,3,RETURN_HOME,5.3049,1.0776,-1.9844,-1.0335,-0.5545,-2.9177,-1.2335,-0.3545,1.2834,0.0,0.0,5.4132,13.187420845031738,1.6671664714813232,-102.97,0,1,180,1.68,0.9968,1.0,0.8529,0.2991,0.3,0.3412,9983.7385,1.4403
152.001,3,RETURN_HOME,5.2659,1.057,-1.9821,-1.0482,-0.5439,-2.9193,-1.2482,-0.3439,1.2947,0.0,0.0,5.3709,13.181069374084473,1.6867350339889526,-102.72,0,1,180,1.504,0.9975,1.0,0.861,0.2992,0.3,0.3444,9984.5784,1.4571
152.051,3,RETURN_HOME,5.2178,1.0332,-1.9776,-1.0663,-0.5271,-2.9217,-1.2663,-0.3271,1.3079,0.0,0.0,5.3191,13.180404663085938,1.7036244869232178,-103.47,0,1,180,1.694,0.9984,1.0,0.8705,0.2995,0.3,0.3482,9985.61,1.4713
152.102,3,RETURN_HOME,5.1767,1.0139,-1.9746,-1.0818,-0.5116,-2.924,-1.2818,-0.3116,1.3191,0.0,0.0,5.275,13.188338279724121,1.7194782495498657,-103.47,0,1,180,1.866,0.999,1.0,0.8785,0.2997,0.3,0.3514,9986.4832,1.4857
152.151,3,RETURN_HOME,5.1338,0.9944,-1.9735,-1.0978,-0.496,-2.9264,-1.2978,-0.296,1.3311,0.0,0.0,5.2292,13.216401100158691,1.7548000812530518,-101.97,0,1,180,1.85,0.9995,1.0,0.8869,0.2998,0.3,0.3548,9987.3823,1.5155
152.201,3,RETURN_HOME,5.0797,0.971,-1.9751,-1.1177,-0.4779,-2.9295,-1.3177,-0.2779,1.3467,0.0,0.0,5.1716,13.238451957702637,1.7705214023590088,-102.22,0,1,180,1.798,0.9998,1.0,0.8976,0.2999,0.3,0.3591,9988.498,1.5278
152.251,3,RETURN_HOME,5.034,0.952,-1.9764,-1.1342,-0.4637,-2.9321,-1.3342,-0.3637,1.3829,0.0,0.0,5.1232,13.261839866638184,1.7844290733337402,-102.22,0,1,180,1.82,0.9969,1.0,0.9191,0.2991,0.3,0.3676,9989.4776,1.5599
152.301,3,RETURN_HOME,4.9855,0.9342,-1.9782,-1.1515,-0.45,-2.9346,-1.3515,-0.35,1.396,0.0,0.0,5.0722,13.314895629882812,1.8161852359771729,-102.97,0,1,180,1.807,0.9977,1.0,0.9285,0.2993,0.3,0.3714,9990.5134,1.5878
152.351,3,RETURN_HOME,4.9232,0.9143,-1.981,-1.1732,-0.4336,-2.9376,-1.3732,-0.3336,1.4132,0.0,0.0,5.0074,13.347092628479004,1.829821228981018,-100.22,0,1,180,1.741,0.9985,1.0,0.9407,0.2996,0.3,0.3763,9991.8323,1.5986
152.402,3,RETURN_HOME,4.8608,0.8949,-1.9837,-1.1946,-0.4197,-2.9407,-1.3946,-0.3197,1.4308,0.0,0.0,4.9425,13.374098777770996,1.8423131704330444,-101.22,0,1,180,2.059,0.9991,1.0,0.953,0.2997,0.3,0.3812,9993.1302,1.6101
152.451,3,RETURN_HOME,4.8067,0.8793,-1.9809,-1.2124,-0.4102,-2.9433,-1.4124,-0.3102,1.4461,0.0,0.0,4.8864,13.445568084716797,1.8727548122406006,-102.47,0,1,180,1.895,0.9994,1.0,0.9635,0.2998,0.3,0.3854,9994.2296,1.6374
152.501,3,RETURN_HOME,4.7413,0.8609,-1.9767,-1.2335,-0.4008,-2.9461,-1.4335,-0.3008,1.4647,0.0,0.0,4.8188,13.478306770324707,1.8853927850723267,-101.72,0,1,180,1.676,0.9996,1.0,0.9761,0.2999,0.3,0.3905,9995.5386,1.648
152.551,3,RETURN_HOME,4.6867,0.8458,-1.9738,-1.2508,-0.3938,-2.9484,-1.4508,-0.2938,1.4803,0.0,0.0,4.7624,13.507079124450684,1.8977687358856201,-101.97,0,1,180,1.889,0.9998,1.0,0.9866,0.2999,0.3,0.3946,9996.6186,1.6585
152.601,3,RETURN_HOME,4.6318,0.8316,-1.9739,-1.2678,-0.387,-2.9505,-1.4678,-0.287,1.4956,0.0,0.0,4.7059,13.569968223571777,1.9234447479248047,-102.97,0,1,180,1.65,0.9999,1.0,0.9969,0.3,0.3,0.3988,9997.6923,1.6832
152.652,3,RETURN_HOME,4.5657,0.815,-1.975,-1.288,-0.3787,-2.9529,-1.488,-0.1787,1.4987,0.0,0.0,4.6379,13.531477928161621,1.935833215713501,-100.22,0,1,180,2.024,0.9984,1.0,0.9975,0.2995,0.3,0.399,9997.0292,1.6726
152.702,3,RETURN_HOME,4.5105,0.8012,-1.9759,-1.3048,-0.3716,-2.9549,-1.4,-0.2716,1.4261,0.0,0.0,4.5811,13.487523078918457,1.9468389749526978,-100.47,0,1,180,1.907,0.9999,1.0,0.9506,0.3,0.3,0.3802,9996.8183,1.705
152.751,3,RETURN_HOME,4.4405,0.7845,-1.9745,-1.3262,-0.3629,-2.9569,-1.4,-0.2629,1.4245,0.0,0.0,4.5093,13.398374557495117,1.972715973854065,-101.22,0,1,180,1.602,0.9999,1.0,0.9496,0.3,0.3,0.3798,9997.5192,1.7262
152.801,3,RETURN_HOME,4.3822,0.7709,-1.9737,-1.3442,-0.3534,-2.9587,-1.4,-0.2534,1.4227,0.0,0.0,4.4494,13.35690975189209,1.9839370250701904,-101.97,0,1,180,1.691,1.0,1.0,0.9485,0.3,0.3,0.3794,9998.098,1.7366
152.851,3,RETURN_HOME,4.3117,0.7548,-1.9729,-1.3632,-0.3414,-2.9609,-1.4,-0.2414,1.4207,0.0,0.0,4.3773,13.310873031616211,1.9945276975631714,-100.22,0,1,180,1.531,1.0,1.0,0.9471,0.3,0.3,0.3788,9998.7623,1.746
152.901,3,RETURN_HOME,4.2515,0.7414,-1.9719,-1.3771,-0.3319,-2.9628,-1.4,-0.2319,1.4191,0.0,0.0,4.3157,13.212817192077637,2.0175225734710693,-100.72,0,1,180,1.493,1.0,1.0,0.946,0.3,0.3,0.3784,9999.2307,1.7676
152.951,3,RETURN_HOME,4.1915,0.7284,-1.9713,-1.3886,-0.323,-2.9645,-1.4,-0.223,1.4177,0.0,0.0,4.2543,13.168595314025879,2.0288918018341064,-99.47,0,1,180,1.605,0.9999,1.0,0.945,0.3,0.3,0.378,9999.3185,1.7754
153.001,3,RETURN_HOME,4.1198,0.7122,-1.9707,-1.3999,-0.3135,-2.9664,-1.4,-0.2135,1.4162,0.0,0.0,4.1809,13.120828628540039,2.0394811630249023,-99.22,0,1,180,1.872,0.9998,1.0,0.9439,0.2999,0.3,0.3776,9998.8404,1.7822
153.051,3,RETURN_HOME,4.0606,0.6955,-1.9699,-1.4075,-0.3077,-2.9677,-1.4,-0.2077,1.4153,0.0,0.0,4.1197,13.073049545288086,2.0492093563079834,-99.22,0,1,180,1.082,0.9997,1.0,0.9433,0.2999,0.3,0.3773,9998.3443,1.7933
153.101,3,RETURN_HOME,4.0015,0.6796,-1.9693,-1.4141,-0.3021,-2.9689,-1.3,-0.2021,1.3156,0.0,0.0,4.0588,12.977069854736328,2.0694146156311035,-101.97,0,1,180,1.193,0.9999,1.0,0.877,0.3,0.3,0.3508,9998.5629,1.8129
153.151,3,RETURN_HOME,3.93,0.6622,-1.9698,-1.4214,-0.2949,-2.9702,-1.3,-0.1949,1.3145,0.0,0.0,3.9855,12.929431915283203,2.079312562942505,-98.97,0,1,180,1.065,0.9998,1.0,0.8762,0.3,0.3,0.3505,9998.9822,1.8205
153.201,3,RETURN_HOME,3.8695,0.6499,-1.9716,-1.4276,-0.2882,-2.9711,-1.3,-0.1882,1.3136,0.0,0.0,3.9237,12.833162307739258,2.098013401031494,-99.97,0,1,180,1.364,0.9997,1.0,0.8755,0.2999,0.3,0.3502,9998.9084,1.8384
153.251,3,RETURN_HOME,3.7972,0.6355,-1.9737,-1.4316,-0.2798,-2.9723,-1.3,-0.1798,1.3124,0.0,0.0,3.85,12.785440444946289,2.107177734375,-102.47,0,1,180,1.087,0.9996,1.0,0.8746,0.2999,0.3,0.3498,9998.4044,1.8455
153.301,3,RETURN_HOME,3.7251,0.6227,-1.9755,-1.4326,-0.2705,-2.9734,-1.4,-0.2705,1.4259,0.0,0.0,3.7768,12.739006996154785,2.1158344745635986,-99.47,0,1,180,1.08,0.9997,1.0,0.9503,0.2999,0.3,0.3801,9998.754,1.8721
153.351,3,RETURN_HOME,3.6652,0.6132,-1.9769,-1.4317,-0.2622,-2.9742,-1.4,-0.2622,1.4243,0.0,0.0,3.7162,12.692484855651855,2.124485969543457,-99.72,0,1,180,1.1,0.9998,1.0,0.9494,0.2999,0.3,0.3798,9999.1938,1.8782
153.401,3,RETURN_HOME,3.6057,0.6039,-1.9784,-1.4291,-0.2535,-2.975,-1.4,-0.2535,1.4228,0.0,0.0,3.656,12.593460083007812,2.14190411567688,-100.22,0,1,180,1.206,0.9999,1.0,0.9484,0.3,0.3,0.3794,9999.273,1.8946
153.451,3,RETURN_HOME,3.5345,0.5944,-1.9811,-1.4277,-0.2444,-2.976,-1.4,-0.2444,1.4212,0.0,0.0,3.5841,12.54932689666748,2.149170160293579,-99.97,0,1,180,1.386,1.0,1.0,0.9474,0.3,0.3,0.379,9998.7884,1.9005
153.501,3,RETURN_HOME,3.4753,0.5871,-1.9835,-1.4285,-0.2388,-2.9768,-1.3,-0.2388,1.3218,0.0,0.0,3.5245,12.504112243652344,2.1569292545318604,-98.97,0,1,180,1.571,0.9999,1.0,0.8811,0.3,0.3,0.3524,9998.8106,1.9075
153.551,3,RETURN_HOME,3.4045,0.5781,-1.9861,-1.4314,-0.2343,-2.9775,-1.4,-0.2343,1.4195,0.0,0.0,3.4532,12.407654762268066,2.173058271408081,-99.47,0,1,180,1.182,1.0,1.0,0.9463,0.3,0.3,0.3785,9999.4478,1.9223
153.601,3,RETURN_HOME,3.3434,0.5708,-1.9849,-1.4358,-0.2319,-2.978,-1.4,-0.2319,1.4191,0.0,0.0,3.3917,12.36316967010498,2.180798053741455,-100.22,0,1,180,1.223,1.0,1.0,0.946,0.3,0.3,0.3784,9999.6996,1.9306
153.651,3,RETURN_HOME,3.2699,0.5618,-1.983,-1.4385,-0.2295,-2.9784,-1.4,-0.2295,1.4187,0.0,0.0,3.3178,12.317032814025879,2.188103199005127,-100.97,0,1,180,1.272,1.0,1.0,0.9458,0.3,0.3,0.3783,9999.0108,1.9365
153.701,3,RETURN_HOME,3.2091,0.5542,-1.9817,-1.4408,-0.2279,-2.9785,-1.3,-0.2279,1.3198,0.0,0.0,3.2566,12.220680236816406,2.2032012939453125,-99.72,0,1,180,1.096,1.0,1.0,0.8799,0.3,0.3,0.352,9998.9265,1.9503
153.751,3,RETURN_HOME,3.1503,0.548,-1.9818,-1.4427,-0.2256,-2.9785,-1.3,-0.2256,1.3194,0.0,0.0,3.1976,12.174843788146973,2.209475517272949,-100.72,0,1,180,1.084,1.0,1.0,0.8796,0.3,0.3,0.3518,9999.5095,1.9579
153.801,3,RETURN_HOME,3.0803,0.5407,-1.9823,-1.4458,-0.2225,-2.9785,-1.3,-0.2225,1.3189,0.0,0.0,3.1274,12.128942489624023,2.217912435531616,-99.47,0,1,180,1.682,1.0,1.0,0.8793,0.3,0.3,0.3517,9999.4165,1.9637
153.851,3,RETURN_HOME,3.022,0.5344,-1.9829,-1.4464,-0.2198,-2.9784,-1.4,-0.2198,1.4172,0.0,0.0,3.0689,12.030534744262695,2.2327723503112793,-99.47,0,1,180,1.035,0.9998,1.0,0.9446,0.2999,0.3,0.3778,9999.1462,1.9784
153.902,3,RETURN_HOME,2.9642,0.53,-1.982,-1.4451,-0.2163,-2.9781,-1.2,-0.2163,1.2193,0.0,0.0,3.0112,11.985153198242188,2.2395567893981934,-99.22,0,1,180,1.89,1.0,1.0,0.8129,0.3,0.3,0.3252,9998.8708,1.984
153.951,3,RETURN_HOME,2.8834,0.5232,-1.9813,-1.4409,-0.2117,-2.9776,-1.2,-0.2117,1.2185,0.0,0.0,2.9304,11.93801212310791,2.246422290802002,-100.97,0,1,180,1.409,1.0,1.0,0.8123,0.3,0.3,0.3249,9999.5626,1.9899
154.001,3,RETURN_HOME,2.8373,0.5191,-1.9813,-1.4402,-0.2093,-2.9772,-1.2,-0.2093,1.2181,0.0,0.0,2.8844,11.841787338256836,2.261244535446167,-98.72,0,1,180,1.09,1.0,1.0,0.812,0.3,0.3,0.3248,9999.2593,2.0047
154.051,3,RETURN_HOME,2.7702,0.5126,-1.9833,-1.4357,-0.2059,-2.9766,-1.4,-0.3059,1.433,0.0,0.0,2.8172,11.795770645141602,2.2685606479644775,-100.22,0,1,180,1.158,0.9995,1.0,0.9549,0.2998,0.3,0.3819,9998.8975,2.0309
154.101,3,RETURN_HOME,2.7031,0.5058,-1.9854,-1.4271,-0.2025,-2.9758,-1.2,-0.2025,1.217,0.0,0.0,2.75,11.749740600585938,2.2747228145599365,-101.22,0,1,180,1.242,0.9998,1.0,0.8112,0.3,0.3,0.3245,9998.844,2.0145
154.151,3,RETURN_HOME,2.647,0.4999,-1.9872,-1.4178,-0.1998,-2.975,-1.2,-0.1998,1.2165,0.0,0.0,2.6938,11.654437065124512,2.287785291671753,-99.47,0,1,180,1.128,0.9998,1.0,0.8108,0.2999,0.3,0.3243,9999.1079,2.0301
154.201,3,RETURN_HOME,2.5894,0.4938,-1.9887,-1.4131,-0.1993,-2.974,-1.4,-0.2993,1.4316,0.0,0.0,2.6361,11.609164237976074,2.296269416809082,-98.22,0,1,180,1.139,0.9998,1.0,0.9542,0.2999,0.3,0.3817,9999.105,2.0583
154.251,3,RETURN_HOME,2.5207,0.4861,-1.9904,-1.4062,-0.1988,-2.9725,-1.4,-0.2988,1.4315,0.0,0.0,2.5672,11.56309700012207,2.302637815475464,-99.47,0,1,180,1.101,0.9998,1.0,0.9542,0.2999,0.3,0.3817,9999.4131,2.0633
154.302,3,RETURN_HOME,2.464,0.48,-1.9927,-1.3987,-0.1977,-2.9712,-1.4,-0.2977,1.4313,0.0,0.0,2.5104,11.469406127929688,2.3165624141693115,-100.47,0,1,180,2.51,0.9999,1.0,0.9541,0.3,0.3,0.3816,9999.1408,2.0781
154.351,3,RETURN_HOME,2.3967,0.4735,-1.9968,-1.3939,-0.1977,-2.9695,-1.1,-0.1977,1.1176,0.0,0.0,2.443,11.424909591674805,2.323989152908325,-98.97,0,1,180,1.623,0.9999,1.0,0.745,0.3,0.3,0.298,9999.1682,2.0629
154.401,3,RETURN_HOME,2.3407,0.4676,-1.9997,-1.3936,-0.1994,-2.9679,-1.3,-0.2994,1.334,0.0,0.0,2.387,11.380142211914062,2.3304107189178467,-99.47,0,1,180,1.591,0.9996,1.0,0.889,0.2999,0.3,0.3556,9999.1213,2.0921
154.451,3,RETURN_HOME,2.2862,0.4612,-2.0035,-1.3971,-0.2027,-2.9661,-1.4,-0.3027,1.4323,0.0,0.0,2.3322,11.28899097442627,2.3459877967834473,-100.47,0,1,180,1.602,0.9999,1.0,0.9548,0.3,0.3,0.3819,9999.4161,2.1079
154.501,3,RETURN_HOME,2.2229,0.4527,-2.0097,-1.3943,-0.2051,-2.9638,-1.4,-0.3051,1.4329,0.0,0.0,2.2685,11.24126148223877,2.3528225421905518,-99.22,0,1,180,1.561,0.9999,1.0,0.9552,0.3,0.3,0.3821,9999.5386,2.1147
154.551,3,RETURN_HOME,2.1592,0.4439,-2.015,-1.3898,-0.2077,-2.9616,-1.1,-0.2077,1.1194,0.0,0.0,2.2044,11.199857711791992,2.3595643043518066,-98.47,0,1,180,1.554,0.9999,1.0,0.7462,0.3,0.3,0.2985,9999.1227,2.1038
154.601,3,RETURN_HOME,2.1045,0.4364,-2.0189,-1.3887,-0.2106,-2.9596,-1.3,-0.3106,1.3366,0.0,0.0,2.1493,11.149700164794922,2.367252826690674,-98.97,0,1,180,1.835,0.9995,1.0,0.8907,0.2999,0.3,0.3563,9999.1841,2.1309
154.651,3,RETURN_HOME,2.0492,0.4287,-2.0222,-1.3914,-0.2144,-2.9575,-1.4,-0.3144,1.4349,0.0,0.0,2.0936,11.06200885772705,2.382671594619751,-98.97,0,1,180,1.667,0.9999,1.0,0.9565,0.3,0.3,0.3826,9999.0352,2.1469
154.701,3,RETURN_HOME,1.9829,0.4192,-2.0256,-1.3884,-0.2169,-2.9549,-1.4,-0.3169,1.4354,0.0,0.0,2.0267,11.017163276672363,2.389193058013916,-101.47,0,1,180,1.702,0.9999,1.0,0.9568,0.3,0.3,0.3827,9999.6005,2.1544
154.751,3,RETURN_HOME,1.9253,0.4084,-2.0269,-1.3857,-0.22,-2.9528,-1.4,-0.32,1.4361,0.0,0.0,1.9681,10.968442916870117,2.3974263668060303,-99.47,0,1,180,1.621,0.9999,1.0,0.9573,0.3,0.3,0.3829,9999.4094,2.1609
154.801,3,RETURN_HOME,1.8674,0.3971,-2.0277,-1.3852,-0.2238,-2.9508,-1.3,-0.3238,1.3397,0.0,0.0,1.9091,10.879570007324219,2.413275957107544,-100.22,0,1,180,1.581,0.9994,1.0,0.8926,0.2998,0.3,0.357,9999.1045,2.1798
154.851,3,RETURN_HOME,1.7983,0.3837,-2.0281,-1.3875,-0.2289,-2.9484,-1.1,-0.2289,1.1236,0.0,0.0,1.8388,10.83610725402832,2.420128107070923,-102.22,0,1,180,1.647,1.0,1.0,0.749,0.3,0.3,0.2996,9999.2031,2.167
154.901,3,RETURN_HOME,1.7402,0.3728,-2.0291,-1.3919,-0.2334,-2.9465,-1.1,-0.2334,1.1245,0.0,0.0,1.7797,10.787775039672852,2.429311752319336,-100.47,0,1,180,1.546,1.0,1.0,0.7497,0.3,0.3,0.2999,9999.4268,2.1766
154.951,3,RETURN_HOME,1.6822,0.3621,-2.0299,-1.3961,-0.2383,-2.9444,-1.4,-0.3383,1.4403,0.0,0.0,1.7207,10.701776504516602,2.4444127082824707,-101.72,0,1,180,1.612,0.9997,1.0,0.9599,0.2999,0.3,0.384,9999.5014,2.215
155.001,3,RETURN_HOME,1.6128,0.3492,-2.0305,-1.3935,-0.2418,-2.9418,-1.2,-0.2418,1.2241,0.0,0.0,1.6502,10.655915260314941,2.4524805545806885,-101.72,0,1,180,1.485,0.9999,1.0,0.816,0.3,0.3,0.3264,9999.0439,2.2025
155.051,3,RETURN_HOME,1.5398,0.3324,-2.0366,-1.3857,-0.2442,-2.9395,-1.1,-0.2442,1.1268,0.0,0.0,1.5753,10.609162330627441,2.462028741836548,-102.72,0,1,180,1.654,1.0,1.0,0.7512,0.3,0.3,0.3005,9999.5659,2.2126
155.101,3,RETURN_HOME,1.48,0.3189,-2.041,-1.3826,-0.2468,-2.9377,-1.2,-0.2468,1.2251,0.0,0.0,1.5139,10.522429466247559,2.477795362472534,-101.72,0,1,180,1.567,1.0,1.0,0.8167,0.3,0.3,0.3267,9999.341,2.2305
155.151,3,RETURN_HOME,1.4095,0.3032,-2.0454,-1.3775,-0.2486,-2.9355,-1.2,-0.2486,1.2255,0.0,0.0,1.4417,10.476213455200195,2.4858133792877197,-101.97,0,1,180,1.646,1.0,1.0,0.817,0.3,0.3,0.3268,9999.5441,2.237
155.201,3,RETURN_HOME,1.3534,0.2905,-2.0492,-1.3692,-0.2489,-2.9338,-1.1,-0.2489,1.1278,0.0,0.0,1.3842,10.429219245910645,2.4952478408813477,-100.97,0,1,180,1.619,0.9999,1.0,0.7518,0.3,0.3,0.3007,9999.4538,2.2462
155.251,3,RETURN_HOME,1.2978,0.2781,-2.0522,-1.3606,-0.2485,-2.9323,-1.3,-0.2485,1.3235,0.0,0.0,1.3273,10.344968795776367,2.510953903198242,-102.72,0,1,180,1.582,0.9998,1.0,0.8821,0.2999,0.3,0.3529,9999.6656,2.2618
155.301,3,RETURN_HOME,1.2312,0.264,-2.0548,-1.351,-0.2471,-2.9307,-1.2,-0.2471,1.2252,0.0,0.0,1.2592,10.301556587219238,2.5194244384765625,-101.72,0,1,180,1.632,1.0,1.0,0.8168,0.3,0.3,0.3267,9999.6383,2.2703
155.351,3,RETURN_HOME,1.1626,0.252,-2.0562,-1.3397,-0.2447,-2.9294,-1.2,-0.2447,1.2247,0.0,0.0,1.1896,10.257189750671387,2.5269951820373535,-101.97,0,1,180,1.647,0.9999,1.0,0.8164,0.3,0.3,0.3266,9999.568,2.2788
155.401,3,RETURN_HOME,1.1062,0.2422,-2.0568,-1.3333,-0.2428,-2.9284,-1.1,-0.2428,1.1265,0.0,0.0,1.1324,10.170780181884766,2.5443060398101807,-102.47,0,1,180,1.593,1.0,1.0,0.751,0.3,0.3,0.3004,9999.9358,2.2933
155.451,3,RETURN_HOME,1.0514,0.2317,-2.0579,-1.3275,-0.2414,-2.9276,-1.1,-0.2414,1.1262,0.0,0.0,1.0767,10.129657745361328,2.550588846206665,-102.22,0,1,180,1.641,1.0,1.0,0.7508,0.3,0.3,0.3003,9999.4525,2.3023
155.501,3,RETURN_HOME,0.9879,0.2183,-2.06,-1.3215,-0.2403,-2.9267,-1.2,-0.2403,1.2238,0.0,0.0,1.0117,10.083409309387207,2.5597379207611084,-101.47,0,1,180,1.613,0.9998,1.0,0.8157,0.2999,0.3,0.3263,9999.4061,2.3116
155.551,3,RETURN_HOME,0.9352,0.2074,-2.0611,-1.3148,-0.2393,-2.9261,-1.2,-0.2393,1.2236,0.0,0.0,0.9579,10.042370796203613,2.568572521209717,-101.47,0,1,180,1.669,0.9998,1.0,0.8156,0.2999,0.3,0.3262,9999.4386,2.3164
155.601,3,RETURN_HOME,0.8752,0.1939,-2.062,-1.3034,-0.2385,-2.9255,-1.1,-0.2385,1.1256,0.0,0.0,0.8964,9.958946228027344,2.5845835208892822,-102.97,0,1,180,1.59,1.0,1.0,0.7504,0.3,0.3,0.3001,9999.7072,2.3349
155.651,3,RETURN_HOME,0.8275,0.1825,-2.0624,-1.2943,-0.2382,-2.925,-1.0943,-0.2382,1.1199,0.0,0.0,0.8473,9.913350105285645,2.5917718410491943,-103.22,0,1,180,1.665,1.0,1.0,0.7466,0.3,0.3,0.2986,9999.2271,2.3415
155.701,3,RETURN_HOME,0.7796,0.1713,-2.0624,-1.2871,-0.2378,-2.9245,-1.2871,-0.2378,1.3089,0.0,0.0,0.7982,9.873010635375977,2.599877119064331,-100.97,0,1,180,1.629,0.9994,1.0,0.8721,0.2998,0.3,0.3488,9999.1675,2.3509
155.751,3,RETURN_HOME,0.7234,0.1598,-2.0622,-1.277,-0.2363,-2.924,-1.177,-0.2363,1.2005,0.0,0.0,0.7408,9.790472984313965,2.6152760982513428,-101.97,0,1,180,1.542,0.9998,1.0,0.8002,0.2999,0.3,0.3201,9999.2446,2.3689
155.801,3,RETURN_HOME,0.6684,0.1498,-2.0621,-1.2655,-0.2341,-2.9237,-1.0655,-0.2341,1.091,0.0,0.0,0.685,9.746891975402832,2.6228392124176025,-103.22,0,1,180,1.503,1.0,1.0,0.7273,0.3,0.3,0.2909,9999.2116,2.3812
155.852,3,RETURN_HOME,0.6223,0.1414,-2.0617,-1.2604,-0.2326,-2.9235,-1.0604,-0.2326,1.0856,0.0,0.0,0.6382,9.707559585571289,2.631469249725342,-102.47,0,1,180,1.828,1.0,1.0,0.7237,0.3,0.3,0.2895,9999.2999,2.3875
155.951,4,NAVIGATE,0.5192,0.1296,-2.0595,-1.2518,-0.2259,-2.9231,-1.4518,-0.0259,1.4521,0.0,12.0,11.8818,9.584351539611816,2.655278444290161,-104.47,0,1,180,1.849,0.0258,1.0,0.484,0.0078,0.3,0.1936,0.5014,2.3835
156.001,4,NAVIGATE,0.4625,0.1228,-2.0577,-1.243,-0.2235,-2.9232,-1.443,-0.0235,1.4432,0.0,12.0,11.8862,9.5060396194458,2.6718318462371826,-106.22,0,1,180,1.547,0.0226,1.0,0.4811,0.0068,0.3,0.1924,0.4992,2.397
156.051,4,NAVIGATE,0.4125,0.1141,-2.0573,-1.2284,-0.2251,-2.9296,-1.4284,-0.0251,1.4286,0.0,12.0,11.8931,9.465831756591797,2.6845483779907227,-106.97,0,1,180,1.653,0.0171,1.0,0.4762,0.0051,0.3,0.1905,0.4956,2.4116
156.101,4,NAVIGATE,0.3702,0.1065,-2.0543,-1.2256,-0.2243,-2.9418,-1.4256,-0.0243,1.4258,0.0,12.0,11.8992,9.418949127197266,2.6944189071655273,-107.72,0,1,180,1.467,0.0141,1.0,0.4753,0.0042,0.3,0.1901,0.4943,2.4273
156.151,4,NAVIGATE,0.3263,0.0986,-2.0485,-1.2304,-0.223,-2.9597,-1.4304,-0.023,1.4305,0.0,12.0,11.9059,9.33788776397705,2.714798927307129,-108.48,0,1,180,1.643,0.0113,1.0,0.4768,0.0034,0.3,0.1907,0.4941,2.4314
156.201,4,NAVIGATE,0.2691,0.0878,-2.0381,-1.2445,-0.2209,-2.9883,-1.4445,-0.0209,1.4446,0.0,12.0,11.9152,9.298138618469238,2.724813461303711,-107.97,0,1,180,1.599,0.0081,1.0,0.4815,0.0024,0.3,0.1926,0.495,2.4493
156.251,4,NAVIGATE,0.2109,0.0772,-2.0249,-1.2639,-0.2173,-3.024,-1.4639,-0.0173,1.464,0.0,12.0,11.9247,9.257086753845215,2.7369744777679443,-107.72,0,1,180,1.684,0.0059,1.0,0.488,0.0018,0.3,0.1952,0.497,2.464
156.301,4,NAVIGATE,0.1713,0.0701,-2.0151,-1.2785,-0.2135,-3.0513,-1.4785,-0.0135,1.4786,0.0,12.0,11.9311,9.180808067321777,2.7579660415649414,-106.72,0,1,180,1.479,0.0052,1.0,0.4929,0.0016,0.3,0.1971,0.4987,2.4437
156.351,4,NAVIGATE,0.1006,0.0579,-1.9969,-1.3053,-0.204,-3.1054,-1.4,-0.004,1.4,0.0,12.0,11.9425,9.14120101928711,2.7712299823760986,-105.72,0,1,180,1.769,0.0056,1.0,0.4667,0.0017,0.3,0.1867,0.4883,2.463
156.401,4,NAVIGATE,0.049,0.0496,-1.9831,-1.3242,-0.1945,3.1345,-1.4,0.0055,1.4,0.0,12.0,11.9505,9.093379020690918,2.780494451522827,-104.47,0,1,180,1.745,0.0081,1.0,0.4667,0.0024,0.3,0.1867,0.4891,2.4634
156.451,4,NAVIGATE,-0.0041,0.0416,-1.9684,-1.3429,-0.1831,3.0877,-1.4,0.0169,1.4001,0.0,12.0,11.9584,9.006335258483887,2.804786443710327,-102.22,0,1,180,1.617,0.0118,1.0,0.4667,0.0035,0.3,0.1867,0.4902,2.439
156.501,4,NAVIGATE,-0.0699,0.0321,-1.9499,-1.3626,-0.1675,3.0272,-1.4,0.0325,1.4004,0.0,12.0,11.9681,8.959935188293457,2.8145558834075928,-100.97,0,1,180,1.636,0.0174,1.0,0.4668,0.0052,0.3,0.1867,0.4919,2.452
156.551,4,NAVIGATE,-0.1364,0.0235,-1.9316,-1.3781,-0.1504,2.962,-1.4,0.0496,1.4009,0.0,12.0,11.9772,8.911972999572754,2.8287513256073,-99.22,0,1,180,1.762,0.024,1.0,0.467,0.0072,0.3,0.1868,0.494,2.4583
156.601,4,NAVIGATE,-0.1928,0.019,-1.9136,-1.3885,-0.1349,2.9041,-1.4,0.0651,1.4015,0.0,12.0,11.9825,8.825812339782715,2.8079793453216553,-64.94,0,1,180,1.882,0.0304,1.0,0.4672,0.0091,0.3,0.1869,0.496,2.4017
156.651,4,NAVIGATE,-0.2608,0.0148,-1.8919,-1.3983,-0.116,2.8305,-1.4,0.084,1.4025,0.0,12.0,11.9881,8.8003568649292,2.7977993488311768,-62.93,0,1,180,1.664,0.0382,1.0,0.4675,0.0115,0.3,0.187,0.4985,2.4321
156.701,4,NAVIGATE,-0.3178,0.0118,-1.8746,-1.4049,-0.1003,2.7655,-1.4,0.0997,1.4035,0.0,12.0,11.9924,5.968327045440674,2.7836122512817383,-60.93,0,1,180,1.084,0.0446,1.0,0.4678,0.0134,0.3,0.1871,0.5005,2.4277
156.751,4,NAVIGATE,-0.3751,0.01,-1.8547,-1.4104,-0.0848,2.6975,-1.4,0.1152,1.4047,0.0,12.0,11.9959,4.972628116607666,2.762800693511963,-56.43,0,1,180,1.068,0.0508,1.0,0.4682,0.0153,0.3,0.1873,0.5025,2.2429
156.8,4,NAVIGATE,-0.444,0.0085,-1.8312,-1.4164,-0.0664,2.6119,-1.4,0.1336,1.4064,0.0,12.0,11.9998,4.5844950675964355,2.7526588439941406,-54.18,0,1,180,1.043,0.0581,1.0,0.4688,0.0174,0.3,0.1875,0.505,2.3182
156.85,4,NAVIGATE,-0.5125,0.0075,-1.8098,-1.4216,-0.0481,2.5222,-1.4,0.1519,1.4082,0.0,12.0,12.0035,4.218225955963135,2.743654251098633,-51.42,0,1,180,1.009,0.0653,1.0,0.4694,0.0196,0.3,0.1878,0.5073,2.3689
156.9,4,NAVIGATE,-0.569,0.0078,-1.7962,-1.4256,-0.0321,2.4445,-1.4,0.1679,1.41,0.0,12.0,12.0056,3.704679012298584,2.7214243412017822,-46.17,0,1,180,1.072,0.0719,1.0,0.47,0.0216,0.3,0.188,0.5096,2.1287
156.95,4,NAVIGATE,-0.637,0.0089,-1.7808,-1.4301,-0.0112,2.3485,-1.4,0.1888,1.4127,0.0,12.0,12.008,3.498929023742676,2.712552070617676,-43.16,0,1,180,0.956,0.0809,1.0,0.4709,0.0243,0.3,0.1884,0.5126,2.2081
157.001,4,NAVIGATE,-0.6935,0.01,-1.7702,-1.4334,0.0082,2.2676,-1.4,0.2082,1.4154,0.0,12.0,12.0101,3.302345037460327,2.7008109092712402,-40.16,0,1,180,1.074,0.0898,1.0,0.4718,0.0269,0.3,0.1887,0.5156,2.1705
157.051,4,NAVIGATE,-0.7486,0.011,-1.7635,-1.4357,0.0292,2.1872,-1.4,0.2292,1.4186,0.0,12.0,12.0124,3.157564878463745,2.6960713863372803,-37.41,0,1,180,1.16,0.0997,1.0,0.4729,0.0299,0.3,0.1892,0.5191,2.1805
157.101,4,NAVIGATE,-0.8153,0.0134,-1.7607,-1.4374,0.0563,2.0923,-1.4,0.2563,1.4233,0.0,12.0,12.0143,2.937110662460327,2.679455518722534,-30.9,0,1,180,1.087,0.1129,1.0,0.4744,0.0339,0.3,0.1898,0.5236,1.9419
157.15,4,NAVIGATE,-0.8712,0.0164,-1.7629,-1.4377,0.0788,2.0155,-1.4,0.2788,1.4275,0.0,12.0,12.0152,2.8459877967834473,2.6702568531036377,-28.65,0,1,180,1.033,0.1237,1.0,0.4758,0.0371,0.3,0.1903,0.5274,1.8893
157.2,4,NAVIGATE,-0.9387,0.0215,-1.7717,-1.4366,0.1047,1.9272,-1.4,0.3047,1.4328,0.0,12.0,12.0152,2.731656074523926,2.6579678058624268,-23.15,0,1,180,1.013,0.1357,1.0,0.4776,0.0407,0.3,0.191,0.5318,1.6627
157.25,4,NAVIGATE,-1.0062,0.0276,-1.7829,-1.4341,0.1287,1.8442,-1.4,0.3287,1.4381,0.0,12.0,12.0146,2.6960740089416504,2.6522767543792725,-20.89,0,1,180,1.075,0.1462,1.0,0.4794,0.0439,0.3,0.1917,0.5356,1.6921
157.3,4,NAVIGATE,-1.0635,0.0327,-1.7925,-1.4316,0.1471,1.7795,-1.4,0.3471,1.4424,0.0,12.0,12.0145,2.6647238731384277,2.6462514400482178,-17.39,0,1,180,1.01,0.1538,1.0,0.4808,0.0461,0.3,0.1923,0.5385,1.638
157.351,4,NAVIGATE,-1.1213,0.0379,-1.8024,-1.4288,0.1644,1.7194,-1.4,0.3644,1.4466,0.0,12.0,12.0145,2.6335203647613525,2.6335203647613525,-9.13,0,1,180,1.131,0.1604,1.0,0.4822,0.0481,0.3,0.1929,0.541,1.3979
157.4,4,NAVIGATE,-1.1904,0.0453,-1.8148,-1.425,0.1839,1.6534,-1.4,0.3839,1.4517,0.0,12.0,12.0139,2.6276233196258545,2.6276233196258545,-7.13,0,1,180,1.03,0.1676,1.0,0.4839,0.0503,0.3,0.1936,0.5438,1.4198
157.45,4,NAVIGATE,-1.2596,0.0547,-1.8281,-1.4214,0.2027,1.5944,-1.4,0.4027,1.4568,0.0,12.0,12.0116,2.6219258308410645,2.6219258308410645,-4.88,0,1,180,1.014,0.1741,1.0,0.4856,0.0522,0.3,0.1942,0.5465,1.3977
157.501,4,NAVIGATE,-1.3174,0.0636,-1.8393,-1.4186,0.2181,1.5506,-1.4,0.4181,1.4611,0.0,12.0,12.0089,2.608882427215576,2.608882427215576,-1.63,0,1,180,1.197,0.1793,1.0,0.487,0.0538,0.3,0.1948,0.5486,1.1958
157.55,4,NAVIGATE,-1.3864,0.075,-1.8528,-1.4151,0.2361,1.5043,-1.4,0.4361,1.4663,0.0,12.0,12.0053,2.6016769409179688,2.6016769409179688,0.13,0,1,180,0.983,0.1851,1.0,0.4888,0.0555,0.3,0.1955,0.551,1.1795
157.601,4,NAVIGATE,-1.4448,0.0862,-1.8593,-1.4127,0.2515,1.471,-1.4,0.4515,1.471,0.0,12.0,12.0011,2.5934031009674072,2.5934031009674072,3.38,0,1,180,1.068,0.1901,1.0,0.4903,0.057,0.3,0.1961,0.5532,1.1243
157.651,4,NAVIGATE,-1.503,0.0981,-1.8653,-1.4106,0.267,1.4422,-1.3,0.467,1.3813,0.0,12.0,11.9964,2.586581230163574,2.586581230163574,4.38,0,1,180,1.055,0.2175,1.0,0.4604,0.0652,0.3,0.1842,0.5494,1.0603
157.701,4,NAVIGATE,-1.5725,0.113,-1.8734,-1.4085,0.2855,1.4135,-1.2,0.4855,1.2945,0.0,12.0,11.9905,2.5706467628479004,2.5706467628479004,6.63,0,1,180,1.152,0.2502,1.0,0.4315,0.0751,0.3,0.1726,0.5477,0.9161
157.751,4,NAVIGATE,-1.6414,0.1307,-1.8839,-1.4073,0.3043,1.3908,-1.2,0.5043,1.3017,0.0,12.0,11.9823,2.5617780685424805,2.5617780685424805,8.63,0,1,180,1.14,0.2575,1.0,0.4339,0.0773,0.3,0.1736,0.5508,0.857
157.8,4,NAVIGATE,-1.6986,0.1457,-1.8931,-1.405,0.3196,1.3763,-1.3,0.4196,1.366,0.0,12.0,11.9754,2.542006731033325,2.542006731033325,9.63,0,1,180,0.969,0.1691,1.0,0.4553,0.0507,0.3,0.1821,0.5329,1.0371
157.851,4,NAVIGATE,-1.7556,0.161,-1.9023,-1.3998,0.3341,1.3654,-1.3,0.4341,1.3706,0.0,12.0,11.9684,2.534102201461792,2.5329415798187256,10.63,0,1,180,1.646,0.1742,1.0,0.4569,0.0523,0.3,0.1827,0.535,0.9883
157.901,4,NAVIGATE,-1.8249,0.1788,-1.9074,-1.3901,0.3506,1.3563,-1.2,0.4506,1.2818,0.0,12.0,11.9612,2.5234622955322266,2.521928310394287,10.89,0,1,180,1.62,0.2046,1.0,0.4273,0.0614,0.3,0.1709,0.5323,0.9199
157.951,4,NAVIGATE,-1.8821,0.194,-1.912,-1.3812,0.362,1.3516,-1.2,0.462,1.2859,0.0,12.0,11.9551,2.513082504272461,2.5116732120513916,12.64,0,1,180,1.584,0.2079,1.0,0.4286,0.0624,0.3,0.1715,0.5338,0.8658
158.001,4,NAVIGATE,-1.9501,0.2126,-1.9184,-1.3717,0.3733,1.3494,-1.1,0.4733,1.1975,0.0,12.0,11.9476,2.4903409481048584,2.4883615970611572,12.89,0,1,180,1.541,0.24,1.0,0.3992,0.072,0.3,0.1597,0.5317,0.788
158.051,4,NAVIGATE,-2.0065,0.2287,-1.9247,-1.364,0.3817,1.3499,-1.1,0.4817,1.2009,0.0,12.0,11.9411,2.4793128967285156,2.4751529693603516,11.89,0,1,180,1.844,0.2415,1.0,0.4003,0.0725,0.3,0.1601,0.5326,0.7422
158.101,4,NAVIGATE,-2.0622,0.2451,-1.9309,-1.3566,0.3895,1.3521,-1.3,0.3895,1.3571,0.0,12.0,11.9345,2.466581106185913,2.463712453842163,11.89,0,1,180,1.546,0.1172,1.0,0.4524,0.0352,0.3,0.1809,0.5161,1.0098
158.151,4,NAVIGATE,-2.1294,0.2651,-1.94,-1.346,0.399,1.3567,-1.3,0.399,1.3598,0.0,12.0,11.9265,2.442657947540283,2.4393045902252197,11.89,0,1,180,1.499,0.118,1.0,0.4533,0.0354,0.3,0.1813,0.5167,0.9538
158.201,4,NAVIGATE,-2.1971,0.2859,-1.9515,-1.3339,0.4085,1.3626,-1.2,0.4085,1.2676,0.0,12.0,11.9183,2.427182912826538,2.4255542755126953,12.64,0,1,180,1.622,0.1422,1.0,0.4225,0.0427,0.3,0.169,0.5117,0.8971
158.251,4,NAVIGATE,-2.2528,0.3034,-1.9604,-1.326,0.4143,1.3681,-1.2,0.4143,1.2695,0.0,12.0,11.9115,2.4020440578460693,2.398446798324585,11.64,0,1,180,1.668,0.1417,1.0,0.4232,0.0425,0.3,0.1693,0.5118,0.8627
158.301,4,NAVIGATE,-2.3174,0.3235,-1.9703,-1.3194,0.4185,1.3756,-1.2,0.4185,1.2709,0.0,12.0,11.9043,2.3892133235931396,2.3871376514434814,11.64,0,1,180,1.736,0.1392,1.0,0.4236,0.0418,0.3,0.1695,0.5112,0.8266
158.352,4,NAVIGATE,-2.3801,0.3427,-1.9794,-1.3138,0.4212,1.3836,-1.1,0.4212,1.1779,0.0,12.0,11.8978,2.3732659816741943,2.3720543384552,10.63,0,1,180,1.586,0.1635,1.0,0.3926,0.0491,0.3,0.1571,0.5061,0.7991
158.402,4,NAVIGATE,-2.4218,0.3557,-1.985,-1.3105,0.4226,1.3892,-1.1,0.4226,1.1784,0.0,12.0,11.8935,2.3600833415985107,2.3585574626922607,11.89,0,1,180,1.905,0.161,1.0,0.3928,0.0483,0.3,0.1571,0.5054,0.7828
158.451,4,NAVIGATE,-2.4843,0.3763,-1.9918,-1.306,0.4247,1.3975,-1.1,0.4247,1.1791,0.0,12.0,11.8863,2.3326516151428223,2.3326516151428223,9.38,0,1,180,1.628,0.1573,1.0,0.393,0.0472,0.3,0.1572,0.5044,0.7574
158.501,4,NAVIGATE,-2.5464,0.3973,-1.9975,-1.2995,0.4274,1.4056,-1.0995,0.4274,1.1796,0.0,12.0,11.8789,2.3170015811920166,2.316709280014038,10.38,0,1,180,1.647,0.1541,1.0,0.3932,0.0462,0.3,0.1573,0.5035,0.7289
158.551,4,NAVIGATE,-2.5979,0.4148,-2.0019,-1.2921,0.4297,1.412,-1.0921,0.4297,1.1736,0.0,12.0,11.8729,2.3036766052246094,2.3035800457000732,10.38,0,1,180,1.661,0.1537,1.0,0.3912,0.0461,0.3,0.1565,0.5026,0.7064
158.601,4,NAVIGATE,-2.6623,0.4355,-2.0028,-1.2825,0.4324,1.4189,-1.0825,0.4324,1.1657,0.0,12.0,11.867,2.275794267654419,2.275794267654419,9.13,0,1,180,1.626,0.1532,1.0,0.3886,0.0459,0.3,0.1554,0.5014,0.6849
158.651,4,NAVIGATE,-2.7159,0.4528,-2.003,-1.2736,0.4347,1.4239,-1.3736,0.3347,1.4138,0.0,12.0,11.8623,2.259880781173706,2.259880781173706,8.38,0,1,180,1.532,0.008,1.0,0.4713,0.0024,0.3,0.1885,0.4909,1.0564
158.702,4,NAVIGATE,-2.7689,0.4701,-2.0033,-1.264,0.4371,1.428,-1.364,0.3371,1.405,0.0,12.0,11.8577,2.247515916824341,2.247515916824341,7.13,0,1,180,1.999,0.0066,1.0,0.4683,0.002,0.3,0.1873,0.4893,1.0814
158.751,4,NAVIGATE,-2.8287,0.491,-2.0042,-1.2499,0.4408,1.4314,-1.3499,0.3408,1.3923,0.0,12.0,11.8515,2.2196948528289795,2.2196948528289795,8.13,0,1,180,1.663,0.0063,1.0,0.4641,0.0019,0.3,0.1856,0.4875,1.0431
158.801,4,NAVIGATE,-2.8873,0.512,-2.0054,-1.2426,0.4413,1.4333,-1.3426,0.3413,1.3853,0.0,12.0,11.8453,2.2027132511138916,2.2027132511138916,8.63,0,1,180,1.667,0.0027,1.0,0.4618,0.0008,0.3,0.1847,0.4855,1.0246
158.851,4,NAVIGATE,-2.9354,0.5296,-2.0064,-1.2421,0.4396,1.4342,-1.3421,0.3396,1.3844,0.0,12.0,11.8401,2.1901445388793945,2.1901445388793945,8.38,0,1,180,1.732,-0.0027,1.0,0.4615,-0.0008,0.3,0.1846,0.4838,1.0205
158.901,4,NAVIGATE,-2.9903,0.5513,-2.0071,-1.2465,0.4366,1.4344,-1.4465,0.3366,1.4851,0.0,12.0,11.8328,2.1630306243896484,2.1630306243896484,8.63,0,1,180,1.695,-0.0268,1.0,0.495,-0.008,0.3,0.198,0.49,1.1173
158.951,4,NAVIGATE,-3.0369,0.5692,-2.0079,-1.2534,0.4336,1.4339,-1.4534,0.3336,1.4911,0.0,12.0,11.8274,2.1462838649749756,2.1462838649749756,7.38,0,1,180,1.665,-0.034,1.0,0.497,-0.0102,0.3,0.1988,0.4886,1.1199
159.001,4,NAVIGATE,-3.0839,0.5874,-2.0091,-1.2614,0.4307,1.4325,-1.4614,0.3307,1.4984,0.0,12.0,11.8219,2.1330745220184326,2.1330745220184326,8.88,0,1,180,1.762,-0.0413,1.0,0.4995,-0.0124,0.3,0.1998,0.4874,1.1288
159.051,4,NAVIGATE,-3.1404,0.6113,-2.0119,-1.2734,0.428,1.4298,-1.3734,0.328,1.412,0.0,12.0,11.8138,2.1060659885406494,2.1060659885406494,7.38,0,1,180,1.676,-0.0346,1.0,0.4707,-0.0104,0.3,0.1883,0.4779,1.0708
159.101,4,NAVIGATE,-3.1982,0.6345,-2.0145,-1.2877,0.4253,1.4261,-1.3877,0.3253,1.4253,0.0,12.0,11.8069,2.0918073654174805,2.0918073654174805,9.13,0,1,180,1.603,-0.044,1.0,0.4751,-0.0132,0.3,0.19,0.4768,1.0825
159.152,4,NAVIGATE,-3.2485,0.6534,-2.0164,-1.3014,0.4229,1.4224,-1.4,0.3229,1.4368,0.0,12.0,11.8025,2.0786402225494385,2.0786402225494385,9.63,0,1,180,1.845,-0.0521,1.0,0.4789,-0.0156,0.3,0.1916,0.4759,1.0963
159.201,4,NAVIGATE,-3.3105,0.6755,-2.0186,-1.3166,0.4201,1.4174,-1.4,0.3201,1.4361,0.0,12.0,11.7985,2.0519983768463135,2.0519983768463135,7.88,0,1,180,1.919,-0.0596,1.0,0.4787,-0.0179,0.3,0.1915,0.4736,1.0921
159.251,4,NAVIGATE,-3.3628,0.6935,-2.0202,-1.3272,0.4176,1.4127,-1.4,0.3176,1.4356,0.0,12.0,11.796,2.0370006561279297,2.0370006561279297,9.13,0,1,180,1.701,-0.0659,1.0,0.4785,-0.0198,0.3,0.1914,0.4716,1.0906
159.301,4,NAVIGATE,-3.4154,0.7119,-2.0226,-1.3362,0.4152,1.4075,-1.4,0.3152,1.435,0.0,12.0,11.7935,2.0245885848999023,2.0245885848999023,7.63,0,1,180,1.681,-0.0723,1.0,0.4783,-0.0217,0.3,0.1913,0.4696,1.0964
159.351,4,NAVIGATE,-3.4683,0.7303,-2.0252,-1.3437,0.4126,1.4018,-1.4,0.3126,1.4345,0.0,12.0,11.7914,1.9986188411712646,1.9986188411712646,8.88,0,1,180,1.552,-0.0788,1.0,0.4782,-0.0236,0.3,0.1913,0.4676,1.0875
159.401,4,NAVIGATE,-3.5324,0.7518,-2.028,-1.351,0.4091,1.3944,-1.4,0.3091,1.4337,0.0,12.0,11.7898,1.98443603515625,1.98443603515625,8.88,0,1,180,1.546,-0.0869,1.0,0.4779,-0.0261,0.3,0.1912,0.4651,1.1006
159.451,4,NAVIGATE,-3.5846,0.7696,-2.0283,-1.3555,0.406,1.3878,-1.4,0.306,1.4331,0.0,12.0,11.7886,1.9715700149536133,1.9712029695510864,10.38,0,1,180,1.689,-0.0936,1.0,0.4777,-0.0281,0.3,0.1911,0.463,1.0979
159.501,4,NAVIGATE,-3.6466,0.7904,-2.0275,-1.3597,0.402,1.3796,-1.1,0.402,1.1711,0.0,12.0,11.7878,1.9473583698272705,1.947248935699463,11.14,0,1,180,1.63,0.0358,1.0,0.3904,0.0107,0.3,0.1562,0.4669,0.6878
159.551,4,NAVIGATE,-3.6988,0.8074,-2.0269,-1.3632,0.3984,1.3724,-1.1,0.3984,1.1699,0.0,12.0,11.788,1.9326318502426147,1.9326318502426147,9.13,0,1,180,1.647,0.0283,1.0,0.39,0.0085,0.3,0.156,0.4645,0.7036
159.601,4,NAVIGATE,-3.76,0.829,-2.0229,-1.3671,0.3943,1.3635,-1.2,0.3943,1.2631,0.0,12.0,11.7868,1.9216216802597046,1.9200447797775269,11.64,0,1,180,1.556,-0.0072,1.0,0.421,-0.0022,0.3,0.1684,0.4663,0.8096
159.651,4,NAVIGATE,-3.8112,0.8467,-2.0196,-1.3651,0.3934,1.3562,-1.1,0.3934,1.1682,0.0,12.0,11.7864,1.898271918296814,1.8957113027572632,12.14,0,1,180,1.626,0.0142,1.0,0.3894,0.0043,0.3,0.1558,0.46,0.7209
159.701,4,NAVIGATE,-3.8729,0.8676,-2.0164,-1.3554,0.3948,1.3472,-1.2,0.3948,1.2633,0.0,12.0,11.7868,1.885129690170288,1.8818031549453735,11.89,0,1,180,1.631,-0.017,1.0,0.4211,-0.0051,0.3,0.1684,0.4634,0.7999
159.751,4,NAVIGATE,-3.9262,0.8875,-2.0132,-1.3453,0.3989,1.3396,-1.1,0.3989,1.1701,0.0,12.0,11.7857,1.872314453125,1.8692069053649902,13.39,0,1,180,1.694,0.0083,1.0,0.39,0.0025,0.3,0.156,0.4585,0.7243
159.801,4,NAVIGATE,-3.9896,0.911,-2.0102,-1.3298,0.4043,1.3302,-1.1,0.4043,1.1719,0.0,12.0,11.7849,1.8488599061965942,1.8459089994430542,13.89,0,1,180,1.724,0.0069,1.0,0.3906,0.0021,0.3,0.1563,0.4583,0.7133
159.851,4,NAVIGATE,-4.042,0.9302,-2.0083,-1.3168,0.4084,1.3223,-1.1,0.4084,1.1734,0.0,12.0,11.7847,1.837486743927002,1.832316517829895,13.39,0,1,180,1.721,0.0054,1.0,0.3911,0.0016,0.3,0.1564,0.4581,0.706
159.901,4,NAVIGATE,-4.1072,0.9528,-2.0073,-1.3015,0.4128,1.3128,-1.1,0.4128,1.1749,0.0,12.0,11.786,1.826379418373108,1.8200782537460327,13.64,0,1,180,1.7,0.0031,1.0,0.3916,0.0009,0.3,0.1567,0.4576,0.7058
159.952,4,NAVIGATE,-4.1607,0.9714,-2.0069,-1.2887,0.4161,1.3049,-1.0887,0.4161,1.1655,0.0,12.0,11.7874,1.803119421005249,1.795172929763794,17.14,0,1,180,1.695,0.0043,1.0,0.3885,0.0013,0.3,0.1554,0.4567,0.6849
160.001,4,NAVIGATE,-4.213,0.9898,-2.0068,-1.276,0.4189,1.2971,-1.076,0.4189,1.1547,0.0,12.0,11.7887,1.7886711359024048,1.7815501689910889,16.14,0,1,180,1.651,0.0059,1.0,0.3849,0.0018,0.3,0.154,0.4557,0.6744
160.051,4,NAVIGATE,-4.2721,1.0112,-2.0069,-1.2603,0.4215,1.2879,-1.0603,0.4215,1.141,0.0,12.0,11.79,1.7796810865402222,1.7691019773483276,14.89,0,1,180,1.624,0.0076,1.0,0.3803,0.0023,0.3,0.1521,0.4544,0.6666
160.101,4,NAVIGATE,-4.321,1.029,-2.0073,-1.2481,0.4235,1.2804,-1.0481,0.4235,1.1304,0.0,12.0,11.7913,1.7675343751907349,1.7571436166763306,15.39,0,1,180,1.566,0.0088,1.0,0.3768,0.0027,0.3,0.1507,0.4534,0.6588
160.151,4,NAVIGATE,-4.3694,1.0468,-2.0074,-1.2364,0.4256,1.2732,-1.0364,0.4256,1.1204,0.0,12.0,11.7926,1.7427858114242554,1.7307944297790527,17.14,0,1,180,1.551,0.0101,1.0,0.3735,0.003,0.3,0.1494,0.4524,0.6354
160.201,4,NAVIGATE,-4.4266,1.0681,-2.0058,-1.2225,0.4283,1.2648,-1.0225,0.4283,1.1086,0.0,12.0,11.7941,1.7320575714111328,1.716162085533142,16.39,0,1,180,1.671,0.0119,1.0,0.3695,0.0036,0.3,0.1478,0.4514,0.6259
160.252,4,NAVIGATE,-4.474,1.0859,-2.0049,-1.2113,0.4306,1.258,-1.0113,0.4306,1.0991,0.0,12.0,11.7955,1.7204676866531372,1.7041513919830322,16.64,0,1,180,2.729,0.0135,1.0,0.3664,0.004,0.3,0.1465,0.4506,0.615
160.301,4,NAVIGATE,-4.5326,1.1066,-2.002,-1.199,0.4334,1.2502,-1.099,0.3334,1.1485,0.0,12.0,11.7987,1.6952261924743652,1.677093267440796,18.64,0,1,180,1.614,-0.0996,1.0,0.3828,-0.0299,0.3,0.1531,0.4233,0.8361
160.351,4,NAVIGATE,-4.5925,1.1269,-1.9978,-1.1876,0.4366,1.2426,-1.0876,0.3366,1.1385,0.0,12.0,11.8032,1.6828752756118774,1.6648722887039185,16.64,0,1,180,2.002,-0.0993,1.0,0.3795,-0.0298,0.3,0.1518,0.422,0.8249
160.401,4,NAVIGATE,-4.6417,1.144,-1.9949,-1.1775,0.4396,1.2363,-1.0775,0.3396,1.1298,0.0,12.0,11.8067,1.67116117477417,1.6514767408370972,17.89,0,1,180,1.685,-0.0986,1.0,0.3766,-0.0296,0.3,0.1506,0.4211,0.8154
160.451,4,NAVIGATE,-4.6979,1.1653,-1.991,-1.1668,0.4406,1.229,-1.0668,0.3406,1.1199,0.0,12.0,11.8094,1.646414041519165,1.6244490146636963,17.89,0,1,180,1.638,-0.1,1.0,0.3733,-0.03,0.3,0.1493,0.4193,0.7925
160.502,4,NAVIGATE,-4.7437,1.1833,-1.9881,-1.1593,0.4395,1.2232,-0.9593,0.4395,1.0552,0.0,12.0,11.8111,1.6351327896118164,1.610329031944275,20.64,0,1,180,2.148,0.0163,1.0,0.3517,0.0049,0.3,0.1407,0.4456,0.5837
160.552,4,NAVIGATE,-4.7983,1.2047,-1.9855,-1.1521,0.4362,1.2167,-1.0521,0.4362,1.139,0.0,12.0,11.8136,1.6241679191589355,1.5981364250183105,21.39,0,1,180,2.112,-0.0252,1.0,0.3797,-0.0076,0.3,0.1519,0.4443,0.6565
160.601,4,NAVIGATE,-4.8449,1.222,-1.9841,-1.1483,0.4321,1.2115,-0.9483,0.4321,1.0421,0.0,12.0,11.8169,1.598440408706665,1.5694926977157593,19.39,0,1,180,1.674,0.0051,1.0,0.3474,0.0015,0.3,0.1389,0.4405,0.5719
160.651,4,NAVIGATE,-4.9008,1.2425,-1.9832,-1.142,0.4296,1.2054,-1.042,0.4296,1.1271,0.0,12.0,11.8212,1.583564281463623,1.5569379329681396,20.14,0,1,180,1.539,-0.0364,1.0,0.3757,-0.0109,0.3,0.1503,0.4393,0.6411
160.701,4,NAVIGATE,-4.9471,1.2595,-1.983,-1.1365,0.4294,1.2005,-1.0365,0.4294,1.1219,0.0,12.0,11.8251,1.572786808013916,1.543357491493225,20.64,0,1,180,1.738,-0.0389,1.0,0.374,-0.0117,0.3,0.1496,0.4379,0.6354
160.751,4,NAVIGATE,-5.0045,1.2767,-1.986,-1.1287,0.4295,1.1947,-1.0287,0.4295,1.1148,0.0,12.0,11.8336,1.5484620332717896,1.51699960231781,19.64,0,1,180,1.633,-0.0411,1.0,0.3716,-0.0123,0.3,0.1486,0.4363,0.6467
160.801,4,NAVIGATE,-5.0521,1.2909,-1.989,-1.1222,0.4302,1.1899,-1.0222,0.4302,1.1091,0.0,12.0,11.8409,1.5360974073410034,1.5028561353683472,20.14,0,1,180,1.664,-0.0424,1.0,0.3697,-0.0127,0.3,0.1479,0.4351,0.6403
160.851,4,NAVIGATE,-5.1086,1.3086,-1.9932,-1.1151,0.4316,1.1843,-1.0151,0.4316,1.103,0.0,12.0,11.8492,1.5116126537322998,1.477850317955017,20.89,0,1,180,1.589,-0.0437,1.0,0.3677,-0.0131,0.3,0.1471,0.434,0.6219
160.901,4,NAVIGATE,-5.1645,1.3274,-2.0002,-1.109,0.4331,1.1789,-1.009,0.4331,1.098,0.0,12.0,11.8565,1.4976692199707031,1.4622230529785156,21.65,0,1,180,1.626,-0.0452,1.0,0.366,-0.0136,0.3,0.1464,0.4328,0.6315
160.951,4,NAVIGATE,-5.2198,1.3464,-2.0065,-1.1035,0.4347,1.1738,-1.0035,0.4347,1.0936,0.0,12.0,11.8636,1.4861774444580078,1.450237512588501,21.9,0,1,180,1.642,-0.0468,1.0,0.3645,-0.014,0.3,0.1458,0.4318,0.6236
161.001,4,NAVIGATE,-5.2659,1.3621,-2.0132,-1.0991,0.4358,1.1695,-0.9991,0.4358,1.09,0.0,12.0,11.8699,1.4604586362838745,1.4235713481903076,21.39,0,1,180,1.666,-0.0483,1.0,0.3633,-0.0145,0.3,0.1453,0.4308,0.611
161.051,4,NAVIGATE,-5.3212,1.3805,-2.0236,-1.0937,0.4368,1.1645,-0.8937,0.4368,0.9947,0.0,12.0,11.8781,1.447975754737854,1.4092786312103271,23.65,0,1,180,1.636,-0.0099,1.0,0.3316,-0.003,0.3,0.1326,0.4297,0.5637
161.101,4,NAVIGATE,-5.3667,1.396,-2.0311,-1.0891,0.4376,1.1603,-0.8891,0.4376,0.9909,0.0,12.0,11.8847,1.4349005222320557,1.395334005355835,22.15,0,1,180,1.656,-0.0111,1.0,0.3303,-0.0033,0.3,0.1321,0.4288,0.5547
161.151,4,NAVIGATE,-5.4218,1.4139,-2.0391,-1.0843,0.4383,1.1555,-0.8843,0.4383,0.987,0.0,12.0,11.8937,1.4091471433639526,1.3691012859344482,24.65,0,1,180,1.496,-0.0131,1.0,0.329,-0.0039,0.3,0.1316,0.4277,0.5571
161.201,4,NAVIGATE,-5.4765,1.4318,-2.0458,-1.0773,0.4394,1.1507,-0.8773,0.4394,0.9812,0.0,12.0,11.9029,1.3949447870254517,1.3541663885116577,24.15,0,1,180,1.676,-0.0137,1.0,0.3271,-0.0041,0.3,0.1308,0.4267,0.5707
161.251,4,NAVIGATE,-5.5215,1.4471,-2.0504,-1.0692,0.4405,1.1468,-0.8692,0.4405,0.9744,0.0,12.0,11.9101,1.3681774139404297,1.3269329071044922,23.65,0,1,180,1.688,-0.013,1.0,0.3248,-0.0039,0.3,0.1299,0.426,0.5498
161.301,4,NAVIGATE,-5.5726,1.4664,-2.0578,-1.0562,0.4419,1.142,-0.8562,0.4419,0.9635,0.0,12.0,11.9168,1.3560512065887451,1.3132984638214111,23.9,0,1,180,1.784,-0.0102,1.0,0.3212,-0.0031,0.3,0.1285,0.4254,0.5567
161.351,4,NAVIGATE,-5.6226,1.4862,-2.0641,-1.0416,0.4433,1.137,-0.8416,0.4433,0.9512,0.0,12.0,11.9228,1.3423453569412231,1.298045039176941,23.9,0,1,180,1.56,-0.0063,1.0,0.3171,-0.0019,0.3,0.1268,0.4249,0.5409
161.401,4,NAVIGATE,-5.663,1.5023,-2.0686,-1.0287,0.4441,1.133,-0.8287,0.4441,0.9402,0.0,12.0,11.9278,1.3163930177688599,1.2704715728759766,23.4,0,1,180,1.545,-0.0027,1.0,0.3134,-0.0008,0.3,0.1254,0.4245,0.5334
161.451,4,NAVIGATE,-5.7078,1.5193,-2.0736,-1.0117,0.4437,1.128,-0.8117,0.4437,0.9251,0.0,12.0,11.9341,1.303107738494873,1.257171392440796,25.9,0,1,180,1.587,0.0016,1.0,0.3084,0.0005,0.3,0.1233,0.4238,0.5366
161.501,4,NAVIGATE,-5.7449,1.534,-2.0768,-0.9979,0.4437,1.1239,-0.7979,0.4437,0.9129,0.0,12.0,11.9391,1.2861348390579224,1.2394767999649048,25.9,0,1,180,1.642,0.0054,1.0,0.3043,0.0016,0.3,0.1217,0.4234,0.5221
161.551,4,NAVIGATE,-5.7809,1.5486,-2.0785,-0.9841,0.4437,1.1198,-0.7841,0.4437,0.9009,0.0,12.0,11.9437,1.2602177858352661,1.212991714477539,25.4,0,1,180,1.531,0.0097,1.0,0.3003,0.0029,0.3,0.1201,0.423,0.5173
161.602,4,NAVIGATE,-5.8195,1.565,-2.0767,-0.9661,0.4433,1.1148,-0.7661,0.4433,0.8851,0.0,12.0,11.9481,1.2483171224594116,1.1985700130462646,25.9,0,1,180,1.819,0.0158,1.0,0.295,0.0047,0.3,0.118,0.4228,0.5225
161.651,4,NAVIGATE,-5.8584,1.582,-2.0746,-0.9488,0.4434,1.1098,-0.7488,0.4434,0.8702,0.0,12.0,11.9522,1.2325881719589233,1.182615876197815,28.15,0,1,180,1.676,0.0223,1.0,0.2901,0.0067,0.3,0.116,0.4227,0.5226
161.702,4,NAVIGATE,-5.8915,1.597,-2.0728,-0.9349,0.444,1.1057,-0.7349,0.444,0.8586,0.0,12.0,11.9555,1.2048231363296509,1.153693437576294,26.15,0,1,180,1.768,0.0281,1.0,0.2862,0.0084,0.3,0.1145,0.4229,0.5111
161.751,4,NAVIGATE,-5.932,1.616,-2.0709,-0.9187,0.4452,1.1008,-0.7187,0.4452,0.8455,0.0,12.0,11.959,1.1911765336990356,1.1393452882766724,25.4,0,1,180,1.595,0.0356,1.0,0.2818,0.0107,0.3,0.1127,0.4234,0.5125
161.801,4,NAVIGATE,-5.9723,1.6353,-2.0688,-0.903,0.4468,1.0961,-0.703,0.4468,0.8329,0.0,12.0,11.9622,1.176098108291626,1.1238270998001099,27.4,0,1,180,1.653,0.0434,0.9992,0.2776,0.013,0.2998,0.1111,0.4238,0.493
161.851,4,NAVIGATE,-6.0003,1.648,-2.0676,-0.8931,0.4478,1.093,-0.7931,0.5478,0.9639,0.0,12.0,11.9653,1.147167444229126,1.094690203666687,23.65,0,1,180,1.762,0.0791,0.9539,0.3213,0.0237,0.2862,0.1285,0.4384,0.4663
161.902,4,NAVIGATE,-6.0423,1.667,-2.0658,-0.8786,0.4493,1.0885,-0.7786,0.5493,0.9529,0.0,12.0,11.97,1.1323808431625366,1.0799033641815186,26.9,0,1,180,2.143,0.0851,0.9264,0.3176,0.0255,0.2779,0.1271,0.4305,0.4624
161.951,4,NAVIGATE,-6.0837,1.6865,-2.064,-0.8635,0.4504,1.084,-0.7635,0.5504,0.9412,0.0,12.0,11.9741,1.118296504020691,1.063857913017273,26.65,0,1,180,1.741,0.0915,0.9211,0.3137,0.0275,0.2763,0.1255,0.4293,0.4605
162.001,4,NAVIGATE,-6.1165,1.7032,-2.0621,-0.8513,0.4531,1.0801,-0.7513,0.5531,0.9329,0.0,12.0,11.9764,1.0874353647232056,1.0332918167114258,28.15,0,1,180,1.734,0.0984,0.9343,0.311,0.0295,0.2803,0.1244,0.4342,0.4669
162.051,4,NAVIGATE,-6.1551,1.7237,-2.0597,-0.8387,0.4586,1.0755,-0.7387,0.5586,0.9261,0.0,12.0,11.9786,1.071810245513916,1.018480658531189,28.4,0,1,180,1.69,0.1076,0.937,0.3087,0.0323,0.2811,0.1235,0.4369,0.4677
162.101,4,NAVIGATE,-6.1935,1.7447,-2.0574,-0.8284,0.4663,1.071,-0.7284,0.5663,0.9226,0.0,12.0,11.9804,1.0558074712753296,1.0018857717514038,27.4,0,1,180,1.509,0.1173,0.9367,0.3075,0.0352,0.281,0.123,0.4392,0.467
162.151,4,NAVIGATE,-6.2204,1.7595,-2.054,-0.8227,0.472,1.0681,-0.7227,0.572,0.9216,0.0,12.0,11.9817,1.026755690574646,0.9711177349090576,26.9,0,1,180,1.675,0.1234,0.922,0.3072,0.037,0.2766,0.1229,0.4365,0.4455
162.201,4,NAVIGATE,-6.2602,1.7821,-2.0492,-0.8148,0.4812,1.0638,-0.7148,0.5812,0.9213,0.0,12.0,11.9832,1.009867548942566,0.9552760124206543,28.4,0,1,180,1.714,0.1326,0.9077,0.3071,0.0398,0.2723,0.1228,0.4349,0.4406
162.251,4,NAVIGATE,-6.2993,1.8053,-2.0446,-0.8071,0.491,1.0597,-0.7071,0.591,0.9215,0.0,12.0,11.9838,0.9935702085494995,0.9383845329284668,26.4,0,1,180,1.719,0.1422,0.8981,0.3072,0.0427,0.2694,0.1229,0.435,0.4324
162.301,4,NAVIGATE,-6.3299,1.8258,-2.0398,-0.7999,0.4998,1.0563,-0.6999,0.4998,0.86,0.0,12.0,11.9826,0.9591134786605835,0.910121738910675,23.65,0,1,180,1.607,0.0636,0.9798,0.2867,0.0191,0.294,0.1147,0.4277,0.4077
162.351,4,NAVIGATE,-6.3666,1.8508,-2.0348,-0.791,0.5103,1.0523,-0.691,0.5103,0.859,0.0,12.0,11.9808,0.9435849785804749,0.8965770602226257,21.9,0,1,180,1.574,0.0758,0.988,0.2863,0.0227,0.2964,0.1145,0.4337,0.4093
162.401,4,NAVIGATE,-6.3971,1.8722,-2.0307,-0.7835,0.5191,1.0491,-0.6835,0.5191,0.8583,0.0,12.0,11.9789,0.9244687557220459,0.8829827308654785,20.14,0,1,180,1.669,0.0861,0.9918,0.2861,0.0258,0.2975,0.1144,0.4378,0.402
162.451,4,NAVIGATE,-6.4283,1.8953,-2.0258,-0.7765,0.5265,1.0459,-0.5765,0.6265,0.8513,0.0,12.0,11.9761,0.8890454769134521,0.8589211106300354,16.64,0,1,180,1.628,0.2574,0.8337,0.2838,0.0772,0.2501,0.1135,0.4408,0.4173
162.502,4,NAVIGATE,-6.4653,1.923,-2.0207,-0.7681,0.5323,1.0422,-0.5681,0.6323,0.85,0.0,12.0,11.9728,0.8710156679153442,0.8475742936134338,15.14,0,1,180,1.748,0.2652,0.8315,0.2833,0.0796,0.2495,0.1133,0.4424,0.4164
162.551,4,NAVIGATE,-6.5019,1.9485,-2.0157,-0.7594,0.5348,1.0384,-0.5594,0.6348,0.8461,0.0,12.0,11.9711,0.8516914248466492,0.8363119959831238,13.14,0,1,180,1.53,0.2708,0.8352,0.282,0.0812,0.2506,0.1128,0.4446,0.4183
162.601,4,NAVIGATE,-6.5319,1.9683,-2.0117,-0.75,0.5374,1.0353,-0.55,0.6374,0.8419,0.0,12.0,11.9709,0.8182095885276794,0.8182095885276794,9.13,0,1,180,1.983,0.278,0.8749,0.2806,0.0834,0.2625,0.1122,0.4581,0.4283
162.652,4,NAVIGATE,-6.5675,1.9924,-2.0077,-0.7362,0.5427,1.0316,-0.5362,0.6427,0.837,0.0,12.0,11.9701,0.8117128610610962,0.8117128610610962,7.38,0,1,180,2.356,0.2905,0.8688,0.279,0.0871,0.2606,0.1116,0.4594,0.4261
162.702,4,NAVIGATE,-6.6021,2.0188,-2.0045,-0.7206,0.5504,1.0277,-0.5206,0.6504,0.8331,0.0,12.0,11.9671,0.803123414516449,0.803123414516449,5.38,0,1,180,2.447,0.3064,0.8832,0.2777,0.0919,0.265,0.1111,0.468,0.434
162.751,4,NAVIGATE,-6.6302,2.0423,-2.0024,-0.707,0.5582,1.0245,-0.507,0.6582,0.8308,0.0,12.0,11.9631,0.7926531434059143,0.7926531434059143,1.38,0,1,180,1.655,0.3212,0.8688,0.2769,0.0964,0.2606,0.1108,0.4678,0.4331
162.801,4,NAVIGATE,-6.6633,2.0706,-2.0005,-0.6904,0.5679,1.0206,-0.4904,0.7679,0.9112,0.0,12.0,11.9579,0.7873992323875427,0.7873992323875427,-0.63,0,1,180,1.519,0.3999,0.8446,0.3037,0.12,0.2534,0.1215,0.4948,0.4161
162.851,4,NAVIGATE,-6.6895,2.0959,-1.9982,-0.6767,0.5765,1.0173,-0.4767,0.7765,0.9112,0.0,12.0,11.9516,0.7845537662506104,0.7845537662506104,-2.63,0,1,180,1.735,0.4134,0.8508,0.3037,0.124,0.2552,0.1215,0.5007,0.4241
162.901,4,NAVIGATE,-6.7203,2.1266,-1.9959,-0.6605,0.5865,1.0134,-0.4605,0.7865,0.9113,0.0,12.0,11.9435,0.7807160019874573,0.7807160019874573,-6.88,0,1,180,1.669,0.4291,0.8742,0.3038,0.1287,0.2622,0.1215,0.5125,0.4396
162.951,4,NAVIGATE,-6.7505,2.1573,-1.9941,-0.6441,0.5989,1.0094,-0.4441,0.7989,0.914,0.0,12.0,11.9352,0.7796032428741455,0.7796032428741455,-8.63,0,1,180,1.516,0.446,0.878,0.3047,0.1338,0.2634,0.1219,0.5191,0.4433
163.001,4,NAVIGATE,-6.7753,2.1826,-1.9916,-0.6304,0.611,1.0061,-0.4304,0.811,0.9181,0.0,12.0,11.9284,0.7895658016204834,0.7767494320869446,-10.89,0,1,180,1.471,0.4608,0.8737,0.306,0.1382,0.2621,0.1224,0.5228,0.4403
163.051,4,NAVIGATE,-6.8045,2.2135,-1.9894,-0.6142,0.627,1.0022,-0.4142,0.827,0.9249,0.0,12.0,11.9196,0.8459458947181702,0.7797731757164001,-14.89,0,1,180,1.694,0.4785,0.9086,0.3083,0.1435,0.2726,0.1233,0.5395,0.4538
163.101,4,NAVIGATE,-6.8276,2.2406,-1.9883,-0.6006,0.6415,0.9989,-0.4006,0.8415,0.932,0.0,12.0,11.9106,0.8766157031059265,0.7803558111190796,-16.89,0,1,180,1.626,0.4935,0.9121,0.3107,0.148,0.2736,0.1243,0.5459,0.4548
163.151,4,NAVIGATE,-6.8478,2.2715,-1.9887,-0.5862,0.6577,0.9957,-0.3862,0.8577,0.9406,0.0,12.0,11.8969,0.9061776399612427,0.7827231884002686,-19.14,0,1,180,1.842,0.5093,0.9386,0.3194,0.1528,0.2816,0.1278,0.5621,0.4678
163.201,4,NAVIGATE,-6.8718,2.3087,-1.9894,-0.569,0.6767,0.9918,-0.369,0.8767,0.9512,0.0,12.0,11.8804,7.445356845855713,0.7889446020126343,-22.9,0,1,180,1.657,0.5275,0.9628,0.3345,0.1582,0.2888,0.1338,0.5809,0.4765
163.251,4,NAVIGATE,-6.8955,2.3457,-1.992,-0.5521,0.6951,0.988,-0.3521,0.8951,0.9619,0.0,12.0,11.8639,7.429039001464844,0.7919624447822571,-24.9,0,1,180,1.726,0.5446,0.9818,0.3492,0.1634,0.2945,0.1397,0.5976,0.4859
163.301,4,NAVIGATE,-6.9148,2.3762,-1.9967,-0.5381,0.7098,0.9848,-0.3381,0.9098,0.9706,0.0,12.0,11.8504,7.422564506530762,0.8026317954063416,-29.15,0,1,180,1.862,0.558,1.0,0.3611,0.1674,0.3,0.1444,0.6118,0.5039
163.351,4,NAVIGATE,-6.9377,2.4132,-2.0019,-0.5215,0.7269,0.981,-0.3215,0.9269,0.9811,0.0,12.0,11.8338,7.411491870880127,0.8076534867286682,-30.9,0,1,180,1.707,0.5733,1.0,0.375,0.172,0.3,0.15,0.622,0.514
163.401,4,NAVIGATE,-6.9596,2.4526,-2.0072,-0.5048,0.7445,0.9773,-0.3048,0.9445,0.9925,0.0,12.0,11.8148,7.406065464019775,0.8139257431030273,-32.66,0,1,180,1.509,0.5881,1.0,0.3891,0.1764,0.3,0.1557,0.6321,0.5231
163.452,4,NAVIGATE,-6.9772,2.4871,-2.0118,-0.4909,0.7596,0.9742,-0.2909,0.9596,1.0027,0.0,12.0,11.7973,7.381897926330566,0.829281747341156,-36.66,0,1,180,2.137,0.6001,1.0,0.4012,0.18,0.3,0.1605,0.6405,0.5447
163.501,4,NAVIGATE,-6.9945,2.5216,-2.0158,-0.477,0.7744,0.9712,-0.277,0.9744,1.013,0.0,12.0,11.7797,7.383406639099121,0.8362184166908264,-38.66,0,1,180,1.556,0.6116,1.0,0.4131,0.1835,0.3,0.1652,0.6487,0.557
163.552,4,NAVIGATE,-7.0152,2.5649,-2.0211,-0.4601,0.7927,0.9675,-0.2601,0.9927,1.0262,0.0,12.0,11.7573,7.371484279632568,0.8442550897598267,-40.41,0,1,180,2.494,0.6251,1.0,0.4276,0.1875,0.3,0.1711,0.6586,0.5681
163.601,4,NAVIGATE,-7.0321,2.6017,-2.0254,-0.4459,0.808,0.9644,-0.2459,1.008,1.0376,0.0,12.0,11.7379,7.354983329772949,0.8654012680053711,-44.17,0,1,180,1.542,0.6359,1.0,0.4398,0.1908,0.3,0.1759,0.6667,0.5979
163.651,4,NAVIGATE,-7.052,2.6459,-2.0297,-0.429,0.8259,0.9607,-0.229,1.0259,1.0512,0.0,12.0,11.7145,7.33779239654541,0.8751922845840454,-45.17,0,1,180,1.611,0.6482,1.0,0.4542,0.1944,0.3,0.1817,0.6761,0.6093
163.701,4,NAVIGATE,-7.0722,2.6896,-2.0327,-0.4126,0.8434,0.9571,-0.2126,1.0434,1.0649,0.0,12.0,11.6919,7.323091506958008,0.883375346660614,-47.67,0,1,180,1.854,0.6595,1.0,0.4682,0.1979,0.3,0.1873,0.6852,0.6203
163.751,4,NAVIGATE,-7.0853,2.7189,-2.0343,-0.4015,0.855,0.9546,-0.2015,1.055,1.074,0.0,12.0,11.6765,7.322701930999756,0.8970862030982971,-49.42,0,1,180,1.673,0.6669,1.0,0.4775,0.2001,0.3,0.191,0.6911,0.6361
163.801,4,NAVIGATE,-7.1042,2.7631,-2.0362,-0.385,0.8722,0.9509,-0.185,1.0722,1.088,0.0,12.0,11.6529,7.3010358810424805,0.9204745292663574,-52.67,0,1,180,1.65,0.6775,1.0,0.4914,0.2032,0.3,0.1966,0.6998,0.6593
163.851,4,NAVIGATE,-7.1233,2.8106,-2.0402,-0.3687,0.8907,0.9472,-0.1687,1.0907,1.1037,0.0,12.0,11.627,7.280864238739014,0.9339827299118042,-52.42,0,1,180,1.719,0.6874,1.0,0.5058,0.2062,0.3,0.2023,0.7085,0.6713
163.901,4,NAVIGATE,-7.1386,2.8503,-2.0429,-0.355,0.9061,0.944,-0.155,1.1061,1.1169,0.0,12.0,11.605,7.257808208465576,0.9470981359481812,-53.92,0,1,180,1.835,0.6955,1.0,0.5178,0.2086,0.3,0.2071,0.7158,0.683
163.951,4,NAVIGATE,-7.1532,2.8901,-2.0452,-0.3411,0.9212,0.9408,-0.1411,1.1212,1.1301,0.0,12.0,11.5827,7.238070487976074,0.9721387624740601,-54.18,0,1,180,1.661,0.7032,1.0,0.5298,0.211,0.3,0.2119,0.7229,0.7116
164.001,4,NAVIGATE,-7.1699,2.9345,-2.0481,-0.3246,0.9374,0.9369,-0.1246,1.1374,1.1442,0.0,12.0,11.5582,7.219325542449951,0.9835216999053955,-54.68,0,1,180,1.697,0.7121,1.0,0.5432,0.2136,0.3,0.2173,0.7309,0.7247
164.052,4,NAVIGATE,-7.1833,2.972,-2.05,-0.3106,0.9509,0.9337,-0.1106,1.1509,1.1562,0.0,12.0,11.537,7.210770606994629,0.9977761507034302,-53.42,0,1,180,1.801,0.7194,1.0,0.5545,0.2158,0.3,0.2218,0.7376,0.7384
164.101,4,NAVIGATE,-7.1957,3.0107,-2.0514,-0.2963,0.965,0.9305,-0.0963,1.165,1.1689,0.0,12.0,11.5146,7.177521228790283,1.0200085639953613,-55.43,0,1,180,1.702,0.7265,1.0,0.5662,0.218,0.3,0.2265,0.7444,0.7708
164.151,4,NAVIGATE,-7.2106,3.0684,-2.0528,-0.2754,0.9865,0.9262,-0.0754,1.1865,1.1889,0.0,12.0,11.4789,7.1617751121521,1.0312256813049316,-56.18,0,1,180,1.661,0.7367,1.0,0.5839,0.221,0.3,0.2335,0.7545,0.7836
164.202,4,NAVIGATE,-7.2207,3.1101,-2.0534,-0.2605,1.0019,0.9231,-0.0605,1.2019,1.2034,0.0,12.0,11.4529,7.141714096069336,1.0453529357910156,-57.43,0,1,180,2.183,0.7435,1.0,0.5965,0.2231,0.3,0.2386,0.7617,0.8089
164.251,4,NAVIGATE,-7.2313,3.1516,-2.0544,-0.246,1.0167,0.92,-0.046,1.2167,1.2176,0.0,12.0,11.4274,7.106260776519775,1.072076439857483,-61.43,0,1,180,1.693,0.7498,1.0,0.6087,0.2249,0.3,0.2435,0.7684,0.8461
164.301,4,NAVIGATE,-7.2447,3.2012,-2.0564,-0.2292,1.0338,0.9163,-0.0292,1.2338,1.2342,0.0,12.0,11.3976,7.0954976081848145,1.0829179286956787,-62.18,0,1,180,1.609,0.7567,1.0,0.6226,0.227,0.3,0.249,0.7761,0.8645
164.352,4,NAVIGATE,-7.2551,3.2431,-2.0576,-0.2151,1.0481,0.9132,-0.0151,1.2481,1.2482,0.0,12.0,11.3719,7.070027828216553,1.10155189037323,-63.93,0,1,180,1.9,0.7623,1.0,0.6343,0.2287,0.3,0.2537,0.7824,0.8861
164.401,4,NAVIGATE,-7.2645,3.2856,-2.0606,-0.2009,1.0626,0.9102,-0.0009,1.2626,1.2626,0.0,12.0,11.3452,7.037636756896973,1.1300857067108154,-66.69,0,1,180,1.657,0.7676,1.0,0.6462,0.2303,0.3,0.2585,0.7888,0.9291
164.451,4,NAVIGATE,-7.2746,3.3374,-2.0673,-0.1838,1.0803,0.9065,0.0162,1.2803,1.2804,0.0,12.0,11.312,7.014492034912109,1.1469208002090454,-67.94,0,1,180,1.647,0.7739,1.0,0.6606,0.2322,0.3,0.2642,0.7964,0.9517
164.501,4,NAVIGATE,-7.2838,3.39,-2.0724,-0.1665,1.098,0.9029,0.0335,1.298,1.2984,0.0,12.0,11.2777,7.004575729370117,1.1660832166671753,-69.94,0,1,180,1.804,0.7799,1.0,0.6751,0.234,0.3,0.27,0.804,0.9755
164.551,4,NAVIGATE,-7.2951,3.4364,-2.0773,-0.1536,1.1142,0.8999,0.0464,1.3142,1.315,0.0,12.0,11.2496,6.9598069190979,1.2004252672195435,-72.44,0,1,180,1.949,0.7836,1.0,0.687,0.2351,0.3,0.2748,0.8099,1.0138
164.601,4,NAVIGATE,-7.3084,3.4932,-2.0822,-0.1383,1.1337,0.8963,0.0617,1.3337,1.3351,0.0,12.0,11.2151,6.929312229156494,1.219044804573059,-73.69,0,1,180,1.668,0.7878,1.0,0.7012,0.2363,0.3,0.2805,0.8168,1.0329
164.653,4,NAVIGATE,-7.3183,3.541,-2.0851,-0.1252,1.1498,0.8932,0.0748,1.3498,1.3518,0.0,12.0,11.1854,6.917868137359619,1.2394317388534546,-74.94,0,1,180,2.506,0.7913,1.0,0.7132,0.2374,0.3,0.2853,0.8227,1.0617
164.701,4,NAVIGATE,-7.326,3.5901,-2.087,-0.1116,1.166,0.8901,0.0884,1.366,1.3689,0.0,12.0,11.1533,6.872903823852539,1.2807332277297974,-77.7,0,1,180,1.702,0.7949,1.0,0.7254,0.2385,0.3,0.2902,0.8286,1.1161
164.751,4,NAVIGATE,-7.3337,3.6497,-2.0881,-0.0947,1.1855,0.8863,0.1053,1.3855,1.3895,0.0,12.0,11.1136,6.839056491851807,1.3005470037460327,-78.95,0,1,180,1.83,0.7992,1.0,0.7403,0.2398,0.3,0.2961,0.8359,1.1481
164.801,4,NAVIGATE,-7.3411,3.7091,-2.0878,-0.0777,1.2045,0.8824,0.1223,1.4045,1.4098,0.0,12.0,11.0739,6.8239898681640625,1.3244835138320923,-80.2,0,1,180,1.688,0.8034,1.0,0.7551,0.241,0.3,0.302,0.843,1.182
164.851,4,NAVIGATE,-7.3495,3.7566,-2.0856,-0.0643,1.219,0.8792,0.1357,1.419,1.4255,0.0,12.0,11.0439,6.777784824371338,1.3673605918884277,-82.45,0,1,180,1.728,0.8064,1.0,0.7663,0.2419,0.3,0.3065,0.8485,1.2209
164.901,4,NAVIGATE,-7.358,3.8145,-2.0827,-0.0478,1.2365,0.8751,0.1522,1.4365,1.4445,0.0,12.0,11.0064,6.745157718658447,1.3927745819091797,-83.7,0,1,180,1.727,0.81,1.0,0.7801,0.243,0.3,0.312,0.855,1.2568
164.951,4,NAVIGATE,-7.3639,3.8636,-2.081,-0.0337,1.2514,0.8718,0.1663,1.4514,1.4609,0.0,12.0,10.974,6.722572326660156,1.4177937507629395,-84.95,0,1,180,1.533,0.813,1.0,0.7918,0.2439,0.3,0.3167,0.8606,1.2914
165.001,4,NAVIGATE,-7.3694,3.914,-2.083,-0.0196,1.2671,0.8685,0.1804,1.4671,1.4782,0.0,12.0,10.9404,6.671969413757324,1.4675434827804565,-87.21,0,1,180,1.609,0.8158,1.0,0.8039,0.2447,0.3,0.3216,0.8663,1.3373
165.051,4,NAVIGATE,-7.3745,3.9752,-2.0846,-0.0023,1.286,0.8644,0.1977,1.486,1.4991,0.0,12.0,10.8987,6.646168231964111,1.4943469762802124,-88.21,0,1,180,1.698,0.8191,1.0,0.8186,0.2457,0.3,0.3275,0.8732,1.3804
165.101,4,NAVIGATE,-7.3796,4.0384,-2.0873,0.0148,1.3053,0.8603,0.2148,1.4053,1.4217,0.0,12.0,10.8557,6.629572868347168,1.5241599082946777,-89.46,0,1,180,1.817,0.8277,1.0,0.7845,0.2483,0.3,0.3138,0.8621,1.4043
165.151,4,NAVIGATE,-7.384,4.0822,-2.091,0.0257,1.3188,0.8577,0.2257,1.4188,1.4367,0.0,12.0,10.8266,6.556970119476318,1.5767966508865356,-91.46,0,1,180,1.64,0.8294,1.0,0.7944,0.2488,0.3,0.3178,0.8666,1.4574
165.201,4,NAVIGATE,-7.389,4.1485,-2.0954,0.0424,1.3392,0.8538,0.2424,1.4392,1.4595,0.0,12.0,10.7816,6.540699005126953,1.6096735000610352,-92.21,0,1,180,1.434,0.8319,1.0,0.8095,0.2496,0.3,0.3238,0.8734,1.4736
165.251,4,NAVIGATE,-7.392,4.216,-2.1014,0.0594,1.3572,0.85,0.2594,1.4572,1.4801,0.0,12.0,10.7346,6.504718780517578,1.637183666229248,-93.46,0,1,180,1.684,0.8346,1.0,0.8235,0.2504,0.3,0.3294,0.8798,1.4767
165.301,4,NAVIGATE,-7.3929,4.2616,-2.1065,0.071,1.3675,0.8474,0.271,1.4675,1.4924,0.0,12.0,10.7022,6.450839996337891,1.6951556205749512,-95.21,0,1,180,1.749,0.8365,1.0,0.8322,0.2509,0.3,0.3329,0.8838,1.4849
165.351,4,NAVIGATE,-7.3929,4.3417,-2.1132,0.0915,1.3831,0.8428,0.2915,1.3831,1.4135,0.0,12.0,10.6444,6.413262367248535,1.7235363721847534,-96.21,0,1,180,1.696,0.8472,1.0,0.7983,0.2542,0.3,0.3193,0.8735,1.4878
165.401,4,NAVIGATE,-7.3899,4.3998,-2.116,0.107,1.393,0.8396,0.307,1.393,1.4265,0.0,12.0,10.6006,6.379846572875977,1.7348718643188477,132.25,0,1,180,1.624,0.8502,1.0,0.8085,0.2551,0.3,0.3234,0.8785,1.4943
165.451,4,NAVIGATE,-7.385,4.4584,-2.1173,0.1231,1.403,0.8362,0.3231,1.403,1.4397,0.0,12.0,10.5553,6.357195854187012,1.7373316287994385,131.75,0,1,180,1.111,0.8533,1.0,0.819,0.256,0.3,0.3276,0.8836,1.5004
165.501,4,NAVIGATE,-7.3783,4.5288,-2.1175,0.1422,1.4127,0.8321,0.3422,1.4127,1.4535,0.0,12.0,10.5004,6.30208683013916,1.7450181245803833,131.5,0,1,180,1.791,0.8569,1.0,0.8304,0.2571,0.3,0.3322,0.8892,1.513
165.55,4,NAVIGATE,-7.3712,4.5987,-2.1154,0.161,1.4198,0.828,0.361,1.4198,1.4649,0.0,12.0,10.4458,6.280812740325928,1.7500532865524292,133.5,0,1,180,1.006,0.8606,1.0,0.8405,0.2582,0.3,0.3362,0.8944,1.5209
165.601,4,NAVIGATE,-7.3661,4.6451,-2.1131,0.1735,1.4234,0.8252,0.3735,1.4234,1.4716,0.0,12.0,10.4093,6.2599663734436035,1.7537741661071777,133.25,0,1,180,1.074,0.863,1.0,0.8467,0.2589,0.3,0.3387,0.8976,1.5268
165.65,4,NAVIGATE,-7.3576,4.7148,-2.1092,0.1924,1.4281,0.8208,0.3924,1.4281,1.481,0.0,12.0,10.3542,6.219230651855469,1.763466238975525,132.0,0,1,180,1.11,0.8667,1.0,0.8558,0.26,0.3,0.3423,0.9023,1.5399
165.701,4,NAVIGATE,-7.3459,4.7833,-2.1015,0.2123,1.432,0.8163,0.4123,1.432,1.4902,0.0,12.0,10.2977,6.195608615875244,1.7713543176651,132.75,0,1,180,1.179,0.8708,1.0,0.8651,0.2612,0.3,0.346,0.9073,1.5527
165.751,4,NAVIGATE,-7.3353,4.8403,-2.0948,0.229,1.4353,0.8125,0.429,1.4353,1.498,0.0,12.0,10.2502,6.174427032470703,1.7775731086730957,134.0,0,1,180,1.163,0.8742,1.0,0.873,0.2623,0.3,0.3492,0.9115,1.5605
165.8,4,NAVIGATE,-7.3219,4.909,-2.087,0.2491,1.4395,0.8079,0.4491,1.3395,1.4128,0.0,12.0,10.1928,6.129940986633301,1.7893670797348022,134.25,0,1,180,0.971,0.8879,1.0,0.8363,0.2664,0.3,0.3345,0.9009,1.5793
165.851,4,NAVIGATE,-7.3085,4.9643,-2.0809,0.2663,1.4425,0.8042,0.4663,1.3425,1.4212,0.0,12.0,10.1448,6.1028571128845215,1.7988379001617432,134.0,0,1,180,1.044,0.8915,1.0,0.8447,0.2675,0.3,0.3379,0.9053,1.5909
165.901,4,NAVIGATE,-7.2949,5.02,-2.075,0.2834,1.4463,0.8005,0.4834,1.3463,1.4305,0.0,12.0,10.0963,6.080387115478516,1.8072130680084229,133.0,0,1,180,1.111,0.8948,1.0,0.8534,0.2684,0.3,0.3413,0.9098,1.6028
165.951,4,NAVIGATE,-7.2776,5.0873,-2.0678,0.3036,1.4492,0.7962,0.5036,1.3492,1.4401,0.0,12.0,10.0374,6.0310893058776855,1.824029803276062,134.25,0,1,180,1.045,0.8988,1.0,0.8629,0.2696,0.3,0.3451,0.9148,1.6235
166.0,4,NAVIGATE,-7.2583,5.155,-2.0579,0.3242,1.4499,0.7919,0.5242,1.3499,1.4482,0.0,12.0,9.9768,6.007148742675781,1.8336797952651978,134.25,0,1,180,1.001,0.9029,1.0,0.8717,0.2709,0.3,0.3487,0.9196,1.6381
166.052,4,NAVIGATE,-7.2419,5.2115,-2.0504,0.3414,1.4491,0.7883,0.5414,1.3491,1.4537,0.0,12.0,9.9261,5.980757236480713,1.843767523765564,133.75,0,1,180,1.6,0.9064,1.0,0.8784,0.2719,0.3,0.3514,0.9233,1.6506
166.101,4,NAVIGATE,-7.2215,5.281,-2.0415,0.3621,1.4475,0.7839,0.5621,1.3475,1.46,0.0,12.0,9.8638,5.930111408233643,1.8646008968353271,134.0,0,1,180,1.096,0.9105,1.0,0.8863,0.2732,0.3,0.3545,0.9277,1.6754
166.15,4,NAVIGATE,-7.2002,5.3531,-2.0321,0.3828,1.4463,0.7795,0.5828,1.3463,1.467,0.0,12.0,9.7993,5.902698040008545,1.8761452436447144,133.75,0,1,180,1.036,0.9144,1.0,0.8943,0.2743,0.3,0.3577,0.932,1.6904
166.201,4,NAVIGATE,-7.1858,5.4008,-2.0265,0.3967,1.4453,0.7766,0.5967,1.3453,1.4717,0.0,12.0,9.7563,5.876726150512695,1.8857574462890625,134.5,0,1,180,1.213,0.9169,1.0,0.8996,0.2751,0.3,0.3598,0.9349,1.7059
166.25,4,NAVIGATE,-7.164,5.4727,-2.0185,0.417,1.444,0.7723,0.617,1.344,1.4788,0.0,12.0,9.6917,5.823313236236572,1.9105942249298096,134.75,0,1,180,1.056,0.9205,1.0,0.9075,0.2761,0.3,0.363,0.9391,1.7329
166.3,4,NAVIGATE,-7.1425,5.5453,-2.0104,0.4366,1.4432,0.768,0.6366,1.3432,1.4864,0.0,12.0,9.6269,5.794758319854736,1.92609703540802,134.0,0,1,180,1.066,0.9236,1.0,0.9153,0.2771,0.3,0.3661,0.9432,1.7508
166.351,4,NAVIGATE,-7.1239,5.6054,-2.0047,0.453,1.4424,0.7646,0.653,1.3424,1.4928,0.0,12.0,9.5729,5.740598678588867,1.951292872428894,134.5,0,1,180,1.032,0.9262,1.0,0.9218,0.2779,0.3,0.3687,0.9466,1.7815
166.4,4,NAVIGATE,-7.1002,5.6777,-2.0036,0.4731,1.4417,0.7607,0.6731,1.2417,1.4124,0.0,12.0,9.5071,5.714705944061279,1.9661768674850464,135.0,0,1,180,1.041,0.9406,1.0,0.8856,0.2822,0.3,0.3543,0.9364,1.8
166.451,4,NAVIGATE,-7.0796,5.7377,-2.0048,0.4902,1.441,0.7574,0.6902,1.241,1.42,0.0,12.0,9.4518,5.68283748626709,1.9829853773117065,135.0,0,1,180,1.062,0.9431,1.0,0.8928,0.2829,0.3,0.3571,0.94,1.8188
166.501,4,NAVIGATE,-7.0584,5.7974,-2.006,0.5072,1.4406,0.7542,0.7072,1.2406,1.428,0.0,12.0,9.3965,5.654639720916748,1.9974106550216675,135.0,0,1,180,1.234,0.9455,1.0,0.9001,0.2836,0.3,0.36,0.9437,1.8368
166.551,4,NAVIGATE,-7.0321,5.8667,-2.0037,0.5274,1.4372,0.7504,0.7274,1.2372,1.4352,0.0,12.0,9.331,5.5961689949035645,2.0284645557403564,135.0,0,1,180,1.094,0.9486,1.0,0.9076,0.2846,0.3,0.363,0.9476,1.8723
166.6,4,NAVIGATE,-7.0096,5.9235,-2.0007,0.5442,1.4318,0.7472,0.7442,1.2318,1.4392,0.0,12.0,9.2767,5.563753128051758,2.046419382095337,135.0,0,1,180,1.09,0.9514,1.0,0.9128,0.2854,0.3,0.3651,0.9505,1.8939
166.651,4,NAVIGATE,-6.9817,5.9914,-1.9975,0.5644,1.4232,0.7433,0.7644,1.2232,1.4424,0.0,12.0,9.2113,5.53431510925293,2.063389778137207,134.75,0,1,180,1.191,0.9549,1.0,0.9182,0.2865,0.3,0.3673,0.9537,1.9134
166.701,4,NAVIGATE,-6.9569,6.0482,-1.9964,0.5815,1.4149,0.7399,0.7815,1.2149,1.4446,0.0,12.0,9.1554,5.474768161773682,2.0987915992736816,134.0,0,1,180,1.131,0.9578,1.0,0.9224,0.2873,0.3,0.369,0.9563,1.9505
166.75,4,NAVIGATE,-6.9262,6.116,-1.9957,0.6021,1.4044,0.7359,0.8021,1.2044,1.4471,0.0,12.0,9.0881,5.439493179321289,2.1173789501190186,134.75,0,1,180,1.029,0.9613,1.0,0.9274,0.2884,0.3,0.371,0.9593,1.9215
166.801,4,NAVIGATE,-6.9001,6.172,-1.9952,0.6192,1.3956,0.7326,0.8192,1.1956,1.4493,0.0,12.0,9.032,5.410891532897949,2.1373074054718018,134.5,0,1,180,1.639,0.9641,1.0,0.9315,0.2892,0.3,0.3726,0.9619,1.8555
166.851,4,NAVIGATE,-6.872,6.2291,-1.9944,0.6369,1.3874,0.7292,0.8369,1.1874,1.4527,0.0,12.0,8.9737,5.347631931304932,2.174426794052124,134.5,0,1,180,1.636,0.9668,1.0,0.9363,0.29,0.3,0.3745,0.9646,1.763
166.901,4,NAVIGATE,-6.8378,6.297,-1.9937,0.6579,1.3778,0.7253,0.8579,1.1778,1.4571,0.0,12.0,8.904,5.310349464416504,2.1961848735809326,135.0,0,1,180,1.631,0.9699,1.0,0.9421,0.291,0.3,0.3768,0.9678,1.6839
166.951,4,NAVIGATE,-6.8029,6.3645,-1.9922,0.6788,1.3684,0.7213,0.8788,1.1684,1.462,0.0,12.0,8.8339,5.278448104858398,2.216381072998047,135.0,0,1,180,1.515,0.9727,1.0,0.9481,0.2918,0.3,0.3792,0.971,1.6077
167.001,4,NAVIGATE,-6.7724,6.4218,-1.9879,0.6965,1.3613,0.7181,0.8965,1.1613,1.4671,0.0,12.0,8.7739,5.214964389801025,2.2592053413391113,135.0,0,1,180,1.539,0.9749,1.0,0.9535,0.2925,0.3,0.3814,0.9739,1.5138
167.051,4,NAVIGATE,-6.7353,6.4898,-1.9834,0.7175,1.3526,0.7143,0.9175,1.1526,1.4732,0.0,12.0,8.7022,5.177047252655029,2.2833869457244873,134.5,0,1,180,1.773,0.9774,1.0,0.96,0.2932,0.3,0.384,0.9772,1.4341
167.101,4,NAVIGATE,-6.7044,6.5457,-1.9802,0.7348,1.3448,0.7111,0.9348,1.1448,1.478,0.0,12.0,8.6428,5.143680095672607,2.3055145740509033,134.75,0,1,180,1.845,0.9794,1.0,0.9651,0.2938,0.3,0.386,0.9799,1.3658
167.151,4,NAVIGATE,-6.6671,6.6121,-1.9767,0.7552,1.3348,0.7073,0.9552,1.1348,1.4833,0.0,12.0,8.5721,5.07673978805542,2.3503730297088623,135.0,0,1,180,1.677,0.9817,1.0,0.9708,0.2945,0.3,0.3883,0.9828,1.3163
167.201,4,NAVIGATE,-6.6292,6.6775,-1.974,0.7757,1.3244,0.7034,0.9757,1.1244,1.4887,0.0,12.0,8.5015,5.036966800689697,2.37679386138916,135.0,0,1,180,1.52,0.9839,1.0,0.9765,0.2952,0.3,0.3906,0.9858,1.2393
167.252,4,NAVIGATE,-6.5973,6.7303,-1.9725,0.7927,1.3152,0.7001,0.9927,1.1152,1.493,0.0,12.0,8.4436,5.004395484924316,2.4023377895355225,135.0,0,1,180,1.754,0.9857,1.0,0.9811,0.2957,0.3,0.3924,0.9881,1.1761
167.301,4,NAVIGATE,-6.5586,6.7922,-1.9712,0.8131,1.3038,0.6962,0.9131,1.1038,1.4325,0.0,12.0,8.3747,4.933208465576172,2.4514987468719482,135.0,0,1,180,1.724,0.9783,1.0,0.9343,0.2935,0.3,0.3737,0.9672,1.3562
167.351,4,NAVIGATE,-6.5255,6.8434,-1.9706,0.8302,1.2943,0.693,0.9302,1.0943,1.4362,0.0,12.0,8.3171,4.895082950592041,2.4798991680145264,134.5,0,1,180,1.658,0.9806,1.0,0.9389,0.2942,0.3,0.3756,0.9697,1.289
167.401,4,NAVIGATE,-6.4929,6.8933,-1.9703,0.8475,1.2845,0.6898,0.9475,1.0845,1.4401,0.0,12.0,8.2605,4.858354568481445,2.5060367584228516,135.0,0,1,180,1.855,0.9827,1.0,0.9435,0.2948,0.3,0.3774,0.9722,1.2197
167.451,4,NAVIGATE,-6.4534,6.9522,-1.9702,0.8659,1.2722,0.6859,0.9659,1.0722,1.4431,0.0,12.0,8.1931,4.786437511444092,2.559443950653076,135.0,0,1,180,1.563,0.9849,1.0,0.9476,0.2955,0.3,0.379,0.9745,1.1298
167.501,4,NAVIGATE,-6.4198,7.001,-1.9704,0.8793,1.262,0.6828,0.9793,1.062,1.4446,0.0,12.0,8.1366,4.742920875549316,2.587355852127075,135.0,0,1,180,1.77,0.9865,1.0,0.9501,0.296,0.3,0.38,0.976,1.0708
167.551,4,NAVIGATE,-6.3748,7.0571,-1.9644,0.8946,1.249,0.6793,0.8946,1.149,1.4562,0.0,12.0,8.0666,4.707627296447754,2.617215156555176,135.0,0,1,180,1.708,0.969,1.0,0.9407,0.2907,0.3,0.3763,0.967,1.4185
167.601,4,NAVIGATE,-6.3365,7.1035,-1.9593,0.9067,1.2382,0.6765,0.9067,1.1382,1.4552,0.0,12.0,8.0079,4.631005764007568,2.670987606048584,135.0,0,1,180,1.675,0.9713,1.0,0.9422,0.2914,0.3,0.3769,0.9683,1.3512
167.651,4,NAVIGATE,-6.2902,7.159,-1.9543,0.9208,1.2254,0.6732,0.9208,1.1254,1.4541,0.0,12.0,7.9374,4.589460849761963,2.7043240070343018,135.0,0,1,180,1.657,0.9739,1.0,0.9441,0.2922,0.3,0.3776,0.9698,1.2921
167.701,4,NAVIGATE,-6.2494,7.2059,-1.9533,0.9312,1.2174,0.6705,0.9312,1.1174,1.4546,0.0,12.0,7.8765,4.551405429840088,2.731571674346924,135.0,0,1,180,1.746,0.9755,1.0,0.946,0.2927,0.3,0.3784,0.9711,1.2498
167.751,4,NAVIGATE,-6.2087,7.2526,-1.9528,0.9398,1.2113,0.668,0.9398,1.1113,1.4554,0.0,12.0,7.8157,4.475855350494385,2.790128707885742,135.0,0,1,180,1.652,0.9768,1.0,0.9477,0.293,0.3,0.3791,0.9721,1.2968
167.801,4,NAVIGATE,-6.16,7.3088,-1.9527,0.9482,1.2059,0.6652,0.9482,1.1059,1.4568,0.0,12.0,7.743,4.434091091156006,2.822322130203247,135.0,0,1,180,1.666,0.9778,1.0,0.9496,0.2933,0.3,0.3798,0.9732,1.2629
167.851,4,NAVIGATE,-6.1219,7.3582,-1.9498,0.9531,1.2035,0.6632,0.9531,1.1035,1.4581,0.0,12.0,7.6828,4.396263599395752,2.852267026901245,135.0,0,1,180,1.634,0.9781,1.0,0.9508,0.2934,0.3,0.3803,0.9738,1.2412
167.901,4,NAVIGATE,-6.0761,7.4171,-1.9473,0.9586,1.2009,0.661,0.9586,1.1009,1.4598,0.0,12.0,7.6106,4.322814464569092,2.911938428878784,135.0,0,1,180,1.619,0.9784,1.0,0.9522,0.2935,0.3,0.3809,0.9744,1.2056
167.951,4,NAVIGATE,-6.0374,7.4654,-1.9466,0.9633,1.1983,0.6592,0.9633,1.0983,1.4609,0.0,12.0,7.5507,4.279899597167969,2.9452881813049316,135.0,0,1,180,1.606,0.9787,1.0,0.9532,0.2936,0.3,0.3813,0.9749,1.1844
168.001,4,NAVIGATE,-5.9899,7.5201,-1.9499,0.9697,1.1932,0.6571,0.9697,1.0932,1.4613,0.0,12.0,7.4799,4.243372440338135,2.976224899291992,135.0,0,1,180,1.481,0.9795,1.0,0.9542,0.2938,0.3,0.3817,0.9755,1.1587
168.051,4,NAVIGATE,-5.9503,7.5657,-1.9527,0.9753,1.1887,0.6554,0.9753,1.0887,1.4617,0.0,12.0,7.4208,4.169354438781738,3.035968065261841,135.0,0,1,180,1.724,0.9801,1.0,0.9551,0.294,0.3,0.382,0.9761,1.1254
168.101,4,NAVIGATE,-5.9026,7.6198,-1.9583,0.9822,1.1829,0.6533,0.9822,1.0829,1.462,0.0,12.0,7.3503,4.129563808441162,3.0706186294555664,135.0,0,1,180,1.662,0.9809,1.0,0.9561,0.2943,0.3,0.3824,0.9767,1.0939
168.151,4,NAVIGATE,-5.863,7.6638,-1.9663,0.9881,1.1776,0.6516,0.9881,1.0776,1.462,0.0,12.0,7.2923,4.091226100921631,3.1006760597229004,135.0,0,1,180,1.597,0.9816,1.0,0.9568,0.2945,0.3,0.3827,0.9772,1.1435
168.201,4,NAVIGATE,-5.8231,7.7079,-1.9736,0.9938,1.1723,0.6499,0.9938,1.0723,1.462,0.0,12.0,7.234,4.018009185791016,3.163113594055176,135.0,0,1,180,1.823,0.9823,1.0,0.9575,0.2947,0.3,0.383,0.9777,1.1051
168.251,4,NAVIGATE,-5.7749,7.7615,-1.9807,1.0004,1.1664,0.6478,1.0004,1.0664,1.4622,0.0,12.0,7.1634,3.9751882553100586,3.197754383087158,135.0,0,1,180,1.678,0.9831,1.0,0.9583,0.2949,0.3,0.3833,0.9782,1.0775
168.301,4,NAVIGATE,-5.7264,7.8155,-1.9864,1.0065,1.1608,0.6457,0.9065,1.1608,1.4729,0.0,12.0,7.0924,3.9372923374176025,3.2305920124053955,135.0,0,1,180,1.689,0.962,1.0,0.9446,0.2886,0.3,0.3778,0.9664,1.3945
168.351,4,NAVIGATE,-5.6858,7.8605,-1.9904,1.0116,1.1563,0.644,0.9116,1.1563,1.4725,0.0,12.0,7.0331,10.96944808959961,3.2940497398376465,135.0,0,1,180,1.659,0.9627,1.0,0.9451,0.2888,0.3,0.378,0.9668,1.3548
168.401,4,NAVIGATE,-5.6393,7.9158,-1.9939,1.0173,1.1511,0.6418,0.9173,1.1511,1.4719,0.0,12.0,6.963,10.926342964172363,3.3306117057800293,135.0,0,1,180,1.648,0.9635,1.0,0.9454,0.289,0.3,0.3782,0.9672,1.3268
168.451,4,NAVIGATE,-5.5935,7.9715,-1.9965,1.0205,1.148,0.6395,0.9205,1.148,1.4715,0.0,12.0,6.8931,10.890088081359863,3.3629541397094727,135.0,0,1,180,1.76,0.9636,1.0,0.9452,0.2891,0.3,0.3781,0.9672,1.3754
168.501,4,NAVIGATE,-5.5471,8.0271,-1.9986,1.0214,1.1473,0.6374,0.9214,1.1473,1.4715,0.0,12.0,6.8231,10.820281982421875,3.3316242694854736,-29.9,0,1,180,1.686,0.9631,1.0,0.9448,0.2889,0.3,0.3779,0.9668,1.3444
168.551,4,NAVIGATE,-5.5088,8.074,-2.0051,1.0206,1.1485,0.6357,0.9206,1.1485,1.4719,0.0,12.0,6.7646,10.777436256408691,3.2918777465820312,-30.4,0,1,180,1.69,0.9622,1.0,0.9442,0.2887,0.3,0.3777,0.9663,1.3341
168.601,4,NAVIGATE,-5.4703,8.1209,-2.0107,1.0192,1.1506,0.6342,0.9192,1.1506,1.4726,0.0,12.0,6.7061,10.741530418395996,3.258633852005005,-31.15,0,1,180,1.723,0.9611,1.0,0.9435,0.2883,0.3,0.3774,0.9657,1.3291
168.651,4,NAVIGATE,-5.4228,8.1772,-2.0165,1.0173,1.1535,0.6325,0.9173,1.1535,1.4738,0.0,12.0,6.6348,10.665811538696289,3.1877291202545166,-32.15,0,1,180,1.689,0.9597,1.0,0.9429,0.2879,0.3,0.3772,0.9651,1.3687
168.701,4,NAVIGATE,-5.371,8.234,-2.0216,1.0169,1.1562,0.6309,0.9169,1.1562,1.4756,0.0,12.0,6.5598,10.62464427947998,3.1503803730010986,-32.91,0,1,180,1.778,0.9586,1.0,0.943,0.2876,0.3,0.3772,0.9648,1.357
168.751,4,NAVIGATE,-5.3281,8.2812,-2.025,1.0166,1.1582,0.6294,0.9166,1.1582,1.477,0.0,12.0,6.4976,10.585071563720703,3.1169326305389404,-33.16,0,1,180,1.802,0.9577,1.0,0.943,0.2873,0.3,0.3772,0.9645,1.3469
168.801,4,NAVIGATE,-5.2857,8.3288,-2.0277,1.0162,1.1602,0.6279,0.9162,1.1602,1.4783,0.0,12.0,6.4355,10.50619888305664,3.050084114074707,-34.41,0,1,180,1.878,0.9567,1.0,0.9429,0.287,0.3,0.3772,0.9642,1.3208
168.851,4,NAVIGATE,-5.2355,8.3883,-2.0301,1.0154,1.1634,0.6259,1.0154,1.0634,1.4703,0.0,12.0,6.3604,10.464198112487793,3.0134437084198,-34.41,0,1,180,1.75,0.9791,1.0,0.9598,0.2937,0.3,0.3839,0.9776,1.0956
168.901,4,NAVIGATE,-5.1939,8.4375,-2.0314,1.0147,1.1657,0.6242,1.0147,1.0657,1.4716,0.0,12.0,6.2982,10.4271240234375,2.9832005500793457,-35.66,0,1,180,1.882,0.9783,1.0,0.9598,0.2935,0.3,0.3839,0.9774,1.0909
168.952,4,NAVIGATE,-5.1449,8.4964,-2.0326,1.0133,1.1688,0.6222,0.9133,1.1688,1.4833,0.0,12.0,6.2246,10.349482536315918,2.9197676181793213,-36.41,0,1,180,2.33,0.9524,1.0,0.9418,0.2857,0.3,0.3767,0.9625,1.3306
169.002,4,NAVIGATE,-5.1053,8.5455,-2.0334,1.0133,1.1699,0.6205,1.0133,1.0699,1.4736,0.0,12.0,6.1642,10.308113098144531,2.883300304412842,-35.66,0,1,180,1.956,0.9764,1.0,0.9592,0.2929,0.3,0.3837,0.9766,1.1195
169.052,4,NAVIGATE,-5.0575,8.604,-2.0338,1.0162,1.1683,0.6182,1.0162,1.0683,1.4744,0.0,12.0,6.092,10.269007682800293,2.852088212966919,-34.91,0,1,180,1.895,0.9761,1.0,0.9594,0.2928,0.3,0.3838,0.9766,1.1028
169.101,4,NAVIGATE,-5.0163,8.6525,-2.0344,1.0187,1.1672,0.6161,0.9187,1.1672,1.4854,0.0,12.0,6.0306,10.195558547973633,2.7901341915130615,-36.66,0,1,180,1.98,0.9506,1.0,0.9414,0.2852,0.3,0.3766,0.9617,1.318
169.151,4,NAVIGATE,-4.9657,8.7106,-2.0351,1.0232,1.165,0.6136,1.0232,1.065,1.4769,0.0,12.0,5.9563,10.156648635864258,2.754521131515503,-35.66,0,1,180,1.679,0.9758,1.0,0.9608,0.2927,0.3,0.3843,9980.992,1.1131
169.202,4,NAVIGATE,-4.9235,8.7587,-2.0353,1.0279,1.162,0.6111,0.9279,1.162,1.487,0.0,12.0,5.8947,10.121301651000977,2.7233526706695557,-35.66,0,1,180,2.034,0.9509,1.0,0.9427,0.2853,0.3,0.3771,0.9623,1.3168
169.252,4,NAVIGATE,-4.8734,8.8151,-2.0349,1.0315,1.1589,0.6081,1.0315,1.0589,1.4782,0.0,12.0,5.8218,10.05416488647461,2.65928316116333,-36.66,0,1,180,2.284,0.976,1.0,0.9618,0.2928,0.3,0.3847,9982.1884,1.1041
169.301,4,NAVIGATE,-4.8235,8.8709,-2.034,1.0347,1.1555,0.605,0.9347,1.1555,1.4863,0.0,12.0,5.7495,10.019652366638184,2.6233346462249756,-35.16,0,1,180,1.841,0.9507,1.0,0.942,0.2852,0.3,0.3768,0.962,1.3072
169.352,4,NAVIGATE,-4.7818,8.9172,-2.0331,1.0359,1.1541,0.6023,0.9359,1.0541,1.4097,0.0,12.0,5.6894,9.988037109375,2.5910425186157227,-35.16,0,1,180,1.837,0.9632,1.0,0.9052,0.289,0.3,0.3621,9980.1533,1.1858
169.401,4,NAVIGATE,-4.7293,8.9737,-2.0329,1.0394,1.1525,0.5991,0.9394,1.0525,1.4107,0.0,12.0,5.6147,9.92780876159668,2.5280981063842773,-32.91,0,1,180,1.745,0.963,1.0,0.9057,0.2889,0.3,0.3623,9980.7538,1.1995
169.451,4,NAVIGATE,-4.6857,9.0206,-2.0324,1.0415,1.1519,0.5964,0.9415,1.0519,1.4117,0.0,12.0,5.5527,9.894291877746582,2.491239309310913,-35.16,0,1,180,1.728,0.9626,1.0,0.9059,0.2888,0.3,0.3624,9981.215,1.1794
169.501,4,NAVIGATE,-4.6423,9.0673,-2.0318,1.0423,1.1504,0.5937,0.9423,0.9504,1.3384,0.0,12.0,5.4911,9.864981651306152,2.4597740173339844,-33.66,0,1,180,1.695,0.9745,1.0,0.8695,0.2924,0.3,0.3478,9981.6651,1.0532
169.551,4,NAVIGATE,-4.5908,9.1215,-2.029,1.0415,1.1468,0.5905,0.9415,0.9468,1.3352,0.0,12.0,5.4186,9.802190780639648,2.3962221145629883,-34.16,0,1,180,1.7,0.9741,1.0,0.8671,0.2922,0.3,0.3468,9982.1694,1.0714
169.601,4,NAVIGATE,-4.5396,9.1756,-2.0263,1.04,1.1419,0.5871,1.04,0.9419,1.4032,0.0,12.0,5.3465,9.772132873535156,2.3599376678466797,-34.16,0,1,180,1.697,0.984,1.0,0.9204,0.2952,0.3,0.3682,9985.708,0.9954
169.651,4,NAVIGATE,-4.4982,9.2209,-2.0236,1.0379,1.1356,0.5843,0.9379,0.9356,1.3247,0.0,12.0,5.2874,9.707173347473145,2.2952537536621094,-34.16,0,1,180,1.877,0.9735,1.0,0.8598,0.2921,0.3,0.3439,9982.9782,1.0569
169.701,4,NAVIGATE,-4.453,9.2766,-2.0183,1.0335,1.1261,0.5809,1.0335,0.9261,1.3878,0.0,12.0,5.2198,9.677999496459961,2.262091636657715,-34.16,0,1,180,1.846,0.9835,1.0,0.9099,0.2951,0.3,0.364,9986.3519,0.9881
169.751,4,NAVIGATE,-4.4073,9.3316,-2.0136,1.0319,1.1147,0.5775,1.0319,0.9147,1.3789,0.0,12.0,5.1522,9.645914077758789,2.227994680404663,-33.16,0,1,180,1.606,0.9837,1.0,0.9043,0.2951,0.3,0.3617,9986.7398,0.9644
169.801,4,NAVIGATE,-4.3678,9.3762,-2.0104,1.031,1.1035,0.5746,1.031,0.9035,1.3709,0.0,12.0,5.0953,9.587782859802246,2.1639111042022705,-32.15,0,1,180,1.73,0.9841,1.0,0.8994,0.2952,0.3,0.3597,9987.0923,0.9695
169.851,4,NAVIGATE,-4.3194,9.4285,-2.0072,1.0327,1.0896,0.5712,1.0327,0.8896,1.363,0.0,12.0,5.0268,9.56464958190918,2.13081955909729,-34.66,0,1,180,1.703,0.9849,1.0,0.8949,0.2955,0.3,0.358,9987.612,0.9395
169.901,4,NAVIGATE,-4.2706,9.4802,-2.0044,1.0366,1.0757,0.5675,1.0366,0.8757,1.3569,0.0,12.0,4.9586,9.53363037109375,2.0951595306396484,-33.41,0,1,180,1.697,0.9859,1.0,0.8918,0.2958,0.3,0.3567,9988.1992,0.9464
169.951,4,NAVIGATE,-4.2294,9.5227,-2.0044,1.0409,1.0644,0.5642,1.0409,0.8644,1.353,0.0,12.0,4.9015,9.484935760498047,2.03056263923645,-33.41,0,1,180,1.641,0.9867,1.0,0.89,0.296,0.3,0.356,9988.7251,0.9404
170.001,4,NAVIGATE,-4.1796,9.5731,-2.0049,1.0466,1.0511,0.5602,0.9466,0.8511,1.273,0.0,12.0,4.8331,9.461009979248047,1.9983947277069092,-31.65,0,1,180,1.821,0.9788,1.0,0.8307,0.2936,0.3,0.3323,9986.3158,0.9869
170.051,4,NAVIGATE,-4.1379,9.6147,-2.0052,1.0515,1.0402,0.5568,1.0515,0.8402,1.346,0.0,12.0,4.7762,9.437911987304688,1.9618219137191772,-34.16,0,1,180,1.741,0.9886,1.0,0.8871,0.2966,0.3,0.3548,9989.9196,0.9217
170.102,4,NAVIGATE,-4.097,9.6553,-2.009,1.0562,1.0292,0.5532,1.0562,0.8292,1.3428,0.0,12.0,4.7205,9.398384094238281,1.8966338634490967,-33.66,0,1,180,1.755,0.9894,1.0,0.8857,0.2968,0.3,0.3543,9990.4488,0.9163
170.151,4,NAVIGATE,-4.0478,9.7034,-2.0139,1.0586,1.0155,0.5489,1.0586,0.8155,1.3363,0.0,12.0,4.6539,9.3771333694458,1.8652558326721191,-33.91,0,1,180,1.575,0.9902,1.0,0.8821,0.2971,0.3,0.3529,9990.9891,0.9233
170.201,4,NAVIGATE,-4.0066,9.7431,-2.0174,1.0604,1.0044,0.5455,1.0604,0.8044,1.331,0.0,12.0,4.5985,9.35470199584961,1.828857183456421,-34.66,0,1,180,1.56,0.9908,1.0,0.8791,0.2972,0.3,0.3517,9991.4303,0.8913
170.251,4,NAVIGATE,-3.9665,9.7849,-2.0167,1.0622,0.9945,0.542,1.0622,0.7945,1.3265,0.0,12.0,4.5431,9.315685272216797,1.7679160833358765,-36.41,0,1,180,1.721,0.9912,1.0,0.8765,0.2974,0.3,0.3506,9991.8481,0.8867
170.301,4,NAVIGATE,-3.918,9.8342,-2.0158,1.0651,0.9824,0.5379,1.0651,0.7824,1.3216,0.0,12.0,4.4768,9.29910945892334,1.7380534410476685,-37.41,0,1,180,1.657,0.9917,1.0,0.8738,0.2975,0.3,0.3495,9992.372,0.8902
170.351,4,NAVIGATE,-3.8771,9.8746,-2.0148,1.0682,0.972,0.5346,1.0682,0.772,1.318,0.0,12.0,4.4215,9.276663780212402,1.7036532163619995,-38.41,0,1,180,1.728,0.9923,1.0,0.8719,0.2977,0.3,0.3487,9992.8275,0.8979
170.402,4,NAVIGATE,-3.8359,9.9122,-2.0162,1.0715,0.9607,0.5312,1.0715,0.7607,1.3141,0.0,12.0,4.3672,9.25967025756836,1.6762778759002686,-39.41,0,1,180,2.208,0.9929,1.0,0.8699,0.2979,0.3,0.3479,9993.3042,0.8966
170.451,4,NAVIGATE,-3.786,9.957,-2.0174,1.0759,0.9468,0.5272,1.0759,0.7468,1.3097,0.0,12.0,4.302,9.226290702819824,1.6188948154449463,-41.66,0,1,180,1.587,0.9937,1.0,0.8677,0.2981,0.3,0.3471,9993.8872,0.8831
170.501,4,NAVIGATE,-3.7436,9.9932,-2.0193,1.0798,0.9349,0.5238,1.0798,0.7349,1.3061,0.0,12.0,4.2476,9.207544326782227,1.5905207395553589,-42.91,0,1,180,1.699,0.9944,1.0,0.8659,0.2983,0.3,0.3464,9994.3884,0.8833
170.551,4,NAVIGATE,-3.6907,10.0331,-2.0263,1.0849,0.9189,0.5197,1.0849,0.7189,1.3015,0.0,12.0,4.1821,9.191040992736816,1.5629595518112183,-44.17,0,1,180,1.612,0.9954,1.0,0.8637,0.2986,0.3,0.3455,9995.0457,0.8715
170.601,4,NAVIGATE,-3.6465,10.0662,-2.0311,1.0891,0.9058,0.5164,1.0891,0.7058,1.2978,0.0,12.0,4.1275,9.160304069519043,1.5117319822311401,-46.42,0,1,180,1.8,0.9962,1.0,0.8619,0.2989,0.3,0.3448,9995.5843,0.8617
170.651,4,NAVIGATE,-3.5947,10.1052,-2.0351,1.0934,0.8902,0.5123,1.0934,0.6902,1.293,0.0,12.0,4.0635,9.141698837280273,1.4853702783584595,-47.92,0,1,180,1.704,0.997,1.0,0.8594,0.2991,0.3,0.3438,9996.1889,0.8618
170.701,4,NAVIGATE,-3.5534,10.1367,-2.0369,1.0959,0.8773,0.509,1.0959,0.6773,1.2884,0.0,12.0,4.0123,9.127842903137207,1.4602463245391846,-49.17,0,1,180,1.555,0.9975,1.0,0.8568,0.2993,0.3,0.3427,9996.6426,0.866
170.751,4,NAVIGATE,-3.5034,10.1743,-2.0382,1.0991,0.8621,0.505,1.0991,0.6621,1.2832,0.0,12.0,3.9505,9.100661277770996,1.4166597127914429,-51.92,0,1,180,1.804,0.9981,1.0,0.8538,0.2994,0.3,0.3415,9997.1711,0.8642
170.802,4,NAVIGATE,-3.4615,10.2056,-2.0357,1.1018,0.8497,0.5018,1.1018,0.6497,1.2791,0.0,12.0,3.899,9.081323623657227,1.3926551342010498,-53.42,0,1,180,1.872,0.9985,1.0,0.8514,0.2996,0.3,0.3406,9997.581,0.8602
170.851,4,NAVIGATE,-3.4113,10.243,-2.0277,1.105,0.8351,0.4981,1.105,0.6351,1.2745,0.0,12.0,3.8372,9.070616722106934,1.3738657236099243,-54.93,0,1,180,1.547,0.9989,1.0,0.8487,0.2997,0.3,0.3395,9998.0065,0.8601
170.901,4,NAVIGATE,-3.3691,10.2739,-2.0214,1.1079,0.8228,0.495,1.1079,0.6228,1.271,0.0,12.0,3.7855,9.039908409118652,1.3383432626724243,-58.18,0,1,180,1.573,0.9993,1.0,0.8467,0.2998,0.3,0.3387,9998.2759,0.863
170.951,4,NAVIGATE,-3.3194,10.3108,-2.0122,1.111,0.8081,0.4915,1.111,0.6081,1.2666,0.0,12.0,3.7245,9.02110767364502,1.3172519207000732,-59.93,0,1,180,1.702,0.9995,1.0,0.844,0.2999,0.3,0.3376,9998.4072,0.8587
171.001,4,NAVIGATE,-3.2781,10.3413,-2.0045,1.1137,0.7958,0.4886,1.1137,0.5958,1.263,0.0,12.0,3.6739,9.007597923278809,1.3037781715393066,-61.43,0,1,180,1.679,0.9997,1.0,0.8418,0.2999,0.3,0.3367,9998.3306,0.855
171.051,4,NAVIGATE,-3.2279,10.3775,-1.9964,1.1172,0.781,0.4853,1.1172,0.581,1.2593,0.0,12.0,3.6128,8.976757049560547,1.2733938694000244,-64.94,0,1,180,1.665,0.9999,1.0,0.8394,0.3,0.3,0.3358,9998.7614,0.8565
171.101,4,NAVIGATE,-3.1841,10.406,-1.992,1.1211,0.768,0.4826,1.1211,0.568,1.2568,0.0,12.0,3.5608,8.957395553588867,1.2576361894607544,-66.94,0,1,180,1.774,1.0,1.0,0.8379,0.3,0.3,0.3351,9999.3055,0.8585
171.151,4,NAVIGATE,-3.1308,10.4397,-1.9879,1.1261,0.7523,0.4796,1.1261,0.5523,1.2543,0.0,12.0,3.4981,8.941943168640137,1.2467560768127441,-68.69,0,1,180,1.57,1.0,1.0,0.8362,0.3,0.3,0.3345,9999.4916,0.8621
171.201,4,NAVIGATE,-3.0862,10.4674,-1.9851,1.1303,0.7394,0.4771,1.1303,0.5394,1.2524,0.0,12.0,3.4457,8.91061782836914,1.2229461669921875,-72.44,0,1,180,1.901,0.9999,1.0,0.8348,0.3,0.3,0.3339,9998.9334,0.8622
171.251,4,NAVIGATE,-3.0332,10.5002,-1.9812,1.1348,0.7236,0.4743,1.0348,0.5236,1.1597,0.0,12.0,3.3837,8.892130851745605,1.2199069261550903,-74.44,0,1,180,1.688,1.0,1.0,0.7731,0.3,0.3,0.3092,9998.6551,0.8854
171.301,4,NAVIGATE,-2.9889,10.5271,-1.9783,1.1384,0.7104,0.4719,1.0384,0.5104,1.1571,0.0,12.0,3.3321,8.876107215881348,1.2111096382141113,-76.2,0,1,180,1.628,1.0,1.0,0.7714,0.3,0.3,0.3085,9998.7336,0.8813
171.351,4,NAVIGATE,-2.9356,10.5585,-1.9759,1.143,0.6946,0.469,1.043,0.4946,1.1544,0.0,12.0,3.2704,8.84292221069336,1.2010259628295898,-80.2,0,1,180,1.673,0.9999,1.0,0.7695,0.3,0.3,0.3078,9999.0684,0.882
171.401,4,NAVIGATE,-2.8922,10.582,-1.9759,1.1445,0.6804,0.4667,0.9445,0.4804,1.0597,0.0,12.0,3.2211,8.824421882629395,1.2002220153808594,-82.2,0,1,180,1.628,0.9999,1.0,0.7064,0.3,0.3,0.2825,9998.9283,0.8999
171.451,4,NAVIGATE,-2.8396,10.61,-1.9762,1.1439,0.6637,0.4641,0.9439,0.4637,1.0516,0.0,12.0,3.1616,8.808311462402344,1.1954739093780518,-84.2,0,1,180,1.649,1.0,1.0,0.7011,0.3,0.3,0.2804,9999.4707,0.8912
171.501,4,NAVIGATE,-2.7954,10.6327,-1.9767,1.1425,0.6498,0.4621,0.9425,0.4498,1.0444,0.0,12.0,3.1119,8.777925491333008,1.1957181692123413,-87.96,0,1,180,1.57,1.0,1.0,0.6962,0.3,0.3,0.2785,9999.1755,0.9113
171.551,4,NAVIGATE,-2.7412,10.6569,-1.9774,1.1382,0.6322,0.4598,1.1382,0.5322,1.2565,0.0,12.0,3.0525,8.759300231933594,1.1994518041610718,-90.21,0,1,180,1.558,0.9998,1.0,0.8375,0.3,0.3,0.335,9999.0925,0.9209
171.601,4,NAVIGATE,-2.6962,10.6772,-1.9781,1.132,0.6178,0.4581,1.032,0.5178,1.1546,0.0,12.0,3.0032,8.74300479888916,1.2023003101348877,-91.96,0,1,180,1.642,1.0,1.0,0.7697,0.3,0.3,0.3079,9999.3859,0.9327
171.651,4,NAVIGATE,-2.6428,10.7012,-1.9787,1.1217,0.6001,0.4564,1.0217,0.5001,1.1375,0.0,12.0,2.9447,8.707597732543945,1.2113643884658813,-95.96,0,1,180,1.533,1.0,1.0,0.7583,0.3,0.3,0.3033,9999.5015,0.9583
171.701,4,NAVIGATE,-2.599,10.7206,-1.979,1.1166,0.5875,0.4552,1.0166,0.4875,1.1275,0.0,12.0,2.8968,8.685078620910645,1.2180956602096558,-98.22,0,1,180,1.589,0.9999,1.0,0.7516,0.3,0.3,0.3006,9999.1698,0.9684
171.751,4,NAVIGATE,-2.5465,10.744,-1.9793,1.1128,0.5751,0.454,0.9128,0.4751,1.029,0.0,12.0,2.8394,8.662298202514648,1.2259303331375122,-99.97,0,1,180,1.526,0.9998,1.0,0.6859,0.2999,0.3,0.2743,9998.7813,0.9856
171.801,4,NAVIGATE,-2.5049,10.7638,-1.9823,1.1097,0.5666,0.4532,1.1097,0.5666,1.246,0.0,12.0,2.7933,8.614861488342285,1.2450469732284546,-103.47,0,1,180,1.874,0.9999,1.0,0.8306,0.3,0.3,0.3322,9999.1023,1.0311
171.851,4,NAVIGATE,-2.4561,10.7878,-1.9875,1.1058,0.5577,0.4522,1.1058,0.5577,1.2385,0.0,12.0,2.739,8.587151527404785,1.2602965831756592,-104.97,0,1,180,1.551,1.0,1.0,0.8256,0.3,0.3,0.3303,9999.4626,1.0504
171.901,4,NAVIGATE,-2.4152,10.8078,-1.9913,1.1003,0.5501,0.4515,1.1003,0.5501,1.2301,0.0,12.0,2.6934,8.563051223754883,1.2722220420837402,-106.97,0,1,180,1.57,1.0,1.0,0.8201,0.3,0.3,0.328,9999.5413,1.0659
171.951,4,NAVIGATE,-2.3665,10.8342,-1.9944,1.0963,0.5449,0.4509,1.2963,0.6449,1.4478,0.0,12.0,2.6381,8.511764526367188,1.3005303144454956,-109.98,0,1,180,1.855,1.0,1.0,0.9652,0.3,0.3,0.3861,9999.6121,1.1226
172.002,4,NAVIGATE,-2.3257,10.8569,-1.9962,1.0952,0.5426,0.4505,1.2952,0.6426,1.4459,0.0,12.0,2.5915,8.479608535766602,1.3165738582611084,-112.23,0,1,180,1.954,1.0,1.0,0.9639,0.3,0.3,0.3856,9999.7979,1.1455
172.051,4,NAVIGATE,-2.2764,10.884,-1.9979,1.0953,0.5408,0.4503,1.2953,0.6408,1.4451,0.0,12.0,2.5352,8.450374603271484,1.331836462020874,-113.73,0,1,180,1.797,1.0,1.0,0.9634,0.3,0.3,0.3854,9999.2785,1.1617
172.101,4,NAVIGATE,-2.2356,10.9068,-2.0021,1.1007,0.5415,0.4502,1.1007,0.5415,1.2267,0.0,12.0,2.4886,8.389692306518555,1.3696132898330688,-115.73,0,1,180,1.65,1.0,1.0,0.8178,0.3,0.3,0.3271,9999.37,1.1792
172.151,4,NAVIGATE,-2.1857,10.934,-2.0063,1.1129,0.5449,0.4503,0.9129,0.4449,1.0155,0.0,12.0,2.4318,8.353554725646973,1.3896352052688599,-116.48,0,1,180,1.688,1.0,1.0,0.677,0.3,0.3,0.2708,9999.4611,1.1805
172.201,4,NAVIGATE,-2.1433,10.9567,-2.0089,1.1274,0.5498,0.4504,1.3274,0.6498,1.4779,0.0,12.0,2.3837,8.324224472045898,1.4090063571929932,-114.98,0,1,180,1.827,1.0,1.0,0.9853,0.3,0.3,0.3941,9999.7804,1.2413
172.251,4,NAVIGATE,-2.0941,10.9853,-2.0154,1.1403,0.5539,0.4504,1.3403,0.6539,1.4913,0.0,12.0,2.327,8.257516860961914,1.4461678266525269,-115.48,0,1,180,1.773,1.0,1.0,0.9942,0.3,0.3,0.3977,9999.3976,1.2806
172.301,4,NAVIGATE,-2.0438,11.0136,-2.021,1.1442,0.5532,0.4505,1.1442,0.5532,1.2709,0.0,12.0,2.2694,8.217229843139648,1.4668773412704468,-117.73,0,1,180,1.681,1.0,1.0,0.8472,0.3,0.3,0.3389,9999.5889,1.2787
172.352,4,NAVIGATE,-2.001,11.0373,-2.0242,1.1499,0.5538,0.4508,1.2499,0.5538,1.3671,0.0,12.0,2.2206,8.18226146697998,1.4842039346694946,-117.23,0,1,180,1.677,0.9995,1.0,0.9109,0.2999,0.3,0.3644,9999.0999,1.2987
172.402,4,NAVIGATE,-1.9479,11.067,-2.0242,1.1617,0.5576,0.451,0.9617,0.4576,1.065,0.0,12.0,2.1599,8.114513397216797,1.5221046209335327,-115.73,0,1,180,1.791,1.0,1.0,0.71,0.3,0.3,0.284,9999.2619,1.3174
172.451,4,NAVIGATE,-1.903,11.0916,-2.0237,1.1701,0.56,0.4513,1.1701,0.56,1.2972,0.0,12.0,2.1087,8.074607849121094,1.5443620681762695,-115.98,0,1,180,1.768,1.0,1.0,0.8648,0.3,0.3,0.3459,9999.4655,1.3587
172.501,4,NAVIGATE,-1.8577,11.115,-2.0232,1.1798,0.5616,0.4515,1.1798,0.5616,1.3066,0.0,12.0,2.0578,8.042182922363281,1.5635507106781006,-117.23,0,1,180,1.777,1.0,1.0,0.8711,0.3,0.3,0.3484,9999.4785,1.3771
172.551,4,NAVIGATE,-1.8034,11.1412,-2.0229,1.1837,0.5585,0.4514,1.2837,0.6585,1.4427,0.0,12.0,1.9975,7.975011825561523,1.6014074087142944,-115.23,0,1,180,1.694,0.9996,1.0,0.9614,0.2999,0.3,0.3846,9999.3084,1.4345
172.601,4,NAVIGATE,-1.7486,11.1673,-2.0223,1.1852,0.5544,0.4513,0.9852,0.4544,1.085,0.0,12.0,1.9367,7.9405975341796875,1.6223039627075195,-116.73,0,1,180,1.642,0.9999,1.0,0.7233,0.3,0.3,0.2893,9999.2962,1.4151
172.652,4,NAVIGATE,-1.7043,11.1882,-2.0187,1.1856,0.5506,0.4511,1.1856,0.5506,1.3072,0.0,12.0,1.8878,7.880683422088623,1.659420132637024,-116.73,0,1,180,1.792,1.0,1.0,0.8714,0.3,0.3,0.3486,9999.2028,1.4724
172.701,4,NAVIGATE,-1.6518,11.2129,-2.0123,1.19,0.5495,0.4507,1.19,0.5495,1.3107,0.0,12.0,1.8298,7.852405071258545,1.6785352230072021,-116.48,0,1,180,1.806,0.9999,1.0,0.8738,0.3,0.3,0.3495,9999.5836,1.49
172.751,4,NAVIGATE,-1.5986,11.2377,-2.0067,1.1893,0.5465,0.4503,1.2893,0.6465,1.4423,0.0,12.0,1.771,7.821281909942627,1.6996761560440063,-115.23,0,1,180,1.829,0.9998,1.0,0.9613,0.2999,0.3,0.3845,9999.4113,1.5318
172.801,4,NAVIGATE,-1.5508,11.2568,-2.0014,1.1903,0.5431,0.45,1.2903,0.6431,1.4417,0.0,12.0,1.7197,7.761961460113525,1.7363563776016235,-117.48,0,1,180,1.734,0.9999,1.0,0.961,0.3,0.3,0.3844,9999.6551,1.5689
172.851,4,NAVIGATE,-1.4934,11.28,-1.9958,1.1918,0.5391,0.4495,1.0918,0.5391,1.2177,0.0,12.0,1.658,7.7339253425598145,1.7545018196105957,-115.73,0,1,180,1.642,1.0,1.0,0.8118,0.3,0.3,0.3247,9999.2235,1.5656
172.901,4,NAVIGATE,-1.4455,11.2995,-1.9918,1.1964,0.5382,0.449,1.1964,0.5382,1.3119,0.0,12.0,1.6063,7.703360557556152,1.775882363319397,-115.73,0,1,180,1.899,0.9996,1.0,0.8743,0.2999,0.3,0.3497,9999.2697,1.5863
172.951,4,NAVIGATE,-1.3978,11.3196,-1.9876,1.2046,0.5404,0.4487,1.2046,0.5404,1.3202,0.0,12.0,1.5546,7.6746320724487305,1.7945256233215332,-115.98,0,1,180,1.807,0.9995,1.0,0.8797,0.2999,0.3,0.3519,9999.2936,1.6058
173.001,4,NAVIGATE,-1.34,11.3442,-1.9833,1.2109,0.5423,0.4484,1.1109,0.5423,1.2362,0.0,12.0,1.4919,7.62030553817749,1.832702398300171,-116.23,0,1,180,1.92,1.0,1.0,0.8241,0.3,0.3,0.3297,9999.7414,1.6445
173.052,4,NAVIGATE,-1.282,11.3695,-1.9793,1.2158,0.5436,0.4484,1.3158,0.6436,1.4647,0.0,12.0,1.4286,7.5854105949401855,1.852630376815796,-117.23,0,1,180,2.068,1.0,1.0,0.9765,0.3,0.3,0.3906,9999.5357,1.6858
173.102,4,NAVIGATE,-1.2433,11.3881,-1.9756,1.2188,0.5449,0.4484,1.2188,0.6449,1.3789,0.0,12.0,1.3857,7.554201602935791,1.8716377019882202,-114.98,0,1,180,2.022,0.9996,1.0,0.9189,0.2999,0.3,0.3675,9999.5411,1.7063
173.151,4,NAVIGATE,-1.185,11.416,-1.9708,1.2196,0.5447,0.4486,1.2196,0.5447,1.3357,0.0,12.0,1.3211,7.492356777191162,1.9085068702697754,-115.48,0,1,180,1.817,0.9993,1.0,0.8898,0.2998,0.3,0.3559,9999.4217,1.7299
173.201,4,NAVIGATE,-1.136,11.4392,-1.9678,1.2222,0.5457,0.4488,1.1222,0.5457,1.2478,0.0,12.0,1.2669,7.455431938171387,1.9300422668457031,-117.73,0,1,180,1.849,1.0,1.0,0.8319,0.3,0.3,0.3328,9999.7863,1.7542
173.251,4,NAVIGATE,-1.0857,11.4632,-1.9654,1.2258,0.549,0.4491,1.1258,0.549,1.2525,0.0,12.0,1.2112,7.425149440765381,1.9491288661956787,-116.48,0,1,180,1.727,1.0,1.0,0.835,0.3,0.3,0.334,9999.5209,1.778
173.301,4,NAVIGATE,-1.0354,11.4871,-1.9634,1.23,0.552,0.4495,1.03,0.552,1.1686,0.0,12.0,1.1554,7.391298294067383,1.968095064163208,-118.48,0,1,180,1.886,0.9995,1.0,0.7786,0.2998,0.3,0.3115,9999.5817,1.8017
173.351,4,NAVIGATE,-0.985,11.511,-1.9618,1.2324,0.5538,0.4499,1.0324,0.4538,1.1278,0.0,12.0,1.0997,7.315830707550049,2.0150809288024902,-120.74,0,1,180,1.759,0.9989,1.0,0.751,0.2997,0.3,0.3004,9999.3769,1.8313
173.402,4,NAVIGATE,-0.9342,11.5356,-1.9598,1.2337,0.555,0.4505,1.1337,0.555,1.2622,0.0,12.0,1.0433,7.2815656661987305,2.036386489868164,-121.24,0,1,180,1.977,1.0,1.0,0.8415,0.3,0.3,0.3366,9999.4396,1.8811
173.451,4,NAVIGATE,-0.8735,11.5649,-1.958,1.2307,0.5552,0.4513,1.1307,0.5552,1.2597,0.0,12.0,0.9758,7.245133399963379,2.057506561279297,-122.49,0,1,180,1.759,1.0,1.0,0.8398,0.3,0.3,0.3359,9999.3919,1.9114
173.501,4,NAVIGATE,-0.8232,11.5889,-1.9569,1.2241,0.5525,0.452,1.0241,0.5525,1.1636,0.0,12.0,0.9201,7.20747709274292,2.083075761795044,-123.99,0,1,180,1.775,0.9995,1.0,0.7753,0.2999,0.3,0.3101,9999.4414,1.9388
173.551,4,NAVIGATE,-0.7718,11.6162,-1.9519,1.2179,0.551,0.4527,1.0179,0.451,1.1133,0.0,12.0,0.862,7.128095626831055,2.133840799331665,-125.49,0,1,180,1.673,0.999,1.0,0.7415,0.2997,0.3,0.2966,9999.2541,1.9723
173.601,4,NAVIGATE,-0.7108,11.648,-1.947,1.2122,0.5497,0.4535,1.2122,0.5497,1.331,0.0,12.0,0.7932,7.091811656951904,2.1571550369262695,-126.49,0,1,180,1.862,0.9994,1.0,0.8868,0.2998,0.3,0.3547,9999.1581,2.0347
173.652,4,NAVIGATE,-0.6603,11.6739,-1.9433,1.2065,0.549,0.4542,1.1065,0.549,1.2352,0.0,12.0,0.7364,7.051057815551758,2.1825218200683594,-127.49,0,1,180,2.004,1.0,1.0,0.8235,0.3,0.3,0.3294,9999.4031,2.0472
173.701,4,NAVIGATE,-0.5997,11.7046,-1.9385,1.1976,0.5458,0.4552,0.9976,0.4458,1.0927,0.0,12.0,0.6685,6.973535060882568,2.2399778366088867,-129.49,0,1,180,1.808,0.9993,1.0,0.728,0.2998,0.3,0.2912,9999.2083,2.0953
173.751,4,NAVIGATE,-0.5497,11.7296,-1.9355,1.1939,0.5436,0.4559,0.9939,0.4436,1.0885,0.0,12.0,0.6126,6.9376630783081055,2.267028331756592,-130.5,0,1,180,1.786,0.9993,1.0,0.7251,0.2998,0.3,0.2901,9998.9174,2.1102
173.802,4,NAVIGATE,-0.4889,11.76,-1.9316,1.1919,0.5422,0.4567,1.1919,0.6422,1.3539,0.0,12.0,0.5447,6.898674488067627,2.295675754547119,-131.25,0,1,180,2.251,0.9993,1.0,0.9019,0.2998,0.3,0.3608,9998.7369,1.8391
173.901,4,RETURN_HOME,-0.3957,11.807,-1.9245,1.184,0.5357,0.4576,1.384,0.3357,1.4241,0.0,0.0,11.8136,6.7872395515441895,2.3827426433563232,-133.75,0,1,180,1.898,-0.203,1.0,0.4747,-0.0609,0.3,0.1899,0.429,2.2361
173.951,4,RETURN_HOME,-0.3363,11.8379,-1.9221,1.1778,0.5337,0.4573,1.3778,0.3337,1.4177,0.0,0.0,11.8426,6.7538981437683105,2.410539388656616,-134.75,0,1,180,1.727,-0.2077,1.0,0.4726,-0.0623,0.3,0.189,0.4267,2.2371
174.002,4,RETURN_HOME,-0.2898,11.8643,-1.9207,1.1735,0.5374,0.4518,1.3735,0.3374,1.4144,0.0,0.0,11.8679,6.716549873352051,2.4911627769470215,-135.0,0,1,180,1.881,-0.2148,1.0,0.4715,-0.0644,0.3,0.1886,0.4242,2.2418
174.052,4,RETURN_HOME,-0.2433,11.8904,-1.9176,1.1764,0.5418,0.4404,1.3764,0.3418,1.4182,0.0,0.0,11.8928,6.7432942390441895,2.608961343765259,-90.21,0,1,180,2.17,-0.2211,1.0,0.4727,-0.0663,0.3,0.1891,0.4228,2.2612
174.102,4,RETURN_HOME,-0.1966,11.9161,-1.9121,1.1851,0.5465,0.4232,1.3851,0.3465,1.4278,0.0,0.0,11.9177,6.815426349639893,2.606320381164551,-90.46,0,1,180,2.153,-0.2266,1.0,0.4759,-0.068,0.3,0.1904,0.4224,2.2774
174.151,4,RETURN_HOME,-0.1404,11.9469,-1.9015,1.2016,0.5505,0.3958,1.4016,0.3505,1.4448,0.0,0.0,11.9477,6.94407844543457,2.60319185256958,-90.71,0,1,180,1.791,-0.2312,1.0,0.4816,-0.0694,0.3,0.1926,0.4233,2.2911
174.201,4,RETURN_HOME,-0.0927,11.9721,-1.8913,1.2188,0.5511,0.3677,1.4188,0.3511,1.4616,0.0,0.0,11.9725,7.100953102111816,2.603642702102661,-90.46,0,1,180,1.835,-0.2327,1.0,0.4872,-0.0698,0.3,0.1949,0.4251,2.2951
174.252,4,RETURN_HOME,-0.0438,11.9973,-1.8805,1.238,0.5484,0.3351,1.438,0.3484,1.4796,0.0,0.0,11.9974,7.565926551818848,2.600388526916504,-89.96,0,1,180,1.945,-0.2319,1.0,0.4932,-0.0696,0.3,0.1973,0.4277,2.3006
174.301,4,RETURN_HOME,0.0079,12.0231,-1.8704,1.2586,0.5425,0.2983,1.4586,0.3425,1.4983,0.0,0.0,12.0231,7.939435958862305,2.6010639667510986,-89.21,0,1,180,1.733,-0.2293,1.0,0.4994,-0.0688,0.3,0.1998,0.431,2.2998
174.351,4,RETURN_HOME,0.0497,12.0431,-1.862,1.2747,0.5352,0.2661,1.3747,0.3352,1.415,0.0,0.0,12.0432,8.360694885253906,2.6015982627868652,-88.46,0,1,180,1.748,-0.2409,1.0,0.4717,-0.0723,0.3,0.1887,0.4164,2.3148
174.401,4,RETURN_HOME,0.1133,12.0717,-1.85,1.2982,0.5207,0.2133,1.3982,0.3207,1.4345,0.0,0.0,12.0723,8.751153945922852,2.6006131172180176,-87.71,0,1,180,1.877,-0.2327,1.0,0.4782,-0.0698,0.3,0.1913,0.4214,2.3125
174.451,4,RETURN_HOME,0.1681,12.0929,-1.8422,1.3171,0.5057,0.1654,1.4171,0.3057,1.4497,0.0,0.0,12.0941,8.684890747070312,2.601241111755371,-86.71,0,1,180,1.651,-0.2244,1.0,0.4832,-0.0673,0.3,0.1933,0.426,2.291
174.501,4,RETURN_HOME,0.2234,12.1131,-1.8342,1.3328,0.4892,0.1141,1.4328,0.2892,1.4617,0.0,0.0,12.1152,8.56910514831543,2.600712776184082,-83.95,0,1,180,1.729,-0.2159,1.0,0.4872,-0.0648,0.3,0.1949,0.4301,2.3207
174.551,4,RETURN_HOME,0.2904,12.1363,-1.8249,1.3483,0.4689,0.0484,1.4483,0.2689,1.4731,0.0,0.0,12.1398,8.523658752441406,2.600365161895752,-82.7,0,1,180,1.71,-0.206,1.0,0.491,-0.0618,0.3,0.1964,0.4346,2.3193
174.602,4,RETURN_HOME,0.3481,12.1546,-1.8181,1.3598,0.4524,-0.0098,1.4598,0.2524,1.4815,0.0,0.0,12.1596,8.427980422973633,2.5976054668426514,-79.45,0,1,180,1.948,-0.1985,1.0,0.4938,-0.0595,0.3,0.1975,0.438,2.3192
174.651,4,RETURN_HOME,0.4172,12.1756,-1.8099,1.3721,0.4335,-0.0837,1.4721,0.2335,1.4905,0.0,0.0,12.1828,8.381492614746094,2.5987207889556885,-77.7,0,1,180,1.746,-0.1904,1.0,0.4968,-0.0571,0.3,0.1987,0.4416,2.3275
174.701,4,RETURN_HOME,0.475,12.1917,-1.8027,1.3821,0.4184,-0.1487,1.4821,0.2184,1.4981,0.0,0.0,12.201,8.338255882263184,2.599200487136841,-75.7,0,1,180,1.694,-0.1842,1.0,0.4994,-0.0553,0.3,0.1997,0.4445,2.332
174.751,4,RETURN_HOME,0.545,12.2073,-1.7925,1.3946,0.4,-0.2308,1.3946,0.2,1.4089,0.0,0.0,12.2194,8.293957710266113,2.600158929824829,-73.69,0,1,180,1.566,-0.1859,1.0,0.4696,-0.0558,0.3,0.1879,0.4321,2.3401
174.801,4,RETURN_HOME,0.6035,12.22,-1.7842,1.4057,0.3851,-0.3026,1.4057,0.1851,1.4179,0.0,0.0,12.2349,8.224130630493164,2.601365327835083,-69.44,0,1,180,1.135,-0.1793,1.0,0.4726,-0.0538,0.3,0.189,0.4353,2.3395
174.851,4,RETURN_HOME,0.6751,12.2355,-1.7754,1.4205,0.3681,-0.3929,1.4205,0.1681,1.4304,0.0,0.0,12.2541,8.228492736816406,2.6031367778778076,-66.94,0,1,180,1.079,-0.172,1.0,0.4768,-0.0516,0.3,0.1907,0.4391,2.3499
174.901,4,RETURN_HOME,0.7358,12.2485,-1.7689,1.4321,0.3539,-0.4715,1.4321,0.1539,1.4403,0.0,0.0,12.2706,8.265264511108398,2.6045844554901123,-64.43,0,1,180,1.468,-0.1663,1.0,0.4801,-0.0499,0.3,0.192,0.4422,2.357
174.951,4,RETURN_HOME,0.8086,12.2636,-1.761,1.4441,0.336,-0.5696,1.4441,0.136,1.4505,0.0,0.0,12.2903,8.462693214416504,2.608781337738037,-58.68,0,1,180,1.121,-0.1591,1.0,0.4835,-0.0477,0.3,0.1934,0.4457,2.3538
175.001,4,RETURN_HOME,0.8692,12.2768,-1.7555,1.4523,0.3207,-0.6545,1.4523,0.1207,1.4573,0.0,0.0,12.3075,8.62724781036377,2.6113483905792236,-55.93,0,1,180,1.135,-0.153,1.0,0.4858,-0.0459,0.3,0.1943,0.4484,2.3631
175.051,4,RETURN_HOME,0.9419,12.2923,-1.7503,1.4605,0.3001,-0.759,1.4605,0.1001,1.464,0.0,0.0,12.3284,8.845376968383789,2.6172375679016113,-52.42,0,1,180,1.163,-0.1444,1.0,0.488,-0.0433,0.3,0.1952,0.4519,2.3747
175.101,4,RETURN_HOME,1.0145,12.3068,-1.7476,1.4672,0.2762,-0.8643,1.4672,0.0762,1.4692,0.0,0.0,12.3486,9.5377836227417,2.6234943866729736,-44.42,0,1,180,1.104,-0.1337,1.0,0.4897,-0.0401,0.3,0.1959,0.4558,2.3664
175.151,4,RETURN_HOME,1.0773,12.3177,-1.7469,1.4727,0.2535,-0.9512,1.4727,0.0535,1.4737,0.0,0.0,12.3648,9.99705696105957,2.6278738975524902,-42.41,0,1,180,1.161,-0.1232,1.0,0.4912,-0.037,0.3,0.1965,0.4595,2.3698
175.201,4,RETURN_HOME,1.1523,12.3295,-1.7515,1.4779,0.2251,-1.053,1.4779,0.0251,1.4781,0.0,0.0,12.3832,9.935245513916016,2.636246681213379,-31.9,0,1,180,1.777,-0.11,1.0,0.4927,-0.033,0.3,0.1971,0.4641,2.3602
175.251,4,RETURN_HOME,1.2143,12.3382,-1.7591,1.4807,0.2022,-1.1348,1.4807,0.0022,1.4807,0.0,0.0,12.3978,2.7937254905700684,2.640562057495117,-30.65,0,1,180,1.142,-0.0994,1.0,0.4936,-0.0298,0.3,0.1974,0.4676,2.3644
175.301,4,RETURN_HOME,1.2893,12.3495,-1.774,1.4832,0.177,-1.2284,1.4832,-0.023,1.4834,0.0,0.0,12.4166,2.7437329292297363,2.6430888175964355,-26.65,0,1,180,1.21,-0.0884,1.0,0.4945,-0.0265,0.3,0.1978,0.4713,2.3717
175.351,4,RETURN_HOME,1.3514,12.3578,-1.788,1.4843,0.1577,-1.3021,1.4843,-0.0423,1.4849,0.0,0.0,12.4315,2.6776316165924072,2.651824474334717,-18.39,0,1,180,1.147,-0.0803,1.0,0.495,-0.0241,0.3,0.198,0.4739,2.3571
175.401,4,RETURN_HOME,1.4259,12.3666,-1.8056,1.4847,0.1362,-1.3845,1.4847,-0.0638,1.4861,0.0,0.0,12.4485,2.6646268367767334,2.6544580459594727,-15.64,0,1,180,1.347,-0.0718,1.0,0.4954,-0.0215,0.3,0.1981,0.4766,2.3635
175.451,4,RETURN_HOME,1.4885,12.373,-1.8203,1.4847,0.1193,-1.4478,1.4847,-0.0807,1.4869,0.0,0.0,12.4622,2.6596262454986572,2.6576781272888184,-10.89,0,1,180,1.108,-0.0654,1.0,0.4956,-0.0196,0.3,0.1983,0.4786,2.3676
175.501,4,RETURN_HOME,1.5508,12.3787,-1.8351,1.4842,0.1033,-1.506,1.4842,-0.0967,1.4874,0.0,0.0,12.4755,2.66225004196167,2.66225004196167,-8.63,0,1,180,1.156,-0.0596,1.0,0.4958,-0.0179,0.3,0.1983,0.4804,2.3692
175.551,4,RETURN_HOME,1.625,12.3847,-1.8529,1.4833,0.085,-1.5691,1.4833,-0.115,1.4878,0.0,0.0,12.4909,2.669919729232788,2.669919729232788,-2.38,0,1,180,1.121,-0.0531,1.0,0.4959,-0.0159,0.3,0.1984,0.4824,2.3542
175.601,4,RETURN_HOME,1.699,12.3901,-1.8708,1.4823,0.0675,-1.6246,1.4823,-0.1325,1.4882,0.0,0.0,12.5061,2.671940565109253,2.671940565109253,-1.13,0,1,180,1.407,-0.0471,1.0,0.4961,-0.0141,0.3,0.1984,0.4843,2.3602
175.651,4,RETURN_HOME,1.7604,12.3938,-1.8851,1.4813,0.0531,-1.6652,1.4813,-0.1469,1.4886,0.0,0.0,12.5182,2.67773175239563,2.67773175239563,3.63,0,1,180,1.133,-0.0422,1.0,0.4962,-0.0127,0.3,0.1985,0.4858,2.3407
175.701,4,RETURN_HOME,1.8338,12.3965,-1.9036,1.4799,0.0356,-1.707,1.4799,-0.1644,1.489,0.0,0.0,12.5314,2.681262731552124,2.681262731552124,6.63,0,1,180,1.098,-0.0362,1.0,0.4963,-0.0109,0.3,0.1985,0.4877,2.3451
175.751,4,RETURN_HOME,1.9066,12.3979,-1.923,1.4784,0.0178,-1.7418,1.4784,-0.1822,1.4896,0.0,0.0,12.5436,2.6831960678100586,2.6831960678100586,7.13,0,1,180,1.079,-0.03,1.0,0.4965,-0.009,0.3,0.1986,0.4896,2.3496
175.801,4,RETURN_HOME,1.967,12.3983,-1.9384,1.4773,0.0032,-1.7656,1.4773,-0.1968,1.4904,0.0,0.0,12.5533,2.6879186630249023,2.6874337196350098,10.38,0,1,180,1.11,-0.0249,1.0,0.4968,-0.0075,0.3,0.1987,0.4912,2.2816
175.851,4,RETURN_HOME,2.0262,12.3978,-1.9532,1.4759,-0.0116,-1.785,1.4759,-0.2116,1.491,0.0,0.0,12.5623,2.6890220642089844,2.6883327960968018,10.89,0,1,180,1.051,-0.0196,1.0,0.497,-0.0059,0.3,0.1988,0.4929,2.2382
175.9,4,RETURN_HOME,2.0849,12.3966,-1.9672,1.4746,-0.0261,-1.8003,1.4746,-0.2261,1.4919,0.0,0.0,12.5707,2.6918959617614746,2.6892757415771484,11.14,0,1,180,1.154,-0.0145,1.0,0.4973,-0.0043,0.3,0.1989,0.4946,2.1931
175.951,4,RETURN_HOME,2.1552,12.3944,-1.9827,1.4737,-0.0431,-1.8137,1.4737,-0.2431,1.4936,0.0,0.0,12.5804,2.6930036544799805,2.689418315887451,12.14,0,1,180,1.129,-0.0087,1.0,0.4979,-0.0026,0.3,0.1992,0.4966,2.1519
176.001,4,RETURN_HOME,2.2143,12.3903,-1.9957,1.4737,-0.0577,-1.8212,1.4737,-0.2577,1.496,0.0,0.0,12.5866,2.69582200050354,2.689298152923584,12.64,0,1,180,1.349,-0.0037,1.0,0.4987,-0.0011,0.3,0.1995,0.4984,2.0594
176.051,4,RETURN_HOME,2.2735,12.3854,-2.0078,1.4742,-0.0721,-1.8256,1.4742,-0.2721,1.4991,0.0,0.0,12.5924,2.69494366645813,2.6870906352996826,12.64,0,1,180,1.422,0.001,1.0,0.4997,0.0003,0.3,0.1999,0.5002,2.0126
176.101,4,RETURN_HOME,2.3445,12.3792,-2.0207,1.4754,-0.089,-1.8273,1.3754,-0.289,1.4054,0.0,0.0,12.5992,2.6945149898529053,2.686443567276001,13.64,0,1,180,1.175,0.02,1.0,0.4685,0.006,0.3,0.1874,0.4934,2.262
176.151,4,RETURN_HOME,2.4039,12.3735,-2.031,1.4774,-0.103,-1.8262,1.3774,-0.303,1.4103,0.0,0.0,12.6048,2.6912617683410645,2.6867852210998535,11.39,0,1,180,1.223,0.0246,1.0,0.4701,0.0074,0.3,0.188,0.4954,2.1598
176.201,4,RETURN_HOME,2.4753,12.366,-2.0419,1.4809,-0.1197,-1.822,1.3809,-0.3197,1.4174,0.0,0.0,12.6114,2.6884140968322754,2.6857051849365234,10.89,0,1,180,1.195,0.0299,1.0,0.4725,0.009,0.3,0.189,0.498,2.1055
176.251,4,RETURN_HOME,2.5465,12.3581,-2.0502,1.4827,-0.1364,-1.8155,1.3827,-0.3364,1.423,0.0,0.0,12.6177,2.685272693634033,2.685272693634033,9.63,0,1,180,1.2,0.0354,1.0,0.4743,0.0106,0.3,0.1897,0.5004,2.0595
176.301,4,RETURN_HOME,2.6042,12.3509,-2.0528,1.4821,-0.15,-1.8087,1.3821,-0.35,1.4258,0.0,0.0,12.6224,2.6891934871673584,2.6891934871673584,6.88,0,1,180,1.223,0.0402,1.0,0.4753,0.0121,0.3,0.1901,0.5022,1.955
176.352,4,RETURN_HOME,2.6621,12.3435,-2.0549,1.4803,-0.1636,-1.8012,1.3803,-0.3636,1.4274,0.0,0.0,12.6273,2.688810348510742,2.688810348510742,5.63,0,1,180,1.645,0.0451,1.0,0.4758,0.0135,0.3,0.1903,0.5039,1.9118
176.401,4,RETURN_HOME,2.7318,12.334,-2.0561,1.4769,-0.1801,-1.7916,1.3769,-0.3801,1.4284,0.0,0.0,12.6329,2.6915338039398193,2.6915338039398193,4.38,0,1,180,1.202,0.0513,1.0,0.4761,0.0154,0.3,0.1905,0.5059,1.8781
176.451,4,RETURN_HOME,2.7784,12.3275,-2.0548,1.4747,-0.1912,-1.785,1.3747,-0.3912,1.4292,0.0,0.0,12.6367,2.693415641784668,2.693415641784668,2.88,0,1,180,1.18,0.0555,1.0,0.4764,0.0167,0.3,0.1906,0.5072,1.8318
176.501,4,RETURN_HOME,2.8483,12.3171,-2.0529,1.4711,-0.2082,-1.775,1.3711,-0.4082,1.4306,0.0,0.0,12.6421,2.7043371200561523,2.7043371200561523,-0.13,0,1,180,1.138,0.0621,1.0,0.4769,0.0186,0.3,0.1907,0.5094,1.7458
176.551,4,RETURN_HOME,2.9185,12.3056,-2.0511,1.4678,-0.2256,-1.7652,1.3678,-0.4256,1.4325,0.0,0.0,12.6469,2.7069408893585205,2.7069408893585205,-1.38,0,1,180,1.089,0.0687,1.0,0.4775,0.0206,0.3,0.191,0.5116,1.7093
176.601,4,RETURN_HOME,2.9777,12.2938,-2.0498,1.4656,-0.2405,-1.7572,1.3656,-0.4405,1.4349,0.0,0.0,12.6493,2.712780237197876,2.712780237197876,-3.13,0,1,180,1.208,0.0743,1.0,0.4783,0.0223,0.3,0.1913,0.5136,1.6607
176.651,4,RETURN_HOME,3.0368,12.2817,-2.0487,1.4636,-0.2555,-1.7496,1.3636,-0.4555,1.4377,0.0,0.0,12.6516,2.72255539894104,2.72255539894104,-5.63,0,1,180,1.079,0.0799,1.0,0.4792,0.024,0.3,0.1917,0.5157,1.5667
176.701,4,RETURN_HOME,3.1064,12.2667,-2.0495,1.4604,-0.2737,-1.7414,1.3604,-0.4737,1.4405,0.0,0.0,12.6539,2.732226848602295,2.732226848602295,-7.13,0,1,180,1.382,0.0869,1.0,0.4802,0.0261,0.3,0.1921,0.5181,1.5338
176.751,4,RETURN_HOME,3.163,12.2536,-2.0529,1.4571,-0.2889,-1.7354,1.3571,-0.4889,1.4424,0.0,0.0,12.6553,2.740168809890747,2.740168809890747,-8.63,0,1,180,1.269,0.0931,1.0,0.4808,0.0279,0.3,0.1923,0.5202,1.4889
176.801,4,RETURN_HOME,3.2197,12.2402,-2.056,1.4537,-0.3041,-1.7302,1.3537,-0.5041,1.4445,0.0,0.0,12.6566,2.8732378482818604,2.7522685527801514,-10.89,0,1,180,1.119,0.0991,1.0,0.4815,0.0297,0.3,0.1926,0.5223,1.4019
176.851,4,RETURN_HOME,3.288,12.2239,-2.0582,1.4499,-0.3221,-1.7252,1.3499,-0.5221,1.4473,0.0,0.0,12.6584,3.052351951599121,2.761955976486206,-12.14,0,1,180,1.192,0.1061,1.0,0.4824,0.0318,0.3,0.193,0.5248,1.3662
176.9,4,RETURN_HOME,3.3567,12.2076,-2.0583,1.4463,-0.3398,-1.7216,1.3463,-0.5398,1.4505,0.0,0.0,12.6607,3.2523579597473145,2.7736401557922363,-13.64,0,1,180,1.046,0.1128,1.0,0.4835,0.0338,0.3,0.1934,0.5272,1.3199
176.95,4,RETURN_HOME,3.4024,12.1963,-2.0583,1.4438,-0.3518,-1.7199,1.3438,-0.5518,1.4526,0.0,0.0,12.6619,3.5973880290985107,2.790015697479248,-15.89,0,1,180,0.991,0.1173,1.0,0.4842,0.0352,0.3,0.1937,0.5289,1.2304
177.001,4,RETURN_HOME,3.47,12.1787,-2.0587,1.4396,-0.3697,-1.7184,1.3396,-0.5697,1.4557,0.0,0.0,12.6634,3.7631478309631348,2.798826217651367,-16.89,0,1,180,1.087,0.1242,1.0,0.4852,0.0373,0.3,0.1941,0.5313,1.1957
177.051,4,RETURN_HOME,3.5362,12.1605,-2.0599,1.4346,-0.3875,-1.7183,1.3346,-0.5875,1.4581,0.0,0.0,12.6642,6.481915473937988,2.8072619438171387,-17.89,0,1,180,1.08,0.1313,1.0,0.486,0.0394,0.3,0.1944,0.5338,1.158
177.1,4,RETURN_HOME,3.5803,12.1479,-2.0606,1.4312,-0.3994,-1.719,1.3312,-0.5994,1.4599,0.0,0.0,12.6645,6.4804511070251465,2.833814859390259,-19.64,0,1,180,1.093,0.136,1.0,0.4866,0.0408,0.3,0.1947,0.5355,1.0743
177.151,4,RETURN_HOME,3.6578,12.1244,-2.0577,1.4255,-0.4205,-1.7215,1.2255,-0.6205,1.3736,0.0,0.0,12.6642,6.4809346199035645,2.8422763347625732,-20.64,0,1,180,1.109,0.1748,1.0,0.4579,0.0524,0.3,0.1831,0.5356,1.3453
177.201,4,RETURN_HOME,3.7134,12.1067,-2.0539,1.4215,-0.4359,-1.7243,1.2215,-0.6359,1.3772,0.0,0.0,12.6634,6.478060245513916,2.8576431274414062,-21.65,0,1,180,1.103,0.1814,1.0,0.4591,0.0544,0.3,0.1836,0.538,1.3012
177.251,4,RETURN_HOME,3.7689,12.0885,-2.0505,1.418,-0.4514,-1.7278,1.218,-0.6514,1.3813,0.0,0.0,12.6624,6.476169586181641,2.8830723762512207,-23.15,0,1,180,1.073,0.1877,1.0,0.4604,0.0563,0.3,0.1842,0.5405,1.2234
177.3,4,RETURN_HOME,3.8352,12.0668,-2.0486,1.4119,-0.4699,-1.7328,1.2119,-0.6699,1.3847,0.0,0.0,12.6616,6.471126079559326,2.8928909301757812,-23.9,0,1,180,0.975,0.196,1.0,0.4616,0.0588,0.3,0.1846,0.5434,1.1908
177.35,4,RETURN_HOME,3.9011,12.0444,-2.0477,1.4033,-0.4887,-1.7388,1.2033,-0.6887,1.3864,0.0,0.0,12.6605,6.474079608917236,2.906719446182251,-24.65,0,1,180,1.063,0.2051,1.0,0.4621,0.0615,0.3,0.1849,0.5464,1.1618
177.401,4,RETURN_HOME,3.945,12.029,-2.0473,1.3963,-0.5013,-1.7433,1.1963,-0.7013,1.3867,0.0,0.0,12.6594,6.469579696655273,2.9341917037963867,-25.9,0,1,180,1.813,0.2117,1.0,0.4622,0.0635,0.3,0.1849,0.5484,1.1002
177.451,4,RETURN_HOME,4.0122,12.0053,-2.0474,1.3857,-0.5198,-1.7507,1.1857,-0.7198,1.3871,0.0,0.0,12.658,6.469107151031494,2.945401668548584,-26.4,0,1,180,1.679,0.2212,1.0,0.4624,0.0664,0.3,0.1849,0.5513,1.0841
177.501,4,RETURN_HOME,4.0791,11.9806,-2.0475,1.3743,-0.5384,-1.7589,1.1743,-0.7384,1.3871,0.0,0.0,12.656,6.465367317199707,2.9638354778289795,-27.15,0,1,180,1.688,0.231,1.0,0.4624,0.0693,0.3,0.185,0.5543,1.0647
177.551,4,RETURN_HOME,4.1344,11.9593,-2.0477,1.3644,-0.5538,-1.7662,1.1644,-0.7538,1.3871,0.0,0.0,12.6537,6.46474552154541,2.97812819480896,-27.65,0,1,180,1.773,0.2393,1.0,0.4624,0.0718,0.3,0.1849,0.5567,1.0452
177.601,4,RETURN_HOME,4.1879,11.9341,-2.046,1.3539,-0.5704,-1.7739,1.1539,-0.7704,1.3875,0.0,0.0,12.6476,6.45910120010376,3.0047409534454346,-28.65,0,1,180,1.791,0.2486,1.0,0.4625,0.0746,0.3,0.185,0.5596,0.9976
177.651,4,RETURN_HOME,4.2518,11.9035,-2.0442,1.3414,-0.5905,-1.7833,1.1414,-0.7905,1.3884,0.0,0.0,12.64,6.456781387329102,3.021679162979126,-29.15,0,1,180,1.7,0.2596,1.0,0.4628,0.0779,0.3,0.1851,0.563,0.9789
177.701,4,RETURN_HOME,4.3047,11.8776,-2.0429,1.331,-0.6071,-1.7915,1.131,-0.7071,1.3339,0.0,0.0,12.6336,6.452815055847168,3.030812978744507,-29.65,0,1,180,1.893,0.2095,1.0,0.4446,0.0628,0.3,0.1778,0.5407,0.969
177.751,4,RETURN_HOME,4.3637,11.8465,-2.0368,1.3169,-0.6264,-1.8015,1.1169,-0.7264,1.3323,0.0,0.0,12.6246,6.448182582855225,3.063987970352173,-30.4,0,1,180,1.727,0.2219,1.0,0.4441,0.0666,0.3,0.1776,0.5442,0.9338
177.801,4,RETURN_HOME,4.4226,11.8146,-2.0315,1.3029,-0.646,-1.8115,1.1029,-0.746,1.3315,0.0,0.0,12.6153,6.443096160888672,3.0787553787231445,-30.9,0,1,180,1.555,0.2343,1.0,0.4438,0.0703,0.3,0.1775,0.5478,0.9236
177.852,4,RETURN_HOME,4.4712,11.7876,-2.0265,1.2914,-0.6603,-1.8198,1.0914,-0.7603,1.3301,0.0,0.0,12.6071,6.441028118133545,3.0984044075012207,-31.4,0,1,180,2.131,0.2434,1.0,0.4434,0.073,0.3,0.1773,0.5504,0.9128
177.901,4,RETURN_HOME,4.5189,11.7604,-2.0205,1.2796,-0.6731,-1.8281,1.0796,-0.6731,1.2723,0.0,0.0,12.5987,6.4305806159973145,3.129324197769165,-32.15,0,1,180,1.93,0.1895,1.0,0.4241,0.0568,0.3,0.1696,0.5265,0.8815
177.951,4,RETURN_HOME,4.5761,11.7272,-2.0146,1.2657,-0.687,-1.838,1.0657,-0.687,1.2679,0.0,0.0,12.5884,6.426187515258789,3.1478207111358643,-32.66,0,1,180,1.831,0.1993,1.0,0.4226,0.0598,0.3,0.1691,0.5288,0.8725
178.002,4,RETURN_HOME,4.6244,11.6985,-2.0105,1.2544,-0.6983,-1.8461,1.0544,-0.6983,1.2647,0.0,0.0,12.5794,6.422214031219482,3.165269374847412,-32.91,0,1,180,2.038,0.207,1.0,0.4216,0.0621,0.3,0.1686,0.5307,0.8611
178.051,4,RETURN_HOME,4.6831,11.6629,-2.0064,1.2415,-0.7091,-1.8557,1.0415,-0.7091,1.26,0.0,0.0,12.5681,6.412176132202148,3.196040391921997,-33.66,0,1,180,1.727,0.2143,1.0,0.42,0.0643,0.3,0.168,0.5323,0.826
178.101,4,RETURN_HOME,4.7317,11.6331,-2.0038,1.2308,-0.7162,-1.8634,1.0308,-0.7162,1.2552,0.0,0.0,12.5586,6.408174514770508,3.213468074798584,-34.16,0,1,180,1.649,0.2191,1.0,0.4184,0.0657,0.3,0.1674,0.5331,0.8122
178.151,4,RETURN_HOME,4.7893,11.5966,-2.0036,1.2176,-0.723,-1.8725,1.0176,-0.723,1.2483,0.0,0.0,12.5467,6.402456760406494,3.2250561714172363,-34.66,0,1,180,1.629,0.2242,1.0,0.4161,0.0672,0.3,0.1664,0.5337,0.806
178.201,4,RETURN_HOME,4.8367,11.5659,-2.0055,1.2063,-0.7281,-1.8798,1.0063,-0.7281,1.2421,0.0,0.0,12.5365,6.395752429962158,3.260314702987671,-35.41,0,1,180,1.717,0.2282,1.0,0.414,0.0685,0.3,0.1656,0.5341,0.7745
178.251,4,RETURN_HOME,4.8932,11.5289,-2.0079,1.1928,-0.7338,-1.8883,0.9928,-0.7338,1.2345,0.0,0.0,12.5244,6.392165184020996,3.2847976684570312,-35.66,0,1,180,1.672,0.2329,1.0,0.4115,0.0699,0.3,0.1646,0.5345,0.7657
178.301,4,RETURN_HOME,4.9408,11.4959,-2.012,1.1816,-0.7396,-1.8951,0.9816,-0.7396,1.2291,0.0,0.0,12.5127,6.388627052307129,3.2992563247680664,-36.16,0,1,180,1.872,0.2375,1.0,0.4097,0.0713,0.3,0.1639,0.5351,0.7573
178.351,4,RETURN_HOME,4.9976,11.456,-2.0172,1.1683,-0.7469,-1.9031,0.9683,-0.6469,1.1645,0.0,0.0,12.4986,6.380661487579346,3.333082914352417,-36.91,0,1,180,1.786,0.1767,1.0,0.3882,0.053,0.3,0.1553,0.5083,0.7335
178.401,4,RETURN_HOME,5.0444,11.423,-2.021,1.1572,-0.7527,-1.9096,0.9572,-0.6527,1.1586,0.0,0.0,12.4872,6.377832412719727,3.3548312187194824,-37.41,0,1,180,1.631,0.1816,1.0,0.3862,0.0545,0.3,0.1545,0.5089,0.7203
178.451,4,RETURN_HOME,5.0966,11.3847,-2.0272,1.1427,-0.7593,-1.9173,0.9427,-0.6593,1.1504,0.0,0.0,12.4735,6.375119209289551,3.3710718154907227,-37.66,0,1,180,1.724,0.1882,1.0,0.3835,0.0565,0.3,0.1534,0.5099,0.7232
178.501,4,RETURN_HOME,5.1394,11.353,-2.0319,1.1307,-0.7626,-1.9235,0.9307,-0.6626,1.1424,0.0,0.0,12.4621,6.368320941925049,3.4113574028015137,-38.41,0,1,180,1.62,0.1924,1.0,0.3808,0.0577,0.3,0.1523,0.51,0.6946
178.551,4,RETURN_HOME,5.191,11.3153,-2.0362,1.1166,-0.7637,-1.9306,0.9166,-0.6637,1.1316,0.0,0.0,12.4493,6.361321926116943,3.430316209793091,-38.91,0,1,180,1.746,0.1953,1.0,0.3772,0.0586,0.3,0.1509,0.5095,0.6917
178.602,4,RETURN_HOME,5.2355,11.2854,-2.0367,1.1055,-0.7621,-1.9363,0.9055,-0.6621,1.1217,0.0,0.0,12.4407,6.360666751861572,3.449824571609497,-39.16,0,1,180,2.417,0.1957,1.0,0.3739,0.0587,0.3,0.1496,0.5083,0.6877
178.651,4,RETURN_HOME,5.2883,11.2495,-2.0371,1.0922,-0.7593,-1.943,0.8922,-0.6593,1.1093,0.0,0.0,12.4305,6.353067874908447,3.4855892658233643,-39.91,0,1,180,1.701,0.1957,1.0,0.3698,0.0587,0.3,0.1479,0.5066,0.6605
178.701,4,RETURN_HOME,5.3395,11.2146,-2.0377,1.0784,-0.7558,-1.9495,0.8784,-0.6558,1.0962,0.0,0.0,12.4208,6.350820064544678,3.508493423461914,-40.41,0,1,180,1.892,0.1957,1.0,0.3654,0.0587,0.3,0.1462,0.5049,0.6606
178.752,4,RETURN_HOME,5.3805,11.1868,-2.0387,1.0664,-0.7523,-1.9547,0.8664,-0.6523,1.0845,0.0,0.0,12.4135,6.3489909172058105,3.5300986766815186,-40.66,0,1,180,2.651,0.1958,1.0,0.3615,0.0587,0.3,0.1446,0.5033,0.6606
178.802,4,RETURN_HOME,5.4293,11.1534,-2.0396,1.052,-0.7487,-1.9607,0.852,-0.6487,1.0709,0.0,0.0,12.4046,6.344935894012451,3.5212020874023438,110.73,0,1,180,1.981,0.1964,1.0,0.357,0.0589,0.3,0.1428,0.5017,0.6387
178.851,4,RETURN_HOME,5.4712,11.1261,-2.0394,1.0407,-0.7457,-1.9654,0.8407,-0.6457,1.06,0.0,0.0,12.3985,6.341263294219971,3.481334686279297,112.23,0,1,180,1.721,0.1967,1.0,0.3533,0.059,0.3,0.1413,0.5003,0.6338
178.902,4,RETURN_HOME,5.5147,11.0997,-2.0381,1.0302,-0.7425,-1.9699,0.8302,-0.7425,1.1138,0.0,0.0,12.3941,6.339397430419922,3.4487757682800293,111.48,0,1,180,1.837,0.2653,1.0,0.3713,0.0796,0.3,0.1485,0.5281,0.6264
178.952,4,RETURN_HOME,5.5661,11.0676,-2.0365,1.0175,-0.7389,-1.9752,0.8175,-0.6389,1.0375,0.0,0.0,12.3885,6.337904453277588,3.382744312286377,111.23,0,1,180,1.891,0.1961,1.0,0.3458,0.0588,0.3,0.1383,0.4972,0.6074
179.001,4,RETURN_HOME,5.609,11.0408,-2.0391,1.0067,-0.7358,-1.9795,0.8067,-0.7358,1.0919,0.0,0.0,12.3839,6.335453033447266,3.3453314304351807,111.73,0,1,180,1.673,0.2661,1.0,0.364,0.0798,0.3,0.1456,0.5254,0.5995
179.051,4,RETURN_HOME,5.6601,11.0085,-2.0445,0.9935,-0.7351,-1.9847,0.7935,-0.7351,1.0817,0.0,0.0,12.3784,6.334250450134277,3.3140580654144287,112.98,0,1,180,1.715,0.269,1.0,0.3606,0.0807,0.3,0.1442,0.5249,0.6005
179.101,4,RETURN_HOME,5.7018,10.9813,-2.0484,0.9825,-0.7342,-1.9889,0.7825,-0.7342,1.073,0.0,0.0,12.3734,6.332134246826172,3.249737501144409,111.73,0,1,180,1.628,0.2713,1.0,0.3577,0.0814,0.3,0.1431,0.5244,0.578
179.151,4,RETURN_HOME,5.7432,10.9542,-2.0497,0.9714,-0.7345,-1.9931,0.7714,-0.7345,1.0651,0.0,0.0,12.3684,6.332951545715332,3.2140727043151855,113.98,0,1,180,1.589,0.2745,1.0,0.355,0.0823,0.3,0.142,0.5244,0.5726
179.201,4,RETURN_HOME,5.7921,10.9214,-2.0495,0.958,-0.7367,-1.9981,0.758,-0.7367,1.057,0.0,0.0,12.3623,6.3313374519348145,3.182734727859497,113.48,0,1,180,1.632,0.2797,1.0,0.3523,0.0839,0.3,0.1409,0.5248,0.5799
179.251,4,RETURN_HOME,5.8321,10.8938,-2.049,0.9467,-0.7396,-2.0021,0.7467,-0.7396,1.0509,0.0,0.0,12.3567,6.336892604827881,3.1223397254943848,114.23,0,1,180,1.824,0.2851,1.0,0.3503,0.0855,0.3,0.1401,0.5257,0.5569
179.301,4,RETURN_HOME,5.8786,10.8609,-2.0515,0.9328,-0.7435,-2.0069,0.7328,-0.7435,1.044,0.0,0.0,12.3498,6.342986583709717,3.087686061859131,114.48,0,1,180,1.631,0.2922,1.0,0.348,0.0877,0.3,0.1392,0.5268,0.5628
179.352,4,RETURN_HOME,5.9165,10.8334,-2.0544,0.9211,-0.747,-2.0109,0.7211,-0.747,1.0383,0.0,0.0,12.3437,6.342385292053223,3.057030439376831,114.23,0,1,180,2.016,0.2985,1.0,0.3461,0.0896,0.3,0.1384,0.528,0.5656
179.402,4,RETURN_HOME,5.9539,10.8055,-2.0566,0.9093,-0.7506,-2.0148,0.7093,-0.7506,1.0327,0.0,0.0,12.3372,6.348252773284912,3.02836537361145,115.98,0,1,180,2.092,0.3051,1.0,0.3442,0.0915,0.3,0.1377,0.5292,0.5685
179.451,4,RETURN_HOME,5.9992,10.7719,-2.0545,0.8954,-0.7548,-2.0195,0.6954,-0.7548,1.0263,0.0,0.0,12.3298,6.362287998199463,2.965052604675293,115.23,0,1,180,1.74,0.3128,1.0,0.3421,0.0939,0.3,0.1368,0.5307,0.5526
179.501,4,RETURN_HOME,6.0364,10.7435,-2.052,0.8836,-0.7582,-2.0235,0.6836,-0.7582,1.0209,0.0,0.0,12.3232,6.372761249542236,2.937037944793701,116.48,0,1,180,1.717,0.3195,1.0,0.3403,0.0958,0.3,0.1361,0.532,0.558
179.551,4,RETURN_HOME,6.0802,10.709,-2.049,0.8693,-0.7624,-2.0283,0.6693,-0.7624,1.0145,0.0,0.0,12.3147,6.383407115936279,2.9094836711883545,114.73,0,1,180,1.891,0.3277,1.0,0.3382,0.0983,0.3,0.1353,0.5336,0.5689
179.601,4,RETURN_HOME,6.1186,10.6823,-2.0517,0.8578,-0.7648,-2.0324,0.6578,-0.7648,1.0088,0.0,0.0,12.3105,6.407337665557861,2.849203586578369,114.98,0,1,180,1.693,0.3338,1.0,0.3363,0.1001,0.3,0.1345,0.5346,0.5505
179.651,4,RETURN_HOME,6.156,10.6549,-2.0538,0.8461,-0.7674,-2.0365,0.6461,-0.7674,1.0032,0.0,0.0,12.3055,6.420854091644287,2.8220691680908203,115.73,0,1,180,1.762,0.3401,1.0,0.3344,0.102,0.3,0.1338,0.5358,0.5572
179.701,4,RETURN_HOME,6.2001,10.6218,-2.0548,0.8319,-0.7706,-2.0415,0.6319,-0.7706,0.9965,0.0,0.0,12.2989,6.439123153686523,2.796190023422241,115.48,0,1,180,1.871,0.3482,1.0,0.3322,0.1044,0.3,0.1329,0.5373,0.5681
179.751,4,RETURN_HOME,6.2445,10.5895,-2.051,0.8178,-0.7734,-2.0464,0.6178,-0.7734,0.9899,0.0,0.0,12.2936,6.49193811416626,2.7391552925109863,116.48,0,1,180,1.757,0.3561,1.0,0.33,0.1068,0.3,0.132,0.5388,0.5565
179.801,4,RETURN_HOME,6.2804,10.562,-2.048,0.8058,-0.7761,-2.0505,0.6058,-0.8761,1.0651,0.0,0.0,12.2882,6.533185005187988,2.71252703666687,116.98,0,1,180,1.638,0.4163,1.0,0.355,0.1249,0.3,0.142,0.5669,0.5674
179.851,4,RETURN_HOME,6.3211,10.5289,-2.0428,0.7908,-0.7791,-2.0554,0.5908,-0.8791,1.0592,0.0,0.0,12.2806,7.8240861892700195,2.687455892562866,116.23,0,1,180,1.721,0.4245,1.0,0.3531,0.1274,0.3,0.1412,0.5686,0.5819
179.901,4,RETURN_HOME,6.3526,10.5016,-2.0362,0.7772,-0.7812,-2.0596,0.5772,-0.8812,1.0534,0.0,0.0,12.2735,7.787483215332031,2.633769989013672,118.48,0,1,180,1.684,0.4321,1.0,0.3511,0.1296,0.3,0.1405,0.5701,0.5738
179.951,4,RETURN_HOME,6.3895,10.4681,-2.0293,0.7607,-0.7866,-2.0645,0.5607,-0.8866,1.0491,0.0,0.0,12.264,7.770050525665283,2.6080100536346436,116.48,0,1,180,1.634,0.4429,1.0,0.3497,0.1329,0.3,0.1399,0.5728,0.593
180.001,4,RETURN_HOME,6.4197,10.4387,-2.0245,0.747,-0.7936,-2.0686,0.547,-0.8936,1.0477,0.0,0.0,12.2547,7.752429008483887,2.58484148979187,117.23,0,1,180,1.681,0.453,1.0,0.3492,0.1359,0.3,0.1397,0.5756,0.6079
180.051,4,RETURN_HOME,6.4493,10.4077,-2.0209,0.7333,-0.8024,-2.0727,0.5333,-0.9024,1.0482,0.0,0.0,12.2439,7.717329025268555,2.534355401992798,117.73,0,1,180,1.711,0.4638,1.0,0.3494,0.1391,0.3,0.1398,0.5789,0.6048
180.101,4,RETURN_HOME,6.4841,10.3698,-2.017,0.717,-0.8141,-2.0776,0.517,-0.9141,1.0502,0.0,0.0,12.2302,7.696680545806885,2.5114810466766357,118.48,0,1,180,1.629,0.477,1.0,0.3501,0.1431,0.3,0.14,0.5831,0.6214
180.151,4,RETURN_HOME,6.5101,10.3373,-2.0151,0.7027,-0.8241,-2.0817,0.5027,-0.9241,1.0519,0.0,0.0,12.2164,7.679537296295166,2.4879350662231445,118.48,0,1,180,1.625,0.4887,1.0,0.3506,0.1466,0.3,0.1403,0.5869,0.6389
180.201,4,RETURN_HOME,6.5342,10.3041,-2.0141,0.6879,-0.8339,-2.0857,0.4879,-0.9339,1.0537,0.0,0.0,12.2012,7.638534069061279,2.4403340816497803,118.73,0,1,180,1.706,0.5005,1.0,0.3516,0.1501,0.3,0.1406,0.5908,0.6428
180.251,4,RETURN_HOME,6.563,10.2638,-2.013,0.6704,-0.8456,-2.0905,0.4704,-1.0456,1.1465,0.0,0.0,12.1827,7.618680953979492,2.4190285205841064,119.74,0,1,180,1.751,0.5473,1.0,0.4183,0.1642,0.3,0.1673,0.6315,0.671
180.301,4,RETURN_HOME,6.5877,10.2301,-2.0131,0.6563,-0.8545,-2.0944,0.4563,-1.0545,1.149,0.0,0.0,12.1677,7.5999345779418945,2.3972394466400146,118.23,0,1,180,1.603,0.5566,1.0,0.4264,0.167,0.3,0.1706,0.6375,0.6894
180.351,4,RETURN_HOME,6.6177,10.1895,-2.0139,0.6397,-0.8643,-2.0991,0.4397,-1.0643,1.1516,0.0,0.0,12.1499,7.557000160217285,2.352579116821289,119.99,0,1,180,1.7,0.5671,1.0,0.4354,0.1701,0.3,0.1742,0.6443,0.7005
180.401,4,RETURN_HOME,6.6422,10.1552,-2.0145,0.6258,-0.8745,-2.103,0.4258,-1.0745,1.1558,0.0,0.0,12.1345,7.537343978881836,2.332247257232666,119.24,0,1,180,1.688,0.5764,1.0,0.4441,0.1729,0.3,0.1777,0.6506,0.7176
180.451,4,RETURN_HOME,6.6724,10.1134,-2.0125,0.6097,-0.8893,-2.1076,0.4097,-1.0893,1.1638,0.0,0.0,12.1162,7.515577793121338,2.312006950378418,121.49,0,1,180,1.728,0.5874,1.0,0.4557,0.1762,0.3,0.1823,0.6585,0.7417
180.501,4,RETURN_HOME,6.6975,10.078,-2.0099,0.5966,-0.9032,-2.1113,0.3966,-1.1032,1.1723,0.0,0.0,12.1005,7.472878932952881,2.2699708938598633,120.49,0,1,180,1.713,0.5965,1.0,0.4662,0.1789,0.3,0.1865,0.6654,0.7456
180.551,4,RETURN_HOME,6.7267,10.0346,-2.0073,0.5809,-0.9211,-2.1158,0.3809,-1.1211,1.1841,0.0,0.0,12.0807,7.449341297149658,2.251445770263672,118.99,0,1,180,1.596,0.6074,1.0,0.4794,0.1822,0.3,0.1918,0.674,0.7656
180.602,4,RETURN_HOME,6.7514,9.9954,-2.0075,0.5681,-0.9378,-2.1194,0.3681,-1.1378,1.1959,0.0,0.0,12.0619,7.427092552185059,2.2319440841674805,119.49,0,1,180,1.993,0.6161,1.0,0.4912,0.1848,0.3,0.1965,0.6813,0.7837
180.651,4,RETURN_HOME,6.7801,9.9478,-2.0078,0.5527,-0.9578,-2.1237,0.3527,-1.1578,1.2103,0.0,0.0,12.0386,7.3760552406311035,2.1933865547180176,120.49,0,1,180,1.616,0.6264,1.0,0.5054,0.1879,0.3,0.2022,0.6901,0.7937
180.701,4,RETURN_HOME,6.8033,9.9076,-2.0081,0.5396,-0.9742,-2.1273,0.3396,-1.1742,1.2223,0.0,0.0,12.0185,7.351544380187988,2.176213502883911,122.24,0,1,180,1.667,0.6346,1.0,0.5172,0.1904,0.3,0.2069,0.6973,0.8101
180.751,4,RETURN_HOME,6.8255,9.8589,-2.0068,0.5218,-0.9937,-2.1315,0.3218,-1.1937,1.2363,0.0,0.0,11.9911,7.325348854064941,2.1590919494628906,121.99,0,1,180,1.755,0.6457,1.0,0.5322,0.1937,0.3,0.2129,0.7066,0.8425
180.801,4,RETURN_HOME,6.8437,9.8177,-2.006,0.5069,-1.0096,-2.1349,0.3069,-1.2096,1.2479,0.0,0.0,11.9677,7.268761157989502,2.122041940689087,121.99,0,1,180,1.683,0.6545,1.0,0.5445,0.1964,0.3,0.2178,0.7142,0.8656
180.851,4,RETURN_HOME,6.8648,9.7669,-2.005,0.489,-1.0289,-2.1391,0.289,-1.2289,1.2624,0.0,0.0,11.9381,7.244521141052246,2.105968952178955,120.49,0,1,180,1.74,0.6647,1.0,0.5595,0.1994,0.3,0.2238,0.7232,0.8944
180.901,4,RETURN_HOME,6.8848,9.7139,-2.0037,0.471,-1.0489,-2.1431,0.271,-1.2489,1.278,0.0,0.0,11.9063,7.217824935913086,2.090158224105835,121.49,0,1,180,1.919,0.6747,1.0,0.5748,0.2024,0.3,0.2299,0.7324,0.9284
180.951,4,RETURN_HOME,6.9012,9.6693,-2.0029,0.456,-1.0655,-2.1465,0.256,-1.2655,1.2912,0.0,0.0,11.8794,7.15922212600708,2.0574951171875,122.99,0,1,180,1.736,0.6826,1.0,0.5876,0.2048,0.3,0.235,0.7398,0.9502
181.001,4,RETURN_HOME,6.9168,9.6248,-2.0011,0.4412,-1.0816,-2.15,0.2412,-1.2816,1.3041,0.0,0.0,11.8524,7.132036209106445,2.043447971343994,121.99,0,1,180,1.709,0.6901,1.0,0.6,0.207,0.3,0.24,0.747,0.9817
181.051,4,RETURN_HOME,6.9344,9.5719,-1.9973,0.4233,-1.1003,-2.1541,0.2233,-1.3003,1.3193,0.0,0.0,11.8197,7.101024150848389,2.027951717376709,123.24,0,1,180,1.773,0.6988,1.0,0.6146,0.2096,0.3,0.2459,0.7555,1.0118
181.101,4,RETURN_HOME,6.9488,9.5271,-1.9946,0.4085,-1.1159,-2.1575,0.2085,-1.3159,1.3324,0.0,0.0,11.7919,7.03815221786499,1.9987516403198242,121.24,0,1,180,1.68,0.7057,1.0,0.6269,0.2117,0.3,0.2507,0.7625,1.0344
181.151,4,RETURN_HOME,6.9674,9.4715,-1.9941,0.3917,-1.1354,-2.1618,0.1917,-1.3354,1.3491,0.0,0.0,11.7582,7.008699417114258,1.9837242364883423,122.99,0,1,180,1.566,0.7131,1.0,0.6414,0.2139,0.3,0.2566,0.7705,1.0667
181.201,4,RETURN_HOME,6.9839,9.4239,-1.9954,0.3783,-1.1523,-2.1653,0.1783,-1.3523,1.364,0.0,0.0,11.7296,6.976456642150879,1.9719741344451904,123.74,0,1,180,1.805,0.7187,1.0,0.6535,0.2156,0.3,0.2614,0.777,1.093
181.251,4,RETURN_HOME,7.0028,9.366,-1.997,0.3621,-1.1723,-2.1695,0.1621,-1.3723,1.3819,0.0,0.0,11.6945,6.911190986633301,1.9442278146743774,123.99,0,1,180,1.681,0.7251,1.0,0.668,0.2175,0.3,0.2672,0.7847,1.1205
181.301,4,RETURN_HOME,7.0217,9.3176,-1.9974,0.3499,-1.1885,-2.173,0.1499,-1.3885,1.3965,0.0,0.0,11.6671,6.878296375274658,1.933009147644043,122.99,0,1,180,1.677,0.7294,1.0,0.6791,0.2188,0.3,0.2716,0.7905,1.1389
181.351,4,RETURN_HOME,7.044,9.2589,-1.9976,0.3352,-1.2076,-2.1773,0.1352,-1.4076,1.4141,0.0,0.0,11.6338,6.845686435699463,1.9218474626541138,124.99,0,1,180,1.7,0.7343,1.0,0.6922,0.2203,0.3,0.2769,0.7972,1.1634
181.401,4,RETURN_HOME,7.0615,9.2094,-1.9978,0.3226,-1.2235,-2.1808,0.1226,-1.4235,1.4288,0.0,0.0,11.6051,6.810859203338623,1.9108203649520874,126.24,0,1,180,1.686,0.7384,1.0,0.7034,0.2215,0.3,0.2814,0.8029,1.1854
181.451,4,RETURN_HOME,7.0755,9.1595,-1.9947,0.3085,-1.2396,-2.1844,0.1085,-1.4396,1.4437,0.0,0.0,11.5741,6.7398481369018555,1.8879855871200562,122.74,0,1,180,1.65,0.7432,1.0,0.7153,0.223,0.3,0.2861,0.8091,1.2159
181.501,4,RETURN_HOME,7.0881,9.1091,-1.9913,0.294,-1.2558,-2.188,0.094,-1.4558,1.4588,0.0,0.0,11.542,6.705794334411621,1.8777527809143066,122.99,0,1,180,1.764,0.748,1.0,0.7275,0.2244,0.3,0.291,0.8154,1.2463
181.551,4,RETURN_HOME,7.1025,9.0479,-1.9879,0.2762,-1.2753,-2.1923,0.0762,-1.4753,1.4772,0.0,0.0,11.5026,6.670446872711182,1.8676484823226929,123.99,0,1,180,1.739,0.7537,1.0,0.7422,0.2261,0.3,0.2969,0.823,1.2846
181.601,4,RETURN_HOME,7.1108,8.9948,-1.9859,0.2602,-1.2924,-2.1959,0.0602,-1.4924,1.4936,0.0,0.0,11.466,6.595057487487793,1.848387360572815,124.99,0,1,180,1.645,0.7588,1.0,0.7556,0.2277,0.3,0.3023,0.8299,1.3208
181.651,4,RETURN_HOME,7.1181,8.9408,-1.9844,0.244,-1.3097,-2.1996,0.044,-1.4,1.4007,0.0,0.0,11.4282,6.557689666748047,1.840271234512329,124.49,0,1,180,1.601,0.7624,1.0,0.7119,0.2287,0.3,0.2848,0.8135,1.3634
181.701,4,RETURN_HOME,7.1264,8.8754,-1.9831,0.2249,-1.3303,-2.2039,0.0249,-1.4,1.4002,0.0,0.0,11.3824,6.52067232131958,1.8320121765136719,124.24,0,1,180,1.633,0.7685,1.0,0.7174,0.2305,0.3,0.287,0.8175,1.4059
181.751,4,RETURN_HOME,7.1331,8.82,-1.9798,0.2091,-1.3481,-2.2075,0.0091,-1.4,1.4,0.0,0.0,11.3434,6.438909530639648,1.8155701160430908,125.49,0,1,180,1.646,0.7734,1.0,0.7219,0.232,0.3,0.2888,0.8208,1.4497
181.801,4,RETURN_HOME,7.1405,8.753,-1.9766,0.1909,-1.367,-2.2118,-0.0091,-1.4,1.4,0.0,0.0,11.2961,6.399882793426514,1.8070061206817627,124.74,0,1,180,1.833,0.779,1.0,0.727,0.2337,0.3,0.2908,0.8245,1.4853
181.851,4,RETURN_HOME,7.1473,8.6851,-1.9738,0.1728,-1.3826,-2.216,-0.0272,-1.4,1.4003,0.0,0.0,11.2479,6.359632968902588,1.8018054962158203,125.74,0,1,180,1.657,0.7843,1.0,0.7322,0.2353,0.3,0.2929,0.8282,1.5035
181.901,4,RETURN_HOME,7.1513,8.6389,-1.9714,0.1606,-1.3915,-2.2189,-0.0394,-1.4,1.4006,0.0,0.0,11.2148,6.272322177886963,1.7889645099639893,127.99,0,1,180,1.863,0.7879,1.0,0.7357,0.2364,0.3,0.2943,0.8307,1.4838
181.951,4,RETURN_HOME,7.1568,8.5694,-1.9686,0.1421,-1.4026,-2.2231,-0.0579,-1.4,1.4012,0.0,0.0,11.1649,6.230574131011963,1.7830449342727661,126.74,0,1,180,1.214,0.7933,1.0,0.7411,0.238,0.3,0.2964,0.8344,1.4099
182.0,4,RETURN_HOME,7.1617,8.4983,-1.9684,0.1235,-1.4119,-2.2275,-0.0765,-1.4,1.4021,0.0,0.0,11.1136,6.190866470336914,1.778719186782837,125.24,0,1,180,1.039,0.7987,1.0,0.7466,0.2396,0.3,0.2986,0.8382,1.335
182.051,4,RETURN_HOME,7.1652,8.4368,-1.9718,0.108,-1.4193,-2.2312,-0.092,-1.4,1.403,0.0,0.0,11.0689,6.10130500793457,1.768823266029358,126.99,0,1,180,1.119,0.803,1.0,0.7511,0.2409,0.3,0.3004,0.8413,1.2142
182.1,4,RETURN_HOME,7.1688,8.3635,-1.9756,0.0894,-1.4269,-2.2356,-0.1106,-1.4,1.4044,0.0,0.0,11.0154,6.062117576599121,1.7648258209228516,129.49,0,1,180,1.076,0.8081,1.0,0.7566,0.2424,0.3,0.3026,0.8451,1.1515
182.151,4,RETURN_HOME,7.1721,8.3021,-1.9797,0.0742,-1.4326,-2.2393,-0.1258,-1.4,1.4056,0.0,0.0,10.9711,6.019001007080078,1.7608823776245117,127.74,0,1,180,1.141,0.8122,1.0,0.7611,0.2437,0.3,0.3044,0.8481,1.0925
182.201,4,RETURN_HOME,7.1762,8.2404,-1.9849,0.0594,-1.438,-2.2429,-0.1406,-1.4,1.407,0.0,0.0,10.9271,5.973970890045166,1.7579889297485352,128.49,0,1,180,1.578,0.816,1.0,0.7654,0.2448,0.3,0.3062,0.851,1.0321
182.251,4,RETURN_HOME,7.1795,8.179,-1.9897,0.0446,-1.4428,-2.2466,-0.1554,-1.3,1.3093,0.0,0.0,10.8831,5.889461994171143,1.7532312870025635,128.24,0,1,180,1.204,0.8245,1.0,0.7197,0.2474,0.3,0.2879,0.8352,1.1809
182.301,4,RETURN_HOME,7.1829,8.1053,-1.9947,0.0271,-1.4481,-2.2512,-0.1729,-1.3,1.3114,0.0,0.0,10.83,5.845828056335449,1.7516010999679565,127.24,0,1,180,1.12,0.8293,1.0,0.7251,0.2488,0.3,0.29,0.8388,1.1204
182.351,4,RETURN_HOME,7.1858,8.0315,-1.9988,0.0102,-1.4528,-2.2557,-0.1898,-1.3,1.3138,0.0,0.0,10.7768,5.799186706542969,1.7491179704666138,127.49,0,1,180,1.182,0.8337,1.0,0.7302,0.2501,0.3,0.2921,0.8422,1.0566
182.4,4,RETURN_HOME,7.1875,7.9703,-2.0017,-0.0037,-1.4541,-2.2594,-0.2037,-1.3,1.3159,0.0,0.0,10.7324,5.714360237121582,1.7454782724380493,126.99,0,1,180,1.071,0.8374,1.0,0.7346,0.2512,0.3,0.2938,0.845,0.9573
182.451,4,RETURN_HOME,7.1909,7.8977,-2.0071,-0.0197,-1.4527,-2.264,-0.2197,-1.3,1.3184,0.0,0.0,10.681,5.669764518737793,1.7471458911895752,128.24,0,1,180,1.072,0.8413,1.0,0.7394,0.2524,0.3,0.2958,0.8482,0.898
182.502,4,RETURN_HOME,7.1937,7.8378,-2.0119,-0.0331,-1.4497,-2.268,-0.2331,-1.2,1.2224,0.0,0.0,10.6386,5.6227707862854,1.747455358505249,129.75,0,1,180,1.224,0.8521,1.0,0.6945,0.2556,0.3,0.2778,0.8334,1.1029
182.551,4,RETURN_HOME,7.1957,7.7664,-2.0169,-0.0498,-1.4449,-2.2728,-0.2498,-1.2,1.2257,0.0,0.0,10.5875,5.536832809448242,1.7476766109466553,130.5,0,1,180,1.042,0.8567,1.0,0.7,0.257,0.3,0.28,0.837,1.0036
182.601,4,RETURN_HOME,7.1953,7.6946,-2.0211,-0.0675,-1.4402,-2.2776,-0.2675,-1.2,1.2295,0.0,0.0,10.5346,5.496370792388916,1.7498960494995117,129.49,0,1,180,1.136,0.8615,1.0,0.7061,0.2585,0.3,0.2824,0.8409,0.9423
182.651,4,RETURN_HOME,7.1939,7.635,-2.024,-0.0823,-1.4343,-2.2816,-0.2823,-1.2,1.2328,0.0,0.0,10.4903,5.447754383087158,1.7515798807144165,130.5,0,1,180,1.15,0.8655,1.0,0.7113,0.2597,0.3,0.2845,0.8442,0.88
182.701,4,RETURN_HOME,7.1917,7.576,-2.0263,-0.0973,-1.4268,-2.2856,-0.2973,-1.2,1.2363,0.0,0.0,10.4459,5.362497806549072,1.7558610439300537,129.49,0,1,180,1.149,0.8695,1.0,0.7166,0.2609,0.3,0.2867,0.8475,0.7842
182.751,4,RETURN_HOME,7.1906,7.5044,-2.0331,-0.1145,-1.4173,-2.2904,-0.2145,-1.2,1.219,0.0,0.0,10.3934,5.3215789794921875,1.7594574689865112,129.24,0,1,180,1.111,0.8325,1.0,0.6766,0.2498,0.3,0.2706,0.8204,0.8613
182.801,4,RETURN_HOME,7.1891,7.4453,-2.0384,-0.1291,-1.4089,-2.2944,-0.2291,-1.2,1.2217,0.0,0.0,10.3497,5.273789882659912,1.7639487981796265,129.49,0,1,180,1.109,0.8369,1.0,0.6816,0.2511,0.3,0.2726,0.8237,0.7976
182.851,4,RETURN_HOME,7.1848,7.3755,-2.0437,-0.1475,-1.3984,-2.2994,-0.3475,-1.1,1.1536,0.0,0.0,10.2966,5.193222999572754,1.7708814144134521,131.75,0,1,180,1.699,0.8932,1.0,0.687,0.268,0.3,0.2748,0.8428,0.8369
182.901,4,RETURN_HOME,7.176,7.3192,-2.0479,-0.163,-1.389,-2.3037,-0.363,-1.1,1.1583,0.0,0.0,10.2502,5.153870105743408,1.7762597799301147,133.5,0,1,180,1.676,0.8975,1.0,0.6931,0.2692,0.3,0.2772,0.8465,0.7882
182.952,4,RETURN_HOME,7.1651,7.2523,-2.0517,-0.1786,-1.3786,-2.3088,-0.3786,-1.1,1.1633,0.0,0.0,10.1948,5.104675769805908,1.780016541481018,130.25,0,1,180,1.928,0.9014,1.0,0.6991,0.2704,0.3,0.2796,0.85,0.7366
183.001,4,RETURN_HOME,7.155,7.197,-2.0542,-0.1917,-1.3692,-2.3129,-0.2917,-1.1,1.138,0.0,0.0,10.1484,5.027894496917725,1.7913416624069214,133.0,0,1,180,1.798,0.8662,1.0,0.6572,0.2599,0.3,0.2629,0.8227,0.7017
183.052,4,RETURN_HOME,7.1388,7.131,-2.0567,-0.2097,-1.3569,-2.3176,-0.2097,-1.1,1.1198,0.0,0.0,10.0903,4.987304210662842,1.796712875366211,132.5,0,1,180,1.937,0.8267,1.0,0.6172,0.248,0.3,0.2469,0.7949,0.7705
183.101,4,RETURN_HOME,7.1254,7.0766,-2.0581,-0.2258,-1.3459,-2.3217,-0.2258,-1.1,1.1229,0.0,0.0,10.0424,4.943367004394531,1.8039480447769165,131.0,0,1,180,1.66,0.833,1.0,0.6236,0.2499,0.3,0.2494,0.7993,0.705
183.151,4,RETURN_HOME,7.112,7.0228,-2.0586,-0.2412,-1.334,-2.326,-0.1412,-1.1,1.109,0.0,0.0,9.995,4.861665725708008,1.8176789283752441,132.25,0,1,180,1.651,0.7875,1.0,0.5823,0.2363,0.3,0.2329,0.7692,0.7963
183.201,4,RETURN_HOME,7.0962,6.9589,-2.0585,-0.2558,-1.3193,-2.3313,-0.1558,-1.1,1.111,0.0,0.0,9.9389,4.825055122375488,1.8249878883361816,133.75,0,1,180,1.585,0.7934,1.0,0.5876,0.238,0.3,0.2351,0.7731,0.7425
183.251,4,RETURN_HOME,7.0803,6.8959,-2.0577,-0.2662,-1.305,-2.3366,-0.1662,-1.1,1.1125,0.0,0.0,9.8835,4.780636787414551,1.832988977432251,134.0,0,1,180,1.715,0.7969,1.0,0.591,0.2391,0.3,0.2364,0.7755,0.6815
183.301,4,RETURN_HOME,7.0695,6.8553,-2.0559,-0.2699,-1.2955,-2.34,-0.0699,-1.0955,1.0977,0.0,0.0,9.8475,4.705236911773682,1.8475027084350586,133.5,0,1,180,1.678,0.7404,1.0,0.5419,0.2221,0.3,0.2167,0.7389,0.7808
183.351,4,RETURN_HOME,7.0533,6.7964,-2.0518,-0.272,-1.2817,-2.3449,-0.072,-1.0817,1.0841,0.0,0.0,9.7949,4.668191909790039,1.8543113470077515,135.0,0,1,180,1.853,0.7401,1.0,0.5349,0.222,0.3,0.214,0.736,0.7866
183.401,4,RETURN_HOME,7.0375,6.7377,-2.0478,-0.271,-1.2697,-2.3495,-0.071,-1.0697,1.0721,0.0,0.0,9.7428,4.623537540435791,1.8642245531082153,132.75,0,1,180,1.609,0.7379,1.0,0.5274,0.2214,0.3,0.211,0.7323,0.7857
183.451,4,RETURN_HOME,7.0255,6.6901,-2.0446,-0.2667,-1.2598,-2.353,-0.0667,-1.0598,1.0619,0.0,0.0,9.7013,4.545831203460693,1.8797380924224854,135.0,0,1,180,1.577,0.7337,1.0,0.5194,0.2201,0.3,0.2078,0.7279,0.764
183.501,4,RETURN_HOME,7.0123,6.6341,-2.0409,-0.2586,-1.2483,-2.3571,-0.0586,-1.1483,1.1498,0.0,0.0,9.6531,4.508579254150391,1.887287974357605,134.5,0,1,180,1.781,0.7234,1.0,0.5545,0.217,0.3,0.2218,0.7388,0.666
183.551,4,RETURN_HOME,7.0016,6.5874,-2.0379,-0.2506,-1.2392,-2.3602,-0.0506,-1.1392,1.1403,0.0,0.0,9.6134,4.462621212005615,1.8958231210708618,133.75,0,1,180,1.687,0.7169,1.0,0.545,0.2151,0.3,0.218,0.733,0.684
183.602,4,RETURN_HOME,6.9917,6.5418,-2.0334,-0.2422,-1.2295,-2.3632,-0.1422,-1.0295,1.0392,0.0,0.0,9.575,4.424795150756836,1.9025354385375977,134.75,0,1,180,1.88,0.7767,1.0,0.5381,0.233,0.3,0.2152,0.7482,0.5626
183.651,4,RETURN_HOME,6.9805,6.4874,-2.0279,-0.2324,-1.2201,-2.3667,-0.1324,-1.0201,1.0287,0.0,0.0,9.5296,4.345822334289551,1.9185423851013184,133.75,0,1,180,1.548,0.7694,1.0,0.5276,0.2308,0.3,0.211,0.7418,0.5499
183.701,4,RETURN_HOME,6.9714,6.4418,-2.0239,-0.2243,-1.2146,-2.3694,-0.1243,-1.0146,1.0222,0.0,0.0,9.492,4.3002543449401855,1.9259027242660522,133.75,0,1,180,1.699,0.763,1.0,0.5199,0.2289,0.3,0.208,0.7369,0.5326
183.751,4,RETURN_HOME,6.9611,6.3954,-2.0177,-0.2186,-1.2094,-2.3719,-0.0186,-1.1094,1.1096,0.0,0.0,9.4529,4.259819984436035,1.9327510595321655,134.5,0,1,180,1.729,0.6888,1.0,0.5095,0.2066,0.3,0.2038,0.7105,0.6714
183.801,4,RETURN_HOME,6.9508,6.3488,-2.0117,-0.2149,-1.2034,-2.3743,-0.0149,-1.1034,1.1035,0.0,0.0,9.4139,4.179958343505859,1.9460963010787964,135.0,0,1,180,1.779,0.6843,1.0,0.5034,0.2053,0.3,0.2014,0.7067,0.6489
183.851,4,RETURN_HOME,6.9389,6.293,-2.0053,-0.2128,-1.1942,-2.3774,-0.0128,-1.0942,1.0942,0.0,0.0,9.3675,4.13480281829834,1.9546349048614502,135.0,0,1,180,1.736,0.6804,1.0,0.4964,0.2041,0.3,0.1985,0.7027,0.6478
183.901,4,RETURN_HOME,6.9293,6.2474,-2.0031,-0.2099,-1.1869,-2.3802,-0.0099,-1.0869,1.0869,0.0,0.0,9.3298,4.095319747924805,1.9601411819458008,134.75,0,1,180,1.73,0.6764,1.0,0.4901,0.2029,0.3,0.196,0.699,0.65
183.951,4,RETURN_HOME,6.9183,6.193,-2.0015,-0.2045,-1.1796,-2.3835,-0.0045,-1.0796,1.0796,0.0,0.0,9.2853,4.014791011810303,1.9717319011688232,134.5,0,1,180,1.654,0.6701,1.0,0.4823,0.201,0.3,0.1929,0.6939,0.6544
184.001,4,RETURN_HOME,6.9095,6.1476,-2.0005,-0.1984,-1.1748,-2.3862,0.0016,-1.0748,1.0749,0.0,0.0,9.2485,3.971313238143921,1.9792941808700562,134.75,0,1,180,1.686,0.6636,1.0,0.4755,0.1991,0.3,0.1902,0.6893,0.6698
184.051,4,RETURN_HOME,6.9009,6.0965,-2.0024,-0.1893,-1.1689,-2.3894,0.0107,-1.1689,1.1689,0.0,0.0,9.2081,3.9316294193267822,1.9842115640640259,135.0,0,1,180,1.753,0.6552,1.0,0.5106,0.1966,0.3,0.2042,0.7008,0.6982
184.101,4,RETURN_HOME,6.894,6.0536,-2.0039,-0.1809,-1.1646,-2.392,0.0191,-1.1646,1.1648,0.0,0.0,9.1746,3.852224826812744,1.9956902265548706,135.0,0,1,180,1.649,0.6474,1.0,0.5027,0.1942,0.3,0.2011,0.6953,0.7018
184.151,4,RETURN_HOME,6.8858,6.0021,-2.0049,-0.1705,-1.1595,-2.3952,0.0295,-1.1595,1.1599,0.0,0.0,9.1346,3.808844804763794,2.0017611980438232,135.0,0,1,180,1.771,0.6377,1.0,0.4931,0.1913,0.3,0.1972,0.6885,0.7253
184.201,4,RETURN_HOME,6.8785,5.9603,-2.0038,-0.1623,-1.1566,-2.3979,-0.0623,-0.9566,0.9587,0.0,0.0,9.1016,3.7663216590881348,2.007417678833008,134.25,0,1,180,1.649,0.7026,1.0,0.449,0.2108,0.3,0.1796,0.6904,0.4704
184.251,4,RETURN_HOME,6.8716,5.9179,-2.0028,-0.1543,-1.1558,-2.4006,-0.0543,-0.9558,0.9574,0.0,0.0,9.0687,3.686929702758789,2.0170505046844482,134.25,0,1,180,1.715,0.6945,1.0,0.4432,0.2083,0.3,0.1773,0.6856,0.4717
184.301,4,RETURN_HOME,6.8649,5.8661,-2.0036,-0.1438,-1.1579,-2.4036,-0.0438,-0.9579,0.9589,0.0,0.0,9.0298,3.641631603240967,2.021239995956421,134.75,0,1,180,1.725,0.6837,1.0,0.4371,0.2051,0.3,0.1748,0.6799,0.4967
184.351,4,RETURN_HOME,6.8605,5.8129,-2.008,-0.1345,-1.1573,-2.4063,-0.0345,-0.9573,0.9579,0.0,0.0,8.992,3.6037826538085938,2.025294065475464,135.0,0,1,180,1.727,0.6735,1.0,0.4301,0.2021,0.3,0.172,0.6741,0.5214
184.401,4,RETURN_HOME,6.857,5.7684,-2.011,-0.1287,-1.1531,-2.4086,-0.0287,-0.9531,0.9536,0.0,0.0,8.9606,3.519989490509033,2.034019708633423,134.5,0,1,180,1.681,0.6665,1.0,0.4237,0.2,0.3,0.1695,0.6694,0.5257
184.451,4,RETURN_HOME,6.8546,5.7162,-2.0135,-0.1231,-1.1435,-2.4116,-0.0231,-0.9435,0.9438,0.0,0.0,8.9253,3.473550319671631,2.0388803482055664,134.5,0,1,180,1.772,0.659,1.0,0.4147,0.1977,0.3,0.1659,0.6636,0.5397
184.501,4,RETURN_HOME,6.8539,5.6739,-2.0146,-0.1191,-1.1327,-2.4142,-0.0191,-1.0327,1.0329,0.0,0.0,8.8977,3.4331836700439453,2.0425212383270264,134.5,0,1,180,1.688,0.6518,1.0,0.4488,0.1955,0.3,0.1795,0.6751,0.5504
184.551,4,RETURN_HOME,6.8529,5.6316,-2.0154,-0.1158,-1.1209,-2.4171,-0.0158,-1.0209,1.0211,0.0,0.0,8.87,3.3925299644470215,2.048105001449585,135.0,0,1,180,1.687,0.6468,1.0,0.4403,0.194,0.3,0.1761,0.6701,0.5548
184.601,4,RETURN_HOME,6.8511,5.5897,-2.016,-0.113,-1.1082,-2.4201,-0.013,-1.0082,1.0083,0.0,0.0,8.8421,3.3092753887176514,2.054832935333252,134.75,0,1,180,1.726,0.6421,1.0,0.4316,0.1926,0.3,0.1726,0.6653,0.5471
184.651,4,RETURN_HOME,6.8484,5.5485,-2.0166,-0.1108,-1.0969,-2.4234,-0.0108,-0.9969,0.9969,0.0,0.0,8.814,3.2692928314208984,2.0583951473236084,134.75,0,1,180,1.672,0.6379,1.0,0.4239,0.1914,0.3,0.1696,0.6609,0.5498
184.701,4,RETURN_HOME,6.845,5.499,-2.0169,-0.108,-1.0865,-2.4273,-0.008,-0.9865,0.9865,0.0,0.0,8.7803,3.234560251235962,2.0609958171844482,134.75,0,1,180,1.673,0.6326,1.0,0.4161,0.1898,0.3,0.1664,0.6562,0.5557
184.751,4,RETURN_HOME,6.8416,5.4582,-2.0161,-0.1056,-1.0801,-2.4306,-0.0056,-0.9801,0.9801,0.0,0.0,8.7521,3.1944239139556885,2.064892530441284,135.0,0,1,180,1.608,0.6281,1.0,0.4104,0.1884,0.3,0.1642,0.6526,0.5604
184.801,4,RETURN_HOME,6.8378,5.4176,-2.0146,-0.1028,-1.0751,-2.4339,-0.0028,-0.9751,0.9752,0.0,0.0,8.7238,3.114562511444092,2.073101758956909,134.5,0,1,180,1.699,0.6233,1.0,0.4052,0.187,0.3,0.1621,0.6491,0.5557
184.851,4,RETURN_HOME,6.8333,5.3686,-2.0128,-0.0991,-1.0705,-2.4377,0.0009,-0.9705,0.9705,0.0,0.0,8.69,3.0764219760894775,2.0764622688293457,135.0,0,1,180,1.642,0.6171,1.0,0.3992,0.1851,0.3,0.1597,0.6448,0.5629
184.902,4,RETURN_HOME,6.832,5.328,-2.0125,-0.0947,-1.0668,-2.4409,0.0053,-0.9668,0.9669,0.0,0.0,8.664,3.038679361343384,2.079578399658203,135.0,0,1,180,1.946,0.6107,1.0,0.3936,0.1832,0.3,0.1574,0.6406,0.5702
184.951,4,RETURN_HOME,6.8321,5.2874,-2.0129,-0.0897,-1.0632,-2.4441,0.0103,-1.0632,1.0633,0.0,0.0,8.6391,2.9592108726501465,2.087801933288574,135.0,0,1,180,1.689,0.6043,1.0,0.4284,0.1813,0.3,0.1714,0.6527,0.5675
185.001,4,RETURN_HOME,6.8318,5.2385,-2.0132,-0.0839,-1.0585,-2.4481,0.0161,-1.0585,1.0586,0.0,0.0,8.609,2.921293258666992,2.0909435749053955,134.75,0,1,180,1.675,0.5964,1.0,0.4209,0.1789,0.3,0.1684,0.6473,0.5808
185.051,4,RETURN_HOME,6.8304,5.1886,-2.0125,-0.0789,-1.0538,-2.4522,0.0211,-1.0538,1.054,0.0,0.0,8.5777,2.8830082416534424,2.093752384185791,134.75,0,1,180,1.832,0.5888,1.0,0.4138,0.1767,0.3,0.1655,0.6422,0.5933
185.101,4,RETURN_HOME,6.8288,5.1466,-2.0115,-0.0755,-1.0517,-2.4559,0.0245,-1.0517,1.052,0.0,0.0,8.5511,2.8011815547943115,2.1013736724853516,135.0,0,1,180,1.745,0.5831,1.0,0.4089,0.1749,0.3,0.1636,0.6385,0.5859
185.151,4,RETURN_HOME,6.8272,5.1047,-2.0105,-0.0722,-1.0512,-2.4595,0.0278,-1.0512,1.0516,0.0,0.0,8.5246,2.7642159461975098,2.102781057357788,135.0,0,1,180,1.753,0.5775,1.0,0.4048,0.1732,0.3,0.1619,0.6352,0.5898
185.201,4,RETURN_HOME,6.8257,5.0547,-2.008,-0.0678,-1.0519,-2.4639,0.0322,-1.0519,1.0524,0.0,0.0,8.4936,2.7266452312469482,2.1056675910949707,135.0,0,1,180,1.591,0.5702,1.0,0.4001,0.1711,0.3,0.16,0.6311,0.5967
185.251,4,RETURN_HOME,6.8245,5.0131,-2.006,-0.0639,-1.0534,-2.4676,-0.0639,-0.8534,0.8558,0.0,0.0,8.4679,2.6480600833892822,2.1125497817993164,135.0,0,1,180,1.657,0.6505,1.0,0.3711,0.1952,0.3,0.1485,0.6436,0.3681
185.301,4,RETURN_HOME,6.8232,4.9713,-2.0042,-0.0599,-1.0554,-2.4712,-0.0599,-0.8554,0.8575,0.0,0.0,8.4422,2.6104471683502197,2.1151235103607178,135.0,0,1,180,1.685,0.6439,1.0,0.3681,0.1932,0.3,0.1472,0.6404,0.3766
185.351,4,RETURN_HOME,6.8181,4.9217,-1.9974,-0.056,-1.0586,-2.4754,-0.056,-0.8586,0.8604,0.0,0.0,8.4089,2.5734729766845703,2.091956615447998,28.65,0,1,180,1.649,0.6368,1.0,0.3653,0.191,0.3,0.1461,0.6371,0.3859
185.401,4,RETURN_HOME,6.8136,4.8803,-1.9918,-0.0542,-1.0579,-2.4787,-0.0542,-0.8579,0.8596,0.0,0.0,8.3811,2.488800048828125,2.0210964679718018,28.4,0,1,180,1.701,0.6324,0.9966,0.3624,0.1897,0.299,0.145,0.6337,0.3831
185.451,4,RETURN_HOME,6.8087,4.8303,-1.9853,-0.0542,-1.0522,-2.4828,-0.0542,-0.8522,0.8539,0.0,0.0,8.3481,2.4506912231445312,1.9916887283325195,28.15,0,1,180,1.637,0.6292,0.9727,0.3582,0.1888,0.2918,0.1433,0.6239,0.3847
185.501,4,RETURN_HOME,6.8048,4.788,-1.9776,-0.0558,-1.0448,-2.4865,-0.0558,-0.8448,0.8466,0.0,0.0,8.3205,2.410074234008789,1.9589120149612427,28.15,0,1,180,1.774,0.6281,0.9488,0.3545,0.1884,0.2846,0.1418,0.6149,0.3806
185.551,4,RETURN_HOME,6.8011,4.746,-1.971,-0.0584,-1.0351,-2.4903,0.0416,-1.0351,1.036,0.0,0.0,8.2933,2.367175817489624,1.9226528406143188,27.65,0,1,180,1.765,0.5389,1.0,0.3722,0.1617,0.3,0.1489,0.6105,0.5819
185.601,4,RETURN_HOME,6.7959,4.6963,-1.9638,-0.0629,-1.0213,-2.4951,0.0371,-1.0213,1.022,0.0,0.0,8.2607,2.291437864303589,1.8655297756195068,27.4,0,1,180,1.718,0.5383,1.0,0.3667,0.1615,0.3,0.1467,0.6082,0.5653
185.652,4,RETURN_HOME,6.7868,4.6478,-1.9548,-0.069,-1.0067,-2.5002,0.031,-1.0067,1.0072,0.0,0.0,8.2258,2.2535388469696045,1.831291675567627,27.4,0,1,180,1.72,0.5393,1.0,0.3621,0.1618,0.3,0.1449,0.6067,0.5586
185.701,4,RETURN_HOME,6.7798,4.6079,-1.9488,-0.0719,-0.9985,-2.5046,0.0281,-0.9985,0.9989,0.0,0.0,8.1974,2.1731245517730713,1.7676559686660767,26.9,0,1,180,1.633,0.5386,1.0,0.3587,0.1616,0.3,0.1435,0.6051,0.5368
185.751,4,RETURN_HOME,6.7717,4.5604,-1.944,-0.0724,-0.994,-2.5098,0.0276,-0.994,0.9944,0.0,0.0,8.1641,2.1352834701538086,1.7365494966506958,26.65,0,1,180,1.675,0.5354,1.0,0.3549,0.1606,0.3,0.142,0.6026,0.5316
185.801,4,RETURN_HOME,6.7641,4.5132,-1.9425,-0.0703,-0.994,-2.5147,0.0297,-0.994,0.9944,0.0,0.0,8.1316,2.100332260131836,1.7074936628341675,26.4,0,1,180,1.583,0.5299,1.0,0.3513,0.159,0.3,0.1405,0.5995,0.5362
185.851,4,RETURN_HOME,6.7583,4.4738,-1.9419,-0.0671,-0.9961,-2.5186,0.0329,-0.9961,0.9967,0.0,0.0,8.1049,2.0180656909942627,1.6462182998657227,25.9,0,1,180,1.641,0.5241,1.0,0.3483,0.1572,0.3,0.1393,0.5965,0.5274
185.901,4,RETURN_HOME,6.7535,4.4349,-1.9411,-0.0629,-0.9987,-2.5223,0.0371,-0.9987,0.9994,0.0,0.0,8.0795,1.9808775186538696,1.6163181066513062,25.65,0,1,180,1.746,0.5175,1.0,0.3448,0.1552,0.3,0.1379,0.5931,0.5305
185.951,4,RETURN_HOME,6.7486,4.3885,-1.9402,-0.0574,-1.0016,-2.5267,0.0426,-1.0016,1.0025,0.0,0.0,8.05,1.9424986839294434,1.5864428281784058,25.4,0,1,180,1.715,0.509,1.0,0.3402,0.1527,0.3,0.1361,0.5888,0.536
186.001,4,RETURN_HOME,6.7449,4.3495,-1.9399,-0.0529,-1.0036,-2.5304,0.0471,-1.0036,1.0047,0.0,0.0,8.0257,1.8971701860427856,1.5568023920059204,25.15,0,1,180,1.66,0.502,1.0,0.3362,0.1506,0.3,0.1345,0.5851,0.5396
186.052,4,RETURN_HOME,6.74,4.3094,-1.9397,-0.0492,-1.0055,-2.534,0.0508,-1.0055,1.0068,0.0,0.0,7.9999,1.8175668716430664,1.4981846809387207,24.15,0,1,180,1.824,0.4955,1.0,0.3356,0.1486,0.3,0.1342,0.5829,0.5363
186.101,4,RETURN_HOME,6.7335,4.2605,-1.9396,-0.0454,-1.0076,-2.5385,0.0546,-1.0076,1.0091,0.0,0.0,7.9682,1.7778502702713013,1.468017339706421,23.9,0,1,180,1.669,0.4882,1.0,0.3364,0.1465,0.3,0.1345,0.581,0.5347
186.151,4,RETURN_HOME,6.7288,4.2197,-1.9399,-0.0423,-1.0089,-2.5423,0.0577,-1.0089,1.0105,0.0,0.0,7.9424,1.7336111068725586,1.435809850692749,23.4,0,1,180,1.755,0.4821,1.0,0.3368,0.1446,0.3,0.1347,0.5794,0.5343
186.201,4,RETURN_HOME,6.7251,4.1796,-1.9416,-0.0389,-1.0094,-2.546,0.0611,-1.0094,1.0113,0.0,0.0,7.9181,1.6512086391448975,1.378356695175171,22.4,0,1,180,1.647,0.4756,1.0,0.3371,0.1427,0.3,0.1348,0.5775,0.5328
186.251,4,RETURN_HOME,6.7217,4.1318,-1.9447,-0.0344,-1.0097,-2.5506,0.0656,-1.0097,1.0118,0.0,0.0,7.8901,1.6117653846740723,1.353606939315796,21.9,0,1,180,1.844,0.4673,1.0,0.3373,0.1402,0.3,0.1349,0.5751,0.5333
186.301,4,RETURN_HOME,6.7193,4.0918,-1.9472,-0.0306,-1.0099,-2.5543,0.0694,-1.0099,1.0123,0.0,0.0,7.8672,1.5645484924316406,1.3197863101959229,21.14,0,1,180,1.745,0.4603,1.0,0.3374,0.1381,0.3,0.135,0.5731,0.5355
186.351,4,RETURN_HOME,6.7197,4.0509,-1.9519,-0.026,-1.0105,-2.5581,0.074,-1.0105,1.0132,0.0,0.0,7.8463,1.5216691493988037,1.2945387363433838,20.64,0,1,180,1.715,0.4523,1.0,0.3377,0.1357,0.3,0.1351,0.5708,0.5327
186.401,4,RETURN_HOME,6.721,4.0016,-1.9579,-0.0202,-1.0113,-2.5627,0.0798,-1.0113,1.0144,0.0,0.0,7.8221,1.4395763874053955,1.2406442165374756,19.39,0,1,180,1.711,0.4424,1.0,0.3381,0.1327,0.3,0.1353,0.568,0.5335
186.451,4,RETURN_HOME,6.722,3.9606,-1.9624,-0.0155,-1.0121,-2.5665,0.0845,-1.0121,1.0156,0.0,0.0,7.802,1.3928829431533813,1.211010456085205,18.64,0,1,180,1.694,0.4342,1.0,0.3385,0.1303,0.3,0.1354,0.5657,0.537
186.502,4,RETURN_HOME,6.7241,3.9194,-1.9691,-0.0102,-1.0128,-2.5703,0.0898,-1.0128,1.0168,0.0,0.0,7.783,1.3491426706314087,1.1863080263137817,17.89,0,1,180,2.005,0.4253,1.0,0.3389,0.1276,0.3,0.1356,0.5632,0.5314
186.551,4,RETURN_HOME,6.7269,3.87,-1.977,-0.0038,-1.0137,-2.5751,0.0962,-1.0137,1.0183,0.0,0.0,7.7607,1.2615965604782104,1.1347497701644897,16.14,0,1,180,1.819,0.4145,1.0,0.3394,0.1244,0.3,0.1358,0.5601,0.5292
186.601,4,RETURN_HOME,6.7298,3.8209,-1.9838,0.0025,-1.0144,-2.5799,0.1025,-1.0144,1.0196,0.0,0.0,7.7388,1.213625431060791,1.107035517692566,15.14,0,1,180,1.681,0.4038,1.0,0.3399,0.1211,0.3,0.1359,0.5571,0.5339
186.652,4,RETURN_HOME,6.7331,3.7808,-1.9888,0.0083,-1.0145,-2.5839,0.1083,-1.0145,1.0203,0.0,0.0,7.722,1.125769019126892,1.0608717203140259,13.39,0,1,180,1.678,0.3943,1.0,0.3401,0.1183,0.3,0.136,0.5543,0.5236
186.701,4,RETURN_HOME,6.737,3.7327,-1.9939,0.0149,-1.0147,-2.5888,0.1149,-1.0147,1.0212,0.0,0.0,7.7019,1.0800936222076416,1.037696361541748,12.14,0,1,180,1.611,0.3832,1.0,0.3404,0.1149,0.3,0.1362,0.5511,0.5257
186.751,4,RETURN_HOME,6.7399,3.6923,-1.9968,0.0201,-1.015,-2.593,0.1201,-1.015,1.0221,0.0,0.0,7.685,1.0307222604751587,1.013123869895935,10.63,0,1,180,1.522,0.374,1.0,0.3407,0.1122,0.3,0.1363,0.5485,0.5245
186.801,4,RETURN_HOME,6.7423,3.6513,-1.9965,0.0249,-1.0156,-2.5972,0.1249,-1.0156,1.0233,0.0,0.0,7.6675,0.9876923561096191,0.9876923561096191,9.63,0,1,180,1.513,0.3653,1.0,0.3411,0.1096,0.3,0.1364,0.546,0.5241
186.851,4,RETURN_HOME,6.7457,3.5939,-1.9959,0.0313,-1.0166,-2.6033,0.0313,-0.9166,0.9171,0.0,0.0,7.6433,0.9501650333404541,0.9501650333404541,7.13,0,1,180,1.624,0.4398,0.947,0.3057,0.1319,0.2841,0.1223,0.5383,0.4709
186.901,4,RETURN_HOME,6.747,3.5531,-1.9929,0.0358,-1.0175,-2.6076,0.0358,-0.9175,0.9182,0.0,0.0,7.6254,0.9278873801231384,0.9278873801231384,5.38,0,1,180,1.669,0.4311,0.941,0.3061,0.1293,0.2823,0.1224,0.5341,0.4706
186.952,4,RETURN_HOME,6.7472,3.5126,-1.9868,0.0403,-1.0189,-2.6119,0.0403,-0.9189,0.9197,0.0,0.0,7.6067,0.9081922769546509,0.9081922769546509,4.13,0,1,180,2.058,0.4224,0.9476,0.3066,0.1267,0.2843,0.1226,0.5336,0.4757
187.001,4,RETURN_HOME,6.7477,3.4638,-1.9804,0.0438,-1.0189,-2.617,0.0438,-0.9189,0.9199,0.0,0.0,7.5848,0.8734676241874695,0.8734676241874695,0.88,0,1,180,1.75,0.4138,0.946,0.3066,0.1241,0.2838,0.1227,0.5306,0.4729
187.051,4,RETURN_HOME,6.7466,3.4225,-1.9747,0.0441,-1.0174,-2.6213,0.0441,-0.9174,0.9185,0.0,0.0,7.565,0.8569837212562561,0.8569837212562561,-1.13,0,1,180,1.802,0.4091,0.9475,0.3062,0.1227,0.2842,0.1225,0.5294,0.4699
187.101,4,RETURN_HOME,6.7446,3.381,-1.969,0.0427,-1.0147,-2.6258,0.0427,-0.9147,0.9157,0.0,0.0,7.5445,0.8412599563598633,0.8412599563598633,-2.63,0,1,180,1.795,0.406,0.951,0.3052,0.1218,0.2853,0.1221,0.5292,0.4693
187.151,4,RETURN_HOME,6.7427,3.3314,-1.9633,0.0398,-1.0097,-2.6313,-0.1602,-0.8097,0.8254,0.0,0.0,7.5207,0.8132466077804565,0.8132466077804565,-6.63,0,1,180,1.625,0.6085,0.7012,0.3348,0.1826,0.2103,0.1339,0.5268,0.341
187.201,4,RETURN_HOME,6.7394,3.2811,-1.9611,0.0365,-1.0041,-2.6371,-0.1635,-0.8041,0.8206,0.0,0.0,7.4957,0.8035271763801575,0.8035271763801575,-8.63,0,1,180,1.735,0.6081,0.7086,0.3327,0.1824,0.2126,0.1331,0.5281,0.3472
187.251,4,RETURN_HOME,6.7365,3.2391,-1.9609,0.0341,-0.9994,-2.6419,-0.1659,-0.7994,0.8165,0.0,0.0,7.4748,0.7955281138420105,0.7910037636756897,-10.63,0,1,180,1.662,0.6074,0.711,0.3306,0.1822,0.2133,0.1322,0.5278,0.3546
187.302,4,RETURN_HOME,6.7339,3.1976,-1.9612,0.0282,-0.9934,-2.6466,-0.1718,-0.7934,0.8118,0.0,0.0,7.4546,0.7939571142196655,0.7765418291091919,-14.39,0,1,180,2.041,0.6104,0.7161,0.3304,0.1831,0.2148,0.1321,0.5301,0.3588
187.351,4,RETURN_HOME,6.73,3.1475,-1.9597,0.0168,-0.9844,-2.6523,-0.1832,-0.7844,0.8055,0.0,0.0,7.4296,0.7932227253913879,0.7669175863265991,-16.89,0,1,180,1.67,0.6186,0.7219,0.3322,0.1856,0.2166,0.1329,0.535,0.3609
187.401,4,RETURN_HOME,6.7264,3.1061,-1.9581,0.0045,-0.9753,-2.6572,-0.1955,-0.7753,0.7995,0.0,0.0,7.4089,0.7937577962875366,0.7629759907722473,-18.89,0,1,180,1.798,0.6285,0.7191,0.335,0.1886,0.2157,0.134,0.5383,0.3591
187.451,4,RETURN_HOME,6.722,3.0573,-1.9567,-0.012,-0.9628,-2.6632,-0.212,-0.7628,0.7917,0.0,0.0,7.3846,0.7909386157989502,0.7537311911582947,-23.15,0,1,180,1.642,0.6426,0.7282,0.3392,0.1928,0.2184,0.1357,0.5469,0.3624
187.501,4,RETURN_HOME,6.7191,3.0188,-1.9517,-0.0259,-0.9508,-2.6683,-0.2259,-0.7508,0.7841,0.0,0.0,7.3661,11.511130332946777,0.7525787353515625,-24.4,0,1,180,1.708,0.6553,0.7381,0.3425,0.1966,0.2214,0.137,0.555,0.3657
187.552,4,RETURN_HOME,6.7153,2.9732,-1.9468,-0.0427,-0.9363,-2.6745,-0.2427,-0.7363,0.7752,0.0,0.0,7.3441,11.523353576660156,0.7491878271102905,-25.4,0,1,180,1.842,0.6707,0.7295,0.3466,0.2012,0.2189,0.1387,0.5587,0.3605
187.601,4,RETURN_HOME,6.7118,2.9358,-1.9437,-0.0564,-0.9243,-2.6797,-0.2564,-0.8243,0.8632,0.0,0.0,7.3258,11.552897453308105,0.7464379072189331,-27.4,0,1,180,1.872,0.6548,0.7757,0.3768,0.1964,0.2327,0.1507,0.5799,0.3837
187.652,4,RETURN_HOME,6.7104,2.892,-1.9424,-0.0719,-0.9096,-2.6859,-0.2719,-0.8096,0.854,0.0,0.0,7.307,11.570056915283203,0.7450308203697205,-27.9,0,1,180,1.896,0.6675,0.7686,0.3801,0.2003,0.2306,0.152,0.5829,0.3814
187.701,4,RETURN_HOME,6.7085,2.8559,-1.9421,-0.0846,-0.8976,-2.6912,-0.2846,-0.7976,0.8468,0.0,0.0,7.2911,11.587684631347656,0.7422708868980408,-24.9,0,1,180,1.706,0.6781,0.7649,0.3828,0.2034,0.2295,0.1531,0.5861,0.3808
187.751,4,RETURN_HOME,6.7053,2.8129,-1.9447,-0.1001,-0.8858,-2.6975,-0.3001,-0.7858,0.8411,0.0,0.0,7.2714,11.623937606811523,0.7365955114364624,-25.15,0,1,180,1.636,0.6904,0.7833,0.3871,0.2071,0.235,0.1548,0.5969,0.3956
187.801,4,RETURN_HOME,6.7019,2.7769,-1.9506,-0.1131,-0.8782,-2.7027,-0.3131,-0.7782,0.8388,0.0,0.0,7.2544,11.644909858703613,0.7342119812965393,-27.9,0,1,180,1.66,0.6999,0.7821,0.3914,0.21,0.2346,0.1566,0.6012,0.396
187.851,4,RETURN_HOME,6.697,2.7342,-1.9572,-0.1285,-0.8712,-2.7088,-0.3285,-0.7712,0.8383,0.0,0.0,7.2337,11.666318893432617,0.731579065322876,-29.4,0,1,180,1.686,0.7106,0.797,0.3971,0.2132,0.2391,0.1588,0.6111,0.4002
187.901,4,RETURN_HOME,6.692,2.7005,-1.9622,-0.1415,-0.8655,-2.7138,-0.3415,-0.7655,0.8382,0.0,0.0,7.2164,11.70190715789795,0.7285939455032349,-33.66,0,1,180,1.675,0.7195,0.8136,0.4021,0.2159,0.2441,0.1608,0.6208,0.4051
187.951,4,RETURN_HOME,6.6847,2.663,-1.9674,-0.1573,-0.8578,-2.7196,-0.3573,-0.7578,0.8378,0.0,0.0,7.1956,11.724081039428711,0.7287290096282959,-35.91,0,1,180,1.524,0.7309,0.8352,0.4083,0.2193,0.2506,0.1633,0.6332,0.4129
188.001,4,RETURN_HOME,6.6781,2.6316,-1.9714,-0.1704,-0.8515,-2.7244,-0.3704,-0.7515,0.8378,0.0,0.0,7.1779,11.741697311401367,0.7305821180343628,-37.91,0,1,180,1.721,0.7402,0.8413,0.4134,0.222,0.2524,0.1654,0.6398,0.4148
188.051,4,RETURN_HOME,6.6708,2.5997,-1.9749,-0.1836,-0.8455,-2.729,-0.3836,-0.8455,0.9285,0.0,0.0,7.1595,11.77840518951416,0.7345036268234253,-41.91,0,1,180,1.79,0.7156,0.9054,0.443,0.2147,0.2716,0.1772,0.6635,0.4404
188.101,4,RETURN_HOME,6.6611,2.5609,-1.9783,-0.1998,-0.8385,-2.7346,-0.3998,-0.8385,0.929,0.0,0.0,7.1364,11.79737377166748,0.7356945276260376,-43.67,0,1,180,1.69,0.7256,0.911,0.4494,0.2177,0.2733,0.1798,0.6707,0.4425
188.152,4,RETURN_HOME,6.6525,2.5286,-1.9808,-0.2134,-0.8323,-2.7392,-0.4134,-0.8323,0.9293,0.0,0.0,7.1169,11.815197944641113,0.7404131889343262,-45.67,0,1,180,2.245,0.734,0.9335,0.4547,0.2202,0.28,0.1819,0.6821,0.453
188.201,4,RETURN_HOME,6.6422,2.4884,-1.9881,-0.2297,-0.8274,-2.7448,-0.4297,-0.8274,0.9323,0.0,0.0,7.093,11.850443840026855,0.7488856911659241,-49.17,0,1,180,1.712,0.7429,0.9821,0.4618,0.2229,0.2946,0.1847,0.7022,0.4738
188.252,4,RETURN_HOME,6.6331,2.4544,-1.9952,-0.2432,-0.8254,-2.7495,-0.4432,-0.8254,0.9369,0.0,0.0,7.0727,11.87197494506836,0.7560194730758667,-51.42,0,1,180,2.616,0.7494,1.0,0.4681,0.2248,0.3,0.1872,0.712,0.4836
188.301,4,RETURN_HOME,6.6235,2.4206,-2.0014,-0.2566,-0.8248,-2.754,-0.4566,-0.7248,0.8566,0.0,0.0,7.052,11.891095161437988,0.7625476121902466,-53.17,0,1,180,1.736,0.7911,1.0,0.4518,0.2373,0.3,0.1807,0.718,0.4838
188.351,4,RETURN_HOME,6.6151,2.3791,-2.008,-0.2711,-0.8258,-2.7592,-0.4711,-0.6258,0.7833,0.0,0.0,7.0299,11.907990455627441,0.7701705694198608,-54.93,0,1,180,1.674,0.8363,1.0,0.4367,0.2509,0.3,0.1747,0.7256,0.4847
188.401,4,RETURN_HOME,6.61,2.3512,-2.0119,-0.2804,-0.8271,-2.7625,-0.4804,-0.6271,0.79,0.0,0.0,7.0158,11.941622734069824,0.7861428260803223,-58.93,0,1,180,1.708,0.839,1.0,0.4418,0.2517,0.3,0.1767,0.7284,0.5007
188.451,4,RETURN_HOME,6.6012,2.3096,-2.0168,-0.2943,-0.8279,-2.7672,-0.4943,-0.6279,0.7992,0.0,0.0,6.9936,11.956329345703125,0.7951117157936096,-60.43,0,1,180,1.707,0.8433,1.0,0.4493,0.253,0.3,0.1797,0.7327,0.5139
188.501,4,RETURN_HOME,6.5922,2.267,-2.0181,-0.308,-0.8246,-2.7717,-0.508,-0.6246,0.8051,0.0,0.0,6.9711,11.964963912963867,0.8039856553077698,-62.18,0,1,180,1.688,0.849,1.0,0.4557,0.2547,0.3,0.1823,0.737,0.5283
188.551,4,RETURN_HOME,6.5841,2.2316,-2.0178,-0.3197,-0.818,-2.7754,-0.5197,-0.618,0.8074,0.0,0.0,6.952,11.980142593383789,0.8251747488975525,-65.69,0,1,180,1.643,0.8552,1.0,0.4604,0.2566,0.3,0.1841,0.7407,0.5642
188.601,4,RETURN_HOME,6.5749,2.1968,-2.0173,-0.3318,-0.8084,-2.7793,-0.5318,-0.6084,0.808,0.0,0.0,6.9322,11.99144458770752,0.8361676335334778,-67.19,0,1,180,1.667,0.8628,1.0,0.4648,0.2588,0.3,0.1859,0.7448,0.5725
188.651,4,RETURN_HOME,6.5641,2.1553,-2.0165,-0.3466,-0.7943,-2.784,-0.5466,-0.5943,0.8074,0.0,0.0,6.9089,12.003561019897461,0.8473791480064392,-68.69,0,1,180,1.69,0.8727,1.0,0.4698,0.2618,0.3,0.1879,0.7497,0.5839
188.701,4,RETURN_HOME,6.5542,2.1215,-2.0158,-0.3593,-0.7816,-2.7879,-0.5593,-0.5816,0.8069,0.0,0.0,6.889,12.035384178161621,0.873863160610199,-72.19,0,1,180,1.64,0.8814,1.0,0.4741,0.2644,0.3,0.1897,0.7541,0.6106
188.751,4,RETURN_HOME,6.5409,2.0819,-2.0148,-0.375,-0.766,-2.7928,-0.575,-0.566,0.8068,0.0,0.0,6.8643,12.053878784179688,0.8876553177833557,-73.44,0,1,180,1.617,0.8919,1.0,0.4797,0.2676,0.3,0.1919,0.7594,0.6282
188.801,4,RETURN_HOME,6.5269,2.0523,-2.0164,-0.3891,-0.7519,-2.797,-0.5891,-0.5519,0.8073,0.0,0.0,6.842,12.074258804321289,0.9008491039276123,-74.94,0,1,180,1.738,0.9012,1.0,0.485,0.2704,0.3,0.194,0.7644,0.6417
188.852,4,RETURN_HOME,6.5121,2.0232,-2.0176,-0.4033,-0.7384,-2.8012,-0.6033,-0.5384,0.8086,0.0,0.0,6.8192,12.094921112060547,0.9116463661193848,-76.2,0,1,180,2.576,0.91,1.0,0.4906,0.273,0.3,0.1962,0.7692,0.6571
188.901,4,RETURN_HOME,6.4967,1.9946,-2.0186,-0.4174,-0.7255,-2.8054,-0.6174,-0.5255,0.8108,0.0,0.0,6.7959,12.139498710632324,0.9385436177253723,-78.95,0,1,180,1.77,0.9182,1.0,0.4963,0.2755,0.3,0.1985,0.774,0.6857
188.952,4,RETURN_HOME,6.4824,1.9602,-2.0154,-0.433,-0.7106,-2.8105,-0.633,-0.5106,0.8133,0.0,0.0,6.7723,12.166879653930664,0.9511842131614685,-80.2,0,1,180,2.201,0.9267,1.0,0.5025,0.278,0.3,0.201,0.779,0.6948
189.002,4,RETURN_HOME,6.4665,1.9266,-2.0124,-0.4487,-0.6962,-2.8155,-0.6487,-0.4962,0.8167,0.0,0.0,6.7474,12.193076133728027,0.9646385312080383,-81.45,0,1,180,2.674,0.9347,1.0,0.5089,0.2804,0.3,0.2036,0.784,0.7082
189.051,4,RETURN_HOME,6.455,1.9045,-2.0106,-0.4593,-0.6867,-2.8188,-0.6593,-0.4867,0.8195,0.0,0.0,6.7301,12.249063491821289,0.9956310987472534,-83.7,0,1,180,1.706,0.9397,1.0,0.5134,0.2819,0.3,0.2054,0.7873,0.746
189.101,4,RETURN_HOME,6.4302,1.8739,-2.0062,-0.478,-0.6712,-2.8236,-0.678,-0.4712,0.8257,0.0,0.0,6.6977,12.277265548706055,1.0074790716171265,-84.95,0,1,180,1.699,0.948,1.0,0.5219,0.2844,0.3,0.2087,0.7932,0.7574
189.151,4,RETURN_HOME,6.4047,1.8438,-2.0024,-0.4968,-0.6558,-2.8284,-0.6968,-0.4558,0.8326,0.0,0.0,6.6648,12.302509307861328,1.021628499031067,-86.2,0,1,180,1.777,0.9556,1.0,0.5305,0.2867,0.3,0.2122,0.7989,0.7687
189.201,4,RETURN_HOME,6.3831,1.8192,-1.9999,-0.5122,-0.643,-2.8323,-0.7122,-0.443,0.8387,0.0,0.0,6.6372,12.362488746643066,1.05097496509552,-88.46,0,1,180,1.667,0.9614,1.0,0.5376,0.2884,0.3,0.215,0.8035,0.8033
189.251,4,RETURN_HOME,6.3567,1.7905,-1.9982,-0.5304,-0.6277,-2.8369,-0.7304,-0.4277,0.8464,0.0,0.0,6.604,12.391233444213867,1.0653349161148071,-89.71,0,1,180,1.64,0.9676,1.0,0.546,0.2903,0.3,0.2184,0.8087,0.8159
189.301,4,RETURN_HOME,6.3296,1.7622,-1.9969,-0.5483,-0.6125,-2.8414,-0.7483,-0.4125,0.8545,0.0,0.0,6.5704,12.419631958007812,1.0795060396194458,-90.46,0,1,180,1.645,0.9731,1.0,0.5543,0.2919,0.3,0.2217,0.8137,0.8301
189.351,4,RETURN_HOME,6.3096,1.7437,-1.9966,-0.5609,-0.6023,-2.8444,-0.7609,-0.4023,0.8607,0.0,0.0,6.5461,12.481266021728516,1.1086885929107666,-92.71,0,1,180,1.698,0.9766,1.0,0.5604,0.293,0.3,0.2241,0.8171,0.8651
189.401,4,RETURN_HOME,6.2824,1.7211,-1.9966,-0.5773,-0.5895,-2.8479,-0.7773,-0.3895,0.8694,0.0,0.0,6.5139,12.509910583496094,1.1239417791366577,-93.71,0,1,180,1.672,0.9806,1.0,0.5684,0.2942,0.3,0.2274,0.8216,0.8791
189.452,4,RETURN_HOME,6.2495,1.6944,-1.9968,-0.5968,-0.574,-2.8521,-0.7968,-0.474,0.9271,0.0,0.0,6.4751,12.539840698242188,1.1400368213653564,-94.46,0,1,180,1.841,0.9633,1.0,0.5954,0.289,0.3,0.2381,0.8271,0.913
189.501,4,RETURN_HOME,6.2215,1.6726,-1.9969,-0.6127,-0.5611,-2.8556,-0.8127,-0.4611,0.9344,0.0,0.0,6.4424,12.571311950683594,1.1559780836105347,-95.71,0,1,180,1.86,0.9681,1.0,0.6031,0.2904,0.3,0.2412,0.8316,0.9306
189.551,4,RETURN_HOME,6.187,1.647,-1.997,-0.6314,-0.5451,-2.8597,-0.8314,-0.4451,0.9431,0.0,0.0,6.4025,12.627278327941895,1.1851344108581543,-97.72,0,1,180,1.665,0.9733,1.0,0.612,0.292,0.3,0.2448,0.8368,0.9613
189.601,4,RETURN_HOME,6.1522,1.6221,-1.9972,-0.65,-0.531,-2.8638,-0.85,-0.531,1.0022,0.0,0.0,6.3625,12.655963897705078,1.1977227926254272,-98.72,0,1,180,1.677,0.9552,1.0,0.6382,0.2865,0.3,0.2553,0.8418,0.9946
189.652,4,RETURN_HOME,6.1219,1.6022,-1.9992,-0.6658,-0.5208,-2.8671,-0.8658,-0.5208,1.0104,0.0,0.0,6.3281,12.687335968017578,1.2143213748931885,-99.72,0,1,180,1.881,0.9595,1.0,0.6463,0.2879,0.3,0.2585,0.8464,1.0149
189.701,4,RETURN_HOME,6.0907,1.583,-2.0022,-0.6818,-0.5116,-2.8703,-0.8818,-0.5116,1.0195,0.0,0.0,6.293,12.740041732788086,1.247092604637146,-101.22,0,1,180,1.646,0.9634,1.0,0.6548,0.289,0.3,0.2619,0.8509,1.0454
189.751,4,RETURN_HOME,6.053,1.5602,-2.0053,-0.7009,-0.5038,-2.8739,-0.9009,-0.5038,1.0322,0.0,0.0,6.2509,12.764049530029297,1.2608979940414429,-102.72,0,1,180,1.704,0.967,1.0,0.6654,0.2901,0.3,0.2662,0.8563,1.0616
189.801,4,RETURN_HOME,6.0206,1.5409,-2.0073,-0.7171,-0.5,-2.8767,-0.9171,-0.5,1.0445,0.0,0.0,6.2146,12.792473793029785,1.279567003250122,-103.47,0,1,180,1.57,0.9693,1.0,0.6749,0.2908,0.3,0.27,0.8608,1.0791
189.851,4,RETURN_HOME,5.9877,1.5216,-2.009,-0.7331,-0.4981,-2.8793,-0.9331,-0.4981,1.0577,0.0,0.0,6.178,12.832432746887207,1.3116058111190796,-105.47,0,1,180,1.926,0.971,1.0,0.6847,0.2913,0.3,0.2739,0.8652,1.1129
189.901,4,RETURN_HOME,5.948,1.4985,-2.0106,-0.752,-0.497,-2.8821,-0.952,-0.597,1.1237,0.0,0.0,6.1339,12.847596168518066,1.3274034261703491,-104.72,0,1,180,1.616,0.9513,1.0,0.7127,0.2854,0.3,0.2851,0.8705,1.1498
189.951,4,RETURN_HOME,5.9132,1.4772,-2.014,-0.7679,-0.4971,-2.8844,-0.9679,-0.5971,1.1372,0.0,0.0,6.0949,12.860915184020996,1.3461908102035522,-104.72,0,1,180,1.959,0.953,1.0,0.7225,0.2859,0.3,0.289,0.8749,1.1687
190.001,4,RETURN_HOME,5.8779,1.4556,-2.0174,-0.7837,-0.4968,-2.8866,-0.9837,-0.5968,1.1506,0.0,0.0,6.0555,12.877373695373535,1.3803220987319946,-104.72,0,1,180,1.687,0.9546,1.0,0.7322,0.2864,0.3,0.2929,0.8792,1.2009
190.052,4,RETURN_HOME,5.8355,1.43,-2.0209,-0.8025,-0.498,-2.8892,-1.0025,-0.598,1.1673,0.0,0.0,6.0081,12.886236190795898,1.3958845138549805,-105.97,0,1,180,1.89,0.9561,1.0,0.744,0.2868,0.3,0.2976,0.8844,1.2189
190.101,4,RETURN_HOME,5.7942,1.4032,-2.0245,-0.8209,-0.5018,-2.8916,-1.0209,-0.6018,1.1851,0.0,0.0,5.9617,12.890678405761719,1.415499210357666,-104.47,0,1,180,1.689,0.9568,1.0,0.7559,0.287,0.3,0.3024,0.8894,1.2387
190.152,4,RETURN_HOME,5.7664,1.3854,-2.0265,-0.8331,-0.5052,-2.893,-1.0331,-0.6052,1.1973,0.0,0.0,5.9305,12.897565841674805,1.432401180267334,-104.72,0,1,180,2.018,0.9571,1.0,0.7639,0.2871,0.3,0.3056,0.8927,1.2561
190.201,4,RETURN_HOME,5.7242,1.3589,-2.0289,-0.8513,-0.511,-2.8951,-1.0513,-0.611,1.216,0.0,0.0,5.8833,12.897293090820312,1.4659749269485474,-103.72,0,1,180,1.579,0.9573,1.0,0.776,0.2872,0.3,0.3104,0.8976,1.291
190.251,4,RETURN_HOME,5.6906,1.3357,-2.0277,-0.866,-0.5166,-2.8968,-1.066,-0.6166,1.2315,0.0,0.0,5.8453,12.89750862121582,1.4860068559646606,-106.47,0,1,180,1.737,0.9571,1.0,0.7858,0.2871,0.3,0.3143,0.9015,1.3119
190.302,4,RETURN_HOME,5.6495,1.308,-2.0261,-0.8837,-0.5233,-2.8988,-1.0837,-0.6233,1.2501,0.0,0.0,5.7989,12.892561912536621,1.501549482345581,-105.22,0,1,180,2.232,0.957,1.0,0.7976,0.2871,0.3,0.319,0.9061,1.3304
190.351,4,RETURN_HOME,5.6074,1.2802,-2.0245,-0.9017,-0.5297,-2.9008,-1.1017,-0.6297,1.2689,0.0,0.0,5.7517,12.879007339477539,1.5367780923843384,-103.72,0,1,180,1.569,0.9569,1.0,0.8095,0.2871,0.3,0.3238,0.9108,1.3661
190.401,4,RETURN_HOME,5.5715,1.2567,-2.0233,-0.9169,-0.5347,-2.9024,-1.1169,-0.6347,1.2846,0.0,0.0,5.7115,12.867996215820312,1.5566020011901855,-104.97,0,1,180,1.64,0.9568,1.0,0.8194,0.287,0.3,0.3278,0.9148,1.3869
190.452,4,RETURN_HOME,5.535,1.2333,-2.0221,-0.9322,-0.5396,-2.9041,-1.1322,-0.6396,1.3003,0.0,0.0,5.6707,12.861281394958496,1.5737130641937256,-104.22,0,1,180,1.977,0.9568,1.0,0.8295,0.287,0.3,0.3318,0.9188,1.4038
190.501,4,RETURN_HOME,5.4905,1.2044,-2.0206,-0.9508,-0.5456,-2.9062,-1.1508,-0.6456,1.3195,0.0,0.0,5.6211,12.844259262084961,1.6099731922149658,-103.22,0,1,180,1.593,0.9567,1.0,0.8416,0.287,0.3,0.3366,0.9237,1.4421
190.551,4,RETURN_HOME,5.4531,1.1791,-2.0193,-0.9664,-0.5513,-2.9079,-1.1664,-0.3513,1.2182,0.0,0.0,5.5791,12.837693214416504,1.6278629302978516,-104.47,0,1,180,1.513,0.9968,1.0,0.8095,0.2991,0.3,0.3238,9980.1394,1.4025
190.601,4,RETURN_HOME,5.4072,1.1489,-2.0177,-0.9852,-0.558,-2.91,-1.1852,-0.358,1.2381,0.0,0.0,5.5279,12.82910442352295,1.6479419469833374,-103.72,0,1,180,1.931,0.9965,1.0,0.8225,0.2989,0.3,0.329,9981.2071,1.4234
190.651,4,RETURN_HOME,5.3612,1.1189,-2.0168,-1.004,-0.5656,-2.9118,-1.204,-0.3656,1.2583,0.0,0.0,5.4767,12.8150053024292,1.6844745874404907,-104.72,0,1,180,1.662,0.996,1.0,0.8356,0.2988,0.3,0.3342,9982.2663,1.4602
190.702,4,RETURN_HOME,5.3226,1.094,-2.0167,-1.0193,-0.567,-2.9131,-1.2193,-0.367,1.2733,0.0,0.0,5.4339,12.800437927246094,1.7053816318511963,-101.97,0,1,180,1.916,0.996,1.0,0.8455,0.2988,0.3,0.3382,9983.1263,1.4801
190.751,4,RETURN_HOME,5.2832,1.0695,-2.0164,-1.0345,-0.5628,-2.9145,-1.2345,-0.3628,1.2867,0.0,0.0,5.3904,12.784233093261719,1.7234716415405273,-103.22,0,1,180,1.749,0.9963,1.0,0.8546,0.2989,0.3,0.3419,9983.9886,1.4962
190.801,4,RETURN_HOME,5.2348,1.0415,-2.0153,-1.0529,-0.5513,-2.9165,-1.2529,-0.3513,1.3012,0.0,0.0,5.3374,12.758721351623535,1.7581313848495483,-104.22,0,1,180,1.548,0.997,1.0,0.8649,0.2991,0.3,0.3459,9985.0383,1.5315
190.851,4,RETURN_HOME,5.1852,1.0151,-2.0135,-1.0716,-0.535,-2.9189,-1.2716,-0.335,1.3149,0.0,0.0,5.2837,12.75536823272705,1.7770016193389893,-102.97,0,1,180,1.72,0.9979,1.0,0.8748,0.2994,0.3,0.3499,9986.1094,1.5465
190.902,4,RETURN_HOME,5.1431,0.9938,-2.0121,-1.0874,-0.5198,-2.9213,-1.2874,-0.3198,1.3265,0.0,0.0,5.2382,12.758699417114258,1.7958519458770752,-101.72,0,1,180,2.334,0.9986,1.0,0.8831,0.2996,0.3,0.3532,9987.0122,1.5649
190.951,4,RETURN_HOME,5.097,0.9682,-2.0116,-1.1043,-0.5022,-2.9244,-1.3043,-0.3022,1.3389,0.0,0.0,5.1882,12.784759521484375,1.8303662538528442,-101.72,0,1,180,1.633,0.9992,1.0,0.8919,0.2998,0.3,0.3568,9987.983,1.593
191.001,4,RETURN_HOME,5.0582,0.9475,-2.0114,-1.1185,-0.488,-2.9271,-1.3185,-0.288,1.3496,0.0,0.0,5.1461,12.80710506439209,1.8483883142471313,-104.72,0,1,180,1.587,0.9996,1.0,0.8993,0.2999,0.3,0.3597,9988.7918,1.6097
191.052,4,RETURN_HOME,5.0181,0.9274,-2.0112,-1.133,-0.4745,-2.9299,-1.333,-0.2745,1.3609,0.0,0.0,5.103,12.829412460327148,1.8652458190917969,-101.72,0,1,180,2.001,0.9998,1.0,0.9071,0.2999,0.3,0.3628,9989.6166,1.6229
191.101,4,RETURN_HOME,4.9698,0.9057,-2.0141,-1.1505,-0.4587,-2.9335,-1.3505,-0.2587,1.375,0.0,0.0,5.0516,12.883223533630371,1.8956372737884521,-100.97,0,1,180,1.569,1.0,1.0,0.9166,0.3,0.3,0.3667,9990.5999,1.6506
191.152,4,RETURN_HOME,4.9199,0.8849,-2.0171,-1.1683,-0.4434,-2.9371,-1.3683,-0.3434,1.4107,0.0,0.0,4.9989,12.916350364685059,1.9110406637191772,-101.22,0,1,180,1.766,0.9977,1.0,0.9383,0.2993,0.3,0.3753,9991.631,1.6867
191.202,4,RETURN_HOME,4.8762,0.868,-2.0192,-1.1837,-0.4311,-2.9401,-1.3837,-0.3311,1.4227,0.0,0.0,4.9529,12.949917793273926,1.9269362688064575,-101.97,0,1,180,2.323,0.9983,1.0,0.9468,0.2995,0.3,0.3787,9992.5629,1.6992
191.251,4,RETURN_HOME,4.8282,0.8513,-2.0208,-1.2004,-0.4186,-2.9431,-1.4004,-0.3186,1.4362,0.0,0.0,4.9027,13.020346641540527,1.9548004865646362,-100.97,0,1,180,1.638,0.9988,1.0,0.9563,0.2996,0.3,0.3825,9993.5799,1.7225
191.301,4,RETURN_HOME,4.7697,0.8319,-2.0224,-1.2205,-0.4053,-2.9467,-1.4205,-0.3053,1.453,0.0,0.0,4.8417,13.064456939697266,1.9713592529296875,-103.22,0,1,180,1.836,0.9992,1.0,0.9679,0.2998,0.3,0.3872,9994.8031,1.7363
191.351,4,RETURN_HOME,4.7211,0.8159,-2.0232,-1.237,-0.3961,-2.9496,-1.437,-0.2961,1.4672,0.0,0.0,4.7911,13.105103492736816,1.9840805530548096,-102.22,0,1,180,1.642,0.9995,1.0,0.9776,0.2998,0.3,0.391,9995.8022,1.7485
191.401,4,RETURN_HOME,4.6749,0.7993,-2.0234,-1.2524,-0.3888,-2.9524,-1.4524,-0.2888,1.4809,0.0,0.0,4.7427,13.187865257263184,2.0102062225341797,-101.47,0,1,180,1.683,0.9996,1.0,0.9869,0.2999,0.3,0.3948,9996.7347,1.7705
191.451,4,RETURN_HOME,4.618,0.78,-2.0234,-1.271,-0.3812,-2.9556,-1.471,-0.2812,1.4976,0.0,0.0,4.6834,13.232812881469727,2.025303602218628,-100.97,0,1,180,1.91,0.9998,1.0,0.9982,0.2999,0.3,0.3993,9997.8503,1.7851
191.501,4,RETURN_HOME,4.57,0.7646,-2.023,-1.2864,-0.375,-2.9581,-1.4864,-0.175,1.4966,0.0,0.0,4.6336,13.272392272949219,2.037402868270874,-101.47,0,1,180,1.717,0.9988,1.0,0.9966,0.2996,0.3,0.3986,9997.3548,1.7771
191.551,4,RETURN_HOME,4.5231,0.7513,-2.0216,-1.3012,-0.3681,-2.9605,-1.4,-0.2681,1.4254,0.0,0.0,4.5851,13.310625076293945,2.049788236618042,-98.72,0,1,180,1.75,0.9997,1.0,0.95,0.2999,0.3,0.38,9996.6512,1.8059
191.601,4,RETURN_HOME,4.4652,0.7354,-2.02,-1.3197,-0.3598,-2.9632,-1.4,-0.2598,1.4239,0.0,0.0,4.5254,13.363422393798828,2.0758767127990723,-100.47,0,1,180,1.888,0.9998,1.0,0.9491,0.2999,0.3,0.3796,9997.2357,1.8306
191.652,4,RETURN_HOME,4.4042,0.7192,-2.0208,-1.3389,-0.3491,-2.9659,-1.4,-0.2491,1.422,0.0,0.0,4.4626,13.320563316345215,2.085388660430908,-100.22,0,1,180,2.249,0.9999,1.0,0.9479,0.3,0.3,0.3792,9997.8602,1.8407
191.702,4,RETURN_HOME,4.3514,0.7057,-2.0232,-1.3534,-0.3401,-2.9683,-1.4,-0.2401,1.4204,0.0,0.0,4.4082,13.275247573852539,2.096958875656128,-100.22,0,1,180,1.9,1.0,1.0,0.9469,0.3,0.3,0.3788,9998.3999,1.8505
191.751,4,RETURN_HOME,4.2978,0.6925,-2.025,-1.3658,-0.3312,-2.9707,-1.4,-0.2312,1.419,0.0,0.0,4.3532,13.175799369812012,2.1213338375091553,-101.72,0,1,180,1.649,1.0,1.0,0.946,0.3,0.3,0.3784,9998.941,1.8698
191.801,4,RETURN_HOME,4.2318,0.6762,-2.028,-1.3786,-0.3216,-2.9736,-1.4,-0.2216,1.4174,0.0,0.0,4.2854,13.130290985107422,2.131429672241211,-100.72,0,1,180,1.658,1.0,1.0,0.945,0.3,0.3,0.378,9999.5805,1.8812
191.851,4,RETURN_HOME,4.1642,0.6596,-2.0314,-1.3896,-0.3132,-2.9761,-1.4,-0.2132,1.4161,0.0,0.0,4.2161,13.037007331848145,2.1525778770446777,-100.22,0,1,180,1.667,1.0,1.0,0.9441,0.3,0.3,0.3776,9999.507,1.8991
191.901,4,RETURN_HOME,4.1076,0.6462,-2.0335,-1.3974,-0.3066,-2.9781,-1.4,-0.2066,1.4152,0.0,0.0,4.1582,12.984271049499512,2.164632797241211,-99.47,0,1,180,1.656,1.0,1.0,0.9434,0.3,0.3,0.3774,9998.9547,1.908
191.951,4,RETURN_HOME,4.0508,0.6316,-2.0344,-1.4045,-0.3004,-2.9798,-1.4,-0.2004,1.4143,0.0,0.0,4.0997,12.93897533416748,2.1744167804718018,-99.72,0,1,180,1.052,0.9999,1.0,0.9428,0.3,0.3,0.3771,9998.4289,1.9188
192.001,4,RETURN_HOME,3.9822,0.6136,-2.0344,-1.4123,-0.2931,-2.9817,-1.4,-0.1931,1.4133,0.0,0.0,4.0292,12.891409873962402,2.183875799179077,-100.22,0,1,180,1.277,0.9999,1.0,0.9421,0.3,0.3,0.3768,9998.955,1.9274
192.051,4,RETURN_HOME,3.9249,0.5993,-2.034,-1.4181,-0.2867,-2.983,-1.3,-0.1867,1.3133,0.0,0.0,3.9704,12.793018341064453,2.2039244174957275,-99.72,0,1,180,1.081,1.0,1.0,0.8755,0.3,0.3,0.3502,9999.3493,1.9448
192.1,4,RETURN_HOME,3.8665,0.5862,-2.0349,-1.4239,-0.2801,-2.9843,-1.3,-0.1801,1.3124,0.0,0.0,3.9107,12.747438430786133,2.2129509449005127,-100.22,0,1,180,1.06,0.9999,1.0,0.8749,0.3,0.3,0.3499,9999.2435,1.9532
192.151,4,RETURN_HOME,3.8078,0.5737,-2.0358,-1.4299,-0.2732,-2.9856,-1.3,-0.1732,1.3115,0.0,0.0,3.8508,12.69979476928711,2.2214107513427734,-99.97,0,1,180,1.255,0.9999,1.0,0.8742,0.3,0.3,0.3497,9998.7428,1.9612
192.2,4,RETURN_HOME,3.7373,0.5593,-2.0363,-1.4341,-0.2646,-2.9871,-1.3,-0.1646,1.3104,0.0,0.0,3.7789,12.598772048950195,2.2407829761505127,-98.97,0,1,180,1.121,0.9997,1.0,0.8734,0.2999,0.3,0.3493,9998.4265,1.9768
192.251,4,RETURN_HOME,3.6764,0.5488,-2.0356,-1.4359,-0.2567,-2.9883,-1.4,-0.2567,1.4233,0.0,0.0,3.7171,12.553174018859863,2.2482402324676514,-98.47,0,1,180,1.193,0.9995,1.0,0.9484,0.2998,0.3,0.3793,9998.6826,2.0036
192.301,4,RETURN_HOME,3.6032,0.537,-2.0343,-1.4355,-0.2469,-2.9897,-1.4,-0.2469,1.4216,0.0,0.0,3.6429,12.505529403686523,2.257337808609009,-97.22,0,1,180,1.143,0.9996,1.0,0.9474,0.2999,0.3,0.379,9998.8098,2.0085
192.351,4,RETURN_HOME,3.5427,0.5274,-2.033,-1.4335,-0.2384,-2.9908,-1.4,-0.2384,1.4202,0.0,0.0,3.5817,12.406314849853516,2.273895025253296,-100.47,0,1,180,1.026,0.9998,1.0,0.9466,0.2999,0.3,0.3786,9998.5772,2.0255
192.4,4,RETURN_HOME,3.4703,0.5152,-2.0309,-1.433,-0.231,-2.9921,-1.4,-0.231,1.4189,0.0,0.0,3.5083,12.360214233398438,2.2813708782196045,-99.22,0,1,180,1.066,0.9999,1.0,0.9458,0.3,0.3,0.3783,9998.7479,2.0307
192.451,4,RETURN_HOME,3.3984,0.5034,-2.0287,-1.4345,-0.2262,-2.9932,-1.4,-0.2262,1.4182,0.0,0.0,3.4355,12.313949584960938,2.287886381149292,-99.72,0,1,180,1.114,0.9999,1.0,0.9454,0.3,0.3,0.3781,9999.3664,2.0387
192.5,4,RETURN_HOME,3.3382,0.4937,-2.0263,-1.4374,-0.2239,-2.994,-1.4,-0.2239,1.4178,0.0,0.0,3.3745,12.217949867248535,2.304136276245117,-97.97,0,1,180,1.041,0.9999,1.0,0.9451,0.3,0.3,0.3781,9999.4303,2.0525
192.551,4,RETURN_HOME,3.2637,0.4819,-2.0212,-1.4426,-0.2225,-2.9947,-1.4,-0.2225,1.4176,0.0,0.0,3.299,12.170300483703613,2.3103487491607666,-97.72,0,1,180,1.048,0.9999,1.0,0.945,0.3,0.3,0.378,9998.8227,2.0591
192.601,4,RETURN_HOME,3.1896,0.4703,-2.0165,-1.448,-0.2215,-2.9953,-1.3,-0.2215,1.3187,0.0,0.0,3.2241,12.124591827392578,2.317152738571167,-98.97,0,1,180,1.148,0.9998,1.0,0.8789,0.2999,0.3,0.3516,9998.8914,2.0656
192.651,4,RETURN_HOME,3.1277,0.4614,-2.012,-1.4527,-0.2204,-2.9957,-1.4,-0.2204,1.4172,0.0,0.0,3.1616,12.025808334350586,2.332772970199585,-96.71,0,1,180,1.087,1.0,1.0,0.9448,0.3,0.3,0.3779,9999.3853,2.0792
192.701,4,RETURN_HOME,3.0529,0.4518,-2.0056,-1.4583,-0.2185,-2.9961,-1.4,-0.2185,1.417,0.0,0.0,3.0861,11.979028701782227,2.340226411819458,-98.47,0,1,180,1.132,1.0,1.0,0.9446,0.3,0.3,0.3778,9999.5197,2.0853
192.751,4,RETURN_HOME,2.9909,0.4437,-2.001,-1.4603,-0.2166,-2.9965,-1.4,-0.2166,1.4167,0.0,0.0,3.0236,11.931207656860352,2.3451919555664062,-98.47,0,1,180,1.142,1.0,1.0,0.9444,0.3,0.3,0.3778,9998.9674,2.0931
192.801,4,RETURN_HOME,2.9154,0.4356,-1.9995,-1.4627,-0.2134,-2.9968,-1.3,-0.2134,1.3174,0.0,0.0,2.9478,11.831775665283203,2.3598334789276123,-98.72,0,1,180,1.302,0.9999,1.0,0.8782,0.3,0.3,0.3513,9999.1686,2.1055
192.851,4,RETURN_HOME,2.8524,0.4294,-1.9997,-1.4648,-0.2104,-2.997,-1.3,-0.2104,1.3169,0.0,0.0,2.8845,11.784869194030762,2.3661298751831055,-98.72,0,1,180,1.129,0.9999,1.0,0.8779,0.3,0.3,0.3512,9999.4739,2.1117
192.9,4,RETURN_HOME,2.7773,0.4217,-2.0,-1.4676,-0.2069,-2.9972,-1.4,-0.2069,1.4152,0.0,0.0,2.8091,11.737486839294434,2.373026132583618,-100.47,0,1,180,1.007,1.0,1.0,0.9435,0.3,0.3,0.3774,9999.6747,2.1179
192.951,4,RETURN_HOME,2.714,0.4163,-1.9996,-1.4683,-0.2037,-2.9973,-1.4,-0.2037,1.4147,0.0,0.0,2.7457,11.636837005615234,2.3868696689605713,-99.22,0,1,180,1.089,1.0,1.0,0.9431,0.3,0.3,0.3773,9999.0503,2.1326
193.0,4,RETURN_HOME,2.6385,0.4098,-1.9991,-1.466,-0.2,-2.9973,-1.3,-0.2,1.3153,0.0,0.0,2.6701,11.590349197387695,2.39339542388916,-98.22,0,1,180,1.08,1.0,1.0,0.8769,0.3,0.3,0.3507,9999.4179,2.1362
193.051,4,RETURN_HOME,2.5639,0.403,-1.9987,-1.4643,-0.1968,-2.9971,-1.3,-0.1968,1.3148,0.0,0.0,2.5953,11.497182846069336,2.4057090282440186,-98.47,0,1,180,1.07,1.0,1.0,0.8765,0.3,0.3,0.3506,9999.4415,2.1473
193.1,4,RETURN_HOME,2.4919,0.3949,-2.0022,-1.4633,-0.1938,-2.9967,-1.4,-0.1938,1.4133,0.0,0.0,2.523,11.443266868591309,2.4122960567474365,-98.72,0,1,180,0.999,0.9998,1.0,0.942,0.2999,0.3,0.3768,9999.3738,2.1542
193.151,4,RETURN_HOME,2.4322,0.3881,-2.0047,-1.4611,-0.1913,-2.9964,-1.2,-0.1913,1.2152,0.0,0.0,2.463,11.397076606750488,2.4179649353027344,-97.97,0,1,180,1.182,1.0,1.0,0.8101,0.3,0.3,0.324,9999.3882,2.1598
193.2,4,RETURN_HOME,2.3611,0.3798,-2.0078,-1.4566,-0.1885,-2.9958,-1.3,-0.1885,1.3136,0.0,0.0,2.3915,11.305671691894531,2.4319355487823486,-98.47,0,1,180,1.042,0.9999,1.0,0.8756,0.3,0.3,0.3503,9999.3573,2.1719
193.251,4,RETURN_HOME,2.3024,0.3727,-2.0107,-1.4542,-0.1866,-2.9952,-1.3,-0.1866,1.3133,0.0,0.0,2.3323,11.252157211303711,2.4370498657226562,-98.22,0,1,180,1.02,0.9998,1.0,0.8754,0.3,0.3,0.3502,9999.2874,2.1782
193.301,4,RETURN_HOME,2.2322,0.3641,-2.0137,-1.4473,-0.1841,-2.9944,-1.4,-0.1841,1.4121,0.0,0.0,2.2617,11.20706558227539,2.443885087966919,-99.72,0,1,180,1.131,0.9995,1.0,0.9409,0.2999,0.3,0.3764,9999.2125,2.1852
193.351,4,RETURN_HOME,2.1733,0.3574,-2.0154,-1.4412,-0.182,-2.9937,-1.2,-0.182,1.2137,0.0,0.0,2.2025,11.113725662231445,2.4551501274108887,-97.47,0,1,180,1.117,0.9999,1.0,0.8091,0.3,0.3,0.3236,9999.3862,2.1952
193.401,4,RETURN_HOME,2.1019,0.35,-2.0164,-1.4343,-0.1791,-2.9926,-1.3,-0.1791,1.3123,0.0,0.0,2.1309,11.062092781066895,2.461515188217163,-98.72,0,1,180,1.104,0.9996,1.0,0.8745,0.2999,0.3,0.3498,9999.142,2.2
193.451,4,RETURN_HOME,2.0429,0.3437,-2.017,-1.4318,-0.177,-2.9916,-1.3,-0.177,1.312,0.0,0.0,2.0716,11.017386436462402,2.4679760932922363,-97.97,0,1,180,1.442,0.9995,1.0,0.8742,0.2999,0.3,0.3497,9999.1022,2.2055
193.5,4,RETURN_HOME,1.9697,0.333,-2.0188,-1.4274,-0.1757,-2.9902,-1.4,-0.2757,1.4269,0.0,0.0,1.9977,10.925485610961914,2.4799857139587402,-98.22,0,1,180,1.055,0.9996,1.0,0.9509,0.2999,0.3,0.3804,9999.3881,2.2369
193.551,4,RETURN_HOME,1.8961,0.3213,-2.0208,-1.423,-0.1749,-2.9887,-1.2,-0.1749,1.2127,0.0,0.0,1.9231,10.876256942749023,2.4862258434295654,-97.47,0,1,180,1.083,0.9997,1.0,0.8082,0.2999,0.3,0.3233,9999.2343,2.2222
193.601,4,RETURN_HOME,1.8355,0.3118,-2.022,-1.4196,-0.174,-2.9874,-1.3,-0.174,1.3116,0.0,0.0,1.8618,10.831055641174316,2.4910619258880615,-99.72,0,1,180,1.195,0.9994,1.0,0.8738,0.2998,0.3,0.3495,9999.1113,2.2268
193.651,4,RETURN_HOME,1.7779,0.3022,-2.0204,-1.4184,-0.1751,-2.9863,-1.3,-0.1751,1.3117,0.0,0.0,1.8034,10.74106502532959,2.5020527839660645,-99.97,0,1,180,1.054,0.9994,1.0,0.874,0.2998,0.3,0.3496,9999.1027,2.2401
193.701,4,RETURN_HOME,1.721,0.2927,-2.0183,-1.415,-0.1764,-2.9851,-1.4,-0.2764,1.427,0.0,0.0,1.7457,10.689555168151855,2.50903058052063,-100.22,0,1,180,1.137,0.9996,1.0,0.951,0.2999,0.3,0.3804,9999.361,2.2665
193.751,4,RETURN_HOME,1.6531,0.2816,-2.0157,-1.4104,-0.1772,-2.9835,-1.4,-0.2772,1.4272,0.0,0.0,1.6769,10.64582633972168,2.5144307613372803,-100.47,0,1,180,1.148,0.9996,1.0,0.9511,0.2999,0.3,0.3804,9999.3499,2.2717
193.8,4,RETURN_HOME,1.5949,0.271,-2.015,-1.4062,-0.1775,-2.9823,-1.3,-0.1775,1.3121,0.0,0.0,1.6178,10.556795120239258,2.524590253829956,-100.47,0,1,180,1.055,0.9995,1.0,0.8742,0.2998,0.3,0.3497,9999.1406,2.2632
193.851,4,RETURN_HOME,1.5252,0.2583,-2.0145,-1.4043,-0.1793,-2.9809,-1.3,-0.1793,1.3123,0.0,0.0,1.5469,10.507229804992676,2.5303242206573486,-99.22,0,1,180,1.094,0.9995,1.0,0.8745,0.2999,0.3,0.3498,9999.3109,2.2688
193.901,4,RETURN_HOME,1.4674,0.248,-2.0139,-1.4054,-0.1822,-2.9797,-1.2,-0.1822,1.2138,0.0,0.0,1.4882,10.462896347045898,2.5367729663848877,-98.72,0,1,180,1.103,0.9999,1.0,0.8091,0.3,0.3,0.3236,9999.4064,2.274
193.95,4,RETURN_HOME,1.3972,0.2365,-2.0082,-1.4064,-0.1849,-2.9783,-1.4,-0.2849,1.4287,0.0,0.0,1.4171,10.376276016235352,2.5473110675811768,-100.72,0,1,180,1.058,0.9995,1.0,0.9519,0.2998,0.3,0.3808,9999.4403,2.3062
194.001,4,RETURN_HOME,1.339,0.2271,-2.0039,-1.406,-0.1859,-2.9772,-1.3,-0.1859,1.3132,0.0,0.0,1.3581,10.324342727661133,2.5538337230682373,-98.72,0,1,180,1.141,0.9997,1.0,0.8752,0.2999,0.3,0.3501,9999.4296,2.2944
194.051,4,RETURN_HOME,1.2698,0.2164,-1.9989,-1.4012,-0.1852,-2.9761,-1.3,-0.1852,1.3131,0.0,0.0,1.2881,10.281694412231445,2.5576159954071045,-99.97,0,1,180,1.16,0.9996,1.0,0.8751,0.2999,0.3,0.35,9999.5082,2.298
194.101,4,RETURN_HOME,1.2128,0.209,-1.9929,-1.3992,-0.185,-2.9752,-1.2,-0.185,1.2142,0.0,0.0,1.2307,10.193052291870117,2.568894147872925,-99.47,0,1,180,1.639,0.9998,1.0,0.8093,0.3,0.3,0.3237,9999.7229,2.3087
194.151,4,RETURN_HOME,1.1447,0.2001,-1.9867,-1.3968,-0.1844,-2.9741,-1.1,-0.1844,1.1154,0.0,0.0,1.1621,10.143379211425781,2.5750019550323486,-100.22,0,1,180,1.591,1.0,1.0,0.7436,0.3,0.3,0.2974,9999.4907,2.3144
194.201,4,RETURN_HOME,1.0762,0.1905,-1.9819,-1.3949,-0.1835,-2.973,-1.1,-0.1835,1.1152,0.0,0.0,1.093,10.099935531616211,2.5807416439056396,-99.72,0,1,180,1.672,1.0,1.0,0.7434,0.3,0.3,0.2974,9999.726,2.32
194.251,4,RETURN_HOME,1.0183,0.1815,-1.9794,-1.3914,-0.1827,-2.9722,-1.3,-0.1827,1.3128,0.0,0.0,1.0344,10.011442184448242,2.5913753509521484,-99.72,0,1,180,1.664,0.9993,1.0,0.8746,0.2998,0.3,0.3498,9999.3068,2.3305
194.301,4,RETURN_HOME,0.9495,0.171,-1.977,-1.3816,-0.1811,-2.9713,-1.2,-0.1811,1.2136,0.0,0.0,0.9648,9.961492538452148,2.5981531143188477,-100.72,0,1,180,1.772,0.9996,1.0,0.8087,0.2999,0.3,0.3235,9999.4697,2.3357
194.351,4,RETURN_HOME,0.8928,0.1621,-1.9777,-1.3697,-0.1798,-2.9705,-1.1,-0.1798,1.1146,0.0,0.0,0.9074,9.919909477233887,2.602741003036499,-101.22,0,1,180,1.636,0.9998,1.0,0.743,0.3,0.3,0.2972,9999.5652,2.3383
194.401,4,RETURN_HOME,0.8253,0.1516,-1.9805,-1.3592,-0.1786,-2.9695,-1.4,-0.2786,1.4275,0.0,0.0,0.8392,9.833526611328125,2.6130290031433105,-100.72,0,1,180,1.67,0.9999,1.0,0.9515,0.3,0.3,0.3806,9999.1823,2.3772
194.451,4,RETURN_HOME,0.7697,0.1431,-1.9826,-1.3517,-0.1775,-2.9687,-1.3,-0.2775,1.3293,0.0,0.0,0.7829,9.784895896911621,2.61800479888916,-100.47,0,1,180,1.712,0.9997,1.0,0.8859,0.2999,0.3,0.3544,9999.1678,2.3804
194.501,4,RETURN_HOME,0.7059,0.134,-1.9854,-1.3388,-0.175,-2.9678,-1.2,-0.175,1.2127,0.0,0.0,0.7185,9.74456787109375,2.624056100845337,-101.22,0,1,180,1.607,0.9991,1.0,0.8077,0.2997,0.3,0.3231,9999.1253,2.368
194.551,4,RETURN_HOME,0.6538,0.1269,-1.9878,-1.3332,-0.1747,-2.9672,-1.1,-0.1747,1.1138,0.0,0.0,0.666,9.65878963470459,2.6331562995910645,-101.97,0,1,180,1.729,0.9994,1.0,0.7421,0.2998,0.3,0.2968,9999.2327,2.3811
194.601,4,RETURN_HOME,0.5912,0.1184,-1.9902,-1.3311,-0.1771,-2.9662,-1.4,-0.2771,1.4272,0.0,0.0,0.603,9.610920906066895,2.6400527954101562,-102.47,0,1,180,1.818,1.0,1.0,0.9514,0.3,0.3,0.3806,9998.7052,2.4228
194.702,5,NAVIGATE,0.4888,0.1034,-1.987,-1.3215,-0.1792,-2.964,-1.4,0.0208,1.4002,0.0,12.0,11.9067,9.528575897216797,2.653184413909912,-103.47,0,1,180,1.988,0.0559,1.0,0.4667,0.0168,0.3,0.1867,0.5035,2.315
194.751,5,NAVIGATE,0.4376,0.0959,-1.986,-1.3178,-0.181,-2.963,-1.4,0.019,1.4001,0.0,12.0,11.9121,9.441753387451172,2.6694109439849854,-105.22,0,1,180,1.904,0.0503,1.0,0.4667,0.0151,0.3,0.1867,0.5018,2.3318
194.801,5,NAVIGATE,0.3858,0.0891,-1.9833,-1.3166,-0.1866,-2.9663,-1.4,0.0134,1.4001,0.0,12.0,11.9171,9.39966106414795,2.6779136657714844,-106.72,0,1,180,1.672,0.042,1.0,0.4667,0.0126,0.3,0.1867,0.4993,2.3661
194.851,5,NAVIGATE,0.3232,0.0809,-1.9774,-1.3217,-0.1914,-2.9785,-1.4,0.0086,1.4,0.0,12.0,11.9235,9.359341621398926,2.6861684322357178,-106.97,0,1,180,1.801,0.0332,1.0,0.4667,0.01,0.3,0.1867,0.4966,2.3874
194.901,5,NAVIGATE,0.2708,0.0738,-1.97,-1.3306,-0.1937,-2.995,-1.4,0.0063,1.4,0.0,12.0,11.9293,9.27504825592041,2.7070839405059814,-107.72,0,1,180,1.768,0.0272,1.0,0.4667,0.0082,0.3,0.1867,0.4948,2.3943
194.952,5,NAVIGATE,0.2185,0.0688,-1.9552,-1.3419,-0.1928,-3.0169,-1.4,0.0072,1.4,0.0,12.0,11.9332,9.235121726989746,2.717745065689087,-107.97,0,1,180,1.758,0.0235,1.0,0.4667,0.007,0.3,0.1867,0.4937,2.4042
195.001,5,NAVIGATE,0.1552,0.0631,-1.9347,-1.3572,-0.1875,-3.0495,-1.4,0.0125,1.4001,0.0,12.0,11.9379,9.194190979003906,2.726003885269165,-107.72,0,1,180,1.705,0.022,1.0,0.4667,0.0066,0.3,0.1867,0.4933,2.4205
195.051,5,NAVIGATE,0.1017,0.0582,-1.9174,-1.3701,-0.1795,-3.0816,-1.4,0.0205,1.4002,0.0,12.0,11.9422,9.10273551940918,2.7472028732299805,-106.72,0,1,180,1.661,0.0232,1.0,0.4667,0.0069,0.3,0.1867,0.4936,2.4014
195.101,5,NAVIGATE,0.0375,0.0512,-1.9003,-1.384,-0.1666,-3.1255,-1.4,0.0334,1.4004,0.0,12.0,11.9488,9.057868957519531,2.758988857269287,-105.97,0,1,180,1.737,0.027,1.0,0.4668,0.0081,0.3,0.1867,0.4948,2.4084
195.151,5,NAVIGATE,-0.0167,0.0459,-1.8861,-1.3937,-0.1532,3.117,-1.4,0.0468,1.4008,0.0,12.0,11.9542,9.011879920959473,2.7673985958099365,-105.22,0,1,180,1.701,0.032,1.0,0.4669,0.0096,0.3,0.1868,0.4964,2.4086
195.2,5,NAVIGATE,-0.0823,0.0398,-1.8698,-1.4027,-0.1351,3.0634,-1.4,0.0649,1.4015,0.0,12.0,11.9605,8.917262077331543,2.7947778701782227,-103.22,0,1,180,1.042,0.0394,1.0,0.4672,0.0118,0.3,0.1869,0.4987,2.3593
195.251,5,NAVIGATE,-0.1371,0.0345,-1.8575,-1.408,-0.1197,3.0151,-1.4,0.0803,1.4023,0.0,12.0,11.9663,8.872802734375,2.7893195152282715,-70.44,0,1,180,1.071,0.0458,1.0,0.4674,0.0138,0.3,0.187,0.5007,2.361
195.3,5,NAVIGATE,-0.2034,0.0289,-1.8432,-1.4125,-0.1013,2.9527,-1.4,0.0987,1.4035,0.0,12.0,11.9728,8.827889442443848,2.7755212783813477,-69.19,0,1,180,1.087,0.0534,1.0,0.4678,0.016,0.3,0.1871,0.5031,2.3915
195.351,5,NAVIGATE,-0.2594,0.025,-1.8318,-1.4157,-0.0864,2.8972,-1.4,0.1136,1.4046,0.0,12.0,11.9778,8.740124702453613,2.746464252471924,-65.94,0,1,180,1.119,0.0593,1.0,0.4682,0.0178,0.3,0.1873,0.5051,2.2025
195.401,5,NAVIGATE,-0.3288,0.0215,-1.819,-1.4199,-0.0693,2.8266,-1.4,0.1307,1.4061,0.0,12.0,11.983,8.718893051147461,2.739267110824585,-63.93,0,1,180,1.179,0.0656,1.0,0.4687,0.0197,0.3,0.1875,0.5072,2.2649
195.451,5,NAVIGATE,-0.3866,0.0192,-1.8086,-1.4233,-0.0554,2.7643,-1.4,0.1446,1.4074,0.0,12.0,11.9871,5.86466646194458,2.7267391681671143,-62.18,0,1,180,1.08,0.0706,1.0,0.4691,0.0212,0.3,0.1877,0.5088,2.2738
195.501,5,NAVIGATE,-0.4538,0.0173,-1.797,-1.4269,-0.0388,2.6854,-1.4,0.1612,1.4092,0.0,12.0,11.9913,4.857076644897461,2.698842763900757,-57.68,0,1,180,1.137,0.0767,1.0,0.4697,0.023,0.3,0.1879,0.5109,2.0935
195.551,5,NAVIGATE,-0.5085,0.0166,-1.7879,-1.4294,-0.0248,2.6163,-1.4,0.1752,1.4109,0.0,12.0,11.9942,4.48881721496582,2.6867449283599854,-55.93,0,1,180,1.146,0.082,1.0,0.4703,0.0246,0.3,0.1881,0.5127,2.1162
195.601,5,NAVIGATE,-0.5746,0.0165,-1.777,-1.4328,-0.0076,2.5294,-1.4,0.1924,1.4132,0.0,12.0,11.9973,4.171581268310547,2.6743228435516357,-53.42,0,1,180,1.882,0.0886,1.0,0.4711,0.0266,0.3,0.1884,0.515,2.1936
195.651,5,NAVIGATE,-0.6332,0.017,-1.7678,-1.4367,0.0072,2.4536,-1.4,0.2072,1.4153,0.0,12.0,11.9997,3.6305654048919678,2.6540136337280273,-48.17,0,1,180,1.055,0.094,1.0,0.4718,0.0282,0.3,0.1887,0.5169,1.9263
195.701,5,NAVIGATE,-0.6938,0.0181,-1.7589,-1.4411,0.0232,2.3753,-1.4,0.2232,1.4177,0.0,12.0,12.0019,3.4279491901397705,2.641064167022705,-45.42,0,1,180,1.075,0.1001,1.0,0.4726,0.03,0.3,0.189,0.519,1.9539
195.751,5,NAVIGATE,-0.7662,0.0203,-1.7501,-1.4456,0.0451,2.2797,-1.4,0.2451,1.4213,0.0,12.0,12.0042,3.25614070892334,2.632570266723633,-42.66,0,1,180,1.17,0.1093,1.0,0.4738,0.0328,0.3,0.1895,0.5223,2.0045
195.801,5,NAVIGATE,-0.8267,0.0233,-1.7485,-1.4485,0.0664,2.2001,-1.4,0.2664,1.4251,0.0,12.0,12.0052,3.110614538192749,2.6227872371673584,-39.91,0,1,180,1.107,0.1188,1.0,0.475,0.0356,0.3,0.19,0.5257,2.0137
195.851,5,NAVIGATE,-0.8871,0.0273,-1.7511,-1.4503,0.0896,2.1215,-1.4,0.2896,1.4296,0.0,12.0,12.0055,2.8673510551452637,2.601212978363037,-33.91,0,1,180,1.118,0.1296,1.0,0.4765,0.0389,0.3,0.1906,0.5295,1.6842
195.9,5,NAVIGATE,-0.9592,0.0331,-1.7592,-1.4507,0.1176,2.0296,-1.4,0.3176,1.4356,0.0,12.0,12.0052,2.784684896469116,2.593876600265503,-31.4,0,1,180,1.062,0.1426,1.0,0.4785,0.0428,0.3,0.1914,0.5342,1.7116
195.951,5,NAVIGATE,-1.0293,0.0423,-1.7726,-1.4484,0.1452,1.9417,-1.4,0.3452,1.4419,0.0,12.0,12.002,2.7151286602020264,2.5858187675476074,-26.4,0,1,180,1.227,0.1553,1.0,0.4806,0.0466,0.3,0.1923,0.5388,1.7413
196.0,5,NAVIGATE,-1.0869,0.0514,-1.7865,-1.4451,0.1668,1.8721,-1.4,0.3668,1.4473,0.0,12.0,11.998,2.6139910221099854,2.5680058002471924,-21.14,0,1,180,1.047,0.1648,1.0,0.4824,0.0494,0.3,0.193,0.5424,1.4214
196.051,5,NAVIGATE,-1.1558,0.063,-1.8049,-1.4401,0.1907,1.7937,-1.4,0.3907,1.4535,0.0,12.0,11.9928,2.583376884460449,2.5604937076568604,-17.89,0,1,180,1.742,0.1747,1.0,0.4845,0.0524,0.3,0.1938,0.5462,1.4358
196.101,5,NAVIGATE,-1.2139,0.0773,-1.8226,-1.4361,0.2106,1.7329,-1.4,0.4106,1.459,0.0,12.0,11.9843,2.5607056617736816,2.5504815578460693,-13.14,0,1,180,1.597,0.1828,1.0,0.4863,0.0548,0.3,0.1945,0.5494,1.4066
196.151,5,NAVIGATE,-1.2721,0.0915,-1.8404,-1.4322,0.2289,1.6766,-1.4,0.4289,1.4642,0.0,12.0,11.9762,2.5323445796966553,2.5323445796966553,-7.38,0,1,180,1.273,0.1897,1.0,0.4881,0.0569,0.3,0.1952,0.5521,1.1346
196.201,5,NAVIGATE,-1.3417,0.1093,-1.8616,-1.4274,0.2499,1.615,-1.4,0.4499,1.4705,0.0,12.0,11.9661,2.523139476776123,2.523139476776123,-6.63,0,1,180,1.2,0.1972,1.0,0.4902,0.0592,0.3,0.1961,0.5552,1.1362
196.252,5,NAVIGATE,-1.4117,0.1301,-1.8826,-1.4225,0.2711,1.5602,-1.4,0.4711,1.4771,0.0,12.0,11.9535,2.5146028995513916,2.5146028995513916,-3.63,0,1,180,1.601,0.2048,1.0,0.4924,0.0614,0.3,0.197,0.5584,1.1208
196.3,5,NAVIGATE,-1.4697,0.1471,-1.8992,-1.4186,0.2876,1.5199,-1.2,0.4876,1.2953,0.0,12.0,11.9437,2.494802951812744,2.494802951812744,1.38,0,1,180,1.092,0.2596,1.0,0.4318,0.0779,0.3,0.1727,0.5506,0.8719
196.35,5,NAVIGATE,-1.5392,0.1668,-1.9165,-1.4147,0.3061,1.4776,-1.4,0.4061,1.4577,0.0,12.0,11.9329,2.4849414825439453,2.4849414825439453,2.13,0,1,180,1.059,0.1524,1.0,0.4859,0.0457,0.3,0.1944,0.5401,1.1759
196.401,5,NAVIGATE,-1.5973,0.1825,-1.9278,-1.4125,0.3206,1.4474,-1.4,0.4206,1.4618,0.0,12.0,11.9249,2.475153923034668,2.475153923034668,2.63,0,1,180,1.655,0.1568,1.0,0.4873,0.0471,0.3,0.1949,0.542,1.1223
196.451,5,NAVIGATE,-1.6666,0.2016,-1.9406,-1.406,0.3374,1.4169,-1.3,0.4374,1.3716,0.0,12.0,11.9155,2.451957941055298,2.451957941055298,7.88,0,1,180,1.168,0.1832,1.0,0.4572,0.055,0.3,0.1829,0.5378,0.9524
196.501,5,NAVIGATE,-1.7242,0.2188,-1.9508,-1.3999,0.3496,1.3958,-1.2,0.4496,1.2815,0.0,12.0,11.9067,2.441782236099243,2.441782236099243,9.88,0,1,180,1.759,0.2116,1.0,0.4272,0.0635,0.3,0.1709,0.5343,0.8981
196.551,5,NAVIGATE,-1.7936,0.2415,-1.9626,-1.3942,0.3627,1.3755,-1.1,0.4627,1.1934,0.0,12.0,11.8945,2.4178686141967773,2.41733455657959,11.39,0,1,180,1.644,0.2443,1.0,0.3978,0.0733,0.3,0.1591,0.5324,0.7802
196.601,5,NAVIGATE,-1.8623,0.2639,-1.9734,-1.3892,0.374,1.3604,-1.1,0.474,1.1978,0.0,12.0,11.8829,2.4058239459991455,2.405627727508545,11.64,0,1,180,1.808,0.2469,1.0,0.3993,0.0741,0.3,0.1597,0.5338,0.7473
196.652,5,NAVIGATE,-1.9192,0.2816,-1.9805,-1.3836,0.382,1.3516,-1.3,0.382,1.355,0.0,12.0,11.8746,2.3953018188476562,2.3916819095611572,11.39,0,1,180,1.701,0.1232,1.0,0.4517,0.0369,0.3,0.1807,0.5176,1.0227
196.701,5,NAVIGATE,-1.9869,0.3025,-1.988,-1.3725,0.391,1.3449,-1.3,0.391,1.3575,0.0,12.0,11.865,2.369133710861206,2.3656015396118164,12.64,0,1,180,1.827,0.1236,1.0,0.4525,0.0371,0.3,0.181,0.5181,0.9355
196.751,5,NAVIGATE,-2.0534,0.3236,-1.9948,-1.3568,0.3998,1.3414,-1.2,0.3998,1.2649,0.0,12.0,11.8556,2.3577511310577393,2.354257583618164,12.89,0,1,180,1.861,0.147,1.0,0.4216,0.0441,0.3,0.1686,0.5128,0.8912
196.801,5,NAVIGATE,-2.1025,0.34,-2.0061,-1.3425,0.4046,1.3407,-1.2,0.4046,1.2664,0.0,12.0,11.8481,2.344310760498047,2.340625762939453,14.14,0,1,180,1.698,0.1463,1.0,0.4221,0.0439,0.3,0.1688,0.5127,0.8612
196.851,5,NAVIGATE,-2.1517,0.3565,-2.0163,-1.331,0.408,1.3417,-1.2,0.408,1.2675,0.0,12.0,11.8407,2.3305842876434326,2.3263611793518066,13.89,0,1,180,1.782,0.1445,1.0,0.4225,0.0433,0.3,0.169,0.5123,0.8314
196.901,5,NAVIGATE,-2.201,0.373,-2.0253,-1.3216,0.4105,1.3445,-1.1,0.4105,1.1741,0.0,12.0,11.8335,2.3032732009887695,2.2990243434906006,13.64,0,1,180,1.721,0.1693,1.0,0.3914,0.0508,0.3,0.1565,0.5073,0.7824
196.951,5,NAVIGATE,-2.2606,0.3941,-2.0397,-1.3123,0.4141,1.3496,-1.1,0.4141,1.1753,0.0,12.0,11.824,2.288181781768799,2.2850348949432373,12.64,0,1,180,1.709,0.1669,1.0,0.3918,0.0501,0.3,0.1567,0.5068,0.7493
197.001,5,NAVIGATE,-2.3104,0.4117,-2.0499,-1.3061,0.4168,1.3551,-1.1,0.4168,1.1763,0.0,12.0,11.8164,2.273512363433838,2.2718687057495117,12.14,0,1,180,1.682,0.1646,1.0,0.3921,0.0494,0.3,0.1568,0.5062,0.7199
197.051,5,NAVIGATE,-2.3699,0.4331,-2.0596,-1.2976,0.42,1.3628,-1.2976,0.32,1.3365,0.0,12.0,11.8072,2.2441351413726807,2.2414774894714355,11.39,0,1,180,1.837,0.0397,1.0,0.4455,0.0119,0.3,0.1782,0.4901,0.9866
197.101,5,NAVIGATE,-2.4184,0.4518,-2.0631,-1.2889,0.4228,1.3698,-1.3889,0.3228,1.4259,0.0,12.0,11.7987,2.2300124168395996,2.227900981903076,12.64,0,1,180,1.583,0.0219,1.0,0.4753,0.0066,0.3,0.1901,0.4967,1.0419
197.152,5,NAVIGATE,-2.4766,0.4742,-2.0664,-1.2763,0.4265,1.3781,-1.2763,0.3265,1.3174,0.0,12.0,11.7889,2.2143614292144775,2.213200807571411,11.39,0,1,180,1.768,0.0388,1.0,0.4391,0.0116,0.3,0.1757,0.4873,0.9319
197.201,5,NAVIGATE,-2.5249,0.4927,-2.0682,-1.268,0.4273,1.3848,-1.368,0.3273,1.4066,0.0,12.0,11.7811,2.1849958896636963,2.183753490447998,10.38,0,1,180,1.554,0.0189,1.0,0.4689,0.0057,0.3,0.1875,0.4932,1.0069
197.252,5,NAVIGATE,-2.5824,0.5146,-2.0691,-1.2638,0.4257,1.3926,-1.2638,0.3257,1.3051,0.0,12.0,11.7721,2.169999361038208,2.169232130050659,10.38,0,1,180,1.737,0.031,1.0,0.435,0.0093,0.3,0.174,0.4833,0.9122
197.301,5,NAVIGATE,-2.6307,0.5327,-2.0694,-1.2639,0.4231,1.3989,-1.2639,0.3231,1.3045,0.0,12.0,11.7652,2.1392645835876465,2.1392645835876465,9.13,0,1,180,1.631,0.0247,1.0,0.4348,0.0074,0.3,0.1739,0.4814,0.9025
197.351,5,NAVIGATE,-2.6904,0.5541,-2.0699,-1.2693,0.4188,1.406,-1.3693,0.3188,1.4059,0.0,12.0,11.7579,2.1254758834838867,2.1254758834838867,8.88,0,1,180,1.62,-0.0021,1.0,0.4686,-0.0006,0.3,0.1875,0.4868,1.0092
197.401,5,NAVIGATE,-2.7515,0.5751,-2.0705,-1.2762,0.4146,1.4122,-1.3762,0.3146,1.4117,0.0,12.0,11.7515,2.1120998859405518,2.1120998859405518,9.38,0,1,180,1.657,-0.0116,1.0,0.4706,-0.0035,0.3,0.1882,0.4847,1.0029
197.451,5,NAVIGATE,-2.8027,0.5923,-2.0707,-1.2813,0.4111,1.4168,-1.2813,0.3111,1.3185,0.0,12.0,11.7469,2.0823960304260254,2.0823960304260254,9.13,0,1,180,1.569,-0.0027,1.0,0.4395,-0.0008,0.3,0.1758,0.475,0.9327
197.501,5,NAVIGATE,-2.8644,0.6133,-2.0651,-1.2881,0.4075,1.4214,-1.3881,0.3075,1.4217,0.0,12.0,11.7415,2.0679409503936768,2.0679409503936768,6.38,0,1,180,1.607,-0.0285,1.0,0.4739,-0.0085,0.3,0.1896,0.481,1.0299
197.551,5,NAVIGATE,-2.9162,0.6308,-2.0587,-1.2946,0.4049,1.4243,-1.3946,0.3049,1.4275,0.0,12.0,11.7372,2.0558977127075195,2.0558977127075195,6.13,0,1,180,1.57,-0.0358,1.0,0.4758,-0.0108,0.3,0.1903,0.4796,1.029
197.601,5,NAVIGATE,-2.9682,0.6482,-2.053,-1.2997,0.4025,1.4264,-1.3997,0.3025,1.432,0.0,12.0,11.7335,2.041383981704712,2.041383981704712,8.88,0,1,180,1.789,-0.0429,1.0,0.4773,-0.0129,0.3,0.1909,0.4781,1.0277
197.651,5,NAVIGATE,-3.0301,0.6688,-2.047,-1.3057,0.3997,1.4277,-1.3,0.2997,1.3341,0.0,12.0,11.7294,2.0122902393341064,2.0122902393341064,7.13,0,1,180,1.6,-0.0347,1.0,0.4447,-0.0104,0.3,0.1779,0.4675,0.9648
197.701,5,NAVIGATE,-3.0817,0.6858,-2.0428,-1.3111,0.3972,1.4278,-1.4,0.2972,1.4312,0.0,12.0,11.7264,1.9995934963226318,1.9995934963226318,7.63,0,1,180,1.728,-0.0567,1.0,0.4771,-0.017,0.3,0.1908,0.4738,1.0523
197.752,5,NAVIGATE,-3.1438,0.7059,-2.0384,-1.3186,0.3941,1.427,-1.4,0.2941,1.4306,0.0,12.0,11.7235,1.9874446392059326,1.9874446392059326,7.88,0,1,180,1.908,-0.0644,1.0,0.4769,-0.0193,0.3,0.1907,0.4714,1.0541
197.801,5,NAVIGATE,-3.1953,0.7244,-2.0401,-1.324,0.3929,1.4255,-1.4,0.2929,1.4303,0.0,12.0,11.7196,1.9580857753753662,1.9580857753753662,7.63,0,1,180,1.747,-0.0698,1.0,0.4768,-0.0209,0.3,0.1907,0.4698,1.0449
197.851,5,NAVIGATE,-3.2471,0.7426,-2.0416,-1.3293,0.3914,1.4231,-1.4,0.2914,1.43,0.0,12.0,11.7164,1.9452123641967773,1.9452123641967773,7.63,0,1,180,1.769,-0.0755,1.0,0.4767,-0.0227,0.3,0.1907,0.468,1.0444
197.901,5,NAVIGATE,-3.3102,0.7639,-2.0433,-1.3363,0.3891,1.4192,-1.4,0.2891,1.4295,0.0,12.0,11.7135,1.9338480234146118,1.9338480234146118,7.63,0,1,180,1.628,-0.0827,1.0,0.4765,-0.0248,0.3,0.1906,0.4658,1.0468
197.951,5,NAVIGATE,-3.3631,0.7822,-2.0413,-1.3425,0.3871,1.4152,-1.4,0.2871,1.4291,0.0,12.0,11.7111,1.9056605100631714,1.9056605100631714,8.63,0,1,180,1.647,-0.0889,1.0,0.4764,-0.0267,0.3,0.1906,0.4639,1.0303
198.001,5,NAVIGATE,-3.4272,0.8037,-2.0392,-1.35,0.3843,1.4095,-1.4,0.2843,1.4286,0.0,12.0,11.7091,1.894705057144165,1.894705057144165,8.13,0,1,180,1.709,-0.0965,1.0,0.4762,-0.029,0.3,0.1905,0.4615,1.0401
198.051,5,NAVIGATE,-3.4924,0.8257,-2.0399,-1.3574,0.3818,1.403,-1.4,0.2818,1.4281,0.0,12.0,11.7073,1.8816720247268677,1.880859375,10.13,0,1,180,1.73,-0.1041,1.0,0.476,-0.0312,0.3,0.1904,0.4592,1.051
198.101,5,NAVIGATE,-3.5368,0.8415,-2.0435,-1.3622,0.3809,1.3985,-1.4,0.2809,1.4279,0.0,12.0,11.7056,1.8564491271972656,1.8564491271972656,9.38,0,1,180,1.852,-0.1087,1.0,0.476,-0.0326,0.3,0.1904,0.4578,1.0324
198.151,5,NAVIGATE,-3.6035,0.8645,-2.0484,-1.3689,0.3791,1.3912,-1.4,0.2791,1.4275,0.0,12.0,11.7041,1.8439661264419556,1.8437864780426025,11.64,0,1,180,1.663,-0.116,1.0,0.4758,-0.0348,0.3,0.1903,0.4556,1.036
198.202,5,NAVIGATE,-3.6702,0.887,-2.0507,-1.3746,0.3768,1.3834,-1.4,0.2768,1.4271,0.0,12.0,11.7034,1.8325939178466797,1.8316365480422974,10.38,0,1,180,2.566,-0.1235,1.0,0.4757,-0.037,0.3,0.1903,0.4532,1.0314
198.251,5,NAVIGATE,-3.7256,0.9057,-2.0497,-1.3784,0.3746,1.3765,-1.3,0.2746,1.3287,0.0,12.0,11.7032,1.8069398403167725,1.8068008422851562,11.14,0,1,180,1.631,-0.1155,1.0,0.4429,-0.0347,0.3,0.1772,0.4425,0.9945
198.301,5,NAVIGATE,-3.7921,0.9273,-2.0484,-1.3827,0.3716,1.3677,-1.3,0.2716,1.3281,0.0,12.0,11.704,1.7963664531707764,1.7957749366760254,12.64,0,1,180,1.596,-0.1237,1.0,0.4427,-0.0371,0.3,0.1771,0.44,1.0022
198.352,5,NAVIGATE,-3.8468,0.9443,-2.0473,-1.3856,0.3683,1.3603,-1.1,0.3683,1.16,0.0,12.0,11.7058,1.7840451002120972,1.7834819555282593,10.63,0,1,180,2.009,-0.0117,1.0,0.3867,-0.0035,0.3,0.1547,0.4512,0.6781
198.401,5,NAVIGATE,-3.9005,0.9601,-2.0462,-1.3862,0.3645,1.3526,-1.1,0.3645,1.1588,0.0,12.0,11.7086,1.761932611465454,1.759755253791809,12.14,0,1,180,1.912,-0.0196,1.0,0.3863,-0.0059,0.3,0.1545,0.4486,0.6791
198.451,5,NAVIGATE,-3.9544,0.9756,-2.0452,-1.3858,0.36,1.3447,-1.1,0.36,1.1574,0.0,12.0,11.7121,1.7496919631958008,1.7487281560897827,12.14,0,1,180,1.751,-0.0281,1.0,0.3858,-0.0084,0.3,0.1543,0.4459,0.6999
198.501,5,NAVIGATE,-4.0194,0.994,-2.045,-1.3793,0.3575,1.3353,-1.1,0.3575,1.1566,0.0,12.0,11.717,1.7402653694152832,1.737405776977539,12.14,0,1,180,1.786,-0.0359,1.0,0.3855,-0.0108,0.3,0.1542,0.4435,0.7133
198.552,5,NAVIGATE,-4.0734,1.0091,-2.0453,-1.3688,0.3575,1.3274,-1.1,0.3575,1.1566,0.0,12.0,11.7214,1.7285176515579224,1.7235822677612305,12.14,0,1,180,1.986,-0.0407,1.0,0.3855,-0.0122,0.3,0.1542,0.442,0.7154
198.601,5,NAVIGATE,-4.127,1.024,-2.0455,-1.3547,0.3586,1.3194,-1.1,0.3586,1.157,0.0,12.0,11.7262,1.7072021961212158,1.7029430866241455,14.39,0,1,180,1.668,-0.0445,1.0,0.3857,-0.0133,0.3,0.1543,0.4409,0.7052
198.651,5,NAVIGATE,-4.1916,1.0424,-2.044,-1.3351,0.3611,1.3096,-1.1,0.3611,1.1578,0.0,12.0,11.732,1.697138786315918,1.6910792589187622,13.64,0,1,180,1.588,-0.0481,1.0,0.3859,-0.0144,0.3,0.1544,0.4399,0.7129
198.701,5,NAVIGATE,-4.2455,1.058,-2.0414,-1.3182,0.3635,1.3014,-1.1,0.3635,1.1585,0.0,12.0,11.7368,1.6838717460632324,1.6788755655288696,13.14,0,1,180,1.663,-0.0509,1.0,0.3862,-0.0153,0.3,0.1545,0.4392,0.7111
198.751,5,NAVIGATE,-4.2987,1.0736,-2.0391,-1.3017,0.3658,1.2932,-1.1,0.3658,1.1592,0.0,12.0,11.7416,1.6655738353729248,1.6565563678741455,15.64,0,1,180,1.67,-0.0537,1.0,0.3864,-0.0161,0.3,0.1546,0.4385,0.6933
198.801,5,NAVIGATE,-4.3588,1.0923,-2.038,-1.282,0.3682,1.2834,-1.082,0.3682,1.1429,0.0,12.0,11.7464,1.654105544090271,1.6444056034088135,14.89,0,1,180,1.688,-0.0521,1.0,0.381,-0.0156,0.3,0.1524,0.4368,0.6858
198.851,5,NAVIGATE,-4.4157,1.1111,-2.0382,-1.2633,0.3703,1.2738,-1.0633,0.3703,1.1259,0.0,12.0,11.7502,1.6436243057250977,1.631339430809021,16.14,0,1,180,1.791,-0.0501,1.0,0.3753,-0.015,0.3,0.1501,0.4351,0.6751
198.901,5,NAVIGATE,-4.463,1.1267,-2.0383,-1.2496,0.3719,1.2661,-1.0496,0.3719,1.1135,0.0,12.0,11.7536,1.6227281093597412,1.6102858781814575,15.39,0,1,180,1.662,-0.0489,1.0,0.3712,-0.0147,0.3,0.1485,0.4338,0.6543
198.951,5,NAVIGATE,-4.5212,1.1458,-2.0379,-1.2355,0.3738,1.2572,-1.0355,0.3738,1.1009,0.0,12.0,11.7581,1.6125646829605103,1.596858263015747,17.64,0,1,180,1.673,-0.0482,1.0,0.367,-0.0145,0.3,0.1468,0.4323,0.6482
199.001,5,NAVIGATE,-4.5698,1.1618,-2.0375,-1.2249,0.3754,1.25,-1.0249,0.3754,1.0915,0.0,12.0,11.7622,1.600704312324524,1.5854655504226685,16.89,0,1,180,1.668,-0.0479,1.0,0.3638,-0.0144,0.3,0.1455,0.4312,0.6396
199.052,5,NAVIGATE,-4.6181,1.1777,-2.037,-1.2147,0.3772,1.2431,-1.1147,0.3772,1.1768,0.0,12.0,11.7664,1.5909507274627686,1.5749304294586182,16.64,0,1,180,1.965,-0.077,1.0,0.3923,-0.0231,0.3,0.1569,0.4338,0.6932
199.101,5,NAVIGATE,-4.6754,1.1977,-2.035,-1.2019,0.3799,1.2351,-1.0019,0.3799,1.0715,0.0,12.0,11.7707,1.5687201023101807,1.5510900020599365,17.39,0,1,180,1.8,-0.046,1.0,0.3572,-0.0138,0.3,0.1429,0.4291,0.6151
199.151,5,NAVIGATE,-4.7227,1.2144,-2.0333,-1.1908,0.3823,1.2286,-1.0908,0.3823,1.1558,0.0,12.0,11.7743,1.5587449073791504,1.537610650062561,18.89,0,1,180,1.815,-0.0756,1.0,0.3853,-0.0227,0.3,0.1541,0.4314,0.6875
199.202,5,NAVIGATE,-4.7697,1.2309,-2.0316,-1.1814,0.3843,1.2225,-1.0814,0.3843,1.1476,0.0,12.0,11.7781,1.5470584630966187,1.524451732635498,19.39,0,1,180,1.943,-0.0754,1.0,0.3825,-0.0226,0.3,0.153,0.4304,0.6778
199.251,5,NAVIGATE,-4.8255,1.2516,-2.0377,-1.1703,0.387,1.2153,-1.0703,0.387,1.1382,0.0,12.0,11.7819,1.5263664722442627,1.5020840167999268,19.64,0,1,180,1.698,-0.0749,1.0,0.3794,-0.0225,0.3,0.1518,0.4293,0.655
199.301,5,NAVIGATE,-4.881,1.2721,-2.0428,-1.1609,0.3895,1.2085,-1.0609,0.3895,1.1301,0.0,12.0,11.7861,1.5136175155639648,1.488391399383545,19.14,0,1,180,1.717,-0.075,1.0,0.3767,-0.0225,0.3,0.1507,0.4282,0.6463
199.351,5,NAVIGATE,-4.9272,1.2889,-2.0458,-1.1544,0.3914,1.203,-1.0544,0.3914,1.1247,0.0,12.0,11.79,1.5031017065048218,1.4758681058883667,21.39,0,1,180,1.646,-0.0756,1.0,0.3749,-0.0227,0.3,0.15,0.4273,0.638
199.401,5,NAVIGATE,-4.9834,1.3088,-2.0464,-1.1481,0.3935,1.1967,-1.0481,0.3935,1.1195,0.0,12.0,11.7956,1.479593276977539,1.4526066780090332,20.14,0,1,180,1.659,-0.0769,1.0,0.3732,-0.0231,0.3,0.1493,0.4262,0.6473
199.451,5,NAVIGATE,-5.03,1.3253,-2.0466,-1.1433,0.3953,1.1917,-1.0433,0.3953,1.1156,0.0,12.0,11.8004,1.4686440229415894,1.438621997833252,18.89,0,1,180,1.669,-0.0781,1.0,0.3719,-0.0234,0.3,0.1488,0.4253,0.6355
199.501,5,NAVIGATE,-5.0757,1.342,-2.0465,-1.1384,0.3972,1.187,-1.0384,0.3972,1.1118,0.0,12.0,11.8049,1.4560049772262573,1.426072597503662,22.4,0,1,180,1.822,-0.079,1.0,0.3706,-0.0237,0.3,0.1482,0.4245,0.6262
199.551,5,NAVIGATE,-5.1279,1.3631,-2.0463,-1.1319,0.4005,1.1815,-1.0319,0.4005,1.1069,0.0,12.0,11.8084,1.4333072900772095,1.4014493227005005,22.65,0,1,180,1.707,-0.0789,1.0,0.369,-0.0237,0.3,0.1476,0.4239,0.6239
199.601,5,NAVIGATE,-5.1801,1.384,-2.0458,-1.1251,0.4036,1.1761,-1.0251,0.4036,1.1017,0.0,12.0,11.8124,1.4211887121200562,1.3884429931640625,21.65,0,1,180,1.708,-0.0788,1.0,0.3672,-0.0236,0.3,0.1469,0.4232,0.6136
199.652,5,NAVIGATE,-5.2228,1.4024,-2.0474,-1.1189,0.4061,1.1717,-1.0189,0.4061,1.0969,0.0,12.0,11.8147,1.4084118604660034,1.3752193450927734,23.15,0,1,180,1.837,-0.0785,1.0,0.3656,-0.0236,0.3,0.1463,0.4227,0.6029
199.701,5,NAVIGATE,-5.2734,1.425,-2.0506,-1.1112,0.4091,1.1666,-0.9112,0.4091,0.9989,0.0,12.0,11.817,1.3874804973602295,1.3490420579910278,22.15,0,1,180,1.637,-0.0406,1.0,0.333,-0.0122,0.3,0.1332,0.421,0.5487
199.751,5,NAVIGATE,-5.3157,1.4435,-2.0527,-1.1049,0.4114,1.1623,-0.9049,0.4114,0.994,0.0,12.0,11.8193,1.3703454732894897,1.3361647129058838,21.39,0,1,180,1.742,-0.0398,1.0,0.3313,-0.0119,0.3,0.1325,0.4206,0.5376
199.802,5,NAVIGATE,-5.3558,1.4605,-2.0536,-1.0981,0.4129,1.1582,-0.8981,0.4129,0.9885,0.0,12.0,11.8223,1.361112117767334,1.322493314743042,21.65,0,1,180,2.113,-0.0392,1.0,0.3295,-0.0118,0.3,0.1318,0.42,0.5486
199.851,5,NAVIGATE,-5.4027,1.4798,-2.0538,-1.0876,0.4146,1.1533,-0.8876,0.4146,0.9796,0.0,12.0,11.8264,1.336107850074768,1.2980175018310547,23.15,0,1,180,1.676,-0.0375,1.0,0.3265,-0.0112,0.3,0.1306,0.4194,0.5503
199.901,5,NAVIGATE,-5.4419,1.496,-2.0537,-1.0771,0.416,1.1494,-0.8771,0.416,0.9708,0.0,12.0,11.83,1.3232349157333374,1.2844374179840088,23.9,0,1,180,1.657,-0.0351,1.0,0.3236,-0.0105,0.3,0.1294,0.4189,0.5374
199.951,5,NAVIGATE,-5.4888,1.5143,-2.0532,-1.0628,0.4173,1.1447,-0.8628,0.4173,0.9585,0.0,12.0,11.8354,1.3099286556243896,1.2707947492599487,23.9,0,1,180,1.639,-0.0318,1.0,0.3195,-0.0095,0.3,0.1278,0.4183,0.5406
200.001,5,NAVIGATE,-5.5277,1.5294,-2.0525,-1.05,0.4182,1.1408,-0.85,0.4182,0.9473,0.0,12.0,11.8402,1.2849129438400269,1.2458105087280273,24.4,0,1,180,1.863,-0.0285,1.0,0.3158,-0.0086,0.3,0.1263,0.4178,0.533
200.051,5,NAVIGATE,-5.5665,1.5446,-2.0517,-1.037,0.4192,1.1368,-0.837,0.4192,0.9361,0.0,12.0,11.8449,1.2721840143203735,1.2315622568130493,25.15,0,1,180,1.776,-0.0249,1.0,0.312,-0.0075,0.3,0.1248,0.4173,0.5184
200.101,5,NAVIGATE,-5.6155,1.5623,-2.0439,-1.0225,0.42,1.1321,-0.8225,0.42,0.9235,0.0,12.0,11.8524,1.258939266204834,1.2175734043121338,24.65,0,1,180,1.579,-0.0214,1.0,0.3078,-0.0064,0.3,0.1231,0.4167,0.5233
200.151,5,NAVIGATE,-5.6563,1.5771,-2.037,-1.0106,0.4209,1.1281,-0.8106,0.4209,0.9133,0.0,12.0,11.8588,1.2356046438217163,1.19235098361969,26.4,0,1,180,1.741,-0.0183,1.0,0.3044,-0.0055,0.3,0.1218,0.4163,0.5202
200.201,5,NAVIGATE,-5.6967,1.5922,-2.0308,-0.9987,0.4219,1.1241,-0.7987,0.4219,0.9033,0.0,12.0,11.8649,1.2219884395599365,1.1764326095581055,25.9,0,1,180,1.923,-0.0149,1.0,0.3011,-0.0045,0.3,0.1204,0.416,0.5044
200.251,5,NAVIGATE,-5.7447,1.6108,-2.024,-0.9845,0.4235,1.1193,-0.7845,0.4235,0.8915,0.0,12.0,11.8716,1.2083591222763062,1.1639208793640137,26.15,0,1,180,1.766,-0.0101,1.0,0.2972,-0.003,0.3,0.1189,0.4158,0.509
200.302,5,NAVIGATE,-5.7842,1.6267,-2.0191,-0.9725,0.4251,1.1153,-0.7725,0.4251,0.8818,0.0,12.0,11.877,1.19535231590271,1.1498429775238037,23.4,0,1,180,1.863,-0.0056,1.0,0.2939,-0.0017,0.3,0.1176,0.4159,0.5077
200.351,5,NAVIGATE,-5.8315,1.6455,-2.0133,-0.9585,0.4269,1.1107,-0.7585,0.4269,0.8704,0.0,12.0,11.8837,1.1686474084854126,1.1216281652450562,27.15,0,1,180,1.662,-0.0002,1.0,0.2901,-0.0001,0.3,0.116,0.416,0.4976
200.402,5,NAVIGATE,-5.8728,1.6597,-2.0064,-0.9475,0.428,1.1069,-0.7475,0.428,0.8613,0.0,12.0,11.8916,1.155774712562561,1.1080751419067383,26.65,0,1,180,1.974,0.0034,1.0,0.2871,0.001,0.3,0.1148,0.4159,0.4991
200.452,5,NAVIGATE,-5.9212,1.6773,-1.9993,-0.9341,0.4293,1.1024,-0.7341,0.4293,0.8504,0.0,12.0,11.9004,1.14283287525177,1.0959140062332153,27.4,0,1,180,1.863,0.0084,0.9838,0.2835,0.0025,0.2951,0.1134,0.411,0.4867
200.501,5,NAVIGATE,-5.9605,1.6932,-1.9945,-0.9226,0.431,1.0988,-0.7226,0.431,0.8414,0.0,12.0,11.9062,1.114771842956543,1.0648193359375,26.9,0,1,180,1.709,0.0135,0.9759,0.2805,0.004,0.2928,0.1122,0.409,0.4914
200.552,5,NAVIGATE,-6.0056,1.7165,-1.9906,-0.9084,0.4352,1.0944,-0.7084,0.4352,0.8314,0.0,12.0,11.9087,1.1010158061981201,1.0523673295974731,27.15,0,1,180,1.936,0.0224,0.9749,0.2771,0.0067,0.2925,0.1109,0.41,0.4908
200.602,5,NAVIGATE,-6.0425,1.7357,-1.988,-0.8963,0.4386,1.0907,-0.7963,0.4386,0.9091,0.0,12.0,11.9108,1.0865271091461182,1.0386534929275513,26.65,0,1,180,1.983,-0.0286,1.0,0.303,-0.0086,0.3,0.1212,0.4126,0.4152
200.652,5,NAVIGATE,-6.0862,1.7598,-1.9882,-0.8816,0.4426,1.0862,-0.6816,0.4426,0.8127,0.0,12.0,11.9123,1.0606311559677124,1.0089272260665894,29.15,0,1,180,1.876,0.0396,0.9813,0.2709,0.0119,0.2944,0.1084,0.4146,0.4843
200.701,5,NAVIGATE,-6.122,1.7812,-1.9923,-0.8688,0.4461,1.0824,-0.7688,0.4461,0.8889,0.0,12.0,11.9123,1.043700098991394,0.9945268630981445,25.9,0,1,180,1.684,-0.014,1.0,0.2963,-0.0042,0.3,0.1185,0.4143,0.4082
200.751,5,NAVIGATE,-6.1643,1.8065,-1.997,-0.8559,0.4495,1.0777,-0.7559,0.4495,0.8794,0.0,12.0,11.9124,1.0304796695709229,0.981431245803833,27.4,0,1,180,1.739,-0.0074,1.0,0.2931,-0.0022,0.3,0.1173,0.415,0.4139
200.801,5,NAVIGATE,-6.2048,1.8303,-2.0025,-0.8424,0.4521,1.0731,-0.7424,0.4521,0.8693,0.0,12.0,11.9132,1.0029640197753906,0.9520929455757141,27.65,0,1,180,1.568,-0.0008,1.0,0.2898,-0.0003,0.3,0.1159,0.4157,0.3958
200.851,5,NAVIGATE,-6.2378,1.8494,-2.007,-0.8324,0.4537,1.0692,-0.7324,0.4537,0.8615,0.0,12.0,11.9141,0.988396942615509,0.938017725944519,28.4,0,1,180,1.707,0.0035,1.0,0.2872,0.0011,0.3,0.1149,0.4159,0.3963
200.901,5,NAVIGATE,-6.277,1.8722,-2.0118,-0.8223,0.4553,1.0645,-0.7223,0.4553,0.8538,0.0,12.0,11.9152,0.9613805413246155,0.9103286266326904,25.65,0,1,180,1.71,0.0076,1.0,0.2846,0.0023,0.3,0.1138,0.4161,0.3727
200.951,5,NAVIGATE,-6.3126,1.8946,-2.0119,-0.8121,0.4564,1.0598,-0.6121,0.5564,0.8272,0.0,12.0,11.9151,0.9450687766075134,0.8984716534614563,23.65,0,1,180,1.565,0.1785,0.8648,0.2757,0.0535,0.2594,0.1103,0.4233,0.4327
201.001,5,NAVIGATE,-6.3419,1.9131,-2.0113,-0.8042,0.4573,1.0559,-0.6042,0.5573,0.822,0.0,12.0,11.9149,0.9323098063468933,0.8870094418525696,21.9,0,1,180,1.904,0.1828,0.8755,0.274,0.0548,0.2626,0.1096,0.4271,0.4378
201.051,5,NAVIGATE,-6.3771,1.9353,-2.0105,-0.7957,0.4581,1.0513,-0.5957,0.6581,0.8876,0.0,12.0,11.9149,0.9017624855041504,0.8657219409942627,18.39,0,1,180,1.73,0.2671,0.8086,0.2959,0.0801,0.2426,0.1184,0.441,0.4045
201.101,5,NAVIGATE,-6.4181,1.9572,-2.0086,-0.7872,0.4615,1.047,-0.5872,0.6615,0.8845,0.0,12.0,11.9185,0.88599693775177,0.8551394939422607,16.64,0,1,180,1.684,0.2727,0.8061,0.2948,0.0818,0.2418,0.1179,0.4416,0.4042
201.152,5,NAVIGATE,-6.4516,1.9755,-2.0072,-0.7779,0.4662,1.0435,-0.5779,0.6662,0.8819,0.0,12.0,11.9211,0.8711689114570618,0.84865403175354,14.89,0,1,180,1.605,0.2807,0.8126,0.294,0.0842,0.2438,0.1176,0.4456,0.4081
201.201,5,NAVIGATE,-6.4914,1.9973,-2.0042,-0.7646,0.4758,1.0392,-0.5646,0.6758,0.8806,0.0,12.0,11.9245,0.8423425555229187,0.8353676795959473,11.14,0,1,180,1.711,0.2947,0.8471,0.2935,0.0884,0.2541,0.1174,0.4599,0.4264
201.251,5,NAVIGATE,-6.531,2.0185,-1.9988,-0.7506,0.488,1.0349,-0.5506,0.688,0.8812,0.0,12.0,11.9283,0.8274833559989929,0.8274833559989929,9.13,0,1,180,1.624,0.3112,0.8569,0.2937,0.0934,0.2571,0.1175,0.4679,0.425
201.302,5,NAVIGATE,-6.5632,2.0369,-1.995,-0.7381,0.5,1.0313,-0.5381,0.7,0.8829,0.0,12.0,11.9306,0.8167252540588379,0.8167252540588379,5.63,0,1,180,1.885,0.3268,0.8823,0.2943,0.098,0.2647,0.1177,0.4805,0.4317
201.351,5,NAVIGATE,-6.5991,2.0598,-1.9912,-0.7218,0.5154,1.027,-0.5218,0.7154,0.8855,0.0,12.0,11.9314,0.8140630722045898,0.8140630722045898,3.88,0,1,180,1.673,0.3471,0.8929,0.2952,0.1041,0.2679,0.1181,0.4901,0.4366
201.401,5,NAVIGATE,-6.6326,2.0835,-1.9882,-0.7047,0.5311,1.0228,-0.5047,0.7311,0.8883,0.0,12.0,11.9301,0.8132746815681458,0.8132746815681458,1.63,0,1,180,1.698,0.3682,0.8832,0.2961,0.1105,0.265,0.1184,0.4939,0.4351
201.451,5,NAVIGATE,-6.6599,2.104,-1.9862,-0.6906,0.5442,1.0193,-0.4906,0.7442,0.8913,0.0,12.0,11.9283,0.8071042895317078,0.8071042895317078,-1.88,0,1,180,1.65,0.3854,0.8946,0.2971,0.1156,0.2684,0.1188,0.5028,0.4447
201.501,5,NAVIGATE,-6.6943,2.1304,-1.9864,-0.675,0.5603,1.0152,-0.475,0.7603,0.8965,0.0,12.0,11.9258,0.8066343069076538,0.8066343069076538,-3.88,0,1,180,1.693,0.4044,0.9115,0.2988,0.1213,0.2734,0.1195,0.5143,0.4567
201.551,5,NAVIGATE,-6.7226,2.153,-1.9871,-0.6624,0.5737,1.0118,-0.4624,0.7737,0.9014,0.0,12.0,11.923,0.8035992980003357,0.8035992980003357,-5.88,0,1,180,1.672,0.4197,0.9075,0.3005,0.1259,0.2723,0.1202,0.5184,0.4562
201.601,5,NAVIGATE,-6.7503,2.1762,-1.988,-0.6497,0.587,1.0084,-0.4497,0.787,0.9064,0.0,12.0,11.9195,0.8041132688522339,0.8041132688522339,-9.88,0,1,180,1.738,0.4347,0.9389,0.3021,0.1304,0.2817,0.1209,0.5329,0.4737
201.651,5,NAVIGATE,-6.7829,2.2074,-1.9925,-0.6344,0.6044,1.0043,-0.4344,0.8044,0.9142,0.0,12.0,11.9123,0.8274434208869934,0.8055670857429504,-11.64,0,1,180,1.572,0.4528,0.9508,0.3047,0.1358,0.2853,0.1219,0.543,0.4792
201.701,5,NAVIGATE,-6.8094,2.2341,-1.9965,-0.6215,0.619,1.001,-0.4215,0.819,0.9211,0.0,12.0,11.9055,0.8609126806259155,0.8070785999298096,-13.64,0,1,180,1.697,0.4676,0.9484,0.307,0.1403,0.2845,0.1228,0.5476,0.4752
201.751,5,NAVIGATE,-6.8353,2.2612,-2.0001,-0.6085,0.6332,0.9977,-0.4085,0.8332,0.928,0.0,12.0,11.8981,0.918317437171936,0.8113848567008972,-17.39,0,1,180,1.557,0.482,0.9944,0.3093,0.1446,0.2983,0.1237,0.5667,0.4953
201.801,5,NAVIGATE,-6.8647,2.2931,-2.0055,-0.5925,0.6497,0.9937,-0.3925,0.8497,0.936,0.0,12.0,11.889,0.9461555480957031,0.8155096769332886,-19.39,0,1,180,1.761,0.499,1.0,0.312,0.1497,0.3,0.1248,0.5745,0.4982
201.851,5,NAVIGATE,-6.8885,2.32,-2.0097,-0.5791,0.6632,0.9904,-0.3791,0.8632,0.9428,0.0,12.0,11.8808,7.474023818969727,0.81675124168396,-21.39,0,1,180,1.581,0.5129,1.0,0.3223,0.1539,0.3,0.1289,0.5828,0.5013
201.901,5,NAVIGATE,-6.9117,2.3474,-2.0133,-0.5656,0.6766,0.9872,-0.3656,0.8766,0.9497,0.0,12.0,11.872,7.468258380889893,0.8215661644935608,-23.15,0,1,180,1.938,0.5263,1.0,0.3333,0.1579,0.3,0.1333,0.5912,0.5135
201.951,5,NAVIGATE,-6.943,2.3796,-2.0158,-0.5514,0.6921,0.9834,-0.3514,0.8921,0.9588,0.0,12.0,11.8641,7.459618091583252,0.8321843147277832,-26.9,0,1,180,1.665,0.5399,1.0,0.3451,0.162,0.3,0.138,0.6,0.5336
202.001,5,NAVIGATE,-6.9731,2.4127,-2.0178,-0.537,0.7077,0.9796,-0.337,0.9077,0.9683,0.0,12.0,11.855,7.448011875152588,0.8379088044166565,-28.9,0,1,180,1.699,0.5535,1.0,0.3573,0.166,0.3,0.1429,0.6089,0.5386
202.052,5,NAVIGATE,-6.9967,2.4413,-2.0186,-0.5244,0.7211,0.9764,-0.3244,0.9211,0.9765,0.0,12.0,11.8458,7.454000949859619,0.8445812463760376,-30.65,0,1,180,1.916,0.5649,1.0,0.3678,0.1695,0.3,0.1471,0.6166,0.5483
202.102,5,NAVIGATE,-7.0176,2.4719,-2.0169,-0.5108,0.7352,0.9732,-0.3108,0.9352,0.9855,0.0,12.0,11.8335,7.4277167320251465,0.8566440939903259,-34.16,0,1,180,1.733,0.5771,1.0,0.3792,0.1731,0.3,0.1517,0.6248,0.571
202.151,5,NAVIGATE,-7.0419,2.5091,-2.0151,-0.4941,0.7522,0.9694,-0.2941,0.9522,0.9966,0.0,12.0,11.818,7.428870677947998,0.8653907179832458,-36.16,0,1,180,1.633,0.5915,1.0,0.393,0.1774,0.3,0.1572,0.6346,0.5805
202.201,5,NAVIGATE,-7.061,2.5402,-2.0136,-0.48,0.7664,0.9663,-0.28,0.9664,1.0061,0.0,12.0,11.8045,7.4132561683654785,0.87357497215271,-37.91,0,1,180,1.804,0.6032,1.0,0.4046,0.181,0.3,0.1618,0.6428,0.5931
202.251,5,NAVIGATE,-7.0811,2.5764,-2.0124,-0.4623,0.7827,0.9625,-0.2623,0.9827,1.0171,0.0,12.0,11.7876,7.40408182144165,0.8911679983139038,-41.16,0,1,180,1.693,0.6175,1.0,0.4187,0.1852,0.3,0.1675,0.6527,0.6161
202.301,5,NAVIGATE,-7.1007,2.6134,-2.0112,-0.4447,0.7992,0.9587,-0.2447,0.9992,1.0287,0.0,12.0,11.7698,7.3855719566345215,0.9015930891036987,-42.91,0,1,180,1.714,0.6312,1.0,0.4329,0.1893,0.3,0.1731,0.6625,0.6319
202.352,5,NAVIGATE,-7.1165,2.6441,-2.0101,-0.4299,0.8125,0.9556,-0.2299,1.0125,1.0383,0.0,12.0,11.7549,7.376217842102051,0.9119795560836792,-44.42,0,1,180,1.637,0.6421,1.0,0.4445,0.1926,0.3,0.1778,0.6704,0.6438
202.401,5,NAVIGATE,-7.1348,2.6811,-2.0087,-0.4121,0.8283,0.9517,-0.2121,1.0283,1.05,0.0,12.0,11.7366,7.379251480102539,0.9314900040626526,-47.92,0,1,180,1.718,0.6548,1.0,0.4584,0.1964,0.3,0.1833,0.6798,0.6689
202.451,5,NAVIGATE,-7.1497,2.7127,-2.0078,-0.3974,0.8417,0.9485,-0.1974,1.0417,1.0602,0.0,12.0,11.7206,7.357975959777832,0.9453217387199402,-49.67,0,1,180,1.572,0.665,1.0,0.47,0.1995,0.3,0.188,0.6875,0.6821
202.501,5,NAVIGATE,-7.1613,2.746,-2.0068,-0.3815,0.8557,0.9454,-0.1815,1.0557,1.0712,0.0,12.0,11.7013,7.337674140930176,0.9563413262367249,-50.67,0,1,180,1.849,0.6757,1.0,0.4826,0.2027,0.3,0.193,0.6957,0.6942
202.551,5,NAVIGATE,-7.173,2.7875,-2.0059,-0.3618,0.8731,0.9419,-0.1618,1.0731,1.0852,0.0,12.0,11.6757,7.314860820770264,0.9814415574073792,-53.67,0,1,180,1.625,0.6886,1.0,0.4982,0.2066,0.3,0.1993,0.7059,0.7173
202.601,5,NAVIGATE,-7.1846,2.8299,-2.0051,-0.3425,0.8906,0.9384,-0.1425,1.0906,1.0998,0.0,12.0,11.6495,7.295657157897949,0.9940110445022583,-54.43,0,1,180,1.668,0.7006,1.0,0.5137,0.2102,0.3,0.2055,0.7157,0.7298
202.652,5,NAVIGATE,-7.1972,2.8656,-2.0054,-0.3278,0.9049,0.9356,-0.1278,1.1049,1.1123,0.0,12.0,11.6292,7.278959274291992,1.0072392225265503,-55.93,0,1,180,1.954,0.7092,1.0,0.5259,0.2128,0.3,0.2104,0.7231,0.7413
202.701,5,NAVIGATE,-7.2116,2.9092,-2.0058,-0.3104,0.9221,0.9322,-0.1104,1.1221,1.1275,0.0,12.0,11.6039,7.249454975128174,1.0312023162841797,-51.67,0,1,180,1.716,0.7188,1.0,0.5403,0.2157,0.3,0.2161,0.7318,0.7655
202.751,5,NAVIGATE,-7.2231,2.9462,-2.0062,-0.2958,0.9364,0.9294,-0.0958,1.1364,1.1405,0.0,12.0,11.5821,7.244051933288574,1.0441288948059082,-53.17,0,1,180,1.632,0.7265,1.0,0.5524,0.218,0.3,0.221,0.7389,0.7811
202.801,5,NAVIGATE,-7.2369,2.9867,-2.0109,-0.2822,0.9523,0.9266,-0.0822,1.1523,1.1552,0.0,12.0,11.5591,7.222688674926758,1.054419994354248,-55.68,0,1,180,1.629,0.7332,1.0,0.5647,0.22,0.3,0.2259,0.7458,0.7954
202.851,5,NAVIGATE,-7.2523,3.0356,-2.0157,-0.2658,0.9711,0.9233,-0.0658,1.1711,1.173,0.0,12.0,11.5306,7.196352481842041,1.0779435634613037,-56.93,0,1,180,1.594,0.741,1.0,0.5794,0.2223,0.3,0.2318,0.754,0.8272
202.901,5,NAVIGATE,-7.2643,3.0769,-2.0192,-0.2518,0.9866,0.9205,-0.0518,1.1866,1.1878,0.0,12.0,11.5062,7.175293922424316,1.0909152030944824,-57.18,0,1,180,1.681,0.7472,1.0,0.5917,0.2242,0.3,0.2367,0.7608,0.8442
202.951,5,NAVIGATE,-7.2757,3.1264,-2.0277,-0.234,1.0046,0.9171,-0.034,1.2046,1.2051,0.0,12.0,11.475,7.163512229919434,1.1029994487762451,-59.18,0,1,180,1.649,0.7551,1.0,0.6066,0.2265,0.3,0.2427,0.7692,0.8614
203.001,5,NAVIGATE,-7.2845,3.1682,-2.0337,-0.2192,1.0194,0.9143,-0.0192,1.2194,1.2196,0.0,12.0,11.4484,7.132416725158691,1.130505084991455,-62.18,0,1,180,1.718,0.7614,1.0,0.619,0.2284,0.3,0.2476,0.776,0.898
203.051,5,NAVIGATE,-7.2954,3.219,-2.0398,-0.2018,1.0371,0.9109,-0.0018,1.2371,1.2371,0.0,12.0,11.4161,7.1001715660095215,1.1440516710281372,-63.43,0,1,180,1.701,0.7683,1.0,0.6336,0.2305,0.3,0.2534,0.7839,0.9172
203.101,5,NAVIGATE,-7.3052,3.262,-2.044,-0.1879,1.052,0.908,0.0121,1.252,1.2521,0.0,12.0,11.3894,7.098458290100098,1.1583054065704346,-64.68,0,1,180,1.692,0.7734,1.0,0.6455,0.232,0.3,0.2582,0.7902,0.9353
203.152,5,NAVIGATE,-7.316,3.3142,-2.048,-0.1712,1.0699,0.9047,0.0288,1.2699,1.2702,0.0,12.0,11.3563,7.059594631195068,1.1869845390319824,-67.19,0,1,180,1.743,0.7792,1.0,0.6599,0.2338,0.3,0.2639,0.7977,0.9799
203.201,5,NAVIGATE,-7.3254,3.3686,-2.0489,-0.1545,1.0881,0.9014,0.0455,1.2881,1.2889,0.0,12.0,11.3209,7.024242877960205,1.2074854373931885,-68.69,0,1,180,1.645,0.7848,1.0,0.6744,0.2354,0.3,0.2698,0.8052,1.0011
203.252,5,NAVIGATE,-7.3323,3.4154,-2.0477,-0.1405,1.1036,0.8986,0.0595,1.3036,1.3049,0.0,12.0,11.2897,7.0169196128845215,1.2222847938537598,-70.19,0,1,180,1.874,0.7892,1.0,0.6866,0.2368,0.3,0.2746,0.8114,1.0268
203.301,5,NAVIGATE,-7.3396,3.4719,-2.0459,-0.1235,1.122,0.8952,0.0765,1.322,1.3242,0.0,12.0,11.2516,6.975957870483398,1.2570710182189941,-72.69,0,1,180,1.65,0.7943,1.0,0.7013,0.2383,0.3,0.2805,0.8188,1.0755
203.351,5,NAVIGATE,-7.3461,3.5186,-2.0462,-0.1095,1.1376,0.8923,0.0905,1.3376,1.3407,0.0,12.0,11.2205,6.941473484039307,1.2789682149887085,-74.19,0,1,180,1.628,0.7983,1.0,0.7135,0.2395,0.3,0.2854,0.8249,1.1026
203.402,5,NAVIGATE,-7.3523,3.5652,-2.0476,-0.0956,1.1533,0.8894,0.1044,1.3533,1.3573,0.0,12.0,11.1894,6.93074369430542,1.2982879877090454,-75.44,0,1,180,2.166,0.8021,1.0,0.7258,0.2406,0.3,0.2903,0.831,1.1199
203.451,5,NAVIGATE,-7.3588,3.622,-2.0486,-0.0786,1.172,0.8859,0.1214,1.372,1.3773,0.0,12.0,11.1509,6.887272834777832,1.3367754220962524,-77.95,0,1,180,1.704,0.8066,1.0,0.7406,0.242,0.3,0.2962,0.8382,1.1661
203.501,5,NAVIGATE,-7.3624,3.6714,-2.0529,-0.064,1.1881,0.8829,0.136,1.3881,1.3947,0.0,12.0,11.1162,6.852641582489014,1.358426570892334,-79.2,0,1,180,1.707,0.8102,1.0,0.7534,0.2431,0.3,0.3013,0.8444,1.1987
203.551,5,NAVIGATE,-7.3655,3.7316,-2.058,-0.0464,1.2074,0.8793,0.1536,1.4074,1.4158,0.0,12.0,11.0733,6.833229064941406,1.3785161972045898,-80.45,0,1,180,1.686,0.8145,1.0,0.7687,0.2443,0.3,0.3075,0.8518,1.2314
203.601,5,NAVIGATE,-7.3674,3.7822,-2.0614,-0.0316,1.2232,0.8763,0.1684,1.4232,1.4332,0.0,12.0,11.0368,6.78777551651001,1.4257957935333252,-82.7,0,1,180,1.702,0.8179,1.0,0.7814,0.2454,0.3,0.3126,0.8579,1.2716
203.651,5,NAVIGATE,-7.3714,3.8421,-2.0639,-0.0153,1.2421,0.8727,0.1847,1.4421,1.4539,0.0,12.0,10.995,6.760622978210449,1.4507325887680054,-83.95,0,1,180,1.638,0.8211,1.0,0.7959,0.2463,0.3,0.3184,0.8647,1.31
203.701,5,NAVIGATE,-7.3743,3.8924,-2.0651,-0.0017,1.2578,0.8697,0.1983,1.4578,1.4712,0.0,12.0,10.9596,6.747530937194824,1.4739528894424438,-84.95,0,1,180,1.865,0.8237,1.0,0.8079,0.2471,0.3,0.3232,0.8703,1.3422
203.751,5,NAVIGATE,-7.3763,3.9433,-2.0658,0.0122,1.2734,0.8666,0.2122,1.4734,1.4886,0.0,12.0,10.9234,6.679801940917969,1.523557186126709,-87.21,0,1,180,1.742,0.8263,1.0,0.82,0.2479,0.3,0.328,0.8759,1.3895
203.801,5,NAVIGATE,-7.3744,4.0045,-2.0652,0.0305,1.2919,0.8629,0.2305,1.3919,1.4109,0.0,12.0,10.8771,6.659903049468994,1.5557430982589722,-88.46,0,1,180,1.848,0.836,1.0,0.7863,0.2508,0.3,0.3145,0.8653,1.4178
203.852,5,NAVIGATE,-7.3722,4.0562,-2.0642,0.0461,1.3076,0.8598,0.2461,1.4076,1.4289,0.0,12.0,10.8376,6.62306547164917,1.5778789520263672,-89.21,0,1,180,1.801,0.8392,1.0,0.7994,0.2518,0.3,0.3198,0.8715,1.4307
203.902,5,NAVIGATE,-7.3696,4.1086,-2.0629,0.0617,1.3237,0.8567,0.2617,1.4237,1.4475,0.0,12.0,10.7975,6.60173225402832,1.6065807342529297,-90.21,0,1,180,1.916,0.8422,1.0,0.8127,0.2527,0.3,0.3251,0.8778,1.4332
203.951,5,NAVIGATE,-7.3681,4.1631,-2.0637,0.0762,1.3388,0.8537,0.2762,1.4388,1.4651,0.0,12.0,10.7567,6.534738540649414,1.665553092956543,-92.21,0,1,180,1.775,0.8446,1.0,0.825,0.2534,0.3,0.33,0.8834,1.438
204.001,5,NAVIGATE,-7.3653,4.229,-2.0639,0.0938,1.3545,0.8499,0.2938,1.4545,1.4839,0.0,12.0,10.7069,6.5190348625183105,1.6856948137283325,130.5,0,1,180,1.708,0.8476,1.0,0.8385,0.2543,0.3,0.3354,0.8897,1.4423
204.052,5,NAVIGATE,-7.3617,4.2962,-2.0632,0.1117,1.3683,0.846,0.3117,1.3683,1.4033,0.0,12.0,10.6557,6.482573509216309,1.687328815460205,130.75,0,1,180,1.917,0.8584,1.0,0.803,0.2575,0.3,0.3212,0.8787,1.4482
204.101,5,NAVIGATE,-7.3582,4.3556,-2.0612,0.1269,1.3801,0.8427,0.3269,1.3801,1.4183,0.0,12.0,10.6103,6.428127765655518,1.6920509338378906,131.75,0,1,180,1.725,0.8609,1.0,0.814,0.2583,0.3,0.3256,0.8839,1.4563
204.151,5,NAVIGATE,-7.3539,4.415,-2.0589,0.1424,1.3918,0.8394,0.3424,1.3918,1.4333,0.0,12.0,10.5646,6.408317565917969,1.694036841392517,131.5,0,1,180,1.834,0.8635,1.0,0.8251,0.259,0.3,0.33,0.8891,1.4627
204.201,5,NAVIGATE,-7.3484,4.4868,-2.0559,0.1607,1.4033,0.8355,0.3607,1.4033,1.4489,0.0,12.0,10.5094,6.391497611999512,1.6985505819320679,130.75,0,1,180,1.11,0.8665,1.0,0.8369,0.2599,0.3,0.3348,0.8947,1.4681
204.251,5,NAVIGATE,-7.344,4.5473,-2.0531,0.1756,1.411,0.8322,0.3756,1.411,1.4602,0.0,12.0,10.4631,6.351860046386719,1.7051734924316406,131.5,0,1,180,1.103,0.8689,1.0,0.8458,0.2607,0.3,0.3383,0.899,1.4801
204.301,5,NAVIGATE,-7.3387,4.6076,-2.0503,0.1908,1.4172,0.8288,0.3908,1.4172,1.4701,0.0,12.0,10.4165,6.330599308013916,1.7110848426818848,130.75,0,1,180,1.193,0.8714,1.0,0.8541,0.2614,0.3,0.3416,0.903,1.4888
204.351,5,NAVIGATE,-7.3313,4.6797,-2.0462,0.2094,1.4233,0.8246,0.4094,1.4233,1.481,0.0,12.0,10.3602,6.311324596405029,1.7159041166305542,130.25,0,1,180,1.174,0.8747,1.0,0.8636,0.2624,0.3,0.3454,0.9078,1.4971
204.401,5,NAVIGATE,-7.3244,4.7397,-2.0417,0.2253,1.4278,0.821,0.4253,1.4278,1.4899,0.0,12.0,10.3131,6.267485618591309,1.7284079790115356,132.5,0,1,180,1.118,0.8774,1.0,0.8715,0.2632,0.3,0.3486,0.9118,1.5116
204.451,5,NAVIGATE,-7.315,4.8114,-2.0368,0.2445,1.433,0.8166,0.4445,1.333,1.4052,0.0,12.0,10.256,6.245650291442871,1.7340223789215088,132.5,0,1,180,1.186,0.8906,1.0,0.8343,0.2672,0.3,0.3337,0.9009,1.5222
204.501,5,NAVIGATE,-7.301,4.8824,-2.0295,0.2652,1.4383,0.8123,0.4652,1.3383,1.4168,0.0,12.0,10.1964,6.224087715148926,1.740007758140564,132.5,0,1,180,1.101,0.8944,1.0,0.8449,0.2683,0.3,0.3379,0.9063,1.5327
204.55,5,NAVIGATE,-7.2862,4.9411,-2.022,0.2832,1.4427,0.8087,0.4832,1.3427,1.427,0.0,12.0,10.1447,6.176307678222656,1.757577657699585,132.0,0,1,180,1.041,0.8979,1.0,0.8542,0.2694,0.3,0.3417,0.9111,1.5534
204.601,5,NAVIGATE,-7.2711,4.9999,-2.0152,0.3008,1.4454,0.8052,0.5008,1.3454,1.4356,0.0,12.0,10.0931,6.151200771331787,1.7644598484039307,134.0,0,1,180,1.747,0.9013,1.0,0.8626,0.2704,0.3,0.345,0.9154,1.5648
204.65,5,NAVIGATE,-7.2535,5.0698,-2.0093,0.3215,1.4463,0.8009,0.5215,1.3463,1.4438,0.0,12.0,10.032,6.1271562576293945,1.7740308046340942,133.0,0,1,180,1.03,0.9053,1.0,0.8714,0.2716,0.3,0.3486,0.9202,1.5763
204.7,5,NAVIGATE,-7.2388,5.1278,-2.0056,0.3386,1.4457,0.7972,0.5386,1.3457,1.4494,0.0,12.0,9.9814,6.074232578277588,1.7931474447250366,132.5,0,1,180,1.086,0.9087,1.0,0.8781,0.2726,0.3,0.3512,0.9238,1.6013
204.751,5,NAVIGATE,-7.2205,5.1972,-2.0018,0.3589,1.4437,0.7929,0.5589,1.3437,1.4553,0.0,12.0,9.9203,6.050085544586182,1.802428126335144,134.0,0,1,180,1.072,0.9127,1.0,0.8855,0.2738,0.3,0.3542,0.928,1.6141
204.801,5,NAVIGATE,-7.2038,5.2557,-1.9954,0.3762,1.4422,0.7891,0.5762,1.3422,1.4606,0.0,12.0,9.8681,6.025049209594727,1.8132123947143555,134.25,0,1,180,1.116,0.916,1.0,0.8919,0.2748,0.3,0.3568,0.9316,1.6268
204.851,5,NAVIGATE,-7.1829,5.3259,-1.9877,0.3968,1.4403,0.7847,0.5968,1.3403,1.4672,0.0,12.0,9.805,5.969857215881348,1.8356753587722778,133.5,0,1,180,1.078,0.9198,1.0,0.8997,0.2759,0.3,0.3599,0.9358,1.654
204.9,5,NAVIGATE,-7.1651,5.3843,-1.9822,0.414,1.4387,0.781,0.614,1.3387,1.4728,0.0,12.0,9.7522,5.943049907684326,1.847333550453186,134.75,0,1,180,1.059,0.9229,1.0,0.9062,0.2769,0.3,0.3625,0.9394,1.6681
204.951,5,NAVIGATE,-7.143,5.4532,-1.9768,0.4343,1.4363,0.7767,0.6343,1.3363,1.4792,0.0,12.0,9.6893,5.916960716247559,1.8590823411941528,134.75,0,1,180,1.069,0.9265,1.0,0.9137,0.278,0.3,0.3655,0.9434,1.683
205.0,5,NAVIGATE,-7.1241,5.5106,-1.9731,0.4512,1.4343,0.7732,0.6512,1.3343,1.4847,0.0,12.0,9.6367,5.888702869415283,1.8711538314819336,134.0,0,1,180,1.017,0.9294,1.0,0.92,0.2788,0.3,0.368,0.9468,1.7009
205.051,5,NAVIGATE,-7.1046,5.5678,-1.9702,0.4681,1.4324,0.7696,0.6681,1.3324,1.4905,0.0,12.0,9.5838,5.8311567306518555,1.8989156484603882,134.25,0,1,180,1.103,0.9322,1.0,0.9263,0.2797,0.3,0.3705,0.9502,1.73
205.101,5,NAVIGATE,-7.0802,5.6352,-1.9702,0.4885,1.4295,0.7653,0.6885,1.3295,1.4972,0.0,12.0,9.5205,5.801486492156982,1.9123214483261108,135.0,0,1,180,1.104,0.9356,1.0,0.9339,0.2807,0.3,0.3735,0.9542,1.7473
205.151,5,NAVIGATE,-7.0593,5.6913,-1.9706,0.5055,1.4271,0.7618,0.7055,1.2271,1.4154,0.0,12.0,9.4674,5.775703430175781,1.9273747205734253,134.25,0,1,180,1.044,0.9493,1.0,0.8958,0.2848,0.3,0.3583,0.9431,1.7672
205.2,5,NAVIGATE,-7.0328,5.7581,-1.9705,0.5259,1.4241,0.7576,0.7259,1.2241,1.4231,0.0,12.0,9.4033,5.714842796325684,1.9577490091323853,134.25,0,1,180,1.096,0.9525,1.0,0.9037,0.2857,0.3,0.3615,0.9472,1.8017
205.251,5,NAVIGATE,-7.0024,5.822,-1.967,0.5474,1.4197,0.7535,0.7474,1.2197,1.4305,0.0,12.0,9.3382,5.685395240783691,1.9742004871368408,135.0,0,1,180,1.207,0.9559,1.0,0.9116,0.2868,0.3,0.3646,0.9514,1.8211
205.301,5,NAVIGATE,-6.9769,5.8755,-1.9648,0.565,1.4142,0.7501,0.765,1.2142,1.4351,0.0,12.0,9.2837,5.622730731964111,2.0085372924804688,134.5,0,1,180,1.156,0.9588,1.0,0.9173,0.2876,0.3,0.3669,0.9546,1.8595
205.351,5,NAVIGATE,-6.9519,5.929,-1.962,0.5819,1.4071,0.7467,0.7819,1.2071,1.4383,0.0,12.0,9.2297,5.5932488441467285,2.02601957321167,135.0,0,1,180,1.222,0.9616,1.0,0.922,0.2885,0.3,0.3688,0.9573,1.879
205.401,5,NAVIGATE,-6.923,5.9932,-1.9578,0.6015,1.3971,0.7427,0.8015,1.1971,1.4406,0.0,12.0,9.1657,5.56234073638916,2.0425541400909424,135.0,0,1,180,1.855,0.9648,1.0,0.9266,0.2894,0.3,0.3706,0.9601,1.8993
205.451,5,NAVIGATE,-6.8983,6.0466,-1.9551,0.6179,1.388,0.7395,0.8179,1.188,1.4423,0.0,12.0,9.112,5.53193473815918,2.0593173503875732,135.0,0,1,180,1.622,0.9675,1.0,0.9303,0.2902,0.3,0.3721,0.9623,1.9203
205.501,5,NAVIGATE,-6.867,6.1119,-1.9498,0.6382,1.3772,0.7356,0.8382,1.1772,1.4451,0.0,12.0,9.0457,5.466714859008789,2.099520444869995,134.5,0,1,180,1.788,0.9706,1.0,0.935,0.2912,0.3,0.374,0.9652,1.8292
205.551,5,NAVIGATE,-6.8396,6.1671,-1.944,0.6555,1.3686,0.7325,0.8555,1.1686,1.4483,0.0,12.0,8.989,5.4377522468566895,2.1177873611450195,135.0,0,1,180,1.766,0.973,1.0,0.9395,0.2919,0.3,0.3758,0.9677,1.7611
205.601,5,NAVIGATE,-6.806,6.2328,-1.9386,0.6765,1.3583,0.7288,0.8765,1.1583,1.4525,0.0,12.0,8.9209,5.40646505355835,2.136624336242676,135.0,0,1,180,1.726,0.9759,1.0,0.945,0.2928,0.3,0.378,0.9708,1.6819
205.651,5,NAVIGATE,-6.7789,6.2849,-1.9372,0.6936,1.3485,0.7258,0.8936,1.1485,1.4552,0.0,12.0,8.8666,5.3360595703125,2.179558753967285,135.0,0,1,180,1.58,0.9782,1.0,0.949,0.2935,0.3,0.3796,0.9731,1.5842
205.701,5,NAVIGATE,-6.7463,6.3454,-1.938,0.7138,1.3361,0.7223,0.9138,1.1361,1.458,0.0,12.0,8.8027,5.304600715637207,2.2021069526672363,135.0,0,1,180,1.608,0.9809,1.0,0.9534,0.2943,0.3,0.3814,0.9756,1.506
205.752,5,NAVIGATE,-6.7184,6.3958,-1.9392,0.7306,1.3261,0.7193,0.9306,1.1261,1.4608,0.0,12.0,8.7489,5.235229015350342,2.2458155155181885,135.0,0,1,180,1.75,0.9829,1.0,0.9573,0.2949,0.3,0.3829,0.9778,1.4084
205.801,5,NAVIGATE,-6.6823,6.4545,-1.9381,0.7518,1.3138,0.7158,0.9518,1.1138,1.465,0.0,12.0,8.6836,5.2020721435546875,2.2702834606170654,134.75,0,1,180,1.771,0.9854,1.0,0.9624,0.2956,0.3,0.385,0.9806,1.3572
205.852,5,NAVIGATE,-6.6512,6.5032,-1.9373,0.7694,1.3037,0.7129,0.9694,1.1037,1.469,0.0,12.0,8.6286,5.171926975250244,2.2928881645202637,135.0,0,1,180,1.946,0.9873,1.0,0.9669,0.2962,0.3,0.3868,0.983,1.2858
205.901,5,NAVIGATE,-6.6131,6.5617,-1.937,0.7905,1.292,0.7095,0.9905,1.092,1.4743,0.0,12.0,8.562,5.1385931968688965,2.315335750579834,135.0,0,1,180,1.728,0.9894,1.0,0.9724,0.2968,0.3,0.389,0.9858,1.2049
205.951,5,NAVIGATE,-6.5852,6.6144,-1.9368,0.8063,1.2841,0.7068,1.0063,1.0841,1.4792,0.0,12.0,8.507,5.0661468505859375,2.3658576011657715,135.0,0,1,180,1.622,0.9906,1.0,0.9769,0.2972,0.3,0.3907,0.9879,1.1169
206.002,5,NAVIGATE,-6.5501,6.677,-1.9372,0.8254,1.2746,0.7036,0.9254,1.1746,1.4953,0.0,12.0,8.4403,5.028957366943359,2.389608860015869,135.0,0,1,180,1.932,0.9757,1.0,0.9726,0.2927,0.3,0.389,0.9817,1.433
206.051,5,NAVIGATE,-6.5194,6.7287,-1.939,0.8417,1.2663,0.7011,0.9417,1.1663,1.499,0.0,12.0,8.3838,4.995235443115234,2.4153974056243896,135.0,0,1,180,1.789,0.9777,1.0,0.977,0.2933,0.3,0.3908,0.9841,1.3716
206.101,5,NAVIGATE,-6.4862,6.7801,-1.9444,0.8591,1.2573,0.6985,0.9591,1.0573,1.4274,0.0,12.0,8.3258,4.9209418296813965,2.4683761596679688,134.75,0,1,180,1.773,0.9878,1.0,0.94,0.2963,0.3,0.376,0.9723,1.1647
206.151,5,NAVIGATE,-6.4454,6.841,-1.9506,0.8781,1.2482,0.6954,0.9781,1.0482,1.4337,0.0,12.0,8.2558,4.885148048400879,2.497392177581787,134.5,0,1,180,1.689,0.9895,1.0,0.9458,0.2969,0.3,0.3783,0.9752,1.091
206.202,5,NAVIGATE,-6.4021,6.9041,-1.9542,0.8949,1.2425,0.6924,0.8949,1.1425,1.4513,0.0,12.0,8.1826,4.84961462020874,2.5223469734191895,135.0,0,1,180,2.274,0.9727,1.0,0.9411,0.2918,0.3,0.3765,0.9683,1.4225
206.251,5,NAVIGATE,-6.3633,6.9602,-1.9539,0.9078,1.2388,0.69,0.9078,1.1388,1.4564,0.0,12.0,8.1174,4.769562244415283,2.578970432281494,134.75,0,1,180,1.896,0.9741,1.0,0.9458,0.2922,0.3,0.3783,0.9706,1.3537
206.301,5,NAVIGATE,-6.3244,7.0153,-1.9538,0.9201,1.2335,0.6877,0.9201,1.1335,1.46,0.0,12.0,8.0526,4.733669281005859,2.6071205139160156,135.0,0,1,180,1.595,0.9756,1.0,0.9495,0.2927,0.3,0.3798,0.9725,1.3075
206.351,5,NAVIGATE,-6.2777,7.0802,-1.9524,0.9322,1.2273,0.6847,0.9322,1.1273,1.4628,0.0,12.0,7.9758,4.69722843170166,2.633513927459717,135.0,0,1,180,1.648,0.9769,1.0,0.9527,0.2931,0.3,0.3811,0.9742,1.2625
206.401,5,NAVIGATE,-6.2391,7.1335,-1.9492,0.94,1.223,0.6824,0.94,1.123,1.4645,0.0,12.0,7.9126,4.618736267089844,2.69307804107666,135.0,0,1,180,1.674,0.9777,1.0,0.9546,0.2933,0.3,0.3818,0.9752,1.3008
206.451,5,NAVIGATE,-6.1926,7.1965,-1.9463,0.9476,1.2188,0.6797,0.9476,1.1188,1.4662,0.0,12.0,7.8372,4.5806121826171875,2.7204909324645996,135.0,0,1,180,1.594,0.9784,1.0,0.9563,0.2935,0.3,0.3825,0.976,1.2758
206.501,5,NAVIGATE,-6.1473,7.2577,-1.9472,0.9538,1.215,0.6771,0.9538,1.115,1.4674,0.0,12.0,7.7639,4.545003890991211,2.752223491668701,134.75,0,1,180,1.938,0.9788,1.0,0.9575,0.2937,0.3,0.383,0.9767,1.2548
206.551,5,NAVIGATE,-6.1097,7.3078,-1.9495,0.9586,1.2121,0.675,0.9586,1.1121,1.4682,0.0,12.0,7.7036,4.466027736663818,2.813076972961426,135.0,0,1,180,1.698,0.9792,1.0,0.9584,0.2937,0.3,0.3834,0.9771,1.2237
206.601,5,NAVIGATE,-6.0718,7.3576,-1.9518,0.9634,1.2093,0.6728,0.9634,1.1093,1.4692,0.0,12.0,7.6433,4.428601264953613,2.844233751296997,135.0,0,1,180,1.831,0.9795,1.0,0.9594,0.2938,0.3,0.3838,0.9776,1.2021
206.651,5,NAVIGATE,-6.0287,7.4173,-1.9555,0.9683,1.2056,0.6703,0.9683,1.1056,1.4697,0.0,12.0,7.5728,4.390918254852295,2.873161554336548,135.0,0,1,180,1.589,0.9798,1.0,0.96,0.2939,0.3,0.384,0.9779,1.1803
206.701,5,NAVIGATE,-5.9933,7.4668,-1.9588,0.9725,1.2022,0.6682,0.9725,1.1022,1.4699,0.0,12.0,7.5146,4.313475131988525,2.9363787174224854,135.0,0,1,180,1.657,0.98,1.0,0.9603,0.294,0.3,0.3841,0.9781,1.1458
206.751,5,NAVIGATE,-5.9573,7.516,-1.962,0.9769,1.1986,0.6662,0.9769,1.0986,1.4701,0.0,12.0,7.4562,4.274553298950195,2.9663901329040527,135.0,0,1,180,1.702,0.9803,1.0,0.9608,0.2941,0.3,0.3843,0.9784,1.1265
206.801,5,NAVIGATE,-5.913,7.5746,-1.9642,0.983,1.1941,0.6638,0.983,1.0941,1.4708,0.0,12.0,7.3856,4.238037109375,2.9951865673065186,135.0,0,1,180,1.597,0.9808,1.0,0.9617,0.2942,0.3,0.3847,0.9789,1.1901
206.851,5,NAVIGATE,-5.8754,7.6232,-1.9654,0.9884,1.1903,0.6618,0.9884,1.0903,1.4716,0.0,12.0,7.3265,4.158079147338867,3.060926914215088,135.0,0,1,180,1.731,0.9812,1.0,0.9626,0.2944,0.3,0.3851,0.9794,1.1501
206.901,5,NAVIGATE,-5.8298,7.6811,-1.9668,0.995,1.1856,0.6593,0.995,1.0856,1.4726,0.0,12.0,7.2553,4.117920398712158,3.0924551486968994,135.0,0,1,180,1.569,0.9818,1.0,0.9638,0.2945,0.3,0.3855,0.98,1.1246
206.951,5,NAVIGATE,-5.7808,7.7379,-1.9674,1.0026,1.1801,0.6567,1.0026,1.0801,1.4737,0.0,12.0,7.1822,4.080861568450928,3.1239657402038574,135.0,0,1,180,1.599,0.9825,1.0,0.9653,0.2948,0.3,0.3861,0.9809,1.0972
207.001,5,NAVIGATE,-5.7481,7.7756,-1.9679,1.0077,1.1764,0.655,0.9077,1.1764,1.4858,0.0,12.0,7.1335,11.041755676269531,3.158926010131836,135.0,0,1,180,1.735,0.9611,1.0,0.952,0.2883,0.3,0.3808,0.9691,1.4258
207.051,5,NAVIGATE,-5.6988,7.8318,-1.9687,1.0153,1.1707,0.6524,0.9153,1.1707,1.4861,0.0,12.0,7.0604,10.97358226776123,3.2210569381713867,134.75,0,1,180,1.807,0.9622,1.0,0.9533,0.2887,0.3,0.3813,0.97,1.3788
207.102,5,NAVIGATE,-5.6493,7.8864,-1.9696,1.0222,1.1641,0.6496,0.9222,1.1641,1.4851,0.0,12.0,6.9883,10.942771911621094,3.252685546875,135.0,0,1,180,2.07,0.9634,1.0,0.9538,0.289,0.3,0.3815,0.9705,1.3512
207.152,5,NAVIGATE,-5.608,7.9318,-1.9705,1.0259,1.1605,0.6471,0.9259,1.1605,1.4846,0.0,12.0,6.9282,10.907508850097656,3.2874460220336914,135.0,0,1,180,1.74,0.9638,1.0,0.9539,0.2891,0.3,0.3816,0.9707,1.4045
207.201,5,NAVIGATE,-5.5667,7.9772,-1.9718,1.0277,1.1588,0.6447,0.9277,1.1588,1.4844,0.0,12.0,6.8681,10.847695350646973,3.3519129753112793,135.0,0,1,180,1.641,0.9638,1.0,0.9538,0.2891,0.3,0.3815,0.9706,1.3691
207.251,5,NAVIGATE,-5.5175,8.0317,-1.9745,1.0278,1.1588,0.642,0.9278,1.1588,1.4844,0.0,12.0,6.7964,10.816329956054688,3.3744280338287354,-29.9,0,1,180,1.733,0.9632,1.0,0.9532,0.289,0.3,0.3813,0.9703,1.3592
207.301,5,NAVIGATE,-5.4765,8.0772,-1.9768,1.027,1.1599,0.6401,0.927,1.1599,1.4849,0.0,12.0,6.7365,10.780464172363281,3.335101366043091,-30.4,0,1,180,1.563,0.9624,1.0,0.9527,0.2887,0.3,0.3811,0.9698,1.3481
207.351,5,NAVIGATE,-5.4353,8.1225,-1.9794,1.0259,1.1615,0.6383,0.9259,1.1615,1.4854,0.0,12.0,6.6767,10.713310241699219,3.264976978302002,-30.9,0,1,180,1.731,0.9616,1.0,0.9522,0.2885,0.3,0.3809,0.9694,1.3273
207.401,5,NAVIGATE,-5.3852,8.1758,-1.9845,1.0245,1.163,0.6361,0.9245,1.163,1.4857,0.0,12.0,6.6049,10.67801570892334,3.230764865875244,-31.9,0,1,180,1.629,0.9606,1.0,0.9514,0.2882,0.3,0.3806,0.9687,1.3243
207.451,5,NAVIGATE,-5.3436,8.2205,-1.9883,1.0235,1.1642,0.6343,0.9235,1.1642,1.4859,0.0,12.0,6.5451,10.638568878173828,3.1919972896575928,-32.41,0,1,180,1.79,0.9598,1.0,0.9508,0.2879,0.3,0.3803,0.9682,1.3729
207.501,5,NAVIGATE,-5.3029,8.2654,-1.9918,1.0223,1.1651,0.6325,0.9223,1.1651,1.486,0.0,12.0,6.486,10.603340148925781,3.1596286296844482,-32.91,0,1,180,1.893,0.9589,1.0,0.9499,0.2877,0.3,0.38,0.9677,1.362
207.551,5,NAVIGATE,-5.2577,8.3194,-1.9959,1.0197,1.1659,0.6302,0.9197,1.1659,1.485,0.0,12.0,6.418,10.531713485717773,3.0926125049591064,-34.16,0,1,180,1.698,0.9576,1.0,0.948,0.2873,0.3,0.3792,0.9665,1.3394
207.601,5,NAVIGATE,-5.2197,8.3646,-1.9989,1.0179,1.1664,0.6282,0.9179,1.1664,1.4843,0.0,12.0,6.3609,10.492623329162598,3.055917739868164,-34.16,0,1,180,1.702,0.9566,1.0,0.9465,0.287,0.3,0.3786,0.9656,1.3313
207.652,5,NAVIGATE,-5.1806,8.4098,-2.0014,1.0165,1.1669,0.6263,1.0165,1.0669,1.4736,0.0,12.0,6.303,10.455224990844727,3.024413824081421,-35.16,0,1,180,2.002,0.9794,1.0,0.9621,0.2938,0.3,0.3849,0.9787,1.1047
207.701,5,NAVIGATE,-5.132,8.464,-2.0036,1.0153,1.1676,0.6239,1.0153,1.0676,1.4733,0.0,12.0,6.2322,10.384867668151855,2.962343454360962,-35.16,0,1,180,1.695,0.9786,1.0,0.9612,0.2936,0.3,0.3845,0.9781,1.0855
207.752,5,NAVIGATE,-5.0834,8.5185,-2.0054,1.0141,1.1686,0.6217,0.9141,1.1686,1.4837,0.0,12.0,6.1614,10.343107223510742,2.925326108932495,-36.16,0,1,180,1.689,0.9534,1.0,0.943,0.286,0.3,0.3772,0.9632,1.3364
207.801,5,NAVIGATE,-5.0467,8.5648,-2.0058,1.0137,1.1684,0.62,1.0137,1.0684,1.4728,0.0,12.0,6.1049,10.304529190063477,2.8939006328582764,-35.66,0,1,180,1.683,0.9772,1.0,0.9594,0.2932,0.3,0.3838,0.9769,1.1254
207.851,5,NAVIGATE,-5.0048,8.621,-2.0055,1.0147,1.1661,0.6177,1.0147,1.0661,1.4718,0.0,12.0,6.0386,10.23117733001709,2.8334453105926514,-35.66,0,1,180,1.722,0.9767,1.0,0.9583,0.293,0.3,0.3833,9980.2816,1.0938
207.901,5,NAVIGATE,-4.9618,8.6771,-2.0052,1.0155,1.164,0.6154,0.9155,1.164,1.4809,0.0,12.0,5.9717,10.188911437988281,2.797867774963379,-35.91,0,1,180,1.693,0.951,1.0,0.9389,0.2853,0.3,0.3756,0.9609,1.3262
207.951,5,NAVIGATE,-4.9324,8.7142,-2.0065,1.017,1.1619,0.6138,1.017,1.0619,1.4704,0.0,12.0,5.9266,10.154850006103516,2.7669601440429688,-35.91,0,1,180,1.862,0.976,1.0,0.9568,0.2928,0.3,0.3827,9981.1298,1.1213
208.001,5,NAVIGATE,-4.8876,8.7698,-2.0089,1.0208,1.1576,0.6111,1.0208,1.0576,1.4699,0.0,12.0,5.8585,10.08465576171875,2.7043981552124023,-35.66,0,1,180,1.617,0.9761,1.0,0.9565,0.2928,0.3,0.3826,9981.7107,1.0863
208.051,5,NAVIGATE,-4.8419,8.8252,-2.0109,1.0238,1.1541,0.6083,1.0238,1.0541,1.4695,0.0,12.0,5.79,10.04541301727295,2.6702160835266113,-36.41,0,1,180,1.763,0.976,1.0,0.9561,0.2928,0.3,0.3825,9982.2651,1.1124
208.101,5,NAVIGATE,-4.8036,8.8707,-2.011,1.0268,1.151,0.606,1.0268,1.051,1.4693,0.0,12.0,5.733,10.01179313659668,2.6367082595825195,-35.66,0,1,180,1.787,0.976,1.0,0.956,0.2928,0.3,0.3824,9982.7344,1.0944
208.151,5,NAVIGATE,-4.7648,8.9161,-2.011,1.0302,1.1474,0.6036,0.9302,1.0474,1.4008,0.0,12.0,5.6757,9.94507884979248,2.574833869934082,-35.16,0,1,180,1.636,0.9637,1.0,0.9,0.2891,0.3,0.36,9980.1495,1.1728
208.201,5,NAVIGATE,-4.7177,8.9705,-2.0108,1.035,1.1426,0.6006,1.035,1.0426,1.4691,0.0,12.0,5.6066,9.909327507019043,2.5380308628082275,-33.91,0,1,180,1.738,0.9763,1.0,0.9562,0.2929,0.3,0.3825,9983.8118,1.0895
208.251,5,NAVIGATE,-4.6773,9.0146,-2.0082,1.0395,1.1379,0.598,0.9395,1.0379,1.3999,0.0,12.0,5.5488,9.87684154510498,2.507097005844116,-35.41,0,1,180,1.667,0.9646,1.0,0.9002,0.2894,0.3,0.3601,9981.2677,1.1748
208.301,5,NAVIGATE,-4.6285,9.0676,-2.0055,1.0426,1.1317,0.5947,0.9426,1.0317,1.3975,0.0,12.0,5.4793,9.814339637756348,2.4425554275512695,-34.16,0,1,180,1.749,0.9649,1.0,0.8989,0.2895,0.3,0.3596,9981.8178,1.1748
208.351,5,NAVIGATE,-4.5875,9.1117,-2.0043,1.0454,1.1266,0.5919,0.9454,1.0266,1.3956,0.0,12.0,5.421,9.782805442810059,2.4063117504119873,-34.66,0,1,180,1.712,0.9652,1.0,0.898,0.2896,0.3,0.3592,9982.2795,1.1493
208.401,5,NAVIGATE,-4.5457,9.1561,-2.0063,1.047,1.1215,0.5891,1.047,0.9215,1.3948,0.0,12.0,5.362,9.753422737121582,2.374354600906372,-35.16,0,1,180,1.714,0.9868,1.0,0.9176,0.296,0.3,0.367,9985.8266,0.9738
208.451,5,NAVIGATE,-4.4955,9.2091,-2.0084,1.0472,1.1155,0.5856,0.9472,0.9155,1.3173,0.0,12.0,5.2914,9.695098876953125,2.3091371059417725,-34.16,0,1,180,1.653,0.9774,1.0,0.8584,0.2932,0.3,0.3434,9983.2711,1.0348
208.502,5,NAVIGATE,-4.4539,9.2526,-2.0105,1.0458,1.1108,0.5828,1.0458,0.9108,1.3868,0.0,12.0,5.2331,9.664087295532227,2.273017168045044,-34.91,0,1,180,2.203,0.9866,1.0,0.9122,0.296,0.3,0.3649,9986.7212,0.963
208.551,5,NAVIGATE,-4.4049,9.3028,-2.0152,1.0455,1.1028,0.5795,0.9455,0.9028,1.3072,0.0,12.0,5.1651,9.63661003112793,2.239621162414551,-34.91,0,1,180,1.76,0.9774,1.0,0.8518,0.2932,0.3,0.3407,9984.1216,1.0356
208.601,5,NAVIGATE,-4.364,9.3445,-2.0185,1.045,1.094,0.5768,1.045,0.894,1.3752,0.0,12.0,5.1085,9.606826782226562,2.206648349761963,-33.41,0,1,180,1.589,0.9871,1.0,0.9049,0.2961,0.3,0.362,9987.5812,0.9673
208.651,5,NAVIGATE,-4.3156,9.3945,-2.0223,1.0462,1.0821,0.5735,0.9462,0.8821,1.2936,0.0,12.0,5.0411,9.54526138305664,2.138913869857788,-32.66,0,1,180,1.65,0.9786,1.0,0.844,0.2936,0.3,0.3376,9985.0194,1.0069
208.701,5,NAVIGATE,-4.2763,9.436,-2.0256,1.0464,1.0715,0.5708,1.0464,0.8715,1.3618,0.0,12.0,4.9861,9.518795013427734,2.10579252243042,-31.65,0,1,180,1.616,0.9881,1.0,0.8971,0.2964,0.3,0.3588,9988.4791,0.9377
208.751,5,NAVIGATE,-4.2366,9.4773,-2.0283,1.0481,1.0607,0.5679,0.9481,0.8607,1.2805,0.0,12.0,4.9309,9.492039680480957,2.072277784347534,-33.66,0,1,180,1.853,0.9801,1.0,0.8366,0.294,0.3,0.3347,9985.8446,0.9944
208.801,5,NAVIGATE,-4.191,9.5273,-2.0319,1.0481,1.0473,0.5642,1.0481,0.8473,1.3477,0.0,12.0,4.8661,9.439342498779297,2.003084182739258,-32.66,0,1,180,1.82,0.9892,1.0,0.8888,0.2968,0.3,0.3555,9989.3576,0.943
208.851,5,NAVIGATE,-4.1543,9.5694,-2.0351,1.0484,1.0364,0.561,1.0484,0.8364,1.3412,0.0,12.0,4.8131,9.417070388793945,1.9696382284164429,-32.66,0,1,180,1.751,0.9896,1.0,0.8849,0.2969,0.3,0.3539,9989.7197,0.9174
208.901,5,NAVIGATE,-4.1094,9.6192,-2.0381,1.0475,1.0232,0.5571,1.0475,0.8232,1.3323,0.0,12.0,4.7493,9.392234802246094,1.9376862049102783,-32.66,0,1,180,1.782,0.9901,1.0,0.8794,0.297,0.3,0.3518,9990.1235,0.9355
208.952,5,NAVIGATE,-4.0727,9.6593,-2.0401,1.0472,1.0122,0.5539,1.0472,0.8122,1.3253,0.0,12.0,4.6975,9.34399127960205,1.868502140045166,-33.66,0,1,180,1.94,0.9905,1.0,0.8751,0.2971,0.3,0.35,9990.4651,0.9231
209.001,5,NAVIGATE,-4.0362,9.6984,-2.0417,1.0477,1.0011,0.5508,1.0477,0.8011,1.3189,0.0,12.0,4.6464,9.322792053222656,1.8354783058166504,-34.91,0,1,180,1.654,0.991,1.0,0.8713,0.2973,0.3,0.3485,9990.829,0.8973
209.051,5,NAVIGATE,-3.9915,9.745,-2.0428,1.0497,0.9878,0.547,1.0497,0.7878,1.3124,0.0,12.0,4.5845,9.298097610473633,1.8063695430755615,-35.66,0,1,180,1.891,0.9916,1.0,0.8676,0.2975,0.3,0.347,9991.3181,0.9033
209.102,5,NAVIGATE,-3.9527,9.7832,-2.0459,1.0526,0.9765,0.5438,1.0526,0.7765,1.308,0.0,12.0,4.5319,9.25324821472168,1.7404886484146118,-37.66,0,1,180,1.854,0.9923,1.0,0.8653,0.2977,0.3,0.3461,9991.7795,0.8857
209.151,5,NAVIGATE,-3.9047,9.8285,-2.0507,1.057,0.963,0.5398,1.057,0.763,1.3036,0.0,12.0,4.4679,9.234278678894043,1.7127807140350342,-38.91,0,1,180,1.736,0.9931,1.0,0.863,0.2979,0.3,0.3452,9992.3729,0.8961
209.201,5,NAVIGATE,-3.8642,9.8659,-2.0537,1.0608,0.9516,0.5365,1.0608,0.7516,1.3001,0.0,12.0,4.4144,9.213589668273926,1.6827821731567383,-39.41,0,1,180,1.653,0.9938,1.0,0.8613,0.2981,0.3,0.3445,9992.8771,0.9034
209.251,5,NAVIGATE,-3.8233,9.9031,-2.0549,1.0647,0.9407,0.533,1.0647,0.7407,1.297,0.0,12.0,4.3606,9.173991203308105,1.6231434345245361,-41.91,0,1,180,1.68,0.9944,1.0,0.8598,0.2983,0.3,0.3439,9993.3803,0.8804
209.301,5,NAVIGATE,-3.7738,9.9474,-2.0552,1.0692,0.9276,0.5289,1.0692,0.7276,1.2933,0.0,12.0,4.2959,9.153972625732422,1.59524667263031,-42.91,0,1,180,1.664,0.9951,1.0,0.8579,0.2985,0.3,0.3432,9993.9833,0.8818
209.351,5,NAVIGATE,-3.7321,9.9839,-2.0551,1.0729,0.9165,0.5255,1.0729,0.7165,1.2902,0.0,12.0,4.2419,9.137946128845215,1.5688767433166504,-44.17,0,1,180,1.658,0.9956,1.0,0.8564,0.2987,0.3,0.3425,9994.4865,0.8854
209.401,5,NAVIGATE,-3.6882,10.0191,-2.0524,1.0773,0.905,0.5222,1.0773,0.705,1.2875,0.0,12.0,4.1865,9.120668411254883,1.5438398122787476,-45.42,0,1,180,1.875,0.9963,1.0,0.8551,0.2989,0.3,0.342,9995.0314,0.8608
209.451,5,NAVIGATE,-3.6438,10.0538,-2.0492,1.0818,0.8933,0.5189,1.0818,0.6933,1.2849,0.0,12.0,4.131,9.08391284942627,1.4915928840637207,-48.17,0,1,180,1.615,0.9969,1.0,0.8539,0.2991,0.3,0.3416,9995.5821,0.8643
209.502,5,NAVIGATE,-3.5904,10.0951,-2.0454,1.0871,0.8792,0.515,1.0871,0.6792,1.2818,0.0,12.0,4.0644,9.066239356994629,1.4662489891052246,-49.42,0,1,180,1.878,0.9975,1.0,0.8524,0.2993,0.3,0.341,9996.2335,0.868
209.551,5,NAVIGATE,-3.5357,10.1337,-2.0429,1.0928,0.8641,0.5111,1.0928,0.6641,1.2787,0.0,12.0,3.998,9.05221939086914,1.4422101974487305,-50.67,0,1,180,1.598,0.9982,1.0,0.8509,0.2995,0.3,0.3404,9996.9132,0.8636
209.601,5,NAVIGATE,-3.4993,10.1594,-2.0411,1.0965,0.8541,0.5086,1.0965,0.6541,1.2767,0.0,12.0,3.9538,9.017400741577148,1.3999701738357544,-53.92,0,1,180,1.708,0.9986,1.0,0.8499,0.2996,0.3,0.34,9997.3519,0.8616
209.651,5,NAVIGATE,-3.4446,10.1976,-2.0386,1.1019,0.8391,0.5048,1.1019,0.6391,1.2739,0.0,12.0,3.8877,9.000571250915527,1.3801383972167969,-55.43,0,1,180,1.646,0.9991,1.0,0.8484,0.2997,0.3,0.3394,9997.9716,0.8591
209.701,5,NAVIGATE,-3.391,10.2342,-2.031,1.1067,0.8241,0.5011,1.1067,0.6241,1.2706,0.0,12.0,3.8232,8.985753059387207,1.361925721168518,-56.93,0,1,180,1.703,0.9994,1.0,0.8466,0.2998,0.3,0.3386,9998.4929,0.8556
209.751,5,NAVIGATE,-3.3461,10.2646,-2.0253,1.1107,0.8115,0.4982,1.1107,0.6115,1.2679,0.0,12.0,3.7694,8.95004940032959,1.3233836889266968,-60.18,0,1,180,1.604,0.9997,1.0,0.845,0.2999,0.3,0.338,9998.7657,0.8566
209.801,5,NAVIGATE,-3.3012,10.2948,-2.0201,1.1147,0.7991,0.4954,1.1147,0.5991,1.2655,0.0,12.0,3.7156,8.934796333312988,1.3054474592208862,-61.68,0,1,180,1.572,0.9999,1.0,0.8435,0.3,0.3,0.3374,9998.7499,0.8537
209.851,5,NAVIGATE,-3.2486,10.3306,-2.0176,1.1191,0.7844,0.4922,1.1191,0.5844,1.2625,0.0,12.0,3.6524,8.91946029663086,1.2915593385696411,-63.68,0,1,180,1.707,1.0,1.0,0.8417,0.3,0.3,0.3367,9998.5661,0.8575
209.901,5,NAVIGATE,-3.2044,10.3602,-2.0158,1.1229,0.7722,0.4896,1.1229,0.5722,1.2603,0.0,12.0,3.5996,8.883439064025879,1.262695550918579,-67.19,0,1,180,1.838,1.0,1.0,0.8402,0.3,0.3,0.3361,9999.0504,0.8636
209.951,5,NAVIGATE,-3.151,10.396,-2.0117,1.1276,0.7579,0.4865,1.1276,0.5579,1.258,0.0,12.0,3.5357,8.865182876586914,1.2514492273330688,-68.94,0,1,180,1.647,0.9999,1.0,0.8386,0.3,0.3,0.3355,9999.3358,0.8589
210.001,5,NAVIGATE,-3.097,10.4325,-2.0042,1.1323,0.7443,0.4836,1.0323,0.5443,1.167,0.0,12.0,3.4711,8.84578800201416,1.2407015562057495,-70.94,0,1,180,1.742,0.9999,1.0,0.7779,0.3,0.3,0.3111,9999.0136,0.8757
210.051,5,NAVIGATE,-3.0518,10.4624,-1.9987,1.1362,0.7327,0.4814,1.0362,0.5327,1.1652,0.0,12.0,3.4173,8.808123588562012,1.2244175672531128,-74.94,0,1,180,1.654,1.0,1.0,0.7767,0.3,0.3,0.3107,9998.8341,0.8891
210.101,5,NAVIGATE,-2.9952,10.4973,-1.9917,1.1425,0.7185,0.4787,1.0425,0.5185,1.1643,0.0,12.0,3.351,8.792154312133789,1.2157841920852661,-76.7,0,1,180,1.787,1.0,1.0,0.7762,0.3,0.3,0.3105,9998.747,0.8801
210.151,5,NAVIGATE,-2.9365,10.5313,-1.9845,1.1468,0.7034,0.4761,1.0468,0.5034,1.1616,0.0,12.0,3.2833,8.773465156555176,1.2096649408340454,-78.7,0,1,180,1.601,0.9999,1.0,0.7743,0.3,0.3,0.3097,9999.0681,0.8848
210.201,5,NAVIGATE,-2.8975,10.5536,-1.9804,1.1481,0.6933,0.4745,0.9481,0.4933,1.0688,0.0,12.0,3.2385,8.735130310058594,1.2018451690673828,-82.7,0,1,180,1.906,0.9999,1.0,0.7124,0.3,0.3,0.285,9998.9412,0.8948
210.251,5,NAVIGATE,-2.8401,10.5876,-1.9745,1.1484,0.6787,0.4722,0.9484,0.4787,1.0624,0.0,12.0,3.1719,8.7190523147583,1.1997896432876587,-84.7,0,1,180,1.675,1.0,1.0,0.7082,0.3,0.3,0.2833,9999.3192,0.9041
210.301,5,NAVIGATE,-2.7929,10.6162,-1.97,1.1477,0.6671,0.4704,1.1477,0.5671,1.2801,0.0,12.0,3.1169,8.699569702148438,1.2014189958572388,-86.71,0,1,180,1.641,1.0,1.0,0.8534,0.3,0.3,0.3414,9999.333,0.9185
210.352,5,NAVIGATE,-2.7458,10.6441,-1.9663,1.1443,0.655,0.4687,1.1443,0.555,1.2718,0.0,12.0,3.0624,8.678053855895996,1.202684760093689,-88.96,0,1,180,2.094,1.0,1.0,0.8478,0.3,0.3,0.3391,9999.5344,0.9204
210.401,5,NAVIGATE,-2.6905,10.6762,-1.9619,1.136,0.6396,0.4669,1.136,0.5396,1.2576,0.0,12.0,2.9986,8.643762588500977,1.209864616394043,-92.71,0,1,180,1.773,0.9999,1.0,0.8383,0.3,0.3,0.3353,9999.2979,0.9445
210.451,5,NAVIGATE,-2.6453,10.7019,-1.9582,1.1317,0.6287,0.4656,1.1317,0.5287,1.2491,0.0,12.0,2.9466,8.6217679977417,1.2137945890426636,-94.46,0,1,180,1.762,0.9998,1.0,0.8326,0.2999,0.3,0.333,9998.984,0.9551
210.501,5,NAVIGATE,-2.5911,10.7322,-1.9549,1.1306,0.6183,0.464,0.9306,0.4183,1.0203,0.0,12.0,2.8846,8.599466323852539,1.2205694913864136,-96.46,0,1,180,1.743,0.9995,1.0,0.6799,0.2998,0.3,0.2719,9998.5432,0.9552
210.551,5,NAVIGATE,-2.5443,10.7542,-1.9492,1.1332,0.6098,0.4627,1.2332,0.6098,1.3757,0.0,12.0,2.8329,8.557801246643066,1.2364026308059692,-100.22,0,1,180,1.57,1.0,1.0,0.9171,0.3,0.3,0.3669,9999.0535,1.0147
210.601,5,NAVIGATE,-2.4878,10.7799,-1.9426,1.1386,0.6003,0.461,1.2386,0.6003,1.3764,0.0,12.0,2.7709,8.533981323242188,1.2444441318511963,-101.97,0,1,180,1.874,1.0,1.0,0.9176,0.3,0.3,0.367,9999.6539,1.0284
210.651,5,NAVIGATE,-2.4408,10.8012,-1.9385,1.1389,0.59,0.4597,1.2389,0.59,1.3722,0.0,12.0,2.7193,8.510479927062988,1.255144476890564,-104.22,0,1,180,1.603,0.9999,1.0,0.9147,0.3,0.3,0.3659,9999.4583,1.0477
210.701,5,NAVIGATE,-2.3912,10.8246,-1.9359,1.1425,0.5836,0.4584,1.2425,0.5836,1.3727,0.0,12.0,2.6645,8.467131614685059,1.2806192636489868,-106.97,0,1,180,1.698,0.9998,1.0,0.915,0.3,0.3,0.366,9998.9308,1.0838
210.751,5,NAVIGATE,-2.332,10.8524,-1.9339,1.1503,0.5788,0.457,1.1503,0.5788,1.2877,0.0,12.0,2.5991,8.444892883300781,1.2923712730407715,-109.23,0,1,180,1.557,1.0,1.0,0.8585,0.3,0.3,0.3434,9999.4588,1.1026
210.802,5,NAVIGATE,-2.2828,10.8755,-1.933,1.1591,0.5767,0.4559,1.1591,0.5767,1.2946,0.0,12.0,2.5447,8.418079376220703,1.3133600950241089,-110.98,0,1,180,1.932,1.0,1.0,0.863,0.3,0.3,0.3452,9999.339,1.1236
210.851,5,NAVIGATE,-2.2306,10.8993,-1.9336,1.1685,0.5735,0.4548,1.2685,0.5735,1.3921,0.0,12.0,2.4874,8.371191024780273,1.3445338010787964,-114.23,0,1,180,1.603,0.9994,1.0,0.9275,0.2998,0.3,0.371,9999.0291,1.1618
210.901,5,NAVIGATE,-2.1774,10.9235,-1.9348,1.1758,0.5708,0.454,0.9758,0.4708,1.0835,0.0,12.0,2.429,8.349692344665527,1.3632959127426147,-114.98,0,1,180,1.746,1.0,1.0,0.7223,0.3,0.3,0.2889,9999.0747,1.1595
210.951,5,NAVIGATE,-2.133,10.9439,-1.9368,1.1804,0.5691,0.4535,1.1804,0.5691,1.3104,0.0,12.0,2.3801,8.321879386901855,1.3839434385299683,-116.73,0,1,180,1.777,0.9999,1.0,0.8736,0.3,0.3,0.3494,9999.4825,1.1999
211.001,5,NAVIGATE,-2.0899,10.9647,-1.9409,1.1863,0.5681,0.4532,1.2863,0.6681,1.4495,0.0,12.0,2.3323,8.266740798950195,1.421557068824768,-117.23,0,1,180,1.595,0.9998,1.0,0.9662,0.2999,0.3,0.3865,9999.4866,1.2588
211.051,5,NAVIGATE,-2.0373,10.9898,-1.9459,1.1861,0.5635,0.4529,1.2861,0.6635,1.4472,0.0,12.0,2.274,8.236495018005371,1.4387156963348389,-116.73,0,1,180,1.781,0.9999,1.0,0.9647,0.3,0.3,0.3859,9999.3941,1.2751
211.102,5,NAVIGATE,-1.9934,11.01,-1.952,1.1846,0.5588,0.4528,1.0846,0.5588,1.2201,0.0,12.0,2.2257,8.206859588623047,1.4614471197128296,-116.98,0,1,180,1.964,0.9999,1.0,0.8133,0.3,0.3,0.3253,9999.2803,1.2762
211.151,5,NAVIGATE,-1.9495,11.0292,-1.9605,1.1856,0.556,0.4528,1.0856,0.556,1.2197,0.0,12.0,2.1778,8.142756462097168,1.498644232749939,-117.48,0,1,180,1.719,0.9999,1.0,0.8131,0.3,0.3,0.3252,9999.4169,1.3115
211.201,5,NAVIGATE,-1.8961,11.0527,-1.9697,1.1915,0.5563,0.4529,1.1915,0.5563,1.315,0.0,12.0,2.1196,8.112652778625488,1.5168694257736206,-116.48,0,1,180,1.925,0.9996,1.0,0.8763,0.2999,0.3,0.3505,9999.2333,1.3296
211.251,5,NAVIGATE,-1.8403,11.0758,-1.9771,1.1955,0.5566,0.4532,1.2955,0.6566,1.4524,0.0,12.0,2.0594,8.075126647949219,1.5397047996520996,-115.98,0,1,180,1.729,1.0,1.0,0.9682,0.3,0.3,0.3873,9999.6813,1.374
211.301,5,NAVIGATE,-1.802,11.091,-1.9811,1.1965,0.5562,0.4535,1.2965,0.6562,1.4531,0.0,12.0,2.0182,8.005812644958496,1.577166199684143,-115.48,0,1,180,1.895,1.0,1.0,0.9687,0.3,0.3,0.3875,9999.7897,1.4102
211.351,5,NAVIGATE,-1.7444,11.1143,-1.9864,1.1971,0.5545,0.4542,1.0971,0.5545,1.2292,0.0,12.0,1.9563,7.9705047607421875,1.595292568206787,-114.98,0,1,180,1.683,1.0,1.0,0.8195,0.3,0.3,0.3278,9999.6189,1.4091
211.401,5,NAVIGATE,-1.6889,11.1376,-1.9903,1.2001,0.5544,0.455,1.2001,0.6544,1.3669,0.0,12.0,1.8963,7.929793357849121,1.6165839433670044,-115.48,0,1,180,1.726,0.9996,1.0,0.9109,0.2999,0.3,0.3644,9999.3216,1.4491
211.452,5,NAVIGATE,-1.6441,11.1573,-1.9924,1.2051,0.556,0.4557,1.0051,0.556,1.1486,0.0,12.0,1.8475,7.893235683441162,1.6353458166122437,-115.98,0,1,180,1.769,0.9995,1.0,0.7654,0.2998,0.3,0.3061,9999.0578,1.4482
211.501,5,NAVIGATE,-1.5895,11.1813,-1.9947,1.2084,0.5566,0.4568,1.3084,0.6566,1.4639,0.0,12.0,1.7879,7.815934658050537,1.6730729341506958,-116.23,0,1,180,1.729,0.9999,1.0,0.9759,0.3,0.3,0.3903,9999.5999,1.5072
211.551,5,NAVIGATE,-1.5417,11.2029,-1.997,1.2117,0.5586,0.4578,1.3117,0.6586,1.4678,0.0,12.0,1.7356,7.7722601890563965,1.6954237222671509,-116.73,0,1,180,1.662,0.9999,1.0,0.9784,0.3,0.3,0.3914,9999.6373,1.5287
211.601,5,NAVIGATE,-1.4933,11.2249,-1.9993,1.2093,0.5591,0.4588,1.2093,0.6591,1.3773,0.0,12.0,1.6825,7.730993270874023,1.7135863304138184,-115.73,0,1,180,1.77,0.9998,1.0,0.918,0.2999,0.3,0.3672,9999.4273,1.5475
211.651,5,NAVIGATE,-1.4354,11.2515,-2.002,1.2091,0.5611,0.4603,1.2091,0.6611,1.378,0.0,12.0,1.6188,7.648464679718018,1.7533339262008667,-118.99,0,1,180,1.687,0.9998,1.0,0.9185,0.2999,0.3,0.3674,9999.4085,1.5862
211.701,5,NAVIGATE,-1.377,11.2792,-1.9996,1.2131,0.5654,0.462,1.1131,0.5654,1.2485,0.0,12.0,1.5543,7.600366592407227,1.7750108242034912,-115.73,0,1,180,1.736,0.9999,1.0,0.8323,0.3,0.3,0.3329,9999.2046,1.5888
211.752,5,NAVIGATE,-1.3282,11.3025,-1.9972,1.2173,0.5698,0.4634,1.1173,0.5698,1.2542,0.0,12.0,1.5002,7.556625843048096,1.793613076210022,-116.73,0,1,180,1.744,0.9999,1.0,0.8361,0.3,0.3,0.3344,9999.654,1.61
211.801,5,NAVIGATE,-1.2694,11.331,-1.9958,1.2229,0.5761,0.4653,1.2229,0.6761,1.3974,0.0,12.0,1.4349,7.4680304527282715,1.8333266973495483,-116.23,0,1,180,1.897,0.9998,1.0,0.9314,0.2999,0.3,0.3726,9999.4995,1.6706
211.851,5,NAVIGATE,-1.2205,11.3558,-1.9995,1.2251,0.5801,0.4669,1.2251,0.6801,1.4012,0.0,12.0,1.3801,7.417799949645996,1.8543663024902344,-115.48,0,1,180,1.53,0.9998,1.0,0.9339,0.2999,0.3,0.3736,9999.5644,1.6937
211.901,5,NAVIGATE,-1.1714,11.3805,-2.0029,1.2246,0.5817,0.4686,1.1246,0.5817,1.2661,0.0,12.0,1.3252,7.371185302734375,1.8741726875305176,-117.23,0,1,180,1.743,1.0,1.0,0.844,0.3,0.3,0.3376,9999.3795,1.6948
211.951,5,NAVIGATE,-1.1128,11.4099,-2.0067,1.2247,0.5841,0.4706,1.1247,0.5841,1.2674,0.0,12.0,1.2596,7.2767462730407715,1.9137403964996338,-118.99,0,1,180,1.681,1.0,1.0,0.8449,0.3,0.3,0.338,9999.8317,1.7377
212.001,5,NAVIGATE,-1.0647,11.4339,-2.0095,1.226,0.5872,0.4724,1.026,0.5872,1.1822,0.0,12.0,1.2059,7.224216461181641,1.9373847246170044,-116.48,0,1,180,1.635,0.9995,1.0,0.7878,0.2999,0.3,0.3151,9999.5531,1.7623
212.051,5,NAVIGATE,-1.0068,11.4628,-2.0123,1.2261,0.5897,0.4747,1.0261,0.4897,1.137,0.0,12.0,1.1412,7.177293300628662,1.9555658102035522,-117.23,0,1,180,1.66,0.999,1.0,0.7572,0.2997,0.3,0.3029,9999.4826,1.7639
212.101,5,NAVIGATE,-0.9583,11.4873,-2.0154,1.2252,0.5907,0.4765,1.2252,0.5907,1.3602,0.0,12.0,1.0868,7.083553314208984,1.9979939460754395,-120.24,0,1,180,1.676,0.9991,1.0,0.906,0.2997,0.3,0.3624,9999.2661,1.8419
212.151,5,NAVIGATE,-0.909,11.5133,-2.0219,1.2218,0.5916,0.4782,1.1218,0.5916,1.2682,0.0,12.0,1.0311,7.031970977783203,2.0224008560180664,-121.24,0,1,180,1.811,1.0,1.0,0.8454,0.3,0.3,0.3382,9999.5848,1.8704
212.201,5,NAVIGATE,-0.8502,11.5441,-2.0287,1.2137,0.5894,0.4804,1.0137,0.5894,1.1726,0.0,12.0,0.9647,6.986255168914795,2.0448806285858154,-121.99,0,1,180,1.577,0.9994,1.0,0.7813,0.2998,0.3,0.3125,9999.3691,1.8865
212.251,5,NAVIGATE,-0.8025,11.5697,-2.0323,1.2095,0.5876,0.4821,1.0095,0.4876,1.1211,0.0,12.0,0.9106,6.896181583404541,2.0911076068878174,-123.99,0,1,180,1.7,0.9991,1.0,0.7467,0.2997,0.3,0.2987,9999.3796,1.9239
212.301,5,NAVIGATE,-0.75,11.6013,-2.0307,1.2042,0.5864,0.4841,1.0042,0.4864,1.1158,0.0,12.0,0.8494,6.84446907043457,2.119445562362671,-125.24,0,1,180,1.667,0.9993,1.0,0.7434,0.2998,0.3,0.2973,9999.178,1.9577
212.351,5,NAVIGATE,-0.7059,11.6272,-2.0291,1.1985,0.5854,0.4856,1.1985,0.5854,1.3338,0.0,12.0,0.7983,6.800228118896484,2.1426613330841064,-126.24,0,1,180,1.728,0.9995,1.0,0.8888,0.2999,0.3,0.3555,9999.1861,2.0041
212.402,5,NAVIGATE,-0.661,11.654,-2.0274,1.1912,0.5836,0.4871,1.0912,0.5836,1.2374,0.0,12.0,0.7461,6.71531867980957,2.192702293395996,-128.24,0,1,180,2.011,1.0,1.0,0.8249,0.3,0.3,0.33,9999.3889,2.0669
212.451,5,NAVIGATE,-0.6062,11.6875,-2.0253,1.1805,0.5799,0.4887,0.9805,0.4799,1.0916,0.0,12.0,0.682,6.669224739074707,2.223649501800537,-129.24,0,1,180,1.767,0.9998,1.0,0.7276,0.2999,0.3,0.291,9999.2081,2.0624
212.502,5,NAVIGATE,-0.5605,11.7148,-2.0238,1.1755,0.5775,0.4897,0.9755,0.4775,1.0861,0.0,12.0,0.6289,6.629386901855469,2.250709056854248,-130.25,0,1,180,1.889,0.9999,1.0,0.724,0.3,0.3,0.2896,9999.1732,2.0962
212.551,5,NAVIGATE,-0.5057,11.7472,-2.0214,1.1722,0.5762,0.4906,1.2722,0.6762,1.4407,0.0,12.0,0.5654,6.590709209442139,2.278003692626953,-131.25,0,1,180,1.746,0.9997,1.0,0.9602,0.2999,0.3,0.3841,9998.7413,1.7314
212.601,5,NAVIGATE,-0.4601,11.774,-2.0191,1.1678,0.5739,0.491,1.1678,0.5739,1.3012,0.0,12.0,0.5126,6.514953136444092,2.3391201496124268,-133.0,0,1,180,1.741,1.0,1.0,0.8675,0.3,0.3,0.347,9998.779,1.9972
212.699,5,HOLD,-0.3601,11.8311,-2.0164,1.1563,0.567,0.4906,0.0,0.0,0.0,-0.4145108759403229,11.800131797790527,0.0626,6.482789516448975,2.3668453693389893,-133.75,0,,0,0.0,,,,,,,,
212.75,5,HOLD,-0.3148,11.8566,-2.0163,1.1569,0.567,0.4897,0.0,0.0,0.0,-0.4145108759403229,11.800131797790527,0.1146,6.482789516448975,2.3668453693389893,-133.75,0,,0,0.0,,,,,,,,
212.799,5,HOLD,-0.26,11.8869,-2.0158,1.1664,0.5708,0.4884,0.0,0.0,0.0,-0.4145108759403229,11.800131797790527,0.1772,6.482789516448975,2.3668453693389893,-133.75,0,,0,0.0,,,,,,,,
212.849,5,HOLD,-0.2099,11.9129,-2.0161,1.1523,0.5614,0.4872,0.0,0.0,0.0,-0.4145108759403229,11.800131797790527,0.2336,6.482789516448975,2.3668453693389893,-133.75,0,,0,0.0,,,,,,,,
212.899,5,HOLD,-0.1603,11.9381,-2.0173,1.1146,0.54,0.4861,0.0,0.0,0.0,-0.4145108759403229,11.800131797790527,0.2892,6.482789516448975,2.3668453693389893,-133.75,0,,0,0.0,,,,,,,,
212.949,5,HOLD,-0.104,11.9664,-2.0195,1.0434,0.5016,0.485,0.0,0.0,0.0,-0.4145108759403229,11.800131797790527,0.3522,6.482789516448975,2.3668453693389893,-133.75,0,,0,0.0,,,,,,,,
212.999,5,HOLD,-0.0605,11.9893,-2.02,0.9701,0.4636,0.4843,0.0,0.0,0.0,-0.4145108759403229,11.800131797790527,0.4014,6.482789516448975,2.3668453693389893,-133.75,0,,0,0.0,,,,,,,,
213.049,5,HOLD,-0.0129,12.0142,-2.0207,0.8741,0.4143,0.4837,0.0,0.0,0.0,-0.4145108759403229,11.800131797790527,0.4551,6.482789516448975,2.3668453693389893,-133.75,0,,0,0.0,,,,,,,,
213.099,5,HOLD,0.0229,12.0326,-2.0209,0.7925,0.3726,0.4835,0.0,0.0,0.0,-0.4145108759403229,11.800131797790527,0.4954,6.482789516448975,2.3668453693389893,-133.75,0,,0,0.0,,,,,,,,
213.149,5,HOLD,0.0604,12.0501,-2.0246,0.6954,0.3224,0.4835,0.0,0.0,0.0,-0.4145108759403229,11.800131797790527,0.5367,6.482789516448975,2.3668453693389893,-133.75,0,,0,0.0,,,,,,,,
213.2,5,HOLD,0.088,12.0628,-2.0269,0.6177,0.2821,0.4836,0.0,0.0,0.0,-0.4145108759403229,11.800131797790527,0.567,6.482789516448975,2.3668453693389893,-133.75,0,,0,0.0,,,,,,,,
213.25,5,HOLD,0.1163,12.0757,-2.0293,0.5286,0.2361,0.4838,0.0,0.0,0.0,-0.4145108759403229,11.800131797790527,0.5981,6.482789516448975,2.3668453693389893,-133.75,0,,0,0.0,,,,,,,,
213.299,5,HOLD,0.1341,12.0844,-2.0323,0.4568,0.1996,0.484,0.0,0.0,0.0,-0.4145108759403229,11.800131797790527,0.6179,6.482789516448975,2.3668453693389893,-133.75,0,,0,0.0,,,,,,,,
213.349,5,HOLD,0.1521,12.0929,-2.035,0.3753,0.1582,0.4843,0.0,0.0,0.0,-0.4145108759403229,11.800131797790527,0.6378,6.482789516448975,2.3668453693389893,-133.75,0,,0,0.0,,,,,,,,
213.399,5,HOLD,0.1633,12.098,-2.0348,0.3106,0.1253,0.4846,0.0,0.0,0.0,-0.4145108759403229,11.800131797790527,0.6501,6.482789516448975,2.3668453693389893,-133.75,0,,0,0.0,,,,,,,,
213.449,5,HOLD,0.172,12.1016,-2.031,0.2361,0.0874,0.485,0.0,0.0,0.0,-0.4145108759403229,11.800131797790527,0.6595,6.482789516448975,2.3668453693389893,-133.75,0,,0,0.0,,,,,,,,
213.499,5,HOLD,0.1771,12.1034,-2.028,0.1772,0.0575,0.4853,0.0,0.0,0.0,-0.4145108759403229,11.800131797790527,0.6648,6.482789516448975,2.3668453693389893,-133.75,0,,0,0.0,,,,,,,,
213.549,5,HOLD,0.1792,12.1022,-2.0219,0.11,0.0228,0.4858,0.0,0.0,0.0,-0.4145108759403229,11.800131797790527,0.6661,6.482789516448975,2.3668453693389893,-133.75,0,,0,0.0,,,,,,,,
213.599,5,HOLD,0.1779,12.0987,-2.0151,0.0568,-0.0053,0.4863,0.0,0.0,0.0,-0.4145108759403229,11.800131797790527,0.6634,6.482789516448975,2.3668453693389893,-133.75,0,,0,0.0,,,,,,,,
213.649,5,HOLD,0.1751,12.0945,-2.009,0.0067,-0.0317,0.4868,0.0,0.0,0.0,-0.4145108759403229,11.800131797790527,0.659,6.482789516448975,2.3668453693389893,-133.75,0,,0,0.0,,,,,,,,
213.699,5,HOLD,0.1703,12.0905,-2.0036,-0.0404,-0.0557,0.4874,0.0,0.0,0.0,-0.4145108759403229,11.800131797790527,0.6529,6.482789516448975,2.3668453693389893,-133.75,0,,0,0.0,,,,,,,,
213.749,5,HOLD,0.1618,12.0862,-1.9978,-0.0929,-0.081,0.488,0.0,0.0,0.0,-0.4145108759403229,11.800131797790527,0.6434,6.482789516448975,2.3668453693389893,-133.75,0,,0,0.0,,,,,,,,
213.799,5,HOLD,0.1516,12.0808,-1.993,-0.1407,-0.1036,0.4886,0.0,0.0,0.0,-0.4145108759403229,11.800131797790527,0.6319,6.482789516448975,2.3668453693389893,-133.75,0,,0,0.0,,,,,,,,
213.849,5,HOLD,0.1428,12.0767,-1.9897,-0.1769,-0.1202,0.489,0.0,0.0,0.0,-0.4145108759403229,11.800131797790527,0.6222,6.482789516448975,2.3668453693389893,-133.75,0,,0,0.0,,,,,,,,
213.9,5,HOLD,0.1332,12.0722,-1.9869,-0.2101,-0.1351,0.4894,0.0,0.0,0.0,-0.4145108759403229,11.800131797790527,0.6116,6.482789516448975,2.3668453693389893,-133.75,0,,0,0.0,,,,,,,,
213.949,5,HOLD,0.1203,12.066,-1.9843,-0.246,-0.1513,0.4899,0.0,0.0,0.0,-0.4145108759403229,11.800131797790527,0.5972,6.482789516448975,2.3668453693389893,-133.75,0,,0,0.0,,,,,,,,
213.999,5,HOLD,0.107,12.0589,-1.984,-0.2736,-0.1643,0.4902,0.0,0.0,0.0,-0.4145108759403229,11.800131797790527,0.5821,6.482789516448975,2.3668453693389893,-133.75,0,,0,0.0,,,,,,,,
214.049,5,HOLD,0.0897,12.0495,-1.9843,-0.3034,-0.1787,0.4906,0.0,0.0,0.0,-0.4145108759403229,11.800131797790527,0.5625,6.482789516448975,2.3668453693389893,-133.75,0,,0,0.0,,,,,,,,
214.099,5,HOLD,0.0713,12.0397,-1.9845,-0.3296,-0.1916,0.4909,0.0,0.0,0.0,-0.4145108759403229,11.800131797790527,0.5417,6.482789516448975,2.3668453693389893,-133.75,0,,0,0.0,,,,,,,,
214.149,5,HOLD,0.0581,12.0333,-1.9841,-0.3453,-0.1993,0.4911,0.0,0.0,0.0,-0.4145108759403229,11.800131797790527,0.527,6.482789516448975,2.3668453693389893,-133.75,0,,0,0.0,,,,,,,,
214.199,5,HOLD,0.0378,12.0232,-1.9836,-0.366,-0.2094,0.4914,0.0,0.0,0.0,-0.4145108759403229,11.800131797790527,0.5043,6.482789516448975,2.3668453693389893,-133.75,0,,0,0.0,,,,,,,,
214.249,5,HOLD,0.0205,12.0144,-1.9834,-0.3807,-0.2167,0.4916,0.0,0.0,0.0,-0.4145108759403229,11.800131797790527,0.485,6.482789516448975,2.3668453693389893,-133.75,0,,0,0.0,,,,,,,,
214.299,5,HOLD,0.0068,12.0044,-1.9833,-0.3916,-0.2235,0.4918,0.0,0.0,0.0,-0.4145108759403229,11.800131797790527,0.4683,6.482789516448975,2.3668453693389893,-133.75,0,,0,0.0,,,,,,,,
214.349,5,HOLD,-0.0104,11.9923,-1.9833,-0.4021,-0.2303,0.4919,0.0,0.0,0.0,-0.4145108759403229,11.800131797790527,0.4475,6.482789516448975,2.3668453693389893,-133.75,0,,0,0.0,,,,,,,,
214.399,5,HOLD,-0.0283,11.9796,-1.9838,-0.4102,-0.2356,0.4919,0.0,0.0,0.0,-0.4145108759403229,11.800131797790527,0.4258,6.482789516448975,2.3668453693389893,-133.75,0,,0,0.0,,,,,,,,
214.449,5,HOLD,-0.0439,11.9675,-1.9855,-0.4155,-0.2397,0.492,0.0,0.0,0.0,-0.4145108759403229,11.800131797790527,0.4066,6.482789516448975,2.3668453693389893,-133.75,0,,0,0.0,,,,,,,,
214.499,5,HOLD,-0.0566,11.958,-1.9867,-0.4188,-0.2421,0.492,0.0,0.0,0.0,-0.4145108759403229,11.800131797790527,0.3912,6.482789516448975,2.3668453693389893,-133.75,0,,0,0.0,,,,,,,,
214.549,5,HOLD,-0.0759,11.9439,-1.9885,-0.4222,-0.2443,0.4919,0.0,0.0,0.0,-0.4145108759403229,11.800131797790527,0.3679,6.482789516448975,2.3668453693389893,-133.75,0,,0,0.0,,,,,,,,
214.599,5,HOLD,-0.0945,11.9291,-1.9942,-0.4236,-0.2446,0.4918,0.0,0.0,0.0,-0.4145108759403229,11.800131797790527,0.3451,6.482789516448975,2.3668453693389893,-133.75,0,,0,0.0,,,,,,,,
214.649,5,HOLD,-0.1101,11.9171,-1.9984,-0.4235,-0.2437,0.4917,0.0,0.0,0.0,-0.4145108759403229,11.800131797790527,0.3261,6.482789516448975,2.3668453693389893,-133.75,0,,0,0.0,,,,,,,,
214.699,5,HOLD,-0.131,11.9018,-2.0024,-0.4227,-0.2422,0.4916,0.0,0.0,0.0,-0.4145108759403229,11.800131797790527,0.3011,6.482789516448975,2.3668453693389893,-133.75,0,,0,0.0,,,,,,,,
214.749,5,HOLD,-0.1515,11.8872,-2.005,-0.4218,-0.241,0.4917,0.0,0.0,0.0,-0.4145108759403229,11.800131797790527,0.2771,6.482789516448975,2.3668453693389893,-133.75,0,,0,0.0,,,,,,,,
214.799,5,HOLD,-0.1713,11.8732,-2.0072,-0.4199,-0.239,0.4917,0.0,0.0,0.0,-0.4145108759403229,11.800131797790527,0.2539,6.482789516448975,2.3668453693389893,-133.75,0,,0,0.0,,,,,,,,
214.849,5,HOLD,-0.1949,11.8566,-2.0102,-0.4163,-0.2358,0.4918,0.0,0.0,0.0,-0.4145108759403229,11.800131797790527,0.2267,6.482789516448975,2.3668453693389893,-133.75,0,,0,0.0,,,,,,,,
214.899,5,HOLD,-0.2185,11.8397,-2.014,-0.4109,-0.232,0.4919,0.0,0.0,0.0,-0.4145108759403229,11.800131797790527,0.2,6.482789516448975,2.3668453693389893,-133.75,0,,0,0.0,,,,,,,,
214.949,5,HOLD,-0.2374,11.8264,-2.0167,-0.4051,-0.2277,0.492,0.0,0.0,0.0,-0.4145108759403229,11.800131797790527,0.179,6.482789516448975,2.3668453693389893,-133.75,0,,0,0.0,,,,,,,,
214.999,5,HOLD,-0.2599,11.8128,-2.0226,-0.3968,-0.2211,0.492,0.0,0.0,0.0,-0.4145108759403229,11.800131797790527,0.1551,6.482789516448975,2.3668453693389893,-133.75,0,,0,0.0,,,,,,,,
215.049,5,HOLD,-0.2781,11.8027,-2.028,-0.3888,-0.2143,0.4919,0.0,0.0,0.0,-0.4145108759403229,11.800131797790527,0.1364,6.482789516448975,2.3668453693389893,-133.75,0,,0,0.0,,,,,,,,
215.1,5,HOLD,-0.2957,11.793,-2.0325,-0.3799,-0.2069,0.4918,0.0,0.0,0.0,-0.4145108759403229,11.800131797790527,0.119,6.482789516448975,2.3668453693389893,-133.75,0,,0,0.0,,,,,,,,
215.149,5,HOLD,-0.3183,11.7829,-2.0363,-0.3687,-0.1966,0.4917,0.0,0.0,0.0,-0.4145108759403229,11.800131797790527,0.0977,6.482789516448975,2.3668453693389893,-133.75,0,,0,0.0,,,,,,,,
215.199,5,HOLD,-0.3372,11.7752,-2.0384,-0.3587,-0.1873,0.4916,0.0,0.0,0.0,-0.4145108759403229,11.800131797790527,0.0812,6.482789516448975,2.3668453693389893,-133.75,0,,0,0.0,,,,,,,,
215.249,5,HOLD,-0.355,11.7679,-2.0399,-0.348,-0.1779,0.4916,0.0,0.0,0.0,-0.4145108759403229,11.800131797790527,0.0676,6.482789516448975,2.3668453693389893,-133.75,0,,0,0.0,,,,,,,,
215.299,5,HOLD,-0.3749,11.7637,-2.0408,-0.334,-0.1646,0.4915,0.0,0.0,0.0,-0.4145108759403229,11.800131797790527,0.0538,6.482789516448975,2.3668453693389893,-133.75,0,,0,0.0,,,,,,,,
215.349,5,HOLD,-0.3935,11.7603,-2.041,-0.3189,-0.1512,0.4914,0.0,0.0,0.0,-0.4145108759403229,11.800131797790527,0.045,6.482789516448975,2.3668453693389893,-133.75,0,,0,0.0,,,,,,,,
215.399,5,HOLD,-0.4081,11.7576,-2.0408,-0.3058,-0.1404,0.4913,0.0,0.0,0.0,-0.4145108759403229,11.800131797790527,0.043,6.482789516448975,2.3668453693389893,-133.75,0,,0,0.0,,,,,,,,
215.449,5,HOLD,-0.4235,11.7549,-2.0405,-0.2888,-0.1279,0.4911,0.0,0.0,0.0,-0.4145108759403229,11.800131797790527,0.0461,6.482789516448975,2.3668453693389893,-133.75,0,,0,0.0,,,,,,,,
215.499,5,HOLD,-0.4355,11.7527,-2.0399,-0.2744,-0.1181,0.4909,0.0,0.0,0.0,-0.4145108759403229,11.800131797790527,0.0519,6.482789516448975,2.3668453693389893,-133.75,0,,0,0.0,,,,,,,,
215.549,5,HOLD,-0.4468,11.7506,-2.0391,-0.2597,-0.1091,0.4908,0.0,0.0,0.0,-0.4145108759403229,11.800131797790527,0.0591,6.482789516448975,2.3668453693389893,-133.75,0,,0,0.0,,,,,,,,
215.599,5,HOLD,-0.4614,11.7494,-2.0361,-0.2424,-0.0989,0.4907,0.0,0.0,0.0,-0.4145108759403229,11.800131797790527,0.0691,6.482789516448975,2.3668453693389893,-133.75,0,,0,0.0,,,,,,,,
215.649,5,HOLD,-0.4725,11.7483,-2.0335,-0.228,-0.0911,0.4907,0.0,0.0,0.0,-0.4145108759403229,11.800131797790527,0.0778,6.482789516448975,2.3668453693389893,-133.75,0,,0,0.0,,,,,,,,
215.699,5,HOLD,-0.4825,11.7459,-2.0313,-0.2098,-0.0829,0.4908,0.0,0.0,0.0,-0.4145108759403229,11.800131797790527,0.087,6.482789516448975,2.3668453693389893,-133.75,0,,0,0.0,,,,,,,,
215.749,5,HOLD,-0.4866,11.7422,-2.0306,-0.1933,-0.0771,0.4909,0.0,0.0,0.0,-0.4145108759403229,11.800131797790527,0.0924,6.482789516448975,2.3668453693389893,-133.75,0,,0,0.0,,,,,,,,
215.799,5,HOLD,-0.4904,11.7389,-2.0298,-0.1773,-0.0716,0.4909,0.0,0.0,0.0,-0.4145108759403229,11.800131797790527,0.0975,6.482789516448975,2.3668453693389893,-133.75,0,,0,0.0,,,,,,,,
215.849,5,HOLD,-0.4928,11.7346,-2.0302,-0.158,-0.0656,0.491,0.0,0.0,0.0,-0.4145108759403229,11.800131797790527,0.1021,6.482789516448975,2.3668453693389893,-133.75,0,,0,0.0,,,,,,,,
215.899,5,HOLD,-0.4916,11.7305,-2.0324,-0.1418,-0.0609,0.4911,0.0,0.0,0.0,-0.4145108759403229,11.800131797790527,0.1039,6.482789516448975,2.3668453693389893,-133.75,0,,0,0.0,,,,,,,,
215.949,5,HOLD,-0.4904,11.726,-2.0345,-0.1238,-0.0554,0.4911,0.0,0.0,0.0,-0.4145108759403229,11.800131797790527,0.1061,6.482789516448975,2.3668453693389893,-133.75,0,,0,0.0,,,,,,,,
215.999,5,HOLD,-0.4901,11.7234,-2.0346,-0.1102,-0.0504,0.4912,0.0,0.0,0.0,-0.4145108759403229,11.800131797790527,0.1077,6.482789516448975,2.3668453693389893,-133.75,0,,0,0.0,,,,,,,,
216.049,5,HOLD,-0.4906,11.7223,-2.0331,-0.098,-0.0449,0.4913,0.0,0.0,0.0,-0.4145108759403229,11.800131797790527,0.1088,6.482789516448975,2.3668453693389893,-133.75,0,,0,0.0,,,,,,,,
216.099,5,HOLD,-0.4911,11.7211,-2.0311,-0.0848,-0.0382,0.4915,0.0,0.0,0.0,-0.4145108759403229,11.800131797790527,0.1101,6.482789516448975,2.3668453693389893,-133.75,0,,0,0.0,,,,,,,,
216.149,5,HOLD,-0.4909,11.7202,-2.0268,-0.0749,-0.0329,0.4918,0.0,0.0,0.0,-0.4145108759403229,11.800131797790527,0.1106,6.482789516448975,2.3668453693389893,-133.75,0,,0,0.0,,,,,,,,
216.199,5,HOLD,-0.4903,11.7194,-2.021,-0.0657,-0.0278,0.4919,0.0,0.0,0.0,-0.4145108759403229,11.800131797790527,0.1107,6.482789516448975,2.3668453693389893,-133.75,0,,0,0.0,,,,,,,,
216.249,5,HOLD,-0.4896,11.7186,-2.0149,-0.0557,-0.0219,0.4921,0.0,0.0,0.0,-0.4145108759403229,11.800131797790527,0.1108,6.482789516448975,2.3668453693389893,-133.75,0,,0,0.0,,,,,,,,
216.299,5,HOLD,-0.4892,11.718,-2.0076,-0.0478,-0.0172,0.4921,0.0,0.0,0.0,-0.4145108759403229,11.800131797790527,0.111,6.482789516448975,2.3668453693389893,-133.75,0,,0,0.0,,,,,,,,
216.349,5,HOLD,-0.4887,11.7174,-1.998,-0.0388,-0.012,0.4921,0.0,0.0,0.0,-0.4145108759403229,11.800131797790527,0.1111,6.482789516448975,2.3668453693389893,-133.75,0,,0,0.0,,,,,,,,
216.399,5,HOLD,-0.4882,11.7171,-1.9911,-0.0319,-0.0079,0.4921,0.0,0.0,0.0,-0.4145108759403229,11.800131797790527,0.111,6.482789516448975,2.3668453693389893,-133.75,0,,0,0.0,,,,,,,,
216.449,5,HOLD,-0.4857,11.7173,-1.9806,-0.0235,-0.0031,0.4919,0.0,0.0,0.0,-0.4145108759403229,11.800131797790527,0.1092,6.482789516448975,2.3668453693389893,-133.75,0,,0,0.0,,,,,,,,
216.499,5,HOLD,-0.4833,11.7176,-1.9727,-0.0169,0.0006,0.4918,0.0,0.0,0.0,-0.4145108759403229,11.800131797790527,0.1074,6.482789516448975,2.3668453693389893,-133.75,0,,0,0.0,,,,,,,,
216.55,5,HOLD,-0.4807,11.7182,-1.9649,-0.0099,0.0047,0.4917,0.0,0.0,0.0,-0.4145108759403229,11.800131797790527,0.1053,6.482789516448975,2.3668453693389893,-133.75,0,,0,0.0,,,,,,,,
216.599,5,HOLD,-0.4801,11.7192,-1.9617,-0.005,0.0081,0.4914,0.0,0.0,0.0,-0.4145108759403229,11.800131797790527,0.1042,6.482789516448975,2.3668453693389893,-133.75,0,,0,0.0,,,,,,,,
216.649,5,HOLD,-0.4793,11.7204,-1.959,0.0001,0.0118,0.4911,0.0,0.0,0.0,-0.4145108759403229,11.800131797790527,0.1028,6.482789516448975,2.3668453693389893,-133.75,0,,0,0.0,,,,,,,,
216.699,5,HOLD,-0.4785,11.7214,-1.9575,0.0036,0.0146,0.4908,0.0,0.0,0.0,-0.4145108759403229,11.800131797790527,0.1014,6.482789516448975,2.3668453693389893,-133.75,0,,0,0.0,,,,,,,,
216.749,5,HOLD,-0.4767,11.7218,-1.9589,0.0069,0.0167,0.4906,0.0,0.0,0.0,-0.4145108759403229,11.800131797790527,0.1001,6.482789516448975,2.3668453693389893,-133.75,0,,0,0.0,,,,,,,,
216.799,5,HOLD,-0.4747,11.7223,-1.9609,0.0103,0.0189,0.4905,0.0,0.0,0.0,-0.4145108759403229,11.800131797790527,0.0984,6.482789516448975,2.3668453693389893,-133.75,0,,0,0.0,,,,,,,,
216.849,5,HOLD,-0.4727,11.7233,-1.9624,0.0128,0.0207,0.4904,0.0,0.0,0.0,-0.4145108759403229,11.800131797790527,0.0964,6.482789516448975,2.3668453693389893,-133.75,0,,0,0.0,,,,,,,,
216.899,5,HOLD,-0.469,11.7266,-1.9632,0.016,0.0235,0.4904,0.0,0.0,0.0,-0.4145108759403229,11.800131797790527,0.0915,6.482789516448975,2.3668453693389893,-133.75,0,,0,0.0,,,,,,,,
216.949,5,HOLD,-0.4661,11.7293,-1.964,0.0181,0.0256,0.4905,0.0,0.0,0.0,-0.4145108759403229,11.800131797790527,0.0877,6.482789516448975,2.3668453693389893,-133.75,0,,0,0.0,,,,,,,,
216.999,5,HOLD,-0.4624,11.7325,-1.9672,0.0204,0.028,0.4906,0.0,0.0,0.0,-0.4145108759403229,11.800131797790527,0.0828,6.482789516448975,2.3668453693389893,-133.75,0,,0,0.0,,,,,,,,
217.049,5,HOLD,-0.4587,11.7357,-1.9729,0.0222,0.0299,0.4908,0.0,0.0,0.0,-0.4145108759403229,11.800131797790527,0.0781,6.482789516448975,2.3668453693389893,-133.75,0,,0,0.0,,,,,,,,
217.099,5,HOLD,-0.4545,11.7392,-1.9792,0.0237,0.0318,0.4909,0.0,0.0,0.0,-0.4145108759403229,11.800131797790527,0.0729,6.482789516448975,2.3668453693389893,-133.75,0,,0,0.0,,,,,,,,
217.149,5,HOLD,-0.4499,11.7439,-1.9839,0.0251,0.0337,0.491,0.0,0.0,0.0,-0.4145108759403229,11.800131797790527,0.0664,6.482789516448975,2.3668453693389893,-133.75,0,,0,0.0,,,,,,,,
217.199,5,HOLD,-0.4457,11.7487,-1.9868,0.026,0.0354,0.491,0.0,0.0,0.0,-0.4145108759403229,11.800131797790527,0.0601,6.482789516448975,2.3668453693389893,-133.75,0,,0,0.0,,,,,,,,
217.249,5,HOLD,-0.4411,11.754,-1.9898,0.0265,0.0368,0.491,0.0,0.0,0.0,-0.4145108759403229,11.800131797790527,0.0533,6.482789516448975,2.3668453693389893,-133.75,0,,0,0.0,,,,,,,,
217.299,5,HOLD,-0.4341,11.7588,-1.9923,0.0277,0.0377,0.4909,0.0,0.0,0.0,-0.4145108759403229,11.800131797790527,0.0457,6.482789516448975,2.3668453693389893,-133.75,0,,0,0.0,,,,,,,,
217.349,5,HOLD,-0.4269,11.7635,-1.9945,0.0286,0.0382,0.4909,0.0,0.0,0.0,-0.4145108759403229,11.800131797790527,0.0386,6.482789516448975,2.3668453693389893,-133.75,0,,0,0.0,,,,,,,,
217.399,5,HOLD,-0.4192,11.7687,-1.9968,0.0289,0.0381,0.4908,0.0,0.0,0.0,-0.4145108759403229,11.800131797790527,0.0318,6.482789516448975,2.3668453693389893,-133.75,0,,0,0.0,,,,,,,,
217.449,5,HOLD,-0.4127,11.7699,-2.0012,0.0289,0.0363,0.4908,0.0,0.0,0.0,-0.4145108759403229,11.800131797790527,0.0303,6.482789516448975,2.3668453693389893,-133.75,0,,0,0.0,,,,,,,,
217.499,5,HOLD,-0.4066,11.7704,-2.0056,0.0284,0.0338,0.4908,0.0,0.0,0.0,-0.4145108759403229,11.800131797790527,0.0308,6.482789516448975,2.3668453693389893,-133.75,0,,0,0.0,,,,,,,,
217.55,5,HOLD,-0.4012,11.7709,-2.0095,0.0272,0.0312,0.4908,0.0,0.0,0.0,-0.4145108759403229,11.800131797790527,0.0322,6.482789516448975,2.3668453693389893,-133.75,0,,0,0.0,,,,,,,,
217.6,5,HOLD,-0.3975,11.77,-2.0143,0.0245,0.0274,0.4907,0.0,0.0,0.0,-0.4145108759403229,11.800131797790527,0.0346,6.482789516448975,2.3668453693389893,-133.75,0,,0,0.0,,,,,,,,
217.65,5,HOLD,-0.3952,11.7692,-2.0177,0.0216,0.0245,0.4907,0.0,0.0,0.0,-0.4145108759403229,11.800131797790527,0.0365,6.482789516448975,2.3668453693389893,-133.75,0,,0,0.0,,,,,,,,
217.699,5,HOLD,-0.3928,11.7683,-2.0212,0.0177,0.0213,0.4906,0.0,0.0,0.0,-0.4145108759403229,11.800131797790527,0.0385,6.482789516448975,2.3668453693389893,-133.75,0,,0,0.0,,,,,,,,
217.75,5,HOLD,-0.3908,11.7655,-2.023,0.0133,0.0177,0.4905,0.0,0.0,0.0,-0.4145108759403229,11.800131797790527,0.042,6.482789516448975,2.3668453693389893,-133.75,0,,0,0.0,,,,,,,,
217.799,5,HOLD,-0.3894,11.7634,-2.0242,0.0096,0.0152,0.4904,0.0,0.0,0.0,-0.4145108759403229,11.800131797790527,0.0445,6.482789516448975,2.3668453693389893,-133.75,0,,0,0.0,,,,,,,,
217.849,5,HOLD,-0.3883,11.7615,-2.0251,0.0059,0.0132,0.4903,0.0,0.0,0.0,-0.4145108759403229,11.800131797790527,0.0466,6.482789516448975,2.3668453693389893,-133.75,0,,0,0.0,,,,,,,,
217.899,5,HOLD,-0.3871,11.7579,-2.0253,0.0017,0.0106,0.4902,0.0,0.0,0.0,-0.4145108759403229,11.800131797790527,0.0504,6.482789516448975,2.3668453693389893,-133.75,0,,0,0.0,,,,,,,,
217.949,5,HOLD,-0.3863,11.7552,-2.0254,-0.0016,0.009,0.4902,0.0,0.0,0.0,-0.4145108759403229,11.800131797790527,0.053,6.482789516448975,2.3668453693389893,-133.75,0,,0,0.0,,,,,,,,
217.999,5,HOLD,-0.3856,11.7526,-2.025,-0.0054,0.0077,0.4902,0.0,0.0,0.0,-0.4145108759403229,11.800131797790527,0.0557,6.482789516448975,2.3668453693389893,-133.75,0,,0,0.0,,,,,,,,
218.05,5,HOLD,-0.385,11.751,-2.0241,-0.0083,0.0072,0.4902,0.0,0.0,0.0,-0.4145108759403229,11.800131797790527,0.0573,6.482789516448975,2.3668453693389893,-133.75,0,,0,0.0,,,,,,,,
218.099,5,HOLD,-0.3847,11.7496,-2.0233,-0.011,0.0071,0.4903,0.0,0.0,0.0,-0.4145108759403229,11.800131797790527,0.0587,6.482789516448975,2.3668453693389893,-133.75,0,,0,0.0,,,,,,,,
218.149,5,HOLD,-0.3844,11.7491,-2.023,-0.0136,0.0077,0.4904,0.0,0.0,0.0,-0.4145108759403229,11.800131797790527,0.0593,6.482789516448975,2.3668453693389893,-133.75,0,,0,0.0,,,,,,,,
