t,run_id,state,pos_n,pos_e,alt,vel_n,vel_e,yaw,cmd_vx,cmd_vy,speed,target_n,target_e,dist_to_target,front_dist,min_threat,min_threat_angle,collision,ok,n_obs,compute_ms,heading_score,clearance_score,velocity_score,heading_term,clearance_term,velocity_term,total,safe_dist
0.049,0,INIT,-0.0555,-0.024,-0.5089,-0.0065,0.0093,1.5697,0.0,0.0,0.0,,,,,,0.0,0,,0,0.0,,,,,,,,
0.099,0,INIT,-0.0548,-0.0194,-0.5114,-0.0065,0.0109,1.5697,0.0,0.0,0.0,,,,,,0.0,0,,0,0.0,,,,,,,,
0.149,0,INIT,-0.0544,-0.0161,-0.5134,-0.0065,0.0122,1.5697,0.0,0.0,0.0,,,,,,0.0,0,,0,0.0,,,,,,,,
0.199,0,INIT,-0.0535,-0.0127,-0.5168,-0.0062,0.0132,1.5695,0.0,0.0,0.0,,,,,,0.0,0,,0,0.0,,,,,,,,
0.249,0,INIT,-0.052,-0.0106,-0.5215,-0.0055,0.0137,1.5695,0.0,0.0,0.0,,,,,,0.0,0,,0,0.0,,,,,,,,
0.299,0,INIT,-0.0508,-0.0087,-0.5257,-0.0048,0.0141,1.5695,0.0,0.0,0.0,,,,,,0.0,0,,0,0.0,,,,,,,,
0.349,0,INIT,-0.0496,-0.0066,-0.5313,-0.0043,0.0149,1.5695,0.0,0.0,0.0,,,,,,0.0,0,,0,0.0,,,,,,,,
0.399,0,INIT,-0.0489,-0.0046,-0.538,-0.0043,0.016,1.5695,0.0,0.0,0.0,,,,,,0.0,0,,0,0.0,,,,,,,,
0.449,0,INIT,-0.0484,-0.003,-0.543,-0.0044,0.0169,1.5694,0.0,0.0,0.0,,,,,,0.0,0,,0,0.0,,,,,,,,
0.499,0,INIT,-0.0494,-0.0032,-0.5503,-0.0045,0.0163,1.5692,0.0,0.0,0.0,,,,,,0.0,0,,0,0.0,,,,,,,,
0.549,0,INIT,-0.0506,-0.0041,-0.5566,-0.0047,0.0154,1.569,0.0,0.0,0.0,,,,,,0.0,0,,0,0.0,,,,,,,,
0.599,0,INIT,-0.0519,-0.005,-0.5633,-0.0049,0.0144,1.5698,0.0,0.0,0.0,,,,,,0.0,0,,0,0.0,,,,,,,,
0.649,0,INIT,-0.048,-0.0055,-0.5663,-0.0025,0.0134,1.5709,0.0,0.0,0.0,,,,,,0.0,0,,0,0.0,,,,,,,,
0.699,0,INIT,-0.0425,-0.0059,-0.5691,0.0009,0.0123,1.5723,0.0,0.0,0.0,,,,,,0.0,0,,0,0.0,,,,,,,,
0.749,0,INIT,-0.0383,-0.0062,-0.5712,0.0034,0.0115,1.5732,0.0,0.0,0.0,,,,,,0.0,0,,0,0.0,,,,,,,,
0.799,0,INIT,-0.0348,-0.006,-0.5633,0.0052,0.0108,1.5735,0.0,0.0,0.0,,,,,,0.0,0,,0,0.0,,,,,,,,
0.849,0,INIT,-0.0322,-0.0058,-0.5577,0.0064,0.0104,1.5734,0.0,0.0,0.0,,,,,,0.0,0,,0,0.0,,,,,,,,
0.899,0,INIT,-0.0298,-0.006,-0.5516,0.0077,0.0098,1.573,0.0,0.0,0.0,,,,,,0.0,0,,0,0.0,,,,,,,,
0.949,0,INIT,-0.0293,-0.0076,-0.5455,0.0087,0.0088,1.5726,0.0,0.0,0.0,,,,,,0.0,0,,0,0.0,,,,,,,,
0.999,0,INIT,-0.0288,-0.0087,-0.5412,0.0094,0.008,1.5723,0.0,0.0,0.0,,,,,,0.0,0,,0,0.0,,,,,,,,
1.049,0,INIT,-0.03,-0.0107,-0.5374,0.0093,0.0071,1.5719,0.0,0.0,0.0,,,,,,0.0,0,,0,0.0,,,,,,,,
1.099,0,TAKEOFF,-0.0335,-0.0133,-0.5357,0.0079,0.006,1.572,0.0,0.0,0.0,,,,,,0.0,0,,0,0.0,,,,,,,,
1.149,0,TAKEOFF,-0.0372,-0.016,-0.534,0.0063,0.0049,1.5723,0.0,0.0,0.0,,,,,,0.0,0,,0,0.0,,,,,,,,
1.199,0,TAKEOFF,-0.039,-0.016,-0.5323,0.0057,0.0048,1.5724,0.0,0.0,0.0,,,,,,0.0,0,,0,0.0,,,,,,,,
1.249,0,TAKEOFF,-0.0404,-0.0146,-0.5303,0.0054,0.0051,1.5724,0.0,0.0,0.0,,,,,,0.0,0,,0,0.0,,,,,,,,
1.299,0,TAKEOFF,-0.0413,-0.0136,-0.5289,0.0052,0.0054,1.5725,0.0,0.0,0.0,,,,,,0.0,0,,0,0.0,,,,,,,,
1.35,0,TAKEOFF,-0.0453,-0.0128,-0.527,0.0035,0.0053,1.5726,0.0,0.0,0.0,,,,,,0.0,0,,0,0.0,,,,,,,,
1.399,0,TAKEOFF,-0.0494,-0.0124,-0.5255,0.0018,0.0052,1.5728,0.0,0.0,0.0,,,,,,0.0,0,,0,0.0,,,,,,,,
1.449,0,TAKEOFF,-0.0538,-0.012,-0.524,-0.0001,0.0051,1.5741,0.0,0.0,0.0,,,,,,0.0,0,,0,0.0,,,,,,,,
1.499,0,TAKEOFF,-0.0565,-0.0134,-0.521,-0.0012,0.0043,1.5752,0.0,0.0,0.0,,,,,,0.0,0,,0,0.0,,,,,,,,
1.549,0,TAKEOFF,-0.0591,-0.0155,-0.5175,-0.0024,0.0033,1.576,0.0,0.0,0.0,,,,,,0.0,0,,0,0.0,,,,,,,,
1.599,0,TAKEOFF,-0.0623,-0.0165,-0.5149,-0.0037,0.0029,1.5764,0.0,0.0,0.0,,,,,,0.0,0,,0,0.0,,,,,,,,
1.649,0,TAKEOFF,-0.0678,-0.0142,-0.5141,-0.0063,0.0043,1.5766,0.0,0.0,0.0,,,,,,0.0,0,,0,0.0,,,,,,,,
1.699,0,TAKEOFF,-0.0727,-0.0121,-0.5136,-0.0085,0.0055,1.5767,0.0,0.0,0.0,,,,,,0.0,0,,0,0.0,,,,,,,,
1.749,0,TAKEOFF,-0.078,-0.01,-0.514,-0.011,0.0067,1.5767,0.0,0.0,0.0,,,,,,0.0,0,,0,0.0,,,,,,,,
1.799,0,TAKEOFF,-0.0823,-0.009,-0.5184,-0.0131,0.0071,1.5769,0.0,0.0,0.0,,,,,,0.0,0,,0,0.0,,,,,,,,
1.85,0,TAKEOFF,-0.0856,-0.0082,-0.5217,-0.0148,0.0075,1.5774,0.0,0.0,0.0,,,,,,0.0,0,,0,0.0,,,,,,,,
1.899,0,TAKEOFF,-0.0881,-0.0074,-0.5251,-0.0159,0.008,1.578,0.0,0.0,0.0,,,,,,0.0,0,,0,0.0,,,,,,,,
1.95,0,TAKEOFF,-0.0898,-0.0063,-0.5295,-0.0166,0.0089,1.5781,0.0,0.0,0.0,,,,,,0.0,0,,0,0.0,,,,,,,,
1.999,0,TAKEOFF,-0.0912,-0.0055,-0.5328,-0.0172,0.0096,1.5781,0.0,0.0,0.0,,,,,,0.0,0,,0,0.0,,,,,,,,
2.049,0,TAKEOFF,-0.0942,-0.0039,-0.5364,-0.0182,0.0106,1.5782,0.0,0.0,0.0,,,,,,0.0,0,,0,0.0,,,,,,,,
2.099,0,TAKEOFF,-0.0976,-0.0022,-0.5393,-0.0193,0.0117,1.5777,0.0,0.0,0.0,,,,,,0.0,0,,0,0.0,,,,,,,,
2.149,0,TAKEOFF,-0.1012,-0.0003,-0.5425,-0.0206,0.0128,1.577,0.0,0.0,0.0,,,,,,0.0,0,,0,0.0,,,,,,,,
2.199,0,TAKEOFF,-0.1036,0.001,-0.5468,-0.0212,0.0135,1.576,0.0,0.0,0.0,,,,,,0.0,0,,0,0.0,,,,,,,,
2.249,0,TAKEOFF,-0.105,0.0018,-0.5507,-0.0216,0.0141,1.5755,0.0,0.0,0.0,,,,,,0.0,0,,0,0.0,,,,,,,,
2.299,0,TAKEOFF,-0.1063,0.0026,-0.5542,-0.0219,0.0145,1.5756,0.0,0.0,0.0,,,,,,0.0,0,,0,0.0,,,,,,,,
2.349,0,TAKEOFF,-0.1118,0.0025,-0.56,-0.0231,0.0142,1.5761,0.0,0.0,0.0,,,,,,0.0,0,,0,0.0,,,,,,,,
2.399,0,TAKEOFF,-0.1174,0.0022,-0.5655,-0.0243,0.0137,1.5768,0.0,0.0,0.0,,,,,,0.0,0,,0,0.0,,,,,,,,
2.449,0,TAKEOFF,-0.1215,0.002,-0.5696,-0.0252,0.0134,1.5773,0.0,0.0,0.0,,,,,,0.0,0,,0,0.0,,,,,,,,
2.499,0,TAKEOFF,-0.1236,0.007,-0.5734,-0.0248,0.0156,1.5776,0.0,0.0,0.0,,,,,,0.0,0,,0,0.0,,,,,,,,
2.549,0,TAKEOFF,-0.1252,0.0108,-0.5762,-0.0246,0.0173,1.5778,0.0,0.0,0.0,,,,,,0.0,0,,0,0.0,,,,,,,,
2.599,0,TAKEOFF,-0.1266,0.0142,-0.5789,-0.0244,0.0188,1.5778,0.0,0.0,0.0,,,,,,0.0,0,,0,0.0,,,,,,,,
2.649,0,TAKEOFF,-0.1298,0.0175,-0.5799,-0.0245,0.0194,1.5777,0.0,0.0,0.0,,,,,,0.0,0,,0,0.0,,,,,,,,
2.699,0,TAKEOFF,-0.1326,0.0205,-0.5809,-0.0245,0.02,1.577,0.0,0.0,0.0,,,,,,0.0,0,,0,0.0,,,,,,,,
2.749,0,TAKEOFF,-0.1341,0.0225,-0.5816,-0.0243,0.0202,1.5766,0.0,0.0,0.0,,,,,,0.0,0,,0,0.0,,,,,,,,
2.799,0,TAKEOFF,-0.1346,0.0243,-0.5822,-0.0238,0.02,1.5763,0.0,0.0,0.0,,,,,,0.0,0,,0,0.0,,,,,,,,
2.849,0,TAKEOFF,-0.1352,0.0261,-0.5829,-0.0232,0.0199,1.5761,0.0,0.0,0.0,,,,,,0.0,0,,0,0.0,,,,,,,,
2.899,0,TAKEOFF,-0.1368,0.028,-0.5821,-0.0233,0.0201,1.5761,0.0,0.0,0.0,,,,,,0.0,0,,0,0.0,,,,,,,,
2.949,0,TAKEOFF,-0.1398,0.0306,-0.5794,-0.0241,0.0208,1.5768,0.0,0.0,0.0,,,,,,0.0,0,,0,0.0,,,,,,,,
2.999,0,TAKEOFF,-0.1432,0.0334,-0.5767,-0.025,0.0216,1.578,0.0,0.0,0.0,,,,,,0.0,0,,0,0.0,,,,,,,,
3.049,0,TAKEOFF,-0.1466,0.0345,-0.574,-0.0258,0.0215,1.5793,0.0,0.0,0.0,,,,,,0.0,0,,0,0.0,,,,,,,,
3.099,0,TAKEOFF,-0.151,0.035,-0.5706,-0.027,0.021,1.5802,0.0,0.0,0.0,,,,,,0.0,0,,0,0.0,,,,,,,,
3.149,0,TAKEOFF,-0.155,0.0355,-0.5679,-0.0279,0.0205,1.5805,0.0,0.0,0.0,,,,,,0.0,0,,0,0.0,,,,,,,,
3.199,0,TAKEOFF,-0.1535,0.0364,-0.567,-0.0268,0.0205,1.5804,0.0,0.0,0.0,,,,,,0.0,0,,0,0.0,,,,,,,,
3.249,0,TAKEOFF,-0.1512,0.0375,-0.5666,-0.0254,0.0205,1.58,0.0,0.0,0.0,,,,,,0.0,0,,0,0.0,,,,,,,,
3.299,0,TAKEOFF,-0.1488,0.0387,-0.5664,-0.0239,0.0206,1.5795,0.0,0.0,0.0,,,,,,0.0,0,,0,0.0,,,,,,,,
3.35,0,TAKEOFF,-0.146,0.0386,-0.5635,-0.0222,0.0204,1.579,0.0,0.0,0.0,,,,,,0.0,0,,0,0.0,,,,,,,,
3.399,0,TAKEOFF,-0.1423,0.0382,-0.5591,-0.02,0.02,1.5785,0.0,0.0,0.0,,,,,,0.0,0,,0,0.0,,,,,,,,
3.449,0,TAKEOFF,-0.139,0.038,-0.5553,-0.018,0.0198,1.5786,0.0,0.0,0.0,,,,,,0.0,0,,0,0.0,,,,,,,,
3.499,0,TAKEOFF,-0.1319,0.0382,-0.5489,-0.0146,0.0194,1.5791,0.0,0.0,0.0,,,,,,0.0,0,,0,0.0,,,,,,,,
3.549,0,TAKEOFF,-0.1254,0.0387,-0.5433,-0.0117,0.0191,1.5795,0.0,0.0,0.0,,,,,,0.0,0,,0,0.0,,,,,,,,
3.599,0,TAKEOFF,-0.1195,0.0391,-0.5385,-0.009,0.0189,1.5799,0.0,0.0,0.0,,,,,,0.0,0,,0,0.0,,,,,,,,
3.649,0,TAKEOFF,-0.1135,0.037,-0.533,-0.0066,0.0172,1.5801,0.0,0.0,0.0,,,,,,0.0,0,,0,0.0,,,,,,,,
3.699,0,TAKEOFF,-0.1091,0.0343,-0.5288,-0.005,0.0153,1.5802,0.0,0.0,0.0,,,,,,0.0,0,,0,0.0,,,,,,,,
3.749,0,TAKEOFF,-0.1046,0.0316,-0.5245,-0.0034,0.0134,1.5802,0.0,0.0,0.0,,,,,,0.0,0,,0,0.0,,,,,,,,
3.799,0,TAKEOFF,-0.0991,0.028,-0.5238,-0.0011,0.0109,1.58,0.0,0.0,0.0,,,,,,0.0,0,,0,0.0,,,,,,,,
3.849,0,TAKEOFF,-0.0948,0.0251,-0.5238,0.0006,0.009,1.5796,0.0,0.0,0.0,,,,,,0.0,0,,0,0.0,,,,,,,,
3.899,0,TAKEOFF,-0.0907,0.0218,-0.5239,0.0023,0.0068,1.579,0.0,0.0,0.0,,,,,,0.0,0,,0,0.0,,,,,,,,
3.949,0,TAKEOFF,-0.0893,0.0178,-0.5243,0.0031,0.0044,1.5782,0.0,0.0,0.0,,,,,,0.0,0,,0,0.0,,,,,,,,
3.999,0,TAKEOFF,-0.0884,0.0154,-0.5246,0.0036,0.003,1.5776,0.0,0.0,0.0,,,,,,0.0,0,,0,0.0,,,,,,,,
4.049,0,TAKEOFF,-0.0871,0.0121,-0.5247,0.0043,0.001,1.5768,0.0,0.0,0.0,,,,,,0.0,0,,0,0.0,,,,,,,,
4.099,0,TAKEOFF,-0.0853,0.0093,-0.5223,0.005,-0.0007,1.5763,0.0,0.0,0.0,,,,,,0.0,0,,0,0.0,,,,,,,,
4.149,0,TAKEOFF,-0.0839,0.0072,-0.5207,0.0056,-0.002,1.5759,0.0,0.0,0.0,,,,,,0.0,0,,0,0.0,,,,,,,,
4.199,0,TAKEOFF,-0.082,0.0053,-0.5209,0.0065,-0.0031,1.5757,0.0,0.0,0.0,,,,,,0.0,0,,0,0.0,,,,,,,,
4.249,0,TAKEOFF,-0.0786,0.0032,-0.5239,0.0082,-0.0044,1.5756,0.0,0.0,0.0,,,,,,0.0,0,,0,0.0,,,,,,,,
4.3,0,TAKEOFF,-0.076,0.0016,-0.5262,0.0094,-0.0052,1.5755,0.0,0.0,0.0,,,,,,0.0,0,,0,0.0,,,,,,,,
4.349,0,TAKEOFF,-0.0752,0.0007,-0.5294,0.01,-0.0059,1.5753,0.0,0.0,0.0,,,,,,0.0,0,,0,0.0,,,,,,,,
4.399,0,TAKEOFF,-0.0762,0.0006,-0.5329,0.0097,-0.0063,1.5753,0.0,0.0,0.0,,,,,,0.0,0,,0,0.0,,,,,,,,
4.449,0,TAKEOFF,-0.0769,0.0004,-0.5356,0.0095,-0.0067,1.5752,0.0,0.0,0.0,,,,,,0.0,0,,0,0.0,,,,,,,,
4.499,0,TAKEOFF,-0.0773,0.0004,-0.537,0.0093,-0.0067,1.575,0.0,0.0,0.0,,,,,,0.0,0,,0,0.0,,,,,,,,
4.549,0,TAKEOFF,-0.0775,0.0005,-0.5379,0.0091,-0.0066,1.5746,0.0,0.0,0.0,,,,,,0.0,0,,0,0.0,,,,,,,,
4.599,0,TAKEOFF,-0.0777,0.0005,-0.5387,0.009,-0.0058,1.5743,0.0,0.0,0.0,,,,,,0.0,0,,0,0.0,,,,,,,,
4.649,0,TAKEOFF,-0.0794,0.0005,-0.5403,0.0085,0.0016,1.5739,0.0,0.0,0.0,,,,,,0.0,0,,0,0.0,,,,,,,,
4.699,0,TAKEOFF,-0.0811,0.001,-0.5423,0.0102,0.0142,1.5737,0.0,0.0,0.0,,,,,,0.0,0,,0,0.0,,,,,,,,
4.749,0,TAKEOFF,-0.0822,0.0018,-0.5444,0.0153,0.0248,1.5749,0.0,0.0,0.0,,,,,,0.0,0,,0,0.0,,,,,,,,
4.799,0,TAKEOFF,-0.0812,0.003,-0.5457,0.0175,0.0314,1.5768,0.0,0.0,0.0,,,,,,0.0,0,,0,0.0,,,,,,,,
4.849,0,TAKEOFF,-0.08,0.0048,-0.5484,0.0194,0.0427,1.5788,0.0,0.0,0.0,,,,,,0.0,0,,0,0.0,,,,,,,,
4.899,0,TAKEOFF,-0.079,0.0068,-0.5515,0.0232,0.0559,1.58,0.0,0.0,0.0,,,,,,0.0,0,,0,0.0,,,,,,,,
4.949,0,TAKEOFF,-0.081,0.0095,-0.5577,0.0287,0.074,1.5802,0.0,0.0,0.0,,,,,,0.0,0,,0,0.0,,,,,,,,
5.0,0,TAKEOFF,-0.0821,0.0125,-0.5637,0.0345,0.0892,1.5794,0.0,0.0,0.0,,,,,,0.0,0,,0,0.0,,,,,,,,
5.049,0,TAKEOFF,-0.0825,0.0175,-0.5709,0.0421,0.1063,1.5784,0.0,0.0,0.0,,,,,,0.0,0,,0,0.0,,,,,,,,
5.099,0,TAKEOFF,-0.0818,0.0233,-0.5764,0.0485,0.1192,1.5772,0.0,0.0,0.0,,,,,,0.0,0,,0,0.0,,,,,,,,
5.149,0,TAKEOFF,-0.0803,0.032,-0.5858,0.0565,0.1331,1.575,0.0,0.0,0.0,,,,,,0.0,0,,0,0.0,,,,,,,,
5.199,0,TAKEOFF,-0.08,0.0366,-0.5926,0.0602,0.1386,1.5735,0.0,0.0,0.0,,,,,,0.0,0,,0,0.0,,,,,,,,
5.249,0,TAKEOFF,-0.0804,0.043,-0.6046,0.0643,0.1437,1.5712,0.0,0.0,0.0,,,,,,0.0,0,,0,0.0,,,,,,,,
5.299,0,TAKEOFF,-0.0802,0.0496,-0.6177,0.0674,0.1458,1.5693,0.0,0.0,0.0,,,,,,0.0,0,,0,0.0,,,,,,,,
5.349,0,TAKEOFF,-0.0797,0.0554,-0.6292,0.0691,0.1457,1.5675,0.0,0.0,0.0,,,,,,0.0,0,,0,0.0,,,,,,,,
5.399,0,TAKEOFF,-0.0789,0.0612,-0.6414,0.0704,0.1441,1.5657,0.0,0.0,0.0,,,,,,0.0,0,,0,0.0,,,,,,,,
5.449,0,TAKEOFF,-0.0775,0.0681,-0.6567,0.0716,0.1406,1.563,0.0,0.0,0.0,,,,,,0.0,0,,0,0.0,,,,,,,,
5.5,0,TAKEOFF,-0.0771,0.0734,-0.6686,0.0724,0.1367,1.5609,0.0,0.0,0.0,,,,,,0.0,0,,0,0.0,,,,,,,,
5.549,0,TAKEOFF,-0.0765,0.0796,-0.6833,0.0731,0.1309,1.5585,0.0,0.0,0.0,,,,,,0.0,0,,0,0.0,,,,,,,,
5.599,0,TAKEOFF,-0.0754,0.0855,-0.6989,0.0737,0.124,1.5566,0.0,0.0,0.0,,,,,,0.0,0,,0,0.0,,,,,,,,
5.649,0,TAKEOFF,-0.0736,0.0908,-0.7101,0.0741,0.1177,1.5552,0.0,0.0,0.0,,,,,,0.0,0,,0,0.0,,,,,,,,
5.699,0,TAKEOFF,-0.0717,0.0958,-0.7221,0.0744,0.1107,1.554,0.0,0.0,0.0,,,,,,0.0,0,,0,0.0,,,,,,,,
5.749,0,TAKEOFF,-0.0697,0.1005,-0.7348,0.0744,0.1033,1.553,0.0,0.0,0.0,,,,,,0.0,0,,0,0.0,,,,,,,,
5.799,0,TAKEOFF,-0.0735,0.104,-0.751,0.0721,0.0925,1.552,0.0,0.0,0.0,,,,,,0.0,0,,0,0.0,,,,,,,,
5.849,0,TAKEOFF,-0.0759,0.1066,-0.7652,0.0701,0.0833,1.5514,0.0,0.0,0.0,,,,,,0.0,0,,0,0.0,,,,,,,,
5.899,0,TAKEOFF,-0.0779,0.1088,-0.7831,0.0678,0.0718,1.5509,0.0,0.0,0.0,,,,,,0.0,0,,0,0.0,,,,,,,,
5.949,0,TAKEOFF,-0.0783,0.1084,-0.8023,0.0661,0.0595,1.5505,0.0,0.0,0.0,,,,,,0.0,0,,0,0.0,,,,,,,,
5.999,0,TAKEOFF,-0.0784,0.108,-0.8186,0.0649,0.0495,1.5503,0.0,0.0,0.0,,,,,,0.0,0,,0,0.0,,,,,,,,
6.049,0,TAKEOFF,-0.076,0.1082,-0.8352,0.0646,0.0383,1.5502,0.0,0.0,0.0,,,,,,0.0,0,,0,0.0,,,,,,,,
6.099,0,TAKEOFF,-0.0708,0.1096,-0.8446,0.0657,0.0301,1.5507,0.0,0.0,0.0,,,,,,0.0,0,,0,0.0,,,,,,,,
6.149,0,TAKEOFF,-0.0658,0.1107,-0.8549,0.0668,0.0222,1.5515,0.0,0.0,0.0,,,,,,0.0,0,,0,0.0,,,,,,,,
6.199,0,TAKEOFF,-0.0598,0.1111,-0.8701,0.0679,0.0131,1.5525,0.0,0.0,0.0,,,,,,0.0,0,,0,0.0,,,,,,,,
6.249,0,TAKEOFF,-0.0547,0.1109,-0.8847,0.0683,0.0057,1.5532,0.0,0.0,0.0,,,,,,0.0,0,,0,0.0,,,,,,,,
6.299,0,TAKEOFF,-0.0499,0.1104,-0.8998,0.0681,-0.0015,1.5537,0.0,0.0,0.0,,,,,,0.0,0,,0,0.0,,,,,,,,
6.349,0,TAKEOFF,-0.0455,0.1084,-0.917,0.0664,-0.0104,1.5543,0.0,0.0,0.0,,,,,,0.0,0,,0,0.0,,,,,,,,
6.399,0,TAKEOFF,-0.0427,0.1056,-0.9308,0.0637,-0.0179,1.5548,0.0,0.0,0.0,,,,,,0.0,0,,0,0.0,,,,,,,,
6.449,0,TAKEOFF,-0.0401,0.1028,-0.9452,0.0606,-0.0252,1.5549,0.0,0.0,0.0,,,,,,0.0,0,,0,0.0,,,,,,,,
6.499,0,TAKEOFF,-0.034,0.0993,-0.9628,0.0576,-0.0334,1.5551,0.0,0.0,0.0,,,,,,0.0,0,,0,0.0,,,,,,,,
6.549,0,TAKEOFF,-0.0272,0.0957,-0.9809,0.0548,-0.0411,1.5552,0.0,0.0,0.0,,,,,,0.0,0,,0,0.0,,,,,,,,
6.6,0,TAKEOFF,-0.0221,0.0926,-0.9964,0.0523,-0.0469,1.5554,0.0,0.0,0.0,,,,,,0.0,0,,0,0.0,,,,,,,,
6.649,0,TAKEOFF,-0.0133,0.0897,-1.0151,0.0502,-0.0528,1.5559,0.0,0.0,0.0,,,,,,0.0,0,,0,0.0,,,,,,,,
6.699,0,TAKEOFF,-0.0062,0.0872,-1.0309,0.0483,-0.0572,1.5564,0.0,0.0,0.0,,,,,,0.0,0,,0,0.0,,,,,,,,
6.749,0,TAKEOFF,0.0001,0.0846,-1.0469,0.0459,-0.0611,1.557,0.0,0.0,0.0,,,,,,0.0,0,,0,0.0,,,,,,,,
6.799,0,TAKEOFF,0.0057,0.0793,-1.0646,0.0417,-0.0662,1.558,0.0,0.0,0.0,,,,,,0.0,0,,0,0.0,,,,,,,,
6.849,0,TAKEOFF,0.0102,0.0736,-1.0823,0.0367,-0.071,1.5591,0.0,0.0,0.0,,,,,,0.0,0,,0,0.0,,,,,,,,
6.899,0,TAKEOFF,0.0139,0.0688,-1.0969,0.0322,-0.0747,1.56,0.0,0.0,0.0,,,,,,0.0,0,,0,0.0,,,,,,,,
6.949,0,TAKEOFF,0.0186,0.0633,-1.1108,0.0276,-0.0784,1.5609,0.0,0.0,0.0,,,,,,0.0,0,,0,0.0,,,,,,,,
6.999,0,TAKEOFF,0.0233,0.0569,-1.1278,0.0219,-0.0823,1.562,0.0,0.0,0.0,,,,,,0.0,0,,0,0.0,,,,,,,,
7.049,0,TAKEOFF,0.0268,0.0522,-1.1419,0.0173,-0.0845,1.5629,0.0,0.0,0.0,,,,,,0.0,0,,0,0.0,,,,,,,,
7.099,0,TAKEOFF,0.0309,0.0495,-1.1551,0.0133,-0.0853,1.5637,0.0,0.0,0.0,,,,,,0.0,0,,0,0.0,,,,,,,,
7.149,0,TAKEOFF,0.035,0.0462,-1.1714,0.0084,-0.0855,1.5645,0.0,0.0,0.0,,,,,,0.0,0,,0,0.0,,,,,,,,
7.199,0,TAKEOFF,0.0374,0.0433,-1.1856,0.0039,-0.0854,1.5651,0.0,0.0,0.0,,,,,,0.0,0,,0,0.0,,,,,,,,
7.249,0,TAKEOFF,0.0381,0.0391,-1.205,-0.0024,-0.0848,1.5658,0.0,0.0,0.0,,,,,,0.0,0,,0,0.0,,,,,,,,
7.299,0,TAKEOFF,0.0384,0.0356,-1.2209,-0.0077,-0.0842,1.5666,0.0,0.0,0.0,,,,,,0.0,0,,0,0.0,,,,,,,,
7.349,0,TAKEOFF,0.0358,0.0346,-1.2403,-0.0148,-0.0821,1.5672,0.0,0.0,0.0,,,,,,0.0,0,,0,0.0,,,,,,,,
7.399,0,TAKEOFF,0.0316,0.036,-1.2566,-0.0211,-0.0793,1.5679,0.0,0.0,0.0,,,,,,0.0,0,,0,0.0,,,,,,,,
7.449,0,TAKEOFF,0.0267,0.0371,-1.2756,-0.0282,-0.0763,1.5687,0.0,0.0,0.0,,,,,,0.0,0,,0,0.0,,,,,,,,
7.499,0,TAKEOFF,0.0226,0.0378,-1.2923,-0.0334,-0.0739,1.5693,0.0,0.0,0.0,,,,,,0.0,0,,0,0.0,,,,,,,,
7.549,0,TAKEOFF,0.0186,0.0383,-1.3091,-0.038,-0.0718,1.5697,0.0,0.0,0.0,,,,,,0.0,0,,0,0.0,,,,,,,,
7.599,0,TAKEOFF,0.014,0.0386,-1.3285,-0.0424,-0.0701,1.57,0.0,0.0,0.0,,,,,,0.0,0,,0,0.0,,,,,,,,
7.649,0,TAKEOFF,0.0139,0.0399,-1.3441,-0.0436,-0.0686,1.5702,0.0,0.0,0.0,,,,,,0.0,0,,0,0.0,,,,,,,,
7.699,0,TAKEOFF,0.0145,0.0414,-1.3622,-0.044,-0.0672,1.5702,0.0,0.0,0.0,,,,,,0.0,0,,0,0.0,,,,,,,,
7.749,0,TAKEOFF,0.0147,0.0423,-1.3795,-0.044,-0.0664,1.5703,0.0,0.0,0.0,,,,,,0.0,0,,0,0.0,,,,,,,,
7.799,0,TAKEOFF,0.0189,0.0404,-1.3973,-0.0421,-0.0674,1.5703,0.0,0.0,0.0,,,,,,0.0,0,,0,0.0,,,,,,,,
7.849,0,TAKEOFF,0.0231,0.038,-1.4175,-0.0402,-0.0688,1.5702,0.0,0.0,0.0,,,,,,0.0,0,,0,0.0,,,,,,,,
7.899,0,TAKEOFF,0.0269,0.0354,-1.4364,-0.0389,-0.0704,1.5698,0.0,0.0,0.0,,,,,,0.0,0,,0,0.0,,,,,,,,
7.949,0,TAKEOFF,0.0311,0.0335,-1.4517,-0.038,-0.0714,1.5694,0.0,0.0,0.0,,,,,,0.0,0,,0,0.0,,,,,,,,
7.999,0,TAKEOFF,0.0346,0.0314,-1.4661,-0.0378,-0.0723,1.5694,0.0,0.0,0.0,,,,,,0.0,0,,0,0.0,,,,,,,,
8.049,0,TAKEOFF,0.0361,0.027,-1.4829,-0.0392,-0.0739,1.5694,0.0,0.0,0.0,,,,,,0.0,0,,0,0.0,,,,,,,,
8.099,0,TAKEOFF,0.0333,0.0194,-1.4994,-0.0429,-0.0767,1.5695,0.0,0.0,0.0,,,,,,0.0,0,,0,0.0,,,,,,,,
8.149,0,TAKEOFF,0.0308,0.0134,-1.5123,-0.0462,-0.0786,1.5693,0.0,0.0,0.0,,,,,,0.0,0,,0,0.0,,,,,,,,
8.199,0,TAKEOFF,0.0234,0.0076,-1.526,-0.0518,-0.0797,1.5685,0.0,0.0,0.0,,,,,,0.0,0,,0,0.0,,,,,,,,
8.249,0,TAKEOFF,0.014,0.0038,-1.5361,-0.0572,-0.0796,1.5677,0.0,0.0,0.0,,,,,,0.0,0,,0,0.0,,,,,,,,
8.299,0,TAKEOFF,0.0036,-0.0007,-1.5476,-0.0628,-0.0789,1.567,0.0,0.0,0.0,,,,,,0.0,0,,0,0.0,,,,,,,,
8.349,0,TAKEOFF,-0.0039,-0.0043,-1.5568,-0.0661,-0.0777,1.567,0.0,0.0,0.0,,,,,,0.0,0,,0,0.0,,,,,,,,
8.399,0,TAKEOFF,-0.0119,-0.0083,-1.5672,-0.0683,-0.0758,1.5674,0.0,0.0,0.0,,,,,,0.0,0,,0,0.0,,,,,,,,
8.449,0,TAKEOFF,-0.0181,-0.0115,-1.5755,-0.069,-0.0739,1.5679,0.0,0.0,0.0,,,,,,0.0,0,,0,0.0,,,,,,,,
8.499,0,TAKEOFF,-0.0252,-0.0164,-1.5801,-0.0687,-0.0718,1.5685,0.0,0.0,0.0,,,,,,0.0,0,,0,0.0,,,,,,,,
8.549,0,TAKEOFF,-0.0308,-0.0203,-1.5833,-0.0675,-0.0699,1.5687,0.0,0.0,0.0,,,,,,0.0,0,,0,0.0,,,,,,,,
8.599,0,TAKEOFF,-0.0369,-0.0248,-1.5875,-0.0654,-0.0674,1.5689,0.0,0.0,0.0,,,,,,0.0,0,,0,0.0,,,,,,,,
8.649,0,TAKEOFF,-0.0447,-0.0312,-1.5885,-0.0642,-0.066,1.5688,0.0,0.0,0.0,,,,,,0.0,0,,0,0.0,,,,,,,,
8.699,0,TAKEOFF,-0.0532,-0.0381,-1.5905,-0.0622,-0.0639,1.5691,0.0,0.0,0.0,,,,,,0.0,0,,0,0.0,,,,,,,,
8.749,0,TAKEOFF,-0.0618,-0.0451,-1.5924,-0.0598,-0.0616,1.5692,0.0,0.0,0.0,,,,,,0.0,0,,0,0.0,,,,,,,,
8.799,0,TAKEOFF,-0.0697,-0.0513,-1.5933,-0.0578,-0.0594,1.5693,0.0,0.0,0.0,,,,,,0.0,0,,0,0.0,,,,,,,,
8.849,0,TAKEOFF,-0.0781,-0.0581,-1.5954,-0.0547,-0.0564,1.5699,0.0,0.0,0.0,,,,,,0.0,0,,0,0.0,,,,,,,,
8.899,0,TAKEOFF,-0.0833,-0.0629,-1.5964,-0.0502,-0.0522,1.5705,0.0,0.0,0.0,,,,,,0.0,0,,0,0.0,,,,,,,,
8.949,0,TAKEOFF,-0.0852,-0.0656,-1.5964,-0.0454,-0.048,1.5708,0.0,0.0,0.0,,,,,,0.0,0,,0,0.0,,,,,,,,
8.999,0,TAKEOFF,-0.087,-0.0679,-1.5974,-0.0402,-0.0436,1.5706,0.0,0.0,0.0,,,,,,0.0,0,,0,0.0,,,,,,,,
9.049,0,TAKEOFF,-0.0886,-0.0718,-1.6013,-0.0339,-0.0387,1.5698,0.0,0.0,0.0,,,,,,0.0,0,,0,0.0,,,,,,,,
9.099,0,TAKEOFF,-0.0896,-0.0763,-1.6075,-0.0276,-0.0345,1.5689,0.0,0.0,0.0,,,,,,0.0,0,,0,0.0,,,,,,,,
9.15,0,TAKEOFF,-0.0903,-0.0796,-1.6131,-0.0225,-0.031,1.5678,0.0,0.0,0.0,,,,,,0.0,0,,0,0.0,,,,,,,,
9.199,0,TAKEOFF,-0.0938,-0.0825,-1.6201,-0.0179,-0.0268,1.5662,0.0,0.0,0.0,,,,,,0.0,0,,0,0.0,,,,,,,,
9.249,0,TAKEOFF,-0.0967,-0.0845,-1.6262,-0.0143,-0.0232,1.5649,0.0,0.0,0.0,,,,,,0.0,0,,0,0.0,,,,,,,,
9.299,0,TAKEOFF,-0.0992,-0.0862,-1.6325,-0.0109,-0.0195,1.5637,0.0,0.0,0.0,,,,,,0.0,0,,0,0.0,,,,,,,,
9.349,0,TAKEOFF,-0.1003,-0.0851,-1.6397,-0.0063,-0.0137,1.5619,0.0,0.0,0.0,,,,,,0.0,0,,0,0.0,,,,,,,,
9.399,0,TAKEOFF,-0.1008,-0.0834,-1.6471,-0.0016,-0.0077,1.5603,0.0,0.0,0.0,,,,,,0.0,0,,0,0.0,,,,,,,,
9.449,0,TAKEOFF,-0.101,-0.082,-1.6534,0.0023,-0.0031,1.5593,0.0,0.0,0.0,,,,,,0.0,0,,0,0.0,,,,,,,,
9.499,0,TAKEOFF,-0.0976,-0.0799,-1.665,0.0086,0.0025,1.5585,0.0,0.0,0.0,,,,,,0.0,0,,0,0.0,,,,,,,,
9.549,0,TAKEOFF,-0.0949,-0.0781,-1.6743,0.0135,0.0066,1.5582,0.0,0.0,0.0,,,,,,0.0,0,,0,0.0,,,,,,,,
9.599,0,TAKEOFF,-0.0929,-0.0767,-1.6841,0.0178,0.01,1.5581,0.0,0.0,0.0,,,,,,0.0,0,,0,0.0,,,,,,,,
9.649,0,TAKEOFF,-0.0933,-0.0766,-1.6985,0.0212,0.0126,1.558,0.0,0.0,0.0,,,,,,0.0,0,,0,0.0,,,,,,,,
9.699,0,TAKEOFF,-0.0933,-0.0763,-1.7118,0.0239,0.0147,1.558,0.0,0.0,0.0,,,,,,0.0,0,,0,0.0,,,,,,,,
9.749,0,TAKEOFF,-0.0922,-0.0764,-1.7213,0.0263,0.0159,1.558,0.0,0.0,0.0,,,,,,0.0,0,,0,0.0,,,,,,,,
9.799,0,TAKEOFF,-0.0892,-0.077,-1.7306,0.0295,0.0169,1.5579,0.0,0.0,0.0,,,,,,0.0,0,,0,0.0,,,,,,,,
9.849,0,TAKEOFF,-0.0863,-0.0774,-1.7392,0.0324,0.0178,1.5566,0.0,0.0,0.0,,,,,,0.0,0,,0,0.0,,,,,,,,
9.899,0,TAKEOFF,-0.0831,-0.0763,-1.7431,0.0348,0.0193,1.5556,0.0,0.0,0.0,,,,,,0.0,0,,0,0.0,,,,,,,,
9.949,0,TAKEOFF,-0.0792,-0.0746,-1.7468,0.0374,0.0212,1.5547,0.0,0.0,0.0,,,,,,0.0,0,,0,0.0,,,,,,,,
9.999,0,TAKEOFF,-0.0761,-0.0732,-1.75,0.0391,0.0228,1.5544,0.0,0.0,0.0,,,,,,0.0,0,,0,0.0,,,,,,,,
10.05,0,TAKEOFF,-0.0728,-0.0715,-1.7525,0.0405,0.0243,1.5544,0.0,0.0,0.0,,,,,,0.0,0,,0,0.0,,,,,,,,
10.099,0,TAKEOFF,-0.0691,-0.0695,-1.7555,0.0415,0.0258,1.5548,0.0,0.0,0.0,,,,,,0.0,0,,0,0.0,,,,,,,,
10.149,0,TAKEOFF,-0.0655,-0.0675,-1.7589,0.042,0.0272,1.5556,0.0,0.0,0.0,,,,,,0.0,0,,0,0.0,,,,,,,,
10.199,0,TAKEOFF,-0.0657,-0.0655,-1.7607,0.0409,0.0276,1.5563,0.0,0.0,0.0,,,,,,0.0,0,,0,0.0,,,,,,,,
10.249,0,TAKEOFF,-0.0657,-0.0633,-1.7634,0.0393,0.0279,1.5572,0.0,0.0,0.0,,,,,,0.0,0,,0,0.0,,,,,,,,
10.299,0,TAKEOFF,-0.0653,-0.0613,-1.766,0.038,0.0282,1.5579,0.0,0.0,0.0,,,,,,0.0,0,,0,0.0,,,,,,,,
10.349,0,TAKEOFF,-0.0639,-0.0585,-1.7687,0.0372,0.0284,1.5586,0.0,0.0,0.0,,,,,,0.0,0,,0,0.0,,,,,,,,
10.399,0,TAKEOFF,-0.0621,-0.0555,-1.7722,0.0363,0.0287,1.5591,0.0,0.0,0.0,,,,,,0.0,0,,0,0.0,,,,,,,,
10.449,0,TAKEOFF,-0.0618,-0.0518,-1.7762,0.035,0.0292,1.5595,0.0,0.0,0.0,,,,,,0.0,0,,0,0.0,,,,,,,,
10.499,0,TAKEOFF,-0.0634,-0.0476,-1.7799,0.0331,0.0298,1.5599,0.0,0.0,0.0,,,,,,0.0,0,,0,0.0,,,,,,,,
10.549,0,TAKEOFF,-0.065,-0.0429,-1.7845,0.0311,0.0302,1.5606,0.0,0.0,0.0,,,,,,0.0,0,,0,0.0,,,,,,,,
10.599,0,TAKEOFF,-0.0656,-0.0391,-1.788,0.03,0.0305,1.5613,0.0,0.0,0.0,,,,,,0.0,0,,0,0.0,,,,,,,,
10.649,0,TAKEOFF,-0.0653,-0.0351,-1.7909,0.0293,0.0307,1.5621,0.0,0.0,0.0,,,,,,0.0,0,,0,0.0,,,,,,,,
10.699,0,TAKEOFF,-0.0648,-0.0307,-1.7946,0.0289,0.0304,1.5632,0.0,0.0,0.0,,,,,,0.0,0,,0,0.0,,,,,,,,
10.749,0,TAKEOFF,-0.0657,-0.0279,-1.7995,0.0282,0.0293,1.564,0.0,0.0,0.0,,,,,,0.0,0,,0,0.0,,,,,,,,
10.799,0,TAKEOFF,-0.0672,-0.0256,-1.8052,0.0274,0.0278,1.5647,0.0,0.0,0.0,,,,,,0.0,0,,0,0.0,,,,,,,,
10.852,1,NAVIGATE,-0.0686,-0.0232,-1.8119,0.0267,0.0256,1.5654,0.0267,0.2256,0.2272,0.0,12.0,12.0234,6.0877885818481445,2.870985507965088,-13.89,0,1,180,2.32,0.9937,1.0,0.1505,0.2981,0.3,0.0602,0.6583,1.9059
10.901,1,NAVIGATE,-0.0723,-0.0206,-1.8199,0.0251,0.0228,1.5662,0.0251,0.2228,0.2243,0.0,12.0,12.0208,6.0874762535095215,2.8721232414245605,-13.89,0,1,180,1.75,0.9944,1.0,0.1487,0.2983,0.3,0.0595,0.6578,1.9147
10.951,1,NAVIGATE,-0.0758,-0.0184,-1.8268,0.0236,0.0206,1.5668,0.0236,0.2206,0.2218,0.0,12.0,12.0187,6.085293292999268,2.8670430183410645,-13.89,0,1,180,2.15,0.995,1.0,0.1471,0.2985,0.3,0.0589,0.6573,1.9186
11.001,1,NAVIGATE,-0.0794,-0.0161,-1.8347,0.0221,0.0239,1.5672,0.0221,0.2239,0.225,0.0,12.0,12.0163,6.085196018218994,2.866525173187256,-13.89,0,1,180,1.69,0.9958,1.0,0.1493,0.2987,0.3,0.0597,0.6585,1.9114
11.051,1,NAVIGATE,-0.0822,-0.0133,-1.8424,0.0203,0.0325,1.5675,0.0203,0.2325,0.2334,0.0,12.0,12.0136,6.083047866821289,2.8661632537841797,-13.89,0,1,180,1.628,0.9968,1.0,0.1551,0.299,0.3,0.062,0.6611,1.8828
11.101,1,NAVIGATE,-0.0842,-0.0108,-1.8482,0.0191,0.0421,1.5676,0.0191,0.2421,0.2429,0.0,12.0,12.0111,6.083316802978516,2.864682674407959,-13.89,0,1,180,1.546,0.9974,1.0,0.1615,0.2992,0.3,0.0646,0.6638,1.8534
11.151,1,NAVIGATE,-0.0866,-0.0073,-1.8553,0.0175,0.0553,1.5675,0.0175,0.2553,0.2559,0.0,12.0,12.0076,6.080010890960693,2.862226724624634,-13.89,0,1,180,1.723,0.9981,1.0,0.1703,0.2994,0.3,0.0681,0.6675,1.8146
11.201,1,NAVIGATE,-0.0899,-0.0038,-1.8636,0.016,0.0668,1.5674,0.016,0.2668,0.2673,0.0,12.0,12.0041,6.080097675323486,2.8598926067352295,-13.64,0,1,180,2.252,0.9986,1.0,0.1779,0.2996,0.3,0.0712,0.6708,1.7763
11.251,1,NAVIGATE,-0.0927,0.0001,-1.8711,0.0147,0.0783,1.5673,0.0147,0.2783,0.2786,0.0,12.0,12.0003,6.074888229370117,2.8550872802734375,-13.64,0,1,180,1.668,0.999,1.0,0.1856,0.2997,0.3,0.0742,0.6739,1.7401
11.301,1,NAVIGATE,-0.0946,0.0046,-1.8799,0.0137,0.0914,1.5669,0.0137,0.2914,0.2918,0.0,12.0,11.9957,6.071132659912109,2.85214900970459,-13.64,0,1,180,1.47,0.9992,1.0,0.1944,0.2998,0.3,0.0777,0.6775,1.7007
11.351,1,NAVIGATE,-0.0916,0.0076,-1.8913,0.0145,0.1035,1.5665,0.0145,0.3035,0.3039,0.0,12.0,11.9928,6.070277214050293,2.852250814437866,-13.64,0,1,180,1.676,0.9992,1.0,0.2024,0.2998,0.3,0.081,0.6807,1.6657
11.401,1,NAVIGATE,-0.0893,0.0107,-1.8996,0.0151,0.1134,1.5662,0.0151,0.3134,0.3138,0.0,12.0,11.9897,6.064258098602295,2.8429038524627686,-13.64,0,1,180,1.577,0.9992,1.0,0.209,0.2998,0.3,0.0836,0.6834,1.6278
11.451,1,NAVIGATE,-0.0849,0.0159,-1.9082,0.0162,0.1257,1.5659,0.0162,0.3257,0.3261,0.0,12.0,11.9844,6.060633659362793,2.8410329818725586,-13.64,0,1,180,1.571,0.9991,1.0,0.2172,0.2997,0.3,0.0869,0.6866,1.5904
11.501,1,NAVIGATE,-0.0801,0.0214,-1.9145,0.0171,0.1362,1.5656,0.0171,0.3362,0.3367,0.0,12.0,11.9788,6.0581374168396,2.8374788761138916,-13.64,0,1,180,1.793,0.999,1.0,0.2242,0.2997,0.3,0.0897,0.6894,1.5562
11.551,1,NAVIGATE,-0.0757,0.0273,-1.9199,0.0178,0.1468,1.5653,0.0178,0.3468,0.3473,0.0,12.0,11.9729,6.0510687828063965,2.8294026851654053,-13.64,0,1,180,1.624,0.999,1.0,0.2313,0.2997,0.3,0.0925,0.6922,1.5176
11.602,1,NAVIGATE,-0.0682,0.0355,-1.9265,0.0195,0.1601,1.5649,0.0195,0.3601,0.3606,0.0,12.0,11.9647,6.043585777282715,2.8250930309295654,-13.64,0,1,180,2.402,0.9988,1.0,0.2401,0.2996,0.3,0.096,0.6957,1.4746
11.651,1,NAVIGATE,-0.0604,0.0432,-1.9321,0.0214,0.1715,1.5645,0.0214,0.3715,0.3721,0.0,12.0,11.9569,6.04041862487793,2.8191864490509033,-13.64,0,1,180,1.629,0.9986,1.0,0.2477,0.2996,0.3,0.0991,0.6987,1.4347
11.701,1,NAVIGATE,-0.0533,0.0513,-1.9368,0.023,0.1829,1.5643,0.023,0.3829,0.3836,0.0,12.0,11.9489,6.028528690338135,2.8092257976531982,-13.64,0,1,180,1.48,0.9985,1.0,0.2553,0.2995,0.3,0.1021,0.7017,1.3912
11.751,1,NAVIGATE,-0.0429,0.0614,-1.9416,0.0256,0.1966,1.5644,0.0256,0.3966,0.3974,0.0,12.0,11.9386,6.024564743041992,2.8032524585723877,-13.64,0,1,180,1.694,0.9981,1.0,0.2644,0.2994,0.3,0.1058,0.7052,1.3442
11.801,1,NAVIGATE,-0.0309,0.0722,-1.9457,0.0288,0.2102,1.565,0.0288,0.4102,0.4112,0.0,12.0,11.9279,6.018034934997559,2.7960927486419678,-13.64,0,1,180,1.524,0.9977,1.0,0.2735,0.2993,0.3,0.1094,0.7087,1.2953
11.851,1,NAVIGATE,-0.022,0.0815,-1.9485,0.0309,0.2216,1.5653,0.0309,0.4216,0.4227,0.0,12.0,11.9185,6.003341197967529,2.7854511737823486,-13.64,0,1,180,1.663,0.9975,1.0,0.2811,0.2992,0.3,0.1124,0.7117,1.2505
11.902,1,NAVIGATE,-0.0105,0.0928,-1.9521,0.0332,0.2346,1.5656,0.0332,0.4346,0.4359,0.0,12.0,11.9072,5.998482704162598,2.7781617641448975,-13.64,0,1,180,2.597,0.9972,1.0,0.2898,0.2991,0.3,0.1159,0.7151,1.2044
11.951,1,NAVIGATE,0.0001,0.1046,-1.9552,0.0351,0.2477,1.5656,0.0351,0.4477,0.4491,0.0,12.0,11.8954,5.98889684677124,2.769641637802124,-13.64,0,1,180,1.762,0.9969,1.0,0.2985,0.2991,0.3,0.1194,0.7185,1.1577
12.001,1,NAVIGATE,0.008,0.1148,-1.9572,0.0363,0.2587,1.5652,0.0363,0.4587,0.4602,0.0,12.0,11.8852,5.973948001861572,2.7531380653381348,-13.64,0,1,180,1.488,0.9968,1.0,0.3058,0.2991,0.3,0.1223,0.7214,1.1096
12.052,1,NAVIGATE,0.0198,0.1274,-1.9621,0.0385,0.2719,1.5648,0.0385,0.4719,0.4735,0.0,12.0,11.8726,5.9674530029296875,2.7456765174865723,-13.64,0,1,180,2.561,0.9965,1.0,0.3146,0.299,0.3,0.1258,0.7248,1.0635
12.102,1,NAVIGATE,0.0286,0.1383,-1.9655,0.0401,0.283,1.5648,0.0401,0.483,0.4847,0.0,12.0,11.8617,5.958178520202637,2.7378149032592773,-13.64,0,1,180,2.71,0.9964,1.0,0.322,0.2989,0.3,0.1288,0.7277,1.0233
12.151,1,NAVIGATE,0.0368,0.1498,-1.9681,0.0413,0.2943,1.565,0.0413,0.4943,0.496,0.0,12.0,11.8503,5.94071102142334,2.720991611480713,-13.89,0,1,180,1.631,0.9963,1.0,0.3294,0.2989,0.3,0.1318,0.7307,0.9823
12.201,1,NAVIGATE,0.0487,0.1666,-1.9705,0.0428,0.3101,1.566,0.0428,0.5101,0.5119,0.0,12.0,11.8335,5.932182312011719,2.710594415664673,-13.89,0,1,180,1.892,0.9961,1.0,0.34,0.2988,0.3,0.136,0.7348,0.9358
12.252,1,NAVIGATE,0.0562,0.1791,-1.9716,0.0436,0.3216,1.5667,0.0436,0.5216,0.5234,0.0,12.0,11.821,5.921960353851318,2.7001495361328125,-13.89,0,1,180,2.786,0.9961,1.0,0.3476,0.2988,0.3,0.139,0.7379,0.903
12.301,1,NAVIGATE,0.0612,0.193,-1.9728,0.0435,0.3334,1.5674,0.0435,0.5334,0.5352,0.0,12.0,11.8072,5.901610374450684,2.680662155151367,-14.14,0,1,180,1.55,0.9963,1.0,0.3555,0.2989,0.3,0.1422,0.7411,0.8573
12.351,1,NAVIGATE,0.0637,0.2115,-1.9745,0.0423,0.3483,1.5684,0.0423,0.5483,0.5499,0.0,12.0,11.7886,5.889983177185059,2.672135591506958,-14.14,0,1,180,1.778,0.9966,1.0,0.3654,0.299,0.3,0.1461,0.7451,0.8098
12.402,1,NAVIGATE,0.0656,0.2273,-1.9756,0.0413,0.3606,1.5692,0.0413,0.5606,0.5622,0.0,12.0,11.7729,5.879397869110107,2.6595563888549805,-14.14,0,1,180,2.417,0.9969,1.0,0.3736,0.2991,0.3,0.1494,0.7485,0.7681
12.451,1,NAVIGATE,0.0682,0.2442,-1.9763,0.0407,0.3734,1.5699,0.0407,0.5734,0.5749,0.0,12.0,11.756,5.857664585113525,2.637688636779785,-14.39,0,1,180,1.685,0.9971,1.0,0.3821,0.2991,0.3,0.1528,0.752,0.7114
12.501,1,NAVIGATE,0.0723,0.2665,-1.9767,0.0404,0.3894,1.5706,0.0404,0.5894,0.5908,0.0,12.0,11.7338,5.846222400665283,2.628352403640747,-14.64,0,1,180,1.596,0.9972,1.0,0.3928,0.2992,0.3,0.1571,0.7563,0.6623
12.551,1,NAVIGATE,0.0755,0.2851,-1.9769,0.0402,0.4026,1.5711,0.0402,0.6026,0.604,0.0,12.0,11.7151,5.831553936004639,2.612628221511841,-14.64,0,1,180,1.703,0.9973,1.0,0.4016,0.2992,0.3,0.1606,0.7598,0.6169
12.601,1,NAVIGATE,0.0773,0.3045,-1.9777,0.0394,0.4158,1.5717,0.0394,0.6158,0.617,0.0,12.0,11.6957,5.807607173919678,2.592510223388672,-14.89,0,1,180,1.468,0.9975,1.0,0.4103,0.2993,0.3,0.1641,0.7634,0.564
12.652,1,NAVIGATE,0.0785,0.3284,-1.9788,0.0381,0.4314,1.5724,0.0381,0.6314,0.6325,0.0,12.0,11.6718,5.795595169067383,2.579582929611206,-14.89,0,1,180,2.41,0.9978,1.0,0.4207,0.2993,0.3,0.1683,0.7676,0.5157
12.701,1,NAVIGATE,0.0794,0.3485,-1.9795,0.0372,0.4443,1.5731,0.0372,0.6443,0.6454,0.0,12.0,11.6518,5.778581142425537,2.5638301372528076,-14.89,0,1,180,1.615,0.9979,1.0,0.4294,0.2994,0.3,0.1717,0.7711,0.477
12.751,1,NAVIGATE,0.0792,0.3692,-1.9808,0.0357,0.4572,1.5739,0.0357,0.6572,0.6582,0.0,12.0,11.6311,5.767511367797852,2.547855854034424,-14.89,0,1,180,1.647,0.9981,1.0,0.438,0.2994,0.3,0.1752,0.7746,0.4403
12.801,1,NAVIGATE,0.0781,0.3946,-1.9826,0.0336,0.4726,1.5747,0.0336,0.6726,0.6734,0.0,12.0,11.6056,5.74000883102417,2.522758722305298,-15.14,0,1,180,1.618,0.9984,1.0,0.4482,0.2995,0.3,0.1793,0.7788,0.3909
12.852,1,NAVIGATE,0.0773,0.4203,-1.9838,0.032,0.4878,1.5752,0.032,0.6878,0.6886,0.0,12.0,11.5799,5.723888397216797,2.5082156658172607,-15.64,0,1,180,2.529,0.9986,1.0,0.4584,0.2996,0.3,0.1834,0.7829,0.3663
12.902,1,NAVIGATE,0.0769,0.4408,-1.9842,0.0311,0.5,1.5755,0.0311,0.7,0.7007,0.0,12.0,11.5595,5.708362102508545,2.4927334785461426,-15.39,0,1,180,2.155,0.9987,1.0,0.4665,0.2996,0.3,0.1866,0.7862,0.3513
12.951,1,NAVIGATE,0.0766,0.4655,-1.9844,0.0303,0.5145,1.5756,0.0303,0.7145,0.7152,0.0,12.0,11.5348,5.678518772125244,2.4626846313476562,-15.64,0,1,180,1.741,0.9988,1.0,0.4762,0.2996,0.3,0.1905,0.7901,0.3362
13.001,1,NAVIGATE,0.0765,0.4866,-1.9842,0.0297,0.5268,1.5758,0.0297,0.7268,0.7274,0.0,12.0,11.5137,5.660134315490723,2.4472362995147705,-15.89,0,1,180,1.454,0.9989,1.0,0.4844,0.2997,0.3,0.1938,0.7934,0.3219
13.052,1,NAVIGATE,0.0761,0.5061,-1.9847,0.0291,0.5383,1.576,0.0291,0.7383,0.7389,0.0,12.0,11.4942,5.644329071044922,2.4339373111724854,-16.14,0,1,180,2.053,0.9989,1.0,0.4921,0.2997,0.3,0.1968,0.7965,0.3111
13.101,1,NAVIGATE,0.0758,0.5303,-1.985,0.0284,0.5525,1.5761,0.0284,0.7525,0.753,0.0,12.0,11.4699,5.612338066101074,2.4006617069244385,-16.14,0,1,180,1.752,0.999,1.0,0.5015,0.2997,0.3,0.2006,0.8003,0.2929
13.151,1,NAVIGATE,0.0757,0.5513,-1.985,0.0279,0.5646,1.5763,-0.0721,0.7646,0.768,0.0,12.0,11.449,5.591939926147461,2.38179349899292,-16.14,0,1,180,1.811,0.9962,1.0,0.51,0.2989,0.3,0.204,0.8029,0.3316
13.201,1,NAVIGATE,0.0721,0.5757,-1.9843,0.0268,0.5784,1.5765,-0.0732,0.7784,0.7818,0.0,12.0,11.4245,5.575249195098877,2.364847183227539,-16.39,0,1,180,1.649,0.9962,1.0,0.5192,0.2989,0.3,0.2077,0.8065,0.3254
13.251,1,NAVIGATE,0.0697,0.5968,-1.9836,0.0259,0.5902,1.5768,-0.0741,0.7902,0.7937,0.0,12.0,11.4034,5.539631366729736,2.330552577972412,-16.64,0,1,180,1.77,0.9962,1.0,0.5271,0.2989,0.3,0.2108,0.8097,0.3225
13.301,1,NAVIGATE,0.0683,0.6189,-1.981,0.0236,0.6024,1.5771,0.0236,0.7024,0.7028,0.0,12.0,11.3813,5.5176825523376465,2.310513734817505,-16.89,0,1,180,1.997,0.9992,1.0,0.4681,0.2998,0.3,0.1873,0.787,0.2955
13.351,1,NAVIGATE,0.0703,0.647,-1.9697,0.0199,0.6178,1.5774,0.0199,0.7178,0.7181,0.0,12.0,11.3532,5.501926422119141,2.2934069633483887,-17.14,0,1,180,1.72,0.9994,1.0,0.4785,0.2998,0.3,0.1914,0.7912,0.2978
13.402,1,NAVIGATE,0.0717,0.6711,-1.9614,0.0152,0.6307,1.5779,0.0152,0.7307,0.7309,0.0,12.0,11.3291,5.460867881774902,2.2575197219848633,-17.39,0,1,180,2.259,0.9996,1.0,0.4871,0.2999,0.3,0.1948,0.7947,0.3081
13.451,1,NAVIGATE,0.073,0.7012,-1.9529,0.0106,0.6438,1.5785,0.0106,0.7438,0.7439,0.0,12.0,11.299,5.439655780792236,2.233778953552246,-17.39,0,1,180,1.538,0.9998,1.0,0.4958,0.2999,0.3,0.1983,0.7983,0.3185
13.501,1,NAVIGATE,0.0738,0.7275,-1.9469,0.0082,0.6532,1.5789,0.0082,0.7532,0.7532,0.0,12.0,11.2727,5.419967174530029,2.2160072326660156,-17.64,0,1,180,1.598,0.9998,1.0,0.5021,0.3,0.3,0.2008,0.8008,0.3259
13.551,1,NAVIGATE,0.0747,0.7594,-1.941,0.0069,0.6631,1.5793,0.0069,0.7631,0.7631,0.0,12.0,11.2408,5.377898216247559,2.1756365299224854,-18.14,0,1,180,1.744,0.9999,1.0,0.5087,0.3,0.3,0.2035,0.8034,0.3318
13.601,1,NAVIGATE,0.0748,0.7862,-1.9376,0.0064,0.6706,1.5796,0.0064,0.7706,0.7706,0.0,12.0,11.2141,5.354408264160156,2.157808542251587,-18.39,0,1,180,1.538,0.9999,1.0,0.5137,0.3,0.3,0.2055,0.8054,0.3346
13.651,1,NAVIGATE,0.074,0.8183,-1.9357,0.0061,0.6791,1.5799,0.0061,0.7791,0.7791,0.0,12.0,11.182,5.333034038543701,2.1355459690093994,-18.39,0,1,180,1.697,0.9999,1.0,0.5194,0.3,0.3,0.2077,0.8077,0.3396
13.701,1,NAVIGATE,0.0735,0.8454,-1.9346,0.006,0.6863,1.5801,0.006,0.7863,0.7863,0.0,12.0,11.1549,5.291985034942627,2.095106363296509,-18.89,0,1,180,1.821,0.9999,1.0,0.5241,0.3,0.3,0.2097,0.8096,0.3397
13.751,1,NAVIGATE,0.072,0.8774,-1.9306,0.0055,0.6945,1.5802,0.0055,0.7945,0.7945,0.0,12.0,11.1228,5.265671253204346,2.0716426372528076,-19.14,0,1,180,1.698,0.9999,1.0,0.5296,0.3,0.3,0.2118,0.8118,0.3406
13.801,1,NAVIGATE,0.0705,0.9042,-1.9266,0.0048,0.7013,1.5801,0.0048,0.8013,0.8013,0.0,12.0,11.0961,5.244899749755859,2.052427291870117,-19.39,0,1,180,1.432,0.9999,0.9939,0.5342,0.3,0.2982,0.2137,0.8118,0.3431
13.851,1,NAVIGATE,0.0689,0.9368,-1.9228,0.004,0.7098,1.58,0.004,0.8098,0.8098,0.0,12.0,11.0634,5.202063083648682,2.008805513381958,-19.64,0,1,180,2.119,0.9999,0.925,0.5398,0.3,0.2775,0.2159,0.7934,0.3467
13.901,1,NAVIGATE,0.067,0.9659,-1.9232,0.003,0.7176,1.5798,0.003,0.8176,0.8176,0.0,12.0,11.0343,5.176050662994385,1.9845771789550781,-19.89,0,1,180,1.526,1.0,0.9059,0.545,0.3,0.2718,0.218,0.7898,0.3509
13.951,1,NAVIGATE,0.0648,1.0016,-1.9249,0.0017,0.7272,1.5794,0.0017,0.8272,0.8272,0.0,12.0,10.9986,5.153921127319336,1.9630231857299805,-20.14,0,1,180,1.585,1.0,0.9191,0.5515,0.3,0.2757,0.2206,0.7963,0.3556
14.001,1,NAVIGATE,0.0631,1.0316,-1.9265,0.0008,0.7352,1.5791,0.0008,0.8352,0.8352,0.0,12.0,10.9686,5.10711669921875,1.9218014478683472,-20.39,0,1,180,1.572,1.0,0.8916,0.5568,0.3,0.2675,0.2227,0.7902,0.3556
14.051,1,NAVIGATE,0.0603,1.0709,-1.9289,-0.0007,0.7461,1.5783,-0.0007,0.8461,0.8461,0.0,12.0,10.9293,5.080822467803955,1.8965494632720947,-20.89,0,1,180,1.564,1.0,0.8605,0.5641,0.3,0.2582,0.2256,0.7838,0.3594
14.101,1,NAVIGATE,0.0575,1.1107,-1.9313,-0.0022,0.757,1.5778,-0.0022,0.757,0.757,0.0,12.0,10.8894,5.057066440582275,1.8776875734329224,-21.14,0,1,180,2.138,1.0,0.8331,0.5046,0.3,0.2499,0.2019,0.7518,0.3676
14.151,1,NAVIGATE,0.056,1.1442,-1.9342,-0.003,0.7659,1.5776,-0.003,0.7659,0.7659,0.0,12.0,10.8559,5.008875846862793,1.8314603567123413,-21.65,0,1,180,1.576,1.0,0.8072,0.5106,0.3,0.2422,0.2043,0.7464,0.3659
14.201,1,NAVIGATE,0.0567,1.1787,-1.9401,-0.0031,0.7754,1.5775,-0.0031,0.7754,0.7754,0.0,12.0,10.8215,4.980829238891602,1.8067785501480103,-21.9,0,1,180,1.508,1.0,0.8094,0.517,0.3,0.2428,0.2068,0.7496,0.3656
14.251,1,NAVIGATE,0.0575,1.2199,-1.9465,-0.0032,0.7839,1.5773,-0.0032,0.7839,0.7839,0.0,12.0,10.7803,4.958191394805908,1.7848126888275146,-22.15,0,1,180,1.688,1.0,0.8035,0.5226,0.3,0.2411,0.2091,0.7501,0.3653
14.301,1,NAVIGATE,0.0577,1.2537,-1.9509,-0.0035,0.7885,1.5769,-0.0035,0.7885,0.7885,0.0,12.0,10.7464,4.908475399017334,1.7414400577545166,-23.15,0,1,180,1.562,1.0,0.7642,0.5257,0.3,0.2292,0.2103,0.7395,0.3669
14.351,1,NAVIGATE,0.0562,1.2926,-1.9541,-0.0047,0.7913,1.5764,-0.0047,0.7913,0.7913,0.0,12.0,10.7076,4.881540298461914,1.713738203048706,-23.15,0,1,180,1.67,1.0,0.77,0.5275,0.3,0.231,0.211,0.742,0.3709
14.401,1,NAVIGATE,0.0551,1.3249,-1.9565,-0.0057,0.7928,1.576,-0.0057,0.7928,0.7928,0.0,12.0,10.6752,4.855714797973633,1.695919156074524,-23.9,0,1,180,1.547,1.0,0.7761,0.5285,0.3,0.2328,0.2114,0.7442,0.3738
14.451,1,NAVIGATE,0.0535,1.3628,-1.9585,-0.0068,0.794,1.5759,-0.0068,0.794,0.794,0.0,12.0,10.6374,4.807657718658447,1.6491178274154663,-24.4,0,1,180,1.595,1.0,0.7608,0.5293,0.3,0.2283,0.2117,0.74,0.3816
14.501,1,NAVIGATE,0.0519,1.3999,-1.9596,-0.0078,0.795,1.5758,-0.0078,0.795,0.7951,0.0,12.0,10.6003,4.779491901397705,1.6220364570617676,-24.65,0,1,180,1.664,1.0,0.7638,0.53,0.3,0.2291,0.212,0.7411,0.3833
14.551,1,NAVIGATE,0.0506,1.4309,-1.9605,-0.0084,0.7962,1.5757,-0.0084,0.7962,0.7962,0.0,12.0,10.5692,4.754089832305908,1.6032825708389282,-25.15,0,1,180,1.682,1.0,0.7697,0.5308,0.3,0.2309,0.2123,0.7432,0.3852
14.601,1,NAVIGATE,0.0513,1.4616,-1.9593,-0.0084,0.7974,1.5757,-0.0084,0.7974,0.7974,0.0,12.0,10.5385,4.704519748687744,1.5563092231750488,-25.9,0,1,180,1.803,1.0,0.7703,0.5316,0.3,0.2311,0.2126,0.7437,0.3861
14.651,1,NAVIGATE,0.0533,1.4982,-1.9566,-0.0078,0.799,1.5757,-0.0078,0.799,0.799,0.0,12.0,10.5019,4.676000118255615,1.5323187112808228,-26.4,0,1,180,1.765,1.0,0.7701,0.5327,0.3,0.231,0.2131,0.7441,0.3848
14.702,1,NAVIGATE,0.0547,1.529,-1.9546,-0.0075,0.8006,1.5758,-0.0075,0.8006,0.8006,0.0,12.0,10.4711,4.651352405548096,1.5062057971954346,-26.65,0,1,180,2.495,1.0,0.7699,0.5337,0.3,0.231,0.2135,0.7445,0.3845
14.751,1,NAVIGATE,0.056,1.5613,-1.9514,-0.0072,0.8029,1.5758,-0.0072,0.8029,0.803,0.0,12.0,10.4388,4.6239471435546875,1.483825922012329,-27.15,0,1,180,1.732,1.0,0.7676,0.5353,0.3,0.2303,0.2141,0.7444,0.3831
14.801,1,NAVIGATE,0.057,1.5945,-1.9477,-0.0069,0.8057,1.5758,-0.0069,0.8057,0.8058,0.0,12.0,10.4056,4.57285213470459,1.4392656087875366,-28.4,0,1,180,1.685,1.0,0.77,0.5372,0.3,0.231,0.2149,0.7459,0.3822
14.851,1,NAVIGATE,0.0581,1.6343,-1.944,-0.0067,0.809,1.5758,-0.0067,0.809,0.8091,0.0,12.0,10.3658,4.548248767852783,1.417606234550476,-28.65,0,1,180,1.633,1.0,0.7678,0.5394,0.3,0.2303,0.2158,0.7461,0.3815
14.901,1,NAVIGATE,0.0557,1.6679,-1.9394,-0.0077,0.8119,1.5756,-0.0077,0.8119,0.8119,0.0,12.0,10.3322,4.522276878356934,1.3952054977416992,-29.15,0,1,180,1.717,1.0,0.7743,0.5413,0.3,0.2323,0.2165,0.7488,0.3846
14.951,1,NAVIGATE,0.0523,1.7083,-1.9344,-0.0092,0.8152,1.5753,-0.0092,0.8152,0.8153,0.0,12.0,10.2918,4.468433380126953,1.34613037109375,-30.4,0,1,180,1.69,1.0,0.7803,0.5435,0.3,0.2341,0.2174,0.7515,0.3871
15.001,1,NAVIGATE,0.0497,1.742,-1.9311,-0.0103,0.8179,1.5751,-0.0103,0.8179,0.818,0.0,12.0,10.2582,4.442075252532959,1.326042890548706,-30.9,0,1,180,1.596,1.0,0.7853,0.5453,0.3,0.2356,0.2181,0.7537,0.3905
15.051,1,NAVIGATE,0.046,1.7823,-1.9253,-0.0119,0.8209,1.5748,-0.0119,0.8209,0.821,0.0,12.0,10.2178,4.416754722595215,1.3041142225265503,-31.65,0,1,180,1.882,1.0,0.7921,0.5473,0.3,0.2376,0.2189,0.7566,0.3953
15.101,1,NAVIGATE,0.0431,1.8159,-1.9211,-0.0131,0.8234,1.5747,-0.0131,0.8234,0.8235,0.0,12.0,10.1842,4.360476493835449,1.257887840270996,-32.91,0,1,180,1.602,0.9999,0.799,0.5489,0.3,0.2397,0.2196,0.7593,0.3982
15.151,1,NAVIGATE,0.0399,1.8562,-1.9172,-0.0144,0.8262,1.5747,-0.0144,0.8262,0.8264,0.0,12.0,10.1439,4.336605548858643,1.2388114929199219,-33.66,0,1,180,1.824,0.9999,0.7947,0.5509,0.3,0.2384,0.2203,0.7587,0.3978
15.201,1,NAVIGATE,0.0372,1.8891,-1.9146,-0.0154,0.8281,1.5748,-0.0154,0.8281,0.8283,0.0,12.0,10.111,4.310245990753174,1.2189838886260986,-34.41,0,1,180,1.62,0.9999,0.803,0.5521,0.3,0.2409,0.2208,0.7617,0.4018
15.251,1,NAVIGATE,0.0343,1.9287,-1.9124,-0.0164,0.8304,1.575,-0.0164,0.8304,0.8306,0.0,12.0,10.0714,4.2562408447265625,1.1714420318603516,-35.91,0,1,180,1.759,0.9999,0.8038,0.5536,0.3,0.2411,0.2215,0.7626,0.4021
15.301,1,NAVIGATE,0.0327,1.9617,-1.9112,-0.0169,0.8325,1.5751,-0.0169,0.8325,0.8326,0.0,12.0,10.0383,4.228555679321289,1.1505757570266724,-36.66,0,1,180,1.611,0.9999,0.8089,0.555,0.3,0.2427,0.222,0.7646,0.4044
15.351,1,NAVIGATE,0.0336,2.0014,-1.9101,-0.0165,0.8352,1.5752,-0.0165,0.8352,0.8354,0.0,12.0,9.9986,4.204193115234375,1.131913661956787,-37.66,0,1,180,1.726,0.9999,0.8076,0.5569,0.3,0.2423,0.2227,0.765,0.4038
15.401,1,NAVIGATE,0.0342,2.0347,-1.9099,-0.0162,0.8375,1.5751,-0.0162,0.8375,0.8377,0.0,12.0,9.9654,4.147364139556885,1.0879817008972168,-39.41,0,1,180,1.581,0.9999,0.811,0.5584,0.3,0.2433,0.2234,0.7666,0.4008
15.451,1,NAVIGATE,0.0348,2.0728,-1.9084,-0.0158,0.8394,1.575,-0.0158,0.8394,0.8396,0.0,12.0,9.9272,4.123346328735352,1.0673973560333252,-40.16,0,1,180,1.918,0.9999,0.8112,0.5597,0.3,0.2434,0.2239,0.7672,0.402
15.501,1,NAVIGATE,0.0353,2.1019,-1.9047,-0.0156,0.8398,1.575,-0.0156,0.8398,0.8399,0.0,12.0,9.8981,4.096917629241943,1.0510258674621582,-41.16,0,1,180,1.568,0.9999,0.81,0.5599,0.3,0.243,0.224,0.7669,0.4021
15.551,1,NAVIGATE,0.0357,2.1376,-1.9014,-0.0155,0.8404,1.5751,-0.0155,0.8404,0.8406,0.0,12.0,9.8625,4.0399250984191895,1.0087218284606934,-43.16,0,1,180,1.662,0.9999,0.8091,0.5603,0.3,0.2427,0.2241,0.7668,0.4044
15.601,1,NAVIGATE,0.0363,2.1669,-1.8981,-0.0152,0.8408,1.5751,-0.0152,0.8408,0.841,0.0,12.0,9.8331,4.013088226318359,0.9903056025505066,-44.42,0,1,180,1.514,0.9999,0.808,0.5606,0.3,0.2424,0.2242,0.7666,0.4054
15.651,1,NAVIGATE,0.0372,2.2021,-1.8942,-0.0147,0.8412,1.575,-0.0147,0.8412,0.8414,0.0,12.0,9.798,3.986093282699585,0.9726604223251343,-45.67,0,1,180,1.702,0.9999,0.8073,0.5609,0.3,0.2422,0.2243,0.7665,0.4011
15.701,1,NAVIGATE,0.0378,2.232,-1.892,-0.0143,0.8419,1.575,-0.0143,0.8419,0.842,0.0,12.0,9.7681,3.9305543899536133,0.935939610004425,-48.17,0,1,180,1.606,0.9999,0.8099,0.5613,0.3,0.243,0.2245,0.7675,0.4044
15.751,1,NAVIGATE,0.0377,2.2689,-1.8925,-0.0144,0.8433,1.575,-0.0144,0.8433,0.8435,0.0,12.0,9.7312,3.9041080474853516,0.9169178605079651,-49.42,0,1,180,1.824,0.9999,0.8106,0.5623,0.3,0.2432,0.2249,0.7681,0.4053
15.801,1,NAVIGATE,0.0374,2.3003,-1.8944,-0.0146,0.8448,1.5748,-0.0146,0.8448,0.845,0.0,12.0,9.6998,3.8778340816497803,0.8995054364204407,-50.67,0,1,180,1.665,0.9999,0.813,0.5633,0.3,0.2439,0.2253,0.7692,0.4065
15.851,1,NAVIGATE,0.0369,2.3384,-1.8972,-0.015,0.8468,1.5747,-0.015,0.8468,0.8469,0.0,12.0,9.6617,3.8210322856903076,0.8684914708137512,-53.67,0,1,180,1.632,0.9999,0.8156,0.5646,0.3,0.2447,0.2258,0.7705,0.4076
15.901,1,NAVIGATE,0.0395,2.3782,-1.8964,-0.0142,0.8494,1.5747,-0.0142,0.8494,0.8495,0.0,12.0,9.6219,3.793976068496704,0.8522433042526245,-55.18,0,1,180,1.471,0.9999,0.8095,0.5663,0.3,0.2428,0.2265,0.7693,0.4049
15.951,1,NAVIGATE,0.0419,2.4118,-1.8958,-0.0134,0.8516,1.5743,-0.0134,0.8516,0.8517,0.0,12.0,9.5883,3.766063928604126,0.8380513787269592,-56.68,0,1,180,1.627,0.9999,0.8118,0.5677,0.3,0.2435,0.2271,0.7706,0.406
16.001,1,NAVIGATE,0.0443,2.4518,-1.8964,-0.0127,0.8538,1.5738,-0.1127,0.8538,0.8612,0.0,12.0,9.5483,3.709423303604126,0.8094630241394043,-60.18,0,1,180,1.924,0.992,0.8404,0.5695,0.2976,0.2521,0.2278,0.7775,0.4167
16.051,1,NAVIGATE,0.0461,2.4896,-1.9003,-0.012,0.8544,1.5732,-0.112,0.8544,0.8617,0.0,12.0,9.5105,3.6825926303863525,0.7974922060966492,-61.93,0,1,180,1.671,0.9921,0.855,0.57,0.2976,0.2565,0.228,0.7821,0.4213
16.101,1,NAVIGATE,0.0474,2.5215,-1.9037,-0.0115,0.855,1.5725,-0.1115,0.855,0.8623,0.0,12.0,9.4787,3.628350019454956,0.7755297422409058,-65.44,0,1,180,1.564,0.9922,0.861,0.5704,0.2977,0.2583,0.2282,0.7841,0.4255
16.151,1,NAVIGATE,0.0479,2.5536,-1.9069,-0.0129,0.8558,1.5719,-0.1129,0.8558,0.8632,0.0,12.0,9.4465,3.59690260887146,0.7650728821754456,-67.69,0,1,180,1.749,0.9921,0.8623,0.5709,0.2976,0.2587,0.2284,0.7847,0.4299
16.201,1,NAVIGATE,0.0463,2.5861,-1.9094,-0.0164,0.8568,1.5718,-0.1164,0.8568,0.8647,0.0,12.0,9.414,3.571824550628662,0.7590364217758179,-69.69,0,1,180,1.512,0.9915,0.8564,0.5716,0.2975,0.2569,0.2286,0.783,0.4276
16.251,1,NAVIGATE,0.0442,2.6254,-1.9125,-0.0227,0.8581,1.5721,-0.1227,0.8581,0.8669,0.0,12.0,9.3747,3.5432770252227783,0.7468854188919067,-71.44,0,1,180,1.723,0.9906,0.847,0.5725,0.2972,0.2541,0.229,0.7803,0.4227
16.301,1,NAVIGATE,0.0419,2.6586,-1.9132,-0.0291,0.8595,1.5723,-0.1291,0.8595,0.8691,0.0,12.0,9.3415,3.4847638607025146,0.7355419397354126,-75.7,0,1,180,1.614,0.9896,0.8561,0.5734,0.2969,0.2568,0.2293,0.7831,0.4295
16.351,1,NAVIGATE,0.0373,2.6926,-1.9066,-0.0364,0.8614,1.5725,-0.0364,0.8614,0.8621,0.0,12.0,9.3075,3.456331968307495,0.7301557064056396,-78.2,0,1,180,1.557,0.9993,0.8482,0.5743,0.2998,0.2545,0.2297,0.784,0.4221
16.401,1,NAVIGATE,0.0319,2.7336,-1.9003,-0.0455,0.8636,1.5727,-0.0455,0.8636,0.8648,0.0,12.0,9.2664,3.431483507156372,0.7255759835243225,-80.2,0,1,180,1.619,0.9988,0.8571,0.5759,0.2996,0.2571,0.2303,0.7871,0.4249
16.451,1,NAVIGATE,0.0261,2.7682,-1.8954,-0.0535,0.8656,1.573,-0.0535,0.8656,0.8673,0.0,12.0,9.2319,3.3712692260742188,0.7218639254570007,-84.7,0,1,180,1.579,0.9983,0.8691,0.5772,0.2995,0.2607,0.2309,0.7911,0.43
16.501,1,NAVIGATE,0.0169,2.8102,-1.8898,-0.0613,0.8682,1.5736,-0.0613,0.8682,0.8703,0.0,12.0,9.1898,3.344424247741699,0.7218539118766785,-86.71,0,1,180,1.614,0.9976,0.8785,0.5789,0.2993,0.2635,0.2315,0.7944,0.434
16.551,1,NAVIGATE,0.0098,2.8453,-1.8864,-0.0654,0.8702,1.5741,-0.0654,0.8702,0.8727,0.0,12.0,9.1547,3.316016674041748,0.7250363230705261,-87.96,0,1,180,1.673,0.9973,0.8883,0.5802,0.2992,0.2665,0.2321,0.7978,0.4367
16.601,1,NAVIGATE,-0.0002,2.8854,-1.8842,-0.0688,0.8718,1.5745,-0.0688,0.8718,0.8745,0.0,12.0,9.1146,3.257909059524536,0.728394627571106,-88.96,0,1,180,1.576,0.9969,0.9148,0.5812,0.2991,0.2745,0.2325,0.806,0.4449
16.651,1,NAVIGATE,-0.0094,2.9176,-1.8839,-0.0709,0.8724,1.5747,-0.0709,0.8724,0.8753,0.0,12.0,9.0824,3.230947494506836,0.7312435507774353,-90.96,0,1,180,1.616,0.9966,0.9272,0.5816,0.299,0.2782,0.2326,0.8098,0.4284
16.701,1,NAVIGATE,-0.0194,2.9566,-1.8844,-0.0723,0.8734,1.5747,-0.0723,0.8734,0.8764,0.0,12.0,9.0434,3.201320171356201,0.7339032888412476,-93.21,0,1,180,1.721,0.9964,0.9269,0.5822,0.2989,0.2781,0.2329,0.8099,0.4045
16.751,1,NAVIGATE,-0.0276,2.9884,-1.8851,-0.0736,0.8741,1.5746,-0.1736,0.8741,0.8912,0.0,12.0,9.0116,3.143720865249634,0.7391780018806458,-90.96,0,1,180,1.717,0.9802,0.894,0.5824,0.2941,0.2682,0.233,0.7952,0.4404
16.801,1,NAVIGATE,-0.0367,3.0268,-1.8866,-0.0748,0.8752,1.5742,-0.1748,0.8752,0.8925,0.0,12.0,8.9732,3.1155941486358643,0.7417525053024292,-91.96,0,1,180,1.791,0.9798,0.8944,0.583,0.2939,0.2683,0.2332,0.7955,0.4323
16.851,1,NAVIGATE,-0.0438,3.0593,-1.8884,-0.0758,0.8763,1.5736,-0.1758,0.8763,0.8937,0.0,12.0,8.9408,3.0877256393432617,0.7449280023574829,-93.71,0,1,180,1.588,0.9795,0.9208,0.5836,0.2938,0.2762,0.2334,0.8035,0.4265
16.901,1,NAVIGATE,-0.0512,3.1002,-1.8884,-0.0793,0.8785,1.5728,-0.1793,0.8785,0.8966,0.0,12.0,8.8999,3.027142286300659,0.7537723779678345,96.71,0,1,180,1.505,0.9786,0.9594,0.5849,0.2936,0.2878,0.234,0.8154,0.4247
16.951,1,NAVIGATE,-0.0583,3.1417,-1.8887,-0.0853,0.8808,1.572,-0.1853,0.8808,0.9001,0.0,12.0,8.8585,2.998894691467285,0.7541736960411072,98.97,0,1,180,1.605,0.9772,0.9653,0.5864,0.2932,0.2896,0.2346,0.8173,0.4277
17.001,1,NAVIGATE,-0.0641,3.1765,-1.8896,-0.0918,0.8827,1.5715,0.0082,0.7827,0.7828,0.0,12.0,8.8237,2.971301794052124,0.7563881278038025,101.22,0,1,180,1.721,1.0,1.0,0.5218,0.3,0.3,0.2087,0.8087,0.3509
17.052,1,NAVIGATE,-0.0692,3.2174,-1.8839,-0.0997,0.8845,1.5708,-0.0997,0.7845,0.7908,0.0,12.0,8.7829,2.91153883934021,0.7658516764640808,105.97,0,1,180,1.838,0.991,1.0,0.5225,0.2973,0.3,0.209,0.8063,0.4423
17.101,1,NAVIGATE,-0.0746,3.2586,-1.8798,-0.1085,0.8866,1.5704,-0.1085,0.7866,0.7941,0.0,12.0,8.7417,2.8832364082336426,0.7699856162071228,107.97,0,1,180,1.564,0.9894,1.0,0.5238,0.2968,0.3,0.2095,0.8063,0.4321
17.151,1,NAVIGATE,-0.08,3.3005,-1.8809,-0.1124,0.8863,1.5699,-0.1124,0.7863,0.7943,0.0,12.0,8.6999,2.8261094093322754,0.7827897667884827,111.98,0,1,180,1.692,0.9886,1.0,0.5235,0.2966,0.3,0.2094,0.806,0.4002
17.201,1,NAVIGATE,-0.0844,3.3358,-1.8853,-0.1133,0.8843,1.5693,-0.1133,0.7843,0.7925,0.0,12.0,8.6647,2.7948968410491943,0.7928868532180786,114.48,0,1,180,1.441,0.9883,1.0,0.5221,0.2965,0.3,0.2089,0.8053,0.3857
17.251,1,NAVIGATE,-0.0897,3.378,-1.8908,-0.1128,0.8804,1.5683,-0.1128,0.7804,0.7885,0.0,12.0,8.6225,2.7671453952789307,0.8017434477806091,116.23,0,1,180,1.844,0.9882,1.0,0.5195,0.2965,0.3,0.2078,0.8042,0.3766
17.301,1,NAVIGATE,-0.0942,3.4117,-1.8954,-0.1122,0.8759,1.5674,-0.1122,0.7759,0.784,0.0,12.0,8.5888,2.710963487625122,0.8248698115348816,120.49,0,1,180,1.65,0.9881,1.0,0.5164,0.2964,0.3,0.2066,0.803,0.3479
17.351,1,NAVIGATE,-0.0997,3.4511,-1.9008,-0.1118,0.87,1.5663,-0.1118,0.77,0.778,0.0,12.0,8.5495,2.6791024208068848,0.8362295031547546,122.24,0,1,180,1.653,0.9879,1.0,0.5124,0.2964,0.3,0.205,0.8013,0.341
17.401,1,NAVIGATE,-0.1052,3.4905,-1.9062,-0.1119,0.864,1.5654,-0.1119,0.764,0.7722,0.0,12.0,8.5101,2.651515245437622,0.8451248407363892,123.99,0,1,180,1.448,0.9876,1.0,0.5084,0.2963,0.3,0.2034,0.7996,0.3377
17.451,1,NAVIGATE,-0.1116,3.5245,-1.9124,-0.1129,0.8594,1.5645,-0.1129,0.7594,0.7678,0.0,12.0,8.4763,2.596522569656372,0.873584508895874,127.24,0,1,180,1.553,0.9871,1.0,0.5053,0.2961,0.3,0.2021,0.7982,0.3173
17.501,1,NAVIGATE,-0.1182,3.5585,-1.9187,-0.1143,0.855,1.5639,-0.1143,0.755,0.7637,0.0,12.0,8.4423,2.5651676654815674,0.8925017714500427,129.24,0,1,180,1.557,0.9865,1.0,0.5022,0.296,0.3,0.2009,0.7969,0.3108
17.551,1,NAVIGATE,-0.126,3.5992,-1.9258,-0.116,0.8499,1.5633,-0.116,0.7499,0.7588,0.0,12.0,8.4017,2.5388784408569336,0.9064529538154602,130.75,0,1,180,1.616,0.9858,1.0,0.4987,0.2958,0.3,0.1995,0.7952,0.3097
17.601,1,NAVIGATE,-0.1309,3.6345,-1.9333,-0.1169,0.8465,1.5628,-0.1169,0.7465,0.7555,0.0,12.0,8.3666,2.5113651752471924,0.9219397902488708,132.25,0,1,180,1.593,0.9854,1.0,0.4964,0.2956,0.3,0.1985,0.7942,0.3038
17.651,1,NAVIGATE,-0.1359,3.6694,-1.9402,-0.1176,0.843,1.5622,-0.0176,0.643,0.6432,0.0,12.0,8.3317,2.4536402225494385,0.9572566747665405,135.0,0,1,180,1.596,0.999,1.0,0.4284,0.2997,0.3,0.1714,0.7711,0.3061
17.701,1,NAVIGATE,-0.1418,3.7111,-1.9477,-0.1186,0.8386,1.5615,-0.0186,0.6386,0.6389,0.0,12.0,8.2901,2.42838978767395,0.9971728324890137,135.0,0,1,180,1.614,0.9989,1.0,0.4255,0.2997,0.3,0.1702,0.7699,0.2959
17.752,1,NAVIGATE,-0.1499,3.7465,-1.9525,-0.121,0.8357,1.5609,-0.021,0.6357,0.6361,0.0,12.0,8.2549,2.374582052230835,1.0773026943206787,135.0,0,1,180,1.874,0.9987,1.0,0.4235,0.2996,0.3,0.1694,0.769,0.2621
17.801,1,NAVIGATE,-0.1592,3.7885,-1.9578,-0.1217,0.8294,1.5603,-0.0217,0.6294,0.6298,0.0,12.0,8.213,2.3443684577941895,1.1204242706298828,135.0,0,1,180,1.594,0.9985,1.0,0.4193,0.2996,0.3,0.1677,0.7673,0.2557
17.851,1,NAVIGATE,-0.1661,3.8235,-1.9619,-0.12,0.8221,1.5597,-0.02,0.6221,0.6224,0.0,12.0,8.1782,2.316659450531006,1.1599620580673218,135.0,0,1,180,1.681,0.9986,1.0,0.4144,0.2996,0.3,0.1657,0.7653,0.2527
17.901,1,NAVIGATE,-0.1724,3.8666,-1.9672,-0.1151,0.8119,1.5591,-0.0151,0.6119,0.6121,0.0,12.0,8.1352,2.2652809619903564,1.2125775814056396,-134.75,0,1,180,1.684,0.9989,1.0,0.4076,0.2997,0.3,0.1631,0.7627,0.2299
17.951,1,NAVIGATE,-0.1782,3.9087,-1.9718,-0.1088,0.8004,1.5585,-0.2088,0.8004,0.8272,0.0,12.0,8.0933,2.238614082336426,1.2459686994552612,-135.0,0,1,180,1.681,0.9618,0.8582,0.5304,0.2885,0.2574,0.2122,0.7582,0.3785
18.001,1,NAVIGATE,-0.1831,3.9422,-1.9736,-0.1027,0.7897,1.5579,-0.2027,0.7897,0.8153,0.0,12.0,8.0599,2.2122244834899902,1.282442331314087,-135.0,0,1,180,1.557,0.9627,0.8564,0.5233,0.2888,0.2569,0.2093,0.7551,0.3911
18.051,1,NAVIGATE,-0.1889,3.9802,-1.973,-0.0948,0.7755,1.5568,-0.1948,0.7755,0.7996,0.0,12.0,8.022,2.1634597778320312,1.3513367176055908,-135.0,0,1,180,1.727,0.9639,0.8676,0.5138,0.2892,0.2603,0.2055,0.755,0.3933
18.101,1,NAVIGATE,-0.1933,4.0114,-1.9728,-0.0916,0.7682,1.5556,-0.1916,0.7682,0.7918,0.0,12.0,7.9909,2.1337692737579346,1.389394760131836,-135.0,0,1,180,1.56,0.9641,0.8638,0.5089,0.2892,0.2591,0.2036,0.7519,0.3998
18.151,1,NAVIGATE,-0.1996,4.0497,-1.9708,-0.0932,0.7648,1.5542,-0.1932,0.7648,0.7888,0.0,12.0,7.9528,2.110734224319458,1.4238626956939697,-135.0,0,1,180,1.693,0.9631,0.8487,0.5065,0.2889,0.2546,0.2026,0.7461,0.4016
18.201,1,NAVIGATE,-0.2056,4.0822,-1.968,-0.0982,0.765,1.5533,-0.1982,0.765,0.7903,0.0,12.0,7.9205,2.061659336090088,1.4905459880828857,-135.0,0,1,180,1.611,0.9612,0.8394,0.5064,0.2884,0.2518,0.2026,0.7427,0.4005
18.251,1,NAVIGATE,-0.2128,4.1209,-1.9652,-0.1066,0.767,1.5527,-0.2066,0.767,0.7944,0.0,12.0,7.8819,2.0345959663391113,1.5300935506820679,-135.0,0,1,180,1.855,0.9582,0.8105,0.5074,0.2875,0.2432,0.203,0.7336,0.4037
18.301,1,NAVIGATE,-0.2159,4.1542,-1.9637,-0.1132,0.7698,1.5524,-0.1132,0.5698,0.5809,0.0,12.0,7.8487,2.010537624359131,1.564410924911499,-135.0,0,1,180,1.684,0.9751,0.9514,0.3777,0.2925,0.2854,0.1511,0.729,0.3515
18.351,1,NAVIGATE,-0.2193,4.1943,-1.9624,-0.1213,0.774,1.552,-0.2213,0.774,0.805,0.0,12.0,7.8088,1.9631240367889404,1.533024787902832,49.42,0,1,180,1.711,0.9534,0.7823,0.5116,0.286,0.2347,0.2047,0.7253,0.3916
18.401,1,NAVIGATE,-0.2226,4.2275,-1.9617,-0.1279,0.7762,1.5523,-0.1279,0.6762,0.6882,0.0,12.0,7.7757,1.9373685121536255,1.510494589805603,50.17,0,1,180,1.559,0.9769,0.8289,0.4482,0.2931,0.2487,0.1793,0.721,0.2392
18.451,1,NAVIGATE,-0.2306,4.2601,-1.962,-0.1339,0.773,1.5523,-0.1339,0.673,0.6862,0.0,12.0,7.7434,1.9134901762008667,1.4908442497253418,50.92,0,1,180,1.971,0.9745,0.8217,0.4458,0.2924,0.2465,0.1783,0.7172,0.2559
18.501,1,NAVIGATE,-0.2411,4.2987,-1.9629,-0.1407,0.7698,1.5519,-0.1407,0.6698,0.6844,0.0,12.0,7.7051,1.8892428874969482,1.4721479415893555,51.67,0,1,180,1.564,0.9717,0.8188,0.4434,0.2915,0.2456,0.1773,0.7145,0.2762
18.551,1,NAVIGATE,-0.2496,4.3305,-1.9638,-0.1448,0.7661,1.551,-0.2448,0.7661,0.8043,0.0,12.0,7.6735,1.8424357175827026,1.4339728355407715,52.42,0,1,180,1.684,0.9421,0.7223,0.5051,0.2826,0.2167,0.2021,0.7014,0.3585
18.601,1,NAVIGATE,-0.2564,4.3678,-1.9631,-0.1462,0.7603,1.5497,-0.2462,0.8603,0.8949,0.0,12.0,7.6365,1.8202348947525024,1.4150809049606323,53.42,0,1,180,1.602,0.9516,0.8197,0.5677,0.2855,0.2459,0.2271,0.7585,0.4068
18.651,1,NAVIGATE,-0.2615,4.3984,-1.9626,-0.1458,0.7545,1.5483,-0.2458,0.8545,0.8891,0.0,12.0,7.6061,1.7969692945480347,1.3965866565704346,53.42,0,1,180,1.71,0.951,0.8237,0.5637,0.2853,0.2471,0.2255,0.7579,0.4087
18.701,1,NAVIGATE,-0.268,4.4351,-1.9617,-0.1466,0.7499,1.5466,-0.2466,0.8499,0.8849,0.0,12.0,7.5697,1.7491685152053833,1.3581525087356567,54.68,0,1,180,1.586,0.9499,0.8186,0.5604,0.285,0.2456,0.2242,0.7547,0.4076
18.751,1,NAVIGATE,-0.2742,4.4662,-1.958,-0.1493,0.7506,1.5451,-0.2493,0.8506,0.8863,0.0,12.0,7.5388,1.7284351587295532,1.3397893905639648,55.43,0,1,180,1.665,0.9488,0.8144,0.5606,0.2846,0.2443,0.2242,0.7532,0.4078
18.801,1,NAVIGATE,-0.2818,4.5034,-1.9546,-0.1548,0.7555,1.5432,-0.2548,0.8555,0.8926,0.0,12.0,7.5019,1.7068170309066772,1.3217118978500366,56.18,0,1,180,1.64,0.947,0.8059,0.5635,0.2841,0.2418,0.2254,0.7513,0.403
18.851,1,NAVIGATE,-0.2878,4.5343,-1.9518,-0.1606,0.7616,1.5417,-0.2606,0.7616,0.805,0.0,12.0,7.4712,1.6641476154327393,1.2837426662445068,57.68,0,1,180,1.85,0.933,0.7164,0.5007,0.2799,0.2149,0.2003,0.6951,0.3581
18.901,1,NAVIGATE,-0.2933,4.5703,-1.9465,-0.1679,0.7699,1.5399,-0.2679,0.7699,0.8152,0.0,12.0,7.4355,1.642474889755249,1.2664421796798706,58.43,0,1,180,1.574,0.9307,0.7143,0.5058,0.2792,0.2143,0.2023,0.6958,0.3589
18.951,1,NAVIGATE,-0.2995,4.6068,-1.9425,-0.1759,0.7784,1.5383,-0.2759,0.7784,0.8258,0.0,12.0,7.3993,1.602970004081726,1.230831265449524,60.18,0,1,180,1.614,0.9283,0.7095,0.511,0.2785,0.2129,0.2044,0.6958,0.3545
19.001,1,NAVIGATE,-0.3054,4.6395,-1.9381,-0.1827,0.784,1.5372,-0.2827,0.784,0.8335,0.0,12.0,7.3668,1.5823113918304443,1.2103172540664673,61.18,0,1,180,1.646,0.9258,0.712,0.5144,0.2777,0.2136,0.2058,0.6971,0.3506
19.051,1,NAVIGATE,-0.3133,4.6803,-1.9327,-0.1908,0.7889,1.536,-0.1908,0.6889,0.7148,0.0,12.0,7.3264,1.5634429454803467,1.1936981678009033,62.18,0,1,180,1.727,0.9514,0.735,0.4534,0.2854,0.2205,0.1814,0.6873,0.3686
19.101,1,NAVIGATE,-0.3203,4.7141,-1.9293,-0.1976,0.7915,1.5352,-0.1976,0.6915,0.7191,0.0,12.0,7.2929,1.5258103609085083,1.1586897373199463,62.68,0,1,180,1.571,0.9485,0.751,0.4548,0.2846,0.2253,0.1819,0.6918,0.3791
19.151,1,NAVIGATE,-0.3269,4.7549,-1.926,-0.2049,0.7941,1.5344,-0.2049,0.6941,0.7237,0.0,12.0,7.2525,1.505425214767456,1.1394931077957153,63.93,0,1,180,1.703,0.9454,0.7781,0.4561,0.2836,0.2334,0.1825,0.6995,0.3911
19.201,1,NAVIGATE,-0.3313,4.7889,-1.9237,-0.2086,0.794,1.5337,-0.2086,0.694,0.7247,0.0,12.0,7.2187,1.4920501708984375,1.1221219301223755,63.68,0,1,180,1.644,0.9435,0.8031,0.4558,0.283,0.2409,0.1823,0.7063,0.3963
19.251,1,NAVIGATE,-0.3362,4.8226,-1.9224,-0.2105,0.7918,1.5329,-0.2105,0.6918,0.7232,0.0,12.0,7.1852,1.4760805368423462,1.1044433116912842,64.94,0,1,180,1.718,0.942,0.8119,0.4542,0.2826,0.2436,0.1817,0.7078,0.399
19.301,1,NAVIGATE,-0.343,4.8657,-1.9209,-0.2112,0.7887,1.5318,-0.2112,0.7887,0.8165,0.0,12.0,7.1425,1.445122480392456,1.069403052330017,66.69,0,1,180,1.704,0.9525,0.7102,0.5185,0.2857,0.2131,0.2074,0.7062,0.351
19.351,1,NAVIGATE,-0.3491,4.9022,-1.9202,-0.2109,0.7856,1.5307,-0.2109,0.7856,0.8134,0.0,12.0,7.1064,1.4357445240020752,1.0532416105270386,67.69,0,1,180,1.582,0.9519,0.7078,0.5162,0.2856,0.2123,0.2065,0.7044,0.3513
19.401,1,NAVIGATE,-0.3567,4.945,-1.9203,-0.2102,0.7808,1.5294,-0.2102,0.7808,0.8086,0.0,12.0,7.064,1.424700379371643,1.0366005897521973,68.69,0,1,180,1.606,0.9513,0.7051,0.5128,0.2854,0.2115,0.2051,0.702,0.3506
19.451,1,NAVIGATE,-0.3605,4.9784,-1.9256,-0.2089,0.7781,1.5283,-0.2089,0.7781,0.8056,0.0,12.0,7.0308,1.4076322317123413,1.0030388832092285,70.94,0,1,180,1.679,0.9512,0.6973,0.5109,0.2854,0.2092,0.2044,0.6989,0.3473
19.501,1,NAVIGATE,-0.3658,5.0181,-1.9319,-0.2078,0.777,1.5268,-0.2078,0.777,0.8043,0.0,12.0,6.9915,1.4020429849624634,0.9871537089347839,72.69,0,1,180,1.529,0.9512,0.6996,0.5101,0.2854,0.2099,0.204,0.6993,0.3529
19.551,1,NAVIGATE,-0.3716,5.0579,-1.938,-0.2073,0.7778,1.5254,-0.2073,0.7778,0.8049,0.0,12.0,6.952,1.4106929302215576,0.959557831287384,73.44,0,1,180,1.771,0.9511,0.6952,0.5104,0.2853,0.2086,0.2042,0.6981,0.3503
19.601,1,NAVIGATE,-0.3768,5.0926,-1.9425,-0.2071,0.7795,1.5243,-0.2071,0.7795,0.8066,0.0,12.0,6.9177,1.4429686069488525,0.9438256025314331,74.44,0,1,180,1.576,0.9511,0.6993,0.5114,0.2853,0.2098,0.2046,0.6997,0.3467
19.651,1,NAVIGATE,-0.3834,5.1338,-1.9476,-0.2074,0.7817,1.5232,-0.2074,0.7817,0.8087,0.0,12.0,6.8769,10.748220443725586,0.9299368858337402,75.95,0,1,180,1.633,0.9508,0.7115,0.5126,0.2852,0.2135,0.205,0.7037,0.3472
19.701,1,NAVIGATE,-0.3894,5.1677,-1.9515,-0.2078,0.7833,1.5223,-0.3078,0.7833,0.8416,0.0,12.0,6.8434,10.697784423828125,0.9037556052207947,79.45,0,1,180,1.593,0.9084,0.7551,0.5097,0.2725,0.2265,0.2039,0.7029,0.3775
19.751,1,NAVIGATE,-0.3969,5.2081,-1.955,-0.2084,0.7848,1.5214,-0.3084,0.7848,0.8432,0.0,12.0,6.8035,10.672260284423828,0.8892263770103455,78.95,0,1,180,1.728,0.9078,0.7633,0.5103,0.2723,0.229,0.2041,0.7055,0.3788
19.801,1,NAVIGATE,-0.4048,5.2481,-1.9583,-0.2088,0.786,1.5205,-0.3088,0.786,0.8445,0.0,12.0,6.764,10.646044731140137,0.8775891065597534,80.45,0,1,180,1.701,0.9072,0.774,0.5108,0.2722,0.2322,0.2043,0.7087,0.3807
19.851,1,NAVIGATE,-0.4111,5.2812,-1.9589,-0.2105,0.7869,1.5196,-0.3105,0.7869,0.8459,0.0,12.0,6.7313,10.59704303741455,0.853218674659729,82.95,0,1,180,1.679,0.9061,0.7825,0.511,0.2718,0.2347,0.2044,0.7109,0.3894
19.901,1,NAVIGATE,-0.4187,5.3207,-1.9583,-0.2146,0.7878,1.5188,-0.3146,0.7878,0.8483,0.0,12.0,6.6924,10.5692720413208,0.8415475487709045,85.2,0,1,180,1.638,0.9037,0.7769,0.5111,0.2711,0.2331,0.2044,0.7086,0.3876
19.951,1,NAVIGATE,-0.4255,5.3534,-1.9581,-0.2198,0.7886,1.518,-0.2198,0.7886,0.8186,0.0,12.0,6.6602,10.545228958129883,0.8302992582321167,87.21,0,1,180,1.91,0.9442,0.7302,0.5153,0.2833,0.2191,0.2061,0.7084,0.3637
20.001,1,NAVIGATE,-0.4343,5.393,-1.9604,-0.2277,0.7898,1.5169,-0.2277,0.6898,0.7264,0.0,12.0,6.6213,10.49587631225586,0.8117538690567017,87.21,0,1,180,1.745,0.927,0.8091,0.4489,0.2781,0.2427,0.1796,0.7004,0.4046
20.052,1,NAVIGATE,-0.4422,5.426,-1.9631,-0.2348,0.7911,1.516,-0.2348,0.6911,0.7299,0.0,12.0,6.5889,10.468180656433105,0.8006777167320251,89.71,0,1,180,1.831,0.9231,0.8184,0.4492,0.2769,0.2455,0.1797,0.7021,0.4097
20.101,1,NAVIGATE,-0.4523,5.4655,-1.9664,-0.2414,0.7929,1.5149,-0.2414,0.6929,0.7337,0.0,12.0,6.5502,10.44185733795166,0.7917567491531372,90.96,0,1,180,1.677,0.9194,0.8277,0.4497,0.2758,0.2483,0.1799,0.704,0.4141
20.151,1,NAVIGATE,-0.4616,5.5062,-1.9736,-0.2449,0.7922,1.5138,-0.2449,0.6922,0.7343,0.0,12.0,6.5102,10.393474578857422,0.7737360000610352,93.46,0,1,180,1.727,0.9167,0.8393,0.4487,0.275,0.2518,0.1795,0.7063,0.4181
20.201,1,NAVIGATE,-0.4698,5.5398,-1.9791,-0.2462,0.7896,1.5128,-0.2462,0.6896,0.7322,0.0,12.0,6.4772,10.366296768188477,0.7659075856208801,95.71,0,1,180,1.657,0.9149,0.8391,0.4466,0.2745,0.2517,0.1786,0.7048,0.4163
20.251,1,NAVIGATE,-0.4782,5.573,-1.9841,-0.2466,0.7855,1.5117,-0.2466,0.6855,0.7285,0.0,12.0,6.4447,10.316803932189941,0.7530059218406677,97.72,0,1,180,1.719,0.9133,0.8318,0.4435,0.274,0.2495,0.1774,0.7009,0.4151
20.301,1,NAVIGATE,-0.496,5.6111,-1.983,-0.2492,0.7794,1.5105,-0.2492,0.6794,0.7236,0.0,12.0,6.4081,10.293756484985352,0.7474151253700256,98.22,0,1,180,1.999,0.9094,0.8298,0.4387,0.2728,0.2489,0.1755,0.6972,0.4156
20.351,1,NAVIGATE,-0.5131,5.6489,-1.9824,-0.2514,0.7727,1.5092,-0.2514,0.6727,0.7182,0.0,12.0,6.3718,10.265530586242676,0.7410199642181396,101.72,0,1,180,1.691,0.9055,0.8291,0.4335,0.2717,0.2487,0.1734,0.6938,0.4156
20.401,1,NAVIGATE,-0.5272,5.6798,-1.9815,-0.2531,0.767,1.5079,-0.2531,0.667,0.7135,0.0,12.0,6.3422,10.24245834350586,0.735410213470459,101.97,0,1,180,2.213,0.9022,0.8259,0.4291,0.2707,0.2478,0.1717,0.6901,0.415
20.451,1,NAVIGATE,-0.5448,5.7157,-1.9782,-0.2554,0.7597,1.5064,-0.2554,0.6597,0.7074,0.0,12.0,6.3079,10.192742347717285,0.726950466632843,104.47,0,1,180,1.629,0.8979,0.8325,0.4234,0.2694,0.2498,0.1694,0.6885,0.4142
20.501,1,NAVIGATE,-0.5617,5.7512,-1.9757,-0.2575,0.7526,1.5048,-0.2575,0.6526,0.7015,0.0,12.0,6.274,10.166028022766113,0.7236990928649902,107.97,0,1,180,1.674,0.8936,0.8354,0.4179,0.2681,0.2506,0.1672,0.6859,0.4113
20.551,1,NAVIGATE,-0.5763,5.7804,-1.9747,-0.2596,0.7469,1.5034,-0.2596,0.6469,0.697,0.0,12.0,6.2462,10.120095252990723,0.71881502866745,110.98,0,1,180,1.599,0.8897,0.8512,0.4134,0.2669,0.2554,0.1654,0.6876,0.3815
20.601,1,NAVIGATE,-0.5939,5.8151,-1.9745,-0.2623,0.7402,1.5016,-0.2623,0.6402,0.6918,0.0,12.0,6.2134,10.097373962402344,0.7165654897689819,109.48,0,1,180,1.561,0.8849,0.8529,0.4081,0.2655,0.2559,0.1633,0.6846,0.3791
20.651,1,NAVIGATE,-0.6109,5.8495,-1.9748,-0.2647,0.7337,1.4996,-0.2647,0.6337,0.6867,0.0,12.0,6.1807,10.070879936218262,0.7166081070899963,114.73,0,1,180,1.697,0.8801,0.8611,0.4029,0.264,0.2583,0.1612,0.6835,0.3727
20.701,1,NAVIGATE,-0.6221,5.8717,-1.9744,-0.2661,0.7291,1.4981,-0.2661,0.6291,0.683,0.0,12.0,6.1598,10.026043891906738,0.7161308526992798,115.23,0,1,180,1.607,0.8769,0.8601,0.3993,0.2631,0.258,0.1597,0.6808,0.3385
20.751,1,NAVIGATE,-0.6413,5.91,-1.974,-0.2683,0.7209,1.4953,-0.2683,0.6209,0.6764,0.0,12.0,6.1237,10.003173828125,0.7168186902999878,117.73,0,1,180,1.739,0.8714,0.8669,0.3929,0.2614,0.2601,0.1572,0.6787,0.3432
20.801,1,NAVIGATE,-0.6545,5.9373,-1.9742,-0.2697,0.715,1.4933,-0.1697,0.615,0.638,0.0,12.0,6.0979,9.977757453918457,0.7180113792419434,119.99,0,1,180,1.613,0.9298,0.7991,0.3955,0.279,0.2397,0.1582,0.6769,0.3353
20.851,1,NAVIGATE,-0.6671,5.9636,-1.9739,-0.2708,0.7092,1.4912,-0.1708,0.6092,0.6327,0.0,12.0,6.0732,9.932705879211426,0.722954511642456,121.49,0,1,180,1.755,0.9274,0.8026,0.3912,0.2782,0.2408,0.1565,0.6755,0.3065
20.901,1,NAVIGATE,-0.6819,5.9948,-1.9739,-0.272,0.7022,1.4886,-0.172,0.6022,0.6263,0.0,12.0,6.0438,9.910954475402832,0.7253091931343079,121.99,0,1,180,1.551,0.9244,0.8109,0.386,0.2773,0.2433,0.1544,0.675,0.3061
20.951,1,NAVIGATE,-0.694,6.0209,-1.9743,-0.2712,0.6965,1.4864,-0.1712,0.5965,0.6205,0.0,12.0,6.0192,9.886311531066895,0.7295260429382324,122.99,0,1,180,1.68,0.923,0.8155,0.3818,0.2769,0.2446,0.1527,0.6743,0.2995
21.001,1,NAVIGATE,-0.7063,6.0478,-1.9768,-0.2689,0.6913,1.484,-0.1689,0.5913,0.6149,0.0,12.0,5.9939,9.843796730041504,0.7244656682014465,-59.43,0,1,180,1.449,0.9225,0.8299,0.3782,0.2767,0.249,0.1513,0.677,0.271
21.051,1,NAVIGATE,-0.7231,6.0853,-1.9803,-0.2632,0.6839,1.4803,-0.1632,0.5839,0.6063,0.0,12.0,5.9587,9.821235656738281,0.7230257987976074,-59.43,0,1,180,1.715,0.9233,0.8351,0.3732,0.277,0.2505,0.1493,0.6768,0.272
21.101,1,NAVIGATE,-0.7343,6.112,-1.9832,-0.258,0.6787,1.4775,-0.158,0.5787,0.5998,0.0,12.0,5.9336,9.797338485717773,0.7220589518547058,-61.43,0,1,180,1.71,0.9247,0.8411,0.3698,0.2774,0.2523,0.1479,0.6776,0.265
21.151,1,NAVIGATE,-0.7465,6.1443,-1.9887,-0.2506,0.6726,1.474,-0.1506,0.5726,0.5921,0.0,12.0,5.903,9.756659507751465,0.7215437889099121,-64.94,0,1,180,1.618,0.9272,0.8575,0.366,0.2781,0.2572,0.1464,0.6818,0.2406
21.201,1,NAVIGATE,-0.7563,6.1711,-1.9929,-0.2446,0.6674,1.4709,-0.1446,0.5674,0.5855,0.0,12.0,5.8778,9.735676765441895,0.7215132117271423,-66.19,0,1,180,1.653,0.9292,0.8653,0.3627,0.2788,0.2596,0.1451,0.6834,0.2342
21.251,1,NAVIGATE,-0.7679,6.2026,-2.003,-0.2378,0.6608,1.4672,-0.1378,0.5608,0.5775,0.0,12.0,5.8481,9.712562561035156,0.7230591177940369,-66.94,0,1,180,1.671,0.9314,0.8726,0.3586,0.2794,0.2618,0.1434,0.6846,0.231
21.301,1,NAVIGATE,-0.7775,6.2283,-2.0148,-0.2325,0.6551,1.4822,-0.2325,0.5551,0.6019,0.0,12.0,5.8238,9.669784545898438,0.7250546216964722,-66.44,0,1,180,1.503,0.8625,0.9546,0.3461,0.2587,0.2864,0.1384,0.6836,0.1957
21.351,1,NAVIGATE,-0.7887,6.2591,-2.0272,-0.2262,0.6484,1.4774,-0.0262,0.5484,0.549,0.0,12.0,5.7948,9.652145385742188,0.7279636263847351,-68.69,0,1,180,1.757,0.9831,0.8079,0.3598,0.2949,0.2424,0.1439,0.6812,0.2767
21.401,1,NAVIGATE,-0.7988,6.2856,-2.0351,-0.2216,0.6433,1.4736,-0.0216,0.5433,0.5437,0.0,12.0,5.77,9.629135131835938,0.7296050190925598,-70.94,0,1,180,1.588,0.9841,0.781,0.3567,0.2952,0.2343,0.1427,0.6722,0.2715
21.451,1,NAVIGATE,-0.8094,6.3124,-2.0414,-0.2195,0.6384,1.4705,-0.0195,0.5384,0.5388,0.0,12.0,5.7449,9.588482856750488,0.7352872490882874,-72.69,0,1,180,1.758,0.9843,0.7025,0.3535,0.2953,0.2107,0.1414,0.6474,0.2465
21.501,1,NAVIGATE,-0.8216,6.3443,-2.0475,-0.2155,0.6326,1.4693,-0.0155,0.5326,0.5328,0.0,12.0,5.7151,9.569926261901855,0.7402777671813965,-74.44,0,1,180,1.595,0.985,0.6622,0.3499,0.2955,0.1987,0.14,0.6341,0.2438
21.551,1,NAVIGATE,-0.8357,6.3757,-2.0531,-0.2091,0.6265,1.4688,-0.0091,0.5265,0.5266,0.0,12.0,5.6861,9.548206329345703,0.7433434128761292,-75.19,0,1,180,1.749,0.9864,0.6393,0.3463,0.2959,0.1918,0.1385,0.6263,0.2505
21.601,1,NAVIGATE,-0.8452,6.3964,-2.0564,-0.2035,0.6223,1.4675,-0.0035,0.5223,0.5223,0.0,12.0,5.667,9.510039329528809,0.7517865896224976,-75.7,0,1,180,1.527,0.9878,0.5785,0.3439,0.2963,0.1736,0.1376,0.6075,0.2331
21.651,1,NAVIGATE,-0.8587,6.427,-2.0603,-0.1929,0.6157,1.4641,0.0071,0.5157,0.5158,0.0,12.0,5.6387,9.490208625793457,0.7561256885528564,-76.95,0,1,180,1.656,0.9903,0.5687,0.3405,0.2971,0.1706,0.1362,0.6039,0.2462
21.701,1,NAVIGATE,-0.8755,6.4578,-2.0638,-0.1814,0.6091,1.4592,0.0186,0.5091,0.5095,0.0,12.0,5.6109,9.469526290893555,0.7604643106460571,-77.7,0,1,180,1.56,0.9928,0.5608,0.3372,0.2978,0.1682,0.1349,0.601,0.2586
21.751,1,NAVIGATE,-0.8913,6.4881,-2.0665,-0.1691,0.6024,1.4521,0.0309,0.5024,0.5034,0.0,12.0,5.5835,9.432544708251953,0.769472062587738,-79.2,0,1,180,1.708,0.9951,0.5285,0.3339,0.2985,0.1586,0.1336,0.5907,0.2571
21.801,1,NAVIGATE,-0.9032,6.513,-2.068,-0.1585,0.5967,1.4465,0.0415,0.4967,0.4985,0.0,12.0,5.5609,9.412978172302246,0.773832380771637,-81.45,0,1,180,1.56,0.9968,0.5326,0.3313,0.299,0.1598,0.1325,0.5913,0.2694
21.851,1,NAVIGATE,-0.917,6.5399,-2.0657,-0.145,0.5867,1.4409,0.055,0.4867,0.4898,0.0,12.0,5.5366,9.393758773803711,0.779497504234314,-81.7,0,1,180,1.808,0.9986,0.5693,0.3261,0.2996,0.1708,0.1304,0.6008,0.3039
21.901,1,NAVIGATE,-0.9272,6.5621,-2.0638,-0.1336,0.5784,1.4369,0.0664,0.5784,0.5822,0.0,12.0,5.5164,9.358241081237793,0.7882826924324036,-83.2,0,1,180,1.652,0.9985,0.5664,0.3875,0.2996,0.1699,0.155,0.6245,0.1909
21.951,1,NAVIGATE,-0.9364,6.584,-2.0617,-0.1222,0.5702,1.4331,0.0778,0.3702,0.3782,0.0,12.0,5.4964,9.340838432312012,0.7940980195999146,-85.2,0,1,180,1.696,0.9994,0.7812,0.252,0.2998,0.2344,0.1008,0.635,0.4779
22.001,1,NAVIGATE,-0.9485,6.6096,-2.0558,-0.1107,0.5579,1.4273,0.0893,0.3579,0.3689,0.0,12.0,5.4732,9.320003509521484,0.7987985014915466,-86.2,0,1,180,1.46,0.9975,0.8438,0.2453,0.2993,0.2531,0.0981,0.6505,0.4803
22.051,1,NAVIGATE,-0.9574,6.6305,-2.0513,-0.1011,0.5511,1.4218,0.0989,0.3511,0.3648,0.0,12.0,5.4542,9.286273002624512,0.8088769316673279,-85.2,0,1,180,1.693,0.9952,0.8721,0.242,0.2986,0.2616,0.0968,0.657,0.4909
22.101,1,NAVIGATE,-0.9643,6.6552,-2.0471,-0.0882,0.5409,1.4145,0.1118,0.3409,0.3588,0.0,12.0,5.4311,9.269861221313477,0.8125770688056946,-87.71,0,1,180,1.511,0.9904,0.9552,0.2369,0.2971,0.2866,0.0948,0.6784,0.4878
22.151,1,NAVIGATE,-0.9654,6.6792,-2.0447,-0.0725,0.5288,1.4085,0.1275,0.3288,0.3526,0.0,12.0,5.4076,9.251155853271484,0.8180335760116577,-88.46,0,1,180,1.754,0.9819,0.9709,0.2308,0.2946,0.2913,0.0923,0.6782,0.4845
22.201,1,NAVIGATE,-0.966,6.6989,-2.0428,-0.0595,0.5171,1.4046,0.1405,0.4171,0.4402,0.0,12.0,5.3884,9.219937324523926,0.8255401849746704,-88.21,0,1,180,1.466,0.9896,0.9265,0.2904,0.2969,0.2779,0.1162,0.691,0.5044
22.251,1,NAVIGATE,-0.9644,6.7193,-2.0408,-0.0422,0.4983,1.4002,0.1578,0.3983,0.4285,0.0,12.0,5.3681,9.20456600189209,0.8310670852661133,-89.21,0,1,180,1.765,0.9807,1.0,0.2801,0.2942,0.3,0.1121,0.7063,0.5061
22.301,1,NAVIGATE,-0.9613,6.7336,-2.0392,-0.0264,0.4793,1.3964,0.1736,0.4793,0.5098,0.0,12.0,5.3534,9.189844131469727,0.8353748917579651,-89.71,0,1,180,1.677,0.9861,0.9848,0.3351,0.2958,0.2954,0.1341,0.7253,0.4929
22.351,1,NAVIGATE,-0.9579,6.7477,-2.0377,-0.011,0.4627,1.3926,0.189,0.4627,0.4998,0.0,12.0,5.339,9.157112121582031,0.8416954278945923,-91.71,0,1,180,1.669,0.9786,1.0,0.326,0.2936,0.3,0.1304,0.724,0.5241
22.401,1,NAVIGATE,-0.9525,6.7648,-2.0382,0.0066,0.4461,1.3886,0.2066,0.5461,0.5839,0.0,12.0,5.3212,9.143295288085938,0.8466963768005371,-92.71,0,1,180,1.498,0.9835,0.962,0.3829,0.2951,0.2886,0.1531,0.7368,0.4817
22.451,1,NAVIGATE,-0.9475,6.7791,-2.0393,0.0207,0.4367,1.3857,0.2207,0.5367,0.5803,0.0,12.0,5.3062,9.123491287231445,0.8498281240463257,-93.71,0,1,180,1.671,0.9779,1.0,0.3783,0.2934,0.3,0.1513,0.7447,0.5078
22.501,1,NAVIGATE,-0.9425,6.7934,-2.0402,0.0342,0.4302,1.3831,0.2342,0.5302,0.5796,0.0,12.0,5.2912,9.094511032104492,0.8585497736930847,-94.71,0,1,180,1.512,0.9721,1.0,0.3756,0.2916,0.3,0.1503,0.7419,0.5317
22.551,1,NAVIGATE,-0.9334,6.8115,-2.043,0.0536,0.4245,1.3804,0.2536,0.6245,0.674,0.0,12.0,5.2718,9.081530570983887,0.8612745404243469,-95.21,0,1,180,1.67,0.9785,1.0,0.4397,0.2936,0.3,0.1759,0.7694,0.4995
22.601,1,NAVIGATE,-0.9264,6.8241,-2.045,0.0672,0.4229,1.379,0.2672,0.6229,0.6778,0.0,12.0,5.2581,9.06484317779541,0.8636156916618347,-95.96,0,1,180,1.551,0.9741,1.0,0.4402,0.2922,0.3,0.1761,0.7683,0.5266
22.651,1,NAVIGATE,-0.9194,6.8371,-2.0467,0.0806,0.4227,1.3779,0.2806,0.6227,0.683,0.0,12.0,5.2441,9.03795051574707,0.8707964420318604,-95.96,0,1,180,1.724,0.9696,1.0,0.4415,0.2909,0.3,0.1766,0.7675,0.535
22.701,1,NAVIGATE,-0.9125,6.8538,-2.0494,0.0958,0.4289,1.3773,0.2958,0.6289,0.695,0.0,12.0,5.2265,9.022266387939453,0.8743502497673035,-96.96,0,1,180,1.461,0.9653,1.0,0.4473,0.2896,0.3,0.1789,0.7685,0.545
22.751,1,NAVIGATE,-0.9055,6.8714,-2.0518,0.1108,0.4388,1.3775,0.3108,0.6388,0.7104,0.0,12.0,5.2079,9.006569862365723,0.8776034116744995,-97.72,0,1,180,1.765,0.9616,1.0,0.4554,0.2885,0.3,0.1822,0.7706,0.5526
22.801,1,NAVIGATE,-0.9006,6.8837,-2.0529,0.1208,0.4463,1.3779,0.3208,0.6463,0.7216,0.0,12.0,5.1949,8.97789478302002,0.883448600769043,-98.97,0,1,180,1.614,0.9592,1.0,0.4614,0.2878,0.3,0.1846,0.7724,0.5246
22.851,1,NAVIGATE,-0.8889,6.9092,-2.0532,0.14,0.4651,1.3787,0.34,0.6651,0.747,0.0,12.0,5.1678,8.959515571594238,0.8870636224746704,-100.72,0,1,180,1.734,0.9554,1.0,0.4758,0.2866,0.3,0.1903,0.7769,0.4614
22.901,1,NAVIGATE,-0.8803,6.9282,-2.053,0.1537,0.4783,1.3785,0.3537,0.6783,0.765,0.0,12.0,5.1476,8.943263053894043,0.8913219571113586,-101.47,0,1,180,1.594,0.9527,1.0,0.4859,0.2858,0.3,0.1943,0.7802,0.4167
22.951,1,NAVIGATE,-0.8717,6.9485,-2.0524,0.1674,0.4914,1.3784,0.3674,0.6914,0.783,0.0,12.0,5.1261,8.908578872680664,0.8971894979476929,-103.22,0,1,180,1.598,0.95,1.0,0.4959,0.285,0.3,0.1984,0.7834,0.3726
23.001,1,NAVIGATE,-0.862,6.9769,-2.0504,0.1842,0.5093,1.3785,0.2842,0.6093,0.6723,0.0,12.0,5.0966,8.88969898223877,0.9012187123298645,-104.72,0,1,180,1.574,0.9647,1.0,0.4324,0.2894,0.3,0.173,0.7624,0.5022
23.051,1,NAVIGATE,-0.8534,7.0008,-2.0488,0.1982,0.5235,1.3789,0.2982,0.6235,0.6912,0.0,12.0,5.0715,8.869484901428223,0.9069166779518127,-105.72,0,1,180,1.642,0.9619,1.0,0.4432,0.2886,0.3,0.1773,0.7659,0.5008
23.101,1,NAVIGATE,-0.8418,7.0292,-2.0471,0.2155,0.5394,1.3799,0.3155,0.7394,0.8038,0.0,12.0,5.0416,8.833359718322754,0.9153673052787781,-106.72,0,1,180,1.569,0.9724,0.9296,0.5211,0.2917,0.2789,0.2084,0.779,0.4616
23.151,1,NAVIGATE,-0.8285,7.0567,-2.0462,0.2309,0.5502,1.3815,0.3309,0.7502,0.8199,0.0,12.0,5.0122,8.814226150512695,0.9196626543998718,-107.72,0,1,180,1.654,0.9691,0.9497,0.5297,0.2907,0.2849,0.2119,0.7875,0.4532
23.201,1,NAVIGATE,-0.8172,7.0799,-2.0454,0.2417,0.557,1.3827,0.3417,0.757,0.8306,0.0,12.0,4.9875,8.790783882141113,0.9237273335456848,-108.23,0,1,180,1.523,0.9665,0.9413,0.5352,0.29,0.2824,0.2141,0.7864,0.4158
23.251,1,NAVIGATE,-0.7998,7.1071,-2.0446,0.2545,0.5664,1.3841,0.3545,0.7664,0.8444,0.0,12.0,4.9578,8.750657081604004,0.9346728920936584,-109.98,0,1,180,1.683,0.9635,0.9406,0.5424,0.289,0.2822,0.217,0.7882,0.3701
23.301,1,NAVIGATE,-0.7809,7.1344,-2.0437,0.2665,0.5777,1.3855,0.3665,0.6777,0.7704,0.0,12.0,4.9278,8.732478141784668,0.9392437934875488,-111.98,0,1,180,1.495,0.9439,1.0,0.4848,0.2832,0.3,0.1939,0.7771,0.3295
23.351,1,NAVIGATE,-0.7654,7.1577,-2.0429,0.2756,0.5882,1.3868,0.3756,0.5882,0.6979,0.0,12.0,4.9024,8.710400581359863,0.9459502696990967,-113.23,0,1,180,1.828,0.9165,1.0,0.4264,0.275,0.3,0.1706,0.7455,0.2946
23.401,1,NAVIGATE,-0.7526,7.1826,-2.0399,0.2829,0.6019,1.3883,0.3829,0.6019,0.7134,0.0,12.0,4.8758,8.66936206817627,0.9589554071426392,-115.73,0,1,180,1.606,0.9165,1.0,0.4358,0.2749,0.3,0.1743,0.7493,0.2612
23.451,1,NAVIGATE,-0.7378,7.2135,-2.0358,0.2911,0.6163,1.3906,0.2911,0.8163,0.8666,0.0,12.0,4.843,8.650106430053711,0.9658727049827576,-116.23,0,1,180,1.622,0.9821,0.7484,0.5674,0.2946,0.2245,0.227,0.7461,0.377
23.501,1,NAVIGATE,-0.7253,7.2396,-2.0327,0.2981,0.6237,1.3928,0.2981,0.6237,0.6913,0.0,12.0,4.8153,8.624220848083496,0.9729536175727844,-117.98,0,1,180,1.554,0.9569,0.9327,0.441,0.2871,0.2798,0.1764,0.7433,0.4581
23.551,1,NAVIGATE,-0.7099,7.2685,-2.0311,0.3063,0.6297,1.3955,0.3063,0.7297,0.7914,0.0,12.0,4.7844,8.57919979095459,0.9882915616035461,-118.73,0,1,180,1.589,0.9693,0.8529,0.5114,0.2908,0.2559,0.2046,0.7512,0.421
23.601,1,NAVIGATE,-0.6915,7.3032,-2.0295,0.3145,0.6391,1.3988,0.3145,0.7391,0.8033,0.0,12.0,4.7475,8.558457374572754,0.9970307946205139,-119.74,0,1,180,1.631,0.9674,0.832,0.518,0.2902,0.2496,0.2072,0.747,0.411
23.651,1,NAVIGATE,-0.6737,7.3376,-2.028,0.3199,0.6458,1.4025,0.3199,0.7458,0.8115,0.0,12.0,4.7109,8.533515930175781,1.0062921047210693,-120.24,0,1,180,1.646,0.966,0.8601,0.5226,0.2898,0.258,0.209,0.7568,0.3979
23.701,1,NAVIGATE,-0.6629,7.3599,-2.0265,0.3211,0.6499,1.4051,0.3211,0.7499,0.8158,0.0,12.0,4.6873,8.489907264709473,1.0225762128829956,-122.99,0,1,180,1.531,0.9657,0.8311,0.5252,0.2897,0.2493,0.2101,0.7491,0.4016
23.751,1,NAVIGATE,-0.6442,7.3989,-2.0242,0.3219,0.6578,1.4095,0.3219,0.7578,0.8233,0.0,12.0,4.6459,8.468582153320312,1.0265569686889648,29.65,0,1,180,1.72,0.9657,0.8259,0.5301,0.2897,0.2478,0.212,0.7495,0.3914
23.801,1,NAVIGATE,-0.632,7.427,-2.0227,0.3215,0.6643,1.4122,0.3215,0.7643,0.8291,0.0,12.0,4.6165,8.443099975585938,1.0078604221343994,30.65,0,1,180,1.575,0.9662,0.8097,0.5341,0.2899,0.2429,0.2136,0.7464,0.3888
23.851,1,NAVIGATE,-0.6238,7.4554,-2.0214,0.3185,0.6726,1.4145,0.3185,0.7726,0.8357,0.0,12.0,4.5872,8.399307250976562,0.970904529094696,31.9,0,1,180,1.602,0.9678,0.7968,0.5392,0.2903,0.239,0.2157,0.745,0.3955
23.901,1,NAVIGATE,-0.6135,7.4897,-2.02,0.3157,0.6826,1.4167,0.3157,0.7826,0.8438,0.0,12.0,4.5518,8.377375602722168,0.9555208683013916,32.91,0,1,180,1.569,0.9693,0.7868,0.5453,0.2908,0.236,0.2181,0.745,0.388
23.951,1,NAVIGATE,-0.6056,7.5186,-2.0188,0.3131,0.6906,1.4184,0.3131,0.7906,0.8503,0.0,12.0,4.5222,8.352252006530762,0.9353447556495667,33.66,0,1,180,1.753,0.9707,0.787,0.5503,0.2912,0.2361,0.2201,0.7474,0.389
24.001,1,NAVIGATE,-0.599,7.5475,-2.0174,0.3095,0.6984,1.42,0.3095,0.7984,0.8563,0.0,12.0,4.4926,8.30595588684082,0.902348518371582,35.66,0,1,180,1.804,0.9723,0.7711,0.555,0.2917,0.2313,0.222,0.745,0.3833
24.051,1,NAVIGATE,-0.5905,7.5825,-2.0161,0.3065,0.7073,1.4219,0.3065,0.8073,0.8635,0.0,12.0,4.4568,8.28320598602295,0.8837642669677734,36.91,0,1,180,1.678,0.9737,0.7583,0.5605,0.2921,0.2275,0.2242,0.7438,0.3767
24.101,1,NAVIGATE,-0.5832,7.6124,-2.0143,0.3049,0.715,1.4237,0.3049,0.715,0.7773,0.0,12.0,4.4262,8.257746696472168,0.864000678062439,37.91,0,1,180,1.557,0.9635,0.7826,0.4993,0.2891,0.2348,0.1997,0.7236,0.394
24.152,1,NAVIGATE,-0.5758,7.6433,-2.0118,0.3039,0.7237,1.4256,0.3039,0.7237,0.7849,0.0,12.0,4.3946,8.23520565032959,0.849974513053894,39.16,0,1,180,2.255,0.9648,0.7668,0.5049,0.2894,0.23,0.202,0.7214,0.3844
24.201,1,NAVIGATE,-0.5663,7.6806,-2.0092,0.3035,0.734,1.4276,0.3035,0.734,0.7943,0.0,12.0,4.3563,8.187938690185547,0.8180975317955017,41.41,0,1,180,1.584,0.966,0.7673,0.5115,0.2898,0.2302,0.2046,0.7246,0.3835
24.251,1,NAVIGATE,-0.5595,7.7189,-2.0054,0.3015,0.7421,1.4296,0.3015,0.7421,0.801,0.0,12.0,4.3175,8.161556243896484,0.801083505153656,42.91,0,1,180,1.78,0.9674,0.7571,0.5166,0.2902,0.2271,0.2066,0.724,0.3776
24.301,1,NAVIGATE,-0.5558,7.7514,-2.0014,0.2987,0.7474,1.4314,0.2987,0.7474,0.8049,0.0,12.0,4.2848,8.135652542114258,0.7849705219268799,44.17,0,1,180,1.701,0.9689,0.7503,0.5199,0.2907,0.2251,0.208,0.7237,0.3736
24.352,1,NAVIGATE,-0.5512,7.7838,-1.998,0.2965,0.7511,1.4332,0.1965,0.7511,0.7763,0.0,12.0,4.2521,8.088125228881836,0.7597160935401917,47.17,0,1,180,1.839,0.9921,0.6348,0.5135,0.2976,0.1905,0.2054,9979.6425,0.3162
24.401,1,NAVIGATE,-0.5421,7.8209,-1.9926,0.2968,0.7526,1.4353,0.1968,0.7526,0.7779,0.0,12.0,4.2141,8.061307907104492,0.7436574697494507,48.92,0,1,180,1.678,0.992,0.6496,0.5144,0.2976,0.1949,0.2058,9980.0577,0.3224
24.451,1,NAVIGATE,-0.5328,7.851,-1.9881,0.2982,0.7526,1.4369,0.1982,0.7526,0.7783,0.0,12.0,4.183,8.037335395812988,0.7330989241600037,50.42,0,1,180,1.732,0.9916,0.658,0.5145,0.2975,0.1974,0.2058,9980.3577,0.3252
24.501,1,NAVIGATE,-0.5232,7.8812,-1.9844,0.2982,0.7525,1.4383,0.1982,0.7525,0.7782,0.0,12.0,4.1519,7.990854740142822,0.7096228003501892,53.92,0,1,180,1.597,0.9914,0.6562,0.5143,0.2974,0.1969,0.2057,9980.6525,0.322
24.551,1,NAVIGATE,-0.5071,7.9168,-1.9799,0.2979,0.7529,1.4397,0.1979,0.7529,0.7784,0.0,12.0,4.1146,7.963604927062988,0.6989914774894714,56.18,0,1,180,1.737,0.9911,0.6615,0.5143,0.2973,0.1985,0.2057,9981.0117,0.3265
24.601,1,NAVIGATE,-0.4923,7.9462,-1.9766,0.2965,0.7535,1.4406,0.1965,0.7535,0.7787,0.0,12.0,4.0835,7.940070629119873,0.6909792423248291,57.68,0,1,180,1.621,0.991,0.6625,0.5145,0.2973,0.1988,0.2058,9981.3197,0.3288
24.651,1,NAVIGATE,-0.475,7.9818,-1.9735,0.2932,0.7545,1.4416,0.1932,0.7545,0.7788,0.0,12.0,4.0462,7.889639854431152,0.6730211973190308,61.93,0,1,180,1.726,0.9912,0.6573,0.5146,0.2973,0.1972,0.2058,9981.6993,0.3318
24.701,1,NAVIGATE,-0.4609,8.01,-1.9726,0.2888,0.7542,1.4424,0.1888,0.7542,0.7775,0.0,12.0,4.0166,7.865297317504883,0.6665455102920532,64.18,0,1,180,1.651,0.9915,0.6658,0.5139,0.2975,0.1997,0.2056,9981.9711,0.3373
24.751,1,NAVIGATE,-0.4447,8.044,-1.9722,0.2831,0.754,1.4435,0.1831,0.754,0.7759,0.0,12.0,3.9809,7.841325283050537,0.6602693200111389,66.19,0,1,180,1.684,0.992,0.6651,0.5132,0.2976,0.1995,0.2053,9982.3049,0.3324
24.801,1,NAVIGATE,-0.4317,8.0726,-1.9722,0.2783,0.754,1.4446,0.1783,0.754,0.7748,0.0,12.0,3.951,7.793347358703613,0.6502685546875,70.44,0,1,180,1.596,0.9925,0.6798,0.5127,0.2977,0.204,0.2051,9982.5897,0.3323
24.851,1,NAVIGATE,-0.4216,8.1114,-1.9658,0.2693,0.7573,1.4458,0.1693,0.7573,0.776,0.0,12.0,3.9114,7.766312122344971,0.6474900841712952,72.94,0,1,180,1.665,0.9937,0.6941,0.5141,0.2981,0.2082,0.2056,9983.0876,0.3394
24.901,1,NAVIGATE,-0.4132,8.1436,-1.9616,0.2624,0.7599,1.4468,0.1624,0.7599,0.7771,0.0,12.0,3.8785,7.743366241455078,0.6462284326553345,74.94,0,1,180,1.651,0.9946,0.7012,0.5153,0.2984,0.2103,0.2061,9983.4934,0.3376
24.951,1,NAVIGATE,-0.4031,8.1821,-1.9575,0.2547,0.7624,1.4485,0.1547,0.7624,0.7779,0.0,12.0,3.8391,7.69545316696167,0.6438422203063965,79.2,0,1,180,2.095,0.9955,0.7255,0.5163,0.2986,0.2176,0.2065,9983.9582,0.3463
25.001,1,NAVIGATE,-0.3925,8.2204,-1.9536,0.2478,0.7637,1.4505,0.1478,0.7637,0.7778,0.0,12.0,3.7999,7.667162895202637,0.6435328722000122,81.7,0,1,180,1.689,0.9962,0.7389,0.5166,0.2988,0.2217,0.2066,9984.3832,0.3522
25.051,1,NAVIGATE,-0.3838,8.2521,-1.9513,0.2425,0.7645,1.4522,0.1425,0.7645,0.7777,0.0,12.0,3.7675,7.643732070922852,0.6449970006942749,83.2,0,1,180,1.72,0.9966,0.749,0.5167,0.299,0.2247,0.2067,9984.7282,0.3574
25.101,1,NAVIGATE,-0.3733,8.284,-1.9496,0.2385,0.7653,1.454,0.1385,0.7653,0.7778,0.0,12.0,3.7347,7.596126556396484,0.6496648192405701,88.21,0,1,180,1.678,0.9969,0.7716,0.5169,0.2991,0.2315,0.2068,9985.0712,0.3699
25.151,1,NAVIGATE,-0.3603,8.3159,-1.9481,0.236,0.7663,1.4558,0.136,0.7663,0.7783,0.0,12.0,3.7016,7.569348335266113,0.6550618410110474,89.96,0,1,180,1.727,0.9969,0.7876,0.5173,0.2991,0.2363,0.2069,9985.419,0.3768
25.201,1,NAVIGATE,-0.3453,8.3541,-1.9473,0.2328,0.7674,1.4581,0.1328,0.7674,0.7788,0.0,12.0,3.6622,7.544129848480225,0.6582632064819336,92.21,0,1,180,1.633,0.997,0.7991,0.5177,0.2991,0.2397,0.2071,9985.8314,0.3816
25.251,1,NAVIGATE,-0.3338,8.3859,-1.946,0.2292,0.7683,1.4599,0.1292,0.8683,0.8778,0.0,12.0,3.6295,7.521453857421875,0.6635842323303223,94.46,0,1,180,1.894,0.9985,0.8002,0.5843,0.2995,0.2401,0.2337,9989.2706,0.3892
25.301,1,NAVIGATE,-0.3234,8.4176,-1.9437,0.2247,0.769,1.4618,0.1247,0.869,0.8779,0.0,12.0,3.597,7.4700422286987305,0.6757962703704834,97.47,0,1,180,1.879,0.9986,0.8269,0.5844,0.2996,0.2481,0.2338,9989.6092,0.4028
25.351,1,NAVIGATE,-0.3114,8.4554,-1.942,0.219,0.7697,1.464,0.119,0.8697,0.8778,0.0,12.0,3.5582,7.445314407348633,0.6820778250694275,95.96,0,1,180,1.906,0.9988,0.8365,0.5845,0.2996,0.251,0.2338,9990.0121,0.4083
25.401,1,NAVIGATE,-0.3003,8.4936,-1.9414,0.2128,0.7736,1.4662,0.1128,0.8736,0.8809,0.0,12.0,3.5193,7.422452926635742,0.6883467435836792,96.21,0,1,180,1.744,0.9991,0.8469,0.5867,0.2997,0.2541,0.2347,9990.5164,0.4138
25.451,1,NAVIGATE,-0.2918,8.5257,-1.9417,0.2074,0.7789,1.4681,0.1074,0.8789,0.8854,0.0,12.0,3.4866,7.372686862945557,0.6997414827346802,97.22,0,1,180,1.804,0.9993,0.8681,0.5899,0.2998,0.2604,0.2359,9991.0028,0.4247
25.501,1,NAVIGATE,-0.282,8.5643,-1.9425,0.2011,0.7866,1.4702,0.1011,0.8866,0.8923,0.0,12.0,3.4473,7.345981597900391,0.706061601638794,98.22,0,1,180,1.624,0.9995,0.8729,0.5946,0.2998,0.2619,0.2378,9991.629,0.4298
25.551,1,NAVIGATE,-0.2756,8.5959,-1.9413,0.1946,0.7931,1.4718,0.0946,0.8931,0.8981,0.0,12.0,3.4153,7.324236869812012,0.7126632332801819,98.22,0,1,180,1.873,0.9997,0.8836,0.5986,0.2999,0.2651,0.2394,9992.1503,0.4336
25.601,1,NAVIGATE,-0.2686,8.6339,-1.9401,0.1867,0.801,1.4737,0.0867,0.901,0.9052,0.0,12.0,3.3768,7.271999835968018,0.724597692489624,93.71,0,1,180,1.53,0.9999,0.8998,0.6034,0.3,0.27,0.2414,9992.7751,0.4432
25.651,1,NAVIGATE,-0.2617,8.6723,-1.9398,0.1793,0.8088,1.4761,0.0793,0.9088,0.9123,0.0,12.0,3.338,7.2476701736450195,0.7292262315750122,93.46,0,1,180,1.713,1.0,0.9075,0.6082,0.3,0.2722,0.2433,9993.3952,0.4466
25.701,1,NAVIGATE,-0.2568,8.7027,-1.9454,0.173,0.8143,1.4785,0.073,0.9143,0.9172,0.0,12.0,3.3073,7.223194599151611,0.7340307831764221,94.71,0,1,180,1.53,1.0,0.9144,0.6115,0.3,0.2743,0.2446,9993.8606,0.4532
25.751,1,NAVIGATE,-0.2519,8.7336,-1.9509,0.1669,0.8198,1.4809,0.0669,0.9198,0.9222,0.0,12.0,3.2761,7.169278621673584,0.7444322109222412,96.71,0,1,180,1.72,1.0,0.9313,0.6148,0.3,0.2794,0.2459,9994.3249,0.4596
25.801,1,NAVIGATE,-0.2463,8.7707,-1.9583,0.1599,0.8262,1.4834,0.0599,0.9262,0.9281,0.0,12.0,3.2387,7.1438703536987305,0.7500240802764893,94.21,0,1,180,1.548,0.9999,0.9377,0.6187,0.3,0.2813,0.2475,9994.8715,0.464
25.851,1,NAVIGATE,-0.2421,8.8004,-1.9688,0.1541,0.8309,1.4852,0.0541,0.9309,0.9325,0.0,12.0,3.2088,7.118437767028809,0.754848301410675,94.71,0,1,180,1.566,0.9998,0.9446,0.6216,0.3,0.2834,0.2486,9995.2859,0.4679
25.901,1,NAVIGATE,-0.237,8.8368,-1.98,0.1473,0.8367,1.4869,0.0473,0.9367,0.9379,0.0,12.0,3.1721,7.063065052032471,0.7648144960403442,96.71,0,1,180,1.646,0.9997,0.9568,0.6251,0.2999,0.287,0.25,9995.7822,0.4763
25.951,1,NAVIGATE,-0.2329,8.8679,-1.988,0.1418,0.8421,1.4881,0.0418,0.9421,0.943,0.0,12.0,3.1407,7.037902355194092,0.7681946754455566,94.46,0,1,180,1.694,0.9996,0.9638,0.6284,0.2999,0.2892,0.2514,9996.2016,0.4788
26.001,1,NAVIGATE,-0.2284,8.9073,-1.9951,0.1354,0.8498,1.4891,0.0354,0.9498,0.9505,0.0,12.0,3.1012,7.01188850402832,0.7725256681442261,92.46,0,1,180,1.555,0.9993,0.9663,0.6332,0.2998,0.2899,0.2533,9996.7284,0.4816
26.051,1,NAVIGATE,-0.2245,8.9405,-2.0003,0.1301,0.8563,1.4896,0.0301,0.9563,0.9568,0.0,12.0,3.0678,6.955136299133301,0.7812329530715942,95.46,0,1,180,1.686,0.9991,0.9834,0.6373,0.2997,0.295,0.2549,9997.1258,0.4893
26.101,1,NAVIGATE,-0.221,8.9814,-2.0062,0.1231,0.8645,1.4903,0.1231,0.9645,0.9724,0.0,12.0,3.0267,6.927746772766113,0.7848405241966248,95.71,0,1,180,1.475,0.9985,1.0,0.6473,0.2996,0.3,0.2589,9997.5328,0.5116
26.151,1,NAVIGATE,-0.2197,9.0168,-2.011,0.1161,0.8721,1.4908,0.1161,0.9721,0.979,0.0,12.0,2.9913,6.901327610015869,0.7885116934776306,94.96,0,1,180,1.838,0.999,1.0,0.652,0.2997,0.3,0.2608,9998.029,0.5129
26.201,1,NAVIGATE,-0.2179,9.0596,-2.016,0.1079,0.881,1.4916,0.1079,0.981,0.9869,0.0,12.0,2.9485,6.842722415924072,0.7965934872627258,95.21,0,1,180,1.536,0.9994,1.0,0.6575,0.2998,0.3,0.263,9998.4298,0.5187
26.251,1,NAVIGATE,-0.2167,9.0946,-2.0189,0.103,0.8875,1.4924,0.103,0.9875,0.9929,0.0,12.0,2.9134,6.816822528839111,0.799406111240387,93.46,0,1,180,1.707,0.9996,1.0,0.6616,0.2999,0.3,0.2646,9998.4079,0.5221
26.301,1,NAVIGATE,-0.2151,9.1365,-2.0212,0.0997,0.8947,1.4931,0.0997,0.9947,0.9997,0.0,12.0,2.8716,6.788862228393555,0.8024752140045166,96.46,0,1,180,1.512,0.9997,1.0,0.6662,0.2999,0.3,0.2665,9998.4877,0.5237
26.351,1,NAVIGATE,-0.2131,9.1788,-2.0231,0.0986,0.902,1.493,0.0986,1.002,1.0069,0.0,12.0,2.8292,6.730381965637207,0.809480607509613,93.21,0,1,180,1.673,0.9997,1.0,0.6711,0.2999,0.3,0.2684,9998.8594,0.5305
26.401,1,NAVIGATE,-0.2068,9.2138,-2.0228,0.1004,0.9081,1.493,0.1004,1.0081,1.0131,0.0,12.0,2.7938,6.703707218170166,0.8134676218032837,93.46,0,1,180,1.619,0.9997,1.0,0.6752,0.2999,0.3,0.2701,9998.6843,0.5334
26.452,1,NAVIGATE,-0.1996,9.2491,-2.0222,0.1029,0.9143,1.4932,0.1029,0.9143,0.9201,0.0,12.0,2.7581,6.673921585083008,0.8160271644592285,94.71,0,1,180,2.179,0.9992,1.0,0.6129,0.2998,0.3,0.2452,9998.3251,0.5369
26.501,1,NAVIGATE,-0.1913,9.292,-2.0214,0.1059,0.9222,1.4935,0.1059,1.0222,1.0277,0.0,12.0,2.7148,6.613919734954834,0.8232167363166809,94.96,0,1,180,1.549,0.9995,1.0,0.6848,0.2998,0.3,0.2739,9998.5617,0.5445
26.551,1,NAVIGATE,-0.1828,9.3268,-2.022,0.1088,0.9277,1.4939,0.1088,1.0277,1.0334,0.0,12.0,2.6794,6.5852251052856445,0.8263848423957825,95.71,0,1,180,1.673,0.9993,1.0,0.6885,0.2998,0.3,0.2754,9998.5548,0.5485
26.601,1,NAVIGATE,-0.1724,9.3687,-2.023,0.1119,0.9311,1.4945,0.1119,1.0311,1.0372,0.0,12.0,2.6369,6.555826187133789,0.8290550708770752,94.71,0,1,180,1.74,0.9991,1.0,0.6908,0.2997,0.3,0.2763,9998.2895,0.5528
26.651,1,NAVIGATE,-0.1642,9.404,-2.0237,0.114,0.9347,1.4948,0.014,0.9347,0.9348,0.0,12.0,2.6012,6.494238376617432,0.8355581760406494,94.21,0,1,180,1.61,0.9988,1.0,0.6225,0.2997,0.3,0.249,9998.2168,0.5408
26.701,1,NAVIGATE,-0.1587,9.4492,-2.0235,0.1139,0.9421,1.495,0.1139,1.0421,1.0483,0.0,12.0,2.5557,6.464473724365234,0.8401051163673401,91.21,0,1,180,1.439,0.9989,1.0,0.6981,0.2997,0.3,0.2792,9998.3647,0.5649
26.752,1,NAVIGATE,-0.1541,9.4872,-2.0233,0.1136,0.9487,1.4951,0.1136,1.0487,1.0548,0.0,12.0,2.5175,6.436313629150391,0.8436122536659241,92.21,0,1,180,1.91,0.9989,1.0,0.7025,0.2997,0.3,0.281,9998.4484,0.5714
26.801,1,NAVIGATE,-0.1484,9.5329,-2.0237,0.1111,0.9544,1.4957,0.0111,0.9544,0.9544,0.0,12.0,2.4715,6.372661113739014,0.8501121401786804,91.96,0,1,180,1.46,0.9988,1.0,0.6355,0.2996,0.3,0.2542,9998.3471,0.5634
26.851,1,NAVIGATE,-0.1427,9.5711,-2.026,0.1095,0.9597,1.4965,0.1095,1.0597,1.0653,0.0,12.0,2.4331,6.342734336853027,0.8529993295669556,92.21,0,1,180,1.769,0.999,1.0,0.7095,0.2997,0.3,0.2838,9998.2898,0.5911
26.901,1,NAVIGATE,-0.136,9.6172,-2.0285,0.1084,0.967,1.4978,0.1084,1.067,1.0725,0.0,12.0,2.3866,6.313654899597168,0.857380211353302,93.96,0,1,180,1.618,0.999,1.0,0.7143,0.2997,0.3,0.2857,9998.6151,0.6062
26.951,1,NAVIGATE,-0.1322,9.6557,-2.0293,0.1052,0.9711,1.4989,0.1052,1.0711,1.0763,0.0,12.0,2.348,6.2480292320251465,0.8650314211845398,97.97,0,1,180,1.71,0.9991,1.0,0.7169,0.2997,0.3,0.2868,9998.7183,0.6245
27.001,1,NAVIGATE,-0.1304,9.7018,-2.0285,0.1002,0.977,1.5006,0.1002,1.077,1.0816,0.0,12.0,2.3019,6.218270778656006,0.8715288043022156,99.47,0,1,180,1.615,0.9993,1.0,0.7206,0.2998,0.3,0.2882,9998.5911,0.6439
27.051,1,NAVIGATE,-0.1287,9.7405,-2.0278,0.0972,0.9826,1.5022,0.0972,1.0826,1.087,0.0,12.0,2.2631,6.1575026512146,0.8848170042037964,103.47,0,1,180,1.701,0.9995,1.0,0.7243,0.2998,0.3,0.2897,9998.6113,0.6631
27.101,1,NAVIGATE,-0.1276,9.7893,-2.0284,0.0944,0.991,1.504,0.0944,1.091,1.0951,0.0,12.0,2.2144,6.122951984405518,0.8930236101150513,105.22,0,1,180,1.557,0.9996,1.0,0.7298,0.2999,0.3,0.2919,9999.1106,0.6889
27.151,1,NAVIGATE,-0.1273,9.8316,-2.03,0.0927,0.999,1.5055,0.0927,1.099,1.1029,0.0,12.0,2.1721,6.092758655548096,0.9041534662246704,106.97,0,1,180,1.788,0.9997,1.0,0.735,0.2999,0.3,0.294,9999.1585,0.7035
27.201,1,NAVIGATE,-0.1265,9.8824,-2.0315,0.0915,1.0086,1.5071,0.0915,1.1086,1.1124,0.0,12.0,2.1214,6.060922145843506,0.9182747602462769,108.73,0,1,180,1.691,0.9997,1.0,0.7414,0.2999,0.3,0.2966,9998.6934,0.7194
27.251,1,NAVIGATE,-0.1263,9.9335,-2.0316,0.0906,1.018,1.5085,0.0906,1.118,1.1217,0.0,12.0,2.0703,5.993897438049316,0.9399725794792175,112.48,0,1,180,1.619,0.9998,1.0,0.7477,0.2999,0.3,0.2991,9999.2149,0.7499
27.301,1,NAVIGATE,-0.1261,9.9763,-2.0312,0.0901,1.0257,1.5094,0.0901,1.1257,1.1293,0.0,12.0,2.0276,5.963810920715332,0.9551077485084534,114.23,0,1,180,1.448,0.9998,1.0,0.7528,0.3,0.3,0.3011,9999.5312,0.7788
27.351,1,NAVIGATE,-0.1254,10.0277,-2.0307,0.0898,1.0348,1.5101,0.0898,1.2348,1.238,0.0,12.0,1.9763,5.899008750915527,0.9830012321472168,117.48,0,1,180,1.689,1.0,1.0,0.8253,0.3,0.3,0.3301,9999.7918,0.8344
27.401,1,NAVIGATE,-0.1269,10.069,-2.0284,0.0884,1.0411,1.5108,0.0884,1.2411,1.2443,0.0,12.0,1.9352,5.862236976623535,1.0024083852767944,119.24,0,1,180,1.479,1.0,1.0,0.8295,0.3,0.3,0.3318,9999.3876,0.8568
27.451,1,NAVIGATE,-0.128,10.1187,-2.0261,0.0868,1.0486,1.5115,0.0868,1.0486,1.0522,0.0,12.0,1.8856,5.831263065338135,1.019698977470398,120.74,0,1,180,1.595,0.9999,1.0,0.7014,0.3,0.3,0.2805,9999.5857,0.8545
27.501,1,NAVIGATE,-0.1284,10.1606,-2.0245,0.0858,1.0576,1.512,0.0858,1.1576,1.1608,0.0,12.0,1.8439,5.767331600189209,1.0573487281799316,123.74,0,1,180,1.511,1.0,1.0,0.7738,0.3,0.3,0.3095,9999.8431,0.9158
27.551,1,NAVIGATE,-0.1315,10.2101,-2.0253,0.083,1.0702,1.5129,0.083,1.2702,1.2729,0.0,12.0,1.7947,5.730576515197754,1.078613519668579,125.24,0,1,180,1.74,1.0,1.0,0.8486,0.3,0.3,0.3394,9999.6725,0.9564
27.601,1,NAVIGATE,-0.1334,10.2519,-2.026,0.081,1.0779,1.5133,0.081,1.0779,1.0809,0.0,12.0,1.7532,5.696504592895508,1.100369930267334,126.49,0,1,180,1.462,1.0,1.0,0.7206,0.3,0.3,0.2882,9999.7235,0.957
27.651,1,NAVIGATE,-0.1343,10.3026,-2.0268,0.0794,1.0869,1.5133,0.0794,1.0869,1.0898,0.0,12.0,1.7027,5.629638671875,1.1450507640838623,128.99,0,1,180,1.604,1.0,1.0,0.7265,0.3,0.3,0.2906,9999.5715,0.9956
27.701,1,NAVIGATE,-0.1319,10.345,-2.027,0.0799,1.0955,1.5128,0.0799,1.1955,1.1982,0.0,12.0,1.6602,5.59132719039917,1.171003818511963,130.75,0,1,180,1.619,0.9999,1.0,0.7987,0.3,0.3,0.3195,9999.6044,1.0413
27.751,1,NAVIGATE,-0.1288,10.3966,-2.0272,0.0805,1.1026,1.5118,0.0805,1.0026,1.0058,0.0,12.0,1.6086,5.557785987854004,1.1929609775543213,131.75,0,1,180,1.64,1.0,1.0,0.6705,0.3,0.3,0.2682,9999.946,1.0414
27.801,1,NAVIGATE,-0.1265,10.4384,-2.0262,0.081,1.1053,1.5108,0.081,1.1053,1.1083,0.0,12.0,1.5667,5.48727560043335,1.2420395612716675,134.0,0,1,180,1.564,1.0,1.0,0.7388,0.3,0.3,0.2955,9999.7323,1.1199
27.851,1,NAVIGATE,-0.1241,10.487,-2.0233,0.0815,1.1087,1.5095,0.0815,1.1087,1.1117,0.0,12.0,1.5181,5.448522567749023,1.2771064043045044,135.0,0,1,180,1.544,1.0,1.0,0.7411,0.3,0.3,0.2964,9999.493,1.1446
27.901,1,NAVIGATE,-0.1214,10.5362,-2.0208,0.0819,1.1079,1.508,0.0819,0.9079,0.9116,0.0,12.0,1.4688,5.414813041687012,1.3289077281951904,135.0,0,1,180,1.425,1.0,1.0,0.6077,0.3,0.3,0.2431,9999.7797,1.1667
27.951,1,NAVIGATE,-0.1166,10.5782,-2.0192,0.0828,1.1079,1.5067,0.0828,1.0079,1.0113,0.0,12.0,1.4266,5.345015525817871,1.4201749563217163,-128.99,0,1,180,1.708,1.0,1.0,0.6742,0.3,0.3,0.2697,9999.843,1.2584
28.001,1,NAVIGATE,-0.1093,10.6294,-2.0176,0.0844,1.1091,1.5049,0.0844,1.0091,1.0126,0.0,12.0,1.3749,5.306021690368652,1.4422379732131958,-130.25,0,1,180,1.498,1.0,1.0,0.6751,0.3,0.3,0.27,9999.4919,1.2934
28.051,1,NAVIGATE,-0.1035,10.6723,-2.0166,0.0855,1.106,1.503,0.0855,1.106,1.1093,0.0,12.0,1.3317,5.27175760269165,1.4651025533676147,-131.25,0,1,180,1.722,1.0,1.0,0.7395,0.3,0.3,0.2958,9999.7924,1.3237
28.101,1,NAVIGATE,-0.099,10.7264,-2.0218,0.0858,1.1013,1.5008,0.0858,0.9013,0.9054,0.0,12.0,1.2775,5.202589511871338,1.5082142353057861,-133.0,0,1,180,1.451,0.9999,1.0,0.6035,0.3,0.3,0.2414,9999.7349,1.3497
28.151,1,NAVIGATE,-0.0957,10.7715,-2.0266,0.0859,1.0974,1.4991,0.0859,0.8974,0.9015,0.0,12.0,1.2322,5.163065433502197,1.5338551998138428,-134.0,0,1,180,1.661,0.9998,1.0,0.6009,0.3,0.3,0.2404,9999.5822,1.3644
28.201,1,NAVIGATE,-0.0923,10.8164,-2.0309,0.086,1.0959,1.4977,0.086,0.9959,0.9996,0.0,12.0,1.1872,5.128603458404541,1.5588816404342651,-135.0,0,1,180,1.496,1.0,1.0,0.6664,0.3,0.3,0.2665,9999.6709,1.4261
28.251,1,NAVIGATE,-0.0911,10.8626,-2.0383,0.0852,1.0925,1.4966,0.0852,0.9925,0.9961,0.0,12.0,1.141,5.060069561004639,1.6416229009628296,-135.0,0,1,180,1.679,1.0,1.0,0.6641,0.3,0.3,0.2656,9999.2569,1.5156
28.301,1,NAVIGATE,-0.09,10.9179,-2.0469,0.0841,1.0854,1.4954,0.0841,0.8854,0.8894,0.0,12.0,1.0859,5.021505832672119,1.6898257732391357,-135.0,0,1,180,1.575,0.9999,1.0,0.5929,0.3,0.3,0.2372,9999.6518,1.5469
28.351,1,NAVIGATE,-0.0888,10.9633,-2.0529,0.0834,1.0799,1.4944,0.0834,0.8799,0.8839,0.0,12.0,1.0405,4.98806619644165,1.7342913150787354,-135.0,0,1,180,1.576,1.0,1.0,0.5892,0.3,0.3,0.2357,9999.6283,1.5918
28.401,1,NAVIGATE,-0.0863,11.0132,-2.0583,0.0828,1.0718,1.4929,0.0828,0.9718,0.9754,0.0,12.0,0.9906,4.954655170440674,1.777046799659729,-135.0,0,1,180,1.609,1.0,1.0,0.6502,0.3,0.3,0.2601,9999.5714,1.6518
28.451,1,NAVIGATE,-0.0835,11.0621,-2.0622,0.0824,1.061,1.4915,0.0824,0.961,0.9645,0.0,12.0,0.9416,4.882530689239502,1.867027759552002,-135.0,0,1,180,1.653,1.0,1.0,0.643,0.3,0.3,0.2572,9999.4689,1.7016
28.501,1,NAVIGATE,-0.081,11.1025,-2.0656,0.0822,1.0508,1.4904,0.0822,0.8508,0.8547,0.0,12.0,0.9011,4.8499226570129395,1.909942626953125,-135.0,0,1,180,1.455,1.0,1.0,0.5698,0.3,0.3,0.2279,9999.3112,1.7655
28.551,1,NAVIGATE,-0.0784,11.1423,-2.0716,0.0819,1.042,1.4895,0.0819,0.842,0.8459,0.0,12.0,0.8612,4.784799098968506,1.9932186603546143,-135.0,0,1,180,1.846,1.0,1.0,0.5639,0.3,0.3,0.2256,9999.5943,1.851
28.601,1,NAVIGATE,-0.0753,11.19,-2.0772,0.0816,1.0336,1.4885,0.0816,0.8336,0.8376,0.0,12.0,0.8135,4.747650146484375,2.038694143295288,-135.0,0,1,180,1.535,1.0,1.0,0.5584,0.3,0.3,0.2234,9999.4778,1.8984
28.651,1,NAVIGATE,-0.0729,11.2292,-2.081,0.0813,1.0256,1.4878,0.0813,0.9256,0.9291,0.0,12.0,0.7743,4.714585304260254,2.0822243690490723,-135.0,0,1,180,1.637,1.0,1.0,0.6194,0.3,0.3,0.2478,9999.2808,1.6384
28.701,1,NAVIGATE,-0.072,11.2739,-2.0855,0.0804,1.0134,1.4869,0.0804,0.9134,0.9169,0.0,12.0,0.7296,4.683046817779541,2.1222751140594482,-135.0,0,1,180,1.657,0.9999,1.0,0.6112,0.3,0.3,0.2445,9999.4732,1.6428
28.751,1,NAVIGATE,-0.0708,11.3112,-2.0882,0.0798,1.0026,1.4861,0.0798,0.9026,0.9061,0.0,12.0,0.6924,4.615626811981201,2.208310842514038,-135.0,0,1,180,1.842,0.9999,1.0,0.604,0.3,0.3,0.2416,9999.1926,1.6078
28.801,1,NAVIGATE,-0.069,11.3482,-2.0902,0.0795,0.9935,1.4851,0.0795,0.7935,0.7974,0.0,12.0,0.6555,4.584514141082764,2.247321605682373,-135.0,0,1,180,1.566,1.0,1.0,0.5316,0.3,0.3,0.2126,9999.418,1.9045
28.851,1,NAVIGATE,-0.0649,11.3915,-2.0924,0.0802,0.9845,1.4837,0.0802,0.7845,0.7886,0.0,12.0,0.612,4.552074909210205,2.287522077560425,-135.0,0,1,180,1.612,1.0,1.0,0.5257,0.3,0.3,0.2103,9999.355,1.9006
28.901,1,NAVIGATE,-0.0613,11.4278,-2.0933,0.0807,0.9781,1.4819,0.0807,0.9781,0.9815,0.0,12.0,0.5755,4.4860615730285645,2.3674864768981934,-135.0,0,1,180,1.463,0.9997,1.0,0.6541,0.2999,0.3,0.2616,9999.0979,1.2523
28.951,1,NAVIGATE,-0.058,11.47,-2.0926,0.0808,0.9671,1.4796,0.0808,0.8671,0.8709,0.0,12.0,0.5332,4.4555463790893555,2.4085230827331543,-135.0,0,1,180,1.617,0.9999,1.0,0.5805,0.3,0.3,0.2322,9999.1748,1.5547
29.051,1,RETURN_HOME,-0.0531,11.5452,-2.0886,0.0809,0.9487,1.4753,0.2809,1.0487,1.0856,0.0,0.0,11.5453,4.360323905944824,2.52424693107605,-135.0,0,1,180,1.73,-0.9647,1.0,0.3619,-0.2894,0.3,0.1448,0.1553,0.9111
29.101,1,RETURN_HOME,-0.049,11.5847,-2.0861,0.0796,0.9403,1.4718,0.2796,1.0403,1.0773,0.0,0.0,11.5848,4.329649448394775,2.56083083152771,-135.0,0,1,180,1.658,-0.9646,1.0,0.3591,-0.2894,0.3,0.1436,0.1543,0.9046
29.151,1,RETURN_HOME,-0.0453,11.6172,-2.0828,0.0774,0.9342,1.4632,0.2774,1.0342,1.0708,0.0,0.0,11.6173,4.299117088317871,2.5997872352600098,-135.0,0,1,180,1.921,-0.9648,1.0,0.3569,-0.2894,0.3,0.1428,0.1533,0.8845
29.201,1,RETURN_HOME,-0.0416,11.6501,-2.0772,0.0771,0.934,1.4484,0.2771,1.034,1.0705,0.0,0.0,11.6502,4.235594272613525,2.6536107063293457,-135.0,0,1,180,1.72,-0.965,1.0,0.3568,-0.2895,0.3,0.1427,0.1532,0.82
29.251,1,RETURN_HOME,-0.0402,11.6898,-2.0646,0.0764,0.9402,1.4233,0.2764,1.0402,1.0763,0.0,0.0,11.6899,4.207065582275391,2.665987253189087,-135.0,0,1,180,1.955,-0.9656,1.0,0.3588,-0.2897,0.3,0.1435,0.1538,0.7625
29.301,1,RETURN_HOME,-0.0391,11.7238,-2.0516,0.0767,0.9499,1.3969,0.2767,1.0499,1.0858,0.0,0.0,11.7238,4.1763105392456055,2.671323776245117,-135.0,0,1,180,1.707,-0.9661,1.0,0.3619,-0.2898,0.3,0.1448,0.1549,0.6988
29.351,1,RETURN_HOME,-0.0375,11.7657,-2.0343,0.0796,0.9653,1.3591,0.1796,1.0653,1.0803,0.0,0.0,11.7657,4.116552352905273,2.6642470359802246,-135.0,0,1,180,1.762,-0.9855,1.0,0.3601,-0.2957,0.3,0.144,0.1484,0.6053
29.401,1,RETURN_HOME,-0.0349,11.803,-2.0192,0.0853,0.9805,1.3228,0.2853,0.9805,1.0212,0.0,0.0,11.803,4.0891923904418945,2.655597448348999,-135.0,0,1,180,1.664,-0.9594,1.0,0.3404,-0.2878,0.3,0.1362,0.1484,0.8095
29.451,1,RETURN_HOME,-0.0314,11.8488,-2.0004,0.0957,0.9991,1.2741,0.2957,0.9991,1.0419,0.0,0.0,11.8488,4.063076496124268,2.6431944370269775,-135.0,0,1,180,1.702,-0.9581,1.0,0.3473,-0.2874,0.3,0.1389,0.1515,0.7108
29.501,1,RETURN_HOME,-0.0278,11.8878,-1.9844,0.1063,1.0126,1.2295,0.3063,1.0126,1.0579,0.0,0.0,11.8878,4.024800777435303,2.615098237991333,-135.0,0,1,180,1.617,-0.9565,1.0,0.3526,-0.2869,0.3,0.141,0.1541,0.6195
29.551,1,RETURN_HOME,-0.0219,11.9404,-1.9684,0.1233,1.0279,1.1713,0.3233,0.9279,0.9826,0.0,0.0,11.9404,4.013983249664307,2.598602056503296,-135.0,0,1,180,1.742,-0.9437,1.0,0.3275,-0.2831,0.3,0.131,0.1479,0.8208
29.601,1,RETURN_HOME,-0.0163,11.9843,-1.9549,0.1395,1.037,1.1191,0.3395,0.937,0.9966,0.0,0.0,11.9843,4.011359214782715,2.587974786758423,-135.0,0,1,180,1.575,-0.9397,1.0,0.3322,-0.2819,0.3,0.1329,0.151,0.7484
29.651,1,RETURN_HOME,-0.0085,12.0372,-1.9386,0.1599,1.0443,1.0519,0.3599,0.9443,1.0106,0.0,0.0,12.0372,4.030957221984863,2.5803842544555664,-134.5,0,1,180,1.672,-0.9342,1.0,0.3369,-0.2803,0.3,0.1347,0.1545,0.6764
29.701,1,RETURN_HOME,-0.0008,12.0813,-1.9251,0.1778,1.0467,0.9924,0.3778,0.9467,1.0193,0.0,0.0,12.0813,4.060599327087402,2.604457139968872,-132.5,0,1,180,1.647,-0.9288,1.0,0.3398,-0.2786,0.3,0.1359,0.1573,0.6188
29.751,1,RETURN_HOME,0.0075,12.1253,-1.9117,0.1955,1.046,0.9297,0.3955,0.946,1.0253,0.0,0.0,12.1253,4.099912643432617,2.6278765201568604,-130.25,0,1,180,1.743,-0.9228,1.0,0.3418,-0.2769,0.3,0.1367,0.1599,0.5716
29.801,1,RETURN_HOME,0.0189,12.178,-1.8966,0.2164,1.0423,0.8503,0.4164,0.9423,1.0302,0.0,0.0,12.178,4.238595962524414,2.683729410171509,-124.74,0,1,180,1.64,-0.9153,1.0,0.3434,-0.2746,0.3,0.1374,0.1628,0.5441
29.851,1,RETURN_HOME,0.0299,12.2221,-1.8856,0.2334,1.0382,0.7808,0.4334,0.8382,0.9436,0.0,0.0,12.2221,4.337024688720703,2.706942081451416,-122.24,0,1,180,1.725,-0.8894,1.0,0.3145,-0.2668,0.3,0.1258,0.159,0.8055
29.901,1,RETURN_HOME,0.0436,12.2745,-1.8721,0.2525,1.0328,0.6935,0.4525,0.8328,0.9478,0.0,0.0,12.2745,4.458786487579346,2.7303404808044434,-119.49,0,1,180,1.724,-0.8803,1.0,0.3159,-0.2641,0.3,0.1264,0.1623,0.7534
29.951,1,RETURN_HOME,0.0607,12.3251,-1.8587,0.2716,1.0277,0.6017,0.4716,0.8277,0.9526,0.0,0.0,12.3253,4.8390350341796875,2.7798736095428467,-113.23,0,1,180,1.705,-0.8713,1.0,0.3175,-0.2614,0.3,0.127,0.1656,0.7419
30.001,1,RETURN_HOME,0.0774,12.3662,-1.8475,0.2887,1.0223,0.5221,0.4887,0.8223,0.9566,0.0,0.0,12.3664,5.0896453857421875,2.7995283603668213,-110.23,0,1,180,1.616,-0.8628,1.0,0.3189,-0.2588,0.3,0.1275,0.1687,0.7031
30.051,1,RETURN_HOME,0.0974,12.4151,-1.8338,0.3099,1.0144,0.4226,0.5099,0.8144,0.9608,0.0,0.0,12.4155,5.4069061279296875,2.820560932159424,-106.97,0,1,180,1.709,-0.8517,1.0,0.3203,-0.2555,0.3,0.1281,0.1726,0.6524
30.101,1,RETURN_HOME,0.1158,12.4541,-1.8178,0.3281,1.0058,0.3367,0.5281,0.8058,0.9635,0.0,0.0,12.4546,6.416914463043213,2.8684239387512207,-99.72,0,1,180,1.761,-0.8414,1.0,0.3212,-0.2524,0.3,0.1285,0.176,0.6889
30.151,1,RETURN_HOME,0.1383,12.5002,-1.7979,0.3503,0.9941,0.2299,0.5503,0.7941,0.9662,0.0,0.0,12.501,7.1443772315979,2.887253761291504,-96.21,0,1,180,1.682,-0.8282,1.0,0.3221,-0.2485,0.3,0.1288,0.1804,0.6451
30.201,1,RETURN_HOME,0.1572,12.5385,-1.7817,0.3689,0.9835,0.1379,0.5689,0.7835,0.9682,0.0,0.0,12.5394,8.146380424499512,2.9053492546081543,-92.46,0,1,180,1.669,-0.8165,1.0,0.3227,-0.245,0.3,0.1291,0.1841,0.6146
30.251,1,RETURN_HOME,0.1861,12.584,-1.7664,0.3932,0.9703,0.024,0.5932,0.7703,0.9722,0.0,0.0,12.5854,8.515271186828613,2.948699474334717,-84.2,0,1,180,1.706,-0.8012,1.0,0.3241,-0.2404,0.3,0.1296,0.1893,0.6622
30.301,1,RETURN_HOME,0.2156,12.6291,-1.7517,0.4178,0.9564,-0.0938,0.6178,0.7564,0.9767,0.0,0.0,12.6309,8.500187873840332,2.9689157009124756,-80.45,0,1,180,1.649,-0.7852,1.0,0.3256,-0.2355,0.3,0.1302,0.1947,0.6093
30.351,1,RETURN_HOME,0.2401,12.6663,-1.7394,0.4381,0.9444,-0.1948,0.6381,0.7444,0.9805,0.0,0.0,12.6686,8.488155364990234,2.986624240875244,-75.95,0,1,180,1.584,-0.7714,1.0,0.3268,-0.2314,0.3,0.1307,0.1993,0.5798
30.401,1,RETURN_HOME,0.2673,12.7096,-1.7196,0.462,0.9285,-0.3194,0.662,0.7285,0.9843,0.0,0.0,12.7124,8.469630241394043,3.022142171859741,-66.94,0,1,180,1.476,-0.754,1.0,0.3281,-0.2262,0.3,0.1312,0.205,0.6483
30.451,1,RETURN_HOME,0.2903,12.7453,-1.7035,0.4819,0.9143,-0.426,0.6819,0.7143,0.9876,0.0,0.0,12.7486,8.518892288208008,3.038557529449463,-62.43,0,1,180,1.977,-0.7389,1.0,0.3292,-0.2217,0.3,0.1317,0.21,0.6252
30.501,1,RETURN_HOME,0.3201,12.7874,-1.6869,0.5072,0.895,-0.5557,0.7072,0.695,0.9915,0.0,0.0,12.7914,8.813569068908691,3.0771477222442627,-53.17,0,1,180,1.574,-0.7186,1.0,0.3305,-0.2156,0.3,0.1322,0.2166,0.7098
30.551,1,RETURN_HOME,0.3534,12.8285,-1.6765,0.5346,0.872,-0.6851,0.7346,0.672,0.9956,0.0,0.0,12.8333,9.113483428955078,3.094589948654175,-47.92,0,1,180,1.713,-0.695,1.0,0.3319,-0.2085,0.3,0.1327,0.2242,0.6876
30.601,1,RETURN_HOME,0.3812,12.862,-1.672,0.5568,0.8508,-0.791,0.7568,0.6508,0.9982,0.0,0.0,12.8676,9.478239059448242,3.112840175628662,-43.16,0,1,180,1.764,-0.6742,1.0,0.3327,-0.2022,0.3,0.1331,0.2308,0.684
30.651,1,RETURN_HOME,0.4146,12.901,-1.6734,0.5799,0.8252,-0.9142,0.7799,0.6252,0.9996,0.0,0.0,12.9076,10.528279304504395,3.1474692821502686,-34.16,0,1,180,1.587,-0.6502,1.0,0.3332,-0.1951,0.3,0.1333,0.2382,0.8055
30.702,1,RETURN_HOME,0.4479,12.9387,-1.6797,0.599,0.8012,-1.0316,0.799,0.6012,0.9999,0.0,0.0,12.9465,3.535405158996582,3.1692938804626465,-29.15,0,1,180,2.439,-0.6285,1.0,0.3333,-0.1886,0.3,0.1333,0.2448,0.7904
30.751,1,RETURN_HOME,0.4758,12.9695,-1.6857,0.6123,0.7827,-1.1241,0.8123,0.5827,0.9997,0.0,0.0,12.9782,3.4281985759735107,3.18508243560791,-24.9,0,1,180,1.634,-0.6123,1.0,0.3332,-0.1837,0.3,0.1333,0.2496,0.795
30.801,1,RETURN_HOME,0.5035,12.9994,-1.6914,0.6244,0.7668,-1.2113,0.8244,0.5668,1.0005,0.0,0.0,13.0091,3.3018300533294678,3.2247474193573,-16.89,0,1,180,1.598,-0.598,1.0,0.3335,-0.1794,0.3,0.1334,0.254,0.9381
30.851,1,RETURN_HOME,0.5368,13.0346,-1.6975,0.6382,0.7494,-1.3087,0.8382,0.5494,1.0022,0.0,0.0,13.0456,3.2701778411865234,3.2456061840057373,-12.64,0,1,180,1.682,-0.5821,1.0,0.3341,-0.1746,0.3,0.1336,0.259,0.911
30.901,1,RETURN_HOME,0.5647,13.0635,-1.7021,0.6493,0.7354,-1.384,0.8493,0.5354,1.004,0.0,0.0,13.0757,3.2662911415100098,3.2662911415100098,-9.13,0,1,180,2.28,-0.5693,1.0,0.3347,-0.1708,0.3,0.1339,0.2631,0.9082
30.951,1,RETURN_HOME,0.5949,13.0992,-1.7101,0.6586,0.7191,-1.4673,0.8586,0.5191,1.0034,0.0,0.0,13.1127,3.307516098022461,3.307516098022461,-2.88,0,1,180,1.783,-0.5557,1.0,0.3345,-0.1667,0.3,0.1338,0.2671,0.9986
31.001,1,RETURN_HOME,0.6199,13.1286,-1.7166,0.6658,0.706,-1.5311,0.8658,0.506,1.0028,0.0,0.0,13.1433,3.328219175338745,3.328219175338745,0.38,0,1,180,1.594,-0.5447,1.0,0.3343,-0.1634,0.3,0.1337,0.2703,1.0063
31.051,1,RETURN_HOME,0.6504,13.1631,-1.7234,0.6748,0.6907,-1.6009,0.8748,0.4907,1.003,0.0,0.0,13.1792,3.3483221530914307,3.3483221530914307,3.13,0,1,180,1.703,-0.5317,1.0,0.3343,-0.1595,0.3,0.1337,0.2742,0.9894
31.101,1,RETURN_HOME,0.6772,13.1886,-1.7262,0.6827,0.6759,-1.6536,0.8827,0.4759,1.0028,0.0,0.0,13.206,3.3678526878356934,3.3678526878356934,5.38,0,1,180,1.533,-0.5191,1.0,0.3343,-0.1557,0.3,0.1337,0.278,1.0466
31.151,1,RETURN_HOME,0.7042,13.2138,-1.7288,0.6912,0.6614,-1.7013,0.8912,0.4614,1.0035,0.0,0.0,13.2325,3.451455593109131,3.4117956161499023,10.13,0,1,180,1.766,-0.5064,1.0,0.3345,-0.1519,0.3,0.1338,0.2819,1.3199
31.201,1,RETURN_HOME,0.7365,13.2435,-1.7327,0.702,0.6444,-1.7523,0.902,0.4444,1.0055,0.0,0.0,13.2639,6.234414577484131,3.4326133728027344,11.89,0,1,180,1.845,-0.4911,1.0,0.3352,-0.1473,0.3,0.1341,0.2867,1.443
31.251,1,RETURN_HOME,0.7619,13.2679,-1.7402,0.7114,0.6296,-1.7896,0.9114,0.4296,1.0076,0.0,0.0,13.2898,6.2571821212768555,3.4529309272766113,13.64,0,1,180,1.812,-0.4776,1.0,0.3359,-0.1433,0.3,0.1343,0.2911,1.5963
31.301,1,RETURN_HOME,0.7881,13.2919,-1.7469,0.7213,0.6154,-1.8221,0.9213,0.4154,1.0106,0.0,0.0,13.3152,4.584173202514648,3.332322597503662,-135.0,0,1,180,1.613,-0.4643,1.0,0.3369,-0.1393,0.3,0.1347,0.2955,1.9637
31.351,1,RETURN_HOME,0.82,13.3202,-1.7539,0.7334,0.5991,-1.8551,0.9334,0.3991,1.0152,0.0,0.0,13.3454,4.370142936706543,3.2579283714294434,-135.0,0,1,180,1.711,-0.4489,1.0,0.3384,-0.1347,0.3,0.1354,0.3007,2.123
31.401,1,RETURN_HOME,0.8462,13.3441,-1.7582,0.7424,0.5865,-1.8776,0.9424,0.3865,1.0186,0.0,0.0,13.3709,4.206542491912842,3.1926660537719727,-135.0,0,1,180,1.785,-0.4373,1.0,0.3395,-0.1312,0.3,0.1358,0.3046,2.281
31.451,1,RETURN_HOME,0.8786,13.3721,-1.7628,0.7538,0.5719,-1.8986,0.9538,0.3719,1.0238,0.0,0.0,13.4009,4.025330066680908,3.0812127590179443,-135.0,0,1,180,1.567,-0.4236,1.0,0.3413,-0.1271,0.3,0.1365,0.3094,2.5809
31.501,1,RETURN_HOME,0.9113,13.3981,-1.7672,0.7656,0.5567,-1.9133,0.9656,0.3567,1.0294,0.0,0.0,13.429,4.05231237411499,3.0380795001983643,-135.0,0,1,180,1.711,-0.4094,1.0,0.3431,-0.1228,0.3,0.1372,0.3144,2.6799
31.551,1,RETURN_HOME,0.9388,13.4184,-1.7707,0.7755,0.5435,-1.9207,0.9755,0.3435,1.0342,0.0,0.0,13.4512,4.103219509124756,2.968837261199951,-135.0,0,1,180,1.707,-0.3971,1.0,0.3447,-0.1191,0.3,0.1379,0.3188,2.7341
31.601,1,RETURN_HOME,0.9728,13.4422,-1.7744,0.788,0.5277,-1.924,0.988,0.3277,1.0409,0.0,0.0,13.4774,4.134085655212402,2.940352201461792,-135.0,0,1,180,1.499,-0.3825,1.0,0.347,-0.1147,0.3,0.1388,0.324,2.7068
31.651,1,RETURN_HOME,1.0093,13.4653,-1.7754,0.8022,0.5116,-1.9215,1.0022,0.3116,1.0495,0.0,0.0,13.5031,4.159664154052734,2.91748309135437,-135.0,0,1,180,1.648,-0.3675,1.0,0.3498,-0.1102,0.3,0.1399,0.3297,2.6911
31.701,1,RETURN_HOME,1.0409,13.484,-1.7757,0.8154,0.4978,-1.9154,1.0154,0.2978,1.0582,0.0,0.0,13.5241,4.194316864013672,2.9004604816436768,-135.0,0,1,180,1.561,-0.3545,1.0,0.3527,-0.1063,0.3,0.1411,0.3347,2.6761
31.751,1,RETURN_HOME,1.0732,13.5023,-1.777,0.8295,0.4836,-1.9061,1.0295,0.2836,1.0678,0.0,0.0,13.5449,4.247777938842773,2.8745508193969727,-135.0,0,1,180,1.81,-0.3411,1.0,0.3559,-0.1023,0.3,0.1424,0.34,2.5663
31.801,1,RETURN_HOME,1.1101,13.5202,-1.7826,0.8456,0.4609,-1.8916,1.0456,0.2609,1.0776,0.0,0.0,13.5657,4.312082767486572,2.8688387870788574,-135.0,0,1,180,1.945,-0.3207,1.0,0.3592,-0.0962,0.3,0.1437,0.3475,2.4681
31.851,1,RETURN_HOME,1.1409,13.5332,-1.79,0.8591,0.4395,-1.8771,1.0591,0.2395,1.0858,0.0,0.0,13.5812,4.444090843200684,2.866692543029785,-135.0,0,1,180,1.79,-0.3018,1.0,0.3619,-0.0905,0.3,0.1448,0.3542,2.3708
31.901,1,RETURN_HOME,1.1789,13.5482,-1.8018,0.8764,0.4142,-1.8575,1.0764,0.2142,1.0975,0.0,0.0,13.5994,4.791576385498047,2.866819381713867,-135.0,0,1,180,1.642,-0.2795,1.0,0.3658,-0.0838,0.3,0.1463,0.3625,2.1257
31.951,1,RETURN_HOME,1.2156,13.5618,-1.8151,0.8938,0.3936,-1.8399,1.0938,0.1936,1.1108,0.0,0.0,13.6162,4.98382568359375,2.8716659545898438,-135.0,0,1,180,1.701,-0.2615,1.0,0.3703,-0.0785,0.3,0.1481,0.3697,2.048
32.001,1,RETURN_HOME,1.2602,13.5773,-1.833,0.9139,0.3708,-1.8176,1.1139,0.1708,1.127,0.0,0.0,13.6356,5.200196266174316,2.88063907623291,-135.0,0,1,180,1.651,-0.2422,1.0,0.3757,-0.0727,0.3,0.1503,0.3776,2.0036
32.051,1,RETURN_HOME,1.2981,13.5895,-1.8487,0.9302,0.3534,-1.7987,1.1302,0.1534,1.1405,0.0,0.0,13.6514,3.8347253799438477,2.8992528915405273,-135.0,0,1,180,1.685,-0.2281,1.0,0.3802,-0.0684,0.3,0.1521,0.3837,1.8404
32.101,1,RETURN_HOME,1.3467,13.6041,-1.8714,0.9512,0.3366,-1.776,1.1512,0.1366,1.1592,0.0,0.0,13.6706,3.844217300415039,2.912086009979248,-135.0,0,1,180,1.563,-0.2151,1.0,0.3864,-0.0645,0.3,0.1546,0.39,1.8475
32.151,1,RETURN_HOME,1.3877,13.6159,-1.8897,0.9683,0.3235,-1.7576,1.1683,0.1235,1.1748,0.0,0.0,13.6864,3.8530521392822266,2.923325777053833,-135.0,0,1,180,1.69,-0.2054,1.0,0.3916,-0.0616,0.3,0.1566,0.395,1.8564
32.201,1,RETURN_HOME,1.4376,13.6295,-1.9098,0.9885,0.3082,-1.7364,1.1885,0.1082,1.1934,0.0,0.0,13.7051,3.875936269760132,2.9558002948760986,-135.0,0,1,180,1.583,-0.1947,1.0,0.3978,-0.0584,0.3,0.1591,0.4007,1.8328
32.251,1,RETURN_HOME,1.4804,13.6401,-1.9223,1.0057,0.2945,-1.7197,1.2057,0.0945,1.2094,0.0,0.0,13.7202,3.8886826038360596,2.9719791412353516,-135.0,0,1,180,1.691,-0.1853,1.0,0.4031,-0.0556,0.3,0.1612,0.4057,1.8757
32.301,1,RETURN_HOME,1.5323,13.6524,-1.9365,1.026,0.2782,-1.7011,1.226,0.0782,1.2285,0.0,0.0,13.7381,3.91017484664917,3.0020878314971924,-135.0,0,1,180,1.438,-0.1746,1.0,0.4095,-0.0524,0.3,0.1638,0.4114,1.8726
32.351,1,RETURN_HOME,1.5847,13.6644,-1.951,1.0467,0.263,-1.6843,1.2467,0.063,1.2483,0.0,0.0,13.756,3.920962333679199,3.0198850631713867,-135.0,0,1,180,1.658,-0.1652,1.0,0.4161,-0.0496,0.3,0.1664,0.4169,1.9157
32.401,1,RETURN_HOME,1.629,13.6742,-1.9632,1.0642,0.2512,-1.6717,1.2642,0.0512,1.2652,0.0,0.0,13.7709,3.932016611099243,3.033639430999756,-135.0,0,1,180,1.534,-0.1584,1.0,0.4217,-0.0475,0.3,0.1687,0.4212,1.9469
32.451,1,RETURN_HOME,1.6828,13.6856,-1.9768,1.0848,0.2369,-1.6586,1.2848,0.0369,1.2854,0.0,0.0,13.7886,3.9527382850646973,3.0569686889648438,-135.0,0,1,180,2.229,-0.1505,1.0,0.4285,-0.0451,0.3,0.1714,0.4262,1.9477
32.501,1,RETURN_HOME,1.7319,13.6944,-1.9855,1.1043,0.2239,-1.6492,1.3043,0.0239,1.3045,0.0,0.0,13.8035,3.9647018909454346,3.066939115524292,-135.0,0,1,180,1.431,-0.1436,1.0,0.4348,-0.0431,0.3,0.1739,0.4308,1.9743
32.551,1,RETURN_HOME,1.7836,13.7026,-1.9927,1.1249,0.2103,-1.6413,1.3249,0.0103,1.325,0.0,0.0,13.8182,3.9731645584106445,3.0746841430664062,-135.0,0,1,180,1.685,-0.1367,1.0,0.4417,-0.041,0.3,0.1767,0.4356,2.0069
32.601,1,RETURN_HOME,1.8457,13.7118,-2.0008,1.1489,0.1937,-1.6337,1.3489,-0.0063,1.3489,0.0,0.0,13.8355,3.983383893966675,3.081925630569458,-135.0,0,1,180,1.997,-0.1288,1.0,0.4496,-0.0386,0.3,0.1799,0.4412,2.0356
32.651,1,RETURN_HOME,1.8972,13.7184,-2.0054,1.1679,0.1806,-1.6289,1.3679,-0.0194,1.368,0.0,0.0,13.849,4.00200080871582,3.0869011878967285,-135.0,0,1,180,1.574,-0.1229,1.0,0.456,-0.0369,0.3,0.1824,0.4455,2.0243
32.701,1,RETURN_HOME,1.9592,13.7256,-2.0102,1.1897,0.1651,-1.625,1.3897,-0.0349,1.3902,0.0,0.0,13.8647,4.008161544799805,3.0870516300201416,-135.0,0,1,180,1.633,-0.1164,1.0,0.4634,-0.0349,0.3,0.1854,0.4504,2.043
32.752,1,RETURN_HOME,2.0111,13.7313,-2.0141,1.2073,0.152,-1.6233,1.4073,-0.048,1.4081,0.0,0.0,13.8777,4.017744064331055,3.0828800201416016,-135.0,0,1,180,2.23,-0.1111,1.0,0.4694,-0.0333,0.3,0.1878,0.4544,2.0558
32.802,1,RETURN_HOME,2.0745,13.7391,-2.0217,1.2275,0.1367,-1.6228,1.4275,-0.0633,1.4289,0.0,0.0,13.8948,4.033242702484131,3.069843292236328,-135.0,0,1,180,2.343,-0.1053,1.0,0.4763,-0.0316,0.3,0.1905,0.4589,2.058
32.851,1,RETURN_HOME,2.1277,13.7453,-2.0279,1.2439,0.1237,-1.6238,1.4439,-0.0763,1.4459,0.0,0.0,13.909,4.040753364562988,3.061753034591675,-135.0,0,1,180,1.738,-0.1006,1.0,0.482,-0.0302,0.3,0.1928,0.4626,2.065
32.901,1,RETURN_HOME,2.1917,13.7519,-2.0348,1.2633,0.108,-1.6264,1.4633,-0.092,1.4662,0.0,0.0,13.9254,4.047053813934326,3.051783800125122,-135.0,0,1,180,1.709,-0.0951,1.0,0.4887,-0.0285,0.3,0.1955,0.467,2.0769
32.951,1,RETURN_HOME,2.2516,13.7565,-2.0396,1.28,0.0919,-1.6303,1.48,-0.1081,1.4839,0.0,0.0,13.9395,4.061520099639893,3.0247442722320557,-135.0,0,1,180,1.596,-0.0892,1.0,0.4946,-0.0268,0.3,0.1979,0.4711,1.9806
33.001,1,RETURN_HOME,2.3021,13.7598,-2.0433,1.294,0.0783,-1.6346,1.494,-0.1217,1.499,0.0,0.0,13.951,4.0679402351379395,3.0078847408294678,-135.0,0,1,180,1.561,-0.0844,1.0,0.4997,-0.0253,0.3,0.1999,0.4745,1.8976
33.051,1,RETURN_HOME,2.3634,13.7635,-2.0461,1.3112,0.0621,-1.6407,1.4112,-0.1379,1.4179,0.0,0.0,13.9649,4.08074426651001,2.9750301837921143,-135.0,0,1,180,1.768,-0.0726,1.0,0.4726,-0.0218,0.3,0.1891,0.4673,2.0656
33.101,1,RETURN_HOME,2.4147,13.7666,-2.0462,1.3259,0.0486,-1.6464,1.4259,-0.1514,1.434,0.0,0.0,13.9767,4.087926864624023,2.9570767879486084,-135.0,0,1,180,1.617,-0.0678,1.0,0.478,-0.0203,0.3,0.1912,0.4709,1.9753
33.151,1,RETURN_HOME,2.4772,13.7695,-2.0465,1.3441,0.0322,-1.654,1.4441,-0.1678,1.4538,0.0,0.0,13.9905,4.095474720001221,2.9383857250213623,-135.0,0,1,180,1.677,-0.0623,1.0,0.4846,-0.0187,0.3,0.1938,0.4751,1.879
33.201,1,RETURN_HOME,2.5276,13.7716,-2.045,1.3566,0.0191,-1.6606,1.4566,-0.1809,1.4677,0.0,0.0,14.0016,4.09887170791626,2.9210574626922607,-135.0,0,1,180,1.587,-0.0579,1.0,0.4892,-0.0174,0.3,0.1957,0.4783,1.8003
33.251,1,RETURN_HOME,2.5851,13.7741,-2.0403,1.3677,0.0045,-1.6691,1.4677,-0.1955,1.4807,0.0,0.0,14.0146,4.113342761993408,2.8841750621795654,-135.0,0,1,180,1.757,-0.053,1.0,0.4936,-0.0159,0.3,0.1974,0.4815,1.6749
33.301,1,RETURN_HOME,2.6342,13.7756,-2.0372,1.3759,-0.0083,-1.6765,1.4759,-0.2083,1.4905,0.0,0.0,14.0252,4.118340969085693,2.865478038787842,-135.0,0,1,180,1.675,-0.0487,1.0,0.4968,-0.0146,0.3,0.1987,0.4841,1.6054
33.351,1,RETURN_HOME,2.6858,13.7765,-2.0354,1.3846,-0.0215,-1.6841,1.3846,-0.2215,1.4022,0.0,0.0,14.0359,4.129378795623779,2.8483827114105225,-135.0,0,1,180,1.703,-0.0339,1.0,0.4674,-0.0102,0.3,0.187,0.4768,1.835
33.401,1,RETURN_HOME,2.7515,13.7769,-2.0351,1.3966,-0.0381,-1.6934,1.3966,-0.2381,1.4168,0.0,0.0,14.0489,4.142253398895264,2.813297748565674,-135.0,0,1,180,1.688,-0.0283,1.0,0.4723,-0.0085,0.3,0.1889,0.4804,1.7068
33.45,1,RETURN_HOME,2.8068,13.7764,-2.0353,1.4067,-0.0523,-1.7011,1.4067,-0.2523,1.4291,0.0,0.0,14.0594,4.150927543640137,2.795644521713257,-135.0,0,1,180,1.078,-0.0235,1.0,0.4764,-0.0071,0.3,0.1905,0.4835,1.6321
33.5,1,RETURN_HOME,2.8735,13.7767,-2.0323,1.4175,-0.0679,-1.7102,1.4175,-0.2679,1.4426,0.0,0.0,14.0732,4.1559834480285645,2.780761241912842,-135.0,0,1,180,0.998,-0.0188,1.0,0.4809,-0.0057,0.3,0.1924,0.4867,1.5555
33.551,1,RETURN_HOME,2.9296,13.7768,-2.0291,1.425,-0.0806,-1.7177,1.425,-0.2806,1.4523,0.0,0.0,14.0848,4.171287536621094,2.753079414367676,-135.0,0,1,180,1.116,-0.0151,1.0,0.4841,-0.0045,0.3,0.1936,0.4891,1.4424
33.6,1,RETURN_HOME,2.9974,13.7758,-2.0261,1.4319,-0.0962,-1.7265,1.4319,-0.2962,1.4622,0.0,0.0,14.0981,4.179064750671387,2.739187240600586,-135.0,0,1,180,1.013,-0.0103,1.0,0.4874,-0.0031,0.3,0.195,0.4919,1.3741
33.65,1,RETURN_HOME,3.0526,13.7761,-2.0251,1.4351,-0.109,-1.7338,1.4351,-0.309,1.468,0.0,0.0,14.1103,4.188429832458496,2.7269296646118164,-135.0,0,1,180,0.989,-0.006,1.0,0.4893,-0.0018,0.3,0.1957,0.4939,1.3185
33.7,1,RETURN_HOME,3.119,13.7757,-2.0246,1.4379,-0.1246,-1.7422,1.4379,-0.3246,1.4741,0.0,0.0,14.1243,4.206756114959717,2.7049343585968018,-135.0,0,1,180,1.016,-0.0006,1.0,0.4914,-0.0002,0.3,0.1965,0.4963,1.216
33.75,1,RETURN_HOME,3.1747,13.7742,-2.0246,1.4402,-0.1381,-1.7491,1.4402,-0.3381,1.4794,0.0,0.0,14.1353,4.210061550140381,2.6950154304504395,-135.0,0,1,180,0.977,0.004,1.0,0.4931,0.0012,0.3,0.1972,0.4985,1.163
33.8,1,RETURN_HOME,3.2435,13.7713,-2.0216,1.4441,-0.154,-1.757,1.3441,-0.354,1.3899,0.0,0.0,14.1481,4.221408367156982,2.685973882675171,-135.0,0,1,180,1.125,0.0262,1.0,0.4633,0.0079,0.3,0.1853,0.4932,1.404
33.85,1,RETURN_HOME,3.301,13.768,-2.0198,1.4477,-0.1676,-1.7633,1.3477,-0.3676,1.3969,0.0,0.0,14.1581,4.238386631011963,2.6717939376831055,-135.0,0,1,180,0.979,0.0309,1.0,0.4656,0.0093,0.3,0.1863,0.4955,1.303
33.9,1,RETURN_HOME,3.3708,13.7631,-2.0176,1.4528,-0.1841,-1.7705,1.3528,-0.3841,1.4063,0.0,0.0,14.1699,4.2491455078125,2.6657702922821045,-135.0,0,1,180,0.979,0.0365,1.0,0.4688,0.0109,0.3,0.1875,0.4984,1.2392
33.95,1,RETURN_HOME,3.4311,13.7594,-2.0132,1.4562,-0.1976,-1.7761,1.3562,-0.3976,1.4133,0.0,0.0,14.1808,4.253591060638428,2.663496255874634,-135.0,0,1,180,1.024,0.0408,1.0,0.4711,0.0122,0.3,0.1884,0.5007,1.1827
34.0,1,RETURN_HOME,3.4912,13.7548,-2.0097,1.4578,-0.2113,-1.7814,1.3578,-0.4113,1.4187,0.0,0.0,14.1909,4.275735378265381,2.654294729232788,-135.0,0,1,180,0.932,0.0456,1.0,0.4729,0.0137,0.3,0.1892,0.5028,1.0827
34.05,1,RETURN_HOME,3.5627,13.7484,-2.0065,1.4575,-0.228,-1.7875,1.3575,-0.428,1.4234,0.0,0.0,14.2025,4.2841291427612305,2.651456594467163,-135.0,0,1,180,1.067,0.0518,1.0,0.4745,0.0156,0.3,0.1898,0.5053,1.0356
34.1,1,RETURN_HOME,3.6319,13.7428,-2.004,1.4551,-0.2435,-1.7934,1.2551,-0.4435,1.3311,0.0,0.0,14.2146,4.295347213745117,2.650993585586548,-135.0,0,1,180,1.106,0.0812,1.0,0.4437,0.0244,0.3,0.1775,0.5019,1.2937
34.15,1,RETURN_HOME,3.6895,13.737,-2.0027,1.4526,-0.2568,-1.7982,1.2526,-0.4568,1.3333,0.0,0.0,14.2238,4.308204174041748,2.649224042892456,-135.0,0,1,180,1.031,0.0872,1.0,0.4444,0.0262,0.3,0.1778,0.5039,1.2088
34.2,1,RETURN_HOME,3.7483,13.7299,-2.003,1.4507,-0.2703,-1.8027,1.2507,-0.4703,1.3362,0.0,0.0,14.2324,4.322124004364014,2.650373935699463,-135.0,0,1,180,1.069,0.093,1.0,0.4454,0.0279,0.3,0.1782,0.5061,1.1681
34.251,1,RETURN_HOME,3.8206,13.7198,-2.0055,1.4476,-0.2867,-1.8078,1.2476,-0.4867,1.3391,0.0,0.0,14.2418,4.333554744720459,2.654122829437256,-135.0,0,1,180,1.206,0.1002,1.0,0.4464,0.0301,0.3,0.1786,0.5086,1.1319
34.3,1,RETURN_HOME,3.8803,13.7104,-2.0077,1.443,-0.3008,-1.8119,1.243,-0.5008,1.3401,0.0,0.0,14.2489,4.355875015258789,2.657080888748169,-135.0,0,1,180,1.071,0.107,1.0,0.4467,0.0321,0.3,0.1787,0.5108,1.0539
34.35,1,RETURN_HOME,3.9515,13.6994,-2.0109,1.4353,-0.3172,-1.8167,1.2353,-0.5172,1.3392,0.0,0.0,14.2579,4.3645124435424805,2.663296937942505,-135.0,0,1,180,0.948,0.1154,1.0,0.4464,0.0346,0.3,0.1786,0.5132,1.0291
34.4,1,RETURN_HOME,4.0219,13.6883,-2.0146,1.426,-0.3332,-1.8213,1.226,-0.5332,1.3369,0.0,0.0,14.2669,4.3826212882995605,2.6724398136138916,-135.0,0,1,180,1.08,0.1242,1.0,0.4456,0.0373,0.3,0.1783,0.5155,0.9696
34.45,1,RETURN_HOME,4.08,13.678,-2.0175,1.4177,-0.3469,-1.8252,1.2177,-0.5469,1.3349,0.0,0.0,14.2735,4.391347885131836,2.677513360977173,-135.0,0,1,180,1.06,0.1319,1.0,0.445,0.0396,0.3,0.178,0.5175,0.947
34.5,1,RETURN_HOME,4.1489,13.6631,-2.0196,1.4079,-0.3647,-1.8297,1.2079,-0.5647,1.3334,0.0,0.0,14.2792,4.456999778747559,2.682149648666382,-135.0,0,1,180,1.003,0.142,1.0,0.4445,0.0426,0.3,0.1778,0.5204,0.9264
34.551,1,RETURN_HOME,4.2058,13.6494,-2.0209,1.3999,-0.3802,-1.8334,1.1999,-0.5802,1.3328,0.0,0.0,14.2827,4.53456449508667,2.6918246746063232,-135.0,0,1,180,1.831,0.1509,1.0,0.4443,0.0453,0.3,0.1777,0.523,0.9064
34.601,1,RETURN_HOME,4.2736,13.6318,-2.0224,1.3905,-0.3989,-1.8377,1.1905,-0.4989,1.2908,0.0,0.0,14.286,4.6919169425964355,2.7052977085113525,-135.0,0,1,180,1.583,0.0929,1.0,0.4303,0.0279,0.3,0.1721,0.5,0.846
34.651,1,RETURN_HOME,4.3269,13.6173,-2.0257,1.3812,-0.4143,-1.8413,1.1812,-0.4143,1.2517,0.0,0.0,14.2882,4.765138149261475,2.7180213928222656,-135.0,0,1,180,1.559,0.0297,1.0,0.4172,0.0089,0.3,0.1669,0.4758,0.8345
34.701,1,RETURN_HOME,4.3899,13.599,-2.0298,1.3699,-0.4329,-1.8455,1.1699,-0.4329,1.2474,0.0,0.0,14.29,4.910160541534424,2.7311155796051025,-135.0,0,1,180,1.609,0.0422,1.0,0.4158,0.0127,0.3,0.1663,0.479,0.7823
34.751,1,RETURN_HOME,4.4423,13.5829,-2.0329,1.3609,-0.4468,-1.849,1.1609,-0.3468,1.2116,0.0,0.0,14.2909,4.990086555480957,2.740410566329956,-135.0,0,1,180,1.735,-0.0258,1.0,0.4039,-0.0077,0.3,0.1615,0.4538,0.7605
34.801,1,RETURN_HOME,4.5083,13.5617,-2.0378,1.3518,-0.4598,-1.8531,1.1518,-0.3598,1.2067,0.0,0.0,14.2914,5.058420658111572,2.7519595623016357,-135.0,0,1,180,1.776,-0.0181,1.0,0.4022,-0.0054,0.3,0.1609,0.4555,0.7465
34.851,1,RETURN_HOME,4.5628,13.5435,-2.0414,1.3442,-0.4678,-1.8565,1.1442,-0.3678,1.2019,0.0,0.0,14.2914,5.124022483825684,2.762352466583252,-135.0,0,1,180,1.773,-0.014,1.0,0.4006,-0.0042,0.3,0.1602,0.4561,0.7252
34.901,1,RETURN_HOME,4.6266,13.5208,-2.0443,1.3345,-0.4723,-1.8606,0.0,0.0,0.0,0.0,0.0,14.2905,5.264150619506836,2.7837281227111816,-135.0,0,0,180,1.609,,,,,,,,
34.951,1,RETURN_HOME,4.6777,13.5013,-2.045,1.3264,-0.4733,-1.864,0.0,0.0,0.0,0.0,0.0,14.2886,5.330162525177002,2.79264760017395,-135.0,0,0,180,1.837,,,,,,,,
35.001,1,RETURN_HOME,4.7288,13.4817,-2.046,1.3214,-0.4738,-1.8665,0.0,0.0,0.0,0.0,0.0,14.287,5.391545295715332,2.803645610809326,-135.0,0,0,180,1.611,,,,,,,,
35.051,1,RETURN_HOME,4.7908,13.4588,-2.048,1.2932,-0.4661,-1.8686,0.0,0.0,0.0,0.0,0.0,14.286,5.53795862197876,2.829362154006958,-135.0,0,0,180,1.771,,,,,,,,
35.101,1,RETURN_HOME,4.8431,13.4406,-2.05,1.2497,-0.4521,-1.8706,1.0497,-0.5521,1.186,0.0,0.0,14.2865,8.055870056152344,2.8445887565612793,-135.0,0,1,180,1.691,0.1379,1.0,0.3953,0.0414,0.3,0.1581,0.4995,0.7282
35.151,1,RETURN_HOME,4.9028,13.4196,-2.0523,1.1744,-0.4271,-1.8738,0.9744,-0.6271,1.1588,0.0,0.0,14.2872,8.056397438049316,2.8569657802581787,-135.0,0,1,180,1.715,0.2198,1.0,0.3863,0.0659,0.3,0.1545,0.5204,0.9222
35.201,1,RETURN_HOME,4.9481,13.4032,-2.0535,1.0992,-0.4022,-1.8778,0.8992,-0.6022,1.0822,0.0,0.0,14.2874,8.058262825012207,2.8845183849334717,-135.0,0,1,180,1.705,0.2342,1.0,0.3607,0.0703,0.3,0.1443,0.5146,1.1083
35.251,1,RETURN_HOME,4.9887,13.3879,-2.0538,1.0352,-0.3845,-1.8828,0.8352,-0.5845,1.0194,0.0,0.0,14.2872,8.057960510253906,2.888201951980591,-135.0,0,1,180,1.748,0.2512,1.0,0.3398,0.0753,0.3,0.1359,0.5113,1.2585
35.301,1,RETURN_HOME,5.0349,13.3701,-2.0537,0.9818,-0.3779,-1.8899,0.7818,-0.5779,0.9722,0.0,0.0,14.2867,8.061342239379883,2.890625476837158,-135.0,0,1,180,1.678,0.2729,1.0,0.3241,0.0819,0.3,0.1296,0.5115,1.3629
35.351,1,RETURN_HOME,5.0681,13.3567,-2.0562,0.9532,-0.3819,-1.8957,0.7532,-0.5819,0.9518,0.0,0.0,14.2859,8.064571380615234,2.902331829071045,-135.0,0,1,180,1.899,0.2909,1.0,0.3173,0.0873,0.3,0.1269,0.5142,1.356
35.401,1,RETURN_HOME,5.1047,13.341,-2.0606,0.9337,-0.3949,-1.902,0.7337,-0.5949,0.9446,0.0,0.0,14.2843,8.066597938537598,2.911707878112793,-135.0,0,1,180,1.637,0.3106,1.0,0.3149,0.0932,0.3,0.1259,0.5191,1.3714
35.451,1,RETURN_HOME,5.1356,13.3271,-2.0634,0.9259,-0.4103,-1.9065,0.7259,-0.6103,0.9484,0.0,0.0,14.2824,8.067131996154785,2.919528007507324,-135.0,0,1,180,1.792,0.3252,1.0,0.3161,0.0976,0.3,0.1264,0.524,1.3582
35.501,1,RETURN_HOME,5.1684,13.312,-2.068,0.922,-0.428,-1.9103,0.722,-0.628,0.9569,0.0,0.0,14.2801,8.068188667297363,2.931379556655884,-135.0,0,1,180,1.839,0.3387,1.0,0.319,0.1016,0.3,0.1276,0.5292,1.3381
35.551,1,RETURN_HOME,5.2093,13.2923,-2.0741,0.9179,-0.4501,-1.9141,0.7179,-0.6501,0.9685,0.0,0.0,14.2766,8.068038940429688,2.9530630111694336,-135.0,0,1,180,1.753,0.3545,1.0,0.3228,0.1063,0.3,0.1291,0.5355,1.2921
35.601,1,RETURN_HOME,5.2503,13.2713,-2.0788,0.9115,-0.4712,-1.9174,0.7115,-0.6712,0.9781,0.0,0.0,14.2721,8.066282272338867,2.9613027572631836,-135.0,0,1,180,1.642,0.3705,1.0,0.326,0.1111,0.3,0.1304,0.5416,1.282
35.652,1,RETURN_HOME,5.2818,13.2553,-2.0838,0.9023,-0.4861,-1.9202,0.7023,-0.6861,0.9818,0.0,0.0,14.2689,8.06336784362793,2.9859700202941895,-135.0,0,1,180,1.913,0.3844,1.0,0.3273,0.1153,0.3,0.1309,0.5462,1.2525
35.701,1,RETURN_HOME,5.3189,13.2355,-2.0891,0.8885,-0.5025,-1.9238,0.6885,-0.7025,0.9837,0.0,0.0,14.2642,8.062195777893066,2.9963245391845703,-135.0,0,1,180,1.542,0.4017,1.0,0.3279,0.1205,0.3,0.1312,0.5517,1.265
35.751,1,RETURN_HOME,5.35,13.2179,-2.0925,0.8758,-0.5159,-1.927,0.6758,-0.7159,0.9845,0.0,0.0,14.2596,8.060684204101562,3.0088658332824707,-135.0,0,1,180,1.721,0.4165,1.0,0.3282,0.125,0.3,0.1313,0.5562,1.2747
35.801,1,RETURN_HOME,5.3823,13.2002,-2.0951,0.8634,-0.5299,-1.9301,0.6634,-0.7299,0.9863,0.0,0.0,14.2553,8.052332878112793,3.0218725204467773,-135.0,0,1,180,1.591,0.4313,1.0,0.3288,0.1294,0.3,0.1315,0.5609,1.2811
35.851,1,RETURN_HOME,5.4207,13.1776,-2.0972,0.8484,-0.5469,-1.934,0.6484,-0.7469,0.9891,0.0,0.0,14.249,8.046712875366211,3.050335645675659,-135.0,0,1,180,1.727,0.449,1.0,0.3297,0.1347,0.3,0.1319,0.5666,1.2713
35.901,1,RETURN_HOME,5.4525,13.1578,-2.0982,0.836,-0.5614,-1.9372,0.636,-0.7614,0.9921,0.0,0.0,14.2428,8.044065475463867,3.06504487991333,-135.0,0,1,180,1.503,0.4636,1.0,0.3307,0.1391,0.3,0.1323,0.5714,1.2816
35.951,1,RETURN_HOME,5.4892,13.1341,-2.0928,0.8208,-0.5783,-1.941,0.6208,-0.7783,0.9956,0.0,0.0,14.235,8.034152030944824,3.097299814224243,-135.0,0,1,180,1.745,0.4808,1.0,0.3319,0.1442,0.3,0.1327,0.577,1.2717
36.001,1,RETURN_HOME,5.5256,13.109,-2.0875,0.806,-0.5957,-1.9447,0.606,-0.7957,1.0003,0.0,0.0,14.226,8.029443740844727,3.1130032539367676,-135.0,0,1,180,1.584,0.4977,1.0,0.3334,0.1493,0.3,0.1334,0.5827,1.2843
36.051,1,RETURN_HOME,5.5547,13.0869,-2.0831,0.7934,-0.6108,-1.9477,0.5934,-0.8108,1.0047,0.0,0.0,14.217,8.023426055908203,3.1317713260650635,-135.0,0,1,180,1.821,0.512,1.0,0.343,0.1536,0.3,0.1372,0.5908,1.2972
36.101,1,RETURN_HOME,5.5823,13.0638,-2.0787,0.7803,-0.6261,-1.9507,0.5803,-0.8261,1.0095,0.0,0.0,14.2065,8.01632022857666,3.146484613418579,-135.0,0,1,180,1.517,0.5266,1.0,0.3544,0.158,0.3,0.1418,0.5998,1.3074
36.155,1,RETURN_HOME,5.6154,13.0349,-2.0738,0.7648,-0.6448,-1.9543,0.5648,-0.8448,1.0162,0.0,0.0,14.193,8.005956649780273,3.1835503578186035,-135.0,0,1,180,5.296,0.5436,1.0,0.3683,0.1631,0.3,0.1473,0.6104,1.304
36.201,1,RETURN_HOME,5.6486,13.0058,-2.0686,0.7497,-0.6633,-1.9577,0.5497,-0.8633,1.0235,0.0,0.0,14.1795,7.9969635009765625,3.2009308338165283,-135.0,0,1,180,1.654,0.5597,1.0,0.3819,0.1679,0.3,0.1528,0.6207,1.3253
36.252,1,RETURN_HOME,5.6767,12.982,-2.0636,0.7375,-0.6782,-1.9603,0.5375,-0.8782,1.0296,0.0,0.0,14.1689,7.989473819732666,3.221980333328247,-135.0,0,1,180,2.263,0.5723,1.0,0.3928,0.1717,0.3,0.1571,0.6288,1.3386
36.301,1,RETURN_HOME,5.7045,12.9572,-2.059,0.7254,-0.6932,-1.9629,0.5254,-0.8932,1.0363,0.0,0.0,14.1573,7.973154067993164,3.225389242172241,111.73,0,1,180,1.888,0.5846,1.0,0.4039,0.1754,0.3,0.1615,0.6369,1.3257
36.351,1,RETURN_HOME,5.7379,12.9251,-2.0517,0.7111,-0.7123,-1.9661,0.5111,-0.9123,1.0457,0.0,0.0,14.1415,7.965376853942871,3.2019429206848145,113.48,0,1,180,1.613,0.599,1.0,0.4176,0.1797,0.3,0.167,0.6467,1.3399
36.401,1,RETURN_HOME,5.7656,12.8965,-2.0445,0.6993,-0.7289,-1.9688,0.4993,-0.9289,1.0546,0.0,0.0,14.1267,7.95703125,3.1786928176879883,111.23,0,1,180,1.533,0.6109,1.0,0.4295,0.1833,0.3,0.1718,0.6551,1.3491
36.451,1,RETURN_HOME,5.7984,12.8613,-2.0369,0.685,-0.7489,-1.9722,0.485,-0.9489,1.0656,0.0,0.0,14.108,7.93459415435791,3.1301538944244385,112.73,0,1,180,1.789,0.6247,1.0,0.4438,0.1874,0.3,0.1775,0.6649,1.3428
36.501,1,RETURN_HOME,5.8285,12.8251,-2.0297,0.6693,-0.7687,-1.9755,0.4693,-0.9687,1.0763,0.0,0.0,14.0874,7.925780296325684,3.1082029342651367,113.48,0,1,180,1.447,0.6389,1.0,0.4585,0.1917,0.3,0.1834,0.6751,1.3646
36.551,1,RETURN_HOME,5.8531,12.7942,-2.0244,0.656,-0.7851,-1.9782,0.456,-0.9851,1.0855,0.0,0.0,14.0695,7.914632320404053,3.086146116256714,113.23,0,1,180,1.688,0.6505,1.0,0.4707,0.1951,0.3,0.1883,0.6834,1.3836
36.601,1,RETURN_HOME,5.8773,12.7625,-2.0199,0.6428,-0.8016,-1.9807,0.4428,-1.0016,1.0951,0.0,0.0,14.0508,7.891968727111816,3.039771318435669,112.98,0,1,180,1.594,0.6616,1.0,0.483,0.1985,0.3,0.1932,0.6917,1.3819
36.651,1,RETURN_HOME,5.9084,12.7252,-2.0168,0.6283,-0.8206,-1.9835,0.4283,-1.0206,1.1068,0.0,0.0,14.03,7.879708766937256,3.0170862674713135,112.48,0,1,180,1.553,0.6734,1.0,0.4969,0.202,0.3,0.1988,0.7008,1.4027
36.701,1,RETURN_HOME,5.9342,12.6935,-2.015,0.6164,-0.8365,-1.9859,0.4164,-1.0365,1.117,0.0,0.0,14.0121,7.853038787841797,2.974863290786743,112.48,0,1,180,1.78,0.6828,1.0,0.5084,0.2048,0.3,0.2034,0.7082,1.3991
36.751,1,RETURN_HOME,5.9643,12.6543,-2.0132,0.602,-0.8557,-1.9887,0.402,-1.0557,1.1297,0.0,0.0,13.9894,7.839856147766113,2.95393967628479,113.98,0,1,180,1.715,0.6936,1.0,0.5224,0.2081,0.3,0.2089,0.717,1.4201
36.801,1,RETURN_HOME,5.9899,12.618,-2.0171,0.5904,-0.8731,-1.9909,0.3904,-1.0731,1.1419,0.0,0.0,13.9676,7.825623989105225,2.9335830211639404,112.73,0,1,180,1.436,0.7024,1.0,0.5347,0.2107,0.3,0.2139,0.7246,1.4321
36.851,1,RETURN_HOME,6.0197,12.5738,-2.0213,0.5763,-0.8939,-1.9934,0.3763,-1.0939,1.1568,0.0,0.0,13.9405,7.812668800354004,2.914633274078369,113.98,0,1,180,1.488,0.7125,1.0,0.5495,0.2137,0.3,0.2198,0.7335,1.4534
36.901,1,RETURN_HOME,6.0432,12.5369,-2.0242,0.5642,-0.9107,-1.9954,0.3642,-1.1107,1.1689,0.0,0.0,13.9174,7.7818756103515625,2.8736703395843506,114.98,0,1,180,1.579,0.7207,1.0,0.5616,0.2162,0.3,0.2246,0.7408,1.4518
36.951,1,RETURN_HOME,6.0679,12.4943,-2.0265,0.5487,-0.9291,-1.9979,0.3487,-1.1291,1.1817,0.0,0.0,13.8898,7.767668724060059,2.8551807403564453,113.98,0,1,180,1.669,0.7306,1.0,0.5755,0.2192,0.3,0.2302,0.7494,1.4764
37.001,1,RETURN_HOME,6.0881,12.4579,-2.028,0.5357,-0.9445,-2.0,0.3357,-1.1445,1.1928,0.0,0.0,13.8659,7.7517266273498535,2.8381214141845703,115.73,0,1,180,1.71,0.7385,1.0,0.5873,0.2216,0.3,0.2349,0.7565,1.4924
37.051,1,RETURN_HOME,6.112,12.4124,-2.0295,0.5203,-0.9635,-2.0028,0.3203,-1.1635,1.2068,0.0,0.0,13.8356,7.719130039215088,2.798799753189087,114.73,0,1,180,1.703,0.7477,1.0,0.6015,0.2243,0.3,0.2406,0.7649,1.504
37.101,1,RETURN_HOME,6.1354,12.3643,-2.0304,0.505,-0.9832,-2.0057,0.305,-1.1832,1.2219,0.0,0.0,13.8029,7.699472904205322,2.7831547260284424,112.48,0,1,180,1.594,0.7565,1.0,0.6162,0.2269,0.3,0.2465,0.7734,1.5286
37.151,1,RETURN_HOME,6.1545,12.3237,-2.0308,0.4922,-0.9997,-2.0084,0.2922,-1.1997,1.2347,0.0,0.0,13.775,7.6642680168151855,2.7462007999420166,115.48,0,1,180,1.686,0.7635,1.0,0.6285,0.229,0.3,0.2514,0.7804,1.5398
37.201,1,RETURN_HOME,6.1736,12.2758,-2.0319,0.4758,-1.0183,-2.0117,0.2758,-1.2183,1.2491,0.0,0.0,13.7408,7.646148681640625,2.729210615158081,114.73,0,1,180,1.538,0.7721,1.0,0.643,0.2316,0.3,0.2572,0.7888,1.5675
37.251,1,RETURN_HOME,6.1881,12.2358,-2.0329,0.4617,-1.0335,-2.0146,0.2617,-1.2335,1.261,0.0,0.0,13.7116,7.629509449005127,2.7151002883911133,114.23,0,1,180,1.584,0.7793,1.0,0.6551,0.2338,0.3,0.262,0.7958,1.591
37.301,1,RETURN_HOME,6.2055,12.1869,-2.0336,0.445,-1.0521,-2.018,0.245,-1.2521,1.2759,0.0,0.0,13.6758,7.58601713180542,2.6802518367767334,114.73,0,1,180,1.59,0.7874,1.0,0.6698,0.2362,0.3,0.2679,0.8041,1.6122
37.351,1,RETURN_HOME,6.2202,12.1446,-2.0351,0.4317,-1.0686,-2.0206,0.2317,-1.2686,1.2896,0.0,0.0,13.6448,7.567574501037598,2.6656274795532227,114.23,0,1,180,1.571,0.7936,1.0,0.6823,0.2381,0.3,0.2729,0.811,1.634
37.401,1,RETURN_HOME,6.2349,12.1014,-2.0365,0.4188,-1.0854,-2.0232,0.2188,-1.2854,1.3039,0.0,0.0,13.6131,7.5476274490356445,2.650116205215454,113.48,0,1,180,1.655,0.7995,1.0,0.6949,0.2398,0.3,0.278,0.8178,1.654
37.451,1,RETURN_HOME,6.2523,12.0487,-2.0376,0.4033,-1.1055,-2.0261,0.2033,-1.3055,1.3213,0.0,0.0,13.5743,7.5267333984375,2.6366240978240967,114.23,0,1,180,1.735,0.8061,1.0,0.7101,0.2418,0.3,0.284,0.8259,1.6824
37.501,1,RETURN_HOME,6.2658,12.0047,-2.0361,0.3904,-1.122,-2.0286,0.1904,-1.322,1.3356,0.0,0.0,13.5415,7.479705333709717,2.6051576137542725,114.48,0,1,180,1.631,0.8115,1.0,0.7225,0.2434,0.3,0.289,0.8325,1.6971
37.551,1,RETURN_HOME,6.2816,11.9511,-2.0336,0.3748,-1.1416,-2.0316,0.1748,-1.3416,1.3529,0.0,0.0,13.5014,7.460165500640869,2.5925281047821045,115.48,0,1,180,1.809,0.8176,1.0,0.7375,0.2453,0.3,0.295,0.8403,1.7251
37.601,1,RETURN_HOME,6.2946,11.9056,-2.0316,0.3618,-1.158,-2.0341,0.1618,-1.358,1.3676,0.0,0.0,13.4672,7.436758041381836,2.5797107219696045,115.23,0,1,180,1.643,0.8226,1.0,0.75,0.2468,0.3,0.3,0.8468,1.7482
37.651,1,RETURN_HOME,6.3074,11.8471,-2.0337,0.3451,-1.1787,-2.0371,0.1451,-1.3787,1.3864,0.0,0.0,13.4215,7.389133453369141,2.552572250366211,115.73,0,1,180,1.77,0.8287,1.0,0.7659,0.2486,0.3,0.3064,0.855,1.774
37.701,1,RETURN_HOME,6.318,11.7979,-2.035,0.3312,-1.196,-2.0397,0.1312,-1.396,1.4022,0.0,0.0,13.3831,7.365694999694824,2.5417277812957764,116.73,0,1,180,1.573,0.8335,1.0,0.7791,0.25,0.3,0.3117,0.8617,1.7979
37.751,1,RETURN_HOME,6.33,11.7381,-2.0363,0.3145,-1.2166,-2.0429,0.1145,-1.4166,1.4212,0.0,0.0,13.3361,7.341731071472168,2.529179096221924,114.73,0,1,180,1.721,0.8391,1.0,0.795,0.2517,0.3,0.318,0.8697,1.8279
37.801,1,RETURN_HOME,6.3375,11.6876,-2.0381,0.2996,-1.2336,-2.0455,0.0996,-1.4336,1.4371,0.0,0.0,13.2953,7.2885541915893555,2.503451108932495,116.48,0,1,180,1.518,0.8439,1.0,0.8085,0.2532,0.3,0.3234,0.8766,1.8536
37.851,1,RETURN_HOME,6.3466,11.6263,-2.0395,0.2821,-1.254,-2.0483,0.0821,-1.454,1.4563,0.0,0.0,13.2458,7.263342380523682,2.4939498901367188,116.48,0,1,180,1.546,0.8493,1.0,0.8246,0.2548,0.3,0.3299,0.8847,1.8926
37.901,1,RETURN_HOME,6.3561,11.5637,-2.038,0.265,-1.2747,-2.0509,0.065,-1.4747,1.4762,0.0,0.0,13.1954,7.2097320556640625,2.4722673892974854,116.23,0,1,180,1.549,0.8543,1.0,0.8407,0.2563,0.3,0.3363,0.8926,1.9304
37.951,1,RETURN_HOME,6.3646,11.5101,-2.033,0.2513,-1.2925,-2.0529,0.0513,-1.4925,1.4933,0.0,0.0,13.1526,7.184615135192871,2.461484670639038,115.98,0,1,180,1.599,0.858,1.0,0.8542,0.2574,0.3,0.3417,0.8991,1.9604
38.001,1,RETURN_HOME,6.3745,11.4452,-2.0275,0.235,-1.3137,-2.0554,0.035,-1.4,1.4004,0.0,0.0,13.1006,7.156503200531006,2.452061653137207,118.48,0,1,180,1.619,0.8612,1.0,0.8041,0.2584,0.3,0.3216,0.88,1.9971
38.051,1,RETURN_HOME,6.3826,11.3923,-2.022,0.2213,-1.3307,-2.0576,0.0213,-1.4,1.4002,0.0,0.0,13.0584,7.097537994384766,2.433608293533325,117.48,0,1,180,1.804,0.8649,1.0,0.8073,0.2595,0.3,0.3229,0.8824,2.0263
38.101,1,RETURN_HOME,6.392,11.3291,-2.0152,0.2049,-1.3508,-2.0602,0.0049,-1.4,1.4,0.0,0.0,13.008,7.070528984069824,2.4245152473449707,116.73,0,1,180,1.569,0.8692,1.0,0.8113,0.2608,0.3,0.3245,0.8853,2.0626
38.151,1,RETURN_HOME,6.3994,11.2757,-2.0101,0.1914,-1.3656,-2.0624,-0.0086,-1.4,1.4,0.0,0.0,12.9651,7.040095806121826,2.4161176681518555,116.48,0,1,180,1.934,0.8727,1.0,0.8146,0.2618,0.3,0.3258,0.8876,2.0946
38.201,1,RETURN_HOME,6.4059,11.2121,-2.0054,0.1747,-1.38,-2.065,-0.0253,-1.4,1.4002,0.0,0.0,12.9131,6.9793877601623535,2.4017117023468018,117.23,0,1,180,1.593,0.8771,1.0,0.8187,0.2631,0.3,0.3275,0.8906,2.1042
38.251,1,RETURN_HOME,6.4105,11.1589,-2.0024,0.1607,-1.3898,-2.0672,-0.0393,-1.4,1.4006,0.0,0.0,12.8691,6.952270984649658,2.393301248550415,117.48,0,1,180,1.668,0.8808,1.0,0.8224,0.2642,0.3,0.3289,0.8932,2.0992
38.301,1,RETURN_HOME,6.4156,11.0942,-1.9993,0.1436,-1.3997,-2.0699,-0.0564,-1.4,1.4011,0.0,0.0,12.8157,6.92732048034668,2.388136625289917,118.48,0,1,180,1.611,0.8851,1.0,0.8268,0.2655,0.3,0.3307,0.8963,2.0943
38.35,1,RETURN_HOME,6.4209,11.04,-1.9943,0.1302,-1.4062,-2.0722,-0.0698,-1.4,1.4017,0.0,0.0,12.7714,6.903905868530273,2.380655288696289,116.48,0,1,180,1.024,0.8884,1.0,0.8302,0.2665,0.3,0.3321,0.8986,2.0909
38.4,1,RETURN_HOME,6.4267,10.9743,-1.9893,0.114,-1.4131,-2.0749,-0.086,-1.4,1.4026,0.0,0.0,12.7176,6.851876735687256,2.36800217628479,117.23,0,1,180,1.075,0.8923,1.0,0.8344,0.2677,0.3,0.3338,0.9014,2.0831
38.45,1,RETURN_HOME,6.431,10.919,-1.9859,0.1002,-1.4185,-2.0771,-0.0998,-1.4,1.4036,0.0,0.0,12.6721,6.8332905769348145,2.3630428314208984,117.48,0,1,180,0.957,0.8956,1.0,0.838,0.2687,0.3,0.3352,0.9039,2.0816
38.5,1,RETURN_HOME,6.4387,10.8632,-1.9829,0.088,-1.4235,-2.0792,-0.112,-1.4,1.4045,0.0,0.0,12.628,6.795008659362793,2.3542561531066895,118.73,0,1,180,1.042,0.8982,1.0,0.841,0.2695,0.3,0.3364,0.9058,2.0738
38.55,1,RETURN_HOME,6.4468,10.7957,-1.98,0.073,-1.4292,-2.0818,-0.127,-1.4,1.4058,0.0,0.0,12.5741,6.780259609222412,2.3499879837036133,118.99,0,1,180,1.016,0.9014,1.0,0.8447,0.2704,0.3,0.3379,0.9083,2.0729
38.6,1,RETURN_HOME,6.454,10.728,-1.9782,0.0579,-1.4346,-2.0847,-0.1421,-1.4,1.4072,0.0,0.0,12.5198,6.768558979034424,2.3453893661499023,118.23,0,1,180,1.041,0.9046,1.0,0.8486,0.2714,0.3,0.3394,0.9108,2.0736
38.651,1,RETURN_HOME,6.4603,10.6721,-1.9787,0.046,-1.4387,-2.0872,-0.154,-1.4,1.4084,0.0,0.0,12.4751,6.759300708770752,2.3372488021850586,119.49,0,1,180,1.173,0.907,1.0,0.8516,0.2721,0.3,0.3406,0.9127,2.0692
38.7,1,RETURN_HOME,6.4657,10.6158,-1.9794,0.0338,-1.4427,-2.0898,-0.1662,-1.4,1.4098,0.0,0.0,12.4298,6.775820732116699,2.3365490436553955,120.74,0,1,180,0.991,0.9094,1.0,0.8548,0.2728,0.3,0.3419,0.9147,2.0666
38.75,1,RETURN_HOME,6.4704,10.5472,-1.9787,0.0184,-1.4474,-2.0931,-0.1816,-1.4,1.4117,0.0,0.0,12.3737,7.916537284851074,2.3339271545410156,118.73,0,1,180,1.045,0.9126,1.0,0.8589,0.2738,0.3,0.3435,0.9173,2.0688
38.8,1,RETURN_HOME,6.4727,10.4887,-1.9756,0.0048,-1.4513,-2.0962,-0.1952,-1.4,1.4135,0.0,0.0,12.3251,7.87483024597168,2.331239938735962,120.24,0,1,180,1.046,0.9154,1.0,0.8626,0.2746,0.3,0.345,0.9197,2.0694
38.85,1,RETURN_HOME,6.4742,10.4302,-1.973,-0.009,-1.455,-2.0994,-0.209,-1.4,1.4155,0.0,0.0,12.2762,7.782036304473877,2.329761505126953,120.99,0,1,180,1.082,0.9182,1.0,0.8665,0.2755,0.3,0.3466,0.922,2.0702
38.9,1,RETURN_HOME,6.4747,10.3596,-1.971,-0.0259,-1.4591,-2.1031,-0.2259,-1.4,1.4181,0.0,0.0,12.2165,7.739046096801758,2.3294718265533447,119.74,0,1,180,1.024,0.9216,1.0,0.8713,0.2765,0.3,0.3485,0.925,2.0722
38.951,1,RETURN_HOME,6.4737,10.2884,-1.9702,-0.0432,-1.4631,-2.1065,-0.2432,-1.4,1.421,0.0,0.0,12.1556,7.698108196258545,2.3288180828094482,120.74,0,1,180,1.053,0.9251,1.0,0.8763,0.2775,0.3,0.3505,0.928,2.0739
39.0,1,RETURN_HOME,6.4722,10.2289,-1.9699,-0.0577,-1.4661,-2.1091,-0.2577,-1.4,1.4235,0.0,0.0,12.1046,7.603087425231934,2.3285105228424072,120.99,0,1,180,0.955,0.9279,1.0,0.8806,0.2784,0.3,0.3522,0.9306,2.0798
39.05,1,RETURN_HOME,6.4716,10.1701,-1.9703,-0.0715,-1.4685,-2.1117,-0.2715,-1.4,1.4261,0.0,0.0,12.0545,7.560659408569336,2.3284378051757812,120.49,0,1,180,0.949,0.9304,1.0,0.8846,0.2791,0.3,0.3538,0.933,2.0833
39.101,1,RETURN_HOME,6.4723,10.1003,-1.9718,-0.087,-1.4705,-2.1149,-0.287,-1.4,1.4291,0.0,0.0,11.9961,7.515125751495361,2.3311474323272705,119.49,0,1,180,1.314,0.9332,1.0,0.8891,0.2799,0.3,0.3556,0.9356,2.0869
39.15,1,RETURN_HOME,6.4719,10.0419,-1.9731,-0.1002,-1.472,-2.1176,-0.3002,-1.4,1.4318,0.0,0.0,11.9468,7.423058032989502,2.3349573612213135,122.74,0,1,180,1.061,0.9355,1.0,0.8929,0.2806,0.3,0.3572,0.9378,2.0929
39.2,1,RETURN_HOME,6.4717,9.9692,-1.9761,-0.116,-1.4746,-2.1209,-0.316,-1.4,1.4352,0.0,0.0,11.8856,7.378664493560791,2.3377063274383545,121.74,0,1,180,1.087,0.9381,1.0,0.8976,0.2814,0.3,0.359,0.9404,2.0975
39.25,1,RETURN_HOME,6.471,9.9077,-1.979,-0.1293,-1.477,-2.1237,-0.3293,-1.4,1.4382,0.0,0.0,11.8337,7.334161281585693,2.3398358821868896,120.74,0,1,180,0.97,0.9402,1.0,0.9015,0.2821,0.3,0.3606,0.9427,2.1041
39.3,1,RETURN_HOME,6.4693,9.8463,-1.9817,-0.1429,-1.4791,-2.1264,-0.3429,-1.4,1.4414,0.0,0.0,11.7815,7.240017890930176,2.3468093872070312,120.74,0,1,180,1.029,0.9424,1.0,0.9055,0.2827,0.3,0.3622,0.9449,2.1144
39.35,1,RETURN_HOME,6.4655,9.7732,-1.9834,-0.1595,-1.4813,-2.1295,-0.3595,-1.4,1.4454,0.0,0.0,11.7183,7.195230960845947,2.350844621658325,120.49,0,1,180,1.089,0.945,1.0,0.9107,0.2835,0.3,0.3643,0.9478,2.1208
39.4,1,RETURN_HOME,6.4602,9.7003,-1.9843,-0.1765,-1.4831,-2.1326,-0.3765,-1.4,1.4498,0.0,0.0,11.6546,7.149316310882568,2.355475664138794,121.99,0,1,180,0.995,0.9477,1.0,0.916,0.2843,0.3,0.3664,0.9507,2.1284
39.451,1,RETURN_HOME,6.4559,9.6517,-1.9849,-0.188,-1.4841,-2.1347,-0.388,-1.4,1.4528,0.0,0.0,11.6119,7.056070804595947,2.365565776824951,122.24,0,1,180,1.351,0.9495,1.0,0.9196,0.2848,0.3,0.3678,0.9527,2.031
39.5,1,RETURN_HOME,6.4473,9.5768,-1.9882,-0.206,-1.4861,-2.1376,-0.406,-1.4,1.4577,0.0,0.0,11.5448,7.009298324584961,2.371225595474243,121.49,0,1,180,1.062,0.9523,1.0,0.9254,0.2857,0.3,0.3702,0.9558,1.9823
39.551,1,RETURN_HOME,6.4374,9.5018,-1.9915,-0.2242,-1.4879,-2.1405,-0.4242,-1.4,1.4629,0.0,0.0,11.4772,6.967066764831543,2.3777754306793213,121.99,0,1,180,1.438,0.955,1.0,0.9313,0.2865,0.3,0.3725,0.959,1.9334
39.601,1,RETURN_HOME,6.4285,9.4397,-1.9939,-0.2393,-1.489,-2.1429,-0.4393,-1.4,1.4673,0.0,0.0,11.4207,6.915292263031006,2.383568286895752,123.24,0,1,180,1.196,0.9572,1.0,0.9363,0.2871,0.3,0.3745,0.9617,1.8801
39.65,1,RETURN_HOME,6.4191,9.3764,-1.9962,-0.2541,-1.4902,-2.1454,-0.4541,-1.4,1.4718,0.0,0.0,11.3632,6.824070453643799,2.398355007171631,121.24,0,1,180,1.13,0.9592,1.0,0.9412,0.2878,0.3,0.3765,0.9642,1.7872
39.7,1,RETURN_HOME,6.4071,9.3006,-1.9986,-0.2718,-1.4913,-2.1485,-0.4718,-1.4,1.4774,0.0,0.0,11.2939,6.779019355773926,2.4053146839141846,122.74,0,1,180,0.991,0.9616,1.0,0.947,0.2885,0.3,0.3788,0.9673,1.7384
39.751,1,RETURN_HOME,6.3964,9.2379,-2.0003,-0.2866,-1.4919,-2.151,-0.4866,-1.4,1.4822,0.0,0.0,11.2362,6.7291035652160645,2.4143686294555664,122.24,0,1,180,1.155,0.9635,1.0,0.952,0.289,0.3,0.3808,0.9699,1.6841
39.8,1,RETURN_HOME,6.3835,9.1751,-1.9978,-0.3026,-1.493,-2.1536,-0.5026,-1.4,1.4875,0.0,0.0,11.1772,6.640739917755127,2.4314045906066895,123.74,0,1,180,1.066,0.9656,1.0,0.9575,0.2897,0.3,0.383,0.9727,1.5888
39.851,1,RETURN_HOME,6.3672,9.1001,-1.9951,-0.3217,-1.4939,-2.1568,-0.5217,-1.4,1.4941,0.0,0.0,11.1065,6.592478275299072,2.4407737255096436,122.24,0,1,180,1.17,0.968,1.0,0.9641,0.2904,0.3,0.3857,0.976,1.5427
39.901,1,RETURN_HOME,6.3507,9.026,-1.9928,-0.3407,-1.4942,-2.1599,-0.5407,-1.3,1.408,0.0,0.0,11.0363,6.542542934417725,2.4516994953155518,121.74,0,1,180,1.132,0.9761,1.0,0.9162,0.2928,0.3,0.3665,0.9593,1.7893
39.95,1,RETURN_HOME,6.3368,8.9652,-1.9913,-0.356,-1.4938,-2.1627,-0.556,-1.3,1.4139,0.0,0.0,10.9786,6.451688289642334,2.4715845584869385,123.24,0,1,180,1.029,0.9778,1.0,0.9217,0.2933,0.3,0.3687,0.962,1.6982
40.0,1,RETURN_HOME,6.3224,8.9046,-1.99,-0.3713,-1.4936,-2.1654,-0.5713,-1.3,1.42,0.0,0.0,10.9208,6.405422210693359,2.4823288917541504,123.74,0,1,180,1.041,0.9794,1.0,0.9271,0.2938,0.3,0.3709,0.9647,1.6472
40.05,1,RETURN_HOME,6.3046,8.8329,-1.9896,-0.3892,-1.4906,-2.1687,-0.5892,-1.3,1.4273,0.0,0.0,10.8521,6.354149341583252,2.494610071182251,124.49,0,1,180,1.072,0.9812,1.0,0.9336,0.2944,0.3,0.3734,0.9678,1.5922
40.101,1,RETURN_HOME,6.2927,8.7862,-1.9904,-0.401,-1.4866,-2.1709,-0.601,-1.3,1.4322,0.0,0.0,10.8072,6.309567451477051,2.5066545009613037,124.24,0,1,180,1.134,0.9823,1.0,0.9379,0.2947,0.3,0.3752,0.9698,1.5439
40.15,1,RETURN_HOME,6.2741,8.7164,-1.9917,-0.4189,-1.4791,-2.1741,-0.5189,-1.4,1.4931,0.0,0.0,10.7396,6.215883255004883,2.5307250022888184,124.99,0,1,180,1.079,0.964,1.0,0.9596,0.2892,0.3,0.3838,0.973,1.151
40.2,1,RETURN_HOME,6.258,8.6583,-1.9929,-0.4341,-1.4719,-2.1767,-0.6341,-1.3,1.4464,0.0,0.0,10.6831,6.165647983551025,2.543964385986328,123.74,0,1,180,1.086,0.9852,1.0,0.95,0.2956,0.3,0.38,0.9756,1.3977
40.251,1,RETURN_HOME,6.2385,8.5888,-1.9952,-0.4525,-1.463,-2.1796,-0.6525,-1.3,1.4546,0.0,0.0,10.6154,6.121680736541748,2.558387041091919,123.24,0,1,180,1.567,0.9867,1.0,0.9569,0.296,0.3,0.3827,0.9788,1.346
40.3,1,RETURN_HOME,6.2215,8.531,-1.9969,-0.4663,-1.4578,-2.1821,-0.6663,-1.3,1.4608,0.0,0.0,10.5586,6.030187606811523,2.5840470790863037,124.99,0,1,180,1.135,0.9878,1.0,0.962,0.2963,0.3,0.3848,0.9811,1.2568
40.35,1,RETURN_HOME,6.1986,8.4627,-1.9987,-0.4831,-1.4517,-2.1848,-0.6831,-1.3,1.4685,0.0,0.0,10.49,5.976576328277588,2.6015501022338867,126.49,0,1,180,1.052,0.989,1.0,0.9683,0.2967,0.3,0.3873,0.984,1.2045
40.4,1,RETURN_HOME,6.1777,8.4065,-1.9999,-0.4979,-1.4466,-2.1869,-0.6979,-1.3,1.4755,0.0,0.0,10.4323,5.930665493011475,2.614156723022461,124.74,0,1,180,1.08,0.9901,1.0,0.9739,0.297,0.3,0.3896,0.9866,1.1615
40.45,1,RETURN_HOME,6.1563,8.3502,-2.001,-0.5132,-1.4415,-2.1889,-0.6132,-1.3,1.4374,0.0,0.0,10.3743,5.841823101043701,2.6451330184936523,124.74,0,1,180,1.047,0.9811,1.0,0.9402,0.2943,0.3,0.3761,0.9704,1.0711
40.5,1,RETURN_HOME,6.1293,8.2841,-2.0024,-0.5325,-1.4348,-2.1911,-0.7325,-1.2,1.4059,0.0,0.0,10.305,5.7890424728393555,2.6642847061157227,125.74,0,1,180,0.965,0.996,1.0,0.9336,0.2988,0.3,0.3734,0.9722,1.3215
40.55,1,RETURN_HOME,6.1008,8.2191,-2.0037,-0.5523,-1.4279,-2.1935,-0.7523,-1.2,1.4163,0.0,0.0,10.2359,5.743372440338135,2.679337501525879,125.99,0,1,180,1.075,0.9969,1.0,0.9413,0.2991,0.3,0.3765,0.9756,1.2749
40.6,1,RETURN_HOME,6.0767,8.1648,-2.0047,-0.5669,-1.4223,-2.1955,-0.7669,-1.2,1.4241,0.0,0.0,10.1779,5.652676582336426,2.7132983207702637,125.74,0,1,180,0.981,0.9975,1.0,0.947,0.2992,0.3,0.3788,0.978,1.1875
40.65,1,RETURN_HOME,6.0489,8.1004,-2.0057,-0.5839,-1.4128,-2.1979,-0.7839,-1.2,1.4333,0.0,0.0,10.1097,5.600793361663818,2.7317447662353516,125.99,0,1,180,1.055,0.998,1.0,0.9537,0.2994,0.3,0.3815,0.9809,1.1366
40.7,1,RETURN_HOME,6.0254,8.0469,-2.0065,-0.5984,-1.4034,-2.1999,-0.7984,-1.2,1.4414,0.0,0.0,10.0528,5.554289817810059,2.749209403991699,124.99,0,1,180,1.003,0.9985,1.0,0.9594,0.2995,0.3,0.3838,0.9833,1.0874
40.751,1,RETURN_HOME,5.9963,7.9828,-2.0072,-0.6167,-1.3914,-2.2023,-0.7167,-1.2,1.3977,0.0,0.0,9.9841,5.462282657623291,2.7863762378692627,125.74,0,1,180,1.658,0.9944,1.0,0.9266,0.2983,0.3,0.3706,0.969,1.0043
40.801,1,RETURN_HOME,5.9715,7.9286,-2.009,-0.6325,-1.3813,-2.2043,-0.8325,-1.1,1.3795,0.0,0.0,9.9258,5.414034843444824,2.808502674102783,125.49,0,1,180,1.687,1.0,1.0,0.9197,0.3,0.3,0.3679,0.9679,1.2234
40.851,1,RETURN_HOME,5.946,7.8747,-2.0104,-0.649,-1.3717,-2.2066,-0.849,-1.1,1.3895,0.0,0.0,9.8674,5.368008613586426,2.8273544311523438,126.74,0,1,180,1.731,0.9999,1.0,0.9263,0.3,0.3,0.3705,0.9705,1.1972
40.901,1,RETURN_HOME,5.9146,7.8103,-2.0119,-0.6666,-1.3608,-2.2092,-0.8666,-1.1,1.4004,0.0,0.0,9.7971,5.277205467224121,2.8659305572509766,125.74,0,1,180,1.679,0.9998,1.0,0.9334,0.2999,0.3,0.3734,0.9733,1.11
40.951,1,RETURN_HOME,5.8895,7.7558,-2.0154,-0.6801,-1.3513,-2.2112,-0.8801,-1.1,1.4087,0.0,0.0,9.7385,5.226284503936768,2.8898086547851562,125.74,0,1,180,1.551,0.9997,1.0,0.9388,0.2999,0.3,0.3755,0.9754,1.0597
41.001,1,RETURN_HOME,5.8636,7.7018,-2.0185,-0.6938,-1.3407,-2.213,-0.8938,-1.1,1.4174,0.0,0.0,9.6799,5.182077407836914,2.910797595977783,127.99,0,1,180,1.563,0.9995,1.0,0.9444,0.2998,0.3,0.3778,0.9776,1.0177
41.051,1,RETURN_HOME,5.8314,7.6376,-2.022,-0.7113,-1.3271,-2.215,-0.8113,-1.1,1.3668,0.0,0.0,9.6093,5.1356000900268555,2.9314615726470947,125.74,0,1,180,1.753,0.9999,1.0,0.9111,0.3,0.3,0.3644,0.9644,0.9717
41.101,1,RETURN_HOME,5.8028,7.5848,-2.026,-0.7266,-1.3154,-2.2164,-0.7266,-1.1,1.3183,0.0,0.0,9.55,5.042062759399414,2.9784460067749023,125.49,0,1,180,1.504,0.9976,1.0,0.8768,0.2993,0.3,0.3507,0.95,0.8927
41.151,1,RETURN_HOME,5.7736,7.5324,-2.0293,-0.743,-1.304,-2.2179,-0.643,-1.1,1.2741,0.0,0.0,9.4906,4.997398853302002,3.001577854156494,125.99,0,1,180,1.65,0.9922,1.0,0.8428,0.2977,0.3,0.3371,0.9348,0.8479
41.201,1,RETURN_HOME,5.7381,7.4698,-2.0325,-0.7609,-1.2906,-2.2199,-0.6609,-1.0906,1.2752,0.0,0.0,9.4194,4.952467441558838,3.023318290710449,126.74,0,1,180,1.545,0.9939,1.0,0.845,0.2982,0.3,0.338,0.9362,0.833
41.251,1,RETURN_HOME,5.7095,7.4169,-2.0347,-0.7719,-1.2803,-2.2217,-0.5719,-1.0803,1.2224,0.0,0.0,9.3599,4.860907077789307,3.072964906692505,127.74,0,1,180,1.821,0.9857,1.0,0.8033,0.2957,0.3,0.3213,0.917,0.7729
41.301,1,RETURN_HOME,5.6743,7.3541,-2.0366,-0.7789,-1.2686,-2.2237,-0.5789,-1.0686,1.2154,0.0,0.0,9.2887,4.815972805023193,3.093904733657837,126.74,0,1,180,1.637,0.9871,1.0,0.7998,0.2961,0.3,0.3199,0.9161,0.7663
41.351,1,RETURN_HOME,5.6395,7.2925,-2.0378,-0.7804,-1.2576,-2.2255,-0.5804,-1.0576,1.2064,0.0,0.0,9.2187,4.775470733642578,3.117279052734375,126.74,0,1,180,1.93,0.9878,1.0,0.7945,0.2963,0.3,0.3178,0.9141,0.7572
41.401,1,RETURN_HOME,5.6118,7.2423,-2.0384,-0.7767,-1.2482,-2.2267,0.0,0.0,0.0,0.0,0.0,9.162,4.682971954345703,3.1666653156280518,125.99,0,0,180,1.634,,,,,,,,
41.451,1,RETURN_HOME,5.5782,7.1825,-2.0386,-0.7705,-1.2404,-2.2279,0.0,0.0,0.0,0.0,0.0,9.0942,4.639848232269287,3.1900651454925537,128.24,0,0,180,1.572,,,,,,,,
41.501,1,RETURN_HOME,5.5496,7.1314,-2.0393,-0.764,-1.2352,-2.2285,0.0,0.0,0.0,0.0,0.0,9.0363,4.598608493804932,3.214282989501953,127.49,0,0,180,1.629,,,,,,,,
41.551,1,RETURN_HOME,5.521,7.0801,-2.0409,-0.7446,-1.2093,-2.2289,-0.5446,-1.0093,1.1469,0.0,0.0,8.9783,4.514614105224609,3.265230417251587,126.99,0,1,180,1.677,0.986,1.0,0.7539,0.2958,0.3,0.3016,0.8974,0.6626
41.601,1,RETURN_HOME,5.4878,7.0208,-2.0431,-0.7061,-1.1501,-2.2294,-0.8061,-0.9501,1.246,0.0,0.0,8.911,4.485782623291016,3.289710283279419,127.99,0,1,180,1.62,0.9992,1.0,0.83,0.2998,0.3,0.332,0.9318,0.8147
41.651,1,RETURN_HOME,5.4622,6.973,-2.0439,-0.6666,-1.0859,-2.2293,-0.8666,-0.8859,1.2393,0.0,0.0,8.8576,4.46230936050415,3.314291477203369,128.24,0,1,180,1.668,0.994,1.0,0.8212,0.2982,0.3,0.3285,0.9267,0.9279
41.701,1,RETURN_HOME,5.4335,6.9181,-2.0436,-0.6327,-1.0303,-2.2285,-0.7327,-0.9303,1.1841,0.0,0.0,8.7968,4.3731465339660645,3.3595705032348633,127.74,0,1,180,1.676,1.0,1.0,0.7894,0.3,0.3,0.3158,0.9158,0.7752
41.751,1,RETURN_HOME,5.4102,6.8745,-2.043,-0.6198,-1.0012,-2.2277,-0.8198,-0.9012,1.2183,0.0,0.0,8.7481,4.322340965270996,3.3755733966827393,127.49,0,1,180,1.815,0.9975,1.0,0.8101,0.2992,0.3,0.324,0.9233,0.8199
41.801,1,RETURN_HOME,5.3858,6.8256,-2.0393,-0.6192,-0.9794,-2.2273,-0.8192,-0.8794,1.2018,0.0,0.0,8.6946,4.267482757568359,3.3945987224578857,127.24,0,1,180,1.662,0.9966,1.0,0.7985,0.299,0.3,0.3194,0.9184,0.8399
41.851,1,RETURN_HOME,5.3611,6.778,-2.0348,-0.6288,-0.9684,-2.2275,-0.8288,-0.8684,1.2005,0.0,0.0,8.6419,4.18107271194458,3.3958590030670166,-31.9,0,1,180,1.616,0.9957,1.0,0.7969,0.2987,0.3,0.3187,0.9175,0.7947
41.901,1,RETURN_HOME,5.3395,6.7387,-2.0309,-0.6424,-0.9641,-2.2282,-0.8424,-0.8641,1.2068,0.0,0.0,8.5977,4.1435136795043945,3.3678994178771973,-32.41,0,1,180,1.536,0.9947,1.0,0.8003,0.2984,0.3,0.3201,0.9185,0.7754
41.951,1,RETURN_HOME,5.3152,6.6929,-2.024,-0.661,-0.9606,-2.2296,-0.861,-0.8606,1.2173,0.0,0.0,8.5467,4.109375,3.3394181728363037,-32.66,0,1,180,1.784,0.9935,1.0,0.8062,0.298,0.3,0.3225,0.9205,0.7486
42.001,1,RETURN_HOME,5.2934,6.6547,-2.0187,-0.6774,-0.9579,-2.2309,-0.7774,-0.8579,1.1577,0.0,0.0,8.5033,4.040359973907471,3.278520107269287,-33.41,0,1,180,1.471,0.9979,1.0,0.7702,0.2994,0.3,0.3081,0.9075,0.6933
42.051,1,RETURN_HOME,5.2704,6.6168,-2.0139,-0.694,-0.9548,-2.2324,-0.894,-0.7548,1.17,0.0,0.0,8.4592,4.0041351318359375,3.2474417686462402,-33.66,0,1,180,1.67,0.9807,1.0,0.7649,0.2942,0.3,0.306,0.9002,0.7478
42.101,1,RETURN_HOME,5.2438,6.5722,-2.0049,-0.7129,-0.95,-2.2344,-0.9129,-0.75,1.1814,0.0,0.0,8.4078,3.975010633468628,3.2182438373565674,-33.66,0,1,180,1.741,0.9781,1.0,0.7704,0.2934,0.3,0.3082,0.9016,0.7054
42.151,1,RETURN_HOME,5.2152,6.5278,-1.9972,-0.7289,-0.9439,-2.2361,-0.8289,-0.7439,1.1138,0.0,0.0,8.3553,3.904675006866455,3.152515172958374,-34.91,0,1,180,1.651,0.9864,1.0,0.7324,0.2959,0.3,0.293,0.8889,0.8369
42.201,1,RETURN_HOME,5.19,6.4906,-1.9908,-0.7423,-0.9368,-2.2372,-0.8423,-0.7368,1.1191,0.0,0.0,8.3105,3.872565507888794,3.121950387954712,-34.91,0,1,180,1.802,0.9843,1.0,0.7343,0.2953,0.3,0.2937,0.889,0.7998
42.251,1,RETURN_HOME,5.1581,6.4458,-1.9827,-0.7593,-0.9265,-2.2385,-0.8593,-0.7265,1.1252,0.0,0.0,8.2556,3.841010093688965,3.0889813899993896,-35.66,0,1,180,1.569,0.9812,1.0,0.7361,0.2944,0.3,0.2944,0.8888,0.7568
42.301,1,RETURN_HOME,5.1304,6.4088,-1.977,-0.7722,-0.9162,-2.2395,-0.8722,-0.7162,1.1286,0.0,0.0,8.2094,3.7728652954101562,3.0221431255340576,-35.16,0,1,180,1.73,0.9784,1.0,0.7362,0.2935,0.3,0.2945,0.888,0.7393
42.351,1,RETURN_HOME,5.0964,6.3671,-1.9715,-0.7861,-0.902,-2.2408,-0.8861,-0.702,1.1305,0.0,0.0,8.1556,3.739593505859375,2.992525100708008,-35.91,0,1,180,1.673,0.9746,1.0,0.7345,0.2924,0.3,0.2938,0.8862,0.6879
42.401,1,RETURN_HOME,5.0615,6.3277,-1.9674,-0.7986,-0.8868,-2.2422,-0.8986,-0.6868,1.131,0.0,0.0,8.103,3.679999589920044,2.926175832748413,-36.41,0,1,180,1.611,0.9705,1.0,0.7318,0.2911,0.3,0.2927,0.8838,0.641
42.451,1,RETURN_HOME,5.0255,6.2886,-1.9643,-0.8103,-0.8719,-2.2436,-0.7103,-0.7719,1.049,0.0,0.0,8.05,3.643883466720581,2.8886196613311768,-36.66,0,1,180,1.901,0.9976,1.0,0.6977,0.2993,0.3,0.2791,0.8783,0.5816
42.501,1,RETURN_HOME,4.9968,6.2554,-1.9607,-0.8192,-0.8607,-2.2446,-0.7192,-0.7607,1.0469,0.0,0.0,8.0061,3.6128172874450684,2.8591670989990234,-36.91,0,1,180,1.727,0.9965,1.0,0.6955,0.299,0.3,0.2782,0.8771,0.5856
42.551,1,RETURN_HOME,4.9618,6.2156,-1.9569,-0.8302,-0.8474,-2.2459,-0.7302,-0.7474,1.0449,0.0,0.0,7.9532,3.5536530017852783,2.795419931411743,-38.16,0,1,180,1.606,0.995,1.0,0.6931,0.2985,0.3,0.2773,0.8758,0.5724
42.601,1,RETURN_HOME,4.9248,6.1761,-1.9537,-0.8371,-0.8364,-2.2474,-0.7371,-0.7364,1.0419,0.0,0.0,7.8992,3.519376516342163,2.7574303150177,-38.41,0,1,180,1.449,0.9937,1.0,0.6902,0.2981,0.3,0.2761,0.8742,0.5751
42.651,1,RETURN_HOME,4.8903,6.1427,-1.9499,-0.8404,-0.8293,-2.2485,-0.7404,-0.7293,1.0392,0.0,0.0,7.8516,3.489656686782837,2.727368116378784,-38.16,0,1,180,1.61,0.9927,1.0,0.6878,0.2978,0.3,0.2751,0.8729,0.5666
42.701,1,RETURN_HOME,4.8489,6.103,-1.9464,-0.8408,-0.8225,-2.2493,-0.8408,-0.6225,1.0461,0.0,0.0,7.7947,3.4306178092956543,2.6614763736724854,-39.41,0,1,180,1.68,0.9658,1.0,0.6736,0.2898,0.3,0.2694,0.8592,0.6625
42.751,1,RETURN_HOME,4.8077,6.0638,-1.944,-0.8385,-0.817,-2.2499,-0.8385,-0.617,1.041,0.0,0.0,7.7385,3.3955018520355225,2.625803232192993,-39.91,0,1,180,1.711,0.9648,1.0,0.6696,0.2894,0.3,0.2678,0.8573,0.6537
42.801,1,RETURN_HOME,4.7806,6.0382,-1.943,-0.8363,-0.8136,-2.25,-0.8363,-0.6136,1.0373,0.0,0.0,7.7015,3.3679394721984863,2.595606803894043,-40.16,0,1,180,1.672,0.9643,1.0,0.6668,0.2893,0.3,0.2667,0.856,0.6528
42.851,1,RETURN_HOME,4.7399,5.9998,-1.9421,-0.8347,-0.8065,-2.2497,-0.8347,-0.6065,1.0318,0.0,0.0,7.6462,3.3061227798461914,2.5344927310943604,-41.41,0,1,180,1.672,0.9628,1.0,0.6623,0.2888,0.3,0.2649,0.8537,0.6524
42.901,1,RETURN_HOME,4.703,5.9623,-1.9407,-0.8344,-0.7965,-2.2492,-0.8344,-0.5965,1.0257,0.0,0.0,7.5939,3.2738733291625977,2.498974561691284,-41.91,0,1,180,1.523,0.9604,1.0,0.6567,0.2881,0.3,0.2627,0.8508,0.631
42.951,1,RETURN_HOME,4.6748,5.9316,-1.9393,-0.8351,-0.7863,-2.2489,-0.8351,-0.5863,1.0203,0.0,0.0,7.5523,3.211890697479248,2.438241720199585,-42.41,0,1,180,1.673,0.9579,1.0,0.6516,0.2874,0.3,0.2606,0.848,0.639
43.001,1,RETURN_HOME,4.64,5.8951,-1.9383,-0.8379,-0.7726,-2.2485,-0.6379,-0.6726,0.9269,0.0,0.0,7.5021,3.182976722717285,2.406278371810913,-43.16,0,1,180,1.446,0.9958,1.0,0.6153,0.2987,0.3,0.2461,0.8449,0.4677
43.051,1,RETURN_HOME,4.6014,5.8592,-1.9366,-0.8437,-0.7577,-2.2481,-0.6437,-0.6577,0.9203,0.0,0.0,7.45,3.150320291519165,2.374253988265991,-43.92,0,1,180,1.721,0.9941,1.0,0.6099,0.2982,0.3,0.244,0.8422,0.4847
43.101,1,RETURN_HOME,4.5665,5.8297,-1.9348,-0.8495,-0.7452,-2.2478,-0.6495,-0.6452,0.9155,0.0,0.0,7.4053,3.092259407043457,2.3138277530670166,-44.92,0,1,180,1.453,0.9923,1.0,0.6057,0.2977,0.3,0.2423,0.84,0.4732
43.151,1,RETURN_HOME,4.5247,5.7948,-1.9334,-0.8516,-0.7324,-2.2478,-0.7516,-0.6324,0.9823,0.0,0.0,7.3521,3.0624728202819824,2.2849247455596924,-45.17,0,1,180,1.709,0.9784,1.0,0.6407,0.2935,0.3,0.2563,0.8498,0.4863
43.201,1,RETURN_HOME,4.479,5.7607,-1.9359,-0.8497,-0.7216,-2.2476,-0.7497,-0.6216,0.9739,0.0,0.0,7.2971,3.033107280731201,2.2512245178222656,-45.42,0,1,180,1.571,0.9764,1.0,0.6339,0.2929,0.3,0.2536,0.8465,0.4919
43.251,1,RETURN_HOME,4.441,5.7325,-1.9386,-0.8449,-0.7143,-2.2471,-0.6449,-0.6143,0.8907,0.0,0.0,7.2515,2.9761803150177,2.1931002140045166,-46.17,0,1,180,1.58,0.9887,1.0,0.5871,0.2966,0.3,0.2348,0.8314,0.4641
43.301,1,RETURN_HOME,4.396,5.699,-1.9426,-0.8391,-0.7074,-2.2461,-0.7391,-0.6074,0.9567,0.0,0.0,7.1974,2.9500584602355957,2.1658036708831787,-46.42,0,1,180,1.512,0.9746,1.0,0.6216,0.2924,0.3,0.2486,0.841,0.4633
43.351,1,RETURN_HOME,4.3582,5.6711,-1.9482,-0.8352,-0.7022,-2.2451,-0.6352,-0.6022,0.8753,0.0,0.0,7.1523,2.917257785797119,2.132967472076416,-47.17,0,1,180,1.716,0.9877,1.0,0.5763,0.2963,0.3,0.2305,0.8269,0.4499
43.401,1,RETURN_HOME,4.3211,5.6434,-1.9534,-0.8302,-0.6966,-2.244,-0.6302,-0.5966,0.8678,0.0,0.0,7.1077,2.8621580600738525,2.0776851177215576,-48.67,0,1,180,1.693,0.9873,1.0,0.5712,0.2962,0.3,0.2285,0.8247,0.4173
43.451,1,RETURN_HOME,4.2703,5.6055,-1.9613,-0.824,-0.6883,-2.2422,-0.624,-0.5883,0.8576,0.0,0.0,7.0468,2.8356566429138184,2.0499870777130127,-49.17,0,1,180,1.563,0.9866,1.0,0.5641,0.296,0.3,0.2256,0.8216,0.4238
43.501,1,RETURN_HOME,4.2352,5.5797,-1.9683,-0.8181,-0.6812,-2.2409,-0.6181,-0.5812,0.8485,0.0,0.0,7.005,2.8039097785949707,2.0200092792510986,-49.92,0,1,180,1.469,0.9861,1.0,0.5578,0.2958,0.3,0.2231,0.8189,0.4175
43.551,1,RETURN_HOME,4.2006,5.554,-1.9745,-0.8115,-0.674,-2.2395,-0.6115,-0.574,0.8387,0.0,0.0,6.9636,2.7495927810668945,1.9678326845169067,-50.92,0,1,180,1.747,0.9857,1.0,0.5511,0.2957,0.3,0.2204,0.8161,0.3945
43.601,1,RETURN_HOME,4.1597,5.524,-1.9798,-0.8028,-0.6652,-2.2377,-0.6028,-0.5652,0.8263,0.0,0.0,6.915,2.7224881649017334,1.9425173997879028,-52.42,0,1,180,1.629,0.9852,1.0,0.5428,0.2956,0.3,0.2171,0.8127,0.4002
43.651,1,RETURN_HOME,4.1262,5.5001,-1.9816,-0.7951,-0.6578,-2.2362,-0.5951,-0.5578,0.8157,0.0,0.0,6.8758,2.6921427249908447,1.914257287979126,-52.92,0,1,180,1.719,0.9849,1.0,0.5356,0.2955,0.3,0.2142,0.8097,0.3978
43.701,1,RETURN_HOME,4.0932,5.4762,-1.9832,-0.7872,-0.6506,-2.2346,-0.5872,-0.5506,0.8049,0.0,0.0,6.8369,2.6385338306427,1.8640799522399902,-53.67,0,1,180,1.506,0.9846,1.0,0.5284,0.2954,0.3,0.2113,0.8067,0.3741
43.751,1,RETURN_HOME,4.0572,5.4465,-1.9846,-0.7763,-0.6427,-2.2327,-0.5763,-0.5427,0.7916,0.0,0.0,6.7916,2.6130027770996094,1.8421944379806519,-55.43,0,1,180,1.881,0.9847,1.0,0.5197,0.2954,0.3,0.2079,0.8033,0.3765
43.801,1,RETURN_HOME,4.0243,5.4162,-1.9857,-0.7644,-0.6355,-2.2307,-0.6644,-0.5355,0.8533,0.0,0.0,6.7476,2.5825705528259277,1.8156931400299072,-55.18,0,1,180,1.782,0.9681,1.0,0.5507,0.2904,0.3,0.2203,0.8107,0.3735
43.851,1,RETURN_HOME,3.9969,5.3911,-1.9865,-0.7546,-0.6295,-2.2291,-0.5546,-0.5295,0.7667,0.0,0.0,6.7111,2.5303244590759277,1.7718464136123657,-56.93,0,1,180,1.619,0.9855,1.0,0.5037,0.2956,0.3,0.2015,0.7971,0.3488
43.901,1,RETURN_HOME,3.9634,5.3607,-1.9892,-0.7434,-0.6222,-2.2268,-0.6434,-0.5222,0.8286,0.0,0.0,6.6668,2.50443696975708,1.7485930919647217,-57.93,0,1,180,1.627,0.9683,1.0,0.5349,0.2905,0.3,0.214,0.8045,0.35
43.951,1,RETURN_HOME,3.9352,5.3355,-1.9918,-0.7361,-0.6163,-2.2249,-0.5361,-0.5163,0.7443,0.0,0.0,6.6297,2.4488298892974854,1.7033406496047974,-59.18,0,1,180,1.623,0.9858,1.0,0.4891,0.2957,0.3,0.1957,0.7914,0.3223
44.001,1,RETURN_HOME,3.9015,5.3056,-1.9946,-0.7273,-0.6087,-2.2225,-0.5273,-0.5087,0.7327,0.0,0.0,6.5857,2.4242396354675293,1.683237075805664,-59.68,0,1,180,1.534,0.9857,1.0,0.4815,0.2957,0.3,0.1926,0.7883,0.3239
44.051,1,RETURN_HOME,3.8673,5.2749,-1.9964,-0.7211,-0.6017,-2.2201,-0.6211,-0.5017,0.7984,0.0,0.0,6.5407,2.398292064666748,1.6611818075180054,-59.93,0,1,180,1.636,0.9667,1.0,0.5146,0.29,0.3,0.2058,0.7958,0.3272
44.101,1,RETURN_HOME,3.8389,5.2497,-1.9977,-0.7152,-0.5954,-2.2182,-0.6152,-0.4954,0.7899,0.0,0.0,6.5036,2.371661901473999,1.6400948762893677,-60.93,0,1,180,1.584,0.966,1.0,0.5087,0.2898,0.3,0.2035,0.7933,0.3249
44.151,1,RETURN_HOME,3.8108,5.225,-1.9989,-0.7081,-0.5889,-2.2163,-0.5081,-0.4889,0.7051,0.0,0.0,6.467,2.3231191635131836,1.6015046834945679,-62.68,0,1,180,1.728,0.9848,1.0,0.463,0.2954,0.3,0.1852,0.7806,0.3017
44.201,1,RETURN_HOME,3.7783,5.1948,-1.9956,-0.7003,-0.582,-2.2142,-0.6003,-0.482,0.7699,0.0,0.0,6.4235,2.299009323120117,1.5841457843780518,-63.68,0,1,180,1.517,0.965,1.0,0.4953,0.2895,0.3,0.1981,0.7876,0.3034
44.251,1,RETURN_HOME,3.7514,5.1701,-1.9931,-0.6947,-0.5761,-2.2127,-0.5947,-0.4761,0.7618,0.0,0.0,6.3877,2.273970365524292,1.5642138719558716,-65.44,0,1,180,1.745,0.9643,1.0,0.4897,0.2893,0.3,0.1959,0.7852,0.2998
44.301,1,RETURN_HOME,3.719,5.1408,-1.9919,-0.6866,-0.5688,-2.2109,-0.4866,-0.4688,0.6757,0.0,0.0,6.3449,2.226438045501709,1.5289667844772339,-66.94,0,1,180,1.542,0.9842,1.0,0.4434,0.2953,0.3,0.1774,0.7726,0.2816
44.352,1,RETURN_HOME,3.6854,5.1107,-1.9969,-0.6801,-0.5625,-2.209,-0.5801,-0.4625,0.7419,0.0,0.0,6.3009,2.203244209289551,1.5116732120513916,-67.44,0,1,180,1.76,0.963,1.0,0.4763,0.2889,0.3,0.1905,0.7794,0.2825
44.401,1,RETURN_HOME,3.6577,5.0862,-2.0006,-0.6756,-0.557,-2.2076,-0.5756,-0.457,0.735,0.0,0.0,6.2648,2.17822527885437,1.4935106039047241,-68.94,0,1,180,1.641,0.9621,1.0,0.4714,0.2886,0.3,0.1886,0.7772,0.2772
44.451,1,RETURN_HOME,3.6261,5.0567,-2.0034,-0.6682,-0.5502,-2.2058,-0.4682,-0.4502,0.6495,0.0,0.0,6.2225,2.1341450214385986,1.4628921747207642,-69.94,0,1,180,1.599,0.9833,1.0,0.4258,0.295,0.3,0.1703,0.7653,0.2591
44.501,1,RETURN_HOME,3.5961,5.0273,-2.0049,-0.6612,-0.5435,-2.2039,-0.5612,-0.4435,0.7153,0.0,0.0,6.1811,2.111969470977783,1.4485602378845215,-71.19,0,1,180,1.578,0.9607,1.0,0.4581,0.2882,0.3,0.1833,0.7715,0.2628
44.551,1,RETURN_HOME,3.576,5.0082,-2.0057,-0.6573,-0.5388,-2.2027,-0.5573,-0.4388,0.7093,0.0,0.0,6.1539,2.0871684551239014,1.4304949045181274,-70.69,0,1,180,1.655,0.96,1.0,0.454,0.288,0.3,0.1816,0.7696,0.2556
44.601,1,RETURN_HOME,3.5437,4.9799,-2.0064,-0.6505,-0.5312,-2.2008,-0.4505,-0.4312,0.6236,0.0,0.0,6.1121,2.0457024574279785,1.403076171875,-73.69,0,1,180,1.698,0.9822,0.9958,0.4083,0.2947,0.2988,0.1633,0.7568,0.2405
44.652,1,RETURN_HOME,3.5098,4.9521,-2.0066,-0.6449,-0.5236,-2.1989,-0.5449,-0.4236,0.6902,0.0,0.0,6.0698,2.0237081050872803,1.3882839679718018,-73.69,0,1,180,1.837,0.9572,1.0,0.4404,0.2872,0.3,0.1762,0.7633,0.2482
44.701,1,RETURN_HOME,3.482,4.9295,-2.0067,-0.6408,-0.5171,-2.1975,-0.5408,-0.4171,0.683,0.0,0.0,6.0353,2.0002059936523438,1.3750861883163452,-74.44,0,1,180,1.648,0.9557,1.0,0.4351,0.2867,0.3,0.174,0.7608,0.248
44.751,1,RETURN_HOME,3.4551,4.9068,-2.005,-0.6347,-0.5106,-2.1964,-0.5347,-0.4106,0.6742,0.0,0.0,6.0012,1.9590927362442017,1.3498977422714233,-77.2,0,1,180,1.767,0.9546,1.0,0.429,0.2864,0.3,0.1716,0.758,0.232
44.801,1,RETURN_HOME,3.4185,4.8752,-2.0014,-0.6265,-0.5018,-2.1948,-0.5265,-0.4018,0.6623,0.0,0.0,5.9543,1.9390405416488647,1.3377548456192017,-77.95,0,1,180,1.616,0.9531,1.0,0.4208,0.2859,0.3,0.1683,0.7543,0.2439
44.851,1,RETURN_HOME,3.3927,4.8533,-1.9992,-0.6214,-0.4954,-2.1936,-0.5214,-0.3954,0.6544,0.0,0.0,5.9216,1.8986295461654663,1.3149610757827759,-79.7,0,1,180,1.71,0.9518,1.0,0.4152,0.2855,0.3,0.1661,0.7516,0.2245
44.901,1,RETURN_HOME,3.3743,4.8314,-1.9954,-0.6147,-0.4893,-2.192,-0.5147,-0.3893,0.6454,0.0,0.0,5.893,1.879841923713684,1.3044302463531494,-80.95,0,1,180,1.667,0.9512,0.9799,0.4092,0.2854,0.294,0.1637,0.743,0.229
44.951,1,RETURN_HOME,3.3475,4.8016,-1.991,-0.6066,-0.4804,-2.1897,-0.5066,-0.3804,0.6335,0.0,0.0,5.8533,1.8611632585525513,1.2935529947280884,-80.7,0,1,180,1.76,0.9499,0.9553,0.4012,0.285,0.2866,0.1605,0.732,0.2403
45.001,1,RETURN_HOME,3.3318,4.785,-1.9889,-0.6025,-0.4751,-2.1884,-0.8025,-0.2751,0.8483,0.0,0.0,5.8307,1.8198001384735107,1.2748981714248657,-82.7,0,1,180,1.653,0.8067,1.0,0.4562,0.242,0.3,0.1825,0.7245,0.5253
45.051,1,RETURN_HOME,3.3056,4.7609,-1.9859,-0.5967,-0.4675,-2.1865,-0.7967,-0.2675,0.8404,0.0,0.0,5.7959,1.8043296337127686,1.2653093338012695,-83.95,0,1,180,1.714,0.8021,1.0,0.4494,0.2406,0.3,0.1798,0.7204,0.5364
45.101,1,RETURN_HOME,3.2792,4.7373,-1.9838,-0.5924,-0.4595,-2.1843,-0.5924,-0.3595,0.693,0.0,0.0,5.7615,1.7849723100662231,1.2561460733413696,-84.7,0,1,180,1.556,0.9131,1.0,0.4219,0.2739,0.3,0.1687,0.7427,0.2435
45.151,1,RETURN_HOME,3.2565,4.7173,-1.9826,-0.5952,-0.4515,-2.1825,-0.7952,-0.2515,0.834,0.0,0.0,5.7321,1.747771143913269,1.2371584177017212,-86.96,0,1,180,1.737,0.7898,1.0,0.4392,0.237,0.3,0.1757,0.7126,0.5377
45.201,1,RETURN_HOME,3.228,4.6924,-1.982,-0.6054,-0.4401,-2.1811,-0.6054,-0.3401,0.6944,0.0,0.0,5.6955,1.7307875156402588,1.2294257879257202,-87.96,0,1,180,1.656,0.8976,1.0,0.4155,0.2693,0.3,0.1662,0.7355,0.2546
45.251,1,RETURN_HOME,3.1989,4.6686,-1.9818,-0.6168,-0.428,-2.1801,-0.6168,-0.328,0.6986,0.0,0.0,5.6594,1.71210777759552,1.2216747999191284,-88.96,0,1,180,1.78,0.8864,1.0,0.4128,0.2659,0.3,0.1651,0.731,0.2749
45.301,1,RETURN_HOME,3.1804,4.6538,-1.9801,-0.6258,-0.4187,-2.1797,-0.6258,-0.3187,0.7022,0.0,0.0,5.6367,1.6796557903289795,1.2031972408294678,-91.46,0,1,180,1.706,0.8775,1.0,0.4108,0.2632,0.3,0.1643,0.7276,0.2703
45.351,1,RETURN_HOME,3.1535,4.6332,-1.9756,-0.6365,-0.4049,-2.1793,-0.6365,-0.3049,0.7057,0.0,0.0,5.6046,1.661927342414856,1.197314977645874,-91.71,0,1,180,1.694,0.8646,1.0,0.4068,0.2594,0.3,0.1627,0.7221,0.2959
45.401,1,RETURN_HOME,3.1257,4.6134,-1.972,-0.6435,-0.3927,-2.1789,-0.7435,-0.2927,0.799,0.0,0.0,5.5726,1.6474275588989258,1.1884174346923828,-93.21,0,1,180,1.663,0.8252,1.0,0.4395,0.2475,0.3,0.1758,0.7234,0.3243
45.451,1,RETURN_HOME,3.1024,4.5964,-1.9692,-0.6464,-0.3841,-2.1783,-0.7464,-0.2841,0.7986,0.0,0.0,5.5454,1.6158356666564941,1.1716951131820679,-93.46,0,1,180,1.755,0.8177,1.0,0.4354,0.2453,0.3,0.1741,0.7195,0.3196
45.501,1,RETURN_HOME,3.0744,4.5759,-1.9665,-0.6474,-0.3752,-2.1773,-0.7474,-0.2752,0.7965,0.0,0.0,5.5127,1.6019306182861328,1.1650910377502441,-94.46,0,1,180,1.623,0.8101,1.0,0.4302,0.243,0.3,0.1721,0.7151,0.3338
45.551,1,RETURN_HOME,3.0458,4.5561,-1.9645,-0.6498,-0.3674,-2.176,-0.8498,-0.2674,0.8909,0.0,0.0,5.4804,1.5894168615341187,1.1576778888702393,-95.21,0,1,180,1.677,0.7797,1.0,0.4631,0.2339,0.3,0.1852,0.7191,0.4082
45.601,1,RETURN_HOME,3.0247,4.5394,-1.9644,-0.6527,-0.3616,-2.175,-0.8527,-0.2616,0.8919,0.0,0.0,5.4548,1.558820366859436,1.1417710781097412,-98.22,0,1,180,1.655,0.7742,1.0,0.4604,0.2323,0.3,0.1841,0.7164,0.4097
45.651,1,RETURN_HOME,3.0028,4.5232,-1.9646,-0.6569,-0.3555,-2.1738,-0.8569,-0.2555,0.8942,0.0,0.0,5.4292,1.5439902544021606,1.1352242231369019,-98.97,0,1,180,1.732,0.7681,1.0,0.4579,0.2304,0.3,0.1832,0.7136,0.4249
45.701,1,RETURN_HOME,2.9756,4.5044,-1.9653,-0.6658,-0.3481,-2.1723,-0.8658,-0.2481,0.9006,0.0,0.0,5.3985,1.530839443206787,1.127475619316101,-100.22,0,1,180,1.656,0.7597,1.0,0.4561,0.2279,0.3,0.1824,0.7103,0.4503
45.751,1,RETURN_HOME,2.9533,4.4896,-1.9717,-0.6757,-0.3416,-2.1711,-0.8757,-0.2416,0.9084,0.0,0.0,5.3739,1.5020530223846436,1.1118664741516113,-103.22,0,1,180,1.745,0.752,1.0,0.4554,0.2256,0.3,0.1822,0.7078,0.4597
45.801,1,RETURN_HOME,2.93,4.4752,-1.9776,-0.6874,-0.3349,-2.1698,-0.8874,-0.2349,0.918,0.0,0.0,5.3491,1.4905681610107422,1.1066652536392212,-104.47,0,1,180,1.752,0.7436,1.0,0.4551,0.2231,0.3,0.182,0.7051,0.4789
45.851,1,RETURN_HOME,2.9008,4.4584,-1.9839,-0.703,-0.3263,-2.1684,-0.903,-0.2263,0.9309,0.0,0.0,5.319,1.4744232892990112,1.1019959449768066,-105.47,0,1,180,1.704,0.7327,1.0,0.4547,0.2198,0.3,0.1819,0.7017,0.5099
45.901,1,RETURN_HOME,2.8751,4.4473,-1.9892,-0.7162,-0.3178,-2.1672,-0.9162,-0.2178,0.9418,0.0,0.0,5.2957,1.4501118659973145,1.0872163772583008,-106.22,0,1,180,1.799,0.7224,1.0,0.4536,0.2167,0.3,0.1814,0.6981,0.5196
45.951,1,RETURN_HOME,2.8431,4.4341,-1.9947,-0.7322,-0.3076,-2.1656,-0.9322,-0.2076,0.955,0.0,0.0,5.2673,1.4372261762619019,1.0810763835906982,-107.47,0,1,180,1.958,0.7098,1.0,0.4519,0.213,0.3,0.1808,0.6937,0.549
46.001,1,RETURN_HOME,2.8084,4.42,-1.9992,-0.7483,-0.2981,-2.1637,-0.9483,-0.1981,0.9688,0.0,0.0,5.2367,1.4266160726547241,1.0755609273910522,-108.48,0,1,180,1.607,0.6976,1.0,0.4505,0.2093,0.3,0.1802,0.6895,0.5764
46.051,1,RETURN_HOME,2.7765,4.4064,-2.0023,-0.7624,-0.2913,-2.162,-0.9624,-0.1913,0.9812,0.0,0.0,5.2082,1.4023001194000244,1.0616841316223145,-111.48,0,1,180,1.703,0.6878,1.0,0.4499,0.2063,0.3,0.18,0.6863,0.5804
46.101,1,RETURN_HOME,2.7443,4.3934,-2.0049,-0.7762,-0.2844,-2.1603,-0.9762,-0.1844,0.9934,0.0,0.0,5.1801,1.3912482261657715,1.0556385517120361,-112.73,0,1,180,1.475,0.678,1.0,0.449,0.2034,0.3,0.1796,0.683,0.5975
46.151,1,RETURN_HOME,2.6986,4.3758,-2.0071,-0.7952,-0.2745,-2.1577,-0.9952,-0.1745,1.0104,0.0,0.0,5.141,1.380088210105896,1.049583077430725,-114.23,0,1,180,1.666,0.664,1.0,0.4473,0.1992,0.3,0.1789,0.6781,0.6072
46.201,1,RETURN_HOME,2.6656,4.3637,-2.0077,-0.8089,-0.267,-2.1557,-1.0089,-0.167,1.0226,0.0,0.0,5.1135,1.3549062013626099,1.0379036664962769,-117.23,0,1,180,1.537,0.6537,1.0,0.4456,0.1961,0.3,0.1783,0.6744,0.5544
46.251,1,RETURN_HOME,2.6322,4.3521,-2.008,-0.8224,-0.2596,-2.1535,-1.0224,-0.1596,1.0348,0.0,0.0,5.0861,1.3460453748703003,1.0337181091308594,-118.99,0,1,180,1.689,0.6433,1.0,0.4438,0.193,0.3,0.1775,0.6705,0.5473
46.301,1,RETURN_HOME,2.5887,4.3391,-2.0122,-0.8392,-0.2505,-2.1507,-0.9392,-0.1505,0.9512,0.0,0.0,5.0526,1.33599054813385,1.0283774137496948,-117.48,0,1,180,1.785,0.6418,1.0,0.407,0.1925,0.3,0.1628,0.6553,0.6335
46.351,1,RETURN_HOME,2.5512,4.3288,-2.0166,-0.8535,-0.2429,-2.1482,-0.9535,-0.1429,0.9641,0.0,0.0,5.0246,1.313293695449829,1.019044280052185,-120.99,0,1,180,1.567,0.6298,1.0,0.4048,0.1889,0.3,0.1619,0.6509,0.6339
46.401,1,RETURN_HOME,2.5059,4.3169,-2.021,-0.871,-0.2338,-2.1449,-0.871,-0.2338,0.9018,0.0,0.0,4.9915,1.3048466444015503,1.014438271522522,-122.49,0,1,180,1.637,0.7091,1.0,0.4263,0.2127,0.3,0.1705,0.6832,0.4088
46.451,1,RETURN_HOME,2.46,4.3069,-2.0243,-0.8866,-0.2232,-2.1415,-0.8866,-0.2232,0.9143,0.0,0.0,4.96,1.2952446937561035,1.010926365852356,-124.99,0,1,180,1.699,0.6929,1.0,0.4224,0.2079,0.3,0.169,0.6768,0.4405
46.501,1,RETURN_HOME,2.4216,4.2991,-2.0264,-0.8978,-0.2142,-2.1385,-0.8978,-0.2142,0.923,0.0,0.0,4.9342,1.2748178243637085,1.003238320350647,-128.24,0,1,180,1.564,0.6796,1.0,0.4182,0.2039,0.3,0.1673,0.6712,0.477
46.551,1,RETURN_HOME,2.3754,4.2901,-2.0283,-0.9072,-0.2061,-2.1347,-0.9072,-0.2061,0.9303,0.0,0.0,4.9038,1.2660361528396606,1.002164363861084,-129.75,0,1,180,1.714,0.6662,1.0,0.4132,0.1999,0.3,0.1653,0.6651,0.4615
46.601,1,RETURN_HOME,2.3326,4.2834,-2.0285,-0.9141,-0.201,-2.1312,-0.9141,-0.201,0.9359,0.0,0.0,4.8774,1.255266785621643,1.000109076499939,-128.74,0,1,180,1.561,0.6557,1.0,0.4091,0.1967,0.3,0.1637,0.6604,0.4438
46.651,1,RETURN_HOME,2.2821,4.2754,-2.0284,-0.9197,-0.1969,-2.1265,-0.8197,-0.1969,0.843,0.0,0.0,4.8463,1.2365411520004272,0.9971306920051575,-133.75,0,1,180,1.677,0.6639,1.0,0.3731,0.1992,0.3,0.1492,0.6484,0.4694
46.701,1,RETURN_HOME,2.2408,4.269,-2.0279,-0.9228,-0.1943,-2.1223,-0.8228,-0.1943,0.8455,0.0,0.0,4.8214,1.2292652130126953,0.995477557182312,-134.25,0,1,180,1.476,0.6558,1.0,0.3697,0.1968,0.3,0.1479,0.6446,0.4735
46.751,1,RETURN_HOME,2.1937,4.2623,-2.0267,-0.9255,-0.1913,-2.1168,-0.8255,-0.1913,0.8474,0.0,0.0,4.7937,1.2093522548675537,1.0056209564208984,-135.0,0,1,180,1.736,0.6465,0.9893,0.3652,0.1939,0.2968,0.1461,0.6368,0.4605
46.801,1,RETURN_HOME,2.1468,4.2555,-2.0253,-0.9257,-0.1882,-2.111,-0.8257,-0.1882,0.8469,0.0,0.0,4.7664,1.200829029083252,1.0126421451568604,-135.0,0,1,180,1.62,0.6375,0.9978,0.3599,0.1913,0.2993,0.144,0.6346,0.4511
46.851,1,RETURN_HOME,2.1081,4.2501,-2.0239,-0.9241,-0.1857,-2.1057,-0.8241,-0.1857,0.8448,0.0,0.0,4.7442,1.1917285919189453,1.0283288955688477,-135.0,0,1,180,1.759,0.6304,1.0,0.355,0.1891,0.3,0.142,0.6311,0.4471
46.901,1,RETURN_HOME,2.0622,4.2439,-2.0218,-0.9207,-0.1827,-2.099,-0.8207,-0.1827,0.8408,0.0,0.0,4.7184,1.172532081604004,1.0831687450408936,-135.0,0,1,180,1.536,0.6221,0.9872,0.3487,0.1866,0.2962,0.1395,0.6223,0.4278
46.952,1,RETURN_HOME,2.0242,4.2386,-2.0201,-0.9173,-0.1803,-2.0929,-0.8173,-0.1803,0.8369,0.0,0.0,4.6971,1.1640276908874512,1.0887482166290283,29.9,0,1,180,1.731,0.6152,0.992,0.3433,0.1846,0.2976,0.1373,0.6195,0.4292
47.001,1,RETURN_HOME,1.9773,4.2332,-2.0192,-0.9135,-0.1773,-2.0853,-0.8135,-0.1773,0.8326,0.0,0.0,4.6722,1.1525073051452637,1.0819281339645386,28.9,0,1,180,1.655,0.6064,1.0,0.3366,0.1819,0.3,0.1346,0.6166,0.4087
47.051,1,RETURN_HOME,1.9373,4.2294,-2.0193,-0.9108,-0.1747,-2.0788,-0.7108,-0.1747,0.732,0.0,0.0,4.652,1.135851502418518,1.0690486431121826,29.65,0,1,180,1.602,0.6214,0.9105,0.3032,0.1864,0.2731,0.1213,0.5809,0.4538
47.101,1,RETURN_HOME,1.8979,4.2253,-2.0194,-0.9082,-0.1722,-2.0722,-0.8082,-0.1722,0.8264,0.0,0.0,4.632,1.1270281076431274,1.0621073246002197,28.4,0,1,180,1.57,0.5909,1.0,0.3255,0.1773,0.3,0.1302,0.6075,0.3473
47.151,1,RETURN_HOME,1.8493,4.2219,-2.0225,-0.906,-0.1687,-2.0643,-0.806,-0.1687,0.8235,0.0,0.0,4.6091,1.1189662218093872,1.0558602809906006,30.65,0,1,180,1.72,0.5804,1.0,0.3187,0.1741,0.3,0.1275,0.6016,0.3578
47.201,1,RETURN_HOME,1.8088,4.2193,-2.026,-0.9026,-0.1655,-2.0575,-0.8026,-0.1655,0.8195,0.0,0.0,4.5906,1.110382080078125,1.0489107370376587,26.9,0,1,180,1.559,0.5716,1.0,0.3123,0.1715,0.3,0.1249,0.5964,0.3683
47.251,1,RETURN_HOME,1.761,4.2157,-2.0294,-0.898,-0.1621,-2.0491,-0.698,-0.1621,0.7166,0.0,0.0,4.5687,1.091456413269043,1.0366806983947754,26.4,0,1,180,1.736,0.5842,0.9588,0.2791,0.1753,0.2876,0.1116,0.5745,0.479
47.301,1,RETURN_HOME,1.7137,4.2132,-2.031,-0.8941,-0.1586,-2.0404,-0.6941,-0.1586,0.712,0.0,0.0,4.5483,1.083785891532898,1.031137466430664,26.9,0,1,180,1.584,0.5736,0.9684,0.2723,0.1721,0.2905,0.1089,0.5715,0.4602
47.351,1,RETURN_HOME,1.6748,4.2108,-2.0316,-0.8912,-0.1558,-2.0331,-0.6912,-0.1558,0.7085,0.0,0.0,4.5317,1.0670640468597412,1.0192033052444458,28.15,0,1,180,1.748,0.5648,0.9894,0.2668,0.1694,0.2968,0.1067,0.573,0.4318
47.401,1,RETURN_HOME,1.6292,4.2078,-2.0323,-0.8854,-0.1523,-2.0243,-0.7854,-0.1523,0.8,0.0,0.0,4.5122,1.0568671226501465,1.0119575262069702,26.9,0,1,180,1.711,0.532,1.0,0.2837,0.1596,0.3,0.1135,0.5731,0.3218
47.451,1,RETURN_HOME,1.593,4.2058,-2.0336,-0.8781,-0.1493,-2.0168,-0.7781,-0.1493,0.7923,0.0,0.0,4.4974,1.0517561435699463,1.007388710975647,25.65,0,1,180,1.682,0.5241,1.0,0.2768,0.1572,0.3,0.1107,0.5679,0.3148
47.501,1,RETURN_HOME,1.5573,4.2034,-2.0345,-0.8691,-0.1464,-2.0089,-0.7691,-0.1464,0.7829,0.0,0.0,4.4826,1.0416866540908813,1.0019621849060059,26.65,0,1,180,1.693,0.5167,1.0,0.2697,0.155,0.3,0.1079,0.5629,0.3125
47.551,1,RETURN_HOME,1.5149,4.1998,-2.0347,-0.8592,-0.1436,-1.9995,-0.6592,-0.1436,0.6747,0.0,0.0,4.4647,1.026288390159607,0.9886741638183594,25.65,0,1,180,1.801,0.5318,0.9986,0.2392,0.1595,0.2996,0.0957,0.5548,0.4044
47.601,1,RETURN_HOME,1.4721,4.1949,-2.0327,-0.8518,-0.1414,-1.9901,-0.7518,-0.1414,0.7649,0.0,0.0,4.4457,1.018741250038147,0.9832993149757385,22.15,0,1,180,1.585,0.4998,1.0,0.255,0.1499,0.3,0.102,0.5519,0.3119
47.651,1,RETURN_HOME,1.4369,4.1907,-2.0309,-0.8466,-0.1395,-1.9824,-1.0466,-0.0395,1.0474,0.0,0.0,4.4302,1.0029035806655884,0.9705414175987244,22.65,0,1,180,1.714,0.3598,1.0,0.3491,0.1079,0.3,0.1397,0.5476,0.5785
47.701,1,RETURN_HOME,1.3952,4.1848,-2.0277,-0.8385,-0.1373,-1.9729,-1.0385,-0.0373,1.0391,0.0,0.0,4.4112,0.9966641664505005,0.9654620289802551,25.9,0,1,180,1.608,0.3501,1.0,0.3464,0.105,0.3,0.1386,0.5436,0.5838
47.751,1,RETURN_HOME,1.3609,4.1788,-2.0232,-0.8318,-0.1358,-1.9645,-0.7318,-0.1358,0.7443,0.0,0.0,4.3948,0.9881142377853394,0.9588719010353088,25.4,0,1,180,1.792,0.478,1.0,0.2481,0.1434,0.3,0.0992,0.5426,0.2799
47.801,1,RETURN_HOME,1.3202,4.1718,-2.0185,-0.832,-0.1317,-1.9541,-0.732,-0.1317,0.7437,0.0,0.0,4.3757,0.9736742973327637,0.9493150115013123,21.14,0,1,180,1.631,0.4658,1.0,0.2479,0.1397,0.3,0.0992,0.5389,0.277
47.851,1,RETURN_HOME,1.2875,4.1684,-2.0144,-0.8378,-0.1253,-1.9458,-0.7378,-0.1253,0.7484,0.0,0.0,4.3627,0.9655303359031677,0.9440608620643616,22.15,0,1,180,1.664,0.4509,1.0,0.2495,0.1353,0.3,0.0998,0.5351,0.286
47.901,1,RETURN_HOME,1.2491,4.166,-2.0098,-0.8438,-0.1171,-1.9364,-0.7438,-0.1171,0.7529,0.0,0.0,4.3492,0.9607117176055908,0.9391369223594666,19.39,0,1,180,1.558,0.4327,1.0,0.251,0.1298,0.3,0.1004,0.5302,0.3135
47.951,1,RETURN_HOME,1.2167,4.1638,-2.0063,-0.8463,-0.1115,-1.9288,-1.0463,-0.0115,1.0463,0.0,0.0,4.3379,0.9548749923706055,0.9331336617469788,22.65,0,1,180,1.725,0.291,1.0,0.3488,0.0873,0.3,0.1395,0.5268,0.634
48.001,1,RETURN_HOME,1.1825,4.1625,-2.0035,-0.8463,-0.1066,-1.9211,-1.0463,-0.0066,1.0463,0.0,0.0,4.3272,0.940697193145752,0.9237284064292908,21.39,0,1,180,1.585,0.2793,1.0,0.3488,0.0838,0.3,0.1395,0.5233,0.6229
48.051,1,RETURN_HOME,1.1406,4.1614,-2.001,-0.8434,-0.1017,-1.9115,-1.0434,-0.0017,1.0434,0.0,0.0,4.3148,0.9355788826942444,0.918559193611145,21.14,0,1,180,1.626,0.266,1.0,0.3478,0.0798,0.3,0.1391,0.5189,0.6214
48.101,1,RETURN_HOME,1.0989,4.1599,-1.999,-0.8453,-0.0957,-1.9016,-1.0453,0.0043,1.0453,0.0,0.0,4.3026,0.9233316779136658,0.9088065028190613,20.89,0,1,180,1.658,0.2514,1.0,0.3484,0.0754,0.3,0.1394,0.5148,0.6118
48.151,1,RETURN_HOME,1.0672,4.1591,-1.9991,-0.8502,-0.0891,-1.8934,-1.0502,0.0109,1.0502,0.0,0.0,4.2938,0.9167696833610535,0.9042941331863403,18.64,0,1,180,1.803,0.2385,1.0,0.3501,0.0715,0.3,0.14,0.5116,0.6101
48.201,1,RETURN_HOME,1.0294,4.1581,-1.9998,-0.8608,-0.0796,-1.8838,-0.8608,-0.0796,0.8645,0.0,0.0,4.2837,0.9111286401748657,0.9005784392356873,17.14,0,1,180,1.679,0.3287,1.0,0.2882,0.0986,0.3,0.1153,0.5139,0.3911
48.251,1,RETURN_HOME,0.9971,4.1574,-2.0003,-0.873,-0.0709,-1.8761,-0.873,-0.0709,0.8758,0.0,0.0,4.2753,0.902885913848877,0.8921659588813782,17.14,0,1,180,1.587,0.3112,1.0,0.2919,0.0934,0.3,0.1168,0.5101,0.3999
48.301,1,RETURN_HOME,0.957,4.1563,-2.0005,-0.8902,-0.0601,-1.8673,-0.8902,-0.0601,0.8923,0.0,0.0,4.265,0.8967481851577759,0.8882790207862854,16.14,0,1,180,1.656,0.2895,1.0,0.2974,0.0869,0.3,0.119,0.5058,0.4314
48.351,1,RETURN_HOME,0.9227,4.1555,-2.0007,-0.9019,-0.053,-1.8603,-0.9019,-0.053,0.9035,0.0,0.0,4.2567,0.8934618234634399,0.8848670125007629,16.89,0,1,180,1.566,0.2736,1.0,0.3012,0.0821,0.3,0.1205,0.5026,0.4575
48.401,1,RETURN_HOME,0.8808,4.1542,-2.0006,-0.9112,-0.0472,-1.852,-0.9112,-0.0472,0.9124,0.0,0.0,4.2466,0.8832691311836243,0.8774301409721375,15.14,0,1,180,1.555,0.2577,1.0,0.3041,0.0773,0.3,0.1217,0.499,0.4539
48.451,1,RETURN_HOME,0.8454,4.1516,-1.9997,-0.9156,-0.0446,-1.845,-0.9156,-0.0446,0.9166,0.0,0.0,4.2368,0.8806988000869751,0.8746665716171265,14.89,0,1,180,1.886,0.247,1.0,0.3055,0.0741,0.3,0.1222,0.4963,0.4662
48.501,1,RETURN_HOME,0.8025,4.1487,-1.9987,-0.9178,-0.0427,-1.8364,-0.9178,-0.0427,0.9188,0.0,0.0,4.2256,0.8759492039680481,0.8707513213157654,17.64,0,1,180,1.479,0.2354,1.0,0.3063,0.0706,0.3,0.1225,0.4931,0.4714
48.551,1,RETURN_HOME,0.7586,4.145,-1.9951,-0.9186,-0.0417,-1.8276,-0.9186,-0.0417,0.9195,0.0,0.0,4.2138,0.8679033517837524,0.8634020090103149,16.39,0,1,180,1.691,0.2245,1.0,0.3065,0.0673,0.3,0.1226,0.4899,0.4575
48.601,1,RETURN_HOME,0.7212,4.1414,-1.9902,-0.9191,-0.0411,-1.8202,-0.9191,-0.0411,0.92,0.0,0.0,4.2037,0.8647240996360779,0.8607361316680908,17.64,0,1,180,1.568,0.2154,1.0,0.3067,0.0646,0.3,0.1227,0.4873,0.4672
48.651,1,RETURN_HOME,0.6764,4.1374,-1.9851,-0.9199,-0.0401,-1.8112,-0.9199,-0.0401,0.9208,0.0,0.0,4.1923,0.8617130517959595,0.8577225804328918,15.64,0,1,180,1.621,0.2042,1.0,0.3069,0.0613,0.3,0.1228,0.484,0.4724
48.701,1,RETURN_HOME,0.6388,4.1338,-1.9835,-0.9211,-0.0393,-1.8036,-0.9211,-0.0393,0.9219,0.0,0.0,4.1829,7.87149715423584,0.8521696925163269,13.14,0,1,180,1.563,0.1947,1.0,0.3073,0.0584,0.3,0.1229,0.4813,0.4575
48.751,1,RETURN_HOME,0.6011,4.1302,-1.9834,-0.9227,-0.0383,-1.796,-0.9227,-0.0383,0.9235,0.0,0.0,4.1737,7.865049362182617,0.8493434190750122,15.64,0,1,180,1.666,0.185,1.0,0.3078,0.0555,0.3,0.1231,0.4786,0.4657
48.801,1,RETURN_HOME,0.5558,4.1262,-1.9835,-0.9251,-0.0369,-1.7869,-0.9251,-0.0369,0.9258,0.0,0.0,4.1635,7.860427379608154,0.8486778140068054,16.64,0,1,180,1.735,0.1729,1.0,0.3086,0.0519,0.3,0.1234,0.4753,0.4685
48.851,1,RETURN_HOME,0.5185,4.1224,-1.9833,-0.9272,-0.036,-1.7793,-0.9272,-0.036,0.9279,0.0,0.0,4.1549,7.850349426269531,0.8489257097244263,19.89,0,1,180,1.806,0.1632,0.9822,0.3093,0.049,0.2947,0.1237,0.4673,0.4592
48.901,1,RETURN_HOME,0.4738,4.1177,-1.983,-0.9298,-0.035,-1.77,-0.9298,-0.035,0.9305,0.0,0.0,4.1449,7.845151424407959,0.8486669063568115,20.89,0,1,180,1.543,0.1516,0.9913,0.3102,0.0455,0.2974,0.1241,0.4669,0.4645
48.951,1,RETURN_HOME,0.4365,4.1141,-1.9828,-0.932,-0.0339,-1.7622,-0.932,-0.0339,0.9326,0.0,0.0,4.1372,7.8412580490112305,0.8522746562957764,22.4,0,1,180,1.861,0.1416,0.9936,0.3109,0.0425,0.2981,0.1243,0.4649,0.4667
49.001,1,RETURN_HOME,0.3898,4.1106,-1.9832,-0.9353,-0.0323,-1.7527,-0.9353,-0.0323,0.9359,0.0,0.0,4.129,7.833517074584961,0.8617464303970337,25.9,0,1,180,1.588,0.1287,0.9783,0.312,0.0386,0.2935,0.1248,0.4569,0.456
49.051,1,RETURN_HOME,0.3507,4.108,-1.9836,-0.9381,-0.0308,-1.7447,-0.9381,-0.0308,0.9386,0.0,0.0,4.1229,7.82954216003418,0.8675636649131775,27.15,0,1,180,1.556,0.1177,0.9821,0.3129,0.0353,0.2946,0.1251,0.4551,0.4578
49.101,1,RETURN_HOME,0.3038,4.1051,-1.9841,-0.9411,-0.029,-1.735,-0.9411,-0.029,0.9416,0.0,0.0,4.1164,7.826564311981201,0.8736210465431213,28.9,0,1,180,1.44,0.1045,0.9932,0.3139,0.0313,0.298,0.1255,0.4549,0.4751
49.151,1,RETURN_HOME,0.2648,4.101,-1.9862,-0.9435,-0.0284,-1.7268,-0.9435,-0.0284,0.9439,0.0,0.0,4.1095,7.821155548095703,0.8927223086357117,32.15,0,1,180,1.667,0.0945,0.9721,0.3146,0.0283,0.2916,0.1259,0.4458,0.4488
49.201,1,RETURN_HOME,0.2181,4.0965,-1.9885,-0.9462,-0.0276,-1.7168,-0.9462,-0.0276,0.9466,0.0,0.0,4.1023,7.8201069831848145,0.9017526507377625,33.41,0,1,180,1.78,0.0823,0.9781,0.3155,0.0247,0.2934,0.1262,0.4443,0.4626
49.251,1,RETURN_HOME,0.1792,4.0931,-1.9902,-0.9483,-0.0267,-1.7083,-0.9483,-0.0267,0.9487,0.0,0.0,4.0971,7.816588878631592,0.9098668098449707,34.41,0,1,180,1.536,0.0719,0.9832,0.3162,0.0216,0.295,0.1265,0.443,0.4693
49.302,1,RETURN_HOME,0.1375,4.0906,-1.9917,-0.9515,-0.0255,-1.6998,-0.9515,-0.0255,0.9518,0.0,0.0,4.0929,7.816433906555176,0.924006998538971,35.91,0,1,180,1.701,0.0603,0.9898,0.3173,0.0181,0.2969,0.1269,0.442,0.4765
49.351,1,RETURN_HOME,0.0879,4.0879,-1.9933,-0.955,-0.0238,-1.6893,-0.955,-0.0238,0.9553,0.0,0.0,4.0888,7.810948371887207,0.9504994750022888,38.66,0,1,180,1.641,0.0464,0.979,0.3184,0.0139,0.2937,0.1274,0.435,0.468
49.401,1,RETURN_HOME,0.0467,4.0852,-1.9937,-0.9578,-0.0226,-1.6805,-0.9578,-0.0226,0.9581,0.0,0.0,4.0855,7.809823513031006,0.9624394178390503,39.41,0,1,180,1.62,0.035,0.9842,0.3194,0.0105,0.2953,0.1277,0.4335,0.4692
49.451,1,RETURN_HOME,-0.0028,4.0798,-1.9909,-0.9609,-0.0222,-1.6697,-0.9609,-0.0222,0.9612,0.0,0.0,4.0798,7.808545112609863,0.978057324886322,40.66,0,1,180,1.659,0.0224,0.9918,0.3204,0.0067,0.2975,0.1282,0.4324,0.4794
49.501,1,RETURN_HOME,-0.0439,4.0757,-1.9889,-0.9633,-0.0218,-1.6606,-1.0633,0.0782,1.0662,0.0,0.0,4.0759,7.804610252380371,1.0117371082305908,42.66,0,1,180,1.655,-0.0841,1.0,0.3554,-0.0252,0.3,0.1422,0.4169,0.5789
49.551,1,RETURN_HOME,-0.0923,4.0707,-1.9868,-0.9656,-0.0214,-1.6495,-0.9656,-0.0214,0.9658,0.0,0.0,4.0717,7.8031907081604,1.0285292863845825,43.67,0,1,180,1.711,-0.0005,0.9734,0.3219,-0.0002,0.292,0.1288,0.4206,0.4716
49.601,1,RETURN_HOME,-0.1319,4.0659,-1.9852,-0.967,-0.0211,-1.6401,-0.967,-0.0211,0.9673,0.0,0.0,4.0681,7.80035924911499,1.0462743043899536,44.42,0,1,180,1.639,-0.0106,0.9782,0.3224,-0.0032,0.2935,0.129,0.4193,0.478
49.651,1,RETURN_HOME,-0.1793,4.061,-1.9838,-0.9713,-0.0174,-1.6285,-0.9713,-0.0174,0.9715,0.0,0.0,4.0649,7.798641681671143,1.081416130065918,46.17,0,1,180,1.621,-0.0262,0.9743,0.3238,-0.0079,0.2923,0.1295,0.414,0.4757
49.701,1,RETURN_HOME,-0.2181,4.0576,-1.9837,-0.9749,-0.0144,-1.6189,-0.9749,-0.0144,0.975,0.0,0.0,4.0635,7.79802942276001,1.0903592109680176,-39.41,0,1,180,1.669,-0.0389,0.988,0.325,-0.0117,0.2964,0.13,0.4147,0.4859
49.751,1,RETURN_HOME,-0.2642,4.0544,-1.9845,-0.9785,-0.0116,-1.6073,-0.9785,-0.0116,0.9785,0.0,0.0,4.063,7.796133995056152,1.0712463855743408,-38.91,0,1,180,1.847,-0.0532,0.9962,0.3262,-0.016,0.2989,0.1305,0.4134,0.4992
49.801,1,RETURN_HOME,-0.3028,4.052,-1.9852,-0.9809,-0.0098,-1.5975,-0.9809,-0.0098,0.9809,0.0,0.0,4.0633,7.794286251068115,1.025395154953003,-37.16,0,1,180,1.563,-0.0646,0.9842,0.327,-0.0194,0.2953,0.1308,0.4067,0.488
49.851,1,RETURN_HOME,-0.35,4.0504,-1.9881,-0.9833,-0.0077,-1.5857,-0.9833,-0.0077,0.9833,0.0,0.0,4.0655,7.791690826416016,1.0092312097549438,-36.41,0,1,180,1.688,-0.0783,0.9926,0.3278,-0.0235,0.2978,0.1311,0.4054,0.4969
49.902,1,RETURN_HOME,-0.3895,4.0496,-1.9911,-0.9849,-0.0061,-1.5758,-0.9849,-0.0061,0.9849,0.0,0.0,4.0683,7.791999340057373,0.9896281361579895,-35.66,0,1,180,1.957,-0.0896,0.9973,0.3283,-0.0269,0.2992,0.1313,0.4036,0.4979
49.951,1,RETURN_HOME,-0.437,4.0488,-1.9944,-0.9866,-0.0042,-1.5638,-0.9866,-0.0042,0.9866,0.0,0.0,4.0723,7.790714740753174,0.9513679146766663,-33.66,0,1,180,1.767,-0.1031,0.9903,0.3289,-0.0309,0.2971,0.1316,0.3977,0.494
50.001,1,RETURN_HOME,-0.4763,4.0495,-1.9977,-0.9878,-0.0021,-1.5538,-0.9878,-0.0021,0.9879,0.0,0.0,4.0774,7.790256977081299,0.933917760848999,-32.41,0,1,180,1.665,-0.1147,0.9902,0.3293,-0.0344,0.2971,0.1317,0.3944,0.4966
50.051,1,RETURN_HOME,-0.5235,4.0506,-2.0014,-0.9893,0.0006,-1.5417,-0.9893,0.0006,0.9893,0.0,0.0,4.0843,7.7891693115234375,0.9024443030357361,-30.15,0,1,180,1.661,-0.1288,0.9866,0.3298,-0.0386,0.296,0.1319,0.3893,0.4936
50.101,1,RETURN_HOME,-0.5711,4.0518,-2.0055,-0.991,0.0032,-1.5296,-0.991,0.0032,0.991,0.0,0.0,4.0919,7.7886762619018555,0.8871757388114929,-28.9,0,1,180,1.623,-0.1428,0.9899,0.3303,-0.0428,0.297,0.1321,0.3863,0.4967
50.151,1,RETURN_HOME,-0.6204,4.0537,-2.0138,-0.9933,0.0057,-1.5176,-0.9933,0.0057,0.9933,0.0,0.0,4.1009,7.788300037384033,0.8735879063606262,-27.65,0,1,180,1.733,-0.157,0.9973,0.3311,-0.0471,0.2992,0.1324,0.3845,0.4959
50.201,1,RETURN_HOME,-0.6614,4.0551,-2.0197,-0.9952,0.0077,-1.5075,-0.8952,0.0077,0.8952,0.0,0.0,4.1087,7.786993026733398,0.8477082252502441,-24.9,0,1,180,1.591,-0.1695,0.9928,0.2984,-0.0508,0.2978,0.1194,0.3664,0.4933
50.251,1,RETURN_HOME,-0.7104,4.0563,-2.0256,-0.9975,0.0099,-1.4955,-0.8975,0.0099,0.8975,0.0,0.0,4.1181,7.786164283752441,0.8378254175186157,-23.4,0,1,180,1.648,-0.1834,0.9868,0.2992,-0.055,0.296,0.1197,0.3607,0.4952
50.301,1,RETURN_HOME,-0.7511,4.0565,-2.0298,-0.9992,0.0115,-1.4856,-0.8992,0.0115,0.8992,0.0,0.0,4.1255,7.787304401397705,0.8285747766494751,-22.15,0,1,180,1.894,-0.1946,0.9893,0.2997,-0.0584,0.2968,0.1199,0.3583,0.4958
50.351,1,RETURN_HOME,-0.7998,4.0569,-2.0336,-0.9991,0.0134,-1.4738,-0.8991,0.0134,0.8992,0.0,0.0,4.135,7.785641193389893,0.8095611333847046,-18.39,0,1,180,1.839,-0.208,0.9858,0.2997,-0.0624,0.2957,0.1199,0.3532,0.4926
50.401,1,RETURN_HOME,-0.8413,4.0576,-2.0358,-0.9974,0.0151,-1.464,-0.8974,0.0151,0.8975,0.0,0.0,4.1439,7.787571907043457,0.8009324669837952,-16.89,0,1,180,1.651,-0.2195,0.9865,0.2992,-0.0659,0.2959,0.1197,0.3498,0.4918
50.451,1,RETURN_HOME,-0.8923,4.0591,-2.0372,-0.994,0.0176,-1.4522,-0.994,0.0176,0.9941,0.0,0.0,4.156,7.787353992462158,0.7976758480072021,-15.14,0,1,180,1.757,-0.2319,0.989,0.3314,-0.0696,0.2967,0.1325,0.3597,0.4943
50.501,1,RETURN_HOME,-0.9343,4.0603,-2.0378,-0.99,0.0196,-1.4422,-0.99,0.0196,0.9902,0.0,0.0,4.1664,7.786988258361816,0.7908805012702942,-11.64,0,1,180,1.631,-0.2435,0.9876,0.3301,-0.0731,0.2963,0.132,0.3553,0.4937
50.551,1,RETURN_HOME,-0.981,4.0627,-2.0355,-0.9836,0.0229,-1.4302,-0.9836,0.0229,0.9838,0.0,0.0,4.1795,0.7884272336959839,0.7871074080467224,-10.38,0,1,180,1.685,-0.2573,0.993,0.3279,-0.0772,0.2979,0.1312,0.3519,0.4956
50.601,1,RETURN_HOME,-1.0261,4.0656,-2.0318,-0.979,0.0265,-1.418,-0.979,0.0265,0.9793,0.0,0.0,4.193,0.788557231426239,0.7882256507873535,-10.63,0,1,180,1.734,-0.2708,0.9992,0.3264,-0.0813,0.2998,0.1306,0.3491,0.4977
50.651,1,RETURN_HOME,-1.0637,4.0679,-2.0288,-0.9772,0.0293,-1.4079,-0.9772,0.0293,0.9776,0.0,0.0,4.2047,0.7887847423553467,0.7887847423553467,-8.88,0,1,180,1.622,-0.2818,0.9975,0.3259,-0.0845,0.2993,0.1304,0.3451,0.4949
50.701,1,RETURN_HOME,-1.1059,4.0697,-2.0225,-0.976,0.0315,-1.3959,-0.976,0.0315,0.9765,0.0,0.0,4.2173,0.7885118722915649,0.7885118722915649,-7.13,0,1,180,1.519,-0.2932,1.0,0.3255,-0.088,0.3,0.1302,0.3422,0.4983
50.752,1,RETURN_HOME,-1.141,4.0711,-2.0173,-0.9761,0.033,-1.3861,-0.9761,0.033,0.9766,0.0,0.0,4.228,0.7890899181365967,0.7890899181365967,-8.38,0,1,180,2.379,-0.3023,1.0,0.3255,-0.0907,0.3,0.1302,0.3395,0.4999
50.801,1,RETURN_HOME,-1.1766,4.0726,-2.0125,-0.977,0.0344,-1.3764,-0.977,0.0344,0.9776,0.0,0.0,4.2392,0.7908402681350708,0.7902784943580627,-11.89,0,1,180,1.583,-0.3112,1.0,0.3259,-0.0934,0.3,0.1303,0.337,0.4997
50.851,1,RETURN_HOME,-1.2193,4.0733,-2.012,-0.9782,0.0356,-1.3649,-0.9782,0.0356,0.9788,0.0,0.0,4.2519,0.7914202809333801,0.7909770607948303,-13.14,0,1,180,1.7,-0.3214,1.0,0.3263,-0.0964,0.3,0.1305,0.3341,0.5016
50.901,1,RETURN_HOME,-1.2627,4.0743,-2.0115,-0.9796,0.0368,-1.3536,-0.9796,0.0368,0.9803,0.0,0.0,4.2654,0.7917660474777222,0.7917660474777222,-9.88,0,1,180,1.532,-0.3317,1.0,0.3268,-0.0995,0.3,0.1307,0.3312,0.5025
50.951,1,RETURN_HOME,-1.2989,4.0752,-2.0117,-0.9806,0.038,-1.3444,-0.9806,0.038,0.9813,0.0,0.0,4.2772,0.7947129607200623,0.7933984398841858,-10.89,0,1,180,1.691,-0.3403,1.0,0.3271,-0.1021,0.3,0.1308,0.3288,0.5036
51.001,1,RETURN_HOME,-1.3415,4.0767,-2.0145,-0.9812,0.0393,-1.3334,-0.9812,0.0393,0.9819,0.0,0.0,4.2918,0.7965465188026428,0.7948886156082153,-15.39,0,1,180,1.57,-0.3503,1.0,0.3273,-0.1051,0.3,0.1309,0.3258,0.5058
51.051,1,RETURN_HOME,-1.3775,4.0781,-2.0164,-0.9816,0.0405,-1.3244,-0.9816,0.0405,0.9824,0.0,0.0,4.3044,0.7970234751701355,0.7932191491127014,-11.64,0,1,180,1.875,-0.3588,1.0,0.3275,-0.1076,0.3,0.131,0.3233,0.5077
51.101,1,RETURN_HOME,-1.4199,4.0795,-2.0169,-0.9816,0.0418,-1.3138,-0.9816,0.0418,0.9825,0.0,0.0,4.3195,0.8006270527839661,0.7973361015319824,-11.89,0,1,180,1.653,-0.3686,1.0,0.3275,-0.1106,0.3,0.131,0.3204,0.509
51.151,1,RETURN_HOME,-1.4537,4.0802,-2.015,-0.981,0.0424,-1.305,-0.981,0.0424,0.9819,0.0,0.0,4.3314,0.8017655611038208,0.7983751893043518,-13.64,0,1,180,1.667,-0.376,1.0,0.3273,-0.1128,0.3,0.1309,0.3181,0.509
51.201,1,RETURN_HOME,-1.4951,4.0812,-2.0128,-0.9806,0.0434,-1.2946,-0.9806,0.0434,0.9815,0.0,0.0,4.3465,0.8037542104721069,0.8010883927345276,-14.89,0,1,180,1.572,-0.3852,1.0,0.3272,-0.1156,0.3,0.1309,0.3153,0.5119
51.251,1,RETURN_HOME,-1.5373,4.0814,-2.0113,-0.9805,0.0444,-1.2844,-0.9805,0.0444,0.9815,0.0,0.0,4.3613,0.8064544796943665,0.8014262914657593,-16.89,0,1,180,1.588,-0.3944,1.0,0.3272,-0.1183,0.3,0.1309,0.3125,0.5141
51.301,1,RETURN_HOME,-1.5731,4.0814,-2.0104,-0.9808,0.0452,-1.2761,-0.9808,0.0452,0.9818,0.0,0.0,4.374,0.8079489469528198,0.8034151196479797,-18.39,0,1,180,1.659,-0.4022,1.0,0.3273,-0.1207,0.3,0.1309,0.3103,0.5136
51.351,1,RETURN_HOME,-1.6165,4.0817,-2.0093,-0.9814,0.0463,-1.2663,-0.9814,0.0463,0.9825,0.0,0.0,4.3902,0.8127113580703735,0.8052743673324585,-18.39,0,1,180,1.667,-0.4116,1.0,0.3275,-0.1235,0.3,0.131,0.3075,0.517
51.401,1,RETURN_HOME,-1.6545,4.0825,-2.0065,-0.9825,0.0473,-1.2582,-0.9825,0.0473,0.9836,0.0,0.0,4.405,0.8136609196662903,0.8070614337921143,-18.64,0,1,180,1.563,-0.4197,1.0,0.3279,-0.1259,0.3,0.1312,0.3052,0.5199
51.451,1,RETURN_HOME,-1.7008,4.0837,-2.003,-0.984,0.0485,-1.2487,-0.984,0.0485,0.9852,0.0,0.0,4.4237,0.8168438673019409,0.8085801005363464,-16.14,0,1,180,1.678,-0.4295,1.0,0.3284,-0.1288,0.3,0.1314,0.3025,0.5207
51.501,1,RETURN_HOME,-1.7395,4.0848,-2.0004,-0.9853,0.0497,-1.2409,-0.9853,0.0497,0.9865,0.0,0.0,4.4398,0.8204636573791504,0.8090014457702637,-18.64,0,1,180,1.705,-0.4376,1.0,0.3288,-0.1313,0.3,0.1315,0.3003,0.523
51.551,1,RETURN_HOME,-1.7762,4.0841,-1.9972,-0.9857,0.05,-1.2332,-0.9857,0.05,0.987,0.0,0.0,4.4536,0.8228767514228821,0.813082754611969,-19.14,0,1,180,1.757,-0.4447,1.0,0.329,-0.1334,0.3,0.1316,0.2982,0.5251
51.601,1,RETURN_HOME,-1.8201,4.083,-1.9936,-0.9862,0.0503,-1.2239,-0.9862,0.0503,0.9875,0.0,0.0,4.4704,0.8270123600959778,0.8146149516105652,-20.39,0,1,180,1.554,-0.4531,1.0,0.3292,-0.1359,0.3,0.1317,0.2957,0.5282
51.651,1,RETURN_HOME,-1.8571,4.0826,-1.991,-0.9867,0.0507,-1.2163,-0.9867,0.0507,0.988,0.0,0.0,4.4851,0.831419050693512,0.8177081346511841,-16.89,0,1,180,1.679,-0.4602,1.0,0.3293,-0.1381,0.3,0.1317,0.2937,0.5303
51.701,1,RETURN_HOME,-1.8977,4.0842,-1.9897,-0.9859,0.0521,-1.2072,-0.9859,0.0521,0.9873,0.0,0.0,4.5035,0.835115909576416,0.8202008008956909,-19.89,0,1,180,1.63,-0.4687,1.0,0.3291,-0.1406,0.3,0.1316,0.291,0.5332
51.751,1,RETURN_HOME,-1.9393,4.0859,-1.9886,-0.9855,0.0536,-1.1982,-0.9855,0.0536,0.987,0.0,0.0,4.5228,0.8378053903579712,0.8232972621917725,-22.4,0,1,180,1.618,-0.4772,1.0,0.329,-0.1432,0.3,0.1316,0.2884,0.5366
51.801,1,RETURN_HOME,-1.9747,4.0869,-1.9887,-0.9857,0.0546,-1.1907,-0.9857,0.0546,0.9872,0.0,0.0,4.5389,0.8445062041282654,0.8254180550575256,-22.4,0,1,180,1.598,-0.4842,1.0,0.3291,-0.1453,0.3,0.1316,0.2864,0.5399
51.851,1,RETURN_HOME,-2.0184,4.085,-1.9925,-0.9869,0.0543,-1.1819,-0.9869,0.0543,0.9884,0.0,0.0,4.5565,0.8469145894050598,0.8286746144294739,-20.89,0,1,180,1.551,-0.4916,1.0,0.3295,-0.1475,0.3,0.1318,0.2843,0.5421
51.901,1,RETURN_HOME,-2.0554,4.084,-1.9952,-0.9881,0.0543,-1.1746,-0.9881,0.0543,0.9896,0.0,0.0,4.572,0.8498265743255615,0.8309347629547119,-23.65,0,1,180,1.548,-0.4979,1.0,0.3299,-0.1494,0.3,0.1319,0.2826,0.5443
51.951,1,RETURN_HOME,-2.0988,4.0831,-1.9972,-0.989,0.0545,-1.1659,-0.989,0.0545,0.9905,0.0,0.0,4.5909,0.8564304113388062,0.8346246480941772,-23.9,0,1,180,1.641,-0.5054,1.0,0.3302,-0.1516,0.3,0.1321,0.2805,0.5468
52.001,1,RETURN_HOME,-2.1343,4.0827,-1.9979,-0.9894,0.0549,-1.1587,-0.8894,-0.0451,0.8905,0.0,0.0,4.6069,0.8604414463043213,0.8367908000946045,-24.15,0,1,180,1.449,-0.4178,0.9544,0.2968,-0.1253,0.2863,0.1187,0.2797,0.421
52.051,1,RETURN_HOME,-2.1777,4.0827,-1.9985,-0.9902,0.0561,-1.15,-0.8902,-0.0439,0.8913,0.0,0.0,4.6272,0.8644665479660034,0.8394283652305603,-22.9,0,1,180,1.696,-0.4266,0.9692,0.2971,-0.128,0.2908,0.1188,0.2816,0.4317
52.101,1,RETURN_HOME,-2.2149,4.0828,-1.9986,-0.9915,0.0571,-1.1429,-0.8915,-0.0429,0.8925,0.0,0.0,4.6449,0.8681262135505676,0.8412436246871948,-25.15,0,1,180,1.701,-0.434,0.9795,0.2975,-0.1302,0.2938,0.119,0.2826,0.4418
52.152,1,RETURN_HOME,-2.2527,4.083,-1.9982,-0.991,0.0559,-1.1358,-0.891,-0.0441,0.8921,0.0,0.0,4.6632,0.8739751577377319,0.845163106918335,-26.4,0,1,180,2.123,-0.4393,0.9662,0.2974,-0.1318,0.2898,0.1189,0.277,0.4385
52.201,1,RETURN_HOME,-2.2984,4.0834,-1.9978,-0.9883,0.0523,-1.1273,-0.8883,-0.0477,0.8895,0.0,0.0,4.6859,0.8789892196655273,0.8472753763198853,-25.4,0,1,180,1.55,-0.4431,0.9643,0.2965,-0.1329,0.2893,0.1186,0.275,0.4339
52.251,1,RETURN_HOME,-2.3432,4.0847,-1.9979,-0.9831,0.0474,-1.1189,-0.9831,0.0474,0.9843,0.0,0.0,4.709,0.8869062066078186,0.8527863025665283,-26.9,0,1,180,1.675,-0.5388,1.0,0.3281,-0.1616,0.3,0.1312,0.2696,0.5651
52.301,1,RETURN_HOME,-2.3801,4.0859,-1.9981,-0.9778,0.0428,-1.1119,-0.9778,0.0428,0.9787,0.0,0.0,4.7286,0.8902871608734131,0.8552433252334595,-27.4,0,1,180,1.732,-0.5406,1.0,0.3262,-0.1622,0.3,0.1305,0.2683,0.5653
52.351,1,RETURN_HOME,-2.4245,4.0873,-1.9982,-0.9708,0.0367,-1.1033,-0.9708,0.0367,0.9715,0.0,0.0,4.7523,0.8939990997314453,0.8578004240989685,-25.15,0,1,180,1.572,-0.5423,1.0,0.3238,-0.1627,0.3,0.1295,0.2669,0.5667
52.401,1,RETURN_HOME,-2.4631,4.0881,-2.0001,-0.9677,0.0336,-1.0962,-1.0677,0.0336,1.0682,0.0,0.0,4.7728,0.9020020961761475,0.8609897494316101,-26.4,0,1,180,1.651,-0.5428,1.0,0.3561,-0.1628,0.3,0.1424,0.2796,0.5712
52.451,1,RETURN_HOME,-2.5094,4.089,-2.0021,-0.9663,0.0324,-1.0877,-1.0663,0.0324,1.0668,0.0,0.0,4.7976,0.9053431153297424,0.8636233806610107,-26.9,0,1,180,1.538,-0.5487,1.0,0.3556,-0.1646,0.3,0.1422,0.2776,0.5731
52.501,1,RETURN_HOME,-2.548,4.0899,-2.0034,-0.9666,0.0327,-1.0806,-1.0666,0.0327,1.0671,0.0,0.0,4.8187,0.9095407128334045,0.8657190203666687,-26.65,0,1,180,1.44,-0.5546,1.0,0.3557,-0.1664,0.3,0.1423,0.2759,0.5755
52.551,1,RETURN_HOME,-2.595,4.0924,-1.9992,-0.9709,0.0348,-1.0721,-1.0709,0.0348,1.0714,0.0,0.0,4.8458,0.9160317182540894,0.8696816563606262,-26.9,0,1,180,1.707,-0.5626,1.0,0.3571,-0.1688,0.3,0.1429,0.2741,0.5793
52.601,1,RETURN_HOME,-2.6422,4.0949,-1.9955,-0.9781,0.0371,-1.0637,-1.0781,0.0371,1.0787,0.0,0.0,4.8733,0.9214170575141907,0.8721522092819214,-28.9,0,1,180,1.672,-0.5707,1.0,0.3596,-0.1712,0.3,0.1438,0.2726,0.5823
52.652,1,RETURN_HOME,-2.6815,4.0971,-1.9941,-0.9853,0.0389,-1.0568,-0.8853,-0.0611,0.8874,0.0,0.0,4.8966,0.9243806600570679,0.873296320438385,-28.15,0,1,180,1.918,-0.4887,0.9759,0.2958,-0.1466,0.2928,0.1183,0.2645,0.4184
52.701,1,RETURN_HOME,-2.7274,4.1002,-1.9983,-0.9944,0.0415,-1.0486,-0.8944,-0.0585,0.8963,0.0,0.0,4.9245,0.933026134967804,0.8776153326034546,-30.15,0,1,180,1.554,-0.4983,0.9848,0.2988,-0.1495,0.2954,0.1195,0.2655,0.4295
52.751,1,RETURN_HOME,-2.774,4.1033,-2.002,-1.0034,0.0433,-1.0406,-0.9034,-0.0567,0.9052,0.0,0.0,4.953,0.9377242922782898,0.8807840347290039,-30.9,0,1,180,1.638,-0.5071,1.0,0.3017,-0.1521,0.3,0.1207,0.2686,0.4389
52.801,1,RETURN_HOME,-2.8121,4.1059,-2.0067,-1.0061,0.0422,-1.0339,-0.9061,-0.0578,0.908,0.0,0.0,4.9765,0.9424535036087036,0.882382333278656,-29.9,0,1,180,1.606,-0.5114,1.0,0.3027,-0.1534,0.3,0.1211,0.2676,0.4388
52.851,1,RETURN_HOME,-2.8572,4.1087,-2.0128,-1.0044,0.0387,-1.026,-0.9044,-0.0613,0.9064,0.0,0.0,5.0045,0.9489801526069641,0.8862286806106567,-31.9,0,1,180,1.722,-0.5141,0.9901,0.3021,-0.1542,0.297,0.1209,0.2637,0.4281
52.901,1,RETURN_HOME,-2.8951,4.1109,-2.0169,-1.0001,0.0347,-1.0194,-0.9001,-0.0653,0.9025,0.0,0.0,5.028,0.9539828896522522,0.888662576675415,-30.4,0,1,180,1.664,-0.5151,0.9853,0.3008,-0.1545,0.2956,0.1203,0.2614,0.424
52.952,1,RETURN_HOME,-2.933,4.1136,-2.0218,-0.9943,0.0307,-1.0128,-1.0943,0.0307,1.0948,0.0,0.0,5.0521,0.9582106471061707,0.8909561038017273,-34.16,0,1,180,1.919,-0.6031,1.0,0.3649,-0.1809,0.3,0.146,0.265,0.6
53.001,1,RETURN_HOME,-2.9859,4.1176,-2.0286,-0.9846,0.0247,-1.0035,-1.0846,0.0247,1.0849,0.0,0.0,5.0863,0.9653319120407104,0.894792914390564,-30.9,0,1,180,1.678,-0.6053,1.0,0.3616,-0.1816,0.3,0.1447,0.2631,0.602
53.051,1,RETURN_HOME,-3.0236,4.1201,-2.0324,-0.9786,0.0209,-0.9968,-1.0786,0.0209,1.0788,0.0,0.0,5.1105,0.971181333065033,0.8971381187438965,-31.9,0,1,180,1.656,-0.6072,1.0,0.3596,-0.1822,0.3,0.1438,0.2617,0.6036
53.101,1,RETURN_HOME,-3.0621,4.1197,-2.035,-0.9765,0.0179,-0.9901,-1.0765,0.0179,1.0767,0.0,0.0,5.1331,0.9793642163276672,0.9000939130783081,-33.41,0,1,180,1.549,-0.6098,1.0,0.3589,-0.1829,0.3,0.1436,0.2606,0.6051
53.151,1,RETURN_HOME,-3.1084,4.1193,-2.0373,-0.9791,0.0165,-0.9822,-1.0791,0.0165,1.0793,0.0,0.0,5.1605,0.9830745458602905,0.9012293219566345,-32.91,0,1,180,1.744,-0.6145,1.0,0.3598,-0.1843,0.3,0.1439,0.2596,0.6074
53.201,1,RETURN_HOME,-3.1539,4.1186,-2.0393,-0.9854,0.0163,-0.9745,-1.0854,0.0163,1.0856,0.0,0.0,5.1875,0.9860659837722778,0.9038376808166504,-31.9,0,1,180,1.541,-0.6199,1.0,0.3619,-0.186,0.3,0.1447,0.2588,0.6096
53.251,1,RETURN_HOME,-3.1812,4.1166,-2.0417,-0.9898,0.0157,-0.9695,-1.0898,0.0157,1.0899,0.0,0.0,5.2025,0.9893503785133362,0.9039297103881836,-35.66,0,1,180,1.737,-0.6228,1.0,0.3633,-0.1868,0.3,0.1453,0.2585,0.6111
53.301,1,RETURN_HOME,-3.2232,4.114,-2.0443,-0.9973,0.015,-0.9621,-1.0973,0.015,1.0975,0.0,0.0,5.2263,0.9982773661613464,0.9082765579223633,-35.16,0,1,180,1.614,-0.6275,1.0,0.3658,-0.1882,0.3,0.1463,0.2581,0.6131
53.351,1,RETURN_HOME,-3.2673,4.1119,-2.0461,-1.0057,0.0148,-0.9548,-1.1057,0.0148,1.1058,0.0,0.0,5.2519,1.0016599893569946,0.910805881023407,-33.91,0,1,180,1.799,-0.6325,1.0,0.3686,-0.1898,0.3,0.1474,0.2577,0.6149
53.401,1,RETURN_HOME,-3.3085,4.1106,-2.0478,-1.0142,0.015,-0.9489,-1.0142,0.015,1.0143,0.0,0.0,5.2767,1.0085760354995728,0.911584198474884,-37.41,0,1,180,1.577,-0.6384,1.0,0.3381,-0.1915,0.3,0.1352,0.2437,0.6173
53.451,1,RETURN_HOME,-3.3583,4.1094,-2.049,-1.0242,0.0154,-0.9418,-1.0242,0.0154,1.0243,0.0,0.0,5.3071,1.0176641941070557,0.9145272374153137,-35.41,0,1,180,1.59,-0.6443,1.0,0.3414,-0.1933,0.3,0.1366,0.2433,0.6196
53.501,1,RETURN_HOME,-3.4076,4.1087,-2.0476,-1.0331,0.0157,-0.9349,-1.0331,0.0157,1.0333,0.0,0.0,5.3379,1.0213364362716675,0.9167492389678955,-33.16,0,1,180,1.686,-0.65,1.0,0.3444,-0.195,0.3,0.1378,0.2428,0.6227
53.551,1,RETURN_HOME,-3.4401,4.1084,-2.0454,-1.0371,0.0158,-0.9303,-1.0371,0.0158,1.0372,0.0,0.0,5.3585,1.024397373199463,0.9188878536224365,-37.41,0,1,180,1.875,-0.6536,1.0,0.3457,-0.1961,0.3,0.1383,0.2422,0.6232
53.601,1,RETURN_HOME,-3.4892,4.1082,-2.0418,-1.0409,0.016,-0.9235,-1.0409,0.016,1.041,0.0,0.0,5.3899,1.031801462173462,0.921851396560669,-34.66,0,1,180,1.603,-0.659,1.0,0.347,-0.1977,0.3,0.1388,0.2411,0.6262
53.651,1,RETURN_HOME,-3.5434,4.1077,-2.04,-1.0445,0.0162,-0.9166,-1.0445,0.0162,1.0446,0.0,0.0,5.4248,1.0376629829406738,0.9241933226585388,-35.66,0,1,180,1.596,-0.6648,1.0,0.3482,-0.1994,0.3,0.1393,0.2398,0.6296
53.701,1,RETURN_HOME,-3.5921,4.1071,-2.0396,-1.0478,0.0163,-0.9108,-1.0478,0.0163,1.048,0.0,0.0,5.4563,1.0428698062896729,0.9270860552787781,-35.41,0,1,180,1.453,-0.67,1.0,0.3493,-0.201,0.3,0.1397,0.2387,0.6324
53.751,1,RETURN_HOME,-3.6497,4.1066,-2.0388,-1.051,0.0167,-0.9039,-1.051,0.0167,1.0512,0.0,0.0,5.494,1.051651120185852,0.9284120202064514,-36.66,0,1,180,1.776,-0.6761,1.0,0.3504,-0.2028,0.3,0.1402,0.2373,0.636
53.801,1,RETURN_HOME,-3.6987,4.1074,-2.0366,-1.054,0.0176,-0.8982,-1.054,0.0176,1.0542,0.0,0.0,5.5274,1.0586165189743042,0.932697057723999,-36.91,0,1,180,1.583,-0.6815,1.0,0.3514,-0.2044,0.3,0.1406,0.2361,0.6385
53.851,1,RETURN_HOME,-3.7581,4.1094,-2.0331,-1.0577,0.0191,-0.8912,-1.0577,0.0191,1.0579,0.0,0.0,5.5687,1.0678579807281494,0.9368115663528442,-39.66,0,1,180,1.694,-0.6881,1.0,0.3526,-0.2064,0.3,0.1411,0.2346,0.6417
53.901,1,RETURN_HOME,-3.8163,4.1112,-2.0297,-1.0611,0.0205,-0.8842,-1.0611,0.0205,1.0613,0.0,0.0,5.6095,1.0714426040649414,0.9389307498931885,-39.66,0,1,180,1.518,-0.6944,1.0,0.3538,-0.2083,0.3,0.1415,0.2332,0.6442
53.951,1,RETURN_HOME,-3.8658,4.1141,-2.0246,-1.0644,0.0222,-0.8783,-0.9644,-0.0778,0.9675,0.0,0.0,5.6454,1.0799492597579956,0.9409075379371643,-37.41,0,1,180,1.723,-0.6239,1.0,0.3225,-0.1872,0.3,0.129,0.2418,0.4719
54.001,1,RETURN_HOME,-3.9145,4.1168,-2.0199,-1.0675,0.0238,-0.8724,-0.9675,-0.0762,0.9705,0.0,0.0,5.6808,1.0843582153320312,0.9435125589370728,-37.41,0,1,180,1.554,-0.63,1.0,0.3235,-0.189,0.3,0.1294,0.2404,0.4833
54.051,1,RETURN_HOME,-3.9723,4.1199,-2.0148,-1.0712,0.0257,-0.8652,-0.9712,-0.0743,0.9741,0.0,0.0,5.723,1.095046877861023,0.9477694034576416,-41.66,0,1,180,1.678,-0.6371,1.0,0.3247,-0.1911,0.3,0.1299,0.2387,0.4953
54.101,1,RETURN_HOME,-4.0191,4.1239,-2.0089,-1.0714,0.0258,-0.8592,-0.9714,-0.0742,0.9742,0.0,0.0,5.7585,1.1025662422180176,0.9495711922645569,-40.91,0,1,180,1.573,-0.6414,1.0,0.3247,-0.1924,0.3,0.1299,0.2375,0.5017
54.152,1,RETURN_HOME,-4.0655,4.1275,-2.0036,-1.0695,0.024,-0.8532,-0.9695,-0.076,0.9725,0.0,0.0,5.7935,1.1077643632888794,0.9516512751579285,-39.41,0,1,180,1.917,-0.6439,1.0,0.3242,-0.1932,0.3,0.1297,0.2365,0.5014
54.201,1,RETURN_HOME,-4.1202,4.1322,-1.9981,-1.0654,0.0203,-0.8459,-0.9654,-0.0797,0.9686,0.0,0.0,5.8353,1.1200236082077026,0.9550988078117371,-41.41,0,1,180,1.677,-0.6454,1.0,0.3229,-0.1936,0.3,0.1292,0.2355,0.4932
54.251,1,RETURN_HOME,-4.1735,4.14,-1.9939,-1.0601,0.0174,-0.8387,-0.9601,-0.0826,0.9636,0.0,0.0,5.8786,1.124692440032959,0.9594457149505615,-43.67,0,1,180,1.664,-0.647,1.0,0.3212,-0.1941,0.3,0.1285,0.2344,0.509
54.301,1,RETURN_HOME,-4.2175,4.1456,-1.9909,-1.0554,0.0143,-0.8326,-0.9554,-0.0857,0.9592,0.0,0.0,5.9139,1.1314414739608765,0.9608803391456604,-40.16,0,1,180,1.563,-0.6477,1.0,0.3197,-0.1943,0.3,0.1279,0.2336,0.5095
54.351,1,RETURN_HOME,-4.27,4.1511,-1.9884,-1.0498,0.01,-0.8255,-1.1498,0.01,1.1498,0.0,0.0,5.9553,1.1404037475585938,0.9640015959739685,-43.16,0,1,180,1.704,-0.7231,1.0,0.3833,-0.2169,0.3,0.1533,0.2364,0.6696
54.401,1,RETURN_HOME,-4.3138,4.1544,-1.9875,-1.045,0.0059,-0.8195,-1.145,0.0059,1.145,0.0,0.0,5.989,1.147696614265442,0.9665694832801819,-43.16,0,1,180,1.53,-0.7239,1.0,0.3817,-0.2172,0.3,0.1527,0.2355,0.6708
54.451,1,RETURN_HOME,-4.3571,4.1572,-1.9868,-1.0395,0.0012,-0.8136,-1.1395,0.0012,1.1395,0.0,0.0,6.0222,1.153516411781311,0.9675061702728271,-42.41,0,1,180,1.819,-0.7242,1.0,0.3798,-0.2173,0.3,0.1519,0.2347,0.6718
54.501,1,RETURN_HOME,-4.408,4.1593,-1.9851,-1.0376,-0.0022,-0.8065,-1.1376,-0.0022,1.1376,0.0,0.0,6.0606,1.1650110483169556,0.970531165599823,-42.41,0,1,180,1.528,-0.726,1.0,0.3792,-0.2178,0.3,0.1517,0.2339,0.6729
54.551,1,RETURN_HOME,-4.4577,4.1597,-1.982,-1.0403,-0.0038,-0.7996,-1.1403,-0.0038,1.1403,0.0,0.0,6.0971,1.1684995889663696,0.9726304411888123,-44.42,0,1,180,1.691,-0.7288,1.0,0.3801,-0.2187,0.3,0.152,0.2334,0.6734
54.601,1,RETURN_HOME,-4.4993,4.1599,-1.9799,-1.0456,-0.0039,-0.794,-1.1456,-0.0039,1.1456,0.0,0.0,6.1277,1.174092411994934,0.9739671349525452,-44.42,0,1,180,1.763,-0.732,1.0,0.3819,-0.2196,0.3,0.1527,0.2332,0.6759
54.651,1,RETURN_HOME,-4.553,4.1602,-1.9773,-1.0549,-0.0033,-0.7874,-1.1549,-0.0033,1.1549,0.0,0.0,6.1674,1.184005618095398,0.9761586785316467,-45.42,0,1,180,1.625,-0.7363,1.0,0.385,-0.2209,0.3,0.154,0.2331,0.6773
54.701,1,RETURN_HOME,-4.5989,4.1606,-1.9753,-1.0635,-0.0025,-0.782,-1.1635,-0.0025,1.1635,0.0,0.0,6.2017,1.190913438796997,0.9773688912391663,-42.91,0,1,180,1.575,-0.7401,1.0,0.3878,-0.222,0.3,0.1551,0.2331,0.6783
54.751,1,RETURN_HOME,-4.654,4.161,-1.9734,-1.0737,-0.0017,-0.7757,-0.9737,-0.1017,0.979,0.0,0.0,6.2428,1.1991474628448486,0.9789334535598755,-44.92,0,1,180,1.674,-0.6722,1.0,0.3263,-0.2017,0.3,0.1305,0.2289,0.528
54.801,1,RETURN_HOME,-4.7087,4.1624,-1.97,-1.0838,0.0001,-0.7695,-0.9838,-0.0999,0.9889,0.0,0.0,6.2847,1.2048912048339844,0.9804374575614929,-47.67,0,1,180,1.716,-0.6785,1.0,0.3296,-0.2035,0.3,0.1319,0.2283,0.5358
54.851,1,RETURN_HOME,-4.7543,4.1637,-1.9676,-1.0918,0.0015,-0.7643,-0.9918,-0.0985,0.9967,0.0,0.0,6.3198,1.2111852169036865,0.9802420139312744,-46.42,0,1,180,1.629,-0.6835,1.0,0.3322,-0.205,0.3,0.1329,0.2278,0.5431
54.901,1,RETURN_HOME,-4.7999,4.1648,-1.9656,-1.0954,0.0004,-0.7593,-0.9954,-0.0996,1.0003,0.0,0.0,6.3549,1.2186483144760132,0.9824407696723938,-45.67,0,1,180,1.67,-0.6863,1.0,0.3334,-0.2059,0.3,0.1334,0.2275,0.551
54.951,1,RETURN_HOME,-4.8574,4.1653,-1.9627,-1.0959,-0.0037,-0.7533,-0.9959,-0.1037,1.0013,0.0,0.0,6.3987,1.2230534553527832,0.9837976694107056,-46.17,0,1,180,1.813,-0.6876,1.0,0.3338,-0.2063,0.3,0.1335,0.2272,0.5506
55.001,1,RETURN_HOME,-4.9051,4.1653,-1.9605,-1.0937,-0.0084,-0.7484,-0.9937,-0.1084,0.9996,0.0,0.0,6.4351,1.22964346408844,0.9848908185958862,-47.42,0,1,180,1.915,-0.6875,1.0,0.3332,-0.2063,0.3,0.1333,0.227,0.5451
55.052,1,RETURN_HOME,-4.9523,4.1651,-1.9587,-1.0897,-0.0137,-0.7436,-0.9897,-0.1137,0.9962,0.0,0.0,6.471,1.236208200454712,0.9857231974601746,-47.42,0,1,180,1.892,-0.6868,1.0,0.3321,-0.206,0.3,0.1328,0.2268,0.5453
55.101,1,RETURN_HOME,-4.9993,4.1657,-1.958,-1.085,-0.0187,-0.7388,-0.985,-0.1187,0.9921,0.0,0.0,6.5074,1.2445240020751953,0.9869168996810913,-48.67,0,1,180,1.672,-0.6861,1.0,0.3307,-0.2058,0.3,0.1323,0.2264,0.5378
55.151,1,RETURN_HOME,-5.0549,4.1659,-1.9575,-1.0789,-0.0247,-0.7331,-0.9789,-0.1247,0.9868,0.0,0.0,6.5503,1.2474613189697266,0.9873566627502441,-48.17,0,1,180,1.725,-0.6852,1.0,0.3289,-0.2055,0.3,0.1316,0.226,0.5439
55.201,1,RETURN_HOME,-5.1005,4.1657,-1.9574,-1.0739,-0.0297,-0.7284,-0.9739,-0.1297,0.9825,0.0,0.0,6.5855,1.2526636123657227,0.9883016347885132,-48.92,0,1,180,1.66,-0.6842,1.0,0.3275,-0.2053,0.3,0.131,0.2257,0.5391
55.251,1,RETURN_HOME,-5.1474,4.164,-1.9589,-1.0694,-0.0354,-0.7237,-0.9694,-0.1354,0.9788,0.0,0.0,6.6208,1.2560361623764038,0.9882543087005615,-49.67,0,1,180,1.884,-0.683,1.0,0.3263,-0.2049,0.3,0.1305,0.2256,0.5323
55.301,1,RETURN_HOME,-5.2028,4.1616,-1.9608,-1.0642,-0.0422,-0.7182,-0.9642,-0.1422,0.9747,0.0,0.0,6.6625,1.2651588916778564,0.987976610660553,-47.92,0,1,180,1.65,-0.6815,1.0,0.3249,-0.2044,0.3,0.13,0.2255,0.527
55.351,1,RETURN_HOME,-5.2478,4.1596,-1.9632,-1.0598,-0.0477,-0.7136,-0.9598,-0.1477,0.9711,0.0,0.0,6.6964,1.2686384916305542,0.9881189465522766,-48.67,0,1,180,1.663,-0.6801,1.0,0.3237,-0.204,0.3,0.1295,0.2254,0.5304
55.401,1,RETURN_HOME,-5.2991,4.1576,-1.97,-1.0536,-0.0539,-0.7081,-0.9536,-0.1539,0.9659,0.0,0.0,6.7355,1.2721312046051025,0.9873867034912109,-49.92,0,1,180,1.696,-0.6784,1.0,0.322,-0.2035,0.3,0.1288,0.2253,0.5258
55.451,1,RETURN_HOME,-5.3415,4.1557,-1.975,-1.0485,-0.059,-0.7036,-0.9485,-0.159,0.9617,0.0,0.0,6.7677,1.277755856513977,0.9870012998580933,-50.17,0,1,180,1.712,-0.6769,1.0,0.3206,-0.2031,0.3,0.1282,0.2252,0.526
55.501,1,RETURN_HOME,-5.3922,4.1545,-1.982,-1.0426,-0.0644,-0.6982,-0.9426,-0.1644,0.9568,0.0,0.0,6.8071,1.280728816986084,0.986612856388092,-47.92,0,1,180,1.55,-0.6755,1.0,0.3189,-0.2026,0.3,0.1276,0.2249,0.5303
55.551,1,RETURN_HOME,-5.4344,4.1556,-1.9895,-1.0378,-0.0678,-0.6938,-0.9378,-0.1678,0.9527,0.0,0.0,6.8412,1.285090446472168,0.9851430058479309,-50.17,0,1,180,1.736,-0.675,1.0,0.3176,-0.2025,0.3,0.127,0.2245,0.5276
55.601,1,RETURN_HOME,-5.4764,4.156,-1.9961,-1.0332,-0.0714,-0.6894,-0.9332,-0.1714,0.9488,0.0,0.0,6.8748,1.2889115810394287,0.9825366735458374,-51.92,0,1,180,1.649,-0.6743,1.0,0.3163,-0.2023,0.3,0.1265,0.2242,0.5331
55.652,1,RETURN_HOME,-5.5261,4.1558,-2.0035,-1.0276,-0.0761,-0.6842,-0.9276,-0.1761,0.9441,0.0,0.0,6.9143,1.2902699708938599,0.9820361733436584,-51.92,0,1,180,1.794,-0.6731,1.0,0.3147,-0.2019,0.3,0.1259,0.2239,0.5278
55.701,1,RETURN_HOME,-5.5668,4.1551,-2.0099,-1.0228,-0.0802,-0.6799,-0.9228,-0.1802,0.9402,0.0,0.0,6.9465,1.2942001819610596,0.9806867837905884,-49.92,0,1,180,1.726,-0.6719,1.0,0.3134,-0.2016,0.3,0.1254,0.2238,0.5315
55.751,1,RETURN_HOME,-5.6155,4.1536,-2.0161,-1.017,-0.0855,-0.6748,-0.917,-0.1855,0.9356,0.0,0.0,6.9847,1.2970259189605713,0.9766223430633545,-52.42,0,1,180,1.687,-0.6701,1.0,0.3119,-0.201,0.3,0.1247,0.2237,0.5318
55.801,1,RETURN_HOME,-5.6564,4.1522,-2.0226,-1.0123,-0.0895,-0.6706,-0.9123,-0.1895,0.9318,0.0,0.0,7.0168,1.2980996370315552,0.9754780530929565,-49.17,0,1,180,1.544,-0.6689,1.0,0.3106,-0.2007,0.3,0.1242,0.2236,0.5135
55.851,1,RETURN_HOME,-5.7056,4.1503,-2.0304,-1.0067,-0.094,-0.6656,-0.9067,-0.294,0.9532,0.0,0.0,7.0554,1.298639178276062,0.9734090566635132,-50.17,0,1,180,1.586,-0.5878,0.9191,0.3177,-0.1763,0.2757,0.1271,0.2265,0.4576
55.901,1,RETURN_HOME,-5.7462,4.1483,-2.0357,-1.002,-0.098,-0.6615,-0.902,-0.198,0.9235,0.0,0.0,7.0872,1.3019393682479858,0.9680342674255371,-50.17,0,1,180,1.556,-0.6664,1.0,0.3078,-0.1999,0.3,0.1231,0.2232,0.4449
55.951,1,RETURN_HOME,-5.7978,4.1487,-2.0369,-0.9974,-0.1017,-0.6567,-0.8974,-0.2017,0.9198,0.0,0.0,7.1293,1.3032848834991455,0.9665798544883728,-54.18,0,1,180,1.701,-0.6658,1.0,0.3066,-0.1998,0.3,0.1226,0.2229,0.4274
56.001,1,RETURN_HOME,-5.8414,4.1495,-2.0359,-0.9937,-0.1065,-0.6527,-0.7937,-0.2065,0.8201,0.0,0.0,7.1652,1.302285075187683,0.9627083539962769,-52.67,0,1,180,1.795,-0.6432,1.0,0.2734,-0.1929,0.3,0.1094,0.2164,0.522
56.051,1,RETURN_HOME,-5.8844,4.1496,-2.0345,-0.9902,-0.1118,-0.6489,-0.7902,-0.3118,0.8494,0.0,0.0,7.2004,1.3020139932632446,0.956856369972229,-52.67,0,1,180,1.881,-0.5487,0.8991,0.2831,-0.1646,0.2697,0.1133,0.2184,0.4501
56.101,1,RETURN_HOME,-5.9341,4.1463,-2.033,-0.9851,-0.1194,-0.6444,-0.7851,-0.3194,0.8476,0.0,0.0,7.2391,1.3007019758224487,0.9550362825393677,-53.92,0,1,180,1.63,-0.5435,0.9074,0.2825,-0.163,0.2722,0.113,0.2222,0.4519
56.151,1,RETURN_HOME,-5.9745,4.142,-2.0317,-0.9784,-0.1263,-0.6407,-0.7784,-0.2263,0.8106,0.0,0.0,7.2699,1.301558256149292,0.9506953358650208,-51.67,0,1,180,1.773,-0.6301,1.0,0.2702,-0.189,0.3,0.1081,0.2191,0.5194
56.201,1,RETURN_HOME,-6.0145,4.1374,-2.0302,-0.9695,-0.1347,-0.6369,-0.7695,-0.3347,0.8392,0.0,0.0,7.3002,1.2985106706619263,0.9471840262413025,-51.67,0,1,180,1.767,-0.5294,0.895,0.2797,-0.1588,0.2685,0.1119,0.2216,0.4436
56.251,1,RETURN_HOME,-6.0544,4.1295,-2.0272,-0.9592,-0.1459,-0.6333,-0.7592,-0.3459,0.8343,0.0,0.0,7.3286,1.2955505847930908,0.9392194151878357,-53.92,0,1,180,1.781,-0.5182,0.9191,0.2781,-0.1555,0.2757,0.1112,0.2315,0.4508
56.301,1,RETURN_HOME,-6.1016,4.1191,-2.0234,-0.9461,-0.1586,-0.629,-0.7461,-0.3586,0.8278,0.0,0.0,7.3619,1.2929706573486328,0.9343799948692322,-53.17,0,1,180,1.667,-0.5046,0.9116,0.2759,-0.1514,0.2735,0.1104,0.2325,0.4488
56.351,1,RETURN_HOME,-6.148,4.1084,-2.0197,-0.9321,-0.1721,-0.6246,-0.7321,-0.3721,0.8212,0.0,0.0,7.3943,1.2910215854644775,0.9301118850708008,-54.68,0,1,180,1.851,-0.4894,0.8982,0.2737,-0.1468,0.2695,0.1095,0.2321,0.4447
56.401,1,RETURN_HOME,-6.1849,4.098,-2.0157,-0.9198,-0.1844,-0.621,-0.7198,-0.3844,0.816,0.0,0.0,7.4194,1.2851420640945435,0.9200259447097778,-55.43,0,1,180,1.619,-0.4752,0.8994,0.272,-0.1425,0.2698,0.1088,0.2361,0.4506
56.451,1,RETURN_HOME,-6.2286,4.0854,-2.0113,-0.9052,-0.1994,-0.6167,-0.7052,-0.3994,0.8104,0.0,0.0,7.4489,1.28118097782135,0.914287269115448,-52.92,0,1,180,1.688,-0.4573,0.9085,0.2701,-0.1372,0.2726,0.1081,0.2434,0.4549
56.501,1,RETURN_HOME,-6.2648,4.0748,-2.0081,-0.8933,-0.212,-0.6131,-0.6933,-0.412,0.8065,0.0,0.0,7.4734,1.2760040760040283,0.9089312553405762,-55.18,0,1,180,1.802,-0.4421,0.9059,0.2688,-0.1326,0.2718,0.1075,0.2467,0.4535
56.551,1,RETURN_HOME,-6.3093,4.0623,-2.0054,-0.8798,-0.2267,-0.6088,-0.6798,-0.4267,0.8026,0.0,0.0,7.504,1.2671457529067993,0.8959907293319702,-55.18,0,1,180,1.562,-0.4244,0.9159,0.2675,-0.1273,0.2748,0.107,0.2545,0.4578
56.601,1,RETURN_HOME,-6.3456,4.0516,-2.0033,-0.8685,-0.239,-0.6052,-0.6685,-0.439,0.7998,0.0,0.0,7.5287,1.2604308128356934,0.8903592824935913,-53.17,0,1,180,1.574,-0.4091,0.9122,0.2666,-0.1227,0.2737,0.1066,0.2576,0.4557
56.651,1,RETURN_HOME,-6.3869,4.0383,-2.0007,-0.8544,-0.2537,-0.6009,-0.6544,-0.4537,0.7963,0.0,0.0,7.5565,1.2533317804336548,0.8839815258979797,-52.17,0,1,180,1.579,-0.3901,0.9057,0.2654,-0.117,0.2717,0.1062,0.2608,0.4522
56.701,1,RETURN_HOME,-6.4187,4.0269,-1.9981,-0.8415,-0.2658,-0.5973,-0.6415,-0.4658,0.7928,0.0,0.0,7.5773,1.2400695085525513,0.8717576265335083,-49.92,0,1,180,1.591,-0.3732,0.9215,0.2643,-0.112,0.2764,0.1057,0.2702,0.4591
56.751,1,RETURN_HOME,-6.4564,4.0127,-1.9954,-0.8263,-0.2804,-0.5929,-0.6263,-0.4804,0.7893,0.0,0.0,7.6018,1.2335805892944336,0.8684312105178833,-48.42,0,1,180,1.661,-0.3527,0.9195,0.2631,-0.1058,0.2758,0.1052,0.2753,0.4578
56.801,1,RETURN_HOME,-6.4876,3.9989,-1.9929,-0.8138,-0.2934,-0.5893,-0.6138,-0.4934,0.7875,0.0,0.0,7.621,1.2249318361282349,0.8630096912384033,-46.92,0,1,180,1.585,-0.3348,0.9182,0.2625,-0.1004,0.2755,0.105,0.28,0.4568
56.851,1,RETURN_HOME,-6.5249,3.9793,-1.9896,-0.799,-0.3103,-0.5849,-0.599,-0.5103,0.7869,0.0,0.0,7.6426,1.2059789896011353,0.8554540872573853,-43.42,0,1,180,1.686,-0.3123,0.951,0.2623,-0.0937,0.2853,0.1049,0.2966,0.4725
56.901,1,RETURN_HOME,-6.5555,3.9629,-1.9872,-0.7867,-0.3243,-0.5813,-0.5867,-0.5243,0.7869,0.0,0.0,7.6603,1.1972131729125977,0.8539382815361023,-41.91,0,1,180,1.518,-0.2934,0.953,0.2623,-0.088,0.2859,0.1049,0.3028,0.4733
56.951,1,RETURN_HOME,-6.5937,3.9441,-1.98,-0.7727,-0.3405,-0.577,-0.5727,-0.5405,0.7875,0.0,0.0,7.6833,1.1860833168029785,0.8495622873306274,-40.41,0,1,180,1.567,-0.2719,0.96,0.2625,-0.0816,0.288,0.105,0.3114,0.474
57.001,1,RETURN_HOME,-6.6256,3.9285,-1.9731,-0.7612,-0.3537,-0.5734,-0.5612,-0.5537,0.7884,0.0,0.0,7.7027,1.1651197671890259,0.8477440476417542,-36.91,0,1,180,1.509,-0.2541,0.9728,0.2628,-0.0762,0.2919,0.1051,0.3207,0.4815
57.051,1,RETURN_HOME,-6.6569,3.9126,-1.9671,-0.7496,-0.3669,-0.5697,-0.5496,-0.5669,0.7895,0.0,0.0,7.7216,1.153604507446289,0.8465139269828796,-35.41,0,1,180,1.605,-0.2363,0.9749,0.2632,-0.0709,0.2925,0.1053,0.3269,0.4831
57.101,1,RETURN_HOME,-6.6916,3.8917,-1.9581,-0.7344,-0.3832,-0.5653,-0.5344,-0.5832,0.791,0.0,0.0,7.7409,1.1398862600326538,0.8458452224731445,-33.66,0,1,180,1.747,-0.2134,0.97,0.2637,-0.064,0.291,0.1055,0.3325,0.4809
57.151,1,RETURN_HOME,-6.7192,3.8734,-1.9505,-0.7214,-0.3971,-0.5616,-0.5214,-0.5971,0.7927,0.0,0.0,7.7557,1.1152269840240479,0.8451207280158997,-30.4,0,1,180,1.721,-0.1936,0.9839,0.2642,-0.0581,0.2952,0.1057,0.3428,0.49
57.201,1,RETURN_HOME,-6.7518,3.8512,-1.943,-0.7057,-0.4136,-0.5571,-0.5057,-0.6136,0.7951,0.0,0.0,7.7729,1.1002223491668701,0.8465110659599304,-28.9,0,1,180,1.544,-0.1701,0.9862,0.265,-0.051,0.2959,0.106,0.3509,0.4913
57.252,1,RETURN_HOME,-6.7838,3.8281,-1.9327,-0.6898,-0.4301,-0.5526,-0.4898,-0.6301,0.7981,0.0,0.0,7.7893,1.0877922773361206,0.8470156788825989,-27.4,0,1,180,1.955,-0.1465,0.9862,0.266,-0.0439,0.2959,0.1064,0.3583,0.4915
57.301,1,RETURN_HOME,-6.81,3.8084,-1.9251,-0.6765,-0.4438,-0.5488,-0.4765,-0.6438,0.801,0.0,0.0,7.8026,1.054272174835205,0.8500832319259644,-24.15,0,1,180,1.563,-0.1269,1.0,0.267,-0.0381,0.3,0.1068,0.3687,0.5045
57.351,1,RETURN_HOME,-6.8415,3.7844,-1.9176,-0.6609,-0.4602,-0.5442,-0.4609,-0.6602,0.8052,0.0,0.0,7.8184,1.0374661684036255,0.8501136302947998,-22.65,0,1,180,1.719,-0.104,1.0,0.2684,-0.0312,0.3,0.1074,0.3762,0.5056
57.401,1,RETURN_HOME,-6.8749,3.7601,-1.9114,-0.6461,-0.4765,-0.5397,-0.4461,-0.6765,0.8104,0.0,0.0,7.836,1.0025707483291626,0.853808581829071,-19.39,0,1,180,1.486,-0.0824,1.0,0.2701,-0.0247,0.3,0.1081,0.3833,0.5209
57.451,1,RETURN_HOME,-6.902,3.7394,-1.9076,-0.6338,-0.4901,-0.5359,-0.4338,-0.6901,0.8151,0.0,0.0,7.8499,0.9855395555496216,0.8566688299179077,-18.14,0,1,180,1.698,-0.0647,1.0,0.2717,-0.0194,0.3,0.1087,0.3893,0.5245
57.501,1,RETURN_HOME,-6.9333,3.7145,-1.9051,-0.619,-0.5061,-0.5313,-0.419,-0.7061,0.8211,0.0,0.0,7.8656,0.9666121602058411,0.8614056706428528,-16.64,0,1,180,1.572,-0.0437,1.0,0.2737,-0.0131,0.3,0.1095,0.3964,0.5301
57.551,1,RETURN_HOME,-6.9583,3.694,-1.9048,-0.6064,-0.5193,-0.5275,-0.4064,-0.7193,0.8261,0.0,0.0,7.878,0.9252144694328308,0.8680251240730286,-13.39,0,1,180,1.788,-0.0263,1.0,0.2754,-0.0079,0.3,0.1102,0.4023,0.5427
57.601,1,RETURN_HOME,-6.9875,3.6687,-1.9054,-0.5913,-0.5351,-0.5229,-0.3913,-0.7351,0.8327,0.0,0.0,7.892,0.9040114879608154,0.8701227307319641,-12.14,0,1,180,1.636,-0.0057,1.0,0.2776,-0.0017,0.3,0.111,0.4093,0.5452
57.651,1,RETURN_HOME,-7.011,3.6466,-1.9074,-0.5782,-0.5486,-0.519,-0.3782,-0.7486,0.8387,0.0,0.0,7.9027,0.884772539138794,0.8715935945510864,-10.63,0,1,180,1.617,0.0118,1.0,0.2796,0.0035,0.3,0.1118,0.4154,0.5481
57.701,1,RETURN_HOME,-7.0384,3.6191,-1.911,-0.5623,-0.565,-0.5143,-0.3623,-0.765,0.8464,0.0,0.0,7.9144,0.8815237879753113,0.8815237879753113,-7.88,0,1,180,1.452,0.0326,1.0,0.2821,0.0098,0.3,0.1129,0.4226,0.5641
57.751,1,RETURN_HOME,-7.0606,3.5956,-1.9142,-0.5491,-0.5786,-0.5104,-0.3491,-0.7786,0.8533,0.0,0.0,7.9234,0.8860489130020142,0.8860489130020142,-6.63,0,1,180,1.618,0.0495,1.0,0.2844,0.0149,0.3,0.1138,0.4286,0.5722
57.801,1,RETURN_HOME,-7.0848,3.5676,-1.9178,-0.5329,-0.5947,-0.5058,-0.3329,-0.7947,0.8617,0.0,0.0,7.9323,0.8894630670547485,0.8894630670547485,-5.13,0,1,180,1.652,0.0697,1.0,0.2872,0.0209,0.3,0.1149,0.4358,0.581
57.851,1,RETURN_HOME,-7.1076,3.539,-1.9214,-0.5167,-0.6108,-0.5011,-0.3167,-0.8108,0.8705,0.0,0.0,7.9399,0.8993097543716431,0.8993097543716431,-2.13,0,1,180,1.637,0.0895,1.0,0.2902,0.0268,0.3,0.1161,0.4429,0.5913
57.901,1,RETURN_HOME,-7.1263,3.5146,-1.9244,-0.5034,-0.6242,-0.4972,-0.3034,-0.8242,0.8783,0.0,0.0,7.9458,0.9066293239593506,0.9066293239593506,-0.88,0,1,180,1.706,0.1052,1.0,0.2928,0.0316,0.3,0.1171,0.4487,0.5968
57.951,1,RETURN_HOME,-7.1491,3.4852,-1.9263,-0.4881,-0.6398,-0.4926,-0.2881,-0.8398,0.8878,0.0,0.0,7.9534,0.9096129536628723,0.9096129536628723,0.38,0,1,180,1.666,0.1228,1.0,0.2959,0.0368,0.3,0.1184,0.4552,0.6034
58.001,1,RETURN_HOME,-7.1679,3.4601,-1.9277,-0.4754,-0.6528,-0.4887,-0.2754,-0.8528,0.8961,0.0,0.0,7.9593,0.9210413694381714,0.9210413694381714,3.13,0,1,180,1.559,0.137,1.0,0.2987,0.0411,0.3,0.1195,0.4606,0.6177
58.051,1,RETURN_HOME,-7.1889,3.4285,-1.9298,-0.4597,-0.6689,-0.4841,-0.2597,-0.8689,0.9068,0.0,0.0,7.9646,0.9273422956466675,0.9273422956466675,4.13,0,1,180,1.721,0.154,1.0,0.3023,0.0462,0.3,0.1209,0.4671,0.6247
58.101,1,RETURN_HOME,-7.2026,3.3988,-1.9319,-0.4451,-0.6837,-0.4802,-0.2451,-0.8837,0.9171,0.0,0.0,7.9643,0.9326654076576233,0.9326654076576233,5.63,0,1,180,1.608,0.1695,1.0,0.3057,0.0508,0.3,0.1223,0.4731,0.6315
58.151,1,RETURN_HOME,-7.2163,3.3689,-1.9342,-0.4307,-0.6985,-0.4763,-0.2307,-0.8985,0.9276,0.0,0.0,7.9639,0.9443579316139221,0.9443579316139221,8.63,0,1,180,1.658,0.1844,1.0,0.3092,0.0553,0.3,0.1237,0.479,0.6503
58.201,1,RETURN_HOME,-7.2333,3.3328,-1.9373,-0.4139,-0.7159,-0.4717,-0.2139,-0.9159,0.9406,0.0,0.0,7.9642,0.9504640102386475,0.9504640102386475,9.63,0,1,180,1.475,0.201,1.0,0.3135,0.0603,0.3,0.1254,0.4857,0.6572
58.251,1,RETURN_HOME,-7.2501,3.3036,-1.9415,-0.4013,-0.7298,-0.4678,-0.2013,-0.9298,0.9513,0.0,0.0,7.9673,0.961890459060669,0.9575504660606384,10.89,0,1,180,1.644,0.2127,1.0,0.3171,0.0638,0.3,0.1268,0.4907,0.6655
58.301,1,RETURN_HOME,-7.2696,3.2679,-1.9463,-0.3862,-0.7464,-0.4632,-0.1862,-0.9464,0.9645,0.0,0.0,7.9703,0.9887831211090088,0.9719781279563904,13.14,0,1,180,1.65,0.2262,1.0,0.3215,0.0679,0.3,0.1286,0.4965,0.6867
58.351,1,RETURN_HOME,-7.2889,3.2316,-1.952,-0.3712,-0.7628,-0.4585,-0.1712,-0.9628,0.9779,0.0,0.0,7.9732,1.0008689165115356,0.9771963357925415,14.89,0,1,180,1.627,0.239,1.0,0.326,0.0717,0.3,0.1304,0.5021,0.6922
58.401,1,RETURN_HOME,-7.3054,3.201,-1.9583,-0.3587,-0.7762,-0.4546,-0.1587,-0.9762,0.9891,0.0,0.0,7.9759,1.0125972032546997,0.9868035912513733,16.14,0,1,180,1.665,0.2492,1.0,0.3297,0.0747,0.3,0.1319,0.5066,0.7038
58.451,1,RETURN_HOME,-7.3211,3.1698,-1.964,-0.3461,-0.7897,-0.4506,-0.1461,-0.9897,1.0004,0.0,0.0,7.9779,1.0342267751693726,1.0018218755722046,18.89,0,1,180,1.675,0.2591,1.0,0.3335,0.0777,0.3,0.1334,0.5111,0.7234
58.501,1,RETURN_HOME,-7.3382,3.1316,-1.9671,-0.3306,-0.8059,-0.4458,-0.1306,-1.0059,1.0144,0.0,0.0,7.9785,1.04563307762146,1.0105069875717163,19.89,0,1,180,1.557,0.2708,1.0,0.3381,0.0813,0.3,0.1352,0.5165,0.7313
58.551,1,RETURN_HOME,-7.3536,3.0926,-1.9672,-0.3147,-0.8222,-0.4412,-0.1147,-1.0222,1.0286,0.0,0.0,7.9775,12.124910354614258,1.019023060798645,20.64,0,1,180,1.728,0.2825,1.0,0.3429,0.0847,0.3,0.1372,0.5219,0.7382
58.601,1,RETURN_HOME,-7.3683,3.0527,-1.9674,-0.2987,-0.8387,-0.4365,-0.0987,-1.0387,1.0434,0.0,0.0,7.9756,12.150656700134277,1.036594033241272,22.4,0,1,180,1.55,0.2937,1.0,0.3478,0.0881,0.3,0.1391,0.5272,0.7559
58.651,1,RETURN_HOME,-7.3835,3.0223,-1.9673,-0.2865,-0.8511,-0.4327,-0.0865,-1.0511,1.0547,0.0,0.0,7.9781,12.161267280578613,1.0442531108856201,24.4,0,1,180,1.666,0.3017,1.0,0.3516,0.0905,0.3,0.1406,0.5311,0.7638
58.701,1,RETURN_HOME,-7.4015,2.9856,-1.9672,-0.272,-0.8659,-0.4281,-0.072,-1.0659,1.0683,0.0,0.0,7.9809,12.172799110412598,1.053311824798584,24.65,0,1,180,1.717,0.3108,1.0,0.3561,0.0932,0.3,0.1424,0.5357,0.7722
58.751,1,RETURN_HOME,-7.4154,2.954,-1.9673,-0.2595,-0.8787,-0.4244,-0.0595,-1.0787,1.0804,0.0,0.0,7.9821,12.199447631835938,1.0705708265304565,25.4,0,1,180,1.728,0.3184,1.0,0.3601,0.0955,0.3,0.1441,0.5396,0.7934
58.801,1,RETURN_HOME,-7.4293,2.9226,-1.9653,-0.2471,-0.8911,-0.4207,-0.0471,-1.0911,1.0921,0.0,0.0,7.9835,12.211944580078125,1.0785483121871948,26.65,0,1,180,1.6,0.3256,1.0,0.364,0.0977,0.3,0.1456,0.5433,0.8002
58.852,1,RETURN_HOME,-7.4447,2.8838,-1.9634,-0.2319,-0.9066,-0.4163,-0.0319,-1.1066,1.107,0.0,0.0,7.9837,12.225313186645508,1.0871772766113281,23.15,0,1,180,1.913,0.3342,1.0,0.369,0.1003,0.3,0.1476,0.5479,0.8076
58.901,1,RETURN_HOME,-7.4566,2.8503,-1.9623,-0.2189,-0.92,-0.4126,-0.0189,-1.12,1.1201,0.0,0.0,7.9828,12.250053405761719,1.1026647090911865,23.65,0,1,180,1.712,0.3412,1.0,0.3734,0.1024,0.3,0.1494,0.5517,0.8306
58.951,1,RETURN_HOME,-7.4654,2.8092,-1.9617,-0.2014,-0.9358,-0.408,-0.0014,-1.1358,1.1358,0.0,0.0,7.9765,12.26095199584961,1.1095921993255615,25.9,0,1,180,1.596,0.3511,1.0,0.3786,0.1053,0.3,0.1514,0.5568,0.8427
59.001,1,RETURN_HOME,-7.4723,2.7741,-1.9615,-0.1866,-0.9493,-0.4038,0.0134,-1.1493,1.1494,0.0,0.0,7.9706,12.273921966552734,1.1161726713180542,26.15,0,1,180,1.694,0.3589,1.0,0.3831,0.1077,0.3,0.1533,0.5609,0.8537
59.051,1,RETURN_HOME,-7.4789,2.7308,-1.961,-0.1686,-0.9659,-0.3985,0.0314,-1.1659,1.1663,0.0,0.0,7.9618,12.303947448730469,1.1338967084884644,29.9,0,1,180,1.637,0.3682,1.0,0.3888,0.1105,0.3,0.1555,0.566,0.8794
59.101,1,RETURN_HOME,-7.4803,2.6937,-1.9586,-0.152,-0.98,-0.3937,0.048,-1.18,1.181,0.0,0.0,7.9505,12.31867504119873,1.1418347358703613,30.4,0,1,180,1.445,0.3768,1.0,0.3937,0.113,0.3,0.1575,0.5705,0.8869
59.151,1,RETURN_HOME,-7.4819,2.6482,-1.9563,-0.1325,-0.9973,-0.3882,0.0675,-1.1973,1.1992,0.0,0.0,7.9367,12.329943656921387,1.1511248350143433,31.65,0,1,180,1.644,0.3862,1.0,0.3997,0.1159,0.3,0.1599,0.5757,0.9002
59.201,1,RETURN_HOME,-7.4832,2.609,-1.9565,-0.1167,-1.0119,-0.3837,0.0833,-1.2119,1.2147,0.0,0.0,7.925,12.359382629394531,1.1717878580093384,33.91,0,1,180,1.484,0.3932,1.0,0.4049,0.1179,0.3,0.162,0.5799,0.933
59.251,1,RETURN_HOME,-7.4847,2.5685,-1.9589,-0.1014,-1.0267,-0.3792,0.0986,-1.2267,1.2307,0.0,0.0,7.9131,12.371119499206543,1.1796523332595825,34.91,0,1,180,1.837,0.3993,1.0,0.4102,0.1198,0.3,0.1641,0.5839,0.9486
59.301,1,RETURN_HOME,-7.486,2.519,-1.9617,-0.0832,-1.0446,-0.3737,0.1168,-1.2446,1.25,0.0,0.0,7.8985,12.38227367401123,1.1917016506195068,36.16,0,1,180,1.527,0.4061,1.0,0.4167,0.1218,0.3,0.1667,0.5885,0.9671
59.351,1,RETURN_HOME,-7.4869,2.4772,-1.9635,-0.0681,-1.0594,-0.369,0.1319,-1.2594,1.2663,0.0,0.0,7.8861,12.409846305847168,1.2154426574707031,39.16,0,1,180,1.697,0.4113,1.0,0.4221,0.1234,0.3,0.1688,0.5922,0.9924
59.401,1,RETURN_HOME,-7.4876,2.4263,-1.9647,-0.0504,-1.0772,-0.3635,0.1496,-1.2772,1.286,0.0,0.0,7.8709,12.425394058227539,1.224279522895813,39.91,0,1,180,1.479,0.4169,1.0,0.4287,0.1251,0.3,0.1715,0.5965,1.0101
59.451,1,RETURN_HOME,-7.4878,2.3832,-1.9658,-0.0356,-1.0922,-0.359,0.1644,-1.2922,1.3026,0.0,0.0,7.8579,12.438323974609375,1.2368707656860352,41.16,0,1,180,1.653,0.4211,1.0,0.4342,0.1263,0.3,0.1737,0.6,1.0324
59.501,1,RETURN_HOME,-7.4862,2.3383,-1.9658,-0.0204,-1.1078,-0.3545,0.1796,-1.3078,1.3201,0.0,0.0,7.8429,12.448946952819824,1.2504329681396484,42.41,0,1,180,1.691,0.4252,1.0,0.44,0.1276,0.3,0.176,0.6036,1.0557
59.551,1,RETURN_HOME,-7.4815,2.2817,-1.9642,-0.0012,-1.1276,-0.3488,0.1988,-1.3276,1.3424,0.0,0.0,7.8218,12.478569030761719,1.2829363346099854,44.92,0,1,180,1.569,0.4301,1.0,0.4475,0.129,0.3,0.179,0.608,1.083
59.601,1,RETURN_HOME,-7.4775,2.2342,-1.9632,0.0147,-1.1439,-0.3439,0.2147,-1.3439,1.361,0.0,0.0,7.8042,12.492420196533203,1.2986022233963013,46.17,0,1,180,1.687,0.4339,1.0,0.4537,0.1302,0.3,0.1815,0.6116,1.1061
59.651,1,RETURN_HOME,-7.4725,2.1776,-1.962,0.0337,-1.163,-0.3378,0.2337,-1.363,1.3829,0.0,0.0,7.7833,12.50475025177002,1.3123302459716797,47.17,0,1,180,1.884,0.438,1.0,0.461,0.1314,0.3,0.1844,0.6158,1.1321
59.702,1,RETURN_HOME,-7.4679,2.1302,-1.9612,0.0494,-1.1786,-0.3325,0.2494,-1.3786,1.4009,0.0,0.0,7.7658,12.53276252746582,1.3471028804779053,49.67,0,1,180,2.01,0.4411,1.0,0.467,0.1323,0.3,0.1868,0.6191,1.1749
59.752,1,RETURN_HOME,-7.4631,2.0822,-1.9607,0.0651,-1.194,-0.327,0.2651,-1.394,1.419,0.0,0.0,7.7482,12.548086166381836,1.3645578622817993,50.67,0,1,180,1.78,0.4439,1.0,0.473,0.1332,0.3,0.1892,0.6224,1.1933
59.802,1,RETURN_HOME,-7.459,2.0247,-1.9588,0.0833,-1.2123,-0.3205,0.2833,-1.4123,1.4405,0.0,0.0,7.7289,12.565312385559082,1.382089376449585,51.92,0,1,180,1.883,0.4466,1.0,0.4802,0.134,0.3,0.1921,0.6261,1.226
59.851,1,RETURN_HOME,-7.4551,1.9666,-1.9567,0.1012,-1.2307,-0.314,0.3012,-1.4307,1.462,0.0,0.0,7.7101,12.593199729919434,1.423791766166687,54.18,0,1,180,1.686,0.4488,1.0,0.4873,0.1346,0.3,0.1949,0.6296,1.2702
59.901,1,RETURN_HOME,-7.4511,1.9173,-1.9555,0.1161,-1.2462,-0.3092,0.3161,-1.4462,1.4803,0.0,0.0,7.6939,12.609280586242676,1.4458119869232178,55.43,0,1,180,1.697,0.4503,1.0,0.4934,0.1351,0.3,0.1974,0.6325,1.2953
59.951,1,RETURN_HOME,-7.443,1.8579,-1.9575,0.1347,-1.2648,-0.3036,0.3347,-1.3648,1.4052,0.0,0.0,7.6714,12.625744819641113,1.4627059698104858,56.18,0,1,180,1.745,0.4663,1.0,0.4684,0.1399,0.3,0.1874,0.6273,1.3204
60.001,1,RETURN_HOME,-7.4354,1.8076,-1.9597,0.1503,-1.2805,-0.299,0.3503,-1.3805,1.4243,0.0,0.0,7.652,12.661121368408203,1.5102286338806152,58.43,0,1,180,1.633,0.4679,1.0,0.4748,0.1404,0.3,0.1899,0.6303,1.3593
60.052,1,RETURN_HOME,-7.4256,1.7466,-1.9628,0.169,-1.2994,-0.2934,0.369,-1.3994,1.4472,0.0,0.0,7.6283,12.679665565490723,1.5331753492355347,59.43,0,1,180,1.772,0.4696,1.0,0.4824,0.1409,0.3,0.193,0.6338,1.2756
60.101,1,RETURN_HOME,-7.4164,1.6959,-1.9669,0.1851,-1.313,-0.2884,0.3851,-1.4,1.452,0.0,0.0,7.6078,12.694526672363281,1.555720567703247,60.43,0,1,180,1.664,0.4735,1.0,0.484,0.142,0.3,0.1936,0.6356,1.2312
60.151,1,RETURN_HOME,-7.4068,1.6445,-1.9706,0.2009,-1.3248,-0.2832,0.4009,-1.4,1.4563,0.0,0.0,7.5872,12.726249694824219,1.611046552658081,62.18,0,1,180,1.74,0.4771,1.0,0.4854,0.1431,0.3,0.1942,0.6373,1.1504
60.201,1,RETURN_HOME,-7.3943,1.5823,-1.9755,0.2199,-1.3371,-0.2767,0.4199,-1.4,1.4616,0.0,0.0,7.5617,12.745746612548828,1.6329180002212524,63.18,0,1,180,1.635,0.4813,1.0,0.4872,0.1444,0.3,0.1949,0.6393,1.1038
60.251,1,RETURN_HOME,-7.3791,1.5203,-1.9829,0.2394,-1.347,-0.2698,0.4394,-1.1,1.1845,0.0,0.0,7.5341,12.763816833496094,1.6631922721862793,63.93,0,1,180,1.806,0.5507,1.0,0.4349,0.1652,0.3,0.1739,0.6391,1.4906
60.301,1,RETURN_HOME,-7.3662,1.4681,-1.9883,0.2555,-1.3547,-0.2637,0.4555,-1.1,1.1906,0.0,0.0,7.5111,12.817862510681152,1.7169349193572998,65.69,0,1,180,1.681,0.5558,1.0,0.4411,0.1667,0.3,0.1765,0.6432,1.5421
60.351,1,RETURN_HOME,-7.3489,1.4061,-1.9951,0.2751,-1.3639,-0.2566,0.4751,-1.1,1.1982,0.0,0.0,7.4822,12.846841812133789,1.7423354387283325,66.69,0,1,180,1.817,0.5619,1.0,0.4489,0.1686,0.3,0.1795,0.6481,1.5838
60.401,1,RETURN_HOME,-7.3332,1.3548,-2.0008,0.2913,-1.3661,-0.251,0.4913,-1.1,1.2047,0.0,0.0,7.4573,12.874030113220215,1.7710347175598145,67.44,0,1,180,1.836,0.5669,1.0,0.4553,0.1701,0.3,0.1821,0.6522,1.5995
60.451,1,RETURN_HOME,-7.3175,1.3032,-2.0057,0.3073,-1.3627,-0.2453,0.5073,-1.1,1.2113,0.0,0.0,7.4326,12.920145034790039,1.8324588537216187,68.94,0,1,180,1.733,0.5715,1.0,0.4615,0.1714,0.3,0.1846,0.6561,1.6653
60.501,1,RETURN_HOME,-7.2993,1.2401,-2.0108,0.3259,-1.353,-0.2382,0.5259,-1.1,1.2193,0.0,0.0,7.4039,12.949334144592285,1.8638406991958618,69.69,0,1,180,1.68,0.5764,1.0,0.4685,0.1729,0.3,0.1874,0.6603,1.6552
60.551,1,RETURN_HOME,-7.2817,1.1764,-2.0149,0.3443,-1.3395,-0.2311,0.5443,-1.1,1.2273,0.0,0.0,7.3761,12.985651016235352,1.8949881792068481,70.19,0,1,180,1.678,0.5808,1.0,0.4752,0.1742,0.3,0.1901,0.6643,1.6086
60.601,1,RETURN_HOME,-7.2665,1.1238,-2.0177,0.3598,-1.3267,-0.225,0.5598,-1.1,1.2342,0.0,0.0,7.3529,13.082853317260742,1.95359468460083,71.44,0,1,180,1.551,0.5844,1.0,0.4809,0.1753,0.3,0.1924,0.6677,1.5301
60.651,1,RETURN_HOME,-7.2495,1.0717,-2.0206,0.376,-1.3136,-0.2182,0.576,-1.1,1.2417,0.0,0.0,7.3282,13.13950252532959,1.9832592010498047,72.19,0,1,180,1.592,0.5884,1.0,0.4871,0.1765,0.3,0.1948,0.6714,1.4851
60.701,1,RETURN_HOME,-7.2276,1.0097,-2.0238,0.3959,-1.2985,-0.2098,0.5959,-1.0985,1.2497,0.0,0.0,7.2978,13.20170783996582,2.0131306648254395,72.69,0,1,180,1.662,0.5939,1.0,0.4948,0.1782,0.3,0.1979,0.6761,1.4444
60.751,1,RETURN_HOME,-7.209,0.9586,-2.0258,0.4125,-1.2871,-0.2025,0.6125,-1.0871,1.2478,0.0,0.0,7.2724,13.355504035949707,2.0761282444000244,73.69,0,1,180,1.702,0.6014,1.0,0.5003,0.1804,0.3,0.2001,0.6805,1.4003
60.801,1,RETURN_HOME,-7.1891,0.9091,-2.0276,0.4293,-1.2765,-0.1952,0.6293,-1.0765,1.2469,0.0,0.0,7.2464,13.436605453491211,2.106213331222534,74.44,0,1,180,1.585,0.609,1.0,0.5062,0.1827,0.3,0.2025,0.6852,1.3908
60.851,1,RETURN_HOME,-7.1647,0.8504,-2.0291,0.4493,-1.2652,-0.1863,0.6493,-1.0652,1.2475,0.0,0.0,7.215,13.519384384155273,2.137415647506714,74.69,0,1,180,1.562,0.6175,1.0,0.5136,0.1853,0.3,0.2054,0.6907,1.379
60.901,1,RETURN_HOME,-7.1439,0.8015,-2.0299,0.466,-1.2568,-0.179,0.666,-1.0568,1.2491,0.0,0.0,7.1888,13.710488319396973,2.200181245803833,75.7,0,1,180,1.488,0.6241,1.0,0.5198,0.1872,0.3,0.2079,0.6951,1.3268
60.951,1,RETURN_HOME,-7.1175,0.7446,-2.0294,0.4863,-1.2462,-0.1703,0.6863,-1.0462,1.2512,0.0,0.0,7.1563,13.80228328704834,2.2312731742858887,76.2,0,1,180,1.693,0.6326,1.0,0.5276,0.1898,0.3,0.2111,0.7008,1.3145
61.001,1,RETURN_HOME,-7.0904,0.688,-2.0285,0.5067,-1.2358,-0.1622,0.7067,-1.0358,1.2539,0.0,0.0,7.1237,13.898713111877441,2.2597146034240723,76.45,0,1,180,1.448,0.6408,1.0,0.5356,0.1922,0.3,0.2143,0.7065,1.2981
61.051,1,RETURN_HOME,-7.0674,0.6403,-2.0269,0.5236,-1.2276,-0.1556,0.7236,-1.0276,1.2568,0.0,0.0,7.0963,14.114585876464844,2.322481870651245,77.45,0,1,180,1.83,0.6472,1.0,0.5423,0.1942,0.3,0.2169,0.7111,1.2528
61.101,1,RETURN_HOME,-7.0437,0.5907,-2.0232,0.5407,-1.2204,-0.149,0.7407,-1.0204,1.2609,0.0,0.0,7.0685,14.21923542022705,2.3505630493164062,77.7,0,1,180,1.558,0.653,1.0,0.5489,0.1959,0.3,0.2196,0.7155,1.2306
61.151,1,RETURN_HOME,-7.01,0.5218,-2.0184,0.5646,-1.2101,-0.14,0.7646,-1.0101,1.2668,0.0,0.0,7.0294,14.332313537597656,2.379922389984131,78.2,0,1,180,2.012,0.661,1.0,0.5583,0.1983,0.3,0.2233,0.7216,1.2175
61.201,1,RETURN_HOME,-6.986,0.4726,-2.0174,0.5814,-1.2026,-0.1337,0.7814,-1.0026,1.2711,0.0,0.0,7.002,14.57528018951416,2.44492244720459,78.95,0,1,180,1.592,0.6666,1.0,0.5649,0.2,0.3,0.2259,0.7259,1.1708
61.251,1,RETURN_HOME,-6.9622,0.4233,-2.0192,0.5978,-1.1951,-0.1272,0.7978,-0.9951,1.2754,0.0,0.0,6.9751,14.699113845825195,2.4768946170806885,79.2,0,1,180,1.607,0.6717,1.0,0.5711,0.2015,0.3,0.2285,0.73,1.1546
61.301,1,RETURN_HOME,-6.933,0.3645,-2.021,0.6176,-1.1858,-0.1198,0.8176,-0.9858,1.2807,0.0,0.0,6.9425,14.825345993041992,2.502570152282715,79.7,0,1,180,1.587,0.6779,1.0,0.5788,0.2034,0.3,0.2315,0.7349,1.1391
61.351,1,RETURN_HOME,-6.9072,0.3158,-2.0209,0.6343,-1.1779,-0.1136,0.8343,-0.9779,1.2855,0.0,0.0,6.9144,15.117951393127441,2.5667834281921387,80.45,0,1,180,1.583,0.6831,1.0,0.5854,0.2049,0.3,0.2342,0.7391,1.0976
61.401,1,RETURN_HOME,-6.8745,0.2575,-2.0185,0.6547,-1.1683,-0.1061,0.8547,-0.9683,1.2916,0.0,0.0,6.8793,15.266566276550293,2.6004526615142822,80.45,0,1,180,1.573,0.6893,1.0,0.5936,0.2068,0.3,0.2374,0.7442,1.0883
61.452,1,RETURN_HOME,-6.841,0.1999,-2.0163,0.6751,-1.1585,-0.0983,0.8751,-0.9585,1.2979,0.0,0.0,6.844,15.421107292175293,2.624835968017578,80.95,0,1,180,1.931,0.6955,1.0,0.6018,0.2087,0.3,0.2407,0.7494,1.074
61.501,1,RETURN_HOME,-6.8121,0.1532,-2.0184,0.6921,-1.1495,-0.0918,0.8921,-0.9495,1.3028,0.0,0.0,6.8139,15.55085277557373,2.6888647079467773,81.7,0,1,180,1.551,0.7009,1.0,0.6088,0.2103,0.3,0.2435,0.7538,1.0407
61.551,1,RETURN_HOME,-6.7767,0.098,-2.0217,0.7124,-1.1386,-0.0838,0.9124,-0.9386,1.3089,0.0,0.0,6.7774,15.531009674072266,2.7195608615875244,81.95,0,1,180,1.723,0.7073,1.0,0.6172,0.2122,0.3,0.2469,0.7591,1.0314
61.601,1,RETURN_HOME,-6.7467,0.0524,-2.0239,0.7292,-1.1295,-0.077,0.9292,-0.9295,1.3143,0.0,0.0,6.7469,15.509544372558594,2.750049352645874,82.2,0,1,180,1.634,0.7125,1.0,0.6243,0.2137,0.3,0.2497,0.7635,1.0191
61.651,1,RETURN_HOME,-6.7104,-0.0011,-2.0249,0.749,-1.1183,-0.0687,0.949,-0.9183,1.3206,0.0,0.0,6.7104,15.462139129638672,2.8135733604431152,82.7,0,1,180,1.765,0.7185,1.0,0.6326,0.2156,0.3,0.253,0.7686,0.9873
61.701,1,RETURN_HOME,-6.6796,-0.0453,-2.0253,0.7655,-1.1091,-0.0618,0.9655,-0.9091,1.3262,0.0,0.0,6.6797,15.440845489501953,2.8433451652526855,82.95,0,1,180,1.641,0.7234,1.0,0.6396,0.217,0.3,0.2558,0.7728,0.9764
61.751,1,RETURN_HOME,-6.6419,-0.0979,-2.0254,0.7853,-1.0981,-0.0536,0.9853,-0.8981,1.3332,0.0,0.0,6.6426,15.392909049987793,2.9056456089019775,83.45,0,1,180,1.632,0.7291,1.0,0.648,0.2187,0.3,0.2592,0.7779,0.9449
61.801,1,RETURN_HOME,-6.6049,-0.1484,-2.0283,0.8044,-1.0863,-0.0452,1.0044,-0.8863,1.3395,0.0,0.0,6.6066,15.36870002746582,2.9334356784820557,83.7,0,1,180,1.557,0.7347,1.0,0.6561,0.2204,0.3,0.2625,0.7829,0.9376
61.851,1,RETURN_HOME,-6.5733,-0.1903,-2.0302,0.8204,-1.0766,-0.0381,1.0204,-0.8766,1.3452,0.0,0.0,6.5761,15.345477104187012,2.9646503925323486,83.95,0,1,180,1.582,0.7394,1.0,0.6631,0.2218,0.3,0.2652,0.787,0.9296
61.901,1,RETURN_HOME,-6.5332,-0.2391,-2.0296,0.8403,-1.0644,-0.0296,0.9403,-0.8644,1.2772,0.0,0.0,6.5376,15.29251766204834,3.0260910987854004,84.45,0,1,180,1.591,0.7109,1.0,0.6053,0.2133,0.3,0.2421,0.7554,0.9084
61.951,1,RETURN_HOME,-6.4972,-0.2779,-2.0257,0.858,-1.0534,-0.0224,0.958,-0.8534,1.2829,0.0,0.0,6.5032,15.268173217773438,3.056757926940918,84.7,0,1,180,1.575,0.7176,1.0,0.6137,0.2153,0.3,0.2455,0.7608,0.9024
62.001,1,RETURN_HOME,-6.4535,-0.3245,-2.0212,0.8794,-1.0404,-0.0137,0.9794,-0.8404,1.2906,0.0,0.0,6.4616,15.241212844848633,3.0873706340789795,84.95,0,1,180,1.497,0.7252,1.0,0.624,0.2176,0.3,0.2496,0.7672,0.898
62.051,1,RETURN_HOME,-6.4179,-0.3623,-2.0187,0.8945,-1.0295,-0.0066,0.9945,-0.8295,1.295,0.0,0.0,6.4281,15.214929580688477,3.1147687435150146,85.2,0,1,180,1.843,0.7306,1.0,0.6308,0.2192,0.3,0.2523,0.7715,0.8945
62.101,1,RETURN_HOME,-6.3839,-0.399,-2.0178,0.907,-1.0183,0.0003,1.007,-0.8183,1.2976,0.0,0.0,6.3963,15.154067993164062,3.1790781021118164,85.45,0,1,180,1.656,0.7352,1.0,0.636,0.2206,0.3,0.2544,0.775,0.8732
62.151,1,RETURN_HOME,-6.3421,-0.4431,-2.0167,0.9206,-1.0052,0.0082,1.0206,-0.8052,1.3,0.0,0.0,6.3576,15.125255584716797,3.2073631286621094,85.95,0,1,180,1.761,0.74,1.0,0.6413,0.222,0.3,0.2565,0.7785,0.872
62.201,1,RETURN_HOME,-6.3065,-0.4814,-2.0169,0.9313,-0.9949,0.0147,1.0313,-0.7949,1.3021,0.0,0.0,6.3249,15.096735000610352,3.2389602661132812,85.45,0,1,180,1.529,0.7433,1.0,0.6452,0.223,0.3,0.2581,0.7811,0.8674
62.251,1,RETURN_HOME,-6.263,-0.5282,-2.0179,0.944,-0.9832,0.0225,0.944,-0.7832,1.2266,0.0,0.0,6.2853,15.036056518554688,3.300621509552002,86.2,0,1,180,1.711,0.7132,1.0,0.5832,0.214,0.3,0.2333,0.7473,0.8502
62.301,1,RETURN_HOME,-6.2261,-0.5669,-2.0185,0.9548,-0.9733,0.0292,0.9548,-0.7733,1.2287,0.0,0.0,6.2519,15.007237434387207,3.328920364379883,86.71,0,1,180,1.571,0.7169,1.0,0.5872,0.2151,0.3,0.2349,0.7499,0.8464
62.351,1,RETURN_HOME,-6.1826,-0.6145,-2.0186,0.9675,-0.962,0.0373,0.9675,-0.762,1.2315,0.0,0.0,6.213,14.977672576904297,3.357499837875366,86.71,0,1,180,1.635,0.7205,1.0,0.5916,0.2162,0.3,0.2366,0.7528,0.8422
62.401,1,RETURN_HOME,-6.1535,-0.6464,-2.0184,0.9743,-0.9547,0.0426,0.9743,-0.7547,1.2324,0.0,0.0,6.1873,14.91445255279541,3.376777410507202,-93.71,0,1,180,1.689,0.7223,1.0,0.5934,0.2167,0.3,0.2374,0.754,0.8141
62.451,1,RETURN_HOME,-6.1091,-0.6935,-2.018,0.9825,-0.9434,0.0507,0.9825,-0.7434,1.2321,0.0,0.0,6.1484,14.883552551269531,3.346294641494751,-92.96,0,1,180,1.647,0.7243,1.0,0.5949,0.2173,0.3,0.238,0.7553,0.8106
62.501,1,RETURN_HOME,-6.061,-0.7373,-2.0192,0.9902,-0.9308,0.0587,0.9902,-0.7308,1.2307,0.0,0.0,6.1057,14.852333068847656,3.3168087005615234,-93.21,0,1,180,1.623,0.727,1.0,0.5965,0.2181,0.3,0.2386,0.7567,0.8101
62.551,1,RETURN_HOME,-6.0195,-0.7724,-2.0207,0.9963,-0.9197,0.0652,0.9963,-0.7197,1.2291,0.0,0.0,6.0688,14.7864351272583,3.2548091411590576,-92.46,0,1,180,1.754,0.7295,1.0,0.5977,0.2188,0.3,0.2391,0.7579,0.7951
62.601,1,RETURN_HOME,-5.9697,-0.8142,-2.0221,1.0031,-0.9065,0.073,1.0031,-0.7065,1.2269,0.0,0.0,6.0249,14.75489616394043,3.226003646850586,-94.96,0,1,180,1.686,0.7322,1.0,0.5989,0.2197,0.3,0.2396,0.7592,0.7978
62.651,1,RETURN_HOME,-5.9215,-0.8577,-2.0215,1.0087,-0.894,0.0809,1.0087,-0.694,1.2244,0.0,0.0,5.9833,14.724910736083984,3.198979616165161,-95.46,0,1,180,1.663,0.7341,1.0,0.5992,0.2202,0.3,0.2397,0.7599,0.7985
62.701,1,RETURN_HOME,-5.8811,-0.8935,-2.0208,1.0134,-0.8835,0.0874,1.0134,-0.6835,1.2224,0.0,0.0,5.9486,14.658967018127441,3.140084743499756,-93.46,0,1,180,1.741,0.7357,1.0,0.5995,0.2207,0.3,0.2398,0.7605,0.7823
62.751,1,RETURN_HOME,-5.8406,-0.9288,-2.02,1.0183,-0.8731,0.094,1.0183,-0.6731,1.2207,0.0,0.0,5.914,14.628734588623047,3.1108758449554443,-95.46,0,1,180,1.624,0.7373,1.0,0.6,0.2212,0.3,0.24,0.7612,0.7838
62.801,1,RETURN_HOME,-5.7942,-0.9676,-2.0156,1.0232,-0.8589,0.1019,1.0232,-0.6589,1.217,0.0,0.0,5.8744,14.598320007324219,3.083343029022217,-94.46,0,1,180,1.533,0.7401,1.0,0.6004,0.222,0.3,0.2402,0.7622,0.7902
62.852,1,RETURN_HOME,-5.7552,-0.9996,-2.0121,1.0275,-0.8472,0.1085,1.0275,-0.6472,1.2143,0.0,0.0,5.8413,14.531126022338867,3.0269734859466553,-95.46,0,1,180,2.106,0.7425,1.0,0.6011,0.2227,0.3,0.2404,0.7632,0.7806
62.901,1,RETURN_HOME,-5.7077,-1.0377,-2.0071,1.0331,-0.8331,0.1164,1.0331,-0.6331,1.2116,0.0,0.0,5.8013,14.499187469482422,2.9999501705169678,-96.71,0,1,180,1.583,0.7454,1.0,0.6021,0.2236,0.3,0.2409,0.7645,0.7885
62.952,1,RETURN_HOME,-5.6593,-1.0749,-1.9967,1.0391,-0.8186,0.1238,1.0391,-0.6186,1.2092,0.0,0.0,5.7604,14.468932151794434,2.9738502502441406,-98.47,0,1,180,1.873,0.7487,1.0,0.6036,0.2246,0.3,0.2414,0.7661,0.7971
63.001,1,RETURN_HOME,-5.6186,-1.1056,-1.9891,1.0442,-0.8067,0.1299,1.0442,-0.6067,1.2077,0.0,0.0,5.7263,14.4003267288208,2.9193482398986816,-96.46,0,1,180,1.626,0.7514,1.0,0.605,0.2254,0.3,0.242,0.7674,0.7911
63.051,1,RETURN_HOME,-5.5678,-1.1422,-1.9812,1.051,-0.7926,0.1373,1.051,-0.5926,1.2066,0.0,0.0,5.6838,14.369277000427246,2.8931806087493896,-97.97,0,1,180,1.724,0.7546,1.0,0.607,0.2264,0.3,0.2428,0.7692,0.7997
63.101,1,RETURN_HOME,-5.5241,-1.1724,-1.9754,1.0571,-0.7809,0.1438,1.0571,-0.5809,1.2062,0.0,0.0,5.6471,14.336793899536133,2.867530345916748,-97.72,0,1,180,1.716,0.7573,1.0,0.609,0.2272,0.3,0.2436,0.7708,0.8069
63.151,1,RETURN_HOME,-5.4716,-1.2082,-1.9697,1.0643,-0.767,0.1516,1.0643,-0.567,1.2059,0.0,0.0,5.6034,14.267800331115723,2.8154563903808594,-99.47,0,1,180,1.699,0.7604,1.0,0.6113,0.2281,0.3,0.2445,0.7726,0.8037
63.201,1,RETURN_HOME,-5.4289,-1.2378,-1.9671,1.0698,-0.7556,0.1581,1.0698,-0.5556,1.2055,0.0,0.0,5.5682,14.234752655029297,2.790837287902832,-98.47,0,1,180,1.599,0.7628,1.0,0.613,0.2288,0.3,0.2452,0.7741,0.8085
63.251,1,RETURN_HOME,-5.378,-1.2729,-1.9657,1.0762,-0.7419,0.1658,1.0762,-0.5419,1.2049,0.0,0.0,5.5266,14.201780319213867,2.7672126293182373,-99.22,0,1,180,1.664,0.7656,1.0,0.615,0.2297,0.3,0.246,0.7757,0.8167
63.301,1,RETURN_HOME,-5.3354,-1.3018,-1.965,1.0815,-0.7305,0.1722,1.0815,-0.5305,1.2046,0.0,0.0,5.4919,14.132229804992676,2.7166314125061035,-99.22,0,1,180,1.551,0.7678,1.0,0.6166,0.2303,0.3,0.2466,0.777,0.8165
63.351,1,RETURN_HOME,-5.2949,-1.3318,-1.9608,1.0859,-0.72,0.1785,1.0859,-0.52,1.204,0.0,0.0,5.4599,14.099388122558594,2.6931076049804688,-100.22,0,1,180,1.703,0.7693,1.0,0.6175,0.2308,0.3,0.247,0.7778,0.8212
63.401,1,RETURN_HOME,-5.2464,-1.3677,-1.9556,1.091,-0.7075,0.1862,1.091,-0.5075,1.2032,0.0,0.0,5.4218,14.065169334411621,2.6701061725616455,-100.47,0,1,180,1.532,0.771,1.0,0.6185,0.2313,0.3,0.2474,0.7787,0.8273
63.451,1,RETURN_HOME,-5.1972,-1.4027,-1.9517,1.0964,-0.6946,0.1939,1.0964,-0.4946,1.2028,0.0,0.0,5.3831,11.787919998168945,2.6240880489349365,-101.97,0,1,180,1.569,0.7729,1.0,0.6198,0.2319,0.3,0.2479,0.7798,0.8293
63.501,1,RETURN_HOME,-5.148,-1.4385,-1.9469,1.1017,-0.6822,0.2018,1.1017,-0.4822,1.2026,0.0,0.0,5.3452,11.689143180847168,2.5999093055725098,-100.47,0,1,180,1.574,0.7744,1.0,0.6208,0.2323,0.3,0.2483,0.7807,0.8359
63.551,1,RETURN_HOME,-5.1065,-1.4675,-1.9438,1.1062,-0.6716,0.2087,1.1062,-0.4716,1.2025,0.0,0.0,5.3132,11.478670120239258,2.554659128189087,-102.72,0,1,180,1.687,0.7758,1.0,0.6219,0.2327,0.3,0.2488,0.7815,0.8367
63.601,1,RETURN_HOME,-5.0645,-1.4959,-1.9416,1.1107,-0.6608,0.2159,1.2107,-0.4608,1.2954,0.0,0.0,5.2808,11.382898330688477,2.534619092941284,-101.22,0,1,180,1.621,0.7956,1.0,0.6871,0.2387,0.3,0.2748,0.8135,0.8408
63.651,1,RETURN_HOME,-5.0125,-1.5274,-1.9378,1.1162,-0.6471,0.2246,1.2162,-0.4471,1.2958,0.0,0.0,5.24,11.285847663879395,2.5134146213531494,-101.47,0,1,180,1.576,0.7973,1.0,0.6887,0.2392,0.3,0.2755,0.8147,0.8495
63.701,1,RETURN_HOME,-4.9687,-1.5532,-1.9356,1.1209,-0.6354,0.2317,1.2209,-0.4354,1.2963,0.0,0.0,5.2058,11.189069747924805,2.492396831512451,-101.97,0,1,180,1.732,0.7988,1.0,0.6903,0.2396,0.3,0.2761,0.8157,0.8581
63.751,1,RETURN_HOME,-4.9252,-1.5782,-1.9326,1.1276,-0.6233,0.2388,1.2276,-0.4233,1.2985,0.0,0.0,5.1719,10.996722221374512,2.4505198001861572,-104.47,0,1,180,1.577,0.8008,1.0,0.6932,0.2402,0.3,0.2773,0.8175,0.8693
63.801,1,RETURN_HOME,-4.8749,-1.6061,-1.923,1.137,-0.6075,0.2473,1.237,-0.4075,1.3024,0.0,0.0,5.1327,10.905709266662598,2.4298574924468994,-103.47,0,1,180,1.66,0.8042,1.0,0.6983,0.2413,0.3,0.2793,0.8206,0.8845
63.851,1,RETURN_HOME,-4.8236,-1.6336,-1.9154,1.1484,-0.5919,0.2559,1.2484,-0.3919,1.3085,0.0,0.0,5.0927,10.81525993347168,2.411689043045044,-104.22,0,1,180,1.614,0.8076,1.0,0.7045,0.2423,0.3,0.2818,0.8241,0.9001
63.901,1,RETURN_HOME,-4.7783,-1.6556,-1.9102,1.1596,-0.5789,0.2633,1.2596,-0.3789,1.3153,0.0,0.0,5.057,10.62997817993164,2.371847152709961,-105.72,0,1,180,1.453,0.8105,1.0,0.7107,0.2432,0.3,0.2843,0.8275,0.9153
63.951,1,RETURN_HOME,-4.73,-1.6768,-1.9061,1.1722,-0.5659,0.2706,1.2722,-0.3659,1.3237,0.0,0.0,5.0184,10.544129371643066,2.35300612449646,-106.72,0,1,180,1.849,0.8135,1.0,0.7179,0.244,0.3,0.2871,0.8312,0.9285
64.001,1,RETURN_HOME,-4.6717,-1.7018,-1.9026,1.1873,-0.5505,0.2793,1.2873,-0.3505,1.3341,0.0,0.0,4.972,10.46074390411377,2.3343162536621094,-105.22,0,1,180,1.52,0.8167,1.0,0.7264,0.245,0.3,0.2905,0.8355,0.9445
64.051,1,RETURN_HOME,-4.6221,-1.7217,-1.901,1.1998,-0.5374,0.2865,1.2998,-0.3374,1.3428,0.0,0.0,4.9324,10.285847663879395,2.297499418258667,-105.72,0,1,180,1.767,0.8193,1.0,0.7335,0.2458,0.3,0.2934,0.8392,0.9659
64.101,1,RETURN_HOME,-4.5613,-1.7441,-1.9001,1.2147,-0.5211,0.2948,1.3147,-0.3211,1.3534,0.0,0.0,4.8833,10.207597732543945,2.2803215980529785,-107.22,0,1,180,1.479,0.8226,1.0,0.7422,0.2468,0.3,0.2969,0.8437,0.9862
64.151,1,RETURN_HOME,-4.5001,-1.7661,-1.9004,1.2292,-0.5051,0.3033,1.3292,-0.3051,1.3637,0.0,0.0,4.8343,10.129194259643555,2.2640867233276367,-106.97,0,1,180,1.65,0.8256,1.0,0.7506,0.2477,0.3,0.3002,0.8479,1.0072
64.201,1,RETURN_HOME,-4.4496,-1.7838,-1.9021,1.2405,-0.4917,0.3104,1.3405,-0.2917,1.3718,0.0,0.0,4.7938,9.966482162475586,2.2285966873168945,-107.72,0,1,180,1.549,0.8279,1.0,0.7571,0.2484,0.3,0.3029,0.8512,1.0322
64.251,1,RETURN_HOME,-4.3888,-1.8045,-1.9049,1.2536,-0.4758,0.3192,1.3536,-0.2758,1.3814,0.0,0.0,4.7453,9.89155101776123,2.214554786682129,-107.97,0,1,180,1.775,0.8303,1.0,0.7647,0.2491,0.3,0.3059,0.855,1.0506
64.301,1,RETURN_HOME,-4.3378,-1.8215,-1.9077,1.2644,-0.4627,0.3266,1.3644,-0.2627,1.3895,0.0,0.0,4.7047,9.817683219909668,2.1977293491363525,-106.97,0,1,180,1.693,0.8322,1.0,0.7709,0.2497,0.3,0.3084,0.858,1.0673
64.351,1,RETURN_HOME,-4.2791,-1.8426,-1.9112,1.276,-0.4477,0.3355,1.376,-0.2477,1.3981,0.0,0.0,4.659,9.668679237365723,2.165611982345581,-108.48,0,1,180,1.483,0.8339,1.0,0.7772,0.2502,0.3,0.3109,0.861,1.0936
64.401,1,RETURN_HOME,-4.2301,-1.8599,-1.9144,1.2855,-0.4353,0.3428,1.3855,-0.2353,1.4053,0.0,0.0,4.6209,9.59802532196045,2.1528029441833496,-109.48,0,1,180,1.669,0.8351,1.0,0.7824,0.2505,0.3,0.313,0.8635,1.1085
64.451,1,RETURN_HOME,-4.1697,-1.8804,-1.9185,1.2974,-0.4206,0.3516,1.3974,-0.2206,1.4147,0.0,0.0,4.5741,9.530274391174316,2.138125419616699,-110.23,0,1,180,1.609,0.8363,1.0,0.7888,0.2509,0.3,0.3155,0.8664,1.1257
64.501,1,RETURN_HOME,-4.1162,-1.8984,-1.9219,1.3083,-0.4091,0.3589,1.4083,-0.2091,1.4238,0.0,0.0,4.5328,9.386879920959473,2.1077184677124023,-110.73,0,1,180,1.637,0.8367,1.0,0.7942,0.251,0.3,0.3177,0.8687,1.1505
64.551,1,RETURN_HOME,-4.0516,-1.9191,-1.9261,1.3215,-0.3952,0.3676,1.4215,-0.1952,1.4349,0.0,0.0,4.4831,9.32179069519043,2.0939066410064697,-110.23,0,1,180,1.764,0.8371,1.0,0.8008,0.2511,0.3,0.3203,0.8714,1.1663
64.601,1,RETURN_HOME,-3.9973,-1.9353,-1.9296,1.3326,-0.3831,0.3748,1.4326,-0.1831,1.4443,0.0,0.0,4.4411,9.256572723388672,2.0821619033813477,-110.73,0,1,180,1.702,0.8375,1.0,0.8064,0.2513,0.3,0.3226,0.8738,1.1828
64.651,1,RETURN_HOME,-3.9306,-1.9522,-1.9338,1.346,-0.3678,0.3835,1.446,-0.1678,1.4557,0.0,0.0,4.3887,9.120855331420898,2.0548768043518066,-112.23,0,1,180,1.803,0.8384,1.0,0.8136,0.2515,0.3,0.3254,0.8769,1.2181
64.701,1,RETURN_HOME,-3.8748,-1.9659,-1.9373,1.357,-0.3549,0.3908,1.457,-0.1549,1.4652,0.0,0.0,4.345,9.055521011352539,2.043492555618286,-112.98,0,1,180,1.677,0.839,1.0,0.8195,0.2517,0.3,0.3278,0.8795,1.2384
64.751,1,RETURN_HOME,-3.8092,-1.9819,-1.9394,1.3694,-0.3396,0.3997,1.4694,-0.1396,1.476,0.0,0.0,4.294,8.924407005310059,2.019052743911743,-111.98,0,1,180,1.689,0.8395,1.0,0.8261,0.2518,0.3,0.3304,0.8823,1.2778
64.801,1,RETURN_HOME,-3.7461,-1.9976,-1.9377,1.3806,-0.3245,0.4089,1.4806,-0.1245,1.4859,0.0,0.0,4.2454,8.861786842346191,2.0076587200164795,-112.23,0,1,180,1.682,0.8398,1.0,0.8319,0.252,0.3,0.3328,0.8847,1.2989
64.852,1,RETURN_HOME,-3.682,-2.0127,-1.9368,1.3922,-0.3093,0.4182,1.4922,-0.1093,1.4962,0.0,0.0,4.1962,8.7987699508667,1.9973101615905762,-113.73,0,1,180,2.436,0.8401,1.0,0.8379,0.252,0.3,0.3352,0.8872,1.3206
64.9,1,RETURN_HOME,-3.63,-2.0243,-1.9364,1.4011,-0.2963,0.426,1.4011,-0.0963,1.4044,0.0,0.0,4.1563,8.667170524597168,1.97555410861969,-114.73,0,1,180,1.045,0.8379,1.0,0.7845,0.2514,0.3,0.3138,0.8652,1.3602
64.95,1,RETURN_HOME,-3.5671,-2.0375,-1.9365,1.4122,-0.2806,0.4354,1.4122,-0.0806,1.4145,0.0,0.0,4.108,8.605257034301758,1.9663331508636475,-115.48,0,1,180,1.11,0.8386,1.0,0.7908,0.2516,0.3,0.3163,0.8679,1.3828
65.001,1,RETURN_HOME,-3.5137,-2.048,-1.9372,1.4219,-0.2675,0.4433,1.4219,-0.0675,1.4235,0.0,0.0,4.067,8.543965339660645,1.9588367938995361,-116.23,0,1,180,1.217,0.8391,1.0,0.7963,0.2517,0.3,0.3185,0.8702,1.4057
65.05,1,RETURN_HOME,-3.4476,-2.0604,-1.9392,1.432,-0.2518,0.4527,1.432,-0.0518,1.433,0.0,0.0,4.0163,8.416770935058594,1.9372261762619019,-114.98,0,1,180,1.07,0.8393,1.0,0.8018,0.2518,0.3,0.3207,0.8725,1.4487
65.1,1,RETURN_HOME,-3.3804,-2.0722,-1.9418,1.44,-0.236,0.4623,1.44,-0.036,1.4404,0.0,0.0,3.965,8.354555130004883,1.9309823513031006,-114.73,0,1,180,1.095,0.8393,1.0,0.8059,0.2518,0.3,0.3224,0.8741,1.4755
65.15,1,RETURN_HOME,-3.3129,-2.0834,-1.9441,1.4464,-0.2202,0.472,1.4464,-0.0202,1.4465,0.0,0.0,3.9136,8.231719017028809,1.915520191192627,-115.98,0,1,180,1.154,0.839,1.0,0.8091,0.2517,0.3,0.3236,0.8753,1.5266
65.2,1,RETURN_HOME,-3.2569,-2.0932,-1.9442,1.451,-0.2074,0.4802,1.451,-0.0074,1.451,0.0,0.0,3.8715,8.166945457458496,1.9070947170257568,-115.73,0,1,180,1.104,0.8385,1.0,0.8111,0.2515,0.3,0.3244,0.876,1.5518
65.251,1,RETURN_HOME,-3.1891,-2.104,-1.9449,1.4563,-0.1918,0.4899,1.4563,0.0082,1.4563,0.0,0.0,3.8207,8.104551315307617,1.9000747203826904,-116.98,0,1,180,1.243,0.8378,1.0,0.8134,0.2513,0.3,0.3253,0.8767,1.5733
65.3,1,RETURN_HOME,-3.1198,-2.1141,-1.9477,1.4622,-0.176,0.4998,1.4622,0.024,1.4624,0.0,0.0,3.7687,7.986359596252441,1.888930320739746,-117.48,0,1,180,1.089,0.8369,1.0,0.816,0.2511,0.3,0.3264,0.8775,1.5901
65.35,1,RETURN_HOME,-3.0609,-2.122,-1.9515,1.4678,-0.1628,0.5082,1.4678,0.0372,1.4682,0.0,0.0,3.7245,7.917963981628418,1.8811746835708618,-119.49,0,1,180,1.076,0.836,1.0,0.8183,0.2508,0.3,0.3273,0.8781,1.5864
65.4,1,RETURN_HOME,-2.99,-2.1305,-1.956,1.4744,-0.1469,0.5186,1.4744,0.0531,1.4753,0.0,0.0,3.6714,7.859707355499268,1.8758718967437744,-119.49,0,1,180,1.151,0.8347,1.0,0.821,0.2504,0.3,0.3284,0.8788,1.5842
65.45,1,RETURN_HOME,-2.9273,-2.135,-1.9604,1.481,-0.1325,0.5274,1.281,0.0675,1.2828,0.0,0.0,3.6232,7.739905834197998,1.8663747310638428,-120.99,0,1,180,1.095,0.8378,1.0,0.7165,0.2513,0.3,0.2866,9979.9967,1.5781
65.5,1,RETURN_HOME,-2.8497,-2.1384,-1.9657,1.4898,-0.1145,0.5383,1.2898,0.0855,1.2927,0.0,0.0,3.5628,7.67322301864624,1.860995888710022,-118.73,0,1,180,1.122,0.8378,1.0,0.722,0.2513,0.3,0.2888,9980.3047,1.5769
65.55,1,RETURN_HOME,-2.7853,-2.1409,-1.97,1.4976,-0.0996,0.5475,1.2976,0.1004,1.3015,0.0,0.0,3.513,7.612552165985107,1.8570531606674194,-119.49,0,1,180,0.954,0.8375,1.0,0.7267,0.2513,0.3,0.2907,9980.5888,1.574
65.6,1,RETURN_HOME,-2.7049,-2.1445,-1.979,1.503,-0.083,0.5587,1.303,0.117,1.3082,0.0,0.0,3.4519,7.49255895614624,1.8504096269607544,-122.99,0,1,180,0.904,0.836,1.0,0.7292,0.2508,0.3,0.2917,9980.8688,1.5711
65.65,1,RETURN_HOME,-2.6382,-2.1472,-1.9864,1.5032,-0.0693,0.5683,1.3032,0.1307,1.3097,0.0,0.0,3.4015,7.427294731140137,1.8478240966796875,-120.49,0,1,180,0.776,0.8347,1.0,0.7288,0.2504,0.3,0.2915,9981.0742,1.5711
65.7,1,RETURN_HOME,-2.5592,-2.1497,-1.9944,1.4993,-0.0527,0.5802,1.2993,0.1473,1.3076,0.0,0.0,3.3422,7.366403579711914,1.844757318496704,-121.99,0,1,180,1.057,0.8333,1.0,0.7264,0.25,0.3,0.2906,9981.3083,1.5712
65.75,1,RETURN_HOME,-2.4936,-2.1519,-2.0039,1.494,-0.0388,0.5903,1.294,0.1612,1.304,0.0,0.0,3.2937,7.247522354125977,1.8416942358016968,-124.24,0,1,180,1.065,0.832,1.0,0.7233,0.2496,0.3,0.2893,9981.4875,1.5709
65.8,1,RETURN_HOME,-2.4289,-2.1535,-2.0123,1.4876,-0.0248,0.6008,1.2876,0.1752,1.2995,0.0,0.0,3.2461,7.178097248077393,1.8393481969833374,-124.74,0,1,180,1.064,0.8309,1.0,0.7198,0.2493,0.3,0.2879,9981.7096,1.573
65.851,1,RETURN_HOME,-2.3523,-2.1547,-2.021,1.4798,-0.008,0.6134,1.2798,0.192,1.2941,0.0,0.0,3.19,7.116421222686768,1.8384569883346558,-125.74,0,1,180,1.211,0.8295,1.0,0.7156,0.2488,0.3,0.2862,9981.9667,1.5745
65.9,1,RETURN_HOME,-2.2874,-2.153,-2.0321,1.4735,0.0072,0.6241,1.2735,0.2072,1.2903,0.0,0.0,3.1413,6.9970245361328125,1.8385919332504272,-125.74,0,1,180,1.069,0.8288,1.0,0.7129,0.2486,0.3,0.2852,9982.2122,1.5785
65.95,1,RETURN_HOME,-2.2107,-2.15,-2.0433,1.4659,0.0257,0.6373,1.2659,0.2257,1.2859,0.0,0.0,3.0838,6.929434776306152,1.8377643823623657,-124.74,0,1,180,1.126,0.8281,1.0,0.7099,0.2484,0.3,0.284,9982.4989,1.5811
66.0,1,RETURN_HOME,-2.1484,-2.1474,-2.0496,1.4595,0.0407,0.6486,1.2595,0.2407,1.2823,0.0,0.0,3.0376,6.869219779968262,1.8377389907836914,-127.99,0,1,180,1.05,0.8274,1.0,0.7073,0.2482,0.3,0.2829,9982.7141,1.5836
66.051,1,RETURN_HOME,-2.0892,-2.1451,-2.0498,1.4521,0.0551,0.6604,1.2521,0.2551,1.2779,0.0,0.0,2.9944,6.807687282562256,1.8382790088653564,-127.49,0,1,180,1.159,0.8267,1.0,0.7042,0.248,0.3,0.2817,9982.9098,1.5853
66.1,1,RETURN_HOME,-2.0186,-2.1416,-2.0494,1.4438,0.0722,0.6747,1.2438,0.2722,1.2733,0.0,0.0,2.9429,6.6802144050598145,1.8410863876342773,-130.5,0,1,180,1.053,0.8256,1.0,0.7008,0.2477,0.3,0.2803,9983.128,1.5942
66.151,1,RETURN_HOME,-1.9505,-2.1376,-2.0474,1.4348,0.0894,0.6893,1.2348,0.2894,1.2682,0.0,0.0,2.8937,6.617313861846924,1.8431413173675537,-126.49,0,1,180,1.42,0.8248,1.0,0.6974,0.2474,0.3,0.2789,9983.3739,1.5993
66.2,1,RETURN_HOME,-1.8865,-2.1335,-2.0432,1.4243,0.1065,0.7044,1.2243,0.3065,1.2621,0.0,0.0,2.8479,6.499943733215332,1.8487714529037476,-129.24,0,1,180,0.99,0.8245,1.0,0.6937,0.2473,0.3,0.2775,9983.628,1.6094
66.25,1,RETURN_HOME,-1.8223,-2.1286,-2.0392,1.4143,0.1238,0.7198,1.2143,0.3238,1.2567,0.0,0.0,2.8021,6.433722019195557,1.8512102365493774,-131.5,0,1,180,0.961,0.8241,1.0,0.6904,0.2472,0.3,0.2762,9983.8778,1.6139
66.3,1,RETURN_HOME,-1.7683,-2.1233,-2.0347,1.4063,0.1386,0.7329,1.2063,0.3386,1.2529,0.0,0.0,2.7632,6.372692584991455,1.8540295362472534,-131.0,0,1,180,1.186,0.8238,1.0,0.6881,0.2471,0.3,0.2753,9984.0877,1.62
66.351,1,RETURN_HOME,-1.703,-2.116,-2.0288,1.3972,0.1568,0.7488,1.1972,0.3568,1.2492,0.0,0.0,2.7162,6.258150577545166,1.8620619773864746,-131.75,0,1,180,1.711,0.8234,1.0,0.6857,0.247,0.3,0.2743,9984.3459,1.6332
66.401,1,RETURN_HOME,-1.6488,-2.1093,-2.0245,1.3896,0.172,0.7623,1.1896,0.372,1.2464,0.0,0.0,2.6773,6.1921515464782715,1.8676517009735107,-134.0,0,1,180,1.449,0.8229,1.0,0.6838,0.2469,0.3,0.2735,9984.5554,1.6418
66.451,1,RETURN_HOME,-1.5964,-2.1009,-2.0217,1.3811,0.1875,0.7763,1.1811,0.3875,1.243,0.0,0.0,2.6386,6.13649320602417,1.872086524963379,-133.0,0,1,180,1.749,0.8231,1.0,0.6821,0.2469,0.3,0.2728,9984.7811,1.6467
66.501,1,RETURN_HOME,-1.5338,-2.0899,-2.0192,1.3706,0.2063,0.7934,1.1706,0.4063,1.2391,0.0,0.0,2.5923,6.027684688568115,1.882009506225586,-134.5,0,1,180,1.485,0.8233,1.0,0.6801,0.247,0.3,0.272,9985.0473,1.663
66.552,1,RETURN_HOME,-1.4818,-2.0802,-2.0174,1.362,0.222,0.8077,1.162,0.422,1.2362,0.0,0.0,2.554,5.967742443084717,1.891287088394165,-134.5,0,1,180,1.839,0.8233,1.0,0.6786,0.247,0.3,0.2714,9985.2568,1.6723
66.601,1,RETURN_HOME,-1.415,-2.0681,-2.0158,1.353,0.2408,0.8248,1.153,0.4408,1.2344,0.0,0.0,2.5059,5.9150390625,1.897581696510315,-135.0,0,1,180,1.772,0.8222,1.0,0.6766,0.2466,0.3,0.2706,9985.5278,1.6822
66.651,1,RETURN_HOME,-1.3481,-2.0555,-2.0146,1.3443,0.2594,0.8419,1.1443,0.4594,1.2331,0.0,0.0,2.4582,5.809172630310059,1.9121953248977661,-134.75,0,1,180,1.613,0.8205,1.0,0.6745,0.2461,0.3,0.2698,9985.7746,1.6997
66.701,1,RETURN_HOME,-1.2931,-2.0442,-2.015,1.3369,0.2749,0.8562,1.1369,0.4749,1.2321,0.0,0.0,2.4188,5.751925468444824,1.9234464168548584,-135.0,0,1,180,1.65,0.8191,1.0,0.6728,0.2457,0.3,0.2691,9985.9695,1.7117
66.751,1,RETURN_HOME,-1.2394,-2.0312,-2.0198,1.329,0.2908,0.8705,1.129,0.4908,1.231,0.0,0.0,2.3795,5.70172119140625,1.9327470064163208,-135.0,0,1,180,1.637,0.818,1.0,0.6713,0.2454,0.3,0.2685,9986.1712,1.7229
66.801,1,RETURN_HOME,-1.1754,-2.0151,-2.0249,1.3193,0.3097,0.8878,1.1193,0.5097,1.2299,0.0,0.0,2.3329,5.6057329177856445,1.953665852546692,-135.0,0,1,180,1.575,0.8165,1.0,0.6695,0.245,0.3,0.2678,9986.3934,1.7445
66.851,1,RETURN_HOME,-1.1225,-2.0012,-2.0286,1.3113,0.3254,0.9023,1.1113,0.5254,1.2292,0.0,0.0,2.2945,5.551190376281738,1.964942455291748,-135.0,0,1,180,1.581,0.8151,1.0,0.6679,0.2445,0.3,0.2672,9986.5608,1.7573
66.901,1,RETURN_HOME,-1.0652,-1.9842,-2.0344,1.2997,0.3438,0.92,1.0997,0.5438,1.2268,0.0,0.0,2.252,5.505692005157471,1.978694200515747,-134.75,0,1,180,1.659,0.8145,1.0,0.6662,0.2444,0.3,0.2665,9986.7865,1.7713
66.951,1,RETURN_HOME,-1.0172,-1.9694,-2.0384,1.29,0.3592,0.9349,1.09,0.5592,1.2251,0.0,0.0,2.2166,5.414106369018555,2.006221055984497,-135.0,0,1,180,1.621,0.8138,1.0,0.6647,0.2442,0.3,0.2659,9987.0041,1.7973
67.001,1,RETURN_HOME,-0.9683,-1.954,-2.0411,1.2809,0.3747,0.9498,1.0809,0.5747,1.2242,0.0,0.0,2.1808,5.36304235458374,2.020942211151123,-135.0,0,1,180,1.448,0.8127,1.0,0.6632,0.2438,0.3,0.2653,9987.2067,1.8131
67.051,1,RETURN_HOME,-0.9061,-1.9349,-2.0407,1.2715,0.3933,0.9678,1.0715,0.5933,1.2248,0.0,0.0,2.1365,5.318279266357422,2.0371615886688232,-135.0,0,1,180,1.608,0.8097,1.0,0.6612,0.2429,0.3,0.2645,9987.4076,1.8284
67.101,1,RETURN_HOME,-0.8445,-1.9149,-2.0399,1.262,0.4122,0.986,1.062,0.6122,1.2258,0.0,0.0,2.0928,5.233236789703369,2.069432258605957,-135.0,0,1,180,1.438,0.8065,1.0,0.6591,0.242,0.3,0.2637,9987.5881,1.8633
67.151,1,RETURN_HOME,-0.7947,-1.8978,-2.0446,1.2535,0.4279,1.0014,1.0535,0.6279,1.2264,0.0,0.0,2.0574,5.186202526092529,2.0878474712371826,-135.0,0,1,180,1.755,0.804,1.0,0.6574,0.2412,0.3,0.263,9987.7285,1.8836
67.201,1,RETURN_HOME,-0.7459,-1.8802,-2.052,1.2446,0.4435,1.0172,1.0446,0.6435,1.2269,0.0,0.0,2.0227,5.146246433258057,2.1085588932037354,-135.0,0,1,180,1.544,0.8015,1.0,0.6556,0.2404,0.3,0.2622,9987.8578,1.9026
67.251,1,RETURN_HOME,-0.6875,-1.8584,-2.0594,1.2341,0.4621,1.0366,1.0341,0.6621,1.2279,0.0,0.0,1.9815,5.062938213348389,2.146812915802002,-135.0,0,1,180,1.589,0.7979,1.0,0.6532,0.2394,0.3,0.2613,9987.9973,1.9431
67.301,1,RETURN_HOME,-0.6392,-1.842,-2.0628,1.2251,0.4768,1.053,1.0251,0.6768,1.2283,0.0,0.0,1.9497,5.021128177642822,2.1712167263031006,-135.0,0,1,180,1.657,0.7941,1.0,0.6503,0.2382,0.3,0.2601,9988.1027,1.9669
67.351,1,RETURN_HOME,-0.5817,-1.8229,-2.0647,1.2142,0.4939,1.0732,1.0142,0.6939,1.2288,0.0,0.0,1.9134,4.980953693389893,2.192582845687866,-135.0,0,1,180,1.683,0.7888,1.0,0.6462,0.2366,0.3,0.2585,9988.1944,1.9887
67.401,1,RETURN_HOME,-0.5339,-1.8058,-2.0656,1.2051,0.5085,1.0902,1.0051,0.7085,1.2297,0.0,0.0,1.8831,4.90402889251709,2.240936279296875,-135.0,0,1,180,2.124,0.7842,1.0,0.6429,0.2353,0.3,0.2572,9988.2618,2.0394
67.451,1,RETURN_HOME,-0.4749,-1.7865,-2.0617,1.1951,0.5255,1.1109,0.9951,0.7255,1.2315,0.0,0.0,1.8486,4.863636493682861,2.2698450088500977,-135.0,0,1,180,1.643,0.777,1.0,0.6379,0.2331,0.3,0.2551,9988.2851,2.0665
67.501,1,RETURN_HOME,-0.4255,-1.7701,-2.0568,1.1868,0.5398,1.1285,0.9868,0.7398,1.2333,0.0,0.0,1.8205,4.827200889587402,2.2975778579711914,-135.0,0,1,180,1.739,0.7703,1.0,0.6333,0.2311,0.3,0.2533,9988.28,2.0939
67.551,1,RETURN_HOME,-0.367,-1.7489,-2.0512,1.1766,0.5575,1.1501,0.9766,0.7575,1.236,0.0,0.0,1.787,4.755579948425293,2.354641914367676,-135.0,0,1,180,1.637,0.7621,1.0,0.6279,0.2286,0.3,0.2512,9988.265,2.0532
67.601,1,RETURN_HOME,-0.3179,-1.7311,-2.0485,1.1684,0.5722,1.1686,0.9684,0.7722,1.2386,0.0,0.0,1.7601,4.7216105461120605,2.391498565673828,-135.0,0,1,180,1.471,0.7544,1.0,0.6229,0.2263,0.3,0.2492,9988.2963,2.0002
67.651,1,RETURN_HOME,-0.2598,-1.7084,-2.0455,1.1582,0.5901,1.1914,0.9582,0.7901,1.2419,0.0,0.0,1.728,4.694645881652832,2.422407865524292,-135.0,0,1,180,1.716,0.745,1.0,0.6168,0.2235,0.3,0.2467,9988.3294,1.9529
67.701,1,RETURN_HOME,-0.2022,-1.6847,-2.0428,1.1476,0.6081,1.2151,0.9476,0.8081,1.2454,0.0,0.0,1.6968,4.644423961639404,2.493032455444336,-135.0,0,1,180,1.521,0.7349,1.0,0.6102,0.2205,0.3,0.2441,9988.3418,1.8433
67.751,1,RETURN_HOME,-0.1537,-1.6662,-2.0408,1.1387,0.6221,1.2354,0.9387,0.8221,1.2478,0.0,0.0,1.6733,4.614441394805908,2.5371713638305664,-135.0,0,1,180,1.731,0.7252,1.0,0.6032,0.2175,0.3,0.2413,9988.3083,1.7885
67.801,1,RETURN_HOME,-0.106,-1.6464,-2.0389,1.1297,0.6363,1.2562,0.9297,0.8363,1.2505,0.0,0.0,1.6498,4.595298767089844,2.577054262161255,-135.0,0,1,180,1.683,0.7152,1.0,0.5962,0.2146,0.3,0.2385,9988.269,1.7395
67.851,1,RETURN_HOME,-0.0512,-1.6213,-2.0374,1.1178,0.6537,1.282,0.9178,0.8537,1.2535,0.0,0.0,1.6221,4.5373334884643555,2.6649346351623535,-135.0,0,1,180,1.49,0.7038,1.0,0.5881,0.2111,0.3,0.2353,9988.2285,1.6264
67.901,1,RETURN_HOME,-0.0085,-1.5995,-2.037,1.1066,0.6683,1.3042,0.9066,0.8683,1.2554,0.0,0.0,1.5995,4.509756088256836,2.71820330619812,-135.0,0,1,180,1.564,0.6955,1.0,0.5821,0.2087,0.3,0.2328,9988.25,1.5667
67.951,1,RETURN_HOME,0.0423,-1.5717,-2.0365,1.0934,0.6864,1.3314,0.8934,0.8864,1.2585,0.0,0.0,1.5723,4.482987403869629,2.7687618732452393,-135.0,0,1,180,1.568,0.6849,1.0,0.5747,0.2055,0.3,0.2299,9988.2996,1.5157
68.001,1,RETURN_HOME,0.0829,-1.5476,-2.0347,1.082,0.7016,1.3548,0.882,0.9016,1.2613,0.0,0.0,1.5498,4.4327168464660645,2.8774991035461426,-135.0,0,1,180,1.593,0.6764,1.0,0.5688,0.2029,0.3,0.2275,9988.3412,1.3904
68.051,1,RETURN_HOME,0.129,-1.5175,-2.0303,1.0677,0.7202,1.3837,0.8677,0.9202,1.2648,0.0,0.0,1.523,4.400449752807617,2.9468932151794434,-135.0,0,1,180,1.597,0.6668,1.0,0.5622,0.2,0.3,0.2249,9988.397,1.3345
68.101,1,RETURN_HOME,0.1675,-1.4913,-2.027,1.0561,0.7359,1.4083,0.8561,0.9359,1.2684,0.0,0.0,1.5007,4.372519016265869,3.0104291439056396,-135.0,0,1,180,1.423,0.6579,1.0,0.5563,0.1974,0.3,0.2225,9988.427,1.2815
68.151,1,RETURN_HOME,0.215,-1.4572,-2.0228,1.0428,0.7556,1.4383,0.8428,0.9556,1.2742,0.0,0.0,1.473,4.319399356842041,3.150181293487549,-135.0,0,1,180,1.713,0.6454,1.0,0.5483,0.1936,0.3,0.2193,9988.4407,1.1475
68.201,1,RETURN_HOME,0.2633,-1.4206,-2.0183,1.03,0.776,1.4688,0.83,0.976,1.2812,0.0,0.0,1.4448,4.286956310272217,3.2370402812957764,-135.0,0,1,180,1.708,0.631,1.0,0.539,0.1893,0.3,0.2156,9988.425,1.0793
68.251,1,RETURN_HOME,0.3032,-1.3893,-2.015,1.0194,0.7931,1.4945,0.8194,0.9931,1.2875,0.0,0.0,1.422,4.258355617523193,3.3193044662475586,-135.0,0,1,180,1.721,0.6179,1.0,0.5303,0.1854,0.3,0.2121,9988.4415,1.0192
68.301,1,RETURN_HOME,0.3411,-1.3576,-2.0123,1.0082,0.8099,1.5208,0.8082,1.0099,1.2935,0.0,0.0,1.3998,4.200741291046143,3.5019278526306152,-135.0,0,1,180,1.576,0.605,1.0,0.5217,0.1815,0.3,0.2087,9988.4874,0.8844
68.351,1,RETURN_HOME,0.3784,-1.325,-2.0099,0.9969,0.827,1.5473,0.7969,0.927,1.2225,0.0,0.0,1.378,4.172693729400635,3.612151861190796,-135.0,0,1,180,2.231,0.5502,1.0,0.4484,0.1651,0.3,0.1794,9988.2055,1.109
68.401,1,RETURN_HOME,0.423,-1.2849,-2.0076,0.9832,0.8479,1.5797,0.7832,0.9479,1.2296,0.0,0.0,1.3528,4.140100002288818,3.7208809852600098,-135.0,0,1,180,1.558,0.533,1.0,0.4369,0.1599,0.3,0.1748,9988.247,1.0463
68.451,1,RETURN_HOME,0.457,-1.2526,-2.0088,0.9708,0.8644,1.6073,0.7708,0.9644,1.2346,0.0,0.0,1.3333,4.113310813903809,3.836813449859619,-135.0,0,1,180,1.695,0.5198,1.0,0.4279,0.156,0.3,0.1711,9988.2781,0.986
68.501,1,RETURN_HOME,0.497,-1.2133,-2.0109,0.956,0.8811,1.6414,0.756,0.9811,1.2386,0.0,0.0,1.3112,4.050660133361816,3.7460787296295166,135.0,0,1,180,1.542,0.5016,1.0,0.4142,0.1505,0.3,0.1657,9988.2872,0.8491
68.551,1,RETURN_HOME,0.5305,-1.1798,-2.0126,0.9438,0.8933,1.6705,0.7438,0.9933,1.2409,0.0,0.0,1.2936,4.020228862762451,3.706778049468994,135.0,0,1,180,1.638,0.4843,1.0,0.4136,0.1453,0.3,0.1655,9988.2706,0.7951
68.601,1,RETURN_HOME,0.5698,-1.1409,-2.0167,0.9291,0.9059,1.706,0.7291,0.9059,1.1628,0.0,0.0,1.2753,3.991917371749878,3.6701745986938477,135.0,0,1,180,1.765,0.4168,1.0,0.3876,0.1251,0.3,0.155,9988.1065,1.059
68.651,1,RETURN_HOME,0.6024,-1.108,-2.0201,0.9169,0.9158,1.736,0.7169,0.9158,1.163,0.0,0.0,1.2612,4.123705863952637,3.6021645069122314,135.0,0,1,180,1.604,0.3974,1.0,0.3877,0.1192,0.3,0.1551,9988.1305,0.9224
68.701,1,RETURN_HOME,0.6419,-1.067,-2.024,0.9027,0.9281,1.7726,0.7027,0.9281,1.1641,0.0,0.0,1.2452,4.105325698852539,3.573465585708618,135.0,0,1,180,1.544,0.372,1.0,0.388,0.1116,0.3,0.1552,9988.1406,0.8858
68.751,1,RETURN_HOME,0.6758,-1.0307,-2.028,0.8914,0.9374,1.8033,0.6914,0.9374,1.1648,0.0,0.0,1.2325,4.0882673263549805,3.549389123916626,135.0,0,1,180,1.704,0.3475,1.0,0.3883,0.1043,0.3,0.1553,9988.1282,0.8413
68.801,1,RETURN_HOME,0.7162,-0.9864,-2.0321,0.878,0.9465,1.8408,0.678,0.9465,1.1643,0.0,0.0,1.219,4.04773473739624,3.501600742340088,135.0,0,1,180,1.605,0.3156,1.0,0.3881,0.0947,0.3,0.1552,9988.0883,0.7227
68.851,1,RETURN_HOME,0.7497,-0.9488,-2.0347,0.8667,0.953,1.8725,0.6667,0.953,1.163,0.0,0.0,1.2092,4.034916877746582,3.4835262298583984,135.0,0,1,180,1.718,0.2875,1.0,0.3877,0.0862,0.3,0.1551,9988.0404,0.6889
68.901,1,RETURN_HOME,0.7894,-0.9018,-2.0362,0.8528,0.9604,1.9112,0.6528,0.8604,1.08,0.0,0.0,1.1985,4.011246204376221,3.466933012008667,135.0,0,1,180,1.64,0.2014,1.0,0.36,0.0604,0.3,0.144,9988.0132,0.9619
68.951,1,RETURN_HOME,0.8222,-0.8625,-2.0371,0.841,0.9665,1.9441,0.641,0.8665,1.0778,0.0,0.0,1.1916,3.974459648132324,3.4420485496520996,135.0,0,1,180,1.764,0.1715,1.0,0.3593,0.0515,0.3,0.1437,9988.0139,0.8323
69.001,1,RETURN_HOME,0.8543,-0.8221,-2.037,0.829,0.9732,1.9779,0.629,0.8732,1.0761,0.0,0.0,1.1856,3.9621973037719727,3.431195020675659,135.0,0,1,180,1.573,0.1415,1.0,0.3587,0.0424,0.3,0.1435,9988.0051,0.7953
69.051,1,RETURN_HOME,0.8919,-0.7722,-2.0352,0.8146,0.9796,2.0194,0.6146,0.8796,1.073,0.0,0.0,1.1797,3.9371352195739746,3.4225852489471436,135.0,0,1,180,1.727,0.1035,1.0,0.3577,0.0311,0.3,0.1431,9987.9812,0.7753
69.101,1,RETURN_HOME,0.9229,-0.7307,-2.0338,0.8025,0.9828,2.055,0.6025,0.8828,1.0688,0.0,0.0,1.1772,3.902980089187622,3.413802146911621,135.0,0,1,180,1.54,0.0707,1.0,0.3563,0.0212,0.3,0.1425,9987.9396,0.6591
69.151,1,RETURN_HOME,0.959,-0.6813,-2.0324,0.7878,0.9847,2.0989,0.5878,0.8847,1.0622,0.0,0.0,1.1764,3.887704372406006,3.411332607269287,135.0,0,1,180,1.621,0.0312,1.0,0.3541,0.0094,0.3,0.1416,9987.8716,0.6524
69.201,1,RETURN_HOME,0.9941,-0.6322,-2.0313,0.7727,0.9853,2.1439,0.5727,0.7853,0.9719,0.0,0.0,1.1781,3.866389751434326,3.4132630825042725,135.0,0,1,180,1.59,-0.0636,1.0,0.324,-0.0191,0.3,0.1296,9987.7899,0.9448
69.251,1,RETURN_HOME,1.0231,-0.5915,-2.0304,0.76,0.9854,2.1821,0.56,0.7854,0.9645,0.0,0.0,1.1817,3.8384008407592773,3.425014019012451,135.0,0,1,180,1.608,-0.095,1.0,0.3215,-0.0285,0.3,0.1286,9987.7077,0.8399
69.301,1,RETURN_HOME,1.0572,-0.5437,-2.0284,0.7443,0.985,2.229,0.5443,0.785,0.9552,0.0,0.0,1.1889,3.8183703422546387,3.415820837020874,-35.66,0,1,180,1.648,-0.1309,1.0,0.3184,-0.0393,0.3,0.1274,9987.5891,0.8407
69.351,1,RETURN_HOME,1.0853,-0.5043,-2.0265,0.7313,0.9826,2.2688,0.5313,0.7826,0.946,0.0,0.0,1.1967,3.8027429580688477,3.386730670928955,-37.66,0,1,180,1.745,-0.1607,1.0,0.3153,-0.0482,0.3,0.1261,9987.476,0.8308
69.401,1,RETURN_HOME,1.1186,-0.4572,-2.0245,0.7158,0.9778,2.3173,0.5158,0.7778,0.9333,0.0,0.0,1.2084,3.8701632022857666,3.3271148204803467,-40.41,0,1,180,1.538,-0.1963,1.0,0.3111,-0.0589,0.3,0.1244,9987.3243,0.7506
69.451,1,RETURN_HOME,1.1453,-0.4198,-2.0258,0.7023,0.9713,2.3584,0.5023,0.7713,0.9205,0.0,0.0,1.2198,3.914354085922241,3.300037145614624,-41.66,0,1,180,1.701,-0.2239,1.0,0.3068,-0.0672,0.3,0.1227,9987.1909,0.7546
69.501,1,RETURN_HOME,1.1768,-0.3751,-2.0273,0.6859,0.9628,2.4083,0.4859,0.7628,0.9044,0.0,0.0,1.2351,3.9675238132476807,3.2707743644714355,-44.67,0,1,180,1.51,-0.2558,1.0,0.3015,-0.0767,0.3,0.1206,9987.0204,0.7801
69.551,1,RETURN_HOME,1.2027,-0.3379,-2.0283,0.6723,0.9553,2.4503,0.4723,0.7553,0.8908,0.0,0.0,1.2492,4.1085896492004395,3.2138566970825195,-48.92,0,1,180,1.709,-0.281,1.0,0.2969,-0.0843,0.3,0.1188,9986.8697,0.6991
69.601,1,RETURN_HOME,1.2322,-0.2942,-2.0296,0.6555,0.9456,2.5012,0.4555,0.7456,0.8737,0.0,0.0,1.2668,4.188699245452881,3.1864094734191895,-50.42,0,1,180,1.53,-0.309,1.0,0.2912,-0.0927,0.3,0.1165,9986.6859,0.7225
69.651,1,RETURN_HOME,1.2564,-0.2579,-2.0305,0.6416,0.9375,2.5437,0.4416,0.7375,0.8596,0.0,0.0,1.2826,4.278310298919678,3.1607487201690674,-52.67,0,1,180,1.565,-0.3307,1.0,0.2865,-0.0992,0.3,0.1146,9986.4823,0.7304
69.701,1,RETURN_HOME,1.2848,-0.2153,-2.0322,0.6249,0.9278,2.5947,0.4249,0.7278,0.8427,0.0,0.0,1.3028,4.5107035636901855,3.1051535606384277,-57.18,0,1,180,1.646,-0.3546,1.0,0.2809,-0.1064,0.3,0.1124,9986.2308,0.6732
69.751,1,RETURN_HOME,1.3073,-0.1823,-2.0373,0.6109,0.9192,2.6371,0.4109,0.7192,0.8283,0.0,0.0,1.32,4.644511699676514,3.07924222946167,-57.43,0,1,180,1.766,-0.3715,1.0,0.2761,-0.1114,0.3,0.1104,9986.0223,0.6821
69.801,1,RETURN_HOME,1.334,-0.1425,-2.0423,0.5943,0.909,2.6874,0.3943,0.809,0.9,0.0,0.0,1.3416,4.790861129760742,3.0548062324523926,-60.93,0,1,180,1.789,-0.3402,1.0,0.3,-0.1021,0.3,0.12,9985.8529,0.4087
69.851,1,RETURN_HOME,1.3565,-0.1092,-2.0458,0.5809,0.9006,2.7287,0.3809,0.7006,0.7975,0.0,0.0,1.3609,5.1618123054504395,3.0008647441864014,-65.19,0,1,180,1.659,-0.4056,1.0,0.2658,-0.1217,0.3,0.1063,9985.5397,0.6379
69.901,1,RETURN_HOME,1.3795,-0.0758,-2.0489,0.5678,0.892,2.7694,0.3678,0.692,0.7837,0.0,0.0,1.3816,5.370425701141357,2.9766290187835693,-68.44,0,1,180,1.604,-0.4202,1.0,0.2612,-0.1261,0.3,0.1045,9985.3009,0.6472
69.951,1,RETURN_HOME,1.4064,-0.0358,-2.0517,0.5519,0.8838,2.8171,0.3519,0.6838,0.7691,0.0,0.0,1.4068,5.602837562561035,2.951660394668579,-69.69,0,1,180,1.839,-0.4348,1.0,0.2564,-0.1304,0.3,0.1025,9985.0146,0.6607
70.001,1,RETURN_HOME,1.4272,-0.0034,-2.0533,0.5384,0.8764,2.8559,0.3384,0.6764,0.7564,0.0,0.0,1.4272,6.189378261566162,2.8999695777893066,-72.94,0,1,180,1.663,-0.4452,1.0,0.2521,-0.1336,0.3,0.1008,9984.7863,0.5999
70.051,1,RETURN_HOME,1.4463,0.0275,-2.0541,0.5246,0.868,2.8937,0.3246,0.668,0.7427,0.0,0.0,1.4465,6.520885467529297,2.8746445178985596,-73.19,0,1,180,1.724,-0.4541,1.0,0.2476,-0.1362,0.3,0.099,9984.5723,0.6066
70.101,1,RETURN_HOME,1.4687,0.0649,-2.0546,0.5078,0.8574,2.9376,0.3078,0.6574,0.726,0.0,0.0,1.4701,6.889636039733887,2.850390672683716,-76.2,0,1,180,1.65,-0.4636,1.0,0.242,-0.1391,0.3,0.0968,9984.3128,0.6272
70.151,1,RETURN_HOME,1.49,0.0968,-2.0548,0.4953,0.8486,2.9728,0.2953,0.6486,0.7126,0.0,0.0,1.4931,7.846104145050049,2.800863265991211,-80.45,0,1,180,1.762,-0.4725,1.0,0.2375,-0.1418,0.3,0.095,9984.061,0.5727
70.201,1,RETURN_HOME,1.5169,0.1354,-2.0548,0.4812,0.8379,3.0135,0.2812,0.6379,0.6971,0.0,0.0,1.5229,10.326247215270996,2.7751970291137695,-81.7,0,1,180,1.711,-0.4831,1.0,0.2324,-0.1449,0.3,0.093,9983.7363,0.5939
70.251,1,RETURN_HOME,1.5385,0.1675,-2.0545,0.4692,0.8289,3.0458,0.2692,0.6289,0.6841,0.0,0.0,1.5476,10.343894958496094,2.753117799758911,-82.45,0,1,180,1.738,-0.4907,1.0,0.228,-0.1472,0.3,0.0912,9983.4693,0.6003
70.301,1,RETURN_HOME,1.5638,0.2063,-2.0533,0.4549,0.8184,3.0827,0.2549,0.6184,0.6689,0.0,0.0,1.5774,10.378241539001465,2.703364849090576,-85.95,0,1,180,1.637,-0.4987,1.0,0.223,-0.1496,0.3,0.0892,9983.1491,0.5674
70.351,1,RETURN_HOME,1.5843,0.2385,-2.0519,0.4428,0.8097,3.112,0.2428,0.6097,0.6563,0.0,0.0,1.6021,10.394638061523438,2.6814115047454834,-87.71,0,1,180,1.684,-0.5042,1.0,0.2188,-0.1513,0.3,0.0875,9982.8852,0.5727
70.401,1,RETURN_HOME,1.6078,0.2767,-2.0502,0.428,0.7991,-3.1376,0.228,0.6991,0.7354,0.0,0.0,1.6314,10.411017417907715,2.6583433151245117,-88.96,0,1,180,1.607,-0.4669,1.0,0.2451,-0.1401,0.3,0.098,9982.621,0.2876
70.451,1,RETURN_HOME,1.628,0.3067,-2.051,0.4159,0.7894,-3.1109,0.2159,0.5894,0.6277,0.0,0.0,1.6566,10.441632270812988,2.609100580215454,-90.71,0,1,180,1.577,-0.5119,1.0,0.2092,-0.1536,0.3,0.0837,9982.3095,0.5516
70.501,1,RETURN_HOME,1.6476,0.3361,-2.052,0.4038,0.7793,-3.0853,0.2038,0.6793,0.7092,0.0,0.0,1.6816,10.457850456237793,2.5854294300079346,-91.96,0,1,180,1.471,-0.473,1.0,0.2364,-0.1419,0.3,0.0946,9982.091,0.2622
70.551,1,RETURN_HOME,1.6701,0.3712,-2.0528,0.389,0.7694,-3.0562,0.189,0.6694,0.6955,0.0,0.0,1.7109,10.4716796875,2.5632944107055664,-92.96,0,1,180,1.661,-0.4741,1.0,0.2318,-0.1422,0.3,0.0927,9981.7844,0.274
70.601,1,RETURN_HOME,1.6924,0.4082,-2.0537,0.3741,0.7606,-3.0292,0.1741,0.6606,0.6832,0.0,0.0,1.741,10.501047134399414,2.5158019065856934,-94.71,0,1,180,1.598,-0.4745,1.0,0.2277,-0.1423,0.3,0.0911,9981.4711,0.2448
70.651,1,RETURN_HOME,1.71,0.4387,-2.0541,0.3614,0.7546,-3.0079,0.1614,0.6546,0.6742,0.0,0.0,1.7654,10.514883041381836,2.4933242797851562,-98.22,0,1,180,1.588,-0.4732,1.0,0.2247,-0.142,0.3,0.0899,9981.2187,0.2413
70.701,1,RETURN_HOME,1.7294,0.4751,-2.053,0.3458,0.7491,-2.9839,0.1458,0.6491,0.6653,0.0,0.0,1.7935,10.528220176696777,2.4709110260009766,-98.22,0,1,180,1.73,-0.4699,1.0,0.2218,-0.141,0.3,0.0887,9980.9308,0.237
70.751,1,RETURN_HOME,1.7424,0.5061,-2.0479,0.3318,0.7458,-2.9649,0.1318,0.5458,0.5615,0.0,0.0,1.8144,10.553245544433594,2.4237606525421143,-100.22,0,1,180,1.719,-0.4965,1.0,0.1872,-0.1489,0.3,0.0749,9980.6877,0.4925
70.801,1,RETURN_HOME,1.7574,0.5431,-2.0421,0.3149,0.7429,-2.9435,0.1149,0.5429,0.5549,0.0,0.0,1.8394,10.56690788269043,2.4022722244262695,-100.72,0,1,180,1.532,-0.4866,1.0,0.185,-0.146,0.3,0.074,9980.4388,0.4814
70.851,1,RETURN_HOME,1.7695,0.5733,-2.0371,0.3008,0.7404,-2.9271,0.1008,0.5404,0.5497,0.0,0.0,1.86,10.580208778381348,2.379401683807373,-102.22,0,1,180,1.609,-0.4774,1.0,0.1832,-0.1432,0.3,0.0733,9980.2338,0.467
70.901,1,RETURN_HOME,1.7817,0.6019,-2.0303,0.2871,0.7352,-2.9117,0.0871,0.5352,0.5423,0.0,0.0,1.8806,10.616621017456055,2.333526134490967,-103.22,0,1,180,1.648,-0.4681,1.0,0.1808,-0.1404,0.3,0.0723,9980.0294,0.4299
70.951,1,RETURN_HOME,1.7956,0.636,-2.0231,0.2708,0.7267,-2.8943,0.0708,0.5267,0.5314,0.0,0.0,1.905,10.631132125854492,2.3100738525390625,-103.22,0,1,180,1.669,-0.4565,1.0,0.1771,-0.137,0.3,0.0709,9979.7885,0.4356
71.001,1,RETURN_HOME,1.8084,0.6645,-2.0193,0.2581,0.718,-2.8806,0.0581,0.518,0.5212,0.0,0.0,1.9267,10.650748252868652,2.289806604385376,-101.97,0,1,180,1.653,-0.4474,1.0,0.1737,-0.1342,0.3,0.0695,9979.5718,0.4416
71.051,1,RETURN_HOME,1.8259,0.6985,-2.018,0.2442,0.7063,-2.8647,0.0442,0.5063,0.5083,0.0,0.0,1.955,10.67066764831543,2.267037868499756,-103.97,0,1,180,1.598,-0.4372,0.9538,0.1694,-0.1312,0.2861,0.0678,0.2227,0.4524
71.101,1,RETURN_HOME,1.8394,0.7264,-2.0171,0.2323,0.6962,-2.852,0.0323,0.4962,0.4972,0.0,0.0,1.9776,10.478212356567383,2.221953868865967,-107.22,0,1,180,1.455,-0.427,0.8538,0.1657,-0.1281,0.2562,0.0663,0.1943,0.4353
71.151,1,RETURN_HOME,1.8521,0.7588,-2.0158,0.217,0.6835,-2.8375,0.017,0.4835,0.4838,0.0,0.0,2.0015,10.314508438110352,2.2007250785827637,-106.72,0,1,180,1.98,-0.4113,0.8073,0.1613,-0.1234,0.2422,0.0645,0.1833,0.452
71.201,1,RETURN_HOME,1.8602,0.7848,-2.0145,0.2033,0.6727,-2.826,0.0033,0.4727,0.4727,0.0,0.0,2.019,10.167160034179688,2.1802964210510254,-107.72,0,1,180,1.661,-0.3951,0.7624,0.1576,-0.1185,0.2287,0.063,0.1732,0.463
71.251,1,RETURN_HOME,1.8693,0.8156,-2.0132,0.1868,0.6602,-2.8126,-0.0132,0.4602,0.4604,0.0,0.0,2.0395,9.884581565856934,2.1357789039611816,-107.47,0,1,180,1.796,-0.3734,0.6748,0.1535,-0.112,0.2024,0.0614,0.1518,0.456
71.301,1,RETURN_HOME,1.8732,0.84,-2.0158,0.1718,0.6497,-2.8021,-0.0282,0.5497,0.5504,0.0,0.0,2.0529,9.772226333618164,2.1147053241729736,-108.73,0,1,180,1.596,-0.362,0.6346,0.1835,-0.1086,0.1904,0.0734,0.1552,0.1662
71.352,1,RETURN_HOME,1.8768,0.869,-2.0194,0.1537,0.6373,-2.7902,-0.0463,0.5373,0.5392,0.0,0.0,2.0682,9.662089347839355,2.0938720703125,-109.98,0,1,180,2.057,-0.3407,0.6018,0.1797,-0.1022,0.1805,0.0719,0.1502,0.1832
71.401,1,RETURN_HOME,1.8796,0.8929,-2.022,0.1388,0.6271,-2.7808,-0.0612,0.5271,0.5306,0.0,0.0,2.0809,9.458785057067871,2.0516159534454346,-111.48,0,1,180,1.494,-0.322,0.524,0.1769,-0.0966,0.1572,0.0707,0.1313,0.1705
71.451,1,RETURN_HOME,1.8826,0.9217,-2.0275,0.1217,0.6177,-2.7697,-0.0783,0.4177,0.425,0.0,0.0,2.0961,9.371844291687012,2.0329294204711914,-109.73,0,1,180,1.595,-0.2667,0.5129,0.1417,-0.08,0.1539,0.0567,0.1305,0.4784
71.501,1,RETURN_HOME,1.8849,0.9456,-2.0318,0.1076,0.6121,-2.7607,-0.0924,0.4121,0.4223,0.0,0.0,2.1088,9.287256240844727,2.013420820236206,-110.98,0,1,180,1.704,-0.2421,0.4935,0.1408,-0.0726,0.148,0.0563,0.1317,0.473
71.551,1,RETURN_HOME,1.8873,0.9743,-2.036,0.0907,0.6075,-2.7504,-0.1093,0.4075,0.4219,0.0,0.0,2.1239,9.125584602355957,1.971482753753662,-112.23,0,1,180,1.524,-0.2128,0.4436,0.1406,-0.0639,0.1331,0.0563,0.1255,0.4473
71.601,1,RETURN_HOME,1.8883,0.998,-2.0355,0.0762,0.6028,-2.742,-0.1238,0.4028,0.4214,0.0,0.0,2.1358,9.058255195617676,1.9523893594741821,-110.98,0,1,180,1.635,-0.1869,0.4368,0.1405,-0.0561,0.131,0.0562,0.1312,0.4413
71.651,1,RETURN_HOME,1.8892,1.0262,-2.0345,0.0588,0.5953,-2.7319,-0.1412,0.3953,0.4197,0.0,0.0,2.1499,8.99356746673584,1.9336150884628296,-113.98,0,1,180,1.715,-0.1538,0.4385,0.1399,-0.0461,0.1315,0.056,0.1414,0.444
71.701,1,RETURN_HOME,1.8891,1.0494,-2.0327,0.044,0.5873,-2.7234,-0.156,0.3873,0.4175,0.0,0.0,2.161,8.86518669128418,1.895050287246704,-114.48,0,1,180,1.595,-0.1239,0.4003,0.1392,-0.0372,0.1201,0.0557,0.1386,0.4322
71.751,1,RETURN_HOME,1.8867,1.0765,-2.0267,0.0255,0.5758,-2.713,-0.1745,0.3758,0.4144,0.0,0.0,2.1722,8.809183120727539,1.8749704360961914,-113.98,0,1,180,1.663,-0.0836,0.4235,0.1381,-0.0251,0.1271,0.0552,0.1572,0.4466
71.801,1,RETURN_HOME,1.8844,1.0988,-2.022,0.0101,0.5654,-2.7042,-0.1899,0.3654,0.4118,0.0,0.0,2.1814,8.750980377197266,1.8585718870162964,-112.73,0,1,180,1.694,-0.0485,0.4444,0.1373,-0.0146,0.1333,0.0549,0.1737,0.4592
71.851,1,RETURN_HOME,1.8797,1.1254,-2.017,-0.0087,0.5525,-2.6937,-0.2087,0.3525,0.4097,0.0,0.0,2.1909,8.63830852508545,1.8202292919158936,-115.98,0,1,180,1.63,-0.0049,0.4535,0.1366,-0.0015,0.136,0.0546,0.1892,0.4614
71.901,1,RETURN_HOME,1.8718,1.1518,-2.0124,-0.0285,0.5396,-2.6833,-0.2285,0.3396,0.4093,0.0,0.0,2.1978,8.583531379699707,1.8024696111679077,-113.98,0,1,180,1.529,0.0407,0.5064,0.1364,0.0122,0.1519,0.0546,0.2187,0.4788
71.951,1,RETURN_HOME,1.8652,1.1733,-2.0091,-0.0447,0.5289,-2.6746,-0.2447,0.3289,0.41,0.0,0.0,2.2035,8.473733901977539,1.767006754875183,-117.98,0,1,180,1.676,0.0781,0.5279,0.1367,0.0234,0.1584,0.0547,0.2365,0.4775
72.001,1,RETURN_HOME,1.854,1.1981,-2.0076,-0.0646,0.5159,-2.6642,-0.2646,0.3159,0.412,0.0,0.0,2.2074,8.421146392822266,1.750087857246399,-116.73,0,1,180,1.457,0.1232,0.5882,0.1373,0.037,0.1765,0.0549,0.2683,0.498
72.051,1,RETURN_HOME,1.8423,1.218,-2.0081,-0.0814,0.5048,-2.6555,-0.2814,0.3048,0.4148,0.0,0.0,2.2085,8.371336936950684,1.7329983711242676,-116.23,0,1,180,1.619,0.1606,0.6493,0.1383,0.0482,0.1948,0.0553,0.2983,0.5143
72.101,1,RETURN_HOME,1.8288,1.2414,-2.0088,-0.1011,0.4918,-2.6451,-0.3011,0.2918,0.4193,0.0,0.0,2.2104,8.264512062072754,1.699394941329956,-118.99,0,1,180,1.46,0.2034,0.7078,0.1398,0.061,0.2123,0.0559,0.3293,0.5227
72.151,1,RETURN_HOME,1.8211,1.2592,-2.0071,-0.1159,0.4806,-2.6363,-0.3159,0.2806,0.4225,0.0,0.0,2.214,8.21643352508545,1.6836413145065308,-118.23,0,1,180,1.684,0.2371,0.7696,0.1408,0.0711,0.2309,0.0563,0.3583,0.5363
72.201,1,RETURN_HOME,1.8125,1.2798,-2.0048,-0.1329,0.4673,-2.6256,-0.3329,0.2673,0.427,0.0,0.0,2.2189,8.166909217834473,1.6686707735061646,-120.24,0,1,180,1.642,0.2758,0.8481,0.1423,0.0828,0.2544,0.0569,0.3941,0.5563
72.252,1,RETURN_HOME,1.8051,1.2967,-2.0031,-0.1473,0.4561,-2.6163,-0.3473,0.2561,0.4315,0.0,0.0,2.2226,8.121838569641113,1.6538528203964233,-120.49,0,1,180,1.954,0.3073,0.933,0.1438,0.0922,0.2799,0.0575,0.4296,0.5749
72.301,1,RETURN_HOME,1.7996,1.3157,-2.0047,-0.1611,0.4462,-2.6068,-0.3611,0.2462,0.4371,0.0,0.0,2.2293,8.017321586608887,1.621470332145691,-120.24,0,1,180,1.885,0.3345,0.9834,0.1457,0.1004,0.295,0.0583,0.4537,0.5795
72.351,1,RETURN_HOME,1.7929,1.3386,-2.0073,-0.1778,0.4345,-2.5953,-0.3778,0.2345,0.4446,0.0,0.0,2.2374,7.97086238861084,1.6079636812210083,-118.99,0,1,180,1.707,0.3654,1.0,0.1482,0.1096,0.3,0.0593,0.4689,0.5971
72.401,1,RETURN_HOME,1.7865,1.357,-2.0092,-0.1919,0.4245,-2.5858,-0.3919,0.2245,0.4516,0.0,0.0,2.2435,7.874680519104004,1.5779080390930176,-122.49,0,1,180,1.583,0.3903,1.0,0.1505,0.1171,0.3,0.0602,0.4773,0.6066
72.451,1,RETURN_HOME,1.7786,1.3766,-2.0134,-0.2082,0.4111,-2.5744,-0.4082,0.2111,0.4595,0.0,0.0,2.2491,7.828968048095703,1.565026044845581,-120.74,0,1,180,1.673,0.4214,1.0,0.1532,0.1264,0.3,0.0613,0.4877,0.6433
72.501,1,RETURN_HOME,1.7698,1.3954,-2.017,-0.2247,0.3975,-2.5631,-0.4247,0.1975,0.4684,0.0,0.0,2.2538,7.784224510192871,1.5513217449188232,-121.74,0,1,180,1.481,0.451,1.0,0.1561,0.1353,0.3,0.0625,0.4978,0.6713
72.551,1,RETURN_HOME,1.7618,1.4105,-2.0195,-0.2386,0.3861,-2.5537,-0.4386,0.1861,0.4764,0.0,0.0,2.2569,7.742067337036133,1.538132667541504,-122.24,0,1,180,1.736,0.4745,1.0,0.1588,0.1424,0.3,0.0635,9979.2835,0.6986
72.601,1,RETURN_HOME,1.7533,1.4247,-2.0211,-0.2524,0.3743,-2.5442,-0.4524,0.1743,0.4848,0.0,0.0,2.2591,7.652157783508301,1.511454463005066,-124.99,0,1,180,1.57,0.4974,1.0,0.1616,0.1492,0.3,0.0646,9979.5561,0.7213
72.651,1,RETURN_HOME,1.7422,1.4412,-2.0226,-0.2692,0.3603,-2.5329,-0.4692,0.1603,0.4958,0.0,0.0,2.261,7.611783504486084,1.4997111558914185,-123.99,0,1,180,1.561,0.5231,1.0,0.1729,0.1569,0.3,0.0692,9979.8979,0.7782
72.701,1,RETURN_HOME,1.7329,1.4554,-2.0232,-0.2832,0.3491,-2.5237,-0.4832,0.1491,0.5057,0.0,0.0,2.263,7.57172966003418,1.4881925582885742,-122.99,0,1,180,1.803,0.5421,1.0,0.1828,0.1626,0.3,0.0731,9980.1617,0.8052
72.751,1,RETURN_HOME,1.7239,1.4753,-2.0221,-0.2993,0.3376,-2.5129,-0.4993,0.1376,0.5179,0.0,0.0,2.269,7.4943718910217285,1.4632753133773804,-125.24,0,1,180,1.701,0.5597,1.0,0.1933,0.1679,0.3,0.0773,9980.3827,0.8404
72.801,1,RETURN_HOME,1.7153,1.4912,-2.0211,-0.3131,0.3278,-2.5042,-0.5131,0.1278,0.5288,0.0,0.0,2.2729,7.4597907066345215,1.4512935876846313,-126.24,0,1,180,1.534,0.5738,1.0,0.2023,0.1721,0.3,0.0809,9980.5795,0.8616
72.851,1,RETURN_HOME,1.7041,1.5113,-2.0205,-0.3298,0.316,-2.494,-0.5298,0.116,0.5424,0.0,0.0,2.2777,7.422565460205078,1.4414225816726685,-126.49,0,1,180,1.855,0.5889,1.0,0.213,0.1767,0.3,0.0852,9980.7972,0.88
72.901,1,RETURN_HOME,1.694,1.5286,-2.0202,-0.3439,0.3062,-2.4856,-0.5439,0.1062,0.5541,0.0,0.0,2.2817,7.352527141571045,1.4181464910507202,-124.99,0,1,180,1.569,0.6003,1.0,0.2218,0.1801,0.3,0.0887,9980.9666,0.9024
72.952,1,RETURN_HOME,1.6807,1.548,-2.0199,-0.3609,0.294,-2.4758,-0.5609,0.094,0.5687,0.0,0.0,2.285,7.319066047668457,1.4092094898223877,-129.49,0,1,180,2.201,0.6135,1.0,0.2326,0.1841,0.3,0.093,9981.1847,0.9209
73.001,1,RETURN_HOME,1.6712,1.5643,-2.0208,-0.3744,0.2838,-2.4676,-0.5744,0.0838,0.5805,0.0,0.0,2.2891,7.288478851318359,1.3999587297439575,-126.49,0,1,180,1.632,0.6237,1.0,0.2414,0.1871,0.3,0.0966,9981.3478,0.9317
73.051,1,RETURN_HOME,1.6601,1.5833,-2.0227,-0.3903,0.2717,-2.4578,-0.5903,0.0717,0.5946,0.0,0.0,2.294,7.22706413269043,1.3801484107971191,-130.75,0,1,180,1.764,0.6352,1.0,0.2518,0.1905,0.3,0.1007,9981.534,0.9488
73.101,1,RETURN_HOME,1.6494,1.5981,-2.0239,-0.4039,0.2612,-2.4498,-0.6039,0.0612,0.607,0.0,0.0,2.2966,7.198335647583008,1.3709626197814941,-127.99,0,1,180,1.623,0.6443,1.0,0.2607,0.1933,0.3,0.1043,9981.7019,0.959
73.151,1,RETURN_HOME,1.6361,1.613,-2.0266,-0.4201,0.2475,-2.4403,-0.6201,0.0475,0.6219,0.0,0.0,2.2975,7.170589447021484,1.3630388975143433,-129.49,0,1,180,1.714,0.6564,1.0,0.2721,0.1969,0.3,0.1089,9981.9471,0.9799
73.201,1,RETURN_HOME,1.6241,1.624,-2.0291,-0.4337,0.2357,-2.4324,-0.6337,0.0357,0.6347,0.0,0.0,2.2967,7.109799861907959,1.3453550338745117,-128.99,0,1,180,1.655,0.6663,1.0,0.2819,0.1999,0.3,0.1128,9982.1671,0.9922
73.251,1,RETURN_HOME,1.6083,1.6362,-2.0314,-0.4502,0.2214,-2.4229,-0.6502,0.0214,0.6506,0.0,0.0,2.2943,7.081788063049316,1.338341474533081,-131.25,0,1,180,1.701,0.6772,1.0,0.2937,0.2031,0.3,0.1175,9982.4287,1.0015
73.301,1,RETURN_HOME,1.5957,1.6469,-2.0316,-0.4634,0.2102,-2.4149,-0.6634,0.0102,0.6635,0.0,0.0,2.2931,7.058104038238525,1.329824447631836,-130.25,0,1,180,1.799,0.6847,1.0,0.3028,0.2054,0.3,0.1211,9982.6099,1.0083
73.351,1,RETURN_HOME,1.579,1.6588,-2.0316,-0.4797,0.1967,-2.4054,-0.6797,-0.0033,0.6797,0.0,0.0,2.2901,7.000030994415283,1.3155320882797241,-132.75,0,1,180,1.565,0.693,1.0,0.314,0.2079,0.3,0.1256,9982.8242,1.0139
73.401,1,RETURN_HOME,1.5638,1.668,-2.0313,-0.4938,0.1854,-2.3976,-0.6938,-0.0146,0.694,0.0,0.0,2.2864,6.9768171310424805,1.3092117309570312,-130.75,0,1,180,1.686,0.6992,1.0,0.3235,0.2098,0.3,0.1294,9982.997,1.0119
73.451,1,RETURN_HOME,1.5411,1.6787,-2.0316,-0.5126,0.172,-2.3886,-0.5126,-0.028,0.5134,0.0,0.0,2.2788,6.923008441925049,1.295511245727539,-131.75,0,1,180,1.702,0.7154,1.0,0.2449,0.2146,0.3,0.0979,9983.2323,1.0023
73.501,1,RETURN_HOME,1.5213,1.6869,-2.0317,-0.5287,0.1607,-2.3812,-0.5287,-0.0393,0.5302,0.0,0.0,2.2716,6.898274898529053,1.2913708686828613,-132.5,0,1,180,1.587,0.723,1.0,0.2555,0.2169,0.3,0.1022,9983.4961,0.9979
73.551,1,RETURN_HOME,1.496,1.6959,-2.0318,-0.5487,0.1468,-2.3727,-0.5487,-0.0532,0.5512,0.0,0.0,2.2614,6.87224006652832,1.2851512432098389,-132.75,0,1,180,1.694,0.7308,1.0,0.2686,0.2192,0.3,0.1074,9983.7876,0.9948
73.601,1,RETURN_HOME,1.4686,1.704,-2.0325,-0.5639,0.1332,-2.3643,-0.4639,-0.0668,0.4687,0.0,0.0,2.2495,6.8236002922058105,1.2753362655639648,-133.75,0,1,180,1.514,0.7542,1.0,0.2357,0.2263,0.3,0.0943,9984.0915,0.9895
73.651,1,RETURN_HOME,1.4454,1.71,-2.0328,-0.5728,0.1216,-2.3571,-0.4728,-0.0784,0.4792,0.0,0.0,2.2391,6.799832344055176,1.270665168762207,-133.0,0,1,180,1.599,0.7618,1.0,0.2434,0.2285,0.3,0.0974,9984.4099,0.9853
73.701,1,RETURN_HOME,1.4186,1.717,-2.0333,-0.5797,0.1076,-2.3482,-0.4797,-0.0924,0.4885,0.0,0.0,2.2272,6.773538589477539,1.2667490243911743,-134.25,0,1,180,1.816,0.7713,1.0,0.2512,0.2314,0.3,0.1005,9984.7751,0.9851
73.751,1,RETURN_HOME,1.3969,1.7226,-2.0339,-0.5817,0.0959,-2.3405,-0.4817,-0.1041,0.4928,0.0,0.0,2.2178,6.72597074508667,1.2592660188674927,-134.25,0,1,180,1.758,0.7797,1.0,0.2561,0.2339,0.3,0.1025,9985.0703,0.9808
73.801,1,RETURN_HOME,1.3706,1.7284,-2.0342,-0.5809,0.0815,-2.3311,-0.4809,-0.1185,0.4953,0.0,0.0,2.2059,6.6997456550598145,1.2571830749511719,-134.0,0,1,180,1.848,0.7907,1.0,0.2611,0.2372,0.3,0.1044,9985.4397,0.9805
73.851,1,RETURN_HOME,1.3487,1.7334,-2.0342,-0.5788,0.0696,-2.3232,-0.4788,-0.1304,0.4962,0.0,0.0,2.1963,6.676076889038086,1.254443645477295,-134.5,0,1,180,1.77,0.7999,1.0,0.2646,0.24,0.3,0.1059,9985.7438,0.9807
73.901,1,RETURN_HOME,1.3225,1.739,-2.0338,-0.5756,0.0552,-2.3134,-0.4756,-0.1448,0.4971,0.0,0.0,2.1847,6.623823165893555,1.2500965595245361,-135.0,0,1,180,2.158,0.811,1.0,0.2688,0.2433,0.3,0.1075,9986.113,0.9774
73.951,1,RETURN_HOME,1.2961,1.7435,-2.0331,-0.5724,0.0404,-2.3035,-0.4724,-0.1596,0.4986,0.0,0.0,2.1725,6.597898006439209,1.2494229078292847,-135.0,0,1,180,1.702,0.8221,1.0,0.2733,0.2466,0.3,0.1093,9986.4999,0.9794
74.002,1,RETURN_HOME,1.2746,1.7451,-2.0315,-0.57,0.0275,-2.295,-0.47,-0.1725,0.5006,0.0,0.0,2.161,6.570507049560547,1.2494770288467407,-134.25,0,1,180,2.419,0.8319,1.0,0.2777,0.2496,0.3,0.1111,9986.8611,0.9801
74.051,1,RETURN_HOME,1.2486,1.7462,-2.0295,-0.5675,0.012,-2.2847,-0.4675,-0.188,0.5039,0.0,0.0,2.1467,6.516646862030029,1.2478035688400269,-135.0,0,1,180,1.738,0.8431,1.0,0.2832,0.2529,0.3,0.1133,9987.2972,0.9811
74.101,1,RETURN_HOME,1.2234,1.7467,-2.0283,-0.5651,-0.0034,-2.2743,-0.4651,-0.2034,0.5077,0.0,0.0,2.1325,6.4898834228515625,1.247652292251587,-135.0,0,1,180,1.768,0.8538,1.0,0.2889,0.2561,0.3,0.1156,9987.7346,0.9851
74.151,1,RETURN_HOME,1.2059,1.7467,-2.0306,-0.5623,-0.0157,-2.2655,-0.4623,-0.2157,0.5101,0.0,0.0,2.1225,6.463271617889404,1.248081088066101,-135.0,0,1,180,1.728,0.8628,1.0,0.2934,0.2589,0.3,0.1174,9988.0933,0.9868
74.202,1,RETURN_HOME,1.1878,1.7462,-2.0324,-0.5596,-0.0281,-2.2567,-0.3596,-0.2281,0.4258,0.0,0.0,2.1119,6.405569076538086,1.249965786933899,-134.5,0,1,180,1.962,0.9179,1.0,0.2606,0.2754,0.3,0.1042,9988.4819,0.9924
74.251,1,RETURN_HOME,1.1659,1.7449,-2.0355,-0.5566,-0.0432,-2.2461,-0.3566,-0.2432,0.4316,0.0,0.0,2.0986,6.3801045417785645,1.2530521154403687,-134.75,0,1,180,1.578,0.9275,1.0,0.2669,0.2782,0.3,0.1067,9988.9683,0.9967
74.301,1,RETURN_HOME,1.1488,1.7434,-2.043,-0.554,-0.0561,-2.2373,-0.354,-0.2561,0.4369,0.0,0.0,2.0878,6.354986667633057,1.2548383474349976,-135.0,0,1,180,1.599,0.9352,1.0,0.2724,0.2806,0.3,0.109,9989.3863,1.0002
74.351,1,RETURN_HOME,1.1276,1.7408,-2.0505,-0.5489,-0.0712,-2.2269,-0.3489,-0.2712,0.4419,0.0,0.0,2.0741,6.298004627227783,1.2599782943725586,-135.0,0,1,180,1.683,0.9443,1.0,0.2782,0.2833,0.3,0.1113,9989.8789,1.0094
74.401,1,RETURN_HOME,1.1093,1.7365,-2.0551,-0.5428,-0.0845,-2.2183,-0.3428,-0.2845,0.4455,0.0,0.0,2.0606,6.272012233734131,1.2646210193634033,-135.0,0,1,180,1.741,0.9525,1.0,0.2829,0.2857,0.3,0.1131,9990.3304,1.016
74.451,1,RETURN_HOME,1.0867,1.7282,-2.0585,-0.5336,-0.1021,-2.2079,-0.3336,-0.3021,0.4501,0.0,0.0,2.0414,6.246640682220459,1.2669730186462402,-135.0,0,1,180,2.055,0.9628,1.0,0.2889,0.2888,0.3,0.1156,9990.9467,1.022
74.501,1,RETURN_HOME,1.0679,1.7209,-2.0604,-0.5251,-0.1168,-2.1991,-0.3251,-0.3168,0.4539,0.0,0.0,2.0253,6.191058158874512,1.2771157026290894,-135.0,0,1,180,1.65,0.9707,1.0,0.2937,0.2912,0.3,0.1175,9991.4593,1.0336
74.551,1,RETURN_HOME,1.0448,1.7111,-2.0614,-0.5146,-0.1346,-2.1885,-0.3146,-0.3346,0.4593,0.0,0.0,2.0049,6.16926908493042,1.283170461654663,-134.75,0,1,180,1.631,0.9788,1.0,0.2997,0.2936,0.3,0.1199,9992.0877,1.0416
74.601,1,RETURN_HOME,1.0212,1.7005,-2.0611,-0.5044,-0.1524,-2.1782,-0.3044,-0.3524,0.4656,0.0,0.0,1.9836,6.14276647567749,1.2865533828735352,-135.0,0,1,180,1.703,0.9853,1.0,0.3059,0.2956,0.3,0.1223,9992.7235,1.0501
74.651,1,RETURN_HOME,1.0019,1.6914,-2.0604,-0.4959,-0.1669,-2.1702,-0.2959,-0.3669,0.4714,0.0,0.0,1.9659,6.09362268447876,1.3000794649124146,-135.0,0,1,180,1.681,0.9897,1.0,0.311,0.2969,0.3,0.1244,9993.2441,1.8753
74.701,1,RETURN_HOME,0.9765,1.6766,-2.0589,-0.4864,-0.1859,-2.161,-0.2864,-0.3859,0.4806,0.0,0.0,1.9402,6.067890644073486,2.1593422889709473,-92.21,0,1,180,1.627,0.9938,1.0,0.3184,0.2981,0.3,0.1274,9993.9604,1.8793
74.751,1,RETURN_HOME,0.9514,1.661,-2.0569,-0.4771,-0.2048,-2.152,-0.2771,-0.4048,0.4906,0.0,0.0,1.9142,6.021303653717041,2.1440751552581787,-93.46,0,1,180,1.617,0.9968,1.0,0.326,0.299,0.3,0.1304,9994.6766,1.8601
74.801,1,RETURN_HOME,0.9309,1.6481,-2.0551,-0.4693,-0.2202,-2.1448,-0.2693,-0.4202,0.4991,0.0,0.0,1.8928,5.998411655426025,2.1303043365478516,-94.46,0,1,180,1.776,0.9984,1.0,0.3322,0.2995,0.3,0.1329,9995.2533,1.8565
74.851,1,RETURN_HOME,0.9054,1.6326,-2.0534,-0.4633,-0.2363,-2.1378,-0.2633,-0.4363,0.5096,0.0,0.0,1.8669,5.975446701049805,2.124829053878784,-94.96,0,1,180,1.706,0.9993,1.0,0.3395,0.2998,0.3,0.1358,9995.9035,1.8486
74.901,1,RETURN_HOME,0.8762,1.6141,-2.0512,-0.4558,-0.2551,-2.1296,-0.2558,-0.4551,0.5221,0.0,0.0,1.8366,5.9554948806762695,2.119539976119995,-95.71,0,1,180,1.834,0.9999,1.0,0.348,0.3,0.3,0.1392,9996.6514,1.8432
74.951,1,RETURN_HOME,0.8529,1.5988,-2.0493,-0.4491,-0.2706,-2.1228,-0.2491,-0.4706,0.5324,0.0,0.0,1.8121,5.909328937530518,2.104094982147217,-97.47,0,1,180,2.037,1.0,1.0,0.355,0.3,0.3,0.142,9997.2384,1.8354
75.001,1,RETURN_HOME,0.8281,1.5816,-2.0427,-0.44,-0.2884,-2.1145,-0.24,-0.4884,0.5442,0.0,0.0,1.7853,5.887718677520752,2.0960123538970947,-98.22,0,1,180,1.644,0.9997,1.0,0.3627,0.2999,0.3,0.1451,9997.8226,1.8371
75.051,1,RETURN_HOME,0.8082,1.567,-2.0376,-0.4321,-0.3032,-2.1077,-0.2321,-0.5032,0.5542,0.0,0.0,1.7631,5.8676347732543945,2.0897083282470703,-98.72,0,1,180,1.954,0.999,1.0,0.3691,0.2997,0.3,0.1476,9998.172,1.8331
75.101,1,RETURN_HOME,0.7847,1.5497,-2.0331,-0.4224,-0.3206,-2.0995,-0.2224,-0.5206,0.5662,0.0,0.0,1.737,5.821249485015869,2.079366683959961,-100.22,0,1,180,1.665,0.9979,1.0,0.3766,0.2994,0.3,0.1507,9998.2735,1.8286
75.151,1,RETURN_HOME,0.7651,1.5358,-2.0314,-0.4145,-0.3347,-2.0927,-0.3145,-0.5347,0.6203,0.0,0.0,1.7158,5.800387859344482,2.077833890914917,-101.22,0,1,180,1.761,0.9976,1.0,0.4125,0.2993,0.3,0.165,9998.2991,1.8129
75.201,1,RETURN_HOME,0.7462,1.5215,-2.0297,-0.4063,-0.3487,-2.086,-0.3063,-0.5487,0.6285,0.0,0.0,1.6946,5.777670860290527,2.071931838989258,-101.72,0,1,180,1.755,0.9986,1.0,0.4184,0.2996,0.3,0.1674,9998.4625,1.8157
75.251,1,RETURN_HOME,0.7255,1.504,-2.0285,-0.3956,-0.3656,-2.078,-0.2956,-0.5656,0.6382,0.0,0.0,1.6698,5.735804557800293,2.064445734024048,-103.22,0,1,180,1.688,0.9995,1.0,0.4253,0.2998,0.3,0.1701,9999.0108,1.8148
75.301,1,RETURN_HOME,0.7106,1.4893,-2.0287,-0.3878,-0.3797,-2.0714,-0.2878,-0.5797,0.6472,0.0,0.0,1.6501,5.714509010314941,2.065053701400757,-104.22,0,1,180,1.717,0.9999,1.0,0.4314,0.3,0.3,0.1726,9999.1568,1.8159
75.351,1,RETURN_HOME,0.6959,1.4741,-2.0286,-0.3819,-0.3937,-2.0651,-0.2819,-0.5937,0.6573,0.0,0.0,1.6301,5.692181587219238,2.06288480758667,-104.72,0,1,180,1.728,1.0,1.0,0.4382,0.3,0.3,0.1753,9999.0662,1.8179
75.401,1,RETURN_HOME,0.6811,1.4582,-2.0292,-0.3776,-0.4079,-2.059,-0.2776,-0.6079,0.6683,0.0,0.0,1.6094,5.672787189483643,2.064268112182617,-105.47,0,1,180,1.626,1.0,1.0,0.4455,0.3,0.3,0.1782,9999.4669,1.82
75.451,1,RETURN_HOME,0.6628,1.4376,-2.0329,-0.3742,-0.4256,-2.0519,-0.2742,-0.6256,0.6831,0.0,0.0,1.5831,5.626165866851807,2.0605030059814453,-107.22,0,1,180,1.743,0.9998,1.0,0.4553,0.2999,0.3,0.1821,9999.0022,1.8272
75.501,1,RETURN_HOME,0.6477,1.4199,-2.0354,-0.3718,-0.4403,-2.046,-0.2718,-0.6403,0.6956,0.0,0.0,1.5606,5.603806972503662,2.062653064727783,-107.97,0,1,180,1.506,0.9996,1.0,0.4635,0.2999,0.3,0.1854,9999.1559,1.8267
75.551,1,RETURN_HOME,0.632,1.3979,-2.0377,-0.3681,-0.4577,-2.0389,-0.2681,-0.6577,0.7102,0.0,0.0,1.5341,5.583298683166504,2.0578906536102295,-108.73,0,1,180,1.869,0.9993,1.0,0.4731,0.2998,0.3,0.1893,9999.0463,1.8308
75.601,1,RETURN_HOME,0.6207,1.3791,-2.0391,-0.3641,-0.4722,-2.0331,-0.2641,-0.5722,0.6302,0.0,0.0,1.5123,5.537529945373535,2.0615463256835938,-110.23,0,1,180,1.691,1.0,1.0,0.4201,0.3,0.3,0.168,9999.4792,1.83
75.651,1,RETURN_HOME,0.6067,1.3557,-2.0401,-0.3593,-0.4897,-2.0264,-0.2593,-0.5897,0.6442,0.0,0.0,1.4853,5.515100955963135,2.064100980758667,-110.98,0,1,180,1.743,1.0,1.0,0.4294,0.3,0.3,0.1718,9999.0364,1.8291
75.701,1,RETURN_HOME,0.5932,1.3365,-2.0404,-0.3557,-0.5044,-2.021,-0.2557,-0.6044,0.6562,0.0,0.0,1.4622,5.495030403137207,2.0685598850250244,-111.73,0,1,180,1.801,0.9998,1.0,0.4374,0.3,0.3,0.175,9999.3616,1.8383
75.751,1,RETURN_HOME,0.5759,1.3132,-2.0403,-0.3516,-0.5193,-2.0148,-0.3516,-0.7193,0.8007,0.0,0.0,1.4339,5.447339057922363,2.0765395164489746,-113.23,0,1,180,1.625,0.9991,1.0,0.5333,0.2997,0.3,0.2133,9999.2353,1.8552
75.801,1,RETURN_HOME,0.5587,1.2891,-2.0397,-0.3471,-0.5317,-2.0091,-0.2471,-0.5317,0.5863,0.0,0.0,1.405,5.427570819854736,2.08040714263916,-113.98,0,1,180,2.214,0.9997,1.0,0.3907,0.2999,0.3,0.1563,9999.268,1.8377
75.851,1,RETURN_HOME,0.5418,1.2681,-2.0407,-0.3446,-0.5413,-2.0046,-0.2446,-0.6413,0.6864,0.0,0.0,1.379,5.379893779754639,2.0869622230529785,-115.48,0,1,180,1.673,0.9992,1.0,0.4572,0.2998,0.3,0.1829,9999.2024,1.867
75.901,1,RETURN_HOME,0.5221,1.2422,-2.0415,-0.3443,-0.5551,-1.9996,-0.3443,-0.7551,0.8299,0.0,0.0,1.3474,5.3583855628967285,2.088160991668701,-116.23,0,1,180,1.56,0.9996,1.0,0.553,0.2999,0.3,0.2212,9999.4642,1.883
75.951,1,RETURN_HOME,0.5032,1.2163,-2.042,-0.343,-0.565,-1.9949,-0.343,-0.765,0.8384,0.0,0.0,1.3163,5.3367919921875,2.095201015472412,-116.98,0,1,180,1.724,0.9996,1.0,0.5587,0.2999,0.3,0.2235,9999.4721,1.8876
76.001,1,RETURN_HOME,0.4867,1.1926,-2.0429,-0.3403,-0.5735,-1.9905,-0.2403,-0.5735,0.6218,0.0,0.0,1.2881,5.2911295890808105,2.1098520755767822,-118.48,0,1,180,1.498,1.0,1.0,0.4145,0.3,0.3,0.1658,9999.2729,1.8886
76.051,1,RETURN_HOME,0.4731,1.1722,-2.0432,-0.3395,-0.5833,-1.987,-0.2395,-0.5833,0.6305,0.0,0.0,1.264,5.2714152336120605,2.1195619106292725,-119.24,0,1,180,1.776,1.0,1.0,0.4204,0.3,0.3,0.1681,9999.6748,1.8916
76.101,1,RETURN_HOME,0.4593,1.1516,-2.0441,-0.3403,-0.5956,-1.9833,-0.3403,-0.7956,0.8653,0.0,0.0,1.2398,5.250479698181152,2.1228227615356445,-119.74,0,1,180,1.761,0.9997,1.0,0.5767,0.2999,0.3,0.2307,9999.5802,1.9352
76.151,1,RETURN_HOME,0.4423,1.1288,-2.0485,-0.3399,-0.6054,-1.9788,-0.3399,-0.8054,0.8742,0.0,0.0,1.2124,5.2023749351501465,2.138763189315796,-121.24,0,1,180,1.737,0.9997,1.0,0.5826,0.2999,0.3,0.233,9999.6347,1.9571
76.201,1,RETURN_HOME,0.4255,1.1049,-2.0521,-0.3372,-0.6111,-1.9744,-0.2372,-0.6111,0.6555,0.0,0.0,1.184,5.181911468505859,2.146937131881714,-121.99,0,1,180,1.663,1.0,1.0,0.437,0.3,0.3,0.1748,9999.7776,1.925
76.251,1,RETURN_HOME,0.4133,1.0855,-2.0524,-0.3356,-0.6175,-1.9706,-0.2356,-0.6175,0.6609,0.0,0.0,1.1615,5.160059928894043,2.1548068523406982,-122.49,0,1,180,1.807,1.0,1.0,0.4406,0.3,0.3,0.1762,9999.5656,1.9509
76.301,1,RETURN_HOME,0.3997,1.062,-2.0508,-0.3351,-0.6285,-1.966,-0.2351,-0.6285,0.671,0.0,0.0,1.1348,5.112807750701904,2.17523193359375,-123.99,0,1,180,1.65,1.0,1.0,0.4473,0.3,0.3,0.1789,9999.2626,1.9762
76.351,1,RETURN_HOME,0.3881,1.0415,-2.049,-0.3337,-0.6357,-1.9623,-0.2337,-0.6357,0.6773,0.0,0.0,1.1114,5.092914581298828,2.1871230602264404,-124.74,0,1,180,1.596,1.0,1.0,0.4516,0.3,0.3,0.1806,9999.6144,1.9712
76.401,1,RETURN_HOME,0.3712,1.0154,-2.0483,-0.3314,-0.6424,-1.9579,-0.2314,-0.6424,0.6828,0.0,0.0,1.0812,5.068624019622803,2.1983721256256104,-125.24,0,1,180,1.559,1.0,1.0,0.4552,0.3,0.3,0.1821,9999.7962,1.9932
76.452,1,RETURN_HOME,0.3564,0.9929,-2.048,-0.3287,-0.6464,-1.9543,-0.2287,-0.6464,0.6857,0.0,0.0,1.0549,5.019463539123535,2.2205119132995605,-126.49,0,1,180,2.049,1.0,1.0,0.4571,0.3,0.3,0.1828,9999.5158,2.0169
76.501,1,RETURN_HOME,0.3389,0.9651,-2.0472,-0.3246,-0.65,-1.9501,-0.2246,-0.65,0.6877,0.0,0.0,1.0229,4.9976630210876465,2.227252721786499,-127.24,0,1,180,1.596,1.0,1.0,0.4584,0.3,0.3,0.1834,9999.3611,2.0434
76.551,1,RETURN_HOME,0.3231,0.9375,-2.0411,-0.3191,-0.6521,-1.9458,-0.2191,-0.6521,0.688,0.0,0.0,0.9916,4.951462745666504,2.252197027206421,-128.49,0,1,180,1.645,1.0,1.0,0.4586,0.3,0.3,0.1835,9999.6922,2.0615
76.601,1,RETURN_HOME,0.3103,0.9142,-2.0356,-0.3144,-0.6539,-1.942,-0.2144,-0.6539,0.6881,0.0,0.0,0.9654,4.924990177154541,2.264477252960205,-129.24,0,1,180,1.574,0.9999,1.0,0.4587,0.3,0.3,0.1835,9999.8918,2.0594
76.651,1,RETURN_HOME,0.2977,0.8905,-2.0304,-0.3097,-0.6558,-1.9382,-0.2097,-0.6558,0.6885,0.0,0.0,0.9389,4.901927947998047,2.2767014503479004,-130.0,0,1,180,1.783,0.9999,1.0,0.459,0.3,0.3,0.1836,9999.6942,2.0868
76.701,1,RETURN_HOME,0.2784,0.8613,-2.0284,-0.306,-0.6592,-1.9337,-0.306,-0.8592,0.912,0.0,0.0,0.9052,4.878074645996094,2.292724847793579,-130.5,0,1,180,1.67,0.9996,1.0,0.6078,0.2999,0.3,0.2431,9999.448,1.9117
76.751,1,RETURN_HOME,0.263,0.8366,-2.0268,-0.3026,-0.6618,-1.9298,-0.2026,-0.6618,0.6921,0.0,0.0,0.877,4.830187797546387,2.3197591304779053,-131.75,0,1,180,1.71,1.0,1.0,0.4614,0.3,0.3,0.1846,9999.4529,2.1404
76.801,1,RETURN_HOME,0.2482,0.8116,-2.0253,-0.299,-0.6645,-1.9259,-0.199,-0.6645,0.6936,0.0,0.0,0.8487,4.804333209991455,2.3303682804107666,-132.5,0,1,180,1.878,1.0,1.0,0.4624,0.3,0.3,0.185,9999.7262,2.1382
76.851,1,RETURN_HOME,0.2326,0.7838,-2.0236,-0.2966,-0.6728,-1.9208,-0.1966,-0.6728,0.7009,0.0,0.0,0.8176,4.783193111419678,2.3463525772094727,-133.25,0,1,180,1.762,1.0,1.0,0.4673,0.3,0.3,0.1869,9999.6253,2.1667
76.901,1,RETURN_HOME,0.2199,0.7599,-2.0222,-0.2943,-0.6792,-1.9163,-0.1943,-0.7792,0.8031,0.0,0.0,0.7911,4.733904838562012,2.3773021697998047,-134.5,0,1,180,1.564,0.9993,1.0,0.535,0.2998,0.3,0.214,9999.4159,2.0235
76.951,1,RETURN_HOME,0.2056,0.7309,-2.0179,-0.2905,-0.6852,-1.9108,-0.1905,-0.5852,0.6154,0.0,0.0,0.7592,4.707667350769043,2.389601469039917,-135.0,0,1,180,2.028,0.9992,1.0,0.41,0.2998,0.3,0.164,9999.5268,2.205
77.001,1,RETURN_HOME,0.1927,0.7019,-2.0096,-0.2854,-0.6899,-1.905,-0.1854,-0.6899,0.7144,0.0,0.0,0.7278,4.681635856628418,2.417891025543213,-135.0,0,1,180,1.74,1.0,1.0,0.4763,0.3,0.3,0.1905,9999.6228,2.2492
77.051,1,RETURN_HOME,0.1821,0.677,-2.0034,-0.2809,-0.6951,-1.8997,-0.1809,-0.6951,0.7183,0.0,0.0,0.7011,4.630384922027588,2.4784858226776123,-135.0,0,1,180,1.753,1.0,1.0,0.4788,0.3,0.3,0.1915,9999.5488,2.1881
77.101,1,RETURN_HOME,0.17,0.648,-1.9943,-0.275,-0.6971,-1.8932,-0.175,-0.7971,0.816,0.0,0.0,0.6699,4.605312824249268,2.5065646171569824,-135.0,0,1,180,1.652,0.9992,1.0,0.5436,0.2998,0.3,0.2174,9999.2788,1.861
77.151,1,RETURN_HOME,0.1604,0.6244,-1.9855,-0.2701,-0.6979,-1.8876,-0.1701,-0.5979,0.6216,0.0,0.0,0.6447,4.5559492111206055,2.5643205642700195,-135.0,0,1,180,1.752,0.9997,1.0,0.4143,0.2999,0.3,0.1657,9999.4766,2.3843
77.202,1,RETURN_HOME,0.149,0.5953,-1.9765,-0.2642,-0.6993,-1.8808,-0.1642,-0.5993,0.6214,0.0,0.0,0.6137,4.528430938720703,2.5961506366729736,-135.0,0,1,180,1.736,0.9998,1.0,0.4142,0.2999,0.3,0.1657,9999.5584,2.3858
77.301,2,NAVIGATE,0.1247,0.5365,-1.9719,-0.255,-0.7093,-1.8676,-0.455,-0.5093,0.6829,0.0,12.0,11.4641,4.476294040679932,2.660531759262085,-135.0,0,1,180,1.769,-0.7384,1.0,0.2276,-0.2215,0.3,0.0911,0.1695,2.4389
77.351,2,NAVIGATE,0.1137,0.509,-1.9713,-0.2489,-0.7104,-1.8621,-0.4489,-0.9104,1.0151,0.0,12.0,11.4916,4.42641544342041,2.724551200866699,-135.0,0,1,180,1.728,-0.8925,1.0,0.3384,-0.2677,0.3,0.1353,0.1676,1.3692
77.401,2,NAVIGATE,0.1029,0.4745,-1.9754,-0.2402,-0.7099,-1.8624,-0.4402,-0.9099,1.0107,0.0,12.0,11.526,4.39957857131958,2.757479190826416,-135.0,0,1,180,1.522,-0.8963,1.0,0.3369,-0.2689,0.3,0.1348,0.1659,1.343
77.451,2,NAVIGATE,0.0942,0.4456,-1.9768,-0.2395,-0.711,-1.8698,-0.4395,-0.911,1.0115,0.0,12.0,11.5548,4.357156753540039,2.802882432937622,-135.0,0,1,180,1.618,-0.8971,1.0,0.3372,-0.2691,0.3,0.1349,0.1657,1.2878
77.501,2,NAVIGATE,0.0836,0.4108,-1.9749,-0.2429,-0.7188,-1.8867,-0.4429,-0.9188,1.02,0.0,12.0,11.5895,4.337101459503174,2.8208656311035156,-135.0,0,1,180,1.75,-0.8977,1.0,0.34,-0.2693,0.3,0.136,0.1667,1.229
77.551,2,NAVIGATE,0.074,0.3772,-1.9678,-0.248,-0.7326,-1.9113,-0.448,-0.9326,1.0347,0.0,12.0,11.623,4.324553966522217,2.8305912017822266,-135.0,0,1,180,1.562,-0.8986,1.0,0.3449,-0.2696,0.3,0.138,0.1684,1.1497
77.601,2,NAVIGATE,0.0656,0.3484,-1.9598,-0.2529,-0.7486,-1.9372,-0.4529,-0.9486,1.0511,0.0,12.0,11.6518,4.303782939910889,2.834942579269409,-135.0,0,1,180,1.563,-0.9,1.0,0.3504,-0.27,0.3,0.1402,0.1702,1.0714
77.652,2,NAVIGATE,0.0567,0.3188,-1.9504,-0.2586,-0.7675,-1.9675,-0.4586,-0.9675,1.0707,0.0,12.0,11.6813,4.299116134643555,2.8337173461914062,-135.0,0,1,180,1.826,-0.9015,1.0,0.3569,-0.2705,0.3,0.1428,0.1723,0.9799
77.701,2,NAVIGATE,0.0441,0.2849,-1.9425,-0.2681,-0.7916,-2.0093,-0.4681,-0.9916,1.0965,0.0,12.0,11.7152,4.302774429321289,2.829345226287842,-135.0,0,1,180,1.611,-0.9027,1.0,0.3655,-0.2708,0.3,0.1462,0.1754,0.862
77.751,2,NAVIGATE,0.0309,0.2492,-1.933,-0.2802,-0.8168,-2.0567,-0.4802,-1.0168,1.1245,0.0,12.0,11.7508,4.318656921386719,2.817464828491211,-135.0,0,1,180,1.729,-0.9031,1.0,0.3748,-0.2709,0.3,0.1499,0.179,0.7531
77.801,2,NAVIGATE,0.0187,0.2183,-1.9225,-0.2927,-0.8375,-2.1001,-0.4927,-0.9375,1.0591,0.0,12.0,11.7817,4.338080883026123,2.8141252994537354,-135.0,0,1,180,1.614,-0.8845,1.0,0.353,-0.2653,0.3,0.1412,0.1759,0.953
77.851,2,NAVIGATE,0.0053,0.1865,-1.9093,-0.3071,-0.8576,-2.147,-0.5071,-0.9576,1.0835,0.0,12.0,11.8135,4.368865489959717,2.821690082550049,-134.25,0,1,180,1.632,-0.8835,1.0,0.3612,-0.2651,0.3,0.1445,0.1794,0.8539
77.901,2,NAVIGATE,-0.0115,0.1469,-1.8935,-0.3252,-0.8802,-2.2079,-0.5252,-0.9802,1.1121,0.0,12.0,11.8532,4.403435230255127,2.841615915298462,-132.5,0,1,180,1.681,-0.8819,1.0,0.3707,-0.2646,0.3,0.1483,0.1837,0.7235
77.951,2,NAVIGATE,-0.0257,0.1124,-1.8804,-0.3413,-0.8972,-2.2623,-0.5413,-0.9972,1.1346,0.0,12.0,11.8876,4.525826454162598,2.879958152770996,-128.49,0,1,180,1.713,-0.8799,1.0,0.3782,-0.264,0.3,0.1513,0.1873,0.6596
78.001,2,NAVIGATE,-0.0431,0.0693,-1.8651,-0.3611,-0.9152,-2.3321,-0.5611,-0.9152,1.0735,0.0,12.0,11.9308,4.60571813583374,2.902066946029663,-126.24,0,1,180,1.601,-0.8544,1.0,0.3578,-0.2563,0.3,0.1431,0.1868,0.8386
78.051,2,NAVIGATE,-0.0583,0.0326,-1.8525,-0.3779,-0.9279,-2.3939,-0.5779,-0.9279,1.0931,0.0,12.0,11.9675,4.706555366516113,2.9220428466796875,-124.24,0,1,180,1.677,-0.8514,1.0,0.3644,-0.2554,0.3,0.1457,0.1903,0.7512
78.101,2,NAVIGATE,-0.0801,-0.0121,-1.8355,-0.3985,-0.9413,-2.4722,-0.5985,-0.9413,1.1154,0.0,12.0,12.0123,5.002073287963867,2.962028741836548,-118.99,0,1,180,1.67,-0.8474,1.0,0.3718,-0.2542,0.3,0.1487,0.1945,0.6906
78.151,2,NAVIGATE,-0.0997,-0.0498,-1.8209,-0.4164,-0.9502,-2.5409,-0.6164,-0.7502,0.971,0.0,12.0,12.0502,5.192753314971924,2.980111837387085,-116.48,0,1,180,1.744,-0.7778,1.0,0.3237,-0.2334,0.3,0.1295,0.1961,1.2076
78.201,2,NAVIGATE,-0.1237,-0.0956,-1.8039,-0.4376,-0.9588,-2.6273,-0.6376,-0.7588,0.9911,0.0,12.0,12.0962,5.425346851348877,3.000704765319824,-113.98,0,1,180,1.619,-0.7722,1.0,0.3304,-0.2316,0.3,0.1321,0.2005,1.0979
78.251,2,NAVIGATE,-0.1465,-0.1331,-1.7878,-0.4561,-0.9643,-2.7028,-0.6561,-0.7643,1.0073,0.0,12.0,12.134,6.133810520172119,3.043041467666626,-107.72,0,1,180,1.607,-0.7666,1.0,0.3358,-0.23,0.3,0.1343,0.2043,1.1077
78.301,2,NAVIGATE,-0.1747,-0.1783,-1.7685,-0.4802,-0.966,-2.7971,-0.6802,-0.766,1.0244,0.0,12.0,12.1795,6.610854625701904,3.0604052543640137,-104.47,0,1,180,1.587,-0.7572,1.0,0.3415,-0.2272,0.3,0.1366,0.2094,1.0127
78.352,2,NAVIGATE,-0.1986,-0.2161,-1.753,-0.5008,-0.9634,-2.8789,-0.7008,-0.7634,1.0363,0.0,12.0,12.2177,7.226925373077393,3.0813066959381104,-101.47,0,1,180,2.059,-0.7475,1.0,0.3454,-0.2243,0.3,0.1382,0.2139,0.9548
78.401,2,NAVIGATE,-0.2242,-0.2547,-1.7405,-0.5218,-0.9581,-2.9636,-0.7218,-0.7581,1.0468,0.0,12.0,12.2568,8.667510032653809,3.1207566261291504,-94.46,0,1,180,1.628,-0.7367,1.0,0.3489,-0.221,0.3,0.1396,0.2186,1.0234
78.451,2,NAVIGATE,-0.2557,-0.301,-1.7262,-0.5464,-0.9489,-3.069,-0.7464,-0.7489,1.0574,0.0,12.0,12.3037,8.633295059204102,3.1406679153442383,-90.71,0,1,180,1.759,-0.7228,1.0,0.3525,-0.2168,0.3,0.141,0.2241,0.9454
78.501,2,NAVIGATE,-0.2822,-0.3392,-1.7144,-0.5661,-0.9398,3.1233,-0.7661,-0.7398,1.065,0.0,12.0,12.3425,8.614594459533691,3.1579198837280273,-87.21,0,1,180,1.618,-0.7109,1.0,0.355,-0.2133,0.3,0.142,0.2287,0.9037
78.551,2,NAVIGATE,-0.3084,-0.3825,-1.706,-0.5871,-0.9268,3.0105,-0.7871,-0.7268,1.0714,0.0,12.0,12.3863,8.573951721191406,3.195216178894043,-79.2,0,1,180,1.658,-0.6965,1.0,0.3571,-0.2089,0.3,0.1428,0.2339,0.9821
78.601,2,NAVIGATE,-0.3312,-0.4183,-1.6985,-0.6046,-0.9159,2.9136,-0.8046,-0.7159,1.077,0.0,12.0,12.4227,8.556133270263672,3.2124085426330566,-75.19,0,1,180,1.596,-0.6844,1.0,0.359,-0.2053,0.3,0.1436,0.2383,0.9443
78.651,2,NAVIGATE,-0.3597,-0.4609,-1.6881,-0.6258,-0.903,2.7938,-0.8258,-0.703,1.0845,0.0,12.0,12.4661,8.544440269470215,3.2305350303649902,-71.19,0,1,180,1.573,-0.6699,1.0,0.3615,-0.201,0.3,0.1446,0.2436,0.8564
78.701,2,NAVIGATE,-0.3844,-0.4964,-1.6761,-0.6438,-0.8921,2.6913,-0.8438,-0.6921,1.0913,0.0,12.0,12.5023,6.186594486236572,3.26603102684021,-62.18,0,1,180,1.629,-0.6577,1.0,0.3638,-0.1973,0.3,0.1455,0.2482,0.9988
78.751,2,NAVIGATE,-0.41,-0.5315,-1.6647,-0.6629,-0.8803,2.587,-0.8629,-0.6803,1.0988,0.0,12.0,12.5382,5.506248950958252,3.2821874618530273,-57.93,0,1,180,1.677,-0.6445,1.0,0.3663,-0.1933,0.3,0.1465,0.2532,0.9539
78.801,2,NAVIGATE,-0.4418,-0.5731,-1.6542,-0.6877,-0.8636,2.4615,-0.8877,-0.6636,1.1083,0.0,12.0,12.5808,4.989772319793701,3.301194190979004,-53.17,0,1,180,1.641,-0.6265,1.0,0.3694,-0.188,0.3,0.1478,0.2598,0.8777
78.851,2,NAVIGATE,-0.4694,-0.6075,-1.6512,-0.709,-0.8476,2.3583,-0.909,-0.6476,1.1161,0.0,12.0,12.6163,4.259696960449219,3.3358325958251953,-43.67,0,1,180,1.733,-0.6101,1.0,0.372,-0.183,0.3,0.1488,0.2658,1.0678
78.901,2,NAVIGATE,-0.5035,-0.648,-1.6524,-0.7321,-0.8271,2.2379,-0.9321,-0.6271,1.1235,0.0,12.0,12.658,4.032789707183838,3.3541605472564697,-39.41,0,1,180,1.581,-0.5908,1.0,0.3745,-0.1772,0.3,0.1498,0.2726,1.0009
78.951,2,NAVIGATE,-0.5329,-0.6808,-1.6537,-0.7487,-0.8103,2.1414,-0.9487,-0.6103,1.1281,0.0,12.0,12.692,3.860205888748169,3.371406316757202,-35.16,0,1,180,1.574,-0.5758,1.0,0.376,-0.1727,0.3,0.1504,0.2777,0.9836
79.001,2,NAVIGATE,-0.5691,-0.7191,-1.6535,-0.7657,-0.7911,2.0314,-0.9657,-0.5911,1.1322,0.0,12.0,12.7318,3.6237385272979736,3.4123363494873047,-26.4,0,1,180,1.615,-0.5596,1.0,0.3774,-0.1679,0.3,0.151,0.2831,1.1366
79.051,2,NAVIGATE,-0.6061,-0.7565,-1.655,-0.78,-0.7735,1.9287,-0.98,-0.5735,1.1355,0.0,12.0,12.7709,3.56130051612854,3.431246280670166,-22.4,0,1,180,1.796,-0.5455,1.0,0.3785,-0.1636,0.3,0.1514,0.2878,1.0811
79.101,2,NAVIGATE,-0.6386,-0.7873,-1.6571,-0.791,-0.7602,1.8491,-0.991,-0.5602,1.1384,0.0,12.0,12.8032,3.522547483444214,3.451942205429077,-18.89,0,1,180,1.57,-0.5349,1.0,0.3795,-0.1605,0.3,0.1518,0.2913,1.0734
79.151,2,NAVIGATE,-0.6788,-0.8237,-1.66,-0.8038,-0.7452,1.7608,-1.0038,-0.5452,1.1423,0.0,12.0,12.8417,3.501082181930542,3.4950101375579834,-11.89,0,1,180,1.728,-0.5231,1.0,0.3808,-0.1569,0.3,0.1523,0.2954,1.2057
79.201,2,NAVIGATE,-0.7126,-0.8535,-1.6623,-0.8141,-0.7334,1.6933,-1.0141,-0.5334,1.1459,0.0,12.0,12.8733,3.5152714252471924,3.5152714252471924,-8.13,0,1,180,1.599,-0.5138,1.0,0.382,-0.1541,0.3,0.1528,0.2986,1.1866
79.251,2,NAVIGATE,-0.757,-0.8872,-1.6602,-0.8277,-0.7184,1.619,-1.0277,-0.5184,1.1511,0.0,12.0,12.9095,3.536228656768799,3.536228656768799,-5.63,0,1,180,1.621,-0.5019,1.0,0.3837,-0.1506,0.3,0.1535,0.3029,1.1494
79.301,2,NAVIGATE,-0.7945,-0.9147,-1.6583,-0.8394,-0.7061,1.5626,-1.0394,-0.5061,1.156,0.0,12.0,12.9391,3.5796923637390137,3.5796923637390137,-0.88,0,1,180,1.59,-0.4922,1.0,0.3853,-0.1477,0.3,0.1541,0.3065,1.2816
79.351,2,NAVIGATE,-0.8395,-0.9471,-1.6568,-0.8534,-0.6921,1.5014,-1.0534,-0.4921,1.1627,0.0,12.0,12.9743,3.6010398864746094,3.6010398864746094,1.88,0,1,180,1.692,-0.481,1.0,0.3876,-0.1443,0.3,0.155,0.3107,1.2616
79.401,2,NAVIGATE,-0.8765,-0.975,-1.6573,-0.8651,-0.6812,1.4555,-1.0651,-0.4812,1.1688,0.0,12.0,13.0045,3.624346971511841,3.624346971511841,3.88,0,1,180,1.663,-0.4722,1.0,0.3896,-0.1417,0.3,0.1558,0.3142,1.3057
79.451,2,NAVIGATE,-0.9137,-1.0024,-1.6582,-0.8769,-0.6708,1.4144,-1.0769,-0.4708,1.1753,0.0,12.0,13.0344,3.6693718433380127,3.6693718433380127,7.13,0,1,180,1.864,-0.4638,1.0,0.3918,-0.1391,0.3,0.1567,0.3176,1.5708
79.501,2,NAVIGATE,-0.9586,-1.0345,-1.6598,-0.8914,-0.6585,1.3712,-1.0914,-0.4585,1.1838,0.0,12.0,13.0697,3.6903865337371826,3.6903865337371826,8.88,0,1,180,1.646,-0.4539,1.0,0.3946,-0.1362,0.3,0.1578,0.3217,1.6687
79.551,2,NAVIGATE,-1.0027,-1.0613,-1.6624,-0.9059,-0.6443,1.3345,-1.1059,-0.4443,1.1918,0.0,12.0,13.0997,3.715303897857666,3.7113096714019775,10.63,0,1,180,1.737,-0.4427,1.0,0.3973,-0.1328,0.3,0.1589,0.3261,1.7926
79.601,2,NAVIGATE,-1.0398,-1.0836,-1.6649,-0.9182,-0.6328,1.309,-1.1182,-0.4328,1.199,0.0,12.0,13.1248,4.102187156677246,3.547816276550293,-135.0,0,1,180,1.545,-0.4337,1.0,0.3997,-0.1301,0.3,0.1599,0.3298,2.1222
79.651,2,NAVIGATE,-1.0854,-1.1104,-1.6676,-0.9333,-0.6198,1.2844,-1.1333,-0.4198,1.2086,0.0,12.0,13.1552,4.1399664878845215,3.4835071563720703,-135.0,0,1,180,1.934,-0.4235,1.0,0.4029,-0.1271,0.3,0.1611,0.3341,2.2386
79.701,2,NAVIGATE,-1.1246,-1.1329,-1.6695,-0.9465,-0.6094,1.2691,-1.1465,-0.4094,1.2174,0.0,12.0,13.1809,4.162263870239258,3.4283406734466553,-135.0,0,1,180,1.563,-0.4155,1.0,0.4058,-0.1246,0.3,0.1623,0.3377,2.3456
79.751,2,NAVIGATE,-1.1641,-1.1552,-1.6715,-0.9596,-0.5994,1.2582,-1.1596,-0.3994,1.2265,0.0,12.0,13.2066,4.230769634246826,3.3347079753875732,-135.0,0,1,180,1.846,-0.4077,1.0,0.4088,-0.1223,0.3,0.1635,0.3412,2.5395
79.801,2,NAVIGATE,-1.2116,-1.1807,-1.6749,-0.9752,-0.5872,1.2508,-1.1752,-0.3872,1.2374,0.0,12.0,13.2363,4.253051280975342,3.3001797199249268,-135.0,0,1,180,1.872,-0.3986,1.0,0.4125,-0.1196,0.3,0.165,0.3454,2.5743
79.851,2,NAVIGATE,-1.2591,-1.204,-1.6798,-0.9911,-0.5746,1.2493,-1.1911,-0.3746,1.2486,0.0,12.0,13.2639,4.283294200897217,3.270040988922119,-135.0,0,1,180,1.67,-0.3892,1.0,0.4162,-0.1168,0.3,0.1665,0.3497,2.583
79.901,2,NAVIGATE,-1.2993,-1.2235,-1.6843,-1.0051,-0.5638,1.252,-1.2051,-0.3638,1.2588,0.0,12.0,13.2871,4.347541332244873,3.2230772972106934,-135.0,0,1,180,1.789,-0.3812,1.0,0.4196,-0.1144,0.3,0.1678,0.3535,2.523
79.952,2,NAVIGATE,-1.349,-1.2463,-1.6924,-1.0232,-0.55,1.2593,-1.2232,-0.35,1.2723,0.0,12.0,13.3148,4.377322196960449,3.2072298526763916,-135.0,0,1,180,1.965,-0.3711,1.0,0.4241,-0.1113,0.3,0.1696,0.3583,2.4537
80.001,2,NAVIGATE,-1.3917,-1.2649,-1.7017,-1.0393,-0.5378,1.2682,-1.2393,-0.3378,1.2845,0.0,12.0,13.3377,4.4027099609375,3.195389986038208,-135.0,0,1,180,1.816,-0.3622,1.0,0.4282,-0.1087,0.3,0.1713,0.3626,2.3715
80.051,2,NAVIGATE,-1.4436,-1.2871,-1.715,-1.0596,-0.5228,1.2818,-1.2596,-0.3228,1.3004,0.0,12.0,13.3652,4.473353385925293,3.1801013946533203,-135.0,0,1,180,1.906,-0.3514,1.0,0.4335,-0.1054,0.3,0.1734,0.368,2.1509
80.101,2,NAVIGATE,-1.4964,-1.3076,-1.7349,-1.081,-0.5064,1.2979,-1.281,-0.3064,1.3171,0.0,12.0,13.3914,4.03199577331543,3.1764442920684814,-135.0,0,1,180,1.582,-0.3399,1.0,0.439,-0.102,0.3,0.1756,0.3737,2.0706
80.151,2,NAVIGATE,-1.5411,-1.3243,-1.7541,-1.0983,-0.4928,1.3126,-1.2983,-0.2928,1.3309,0.0,12.0,13.4132,4.052876949310303,3.177493095397949,-135.0,0,1,180,1.722,-0.3306,1.0,0.4436,-0.0992,0.3,0.1775,0.3783,1.873
80.201,2,NAVIGATE,-1.5953,-1.3442,-1.7787,-1.1178,-0.4774,1.3314,-1.3178,-0.2774,1.3467,0.0,12.0,13.4393,4.063836097717285,3.1812891960144043,-135.0,0,1,180,1.67,-0.3207,1.0,0.4489,-0.0962,0.3,0.1796,0.3834,1.8207
80.251,2,NAVIGATE,-1.6529,-1.3629,-1.7998,-1.1373,-0.4634,1.3507,-1.3373,-0.2634,1.363,0.0,12.0,13.4648,4.077108860015869,3.1886179447174072,-135.0,0,1,180,1.729,-0.3122,1.0,0.4543,-0.0937,0.3,0.1817,0.3881,1.8082
80.301,2,NAVIGATE,-1.7011,-1.3785,-1.8177,-1.1531,-0.4527,1.3667,-1.3531,-0.2527,1.3765,0.0,12.0,13.4862,4.098336219787598,3.205129861831665,-135.0,0,1,180,1.687,-0.3061,1.0,0.4588,-0.0918,0.3,0.1835,0.3917,1.7166
80.351,2,NAVIGATE,-1.7597,-1.3974,-1.8382,-1.1722,-0.4407,1.3857,-1.3722,-0.2407,1.3931,0.0,12.0,13.5124,4.113619804382324,3.21467661857605,-135.0,0,1,180,1.828,-0.2996,1.0,0.4644,-0.0899,0.3,0.1858,0.3959,1.7481
80.401,2,NAVIGATE,-1.8095,-1.4133,-1.8538,-1.1882,-0.4307,1.4008,-1.3882,-0.2307,1.4072,0.0,12.0,13.5348,4.126437187194824,3.225376844406128,-135.0,0,1,180,1.633,-0.2943,1.0,0.4691,-0.0883,0.3,0.1876,0.3993,1.7839
80.451,2,NAVIGATE,-1.8595,-1.429,-1.869,-1.2044,-0.4207,1.415,-1.4044,-0.2207,1.4216,0.0,12.0,13.5571,4.150818824768066,3.2452621459960938,-135.0,0,1,180,1.707,-0.2893,1.0,0.4739,-0.0868,0.3,0.1895,0.4028,1.7416
80.501,2,NAVIGATE,-1.9212,-1.4481,-1.8845,-1.2242,-0.4092,1.4307,-1.4242,-0.2092,1.4395,0.0,12.0,13.5847,4.165206432342529,3.2573413848876953,-135.0,0,1,180,1.64,-0.2838,1.0,0.4798,-0.0851,0.3,0.1919,0.4068,1.7763
80.552,2,NAVIGATE,-1.9747,-1.4648,-1.8935,-1.2413,-0.4,1.4426,-1.4413,-0.2,1.4551,0.0,12.0,13.6088,4.178268909454346,3.265824317932129,-135.0,0,1,180,1.892,-0.2797,1.0,0.485,-0.0839,0.3,0.194,0.4101,1.7951
80.601,2,NAVIGATE,-2.039,-1.4843,-1.9044,-1.2617,-0.3889,1.4555,-1.4617,-0.1889,1.4738,0.0,12.0,13.6376,4.192505359649658,3.272829532623291,-135.0,0,1,180,1.621,-0.275,1.0,0.4913,-0.0825,0.3,0.1965,0.414,1.8308
80.651,2,NAVIGATE,-2.0935,-1.5001,-1.9111,-1.2788,-0.3792,1.4649,-1.4788,-0.1792,1.4896,0.0,12.0,13.6614,4.21823787689209,3.2857420444488525,-135.0,0,1,180,1.726,-0.271,1.0,0.4965,-0.0813,0.3,0.1986,0.4173,1.7947
80.701,2,NAVIGATE,-2.1601,-1.5183,-1.9155,-1.2996,-0.3671,1.4744,-1.3996,-0.1671,1.4095,0.0,12.0,13.6898,4.230795383453369,3.291288375854492,-135.0,0,1,180,1.548,-0.2737,1.0,0.4698,-0.0821,0.3,0.1879,0.4058,1.8221
80.752,2,NAVIGATE,-2.2157,-1.533,-1.9198,-1.3168,-0.3568,1.4808,-1.4,-0.1568,1.4088,0.0,12.0,13.7132,4.242547988891602,3.2935328483581543,-135.0,0,1,180,1.984,-0.2704,1.0,0.4696,-0.0811,0.3,0.1878,0.4067,1.8406
80.801,2,NAVIGATE,-2.2797,-1.5503,-1.9253,-1.3362,-0.3443,1.4869,-1.4,-0.1443,1.4074,0.0,12.0,13.7408,4.267324447631836,3.292332172393799,-135.0,0,1,180,1.543,-0.2661,1.0,0.4691,-0.0798,0.3,0.1877,0.4078,1.8393
80.851,2,NAVIGATE,-2.343,-1.567,-1.9313,-1.3528,-0.3312,1.4911,-1.4,-0.1312,1.4061,0.0,12.0,13.7678,4.278554916381836,3.287400960922241,-135.0,0,1,180,1.712,-0.2614,1.0,0.4687,-0.0784,0.3,0.1875,0.4091,1.8676
80.901,2,NAVIGATE,-2.3963,-1.5804,-1.9367,-1.3645,-0.3202,1.4932,-1.4,-0.1202,1.4052,0.0,12.0,13.7902,4.299252510070801,3.2747013568878174,-135.0,0,1,180,1.675,-0.2574,1.0,0.4684,-0.0772,0.3,0.1874,0.4101,1.8648
80.951,2,NAVIGATE,-2.4628,-1.5937,-1.9449,-1.3768,-0.3067,1.4942,-1.4,-0.1067,1.4041,0.0,12.0,13.815,4.311881065368652,3.2649431228637695,-135.0,0,1,180,1.692,-0.2525,1.0,0.468,-0.0758,0.3,0.1872,0.4115,1.8929
81.001,2,NAVIGATE,-2.5187,-1.6042,-1.952,-1.3853,-0.2953,1.4938,-1.4,-0.0953,1.4032,0.0,12.0,13.8354,4.321859836578369,3.2523200511932373,-135.0,0,1,180,1.552,-0.2484,1.0,0.4677,-0.0745,0.3,0.1871,0.4126,1.9117
81.051,2,NAVIGATE,-2.586,-1.6165,-1.9606,-1.3938,-0.2819,1.4917,-1.4,-0.0819,1.4024,0.0,12.0,13.8599,4.34185791015625,3.2258293628692627,-135.0,0,1,180,1.54,-0.2436,1.0,0.4675,-0.0731,0.3,0.187,0.4139,1.9279
81.101,2,NAVIGATE,-2.6544,-1.6301,-1.9685,-1.4017,-0.2694,1.488,-1.4,-0.0694,1.4017,0.0,12.0,13.8862,4.35291051864624,3.2065141201019287,-135.0,0,1,180,1.125,-0.2395,1.0,0.4672,-0.0718,0.3,0.1869,0.415,1.9453
81.151,2,NAVIGATE,-2.7115,-1.641,-1.975,-1.4075,-0.2589,1.4839,-1.4,-0.0589,1.4012,0.0,12.0,13.9079,4.362712860107422,3.186803102493286,-135.0,0,1,180,1.142,-0.236,1.0,0.4671,-0.0708,0.3,0.1868,0.416,1.9406
81.201,2,NAVIGATE,-2.7683,-1.6517,-1.9817,-1.4127,-0.2485,1.479,-1.4,-0.0485,1.4008,0.0,12.0,13.9295,4.370420932769775,3.1707382202148438,-135.0,0,1,180,1.118,-0.2326,1.0,0.4669,-0.0698,0.3,0.1868,0.417,1.8933
81.25,2,NAVIGATE,-2.8239,-1.6627,-1.9891,-1.4168,-0.2385,1.4734,-1.4,-0.0385,1.4005,0.0,12.0,13.9515,4.387744426727295,3.1243081092834473,-135.0,0,1,180,1.041,-0.2293,1.0,0.4668,-0.0688,0.3,0.1867,0.418,1.8004
81.3,2,NAVIGATE,-2.891,-1.6752,-1.9977,-1.4213,-0.2261,1.4659,-1.4,-0.0261,1.4002,0.0,12.0,13.9775,4.395352363586426,3.104285955429077,-135.0,0,1,180,1.018,-0.225,1.0,0.4667,-0.0675,0.3,0.1867,0.4192,1.7572
81.35,2,NAVIGATE,-2.9464,-1.6846,-2.0048,-1.4245,-0.2153,1.4591,-1.4,-0.0153,1.4001,0.0,12.0,13.9982,4.412102222442627,3.061472177505493,-135.0,0,1,180,1.084,-0.2212,1.0,0.4667,-0.0664,0.3,0.1867,0.4203,1.6653
81.4,2,NAVIGATE,-3.0103,-1.6933,-2.014,-1.4268,-0.2013,1.4506,-1.4,-0.0013,1.4,0.0,12.0,14.0203,4.4198455810546875,3.0362863540649414,-135.0,0,1,180,1.093,-0.2156,1.0,0.4667,-0.0647,0.3,0.1867,0.422,1.6181
81.45,2,NAVIGATE,-3.075,-1.7017,-2.0225,-1.4291,-0.1875,1.4418,-1.4,0.0125,1.4001,0.0,12.0,14.0425,4.426736354827881,3.0156660079956055,-135.0,0,1,180,1.025,-0.2103,1.0,0.4667,-0.0631,0.3,0.1867,0.4236,1.5723
81.5,2,NAVIGATE,-3.1313,-1.7085,-2.0268,-1.432,-0.1762,1.4344,-1.4,0.0238,1.4002,0.0,12.0,14.0616,4.439652442932129,2.9728362560272217,-135.0,0,1,180,0.996,-0.2061,1.0,0.4667,-0.0618,0.3,0.1867,0.4249,1.4834
81.55,2,NAVIGATE,-3.2006,-1.7164,-2.0301,-1.436,-0.1627,1.4255,-1.4,0.0373,1.4005,0.0,12.0,14.0849,4.446664810180664,2.9485507011413574,-135.0,0,1,180,1.064,-0.2012,1.0,0.4668,-0.0604,0.3,0.1867,0.4264,1.4341
81.6,2,NAVIGATE,-3.2699,-1.7236,-2.0332,-1.4397,-0.1489,1.4165,-1.4,0.0511,1.4009,0.0,12.0,14.1078,4.452323913574219,2.9290003776550293,-135.0,0,1,180,1.141,-0.1962,1.0,0.467,-0.0588,0.3,0.1868,0.4279,1.3885
81.65,2,NAVIGATE,-3.3418,-1.7287,-2.0385,-1.4432,-0.1343,1.4075,-1.4,0.0657,1.4015,0.0,12.0,14.1295,4.462124824523926,2.8883185386657715,-135.0,0,1,180,0.986,-0.1907,1.0,0.4672,-0.0572,0.3,0.1869,0.4297,1.2991
81.701,2,NAVIGATE,-3.4019,-1.7323,-2.0431,-1.4457,-0.122,1.4001,-1.4,0.078,1.4022,0.0,12.0,14.1474,4.466952800750732,2.868730068206787,-135.0,0,1,180,1.52,-0.1861,1.0,0.4674,-0.0558,0.3,0.187,0.4311,1.2467
81.751,2,NAVIGATE,-3.4617,-1.7356,-2.0472,-1.4478,-0.1097,1.3928,-1.4,0.0903,1.4029,0.0,12.0,14.1651,4.47182559967041,2.851395845413208,-135.0,0,1,180,1.13,-0.1815,1.0,0.4676,-0.0544,0.3,0.1871,0.4326,1.2024
81.8,2,NAVIGATE,-3.5351,-1.7397,-2.054,-1.4506,-0.0953,1.3841,-1.4,0.1047,1.4039,0.0,12.0,14.1872,4.480739593505859,2.817925214767456,-135.0,0,1,180,1.044,-0.1762,1.0,0.468,-0.0529,0.3,0.1872,0.4343,1.1135
81.85,2,NAVIGATE,-3.6083,-1.7434,-2.0604,-1.4529,-0.0809,1.3755,-1.4,0.1191,1.4051,0.0,12.0,14.2092,4.485384464263916,2.801173210144043,-135.0,0,1,180,0.976,-0.171,1.0,0.4684,-0.0513,0.3,0.1873,0.436,1.0617
81.901,2,NAVIGATE,-3.669,-1.7464,-2.0645,-1.4545,-0.069,1.3686,-1.4,0.131,1.4061,0.0,12.0,14.2276,4.488913536071777,2.785778522491455,-135.0,0,1,180,1.219,-0.1667,1.0,0.4687,-0.05,0.3,0.1875,0.4375,1.0166
81.951,2,NAVIGATE,-3.7294,-1.7506,-2.0661,-1.4558,-0.0575,1.3618,-1.3,0.1425,1.3078,0.0,12.0,14.2474,4.495739936828613,2.7588250637054443,-135.0,0,1,180,1.232,-0.1551,1.0,0.4359,-0.0465,0.3,0.1744,0.4279,1.2283
82.0,2,NAVIGATE,-3.8016,-1.7549,-2.0678,-1.4571,-0.0436,1.3539,-1.3,0.1564,1.3094,0.0,12.0,14.2705,4.49993896484375,2.745704174041748,-135.0,0,1,180,1.01,-0.1494,1.0,0.4365,-0.0448,0.3,0.1746,0.4298,1.176
82.05,2,NAVIGATE,-3.8617,-1.7576,-2.0686,-1.4584,-0.0318,1.3477,-1.3,0.1682,1.3108,0.0,12.0,14.2894,4.502708911895752,2.7343485355377197,-135.0,0,1,180,1.029,-0.1445,1.0,0.4369,-0.0433,0.3,0.1748,0.4314,1.1318
82.1,2,NAVIGATE,-3.9348,-1.7601,-2.0684,-1.4581,-0.0172,1.3407,-1.3,0.1828,1.3128,0.0,12.0,14.3116,4.508513927459717,2.711641311645508,-135.0,0,1,180,0.995,-0.1384,1.0,0.4376,-0.0415,0.3,0.175,0.4335,1.0408
82.15,2,NAVIGATE,-3.9954,-1.7614,-2.0682,-1.4558,-0.0048,1.3352,-1.3,0.1952,1.3146,0.0,12.0,14.3297,4.510494232177734,2.7036869525909424,-135.0,0,1,180,1.059,-0.1331,1.0,0.4382,-0.0399,0.3,0.1753,0.4353,0.9899
82.2,2,NAVIGATE,-4.0676,-1.7621,-2.0678,-1.4511,0.0103,1.3287,-1.3,0.2103,1.3169,0.0,12.0,14.3506,4.513583660125732,2.6972954273223877,-135.0,0,1,180,0.991,-0.1266,1.0,0.439,-0.038,0.3,0.1756,0.4376,0.9456
82.25,2,NAVIGATE,-4.1274,-1.7618,-2.0675,-1.4462,0.0233,1.3236,-1.2,0.2233,1.2206,0.0,12.0,14.3674,4.5145392417907715,2.6805648803710938,-135.0,0,1,180,1.049,-0.1072,1.0,0.4069,-0.0322,0.3,0.1627,0.4306,1.1574
82.3,2,NAVIGATE,-4.1986,-1.7607,-2.0672,-1.4396,0.0389,1.3176,-1.2,0.2389,1.2236,0.0,12.0,14.3869,4.5171685218811035,2.6739087104797363,-135.0,0,1,180,1.069,-0.0994,1.0,0.4079,-0.0298,0.3,0.1631,0.4333,1.1044
82.351,2,NAVIGATE,-4.2565,-1.7577,-2.0675,-1.4337,0.0528,1.3128,-1.2,0.2528,1.2263,0.0,12.0,14.4011,4.517826557159424,2.6694869995117188,-135.0,0,1,180,1.296,-0.0922,1.0,0.4088,-0.0277,0.3,0.1635,0.4358,1.0606
82.4,2,NAVIGATE,-4.3247,-1.7525,-2.0681,-1.4244,0.0701,1.3074,-1.2,0.2701,1.23,0.0,12.0,14.4164,4.517871856689453,2.6591148376464844,-135.0,0,1,180,1.073,-0.0832,1.0,0.41,-0.025,0.3,0.164,0.4391,0.9728
82.45,2,NAVIGATE,-4.3924,-1.7467,-2.0687,-1.4132,0.0871,1.3021,-1.2,0.2871,1.2339,0.0,12.0,14.4314,4.51768159866333,2.6557157039642334,-135.0,0,1,180,1.14,-0.0744,1.0,0.4113,-0.0223,0.3,0.1645,0.4422,0.9233
82.5,2,NAVIGATE,-4.4475,-1.7438,-2.0665,-1.4023,0.1,1.2978,-1.2,0.3,1.2369,0.0,12.0,14.4455,4.518661022186279,2.6522300243377686,-135.0,0,1,180,1.086,-0.0679,1.0,0.4123,-0.0204,0.3,0.1649,0.4445,0.8794
82.551,2,NAVIGATE,-4.5129,-1.7401,-2.0636,-1.3887,0.1151,1.2927,-1.2,0.3151,1.2407,0.0,12.0,14.4622,4.5173492431640625,2.6474249362945557,-135.0,0,1,180,1.63,-0.0605,1.0,0.4136,-0.0182,0.3,0.1654,0.4473,0.792
82.601,2,NAVIGATE,-4.5768,-1.7352,-2.0603,-1.3751,0.1305,1.2876,-1.1,0.3305,1.1486,0.0,12.0,14.4776,4.512110710144043,2.6461410522460938,-135.0,0,1,180,1.718,-0.0298,1.0,0.3829,-0.0089,0.3,0.1531,0.4442,1.044
82.651,2,NAVIGATE,-4.6159,-1.7306,-2.0563,-1.3653,0.1414,1.2843,-1.1,0.3414,1.1518,0.0,12.0,14.4857,4.508096694946289,2.64530873298645,-135.0,0,1,180,1.698,-0.0233,1.0,0.3839,-0.007,0.3,0.1536,0.4466,0.9601
82.701,2,NAVIGATE,-4.6747,-1.7232,-2.051,-1.3523,0.158,1.2795,-1.1,0.358,1.1568,0.0,12.0,14.4976,4.507189750671387,2.6448893547058105,-135.0,0,1,180,1.618,-0.0137,1.0,0.3856,-0.0041,0.3,0.1542,0.4501,0.9144
82.751,2,NAVIGATE,-4.7339,-1.7147,-2.0471,-1.3389,0.1749,1.275,-1.1,0.3749,1.1621,0.0,12.0,14.5087,4.505138874053955,2.6443378925323486,-135.0,0,1,180,1.917,-0.0039,1.0,0.3874,-0.0012,0.3,0.1549,0.4538,0.865
82.801,2,NAVIGATE,-4.7834,-1.7057,-2.0462,-1.3271,0.1893,1.2715,-1.1,0.3893,1.1669,0.0,12.0,14.5165,4.497431755065918,2.6494626998901367,-135.0,0,1,180,1.562,0.0043,1.0,0.389,0.0013,0.3,0.1556,0.4569,0.7858
82.851,2,NAVIGATE,-4.8428,-1.6945,-2.0453,-1.3123,0.2064,1.2673,-1.1,0.4064,1.1727,0.0,12.0,14.5255,4.49302339553833,2.6535990238189697,-135.0,0,1,180,1.688,0.014,1.0,0.3909,0.0042,0.3,0.1564,0.4605,0.7447
82.901,2,NAVIGATE,-4.9013,-1.6817,-2.0463,-1.2972,0.2237,1.2632,-1.0972,0.4237,1.1761,0.0,12.0,14.5331,4.487823009490967,2.6543116569519043,-135.0,0,1,180,1.565,0.0245,1.0,0.392,0.0074,0.3,0.1568,0.4642,0.7055
82.951,2,NAVIGATE,-4.9392,-1.6717,-2.0488,-1.2868,0.2357,1.2605,-1.0868,0.3357,1.1375,0.0,12.0,14.5366,4.478430271148682,2.6626315116882324,-135.0,0,1,180,1.855,-0.0471,1.0,0.3792,-0.0141,0.3,0.1517,0.4375,0.6587
83.001,2,NAVIGATE,-5.0057,-1.654,-2.0527,-1.2699,0.2565,1.2559,-1.0699,0.3565,1.1278,0.0,12.0,14.5427,4.4743452072143555,2.6647276878356934,-135.0,0,1,180,1.62,-0.0298,1.0,0.3759,-0.0089,0.3,0.1504,0.4414,0.6653
83.051,2,NAVIGATE,-5.0539,-1.6405,-2.055,-1.2594,0.2712,1.2526,-1.0594,0.3712,1.1226,0.0,12.0,14.5466,4.467150688171387,2.672665596008301,-135.0,0,1,180,1.628,-0.0178,1.0,0.3742,-0.0053,0.3,0.1497,0.4443,0.6521
83.101,2,NAVIGATE,-5.1025,-1.6265,-2.0569,-1.2501,0.2838,1.2494,-1.0501,0.3838,1.118,0.0,12.0,14.5505,4.459402561187744,2.6760244369506836,-135.0,0,1,180,1.422,-0.0079,1.0,0.3727,-0.0024,0.3,0.1491,0.4467,0.6392
83.151,2,NAVIGATE,-5.1606,-1.6096,-2.059,-1.2395,0.2964,1.2457,-1.0395,0.2964,1.0809,0.0,12.0,14.5551,4.445908069610596,2.6858303546905518,-135.0,0,1,180,1.706,-0.0846,1.0,0.3603,-0.0254,0.3,0.1441,0.4188,0.5947
83.201,2,NAVIGATE,-5.2075,-1.5949,-2.0612,-1.2299,0.3062,1.2426,-1.0299,0.3062,1.0745,0.0,12.0,14.5581,4.438246726989746,2.693709135055542,-135.0,0,1,180,1.666,-0.0767,1.0,0.3582,-0.023,0.3,0.1433,0.4202,0.5791
83.251,2,NAVIGATE,-5.2535,-1.5798,-2.0637,-1.2198,0.3158,1.2395,-1.0198,0.3158,1.0675,0.0,12.0,14.5606,4.431910037994385,2.700655221939087,-135.0,0,1,180,1.739,-0.0688,1.0,0.3558,-0.0206,0.3,0.1423,0.4217,0.5713
83.301,2,NAVIGATE,-5.3087,-1.5618,-2.0661,-1.2078,0.3241,1.2357,-1.0078,0.1241,1.0154,0.0,12.0,14.5638,4.416225433349609,2.712949514389038,-135.0,0,1,180,1.553,-0.248,1.0,0.3385,-0.0744,0.3,0.1354,0.361,0.5296
83.351,2,NAVIGATE,-5.3643,-1.5426,-2.0668,-1.1958,0.3304,1.2318,-0.9958,0.1304,1.0043,0.0,12.0,14.5663,4.40733528137207,2.721118211746216,-135.0,0,1,180,1.785,-0.2444,1.0,0.3348,-0.0733,0.3,0.1339,0.3606,0.5232
83.401,2,NAVIGATE,-5.4106,-1.5264,-2.0666,-1.1859,0.3345,1.2286,-0.9859,0.2345,1.0134,0.0,12.0,14.5684,4.400851249694824,2.7284555435180664,-135.0,0,1,180,1.658,-0.1465,1.0,0.3378,-0.0439,0.3,0.1351,0.3912,0.5142
83.451,2,NAVIGATE,-5.466,-1.5074,-2.0662,-1.1744,0.3328,1.2246,0.0,0.0,0.0,0.0,12.0,14.5715,4.382513999938965,2.7406907081604004,-135.0,0,0,180,1.768,,,,,,,,
83.501,2,NAVIGATE,-5.5186,-1.4881,-2.0692,-1.163,0.327,1.2205,0.0,0.0,0.0,0.0,12.0,14.5734,4.37537145614624,2.750948667526245,-135.0,0,0,180,1.66,,,,,,,,
83.551,2,NAVIGATE,-5.5537,-1.4756,-2.0712,-1.1565,0.323,1.2185,0.0,0.0,0.0,0.0,12.0,14.5752,4.3682990074157715,2.7566885948181152,-135.0,0,0,180,1.687,,,,,,,,
83.601,2,NAVIGATE,-5.6059,-1.4576,-2.0744,-1.1273,0.3141,1.2164,-0.9273,0.2141,0.9517,0.0,12.0,14.5785,4.351043224334717,2.7731993198394775,-135.0,0,1,180,1.591,-0.167,1.0,0.3172,-0.0501,0.3,0.1269,0.3768,0.4693
83.651,2,NAVIGATE,-5.6609,-1.4419,-2.0794,-1.0749,0.3001,1.2141,-0.8749,0.5001,1.0078,0.0,12.0,14.5853,4.343989849090576,2.7823805809020996,-135.0,0,1,180,1.658,0.1204,1.0,0.3359,0.0361,0.3,0.1344,0.4705,0.5946
83.702,2,NAVIGATE,-5.7041,-1.4295,-2.0827,-1.017,0.285,1.21,-0.817,0.485,0.9501,0.0,12.0,14.5907,4.328690052032471,2.799558639526367,-135.0,0,1,180,1.915,0.1337,1.0,0.3167,0.0401,0.3,0.1267,0.4668,0.7203
83.751,2,NAVIGATE,-5.7529,-1.4165,-2.0859,-0.9561,0.2668,1.204,-0.7561,0.4668,0.8886,0.0,12.0,14.5979,4.322467803955078,2.803037643432617,-135.0,0,1,180,1.796,0.1475,1.0,0.2962,0.0442,0.3,0.1185,0.4627,0.8629
83.801,2,NAVIGATE,-5.7989,-1.4058,-2.0883,-0.9117,0.2601,1.1978,-0.7117,0.4601,0.8475,0.0,12.0,14.6062,4.316688060760498,2.8056564331054688,-135.0,0,1,180,1.707,0.1649,1.0,0.2825,0.0495,0.3,0.113,0.4625,0.9495
83.851,2,NAVIGATE,-5.8357,-1.3967,-2.0895,-0.8881,0.2637,1.1928,-0.6881,0.4637,0.8297,0.0,12.0,14.6126,4.308618068695068,2.8123154640197754,-135.0,0,1,180,1.779,0.1811,1.0,0.2766,0.0543,0.3,0.1106,0.465,0.9487
83.901,2,NAVIGATE,-5.8766,-1.3848,-2.089,-0.8703,0.2761,1.1875,-0.6703,0.4761,0.8222,0.0,12.0,14.6181,4.303909778594971,2.8172924518585205,-135.0,0,1,180,1.733,0.2025,1.0,0.2741,0.0607,0.3,0.1096,0.4704,0.9687
83.951,2,NAVIGATE,-5.9084,-1.374,-2.0873,-0.8605,0.2907,1.1838,-0.6605,0.4907,0.8228,0.0,12.0,14.621,4.300965785980225,2.824394464492798,-135.0,0,1,180,1.782,0.2212,1.0,0.2743,0.0664,0.3,0.1097,0.4761,0.9657
84.001,2,NAVIGATE,-5.9402,-1.3626,-2.0853,-0.8532,0.307,1.1805,-0.6532,0.507,0.8269,0.0,12.0,14.6234,4.294975757598877,2.830091714859009,-135.0,0,1,180,1.662,0.2394,1.0,0.2756,0.0718,0.3,0.1102,0.4821,0.958
84.051,2,NAVIGATE,-5.9794,-1.348,-2.0847,-0.8455,0.3266,1.1769,-0.6455,0.5266,0.833,0.0,12.0,14.6261,4.283438682556152,2.8427672386169434,-135.0,0,1,180,1.699,0.2601,1.0,0.2777,0.078,0.3,0.1111,0.4891,0.9311
84.101,2,NAVIGATE,-6.0128,-1.335,-2.0855,-0.8384,0.3423,1.1742,-0.6384,0.5423,0.8376,0.0,12.0,14.628,4.276087760925293,2.8531835079193115,-135.0,0,1,180,1.66,0.2769,1.0,0.2792,0.0831,0.3,0.1117,0.4948,0.9221
84.152,2,NAVIGATE,-6.0459,-1.3215,-2.0859,-0.8298,0.3571,1.1715,-0.6298,0.5571,0.8408,0.0,12.0,14.6293,4.267783164978027,2.85986328125,-135.0,0,1,180,1.832,0.2938,1.0,0.2803,0.0881,0.3,0.1121,0.5003,0.9198
84.201,2,NAVIGATE,-6.0858,-1.3047,-2.0846,-0.8178,0.374,1.1685,-0.6178,0.574,0.8433,0.0,12.0,14.6305,4.250916004180908,2.874202013015747,-135.0,0,1,180,1.686,0.3142,1.0,0.2811,0.0943,0.3,0.1124,0.5067,0.9044
84.251,2,NAVIGATE,-6.1253,-1.2872,-2.0825,-0.8043,0.3901,1.1654,-0.6043,0.5901,0.8446,0.0,12.0,14.6311,4.241483211517334,2.8857078552246094,-135.0,0,1,180,1.89,0.335,1.0,0.2815,0.1005,0.3,0.1126,0.5131,0.9109
84.301,2,NAVIGATE,-6.1576,-1.272,-2.0806,-0.7922,0.4033,1.1628,-0.5922,0.6033,0.8454,0.0,12.0,14.6308,4.230567932128906,2.897482395172119,-135.0,0,1,180,1.631,0.3526,1.0,0.2818,0.1058,0.3,0.1127,0.5185,0.921
84.351,2,NAVIGATE,-6.1958,-1.256,-2.0757,-0.7776,0.4176,1.1595,-0.5776,0.6176,0.8456,0.0,12.0,14.6325,4.211184978485107,2.914027690887451,-135.0,0,1,180,1.6,0.3725,1.0,0.2819,0.1117,0.3,0.1127,0.5245,0.9159
84.401,2,NAVIGATE,-6.227,-1.2423,-2.0715,-0.7653,0.4296,1.1568,-0.5653,0.6296,0.8462,0.0,12.0,14.6333,4.198848724365234,2.9254047870635986,114.48,0,1,180,1.503,0.3891,1.0,0.2821,0.1167,0.3,0.1128,0.5296,0.9226
84.452,2,NAVIGATE,-6.2577,-1.2277,-2.0676,-0.753,0.442,1.1541,-0.553,0.642,0.8474,0.0,12.0,14.6332,4.190035343170166,2.898655414581299,113.98,0,1,180,1.773,0.4058,1.0,0.2825,0.1217,0.3,0.113,0.5347,0.9356
84.501,2,NAVIGATE,-6.2952,-1.2102,-2.0607,-0.7388,0.4572,1.1509,-0.5388,0.6572,0.8498,0.0,12.0,14.6334,4.16554594039917,2.8513050079345703,114.98,0,1,180,1.659,0.4254,1.0,0.2833,0.1276,0.3,0.1133,0.5409,0.9313
84.551,2,NAVIGATE,-6.332,-1.1915,-2.0542,-0.7245,0.473,1.1478,-0.5245,0.673,0.8532,0.0,12.0,14.6325,4.152324676513672,2.8236262798309326,114.73,0,1,180,1.681,0.445,1.0,0.2844,0.1335,0.3,0.1138,0.5473,0.947
84.601,2,NAVIGATE,-6.3623,-1.1749,-2.0484,-0.7128,0.4865,1.1453,-0.5128,0.6865,0.8569,0.0,12.0,14.6307,4.126832008361816,2.7779383659362793,113.73,0,1,180,1.732,0.4612,1.0,0.2856,0.1384,0.3,0.1143,0.5526,0.9379
84.651,2,NAVIGATE,-6.4056,-1.15,-2.0359,-0.6974,0.5062,1.1417,-0.4974,0.7062,0.8638,0.0,12.0,14.6272,4.114436626434326,2.7549586296081543,112.98,0,1,180,1.727,0.4828,1.0,0.2879,0.1449,0.3,0.1152,0.56,0.9579
84.701,2,NAVIGATE,-6.4355,-1.1313,-2.0283,-0.686,0.5206,1.1392,-0.486,0.7206,0.8692,0.0,12.0,14.6235,4.098970890045166,2.7286200523376465,114.48,0,1,180,1.611,0.4983,1.0,0.2897,0.1495,0.3,0.1159,0.5654,0.9651
84.751,2,NAVIGATE,-6.4633,-1.1107,-2.0194,-0.6739,0.5353,1.1367,-0.4739,0.7353,0.8748,0.0,12.0,14.6173,4.071457386016846,2.6850526332855225,115.73,0,1,180,1.757,0.5144,1.0,0.3,0.1543,0.3,0.12,0.5743,0.9592
84.801,2,NAVIGATE,-6.4934,-1.0832,-2.0064,-0.6582,0.5539,1.1339,-0.4582,0.7539,0.8822,0.0,12.0,14.606,4.054663181304932,2.6630611419677734,115.98,0,1,180,1.708,0.5345,1.0,0.3144,0.1604,0.3,0.1258,0.5861,0.982
84.851,2,NAVIGATE,-6.5231,-1.055,-1.9956,-0.6423,0.5724,1.1311,-0.4423,0.7724,0.8901,0.0,12.0,14.594,4.036911964416504,2.6392946243286133,115.23,0,1,180,1.756,0.5541,1.0,0.3288,0.1662,0.3,0.1315,0.5978,1.0069
84.901,2,NAVIGATE,-6.5495,-1.0297,-1.9872,-0.6299,0.5881,1.1287,-0.4299,0.7881,0.8977,0.0,12.0,14.5832,4.0044331550598145,2.5973687171936035,115.98,0,1,180,1.695,0.5693,1.0,0.3407,0.1708,0.3,0.1363,0.6071,1.0082
84.951,2,NAVIGATE,-6.5811,-0.9985,-1.9788,-0.6151,0.6069,1.1258,-0.4151,0.8069,0.9074,0.0,12.0,14.5696,3.9892327785491943,2.577119827270508,115.98,0,1,180,1.847,0.5867,1.0,0.3549,0.176,0.3,0.142,0.618,1.029
85.001,2,NAVIGATE,-6.6066,-0.9721,-1.9731,-0.6028,0.6225,1.1234,-0.4028,0.8225,0.9158,0.0,12.0,14.5576,3.971808910369873,2.554252862930298,114.48,0,1,180,1.693,0.6007,1.0,0.3668,0.1802,0.3,0.1467,0.6269,1.0396
85.051,2,NAVIGATE,-6.6303,-0.9458,-1.969,-0.5899,0.6377,1.1211,-0.3899,0.8377,0.924,0.0,12.0,14.5449,3.9339311122894287,2.515594482421875,116.23,0,1,180,1.7,0.6146,1.0,0.3786,0.1844,0.3,0.1514,0.6358,1.0411
85.101,2,NAVIGATE,-6.6577,-0.9138,-1.9655,-0.5743,0.6556,1.1184,-0.3743,0.8556,0.9339,0.0,12.0,14.529,3.914710283279419,2.497427463531494,114.73,0,1,180,1.57,0.6307,1.0,0.3927,0.1892,0.3,0.1571,0.6463,1.067
85.151,2,NAVIGATE,-6.6845,-0.881,-1.9633,-0.5586,0.6736,1.1158,-0.3586,0.8736,0.9443,0.0,12.0,14.5122,3.894289493560791,2.4757702350616455,115.73,0,1,180,1.7,0.6462,1.0,0.4068,0.1939,0.3,0.1627,0.6566,1.0923
85.202,2,NAVIGATE,-6.7074,-0.8544,-1.9618,-0.5461,0.688,1.1135,-0.3461,0.888,0.953,0.0,12.0,14.4992,3.8542158603668213,2.439643144607544,116.98,0,1,180,2.251,0.6581,1.0,0.4181,0.1974,0.3,0.1672,0.6647,1.098
85.251,2,NAVIGATE,-6.7342,-0.8217,-1.9609,-0.5311,0.7052,1.1106,-0.3311,0.9052,0.9638,0.0,12.0,14.4826,3.8351171016693115,2.4213638305664062,115.98,0,1,180,1.731,0.6717,1.0,0.4316,0.2015,0.3,0.1727,0.6742,1.1262
85.301,2,NAVIGATE,-6.7562,-0.794,-1.9611,-0.5188,0.7195,1.1082,-0.3188,0.9195,0.9732,0.0,12.0,14.4683,3.8119683265686035,2.402392864227295,117.98,0,1,180,1.711,0.6825,1.0,0.4428,0.2048,0.3,0.1771,0.6819,1.14
85.351,2,NAVIGATE,-6.7836,-0.7609,-1.9628,-0.5051,0.7362,1.1055,-0.3051,0.9362,0.9846,0.0,12.0,14.4519,3.7698237895965576,2.368420362472534,115.98,0,1,180,1.835,0.6941,1.0,0.4556,0.2082,0.3,0.1823,0.6905,1.1521
85.401,2,NAVIGATE,-6.8056,-0.7325,-1.9645,-0.4934,0.7503,1.1033,-0.2934,0.9503,0.9945,0.0,12.0,14.4372,3.747982978820801,2.3526980876922607,117.48,0,1,180,1.754,0.7036,1.0,0.4665,0.2111,0.3,0.1866,0.6977,1.1686
85.451,2,NAVIGATE,-6.8305,-0.697,-1.967,-0.4787,0.7679,1.1008,-0.2787,0.9679,1.0072,0.0,12.0,14.4177,3.723956823348999,2.3332691192626953,116.98,0,1,180,1.749,0.7152,1.0,0.4802,0.2146,0.3,0.1921,0.7066,1.1923
85.501,2,NAVIGATE,-6.8497,-0.6658,-1.9693,-0.4656,0.7835,1.0987,-0.2656,0.9835,1.0187,0.0,12.0,14.3994,3.677729606628418,2.302757501602173,116.48,0,1,180,1.699,0.7251,1.0,0.4925,0.2175,0.3,0.197,0.7145,1.2048
85.551,2,NAVIGATE,-6.872,-0.6277,-1.9722,-0.4499,0.802,1.096,-0.2499,1.002,1.0327,0.0,12.0,14.3765,3.654566764831543,2.28751802444458,116.48,0,1,180,1.763,0.7366,1.0,0.5071,0.221,0.3,0.2029,0.7238,1.1958
85.601,2,NAVIGATE,-6.8933,-0.5877,-1.9754,-0.4341,0.8207,1.0932,-0.2341,1.0207,1.0472,0.0,12.0,14.3516,3.6010806560516357,2.257045269012451,117.23,0,1,180,1.675,0.7475,1.0,0.5219,0.2243,0.3,0.2088,0.733,1.118
85.651,2,NAVIGATE,-6.9104,-0.5531,-1.9782,-0.4209,0.8366,1.0909,-0.2209,1.0366,1.0599,0.0,12.0,14.3295,3.5797765254974365,2.2434234619140625,116.73,0,1,180,1.74,0.7563,1.0,0.5343,0.2269,0.3,0.2137,0.7406,1.0653
85.701,2,NAVIGATE,-6.9302,-0.5109,-1.9814,-0.4052,0.8553,1.0881,-0.2052,1.0553,1.0751,0.0,12.0,14.3021,3.5529232025146484,2.229302167892456,117.73,0,1,180,1.706,0.7662,1.0,0.5492,0.2299,0.3,0.2197,0.7495,1.0224
85.751,2,NAVIGATE,-6.9513,-0.4701,-1.9869,-0.3901,0.873,1.0855,-0.1901,1.073,1.0897,0.0,12.0,14.2766,3.4980366230010986,2.201472043991089,118.48,0,1,180,1.579,0.7751,1.0,0.5631,0.2325,0.3,0.2252,0.7578,1.0062
85.801,2,NAVIGATE,-6.9683,-0.4356,-1.9915,-0.3776,0.8876,1.0833,-0.1776,1.0876,1.102,0.0,12.0,14.2549,3.4715399742126465,2.1897177696228027,117.23,0,1,180,1.566,0.7822,1.0,0.5747,0.2347,0.3,0.2299,0.7645,0.9868
85.851,2,NAVIGATE,-6.9879,-0.3934,-1.9965,-0.3625,0.9051,1.0806,-0.1625,1.1051,1.117,0.0,12.0,14.2277,3.4437859058380127,2.1764276027679443,117.23,0,1,180,1.81,0.7904,1.0,0.5886,0.2371,0.3,0.2354,0.7725,0.9352
85.901,2,NAVIGATE,-7.0015,-0.3573,-1.9969,-0.349,0.9198,1.0783,-0.149,1.1198,1.1297,0.0,12.0,14.203,3.3860087394714355,2.1522717475891113,118.23,0,1,180,1.652,0.7974,1.0,0.6006,0.2392,0.3,0.2402,0.7795,0.8807
85.951,2,NAVIGATE,-7.0172,-0.3132,-1.9974,-0.3327,0.9375,1.0756,-0.1327,1.1375,1.1452,0.0,12.0,14.1723,3.3572514057159424,2.1409289836883545,118.99,0,1,180,1.614,0.8056,1.0,0.6151,0.2417,0.3,0.246,0.7877,0.8434
86.002,2,NAVIGATE,-7.0327,-0.2679,-1.9989,-0.3165,0.9556,1.0728,-0.1165,1.1556,1.1614,0.0,12.0,14.1408,3.3273448944091797,2.129664421081543,117.73,0,1,180,1.83,0.8133,1.0,0.6297,0.244,0.3,0.2519,0.7959,0.8118
86.051,2,NAVIGATE,-7.0432,-0.237,-2.0009,-0.3059,0.9678,1.0709,-0.1059,1.1678,1.1726,0.0,12.0,14.1192,3.2666923999786377,2.107410192489624,118.23,0,1,180,1.72,0.8181,1.0,0.6395,0.2454,0.3,0.2558,0.8012,0.7974
86.101,2,NAVIGATE,-7.0582,-0.1899,-2.0038,-0.29,0.9861,1.0681,-0.09,1.1861,1.1895,0.0,12.0,14.0859,3.236269235610962,2.0982906818389893,119.99,0,1,180,1.742,0.825,1.0,0.6542,0.2475,0.3,0.2617,0.8092,0.7789
86.151,2,NAVIGATE,-7.0704,-0.1428,-2.0078,-0.273,1.004,1.0654,-0.073,1.204,1.2062,0.0,12.0,14.0512,3.2046120166778564,2.0891988277435303,119.49,0,1,180,1.827,0.8321,1.0,0.6691,0.2496,0.3,0.2677,0.8173,0.7297
86.201,2,NAVIGATE,-7.0758,-0.1118,-2.0119,-0.2605,1.0152,1.0635,-0.0605,1.1152,1.1168,0.0,12.0,14.0272,3.1389520168304443,2.0695102214813232,119.49,0,1,180,1.802,0.8348,1.0,0.6216,0.2505,0.3,0.2486,0.7991,0.6926
86.251,2,NAVIGATE,-7.0837,-0.0645,-2.0175,-0.242,1.0322,1.0606,-0.042,1.1322,1.1329,0.0,12.0,13.9904,3.106982707977295,2.062628746032715,118.48,0,1,180,1.778,0.843,1.0,0.6367,0.2529,0.3,0.2547,0.8076,0.6502
86.301,2,NAVIGATE,-7.0928,-0.0162,-2.0228,-0.2244,1.0498,1.0578,-0.1244,1.2498,1.256,0.0,12.0,13.9534,3.076408863067627,2.0539486408233643,119.99,0,1,180,1.646,0.8066,1.0,0.6754,0.242,0.3,0.2702,0.8121,0.8473
86.351,2,NAVIGATE,-7.1023,0.0247,-2.0271,-0.2108,1.0629,1.0557,-0.1108,1.2629,1.2677,0.0,12.0,13.923,3.0029029846191406,2.0374655723571777,119.74,0,1,180,1.648,0.8122,1.0,0.6865,0.2437,0.3,0.2746,0.8183,0.8266
86.401,2,NAVIGATE,-7.1129,0.0746,-2.0316,-0.1943,1.0762,1.053,-0.0943,1.1762,1.18,0.0,12.0,13.8855,2.9699547290802,2.0311670303344727,118.23,0,1,180,1.684,0.8152,1.0,0.6412,0.2446,0.3,0.2565,0.801,0.8111
86.451,2,NAVIGATE,-7.1224,0.1238,-2.0379,-0.1796,1.09,1.0503,-0.0796,1.19,1.1927,0.0,12.0,13.8482,2.935457229614258,2.0231518745422363,118.48,0,1,180,1.652,0.8214,1.0,0.6531,0.2464,0.3,0.2612,0.8076,0.7785
86.501,2,NAVIGATE,-7.1296,0.1651,-2.0434,-0.1691,1.1025,1.0481,-0.0691,1.2025,1.2045,0.0,12.0,13.8166,2.8620057106018066,2.0087130069732666,118.99,0,1,180,1.832,0.8256,1.0,0.663,0.2477,0.3,0.2652,0.8129,0.7473
86.551,2,NAVIGATE,-7.1364,0.2071,-2.0479,-0.1601,1.1144,1.046,-0.1601,1.3144,1.3241,0.0,12.0,13.7841,2.8249309062957764,2.0036256313323975,119.74,0,1,180,1.714,0.7867,1.0,0.6944,0.236,0.3,0.2778,0.8138,0.9231
86.601,2,NAVIGATE,-7.1417,0.2586,-2.0523,-0.1494,1.1274,1.0436,-0.1494,1.3274,1.3358,0.0,12.0,13.7428,2.7900826930999756,1.9989676475524902,120.74,0,1,180,1.58,0.7909,1.0,0.7043,0.2373,0.3,0.2817,0.819,0.9068
86.651,2,NAVIGATE,-7.145,0.3022,-2.0553,-0.1407,1.1378,1.0416,-0.0407,1.1378,1.1386,0.0,12.0,13.7072,2.714639902114868,1.9865187406539917,120.49,0,1,180,1.717,0.8342,1.0,0.6332,0.2503,0.3,0.2533,0.8035,0.7106
86.701,2,NAVIGATE,-7.1489,0.3555,-2.058,-0.1327,1.1525,1.039,-0.0327,1.1525,1.1529,0.0,12.0,13.6639,2.6756322383880615,1.9813517332077026,120.24,0,1,180,1.614,0.837,1.0,0.6434,0.2511,0.3,0.2573,0.8085,0.6915
86.751,2,NAVIGATE,-7.1495,0.4103,-2.0619,-0.1259,1.1691,1.0368,-0.0259,1.1691,1.1694,0.0,12.0,13.6175,2.63714599609375,1.9772415161132812,120.24,0,1,180,1.729,0.8393,1.0,0.6543,0.2518,0.3,0.2617,0.8135,0.6841
86.801,2,NAVIGATE,-7.1498,0.4567,-2.0647,-0.1198,1.1802,1.0352,-0.1198,1.2802,1.2858,0.0,12.0,13.5782,2.5666706562042236,1.9676369428634644,119.24,0,1,180,1.575,0.7974,1.0,0.6835,0.2392,0.3,0.2734,0.8126,0.8669
86.851,2,NAVIGATE,-7.1515,0.5127,-2.0672,-0.1117,1.1895,1.0334,-0.1117,1.2895,1.2944,0.0,12.0,13.5315,2.5321109294891357,1.9634379148483276,120.74,0,1,180,1.68,0.8001,1.0,0.6905,0.24,0.3,0.2762,0.8162,0.8462
86.901,2,NAVIGATE,-7.1579,0.568,-2.0689,-0.1043,1.1956,1.0312,-0.0043,1.0956,1.0956,0.0,12.0,13.488,2.4999423027038574,1.9576421976089478,120.49,0,1,180,1.686,0.8455,1.0,0.6175,0.2536,0.3,0.247,0.8006,0.6626
86.951,2,NAVIGATE,-7.1619,0.6052,-2.0697,-0.0998,1.2,1.0296,0.0002,1.1,1.1,0.0,12.0,13.4586,2.4260737895965576,1.9503147602081299,120.99,0,1,180,1.731,0.8468,1.0,0.621,0.254,0.3,0.2484,0.8024,0.6581
87.001,2,NAVIGATE,-7.1674,0.661,-2.0698,-0.0945,1.2091,1.0273,0.0055,1.1091,1.1091,0.0,12.0,13.4143,2.3960163593292236,1.9470654726028442,121.99,0,1,180,1.672,0.8479,1.0,0.627,0.2544,0.3,0.2508,0.8052,0.6542
87.051,2,NAVIGATE,-7.1718,0.7157,-2.0679,-0.0886,1.2147,1.0252,0.0114,1.1147,1.1148,0.0,12.0,13.3705,2.3627753257751465,1.9426578283309937,122.24,0,1,180,1.71,0.8494,1.0,0.6313,0.2548,0.3,0.2525,0.8073,0.6436
87.101,2,NAVIGATE,-7.1753,0.7617,-2.0662,-0.0826,1.2167,1.0235,0.0174,1.1167,1.1168,0.0,12.0,13.3335,2.28460693359375,1.9358148574829102,121.24,0,1,180,1.555,0.8511,1.0,0.6337,0.2553,0.3,0.2535,0.8088,0.6359
87.151,2,NAVIGATE,-7.1789,0.8089,-2.0636,-0.0758,1.2169,1.0218,0.0242,1.1169,1.1172,0.0,12.0,13.2957,2.255092144012451,1.9331833124160767,122.24,0,1,180,1.735,0.8532,1.0,0.6355,0.256,0.3,0.2542,0.8101,0.6271
87.201,2,NAVIGATE,-7.1833,0.8669,-2.0593,-0.0669,1.216,1.0197,-0.0669,1.216,1.2178,0.0,12.0,13.2493,2.2205312252044678,1.9295209646224976,120.49,0,1,180,1.512,0.8092,1.0,0.657,0.2428,0.3,0.2628,0.8056,0.7865
87.251,2,NAVIGATE,-7.1866,0.9153,-2.056,-0.0586,1.2143,1.0178,-0.0586,1.2143,1.2157,0.0,12.0,13.2105,2.1482362747192383,1.9245754480361938,122.99,0,1,180,1.63,0.8119,1.0,0.658,0.2436,0.3,0.2632,0.8068,0.7748
87.301,2,NAVIGATE,-7.1912,0.974,-2.0515,-0.0481,1.2121,1.0152,-0.0481,1.2121,1.2131,0.0,12.0,13.1638,2.114877462387085,1.9212758541107178,123.24,0,1,180,1.493,0.8153,1.0,0.6594,0.2446,0.3,0.2637,0.8083,0.7596
87.351,2,NAVIGATE,-7.1964,1.0334,-2.0467,-0.0398,1.213,1.0124,-0.0398,1.213,1.2136,0.0,12.0,13.1169,2.081313133239746,1.9206842184066772,122.99,0,1,180,1.782,0.8176,1.0,0.6615,0.2453,0.3,0.2646,0.8099,0.7503
87.401,2,NAVIGATE,-7.2,1.0829,-2.0431,-0.0347,1.2156,1.0101,0.0653,1.0156,1.0177,0.0,12.0,13.0776,2.01222825050354,1.9152696132659912,121.99,0,1,180,1.62,0.8684,1.0,0.5892,0.2605,0.3,0.2357,0.7962,0.5686
87.451,2,NAVIGATE,-7.2027,1.1316,-2.0406,-0.031,1.2196,1.0079,0.069,1.0196,1.0219,0.0,12.0,13.0384,1.9784859418869019,1.9141380786895752,123.24,0,1,180,1.727,0.8689,1.0,0.592,0.2607,0.3,0.2368,0.7975,0.5646
87.501,2,NAVIGATE,-7.2052,1.1899,-2.0385,-0.028,1.2258,1.0057,0.072,1.0258,1.0283,0.0,12.0,12.9913,1.9432393312454224,1.9123399257659912,123.24,0,1,180,1.592,0.8689,1.0,0.5957,0.2607,0.3,0.2383,0.7989,0.5612
87.551,2,NAVIGATE,-7.207,1.2386,-2.0369,-0.0246,1.2276,1.0041,0.0754,1.0276,1.0303,0.0,12.0,12.9517,1.8732171058654785,1.8732171058654785,0.63,0,1,180,1.757,0.8694,1.0,0.5971,0.2608,0.3,0.2389,0.7997,0.5596
87.601,2,NAVIGATE,-7.205,1.2995,-2.0375,-0.0172,1.2266,1.0021,0.0828,1.0266,1.0299,0.0,12.0,12.9001,1.8441121578216553,1.8441121578216553,-0.13,0,1,180,1.593,0.8717,1.0,0.5985,0.2615,0.3,0.2394,0.8009,0.548
87.651,2,NAVIGATE,-7.2024,1.3605,-2.0384,-0.0073,1.2217,0.9999,0.0927,1.0217,1.0259,0.0,12.0,12.8481,1.8117802143096924,1.8117802143096924,-0.88,0,1,180,1.747,0.8754,1.0,0.5987,0.2626,0.3,0.2395,0.8021,0.5484
87.701,2,NAVIGATE,-7.2002,1.4108,-2.0389,0.0021,1.2154,0.9979,0.1021,1.0154,1.0205,0.0,12.0,12.8052,1.7434682846069336,1.7434682846069336,-1.88,0,1,180,1.667,0.8791,1.0,0.598,0.2637,0.3,0.2392,0.8029,0.536
87.751,2,NAVIGATE,-7.1968,1.4623,-2.0383,0.0126,1.2085,0.9958,0.1126,1.0085,1.0148,0.0,12.0,12.7608,1.7111197710037231,1.7111197710037231,-2.63,0,1,180,1.706,0.8833,1.0,0.5975,0.265,0.3,0.239,0.804,0.5202
87.801,2,NAVIGATE,-7.1927,1.5233,-2.0373,0.0252,1.1996,0.993,0.0252,1.0996,1.0999,0.0,12.0,12.7081,1.680314540863037,1.680314540863037,-3.38,0,1,180,1.682,0.8372,1.0,0.6139,0.2512,0.3,0.2455,0.7967,0.6619
87.851,2,NAVIGATE,-7.1892,1.5734,-2.0365,0.0357,1.1918,0.9906,0.0357,1.0918,1.0924,0.0,12.0,12.6648,1.6151937246322632,1.6151937246322632,-4.88,0,1,180,1.562,0.8414,1.0,0.6128,0.2524,0.3,0.2451,0.7975,0.6479
87.901,2,NAVIGATE,-7.1839,1.6347,-2.037,0.0482,1.1834,0.9874,0.0482,1.0834,1.0844,0.0,12.0,12.6114,1.5832509994506836,1.5832509994506836,-5.38,0,1,180,1.6,0.8464,1.0,0.6119,0.2539,0.3,0.2448,0.7987,0.6323
87.951,2,NAVIGATE,-7.1785,1.695,-2.0372,0.0579,1.1774,0.9842,0.0579,1.0774,1.079,0.0,12.0,12.5589,1.5547748804092407,1.5547748804092407,-6.13,0,1,180,1.572,0.85,1.0,0.6114,0.255,0.3,0.2446,0.7996,0.6275
88.001,2,NAVIGATE,-7.1728,1.7449,-2.0353,0.064,1.1744,0.9815,0.064,1.0744,1.0763,0.0,12.0,12.5146,1.4935078620910645,1.4935078620910645,-7.88,0,1,180,1.471,0.8521,1.0,0.6114,0.2556,0.3,0.2446,0.8002,0.6152
88.051,2,NAVIGATE,-7.1653,1.7949,-2.0306,0.069,1.1726,0.9789,0.069,1.0726,1.0748,0.0,12.0,12.4694,1.4648077487945557,1.4648077487945557,-8.63,0,1,180,1.752,0.8536,1.0,0.6117,0.2561,0.3,0.2447,0.8007,0.6096
88.101,2,NAVIGATE,-7.1569,1.8542,-2.0256,0.0734,1.1715,0.9761,0.0734,1.0715,1.074,0.0,12.0,12.416,1.436294674873352,1.436294674873352,-9.63,0,1,180,1.559,0.8546,1.0,0.6119,0.2564,0.3,0.2448,0.8011,0.6039
88.151,2,NAVIGATE,-7.147,1.9109,-2.0202,0.0775,1.1696,0.9734,0.0775,1.0696,1.0724,0.0,12.0,12.3641,1.4113348722457886,1.3782851696014404,-11.39,0,1,180,1.751,0.8556,1.0,0.6117,0.2567,0.3,0.2447,0.8014,0.6013
88.201,2,NAVIGATE,-7.1378,1.9561,-2.0155,0.0811,1.1673,0.9709,0.0811,1.0673,1.0703,0.0,12.0,12.3218,1.4071934223175049,1.34920334815979,-12.39,0,1,180,1.626,0.8567,1.0,0.6113,0.257,0.3,0.2445,0.8015,0.603
88.251,2,NAVIGATE,-7.1276,2.0105,-2.0107,0.0854,1.1643,0.9679,0.0854,1.0643,1.0677,0.0,12.0,12.2716,1.4003087282180786,1.3268367052078247,-13.39,0,1,180,1.713,0.8579,1.0,0.6106,0.2574,0.3,0.2443,0.8016,0.5977
88.301,2,NAVIGATE,-7.1206,2.0558,-2.0086,0.0883,1.1617,0.9656,0.0883,1.0617,1.0654,0.0,12.0,12.2307,1.3886736631393433,1.2697120904922485,-15.89,0,1,180,1.689,0.8585,1.0,0.6098,0.2576,0.3,0.2439,0.8015,0.5938
88.351,2,NAVIGATE,-7.1143,2.1012,-2.0073,0.0912,1.1591,0.9634,0.0912,1.0591,1.063,0.0,12.0,12.1902,7.899355888366699,1.245627999305725,-17.14,0,1,180,1.699,0.8591,1.0,0.6088,0.2577,0.3,0.2435,0.8013,0.5909
88.401,2,NAVIGATE,-7.1071,2.1556,-2.006,0.0949,1.1559,0.9609,0.0949,1.0559,1.0601,0.0,12.0,12.1417,7.8621978759765625,1.2209515571594238,-18.14,0,1,180,1.677,0.8599,1.0,0.6078,0.258,0.3,0.2431,0.8011,0.5929
88.451,2,NAVIGATE,-7.1009,2.2128,-2.0084,0.0982,1.1538,0.9587,0.0982,1.0538,1.0584,0.0,12.0,12.0918,7.797710418701172,1.1691396236419678,-20.89,0,1,180,1.696,0.8604,1.0,0.6071,0.2581,0.3,0.2428,0.801,0.5916
88.501,2,NAVIGATE,-7.0959,2.2606,-2.0108,0.101,1.1522,0.9569,0.101,1.0522,1.057,0.0,12.0,12.0503,7.770533084869385,1.149040699005127,-22.15,0,1,180,1.623,0.8608,1.0,0.6066,0.2582,0.3,0.2426,0.8009,0.5876
88.551,2,NAVIGATE,-7.0901,2.3175,-2.0133,0.1044,1.1499,0.9547,0.2044,0.9499,0.9716,0.0,12.0,12.0008,7.733036994934082,1.1291942596435547,-23.65,0,1,180,1.68,0.913,0.9756,0.5914,0.2739,0.2927,0.2366,0.8032,0.4862
88.601,2,NAVIGATE,-7.0857,2.3645,-2.0175,0.1068,1.148,0.9529,0.2068,0.948,0.9703,0.0,12.0,11.9603,7.683292388916016,1.085416316986084,-26.9,0,1,180,1.595,0.9134,1.0,0.5909,0.274,0.3,0.2363,0.8104,0.5016
88.652,2,NAVIGATE,-7.0804,2.4206,-2.0218,0.1097,1.1456,0.9509,0.2097,0.9456,0.9686,0.0,12.0,11.912,7.664483070373535,1.068447232246399,-28.4,0,1,180,1.835,0.9138,0.9964,0.5901,0.2741,0.2989,0.236,0.8091,0.4952
88.701,2,NAVIGATE,-7.0755,2.4674,-2.0243,0.1137,1.1417,0.9491,0.2137,0.9417,0.9657,0.0,12.0,11.8716,7.6248016357421875,1.0495797395706177,-30.15,0,1,180,1.569,0.915,0.9925,0.589,0.2745,0.2977,0.2356,0.8079,0.4945
88.751,2,NAVIGATE,-7.0696,2.5149,-2.024,0.1195,1.1364,0.9473,0.2195,0.9364,0.9618,0.0,12.0,11.8298,7.542420387268066,1.0150985717773438,-33.66,0,1,180,1.87,0.917,0.9993,0.588,0.2751,0.2998,0.2352,0.8101,0.4998
88.801,2,NAVIGATE,-7.0623,2.5714,-2.0235,0.1284,1.1279,0.945,0.2284,0.9279,0.9556,0.0,12.0,11.7803,7.524168968200684,1.0008498430252075,-35.41,0,1,180,1.668,0.9205,0.9958,0.5864,0.2761,0.2987,0.2346,0.8095,0.4985
88.851,2,NAVIGATE,-7.0537,2.6275,-2.0205,0.1391,1.1181,0.9427,0.2391,0.9181,0.9487,0.0,12.0,11.7303,7.489429950714111,0.9854407906532288,-37.16,0,1,180,1.705,0.9248,0.9879,0.5849,0.2774,0.2964,0.2339,0.8078,0.4946
88.901,2,NAVIGATE,-7.0447,2.6742,-2.0144,0.1491,1.1094,0.9408,0.2491,0.9094,0.9429,0.0,12.0,11.6875,7.433806419372559,0.9581874012947083,-41.41,0,1,180,1.625,0.9288,1.0,0.5839,0.2786,0.3,0.2335,0.8122,0.5046
88.951,2,NAVIGATE,-7.0339,2.7295,-2.008,0.1611,1.0987,0.9386,0.2611,0.8987,0.9359,0.0,12.0,11.6369,7.397388935089111,0.949651300907135,-43.16,0,1,180,1.664,0.9337,1.0,0.5826,0.2801,0.3,0.233,0.8131,0.4994
89.001,2,NAVIGATE,-7.0261,2.7842,-2.0023,0.1717,1.0884,0.9363,0.2717,0.8884,0.929,0.0,12.0,11.5887,7.361011028289795,0.9407883882522583,-45.17,0,1,180,1.754,0.9378,1.0,0.5808,0.2813,0.3,0.2323,0.8137,0.4965
89.051,2,NAVIGATE,-7.0217,2.8293,-1.9982,0.1793,1.0802,0.9344,0.2793,0.8802,0.9234,0.0,12.0,11.5501,7.308104038238525,0.9203611612319946,-49.42,0,1,180,1.689,0.9407,0.9961,0.5791,0.2822,0.2988,0.2316,0.8127,0.498
89.101,2,NAVIGATE,-7.0167,2.8739,-1.9946,0.1869,1.072,0.9324,0.2869,0.972,1.0135,0.0,12.0,11.5117,7.270156383514404,0.915658712387085,-51.42,0,1,180,1.621,0.9329,1.0,0.6303,0.2799,0.3,0.2521,0.832,0.5221
89.152,2,NAVIGATE,-7.0119,2.9269,-1.9929,0.1949,1.0617,0.9302,0.2949,0.9617,1.0059,0.0,12.0,11.4668,7.24722957611084,0.9090721011161804,-50.92,0,1,180,1.897,0.9358,1.0,0.6275,0.2807,0.3,0.251,0.8317,0.5196
89.201,2,NAVIGATE,-7.0072,2.9791,-1.9925,0.2027,1.0507,0.9279,0.3027,0.9507,0.9978,0.0,12.0,11.4227,7.182476997375488,0.8980823159217834,-54.43,0,1,180,1.439,0.9386,1.0,0.6244,0.2816,0.3,0.2497,0.8313,0.5252
89.251,2,NAVIGATE,-7.0025,3.0221,-1.9924,0.2099,1.0436,0.9259,0.3099,0.9436,0.9932,0.0,12.0,11.3859,7.151975154876709,0.891869306564331,-51.92,0,1,180,1.741,0.941,1.0,0.6231,0.2823,0.3,0.2492,0.8315,0.5272
89.301,2,NAVIGATE,-6.9923,3.0747,-1.9923,0.2205,1.0379,0.9237,0.3205,0.9379,0.9912,0.0,12.0,11.3382,7.13239860534668,0.8857457637786865,-53.67,0,1,180,1.789,0.9443,1.0,0.624,0.2833,0.3,0.2496,0.8329,0.5261
89.351,2,NAVIGATE,-6.9829,3.1182,-1.9924,0.2298,1.0344,0.9219,0.4298,0.8344,0.9386,0.0,12.0,11.2981,7.067537784576416,0.8737492561340332,-53.92,0,1,180,1.689,0.9819,0.9941,0.6144,0.2946,0.2982,0.2458,0.8386,0.4884
89.401,2,NAVIGATE,-6.9709,3.1698,-1.9922,0.2406,1.0313,0.9198,0.4406,0.8313,0.9408,0.0,12.0,11.2501,7.03348970413208,0.8679226636886597,-55.93,0,1,180,1.739,0.9837,0.9928,0.617,0.2951,0.2979,0.2468,0.8397,0.4879
89.451,2,NAVIGATE,-6.959,3.2119,-1.9905,0.2499,1.029,0.9181,0.4499,0.829,0.9432,0.0,12.0,11.2097,7.011785984039307,0.8642116785049438,-58.18,0,1,180,1.794,0.9852,1.0,0.6195,0.2955,0.3,0.2478,0.8433,0.5029
89.502,2,NAVIGATE,-6.947,3.2537,-1.9892,0.2608,1.0247,0.9166,0.4608,0.8247,0.9447,0.0,12.0,11.1695,6.947227954864502,0.858691394329071,-62.43,0,1,180,2.705,0.987,1.0,0.6216,0.2961,0.3,0.2486,0.8447,0.5215
89.552,2,NAVIGATE,-6.9348,3.2953,-1.9883,0.2732,1.0184,0.915,0.4732,0.8184,0.9454,0.0,12.0,11.1294,6.917965888977051,0.8564605712890625,-64.43,0,1,180,2.343,0.989,1.0,0.6233,0.2967,0.3,0.2493,0.846,0.5212
89.601,2,NAVIGATE,-6.9183,3.3451,-1.9892,0.2902,1.0089,0.9129,0.4902,0.9089,1.0326,0.0,12.0,11.0802,6.895903587341309,0.8569058179855347,-66.94,0,1,180,1.765,0.9839,1.0,0.6773,0.2952,0.3,0.2709,0.8661,0.5394
89.652,2,NAVIGATE,-6.9044,3.386,-1.9901,0.3052,0.9995,0.9111,0.5052,0.8995,1.0316,0.0,12.0,11.0395,6.8623199462890625,0.857437789440155,-68.94,0,1,180,1.874,0.9866,1.0,0.6785,0.296,0.3,0.2714,0.8674,0.5387
89.702,2,NAVIGATE,-6.89,3.4265,-1.9911,0.3208,0.9892,0.9091,0.5208,0.8892,1.0305,0.0,12.0,10.999,6.795529842376709,0.8614215850830078,-73.44,0,1,180,2.433,0.9892,1.0,0.6795,0.2968,0.3,0.2718,0.8686,0.5561
89.751,2,NAVIGATE,-6.8739,3.4739,-1.993,0.3395,0.9784,0.9069,0.5395,0.8784,1.0308,0.0,12.0,10.9519,6.772111415863037,0.8633867502212524,-75.19,0,1,180,1.783,0.9919,1.0,0.6816,0.2976,0.3,0.2726,0.8702,0.5581
89.802,2,NAVIGATE,-6.8598,3.513,-1.9946,0.355,0.9713,0.9049,0.555,0.8713,1.0331,0.0,12.0,10.9126,6.743532657623291,0.8704059720039368,-77.7,0,1,180,2.206,0.9937,1.0,0.6844,0.2981,0.3,0.2737,0.8718,0.5742
89.852,2,NAVIGATE,-6.8428,3.5585,-1.9951,0.373,0.9644,0.9025,0.573,0.8644,1.0371,0.0,12.0,10.8666,6.692971229553223,0.8776087760925293,-81.45,0,1,180,1.775,0.9954,1.0,0.6883,0.2986,0.3,0.2753,0.8739,0.5949
89.901,2,NAVIGATE,-6.8261,3.6017,-1.9936,0.3903,0.9582,0.9003,0.5903,0.8582,1.0416,0.0,12.0,10.8226,6.666101932525635,0.8841112852096558,-83.45,0,1,180,1.765,0.9968,1.0,0.6922,0.299,0.3,0.2769,0.8759,0.6104
89.951,2,NAVIGATE,-6.8115,3.6378,-1.9926,0.4047,0.9536,0.8985,0.6047,0.9536,1.1292,0.0,12.0,10.7853,6.608990669250488,0.9005119204521179,-87.71,0,1,180,1.641,0.993,1.0,0.7475,0.2979,0.3,0.299,0.8969,0.6474
90.001,2,NAVIGATE,-6.7924,3.6815,-1.9906,0.422,0.9483,0.8964,0.622,0.9483,1.1341,0.0,12.0,10.7394,6.5751495361328125,0.9089176654815674,-89.46,0,1,180,1.608,0.9946,1.0,0.752,0.2984,0.3,0.3008,0.8992,0.663
90.051,2,NAVIGATE,-6.772,3.7256,-1.9881,0.4397,0.9435,0.8944,0.6397,0.9435,1.1399,0.0,12.0,10.6923,6.544100761413574,0.9162830710411072,-91.21,0,1,180,1.832,0.9959,1.0,0.7569,0.2988,0.3,0.3027,0.9015,0.6734
90.101,2,NAVIGATE,-6.7543,3.7623,-1.9865,0.4548,0.9414,0.8927,0.6548,0.9414,1.1468,0.0,12.0,10.6527,6.471440315246582,0.9363850951194763,-95.21,0,1,180,1.539,0.9969,1.0,0.7621,0.2991,0.3,0.3048,0.9039,0.7067
90.151,2,NAVIGATE,-6.7328,3.8076,-1.9896,0.4726,0.9418,0.8908,0.6726,0.9418,1.1573,0.0,12.0,10.604,6.437785625457764,0.951292097568512,-96.96,0,1,180,1.678,0.9977,1.0,0.7697,0.2993,0.3,0.3079,0.9072,0.7282
90.201,2,NAVIGATE,-6.7106,3.8535,-1.9946,0.49,0.9438,0.8891,0.69,0.9438,1.1692,0.0,12.0,10.5545,6.364906311035156,0.977230429649353,-100.72,0,1,180,1.609,0.9983,1.0,0.7782,0.2995,0.3,0.3113,0.9108,0.757
90.251,2,NAVIGATE,-6.6914,3.8918,-1.9983,0.5045,0.9461,0.8877,0.7045,1.0461,1.2612,0.0,12.0,10.5128,6.333920001983643,0.9882150888442993,-102.47,0,1,180,1.559,0.9953,1.0,0.8368,0.2986,0.3,0.3347,0.9333,0.7965
90.301,2,NAVIGATE,-6.6672,3.938,-2.0047,0.522,0.9485,0.8861,0.722,1.0485,1.2731,0.0,12.0,10.4617,6.304872989654541,1.0043967962265015,-104.22,0,1,180,1.596,0.9961,1.0,0.8454,0.2988,0.3,0.3382,0.937,0.817
90.351,2,NAVIGATE,-6.6422,3.9843,-2.0104,0.5398,0.9511,0.8847,0.7398,1.0511,1.2854,0.0,12.0,10.4101,6.243063926696777,1.0380750894546509,-107.72,0,1,180,1.645,0.9969,1.0,0.8543,0.2991,0.3,0.3417,0.9408,0.8655
90.401,2,NAVIGATE,-6.6165,4.0308,-2.0155,0.5578,0.9562,0.8833,0.7578,1.0562,1.3,0.0,12.0,10.3579,6.208481311798096,1.053596019744873,-108.98,0,1,180,1.58,0.9975,1.0,0.8645,0.2993,0.3,0.3458,0.945,0.8862
90.452,2,NAVIGATE,-6.5947,4.07,-2.0195,0.5728,0.9621,0.8824,0.7728,1.0621,1.3135,0.0,12.0,10.3138,6.173598289489746,1.071677565574646,-110.73,0,1,180,2.071,0.9979,1.0,0.8739,0.2994,0.3,0.3495,0.9489,0.9089
90.501,2,NAVIGATE,-6.5676,4.1172,-2.0234,0.5907,0.9704,0.8813,0.6907,1.1704,1.359,0.0,12.0,10.2603,6.099308967590332,1.1108311414718628,-113.98,0,1,180,1.445,0.987,1.0,0.8942,0.2961,0.3,0.3577,0.9538,0.9853
90.551,2,NAVIGATE,-6.5429,4.1668,-2.0242,0.608,0.9797,0.8802,0.708,1.1797,1.3759,0.0,12.0,10.2063,6.069106578826904,1.1311445236206055,-115.23,0,1,180,1.609,0.988,1.0,0.9062,0.2964,0.3,0.3625,0.9589,1.0109
90.601,2,NAVIGATE,-6.5183,4.2174,-2.0236,0.6246,0.9899,0.8789,0.8246,1.1899,1.4477,0.0,12.0,10.1517,6.002461910247803,1.1715893745422363,-118.23,0,1,180,1.49,0.9958,1.0,0.9611,0.2988,0.3,0.3845,0.9832,1.0585
90.651,2,NAVIGATE,-6.4922,4.2681,-2.0228,0.6389,1.0023,0.8776,0.8389,1.2023,1.466,0.0,12.0,10.0961,5.957810878753662,1.1977226734161377,-119.74,0,1,180,1.521,0.996,1.0,0.9735,0.2988,0.3,0.3894,0.9882,1.0875
90.701,2,NAVIGATE,-6.4721,4.3095,-2.0214,0.6484,1.0144,0.8767,0.8484,1.2144,1.4814,0.0,12.0,10.0515,5.918573379516602,1.2210395336151123,-120.99,0,1,180,1.756,0.996,1.0,0.9836,0.2988,0.3,0.3934,0.9922,1.1166
90.751,2,NAVIGATE,-6.4465,4.3597,-2.0198,0.6611,1.0304,0.8758,0.7611,1.2304,1.4467,0.0,12.0,9.9966,5.853931427001953,1.268471598625183,-123.74,0,1,180,1.622,0.9892,1.0,0.9541,0.2968,0.3,0.3816,0.9784,1.1783
90.801,2,NAVIGATE,-6.4191,4.4101,-2.0186,0.676,1.0469,0.875,0.776,1.2469,1.4687,0.0,12.0,9.9404,5.81343412399292,1.296410322189331,-124.99,0,1,180,1.464,0.9895,1.0,0.9688,0.2968,0.3,0.3875,0.9844,1.2143
90.851,2,NAVIGATE,-6.3889,4.4595,-2.0183,0.6931,1.0623,0.874,0.7931,1.2623,1.4908,0.0,12.0,9.8832,5.732052326202393,1.3508228063583374,-127.49,0,1,180,1.487,0.9899,1.0,0.9839,0.297,0.3,0.3936,0.9905,1.279
90.901,2,NAVIGATE,-6.3575,4.5097,-2.0179,0.7087,1.0775,0.8728,0.9087,1.1775,1.4873,0.0,12.0,9.8245,5.698282241821289,1.3797218799591064,-128.24,0,1,180,1.547,0.9989,1.0,0.9905,0.2997,0.3,0.3962,0.9959,1.143
90.951,2,NAVIGATE,-6.3223,4.5598,-2.0174,0.7232,1.0925,0.8717,0.8232,1.1925,1.449,0.0,12.0,9.7636,5.609893798828125,1.4418749809265137,-130.5,0,1,180,1.526,0.995,1.0,0.9612,0.2985,0.3,0.3845,0.983,1.3223
91.001,2,NAVIGATE,-6.2916,4.602,-2.017,0.7348,1.1049,0.871,0.8348,1.2049,1.4659,0.0,12.0,9.7116,5.569264888763428,1.4703068733215332,-131.75,0,1,180,1.435,0.9951,1.0,0.9725,0.2985,0.3,0.389,0.9875,1.2537
91.051,2,NAVIGATE,-6.248,4.662,-2.0165,0.7527,1.1197,0.87,0.8527,1.2197,1.4882,0.0,12.0,9.6376,5.533761501312256,1.5008668899536133,-133.0,0,1,180,1.596,0.9955,1.0,0.9876,0.2986,0.3,0.395,0.9937,1.169
91.1,2,NAVIGATE,-6.2216,4.7055,-2.0132,0.7628,1.1284,0.8691,0.7628,1.2284,1.4459,0.0,12.0,9.5874,5.441301345825195,1.5704320669174194,-135.0,0,1,180,1.316,0.9887,1.0,0.9531,0.2966,0.3,0.3812,0.9778,1.3788
91.151,2,NAVIGATE,-6.1888,4.7583,-2.0098,0.7746,1.1374,0.8681,0.7746,1.2374,1.4598,0.0,12.0,9.5259,5.404937267303467,1.6054069995880127,-135.0,0,1,180,1.603,0.9891,1.0,0.9626,0.2967,0.3,0.385,0.9818,1.3176
91.201,2,NAVIGATE,-6.1606,4.8028,-2.0073,0.7842,1.1443,0.8671,0.7842,1.2443,1.4708,0.0,12.0,9.4738,5.36039400100708,1.641046166419983,-135.0,0,1,180,1.672,0.9894,1.0,0.9702,0.2968,0.3,0.3881,0.9849,1.267
91.252,2,NAVIGATE,-6.1243,4.8579,-2.002,0.7935,1.1527,0.866,0.7935,1.2527,1.4828,0.0,12.0,9.4084,5.268634796142578,1.7169575691223145,-135.0,0,1,180,2.113,0.9896,1.0,0.9783,0.2969,0.3,0.3913,0.9882,1.1872
91.302,2,NAVIGATE,-6.0936,4.9041,-1.9983,0.7995,1.1597,0.8651,0.7995,1.2597,1.492,0.0,12.0,9.3533,5.23286771774292,1.7534966468811035,-134.75,0,1,180,2.647,0.9896,1.0,0.9844,0.2969,0.3,0.3938,0.9906,1.1492
91.351,2,NAVIGATE,-6.056,4.9588,-1.9957,0.805,1.1681,0.8642,0.805,1.1681,1.4186,0.0,12.0,9.2873,5.194608211517334,1.7879528999328613,-135.0,0,1,180,2.05,0.9943,1.0,0.9404,0.2983,0.3,0.3761,0.9744,1.1053
91.401,2,NAVIGATE,-6.0177,5.0121,-1.996,0.8098,1.1762,0.8634,0.8098,1.1762,1.428,0.0,12.0,9.2219,5.086184501647949,1.8695120811462402,-134.25,0,1,180,1.534,0.9942,1.0,0.9465,0.2983,0.3,0.3786,0.9768,1.0318
91.452,2,NAVIGATE,-5.9855,5.0572,-1.9963,0.8134,1.1833,0.863,0.7134,1.2833,1.4683,0.0,12.0,9.1668,5.0430908203125,1.9056406021118164,-135.0,0,1,180,1.773,0.9792,1.0,0.9585,0.2938,0.3,0.3834,0.9772,1.3041
91.501,2,NAVIGATE,-5.9449,5.1119,-1.9969,0.8183,1.1899,0.8626,0.7183,1.2899,1.4764,0.0,12.0,9.0988,4.948173522949219,1.985024094581604,-135.0,0,1,180,1.399,0.9793,1.0,0.9639,0.2938,0.3,0.3856,0.9793,1.2337
91.551,2,NAVIGATE,-5.9025,5.1672,-1.9974,0.8242,1.1942,0.862,0.7242,1.2942,1.483,0.0,12.0,9.0292,4.909320831298828,2.0228633880615234,-135.0,0,1,180,1.489,0.9796,1.0,0.9685,0.2939,0.3,0.3874,0.9813,1.188
91.601,2,NAVIGATE,-5.8603,5.223,-1.9981,0.8281,1.1989,0.8612,0.7281,1.2989,1.4891,0.0,12.0,8.9594,4.818625450134277,2.1002373695373535,-135.0,0,1,180,1.446,0.9797,1.0,0.9725,0.2939,0.3,0.389,0.9829,1.1181
91.651,2,NAVIGATE,-5.8163,5.2796,-2.0048,0.8302,1.2055,0.8603,0.7302,1.2055,1.4094,0.0,12.0,8.8878,4.762877464294434,2.141282796859741,-135.0,0,1,180,1.636,0.9858,1.0,0.9263,0.2957,0.3,0.3705,0.9662,1.0883
91.701,2,NAVIGATE,-5.7728,5.3367,-2.0107,0.8303,1.2137,0.8595,0.7303,1.2137,1.4165,0.0,12.0,8.8161,4.672491550445557,2.219217300415039,-135.0,0,1,180,1.701,0.9852,1.0,0.9303,0.2956,0.3,0.3721,0.9677,1.0382
91.751,2,NAVIGATE,-5.7312,5.3937,-2.0162,0.8284,1.2229,0.8589,0.7284,1.2229,1.4234,0.0,12.0,8.7458,4.632025718688965,2.2584738731384277,-134.5,0,1,180,1.645,0.9843,1.0,0.934,0.2953,0.3,0.3736,0.9689,1.0191
91.801,2,NAVIGATE,-5.6923,5.4501,-2.022,0.8246,1.2294,0.8585,0.6246,1.3294,1.4688,0.0,12.0,8.6778,4.578859329223633,2.3016762733459473,-135.0,0,1,180,1.516,0.9621,1.0,0.9421,0.2886,0.3,0.3768,0.9655,1.2966
91.852,2,NAVIGATE,-5.66,5.4975,-2.0261,0.8216,1.2329,0.8582,0.6216,1.3329,1.4707,0.0,12.0,8.6208,4.494626998901367,2.377908945083618,-135.0,0,1,180,2.253,0.9611,1.0,0.9423,0.2883,0.3,0.3769,0.9653,1.2557
91.901,2,NAVIGATE,-5.621,5.5534,-2.0311,0.8186,1.2349,0.8578,0.6186,1.3349,1.4713,0.0,12.0,8.5531,4.448783874511719,2.4176104068756104,-135.0,0,1,180,1.632,0.9602,1.0,0.9418,0.2881,0.3,0.3767,0.9648,1.2425
91.951,2,NAVIGATE,-5.5884,5.5993,-2.0352,0.815,1.237,0.8572,0.615,1.337,1.4717,0.0,12.0,8.497,4.390617847442627,2.462641954421997,-135.0,0,1,180,1.583,0.9592,1.0,0.9411,0.2878,0.3,0.3764,0.9642,1.2264
92.001,2,NAVIGATE,-5.5559,5.6458,-2.0386,0.8098,1.2407,0.8567,0.6098,1.3407,1.4729,0.0,12.0,8.4407,4.306196689605713,2.541718006134033,-135.0,0,1,180,1.588,0.9578,1.0,0.9405,0.2873,0.3,0.3762,0.9635,1.1989
92.051,2,NAVIGATE,-5.5122,5.7141,-2.0396,0.8,1.2496,0.856,0.6,1.3496,1.477,0.0,12.0,8.3605,4.258589744567871,2.5806949138641357,-135.0,0,1,180,1.617,0.9549,1.0,0.9402,0.2865,0.3,0.3761,0.9625,1.2139
92.101,2,NAVIGATE,-5.4816,5.764,-2.0391,0.7918,1.2576,0.8555,0.5918,1.3576,1.481,0.0,12.0,8.3027,4.205687999725342,2.626725435256958,-135.0,0,1,180,1.715,0.9523,1.0,0.9402,0.2857,0.3,0.3761,0.9618,1.2227
92.151,2,NAVIGATE,-5.4511,5.8143,-2.0384,0.7832,1.2661,0.8551,0.5832,1.3661,1.4854,0.0,12.0,8.2448,4.1124958992004395,2.7064621448516846,-135.0,0,1,180,1.698,0.9496,1.0,0.9403,0.2849,0.3,0.3761,0.961,1.2192
92.201,2,NAVIGATE,-5.4169,5.8748,-2.041,0.7719,1.2759,0.8547,0.5719,1.3759,1.4901,0.0,12.0,8.1769,4.08200216293335,2.748232841491699,-135.0,0,1,180,1.824,0.946,1.0,0.9397,0.2838,0.3,0.3759,0.9597,1.2463
92.251,2,NAVIGATE,-5.3832,5.9358,-2.0436,0.7608,1.2856,0.8543,0.5608,1.3856,1.4948,0.0,12.0,8.1088,4.044182300567627,2.7936806678771973,-135.0,0,1,180,1.624,0.9423,1.0,0.939,0.2827,0.3,0.3756,0.9583,1.2734
92.301,2,NAVIGATE,-5.3551,5.987,-2.0451,0.7519,1.2935,0.854,0.5519,1.3935,1.4988,0.0,12.0,8.0519,3.9806618690490723,2.875927448272705,-135.0,0,1,180,1.601,0.9392,1.0,0.9385,0.2818,0.3,0.3754,0.9571,1.2825
92.351,2,NAVIGATE,-5.3248,6.0478,-2.0523,0.7403,1.3021,0.8535,0.5403,1.3021,1.4098,0.0,12.0,7.9864,3.9488420486450195,2.917595863342285,-134.75,0,1,180,1.731,0.9439,1.0,0.8872,0.2832,0.3,0.3549,0.938,1.2123
92.401,2,NAVIGATE,-5.2994,6.0989,-2.0571,0.731,1.3095,0.853,0.531,1.3095,1.413,0.0,12.0,7.9314,3.913386583328247,2.9631340503692627,-135.0,0,1,180,1.602,0.9406,1.0,0.886,0.2822,0.3,0.3544,0.9366,1.2294
92.451,2,NAVIGATE,-5.274,6.1506,-2.0604,0.7219,1.3171,0.8525,0.5219,1.3171,1.4168,0.0,12.0,7.876,3.850449800491333,3.0467371940612793,-135.0,0,1,180,1.575,0.9372,1.0,0.8852,0.2811,0.3,0.3541,0.9352,1.2355
92.501,2,NAVIGATE,-5.2439,6.2134,-2.0608,0.7106,1.3242,0.8518,0.5106,1.3242,1.4192,0.0,12.0,7.8092,3.8199636936187744,3.089169979095459,-135.0,0,1,180,1.624,0.933,1.0,0.8827,0.2799,0.3,0.3531,0.933,1.264
92.551,2,NAVIGATE,-5.2138,6.2766,-2.0605,0.6995,1.3288,0.8509,0.5995,1.3288,1.4578,0.0,12.0,7.7422,3.782339334487915,3.1374967098236084,-135.0,0,1,180,1.676,0.9508,1.0,0.924,0.2852,0.3,0.3696,0.9548,1.0861
92.601,2,NAVIGATE,-5.1903,6.3301,-2.0598,0.6896,1.3318,0.8498,0.5896,1.3318,1.4565,0.0,12.0,7.6868,3.7244441509246826,3.219226360321045,-135.0,0,1,180,1.564,0.9478,1.0,0.9203,0.2843,0.3,0.3681,0.9525,1.0962
92.651,2,NAVIGATE,-5.1644,6.3956,-2.0587,0.6775,1.3352,0.8483,0.5775,1.3352,1.4548,0.0,12.0,7.6211,3.6911699771881104,3.2628328800201416,-135.0,0,1,180,1.834,0.944,1.0,0.9155,0.2832,0.3,0.3662,0.9494,1.1257
92.701,2,NAVIGATE,-5.1425,6.4501,-2.0576,0.6698,1.3379,0.8468,0.5698,1.3379,1.4542,0.0,12.0,7.5661,3.6571433544158936,3.3116183280944824,-134.75,0,1,180,1.916,0.9412,1.0,0.9124,0.2824,0.3,0.365,0.9473,1.1437
92.751,2,NAVIGATE,-5.1213,6.5054,-2.0528,0.6636,1.3408,0.8453,0.5636,1.3408,1.4544,0.0,12.0,7.5112,3.594229221343994,3.339923143386841,-64.94,0,1,180,1.659,0.9386,1.0,0.91,0.2816,0.3,0.364,0.9456,1.1389
92.801,2,NAVIGATE,-5.0961,6.5722,-2.0448,0.6577,1.3443,0.8434,0.5577,1.3443,1.4554,0.0,12.0,7.4452,3.5631062984466553,3.330693483352661,-65.44,0,1,180,1.694,0.9357,1.0,0.9079,0.2807,0.3,0.3631,0.9439,1.1493
92.851,2,NAVIGATE,-5.0745,6.6278,-2.0387,0.6538,1.3472,0.8417,0.5538,1.3472,1.4566,0.0,12.0,7.39,3.5288848876953125,3.3073291778564453,-15.14,0,1,180,1.972,0.9335,1.0,0.9065,0.28,0.3,0.3626,0.9426,1.1531
92.901,2,NAVIGATE,-5.0521,6.6834,-2.0332,0.6505,1.35,0.8399,0.5505,1.35,1.458,0.0,12.0,7.3342,3.4991726875305176,3.2649450302124023,-15.64,0,1,180,1.69,0.9314,1.0,0.9053,0.2794,0.3,0.3621,0.9415,1.1583
92.951,2,NAVIGATE,-5.0243,6.7501,-2.0273,0.6468,1.3534,0.8376,0.5468,1.3534,1.4597,0.0,12.0,7.2667,3.4351112842559814,3.1838715076446533,-16.14,0,1,180,1.975,0.9289,1.0,0.9039,0.2787,0.3,0.3616,0.9402,1.1564
93.001,2,NAVIGATE,-5.001,6.8056,-2.0231,0.6437,1.3562,0.8354,0.5437,1.3562,1.4611,0.0,12.0,7.2105,3.399428129196167,3.1361372470855713,-16.64,0,1,180,2.07,0.9267,1.0,0.9027,0.278,0.3,0.3611,0.9391,1.1552
93.052,2,NAVIGATE,-4.9774,6.8614,-2.0208,0.6403,1.3593,0.8331,0.5403,1.3593,1.4627,0.0,12.0,7.154,3.367359161376953,3.093287467956543,-17.14,0,1,180,2.117,0.9245,1.0,0.9015,0.2773,0.3,0.3606,0.938,1.1572
93.101,2,NAVIGATE,-4.949,6.9285,-2.0194,0.6361,1.3631,0.8301,0.5361,1.3631,1.4647,0.0,12.0,7.0861,3.3058183193206787,3.01314377784729,-17.89,0,1,180,1.677,0.9217,1.0,0.9,0.2765,0.3,0.36,0.9365,1.2105
93.151,2,NAVIGATE,-4.9205,6.9956,-2.0183,0.6318,1.3668,0.8271,0.5318,1.3668,1.4666,0.0,12.0,7.0182,3.2675623893737793,2.9747207164764404,-18.14,0,1,180,1.836,0.9188,1.0,0.8983,0.2756,0.3,0.3593,0.9349,1.2126
93.202,2,NAVIGATE,-4.8961,7.0494,-2.0204,0.6286,1.3691,0.8244,0.5286,1.3691,1.4676,0.0,12.0,6.9628,3.2373578548431396,2.930785655975342,-18.64,0,1,180,1.809,0.9166,1.0,0.8968,0.275,0.3,0.3587,0.9337,1.213
93.251,2,NAVIGATE,-4.8668,7.1142,-2.0226,0.6247,1.3718,0.8211,0.5247,1.3718,1.4687,0.0,12.0,6.8961,3.1740169525146484,2.853088617324829,-19.64,0,1,180,1.613,0.9138,1.0,0.8948,0.2742,0.3,0.3579,0.9321,1.2023
93.301,2,NAVIGATE,-4.8424,7.1685,-2.0241,0.6214,1.374,0.8182,0.5214,1.374,1.4696,0.0,12.0,6.8405,3.137650966644287,2.80769419670105,-20.14,0,1,180,1.472,0.9115,1.0,0.893,0.2735,0.3,0.3572,0.9307,1.2036
93.351,2,NAVIGATE,-4.809,7.2334,-2.0239,0.6193,1.3763,0.8146,0.5193,1.3763,1.471,0.0,12.0,6.771,3.0740950107574463,2.7355198860168457,-20.89,0,1,180,1.757,0.9094,1.0,0.8918,0.2728,0.3,0.3567,0.9295,1.1931
93.401,2,NAVIGATE,-4.7761,7.2986,-2.0234,0.6168,1.3787,0.811,0.5168,1.3787,1.4723,0.0,12.0,6.7019,3.0431652069091797,2.6938436031341553,-21.65,0,1,180,1.511,0.907,1.0,0.8903,0.2721,0.3,0.3561,0.9282,1.1919
93.451,2,NAVIGATE,-4.7485,7.3525,-2.0225,0.6148,1.3803,0.808,0.5148,1.3803,1.4732,0.0,12.0,6.6443,3.008721351623535,2.650113105773926,-22.15,0,1,180,1.756,0.9051,1.0,0.8889,0.2715,0.3,0.3556,0.9271,1.2255
93.501,2,NAVIGATE,-4.7128,7.4151,-2.0197,0.6136,1.3813,0.8043,0.5136,1.3813,1.4737,0.0,12.0,6.5751,2.945385217666626,2.57711124420166,-23.4,0,1,180,1.58,0.9034,1.0,0.8876,0.271,0.3,0.355,0.9261,1.2095
93.551,2,NAVIGATE,-4.6837,7.4677,-2.0175,0.6122,1.3823,0.8013,0.5122,1.3823,1.4742,0.0,12.0,6.5176,2.9151439666748047,2.542022466659546,-23.9,0,1,180,1.71,0.9018,1.0,0.8862,0.2705,0.3,0.3545,0.925,1.2043
93.601,2,NAVIGATE,-4.6516,7.5312,-2.0143,0.6091,1.3838,0.7977,0.5091,1.3838,1.4745,0.0,12.0,6.4504,2.8824844360351562,2.5029938220977783,-24.4,0,1,180,1.569,0.8992,1.0,0.8839,0.2698,0.3,0.3535,0.9233,1.1987
93.651,2,NAVIGATE,-4.6269,7.5844,-2.0114,0.6055,1.3852,0.7946,0.5055,1.3852,1.4746,0.0,12.0,6.3957,2.821383237838745,2.4348690509796143,-25.9,0,1,180,1.721,0.8966,1.0,0.8814,0.269,0.3,0.3526,0.9215,1.1796
93.701,2,NAVIGATE,-4.5975,7.6487,-2.0083,0.6011,1.3871,0.791,0.5011,1.3871,1.4749,0.0,12.0,6.3301,2.7902655601501465,2.4015440940856934,-26.4,0,1,180,1.567,0.8933,1.0,0.8783,0.268,0.3,0.3513,0.9193,1.1812
93.751,2,NAVIGATE,-4.5648,7.7134,-2.0041,0.5981,1.389,0.7872,0.4981,1.389,1.4756,0.0,12.0,6.262,2.75679874420166,2.363233804702759,-27.4,0,1,180,1.548,0.8904,1.0,0.876,0.2671,0.3,0.3504,0.9175,1.2165
93.801,2,NAVIGATE,-4.5367,7.7675,-2.0006,0.596,1.3906,0.784,0.496,1.3906,1.4764,0.0,12.0,6.2045,2.6985764503479004,2.3007428646087646,-28.9,0,1,180,1.7,0.8882,1.0,0.8742,0.2665,0.3,0.3497,0.9161,1.1904
93.851,2,NAVIGATE,-4.5038,7.8328,-1.9969,0.5933,1.3925,0.7801,0.4933,1.3925,1.4773,0.0,12.0,6.1359,2.6694188117980957,2.2668936252593994,-29.65,0,1,180,1.575,0.8853,1.0,0.8719,0.2656,0.3,0.3488,0.9143,1.188
93.901,2,NAVIGATE,-4.4773,7.8884,-1.9963,0.5909,1.3948,0.7769,0.4909,1.3948,1.4787,0.0,12.0,6.0787,2.639650583267212,2.2318942546844482,-30.4,0,1,180,1.887,0.8825,1.0,0.87,0.2648,0.3,0.348,0.9128,1.1814
93.951,2,NAVIGATE,-4.4512,7.9442,-1.9959,0.5881,1.3971,0.7737,0.4881,1.3971,1.4799,0.0,12.0,6.0218,2.583272933959961,2.176140546798706,-32.15,0,1,180,1.699,0.8796,1.0,0.8678,0.2639,0.3,0.3471,0.911,1.1948
94.001,2,NAVIGATE,-4.4204,8.0113,-1.9956,0.5846,1.3997,0.7698,0.4846,1.3997,1.4812,0.0,12.0,5.954,2.5541043281555176,2.1462695598602295,-33.16,0,1,180,1.614,0.8759,1.0,0.865,0.2628,0.3,0.346,0.9088,1.1916
94.051,2,NAVIGATE,-4.3919,8.0788,-2.0007,0.5802,1.4022,0.7659,0.5802,1.2022,1.3349,0.0,12.0,5.8877,2.522026777267456,2.116096258163452,-34.16,0,1,180,1.317,0.924,1.0,0.8223,0.2772,0.3,0.3289,0.9061,0.924
94.1,2,NAVIGATE,-4.3683,8.1351,-2.0045,0.5764,1.4043,0.7626,0.5764,1.2043,1.3351,0.0,12.0,5.8326,2.467871904373169,2.061767578125,-36.16,0,1,180,1.095,0.921,1.0,0.8198,0.2763,0.3,0.3279,0.9042,0.9421
94.151,2,NAVIGATE,-4.3402,8.2026,-2.0087,0.5715,1.4072,0.7589,0.5715,1.2072,1.3357,0.0,12.0,5.767,2.4396960735321045,2.0363423824310303,-37.16,0,1,180,1.352,0.9172,1.0,0.8167,0.2752,0.3,0.3267,0.9018,0.9449
94.201,2,NAVIGATE,-4.3169,8.258,-2.0124,0.5686,1.4057,0.7558,0.5686,1.2057,1.3331,0.0,12.0,5.713,2.408864736557007,2.0121967792510986,-38.16,0,1,180,1.225,0.9147,1.0,0.813,0.2744,0.3,0.3252,0.8996,0.939
94.251,2,NAVIGATE,-4.2938,8.3134,-2.0156,0.5675,1.4006,0.7526,0.5675,1.3006,1.4191,0.0,12.0,5.6593,9.459280967712402,1.968468189239502,-39.91,0,1,180,1.254,0.9005,1.0,0.8519,0.2701,0.3,0.3408,0.9109,1.007
94.301,2,NAVIGATE,-4.2593,8.39,-2.0211,0.5691,1.3884,0.748,0.5691,1.2884,1.4085,0.0,12.0,5.5833,9.419736862182617,1.9465351104736328,-41.66,0,1,180,1.816,0.8997,1.0,0.8448,0.2699,0.3,0.3379,0.9078,0.9926
94.352,2,NAVIGATE,-4.233,8.4438,-2.026,0.572,1.3775,0.7443,0.572,1.2775,1.3997,0.0,12.0,5.5285,9.379341125488281,1.9248498678207397,-42.41,0,1,180,1.864,0.9,1.0,0.8398,0.27,0.3,0.3359,0.9059,1.0068
94.401,2,NAVIGATE,-4.207,8.4974,-2.0301,0.5756,1.3678,0.7404,0.5756,1.2678,1.3924,0.0,12.0,5.4742,9.311484336853027,1.8861083984375,-41.66,0,1,180,1.869,0.9003,1.0,0.8357,0.2701,0.3,0.3343,0.9044,0.9965
94.451,2,NAVIGATE,-4.1765,8.5616,-2.0326,0.5794,1.3584,0.7354,0.5794,1.2584,1.3854,0.0,12.0,5.4098,9.276655197143555,1.8675460815429688,-43.67,0,1,180,1.672,0.9002,1.0,0.8315,0.2701,0.3,0.3326,0.9026,0.9804
94.501,2,NAVIGATE,-4.1517,8.615,-2.0328,0.582,1.3523,0.7311,0.582,1.2523,1.381,0.0,12.0,5.3568,9.240533828735352,1.8472322225570679,-41.66,0,1,180,1.698,0.8997,1.0,0.8283,0.2699,0.3,0.3313,0.9012,0.9645
94.551,2,NAVIGATE,-4.1221,8.6789,-2.0326,0.5844,1.3466,0.726,0.5844,1.2466,1.3768,0.0,12.0,5.2935,9.17923641204834,1.8086662292480469,-42.91,0,1,180,1.667,0.8986,1.0,0.8248,0.2696,0.3,0.3299,0.8995,0.9638
94.601,2,NAVIGATE,-4.0936,8.7425,-2.0296,0.586,1.3417,0.7208,0.586,1.2417,1.3731,0.0,12.0,5.2315,9.147307395935059,1.7892513275146484,-42.91,0,1,180,1.553,0.8971,1.0,0.8212,0.2691,0.3,0.3285,0.8976,0.9832
94.651,2,NAVIGATE,-4.0702,8.7953,-2.0263,0.587,1.3379,0.7167,0.587,1.2379,1.37,0.0,12.0,5.1804,9.082919120788574,1.7492215633392334,-42.16,0,1,180,1.702,0.8956,1.0,0.818,0.2687,0.3,0.3272,0.8959,0.9707
94.701,2,NAVIGATE,-4.042,8.8586,-2.0225,0.5882,1.3334,0.7118,0.5882,1.2334,1.3664,0.0,12.0,5.1192,9.051932334899902,1.7302603721618652,-41.66,0,1,180,1.689,0.8938,1.0,0.8142,0.2681,0.3,0.3257,0.8938,0.9595
94.751,2,NAVIGATE,-4.019,8.9121,-2.0248,0.5895,1.3298,0.7075,0.5895,1.2298,1.3638,0.0,12.0,5.0682,9.02278995513916,1.7105152606964111,-41.41,0,1,180,1.707,0.8922,1.0,0.8112,0.2677,0.3,0.3245,0.8921,0.9674
94.801,2,NAVIGATE,-3.9958,8.9655,-2.0266,0.591,1.3261,0.7032,0.591,1.2261,1.3611,0.0,12.0,5.0175,8.988275527954102,1.688971757888794,-39.91,0,1,180,1.676,0.8906,1.0,0.8081,0.2672,0.3,0.3232,0.8904,0.9533
94.851,2,NAVIGATE,-3.9679,9.0293,-2.0283,0.5929,1.3213,0.6978,0.5929,1.2213,1.3576,0.0,12.0,4.9567,8.932161331176758,1.650634527206421,-39.66,0,1,180,1.658,0.8888,1.0,0.8044,0.2666,0.3,0.3218,0.8884,0.9491
94.901,2,NAVIGATE,-3.9387,9.0944,-2.031,0.5952,1.317,0.6922,0.5952,1.217,1.3547,0.0,12.0,4.8945,8.902970314025879,1.6315597295761108,-42.16,0,1,180,1.629,0.8868,1.0,0.8009,0.266,0.3,0.3204,0.8864,0.9547
94.951,2,NAVIGATE,-3.9144,9.1483,-2.0327,0.597,1.3132,0.6874,0.597,1.2132,1.3521,0.0,12.0,4.8431,8.871335983276367,1.6093069314956665,-41.16,0,1,180,1.722,0.8852,1.0,0.7979,0.2656,0.3,0.3192,0.8847,0.9561
95.001,2,NAVIGATE,-3.8902,9.2023,-2.0334,0.5988,1.3093,0.6825,0.5988,1.2093,1.3494,0.0,12.0,4.7918,8.821715354919434,1.5706703662872314,-41.16,0,1,180,1.577,0.8835,1.0,0.7948,0.265,0.3,0.3179,0.883,0.9468
95.051,2,NAVIGATE,-3.8616,9.2685,-2.0322,0.6004,1.3051,0.6763,0.6004,1.2051,1.3464,0.0,12.0,4.73,8.794578552246094,1.5508418083190918,-39.66,0,1,180,1.783,0.8809,1.0,0.7907,0.2643,0.3,0.3163,0.8806,0.9533
95.101,2,NAVIGATE,-3.8376,9.3232,-2.031,0.6017,1.3015,0.6711,0.6017,1.2015,1.3437,0.0,12.0,4.679,8.766144752502441,1.52888023853302,-39.16,0,1,180,1.721,0.8788,1.0,0.7872,0.2636,0.3,0.3149,0.8785,0.9585
95.151,2,NAVIGATE,-3.8093,9.3889,-2.0308,0.6031,1.2973,0.6646,0.6031,1.1973,1.3406,0.0,12.0,4.6183,8.719598770141602,1.4884603023529053,-38.41,0,1,180,1.842,0.876,1.0,0.7829,0.2628,0.3,0.3132,0.876,0.9415
95.201,2,NAVIGATE,-3.7815,9.4551,-2.0331,0.6042,1.2937,0.658,0.7042,1.0937,1.3008,0.0,12.0,4.5581,8.697375297546387,1.4686170816421509,-38.41,0,1,180,1.763,0.9186,1.0,0.7966,0.2756,0.3,0.3186,9981.5603,0.8589
95.251,2,NAVIGATE,-3.7582,9.5097,-2.0345,0.605,1.2906,0.6523,0.705,1.0906,1.2986,0.0,12.0,4.5084,8.67359733581543,1.4473552703857422,-37.91,0,1,180,1.901,0.9164,1.0,0.7934,0.2749,0.3,0.3174,9981.6043,0.8632
95.301,2,NAVIGATE,-3.7338,9.5636,-2.0328,0.6062,1.2872,0.6465,0.7062,1.0872,1.2964,0.0,12.0,4.4584,8.631319046020508,1.4064199924468994,-38.91,0,1,180,1.786,0.9145,1.0,0.7903,0.2743,0.3,0.3161,9981.6585,0.8697
95.351,2,NAVIGATE,-3.7026,9.6272,-2.0262,0.6105,1.2804,0.6396,0.7105,1.0804,1.2931,0.0,12.0,4.3977,8.609617233276367,1.386801838874817,-37.91,0,1,180,1.753,0.9134,1.0,0.7874,0.274,0.3,0.315,9981.8411,0.8738
95.401,2,NAVIGATE,-3.6767,9.6797,-2.0212,0.616,1.2727,0.6336,0.716,1.0727,1.2897,0.0,12.0,4.3477,8.570657730102539,1.3467257022857666,-39.91,0,1,180,1.729,0.9134,1.0,0.7853,0.274,0.3,0.3141,9982.0612,0.8799
95.451,2,NAVIGATE,-3.6469,9.7426,-2.0169,0.6238,1.2617,0.6261,0.7238,1.0617,1.285,0.0,12.0,4.2891,8.551843643188477,1.3306299448013306,-42.16,0,1,180,1.735,0.9138,1.0,0.7828,0.2742,0.3,0.3131,9982.3556,0.8801
95.501,2,NAVIGATE,-3.6175,9.8049,-2.0135,0.6326,1.2495,0.6184,0.7326,1.0495,1.2799,0.0,12.0,4.2314,8.536163330078125,1.3126513957977295,-42.91,0,1,180,1.822,0.9147,1.0,0.7805,0.2744,0.3,0.3122,9982.6797,0.8774
95.551,2,NAVIGATE,-3.5874,9.8663,-2.0106,0.642,1.2364,0.6104,0.742,1.0364,1.2747,0.0,12.0,4.174,8.507808685302734,1.281713604927063,-46.17,0,1,180,1.741,0.916,1.0,0.7784,0.2748,0.3,0.3113,9983.0254,0.875
95.601,2,NAVIGATE,-3.5553,9.925,-2.0082,0.6522,1.2228,0.6024,0.7522,1.0228,1.2696,0.0,12.0,4.1165,8.496994018554688,1.2694894075393677,-48.17,0,1,180,1.59,0.9178,1.0,0.7768,0.2753,0.3,0.3107,9983.4198,0.8715
95.651,2,NAVIGATE,-3.5228,9.9831,-2.006,0.6622,1.2093,0.5942,0.7622,1.0093,1.2648,0.0,12.0,4.0593,8.477895736694336,1.2463301420211792,-51.42,0,1,180,1.688,0.9195,1.0,0.7753,0.2758,0.3,0.3101,9983.7946,0.8879
95.701,2,NAVIGATE,-3.4912,10.0397,-2.0043,0.6715,1.1955,0.586,0.7715,0.9955,1.2594,0.0,12.0,4.0039,8.468729019165039,1.237330436706543,-53.17,0,1,180,1.547,0.9211,1.0,0.7734,0.2763,0.3,0.3093,9984.1468,0.8989
95.751,2,NAVIGATE,-3.4613,10.094,-2.0031,0.6798,1.1807,0.5776,0.8798,0.9807,1.3175,0.0,12.0,3.9514,8.458359718322754,1.2228065729141235,-56.43,0,1,180,1.593,0.944,1.0,0.8292,0.2832,0.3,0.3317,9986.775,0.8761
95.801,2,NAVIGATE,-3.4359,10.1389,-2.0022,0.6866,1.1687,0.5706,0.8866,0.9687,1.3132,0.0,12.0,3.9075,8.45291519165039,1.2177854776382446,-58.43,0,1,180,1.717,0.945,1.0,0.8273,0.2835,0.3,0.3309,9987.033,0.8744
95.851,2,NAVIGATE,-3.4054,10.1942,-1.997,0.6943,1.155,0.562,0.8943,0.955,1.3084,0.0,12.0,3.8546,8.451910972595215,1.2151628732681274,-60.18,0,1,180,1.656,0.9458,1.0,0.825,0.2838,0.3,0.33,9987.2936,0.8743
95.901,2,NAVIGATE,-3.3744,10.2496,-1.9905,0.7048,1.142,0.5534,0.9048,0.942,1.3062,0.0,12.0,3.8014,8.446247100830078,1.2099934816360474,-63.68,0,1,180,1.686,0.947,1.0,0.8246,0.2841,0.3,0.3299,9987.5826,0.8955
95.951,2,NAVIGATE,-3.3425,10.3042,-1.9851,0.7181,1.1289,0.5447,0.9181,0.9289,1.306,0.0,12.0,3.7481,8.444144248962402,1.211788296699524,-65.69,0,1,180,1.784,0.9487,1.0,0.826,0.2846,0.3,0.3304,9987.9095,0.9042
96.001,2,NAVIGATE,-3.3167,10.3535,-1.9749,0.73,1.1197,0.5373,0.93,0.9197,1.308,0.0,12.0,3.7029,8.445993423461914,1.2109789848327637,-67.44,0,1,180,1.872,0.9495,1.0,0.828,0.2849,0.3,0.3312,9988.1365,0.907
96.051,2,NAVIGATE,-3.2846,10.4115,-1.9645,0.7456,1.1081,0.5282,0.9456,0.9081,1.311,0.0,12.0,3.6486,8.446455955505371,1.2181859016418457,-70.69,0,1,180,1.743,0.9509,1.0,0.8311,0.2853,0.3,0.3324,9988.4996,0.9202
96.101,2,NAVIGATE,-3.2503,10.4673,-1.9543,0.7622,1.0955,0.5191,0.9622,0.8955,1.3145,0.0,12.0,3.5936,8.45334243774414,1.2260643243789673,-72.69,0,1,180,1.839,0.9527,1.0,0.8348,0.2858,0.3,0.3339,9988.8909,0.9366
96.151,2,NAVIGATE,-3.2132,10.5205,-1.943,0.78,1.0816,0.5099,0.98,0.8816,1.3182,0.0,12.0,3.5375,8.463789939880371,1.2328474521636963,-75.95,0,1,180,1.622,0.955,1.0,0.8393,0.2865,0.3,0.3357,9989.3152,0.966
96.201,2,NAVIGATE,-3.1753,10.5728,-1.934,0.7977,1.0675,0.5006,0.9977,0.8675,1.3221,0.0,12.0,3.4813,8.471431732177734,1.2440351247787476,-77.45,0,1,180,1.786,0.9573,1.0,0.8438,0.2872,0.3,0.3375,9989.7018,0.9785
96.251,2,NAVIGATE,-3.1394,10.6144,-1.9275,0.8133,1.0549,0.4928,1.0133,0.8549,1.3257,0.0,12.0,3.4316,8.491299629211426,1.261927843093872,-80.7,0,1,180,1.746,0.9596,1.0,0.8481,0.2879,0.3,0.3393,9990.1082,1.0164
96.301,2,NAVIGATE,-3.0935,10.6627,-1.9211,0.8324,1.0392,0.4834,1.0324,0.8392,1.3304,0.0,12.0,3.3702,8.504840850830078,1.2748563289642334,-82.2,0,1,180,1.75,0.9626,1.0,0.8537,0.2888,0.3,0.3415,9990.6808,1.0307
96.351,2,NAVIGATE,-3.0399,10.7184,-1.9159,0.854,1.0212,0.4723,1.054,0.8212,1.3361,0.0,12.0,3.299,8.517280578613281,1.285963773727417,-83.95,0,1,180,1.795,0.9656,1.0,0.8601,0.2897,0.3,0.3441,9991.2588,1.043
96.401,2,NAVIGATE,-2.999,10.7679,-1.9145,0.8701,1.0076,0.4629,1.0701,0.8076,1.3407,0.0,12.0,3.2422,8.5484037399292,1.3142696619033813,-86.96,0,1,180,1.497,0.9672,1.0,0.8645,0.2902,0.3,0.3458,9991.5688,1.0842
96.451,2,NAVIGATE,-2.9642,10.8085,-1.9142,0.8834,0.9965,0.4552,1.0834,0.7965,1.3447,0.0,12.0,3.1947,8.566734313964844,1.3297919034957886,-88.21,0,1,180,1.752,0.9685,1.0,0.8682,0.2905,0.3,0.3473,9991.7767,1.1025
96.501,2,NAVIGATE,-2.9212,10.8564,-1.9154,0.8996,0.9828,0.446,1.0996,0.7828,1.3497,0.0,12.0,3.1371,8.602996826171875,1.3595902919769287,-91.21,0,1,180,1.438,0.97,1.0,0.8728,0.291,0.3,0.3491,9992.1889,1.1458
96.551,2,NAVIGATE,-2.8764,10.9031,-1.9185,0.9162,0.9686,0.4368,1.1162,0.7686,1.3552,0.0,12.0,3.0785,8.6215238571167,1.376612663269043,-92.46,0,1,180,1.635,0.9716,1.0,0.8779,0.2915,0.3,0.3511,9992.5752,1.163
96.601,2,NAVIGATE,-2.831,10.9491,-1.9219,0.9329,0.9543,0.4276,1.1329,0.7543,1.361,0.0,12.0,3.0198,8.661685943603516,1.4123073816299438,-94.96,0,1,180,1.375,0.9732,1.0,0.883,0.292,0.3,0.3532,9992.8968,1.2042
96.651,2,NAVIGATE,-2.7811,10.9945,-1.9248,0.9511,0.9402,0.4185,1.1511,0.7402,1.3686,0.0,12.0,2.9573,8.685586929321289,1.4366830587387085,-96.21,0,1,180,1.636,0.9749,1.0,0.8895,0.2925,0.3,0.3558,9993.1614,1.2304
96.701,2,NAVIGATE,-2.7292,11.0393,-1.9276,0.9699,0.9261,0.4094,1.1699,0.7261,1.377,0.0,12.0,2.8934,8.708391189575195,1.4530612230300903,-97.47,0,1,180,1.616,0.9765,1.0,0.8964,0.293,0.3,0.3586,9993.6062,1.2541
96.751,2,NAVIGATE,-2.6773,11.0834,-1.9306,0.9884,0.9119,0.4003,1.1884,0.7119,1.3853,0.0,12.0,2.8298,8.760943412780762,1.4935559034347534,-99.97,0,1,180,1.539,0.9781,1.0,0.9032,0.2934,0.3,0.3613,9993.9904,1.3023
96.801,2,NAVIGATE,-2.6221,11.1289,-1.9283,1.0076,0.8984,0.3913,1.2076,0.6984,1.395,0.0,12.0,2.763,8.788050651550293,1.5190258026123047,-101.22,0,1,180,1.595,0.9793,1.0,0.9108,0.2938,0.3,0.3643,9994.2453,1.3299
96.851,2,NAVIGATE,-2.567,11.1736,-1.927,1.0264,0.8846,0.3825,1.2264,0.6846,1.4046,0.0,12.0,2.6967,8.843902587890625,1.5660792589187622,-102.97,0,1,180,1.556,0.9805,1.0,0.9181,0.2942,0.3,0.3673,9994.5006,1.3832
96.901,2,NAVIGATE,-2.5094,11.2174,-1.9272,1.0456,0.8705,0.3737,1.2456,0.6705,1.4146,0.0,12.0,2.6286,8.875997543334961,1.5864880084991455,-104.22,0,1,180,1.776,0.9817,1.0,0.9259,0.2945,0.3,0.3703,9994.9407,1.4095
96.951,2,NAVIGATE,-2.4597,11.2533,-1.9286,1.062,0.8586,0.3663,1.262,0.6586,1.4235,0.0,12.0,2.5706,8.909527778625488,1.6135705709457397,-104.72,0,1,180,1.662,0.9827,1.0,0.9326,0.2948,0.3,0.373,9995.2105,1.4381
97.001,2,NAVIGATE,-2.4103,11.2886,-1.9303,1.0779,0.8464,0.3589,1.2779,0.6464,1.4321,0.0,12.0,2.5131,8.975228309631348,1.6624999046325684,-106.97,0,1,180,1.55,0.9836,1.0,0.9391,0.2951,0.3,0.3756,9995.3324,1.4917
97.052,2,NAVIGATE,-2.3521,11.3305,-1.9337,1.0962,0.8321,0.3499,1.2962,0.6321,1.4421,0.0,12.0,2.4455,9.012852668762207,1.6886281967163086,-107.47,0,1,180,2.073,0.9845,1.0,0.9465,0.2953,0.3,0.3786,9995.5465,1.5167
97.101,2,NAVIGATE,-2.2947,11.3717,-1.9382,1.1139,0.8177,0.341,1.3139,0.6177,1.4519,0.0,12.0,2.3792,9.090482711791992,1.7421631813049316,-109.48,0,1,180,1.565,0.9852,1.0,0.9536,0.2956,0.3,0.3814,9995.8356,1.5688
97.151,2,NAVIGATE,-2.2372,11.412,-1.9427,1.1313,0.8033,0.3321,1.3313,0.6033,1.4616,0.0,12.0,2.3131,9.133429527282715,1.7689741849899292,-109.48,0,1,180,1.677,0.9858,1.0,0.9606,0.2958,0.3,0.3842,9995.9623,1.5935
97.201,2,NAVIGATE,-2.1632,11.4621,-1.947,1.1535,0.7885,0.3217,1.3535,0.5885,1.4759,0.0,12.0,2.229,9.223860740661621,1.8230218887329102,-109.73,0,1,180,1.505,0.9862,1.0,0.9704,0.2959,0.3,0.3881,9995.918,1.6452
97.251,2,NAVIGATE,-2.1106,11.4968,-1.9501,1.1692,0.7776,0.3144,1.3692,0.5776,1.4861,0.0,12.0,2.1698,9.269014358520508,1.8484910726547241,-108.23,0,1,180,1.645,0.9864,1.0,0.9772,0.2959,0.3,0.3909,9996.1897,1.668
97.301,2,NAVIGATE,-2.0491,11.5372,-1.9537,1.1874,0.7639,0.3055,1.3874,0.5639,1.4976,0.0,12.0,2.1007,9.318707466125488,1.8732410669326782,-107.97,0,1,180,1.801,0.9866,1.0,0.985,0.296,0.3,0.394,9996.3311,1.6918
97.351,2,NAVIGATE,-1.99,11.5762,-1.9571,1.2045,0.7493,0.2965,1.3045,0.5493,1.4154,0.0,12.0,2.0346,9.434040069580078,1.9266940355300903,-107.72,0,1,180,1.623,0.9822,1.0,0.9269,0.2947,0.3,0.3707,9996.0019,1.7401
97.401,2,NAVIGATE,-1.9403,11.6079,-1.9599,1.2189,0.737,0.2889,1.3189,0.537,1.424,0.0,12.0,1.9795,9.489570617675781,1.9502105712890625,-106.97,0,1,180,1.599,0.9825,1.0,0.9328,0.2948,0.3,0.3731,9996.0752,1.7606
97.451,2,NAVIGATE,-1.8807,11.6441,-1.9657,1.2365,0.7216,0.2794,1.3365,0.5216,1.4346,0.0,12.0,1.914,9.61917495727539,1.9969414472579956,-106.47,0,1,180,1.712,0.9829,1.0,0.9401,0.2949,0.3,0.376,9996.0104,1.8063
97.501,2,NAVIGATE,-1.8208,11.6785,-1.9732,1.2512,0.7056,0.2697,1.3512,0.5056,1.4427,0.0,12.0,1.849,9.703886985778809,2.022068738937378,-106.47,0,1,180,1.652,0.9832,1.0,0.9457,0.295,0.3,0.3783,9996.238,1.8277
97.551,2,NAVIGATE,-1.7604,11.7121,-1.9799,1.2635,0.6897,0.2598,1.3635,0.4897,1.4488,0.0,12.0,1.7837,9.783980369567871,2.045386552810669,-106.22,0,1,180,1.654,0.9834,1.0,0.9498,0.295,0.3,0.3799,9996.4392,1.8502
97.601,2,NAVIGATE,-1.6982,11.744,-1.9851,1.2749,0.6737,0.2497,1.3749,0.4737,1.4542,0.0,12.0,1.7174,9.959092140197754,2.0901572704315186,-105.47,0,1,180,1.521,0.9834,1.0,0.9534,0.295,0.3,0.3814,9996.4868,1.8906
97.651,2,NAVIGATE,-1.6358,11.7753,-1.9897,1.2856,0.6578,0.2393,1.3856,0.4578,1.4592,0.0,12.0,1.6511,10.067638397216797,2.1135926246643066,-105.47,0,1,180,1.891,0.9834,1.0,0.9567,0.295,0.3,0.3827,9996.3568,1.9115
97.701,2,NAVIGATE,-1.583,11.8006,-1.9934,1.2945,0.6443,0.2305,1.3945,0.4443,1.4636,0.0,12.0,1.5955,10.286834716796875,2.15606427192688,-104.72,0,1,180,1.558,0.9833,1.0,0.9594,0.295,0.3,0.3838,9996.4929,1.9495
97.751,2,NAVIGATE,-1.5173,11.8294,-1.9993,1.3058,0.6277,0.2195,1.4058,0.4277,1.4694,0.0,12.0,1.5268,10.404294967651367,2.175884962081909,-103.97,0,1,180,1.61,0.9832,1.0,0.9632,0.295,0.3,0.3853,9996.7422,1.9682
97.801,2,NAVIGATE,-1.4517,11.8577,-2.0043,1.317,0.6111,0.2082,1.417,0.4111,1.4754,0.0,12.0,1.4586,10.32465934753418,2.2189202308654785,-102.22,0,1,180,1.679,0.983,1.0,0.9669,0.2949,0.3,0.3868,9996.7938,2.0041
97.851,2,NAVIGATE,-1.3856,11.8862,-2.0079,1.3282,0.5949,0.1964,1.3282,0.3949,1.3857,0.0,12.0,1.3903,10.276939392089844,2.239433526992798,-103.22,0,1,180,1.899,0.9786,1.0,0.904,0.2936,0.3,0.3616,9996.6882,2.0228
97.901,2,NAVIGATE,-1.319,11.9148,-2.0102,1.3397,0.5791,0.1843,1.4397,0.3791,1.4888,0.0,12.0,1.3218,10.234598159790039,2.257391929626465,-101.97,0,1,180,1.631,0.9814,1.0,0.9741,0.2944,0.3,0.3896,9996.6695,2.0389
97.951,2,NAVIGATE,-1.2522,11.9426,-2.012,1.3508,0.5632,0.1718,1.4508,0.3632,1.4955,0.0,12.0,1.2535,10.140518188476562,2.2971909046173096,-100.47,0,1,180,1.536,0.9802,1.0,0.9772,0.2941,0.3,0.3909,9996.8677,2.079
98.001,2,NAVIGATE,-1.1971,11.9668,-2.0146,1.3576,0.5506,0.1613,1.4576,0.3506,1.4991,0.0,12.0,1.1975,10.096297264099121,2.3149545192718506,-100.97,0,1,180,1.452,0.9784,1.0,0.9778,0.2935,0.3,0.3911,9996.8443,2.0954
98.051,2,NAVIGATE,-1.1197,11.9995,-2.0176,1.3678,0.5327,0.146,1.3678,0.3327,1.4077,0.0,12.0,1.1197,10.004561424255371,2.352480173110962,-97.22,0,1,180,1.618,0.9718,1.0,0.912,0.2915,0.3,0.3648,9996.7107,2.1331
98.101,2,NAVIGATE,-1.0528,12.0274,-2.0191,1.3779,0.5176,0.1325,1.2779,0.3176,1.3167,0.0,12.0,1.0532,9.962783813476562,2.3691623210906982,-99.22,0,1,180,1.496,0.9639,1.0,0.8461,0.2892,0.3,0.3384,9996.5959,2.1472
98.151,2,NAVIGATE,-0.9967,12.0514,-2.0189,1.387,0.5056,0.1207,1.187,0.3056,1.2257,0.0,12.0,0.998,9.874886512756348,2.4021687507629395,-98.47,0,1,180,1.701,0.9543,1.0,0.7798,0.2863,0.3,0.3119,9996.4843,2.1856
98.201,2,NAVIGATE,-0.929,12.0789,-2.0186,1.3959,0.491,0.1057,1.3959,0.291,1.4259,0.0,12.0,0.9324,9.825907707214355,2.4215452671051025,-98.97,0,1,180,1.516,0.9582,1.0,0.9108,0.2875,0.3,0.3643,9996.5366,2.2125
98.252,2,NAVIGATE,-0.8613,12.1054,-2.0201,1.3991,0.4767,0.0896,1.3991,0.2767,1.4262,0.0,12.0,0.8677,9.778287887573242,2.438645839691162,-99.72,0,1,180,2.398,0.9502,1.0,0.9034,0.2851,0.3,0.3614,9996.4574,2.2408
98.301,2,NAVIGATE,-0.7937,12.1307,-2.0223,1.3962,0.4621,0.0728,1.1962,0.2621,1.2245,0.0,12.0,0.8044,9.689626693725586,2.475282907485962,-100.47,0,1,180,1.529,0.9291,1.0,0.7584,0.2787,0.3,0.3034,9996.3487,2.2655
98.351,2,NAVIGATE,-0.7264,12.1548,-2.0242,1.3953,0.4469,0.0548,1.1953,0.2469,1.2205,0.0,12.0,0.7427,9.638530731201172,2.494506597518921,-100.72,0,1,180,1.655,0.9157,1.0,0.745,0.2747,0.3,0.298,9996.2414,2.2853
98.401,2,NAVIGATE,-0.658,12.1776,-2.0269,1.3965,0.4317,0.035,1.3965,0.2317,1.4155,0.0,12.0,0.6815,9.550592422485352,2.5343000888824463,-101.22,0,1,180,1.55,0.9098,1.0,0.8586,0.2729,0.3,0.3434,9996.1313,2.3462
98.451,2,NAVIGATE,-0.5898,12.1994,-2.0292,1.3932,0.4165,0.013,1.2932,0.2165,1.3112,0.0,12.0,0.6226,9.50721549987793,2.553797483444214,-101.47,0,1,180,1.622,0.8815,1.0,0.7705,0.2644,0.3,0.3082,9996.0887,2.3662
98.501,2,NAVIGATE,-0.5336,12.2163,-2.0307,1.3881,0.403,-0.0068,1.1881,0.203,1.2053,0.0,12.0,0.5757,9.457443237304688,2.575178623199463,-101.47,0,1,180,1.746,0.8503,1.0,0.6832,0.2551,0.3,0.2733,9996.0387,2.3815
98.551,2,NAVIGATE,-0.4675,12.2332,-2.0322,1.385,0.3855,-0.0332,1.185,0.1855,1.1994,0.0,12.0,0.5224,9.36980152130127,2.614361524581909,-101.47,0,1,180,1.628,0.8151,1.0,0.6518,0.2445,0.3,0.2607,9995.8759,2.4239
98.651,2,RETURN_HOME,-0.335,12.2662,-2.0335,1.378,0.3533,-0.0955,1.478,0.1533,1.4859,0.0,0.0,12.2708,9.232847213745117,2.6787109375,-100.72,0,1,180,1.598,-0.0759,1.0,0.4953,-0.0228,0.3,0.1981,0.4753,2.4469
98.701,2,RETURN_HOME,-0.2686,12.2827,-2.0331,1.3709,0.3393,-0.1317,1.4709,0.1393,1.4774,0.0,0.0,12.2856,9.190258979797363,2.6988914012908936,-100.22,0,1,180,1.54,-0.0725,1.0,0.4925,-0.0217,0.3,0.197,0.4753,2.4701
98.751,2,RETURN_HOME,-0.2027,12.2986,-2.0312,1.3639,0.3278,-0.1756,1.4639,0.1278,1.4695,0.0,0.0,12.3003,9.099627494812012,2.740328073501587,-98.97,0,1,180,1.749,-0.0705,1.0,0.4898,-0.0212,0.3,0.1959,0.4748,2.4449
98.801,2,RETURN_HOME,-0.1346,12.317,-2.0209,1.3643,0.3164,-0.228,1.4643,0.1164,1.4689,0.0,0.0,12.3177,9.057134628295898,2.7589941024780273,-97.97,0,1,180,1.488,-0.0683,1.0,0.4896,-0.0205,0.3,0.1959,0.4754,2.4636
98.851,2,RETURN_HOME,-0.0669,12.3344,-2.0078,1.371,0.3051,-0.2883,1.471,0.1051,1.4748,0.0,0.0,12.3345,8.99913501739502,2.79844069480896,-95.46,0,1,180,1.639,-0.0658,1.0,0.4916,-0.0197,0.3,0.1966,0.4769,2.4537
98.901,2,RETURN_HOME,-0.0003,12.351,-1.9926,1.3825,0.2938,-0.3555,1.4825,0.0938,1.4855,0.0,0.0,12.351,8.991934776306152,2.823016405105591,-93.71,0,1,180,1.821,-0.0631,1.0,0.4952,-0.0189,0.3,0.1981,0.4791,2.4656
98.951,2,RETURN_HOME,0.0646,12.3672,-1.9758,1.3969,0.2818,-0.4287,1.4969,0.0818,1.4991,0.0,0.0,12.3673,9.010169982910156,2.832216739654541,-50.17,0,1,180,1.753,-0.0598,1.0,0.4997,-0.0179,0.3,0.1999,0.4819,2.473
99.0,2,RETURN_HOME,0.1305,12.3822,-1.9582,1.4134,0.2681,-0.5072,1.4134,0.0681,1.4151,0.0,0.0,12.3829,9.119775772094727,2.8090243339538574,-46.42,0,1,180,0.885,-0.0586,1.0,0.4717,-0.0176,0.3,0.1887,0.4711,2.461
99.05,2,RETURN_HOME,0.1969,12.3961,-1.9448,1.4305,0.2521,-0.5903,1.4305,0.0521,1.4314,0.0,0.0,12.3977,9.232906341552734,2.7983779907226562,-43.92,0,1,180,1.016,-0.0523,1.0,0.4771,-0.0157,0.3,0.1909,0.4752,2.4585
99.1,2,RETURN_HOME,0.2641,12.4089,-1.9316,1.4467,0.2343,-0.6779,1.4467,0.0343,1.4471,0.0,0.0,12.4118,9.554369926452637,2.781251907348633,-39.16,0,1,180,0.929,-0.045,1.0,0.4824,-0.0135,0.3,0.1929,0.4794,2.4342
99.15,2,RETURN_HOME,0.3321,12.4205,-1.918,1.4598,0.2141,-0.7694,1.4598,0.0141,1.4598,0.0,0.0,12.4249,9.788604736328125,2.7724907398223877,-36.66,0,1,180,1.13,-0.0364,1.0,0.4866,-0.0109,0.3,0.1946,0.4837,2.446
99.2,2,RETURN_HOME,0.3993,12.4299,-1.9043,1.4693,0.1903,-0.8632,1.4693,-0.0097,1.4693,0.0,0.0,12.4363,10.501495361328125,2.752833366394043,-31.15,0,1,180,1.102,-0.0255,1.0,0.4898,-0.0076,0.3,0.1959,0.4883,2.4169
99.25,2,RETURN_HOME,0.4672,12.4378,-1.8944,1.4758,0.1628,-0.9573,1.4758,-0.0372,1.4763,0.0,0.0,12.4466,3.1244661808013916,2.748491048812866,-28.15,0,1,180,0.974,-0.0124,1.0,0.4921,-0.0037,0.3,0.1968,0.4931,2.4239
99.3,2,RETURN_HOME,0.547,12.4459,-1.8903,1.4805,0.1285,-1.0653,1.4805,-0.0715,1.4823,0.0,0.0,12.4579,2.9202184677124023,2.7315495014190674,-22.4,0,1,180,1.031,0.0043,1.0,0.4941,0.0013,0.3,0.1976,0.4989,2.3976
99.351,2,RETURN_HOME,0.6044,12.4506,-1.8916,1.4823,0.1047,-1.1401,1.4823,-0.0953,1.4854,0.0,0.0,12.4653,2.851264238357544,2.7280757427215576,-19.64,0,1,180,1.177,0.0157,1.0,0.4951,0.0047,0.3,0.198,0.5028,2.3991
99.401,2,RETURN_HOME,0.6735,12.455,-1.8963,1.4832,0.0779,-1.2262,1.4832,-0.1221,1.4882,0.0,0.0,12.4732,2.7554116249084473,2.7144696712493896,-14.64,0,1,180,0.936,0.0281,1.0,0.4961,0.0084,0.3,0.1984,0.5069,2.3502
99.45,2,RETURN_HOME,0.7441,12.4579,-1.9054,1.4836,0.053,-1.3073,1.4836,-0.147,1.4909,0.0,0.0,12.4801,2.720489740371704,2.7091257572174072,-11.89,0,1,180,1.057,0.0391,1.0,0.497,0.0117,0.3,0.1988,0.5105,2.3495
99.5,2,RETURN_HOME,0.8149,12.4596,-1.916,1.4835,0.0298,-1.3826,1.4835,-0.1702,1.4932,0.0,0.0,12.4862,2.703824043273926,2.703824043273926,-9.63,0,1,180,1.056,0.0489,1.0,0.4977,0.0147,0.3,0.1991,0.5138,2.3589
99.55,2,RETURN_HOME,0.8858,12.4611,-1.9273,1.4831,0.0082,-1.4517,1.4831,-0.1918,1.4955,0.0,0.0,12.4925,2.6956429481506348,2.6956429481506348,-5.63,0,1,180,1.021,0.0576,1.0,0.4985,0.0173,0.3,0.1994,0.5167,2.2959
99.601,2,RETURN_HOME,0.9571,12.4629,-1.939,1.4828,-0.0117,-1.5142,1.4828,-0.2117,1.4978,0.0,0.0,12.4996,2.6919548511505127,2.6919548511505127,-3.63,0,1,180,1.204,0.0651,1.0,0.4993,0.0195,0.3,0.1997,0.5192,2.2944
99.65,2,RETURN_HOME,1.0284,12.4636,-1.9506,1.4821,-0.0311,-1.5698,1.3821,-0.2311,1.4013,0.0,0.0,12.5059,2.688943862915039,2.688943862915039,-0.88,0,1,180,1.049,0.0832,1.0,0.4671,0.025,0.3,0.1868,0.5118,2.223
99.7,2,RETURN_HOME,1.0939,12.4616,-1.9614,1.4792,-0.0509,-1.6186,1.3792,-0.2509,1.4018,0.0,0.0,12.5095,2.6853787899017334,2.6853787899017334,0.63,0,1,180,1.009,0.0923,1.0,0.4673,0.0277,0.3,0.1869,0.5146,2.2254
99.75,2,RETURN_HOME,1.1482,12.459,-1.97,1.4765,-0.0673,-1.654,1.3765,-0.2673,1.4022,0.0,0.0,12.5118,2.683176279067993,2.683176279067993,3.63,0,1,180,0.98,0.0997,1.0,0.4674,0.0299,0.3,0.187,0.5169,2.1716
99.8,2,RETURN_HOME,1.2139,12.4551,-1.9797,1.4718,-0.0862,-1.6904,1.4718,-0.2862,1.4994,0.0,0.0,12.5141,2.6824657917022705,2.6824657917022705,3.13,0,1,180,1.08,0.0948,1.0,0.4998,0.0284,0.3,0.1999,0.5284,2.1817
99.85,2,RETURN_HOME,1.2795,12.4464,-1.9885,1.4647,-0.107,-1.7205,1.4647,-0.307,1.4966,0.0,0.0,12.512,2.680802583694458,2.680802583694458,5.88,0,1,180,1.031,0.104,1.0,0.4989,0.0312,0.3,0.1995,0.5307,2.1805
99.9,2,RETURN_HOME,1.3454,12.4373,-1.9966,1.4567,-0.1272,-1.7449,1.4567,-0.3272,1.4929,0.0,0.0,12.5099,2.6750454902648926,2.6750454902648926,9.13,0,1,180,0.957,0.113,1.0,0.4976,0.0339,0.3,0.1991,0.5329,2.1385
99.951,2,RETURN_HOME,1.4105,12.4279,-2.0042,1.45,-0.1467,-1.7639,1.45,-0.3467,1.4908,0.0,0.0,12.5077,2.6743040084838867,2.674170970916748,10.38,0,1,180,1.169,0.1214,1.0,0.4969,0.0364,0.3,0.1988,0.5352,2.1299
100.0,2,RETURN_HOME,1.4741,12.4182,-2.0116,1.4449,-0.1655,-1.7778,1.4449,-0.3655,1.4904,0.0,0.0,12.5054,2.666480541229248,2.665811538696289,11.14,0,1,180,0.999,0.1293,1.0,0.4968,0.0388,0.3,0.1987,0.5375,2.1229
100.05,2,RETURN_HOME,1.5382,12.4078,-2.018,1.4425,-0.1843,-1.7871,1.4425,-0.3843,1.4928,0.0,0.0,12.5028,2.6635735034942627,2.661804676055908,12.89,0,1,180,1.018,0.1366,1.0,0.4976,0.041,0.3,0.199,0.54,2.1088
100.1,2,RETURN_HOME,1.6001,12.3972,-2.0228,1.4411,-0.2025,-1.7921,1.4411,-0.4025,1.4963,0.0,0.0,12.5001,2.6550188064575195,2.6515331268310547,12.64,0,1,180,1.025,0.1435,1.0,0.4988,0.0431,0.3,0.1995,0.5426,2.0826
100.151,2,RETURN_HOME,1.6623,12.3861,-2.0268,1.4411,-0.2204,-1.7936,1.3411,-0.4204,1.4054,0.0,0.0,12.4971,2.6493725776672363,2.6466705799102783,11.64,0,1,180,1.348,0.1696,1.0,0.4685,0.0509,0.3,0.1874,0.5383,2.0539
100.2,2,RETURN_HOME,1.7258,12.374,-2.0302,1.4423,-0.2383,-1.7921,1.3423,-0.4383,1.412,0.0,0.0,12.4937,2.6357736587524414,2.634244441986084,13.39,0,1,180,1.021,0.1761,1.0,0.4707,0.0528,0.3,0.1883,0.5411,2.0475
100.25,2,RETURN_HOME,1.7911,12.36,-2.0331,1.444,-0.2561,-1.7879,1.344,-0.4561,1.4193,0.0,0.0,12.4891,2.6299760341644287,2.6273510456085205,11.39,0,1,180,1.074,0.1822,1.0,0.4731,0.0547,0.3,0.1892,0.5439,2.0457
100.3,2,RETURN_HOME,1.8571,12.3456,-2.0354,1.4441,-0.274,-1.7817,1.3441,-0.474,1.4252,0.0,0.0,12.4845,2.622635841369629,2.6191890239715576,11.39,0,1,180,1.039,0.1886,1.0,0.4751,0.0566,0.3,0.19,0.5466,2.039
100.35,2,RETURN_HOME,1.9215,12.3309,-2.0348,1.4414,-0.2914,-1.7741,1.3414,-0.4914,1.4286,0.0,0.0,12.4797,2.6052727699279785,2.6031899452209473,11.64,0,1,180,0.981,0.1953,1.0,0.4762,0.0586,0.3,0.1905,0.5491,2.0253
100.4,2,RETURN_HOME,1.9854,12.3157,-2.0331,1.4371,-0.3088,-1.7655,1.3371,-0.5088,1.4306,0.0,0.0,12.4747,2.5973780155181885,2.595672130584717,11.89,0,1,180,1.127,0.2024,1.0,0.4769,0.0607,0.3,0.1907,0.5515,2.0181
100.45,2,RETURN_HOME,2.0499,12.2999,-2.0314,1.4319,-0.3265,-1.7565,1.3319,-0.5265,1.4322,0.0,0.0,12.4696,2.577280044555664,2.576596736907959,12.14,0,1,180,0.926,0.2097,1.0,0.4774,0.0629,0.3,0.191,0.5539,2.0291
100.5,2,RETURN_HOME,2.1027,12.2831,-2.0317,1.4272,-0.3432,-1.7488,1.3272,-0.5432,1.434,0.0,0.0,12.4618,2.567673683166504,2.566939115524292,10.38,0,1,180,0.975,0.2172,1.0,0.478,0.0652,0.3,0.1912,0.5564,2.0237
100.55,2,RETURN_HOME,2.1666,12.2627,-2.032,1.4217,-0.3634,-1.7398,1.3217,-0.5634,1.4368,0.0,0.0,12.4526,2.5463356971740723,2.5463356971740723,8.38,0,1,180,1.006,0.2261,1.0,0.4789,0.0678,0.3,0.1916,0.5594,2.0352
100.6,2,RETURN_HOME,2.2301,12.2414,-2.0333,1.4165,-0.3838,-1.731,1.3165,-0.5838,1.4401,0.0,0.0,12.4429,2.5363168716430664,2.5363168716430664,7.88,0,1,180,1.012,0.235,1.0,0.48,0.0705,0.3,0.192,0.5625,2.0286
100.65,2,RETURN_HOME,2.2906,12.218,-2.0391,1.4103,-0.4048,-1.7227,1.3103,-0.6048,1.4431,0.0,0.0,12.4309,2.5250070095062256,2.5250070095062256,8.13,0,1,180,1.02,0.2446,1.0,0.481,0.0734,0.3,0.1924,0.5658,2.0224
100.7,2,RETURN_HOME,2.3519,12.1942,-2.044,1.4047,-0.4254,-1.7151,1.3047,-0.6254,1.4468,0.0,0.0,12.4189,2.5040814876556396,2.5040814876556396,4.88,0,1,180,0.961,0.2537,1.0,0.4823,0.0761,0.3,0.1929,0.569,2.0292
100.751,2,RETURN_HOME,2.4129,12.1712,-2.0451,1.3992,-0.4456,-1.7084,1.2992,-0.6456,1.4508,0.0,0.0,12.408,2.4853646755218506,2.4853646755218506,2.38,0,1,180,1.555,0.2623,1.0,0.4836,0.0787,0.3,0.1934,0.5721,2.0405
100.801,2,RETURN_HOME,2.4844,12.1441,-2.0443,1.3932,-0.4686,-1.702,1.2932,-0.6686,1.4558,0.0,0.0,12.3956,2.4789164066314697,2.4789164066314697,0.88,0,1,180,1.532,0.2719,1.0,0.4853,0.0816,0.3,0.1941,0.5757,2.0396
100.851,2,RETURN_HOME,2.5473,12.12,-2.0443,1.3888,-0.4883,-1.6979,1.2888,-0.6883,1.4611,0.0,0.0,12.3848,2.4693214893341064,2.4693214893341064,-0.63,0,1,180,1.85,0.2796,1.0,0.487,0.0839,0.3,0.1948,0.5787,2.0388
100.901,2,RETURN_HOME,2.6038,12.0991,-2.047,1.3868,-0.5047,-1.6955,1.2868,-0.7047,1.4671,0.0,0.0,12.3761,2.4547581672668457,2.4547581672668457,-3.13,0,1,180,1.609,0.2851,1.0,0.489,0.0855,0.3,0.1956,0.5811,2.0311
100.951,2,RETURN_HOME,2.6713,12.0733,-2.0498,1.3842,-0.5243,-1.6938,1.2842,-0.7243,1.4744,0.0,0.0,12.3653,2.4474399089813232,2.4474399089813232,-4.13,0,1,180,1.399,0.2915,1.0,0.4915,0.0875,0.3,0.1966,0.584,2.0393
101.001,2,RETURN_HOME,2.7282,12.0513,-2.0517,1.3823,-0.5407,-1.6932,1.2823,-0.7407,1.4809,0.0,0.0,12.3562,2.443067789077759,2.443067789077759,-5.63,0,1,180,1.663,0.2967,1.0,0.4936,0.089,0.3,0.1975,0.5865,2.0261
101.051,2,RETURN_HOME,2.7999,12.0244,-2.0539,1.3818,-0.5601,-1.6935,1.2818,-0.7601,1.4902,0.0,0.0,12.3461,2.4336657524108887,2.4336657524108887,-7.88,0,1,180,1.619,0.3017,1.0,0.4967,0.0905,0.3,0.1987,0.5892,1.9318
101.101,2,RETURN_HOME,2.8709,11.9967,-2.0555,1.3805,-0.5795,-1.6949,1.2805,-0.7795,1.4991,0.0,0.0,12.3354,2.428924798965454,2.428924798965454,-8.88,0,1,180,1.451,0.3069,1.0,0.4997,0.0921,0.3,0.1999,0.592,1.8864
101.151,2,RETURN_HOME,2.9285,11.9717,-2.057,1.3788,-0.5962,-1.6969,1.1788,-0.7962,1.4225,0.0,0.0,12.3247,2.5880162715911865,2.4227118492126465,-11.39,0,1,180,1.603,0.3468,1.0,0.4742,0.104,0.3,0.1897,0.5937,2.0575
101.201,2,RETURN_HOME,2.9965,11.9401,-2.0585,1.3764,-0.6166,-1.7003,1.1764,-0.8166,1.4321,0.0,0.0,12.3104,2.72896146774292,2.4204065799713135,-12.39,0,1,180,1.495,0.3531,1.0,0.4774,0.1059,0.3,0.1909,0.5969,2.046
101.251,2,RETURN_HOME,3.0642,11.908,-2.0596,1.3735,-0.637,-1.7046,1.1735,-0.837,1.4414,0.0,0.0,12.2959,3.003236770629883,2.4167613983154297,-14.64,0,1,180,1.535,0.3595,1.0,0.4805,0.1079,0.3,0.1922,0.6,1.9664
101.301,2,RETURN_HOME,3.1453,11.8698,-2.0657,1.3675,-0.661,-1.7108,1.1675,-0.861,1.4506,0.0,0.0,12.2795,3.1250414848327637,2.4197356700897217,-15.39,0,1,180,1.416,0.3676,1.0,0.4835,0.1103,0.3,0.1934,0.6037,1.9361
101.351,2,RETURN_HOME,3.2028,11.842,-2.0697,1.361,-0.678,-1.716,1.161,-0.878,1.4556,0.0,0.0,12.2675,3.2380096912384033,2.4166202545166016,-16.39,0,1,180,1.725,0.374,1.0,0.4852,0.1122,0.3,0.1941,0.6063,1.9051
101.401,2,RETURN_HOME,3.2728,11.8084,-2.0747,1.352,-0.6978,-1.723,1.152,-0.8978,1.4606,0.0,0.0,12.2536,3.452775716781616,2.421478033065796,-18.39,0,1,180,1.416,0.3817,1.0,0.4869,0.1145,0.3,0.1947,0.6093,1.8419
101.451,2,RETURN_HOME,3.345,11.775,-2.0808,1.3431,-0.717,-1.7307,1.1431,-0.917,1.4655,0.0,0.0,12.2409,6.087658405303955,2.4262759685516357,-19.39,0,1,180,1.412,0.3888,1.0,0.4885,0.1166,0.3,0.1954,0.612,1.8139
101.501,2,RETURN_HOME,3.4156,11.7406,-2.0855,1.3333,-0.7361,-1.7389,1.1333,-0.9361,1.4699,0.0,0.0,12.2274,6.065585136413574,2.4244155883789062,-20.89,0,1,180,1.499,0.3961,1.0,0.49,0.1188,0.3,0.196,0.6148,1.7612
101.551,2,RETURN_HOME,3.497,11.6978,-2.0902,1.3209,-0.7594,-1.7492,1.1209,-0.9594,1.4755,0.0,0.0,12.2094,6.052354335784912,2.429683208465576,-21.9,0,1,180,1.437,0.4054,1.0,0.4918,0.1216,0.3,0.1967,0.6184,1.7362
101.601,2,RETURN_HOME,3.5541,11.6661,-2.0927,1.3118,-0.7765,-1.7569,1.1118,-0.9765,1.4797,0.0,0.0,12.1955,6.03052282333374,2.440793991088867,-23.4,0,1,180,1.693,0.4123,1.0,0.4932,0.1237,0.3,0.1973,0.621,1.6896
101.651,2,RETURN_HOME,3.6215,11.6273,-2.0946,1.3007,-0.797,-1.7663,1.1007,-0.997,1.4851,0.0,0.0,12.1783,6.0194091796875,2.444509267807007,-24.15,0,1,180,1.447,0.4206,1.0,0.495,0.1262,0.3,0.198,0.6242,1.6688
101.701,2,RETURN_HOME,3.6878,11.5844,-2.0964,1.2893,-0.8193,-1.7758,1.0893,-1.0193,1.4918,0.0,0.0,12.1573,5.990469455718994,2.455707550048828,-25.9,0,1,180,1.385,0.4295,1.0,0.4973,0.1289,0.3,0.1989,0.6278,1.6224
101.751,2,RETURN_HOME,3.753,11.541,-2.0972,1.2778,-0.8413,-1.7853,1.0778,-1.0413,1.4987,0.0,0.0,12.1359,5.981149196624756,2.4585657119750977,-26.4,0,1,180,1.533,0.4384,1.0,0.4996,0.1315,0.3,0.1998,0.6313,1.6028
101.801,2,RETURN_HOME,3.8187,11.497,-2.0979,1.2669,-0.8629,-1.7949,1.0669,-0.9629,1.4372,0.0,0.0,12.1146,5.967684745788574,2.464892864227295,-27.4,0,1,180,1.485,0.4018,1.0,0.4791,0.1205,0.3,0.1916,0.6122,1.5984
101.851,2,RETURN_HOME,3.8848,11.4523,-2.0982,1.2564,-0.8843,-1.8044,1.0564,-0.9843,1.4439,0.0,0.0,12.0932,5.93977689743042,2.4802844524383545,-28.9,0,1,180,1.617,0.4106,1.0,0.4813,0.1232,0.3,0.1925,0.6157,1.5536
101.901,2,RETURN_HOME,3.9496,11.4069,-2.0978,1.2456,-0.9055,-1.8137,1.0456,-1.0055,1.4506,0.0,0.0,12.0713,5.9293060302734375,2.486034870147705,-29.65,0,1,180,1.607,0.4191,1.0,0.4835,0.1257,0.3,0.1934,0.6192,1.5334
101.951,2,RETURN_HOME,4.0032,11.3681,-2.0973,1.2367,-0.9208,-1.8214,1.0367,-1.0208,1.4549,0.0,0.0,12.0524,5.899837493896484,2.501793622970581,-31.15,0,1,180,1.809,0.4251,1.0,0.485,0.1275,0.3,0.194,0.6215,1.4925
102.001,2,RETURN_HOME,4.0666,11.3212,-2.0964,1.2257,-0.9369,-1.8306,1.0257,-1.0369,1.4585,0.0,0.0,12.0294,5.886348724365234,2.5131452083587646,-31.9,0,1,180,1.538,0.4313,1.0,0.4862,0.1294,0.3,0.1945,0.6239,1.4754
102.051,2,RETURN_HOME,4.1288,11.2739,-2.0948,1.2142,-0.9515,-1.8397,1.0142,-1.0515,1.4609,0.0,0.0,12.0061,5.872138500213623,2.5246787071228027,-32.41,0,1,180,1.732,0.4371,1.0,0.487,0.1311,0.3,0.1948,0.6259,1.4601
102.101,2,RETURN_HOME,4.1819,11.2377,-2.0944,1.205,-0.9613,-1.8472,1.005,-1.0613,1.4616,0.0,0.0,11.9905,5.84375,2.5419046878814697,-34.16,0,1,180,1.59,0.4407,1.0,0.4872,0.1322,0.3,0.1949,0.6271,1.423
102.151,2,RETURN_HOME,4.2444,11.1935,-2.0934,1.1937,-0.973,-1.8558,0.9937,-1.073,1.4625,0.0,0.0,11.9712,5.829510688781738,2.5572502613067627,-34.91,0,1,180,1.77,0.4451,1.0,0.4875,0.1335,0.3,0.195,0.6285,1.4081
102.201,2,RETURN_HOME,4.2958,11.1562,-2.0909,1.184,-0.9831,-1.8628,0.984,-1.0831,1.4634,0.0,0.0,11.9547,5.818768501281738,2.566441059112549,-35.41,0,1,180,1.646,0.4491,1.0,0.4878,0.1347,0.3,0.1951,0.6298,1.3969
102.251,2,RETURN_HOME,4.3571,11.1117,-2.0822,1.1725,-0.9952,-1.871,0.9725,-1.0952,1.4646,0.0,0.0,11.9354,5.787904262542725,2.5881640911102295,-36.91,0,1,180,1.7,0.4538,1.0,0.4882,0.1361,0.3,0.1953,0.6314,1.3622
102.301,2,RETURN_HOME,4.4072,11.0739,-2.0754,1.1624,-1.0059,-1.8777,0.9624,-1.1059,1.466,0.0,0.0,11.9186,5.774810314178467,2.599973678588867,-37.66,0,1,180,1.81,0.4581,1.0,0.4887,0.1374,0.3,0.1955,0.6329,1.3504
102.351,2,RETURN_HOME,4.467,11.0275,-2.0668,1.1502,-1.0195,-1.8857,0.9502,-1.1195,1.4684,0.0,0.0,11.8979,5.761790752410889,2.615402936935425,-38.41,0,1,180,1.799,0.4637,1.0,0.4895,0.1391,0.3,0.1958,0.6349,1.3397
102.401,2,RETURN_HOME,4.5174,10.9879,-2.0587,1.1402,-1.0316,-1.8922,0.9402,-1.1316,1.4712,0.0,0.0,11.8803,5.733462333679199,2.644757032394409,-39.66,0,1,180,1.617,0.4684,1.0,0.4904,0.1405,0.3,0.1962,0.6367,1.3071
102.451,2,RETURN_HOME,4.5765,10.9395,-2.05,1.1279,-1.0464,-1.8998,0.9279,-1.1464,1.4748,0.0,0.0,11.8582,5.719696998596191,2.6600444316864014,-40.41,0,1,180,1.775,0.4742,1.0,0.4916,0.1423,0.3,0.1966,0.6389,1.2988
102.501,2,RETURN_HOME,4.6361,10.8913,-2.0404,1.1163,-1.0604,-1.9074,0.9163,-1.1604,1.4785,0.0,0.0,11.8369,5.704503059387207,2.67167592048645,-41.16,0,1,180,1.614,0.4794,1.0,0.4928,0.1438,0.3,0.1971,0.641,1.2887
102.551,2,RETURN_HOME,4.695,10.8427,-2.0311,1.1046,-1.0741,-1.9147,0.9046,-1.1741,1.4822,0.0,0.0,11.8155,5.676245212554932,2.7051100730895996,-42.66,0,1,180,1.706,0.4844,1.0,0.4941,0.1453,0.3,0.1976,0.6429,1.2608
102.601,2,RETURN_HOME,4.743,10.8014,-2.0244,1.0946,-1.0856,-1.9205,0.8946,-1.1856,1.4852,0.0,0.0,11.7969,5.66317081451416,2.7217791080474854,-43.16,0,1,180,1.55,0.4887,1.0,0.4951,0.1466,0.3,0.198,0.6446,1.2512
102.651,2,RETURN_HOME,4.79,10.7601,-2.0196,1.0842,-1.0969,-1.9264,0.8842,-1.1969,1.488,0.0,0.0,11.7781,5.650479316711426,2.733922004699707,-43.92,0,1,180,1.676,0.4931,1.0,0.496,0.1479,0.3,0.1984,0.6463,1.2463
102.701,2,RETURN_HOME,4.8452,10.7098,-2.015,1.0714,-1.1105,-1.9333,0.8714,-1.2105,1.4915,0.0,0.0,11.7548,5.619197845458984,2.7746596336364746,-45.17,0,1,180,1.616,0.4986,1.0,0.4972,0.1496,0.3,0.1989,0.6485,1.2227
102.751,2,RETURN_HOME,4.8903,10.6671,-2.0119,1.0604,-1.1221,-1.939,0.8604,-1.2221,1.4946,0.0,0.0,11.7346,5.6046223640441895,2.7891478538513184,-45.92,0,1,180,1.565,0.5034,1.0,0.5015,0.151,0.3,0.2006,0.6516,1.2175
102.801,2,RETURN_HOME,4.9447,10.6162,-2.0081,1.0475,-1.1349,-1.9456,0.8475,-1.2349,1.4977,0.0,0.0,11.7113,5.5763726234436035,2.824629783630371,-47.17,0,1,180,1.611,0.5085,1.0,0.5077,0.1525,0.3,0.2031,0.6556,1.1961
102.851,2,RETURN_HOME,4.9981,10.5645,-2.0048,1.0344,-1.1477,-1.952,0.8344,-1.1477,1.419,0.0,0.0,11.6872,5.56069278717041,2.8466367721557617,-47.92,0,1,180,1.709,0.4796,1.0,0.473,0.1439,0.3,0.1892,0.6331,1.1927
102.901,2,RETURN_HOME,5.0411,10.5206,-2.0033,1.0232,-1.1587,-1.9573,0.8232,-1.1587,1.4214,0.0,0.0,11.666,5.5441765785217285,2.86165714263916,-48.67,0,1,180,1.736,0.4849,1.0,0.4738,0.1455,0.3,0.1895,0.635,1.1914
102.951,2,RETURN_HOME,5.0895,10.4665,-2.005,1.0089,-1.1726,-1.9634,0.8089,-1.1726,1.4246,0.0,0.0,11.6383,5.515453815460205,2.898232936859131,-49.92,0,1,180,1.759,0.4919,1.0,0.4749,0.1476,0.3,0.1899,0.6375,1.1754
103.001,2,RETURN_HOME,5.1293,10.4208,-2.0063,0.9972,-1.1822,-1.9685,0.7972,-1.1822,1.4259,0.0,0.0,11.6147,5.501866340637207,2.9221508502960205,-50.42,0,1,180,1.578,0.4969,1.0,0.4753,0.1491,0.3,0.1901,0.6392,1.1753
103.051,2,RETURN_HOME,5.1775,10.3658,-2.0084,0.9838,-1.1909,-1.9746,0.7838,-1.1909,1.4257,0.0,0.0,11.5869,5.486163139343262,2.938612699508667,-51.17,0,1,180,1.474,0.5016,1.0,0.4768,0.1505,0.3,0.1907,0.6412,1.1761
103.1,2,RETURN_HOME,5.2272,10.3113,-2.0114,0.9711,-1.1973,-1.9806,0.7711,-1.1973,1.4241,0.0,0.0,11.5605,5.453769683837891,2.978018045425415,-52.17,0,1,180,1.334,0.505,1.0,0.4795,0.1515,0.3,0.1918,0.6433,1.162
103.151,2,RETURN_HOME,5.2757,10.2561,-2.014,0.9581,-1.2029,-1.9866,0.7581,-1.2029,1.4218,0.0,0.0,11.5334,5.439096450805664,3.002859354019165,-52.92,0,1,180,1.575,0.5084,1.0,0.4819,0.1525,0.3,0.1928,0.6453,1.1623
103.201,2,RETURN_HOME,5.321,10.1998,-2.0174,0.9437,-1.2088,-1.9925,0.7437,-1.2088,1.4193,0.0,0.0,11.5043,5.411745071411133,3.0424420833587646,-54.18,0,1,180,1.414,0.5128,1.0,0.4852,0.1538,0.3,0.1941,0.6479,1.1548
103.251,2,RETURN_HOME,5.3645,10.1427,-2.0207,0.9286,-1.2152,-1.9984,0.7286,-1.2152,1.4169,0.0,0.0,11.474,5.398022174835205,3.0632150173187256,-54.68,0,1,180,1.509,0.5177,1.0,0.489,0.1553,0.3,0.1956,0.6509,1.162
103.301,2,RETURN_HOME,5.4074,10.0858,-2.0225,0.9135,-1.2216,-2.0043,0.7135,-1.2216,1.4147,0.0,0.0,11.4439,5.378932952880859,3.1080703735351562,-55.93,0,1,180,1.52,0.5227,1.0,0.493,0.1568,0.3,0.1972,0.654,1.1564
103.351,2,RETURN_HOME,5.4561,10.0217,-2.02,0.8956,-1.2281,-2.0111,0.6956,-1.3281,1.4992,0.0,0.0,11.4106,5.370971202850342,3.130297899246216,-56.43,0,1,180,1.773,0.5562,1.0,0.5559,0.1669,0.3,0.2224,0.6892,1.1701
103.401,2,RETURN_HOME,5.4904,9.9752,-2.0183,0.8829,-1.2329,-2.0159,0.6829,-1.3329,1.4977,0.0,0.0,11.3863,5.365899085998535,3.177623987197876,-57.43,0,1,180,1.501,0.5598,1.0,0.559,0.1679,0.3,0.2236,0.6915,1.1642
103.451,2,RETURN_HOME,5.5317,9.9194,-2.0183,0.8677,-1.2383,-2.0217,0.6677,-1.3383,1.4956,0.0,0.0,11.3576,5.365326404571533,3.199526786804199,-57.93,0,1,180,1.667,0.5641,1.0,0.5624,0.1692,0.3,0.225,0.6942,1.1736
103.501,2,RETURN_HOME,5.573,9.8634,-2.0198,0.8522,-1.2465,-2.0274,0.6522,-1.3465,1.4961,0.0,0.0,11.3289,5.370311737060547,3.2209949493408203,-58.68,0,1,180,1.7,0.5691,1.0,0.5676,0.1707,0.3,0.2271,0.6978,1.183
103.551,2,RETURN_HOME,5.6134,9.8064,-2.021,0.8368,-1.2573,-2.0331,0.6368,-1.3573,1.4992,0.0,0.0,11.2993,5.401203632354736,3.2704145908355713,-59.43,0,1,180,1.659,0.5747,1.0,0.5744,0.1724,0.3,0.2298,0.7022,1.1824
103.601,2,RETURN_HOME,5.6504,9.7465,-2.0265,0.8206,-1.2706,-2.0388,0.6206,-1.2706,1.414,0.0,0.0,11.266,5.43058967590332,3.2926623821258545,-60.18,0,1,180,1.852,0.5573,1.0,0.5253,0.1672,0.3,0.2101,0.6773,1.2003
103.651,2,RETURN_HOME,5.6871,9.6859,-2.0309,0.8045,-1.285,-2.0445,0.6045,-1.285,1.4201,0.0,0.0,11.2321,6.92833137512207,3.3398795127868652,-61.18,0,1,180,1.812,0.5648,1.0,0.5347,0.1694,0.3,0.2139,0.6833,1.2054
103.701,2,RETURN_HOME,5.7229,9.6245,-2.0343,0.7885,-1.2995,-2.0501,0.5885,-1.2995,1.4265,0.0,0.0,11.1974,6.891934394836426,3.3357014656066895,117.48,0,1,180,1.636,0.5721,1.0,0.5441,0.1716,0.3,0.2176,0.6893,1.2173
103.751,2,RETURN_HOME,5.7519,9.5729,-2.0366,0.775,-1.3095,-2.0547,0.575,-1.3,1.4215,0.0,0.0,11.168,6.822829246520996,3.2868216037750244,116.73,0,1,180,1.578,0.5756,1.0,0.5454,0.1727,0.3,0.2182,0.6908,1.2218
103.801,2,RETURN_HOME,5.7862,9.5104,-2.0385,0.7589,-1.319,-2.0603,0.5589,-1.3,1.4151,0.0,0.0,11.1323,6.7866997718811035,3.262437343597412,118.48,0,1,180,1.521,0.5795,1.0,0.5467,0.1739,0.3,0.2187,0.6925,1.2391
103.851,2,RETURN_HOME,5.8207,9.4482,-2.0432,0.7433,-1.3264,-2.0658,0.5433,-1.3,1.409,0.0,0.0,11.0972,6.748098373413086,3.235558032989502,117.98,0,1,180,1.698,0.5833,1.0,0.5479,0.175,0.3,0.2192,0.6941,1.2545
103.901,2,RETURN_HOME,5.855,9.3863,-2.0499,0.7281,-1.3323,-2.0715,0.5281,-1.4,1.4963,0.0,0.0,11.0627,6.676673412322998,3.1886024475097656,116.98,0,1,180,1.539,0.6071,1.0,0.6056,0.1821,0.3,0.2422,0.7243,1.2604
103.951,2,RETURN_HOME,5.8888,9.3238,-2.0552,0.7128,-1.3371,-2.0772,0.5128,-1.4,1.491,0.0,0.0,11.0277,6.6421003341674805,3.167489767074585,119.74,0,1,180,1.512,0.6102,1.0,0.6066,0.1831,0.3,0.2426,0.7257,1.2771
104.001,2,RETURN_HOME,5.9165,9.2595,-2.0596,0.6953,-1.3424,-2.0831,0.4953,-1.4,1.485,0.0,0.0,10.9883,6.565840721130371,3.120434522628784,118.99,0,1,180,1.526,0.6148,1.0,0.6087,0.1845,0.3,0.2435,0.7279,1.2909
104.051,2,RETURN_HOME,5.9442,9.1949,-2.0627,0.6777,-1.3501,-2.089,0.4777,-1.4,1.4793,0.0,0.0,10.9489,6.533504486083984,3.0988152027130127,118.48,0,1,180,1.573,0.6195,1.0,0.6109,0.1858,0.3,0.2444,0.7302,1.3131
104.101,2,RETURN_HOME,5.9709,9.1302,-2.0654,0.6602,-1.3595,-2.0949,0.4602,-1.4,1.4737,0.0,0.0,10.9093,6.45750617980957,3.0534024238586426,118.23,0,1,180,1.408,0.6242,1.0,0.6132,0.1872,0.3,0.2453,0.7325,1.3302
104.151,2,RETURN_HOME,5.9957,9.0658,-2.0682,0.6424,-1.3699,-2.1008,0.4424,-1.4,1.4682,0.0,0.0,10.8691,6.4235758781433105,3.0326526165008545,120.99,0,1,180,1.611,0.6291,1.0,0.6158,0.1887,0.3,0.2463,0.7351,1.3534
104.201,2,RETURN_HOME,6.0205,9.0007,-2.0698,0.6251,-1.3805,-2.1067,0.4251,-1.4,1.4631,0.0,0.0,10.8286,6.387763023376465,3.0128958225250244,120.99,0,1,180,1.427,0.6338,1.0,0.6182,0.1901,0.3,0.2473,0.7374,1.3773
104.251,2,RETURN_HOME,6.0462,8.9377,-2.0671,0.6086,-1.3896,-2.1125,0.4086,-1.4,1.4584,0.0,0.0,10.7907,6.30894136428833,2.970827102661133,120.99,0,1,180,1.552,0.6381,1.0,0.6204,0.1914,0.3,0.2482,0.7396,1.3941
104.301,2,RETURN_HOME,6.0721,8.875,-2.0625,0.5925,-1.3977,-2.1183,0.3925,-1.4,1.454,0.0,0.0,10.7534,6.272239685058594,2.951965570449829,121.24,0,1,180,1.507,0.6423,1.0,0.6226,0.1927,0.3,0.249,0.7417,1.416
104.35,2,RETURN_HOME,6.0975,8.8113,-2.0575,0.5762,-1.4052,-2.1241,0.3762,-1.4,1.4497,0.0,0.0,10.7153,6.1995062828063965,2.913247585296631,121.99,0,1,180,1.097,0.6465,1.0,0.6248,0.1939,0.3,0.2499,0.7439,1.4341
104.401,2,RETURN_HOME,6.1217,8.7462,-2.0509,0.5592,-1.4121,-2.1297,0.3592,-1.4,1.4453,0.0,0.0,10.6757,6.155618190765381,2.893033981323242,120.49,0,1,180,1.12,0.6511,1.0,0.6273,0.1953,0.3,0.2509,0.7463,1.4588
104.45,2,RETURN_HOME,6.1456,8.6805,-2.0448,0.542,-1.4186,-2.1352,0.342,-1.4,1.4412,0.0,0.0,10.6357,6.077901363372803,2.8571999073028564,122.24,0,1,180,1.044,0.6557,1.0,0.63,0.1967,0.3,0.252,0.7487,1.4837
104.5,2,RETURN_HOME,6.1678,8.6152,-2.0385,0.5242,-1.4243,-2.1407,0.3242,-1.4,1.437,0.0,0.0,10.5955,6.040071964263916,2.8401150703430176,123.74,0,1,180,0.922,0.6608,1.0,0.6331,0.1983,0.3,0.2532,0.7515,1.5131
104.551,2,RETURN_HOME,6.1886,8.5503,-2.0322,0.5057,-1.4294,-2.1462,0.3057,-1.4,1.433,0.0,0.0,10.5549,5.9582600593566895,2.8039796352386475,122.99,0,1,180,1.004,0.6664,1.0,0.6366,0.1999,0.3,0.2546,0.7545,1.4783
104.6,2,RETURN_HOME,6.209,8.4846,-2.0266,0.4875,-1.4342,-2.1518,0.2875,-1.4,1.4292,0.0,0.0,10.5138,5.919979572296143,2.788344144821167,122.99,0,1,180,1.034,0.6717,1.0,0.64,0.2015,0.3,0.256,0.7575,1.4267
104.65,2,RETURN_HOME,6.2321,8.4206,-2.0222,0.4707,-1.438,-2.1574,0.2707,-1.4,1.4259,0.0,0.0,10.4759,5.835659027099609,2.755652666091919,121.99,0,1,180,0.926,0.6762,1.0,0.6428,0.2029,0.3,0.2571,0.76,1.2459
104.7,2,RETURN_HOME,6.2544,8.3557,-2.0184,0.454,-1.4416,-2.163,0.254,-1.4,1.4228,0.0,0.0,10.4372,5.79480504989624,2.7410342693328857,121.49,0,1,180,0.895,0.6807,1.0,0.6457,0.2042,0.3,0.2583,0.7625,1.1961
104.75,2,RETURN_HOME,6.2764,8.29,-2.0175,0.4372,-1.4453,-2.1685,0.2372,-1.4,1.42,0.0,0.0,10.398,5.755858898162842,2.725780487060547,123.49,0,1,180,1.144,0.6852,1.0,0.6487,0.2056,0.3,0.2595,0.765,1.1471
104.8,2,RETURN_HOME,6.2948,8.2349,-2.0206,0.4234,-1.4486,-2.173,0.2234,-1.4,1.4177,0.0,0.0,10.3652,5.6707916259765625,2.696239709854126,124.74,0,1,180,1.034,0.6888,1.0,0.6511,0.2067,0.3,0.2604,0.7671,1.0622
104.85,2,RETURN_HOME,6.3159,8.1681,-2.0238,0.4068,-1.4523,-2.1785,0.2068,-1.4,1.4152,0.0,0.0,10.3251,5.629538059234619,2.6825597286224365,124.24,0,1,180,1.111,0.6932,1.0,0.654,0.208,0.3,0.2616,0.7696,1.0105
104.901,2,RETURN_HOME,6.3317,8.1111,-2.0274,0.3924,-1.4554,-2.183,0.1924,-1.3,1.3142,0.0,0.0,10.2899,5.587836742401123,2.669029951095581,124.99,0,1,180,1.147,0.6897,1.0,0.6042,0.2069,0.3,0.2417,0.7486,1.1894
104.95,2,RETURN_HOME,6.3482,8.0411,-2.0333,0.3745,-1.4594,-2.1884,0.1745,-1.3,1.3117,0.0,0.0,10.2449,5.502294540405273,2.642366886138916,125.24,0,1,180,1.095,0.6955,1.0,0.6081,0.2086,0.3,0.2433,0.7519,1.0925
105.0,2,RETURN_HOME,6.3614,7.9826,-2.0372,0.3597,-1.4621,-2.1929,0.1597,-1.3,1.3098,0.0,0.0,10.2073,5.461310863494873,2.6306984424591064,125.49,0,1,180,1.103,0.7002,1.0,0.6114,0.2101,0.3,0.2446,0.7546,1.0415
105.051,2,RETURN_HOME,6.3777,7.9106,-2.0401,0.3428,-1.4633,-2.1984,0.1428,-1.3,1.3078,0.0,0.0,10.1613,5.421128273010254,2.6189773082733154,124.49,0,1,180,1.205,0.7053,1.0,0.6149,0.2116,0.3,0.246,0.7576,0.9861
105.1,2,RETURN_HOME,6.391,7.8502,-2.0414,0.3289,-1.4623,-2.2029,0.1289,-1.3,1.3064,0.0,0.0,10.1228,5.331546306610107,2.594712257385254,125.74,0,1,180,1.074,0.7094,1.0,0.6178,0.2128,0.3,0.2471,0.76,0.8952
105.15,2,RETURN_HOME,6.4063,7.778,-2.0423,0.3121,-1.4591,-2.2084,0.1121,-1.2,1.2052,0.0,0.0,10.0766,5.289268493652344,2.5837972164154053,125.99,0,1,180,1.082,0.7094,1.0,0.57,0.2128,0.3,0.228,0.7408,1.081
105.2,2,RETURN_HOME,6.4204,7.7062,-2.0447,0.2947,-1.4544,-2.214,0.0947,-1.2,1.2037,0.0,0.0,10.0303,5.20756721496582,2.5639564990997314,125.24,0,1,180,1.087,0.7155,1.0,0.5742,0.2147,0.3,0.2297,0.7443,0.9843
105.25,2,RETURN_HOME,6.4316,7.6467,-2.0462,0.2801,-1.4501,-2.2186,0.0801,-1.2,1.2027,0.0,0.0,9.9919,5.158725738525391,2.553494930267334,126.24,0,1,180,1.094,0.7207,1.0,0.5778,0.2162,0.3,0.2311,0.7473,0.9272
105.3,2,RETURN_HOME,6.4422,7.5876,-2.0472,0.2658,-1.4438,-2.2233,0.0658,-1.2,1.2018,0.0,0.0,9.9536,5.118709564208984,2.544304132461548,126.49,0,1,180,1.13,0.7257,1.0,0.5814,0.2177,0.3,0.2326,0.7503,0.8772
105.351,2,RETURN_HOME,6.4542,7.5157,-2.0474,0.2485,-1.435,-2.2289,0.0485,-1.2,1.201,0.0,0.0,9.9068,5.078549385070801,2.53401255607605,126.74,0,1,180,1.397,0.7317,1.0,0.5859,0.2195,0.3,0.2343,0.7539,0.8185
105.4,2,RETURN_HOME,6.4636,7.4563,-2.0471,0.2339,-1.4266,-2.2336,0.0339,-1.2,1.2005,0.0,0.0,9.8679,4.9915080070495605,2.5181117057800293,126.99,0,1,180,1.122,0.7368,1.0,0.5897,0.221,0.3,0.2359,0.7569,0.7245
105.451,2,RETURN_HOME,6.4741,7.3852,-2.0458,0.2161,-1.4161,-2.2392,0.1161,-1.2,1.2056,0.0,0.0,9.8211,4.952764511108398,2.5107951164245605,127.74,0,1,180,1.128,0.685,1.0,0.5505,0.2055,0.3,0.2202,0.7257,0.8719
105.501,2,RETURN_HOME,6.4816,7.3243,-2.0433,0.2007,-1.4082,-2.2439,0.1007,-1.2,1.2042,0.0,0.0,9.7804,4.911276340484619,2.502286434173584,127.49,0,1,180,1.066,0.6908,1.0,0.5546,0.2072,0.3,0.2218,0.7291,0.819
105.551,2,RETURN_HOME,6.49,7.2523,-2.0402,0.1822,-1.3989,-2.2496,-0.0178,-1.1,1.1001,0.0,0.0,9.7322,4.8285231590271,2.4884862899780273,127.49,0,1,180,1.779,0.7559,1.0,0.5544,0.2268,0.3,0.2218,0.7485,0.7653
105.601,2,RETURN_HOME,6.497,7.1801,-2.0363,0.1661,-1.3907,-2.2556,-0.0339,-1.1,1.1005,0.0,0.0,9.6833,4.787890434265137,2.482703447341919,129.49,0,1,180,1.765,0.7618,1.0,0.5589,0.2285,0.3,0.2236,0.7521,0.6925
105.651,2,RETURN_HOME,6.5022,7.1067,-2.0314,0.1515,-1.3838,-2.2613,0.0515,-1.1,1.1012,0.0,0.0,9.6325,4.708765983581543,2.4690918922424316,127.49,0,1,180,1.731,0.7054,1.0,0.5179,0.2116,0.3,0.2071,0.7188,0.7271
105.701,2,RETURN_HOME,6.5071,7.0346,-2.0269,0.1361,-1.3749,-2.267,0.0361,-1.1,1.1006,0.0,0.0,9.5827,4.664981365203857,2.464113473892212,130.25,0,1,180,1.58,0.7114,1.0,0.522,0.2134,0.3,0.2088,0.7222,0.6724
105.751,2,RETURN_HOME,6.5109,6.965,-2.0223,0.1198,-1.363,-2.2728,0.2198,-1.3,1.3185,0.0,0.0,9.5343,4.587068557739258,2.4542758464813232,129.49,0,1,180,1.629,0.6064,1.0,0.533,0.1819,0.3,0.2132,0.6952,0.8726
105.801,2,RETURN_HOME,6.5141,6.8969,-2.0181,0.1045,-1.3489,-2.2788,0.1045,-1.1,1.105,0.0,0.0,9.4869,4.5498223304748535,2.4517922401428223,130.5,0,1,180,1.508,0.6588,1.0,0.4853,0.1976,0.3,0.1941,0.6917,0.7552
105.852,2,RETURN_HOME,6.5166,6.8409,-2.0149,0.0928,-1.3368,-2.284,0.0928,-1.1,1.1039,0.0,0.0,9.448,4.507009506225586,2.44563627243042,129.24,0,1,180,1.669,0.6635,1.0,0.4883,0.199,0.3,0.1953,0.6944,0.7105
105.901,2,RETURN_HOME,6.5176,6.7757,-2.0106,0.0838,-1.3267,-2.2902,0.0838,-1.1,1.1032,0.0,0.0,9.4015,4.434080600738525,2.4395248889923096,132.75,0,1,180,1.634,0.666,1.0,0.4898,0.1998,0.3,0.1959,0.6957,0.6505
105.951,2,RETURN_HOME,6.5187,6.7111,-2.0067,0.0787,-1.3176,-2.296,0.0787,-1.1,1.1028,0.0,0.0,9.3559,4.397194862365723,2.4351255893707275,130.0,0,1,180,1.735,0.6658,1.0,0.4895,0.1997,0.3,0.1958,0.6955,0.6322
106.001,2,RETURN_HOME,6.5191,6.6479,-2.003,0.0749,-1.3081,-2.3015,0.1749,-1.2,1.2127,0.0,0.0,9.3109,4.317674160003662,2.4274046421051025,132.25,0,1,180,1.536,0.6055,1.0,0.4895,0.1817,0.3,0.1958,0.6775,0.8076
106.051,2,RETURN_HOME,6.5182,6.5967,-1.9999,0.0713,-1.2993,-2.306,0.1713,-1.1993,1.2115,0.0,0.0,9.2738,4.282264232635498,2.425673484802246,130.75,0,1,180,1.585,0.6048,1.0,0.4885,0.1814,0.3,0.1954,0.6768,0.7455
106.101,2,RETURN_HOME,6.5175,6.5356,-1.9966,0.0665,-1.2884,-2.3114,0.1665,-1.1884,1.2,0.0,0.0,9.23,4.244410514831543,2.4227092266082764,130.25,0,1,180,1.451,0.6032,1.0,0.4826,0.181,0.3,0.193,0.674,0.7312
106.151,2,RETURN_HOME,6.5165,6.4772,-1.9919,0.0634,-1.2788,-2.3169,0.2634,-1.2788,1.3056,0.0,0.0,9.188,4.164918899536133,2.415959596633911,132.5,0,1,180,1.574,0.5474,1.0,0.4764,0.1642,0.3,0.1906,0.6548,0.9204
106.2,2,RETURN_HOME,6.5157,6.4197,-1.987,0.0622,-1.2714,-2.3223,0.1622,-1.1714,1.1825,0.0,0.0,9.147,4.126999378204346,2.4137182235717773,132.5,0,1,180,1.343,0.5975,1.0,0.471,0.1792,0.3,0.1884,0.6677,0.7021
106.251,2,RETURN_HOME,6.5154,6.362,-1.9829,0.0635,-1.2668,-2.3278,0.1635,-1.1668,1.1782,0.0,0.0,9.1064,4.04812479019165,2.407654047012329,134.25,0,1,180,1.574,0.5926,1.0,0.4655,0.1778,0.3,0.1862,0.664,0.7006
106.301,2,RETURN_HOME,6.5148,6.3065,-1.9763,0.0681,-1.2642,-2.333,0.1681,-1.1642,1.1762,0.0,0.0,9.0672,4.01239538192749,2.404900312423706,131.75,0,1,180,1.598,0.5857,1.0,0.4593,0.1757,0.3,0.1837,0.6594,0.7213
106.351,2,RETURN_HOME,6.5149,6.2503,-1.9709,0.0733,-1.2624,-2.3379,0.1733,-1.1624,1.1752,0.0,0.0,9.0284,3.936232089996338,2.3983514308929443,134.0,0,1,180,1.52,0.5783,1.0,0.4531,0.1735,0.3,0.1812,0.6547,0.7324
106.401,2,RETURN_HOME,6.5169,6.1947,-1.9676,0.0784,-1.2599,-2.3426,0.1784,-1.1599,1.1735,0.0,0.0,8.9913,3.892944812774658,2.3952341079711914,132.75,0,1,180,1.58,0.5707,1.0,0.4465,0.1712,0.3,0.1786,0.6498,0.7454
106.451,2,RETURN_HOME,6.5205,6.1494,-1.9674,0.0825,-1.2566,-2.3466,0.1825,-1.1566,1.1709,0.0,0.0,8.9628,3.8164079189300537,2.38749098777771,134.5,0,1,180,1.776,0.5643,1.0,0.4405,0.1693,0.3,0.1762,0.6455,0.7439
106.501,2,RETURN_HOME,6.5258,6.0853,-1.9675,0.087,-1.2513,-2.3521,0.187,-1.1513,1.1664,0.0,0.0,8.9228,3.777740716934204,2.3841216564178467,133.5,0,1,180,1.481,0.5559,1.0,0.4323,0.1668,0.3,0.1729,0.6397,0.7621
106.551,2,RETURN_HOME,6.5315,6.0305,-1.9729,0.0911,-1.2459,-2.3567,0.1911,-1.1459,1.1617,0.0,0.0,8.8897,3.7344820499420166,2.3808062076568604,134.5,0,1,180,1.663,0.5482,1.0,0.4246,0.1645,0.3,0.1698,0.6343,0.7762
106.601,2,RETURN_HOME,6.5364,5.9845,-1.9777,0.0943,-1.2413,-2.3605,0.1943,-1.1413,1.1577,0.0,0.0,8.8622,3.65544056892395,2.3742406368255615,134.25,0,1,180,1.548,0.5419,1.0,0.4182,0.1626,0.3,0.1673,0.6299,0.7703
106.651,2,RETURN_HOME,6.543,5.9196,-1.9845,0.0984,-1.2352,-2.3659,0.0984,-1.0352,1.0399,0.0,0.0,8.8234,3.615921974182129,2.370375156402588,133.0,0,1,180,1.678,0.5977,1.0,0.4144,0.1793,0.3,0.1658,0.6451,0.5587
106.701,2,RETURN_HOME,6.5463,5.8722,-1.9921,0.1007,-1.2317,-2.3697,0.1007,-1.0317,1.0366,0.0,0.0,8.7942,3.5323169231414795,2.3624534606933594,134.75,0,1,180,1.619,0.5922,1.0,0.4093,0.1777,0.3,0.1637,0.6414,0.5596
106.751,2,RETURN_HOME,6.5506,5.8152,-1.9999,0.1038,-1.2278,-2.3741,0.1038,-1.0278,1.033,0.0,0.0,8.7594,3.492124557495117,2.3562746047973633,135.0,0,1,180,1.655,0.5854,1.0,0.4031,0.1756,0.3,0.1613,0.6369,0.5669
106.801,2,RETURN_HOME,6.5567,5.7583,-2.0071,0.1055,-1.2215,-2.3785,0.1055,-1.0215,1.027,0.0,0.0,8.7263,3.454139232635498,2.3553311824798584,134.5,0,1,180,1.597,0.5792,1.0,0.3965,0.1737,0.3,0.1586,0.6324,0.5726
106.851,2,RETURN_HOME,6.5642,5.711,-2.013,0.1065,-1.2143,-2.3823,0.1065,-1.0143,1.0199,0.0,0.0,8.7008,3.368011713027954,2.3455724716186523,134.75,0,1,180,1.551,0.574,1.0,0.3903,0.1722,0.3,0.1561,0.6283,0.562
106.901,2,RETURN_HOME,6.5728,5.6545,-2.0188,0.1056,-1.2039,-2.3869,0.1056,-1.0039,1.0094,0.0,0.0,8.6703,3.330601453781128,2.3423750400543213,135.0,0,1,180,1.57,0.5693,1.0,0.3831,0.1708,0.3,0.1532,0.624,0.5633
106.952,2,RETURN_HOME,6.5802,5.5994,-2.0202,0.1034,-1.1916,-2.3916,0.1034,-0.9916,0.997,0.0,0.0,8.6401,3.2445709705352783,2.3344240188598633,135.0,0,1,180,1.645,0.5656,1.0,0.3759,0.1697,0.3,0.1504,0.62,0.5585
107.001,2,RETURN_HOME,6.5869,5.545,-2.0194,0.1005,-1.1788,-2.3964,0.1005,-0.9788,0.9839,0.0,0.0,8.6101,3.2071731090545654,2.3311543464660645,134.0,0,1,180,1.583,0.5625,1.0,0.369,0.1688,0.3,0.1476,0.6163,0.5602
107.051,2,RETURN_HOME,6.5933,5.4908,-2.0182,0.0972,-1.1661,-2.4013,0.0972,-0.9661,0.971,0.0,0.0,8.5802,3.167846918106079,2.3270070552825928,135.0,0,1,180,1.684,0.5598,1.0,0.3624,0.1679,0.3,0.1449,0.6129,0.5596
107.101,2,RETURN_HOME,6.6017,5.4368,-2.0134,0.0951,-1.1535,-2.4063,0.0951,-0.9535,0.9582,0.0,0.0,8.5522,3.086862564086914,2.3199918270111084,134.75,0,1,180,1.499,0.556,1.0,0.3552,0.1668,0.3,0.1421,0.6089,0.5548
107.151,2,RETURN_HOME,6.6095,5.383,-2.009,0.0928,-1.1413,-2.4113,0.0928,-0.9413,0.9459,0.0,0.0,8.5242,3.050067663192749,2.3160696029663086,135.0,0,1,180,1.771,0.5523,1.0,0.3483,0.1657,0.3,0.1393,0.605,0.5571
107.201,2,RETURN_HOME,6.6159,5.3395,-2.0055,0.091,-1.1309,-2.4154,0.091,-0.9309,0.9353,0.0,0.0,8.5019,2.97322416305542,2.309901237487793,134.25,0,1,180,1.603,0.5494,1.0,0.3426,0.1648,0.3,0.137,0.6018,0.5508
107.251,2,RETURN_HOME,6.6238,5.2893,-2.0016,0.0887,-1.1178,-2.4205,0.0887,-1.0178,1.0217,0.0,0.0,8.4765,2.931511878967285,2.3055944442749023,135.0,0,1,180,1.716,0.5538,1.0,0.3772,0.1661,0.3,0.1509,0.617,0.5331
107.301,2,RETURN_HOME,6.6299,5.2475,-1.9987,0.0868,-1.1072,-2.4249,0.0868,-1.0072,1.0109,0.0,0.0,8.4553,2.856130599975586,2.3020899295806885,135.0,0,1,180,1.54,0.551,1.0,0.3714,0.1653,0.3,0.1485,0.6138,0.5282
107.351,2,RETURN_HOME,6.6393,5.1901,-1.9943,0.0846,-1.0921,-2.4313,0.0846,-0.9921,0.9957,0.0,0.0,8.4271,2.8198513984680176,2.2807815074920654,33.16,0,1,180,1.68,0.5467,1.0,0.3629,0.164,0.3,0.1452,0.6092,0.5305
107.401,2,RETURN_HOME,6.6462,5.1496,-1.9912,0.083,-1.0833,-2.436,0.083,-0.9833,0.9868,0.0,0.0,8.4077,2.779573678970337,2.2410430908203125,33.16,0,1,180,1.631,0.5439,1.0,0.3578,0.1632,0.3,0.1431,0.6063,0.5264
107.451,2,RETURN_HOME,6.6538,5.101,-1.988,0.0808,-1.0754,-2.4417,0.0808,-0.9754,0.9788,0.0,0.0,8.3841,2.704204559326172,2.175661087036133,32.66,0,1,180,1.595,0.5408,1.0,0.3529,0.1623,0.3,0.1412,0.6034,0.5079
107.501,2,RETURN_HOME,6.6579,5.0519,-1.9876,0.0772,-1.0695,-2.4473,0.0772,-0.9695,0.9726,0.0,0.0,8.3575,2.671403646469116,2.146294355392456,32.66,0,1,180,1.554,0.5393,1.0,0.3497,0.1618,0.3,0.1399,0.6017,0.5014
107.551,2,RETURN_HOME,6.6606,5.0108,-1.9878,0.0741,-1.0654,-2.4518,0.0741,-0.9654,0.9682,0.0,0.0,8.335,2.6283459663391113,2.1098971366882324,32.66,0,1,180,1.634,0.5382,1.0,0.3474,0.1615,0.3,0.139,0.6004,0.4975
107.601,2,RETURN_HOME,6.6638,4.9615,-1.9881,0.0707,-1.0609,-2.4573,0.0707,-0.9609,0.9635,0.0,0.0,8.308,2.555736780166626,2.0433826446533203,32.41,0,1,180,1.539,0.5368,1.0,0.3448,0.161,0.3,0.1379,0.5989,0.4889
107.651,2,RETURN_HOME,6.6682,4.9127,-1.991,0.0679,-1.0565,-2.4627,0.0679,-0.9565,0.9589,0.0,0.0,8.2824,2.5178871154785156,2.015462875366211,32.15,0,1,180,1.687,0.5346,1.0,0.3418,0.1604,0.3,0.1367,0.5971,0.4879
107.701,2,RETURN_HOME,6.6723,4.8637,-1.9936,0.0651,-1.0519,-2.468,0.0651,-0.9519,0.9541,0.0,0.0,8.2568,2.440075635910034,1.948926568031311,31.9,0,1,180,1.548,0.5325,1.0,0.3387,0.1598,0.3,0.1355,0.5952,0.4816
107.751,2,RETURN_HOME,6.6745,4.8235,-1.995,0.0625,-1.0477,-2.4725,0.0625,-0.9477,0.9497,0.0,0.0,8.235,2.403064012527466,1.9165737628936768,31.65,0,1,180,1.698,0.5311,1.0,0.3363,0.1593,0.3,0.1345,0.5938,0.4789
107.801,2,RETURN_HOME,6.6755,4.7761,-1.9959,0.0588,-1.0422,-2.4779,0.0588,-0.9422,0.944,0.0,0.0,8.2081,2.366330623626709,1.8871241807937622,31.4,0,1,180,1.668,0.5301,1.0,0.3336,0.159,0.3,0.1334,0.5925,0.4721
107.851,2,RETURN_HOME,6.6765,4.7285,-1.9966,0.0552,-1.0366,-2.4833,0.0552,-0.9366,0.9382,0.0,0.0,8.1813,2.2856485843658447,1.8226174116134644,31.15,0,1,180,1.871,0.529,0.9659,0.3308,0.1587,0.2898,0.1323,0.5808,0.4602
107.901,2,RETURN_HOME,6.6786,4.6794,-1.996,0.0521,-1.032,-2.4887,0.0521,-0.932,0.9334,0.0,0.0,8.1548,2.250094413757324,1.7939891815185547,30.65,0,1,180,1.77,0.5272,0.9592,0.3281,0.1582,0.2878,0.1312,0.5772,0.4596
107.951,2,RETURN_HOME,6.6805,4.6383,-1.9954,0.0496,-1.0282,-2.4931,0.1496,-1.0282,1.0391,0.0,0.0,8.1328,2.170175790786743,1.7282581329345703,30.15,0,1,180,1.753,0.4461,1.0,0.3464,0.1338,0.3,0.1385,0.5724,0.5975
108.001,2,RETURN_HOME,6.6827,4.5891,-1.9947,0.0464,-1.0234,-2.4985,0.1464,-1.0234,1.0338,0.0,0.0,8.1066,2.132826328277588,1.6988160610198975,29.9,0,1,180,1.794,0.4436,1.0,0.3446,0.1331,0.3,0.1378,0.5709,0.5849
108.051,2,RETURN_HOME,6.6811,4.5389,-1.9924,0.0421,-1.0192,-2.5039,0.1421,-1.0192,1.0291,0.0,0.0,8.0771,2.0955095291137695,1.6690788269042969,29.65,0,1,180,2.013,0.4423,1.0,0.343,0.1327,0.3,0.1372,0.5699,0.5767
108.101,2,RETURN_HOME,6.6802,4.4973,-1.9907,0.0407,-1.0174,-2.5085,0.1407,-1.0174,1.0271,0.0,0.0,8.053,2.0143322944641113,1.6056329011917114,29.15,0,1,180,1.669,0.4396,1.0,0.3424,0.1319,0.3,0.1369,0.5688,0.5716
108.151,2,RETURN_HOME,6.6788,4.4475,-1.9891,0.0412,-1.0173,-2.5138,0.1412,-1.0173,1.0271,0.0,0.0,8.0241,1.97664475440979,1.5800185203552246,28.65,0,1,180,1.618,0.4346,1.0,0.3424,0.1304,0.3,0.1369,0.5673,0.5752
108.201,2,RETURN_HOME,6.6756,4.3973,-1.9884,0.0427,-1.0193,-2.5189,0.1427,-1.0193,1.0292,0.0,0.0,7.9937,1.8997700214385986,1.5202178955078125,28.15,0,1,180,1.585,0.429,1.0,0.3431,0.1287,0.3,0.1372,0.5659,0.5583
108.251,2,RETURN_HOME,6.6732,4.3471,-1.9878,0.0456,-1.0221,-2.5238,0.1456,-1.0221,1.0324,0.0,0.0,7.9642,1.8550063371658325,1.490655779838562,27.4,0,1,180,1.707,0.4222,1.0,0.3441,0.1267,0.3,0.1377,0.5643,0.5626
108.301,2,RETURN_HOME,6.6725,4.2992,-1.9874,0.0495,-1.0239,-2.5286,0.1495,-1.0239,1.0347,0.0,0.0,7.9376,1.8159617185592651,1.4570835828781128,27.15,0,1,180,1.638,0.4145,1.0,0.3449,0.1243,0.3,0.138,0.5623,0.5684
108.351,2,RETURN_HOME,6.6727,4.26,-1.987,0.0531,-1.0248,-2.5327,0.1531,-1.0248,1.0361,0.0,0.0,7.9166,1.7373087406158447,1.4039136171340942,26.15,0,1,180,1.651,0.4077,1.0,0.3454,0.1223,0.3,0.1382,0.5604,0.56
108.401,2,RETURN_HOME,6.6735,4.2125,-1.9867,0.0574,-1.0258,-2.5376,0.1574,-1.0258,1.0378,0.0,0.0,7.8918,1.6912949085235596,1.3733056783676147,25.65,0,1,180,1.612,0.3994,1.0,0.3459,0.1198,0.3,0.1384,0.5582,0.561
108.451,2,RETURN_HOME,6.6766,4.1648,-1.9845,0.0624,-1.0269,-2.5425,0.1624,-1.0269,1.0396,0.0,0.0,7.8691,1.6091727018356323,1.3188203573226929,24.4,0,1,180,1.656,0.3903,1.0,0.3465,0.1171,0.3,0.1386,0.5557,0.5572
108.501,2,RETURN_HOME,6.6802,4.1169,-1.9823,0.0673,-1.0279,-2.5475,0.1673,-1.0279,1.0414,0.0,0.0,7.8469,1.5689091682434082,1.2925646305084229,23.9,0,1,180,1.524,0.3811,1.0,0.3471,0.1143,0.3,0.1389,0.5532,0.5561
108.552,2,RETURN_HOME,6.6835,4.0689,-1.9816,0.0717,-1.0289,-2.5523,0.1717,-1.0289,1.0431,0.0,0.0,7.8246,1.5225151777267456,1.2612004280090332,22.9,0,1,180,2.262,0.3723,1.0,0.3477,0.1117,0.3,0.1391,0.5508,0.5652
108.601,2,RETURN_HOME,6.6842,4.0296,-1.986,0.0745,-1.0294,-2.5562,0.1745,-1.0294,1.0441,0.0,0.0,7.8049,1.4367493391036987,1.2101846933364868,21.39,0,1,180,1.771,0.3659,1.0,0.348,0.1098,0.3,0.1392,0.549,0.5546
108.651,2,RETURN_HOME,6.6856,3.9821,-1.9907,0.078,-1.0301,-2.5608,0.178,-1.0301,1.0453,0.0,0.0,7.7816,1.394325852394104,1.1858469247817993,20.64,0,1,180,1.727,0.358,1.0,0.3484,0.1074,0.3,0.1394,0.5468,0.5485
108.701,2,RETURN_HOME,6.6873,3.9424,-1.9944,0.081,-1.0307,-2.5647,0.081,-0.9307,0.9342,0.0,0.0,7.7629,1.347135305404663,1.1576015949249268,19.64,0,1,180,1.744,0.4313,0.9717,0.3114,0.1294,0.2915,0.1246,0.5455,0.4798
108.751,2,RETURN_HOME,6.6902,3.8947,-1.9985,0.085,-1.0315,-2.5694,0.085,-0.9315,0.9354,0.0,0.0,7.7413,1.2594459056854248,1.1066808700561523,17.89,0,1,180,1.925,0.4225,0.9544,0.3118,0.1267,0.2863,0.1247,0.5378,0.4773
108.801,2,RETURN_HOME,6.6935,3.8466,-2.0019,0.0895,-1.0327,-2.5741,0.0895,-0.9327,0.937,0.0,0.0,7.72,1.216774821281433,1.083569884300232,16.89,0,1,180,1.536,0.4132,0.9664,0.3123,0.124,0.2899,0.1249,0.5388,0.4832
108.851,2,RETURN_HOME,6.6979,3.8058,-2.0057,0.0924,-1.0327,-2.5781,0.0924,-0.9327,0.9373,0.0,0.0,7.7036,1.1233022212982178,1.0365601778030396,14.39,0,1,180,1.667,0.4059,0.9701,0.3124,0.1218,0.291,0.125,0.5378,0.485
108.901,2,RETURN_HOME,6.7044,3.7563,-2.0107,0.0942,-1.0307,-2.583,0.0942,-0.9307,0.9354,0.0,0.0,7.6849,1.080668330192566,1.0121588706970215,13.39,0,1,180,1.507,0.3984,0.9735,0.3118,0.1195,0.292,0.1247,0.5363,0.4843
108.951,2,RETURN_HOME,6.7106,3.7069,-2.0146,0.0939,-1.0264,-2.5881,0.0939,-0.9264,0.9311,0.0,0.0,7.6663,1.0318230390548706,0.9957969188690186,12.14,0,1,180,1.758,0.3927,0.9848,0.3104,0.1178,0.2954,0.1242,0.5374,0.4896
109.001,2,RETURN_HOME,6.7183,3.6566,-2.0138,0.0933,-1.0219,-2.5933,0.0933,-0.9219,0.9266,0.0,0.0,7.6489,0.9488579630851746,0.9488579630851746,9.13,0,1,180,1.591,0.3872,0.9722,0.3089,0.1162,0.2917,0.1236,0.5314,0.4831
109.051,2,RETURN_HOME,6.7255,3.6067,-2.0127,0.0918,-1.0166,-2.5987,0.0918,-0.9166,0.9212,0.0,0.0,7.6316,0.932337760925293,0.932337760925293,7.63,0,1,180,1.622,0.3824,0.9714,0.3071,0.1147,0.2914,0.1228,0.529,0.4851
109.101,2,RETURN_HOME,6.7314,3.5579,-2.0091,0.0899,-1.0108,-2.6043,0.0899,-0.9108,0.9152,0.0,0.0,7.6138,0.8966303467750549,0.8966303467750549,4.38,0,1,180,1.876,0.3782,0.9627,0.3051,0.1135,0.2888,0.122,0.5243,0.4838
109.151,2,RETURN_HOME,6.7351,3.5107,-2.0015,0.0874,-1.0045,-2.61,0.0874,-0.9045,0.9087,0.0,0.0,7.5952,0.8793123364448547,0.8793123364448547,2.88,0,1,180,1.859,0.3748,0.9656,0.3029,0.1124,0.2897,0.1212,0.5233,0.4791
109.201,2,RETURN_HOME,6.7383,3.4715,-1.9959,0.0854,-0.9993,-2.6147,0.0854,-0.8993,0.9034,0.0,0.0,7.5799,0.865603506565094,0.865603506565094,1.13,0,1,180,1.583,0.3719,0.9681,0.3011,0.1116,0.2904,0.1205,0.5224,0.4783
109.251,2,RETURN_HOME,6.7425,3.4241,-1.9895,0.0834,-0.9935,-2.6205,-0.0166,-0.8935,0.8936,0.0,0.0,7.5621,0.8370264172554016,0.8370264172554016,-2.38,0,1,180,1.857,0.4693,0.8646,0.2979,0.1408,0.2594,0.1191,0.5193,0.4337
109.301,2,RETURN_HOME,6.7463,3.3845,-1.9844,0.082,-0.9887,-2.6254,-0.018,-0.8887,0.8889,0.0,0.0,7.5477,0.823181688785553,0.823181688785553,-4.13,0,1,180,1.779,0.4664,0.8709,0.2963,0.1399,0.2613,0.1185,0.5197,0.4355
109.351,2,RETURN_HOME,6.7507,3.3372,-1.9794,0.0806,-0.9831,-2.6312,-0.0194,-0.8831,0.8833,0.0,0.0,7.5305,0.8011482954025269,0.8011482954025269,-7.88,0,1,180,1.624,0.4627,0.8773,0.2944,0.1388,0.2632,0.1178,0.5198,0.4398
109.401,2,RETURN_HOME,6.7555,3.2924,-1.9746,0.0766,-0.9769,-2.637,-0.0234,-0.8769,0.8772,0.0,0.0,7.5151,0.7916843891143799,0.7916843891143799,-10.13,0,1,180,1.622,0.4619,0.8855,0.2924,0.1386,0.2656,0.117,0.5212,0.4419
109.451,2,RETURN_HOME,6.76,3.248,-1.9706,0.0701,-0.9705,-2.6429,-0.1299,-0.8705,0.8802,0.0,0.0,7.4998,0.7938805818557739,0.7771136164665222,-14.14,0,1,180,1.598,0.5614,0.7811,0.3294,0.1684,0.2343,0.1318,0.5345,0.3915
109.501,2,RETURN_HOME,6.7633,3.2037,-1.9672,0.0618,-0.9641,-2.6487,-0.1382,-0.8641,0.875,0.0,0.0,7.4837,0.7963993549346924,0.7738344669342041,-15.39,0,1,180,1.54,0.5654,0.7876,0.3299,0.1696,0.2363,0.1319,0.5379,0.3953
109.551,2,RETURN_HOME,6.7629,3.1601,-1.9637,0.0513,-0.9573,-2.6545,-0.1487,-0.8573,0.8701,0.0,0.0,7.4648,0.7974518537521362,0.7677225470542908,-18.39,0,1,180,1.611,0.572,0.8012,0.3318,0.1716,0.2404,0.1327,0.5447,0.4017
109.601,2,RETURN_HOME,6.7624,3.1165,-1.961,0.0377,-0.9507,-2.6602,-0.1623,-0.8507,0.866,0.0,0.0,7.446,0.7987111210823059,0.7613193988800049,-22.4,0,1,180,1.508,0.5813,0.8175,0.3356,0.1744,0.2452,0.1342,0.5539,0.402
109.651,2,RETURN_HOME,6.759,3.0739,-1.9599,0.021,-0.9434,-2.6659,-0.179,-0.8434,0.8622,0.0,0.0,7.4251,11.487532615661621,0.7603650093078613,-24.4,0,1,180,1.653,0.5939,0.8175,0.3414,0.1782,0.2453,0.1366,0.56,0.3996
109.701,2,RETURN_HOME,6.754,3.0392,-1.9599,0.0055,-0.9368,-2.6708,-0.1945,-0.8368,0.8591,0.0,0.0,7.4063,11.508814811706543,0.7595192790031433,-27.9,0,1,180,1.438,0.6062,0.8247,0.3472,0.1819,0.2474,0.1389,0.5681,0.4081
109.751,2,RETURN_HOME,6.748,2.9973,-1.9602,-0.0133,-0.929,-2.6765,-0.2133,-0.829,0.856,0.0,0.0,7.3838,11.522513389587402,0.7594068646430969,-26.65,0,1,180,1.647,0.6209,0.8198,0.3543,0.1863,0.2459,0.1417,0.5739,0.4067
109.801,2,RETURN_HOME,6.7424,2.9536,-1.9541,-0.0315,-0.9222,-2.6823,-0.2315,-0.8222,0.8541,0.0,0.0,7.3609,11.533489227294922,0.75981205701828,-26.4,0,1,180,1.677,0.6345,0.8171,0.3613,0.1904,0.2451,0.1445,0.58,0.4063
109.851,2,RETURN_HOME,6.7365,2.9098,-1.9479,-0.0493,-0.9156,-2.6881,-0.2493,-0.8156,0.8529,0.0,0.0,7.3381,11.562034606933594,0.7583473920822144,-26.65,0,1,180,1.644,0.6476,0.8292,0.3682,0.1943,0.2488,0.1473,0.5903,0.4185
109.901,2,RETURN_HOME,6.7312,2.8658,-1.9429,-0.0665,-0.9094,-2.6939,-0.2665,-0.8094,0.8521,0.0,0.0,7.3159,11.577067375183105,0.7568106055259705,-24.9,0,1,180,1.645,0.6598,0.8422,0.3748,0.1979,0.2527,0.1499,0.6005,0.4241
109.951,2,RETURN_HOME,6.7292,2.8198,-1.9384,-0.0821,-0.9043,-2.6997,-0.2821,-0.8043,0.8524,0.0,0.0,7.2962,11.602439880371094,0.7545934915542603,-29.15,0,1,180,1.678,0.6699,0.8544,0.3807,0.201,0.2563,0.1523,0.6096,0.427
110.001,2,RETURN_HOME,6.7268,2.7819,-1.9355,-0.0952,-0.9,-2.7045,-0.2952,-0.8,0.8527,0.0,0.0,7.2794,11.618328094482422,0.7540149688720703,-30.65,0,1,180,1.613,0.6784,0.8762,0.3857,0.2035,0.2629,0.1543,0.6207,0.4347
110.051,2,RETURN_HOME,6.7204,2.7372,-1.9329,-0.1122,-0.8945,-2.7103,-0.3122,-0.7945,0.8537,0.0,0.0,7.2564,11.633586883544922,0.7551451921463013,-32.91,0,1,180,1.876,0.6898,0.8831,0.3926,0.2069,0.2649,0.157,0.6289,0.4373
110.101,2,RETURN_HOME,6.7109,2.6932,-1.9311,-0.1306,-0.8887,-2.716,-0.3306,-0.8887,0.9482,0.0,0.0,7.2311,11.662040710449219,0.7595045566558838,-36.66,0,1,180,1.681,0.6726,0.943,0.4252,0.2018,0.2829,0.1701,0.6548,0.4616
110.152,2,RETURN_HOME,6.7026,2.6568,-1.9303,-0.1458,-0.8834,-2.7207,-0.3458,-0.8834,0.9487,0.0,0.0,7.21,11.677987098693848,0.7605232000350952,-38.66,0,1,180,2.165,0.682,0.9528,0.4313,0.2046,0.2858,0.1725,0.663,0.4658
110.201,2,RETURN_HOME,6.6902,2.6149,-1.9299,-0.1645,-0.8761,-2.7264,-0.3645,-0.8761,0.9489,0.0,0.0,7.1831,11.691040992736816,0.7638247013092041,-40.41,0,1,180,1.629,0.6939,0.9607,0.4389,0.2082,0.2882,0.1756,0.6719,0.4692
110.251,2,RETURN_HOME,6.6788,2.5807,-1.9301,-0.1804,-0.8715,-2.731,-0.3804,-0.8715,0.9508,0.0,0.0,7.16,11.725276947021484,0.7732195258140564,-44.42,0,1,180,1.643,0.7035,1.0,0.4459,0.211,0.3,0.1784,0.6894,0.4941
110.301,2,RETURN_HOME,6.665,2.5397,-1.9308,-0.1989,-0.8684,-2.7365,-0.3989,-0.7684,0.8657,0.0,0.0,7.1325,11.741926193237305,0.7795727849006653,-46.17,0,1,180,1.597,0.7466,1.0,0.4309,0.224,0.3,0.1724,0.6964,0.4891
110.351,2,RETURN_HOME,6.6524,2.4982,-1.9347,-0.2164,-0.8673,-2.7418,-0.4164,-0.6673,0.7866,0.0,0.0,7.1061,11.776832580566406,0.7914000749588013,-49.92,0,1,180,1.595,0.7938,1.0,0.4163,0.2382,0.3,0.1665,0.7047,0.4972
110.402,2,RETURN_HOME,6.6419,2.4636,-1.9384,-0.2305,-0.8676,-2.7461,-0.4305,-0.6676,0.7944,0.0,0.0,7.084,11.793695449829102,0.8001044392585754,-51.92,0,1,180,1.808,0.8004,1.0,0.4239,0.2401,0.3,0.1695,0.7097,0.5123
110.451,2,RETURN_HOME,6.629,2.4219,-1.9426,-0.2469,-0.8667,-2.751,-0.4469,-0.6667,0.8026,0.0,0.0,7.0576,11.806086540222168,0.8062544465065002,-53.67,0,1,180,1.918,0.8081,1.0,0.4324,0.2424,0.3,0.173,0.7154,0.5236
110.501,2,RETURN_HOME,6.6171,2.3796,-1.9461,-0.2625,-0.8615,-2.7557,-0.4625,-0.6615,0.8072,0.0,0.0,7.0319,11.826444625854492,0.8252895474433899,-56.93,0,1,180,1.601,0.8166,1.0,0.4394,0.245,0.3,0.1758,0.7207,0.5415
110.551,2,RETURN_HOME,6.6065,2.3447,-1.9489,-0.2757,-0.8536,-2.7598,-0.4757,-0.6536,0.8083,0.0,0.0,7.0103,11.834918975830078,0.8368501663208008,-58.93,0,1,180,1.615,0.825,1.0,0.4446,0.2475,0.3,0.1778,0.7253,0.5564
110.601,2,RETURN_HOME,6.5938,2.3028,-1.9506,-0.2916,-0.8411,-2.7647,-0.4916,-0.6411,0.8079,0.0,0.0,6.9844,11.845057487487793,0.848179280757904,-60.43,0,1,180,1.809,0.8361,1.0,0.4503,0.2508,0.3,0.1801,0.731,0.571
110.651,2,RETURN_HOME,6.5837,2.2675,-1.9497,-0.3048,-0.8297,-2.769,-0.5048,-0.6297,0.8071,0.0,0.0,6.9632,11.87148380279541,0.867453932762146,-63.68,0,1,180,1.757,0.8455,1.0,0.4549,0.2537,0.3,0.182,0.7356,0.5996
110.701,2,RETURN_HOME,6.5705,2.226,-1.9491,-0.3212,-0.815,-2.7741,-0.5212,-0.615,0.8061,0.0,0.0,6.9373,11.887235641479492,0.8793797492980957,-65.44,0,1,180,1.604,0.8571,1.0,0.4606,0.2571,0.3,0.1843,0.7414,0.615
110.751,2,RETURN_HOME,6.557,2.1853,-1.9496,-0.3377,-0.8003,-2.7793,-0.5377,-0.6003,0.8059,0.0,0.0,6.9115,11.922221183776855,0.9049972295761108,-68.19,0,1,180,1.64,0.8685,1.0,0.4666,0.2605,0.3,0.1866,0.7472,0.6407
110.801,2,RETURN_HOME,6.543,2.1453,-1.951,-0.3543,-0.7859,-2.7846,-0.5543,-0.5859,0.8066,0.0,0.0,6.8857,11.940964698791504,0.9178968667984009,-69.69,0,1,180,1.495,0.8794,1.0,0.4729,0.2638,0.3,0.1891,0.753,0.6518
110.852,2,RETURN_HOME,6.5278,2.1063,-1.9526,-0.3712,-0.7718,-2.7897,-0.5712,-0.5718,0.8083,0.0,0.0,6.8592,11.963812828063965,0.9289864301681519,-71.19,0,1,180,1.737,0.8899,1.0,0.4795,0.267,0.3,0.1918,0.7588,0.6631
110.901,2,RETURN_HOME,6.5125,2.0731,-1.9536,-0.3861,-0.7611,-2.7939,-0.5861,-0.5611,0.8114,0.0,0.0,6.8345,12.00442886352539,0.9568821787834167,-73.44,0,1,180,1.607,0.8981,1.0,0.4858,0.2694,0.3,0.1943,0.7637,0.6935
110.951,2,RETURN_HOME,6.4902,2.0278,-1.9554,-0.4068,-0.7461,-2.7998,-0.6068,-0.5461,0.8163,0.0,0.0,6.7996,12.028775215148926,0.969063937664032,-74.69,0,1,180,1.689,0.909,1.0,0.4947,0.2727,0.3,0.1979,0.7706,0.7102
111.001,2,RETURN_HOME,6.473,1.9969,-1.9558,-0.4216,-0.7349,-2.804,-0.6216,-0.5349,0.8201,0.0,0.0,6.7741,12.076945304870605,0.9968369007110596,-77.45,0,1,180,1.715,0.9166,1.0,0.5011,0.275,0.3,0.2004,0.7754,0.7376
111.051,2,RETURN_HOME,6.4494,1.9635,-1.952,-0.4395,-0.7201,-2.809,-0.6395,-0.5201,0.8243,0.0,0.0,6.7416,12.100969314575195,1.0079859495162964,-78.7,0,1,180,1.66,0.9259,1.0,0.5088,0.2778,0.3,0.2035,0.7813,0.7494
111.101,2,RETURN_HOME,6.4253,1.9306,-1.9492,-0.4573,-0.7052,-2.814,-0.6573,-0.5052,0.829,0.0,0.0,6.7091,12.125792503356934,1.0231820344924927,-79.7,0,1,180,1.499,0.9347,1.0,0.5166,0.2804,0.3,0.2066,0.787,0.7604
111.151,2,RETURN_HOME,6.4002,1.8981,-1.9511,-0.4756,-0.6903,-2.819,-0.6756,-0.4903,0.8348,0.0,0.0,6.6757,12.180233001708984,1.0510464906692505,-81.95,0,1,180,1.676,0.9429,1.0,0.5247,0.2829,0.3,0.2099,0.7928,0.7952
111.201,2,RETURN_HOME,6.3786,1.8714,-1.9543,-0.4909,-0.678,-2.823,-0.6909,-0.478,0.8402,0.0,0.0,6.6474,12.206799507141113,1.062971591949463,-82.95,0,1,180,1.688,0.9493,1.0,0.5317,0.2848,0.3,0.2127,0.7975,0.8064
111.251,2,RETURN_HOME,6.3523,1.8398,-1.9581,-0.5091,-0.6633,-2.8278,-0.7091,-0.4633,0.8471,0.0,0.0,6.6133,12.263106346130371,1.0943758487701416,-85.2,0,1,180,1.66,0.9563,1.0,0.54,0.2869,0.3,0.216,0.8029,0.8398
111.301,2,RETURN_HOME,6.3253,1.8085,-1.9652,-0.5275,-0.6492,-2.8325,-0.7275,-0.4492,0.855,0.0,0.0,6.5787,12.290282249450684,1.107649803161621,-86.2,0,1,180,1.57,0.9625,1.0,0.5487,0.2888,0.3,0.2195,0.8082,0.8519
111.352,2,RETURN_HOME,6.2977,1.7777,-1.9723,-0.5456,-0.6352,-2.8371,-0.7456,-0.4352,0.8634,0.0,0.0,6.5438,12.32066535949707,1.120439887046814,-87.21,0,1,180,1.792,0.9681,1.0,0.5572,0.2904,0.3,0.2229,0.8133,0.863
111.401,2,RETURN_HOME,6.2704,1.7476,-1.9779,-0.5632,-0.6212,-2.8416,-0.7632,-0.4212,0.8717,0.0,0.0,6.5094,12.379902839660645,1.1498521566390991,-89.21,0,1,180,1.612,0.9731,1.0,0.5655,0.2919,0.3,0.2262,0.8181,0.8968
111.451,2,RETURN_HOME,6.2466,1.7181,-1.9797,-0.5793,-0.6067,-2.8461,-0.7793,-0.4067,0.879,0.0,0.0,6.4785,12.407424926757812,1.1630966663360596,-90.21,0,1,180,1.893,0.9775,1.0,0.5728,0.2932,0.3,0.2291,0.8224,0.9086
111.501,2,RETURN_HOME,6.2257,1.6941,-1.981,-0.5929,-0.5945,-2.8497,-0.7929,-0.4945,0.9345,0.0,0.0,6.4521,12.462722778320312,1.190089464187622,-92.21,0,1,180,1.841,0.9577,1.0,0.5966,0.2873,0.3,0.2387,0.826,0.9627
111.551,2,RETURN_HOME,6.2025,1.667,-1.9832,-0.6086,-0.5789,-2.8539,-0.8086,-0.4789,0.9398,0.0,0.0,6.4226,12.489645957946777,1.2069344520568848,-93.21,0,1,180,1.791,0.9632,1.0,0.6034,0.289,0.3,0.2414,0.8303,0.9757
111.602,2,RETURN_HOME,6.1843,1.6458,-1.9856,-0.6212,-0.5653,-2.8574,-0.8212,-0.4653,0.9439,0.0,0.0,6.3995,12.516469955444336,1.2195889949798584,-94.21,0,1,180,1.738,0.9676,1.0,0.6088,0.2903,0.3,0.2435,0.8338,0.9915
111.651,2,RETURN_HOME,6.1566,1.6167,-1.9886,-0.6398,-0.5491,-2.8621,-0.8398,-0.4491,0.9524,0.0,0.0,6.3654,12.571798324584961,1.2472035884857178,-95.96,0,1,180,1.678,0.9727,1.0,0.6176,0.2918,0.3,0.247,0.8388,1.0218
111.701,2,RETURN_HOME,6.1368,1.5978,-1.9907,-0.6531,-0.5389,-2.8653,-0.8531,-0.4389,0.9594,0.0,0.0,6.3414,12.60145092010498,1.264805555343628,-96.46,0,1,180,1.765,0.9758,1.0,0.6241,0.2927,0.3,0.2496,0.8424,1.0371
111.751,2,RETURN_HOME,6.1117,1.5756,-1.9931,-0.6693,-0.5283,-2.8689,-0.8693,-0.5283,1.0173,0.0,0.0,6.3115,12.656210899353027,1.295159935951233,-98.47,0,1,180,1.734,0.9572,1.0,0.6491,0.2871,0.3,0.2596,0.8468,1.0893
111.801,2,RETURN_HOME,6.0849,1.5534,-1.9952,-0.6861,-0.5188,-2.8725,-0.8861,-0.5188,1.0268,0.0,0.0,6.28,12.680150032043457,1.308179259300232,-99.72,0,1,180,1.609,0.9611,1.0,0.6579,0.2883,0.3,0.2632,0.8515,1.1021
111.851,2,RETURN_HOME,6.0642,1.5383,-2.0007,-0.699,-0.5099,-2.8754,-0.899,-0.5099,1.0336,0.0,0.0,6.2563,12.704931259155273,1.3241026401519775,-100.47,0,1,180,1.952,0.9644,1.0,0.6645,0.2893,0.3,0.2658,0.8551,1.1222
111.901,2,RETURN_HOME,6.0376,1.5196,-2.0066,-0.7151,-0.5019,-2.8788,-0.9151,-0.5019,1.0436,0.0,0.0,6.2259,12.748888969421387,1.354056715965271,-101.97,0,1,180,1.605,0.9676,1.0,0.6733,0.2903,0.3,0.2693,0.8596,1.1545
111.951,2,RETURN_HOME,6.0099,1.5004,-2.0144,-0.7314,-0.4966,-2.882,-0.9314,-0.4966,1.0555,0.0,0.0,6.1944,12.770430564880371,1.3709077835083008,-102.72,0,1,180,1.718,0.9701,1.0,0.6826,0.291,0.3,0.2731,0.8641,1.1692
112.001,2,RETURN_HOME,5.9866,1.4838,-2.0244,-0.7451,-0.4939,-2.8845,-0.9451,-0.4939,1.0664,0.0,0.0,6.1677,12.809710502624512,1.404129147529602,-104.47,0,1,180,1.653,0.9717,1.0,0.6908,0.2915,0.3,0.2763,0.8678,1.2052
112.051,2,RETURN_HOME,5.9569,1.4635,-2.0347,-0.7617,-0.4916,-2.8874,-0.9617,-0.5916,1.1292,0.0,0.0,6.134,12.822876930236816,1.4205440282821655,-104.97,0,1,180,1.622,0.9522,1.0,0.7168,0.2856,0.3,0.2867,0.8723,1.2412
112.101,2,RETURN_HOME,5.9251,1.4423,-2.0436,-0.7788,-0.49,-2.8899,-0.9788,-0.59,1.1429,0.0,0.0,6.0981,12.835885047912598,1.4360452890396118,-104.22,0,1,180,1.737,0.9542,1.0,0.7271,0.2863,0.3,0.2908,0.8771,1.2565
112.151,2,RETURN_HOME,5.8914,1.4204,-2.0512,-0.7964,-0.4889,-2.8923,-0.9964,-0.5889,1.1574,0.0,0.0,6.0602,12.852506637573242,1.4716869592666626,-103.97,0,1,180,1.673,0.9562,1.0,0.7378,0.2868,0.3,0.2951,0.882,1.2919
112.201,2,RETURN_HOME,5.8563,1.3983,-2.0571,-0.8142,-0.4898,-2.8947,-1.0142,-0.5898,1.1732,0.0,0.0,6.0209,12.86308765411377,1.488256573677063,-105.47,0,1,180,1.561,0.9576,1.0,0.749,0.2873,0.3,0.2996,0.8869,1.3082
112.251,2,RETURN_HOME,5.826,1.3814,-2.0609,-0.8294,-0.4915,-2.8965,-1.0294,-0.5915,1.1872,0.0,0.0,5.9876,12.875408172607422,1.5239499807357788,-104.47,0,1,180,1.823,0.9586,1.0,0.7587,0.2876,0.3,0.3035,0.8911,1.3418
112.301,2,RETURN_HOME,5.7885,1.3606,-2.0642,-0.8478,-0.4951,-2.8987,-1.0478,-0.5951,1.205,0.0,0.0,5.9462,12.880373001098633,1.540706992149353,-104.47,0,1,180,1.679,0.9595,1.0,0.7708,0.2878,0.3,0.3083,0.8961,1.3619
112.351,2,RETURN_HOME,5.7491,1.3395,-2.0668,-0.8665,-0.4996,-2.9008,-1.0665,-0.5996,1.2235,0.0,0.0,5.9031,12.87850570678711,1.5739250183105469,-103.97,0,1,180,1.668,0.9601,1.0,0.7831,0.288,0.3,0.3133,0.9013,1.3971
112.401,2,RETURN_HOME,5.7066,1.3192,-2.0712,-0.8861,-0.504,-2.9027,-1.0861,-0.604,1.2428,0.0,0.0,5.8571,12.875732421875,1.5919162034988403,-104.47,0,1,180,1.708,0.961,1.0,0.7962,0.2883,0.3,0.3185,0.9068,1.4158
112.451,2,RETURN_HOME,5.6631,1.298,-2.0743,-0.9057,-0.5087,-2.9046,-1.1057,-0.6087,1.2622,0.0,0.0,5.8099,12.870831489562988,1.6113770008087158,-104.72,0,1,180,1.686,0.9616,1.0,0.8092,0.2885,0.3,0.3237,0.9122,1.4346
112.501,2,RETURN_HOME,5.6167,1.2753,-2.0762,-0.9258,-0.5137,-2.9064,-1.1258,-0.6137,1.2822,0.0,0.0,5.7597,12.855060577392578,1.6441293954849243,-105.22,0,1,180,1.507,0.9622,1.0,0.8225,0.2887,0.3,0.329,0.9177,1.4708
112.551,2,RETURN_HOME,5.5678,1.2513,-2.077,-0.9463,-0.5191,-2.908,-1.1463,-0.6191,1.3028,0.0,0.0,5.7067,12.844059944152832,1.6651071310043335,-102.97,0,1,180,1.626,0.9627,1.0,0.8361,0.2888,0.3,0.3344,0.9232,1.4906
112.601,2,RETURN_HOME,5.5267,1.2309,-2.077,-0.9632,-0.5235,-2.9094,-1.1632,-0.6235,1.3198,0.0,0.0,5.6622,12.833880424499512,1.68258798122406,-103.47,0,1,180,1.497,0.963,1.0,0.8473,0.2889,0.3,0.3389,0.9278,1.5089
112.651,2,RETURN_HOME,5.4753,1.2048,-2.0758,-0.9837,-0.5292,-2.911,-1.1837,-0.4292,1.2592,0.0,0.0,5.6062,12.809216499328613,1.7176259756088257,-101.97,0,1,180,1.551,0.9914,1.0,0.8322,0.2974,0.3,0.3329,9980.5007,1.5072
112.701,2,RETURN_HOME,5.4231,1.1782,-2.0741,-1.0043,-0.5355,-2.9127,-1.2043,-0.4355,1.2806,0.0,0.0,5.5496,12.794776916503906,1.7377756834030151,-104.97,0,1,180,1.603,0.9912,1.0,0.8462,0.2973,0.3,0.3385,9981.6323,1.5282
112.751,2,RETURN_HOME,5.3703,1.1513,-2.0714,-1.0248,-0.5415,-2.9141,-1.2248,-0.3415,1.2715,0.0,0.0,5.4923,12.76635456085205,1.773598313331604,-104.22,0,1,180,1.617,0.9982,1.0,0.8461,0.2994,0.3,0.3384,9982.7652,1.5452
112.801,2,RETURN_HOME,5.3156,1.124,-2.0662,-1.0457,-0.5432,-2.9153,-1.2457,-0.3432,1.2921,0.0,0.0,5.4331,12.744867324829102,1.7918983697891235,-103.72,0,1,180,1.521,0.9982,1.0,0.8598,0.2995,0.3,0.3439,9983.9799,1.5628
112.851,2,RETURN_HOME,5.2605,1.0969,-2.0613,-1.0665,-0.5397,-2.9166,-1.2665,-0.3397,1.3113,0.0,0.0,5.3737,12.698821067810059,1.8299076557159424,-103.97,0,1,180,1.653,0.9984,1.0,0.8728,0.2995,0.3,0.3491,9985.1797,1.601
112.901,2,RETURN_HOME,5.2056,1.0691,-2.0562,-1.0869,-0.5311,-2.918,-1.2869,-0.3311,1.3288,0.0,0.0,5.3142,12.678878784179688,1.8493033647537231,-101.22,0,1,180,1.644,0.9988,1.0,0.8848,0.2996,0.3,0.3539,9986.3574,1.6178
112.951,2,RETURN_HOME,5.1507,1.0409,-2.051,-1.107,-0.5186,-2.9198,-1.307,-0.3186,1.3453,0.0,0.0,5.2548,12.648107528686523,1.8871301412582397,-101.47,0,1,180,1.716,0.9992,1.0,0.8962,0.2998,0.3,0.3585,9987.5206,1.6528
113.001,2,RETURN_HOME,5.1044,1.0182,-2.0469,-1.124,-0.5061,-2.9214,-1.324,-0.3061,1.3589,0.0,0.0,5.2049,12.63998794555664,1.9033516645431519,-101.22,0,1,180,1.661,0.9995,1.0,0.9055,0.2999,0.3,0.3622,9988.4916,1.6664
113.051,2,RETURN_HOME,5.0467,0.988,-2.0408,-1.1449,-0.4914,-2.9235,-1.3449,-0.2914,1.3761,0.0,0.0,5.1425,12.636581420898438,1.9206466674804688,-102.72,0,1,180,1.97,0.9998,1.0,0.9172,0.2999,0.3,0.3669,9989.6921,1.6808
113.101,2,RETURN_HOME,4.9882,0.9587,-2.035,-1.1659,-0.4766,-2.9258,-1.3659,-0.2766,1.3937,0.0,0.0,5.0795,12.64367961883545,1.956642508506775,-103.72,0,1,180,1.611,1.0,1.0,0.9291,0.3,0.3,0.3716,9990.8966,1.7147
113.151,2,RETURN_HOME,4.929,0.9305,-2.0304,-1.187,-0.4619,-2.9283,-1.387,-0.3619,1.4335,0.0,0.0,5.0161,12.652398109436035,1.9733489751815796,-101.47,0,1,180,1.643,0.9976,1.0,0.9534,0.2993,0.3,0.3814,9992.0979,1.748
113.201,2,RETURN_HOME,4.8684,0.9023,-2.029,-1.2084,-0.448,-2.931,-1.4084,-0.348,1.4507,0.0,0.0,4.9513,12.678921699523926,2.004154682159424,-102.72,0,1,180,1.566,0.9983,1.0,0.9655,0.2995,0.3,0.3862,9993.3639,1.7767
113.251,2,RETURN_HOME,4.8174,0.88,-2.0279,-1.226,-0.4364,-2.9334,-1.426,-0.3364,1.4651,0.0,0.0,4.8971,12.696640968322754,2.020611524581909,-102.72,0,1,180,1.664,0.9987,1.0,0.9755,0.2996,0.3,0.3902,9994.4178,1.7908
113.301,2,RETURN_HOME,4.7537,0.8536,-2.0252,-1.2479,-0.4249,-2.9365,-1.4479,-0.3249,1.4839,0.0,0.0,4.8297,12.719361305236816,2.0370352268218994,-101.22,0,1,180,1.566,0.9991,1.0,0.9883,0.2997,0.3,0.3953,9995.7079,1.8047
113.351,2,RETURN_HOME,4.6876,0.8277,-2.0213,-1.2702,-0.4161,-2.9395,-1.4702,-0.2161,1.486,0.0,0.0,4.7601,12.769722938537598,2.065110683441162,-102.22,0,1,180,1.666,0.9996,1.0,0.9903,0.2999,0.3,0.3961,9996.6867,1.8085
113.401,2,RETURN_HOME,4.6212,0.8031,-2.0178,-1.2921,-0.4091,-2.9425,-1.3921,-0.3091,1.426,0.0,0.0,4.6905,12.80306339263916,2.079737663269043,-102.22,0,1,180,1.526,0.9989,1.0,0.9497,0.2997,0.3,0.3799,9995.3078,1.8457
113.451,2,RETURN_HOME,4.565,0.7825,-2.0186,-1.3105,-0.4041,-2.9449,-1.4,-0.3041,1.4327,0.0,0.0,4.6316,12.85932445526123,2.107106924057007,-102.22,0,1,180,1.608,0.999,1.0,0.9542,0.2997,0.3,0.3817,9996.0583,1.8691
113.501,2,RETURN_HOME,4.4971,0.7586,-2.0203,-1.3324,-0.3958,-2.948,-1.4,-0.2958,1.4309,0.0,0.0,4.5606,12.889394760131836,2.119854211807251,-101.97,0,1,180,1.699,0.9992,1.0,0.9531,0.2997,0.3,0.3813,9996.6926,1.8824
113.552,2,RETURN_HOME,4.4288,0.7358,-2.0218,-1.3512,-0.3867,-2.9512,-1.4,-0.2867,1.429,0.0,0.0,4.4895,12.92656135559082,2.13472318649292,-102.22,0,1,180,2.257,0.9993,1.0,0.952,0.2998,0.3,0.3808,9997.3257,1.8949
113.601,2,RETURN_HOME,4.3564,0.713,-2.0253,-1.3687,-0.378,-2.9546,-1.4,-0.278,1.4273,0.0,0.0,4.4144,13.004596710205078,2.160275459289551,-102.47,0,1,180,1.52,0.9994,1.0,0.951,0.2998,0.3,0.3804,9997.9503,1.9173
113.651,2,RETURN_HOME,4.2843,0.6912,-2.0281,-1.3832,-0.3696,-2.958,-1.4,-0.2696,1.4257,0.0,0.0,4.3397,13.046009063720703,2.17209529876709,-101.72,0,1,180,1.691,0.9995,1.0,0.95,0.2999,0.3,0.38,9998.4796,1.9263
113.701,2,RETURN_HOME,4.2239,0.6737,-2.0296,-1.3938,-0.3627,-2.9608,-1.4,-0.2627,1.4244,0.0,0.0,4.2773,13.141392707824707,2.1975021362304688,-101.97,0,1,180,1.594,0.9996,1.0,0.9493,0.2999,0.3,0.3797,9998.7557,1.9525
113.75,2,RETURN_HOME,4.151,0.6535,-2.03,-1.4049,-0.3544,-2.9641,-1.4,-0.2544,1.4229,0.0,0.0,4.2021,13.164003372192383,2.2077300548553467,-100.22,0,1,180,1.026,0.9997,1.0,0.9484,0.2999,0.3,0.3793,9998.7202,1.9629
113.8,2,RETURN_HOME,4.0783,0.6341,-2.03,-1.4145,-0.3462,-2.9673,-1.4,-0.2462,1.4215,0.0,0.0,4.1273,13.117860794067383,2.220339298248291,-101.22,0,1,180,1.036,0.9998,1.0,0.9475,0.2999,0.3,0.379,9998.3184,1.9737
113.85,2,RETURN_HOME,4.0198,0.6176,-2.032,-1.4206,-0.3397,-2.9699,-1.4,-0.2397,1.4204,0.0,0.0,4.0669,13.021954536437988,2.2432422637939453,-99.97,0,1,180,1.002,0.9999,1.0,0.9468,0.3,0.3,0.3787,9998.7884,1.994
113.9,2,RETURN_HOME,3.9508,0.5978,-2.0354,-1.4264,-0.3321,-2.9727,-1.4,-0.2321,1.4191,0.0,0.0,3.9958,12.97716236114502,2.2532198429107666,-100.47,0,1,180,1.095,0.9999,1.0,0.946,0.3,0.3,0.3784,9999.3154,2.0042
113.95,2,RETURN_HOME,3.8817,0.579,-2.0379,-1.4316,-0.3242,-2.9755,-1.4,-0.2242,1.4178,0.0,0.0,3.9247,12.931614875793457,2.2647905349731445,-100.22,0,1,180,1.093,0.9999,1.0,0.9452,0.3,0.3,0.3781,9999.2992,2.0135
114.0,2,RETURN_HOME,3.8231,0.564,-2.04,-1.4361,-0.3171,-2.9778,-1.4,-0.2171,1.4167,0.0,0.0,3.8645,12.833208084106445,2.2868709564208984,-99.72,0,1,180,0.993,1.0,1.0,0.9445,0.3,0.3,0.3778,9998.8532,2.033
114.05,2,RETURN_HOME,3.7525,0.5467,-2.042,-1.4413,-0.3083,-2.9806,-1.4,-0.2083,1.4154,0.0,0.0,3.7921,12.788446426391602,2.296877861022949,-98.22,0,1,180,1.022,1.0,1.0,0.9436,0.3,0.3,0.3774,9998.7895,2.0406
114.1,2,RETURN_HOME,3.6816,0.5309,-2.0428,-1.4461,-0.299,-2.9834,-1.4,-0.199,1.4141,0.0,0.0,3.7197,12.691031455993652,2.3160600662231445,-98.72,0,1,180,1.178,1.0,1.0,0.9427,0.3,0.3,0.3771,9999.4763,2.0607
114.15,2,RETURN_HOME,3.6097,0.5189,-2.0412,-1.4504,-0.2882,-2.9861,-1.3,-0.1882,1.3136,0.0,0.0,3.6468,12.645793914794922,2.3256521224975586,-99.97,0,1,180,1.029,1.0,1.0,0.8757,0.3,0.3,0.3503,9999.5,2.067
114.2,2,RETURN_HOME,3.55,0.509,-2.0397,-1.4539,-0.2794,-2.9883,-1.2,-0.1794,1.2133,0.0,0.0,3.5863,12.598868370056152,2.336038827896118,-99.22,0,1,180,1.059,1.0,1.0,0.8089,0.3,0.3,0.3236,9999.1344,2.0738
114.25,2,RETURN_HOME,3.4782,0.4987,-2.0377,-1.4581,-0.2685,-2.9909,-1.3,-0.1685,1.3109,0.0,0.0,3.5138,12.501203536987305,2.3538875579833984,-97.22,0,1,180,0.99,0.9999,1.0,0.8738,0.3,0.3,0.3495,9998.6566,2.091
114.3,2,RETURN_HOME,3.4061,0.4908,-2.0353,-1.4594,-0.2567,-2.9935,-1.2,-0.1567,1.2102,0.0,0.0,3.4413,12.453171730041504,2.363485813140869,-100.47,0,1,180,1.002,0.9999,1.0,0.8067,0.3,0.3,0.3227,9999.0152,2.0962
114.35,2,RETURN_HOME,3.3345,0.4828,-2.033,-1.455,-0.2454,-2.9959,-1.2,-0.1454,1.2088,0.0,0.0,3.3693,12.359528541564941,2.378683090209961,-97.72,0,1,180,1.022,0.9997,1.0,0.8056,0.2999,0.3,0.3223,9998.9095,2.1088
114.4,2,RETURN_HOME,3.2651,0.4746,-2.037,-1.4481,-0.235,-2.9979,-1.4,-0.235,1.4196,0.0,0.0,3.2994,12.308117866516113,2.3874073028564453,-99.72,0,1,180,1.068,0.9998,1.0,0.9462,0.2999,0.3,0.3785,9998.6163,2.1391
114.451,2,RETURN_HOME,3.2078,0.4677,-2.0406,-1.4395,-0.2265,-2.9994,-1.3,-0.2265,1.3196,0.0,0.0,3.2417,12.261858940124512,2.3962247371673584,-99.22,0,1,180,1.213,0.9996,1.0,0.8794,0.2999,0.3,0.3518,9998.6594,2.1437
114.5,2,RETURN_HOME,3.1282,0.4586,-2.0449,-1.4258,-0.2147,-3.0009,-1.4,-0.2147,1.4164,0.0,0.0,3.1616,12.17119312286377,2.410816192626953,-97.97,0,1,180,1.16,1.0,1.0,0.9442,0.3,0.3,0.3777,9999.4152,2.1563
114.55,2,RETURN_HOME,3.0717,0.4539,-2.048,-1.4196,-0.2078,-3.0017,-1.4,-0.2078,1.4153,0.0,0.0,3.105,12.119736671447754,2.4182403087615967,-98.47,0,1,180,1.058,1.0,1.0,0.9436,0.3,0.3,0.3774,9999.8255,2.1633
114.6,2,RETURN_HOME,3.0154,0.4489,-2.0504,-1.4152,-0.2027,-3.0023,-1.4,-0.2027,1.4146,0.0,0.0,3.0486,12.0282621383667,2.43302583694458,-98.22,0,1,180,1.009,1.0,1.0,0.9431,0.3,0.3,0.3772,9999.2675,2.1755
114.651,2,RETURN_HOME,2.9376,0.4422,-2.0522,-1.4138,-0.1977,-3.0028,-1.2,-0.1977,1.2162,0.0,0.0,2.9707,11.983430862426758,2.4396069049835205,-97.97,0,1,180,1.214,0.9999,1.0,0.8107,0.3,0.3,0.3243,9999.0556,2.18
114.701,2,RETURN_HOME,2.8835,0.4381,-2.0518,-1.415,-0.1949,-3.0028,-1.3,-0.1949,1.3145,0.0,0.0,2.9166,11.889311790466309,2.4541804790496826,-97.22,0,1,180,1.222,1.0,1.0,0.8763,0.3,0.3,0.3505,9999.5619,2.1946
114.75,2,RETURN_HOME,2.8181,0.4326,-2.0508,-1.4187,-0.1919,-3.0028,-1.4,-0.1919,1.4131,0.0,0.0,2.8511,11.845392227172852,2.4616425037384033,-99.47,0,1,180,1.003,0.9999,1.0,0.9419,0.3,0.3,0.3768,9999.3934,2.2016
114.8,2,RETURN_HOME,2.7546,0.4264,-2.05,-1.4165,-0.1891,-3.0026,-1.4,-0.1891,1.4127,0.0,0.0,2.7874,11.799582481384277,2.4673404693603516,-97.72,0,1,180,1.046,0.9998,1.0,0.9416,0.2999,0.3,0.3767,9999.2504,2.2072
114.85,2,RETURN_HOME,2.7023,0.4209,-2.0492,-1.4129,-0.1868,-3.0023,-1.2,-0.1868,1.2145,0.0,0.0,2.7349,11.703453063964844,2.4818966388702393,-97.22,0,1,180,1.02,1.0,1.0,0.8096,0.3,0.3,0.3239,9999.0887,2.2209
114.901,2,RETURN_HOME,2.639,0.4141,-2.0482,-1.4113,-0.1842,-3.0018,-1.2,-0.1842,1.2141,0.0,0.0,2.6713,11.65744400024414,2.4875752925872803,-97.47,0,1,180,1.172,1.0,1.0,0.8094,0.3,0.3,0.3237,9999.6522,2.2275
114.951,2,RETURN_HOME,2.5731,0.409,-2.0448,-1.4122,-0.1806,-3.0011,-1.3,-0.1806,1.3125,0.0,0.0,2.6054,11.613059997558594,2.4946441650390625,-97.72,0,1,180,1.329,0.9998,1.0,0.8748,0.2999,0.3,0.3499,9999.3122,2.2316
115.0,2,RETURN_HOME,2.5065,0.4039,-2.0411,-1.409,-0.1765,-3.0003,-1.4,-0.1765,1.4111,0.0,0.0,2.5389,11.517295837402344,2.50881290435791,-97.97,0,1,180,1.034,0.9994,1.0,0.9402,0.2998,0.3,0.3761,9999.1107,2.2458
115.05,2,RETURN_HOME,2.4512,0.3995,-2.0382,-1.4035,-0.1732,-2.9994,-1.2,-0.1732,1.2124,0.0,0.0,2.4835,11.471991539001465,2.5147619247436523,-98.47,0,1,180,1.057,0.9998,1.0,0.8082,0.3,0.3,0.3233,9999.0673,2.2506
115.101,2,RETURN_HOME,2.3852,0.3928,-2.0332,-1.397,-0.17,-2.9982,-1.1,-0.17,1.1131,0.0,0.0,2.4173,11.374342918395996,2.5286571979522705,-98.22,0,1,180,1.619,1.0,1.0,0.742,0.3,0.3,0.2968,9999.333,2.2627
115.151,2,RETURN_HOME,2.3192,0.386,-2.0286,-1.3954,-0.1673,-2.9968,-1.3,-0.1673,1.3107,0.0,0.0,2.3511,11.330843925476074,2.5347983837127686,-97.72,0,1,180,1.6,0.9993,1.0,0.8732,0.2998,0.3,0.3493,9999.0759,2.2702
115.201,2,RETURN_HOME,2.2514,0.3773,-2.0232,-1.3915,-0.1652,-2.9953,-1.4,-0.2652,1.4249,0.0,0.0,2.2828,11.285715103149414,2.5407915115356445,-98.47,0,1,180,1.701,0.9998,1.0,0.9497,0.2999,0.3,0.3799,9999.4275,2.2973
115.251,2,RETURN_HOME,2.1939,0.3688,-2.0183,-1.3847,-0.1638,-2.9939,-1.1,-0.1638,1.1121,0.0,0.0,2.2247,11.191305160522461,2.553912878036499,-99.47,0,1,180,1.627,0.9998,1.0,0.7413,0.2999,0.3,0.2965,9999.3827,2.2874
115.301,2,RETURN_HOME,2.1256,0.359,-2.0132,-1.3782,-0.1622,-2.9922,-1.3,-0.2622,1.3262,0.0,0.0,2.1557,11.14556884765625,2.5606162548065186,-98.97,0,1,180,1.586,0.9995,1.0,0.8837,0.2998,0.3,0.3535,9999.2029,2.3139
115.351,2,RETURN_HOME,2.0581,0.3503,-2.0078,-1.3766,-0.1618,-2.9904,-1.3,-0.2618,1.3261,0.0,0.0,2.0877,11.058056831359863,2.5721795558929443,-98.47,0,1,180,1.659,0.9995,1.0,0.8837,0.2999,0.3,0.3535,9999.2142,2.3256
115.401,2,RETURN_HOME,1.9913,0.3423,-2.0029,-1.3711,-0.161,-2.9886,-1.4,-0.261,1.4241,0.0,0.0,2.0205,11.007377624511719,2.5783777236938477,-99.22,0,1,180,1.556,0.9999,1.0,0.9493,0.3,0.3,0.3797,9999.4204,2.3304
115.451,2,RETURN_HOME,1.925,0.3345,-1.9976,-1.367,-0.1621,-2.9866,-1.4,-0.2621,1.4243,0.0,0.0,1.9539,10.964632034301758,2.5852320194244385,-99.22,0,1,180,1.694,0.9999,1.0,0.9495,0.3,0.3,0.3798,9999.3042,2.3395
115.501,2,RETURN_HOME,1.8709,0.3285,-1.9897,-1.3645,-0.1644,-2.9849,-1.3,-0.2644,1.3266,0.0,0.0,1.8995,10.876140594482422,2.596855878829956,-99.47,0,1,180,1.502,0.9996,1.0,0.8841,0.2999,0.3,0.3536,9999.1987,2.3503
115.551,2,RETURN_HOME,1.8059,0.3211,-1.9815,-1.3657,-0.1686,-2.9828,-1.1,-0.1686,1.1128,0.0,0.0,1.8342,10.828168869018555,2.6042463779449463,-98.72,0,1,180,1.653,0.9997,1.0,0.7417,0.2999,0.3,0.2967,9999.2687,2.3397
115.601,2,RETURN_HOME,1.7515,0.3147,-1.9758,-1.3695,-0.1729,-2.9809,-1.1,-0.1729,1.1135,0.0,0.0,1.7795,10.740975379943848,2.6172077655792236,-100.72,0,1,180,1.563,0.9998,1.0,0.7422,0.2999,0.3,0.2969,9999.5926,2.3527
115.651,2,RETURN_HOME,1.6747,0.3048,-1.9698,-1.374,-0.1799,-2.9782,-1.4,-0.2799,1.4277,0.0,0.0,1.7022,10.696999549865723,2.6241912841796875,-99.72,0,1,180,1.816,0.9998,1.0,0.9517,0.3,0.3,0.3807,9999.3526,2.3794
115.701,2,RETURN_HOME,1.6088,0.296,-1.9659,-1.3692,-0.1827,-2.9758,-1.1,-0.1827,1.1151,0.0,0.0,1.6358,10.64707088470459,2.631528377532959,-99.72,0,1,180,1.726,0.9998,1.0,0.7433,0.3,0.3,0.2973,9999.1536,2.367
115.751,2,RETURN_HOME,1.5524,0.2881,-1.9652,-1.3615,-0.1831,-2.9739,-1.1,-0.1831,1.1151,0.0,0.0,1.5789,10.558215141296387,2.6445767879486084,-99.22,0,1,180,1.602,0.9998,1.0,0.7433,0.2999,0.3,0.2973,9999.5825,2.3807
115.801,2,RETURN_HOME,1.4839,0.2782,-1.9663,-1.3584,-0.1846,-2.9717,-1.1,-0.1846,1.1154,0.0,0.0,1.5098,10.513540267944336,2.6519973278045654,-98.22,0,1,180,1.544,0.9998,1.0,0.7435,0.2999,0.3,0.2974,9999.295,2.3887
115.851,2,RETURN_HOME,1.4161,0.2684,-1.9677,-1.3517,-0.1848,-2.9695,-1.4,-0.2848,1.4287,0.0,0.0,1.4413,10.420539855957031,2.6645188331604004,-98.97,0,1,180,1.626,0.9999,1.0,0.9524,0.3,0.3,0.3809,9999.3114,2.4229
115.901,2,RETURN_HOME,1.349,0.2545,-1.9684,-1.341,-0.1854,-2.9674,-1.1,-0.1854,1.1155,0.0,0.0,1.3728,10.377154350280762,2.672274351119995,-98.72,0,1,180,1.587,0.9998,1.0,0.7435,0.2999,0.3,0.2974,9999.3866,2.4093
115.951,2,RETURN_HOME,1.2829,0.2405,-1.9694,-1.3278,-0.1852,-2.9655,-1.1,-0.1852,1.1155,0.0,0.0,1.3052,10.286138534545898,2.6866421699523926,-100.72,0,1,180,1.62,0.9998,1.0,0.7435,0.2999,0.3,0.2974,9999.3682,2.4239
116.001,2,RETURN_HOME,1.2181,0.2273,-1.9707,-1.3216,-0.1865,-2.9635,-1.2,-0.1865,1.2144,0.0,0.0,1.2391,10.243697166442871,2.69284987449646,-99.47,0,1,180,1.512,0.9995,1.0,0.8092,0.2999,0.3,0.3237,9999.1991,2.4309
116.051,2,RETURN_HOME,1.155,0.215,-1.9719,-1.3128,-0.1868,-2.9615,-1.1,-0.1868,1.1158,0.0,0.0,1.1749,10.200912475585938,2.6997954845428467,-98.97,0,1,180,1.782,0.9999,1.0,0.7437,0.3,0.3,0.2975,9999.0877,2.4388
116.101,2,RETURN_HOME,1.0924,0.2031,-1.9733,-1.3031,-0.1863,-2.9597,-1.1,-0.1863,1.1157,0.0,0.0,1.1111,10.11020565032959,2.712829113006592,-101.47,0,1,180,1.635,0.9999,1.0,0.7437,0.3,0.3,0.2975,9999.4814,2.4517
116.151,2,RETURN_HOME,1.0288,0.191,-1.9737,-1.2954,-0.1856,-2.9581,-1.2954,-0.2856,1.3265,0.0,0.0,1.0464,10.070026397705078,2.7211647033691406,-99.47,0,1,180,1.631,0.9994,1.0,0.8838,0.2998,0.3,0.3535,9999.0307,2.4785
116.201,2,RETURN_HOME,0.9757,0.1811,-1.9738,-1.288,-0.1847,-2.957,-1.188,-0.1847,1.2023,0.0,0.0,0.9924,9.98388957977295,2.733475685119629,-99.97,0,1,180,1.589,0.9996,1.0,0.8012,0.2999,0.3,0.3205,9999.081,2.472
116.251,2,RETURN_HOME,0.9031,0.168,-1.9737,-1.2769,-0.1832,-2.9558,-1.0769,-0.1832,1.0923,0.0,0.0,0.9186,9.939091682434082,2.740154504776001,-98.97,0,1,180,1.539,0.9999,1.0,0.7281,0.3,0.3,0.2913,9999.0867,2.4783
116.301,2,RETURN_HOME,0.8549,0.1602,-1.9716,-1.2719,-0.1835,-2.9551,-1.0719,-0.1835,1.0875,0.0,0.0,0.8698,9.856724739074707,2.7535486221313477,-100.72,0,1,180,1.451,0.9999,1.0,0.7249,0.3,0.3,0.29,9999.3847,2.4912
116.351,2,RETURN_HOME,0.7969,0.1508,-1.9696,-1.2677,-0.1838,-2.9544,-1.0677,-0.1838,1.0834,0.0,0.0,0.8111,9.816451072692871,2.759378671646118,-99.72,0,1,180,1.695,0.9999,1.0,0.7221,0.3,0.3,0.2889,9998.9012,2.497
116.401,2,RETURN_HOME,0.738,0.1412,-1.9696,-1.2617,-0.1837,-2.9538,-1.2617,-0.1837,1.275,0.0,0.0,0.7514,9.76980209350586,2.766660451889038,-99.72,0,1,180,1.474,0.999,1.0,0.8492,0.2997,0.3,0.3397,9998.8628,2.5111
116.451,2,RETURN_HOME,0.6779,0.1311,-1.9727,-1.2534,-0.1832,-2.9533,-1.1534,-0.1832,1.1679,0.0,0.0,0.6905,9.688258171081543,2.779609203338623,-100.97,0,1,180,1.373,0.9994,1.0,0.7782,0.2998,0.3,0.3113,9999.014,2.5263
116.501,2,RETURN_HOME,0.6182,0.1211,-1.9759,-1.2442,-0.1822,-2.9529,-1.0442,-0.1822,1.0599,0.0,0.0,0.63,9.647741317749023,2.7847728729248047,-101.47,0,1,180,1.7,0.9998,1.0,0.7065,0.2999,0.3,0.2826,9999.1563,2.5385
116.601,3,NAVIGATE,0.5001,0.0998,-1.9924,-1.2363,-0.1798,-2.9523,-1.4363,0.0202,1.4364,0.0,12.0,11.9107,9.522994995117188,2.8086440563201904,-103.47,0,1,180,1.5,0.056,1.0,0.4788,0.0168,0.3,0.1915,0.5083,2.4458
116.651,3,NAVIGATE,0.4413,0.0896,-1.9994,-1.2284,-0.1798,-2.9529,-1.4284,0.0202,1.4285,0.0,12.0,11.9186,9.4375638961792,2.8259055614471436,-105.47,0,1,180,1.528,0.0511,1.0,0.4762,0.0153,0.3,0.1905,0.5058,2.4667
116.701,3,NAVIGATE,0.3853,0.0813,-2.0062,-1.2189,-0.1804,-2.9608,-1.4189,0.0196,1.419,0.0,12.0,11.9249,9.396076202392578,2.8371894359588623,-105.97,0,1,180,1.496,0.0461,1.0,0.473,0.0138,0.3,0.1892,0.503,2.5041
116.751,3,NAVIGATE,0.3291,0.0731,-2.0087,-1.2207,-0.1783,-2.9776,-1.4207,0.0217,1.4209,0.0,12.0,11.9315,9.318696022033691,2.8560948371887207,-106.97,0,1,180,1.6,0.0428,1.0,0.4736,0.0129,0.3,0.1895,0.5023,2.5221
116.801,3,NAVIGATE,0.2722,0.0645,-2.0079,-1.2312,-0.1756,-3.0029,-1.4312,0.0244,1.4314,0.0,12.0,11.9386,9.275876998901367,2.8661577701568604,-106.97,0,1,180,1.524,0.0398,1.0,0.4771,0.012,0.3,0.1909,0.5028,2.547
116.851,3,NAVIGATE,0.2145,0.0559,-2.0042,-1.2477,-0.1721,-3.0359,-1.4477,0.0279,1.448,0.0,12.0,11.9461,9.239604949951172,2.8756024837493896,-106.97,0,1,180,1.729,0.0372,1.0,0.4827,0.0112,0.3,0.1931,0.5042,2.566
116.901,3,NAVIGATE,0.1655,0.0488,-1.9985,-1.2642,-0.168,-3.0688,-1.4642,0.032,1.4646,0.0,12.0,11.9523,9.16391372680664,2.8934526443481445,-105.72,0,1,180,1.603,0.0357,1.0,0.4882,0.0107,0.3,0.1953,0.506,2.5551
116.951,3,NAVIGATE,0.1055,0.0407,-1.9907,-1.2861,-0.1607,-3.1144,-1.4861,0.0393,1.4866,0.0,12.0,11.9597,9.118098258972168,2.9036858081817627,-104.97,0,1,180,1.586,0.0353,1.0,0.4955,0.0106,0.3,0.1982,0.5088,2.57
117.001,3,NAVIGATE,0.0443,0.033,-1.9811,-1.3084,-0.1506,3.1171,-1.4,0.0494,1.4009,0.0,12.0,11.967,9.036059379577637,2.926696538925171,-103.22,0,1,180,1.451,0.0389,1.0,0.467,0.0117,0.3,0.1868,0.4985,2.5481
117.051,3,NAVIGATE,-0.0189,0.0253,-1.9702,-1.3306,-0.1383,3.0602,-1.4,0.0617,1.4014,0.0,12.0,11.9747,8.993096351623535,2.934630870819092,-101.72,0,1,180,1.78,0.0425,1.0,0.4671,0.0127,0.3,0.1868,0.4996,2.5653
117.101,3,NAVIGATE,-0.0872,0.0164,-1.9592,-1.3529,-0.1249,2.9982,-1.4,0.0751,1.402,0.0,12.0,11.984,8.942789077758789,2.9458858966827393,-100.22,0,1,180,1.516,0.0463,1.0,0.4673,0.0139,0.3,0.1869,0.5008,2.5757
117.151,3,NAVIGATE,-0.1558,0.0084,-1.9474,-1.3714,-0.1095,2.9312,-1.4,0.0905,1.4029,0.0,12.0,11.9926,8.854375839233398,2.9408724308013916,-67.69,0,1,180,1.684,0.0515,1.0,0.4676,0.0155,0.3,0.1871,0.5025,2.5369
117.201,3,NAVIGATE,-0.223,-0.0,-1.9315,-1.3856,-0.0934,2.8598,-1.4,0.1066,1.4041,0.0,12.0,12.0021,8.811635971069336,2.9295737743377686,-65.94,0,1,180,1.708,0.0574,1.0,0.468,0.0172,0.3,0.1872,0.5044,2.5627
117.251,3,NAVIGATE,-0.2779,-0.0073,-1.9156,-1.3947,-0.0797,2.7969,-1.4,0.1203,1.4052,0.0,12.0,12.0105,6.2647809982299805,2.9059481620788574,-61.68,0,1,180,1.697,0.0625,1.0,0.4684,0.0188,0.3,0.1874,0.5061,2.3947
117.3,3,NAVIGATE,-0.3444,-0.0146,-1.8973,-1.4033,-0.0629,2.7173,-1.4,0.1371,1.4067,0.0,12.0,12.0196,5.6973419189453125,2.8945417404174805,-59.68,0,1,180,1.087,0.0689,1.0,0.4689,0.0207,0.3,0.1876,0.5082,2.4554
117.35,3,NAVIGATE,-0.4159,-0.0187,-1.8779,-1.412,-0.0449,2.6333,-1.4,0.1551,1.4086,0.0,12.0,12.0259,5.221379280090332,2.88287615776062,-57.43,0,1,180,1.085,0.0757,1.0,0.4695,0.0227,0.3,0.1878,0.5105,2.5273
117.4,3,NAVIGATE,-0.4761,-0.021,-1.8623,-1.4187,-0.0296,2.56,-1.4,0.1704,1.4103,0.0,12.0,12.0304,4.427361965179443,2.8592567443847656,-52.42,0,1,180,1.017,0.0814,1.0,0.4701,0.0244,0.3,0.188,0.5125,2.292
117.45,3,NAVIGATE,-0.5362,-0.0226,-1.8472,-1.4248,-0.0143,2.4837,-1.4,0.1857,1.4123,0.0,12.0,12.0345,4.134857654571533,2.851073980331421,-49.92,0,1,180,0.959,0.0872,1.0,0.4708,0.0262,0.3,0.1883,0.5145,2.3101
117.5,3,NAVIGATE,-0.6064,-0.0232,-1.8349,-1.4306,0.0058,2.389,-1.4,0.2058,1.415,0.0,12.0,12.0385,3.8810176849365234,2.841024875640869,-47.17,0,1,180,0.872,0.0954,1.0,0.4717,0.0286,0.3,0.1887,0.5173,2.3822
117.55,3,NAVIGATE,-0.6763,-0.0226,-1.8254,-1.4355,0.0285,2.2925,-1.4,0.2285,1.4185,0.0,12.0,12.0416,3.4608774185180664,2.8187735080718994,-41.41,0,1,180,0.946,0.1054,1.0,0.4728,0.0316,0.3,0.1891,0.5208,2.1427
117.6,3,NAVIGATE,-0.7469,-0.0215,-1.8192,-1.4397,0.0539,2.1962,-1.4,0.2539,1.4228,0.0,12.0,12.0447,3.3062405586242676,2.8098459243774414,-38.16,0,1,180,1.012,0.1171,1.0,0.4743,0.0351,0.3,0.1897,0.5248,2.2037
117.65,3,NAVIGATE,-0.8188,-0.0203,-1.8174,-1.4432,0.0805,2.1017,-1.4,0.2805,1.4278,0.0,12.0,12.0482,3.057915687561035,2.7921485900878906,-32.41,0,1,180,0.902,0.1294,1.0,0.4759,0.0388,0.3,0.1904,0.5292,1.931
117.7,3,NAVIGATE,-0.8904,-0.0175,-1.8212,-1.4448,0.1068,2.0103,-1.4,0.3068,1.4332,0.0,12.0,12.0504,2.975184202194214,2.7843334674835205,-29.65,0,1,180,0.972,0.1413,1.0,0.4777,0.0424,0.3,0.1911,0.5335,1.965
117.751,3,NAVIGATE,-0.9616,-0.0108,-1.8282,-1.4445,0.1331,1.9232,-1.4,0.3331,1.4391,0.0,12.0,12.0492,2.8498687744140625,2.7705752849578857,-24.15,0,1,180,1.406,0.1531,1.0,0.4797,0.0459,0.3,0.1919,0.5378,1.7304
117.8,3,NAVIGATE,-1.0325,-0.0019,-1.8379,-1.4427,0.1581,1.8413,-1.4,0.3581,1.4451,0.0,12.0,12.0462,2.805161714553833,2.761155843734741,-20.64,0,1,180,1.064,0.1639,1.0,0.4817,0.0492,0.3,0.1927,0.5418,1.7183
117.85,3,NAVIGATE,-1.0915,0.0064,-1.8476,-1.4404,0.1777,1.7776,-1.4,0.3777,1.45,0.0,12.0,12.0431,2.755411386489868,2.748383045196533,-15.64,0,1,180,1.075,0.1719,1.0,0.4833,0.0516,0.3,0.1933,0.5449,1.4667
117.9,3,NAVIGATE,-1.1703,0.0199,-1.8649,-1.4349,0.2034,1.6958,-1.4,0.4034,1.457,0.0,12.0,12.0371,2.7410902976989746,2.7410902976989746,-10.13,0,1,180,0.926,0.1821,1.0,0.4857,0.0546,0.3,0.1943,0.5489,1.5187
117.95,3,NAVIGATE,-1.2262,0.0302,-1.878,-1.4305,0.2206,1.6431,-1.4,0.4206,1.4618,0.0,12.0,12.0324,2.732701539993286,2.732701539993286,-8.38,0,1,180,0.924,0.1886,1.0,0.4873,0.0566,0.3,0.1949,0.5515,1.4567
118.0,3,NAVIGATE,-1.2928,0.044,-1.8948,-1.4248,0.2404,1.5863,-1.4,0.4404,1.4676,0.0,12.0,12.0257,2.7168452739715576,2.7168452739715576,-3.13,0,1,180,0.907,0.1958,1.0,0.4892,0.0587,0.3,0.1957,0.5544,1.2705
118.05,3,NAVIGATE,-1.3588,0.0597,-1.913,-1.4193,0.26,1.5364,-1.4,0.46,1.4736,0.0,12.0,12.0173,2.708592653274536,2.708592653274536,0.38,0,1,180,1.003,0.2027,1.0,0.4912,0.0608,0.3,0.1965,0.5573,1.262
118.101,3,NAVIGATE,-1.4139,0.0732,-1.9275,-1.415,0.2757,1.5,-1.4,0.4757,1.4786,0.0,12.0,12.0103,2.700080394744873,2.700080394744873,1.13,0,1,180,1.087,0.208,1.0,0.4929,0.0624,0.3,0.1971,0.5596,1.1912
118.15,3,NAVIGATE,-1.4807,0.0906,-1.943,-1.4108,0.2944,1.4623,-1.3,0.4944,1.3909,0.0,12.0,12.0011,2.682405948638916,2.682405948638916,4.13,0,1,180,0.976,0.2375,1.0,0.4636,0.0712,0.3,0.1854,0.5567,1.0201
118.2,3,NAVIGATE,-1.5482,0.1092,-1.9564,-1.4078,0.3129,1.4309,-1.3,0.5129,1.3975,0.0,12.0,11.9911,2.6733291149139404,2.6733291149139404,6.13,0,1,180,1.011,0.2438,1.0,0.4658,0.0732,0.3,0.1863,0.5595,0.9827
118.25,3,NAVIGATE,-1.6155,0.1282,-1.9691,-1.4055,0.3308,1.4056,-1.4,0.4308,1.4648,0.0,12.0,11.9812,2.6533091068267822,2.6533091068267822,9.63,0,1,180,1.12,0.1625,1.0,0.4883,0.0488,0.3,0.1953,0.5441,1.1419
118.3,3,NAVIGATE,-1.6853,0.1473,-1.9879,-1.4024,0.348,1.3859,-1.4,0.448,1.4699,0.0,12.0,11.9719,2.6445791721343994,2.6442039012908936,10.13,0,1,180,0.962,0.1676,1.0,0.49,0.0503,0.3,0.196,0.5463,1.0935
118.351,3,NAVIGATE,-1.755,0.1669,-2.006,-1.398,0.3641,1.3711,-1.3,0.4641,1.3803,0.0,12.0,11.9626,2.621774911880493,2.6215662956237793,10.89,0,1,180,1.483,0.1944,1.0,0.4601,0.0583,0.3,0.184,0.5424,0.9697
118.401,3,NAVIGATE,-1.8129,0.1839,-2.021,-1.3951,0.3752,1.3624,-1.2,0.4752,1.2907,0.0,12.0,11.9544,2.611680746078491,2.609783172607422,10.63,0,1,180,1.51,0.2229,1.0,0.4302,0.0669,0.3,0.1721,0.539,0.9187
118.451,3,NAVIGATE,-1.8823,0.2067,-2.044,-1.3936,0.3871,1.3557,-1.2,0.4871,1.2951,0.0,12.0,11.9426,2.599351644515991,2.597581386566162,12.64,0,1,180,1.526,0.2253,1.0,0.4317,0.0676,0.3,0.1727,0.5403,0.8694
118.501,3,NAVIGATE,-1.9514,0.2293,-2.0636,-1.3918,0.3974,1.3528,-1.1,0.4974,1.2072,0.0,12.0,11.9313,2.57540225982666,2.5733633041381836,13.39,0,1,180,1.367,0.2575,1.0,0.4024,0.0772,0.3,0.161,0.5382,0.7907
118.551,3,NAVIGATE,-2.0195,0.2513,-2.0785,-1.3871,0.4063,1.353,-1.1,0.5063,1.2109,0.0,12.0,11.921,2.5646555423736572,2.55991792678833,13.89,0,1,180,1.607,0.2582,1.0,0.4036,0.0775,0.3,0.1615,0.5389,0.7444
118.601,3,NAVIGATE,-2.0866,0.2728,-2.0893,-1.3795,0.4145,1.3559,-1.3,0.4145,1.3645,0.0,12.0,11.9114,2.5389373302459717,2.5351901054382324,12.39,0,1,180,1.502,0.1322,1.0,0.4548,0.0397,0.3,0.1819,0.5216,0.9879
118.651,3,NAVIGATE,-2.153,0.2943,-2.0979,-1.3671,0.4231,1.3607,-1.3,0.4231,1.3671,0.0,12.0,11.902,2.523888111114502,2.5205657482147217,11.64,0,1,180,1.555,0.1324,1.0,0.4557,0.0397,0.3,0.1823,0.522,0.9381
118.701,3,NAVIGATE,-2.2158,0.3146,-2.1068,-1.351,0.431,1.3664,-1.2,0.431,1.2751,0.0,12.0,11.8937,2.4950175285339355,2.4924113750457764,11.64,0,1,180,1.525,0.1568,1.0,0.425,0.047,0.3,0.17,0.517,0.8868
118.751,3,NAVIGATE,-2.2782,0.3352,-2.1136,-1.3381,0.4364,1.3728,-1.2,0.4364,1.2769,0.0,12.0,11.8852,2.483008861541748,2.4798154830932617,11.64,0,1,180,1.562,0.1553,1.0,0.4256,0.0466,0.3,0.1703,0.5168,0.849
118.801,3,NAVIGATE,-2.3401,0.3563,-2.1197,-1.3286,0.4405,1.38,-1.1,0.4405,1.1849,0.0,12.0,11.8765,2.4656217098236084,2.4638195037841797,11.89,0,1,180,1.575,0.1815,1.0,0.395,0.0545,0.3,0.158,0.5124,0.8165
118.851,3,NAVIGATE,-2.4011,0.3783,-2.1262,-1.321,0.444,1.3876,-1.1,0.444,1.1862,0.0,12.0,11.8672,2.437530517578125,2.43700909614563,10.38,0,1,180,1.424,0.1789,1.0,0.3954,0.0537,0.3,0.1582,0.5118,0.784
118.901,3,NAVIGATE,-2.4622,0.4003,-2.1309,-1.3144,0.4472,1.3954,-1.1,0.4472,1.1874,0.0,12.0,11.8581,2.423529624938965,2.422361373901367,12.64,0,1,180,1.345,0.1761,1.0,0.3958,0.0528,0.3,0.1583,0.5111,0.7529
118.951,3,NAVIGATE,-2.5137,0.417,-2.1324,-1.308,0.4494,1.4018,-1.1,0.4494,1.1882,0.0,12.0,11.8526,2.392763137817383,2.3926479816436768,12.39,0,1,180,1.363,0.1732,1.0,0.3961,0.052,0.3,0.1584,0.5104,0.7334
119.001,3,NAVIGATE,-2.5759,0.4361,-2.1323,-1.2989,0.4517,1.409,-1.0989,0.4517,1.1881,0.0,12.0,11.8473,2.3780245780944824,2.3780245780944824,9.88,0,1,180,1.493,0.17,1.0,0.396,0.051,0.3,0.1584,0.5094,0.7091
119.051,3,NAVIGATE,-2.6378,0.4558,-2.1312,-1.288,0.4542,1.4155,-1.388,0.3542,1.4325,0.0,12.0,11.8417,2.3472371101379395,2.3472371101379395,8.88,0,1,180,1.518,0.0252,1.0,0.4775,0.0076,0.3,0.191,0.4986,1.1309
119.101,3,NAVIGATE,-2.7016,0.4753,-2.1196,-1.2761,0.4571,1.421,-1.3761,0.3571,1.4217,0.0,12.0,11.8372,2.3333771228790283,2.3333771228790283,8.13,0,1,180,1.783,0.0236,1.0,0.4739,0.0071,0.3,0.1896,0.4967,1.0904
119.151,3,NAVIGATE,-2.7646,0.4952,-2.1089,-1.2643,0.4598,1.4252,-1.3643,0.3598,1.4109,0.0,12.0,11.8323,2.3189029693603516,2.3189029693603516,8.38,0,1,180,1.641,0.022,1.0,0.4703,0.0066,0.3,0.1881,0.4947,1.056
119.201,3,NAVIGATE,-2.827,0.5157,-2.0999,-1.2598,0.4598,1.4282,-1.3598,0.3598,1.4066,0.0,12.0,11.8271,2.2877824306488037,2.2877824306488037,6.88,0,1,180,1.374,0.0173,1.0,0.4689,0.0052,0.3,0.1875,0.4927,1.0864
119.251,3,NAVIGATE,-2.8894,0.5368,-2.0934,-1.2625,0.4582,1.4303,-1.3625,0.3582,1.4088,0.0,12.0,11.8218,2.271152973175049,2.271152973175049,7.63,0,1,180,1.626,0.0102,1.0,0.4696,0.0031,0.3,0.1878,0.4909,1.0788
119.301,3,NAVIGATE,-2.9518,0.5579,-2.0874,-1.2706,0.4555,1.4315,-1.3706,0.3555,1.4159,0.0,12.0,11.8167,2.2442474365234375,2.2442474365234375,6.38,0,1,180,1.332,0.0013,1.0,0.472,0.0004,0.3,0.1888,0.4892,1.0741
119.351,3,NAVIGATE,-3.0143,0.5786,-2.0849,-1.2815,0.4521,1.4317,-1.3815,0.3521,1.4257,0.0,12.0,11.8125,2.2281484603881836,2.2281484603881836,6.88,0,1,180,1.53,-0.0085,1.0,0.4752,-0.0025,0.3,0.1901,0.4875,1.0812
119.401,3,NAVIGATE,-3.077,0.5991,-2.0838,-1.2934,0.4485,1.431,-1.3934,0.3485,1.4363,0.0,12.0,11.8089,2.1980090141296387,2.1980090141296387,9.13,0,1,180,1.442,-0.0185,1.0,0.4788,-0.0056,0.3,0.1915,0.486,1.1191
119.451,3,NAVIGATE,-3.1406,0.6195,-2.0827,-1.3051,0.445,1.4291,-1.4,0.345,1.4419,0.0,12.0,11.8059,2.183958053588867,2.183958053588867,6.88,0,1,180,1.381,-0.0276,1.0,0.4806,-0.0083,0.3,0.1923,0.484,1.1288
119.501,3,NAVIGATE,-3.2061,0.6395,-2.082,-1.3165,0.4412,1.4262,-1.4,0.3412,1.441,0.0,12.0,11.8042,2.1543211936950684,2.1543211936950684,8.63,0,1,180,1.495,-0.036,1.0,0.4803,-0.0108,0.3,0.1921,0.4813,1.1269
119.551,3,NAVIGATE,-3.2607,0.6562,-2.0812,-1.3253,0.4381,1.423,-1.4,0.3381,1.4402,0.0,12.0,11.8032,2.1403088569641113,2.1403088569641113,9.13,0,1,180,1.379,-0.043,1.0,0.4801,-0.0129,0.3,0.192,0.4791,1.1284
119.601,3,NAVIGATE,-3.3398,0.6802,-2.0788,-1.3375,0.434,1.4175,-1.4,0.334,1.4393,0.0,12.0,11.8022,2.1253468990325928,2.1253468990325928,8.13,0,1,180,1.527,-0.0527,1.0,0.4798,-0.0158,0.3,0.1919,0.4761,1.1393
119.651,3,NAVIGATE,-3.3983,0.6979,-2.0761,-1.3462,0.4314,1.4129,-1.4,0.3314,1.4387,0.0,12.0,11.8019,2.0949971675872803,2.0949971675872803,8.63,0,1,180,1.395,-0.0596,1.0,0.4796,-0.0179,0.3,0.1918,0.4739,1.125
119.701,3,NAVIGATE,-3.4682,0.719,-2.073,-1.3557,0.4282,1.4066,-1.4,0.3282,1.4379,0.0,12.0,11.8021,2.0828540325164795,2.0828540325164795,7.38,0,1,180,1.548,-0.068,1.0,0.4793,-0.0204,0.3,0.1917,0.4713,1.1361
119.751,3,NAVIGATE,-3.5404,0.7412,-2.0758,-1.3654,0.4258,1.3997,-1.4,0.3258,1.4374,0.0,12.0,11.8024,2.0527613162994385,2.0527613162994385,8.63,0,1,180,1.389,-0.0759,1.0,0.4791,-0.0228,0.3,0.1917,0.4689,1.1017
119.801,3,NAVIGATE,-3.6125,0.7631,-2.079,-1.3739,0.4233,1.3924,-1.1,0.4233,1.1786,0.0,12.0,11.8033,2.0395162105560303,2.038560628890991,10.13,0,1,180,1.363,0.0563,1.0,0.3929,0.0169,0.3,0.1572,0.474,0.7053
119.851,3,NAVIGATE,-3.684,0.7847,-2.0816,-1.3817,0.4198,1.3846,-1.1,0.4198,1.1774,0.0,12.0,11.8049,2.0137240886688232,2.0128157138824463,10.13,0,1,180,1.518,0.0472,1.0,0.3925,0.0142,0.3,0.157,0.4711,0.71
119.901,3,NAVIGATE,-3.7548,0.8059,-2.0837,-1.388,0.416,1.3766,-1.2,0.416,1.27,0.0,12.0,11.8071,1.9988112449645996,1.9983004331588745,11.89,0,1,180,1.473,0.01,1.0,0.4233,0.003,0.3,0.1693,0.4724,0.8149
119.951,3,NAVIGATE,-3.8251,0.8268,-2.0851,-1.3855,0.4155,1.3681,-1.2,0.4155,1.2699,0.0,12.0,11.8098,1.9720282554626465,1.9704687595367432,12.64,0,1,180,1.565,0.0035,1.0,0.4233,0.001,0.3,0.1693,0.4704,0.8098
120.001,3,NAVIGATE,-3.8942,0.8472,-2.0852,-1.3745,0.4168,1.359,-1.2,0.4168,1.2703,0.0,12.0,11.8131,1.9601818323135376,1.957184910774231,10.13,0,1,180,1.432,-0.0017,1.0,0.4234,-0.0005,0.3,0.1694,0.4689,0.8147
120.051,3,NAVIGATE,-3.962,0.8672,-2.0842,-1.3596,0.4186,1.3492,-1.2,0.4186,1.2709,0.0,12.0,11.8169,1.9435691833496094,1.9424875974655151,12.39,0,1,180,1.593,-0.0063,1.0,0.4236,-0.0019,0.3,0.1695,0.4676,0.8211
120.101,3,NAVIGATE,-4.0287,0.8873,-2.0828,-1.3441,0.4209,1.3389,-1.2,0.4209,1.2717,0.0,12.0,11.8205,1.9182658195495605,1.9156055450439453,12.64,0,1,180,1.54,-0.0105,1.0,0.4239,-0.0031,0.3,0.1696,0.4664,0.8178
120.151,3,NAVIGATE,-4.0932,0.9074,-2.0821,-1.329,0.4232,1.3285,-1.2,0.4232,1.2725,0.0,12.0,11.8237,1.905426025390625,1.9020287990570068,13.39,0,1,180,1.613,-0.0144,1.0,0.4242,-0.0043,0.3,0.1697,0.4653,0.8216
120.201,3,NAVIGATE,-4.1568,0.9277,-2.0811,-1.3159,0.4257,1.3181,-1.1,0.4257,1.1795,0.0,12.0,11.8269,1.8784363269805908,1.8738770484924316,14.89,0,1,180,1.41,0.0101,1.0,0.3932,0.003,0.3,0.1573,0.4603,0.7339
120.251,3,NAVIGATE,-4.2097,0.9447,-2.079,-1.3071,0.4279,1.3096,-1.1,0.4279,1.1803,0.0,12.0,11.8297,1.8671716451644897,1.8592023849487305,14.14,0,1,180,1.505,0.0071,1.0,0.3934,0.0021,0.3,0.1574,0.4595,0.7383
120.301,3,NAVIGATE,-4.2738,0.9652,-2.0722,-1.2987,0.431,1.2996,-1.1987,0.431,1.2739,0.0,12.0,11.8335,1.8558176755905151,1.8469557762145996,14.89,0,1,180,1.44,-0.0244,1.0,0.4246,-0.0073,0.3,0.1698,0.4625,0.8136
120.351,3,NAVIGATE,-4.3373,0.9859,-2.066,-1.2893,0.4344,1.2901,-1.0893,0.4344,1.1728,0.0,12.0,11.8373,1.8291069269180298,1.8182023763656616,17.39,0,1,180,1.613,0.0043,1.0,0.3909,0.0013,0.3,0.1564,0.4577,0.7193
120.401,3,NAVIGATE,-4.4002,1.0076,-2.0607,-1.2785,0.4386,1.2807,-1.0785,0.4386,1.1643,0.0,12.0,11.8403,1.8158406019210815,1.803480625152588,17.39,0,1,180,1.801,0.0055,1.0,0.3881,0.0016,0.3,0.1552,0.4569,0.7098
120.451,3,NAVIGATE,-4.473,1.034,-2.0554,-1.2677,0.4438,1.2701,-1.0677,0.4438,1.1563,0.0,12.0,11.8431,1.7884894609451294,1.7745375633239746,17.14,0,1,180,1.588,0.0066,1.0,0.3854,0.002,0.3,0.1542,0.4562,0.6869
120.501,3,NAVIGATE,-4.5344,1.0568,-2.0512,-1.2576,0.448,1.2615,-1.0576,0.448,1.1486,0.0,12.0,11.8454,1.7769956588745117,1.7607741355895996,17.39,0,1,180,1.503,0.0079,1.0,0.3829,0.0024,0.3,0.1531,0.4555,0.6769
120.551,3,NAVIGATE,-4.5944,1.0804,-2.0465,-1.2463,0.4522,1.2533,-1.0463,0.4522,1.1398,0.0,12.0,11.8468,1.7500869035720825,1.732901692390442,17.39,0,1,180,1.379,0.0097,1.0,0.3799,0.0029,0.3,0.152,0.4549,0.6557
120.601,3,NAVIGATE,-4.644,1.0999,-2.0431,-1.236,0.4554,1.2467,-1.036,0.4554,1.1317,0.0,12.0,11.8482,1.7360970973968506,1.7163134813308716,18.39,0,1,180,1.614,0.0114,1.0,0.3772,0.0034,0.3,0.1509,0.4543,0.6441
120.651,3,NAVIGATE,-4.7027,1.1237,-2.0407,-1.2229,0.4593,1.239,-1.1229,0.3593,1.1789,0.0,12.0,11.8495,1.7092772722244263,1.6880282163619995,19.89,0,1,180,1.619,-0.0982,1.0,0.393,-0.0295,0.3,0.1572,0.4277,0.8209
120.701,3,NAVIGATE,-4.7606,1.1482,-2.041,-1.2087,0.4639,1.2314,-1.1087,0.3639,1.1669,0.0,12.0,11.8501,1.696064829826355,1.673102855682373,19.64,0,1,180,1.497,-0.0961,1.0,0.389,-0.0288,0.3,0.1556,0.4268,0.8223
120.751,3,NAVIGATE,-4.8179,1.1727,-2.0412,-1.1948,0.468,1.2238,-1.0948,0.368,1.155,0.0,12.0,11.8509,1.6804674863815308,1.6577808856964111,18.89,0,1,180,1.514,-0.0943,1.0,0.385,-0.0283,0.3,0.154,0.4257,0.8172
120.801,3,NAVIGATE,-4.873,1.199,-2.0377,-1.1829,0.4694,1.2164,-0.9829,0.4694,1.0892,0.0,12.0,11.8494,1.6538870334625244,1.627867341041565,19.64,0,1,180,1.456,0.0218,1.0,0.3631,0.0065,0.3,0.1452,0.4518,0.5951
120.851,3,NAVIGATE,-4.9275,1.2251,-2.034,-1.1738,0.4679,1.2093,-0.9738,0.4679,1.0804,0.0,12.0,11.8482,1.642669439315796,1.6143009662628174,20.64,0,1,180,1.437,0.019,1.0,0.3601,0.0057,0.3,0.1441,0.4497,0.5931
120.901,3,NAVIGATE,-4.9728,1.2463,-2.0314,-1.1675,0.4655,1.2038,-0.9675,0.4655,1.0736,0.0,12.0,11.8478,1.6142873764038086,1.5834283828735352,21.14,0,1,180,1.507,0.0153,1.0,0.3579,0.0046,0.3,0.1432,0.4478,0.5807
120.951,3,NAVIGATE,-5.0246,1.2701,-2.0271,-1.1577,0.4638,1.1977,-0.9577,0.4638,1.0641,0.0,12.0,11.8481,1.5995376110076904,1.5686794519424438,20.89,0,1,180,1.505,0.013,1.0,0.3547,0.0039,0.3,0.1419,0.4458,0.5782
121.001,3,NAVIGATE,-5.0765,1.2936,-2.0234,-1.1461,0.4641,1.1918,-1.0461,0.4641,1.1444,0.0,12.0,11.8489,1.588157296180725,1.5553982257843018,20.39,0,1,180,1.385,-0.0252,1.0,0.3815,-0.0075,0.3,0.1526,0.445,0.6624
121.051,3,NAVIGATE,-5.1192,1.3127,-2.0202,-1.1349,0.4654,1.187,-0.9349,0.4654,1.0443,0.0,12.0,11.8501,1.559079885482788,1.5236777067184448,22.4,0,1,180,1.643,0.0152,1.0,0.3481,0.0046,0.3,0.1392,0.4438,0.5673
121.101,3,NAVIGATE,-5.1689,1.3335,-2.0151,-1.1196,0.4667,1.1811,-0.9196,0.4667,1.0312,0.0,12.0,11.853,1.5450135469436646,1.5101677179336548,20.39,0,1,180,1.627,0.0184,1.0,0.3437,0.0055,0.3,0.1375,0.443,0.5535
121.151,3,NAVIGATE,-5.2184,1.3545,-2.0108,-1.1058,0.4683,1.1753,-0.9058,0.4683,1.0197,0.0,12.0,11.8557,1.5158206224441528,1.4790271520614624,21.14,0,1,180,1.597,0.0214,1.0,0.3399,0.0064,0.3,0.136,0.4424,0.5562
121.201,3,NAVIGATE,-5.2663,1.3763,-2.0094,-1.0915,0.4706,1.1698,-0.8915,0.4706,1.008,0.0,12.0,11.8573,1.503304362297058,1.4642605781555176,23.65,0,1,180,1.411,0.0255,1.0,0.336,0.0076,0.3,0.1344,0.442,0.5415
121.251,3,NAVIGATE,-5.3135,1.3986,-2.0094,-1.0767,0.4731,1.1645,-0.8767,0.4731,0.9962,0.0,12.0,11.8585,1.4902657270431519,1.4504914283752441,23.4,0,1,180,1.468,0.0302,1.0,0.3321,0.0091,0.3,0.1328,0.4419,0.5246
121.301,3,NAVIGATE,-5.3607,1.4209,-2.0097,-1.0618,0.4755,1.1593,-0.8618,0.4755,0.9843,0.0,12.0,11.8597,1.460200548171997,1.4183436632156372,21.39,0,1,180,1.422,0.0352,1.0,0.3281,0.0106,0.3,0.1312,0.4418,0.5255
121.351,3,NAVIGATE,-5.4005,1.4403,-2.0117,-1.0496,0.4778,1.1551,-0.8496,0.4778,0.9747,0.0,12.0,11.8606,1.4463423490524292,1.4036394357681274,23.4,0,1,180,1.448,0.0395,1.0,0.3249,0.0119,0.3,0.13,0.4418,0.5075
121.401,3,NAVIGATE,-5.4481,1.4635,-2.0139,-1.035,0.4803,1.1501,-0.835,0.4803,0.9632,0.0,12.0,11.8616,1.4165574312210083,1.3735326528549194,23.4,0,1,180,1.435,0.0447,1.0,0.3211,0.0134,0.3,0.1284,0.4419,0.5017
121.451,3,NAVIGATE,-5.4952,1.487,-2.0158,-1.0204,0.4828,1.145,-0.8204,0.4828,0.9519,0.0,12.0,11.8626,1.4015719890594482,1.3560014963150024,23.9,0,1,180,1.456,0.0502,1.0,0.3173,0.0151,0.3,0.1269,0.442,0.5073
121.5,3,NAVIGATE,-5.5415,1.5107,-2.0169,-1.0057,0.4856,1.14,-0.9057,0.4856,1.0277,0.0,12.0,11.8631,1.3723880052566528,1.3266308307647705,23.65,0,1,180,1.343,0.0061,1.0,0.3426,0.0018,0.3,0.137,0.4388,0.5431
121.551,3,NAVIGATE,-5.5873,1.5344,-2.0178,-0.9909,0.4882,1.1351,-0.8909,0.4882,1.0159,0.0,12.0,11.8637,1.3593512773513794,1.3108694553375244,23.65,0,1,180,1.583,0.0109,1.0,0.3386,0.0033,0.3,0.1355,0.4387,0.5478
121.601,3,NAVIGATE,-5.6311,1.5601,-2.0214,-0.9756,0.4917,1.1302,-0.8756,0.4917,1.0042,0.0,12.0,11.8617,1.3409502506256104,1.2947384119033813,25.15,0,1,180,1.533,0.0171,1.0,0.3347,0.0051,0.3,0.1339,0.439,0.5278
121.651,3,NAVIGATE,-5.6668,1.5822,-2.0252,-0.9646,0.4947,1.1261,-0.8646,0.4947,0.9961,0.0,12.0,11.8593,1.3111679553985596,1.2645399570465088,25.65,0,1,180,1.632,0.0216,1.0,0.332,0.0065,0.3,0.1328,0.4393,0.5234
121.701,3,NAVIGATE,-5.7096,1.6085,-2.029,-0.9538,0.498,1.1213,-0.8538,0.498,0.9884,0.0,12.0,11.8568,1.2974997758865356,1.2489089965820312,25.65,0,1,180,1.507,0.0256,1.0,0.3295,0.0077,0.3,0.1318,0.4395,0.5292
121.751,3,NAVIGATE,-5.7498,1.6351,-2.0311,-0.9442,0.5014,1.1167,-0.8442,0.5014,0.9819,0.0,12.0,11.8529,1.2642476558685303,1.2148518562316895,25.65,0,1,180,1.538,0.0295,1.0,0.3273,0.0088,0.3,0.1309,0.4398,0.5163
121.801,3,NAVIGATE,-5.7899,1.6616,-2.0326,-0.9358,0.5047,1.1122,-0.8358,0.5047,0.9763,0.0,12.0,11.8493,1.2509764432907104,1.1994420289993286,25.65,0,1,180,1.396,0.0328,1.0,0.3254,0.0098,0.3,0.1302,0.44,0.5205
121.851,3,NAVIGATE,-5.8306,1.6874,-2.0351,-0.9281,0.5076,1.1077,-0.8281,0.5076,0.9713,0.0,12.0,11.8467,1.2361739873886108,1.184351921081543,25.4,0,1,180,1.474,0.0353,1.0,0.3238,0.0106,0.3,0.1295,0.4401,0.5064
121.901,3,NAVIGATE,-5.865,1.7082,-2.0389,-0.9222,0.5094,1.1039,-0.8222,0.5094,0.9672,0.0,12.0,11.8456,1.2032490968704224,1.1510932445526123,26.4,0,1,180,1.722,0.0366,1.0,0.3224,0.011,0.3,0.129,0.44,0.4767
121.951,3,NAVIGATE,-5.9135,1.7373,-2.0433,-0.9138,0.5119,1.0987,-0.8138,0.5119,0.9614,0.0,12.0,11.8445,1.1879041194915771,1.135565996170044,25.65,0,1,180,1.598,0.0387,1.0,0.3205,0.0116,0.3,0.1282,0.4398,0.4698
122.001,3,NAVIGATE,-5.9473,1.7581,-2.0464,-0.9073,0.5135,1.095,-0.7073,0.5135,0.8741,0.0,12.0,11.8434,1.1547304391860962,1.102063536643982,27.65,0,1,180,1.469,0.1017,0.9299,0.2914,0.0305,0.279,0.1165,0.426,0.4614
122.051,3,NAVIGATE,-5.9874,1.7831,-2.0497,-0.8994,0.5154,1.0905,-0.6994,0.5154,0.8688,0.0,12.0,11.8421,1.1388533115386963,1.085332989692688,27.9,0,1,180,1.445,0.1048,0.8987,0.2896,0.0314,0.2696,0.1158,0.4169,0.4474
122.101,3,NAVIGATE,-6.0276,1.808,-2.0522,-0.8913,0.5174,1.0861,-0.6913,0.5174,0.8635,0.0,12.0,11.841,1.1244325637817383,1.0699751377105713,28.15,0,1,180,1.481,0.1083,0.9021,0.2878,0.0325,0.2706,0.1151,0.4182,0.4537
122.151,3,NAVIGATE,-6.0595,1.8262,-2.0541,-0.8821,0.5181,1.0825,-0.6821,0.5181,0.8566,0.0,12.0,11.8416,1.089881181716919,1.0355933904647827,29.4,0,1,180,1.565,0.1122,0.9121,0.2855,0.0337,0.2736,0.1142,0.4215,0.4563
122.201,3,NAVIGATE,-6.0973,1.8478,-2.0556,-0.8689,0.5188,1.0781,-0.6689,0.5188,0.8465,0.0,12.0,11.8425,1.0748907327651978,1.0195120573043823,26.65,0,1,180,1.501,0.1186,0.9163,0.2822,0.0356,0.2749,0.1129,0.4233,0.4561
122.251,3,NAVIGATE,-6.1357,1.8701,-2.0554,-0.8542,0.5198,1.0737,-0.6542,0.5198,0.8355,0.0,12.0,11.8433,1.0419777631759644,0.9874471426010132,29.65,0,1,180,1.669,0.1265,0.9353,0.2785,0.0379,0.2806,0.1114,0.4299,0.4596
122.301,3,NAVIGATE,-6.1769,1.8943,-2.0498,-0.8395,0.5217,1.0693,-0.6395,0.5217,0.8253,0.0,12.0,11.8439,1.0238032341003418,0.9694397449493408,28.9,0,1,180,1.571,0.1352,0.9266,0.2751,0.0406,0.278,0.11,0.4286,0.4572
122.351,3,NAVIGATE,-6.2106,1.9146,-2.0454,-0.8269,0.5233,1.0656,-0.6269,0.6233,0.8841,0.0,12.0,11.8443,1.0073633193969727,0.9532604217529297,27.15,0,1,180,1.645,0.2286,0.8147,0.2947,0.0686,0.2444,0.1179,0.4308,0.4024
122.401,3,NAVIGATE,-6.2606,1.942,-2.0373,-0.8106,0.5248,1.0606,-0.7106,0.5248,0.8834,0.0,12.0,11.8473,0.9742257595062256,0.923536479473114,24.65,0,1,180,1.502,0.0793,0.9837,0.2945,0.0238,0.2951,0.1178,0.4367,0.3934
122.451,3,NAVIGATE,-6.3063,1.9644,-2.0287,-0.7976,0.5261,1.0563,-0.6976,0.5261,0.8738,0.0,12.0,11.8526,0.9555975794792175,0.9077481031417847,22.65,0,1,180,1.562,0.085,0.9791,0.2913,0.0255,0.2937,0.1165,0.4358,0.3989
122.501,3,NAVIGATE,-6.3432,1.9834,-2.0225,-0.7865,0.5296,1.0527,-0.6865,0.5296,0.867,0.0,12.0,11.8561,0.9228261709213257,0.8832250237464905,19.39,0,1,180,1.528,0.0924,0.9802,0.289,0.0277,0.2941,0.1156,0.4374,0.3822
122.551,3,NAVIGATE,-6.384,2.007,-2.0162,-0.7745,0.5335,1.0483,-0.6745,0.5335,0.86,0.0,12.0,11.8581,0.9037941694259644,0.8693625330924988,17.64,0,1,180,1.619,0.1006,0.9852,0.2867,0.0302,0.2956,0.1147,0.4404,0.3887
122.601,3,NAVIGATE,-6.4227,2.0313,-2.011,-0.7643,0.5371,1.044,-0.5643,0.6371,0.8511,0.0,12.0,11.8586,0.8691545724868774,0.849453330039978,13.89,0,1,180,1.523,0.2702,0.8542,0.2837,0.0811,0.2563,0.1135,0.4508,0.428
122.651,3,NAVIGATE,-6.4599,2.0559,-2.0063,-0.7557,0.5396,1.0397,-0.5557,0.6396,0.8473,0.0,12.0,11.8581,0.854819655418396,0.8423177003860474,12.14,0,1,180,1.645,0.2758,0.8615,0.2824,0.0827,0.2584,0.113,0.4541,0.4316
122.701,3,NAVIGATE,-6.4927,2.0811,-2.0011,-0.7458,0.5425,1.0354,-0.5458,0.6425,0.843,0.0,12.0,11.855,0.8341628313064575,0.8325512409210205,10.13,0,1,180,1.68,0.283,0.8654,0.281,0.0849,0.2596,0.1124,0.4569,0.4305
122.751,3,NAVIGATE,-6.5201,2.1023,-1.9976,-0.7357,0.547,1.032,-0.5357,0.647,0.84,0.0,12.0,11.8522,0.8167338967323303,0.8167338967323303,6.38,0,1,180,1.639,0.2923,0.8966,0.28,0.0877,0.269,0.112,0.4687,0.4415
122.801,3,NAVIGATE,-6.5541,2.1274,-1.9944,-0.7223,0.5542,1.0279,-0.5223,0.6542,0.8371,0.0,12.0,11.8501,0.8146373629570007,0.8146373629570007,4.38,0,1,180,1.377,0.306,0.8915,0.279,0.0918,0.2674,0.1116,0.4709,0.4403
122.852,3,NAVIGATE,-6.5904,2.1517,-1.9926,-0.7084,0.5625,1.0237,-0.5084,0.7625,0.9164,0.0,12.0,11.85,0.8033143281936646,0.8033143281936646,0.38,0,1,180,1.891,0.3829,0.8793,0.3055,0.1149,0.2638,0.1222,0.5008,0.4347
122.901,3,NAVIGATE,-6.6257,2.1768,-1.9913,-0.6935,0.571,1.0194,-0.4935,0.771,0.9155,0.0,12.0,11.8488,0.8025912046432495,0.8025912046432495,-1.63,0,1,180,1.522,0.3968,0.873,0.3052,0.119,0.2619,0.1221,0.503,0.4333
122.951,3,NAVIGATE,-6.6527,2.1985,-1.9926,-0.6798,0.5786,1.0159,-0.4798,0.7786,0.9146,0.0,12.0,11.846,0.8006181120872498,0.8006181120872498,-3.38,0,1,180,1.715,0.4098,0.8975,0.3049,0.1229,0.2692,0.1219,0.5141,0.4464
123.001,3,NAVIGATE,-6.684,2.2251,-1.9949,-0.6628,0.5903,1.0117,-0.4628,0.7903,0.9158,0.0,12.0,11.8416,0.7976821660995483,0.7976821660995483,-7.63,0,1,180,1.519,0.427,0.9001,0.3053,0.1281,0.27,0.1221,0.5202,0.455
123.051,3,NAVIGATE,-6.7146,2.2525,-1.9971,-0.6461,0.6042,1.0075,-0.4461,0.8042,0.9196,0.0,12.0,11.8363,0.798408031463623,0.798408031463623,-9.63,0,1,180,1.7,0.445,0.9114,0.3065,0.1335,0.2734,0.1226,0.5295,0.4602
123.101,3,NAVIGATE,-6.7459,2.2809,-1.9958,-0.6305,0.6199,1.0035,-0.4305,0.8199,0.926,0.0,12.0,11.8308,0.8504394292831421,0.8009541034698486,-13.39,0,1,180,1.763,0.4623,0.9466,0.3087,0.1387,0.284,0.1235,0.5461,0.4738
123.151,3,NAVIGATE,-6.7764,2.3104,-1.9947,-0.6151,0.6364,0.9994,-0.4151,0.8364,0.9337,0.0,12.0,11.8241,0.8812615871429443,0.8004961013793945,-15.64,0,1,180,1.644,0.4793,0.9554,0.3112,0.1438,0.2866,0.1245,0.5549,0.4778
123.201,3,NAVIGATE,-6.8012,2.3363,-1.9949,-0.6023,0.6506,0.996,-0.4023,0.8506,0.9409,0.0,12.0,11.817,0.9085980653762817,0.8035704493522644,-17.64,0,1,180,1.59,0.4932,0.9763,0.3136,0.148,0.2929,0.1255,0.5663,0.4876
123.251,3,NAVIGATE,-6.8301,2.3716,-1.9997,-0.5867,0.6692,0.9921,-0.3867,0.8692,0.9513,0.0,12.0,11.8049,7.4695820808410645,0.8113613128662109,-21.39,0,1,180,1.708,0.51,0.9984,0.3234,0.153,0.2995,0.1294,0.5819,0.4951
123.301,3,NAVIGATE,-6.8583,2.4073,-2.0038,-0.571,0.6873,0.9883,-0.371,0.8873,0.9618,0.0,12.0,11.7922,7.456494331359863,0.8151847124099731,-23.15,0,1,180,1.553,0.5262,1.0,0.3374,0.1579,0.3,0.135,0.5928,0.5076
123.351,3,NAVIGATE,-6.881,2.4353,-2.0077,-0.5578,0.7015,0.9851,-0.3578,0.9015,0.9699,0.0,12.0,11.7827,7.451718807220459,0.8255305290222168,-27.15,0,1,180,1.647,0.5391,1.0,0.3486,0.1617,0.3,0.1394,0.6012,0.5225
123.401,3,NAVIGATE,-6.9075,2.4682,-2.0124,-0.5418,0.7177,0.9812,-0.3418,0.9177,0.9793,0.0,12.0,11.7715,7.441311359405518,0.8316007852554321,-28.9,0,1,180,1.445,0.554,1.0,0.3617,0.1662,0.3,0.1447,0.6108,0.5341
123.451,3,NAVIGATE,-6.9332,2.502,-2.0163,-0.5257,0.7337,0.9774,-0.3257,0.9337,0.9889,0.0,12.0,11.7593,7.444571495056152,0.8412346839904785,-30.65,0,1,180,1.691,0.5684,1.0,0.3747,0.1705,0.3,0.1499,0.6204,0.5458
123.501,3,NAVIGATE,-6.9541,2.5344,-2.0225,-0.5084,0.7485,0.9735,-0.3084,0.9485,0.9974,0.0,12.0,11.7455,7.421555519104004,0.8527637720108032,-34.66,0,1,180,1.521,0.5833,1.0,0.3879,0.175,0.3,0.1552,0.6302,0.5652
123.551,3,NAVIGATE,-6.9741,2.5676,-2.0281,-0.491,0.7633,0.9698,-0.291,0.9633,1.0063,0.0,12.0,11.7306,7.422255039215088,0.8610926270484924,-36.41,0,1,180,1.989,0.5978,1.0,0.4011,0.1793,0.3,0.1604,0.6398,0.576
123.601,3,NAVIGATE,-6.9906,2.5961,-2.0319,-0.4766,0.7759,0.9667,-0.2766,0.9759,1.0143,0.0,12.0,11.7175,7.402589797973633,0.8711338043212891,-38.16,0,1,180,1.613,0.6094,1.0,0.4121,0.1828,0.3,0.1648,0.6477,0.5907
123.651,3,NAVIGATE,-7.0075,2.6338,-2.0327,-0.4585,0.7924,0.9631,-0.2585,0.9924,1.0255,0.0,12.0,11.6974,7.395051002502441,0.8883442878723145,-41.66,0,1,180,1.802,0.6238,1.0,0.4265,0.1872,0.3,0.1706,0.6577,0.6173
123.701,3,NAVIGATE,-7.0244,2.6723,-2.033,-0.4406,0.8091,0.9595,-0.2406,1.0091,1.0374,0.0,12.0,11.6768,7.378180027008057,0.8990093469619751,-42.91,0,1,180,1.496,0.6375,1.0,0.4409,0.1912,0.3,0.1764,0.6676,0.6291
123.751,3,NAVIGATE,-7.038,2.7052,-2.0328,-0.426,0.8232,0.9566,-0.226,1.0232,1.0479,0.0,12.0,11.6588,7.362974643707275,0.9220513701438904,-46.42,0,1,180,1.471,0.6483,1.0,0.4529,0.1945,0.3,0.1812,0.6756,0.656
123.801,3,NAVIGATE,-7.0538,2.7457,-2.032,-0.4087,0.8404,0.9531,-0.2087,1.0404,1.0611,0.0,12.0,11.636,7.342731475830078,0.9326002597808838,-48.42,0,1,180,1.534,0.6606,1.0,0.4673,0.1982,0.3,0.1869,0.6851,0.6701
123.851,3,NAVIGATE,-7.0693,2.787,-2.0309,-0.3914,0.8576,0.9495,-0.1914,1.0576,1.0748,0.0,12.0,11.6126,7.344285488128662,0.9439375996589661,-49.92,0,1,180,1.587,0.6723,1.0,0.4817,0.2017,0.3,0.1927,0.6944,0.6807
123.901,3,NAVIGATE,-7.0856,2.8304,-2.032,-0.3745,0.8756,0.946,-0.1745,1.0756,1.0897,0.0,12.0,11.5883,7.326972007751465,0.9703636169433594,-52.92,0,1,180,1.5,0.6832,1.0,0.4963,0.205,0.3,0.1985,0.7035,0.7048
123.952,3,NAVIGATE,-7.0993,2.8674,-2.0335,-0.3606,0.8908,0.9431,-0.1606,1.0908,1.1026,0.0,12.0,11.5674,7.307575225830078,0.9835689663887024,-54.18,0,1,180,2.325,0.6917,1.0,0.5084,0.2075,0.3,0.2034,0.7109,0.7194
124.001,3,NAVIGATE,-7.1151,2.9123,-2.0347,-0.3438,0.9088,0.9394,-0.1438,1.1088,1.1181,0.0,12.0,11.5417,7.282235145568848,1.0108892917633057,-54.18,0,1,180,1.439,0.7016,1.0,0.5229,0.2105,0.3,0.2092,0.7196,0.745
124.051,3,NAVIGATE,-7.1322,2.9593,-2.0292,-0.3281,0.9273,0.9357,-0.1281,1.1273,1.1345,0.0,12.0,11.5154,7.257498264312744,1.0232256650924683,-51.92,0,1,180,1.617,0.7102,1.0,0.5371,0.2131,0.3,0.2149,0.7279,0.7595
124.101,3,NAVIGATE,-7.1485,3.0067,-2.024,-0.3119,0.9456,0.9321,-0.1119,1.1456,1.151,0.0,12.0,11.4883,7.2344207763671875,1.0467097759246826,-53.92,0,1,180,1.455,0.7186,1.0,0.5514,0.2156,0.3,0.2206,0.7362,0.7942
124.151,3,NAVIGATE,-7.1651,3.0544,-2.0198,-0.2959,0.9634,0.9286,-0.0959,1.1634,1.1674,0.0,12.0,11.4614,7.219027519226074,1.0594114065170288,-52.92,0,1,180,1.776,0.7265,1.0,0.5654,0.218,0.3,0.2262,0.7441,0.8092
124.201,3,NAVIGATE,-7.1828,3.1022,-2.0166,-0.2802,0.9807,0.9251,-0.0802,1.1807,1.1834,0.0,12.0,11.4352,7.204176902770996,1.0716736316680908,-54.93,0,1,180,1.77,0.7338,1.0,0.5789,0.2201,0.3,0.2316,0.7517,0.8249
124.251,3,NAVIGATE,-7.1992,3.1507,-2.0137,-0.264,0.998,0.9217,-0.064,1.198,1.1997,0.0,12.0,11.4078,7.1753716468811035,1.094827651977539,-57.43,0,1,180,1.447,0.741,1.0,0.5926,0.2223,0.3,0.2371,0.7593,0.8605
124.301,3,NAVIGATE,-7.2132,3.2004,-2.0113,-0.2468,1.0159,0.9183,-0.0468,1.2159,1.2168,0.0,12.0,11.3782,7.150271892547607,1.1103599071502686,-59.18,0,1,180,1.499,0.7484,1.0,0.6072,0.2245,0.3,0.2429,0.7674,0.8781
124.351,3,NAVIGATE,-7.2235,3.2424,-2.0095,-0.2319,1.0312,0.9155,-0.0319,1.2312,1.2316,0.0,12.0,11.3523,7.113612174987793,1.136293888092041,-61.93,0,1,180,1.523,0.7547,1.0,0.6196,0.2264,0.3,0.2479,0.7743,0.9169
124.401,3,NAVIGATE,-7.2366,3.3019,-2.0067,-0.2111,1.0522,0.9114,-0.0111,1.2522,1.2522,0.0,12.0,11.3149,7.109922409057617,1.1527353525161743,-63.43,0,1,180,1.503,0.7631,1.0,0.637,0.2289,0.3,0.2548,0.7837,0.9374
124.451,3,NAVIGATE,-7.2443,3.344,-2.0024,-0.1958,1.0661,0.9084,0.0042,1.2661,1.2661,0.0,12.0,11.2874,7.073090076446533,1.183098554611206,-66.19,0,1,180,1.547,0.769,1.0,0.6491,0.2307,0.3,0.2596,0.7904,0.9682
124.501,3,NAVIGATE,-7.2527,3.3952,-1.998,-0.1775,1.083,0.9049,0.0225,1.283,1.2831,0.0,12.0,11.2536,7.065409183502197,1.198472499847412,-67.69,0,1,180,1.384,0.7758,1.0,0.6636,0.2327,0.3,0.2655,0.7982,0.9883
124.551,3,NAVIGATE,-7.2615,3.4478,-1.994,-0.1598,1.1006,0.9014,0.0402,1.3006,1.3012,0.0,12.0,11.2192,7.033380508422852,1.2150335311889648,-68.94,0,1,180,1.659,0.7819,1.0,0.6783,0.2346,0.3,0.2713,0.8059,1.0108
124.601,3,NAVIGATE,-7.2714,3.5021,-1.99,-0.1429,1.1194,0.8979,0.0571,1.3194,1.3206,0.0,12.0,11.1842,6.9902849197387695,1.2513576745986938,-71.69,0,1,180,1.382,0.7872,1.0,0.6931,0.2362,0.3,0.2772,0.8134,1.0606
124.651,3,NAVIGATE,-7.2801,3.5572,-1.9867,-0.1258,1.1382,0.8945,0.0742,1.3382,1.3403,0.0,12.0,11.1481,6.958539009094238,1.271579384803772,-73.19,0,1,180,1.552,0.7923,1.0,0.708,0.2377,0.3,0.2832,0.8209,1.0873
124.701,3,NAVIGATE,-7.2899,3.6124,-1.9832,-0.1095,1.1566,0.8911,0.0905,1.3566,1.3596,0.0,12.0,11.1128,6.914358139038086,1.3094966411590576,-75.7,0,1,180,1.491,0.7967,1.0,0.7222,0.239,0.3,0.2889,0.8279,1.1442
124.751,3,NAVIGATE,-7.2994,3.6681,-1.9801,-0.0934,1.1748,0.8876,0.1066,1.3748,1.3789,0.0,12.0,11.0771,6.9044671058654785,1.3306776285171509,-76.95,0,1,180,1.673,0.8008,1.0,0.7362,0.2403,0.3,0.2945,0.8347,1.16
124.801,3,NAVIGATE,-7.3078,3.7251,-1.9779,-0.0769,1.193,0.8841,0.1231,1.393,1.3984,0.0,12.0,11.0398,6.857781887054443,1.3703608512878418,-79.2,0,1,180,1.399,0.8049,1.0,0.7504,0.2415,0.3,0.3002,0.8416,1.212
124.851,3,NAVIGATE,-7.3146,3.7745,-1.9777,-0.063,1.2085,0.881,0.137,1.4085,1.4151,0.0,12.0,11.0074,6.826486110687256,1.3992578983306885,-80.7,0,1,180,1.586,0.8081,1.0,0.7624,0.2424,0.3,0.305,0.8474,1.245
124.901,3,NAVIGATE,-7.3214,3.8343,-1.9778,-0.0459,1.2271,0.8773,0.1541,1.4271,1.4354,0.0,12.0,10.9673,6.805731296539307,1.4183112382888794,-81.7,0,1,180,1.659,0.8119,1.0,0.7769,0.2436,0.3,0.3108,0.8543,1.2792
124.951,3,NAVIGATE,-7.3273,3.8937,-1.9781,-0.0288,1.245,0.8735,0.1712,1.445,1.4551,0.0,12.0,10.9271,6.7552995681762695,1.4641934633255005,-83.95,0,1,180,1.575,0.8156,1.0,0.7912,0.2447,0.3,0.3165,0.8612,1.3225
125.001,3,NAVIGATE,-7.3328,3.9519,-1.9785,-0.0118,1.2621,0.8696,0.1882,1.4621,1.4742,0.0,12.0,10.8876,6.729366779327393,1.4901025295257568,-85.2,0,1,180,1.432,0.8191,1.0,0.805,0.2457,0.3,0.322,0.8677,1.3592
125.051,3,NAVIGATE,-7.3362,4.0013,-1.9789,0.0026,1.2765,0.8664,0.2026,1.4765,1.4904,0.0,12.0,10.8536,6.6853179931640625,1.5400413274765015,-87.21,0,1,180,1.61,0.822,1.0,0.8167,0.2466,0.3,0.3267,0.8733,1.4077
125.101,3,NAVIGATE,-7.3379,4.0712,-1.9815,0.0233,1.2967,0.8618,0.2233,1.3967,1.4145,0.0,12.0,10.8033,6.644464015960693,1.570926308631897,-88.46,0,1,180,1.489,0.8319,1.0,0.7845,0.2496,0.3,0.3138,0.8634,1.4177
125.151,3,NAVIGATE,-7.3378,4.1219,-1.9838,0.0382,1.3113,0.8585,0.2382,1.4113,1.4313,0.0,12.0,10.7661,6.624495983123779,1.5936282873153687,-89.46,0,1,180,1.687,0.835,1.0,0.7968,0.2505,0.3,0.3187,0.8692,1.4216
125.201,3,NAVIGATE,-7.3367,4.1837,-1.9862,0.0561,1.3292,0.8545,0.2561,1.4292,1.452,0.0,12.0,10.7201,6.567834854125977,1.6511815786361694,-91.46,0,1,180,1.494,0.8384,1.0,0.8116,0.2515,0.3,0.3246,0.8762,1.4267
125.251,3,NAVIGATE,-7.3366,4.2454,-1.9873,0.0728,1.3446,0.8505,0.2728,1.4446,1.4702,0.0,12.0,10.6752,6.539369583129883,1.6775989532470703,129.24,0,1,180,1.576,0.8413,1.0,0.8246,0.2524,0.3,0.3298,0.8822,1.4295
125.301,3,NAVIGATE,-7.3354,4.3082,-1.9885,0.0898,1.3578,0.8465,0.2898,1.4578,1.4864,0.0,12.0,10.6288,6.481287479400635,1.680806279182434,132.25,0,1,180,1.553,0.8444,1.0,0.8367,0.2533,0.3,0.3347,0.888,1.4373
125.352,3,NAVIGATE,-7.3334,4.3729,-1.9933,0.1072,1.37,0.8425,0.3072,1.37,1.4041,0.0,12.0,10.5807,6.446794033050537,1.6833864450454712,132.5,0,1,180,1.859,0.855,1.0,0.8003,0.2565,0.3,0.3201,0.8766,1.444
125.401,3,NAVIGATE,-7.3311,4.4402,-2.0045,0.1246,1.3825,0.8385,0.3246,1.3825,1.4201,0.0,12.0,10.5307,6.389707565307617,1.6882370710372925,131.25,0,1,180,1.52,0.858,1.0,0.8123,0.2574,0.3,0.3249,0.8823,1.4528
125.451,3,NAVIGATE,-7.3282,4.4967,-2.0127,0.1393,1.3925,0.8353,0.3393,1.3925,1.4333,0.0,12.0,10.4882,6.372867107391357,1.6930124759674072,130.25,0,1,180,1.533,0.8605,1.0,0.8222,0.2581,0.3,0.3289,0.887,1.4606
125.5,3,NAVIGATE,-7.3218,4.5654,-2.0239,0.1573,1.4019,0.8314,0.3573,1.4019,1.4468,0.0,12.0,10.4346,6.354084491729736,1.695909023284912,132.0,0,1,180,1.051,0.8637,1.0,0.8331,0.2591,0.3,0.3332,0.8923,1.4652
125.55,3,NAVIGATE,-7.3135,4.6346,-2.0346,0.1757,1.4088,0.8274,0.3757,1.4088,1.458,0.0,12.0,10.3796,6.311954498291016,1.705973505973816,129.75,0,1,180,0.939,0.8672,1.0,0.8429,0.2602,0.3,0.3372,0.8973,1.4805
125.6,3,NAVIGATE,-7.3044,4.7037,-2.0433,0.1942,1.4139,0.8233,0.3942,1.4139,1.4678,0.0,12.0,10.3242,6.293138027191162,1.710495114326477,132.75,0,1,180,0.979,0.8708,1.0,0.8521,0.2612,0.3,0.3408,0.9021,1.4877
125.65,3,NAVIGATE,-7.2951,4.7744,-2.0487,0.2129,1.4192,0.819,0.4129,1.4192,1.478,0.0,12.0,10.2678,6.253180503845215,1.7214977741241455,132.0,0,1,180,0.896,0.8742,1.0,0.8613,0.2623,0.3,0.3445,0.9068,1.5036
125.7,3,NAVIGATE,-7.2848,4.8449,-2.0526,0.2316,1.4241,0.8148,0.4316,1.4241,1.488,0.0,12.0,10.211,6.230352878570557,1.7291712760925293,132.25,0,1,180,0.998,0.8775,1.0,0.8705,0.2633,0.3,0.3482,0.9115,1.5144
125.75,3,NAVIGATE,-7.2741,4.9151,-2.056,0.2502,1.4289,0.8105,0.4502,1.4289,1.4981,0.0,12.0,10.1543,6.184218406677246,1.7435429096221924,134.75,0,1,180,1.002,0.8808,1.0,0.8796,0.2642,0.3,0.3519,0.9161,1.5324
125.8,3,NAVIGATE,-7.2635,4.9847,-2.0595,0.2685,1.4336,0.8061,0.4685,1.3336,1.4135,0.0,12.0,10.0982,6.163172721862793,1.7500741481781006,133.25,0,1,180,0.965,0.8939,1.0,0.8423,0.2682,0.3,0.3369,0.9051,1.5438
125.85,3,NAVIGATE,-7.2516,5.0544,-2.0619,0.287,1.4387,0.8018,0.487,1.3387,1.4245,0.0,12.0,10.0413,6.137646198272705,1.7594342231750488,133.75,0,1,180,1.04,0.8969,1.0,0.8518,0.2691,0.3,0.3407,0.9098,1.5559
125.9,3,NAVIGATE,-7.2359,5.124,-2.0642,0.3068,1.4435,0.7976,0.5068,1.3435,1.436,0.0,12.0,9.9819,6.090522766113281,1.7764325141906738,134.75,0,1,180,1.032,0.9004,1.0,0.8619,0.2701,0.3,0.3448,0.9149,1.5763
125.95,3,NAVIGATE,-7.219,5.1936,-2.0656,0.3266,1.4458,0.7933,0.5266,1.3458,1.4452,0.0,12.0,9.9217,6.066796779632568,1.7856569290161133,134.5,0,1,180,1.022,0.904,1.0,0.871,0.2712,0.3,0.3484,0.9196,1.5891
126.0,3,NAVIGATE,-7.2043,5.2517,-2.0661,0.3431,1.446,0.7899,0.5431,1.346,1.4515,0.0,12.0,9.8712,6.013265609741211,1.805215835571289,134.25,0,1,180,0.9,0.9071,1.0,0.8777,0.2721,0.3,0.3511,0.9232,1.6146
126.05,3,NAVIGATE,-7.1891,5.3172,-2.0697,0.3617,1.4427,0.7856,0.5617,1.3427,1.4554,0.0,12.0,9.8154,5.9878315925598145,1.817124366760254,134.25,0,1,180,0.959,0.9108,1.0,0.8837,0.2732,0.3,0.3535,0.9267,1.6287
126.1,3,NAVIGATE,-7.1728,5.3831,-2.072,0.3804,1.4387,0.7814,0.5804,1.3387,1.4591,0.0,12.0,9.7587,5.932755470275879,1.839853048324585,134.5,0,1,180,0.897,0.9145,1.0,0.8896,0.2743,0.3,0.3558,0.9302,1.6567
126.15,3,NAVIGATE,-7.1548,5.448,-2.074,0.3996,1.4341,0.7771,0.5996,1.3341,1.4626,0.0,12.0,9.7015,5.907835483551025,1.8533598184585571,133.75,0,1,180,0.953,0.9183,1.0,0.8955,0.2755,0.3,0.3582,0.9337,1.6705
126.2,3,NAVIGATE,-7.1354,5.5121,-2.0757,0.4192,1.4292,0.7728,0.6192,1.3292,1.4664,0.0,12.0,9.644,5.855297088623047,1.8765676021575928,134.0,0,1,180,1.06,0.9222,1.0,0.9016,0.2767,0.3,0.3606,0.9373,1.6997
126.25,3,NAVIGATE,-7.1114,5.5874,-2.0763,0.442,1.4243,0.7677,0.642,1.3243,1.4717,0.0,12.0,9.5757,5.824198246002197,1.8922700881958008,135.0,0,1,180,0.941,0.9266,1.0,0.9091,0.278,0.3,0.3636,0.9416,1.7197
126.3,3,NAVIGATE,-7.0962,5.6449,-2.0769,0.4575,1.4228,0.7641,0.6575,1.3228,1.4772,0.0,12.0,9.5259,5.770787239074707,1.91923189163208,134.5,0,1,180,0.886,0.929,1.0,0.9149,0.2787,0.3,0.3659,0.9446,1.7489
126.35,3,NAVIGATE,-7.0732,5.7253,-2.0767,0.4792,1.421,0.7593,0.6792,1.321,1.4853,0.0,12.0,9.4553,5.741071701049805,1.9335856437683105,134.25,0,1,180,0.97,0.9322,1.0,0.9231,0.2797,0.3,0.3692,0.9489,1.7688
126.4,3,NAVIGATE,-7.0507,5.7941,-2.0757,0.4986,1.4193,0.7553,0.6986,1.3193,1.4928,0.0,12.0,9.3928,5.709487438201904,1.9488345384597778,134.75,0,1,180,0.923,0.9352,1.0,0.9307,0.2805,0.3,0.3723,0.9528,1.7852
126.45,3,NAVIGATE,-7.0288,5.8515,-2.0747,0.5157,1.4178,0.752,0.7157,1.3178,1.4996,0.0,12.0,9.3385,5.652833938598633,1.981109619140625,134.75,0,1,180,0.95,0.9378,1.0,0.9375,0.2813,0.3,0.375,0.9564,1.8225
126.5,3,NAVIGATE,-7.0019,5.9202,-2.0728,0.5362,1.4157,0.748,0.7362,1.2157,1.4213,0.0,12.0,9.2731,5.6244282722473145,1.9981096982955933,135.0,0,1,180,0.947,0.952,1.0,0.902,0.2856,0.3,0.3608,0.9464,1.8434
126.55,3,NAVIGATE,-6.9756,5.9904,-2.0744,0.5561,1.4143,0.7439,0.7561,1.2143,1.4305,0.0,12.0,9.2073,5.560005187988281,2.0320022106170654,135.0,0,1,180,0.955,0.9545,1.0,0.9103,0.2864,0.3,0.3641,0.9505,1.8823
126.6,3,NAVIGATE,-6.949,6.0609,-2.0767,0.5756,1.4129,0.7399,0.7756,1.2129,1.4396,0.0,12.0,9.1412,5.530486106872559,2.0497896671295166,135.0,0,1,180,0.886,0.9569,1.0,0.9184,0.2871,0.3,0.3674,0.9544,1.9026
126.65,3,NAVIGATE,-6.9214,6.131,-2.078,0.5947,1.4084,0.7359,0.7947,1.2084,1.4463,0.0,12.0,9.0747,5.464818954467773,2.089200258255005,134.75,0,1,180,0.883,0.9594,1.0,0.9251,0.2878,0.3,0.37,0.9579,1.9449
126.7,3,NAVIGATE,-6.8942,6.2015,-2.0827,0.6135,1.4019,0.7319,0.8135,1.2019,1.4513,0.0,12.0,9.0085,5.435275077819824,2.106358289718628,135.0,0,1,180,1.065,0.962,1.0,0.9308,0.2886,0.3,0.3723,0.9609,1.8945
126.751,3,NAVIGATE,-6.8658,6.2712,-2.0858,0.6326,1.3934,0.7279,0.8326,1.1934,1.4551,0.0,12.0,8.942,5.402963638305664,2.1264073848724365,134.75,0,1,180,1.641,0.9648,1.0,0.9359,0.2894,0.3,0.3744,0.9638,1.8255
126.801,3,NAVIGATE,-6.8357,6.3402,-2.0859,0.6522,1.3838,0.7239,0.8522,1.1838,1.4587,0.0,12.0,8.8747,5.33709192276001,2.1693999767303467,135.0,0,1,180,1.441,0.9676,1.0,0.9409,0.2903,0.3,0.3764,0.9666,1.7234
126.851,3,NAVIGATE,-6.8033,6.4085,-2.0819,0.6725,1.3738,0.7199,0.8725,1.1738,1.4626,0.0,12.0,8.8063,5.303441047668457,2.1905577182769775,134.25,0,1,180,1.424,0.9705,1.0,0.9463,0.2911,0.3,0.3785,0.9696,1.6834
126.9,3,NAVIGATE,-6.7701,6.4761,-2.0775,0.6931,1.3637,0.7158,0.8931,1.1637,1.4669,0.0,12.0,8.7377,5.236654758453369,2.23234486579895,135.0,0,1,180,1.333,0.9732,1.0,0.9518,0.292,0.3,0.3807,0.9727,1.5878
126.951,3,NAVIGATE,-6.7392,6.5422,-2.0702,0.7124,1.353,0.7118,0.9124,1.153,1.4703,0.0,12.0,8.6721,5.200440406799316,2.257124900817871,135.0,0,1,180,1.436,0.9758,1.0,0.9564,0.2927,0.3,0.3826,0.9753,1.5153
127.0,3,NAVIGATE,-6.713,6.5966,-2.0639,0.7284,1.3441,0.7086,0.9284,1.1441,1.4734,0.0,12.0,8.6175,5.165580749511719,2.281076669692993,135.0,0,1,180,1.365,0.9778,1.0,0.9604,0.2933,0.3,0.3842,0.9775,1.4511
127.051,3,NAVIGATE,-6.6802,6.6614,-2.0566,0.748,1.3335,0.7045,0.948,1.1335,1.4777,0.0,12.0,8.5514,5.0964179039001465,2.3266210556030273,135.0,0,1,180,1.548,0.9801,1.0,0.9655,0.294,0.3,0.3862,0.9802,1.3581
127.101,3,NAVIGATE,-6.6459,6.7268,-2.0499,0.768,1.3233,0.7005,0.968,1.1233,1.4829,0.0,12.0,8.4838,5.057326793670654,2.354585647583008,134.25,0,1,180,1.393,0.9822,1.0,0.971,0.2947,0.3,0.3884,0.9831,1.2833
127.151,3,NAVIGATE,-6.6103,6.7914,-2.0437,0.7884,1.3131,0.6966,0.9884,1.1131,1.4886,0.0,12.0,8.4158,4.9866042137146,2.403099775314331,135.0,0,1,180,1.535,0.9843,1.0,0.9768,0.2953,0.3,0.3907,0.986,1.1886
127.201,3,NAVIGATE,-6.5737,6.8556,-2.0384,0.8089,1.3029,0.6928,0.9089,1.1029,1.4292,0.0,12.0,8.3473,4.951659202575684,2.4298813343048096,134.75,0,1,180,1.632,0.9764,1.0,0.9303,0.2929,0.3,0.3721,0.9651,1.3919
127.251,3,NAVIGATE,-6.5361,6.9193,-2.0342,0.8298,1.2927,0.689,0.9298,1.0927,1.4347,0.0,12.0,8.2785,4.874944686889648,2.484081506729126,135.0,0,1,180,1.514,0.9791,1.0,0.9365,0.2937,0.3,0.3746,0.9683,1.2901
127.301,3,NAVIGATE,-6.4972,6.9823,-2.0301,0.8505,1.2823,0.6852,0.9505,1.0823,1.4404,0.0,12.0,8.2092,4.8371381759643555,2.5113260746002197,134.75,0,1,180,1.477,0.9815,1.0,0.9426,0.2945,0.3,0.377,0.9715,1.216
127.351,3,NAVIGATE,-6.456,7.0457,-2.0222,0.8688,1.2719,0.6813,0.9688,1.0719,1.4449,0.0,12.0,8.1378,4.7559051513671875,2.568506956100464,135.0,0,1,180,1.442,0.9836,1.0,0.9474,0.2951,0.3,0.379,0.9741,1.1233
127.401,3,NAVIGATE,-6.4136,7.1086,-2.0143,0.8848,1.2614,0.6776,0.9848,1.0614,1.4479,0.0,12.0,8.066,4.7175374031066895,2.5955731868743896,135.0,0,1,180,1.42,0.9854,1.0,0.9511,0.2956,0.3,0.3805,0.9761,1.1396
127.451,3,NAVIGATE,-6.371,7.1704,-2.0061,0.8991,1.2508,0.674,0.9991,1.0508,1.45,0.0,12.0,7.9947,4.639395236968994,2.6531858444213867,135.0,0,1,180,1.394,0.9869,1.0,0.954,0.2961,0.3,0.3816,0.9777,1.0709
127.501,3,NAVIGATE,-6.3298,7.2308,-1.9934,0.9123,1.2399,0.6706,0.9123,1.1399,1.4601,0.0,12.0,7.9254,4.595943927764893,2.6858651638031006,135.0,0,1,180,1.641,0.9689,1.0,0.9431,0.2907,0.3,0.3772,0.9679,1.4416
127.551,3,NAVIGATE,-6.2876,7.2905,-1.9826,0.9256,1.2289,0.6673,0.9256,1.1289,1.4599,0.0,12.0,7.8557,4.519467353820801,2.746445417404175,135.0,0,1,180,1.424,0.9711,1.0,0.9451,0.2913,0.3,0.378,0.9694,1.3802
127.601,3,NAVIGATE,-6.2451,7.3494,-1.9729,0.9391,1.2174,0.6638,0.9391,1.1174,1.4596,0.0,12.0,7.7865,4.478452205657959,2.7753307819366455,135.0,0,1,180,1.431,0.9733,1.0,0.947,0.292,0.3,0.3788,0.9708,1.3281
127.651,3,NAVIGATE,-6.2019,7.4075,-1.9646,0.9503,1.2079,0.6603,0.9503,1.1079,1.4596,0.0,12.0,7.7172,4.436873912811279,2.8092668056488037,135.0,0,1,180,1.627,0.9749,1.0,0.9487,0.2925,0.3,0.3795,0.9719,1.2833
127.701,3,NAVIGATE,-6.158,7.4653,-1.9578,0.9593,1.2008,0.6568,0.9593,1.1008,1.4602,0.0,12.0,7.6475,4.356000900268555,2.8690078258514404,135.0,0,1,180,1.567,0.9761,1.0,0.9501,0.2928,0.3,0.3801,0.9729,1.2337
127.751,3,NAVIGATE,-6.115,7.5252,-1.9511,0.9662,1.1965,0.6535,0.9662,1.0965,1.4615,0.0,12.0,7.5775,4.316401481628418,2.9018425941467285,135.0,0,1,180,1.638,0.9766,1.0,0.9515,0.293,0.3,0.3806,0.9736,1.2097
127.801,3,NAVIGATE,-6.0713,7.5845,-1.9458,0.9722,1.1932,0.6503,0.9722,1.0932,1.463,0.0,12.0,7.5071,4.2333855628967285,2.96944522857666,135.0,0,1,180,1.497,0.977,1.0,0.9528,0.2931,0.3,0.3811,0.9742,1.1783
127.851,3,NAVIGATE,-6.0266,7.643,-1.9416,0.9782,1.1898,0.6473,0.9782,1.0898,1.4644,0.0,12.0,7.4366,4.193755149841309,3.0013439655303955,135.0,0,1,180,1.406,0.9773,1.0,0.9541,0.2932,0.3,0.3817,0.9749,1.24
127.901,3,NAVIGATE,-5.9809,7.7005,-1.9382,0.9843,1.1859,0.6443,0.9843,1.0859,1.4656,0.0,12.0,7.3659,4.109312534332275,3.06911039352417,135.0,0,1,180,1.447,0.9778,1.0,0.9554,0.2933,0.3,0.3822,0.9755,1.1995
127.95,3,NAVIGATE,-5.9347,7.7576,-1.9358,0.9908,1.1815,0.6414,0.9908,1.0815,1.4667,0.0,12.0,7.2951,4.0704264640808105,3.103062629699707,135.0,0,1,180,1.3,0.9783,1.0,0.9566,0.2935,0.3,0.3827,0.9762,1.1776
128.001,3,NAVIGATE,-5.8934,7.8049,-1.9343,0.9971,1.1774,0.639,0.9971,1.0774,1.468,0.0,12.0,7.2341,4.031817436218262,3.136277437210083,135.0,0,1,180,1.452,0.979,1.0,0.9581,0.2937,0.3,0.3832,0.9769,1.155
128.051,3,NAVIGATE,-5.8348,7.8706,-1.9328,1.0062,1.1712,0.6358,1.0062,1.0712,1.4696,0.0,12.0,7.1482,11.096516609191895,3.2048892974853516,135.0,0,1,180,1.392,0.9799,1.0,0.9601,0.294,0.3,0.384,0.978,1.1145
128.101,3,NAVIGATE,-5.7929,7.9173,-1.9323,1.0126,1.1666,0.6335,1.0126,1.0666,1.4707,0.0,12.0,7.087,11.063837051391602,3.2381949424743652,135.0,0,1,180,1.397,0.9806,1.0,0.9614,0.2942,0.3,0.3846,0.9787,1.0864
128.151,3,NAVIGATE,-5.7365,7.9713,-1.9357,1.0222,1.1603,0.6308,1.0222,1.0603,1.4728,0.0,12.0,7.0099,10.999680519104004,3.3062007427215576,135.0,0,1,180,1.503,0.9817,1.0,0.9639,0.2945,0.3,0.3856,0.9801,1.1131
128.2,3,NAVIGATE,-5.6808,8.0253,-1.939,1.0312,1.1541,0.6281,0.9312,1.1541,1.4829,0.0,12.0,6.9333,10.96358871459961,3.3428690433502197,135.0,0,1,180,1.324,0.9607,1.0,0.9497,0.2882,0.3,0.3799,0.9681,1.4041
128.251,3,NAVIGATE,-5.6259,8.08,-1.9422,1.0396,1.1482,0.6255,0.9396,1.1482,1.4836,0.0,12.0,6.857,10.897476196289062,3.3489391803741455,-30.4,0,1,180,1.378,0.962,1.0,0.9515,0.2886,0.3,0.3806,0.9692,1.3537
128.301,3,NAVIGATE,-5.5717,8.1352,-1.9455,1.0471,1.1427,0.6228,0.9471,1.1427,1.4841,0.0,12.0,6.7809,10.863419532775879,3.31339693069458,-30.65,0,1,180,1.375,0.9632,1.0,0.953,0.2889,0.3,0.3812,0.9701,1.3265
128.351,3,NAVIGATE,-5.5178,8.1901,-1.9486,1.0517,1.1395,0.6201,0.9517,1.1395,1.4847,0.0,12.0,6.7053,10.826308250427246,3.2725536823272705,-31.4,0,1,180,1.569,0.9636,1.0,0.9538,0.2891,0.3,0.3815,0.9706,1.3036
128.401,3,NAVIGATE,-5.4744,8.2341,-1.95,1.0529,1.1381,0.6179,0.9529,1.1381,1.4843,0.0,12.0,6.6446,10.763916969299316,3.2011125087738037,-32.41,0,1,180,1.357,0.9635,1.0,0.9534,0.289,0.3,0.3814,0.9704,1.3343
128.451,3,NAVIGATE,-5.4144,8.2954,-1.9514,1.0521,1.1381,0.6149,0.9521,1.1381,1.4838,0.0,12.0,6.5605,10.731483459472656,3.1669507026672363,-32.66,0,1,180,1.392,0.9627,1.0,0.9523,0.2888,0.3,0.3809,0.9697,1.3246
128.501,3,NAVIGATE,-5.3717,8.3394,-1.9524,1.0508,1.1392,0.6129,0.9508,1.1392,1.4838,0.0,12.0,6.5004,10.655767440795898,3.0902583599090576,-33.66,0,1,180,1.43,0.9619,1.0,0.9515,0.2886,0.3,0.3806,0.9691,1.2966
128.551,3,NAVIGATE,-5.3199,8.3916,-1.9555,1.0492,1.1405,0.6107,0.9492,1.1405,1.4838,0.0,12.0,6.4282,10.619105339050293,3.0579822063446045,-33.91,0,1,180,1.463,0.9609,1.0,0.9505,0.2883,0.3,0.3802,0.9685,1.2909
128.601,3,NAVIGATE,-5.2685,8.4442,-1.9583,1.0478,1.1419,0.6087,0.9478,1.1419,1.484,0.0,12.0,6.3561,10.58117389678955,3.024672746658325,-35.41,0,1,180,1.502,0.9599,1.0,0.9496,0.288,0.3,0.3798,0.9678,1.3407
128.65,3,NAVIGATE,-5.217,8.4968,-1.9633,1.0469,1.1431,0.6067,0.9469,1.1431,1.4844,0.0,12.0,6.284,10.50192642211914,2.954636335372925,-36.41,0,1,180,1.317,0.9589,1.0,0.9489,0.2877,0.3,0.3796,0.9672,1.3064
128.701,3,NAVIGATE,-5.1654,8.5494,-1.9699,1.0464,1.1441,0.6048,0.9464,1.1441,1.4849,0.0,12.0,6.212,10.46367359161377,2.921632766723633,-34.41,0,1,180,1.353,0.958,1.0,0.9484,0.2874,0.3,0.3793,0.9668,1.2932
128.751,3,NAVIGATE,-5.1227,8.5935,-1.9747,1.0462,1.1449,0.6032,0.9462,1.1449,1.4852,0.0,12.0,6.1519,10.381613731384277,2.8507261276245117,-34.41,0,1,180,1.526,0.9573,1.0,0.9479,0.2872,0.3,0.3791,0.9663,1.3193
128.801,3,NAVIGATE,-5.0726,8.6481,-1.9748,1.0454,1.1464,0.6012,0.9454,1.1464,1.4859,0.0,12.0,6.08,10.34003734588623,2.81807804107666,-33.91,0,1,180,1.397,0.9561,1.0,0.9472,0.2868,0.3,0.3789,0.9657,1.3062
128.851,3,NAVIGATE,-5.0232,8.7036,-1.9724,1.0444,1.1481,0.5992,1.0444,1.0481,1.4796,0.0,12.0,6.0082,10.261045455932617,2.7527401447296143,-35.91,0,1,180,1.496,0.9788,1.0,0.9655,0.2936,0.3,0.3862,9981.018,1.0953
128.901,3,NAVIGATE,-4.9737,8.7592,-1.9704,1.0431,1.15,0.5973,0.9431,1.15,1.4872,0.0,12.0,5.9364,10.216538429260254,2.7150392532348633,-35.16,0,1,180,1.43,0.9534,1.0,0.9453,0.286,0.3,0.3781,0.9641,1.3061
128.951,3,NAVIGATE,-4.9198,8.8147,-1.9597,1.0436,1.1514,0.5955,0.9436,1.1514,1.4887,0.0,12.0,5.861,10.176280975341797,2.682218551635742,-34.91,0,1,180,1.444,0.9524,1.0,0.9452,0.2857,0.3,0.3781,0.9638,1.2931
129.001,3,NAVIGATE,-4.8753,8.8609,-1.9521,1.0458,1.1507,0.5939,0.9458,1.1507,1.4896,0.0,12.0,5.7985,10.095800399780273,2.6152820587158203,-34.66,0,1,180,1.372,0.9521,1.0,0.9455,0.2856,0.3,0.3782,0.9638,1.2996
129.051,3,NAVIGATE,-4.8131,8.9249,-1.9462,1.0489,1.1493,0.5914,0.9489,1.0493,1.4147,0.0,12.0,5.7116,10.05068588256836,2.579073429107666,-33.91,0,1,180,1.342,0.9645,1.0,0.9097,0.2894,0.3,0.3639,9980.2369,1.1775
129.101,3,NAVIGATE,-4.7686,8.9701,-1.9455,1.0507,1.1485,0.5894,0.9507,1.0485,1.4153,0.0,12.0,5.6498,9.972689628601074,2.5128352642059326,-34.66,0,1,180,1.538,0.9642,1.0,0.9098,0.2893,0.3,0.3639,9980.7151,1.1896
129.151,3,NAVIGATE,-4.7068,9.0335,-1.9451,1.0519,1.1484,0.5868,0.9519,1.0484,1.4161,0.0,12.0,5.5637,9.936595916748047,2.479992628097534,-32.91,0,1,180,1.481,0.9634,1.0,0.9095,0.289,0.3,0.3638,9981.3184,1.172
129.201,3,NAVIGATE,-4.6572,9.091,-1.9456,1.0502,1.1481,0.5846,0.9502,0.9481,1.3423,0.0,12.0,5.4911,9.853906631469727,2.408618211746216,-31.9,0,1,180,1.425,0.9746,1.0,0.8721,0.2924,0.3,0.3489,9981.7654,1.0817
129.251,3,NAVIGATE,-4.6082,9.1486,-1.9464,1.048,1.1461,0.5823,1.048,0.9461,1.4119,0.0,12.0,5.419,9.815805435180664,2.375657558441162,-34.41,0,1,180,1.38,0.9838,1.0,0.926,0.2951,0.3,0.3704,9985.2682,1.0099
129.301,3,NAVIGATE,-4.559,9.2063,-1.9466,1.0454,1.1424,0.5799,1.0454,0.9424,1.4075,0.0,12.0,5.3469,9.734280586242676,2.307802677154541,-32.91,0,1,180,1.539,0.9831,1.0,0.9225,0.2949,0.3,0.369,9985.6757,1.0196
129.351,3,NAVIGATE,-4.5096,9.2641,-1.9455,1.0431,1.1354,0.5775,1.0431,0.9354,1.4011,0.0,12.0,5.2747,9.69506549835205,2.273912191390991,-33.41,0,1,180,1.454,0.9828,1.0,0.918,0.2948,0.3,0.3672,9986.08,0.9999
129.401,3,NAVIGATE,-4.4602,9.321,-1.9449,1.0439,1.1255,0.575,1.0439,0.9255,1.3951,0.0,12.0,5.2029,9.624265670776367,2.2072596549987793,-34.41,0,1,180,1.391,0.983,1.0,0.9143,0.2949,0.3,0.3657,9986.5757,1.003
129.451,3,NAVIGATE,-4.4082,9.3784,-1.9429,1.0484,1.1142,0.5722,1.0484,0.9142,1.391,0.0,12.0,5.1288,9.583491325378418,2.170536994934082,-34.91,0,1,180,1.541,0.9837,1.0,0.9123,0.2951,0.3,0.3649,9987.2043,0.9702
129.501,3,NAVIGATE,-4.3551,9.4354,-1.9407,1.055,1.102,0.5691,1.055,0.902,1.388,0.0,12.0,5.0542,9.519070625305176,2.104196071624756,-32.15,0,1,180,1.437,0.9847,1.0,0.9112,0.2954,0.3,0.3645,9987.9028,1.0003
129.551,3,NAVIGATE,-4.3021,9.4912,-1.939,1.0621,1.0893,0.5656,1.0621,0.8893,1.3852,0.0,12.0,4.9802,9.4906587600708,2.0701234340667725,-31.9,0,1,180,1.552,0.9857,1.0,0.9103,0.2957,0.3,0.3641,9988.6141,0.9687
129.601,3,NAVIGATE,-4.2483,9.5462,-1.9447,1.0691,1.0758,0.5619,1.0691,0.8758,1.382,0.0,12.0,4.906,9.454833030700684,2.033447265625,-32.41,0,1,180,1.446,0.9868,1.0,0.9092,0.296,0.3,0.3637,9989.3284,0.9768
129.651,3,NAVIGATE,-4.1946,9.6002,-1.9499,1.0756,1.0626,0.5581,1.0756,0.8626,1.3788,0.0,12.0,4.8326,9.405084609985352,1.9655122756958008,-33.16,0,1,180,1.391,0.9878,1.0,0.908,0.2963,0.3,0.3632,9990.0216,0.9675
129.701,3,NAVIGATE,-4.1414,9.6533,-1.9544,1.0813,1.0499,0.5541,0.9813,0.8499,1.2982,0.0,12.0,4.7601,9.381381034851074,1.932366967201233,-33.16,0,1,180,1.342,0.9804,1.0,0.8485,0.2941,0.3,0.3394,9987.6525,1.007
129.751,3,NAVIGATE,-4.0798,9.7141,-1.9587,1.0875,1.0358,0.5492,1.0875,0.8358,1.3716,0.0,12.0,4.6766,9.333179473876953,1.8636342287063599,-35.16,0,1,180,1.416,0.9896,1.0,0.9048,0.2969,0.3,0.3619,9991.4026,0.9553
129.801,3,NAVIGATE,-4.0269,9.7653,-1.962,1.0915,1.0235,0.5448,0.9915,0.8235,1.2889,0.0,12.0,4.6054,9.311518669128418,1.8320229053497314,-35.91,0,1,180,1.624,0.9827,1.0,0.8444,0.2948,0.3,0.3378,9989.0048,0.9883
129.851,3,NAVIGATE,-3.9807,9.8045,-1.9609,1.0936,1.012,0.5413,1.0936,0.812,1.3621,0.0,12.0,4.546,9.271162986755371,1.7659779787063599,-37.91,0,1,180,1.543,0.9909,1.0,0.8998,0.2973,0.3,0.3599,9992.4602,0.9328
129.901,3,NAVIGATE,-3.9256,9.8512,-1.9595,1.0965,0.9992,0.5369,1.0965,0.7992,1.3569,0.0,12.0,4.4752,9.252647399902344,1.7341519594192505,-38.91,0,1,180,1.588,0.9917,1.0,0.8971,0.2975,0.3,0.3588,9993.0274,0.9238
129.951,3,NAVIGATE,-3.8715,9.8979,-1.9527,1.097,0.9892,0.5328,1.097,0.7892,1.3514,0.0,12.0,4.4054,9.213177680969238,1.67892587184906,-41.16,0,1,180,1.777,0.992,1.0,0.8938,0.2976,0.3,0.3575,9993.4686,0.9406
130.001,3,NAVIGATE,-3.8213,9.9461,-1.9355,1.0921,0.9801,0.529,1.0921,0.7801,1.3421,0.0,12.0,4.3383,9.193689346313477,1.647550106048584,-42.41,0,1,180,1.431,0.9919,1.0,0.8875,0.2976,0.3,0.355,9993.6865,0.9256
130.051,3,NAVIGATE,-3.7711,9.9937,-1.9192,1.0852,0.9686,0.5257,1.0852,0.7686,1.3298,0.0,12.0,4.2716,9.171919822692871,1.6199971437454224,-43.42,0,1,180,1.662,0.9919,1.0,0.8794,0.2976,0.3,0.3518,9993.8685,0.9206
130.101,3,NAVIGATE,-3.7189,10.0401,-1.9115,1.0846,0.9576,0.5225,1.0846,0.7576,1.323,0.0,12.0,4.2037,9.124838829040527,1.5707290172576904,-45.92,0,1,180,1.735,0.9922,1.0,0.8751,0.2977,0.3,0.35,9994.2176,0.9365
130.151,3,NAVIGATE,-3.6658,10.0858,-1.9039,1.0865,0.9476,0.5193,1.0865,0.7476,1.3189,0.0,12.0,4.1355,9.098837852478027,1.545642375946045,-47.92,0,1,180,1.667,0.9926,1.0,0.8728,0.2978,0.3,0.3491,9994.5915,0.94
130.201,3,NAVIGATE,-3.6217,10.1235,-1.8982,1.0879,0.9376,0.5166,1.0879,0.7376,1.3144,0.0,12.0,4.079,9.051132202148438,1.5001802444458008,-50.17,0,1,180,1.504,0.9931,1.0,0.8702,0.2979,0.3,0.3481,9994.9042,0.9461
130.251,3,NAVIGATE,-3.5688,10.1686,-1.8973,1.092,0.9249,0.5132,1.092,0.7249,1.3107,0.0,12.0,4.0113,9.029899597167969,1.4766656160354614,-51.67,0,1,180,1.527,0.9937,1.0,0.8683,0.2981,0.3,0.3473,9995.299,0.944
130.301,3,NAVIGATE,-3.5159,10.213,-1.8996,1.0977,0.9119,0.5095,1.0977,0.7119,1.3084,0.0,12.0,3.9439,8.984917640686035,1.4361778497695923,-54.93,0,1,180,1.503,0.9945,1.0,0.8674,0.2983,0.3,0.347,9995.671,0.9398
130.351,3,NAVIGATE,-3.4628,10.2576,-1.904,1.1041,0.8991,0.5055,1.1041,0.6991,1.3068,0.0,12.0,3.8765,8.967836380004883,1.4180066585540771,-56.43,0,1,180,1.609,0.9952,1.0,0.867,0.2986,0.3,0.3468,9995.9508,0.9391
130.401,3,NAVIGATE,-3.4099,10.3028,-1.9098,1.1101,0.8869,0.5012,1.1101,0.6869,1.3055,0.0,12.0,3.8089,8.95114803314209,1.3996400833129883,-57.93,0,1,180,1.62,0.9957,1.0,0.8666,0.2987,0.3,0.3466,9996.0834,0.9457
130.451,3,NAVIGATE,-3.3566,10.3471,-1.916,1.1156,0.8743,0.4969,1.1156,0.6743,1.3036,0.0,12.0,3.7415,8.91932201385498,1.3652170896530151,-61.18,0,1,180,1.509,0.9963,1.0,0.8658,0.2989,0.3,0.3463,9996.4939,0.9399
130.501,3,NAVIGATE,-3.3018,10.3898,-1.9202,1.121,0.8613,0.4926,1.121,0.6613,1.3015,0.0,12.0,3.6735,8.90576171875,1.3554855585098267,-62.93,0,1,180,1.372,0.9969,1.0,0.8649,0.2991,0.3,0.346,9996.8886,0.9346
130.551,3,NAVIGATE,-3.2462,10.4315,-1.9234,1.126,0.8479,0.4882,1.126,0.6479,1.2991,0.0,12.0,3.6053,8.880330085754395,1.3264707326889038,-66.44,0,1,180,1.514,0.9974,1.0,0.8638,0.2992,0.3,0.3455,9997.1724,0.9369
130.601,3,NAVIGATE,-3.1907,10.4724,-1.9267,1.1307,0.8342,0.4838,1.1307,0.6342,1.2964,0.0,12.0,3.5375,8.869902610778809,1.3154230117797852,-68.19,0,1,180,1.422,0.9979,1.0,0.8625,0.2994,0.3,0.345,9997.3016,0.9477
130.651,3,NAVIGATE,-3.1383,10.5116,-1.928,1.1341,0.82,0.4792,1.1341,0.62,1.2926,0.0,12.0,3.4734,8.852813720703125,1.3008583784103394,-71.69,0,1,180,1.801,0.9984,1.0,0.8603,0.2995,0.3,0.3441,9997.5295,0.9593
130.701,3,NAVIGATE,-3.0855,10.5502,-1.9295,1.1377,0.8057,0.4746,1.1377,0.6057,1.2889,0.0,12.0,3.4091,8.844307899475098,1.2958215475082397,-73.69,0,1,180,1.513,0.9988,1.0,0.8582,0.2996,0.3,0.3433,9998.0032,0.952
130.751,3,NAVIGATE,-3.031,10.5887,-1.9309,1.1418,0.7915,0.47,1.2418,0.5915,1.3755,0.0,12.0,3.3435,8.8244047164917,1.2832012176513672,-77.2,0,1,180,1.533,1.0,1.0,0.917,0.3,0.3,0.3668,9999.3613,0.9518
130.801,3,NAVIGATE,-2.9751,10.6268,-1.9322,1.146,0.7774,0.4654,1.246,0.5774,1.3733,0.0,12.0,3.2767,8.819426536560059,1.2820541858673096,-78.95,0,1,180,1.49,1.0,1.0,0.9155,0.3,0.3,0.3662,9999.6755,0.9614
130.851,3,NAVIGATE,-2.9285,10.6581,-1.9336,1.1496,0.7656,0.4618,1.2496,0.5656,1.3716,0.0,12.0,3.2214,8.813141822814941,1.2776461839675903,-80.95,0,1,180,1.734,1.0,1.0,0.9144,0.3,0.3,0.3658,9999.1509,0.959
130.901,3,NAVIGATE,-2.8736,10.6945,-1.9328,1.1563,0.7512,0.4575,1.1563,0.5512,1.281,0.0,12.0,3.1563,8.799332618713379,1.2801469564437866,-84.7,0,1,180,1.521,0.9998,1.0,0.8538,0.2999,0.3,0.3415,9998.7806,0.9792
130.951,3,NAVIGATE,-2.8188,10.73,-1.9313,1.1656,0.7366,0.4533,1.1656,0.5366,1.2832,0.0,12.0,3.0917,8.78968334197998,1.280220866203308,-86.46,0,1,180,1.349,1.0,1.0,0.8555,0.3,0.3,0.3422,9999.505,0.992
131.001,3,NAVIGATE,-2.7633,10.7648,-1.9303,1.1764,0.7219,0.449,1.1764,0.5219,1.287,0.0,12.0,3.0268,8.780006408691406,1.2905675172805786,-90.21,0,1,180,1.413,1.0,1.0,0.858,0.3,0.3,0.3432,9999.1615,1.0089
131.051,3,NAVIGATE,-2.7073,10.7968,-1.9268,1.1849,0.7063,0.4446,1.0849,0.5063,1.1972,0.0,12.0,2.9626,8.77343463897705,1.2958756685256958,-91.96,0,1,180,1.444,0.9998,1.0,0.798,0.2999,0.3,0.3192,9998.6548,1.0253
131.101,3,NAVIGATE,-2.6509,10.8283,-1.9198,1.1893,0.6933,0.4403,1.0893,0.4933,1.1957,0.0,12.0,2.8983,8.770402908325195,1.302661657333374,-93.71,0,1,180,1.573,1.0,1.0,0.7971,0.3,0.3,0.3189,9999.3096,1.0355
131.151,3,NAVIGATE,-2.595,10.859,-1.9125,1.1903,0.6776,0.4363,1.2903,0.5776,1.4137,0.0,12.0,2.8348,8.762575149536133,1.318922519683838,-97.47,0,1,180,1.46,1.0,1.0,0.9424,0.3,0.3,0.377,9999.7111,1.0854
131.201,3,NAVIGATE,-2.5397,10.8888,-1.9081,1.1882,0.6617,0.4325,1.2882,0.5617,1.4054,0.0,12.0,2.7722,8.757476806640625,1.3304178714752197,-98.97,0,1,180,1.417,1.0,1.0,0.9369,0.3,0.3,0.3748,9999.5183,1.1004
131.251,3,NAVIGATE,-2.4843,10.9181,-1.9059,1.1857,0.6466,0.4292,1.2857,0.5466,1.397,0.0,12.0,2.7096,8.742256164550781,1.3545253276824951,-102.72,0,1,180,1.648,1.0,1.0,0.9313,0.3,0.3,0.3725,9999.0325,1.1354
131.301,3,NAVIGATE,-2.4324,10.9478,-1.9052,1.1878,0.6361,0.4262,1.1878,0.5361,1.3032,0.0,12.0,2.6502,8.732014656066895,1.3682491779327393,-104.22,0,1,180,1.465,0.9999,1.0,0.8687,0.3,0.3,0.3475,9999.2358,1.1549
131.351,3,NAVIGATE,-2.389,10.9725,-1.9018,1.1914,0.6306,0.4237,0.9914,0.4306,1.0809,0.0,12.0,2.6006,8.708921432495117,1.3987807035446167,-107.22,0,1,180,1.548,1.0,1.0,0.7206,0.3,0.3,0.2882,9999.5177,1.1743
131.401,3,NAVIGATE,-2.3363,11.0016,-1.8957,1.1952,0.6225,0.4207,1.2952,0.5225,1.3966,0.0,12.0,2.5407,8.69709587097168,1.41695237159729,-108.73,0,1,180,1.353,0.9998,1.0,0.9309,0.2999,0.3,0.3724,9999.3867,1.2161
131.451,3,NAVIGATE,-2.2833,11.0288,-1.8923,1.1973,0.6129,0.4179,1.2973,0.5129,1.3951,0.0,12.0,2.4813,8.674545288085938,1.4508193731307983,-111.73,0,1,180,1.574,0.9997,1.0,0.9297,0.2999,0.3,0.3719,9999.2806,1.2539
131.501,3,NAVIGATE,-2.2298,11.0557,-1.8915,1.1943,0.601,0.4155,1.0943,0.501,1.2036,0.0,12.0,2.4215,8.661334037780762,1.470750331878662,-112.98,0,1,180,1.499,0.9996,1.0,0.802,0.2999,0.3,0.3208,9999.1085,1.273
131.552,3,NAVIGATE,-2.1766,11.0821,-1.8943,1.197,0.5906,0.4132,1.197,0.4906,1.2936,0.0,12.0,2.3622,8.646404266357422,1.4918608665466309,-114.73,0,1,180,2.224,0.9999,1.0,0.8624,0.3,0.3,0.345,9999.5171,1.2895
131.601,3,NAVIGATE,-2.1235,11.1081,-1.8996,1.2035,0.5811,0.4107,1.2035,0.4811,1.2961,0.0,12.0,2.3032,8.611274719238281,1.5313479900360107,-112.98,0,1,180,1.417,0.9998,1.0,0.864,0.3,0.3,0.3456,9999.4529,1.3306
131.651,3,NAVIGATE,-2.0695,11.1339,-1.9052,1.2073,0.5719,0.4082,1.3073,0.5719,1.4269,0.0,12.0,2.2434,8.599477767944336,1.5517669916152954,-115.48,0,1,180,1.418,0.9999,1.0,0.9511,0.3,0.3,0.3805,9999.3561,1.3676
131.701,3,NAVIGATE,-2.0113,11.1618,-1.9118,1.2114,0.564,0.4058,1.1114,0.464,1.2044,0.0,12.0,2.179,8.569815635681152,1.5921109914779663,-113.73,0,1,180,1.444,1.0,1.0,0.8029,0.3,0.3,0.3212,9999.7974,1.3869
131.751,3,NAVIGATE,-1.9523,11.1896,-1.9184,1.2164,0.5569,0.4036,1.1164,0.4569,1.2063,0.0,12.0,2.1138,8.553825378417969,1.6107758283615112,-113.23,0,1,180,1.524,1.0,1.0,0.8042,0.3,0.3,0.3217,9999.3514,1.4041
131.801,3,NAVIGATE,-1.8933,11.2171,-1.9241,1.2237,0.5523,0.4016,1.3237,0.5523,1.4343,0.0,12.0,2.0487,8.52031421661377,1.650165319442749,-114.23,0,1,180,1.385,1.0,1.0,0.9562,0.3,0.3,0.3825,9999.3982,1.4624
131.851,3,NAVIGATE,-1.8344,11.2443,-1.9285,1.2267,0.547,0.3997,1.3267,0.547,1.435,0.0,12.0,1.984,8.503755569458008,1.6687802076339722,-113.98,0,1,180,1.445,1.0,1.0,0.9567,0.3,0.3,0.3827,9999.5325,1.4794
131.901,3,NAVIGATE,-1.7755,11.2711,-1.9329,1.2268,0.5407,0.398,1.1268,0.4407,1.2099,0.0,12.0,1.9193,8.465995788574219,1.7052830457687378,-113.23,0,1,180,1.384,0.9999,1.0,0.8065,0.3,0.3,0.3226,9999.6191,1.4951
131.951,3,NAVIGATE,-1.7202,11.2996,-1.9347,1.2295,0.5377,0.3965,1.2295,0.5377,1.3419,0.0,12.0,1.8573,8.447700500488281,1.724918246269226,-112.23,0,1,180,1.525,0.9997,1.0,0.8943,0.2999,0.3,0.3577,9999.2991,1.5354
132.001,3,NAVIGATE,-1.6659,11.3286,-1.9354,1.2341,0.5361,0.3949,1.0341,0.4361,1.1223,0.0,12.0,1.7961,8.42699909210205,1.7428158521652222,-113.73,0,1,180,1.449,0.9999,1.0,0.7481,0.3,0.3,0.2992,9999.6969,1.5334
132.051,3,NAVIGATE,-1.6107,11.3571,-1.9363,1.2371,0.5332,0.3934,1.3371,0.5332,1.4395,0.0,12.0,1.7343,8.385751724243164,1.778753399848938,-111.48,0,1,180,1.565,1.0,1.0,0.9597,0.3,0.3,0.3839,9999.6029,1.5857
132.101,3,NAVIGATE,-1.555,11.3847,-1.9366,1.2383,0.5306,0.3918,1.1383,0.4306,1.2171,0.0,12.0,1.6723,8.36414909362793,1.7984353303909302,-113.23,0,1,180,1.58,0.9999,1.0,0.8113,0.3,0.3,0.3245,9999.4595,1.5861
132.151,3,NAVIGATE,-1.4988,11.412,-1.9375,1.2353,0.5262,0.3903,1.0353,0.4262,1.1196,0.0,12.0,1.6101,8.325737953186035,1.8338621854782104,-111.23,0,1,180,1.545,0.9999,1.0,0.7463,0.3,0.3,0.2985,9999.4318,1.6209
132.201,3,NAVIGATE,-1.4415,11.4384,-1.9389,1.237,0.5233,0.3889,1.037,0.4233,1.12,0.0,12.0,1.547,8.305472373962402,1.850690245628357,-112.98,0,1,180,1.513,0.9999,1.0,0.7466,0.3,0.3,0.2986,9999.5769,1.6378
132.251,3,NAVIGATE,-1.3831,11.4643,-1.9405,1.2368,0.5186,0.3874,1.1368,0.4186,1.2114,0.0,12.0,1.4833,8.265686988830566,1.8870940208435059,-113.98,0,1,180,1.428,0.9999,1.0,0.8075,0.3,0.3,0.323,9999.3963,1.6725
132.301,3,NAVIGATE,-1.315,11.494,-1.9425,1.231,0.5108,0.3855,1.331,0.5108,1.4256,0.0,12.0,1.409,8.249014854431152,1.9035718441009521,-113.48,0,1,180,1.667,1.0,1.0,0.9504,0.3,0.3,0.3802,9999.3606,1.7116
132.351,3,NAVIGATE,-1.2567,11.5214,-1.941,1.2224,0.504,0.3839,1.0224,0.404,1.0993,0.0,12.0,1.3448,8.211238861083984,1.9393151998519897,-111.98,0,1,180,1.703,0.9999,1.0,0.7328,0.3,0.3,0.2931,9999.5145,1.7218
132.401,3,NAVIGATE,-1.2084,11.5436,-1.9396,1.2161,0.4981,0.3826,1.0161,0.3981,1.0913,0.0,12.0,1.2917,8.197796821594238,1.954984188079834,-111.23,0,1,180,1.735,0.9999,1.0,0.7275,0.3,0.3,0.291,9999.5586,1.7378
132.451,3,NAVIGATE,-1.15,11.5685,-1.9377,1.2164,0.493,0.3809,1.1164,0.393,1.1836,0.0,12.0,1.2282,8.165465354919434,1.9872682094573975,-112.48,0,1,180,1.795,0.9998,1.0,0.7889,0.2999,0.3,0.3156,9999.1598,1.7777
132.501,3,NAVIGATE,-1.0906,11.5907,-1.9348,1.2143,0.4859,0.3789,1.1143,0.3859,1.1793,0.0,12.0,1.1648,8.15168285369873,2.006319522857666,-112.98,0,1,180,1.479,0.9997,1.0,0.7859,0.2999,0.3,0.3144,9999.3029,1.7956
132.551,3,NAVIGATE,-1.0315,11.6127,-1.9328,1.2092,0.478,0.3768,1.0092,0.378,1.0776,0.0,12.0,1.1018,8.13879680633545,2.0221004486083984,-112.73,0,1,180,1.709,1.0,1.0,0.7184,0.3,0.3,0.2874,9999.4562,1.8112
132.601,3,NAVIGATE,-0.9801,11.631,-1.9302,1.206,0.4714,0.375,1.006,0.3714,1.0724,0.0,12.0,1.0473,8.11780071258545,2.0550570487976074,-114.73,0,1,180,1.668,1.0,1.0,0.7149,0.3,0.3,0.286,9999.4074,1.8498
132.651,3,NAVIGATE,-0.9173,11.6528,-1.9267,1.2034,0.4633,0.3728,1.1034,0.4633,1.1967,0.0,12.0,0.9808,8.106038093566895,2.075418710708618,-115.73,0,1,180,1.74,0.9994,1.0,0.7973,0.2998,0.3,0.3189,9999.0787,1.895
132.701,3,NAVIGATE,-0.8657,11.6708,-1.9245,1.1992,0.4559,0.3709,1.0992,0.4559,1.1899,0.0,12.0,0.9262,8.096595764160156,2.0927889347076416,-116.23,0,1,180,1.858,0.9996,1.0,0.7929,0.2999,0.3,0.3172,9999.0827,1.9196
132.751,3,NAVIGATE,-0.8033,11.6917,-1.923,1.1919,0.4465,0.3688,0.9919,0.3465,1.0507,0.0,12.0,0.8605,8.078393936157227,2.12998628616333,-118.23,0,1,180,1.731,0.9995,1.0,0.7001,0.2999,0.3,0.28,9999.2236,1.9355
132.801,3,NAVIGATE,-0.7415,11.7123,-1.9225,1.1864,0.4399,0.3668,0.9864,0.3399,1.0433,0.0,12.0,0.7954,8.069414138793945,2.1512465476989746,-119.24,0,1,180,1.908,0.9993,1.0,0.6951,0.2998,0.3,0.278,9998.9977,1.9655
132.851,3,NAVIGATE,-0.6906,11.7293,-1.9225,1.1831,0.4363,0.3655,1.1831,0.4363,1.2609,0.0,12.0,0.7418,8.04858112335205,2.1913576126098633,-120.74,0,1,180,1.67,0.9998,1.0,0.8405,0.2999,0.3,0.3362,9999.0187,2.0379
132.901,3,NAVIGATE,-0.634,11.7487,-1.9257,1.1751,0.4306,0.3642,1.0751,0.4306,1.1581,0.0,12.0,0.682,8.036401748657227,2.2120673656463623,-121.74,0,1,180,1.574,1.0,1.0,0.7721,0.3,0.3,0.3088,9999.137,2.0453
132.951,3,NAVIGATE,-0.5871,11.7648,-1.9285,1.1671,0.4248,0.3634,0.9671,0.4248,1.0563,0.0,12.0,0.6325,8.017162322998047,2.238339900970459,-122.74,0,1,180,1.784,0.9995,1.0,0.7038,0.2998,0.3,0.2815,9999.0989,2.0721
133.001,3,NAVIGATE,-0.5405,11.7809,-1.9315,1.1631,0.4202,0.3629,0.9631,0.3202,1.0149,0.0,12.0,0.5832,7.999983310699463,2.2569022178649902,-123.49,0,1,180,1.577,0.9979,1.0,0.6752,0.2994,0.3,0.2701,9998.8126,2.0829
133.051,3,NAVIGATE,-0.485,11.803,-1.9327,1.1606,0.4174,0.3625,1.1606,0.5174,1.2707,0.0,12.0,0.5235,7.957047462463379,2.3033158779144287,-125.24,0,1,180,1.852,0.9994,1.0,0.8467,0.2998,0.3,0.3387,9998.6524,2.1826
133.152,3,RETURN_HOME,-0.3832,11.8422,-1.9347,1.149,0.4103,0.3632,1.349,0.2103,1.3653,0.0,0.0,11.8484,7.905397415161133,2.350003242492676,-126.74,0,1,180,1.922,-0.122,1.0,0.4551,-0.0366,0.3,0.182,0.4454,2.1451
133.201,3,RETURN_HOME,-0.3257,11.8622,-1.933,1.1447,0.4097,0.363,1.3447,0.2097,1.361,0.0,0.0,11.8666,7.843785285949707,2.3992035388946533,-128.49,0,1,180,1.633,-0.1269,1.0,0.4537,-0.0381,0.3,0.1815,0.4434,2.1654
133.251,3,RETURN_HOME,-0.2781,11.8788,-1.9311,1.1435,0.4132,0.3574,1.3435,0.2132,1.3603,0.0,0.0,11.8821,7.813851356506348,2.424896717071533,-129.24,0,1,180,1.737,-0.1335,1.0,0.4534,-0.0401,0.3,0.1814,0.4413,2.1867
133.301,3,RETURN_HOME,-0.2307,11.896,-1.9263,1.1493,0.4168,0.3456,1.3493,0.2168,1.3666,0.0,0.0,11.8982,7.832969665527344,2.450547218322754,-130.0,0,1,180,1.56,-0.1395,1.0,0.4555,-0.0418,0.3,0.1822,0.4404,2.1922
133.351,3,RETURN_HOME,-0.1737,11.9172,-1.9163,1.1635,0.4209,0.3241,1.3635,0.2209,1.3813,0.0,0.0,11.9185,8.038152694702148,2.497314453125,-130.25,0,1,180,1.737,-0.1455,1.0,0.4604,-0.0437,0.3,0.1842,0.4405,2.2141
133.401,3,RETURN_HOME,-0.1257,11.935,-1.9064,1.1797,0.4225,0.3004,1.3797,0.2225,1.3975,0.0,0.0,11.9356,8.258703231811523,2.5285227298736572,-130.25,0,1,180,1.697,-0.1488,1.0,0.4658,-0.0446,0.3,0.1863,0.4417,2.2263
133.451,3,RETURN_HOME,-0.07,11.9565,-1.8922,1.2015,0.4206,0.2655,1.4015,0.2206,1.4187,0.0,0.0,11.9567,8.52432632446289,2.5543155670166016,-130.0,0,1,180,1.653,-0.1497,1.0,0.4729,-0.0449,0.3,0.1892,0.4442,2.233
133.501,3,RETURN_HOME,-0.0245,11.9743,-1.879,1.2202,0.4152,0.2317,1.4202,0.2152,1.4364,0.0,0.0,11.9744,8.914791107177734,2.5786752700805664,-82.95,0,1,180,1.466,-0.1478,1.0,0.4788,-0.0443,0.3,0.1915,0.4472,2.2231
133.551,3,RETURN_HOME,0.0222,11.9917,-1.8656,1.2391,0.4063,0.1938,1.4391,0.2063,1.4538,0.0,0.0,11.9918,8.84953498840332,2.568850040435791,-82.2,0,1,180,1.719,-0.1438,1.0,0.4846,-0.0431,0.3,0.1938,0.4507,2.2303
133.601,3,RETURN_HOME,0.0776,12.0118,-1.8465,1.2604,0.3919,0.1434,1.4604,0.1919,1.473,0.0,0.0,12.0121,8.798439979553223,2.5646049976348877,-81.2,0,1,180,1.464,-0.1367,1.0,0.491,-0.041,0.3,0.1964,0.4554,2.2326
133.651,3,RETURN_HOME,0.1241,12.0279,-1.8301,1.277,0.3778,0.0974,1.477,0.1778,1.4877,0.0,0.0,12.0285,8.7528076171875,2.5573041439056396,-80.45,0,1,180,1.775,-0.1297,1.0,0.4959,-0.0389,0.3,0.1984,0.4594,2.2379
133.701,3,RETURN_HOME,0.1718,12.0433,-1.8146,1.2926,0.3627,0.048,1.3926,0.1627,1.4021,0.0,0.0,12.0445,8.662108421325684,2.5467870235443115,-77.95,0,1,180,1.506,-0.1302,1.0,0.4674,-0.0391,0.3,0.1869,0.4479,2.2348
133.751,3,RETURN_HOME,0.2305,12.0594,-1.7962,1.3109,0.3435,-0.0156,1.4109,0.1435,1.4182,0.0,0.0,12.0616,8.618451118469238,2.5404741764068604,-76.7,0,1,180,1.868,-0.1202,1.0,0.4727,-0.0361,0.3,0.1891,0.453,2.2236
133.801,3,RETURN_HOME,0.2805,12.0716,-1.7812,1.3259,0.3279,-0.0722,1.4259,0.1279,1.4316,0.0,0.0,12.0749,8.574748039245605,2.5351572036743164,-75.19,0,1,180,1.589,-0.1124,1.0,0.4772,-0.0337,0.3,0.1909,0.4571,2.2236
133.851,3,RETURN_HOME,0.3416,12.0856,-1.7642,1.3416,0.3097,-0.1444,1.4416,0.1097,1.4457,0.0,0.0,12.0904,8.482854843139648,2.5250144004821777,-71.69,0,1,180,1.624,-0.104,1.0,0.4819,-0.0312,0.3,0.1928,0.4616,2.2175
133.901,3,RETURN_HOME,0.3949,12.0974,-1.75,1.3541,0.2948,-0.2078,1.4541,0.0948,1.4572,0.0,0.0,12.1038,8.439188957214355,2.5193567276000977,-69.94,0,1,180,1.607,-0.0976,1.0,0.4857,-0.0293,0.3,0.1943,0.465,2.2188
133.951,3,RETURN_HOME,0.4599,12.1109,-1.7338,1.3683,0.277,-0.2879,1.4683,0.077,1.4703,0.0,0.0,12.1196,8.396357536315918,2.5140159130096436,-68.19,0,1,180,1.603,-0.0902,1.0,0.4901,-0.0271,0.3,0.196,0.469,2.2226
134.001,3,RETURN_HOME,0.5146,12.1214,-1.7211,1.3796,0.262,-0.3579,1.4796,0.062,1.4809,0.0,0.0,12.1323,8.3699951171875,2.5029070377349854,-63.68,0,1,180,1.431,-0.0842,1.0,0.4936,-0.0253,0.3,0.1974,0.4722,2.2045
134.051,3,RETURN_HOME,0.5801,12.1357,-1.7094,1.3926,0.2452,-0.4459,1.4926,0.0452,1.4933,0.0,0.0,12.1496,8.401268005371094,2.4985690116882324,-61.43,0,1,180,1.709,-0.078,1.0,0.4978,-0.0234,0.3,0.1991,0.4757,2.213
134.1,3,RETURN_HOME,0.6353,12.1468,-1.7,1.4037,0.2308,-0.5225,1.4037,0.0308,1.404,0.0,0.0,12.1634,8.462980270385742,2.4955801963806152,-58.93,0,1,180,1.203,-0.0741,1.0,0.468,-0.0222,0.3,0.1872,0.465,2.2119
134.15,3,RETURN_HOME,0.6911,12.157,-1.691,1.4151,0.2159,-0.6021,1.4151,0.0159,1.4152,0.0,0.0,12.1767,8.722773551940918,2.4889066219329834,-53.42,0,1,180,1.124,-0.068,1.0,0.4717,-0.0204,0.3,0.1887,0.4683,2.198
134.2,3,RETURN_HOME,0.7569,12.1671,-1.6804,1.4289,0.1957,-0.7011,1.4289,-0.0043,1.4289,0.0,0.0,12.1906,8.915945053100586,2.4861881732940674,-50.67,0,1,180,1.012,-0.0591,1.0,0.4763,-0.0177,0.3,0.1905,0.4728,2.2049
134.25,3,RETURN_HOME,0.8124,12.1745,-1.6728,1.4393,0.1766,-0.7853,1.4393,-0.0234,1.4395,0.0,0.0,12.2016,9.170921325683594,2.4821434020996094,-47.92,0,1,180,1.069,-0.0504,1.0,0.4798,-0.0151,0.3,0.1919,0.4768,2.2063
134.3,3,RETURN_HOME,0.8685,12.1811,-1.6675,1.4479,0.1552,-0.8698,1.4479,-0.0448,1.4486,0.0,0.0,12.212,9.942329406738281,2.4780690670013428,-41.66,0,1,180,1.022,-0.0403,1.0,0.4829,-0.0121,0.3,0.1931,0.4811,2.1853
134.351,3,RETURN_HOME,0.9405,12.1876,-1.663,1.4572,0.1268,-0.9701,1.4572,-0.0732,1.4591,0.0,0.0,12.2238,10.445301055908203,2.4774491786956787,-38.91,0,1,180,1.136,-0.0268,1.0,0.4864,-0.008,0.3,0.1945,0.4865,2.1895
134.4,3,RETURN_HOME,1.0006,12.1919,-1.6644,1.4627,0.1023,-1.0518,1.4627,-0.0977,1.4659,0.0,0.0,12.2329,9.957235336303711,2.4764211177825928,-36.16,0,1,180,1.106,-0.0152,1.0,0.4886,-0.0046,0.3,0.1955,0.4909,2.1892
134.45,3,RETURN_HOME,1.0729,12.1953,-1.6696,1.4664,0.074,-1.1463,1.4664,-0.126,1.4718,0.0,0.0,12.2424,2.5997002124786377,2.4759445190429688,-27.65,0,1,180,1.043,-0.0021,1.0,0.4906,-0.0006,0.3,0.1962,0.4956,2.1504
134.5,3,RETURN_HOME,1.1332,12.1964,-1.6751,1.4678,0.0517,-1.2214,1.4678,-0.1483,1.4753,0.0,0.0,12.2489,2.5525004863739014,2.4746956825256348,-23.9,0,1,180,1.002,0.0081,1.0,0.4918,0.0024,0.3,0.1967,0.4991,2.146
134.55,3,RETURN_HOME,1.2054,12.1967,-1.6848,1.4681,0.0269,-1.3063,1.4681,-0.1731,1.4783,0.0,0.0,12.2561,2.5196077823638916,2.4750287532806396,-20.39,0,1,180,0.951,0.0189,1.0,0.4928,0.0057,0.3,0.1971,0.5028,2.1554
134.6,3,RETURN_HOME,1.2653,12.1959,-1.6942,1.4679,0.0076,-1.3722,1.4679,-0.1924,1.4804,0.0,0.0,12.2614,2.479771852493286,2.4725918769836426,-14.64,0,1,180,1.018,0.027,1.0,0.4935,0.0081,0.3,0.1974,0.5055,2.089
134.65,3,RETURN_HOME,1.3372,12.1938,-1.7061,1.4673,-0.0142,-1.445,1.4673,-0.2142,1.4828,0.0,0.0,12.2669,2.473132371902466,2.471229076385498,-11.14,0,1,180,1.001,0.0357,1.0,0.4943,0.0107,0.3,0.1977,0.5084,2.1044
134.7,3,RETURN_HOME,1.3969,12.1914,-1.717,1.4666,-0.0314,-1.5004,1.4666,-0.2314,1.4847,0.0,0.0,12.2712,2.4708597660064697,2.4708597660064697,-7.38,0,1,180,0.987,0.0424,1.0,0.4949,0.0127,0.3,0.198,0.5107,2.0948
134.75,3,RETURN_HOME,1.4666,12.1885,-1.7337,1.4649,-0.0509,-1.5601,1.4649,-0.2509,1.4862,0.0,0.0,12.2765,2.468768358230591,2.468768358230591,-2.88,0,1,180,1.146,0.0499,1.0,0.4954,0.015,0.3,0.1982,0.5131,2.0561
134.8,3,RETURN_HOME,1.5231,12.1862,-1.75,1.4627,-0.0665,-1.6044,1.4627,-0.2665,1.4868,0.0,0.0,12.281,2.4678027629852295,2.4678027629852295,0.63,0,1,180,1.02,0.0558,1.0,0.4956,0.0167,0.3,0.1982,0.515,2.0562
134.85,3,RETURN_HOME,1.5911,12.1825,-1.7691,1.4601,-0.0849,-1.6509,1.4601,-0.2849,1.4877,0.0,0.0,12.286,2.466980457305908,2.466980457305908,0.63,0,1,180,1.064,0.0628,1.0,0.4959,0.0188,0.3,0.1984,0.5172,2.0554
134.9,3,RETURN_HOME,1.6481,12.1778,-1.7849,1.4586,-0.1004,-1.6843,1.4586,-0.3004,1.4892,0.0,0.0,12.2889,2.461740732192993,2.461740732192993,6.13,0,1,180,1.027,0.0686,1.0,0.4964,0.0206,0.3,0.1986,0.5191,2.0252
134.95,3,RETURN_HOME,1.7168,12.1713,-1.8034,1.4572,-0.1192,-1.7182,1.4572,-0.3192,1.4917,0.0,0.0,12.2918,2.4603240489959717,2.4603240489959717,6.38,0,1,180,1.07,0.0754,1.0,0.4972,0.0226,0.3,0.1989,0.5215,2.0291
135.0,3,RETURN_HOME,1.7741,12.1654,-1.8188,1.4564,-0.1347,-1.7416,1.4564,-0.3347,1.4944,0.0,0.0,12.2941,2.4571521282196045,2.4571521282196045,7.13,0,1,180,1.099,0.081,1.0,0.4981,0.0243,0.3,0.1992,0.5235,2.029
135.05,3,RETURN_HOME,1.8491,12.1559,-1.8387,1.4586,-0.1539,-1.764,1.3586,-0.3539,1.4039,0.0,0.0,12.2957,2.4492459297180176,2.4492459297180176,9.38,0,1,180,1.088,0.1037,1.0,0.468,0.0311,0.3,0.1872,0.5183,2.0029
135.1,3,RETURN_HOME,1.9121,12.1472,-1.8551,1.461,-0.1696,-1.7784,1.361,-0.3696,1.4103,0.0,0.0,12.2968,2.446573257446289,2.4461913108825684,11.39,0,1,180,1.094,0.1089,1.0,0.4701,0.0327,0.3,0.188,0.5207,1.9972
135.15,3,RETURN_HOME,1.9868,12.1364,-1.8744,1.4638,-0.1877,-1.7909,1.3638,-0.3877,1.4179,0.0,0.0,12.2979,2.442927122116089,2.4398910999298096,11.39,0,1,180,1.078,0.1145,1.0,0.4726,0.0343,0.3,0.1891,0.5234,1.9895
135.2,3,RETURN_HOME,2.0469,12.1271,-1.8918,1.4638,-0.2021,-1.7978,1.3638,-0.4021,1.4218,0.0,0.0,12.2986,2.4349379539489746,2.4289839267730713,12.64,0,1,180,1.035,0.1192,1.0,0.4739,0.0358,0.3,0.1896,0.5253,1.9909
135.25,3,RETURN_HOME,2.1188,12.1154,-1.911,1.4617,-0.2186,-1.8024,1.3617,-0.4186,1.4246,0.0,0.0,12.2993,2.429736852645874,2.424133539199829,13.39,0,1,180,1.122,0.1248,1.0,0.4749,0.0374,0.3,0.19,0.5274,1.9806
135.3,3,RETURN_HOME,2.178,12.1047,-1.9256,1.4587,-0.2324,-1.8037,1.3587,-0.4324,1.4258,0.0,0.0,12.2991,2.4227089881896973,2.418870210647583,12.39,0,1,180,1.058,0.1297,1.0,0.4753,0.0389,0.3,0.1901,0.529,1.9867
135.351,3,RETURN_HOME,2.2356,12.0915,-1.9385,1.4547,-0.2468,-1.803,1.3547,-0.4468,1.4264,0.0,0.0,12.2964,2.409865379333496,2.4037609100341797,12.89,0,1,180,1.226,0.1353,1.0,0.4755,0.0406,0.3,0.1902,0.5308,2.0057
135.4,3,RETURN_HOME,2.3046,12.0755,-1.9525,1.4496,-0.264,-1.7998,1.3496,-0.464,1.4271,0.0,0.0,12.2935,2.403531789779663,2.3987841606140137,10.89,0,1,180,1.066,0.1421,1.0,0.4757,0.0426,0.3,0.1903,0.5329,1.9891
135.45,3,RETURN_HOME,2.3744,12.06,-1.9657,1.4451,-0.2807,-1.7947,1.3451,-0.4807,1.4284,0.0,0.0,12.2915,2.3931002616882324,2.3928794860839844,10.63,0,1,180,1.06,0.1483,1.0,0.4761,0.0445,0.3,0.1905,0.5349,1.9907
135.5,3,RETURN_HOME,2.4338,12.0479,-1.9769,1.4422,-0.2939,-1.7892,1.3422,-0.4939,1.4302,0.0,0.0,12.2913,2.386354684829712,2.386354684829712,9.38,0,1,180,1.102,0.1527,1.0,0.4767,0.0458,0.3,0.1907,0.5365,1.9912
135.55,3,RETURN_HOME,2.493,12.0355,-1.9869,1.4396,-0.3072,-1.783,1.3396,-0.5072,1.4325,0.0,0.0,12.2909,2.377049446105957,2.377049446105957,6.38,0,1,180,1.122,0.157,1.0,0.4775,0.0471,0.3,0.191,0.5381,2.0037
135.6,3,RETURN_HOME,2.5641,12.02,-1.9979,1.437,-0.3233,-1.775,1.337,-0.5233,1.4357,0.0,0.0,12.2904,2.372797727584839,2.372797727584839,4.88,0,1,180,1.018,0.1622,1.0,0.4786,0.0487,0.3,0.1914,0.5401,2.005
135.651,3,RETURN_HOME,2.6237,12.0065,-2.0064,1.4352,-0.3371,-1.7681,1.3352,-0.5371,1.4392,0.0,0.0,12.2898,2.369626760482788,2.369626760482788,1.63,0,1,180,1.21,0.1665,1.0,0.4797,0.05,0.3,0.1919,0.5418,2.0073
135.7,3,RETURN_HOME,2.6947,11.9896,-2.0152,1.4331,-0.3538,-1.7596,1.3331,-0.5538,1.4436,0.0,0.0,12.2887,2.366429567337036,2.366429567337036,0.38,0,1,180,1.062,0.1718,1.0,0.4812,0.0515,0.3,0.1925,0.544,1.9729
135.75,3,RETURN_HOME,2.7527,11.975,-2.0223,1.4308,-0.3678,-1.7526,1.3308,-0.5678,1.4469,0.0,0.0,12.2873,2.365493059158325,2.365493059158325,-1.13,0,1,180,1.038,0.1764,1.0,0.4823,0.0529,0.3,0.1929,0.5458,1.9366
135.8,3,RETURN_HOME,2.8214,11.9568,-2.03,1.4278,-0.3846,-1.7446,1.3278,-0.5846,1.4508,0.0,0.0,12.2851,2.3640902042388916,2.3640902042388916,-2.63,0,1,180,1.135,0.182,1.0,0.4836,0.0546,0.3,0.1934,0.548,1.9018
135.85,3,RETURN_HOME,2.8785,11.941,-2.0355,1.4252,-0.3989,-1.7383,1.3252,-0.5989,1.4542,0.0,0.0,12.283,2.3662688732147217,2.3662688732147217,-5.63,0,1,180,1.091,0.1868,1.0,0.4847,0.056,0.3,0.1939,0.5499,1.7976
135.9,3,RETURN_HOME,2.9363,11.9263,-2.0439,1.423,-0.4124,-1.7325,1.323,-0.6124,1.4579,0.0,0.0,12.2825,2.36837100982666,2.36837100982666,-7.13,0,1,180,1.036,0.1909,1.0,0.486,0.0573,0.3,0.1944,0.5517,1.7593
135.95,3,RETURN_HOME,3.0054,11.9083,-2.0537,1.4202,-0.4288,-1.7266,1.3202,-0.6288,1.4623,0.0,0.0,12.2816,2.3698065280914307,2.3698065280914307,-8.63,0,1,180,1.058,0.196,1.0,0.4874,0.0588,0.3,0.195,0.5538,1.7245
136.0,3,RETURN_HOME,3.0629,11.8924,-2.0605,1.418,-0.4427,-1.7224,1.318,-0.6427,1.4663,0.0,0.0,12.2805,2.541538953781128,2.3757975101470947,-11.64,0,1,180,0.982,0.2003,1.0,0.4888,0.0601,0.3,0.1955,0.5556,1.6268
136.051,3,RETURN_HOME,3.1295,11.8755,-2.0631,1.4141,-0.4587,-1.7186,1.3141,-0.6587,1.4699,0.0,0.0,12.281,2.705986738204956,2.379288673400879,-12.89,0,1,180,1.113,0.2055,1.0,0.49,0.0617,0.3,0.196,0.5576,1.5939
136.1,3,RETURN_HOME,3.1957,11.8576,-2.064,1.4099,-0.4752,-1.7158,1.3099,-0.6752,1.4737,0.0,0.0,12.2807,2.873319625854492,2.3839449882507324,-14.14,0,1,180,1.158,0.2111,1.0,0.4912,0.0633,0.3,0.1965,0.5598,1.5614
136.15,3,RETURN_HOME,3.2509,11.8415,-2.0645,1.4065,-0.4895,-1.7144,1.3065,-0.6895,1.4773,0.0,0.0,12.2797,3.2106995582580566,2.3952853679656982,-16.89,0,1,180,1.04,0.216,1.0,0.4924,0.0648,0.3,0.197,0.5618,1.468
136.2,3,RETURN_HOME,3.3165,11.8205,-2.0639,1.4016,-0.5073,-1.7139,1.3016,-0.7073,1.4814,0.0,0.0,12.277,3.361290216445923,2.402951240539551,-18.14,0,1,180,1.062,0.2223,1.0,0.4938,0.0667,0.3,0.1975,0.5642,1.4381
136.252,3,RETURN_HOME,3.371,11.8021,-2.0633,1.3976,-0.5224,-1.7146,1.2976,-0.7224,1.4851,0.0,0.0,12.2741,3.509317398071289,2.4061944484710693,-19.14,0,1,180,1.832,0.2277,1.0,0.495,0.0683,0.3,0.198,0.5663,1.403
136.301,3,RETURN_HOME,3.4255,11.7832,-2.0634,1.3937,-0.5375,-1.7163,1.2937,-0.7375,1.4891,0.0,0.0,12.271,6.065288543701172,2.4221413135528564,-21.39,0,1,180,1.666,0.233,1.0,0.4964,0.0699,0.3,0.1985,0.5685,1.3174
136.352,3,RETURN_HOME,3.4906,11.7603,-2.0666,1.3893,-0.5553,-1.7194,1.2893,-0.7553,1.4943,0.0,0.0,12.2674,6.058598041534424,2.430556058883667,-22.4,0,1,180,2.056,0.2391,1.0,0.4981,0.0717,0.3,0.1992,0.571,1.2838
136.401,3,RETURN_HOME,3.5558,11.736,-2.0692,1.385,-0.5735,-1.7235,1.285,-0.7735,1.4999,0.0,0.0,12.2629,6.050833702087402,2.441136598587036,-23.4,0,1,180,1.828,0.2451,1.0,0.5,0.0735,0.3,0.2,0.5735,1.2452
136.451,3,RETURN_HOME,3.6116,11.7142,-2.069,1.382,-0.5889,-1.7276,1.182,-0.7889,1.4211,0.0,0.0,12.2583,6.039095878601074,2.460927963256836,-25.4,0,1,180,1.904,0.2855,1.0,0.4737,0.0856,0.3,0.1895,0.5751,1.4617
136.501,3,RETURN_HOME,3.6693,11.6907,-2.0659,1.3796,-0.6046,-1.7323,1.1796,-0.8046,1.4279,0.0,0.0,12.253,6.03278112411499,2.474888801574707,-26.4,0,1,180,1.506,0.2903,1.0,0.476,0.0871,0.3,0.1904,0.5775,1.4226
136.551,3,RETURN_HOME,3.7381,11.6616,-2.0626,1.3767,-0.6237,-1.7387,1.1767,-0.8237,1.4364,0.0,0.0,12.2461,6.024646282196045,2.4810237884521484,-27.15,0,1,180,1.665,0.296,1.0,0.4788,0.0888,0.3,0.1915,0.5803,1.3832
136.601,3,RETURN_HOME,3.8053,11.6313,-2.0593,1.3708,-0.6433,-1.7458,1.1708,-0.8433,1.4428,0.0,0.0,12.2379,6.012246608734131,2.5072317123413086,-28.9,0,1,180,1.53,0.3032,1.0,0.4809,0.091,0.3,0.1924,0.5833,1.3153
136.651,3,RETURN_HOME,3.86,11.605,-2.0567,1.3632,-0.6599,-1.7524,1.1632,-0.8599,1.4466,0.0,0.0,12.2301,6.004498481750488,2.517634630203247,-29.65,0,1,180,1.715,0.3103,1.0,0.4822,0.0931,0.3,0.1929,0.586,1.2911
136.701,3,RETURN_HOME,3.9252,11.5726,-2.0539,1.3521,-0.6799,-1.7609,1.1521,-0.8799,1.4497,0.0,0.0,12.2201,5.998109817504883,2.5321433544158936,-30.4,0,1,180,1.729,0.3195,1.0,0.4832,0.0959,0.3,0.1933,0.5891,1.274
136.751,3,RETURN_HOME,3.977,11.5445,-2.0547,1.3411,-0.6966,-1.7684,1.1411,-0.8966,1.4512,0.0,0.0,12.2103,5.982611656188965,2.556997060775757,-31.9,0,1,180,1.706,0.328,1.0,0.4837,0.0984,0.3,0.1935,0.5919,1.2245
136.801,3,RETURN_HOME,4.0383,11.5099,-2.0563,1.3273,-0.7164,-1.7778,1.1273,-0.9164,1.4527,0.0,0.0,12.1978,5.978420257568359,2.576261281967163,-32.66,0,1,180,1.566,0.3383,1.0,0.4842,0.1015,0.3,0.1937,0.5952,1.2133
136.851,3,RETURN_HOME,4.0891,11.4804,-2.0573,1.3158,-0.7328,-1.7859,1.1158,-0.9328,1.4543,0.0,0.0,12.1869,5.9700493812561035,2.587249517440796,-33.16,0,1,180,1.883,0.3468,1.0,0.4848,0.104,0.3,0.1939,0.5979,1.1979
136.901,3,RETURN_HOME,4.1542,11.4439,-2.0555,1.3047,-0.7524,-1.7958,1.1047,-0.9524,1.4585,0.0,0.0,12.1746,5.953768730163574,2.6159515380859375,-34.66,0,1,180,1.586,0.3553,1.0,0.4862,0.1066,0.3,0.1945,0.6011,1.1538
136.951,3,RETURN_HOME,4.2085,11.4128,-2.0535,1.2958,-0.7688,-1.8041,1.0958,-0.9688,1.4627,0.0,0.0,12.164,5.946824550628662,2.6306235790252686,-35.16,0,1,180,1.826,0.3622,1.0,0.4876,0.1087,0.3,0.195,0.6037,1.1338
137.001,3,RETURN_HOME,4.2731,11.3747,-2.051,1.2853,-0.7886,-1.8141,1.0853,-0.9886,1.468,0.0,0.0,12.1509,5.938828468322754,2.6509816646575928,-35.66,0,1,180,1.708,0.3704,1.0,0.4893,0.1111,0.3,0.1957,0.6069,1.1131
137.051,3,RETURN_HOME,4.3273,11.3426,-2.0474,1.2767,-0.8052,-1.8224,1.0767,-0.9052,1.4066,0.0,0.0,12.14,5.92119026184082,2.682042360305786,-36.91,0,1,180,1.928,0.3284,1.0,0.4689,0.0985,0.3,0.1876,0.5861,1.0726
137.101,3,RETURN_HOME,4.3914,11.3032,-2.0436,1.2659,-0.8255,-1.8323,1.0659,-0.9255,1.4116,0.0,0.0,12.1263,5.913205146789551,2.700864791870117,-37.66,0,1,180,1.642,0.3376,1.0,0.4705,0.1013,0.3,0.1882,0.5895,1.0581
137.151,3,RETURN_HOME,4.4548,11.2631,-2.0399,1.2551,-0.8458,-1.842,1.0551,-0.9458,1.4169,0.0,0.0,12.1121,5.896965026855469,2.7371344566345215,-38.66,0,1,180,1.759,0.3468,1.0,0.4723,0.104,0.3,0.1889,0.593,1.0169
137.201,3,RETURN_HOME,4.5074,11.2295,-2.0367,1.2464,-0.8602,-1.85,1.0464,-0.8602,1.3545,0.0,0.0,12.1004,5.886834144592285,2.755302906036377,-39.16,0,1,180,1.592,0.3016,1.0,0.4515,0.0905,0.3,0.1806,0.5711,0.9961
137.251,3,RETURN_HOME,4.5697,11.1883,-2.0334,1.2355,-0.8756,-1.8594,1.0355,-0.8756,1.356,0.0,0.0,12.0856,5.878351211547852,2.771395683288574,-39.91,0,1,180,1.727,0.309,1.0,0.452,0.0927,0.3,0.1808,0.5735,0.9823
137.302,3,RETURN_HOME,4.6214,11.1534,-2.0329,1.2262,-0.8874,-1.867,1.0262,-0.8874,1.3567,0.0,0.0,12.0729,5.857886791229248,2.8073229789733887,-40.91,0,1,180,2.106,0.3147,1.0,0.4522,0.0944,0.3,0.1809,0.5753,0.9412
137.351,3,RETURN_HOME,4.6833,11.111,-2.0355,1.2151,-0.898,-1.8759,1.0151,-0.898,1.3553,0.0,0.0,12.0577,5.848094463348389,2.8278090953826904,-41.66,0,1,180,1.745,0.3196,1.0,0.4518,0.0959,0.3,0.1807,0.5766,0.9273
137.401,3,RETURN_HOME,4.7442,11.0681,-2.0379,1.2035,-0.9057,-1.8848,1.0035,-0.9057,1.3518,0.0,0.0,12.042,5.839151859283447,2.842494249343872,-42.16,0,1,180,1.536,0.3234,1.0,0.4506,0.097,0.3,0.1802,0.5773,0.9175
137.451,3,RETURN_HOME,4.7936,11.0319,-2.0375,1.1931,-0.9109,-1.8921,0.9931,-0.8109,1.2821,0.0,0.0,12.0284,5.81890869140625,2.8812873363494873,-43.16,0,1,180,1.588,0.2714,1.0,0.4274,0.0814,0.3,0.171,0.5524,0.8835
137.501,3,RETURN_HOME,4.8519,10.9882,-2.0366,1.1804,-0.9166,-1.9007,0.9804,-0.8166,1.2759,0.0,0.0,12.0117,5.811649799346924,2.9003758430480957,-43.67,0,1,180,1.588,0.2751,1.0,0.4253,0.0825,0.3,0.1701,0.5527,0.8783
137.551,3,RETURN_HOME,4.9,10.9516,-2.0358,1.1696,-0.9212,-1.9077,0.9696,-0.8212,1.2707,0.0,0.0,11.9978,5.802312850952148,2.921851396560669,-44.17,0,1,180,1.646,0.2783,1.0,0.4236,0.0835,0.3,0.1694,0.5529,0.8714
137.601,3,RETURN_HOME,4.9458,10.9114,-2.0372,1.1583,-0.9252,-1.9146,0.9583,-0.8252,1.2647,0.0,0.0,11.98,5.78464412689209,2.9662559032440186,-45.17,0,1,180,1.515,0.2815,1.0,0.4216,0.0845,0.3,0.1686,0.5531,0.8388
137.651,3,RETURN_HOME,4.9997,10.8626,-2.0392,1.1445,-0.9282,-1.9226,0.9445,-0.8282,1.2562,0.0,0.0,11.958,5.7753777503967285,2.987903356552124,-45.67,0,1,180,1.612,0.2845,1.0,0.4187,0.0854,0.3,0.1675,0.5528,0.8373
137.701,3,RETURN_HOME,5.0443,10.8224,-2.0406,1.133,-0.9292,-1.9292,0.933,-0.8292,1.2482,0.0,0.0,11.9403,5.767050743103027,3.004351854324341,-46.17,0,1,180,1.563,0.2863,1.0,0.4161,0.0859,0.3,0.1664,0.5523,0.834
137.751,3,RETURN_HOME,5.0973,10.7749,-2.0478,1.1191,-0.9289,-1.9369,0.9191,-0.8289,1.2377,0.0,0.0,11.9198,5.752229690551758,3.0533719062805176,-47.17,0,1,180,1.702,0.2878,1.0,0.4126,0.0864,0.3,0.165,0.5514,0.8061
137.801,3,RETURN_HOME,5.1497,10.7279,-2.0549,1.1053,-0.9281,-1.9442,0.9053,-0.8281,1.2269,0.0,0.0,11.8999,5.744190692901611,3.0740535259246826,-47.67,0,1,180,1.624,0.2891,1.0,0.409,0.0867,0.3,0.1636,0.5503,0.8092
137.851,3,RETURN_HOME,5.1923,10.689,-2.0606,1.0935,-0.9272,-1.9502,0.8935,-0.8272,1.2176,0.0,0.0,11.8834,5.73721981048584,3.096860408782959,-48.17,0,1,180,1.726,0.2904,1.0,0.4059,0.0871,0.3,0.1623,0.5495,0.8081
137.901,3,RETURN_HOME,5.2403,10.6426,-2.0702,1.0777,-0.9258,-1.9572,0.8777,-0.8258,1.2052,0.0,0.0,11.8628,5.721376895904541,3.147388219833374,-48.92,0,1,180,1.539,0.293,1.0,0.4017,0.0879,0.3,0.1607,0.5486,0.7896
137.951,3,RETURN_HOME,5.2801,10.6042,-2.0768,1.0649,-0.9248,-1.9629,0.8649,-0.8248,1.1951,0.0,0.0,11.846,5.716235637664795,3.170839548110962,-49.42,0,1,180,1.808,0.2953,1.0,0.3984,0.0886,0.3,0.1594,0.5479,0.7915
138.001,3,RETURN_HOME,5.3281,10.5582,-2.0826,1.0499,-0.9236,-1.9695,0.8499,-0.9236,1.2551,0.0,0.0,11.8264,5.709611415863037,3.189988136291504,-49.92,0,1,180,1.744,0.3518,1.0,0.4184,0.1056,0.3,0.1674,0.5729,0.794
138.051,3,RETURN_HOME,5.3685,10.5199,-2.0855,1.038,-0.9222,-1.9748,0.838,-0.8222,1.174,0.0,0.0,11.8106,5.699245929718018,3.245426893234253,-50.67,0,1,180,1.582,0.2993,1.0,0.3913,0.0898,0.3,0.1565,0.5463,0.7734
138.101,3,RETURN_HOME,5.4165,10.4744,-2.088,1.0239,-0.9205,-1.9809,0.8239,-0.9205,1.2353,0.0,0.0,11.792,5.696342468261719,3.2649455070495605,-51.17,0,1,180,1.668,0.3555,1.0,0.4118,0.1067,0.3,0.1647,0.5714,0.7742
138.151,3,RETURN_HOME,5.4558,10.4354,-2.0888,1.0118,-0.9215,-1.986,0.8118,-0.9215,1.2281,0.0,0.0,11.7755,5.691908836364746,3.291994333267212,-51.42,0,1,180,1.636,0.3587,1.0,0.4094,0.1076,0.3,0.1637,0.5714,0.776
138.201,3,RETURN_HOME,5.5022,10.3882,-2.0887,0.9973,-0.9225,-1.9919,0.7973,-0.9225,1.2193,0.0,0.0,11.7554,5.693881511688232,3.3444554805755615,-52.17,0,1,180,1.639,0.3625,1.0,0.4064,0.1087,0.3,0.1626,0.5713,0.758
138.251,3,RETURN_HOME,5.5405,10.3491,-2.0881,0.9852,-0.9248,-1.9968,0.7852,-0.9248,1.2131,0.0,0.0,11.7389,5.698184967041016,3.365323781967163,-52.67,0,1,180,1.748,0.3666,1.0,0.4044,0.11,0.3,0.1617,0.5717,0.7596
138.301,3,RETURN_HOME,5.5849,10.3037,-2.086,0.9702,-0.9282,-2.0026,0.7702,-0.9282,1.2061,0.0,0.0,11.72,5.704402446746826,3.388702154159546,114.48,0,1,180,1.556,0.3723,1.0,0.402,0.1117,0.3,0.1608,0.5725,0.7685
138.351,3,RETURN_HOME,5.6212,10.2663,-2.0835,0.9576,-0.9316,-2.0073,0.7576,-0.9316,1.2008,0.0,0.0,11.7045,5.7193732261657715,3.322995662689209,114.23,0,1,180,1.66,0.3775,1.0,0.4003,0.1132,0.3,0.1601,0.5734,0.748
138.401,3,RETURN_HOME,5.6645,10.2213,-2.0804,0.9428,-0.9365,-2.0129,0.7428,-0.9365,1.1953,0.0,0.0,11.686,5.73045015335083,3.2924282550811768,115.48,0,1,180,1.562,0.384,1.0,0.3984,0.1152,0.3,0.1594,0.5746,0.7586
138.451,3,RETURN_HOME,5.7018,10.1841,-2.0736,0.9313,-0.9408,-2.0176,0.7313,-0.9408,1.1916,0.0,0.0,11.6716,5.745677471160889,3.262075901031494,113.98,0,1,180,1.727,0.3891,1.0,0.3972,0.1167,0.3,0.1589,0.5756,0.7618
138.501,3,RETURN_HOME,5.7391,10.1468,-2.0662,0.92,-0.9452,-2.0222,0.72,-0.9452,1.1882,0.0,0.0,11.6574,5.793316841125488,3.199586868286133,114.48,0,1,180,1.525,0.3941,1.0,0.3961,0.1182,0.3,0.1584,0.5766,0.7409
138.552,3,RETURN_HOME,5.7832,10.1018,-2.0582,0.9062,-0.9507,-2.0276,0.7062,-0.9507,1.1843,0.0,0.0,11.6401,5.834254741668701,3.169668436050415,115.48,0,1,180,2.309,0.4004,1.0,0.3948,0.1201,0.3,0.1579,0.578,0.749
138.601,3,RETURN_HOME,5.8297,10.0579,-2.0578,0.893,-0.9555,-2.033,0.693,-0.9555,1.1804,0.0,0.0,11.6252,7.280824661254883,3.1411967277526855,116.23,0,1,180,1.582,0.4059,1.0,0.3935,0.1218,0.3,0.1574,0.5792,0.7582
138.651,3,RETURN_HOME,5.8676,10.0208,-2.0574,0.8818,-0.9595,-2.0375,0.6818,-0.9595,1.1771,0.0,0.0,11.6123,7.231482982635498,3.0800414085388184,115.98,0,1,180,1.649,0.4108,1.0,0.3924,0.1232,0.3,0.1569,0.5802,0.7423
138.701,3,RETURN_HOME,5.9047,9.9835,-2.0569,0.8702,-0.9637,-2.042,0.6702,-0.9637,1.1738,0.0,0.0,11.599,7.209319114685059,3.05269718170166,116.23,0,1,180,1.633,0.4159,1.0,0.3913,0.1248,0.3,0.1565,0.5813,0.7477
138.751,3,RETURN_HOME,5.9502,9.9398,-2.0547,0.8567,-0.9684,-2.0474,0.6567,-0.9684,1.17,0.0,0.0,11.5847,7.185409069061279,3.02437424659729,117.73,0,1,180,1.75,0.4219,1.0,0.39,0.1266,0.3,0.156,0.5826,0.7538
138.801,3,RETURN_HOME,5.9943,9.8955,-2.0526,0.8427,-0.9732,-2.0529,0.6427,-0.9732,1.1662,0.0,0.0,11.5695,7.135360240936279,2.966886281967163,116.73,0,1,180,1.692,0.4282,1.0,0.3887,0.1285,0.3,0.1555,0.584,0.746
138.851,3,RETURN_HOME,6.0293,9.8576,-2.0506,0.8304,-0.9775,-2.0576,0.6304,-0.9775,1.1631,0.0,0.0,11.5553,7.110398769378662,2.940906524658203,119.49,0,1,180,1.706,0.4341,1.0,0.3877,0.1302,0.3,0.1551,0.5853,0.7533
138.901,3,RETURN_HOME,6.0605,9.8171,-2.0478,0.8164,-0.9829,-2.0624,0.6164,-0.9829,1.1601,0.0,0.0,11.5371,7.087910175323486,2.9132814407348633,118.23,0,1,180,1.651,0.4418,1.0,0.3867,0.1325,0.3,0.1547,0.5872,0.7656
138.951,3,RETURN_HOME,6.0974,9.7684,-2.0448,0.7996,-0.9893,-2.0681,0.5996,-0.9893,1.1568,0.0,0.0,11.5152,7.037966251373291,2.858576536178589,118.23,0,1,180,1.672,0.451,1.0,0.3856,0.1353,0.3,0.1542,0.5895,0.7636
139.001,3,RETURN_HOME,6.1333,9.7205,-2.0424,0.7828,-0.995,-2.0737,0.5828,-1.095,1.2404,0.0,0.0,11.4937,7.014176845550537,2.832974910736084,118.99,0,1,180,1.558,0.4959,1.0,0.4135,0.1488,0.3,0.1654,0.6141,0.7821
139.051,3,RETURN_HOME,6.1625,9.6812,-2.041,0.7687,-0.9989,-2.0783,0.5687,-1.0989,1.2373,0.0,0.0,11.4761,6.990531921386719,2.80856990814209,118.73,0,1,180,1.569,0.5024,1.0,0.4144,0.1507,0.3,0.1658,0.6165,0.7956
139.101,3,RETURN_HOME,6.197,9.6338,-2.0394,0.752,-1.0036,-2.0839,0.552,-1.1036,1.234,0.0,0.0,11.4548,6.938353538513184,2.7554564476013184,119.49,0,1,180,1.601,0.5101,1.0,0.4197,0.153,0.3,0.1679,0.6209,0.8006
139.151,3,RETURN_HOME,6.2252,9.5949,-2.037,0.7383,-1.0091,-2.0886,0.5383,-1.1091,1.2328,0.0,0.0,11.4375,6.914611339569092,2.732736587524414,119.49,0,1,180,1.678,0.517,1.0,0.4249,0.1551,0.3,0.17,0.6251,0.8125
139.201,3,RETURN_HOME,6.2584,9.5484,-2.0333,0.7221,-1.0175,-2.094,0.5221,-1.1175,1.2334,0.0,0.0,11.4166,6.890317440032959,2.708695888519287,119.99,0,1,180,1.702,0.5257,1.0,0.4323,0.1577,0.3,0.1729,0.6306,0.8328
139.251,3,RETURN_HOME,6.2856,9.5091,-2.0306,0.7087,-1.0261,-2.0985,0.5087,-1.1261,1.2357,0.0,0.0,11.3987,6.839592933654785,2.6596555709838867,119.99,0,1,180,1.602,0.5332,1.0,0.4393,0.16,0.3,0.1757,0.6357,0.8349
139.301,3,RETURN_HOME,6.3186,9.46,-2.0279,0.6928,-1.0379,-2.1039,0.4928,-1.1379,1.2401,0.0,0.0,11.3761,6.813388347625732,2.6372475624084473,119.49,0,1,180,1.57,0.5424,1.0,0.4484,0.1627,0.3,0.1793,0.6421,0.8561
139.351,3,RETURN_HOME,6.3457,9.4184,-2.0259,0.6796,-1.0483,-2.1084,0.4796,-1.1483,1.2445,0.0,0.0,11.3567,6.790071964263916,2.6139633655548096,122.74,0,1,180,1.799,0.5499,1.0,0.4562,0.165,0.3,0.1825,0.6475,0.8706
139.401,3,RETURN_HOME,6.3775,9.368,-2.0238,0.6639,-1.0609,-2.1137,0.4639,-1.1609,1.2501,0.0,0.0,11.3328,6.733621120452881,2.5672826766967773,120.74,0,1,180,1.695,0.5588,1.0,0.4657,0.1676,0.3,0.1863,0.6539,0.8783
139.451,3,RETURN_HOME,6.4091,9.3156,-2.0237,0.6481,-1.0737,-2.119,0.4481,-1.1737,1.2563,0.0,0.0,11.3074,6.706943511962891,2.5470285415649414,120.99,0,1,180,1.69,0.5675,1.0,0.4753,0.1703,0.3,0.1901,0.6604,0.8984
139.501,3,RETURN_HOME,6.4348,9.2716,-2.0236,0.635,-1.0842,-2.1234,0.435,-1.1842,1.2616,0.0,0.0,11.2858,6.68146276473999,2.5253851413726807,120.74,0,1,180,1.587,0.5745,1.0,0.4832,0.1724,0.3,0.1933,0.6656,0.9139
139.551,3,RETURN_HOME,6.4649,9.2179,-2.0231,0.6191,-1.0968,-2.1286,0.4191,-1.1968,1.2681,0.0,0.0,11.259,6.62037992477417,2.4826109409332275,120.99,0,1,180,1.723,0.5829,1.0,0.4928,0.1749,0.3,0.1971,0.672,0.9284
139.601,3,RETURN_HOME,6.4889,9.1708,-2.0209,0.6054,-1.1083,-2.1329,0.4054,-1.3083,1.3697,0.0,0.0,11.2343,6.593048095703125,2.461475372314453,122.99,0,1,180,1.556,0.6088,1.0,0.5559,0.1826,0.3,0.2224,0.705,0.942
139.651,3,RETURN_HOME,6.5125,9.1236,-2.0189,0.5919,-1.1196,-2.1371,0.3919,-1.3196,1.3765,0.0,0.0,11.2094,6.5660505294799805,2.442246913909912,123.74,0,1,180,1.698,0.6149,1.0,0.5642,0.1845,0.3,0.2257,0.7102,0.9614
139.701,3,RETURN_HOME,6.5399,9.0669,-2.0169,0.5753,-1.1328,-2.142,0.3753,-1.3328,1.3846,0.0,0.0,11.1794,6.5067267417907715,2.4021823406219482,122.49,0,1,180,1.568,0.6221,1.0,0.5742,0.1866,0.3,0.2297,0.7163,0.9796
139.751,3,RETURN_HOME,6.5617,9.0199,-2.0154,0.5613,-1.1455,-2.1462,0.3613,-1.3455,1.3931,0.0,0.0,11.1541,6.4788432121276855,2.3836448192596436,123.99,0,1,180,1.603,0.6284,1.0,0.5837,0.1885,0.3,0.2335,0.722,0.9966
139.801,3,RETURN_HOME,6.5874,8.9629,-2.0139,0.5445,-1.1628,-2.1512,0.3445,-1.3628,1.4056,0.0,0.0,11.1233,6.448225498199463,2.3651740550994873,121.24,0,1,180,1.535,0.6361,1.0,0.596,0.1908,0.3,0.2384,0.7292,1.0191
139.851,3,RETURN_HOME,6.6065,8.914,-2.012,0.5301,-1.1791,-2.1555,0.3301,-1.3791,1.418,0.0,0.0,11.0953,6.388669967651367,2.328380584716797,124.49,0,1,180,1.698,0.6427,1.0,0.6076,0.1928,0.3,0.243,0.7359,1.0386
139.901,3,RETURN_HOME,6.6228,8.8632,-2.009,0.515,-1.1969,-2.1598,0.315,-1.3969,1.432,0.0,0.0,11.0643,6.3567986488342285,2.3104465007781982,123.24,0,1,180,1.634,0.6498,1.0,0.6203,0.1949,0.3,0.2481,0.7431,1.0638
139.951,3,RETURN_HOME,6.6423,8.8019,-2.006,0.4972,-1.2185,-2.165,0.2972,-1.4185,1.4493,0.0,0.0,11.027,6.32823371887207,2.2941694259643555,125.24,0,1,180,1.882,0.6577,1.0,0.6355,0.1973,0.3,0.2542,0.7515,1.0959
140.001,3,RETURN_HOME,6.6611,8.7398,-2.0014,0.4797,-1.2396,-2.1702,0.2797,-1.4396,1.4666,0.0,0.0,10.9888,6.25880765914917,2.258791208267212,124.49,0,1,180,1.625,0.6651,1.0,0.6503,0.1995,0.3,0.2601,0.7597,1.1275
140.051,3,RETURN_HOME,6.6762,8.6874,-1.9967,0.4653,-1.2568,-2.1746,0.2653,-1.4568,1.4808,0.0,0.0,10.9565,6.225711345672607,2.244093179702759,125.24,0,1,180,1.73,0.6709,1.0,0.6623,0.2013,0.3,0.2649,0.7662,1.1485
140.102,3,RETURN_HOME,6.6943,8.6241,-1.992,0.4481,-1.277,-2.1798,0.2481,-1.477,1.4977,0.0,0.0,10.9174,6.193544387817383,2.228109121322632,123.99,0,1,180,1.807,0.6775,1.0,0.6764,0.2032,0.3,0.2706,0.7738,1.1747
140.151,3,RETURN_HOME,6.71,8.5704,-1.989,0.434,-1.2941,-2.1842,0.234,-1.3941,1.4136,0.0,0.0,10.8847,6.120706558227539,2.197042465209961,123.74,0,1,180,1.777,0.6745,1.0,0.6356,0.2023,0.3,0.2542,0.7566,1.1926
140.201,3,RETURN_HOME,6.7288,8.5053,-1.9862,0.4172,-1.3148,-2.1893,0.2172,-1.4,1.4168,0.0,0.0,10.8451,6.086965560913086,2.181962728500366,124.74,0,1,180,1.591,0.6798,1.0,0.6421,0.204,0.3,0.2568,0.7608,1.2217
140.251,3,RETURN_HOME,6.747,8.4395,-1.9841,0.4004,-1.3355,-2.1944,0.2004,-1.4,1.4143,0.0,0.0,10.805,6.050688743591309,2.1671109199523926,126.24,0,1,180,1.779,0.6847,1.0,0.6456,0.2054,0.3,0.2582,0.7637,1.2515
140.301,3,RETURN_HOME,6.7621,8.3841,-1.9834,0.3866,-1.3506,-2.1984,0.1866,-1.4,1.4124,0.0,0.0,10.7712,5.97273588180542,2.1409521102905273,126.74,0,1,180,1.6,0.6886,1.0,0.6484,0.2066,0.3,0.2594,0.7659,1.2775
140.351,3,RETURN_HOME,6.7796,8.3171,-1.9829,0.37,-1.366,-2.2034,0.17,-1.4,1.4103,0.0,0.0,10.7302,5.9390387535095215,2.1273679733276367,125.99,0,1,180,1.788,0.6933,1.0,0.6518,0.208,0.3,0.2607,0.7687,1.3079
140.401,3,RETURN_HOME,6.7936,8.2613,-1.984,0.356,-1.3765,-2.2076,0.156,-1.4,1.4087,0.0,0.0,10.6959,5.897740840911865,2.1149346828460693,125.49,0,1,180,1.743,0.6973,1.0,0.6549,0.2092,0.3,0.2619,0.7711,1.3338
140.451,3,RETURN_HOME,6.8072,8.2068,-1.9895,0.3418,-1.3846,-2.2118,0.1418,-1.4,1.4072,0.0,0.0,10.6625,5.816653728485107,2.089535713195801,126.24,0,1,180,1.674,0.7014,1.0,0.658,0.2104,0.3,0.2632,0.7736,1.3531
140.501,3,RETURN_HOME,6.8228,8.1409,-1.9955,0.3247,-1.3928,-2.217,0.1247,-1.4,1.4055,0.0,0.0,10.6219,5.777955055236816,2.078111410140991,126.99,0,1,180,1.571,0.7064,1.0,0.6619,0.2119,0.3,0.2648,0.7767,1.2975
140.551,3,RETURN_HOME,6.839,8.0745,-2.002,0.3082,-1.3999,-2.2222,0.1082,-1.4,1.4042,0.0,0.0,10.5815,5.699066638946533,2.0553948879241943,125.74,0,1,180,1.609,0.711,1.0,0.6656,0.2133,0.3,0.2662,0.7796,1.2186
140.6,3,RETURN_HOME,6.8538,8.0189,-2.0087,0.2951,-1.4055,-2.2267,0.0951,-1.4,1.4032,0.0,0.0,10.5488,5.654875755310059,2.045156717300415,127.24,0,1,180,1.001,0.7144,1.0,0.6683,0.2143,0.3,0.2673,0.7816,1.171
140.651,3,RETURN_HOME,6.8706,7.9518,-2.0157,0.2793,-1.4116,-2.232,0.0793,-1.4,1.4022,0.0,0.0,10.5088,5.617000102996826,2.034799098968506,127.74,0,1,180,1.058,0.7185,1.0,0.6716,0.2155,0.3,0.2687,0.7842,1.1226
140.7,3,RETURN_HOME,6.8832,7.8957,-2.0227,0.2659,-1.4164,-2.2365,0.0659,-1.4,1.4016,0.0,0.0,10.4748,5.57943058013916,2.0262606143951416,128.49,0,1,180,0.97,0.722,1.0,0.6746,0.2166,0.3,0.2699,0.7865,1.0762
140.75,3,RETURN_HOME,6.8968,7.8284,-2.0332,0.2495,-1.4217,-2.2418,0.0495,-1.4,1.4009,0.0,0.0,10.4331,5.495640277862549,2.0064167976379395,127.74,0,1,180,1.097,0.7265,1.0,0.6785,0.218,0.3,0.2714,0.7894,0.9951
140.8,3,RETURN_HOME,6.9074,7.772,-2.0407,0.2357,-1.4258,-2.2463,0.0357,-1.3,1.3005,0.0,0.0,10.3979,5.453736305236816,1.9977855682373047,126.74,0,1,180,1.022,0.729,1.0,0.632,0.2187,0.3,0.2528,0.7715,1.1133
140.851,3,RETURN_HOME,6.9172,7.7025,-2.0483,0.2178,-1.4312,-2.2517,0.0178,-1.3,1.3001,0.0,0.0,10.3526,5.413973808288574,1.9901098012924194,127.74,0,1,180,1.276,0.7348,1.0,0.6369,0.2204,0.3,0.2548,0.7752,1.0568
140.9,3,RETURN_HOME,6.9241,7.6439,-2.0536,0.2025,-1.4356,-2.2562,0.0025,-1.3,1.3,0.0,0.0,10.3136,5.330446720123291,1.9740761518478394,128.99,0,1,180,1.032,0.7398,1.0,0.6412,0.2219,0.3,0.2565,0.7784,0.9663
140.951,3,RETURN_HOME,6.9317,7.5735,-2.0585,0.1846,-1.4378,-2.2616,-0.0154,-1.3,1.3001,0.0,0.0,10.2668,5.289174556732178,1.9675642251968384,129.24,0,1,180,1.239,0.7456,1.0,0.6462,0.2237,0.3,0.2585,0.7822,0.9078
141.0,3,RETURN_HOME,6.9366,7.5168,-2.0605,0.1696,-1.4364,-2.266,-0.0304,-1.3,1.3004,0.0,0.0,10.2283,5.248325347900391,1.961379885673523,130.75,0,1,180,1.105,0.7506,1.0,0.6507,0.2252,0.3,0.2603,0.7854,0.854
141.05,3,RETURN_HOME,6.9418,7.4492,-2.0617,0.1515,-1.4326,-2.2714,-0.0485,-1.2,1.201,0.0,0.0,10.1823,5.158942222595215,1.9498122930526733,127.99,0,1,180,1.071,0.7585,1.0,0.6073,0.2276,0.3,0.2429,0.7705,0.9458
141.1,3,RETURN_HOME,6.9457,7.3929,-2.0621,0.1363,-1.4286,-2.2759,-0.0637,-1.2,1.2017,0.0,0.0,10.1439,5.120513439178467,1.9438787698745728,130.25,0,1,180,1.057,0.7641,1.0,0.6121,0.2292,0.3,0.2449,0.7741,0.887
141.151,3,RETURN_HOME,6.9517,7.3258,-2.0586,0.1186,-1.4235,-2.2812,-0.0814,-1.2,1.2028,0.0,0.0,10.0992,5.076573371887207,1.9387003183364868,131.25,0,1,180,1.769,0.7703,1.0,0.6177,0.2311,0.3,0.2471,0.7782,0.829
141.2,3,RETURN_HOME,6.9563,7.2701,-2.0551,0.1041,-1.4175,-2.2857,-0.0959,-1.2,1.2038,0.0,0.0,10.062,4.9908576011657715,1.9292728900909424,130.5,0,1,180,0.958,0.7753,1.0,0.6222,0.2326,0.3,0.2489,0.7815,0.7343
141.25,3,RETURN_HOME,6.9612,7.204,-2.0508,0.0866,-1.4082,-2.2911,-0.0134,-1.2,1.2001,0.0,0.0,10.0178,4.951451301574707,1.9252634048461914,131.0,0,1,180,0.948,0.7269,1.0,0.5815,0.2181,0.3,0.2326,0.7507,0.8846
141.301,3,RETURN_HOME,6.9657,7.1511,-2.047,0.0719,-1.3985,-2.2956,-0.1281,-1.1,1.1074,0.0,0.0,9.9829,4.90961217880249,1.9221961498260498,132.0,0,1,180,1.669,0.7922,1.0,0.5849,0.2377,0.3,0.234,0.7716,0.8335
141.351,3,RETURN_HOME,6.9701,7.0876,-2.0427,0.0541,-1.3869,-2.3011,-0.1459,-1.1,1.1096,0.0,0.0,9.9406,4.825165271759033,1.9162517786026,129.24,0,1,180,1.69,0.799,1.0,0.5911,0.2397,0.3,0.2364,0.7761,0.7082
141.401,3,RETURN_HOME,6.973,7.0351,-2.0379,0.0409,-1.3772,-2.3057,-0.1591,-1.1,1.1114,0.0,0.0,9.9053,4.784104347229004,1.9130407571792603,132.5,0,1,180,1.627,0.8037,1.0,0.5955,0.2411,0.3,0.2382,0.7793,0.641
141.451,3,RETURN_HOME,6.9758,6.9734,-2.0265,0.0247,-1.3636,-2.3111,-0.0753,-1.1,1.1026,0.0,0.0,9.8636,4.744638919830322,1.9109774827957153,134.0,0,1,180,1.786,0.7536,1.0,0.554,0.2261,0.3,0.2216,0.7477,0.7663
141.501,3,RETURN_HOME,6.9774,6.9222,-2.0182,0.0105,-1.3513,-2.3156,-0.0895,-1.1,1.1036,0.0,0.0,9.8285,4.661044120788574,1.9079574346542358,132.25,0,1,180,1.59,0.7595,1.0,0.5588,0.2279,0.3,0.2235,0.7514,0.6544
141.551,3,RETURN_HOME,6.9791,6.8618,-2.0098,-0.0072,-1.3357,-2.3211,-0.0072,-1.2,1.2,0.0,0.0,9.7873,4.620796203613281,1.90742826461792,132.75,0,1,180,1.708,0.7054,1.0,0.5643,0.2116,0.3,0.2257,0.7373,0.7231
141.601,3,RETURN_HOME,6.9803,6.8123,-2.0042,-0.0206,-1.3222,-2.3258,0.0794,-1.3,1.3024,0.0,0.0,9.7536,4.580440521240234,1.90655517578125,131.75,0,1,180,1.61,0.6535,1.0,0.5674,0.196,0.3,0.227,0.723,0.9532
141.651,3,RETURN_HOME,6.9808,6.763,-1.9994,-0.0329,-1.3087,-2.3306,0.0671,-1.3,1.3017,0.0,0.0,9.7195,4.496738910675049,1.9067323207855225,134.0,0,1,180,1.673,0.6579,1.0,0.5709,0.1974,0.3,0.2284,0.7257,0.9056
141.701,3,RETURN_HOME,6.9804,6.7048,-1.9901,-0.0447,-1.295,-2.3364,-0.0447,-1.095,1.0959,0.0,0.0,9.6788,4.459205150604248,1.9054670333862305,134.25,0,1,180,1.652,0.7216,1.0,0.5272,0.2165,0.3,0.2109,0.7274,0.6842
141.751,3,RETURN_HOME,6.9795,6.6569,-1.98,-0.0502,-1.2883,-2.3412,-0.0502,-1.0883,1.0895,0.0,0.0,9.6451,4.42466926574707,1.9068396091461182,134.75,0,1,180,1.66,0.7228,1.0,0.525,0.2168,0.3,0.21,0.7268,0.6647
141.801,3,RETURN_HOME,6.978,6.599,-1.9698,-0.0517,-1.2867,-2.3463,-0.0517,-1.0867,1.0879,0.0,0.0,9.6042,4.340225696563721,1.9083034992218018,134.75,0,1,180,1.679,0.7208,1.0,0.5228,0.2163,0.3,0.2091,0.7254,0.6278
141.852,3,RETURN_HOME,6.9787,6.5512,-1.9638,-0.051,-1.2847,-2.3501,-0.051,-1.0847,1.0859,0.0,0.0,9.5719,4.299717903137207,1.9086066484451294,134.75,0,1,180,1.91,0.7179,1.0,0.5198,0.2154,0.3,0.2079,0.7233,0.6223
141.901,3,RETURN_HOME,6.9804,6.494,-1.9588,-0.0506,-1.2798,-2.3544,-0.0506,-1.0798,1.081,0.0,0.0,9.5341,4.260800838470459,1.9093226194381714,135.0,0,1,180,1.768,0.7147,1.0,0.515,0.2144,0.3,0.206,0.7204,0.618
141.951,3,RETURN_HOME,6.9815,6.4365,-1.9552,-0.0519,-1.2723,-2.3587,-0.0519,-1.0723,1.0735,0.0,0.0,9.4958,4.173743724822998,1.911874771118164,134.75,0,1,180,1.575,0.7126,1.0,0.51,0.2138,0.3,0.204,0.7178,0.5913
142.001,3,RETURN_HOME,6.9846,6.388,-1.9541,-0.0529,-1.2644,-2.3623,-0.0529,-1.0644,1.0657,0.0,0.0,9.4653,4.132105827331543,1.9154738187789917,133.75,0,1,180,1.568,0.7107,1.0,0.5049,0.2132,0.3,0.202,0.7152,0.5843
142.051,3,RETURN_HOME,6.9874,6.33,-1.9535,-0.0556,-1.2538,-2.3668,-0.0556,-1.0538,1.0552,0.0,0.0,9.4283,4.092774868011475,1.9156774282455444,135.0,0,1,180,1.714,0.7095,1.0,0.4991,0.2128,0.3,0.1996,0.7125,0.5801
142.101,3,RETURN_HOME,6.989,6.2817,-1.9535,-0.0586,-1.2443,-2.3705,-0.0586,-1.0443,1.046,0.0,0.0,9.3971,4.003507614135742,1.9202549457550049,134.75,0,1,180,1.548,0.7091,1.0,0.4945,0.2127,0.3,0.1978,0.7105,0.5501
142.151,3,RETURN_HOME,6.992,6.226,-1.9527,-0.0619,-1.2322,-2.375,-0.0619,-1.0322,1.0341,0.0,0.0,9.3622,3.9664905071258545,1.9220879077911377,135.0,0,1,180,1.742,0.7086,1.0,0.4885,0.2126,0.3,0.1954,0.708,0.5422
142.201,3,RETURN_HOME,6.9936,6.1796,-1.9526,-0.0649,-1.2224,-2.3787,-0.0649,-1.0224,1.0244,0.0,0.0,9.3326,3.9239397048950195,1.9220199584960938,135.0,0,1,180,1.63,0.7083,1.0,0.4837,0.2125,0.3,0.1935,0.706,0.5323
142.251,3,RETURN_HOME,6.9947,6.1332,-1.9528,-0.0679,-1.2129,-2.3823,0.0321,-1.2129,1.2133,0.0,0.0,9.3028,3.8406519889831543,1.9275518655776978,134.5,0,1,180,1.632,0.6392,1.0,0.517,0.1918,0.3,0.2068,0.6986,0.7929
142.301,3,RETURN_HOME,6.9922,6.08,-1.9548,-0.0728,-1.2003,-2.3866,0.0272,-1.2003,1.2006,0.0,0.0,9.2659,3.8007678985595703,1.9300711154937744,135.0,0,1,180,1.578,0.6389,1.0,0.5114,0.1917,0.3,0.2045,0.6962,0.7829
142.351,3,RETURN_HOME,6.9893,6.0268,-1.9571,-0.0776,-1.188,-2.3911,0.0224,-1.188,1.1882,0.0,0.0,9.2289,3.762280225753784,1.9322530031204224,134.75,0,1,180,1.669,0.6386,1.0,0.5059,0.1916,0.3,0.2024,0.6939,0.773
142.401,3,RETURN_HOME,6.9853,5.9827,-1.9578,-0.0806,-1.1815,-2.3951,0.0194,-1.1815,1.1817,0.0,0.0,9.1971,3.680659055709839,1.9370867013931274,135.0,0,1,180,1.694,0.638,1.0,0.5026,0.1914,0.3,0.201,0.6924,0.7248
142.451,3,RETURN_HOME,6.9781,5.93,-1.9565,-0.0827,-1.1784,-2.3998,0.0173,-1.1784,1.1785,0.0,0.0,9.1574,3.640512466430664,1.9398043155670166,135.0,0,1,180,1.696,0.6363,1.0,0.4999,0.1909,0.3,0.2,0.6908,0.7211
142.501,3,RETURN_HOME,6.9724,5.8856,-1.9559,-0.0824,-1.1789,-2.4036,0.0176,-1.1789,1.1791,0.0,0.0,9.1245,3.600999593734741,1.942853331565857,135.0,0,1,180,1.711,0.6335,1.0,0.498,0.1901,0.3,0.1992,0.6893,0.7219
142.551,3,RETURN_HOME,6.9668,5.8311,-1.9548,-0.0802,-1.1822,-2.408,0.0198,-1.1822,1.1824,0.0,0.0,9.085,3.517953634262085,1.9479012489318848,134.75,0,1,180,1.803,0.6289,1.0,0.4957,0.1887,0.3,0.1983,0.6869,0.7182
142.601,3,RETURN_HOME,6.9629,5.7846,-1.9536,-0.0774,-1.186,-2.4116,0.0226,-1.186,1.1863,0.0,0.0,9.0522,3.4771151542663574,1.9482121467590332,135.0,0,1,180,1.459,0.6243,1.0,0.4937,0.1873,0.3,0.1975,0.6847,0.7205
142.651,3,RETURN_HOME,6.9584,5.7285,-1.9528,-0.0738,-1.1907,-2.4157,0.0262,-1.1907,1.191,0.0,0.0,9.0131,3.437227964401245,1.9531620740890503,135.0,0,1,180,1.736,0.6184,1.0,0.491,0.1855,0.3,0.1964,0.6819,0.7276
142.701,3,RETURN_HOME,6.9537,5.6817,-1.9524,-0.0712,-1.1941,-2.4191,0.0288,-1.1941,1.1945,0.0,0.0,8.9798,3.34972882270813,1.9575107097625732,135.0,0,1,180,1.484,0.6139,1.0,0.4888,0.1842,0.3,0.1955,0.6797,0.7253
142.751,3,RETURN_HOME,6.949,5.6348,-1.9523,-0.0689,-1.197,-2.4224,0.0311,-1.197,1.1974,0.0,0.0,8.9465,3.3074371814727783,1.9610812664031982,134.75,0,1,180,1.762,0.6095,1.0,0.4865,0.1828,0.3,0.1946,0.6775,0.7278
142.801,3,RETURN_HOME,6.9437,5.5783,-1.9528,-0.0664,-1.2,-2.4265,0.0336,-1.2,1.2005,0.0,0.0,8.9068,3.2643539905548096,1.9635928869247437,135.0,0,1,180,1.56,0.6042,1.0,0.4836,0.1813,0.3,0.1934,0.6747,0.7307
142.851,3,RETURN_HOME,6.9403,5.519,-1.957,-0.0636,-1.2035,-2.4307,0.0364,-1.1035,1.1041,0.0,0.0,8.8672,3.1778275966644287,1.9674326181411743,135.0,0,1,180,1.645,0.5962,1.0,0.4389,0.1789,0.3,0.1756,0.6544,0.725
142.901,3,RETURN_HOME,6.9379,5.4692,-1.961,-0.0612,-1.2065,-2.4342,0.0388,-1.1065,1.1072,0.0,0.0,8.8344,3.1350045204162598,1.9692732095718384,134.75,0,1,180,1.585,0.5912,1.0,0.4363,0.1773,0.3,0.1745,0.6519,0.7293
142.951,3,RETURN_HOME,6.935,5.4096,-1.9656,-0.0584,-1.2099,-2.4383,0.0416,-1.1099,1.1107,0.0,0.0,8.7954,3.046968698501587,1.9748506546020508,134.75,0,1,180,1.739,0.5851,1.0,0.4332,0.1755,0.3,0.1733,0.6488,0.7298
143.001,3,RETURN_HOME,6.9348,5.3489,-1.9617,-0.0541,-1.2112,-2.4425,0.0459,-1.1112,1.1121,0.0,0.0,8.758,2.998267889022827,1.976141095161438,135.0,0,1,180,1.653,0.5776,1.0,0.4282,0.1733,0.3,0.1713,0.6446,0.7412
143.051,3,RETURN_HOME,6.9345,5.2887,-1.9588,-0.0499,-1.2097,-2.4468,-0.0499,-1.0097,1.0109,0.0,0.0,8.7211,2.9538121223449707,1.9770386219024658,135.0,0,1,180,1.648,0.645,1.0,0.4347,0.1935,0.3,0.1739,0.6674,0.5232
143.101,3,RETURN_HOME,6.9333,5.2389,-1.9555,-0.0469,-1.2071,-2.4506,-0.0469,-1.0071,1.0082,0.0,0.0,8.69,2.867703437805176,1.9822896718978882,135.0,0,1,180,1.554,0.6393,1.0,0.4297,0.1918,0.3,0.1719,0.6637,0.5271
143.151,3,RETURN_HOME,6.931,5.1895,-1.9508,-0.0441,-1.204,-2.4543,-0.0441,-1.004,1.005,0.0,0.0,8.6585,2.817692995071411,1.9844839572906494,135.0,0,1,180,1.843,0.6339,1.0,0.4247,0.1902,0.3,0.1699,0.66,0.5359
143.201,3,RETURN_HOME,6.9284,5.1308,-1.9465,-0.0429,-1.1978,-2.4588,-0.0429,-0.9978,0.9987,0.0,0.0,8.6213,2.7744452953338623,1.9868680238723755,134.75,0,1,180,1.597,0.6291,1.0,0.4189,0.1887,0.3,0.1675,0.6563,0.5425
143.251,3,RETURN_HOME,6.9261,5.0824,-1.9441,-0.0438,-1.1904,-2.4627,-0.0438,-0.9904,0.9914,0.0,0.0,8.5908,2.687959671020508,1.9885300397872925,135.0,0,1,180,1.754,0.6267,1.0,0.4142,0.188,0.3,0.1657,0.6537,0.5323
143.301,3,RETURN_HOME,6.9231,5.0252,-1.9428,-0.0464,-1.1795,-2.4674,-0.0464,-0.9795,0.9806,0.0,0.0,8.5547,2.639277458190918,1.9914146661758423,134.75,0,1,180,1.609,0.6251,1.0,0.4086,0.1875,0.3,0.1635,0.651,0.5326
143.351,3,RETURN_HOME,6.9206,4.978,-1.9423,-0.0495,-1.1695,-2.4716,-0.0495,-0.9695,0.9707,0.0,0.0,8.525,2.5956950187683105,1.9943532943725586,135.0,0,1,180,1.647,0.6246,1.0,0.4042,0.1874,0.3,0.1617,0.6491,0.526
143.401,3,RETURN_HOME,6.9193,4.9314,-1.9415,-0.0524,-1.1591,-2.4758,-0.0524,-0.9591,0.9605,0.0,0.0,8.4968,2.5532724857330322,1.9975641965866089,134.75,0,1,180,1.513,0.6239,1.0,0.3995,0.1872,0.3,0.1598,0.647,0.5196
143.451,3,RETURN_HOME,6.9197,4.8763,-1.9398,-0.0549,-1.1464,-2.4809,-0.0549,-0.9464,0.948,0.0,0.0,8.4652,2.4618642330169678,2.0014209747314453,135.0,0,1,180,1.578,0.6224,1.0,0.3934,0.1867,0.3,0.1573,0.6441,0.5101
143.501,3,RETURN_HOME,6.9195,4.8218,-1.9391,-0.0574,-1.134,-2.4862,-0.0574,-0.934,0.9357,0.0,0.0,8.4338,2.4203782081604004,2.003446340560913,135.0,0,1,180,1.621,0.6209,1.0,0.3874,0.1863,0.3,0.1549,0.6412,0.505
143.551,3,RETURN_HOME,6.9197,4.7755,-1.9397,-0.0595,-1.1241,-2.4907,-0.0595,-0.9241,0.926,0.0,0.0,8.4076,2.3370447158813477,1.946063756942749,24.65,0,1,180,1.605,0.6197,1.0,0.3826,0.1859,0.3,0.153,0.6389,0.4962
143.601,3,RETURN_HOME,6.9196,4.7203,-1.9411,-0.0621,-1.1125,-2.496,-0.0621,-0.9125,0.9146,0.0,0.0,8.3762,2.290982246398926,1.9114137887954712,24.15,0,1,180,1.576,0.6184,1.0,0.3771,0.1855,0.3,0.1508,0.6363,0.4902
143.652,3,RETURN_HOME,6.9191,4.6748,-1.9427,-0.0644,-1.103,-2.5004,-0.0644,-0.903,0.9053,0.0,0.0,8.3503,2.2516119480133057,1.876646876335144,24.15,0,1,180,1.986,0.6173,1.0,0.3726,0.1852,0.3,0.149,0.6342,0.4896
143.701,3,RETURN_HOME,6.9202,4.6186,-1.9479,-0.0662,-1.0924,-2.5056,-0.0662,-0.8924,0.8949,0.0,0.0,8.3199,2.1666419506073,1.8167067766189575,23.4,0,1,180,1.538,0.6151,1.0,0.367,0.1845,0.3,0.1468,0.6313,0.4796
143.751,3,RETURN_HOME,6.921,4.5722,-1.9527,-0.0677,-1.0836,-2.5099,-0.0677,-0.9836,0.9859,0.0,0.0,8.2949,2.121722936630249,1.778317928314209,23.15,0,1,180,1.691,0.6072,1.0,0.3991,0.1822,0.3,0.1596,0.6418,0.4898
143.801,3,RETURN_HOME,6.9209,4.5177,-1.9571,-0.0698,-1.0724,-2.5152,-0.0698,-0.9724,0.9749,0.0,0.0,8.2649,2.079880475997925,1.7503939867019653,22.65,0,1,180,1.577,0.6052,1.0,0.3933,0.1816,0.3,0.1573,0.6389,0.4866
143.851,3,RETURN_HOME,6.9189,4.4741,-1.9564,-0.0722,-1.0618,-2.5196,-0.0722,-0.9618,0.9645,0.0,0.0,8.2394,1.999854564666748,1.6849851608276367,22.15,0,1,180,1.754,0.6043,0.9695,0.3886,0.1813,0.2909,0.1554,0.6276,0.4752
143.901,3,RETURN_HOME,6.9162,4.4224,-1.9561,-0.0754,-1.051,-2.525,-0.0754,-0.951,0.954,0.0,0.0,8.2092,1.9528169631958008,1.651402235031128,21.9,0,1,180,1.468,0.6037,0.955,0.3839,0.1811,0.2865,0.1536,0.6212,0.4756
143.951,3,RETURN_HOME,6.9132,4.3802,-1.9568,-0.0785,-1.0437,-2.5296,-0.0785,-0.9437,0.9469,0.0,0.0,8.184,1.9123963117599487,1.6214852333068848,21.39,0,1,180,1.619,0.6034,0.9414,0.3809,0.181,0.2824,0.1524,0.6158,0.4697
144.001,3,RETURN_HOME,6.9074,4.3317,-1.9604,-0.0829,-1.0352,-2.535,-0.0829,-0.9352,0.9389,0.0,0.0,8.1533,1.8298940658569336,1.5643596649169922,20.64,0,1,180,1.709,0.604,0.9102,0.3781,0.1812,0.2731,0.1512,0.6055,0.455
144.051,3,RETURN_HOME,6.9016,4.2835,-1.964,-0.0869,-1.0284,-2.5404,-0.0869,-0.9284,0.9324,0.0,0.0,8.1228,1.7858227491378784,1.5343369245529175,20.14,0,1,180,1.675,0.6043,0.8961,0.3756,0.1813,0.2688,0.1502,0.6003,0.4482
144.101,3,RETURN_HOME,6.8974,4.2424,-1.9673,-0.09,-1.0238,-2.5448,-0.09,-0.9238,0.9282,0.0,0.0,8.0977,1.744497537612915,1.5022867918014526,19.89,0,1,180,1.608,0.604,0.9063,0.3737,0.1812,0.2719,0.1495,0.6026,0.4517
144.151,3,RETURN_HOME,6.8933,4.1917,-1.9716,-0.0931,-1.0194,-2.5502,-0.0931,-0.9194,0.9241,0.0,0.0,8.0677,1.6635586023330688,1.4464659690856934,18.89,0,1,180,1.626,0.603,0.8905,0.3715,0.1809,0.2671,0.1486,0.5967,0.4424
144.201,3,RETURN_HOME,6.8896,4.1499,-1.975,-0.0957,-1.0156,-2.5546,0.0043,-1.0156,1.0156,0.0,0.0,8.0429,1.6178737878799438,1.4161149263381958,18.39,0,1,180,1.579,0.5123,1.0,0.3469,0.1537,0.3,0.1388,0.5925,0.5732
144.251,3,RETURN_HOME,6.8897,4.1008,-1.9797,-0.0973,-1.0103,-2.5601,0.0027,-1.0103,1.0103,0.0,0.0,8.0177,1.5746861696243286,1.3871008157730103,17.89,0,1,180,1.704,0.5092,1.0,0.343,0.1528,0.3,0.1372,0.5899,0.5706
144.301,3,RETURN_HOME,6.8909,4.0605,-1.9837,-0.0983,-1.0053,-2.5648,0.0017,-1.0053,1.0053,0.0,0.0,7.9982,1.4915574789047241,1.3323538303375244,16.89,0,1,180,1.543,0.5062,1.0,0.3393,0.1519,0.3,0.1357,0.5876,0.5596
144.351,3,RETURN_HOME,6.8915,4.0123,-1.988,-0.0975,-1.0013,-2.5706,0.0025,-1.0013,1.0013,0.0,0.0,7.9744,1.4425854682922363,1.3021715879440308,16.14,0,1,180,1.758,0.501,1.0,0.3344,0.1503,0.3,0.1338,0.584,0.5583
144.401,3,RETURN_HOME,6.8902,3.9725,-1.992,-0.0957,-0.9995,-2.5753,-0.0957,-0.8995,0.9046,0.0,0.0,7.9533,1.4047768115997314,1.276663899421692,15.64,0,1,180,1.552,0.5883,0.8808,0.3548,0.1765,0.2642,0.1419,0.5826,0.4411
144.451,3,RETURN_HOME,6.888,3.9248,-1.9965,-0.0919,-0.9993,-2.5808,0.0081,-0.9993,0.9993,0.0,0.0,7.9277,1.318267583847046,1.2229368686676025,14.14,0,1,180,1.756,0.488,1.0,0.3331,0.1464,0.3,0.1332,0.5797,0.5528
144.501,3,RETURN_HOME,6.886,3.885,-1.9999,-0.0882,-1.0002,-2.5852,0.0118,-1.0002,1.0002,0.0,0.0,7.9064,1.270374059677124,1.1911767721176147,13.39,0,1,180,1.555,0.481,1.0,0.3334,0.1443,0.3,0.1334,0.5777,0.549
144.551,3,RETURN_HOME,6.8816,3.8399,-2.0062,-0.0865,-0.9985,-2.5903,0.0135,-0.9985,0.9986,0.0,0.0,7.8804,1.2265470027923584,1.1704636812210083,12.39,0,1,180,1.953,0.4755,1.0,0.3329,0.1426,0.3,0.1331,0.5758,0.5488
144.601,3,RETURN_HOME,6.8776,3.8024,-2.0113,-0.0852,-0.9969,-2.5947,0.0148,-0.9969,0.9971,0.0,0.0,7.8587,1.1392276287078857,1.121469497680664,10.63,0,1,180,1.643,0.4708,1.0,0.3324,0.1412,0.3,0.1329,0.5742,0.5407
144.651,3,RETURN_HOME,6.8733,3.757,-2.016,-0.0829,-0.9957,-2.6,0.0171,-0.9957,0.9958,0.0,0.0,7.8331,1.094009280204773,1.094009280204773,9.63,0,1,180,1.63,0.4645,1.0,0.3319,0.1393,0.3,0.1328,0.5721,0.5399
144.701,3,RETURN_HOME,6.8713,3.7183,-2.0179,-0.0801,-0.9956,-2.6043,0.0199,-0.9956,0.9958,0.0,0.0,7.8128,1.0722254514694214,1.0722254514694214,8.63,0,1,180,1.645,0.4582,1.0,0.3319,0.1375,0.3,0.1328,0.5702,0.5413
144.751,3,RETURN_HOME,6.8687,3.6716,-2.0197,-0.0762,-0.996,-2.6094,0.0238,-0.996,0.9963,0.0,0.0,7.7884,1.0240039825439453,1.0240039825439453,6.63,0,1,180,1.624,0.4502,1.0,0.3321,0.1351,0.3,0.1328,0.5679,0.5335
144.801,3,RETURN_HOME,6.8663,3.6326,-2.0208,-0.0729,-0.9967,-2.6137,0.0271,-0.9967,0.9971,0.0,0.0,7.768,1.0028554201126099,1.0028554201126099,5.38,0,1,180,1.651,0.4434,1.0,0.3324,0.133,0.3,0.1329,0.566,0.5305
144.851,3,RETURN_HOME,6.8627,3.5936,-2.0214,-0.0699,-0.9978,-2.6179,0.0301,-0.9978,0.9982,0.0,0.0,7.7467,0.9815144538879395,0.9815144538879395,4.13,0,1,180,1.745,0.437,1.0,0.3327,0.1311,0.3,0.1331,0.5642,0.5308
144.901,3,RETURN_HOME,6.8594,3.5545,-2.0218,-0.0668,-0.9989,-2.6222,0.0332,-0.9989,0.9994,0.0,0.0,7.7256,0.9412282705307007,0.9412282705307007,1.13,0,1,180,1.619,0.4304,1.0,0.3331,0.1291,0.3,0.1333,0.5624,0.5242
144.952,3,RETURN_HOME,6.8554,3.5071,-2.022,-0.0631,-1.0002,-2.6272,0.0369,-1.0002,1.0009,0.0,0.0,7.7004,0.9187615513801575,0.9187615513801575,-0.38,0,1,180,1.963,0.4223,1.0,0.3336,0.1267,0.3,0.1335,0.5602,0.52
145.001,3,RETURN_HOME,6.8518,3.4667,-2.0217,-0.0601,-1.0017,-2.6314,0.0399,-1.0017,1.0025,0.0,0.0,7.6789,0.9008240103721619,0.9008240103721619,-1.88,0,1,180,1.779,0.4156,1.0,0.3342,0.1247,0.3,0.1337,0.5583,0.5156
145.051,3,RETURN_HOME,6.8477,3.4182,-2.0213,-0.0564,-1.0033,-2.6363,0.0436,-1.0033,1.0042,0.0,0.0,7.6535,0.8860694766044617,0.8860694766044617,-3.38,0,1,180,1.794,0.4074,1.0,0.3347,0.1222,0.3,0.1339,0.5561,0.5154
145.101,3,RETURN_HOME,6.844,3.3782,-2.0198,-0.0535,-1.0044,-2.6404,0.0465,-1.0044,1.0054,0.0,0.0,7.6324,0.8545531034469604,0.8545531034469604,-6.88,0,1,180,1.652,0.4007,1.0,0.3351,0.1202,0.3,0.1341,0.5543,0.5118
145.151,3,RETURN_HOME,6.839,3.331,-2.0164,-0.0504,-1.0053,-2.6453,-0.1504,-0.8053,0.8192,0.0,0.0,7.607,0.8388481736183167,0.8388481736183167,-8.88,0,1,180,1.764,0.5955,0.804,0.3252,0.1786,0.2412,0.1301,0.5499,0.3988
145.201,3,RETURN_HOME,6.8351,3.2914,-2.014,-0.0474,-1.0061,-2.6493,-0.1474,-0.8061,0.8195,0.0,0.0,7.5863,0.830980122089386,0.8275214433670044,-10.89,0,1,180,1.855,0.5888,0.8096,0.3217,0.1766,0.2429,0.1287,0.5482,0.4055
145.251,3,RETURN_HOME,6.8314,3.2512,-2.0115,-0.0436,-1.0078,-2.6532,-0.1436,-0.9078,0.9191,0.0,0.0,7.5655,0.8245635032653809,0.8061210513114929,-14.89,0,1,180,1.726,0.5655,0.84,0.3465,0.1696,0.252,0.1386,0.5603,0.4231
145.301,3,RETURN_HOME,6.8268,3.2019,-2.0085,-0.0435,-1.0064,-2.6576,-0.2435,-0.8064,0.8424,0.0,0.0,7.5404,0.8200839161872864,0.7947815656661987,-16.89,0,1,180,1.779,0.6682,0.7126,0.3753,0.2005,0.2138,0.1501,0.5644,0.3559
145.351,3,RETURN_HOME,6.8232,3.1611,-2.0065,-0.0472,-1.0009,-2.6614,-0.2472,-0.8009,0.8382,0.0,0.0,7.5199,0.8192118406295776,0.7878482341766357,-19.14,0,1,180,1.737,0.6692,0.7131,0.374,0.2008,0.2139,0.1496,0.5643,0.3565
145.401,3,RETURN_HOME,6.8203,3.1115,-2.0051,-0.0549,-0.9932,-2.6662,-0.2549,-0.7932,0.8331,0.0,0.0,7.4966,0.8119942545890808,0.7768002152442932,-23.9,0,1,180,1.668,0.6735,0.7376,0.3741,0.2021,0.2213,0.1496,0.573,0.3688
145.451,3,RETURN_HOME,6.8182,3.0702,-2.0045,-0.065,-0.9849,-2.6703,-0.265,-0.7849,0.8284,0.0,0.0,7.4776,11.639225959777832,0.7724877595901489,-24.65,0,1,180,1.75,0.6807,0.7421,0.3759,0.2042,0.2226,0.1504,0.5772,0.3708
145.501,3,RETURN_HOME,6.8149,3.0214,-2.004,-0.0803,-0.973,-2.6754,-0.2803,-0.773,0.8222,0.0,0.0,7.4547,11.637144088745117,0.7701484560966492,-26.15,0,1,180,1.796,0.6927,0.7372,0.3797,0.2078,0.2211,0.1519,0.5808,0.3679
145.551,3,RETURN_HOME,6.8138,2.9728,-2.0067,-0.0963,-0.96,-2.6807,-0.2963,-0.76,0.8157,0.0,0.0,7.434,11.639043807983398,0.7640073299407959,-25.65,0,1,180,1.766,0.7055,0.7667,0.3837,0.2117,0.23,0.1535,0.5951,0.3753
145.601,3,RETURN_HOME,6.8123,2.9328,-2.0091,-0.1101,-0.9488,-2.6853,-0.3101,-0.7488,0.8105,0.0,0.0,7.4168,11.644816398620605,0.760890543460846,-27.15,0,1,180,1.479,0.7167,0.7734,0.3873,0.215,0.232,0.1549,0.6019,0.3795
145.651,3,RETURN_HOME,6.8095,2.8857,-2.0118,-0.1266,-0.9354,-2.6909,-0.3266,-0.8354,0.897,0.0,0.0,7.3957,11.661829948425293,0.7536054253578186,-24.65,0,1,180,1.722,0.6986,0.8073,0.4178,0.2096,0.2422,0.1671,0.6189,0.4078
145.701,3,RETURN_HOME,6.8048,2.8394,-2.0143,-0.143,-0.9216,-2.6967,-0.343,-0.8216,0.8903,0.0,0.0,7.3735,11.67386245727539,0.7491967678070068,-26.65,0,1,180,1.498,0.7109,0.8028,0.4219,0.2133,0.2408,0.1688,0.6229,0.4065
145.751,3,RETURN_HOME,6.8002,2.8015,-2.016,-0.1564,-0.9102,-2.7015,-0.3564,-0.8102,0.8852,0.0,0.0,7.3546,11.682735443115234,0.7469284534454346,-28.9,0,1,180,1.727,0.721,0.816,0.4255,0.2163,0.2448,0.1702,0.6313,0.4108
145.801,3,RETURN_HOME,6.7934,2.7571,-2.0185,-0.1728,-0.8989,-2.7075,-0.3728,-0.7989,0.8816,0.0,0.0,7.3315,11.71121597290039,0.7431166768074036,-32.91,0,1,180,1.822,0.7326,0.8275,0.4306,0.2198,0.2482,0.1722,0.6402,0.4139
145.851,3,RETURN_HOME,6.7851,2.7139,-2.0217,-0.1892,-0.8898,-2.7134,-0.3892,-0.7898,0.8805,0.0,0.0,7.3077,11.729377746582031,0.7411786317825317,-35.41,0,1,180,1.705,0.7435,0.8486,0.4365,0.2231,0.2546,0.1746,0.6522,0.4218
145.901,3,RETURN_HOME,6.7775,2.6783,-2.0241,-0.2028,-0.8838,-2.7182,-0.4028,-0.7838,0.8813,0.0,0.0,7.2875,11.747176170349121,0.7414673566818237,-37.66,0,1,180,1.65,0.752,0.8476,0.4418,0.2256,0.2543,0.1767,0.6566,0.4201
145.951,3,RETURN_HOME,6.7676,2.6357,-2.0257,-0.219,-0.8778,-2.7239,-0.419,-0.7778,0.8835,0.0,0.0,7.2628,11.780985832214355,0.7447971701622009,-41.41,0,1,180,1.576,0.7614,0.8871,0.4485,0.2284,0.2661,0.1794,0.6739,0.4353
146.001,3,RETURN_HOME,6.7587,2.6003,-2.0262,-0.2325,-0.8732,-2.7287,-0.4325,-0.7732,0.886,0.0,0.0,7.2417,11.799538612365723,0.7483630776405334,-43.92,0,1,180,1.685,0.769,0.9011,0.4542,0.2307,0.2703,0.1817,0.6827,0.4414
146.051,3,RETURN_HOME,6.7472,2.5582,-2.0267,-0.2487,-0.8677,-2.7343,-0.4487,-0.7677,0.8892,0.0,0.0,7.2159,11.815587997436523,0.7505342364311218,-45.92,0,1,180,1.65,0.7779,0.9277,0.4611,0.2334,0.2783,0.1845,0.6961,0.4522
146.101,3,RETURN_HOME,6.7376,2.5221,-2.0274,-0.2619,-0.8633,-2.739,-0.4619,-0.8633,0.9791,0.0,0.0,7.1942,11.84978199005127,0.7601341009140015,-49.67,0,1,180,1.523,0.751,0.9875,0.4902,0.2253,0.2962,0.1961,0.7176,0.4798
146.151,3,RETURN_HOME,6.7275,2.4861,-2.0281,-0.2752,-0.8585,-2.7436,-0.4752,-0.7585,0.8951,0.0,0.0,7.1722,11.869457244873047,0.7658820748329163,-51.92,0,1,180,1.707,0.7918,1.0,0.4725,0.2375,0.3,0.189,0.7265,0.485
146.201,3,RETURN_HOME,6.7146,2.4434,-2.0288,-0.2915,-0.8524,-2.7494,-0.4915,-0.7524,0.8987,0.0,0.0,7.1454,11.886390686035156,0.7725504040718079,-53.67,0,1,180,1.48,0.8002,1.0,0.4794,0.2401,0.3,0.1918,0.7318,0.4916
146.251,3,RETURN_HOME,6.7032,2.4115,-2.0241,-0.3053,-0.8476,-2.7542,-0.5053,-0.6476,0.8214,0.0,0.0,7.1238,11.925780296325684,0.7881511449813843,-57.68,0,1,180,1.578,0.8458,1.0,0.4631,0.2537,0.3,0.1853,0.739,0.5013
146.301,3,RETURN_HOME,6.6887,2.3741,-2.0178,-0.322,-0.8416,-2.7598,-0.522,-0.6416,0.8271,0.0,0.0,7.0976,11.947535514831543,0.7956810593605042,-59.68,0,1,180,1.448,0.8542,1.0,0.471,0.2563,0.3,0.1884,0.7447,0.516
146.351,3,RETURN_HOME,6.6733,2.3364,-2.0124,-0.3388,-0.8351,-2.7652,-0.5388,-0.6351,0.8328,0.0,0.0,7.0705,11.967232704162598,0.80436110496521,-61.43,0,1,180,1.627,0.8626,1.0,0.4789,0.2588,0.3,0.1916,0.7503,0.5226
146.401,3,RETURN_HOME,6.6565,2.3039,-2.0086,-0.3542,-0.8286,-2.7696,-0.5542,-0.6286,0.838,0.0,0.0,7.0439,11.998214721679688,0.8249120712280273,-64.94,0,1,180,1.614,0.8703,1.0,0.4862,0.2611,0.3,0.1945,0.7556,0.5492
146.451,3,RETURN_HOME,6.6358,2.265,-2.0049,-0.3727,-0.8181,-2.7748,-0.5727,-0.6181,0.8427,0.0,0.0,7.0118,12.019574165344238,0.8365831971168518,-66.69,0,1,180,1.562,0.8802,1.0,0.4945,0.2641,0.3,0.1978,0.7618,0.566
146.501,3,RETURN_HOME,6.6179,2.2333,-2.0018,-0.3882,-0.8074,-2.7791,-0.5882,-0.6074,0.8455,0.0,0.0,6.9846,12.035611152648926,0.8448458909988403,-68.44,0,1,180,1.617,0.8889,1.0,0.501,0.2667,0.3,0.2004,0.7671,0.5829
146.551,3,RETURN_HOME,6.5941,2.1971,-1.9964,-0.4074,-0.7923,-2.7843,-0.6074,-0.5923,0.8483,0.0,0.0,6.9505,12.071081161499023,0.8697982430458069,-71.44,0,1,180,1.596,0.8999,1.0,0.509,0.27,0.3,0.2036,0.7736,0.611
146.601,3,RETURN_HOME,6.5741,2.1673,-1.9926,-0.4232,-0.7791,-2.7886,-0.6232,-0.5791,0.8508,0.0,0.0,6.9221,12.094490051269531,0.8842659592628479,-73.19,0,1,180,1.661,0.9088,1.0,0.5155,0.2727,0.3,0.2062,0.7788,0.6264
146.651,3,RETURN_HOME,6.5495,2.1319,-1.9894,-0.442,-0.7633,-2.7936,-0.642,-0.5633,0.8541,0.0,0.0,6.8878,12.112171173095703,0.8981146216392517,-74.69,0,1,180,1.698,0.9189,1.0,0.5232,0.2757,0.3,0.2093,0.785,0.6371
146.701,3,RETURN_HOME,6.5285,2.1027,-1.9883,-0.4573,-0.7501,-2.7977,-0.6573,-0.5501,0.8572,0.0,0.0,6.8588,12.154508590698242,0.9263638257980347,-77.45,0,1,180,1.754,0.9267,1.0,0.5296,0.278,0.3,0.2118,0.7898,0.6653
146.752,3,RETURN_HOME,6.5073,2.0739,-1.9875,-0.4725,-0.7373,-2.8017,-0.6725,-0.5373,0.8608,0.0,0.0,6.8298,12.179702758789062,0.9420279860496521,-78.95,0,1,180,1.99,0.9339,1.0,0.5359,0.2802,0.3,0.2144,0.7946,0.6842
146.801,3,RETURN_HOME,6.483,2.0395,-1.9874,-0.4899,-0.7226,-2.8065,-0.6899,-0.5226,0.8655,0.0,0.0,6.7962,12.199150085449219,0.9523566961288452,-80.45,0,1,180,1.541,0.9416,1.0,0.5433,0.2825,0.3,0.2173,0.7998,0.6951
146.852,3,RETURN_HOME,6.4646,2.0108,-1.9882,-0.5033,-0.7111,-2.8104,-0.7033,-0.5111,0.8694,0.0,0.0,6.7701,12.237935066223145,0.9808399081230164,-82.95,0,1,180,2.143,0.947,1.0,0.5489,0.2841,0.3,0.2196,0.8037,0.7248
146.901,3,RETURN_HOME,6.4417,1.9769,-1.9893,-0.5194,-0.6973,-2.8149,-0.7194,-0.4973,0.8746,0.0,0.0,6.7382,12.260560989379883,0.9971182346343994,-84.2,0,1,180,1.659,0.9532,1.0,0.5558,0.286,0.3,0.2223,0.8083,0.7422
146.951,3,RETURN_HOME,6.4189,1.9493,-1.9924,-0.5342,-0.6861,-2.8185,-0.7342,-0.4861,0.8805,0.0,0.0,6.7084,12.278629302978516,1.0114085674285889,-85.7,0,1,180,1.683,0.9583,1.0,0.5625,0.2875,0.3,0.225,0.8125,0.7583
147.001,3,RETURN_HOME,6.3889,1.9169,-1.9974,-0.553,-0.6726,-2.8226,-0.753,-0.4726,0.889,0.0,0.0,6.6703,12.314719200134277,1.041507601737976,-88.21,0,1,180,1.642,0.964,1.0,0.5713,0.2892,0.3,0.2285,0.8177,0.7938
147.052,3,RETURN_HOME,6.3637,1.8903,-2.0012,-0.5685,-0.6611,-2.826,-0.7685,-0.4611,0.8962,0.0,0.0,6.6385,12.334779739379883,1.0569889545440674,-89.21,0,1,180,1.887,0.9685,1.0,0.5787,0.2905,0.3,0.2315,0.822,0.8105
147.101,3,RETURN_HOME,6.3378,1.8642,-2.0019,-0.5841,-0.6493,-2.8293,-0.7841,-0.5493,0.9574,0.0,0.0,6.6063,12.350078582763672,1.0742506980895996,-90.21,0,1,180,1.766,0.9477,1.0,0.6048,0.2843,0.3,0.2419,0.8262,0.846
147.151,3,RETURN_HOME,6.306,1.8336,-2.0007,-0.603,-0.6346,-2.8332,-0.803,-0.5346,0.9647,0.0,0.0,6.5672,12.383869171142578,1.1041221618652344,-92.46,0,1,180,1.635,0.954,1.0,0.6135,0.2862,0.3,0.2454,0.8316,0.8804
147.201,3,RETURN_HOME,6.2738,1.8036,-1.9999,-0.6216,-0.6195,-2.837,-0.8216,-0.5195,0.9721,0.0,0.0,6.5279,12.401189804077148,1.120146632194519,-93.71,0,1,180,1.691,0.96,1.0,0.6221,0.288,0.3,0.2488,0.8368,0.8991
147.251,3,RETURN_HOME,6.2378,1.7747,-1.996,-0.6416,-0.6065,-2.8408,-0.8416,-0.5065,0.9822,0.0,0.0,6.4853,12.421642303466797,1.136474370956421,-94.71,0,1,180,1.691,0.9652,1.0,0.632,0.2896,0.3,0.2528,0.8424,0.9133
147.301,3,RETURN_HOME,6.2077,1.7511,-1.9934,-0.658,-0.5976,-2.8438,-0.858,-0.5976,1.0456,0.0,0.0,6.4499,12.45733642578125,1.1693252325057983,-96.71,0,1,180,1.514,0.9449,1.0,0.6587,0.2835,0.3,0.2635,0.8469,0.9711
147.351,3,RETURN_HOME,6.1716,1.7226,-1.9919,-0.6773,-0.5884,-2.8472,-0.8773,-0.5884,1.0564,0.0,0.0,6.4075,12.476686477661133,1.1875144243240356,-97.97,0,1,180,1.756,0.9497,1.0,0.6688,0.2849,0.3,0.2675,0.8524,0.9908
147.401,3,RETURN_HOME,6.1426,1.6975,-1.9951,-0.693,-0.5824,-2.8501,-0.893,-0.5824,1.0661,0.0,0.0,6.3728,12.49381160736084,1.2035905122756958,-98.72,0,1,180,1.862,0.9528,1.0,0.6773,0.2859,0.3,0.2709,0.8568,1.0086
147.451,3,RETURN_HOME,6.1131,1.6728,-1.9981,-0.7086,-0.5785,-2.8529,-0.9086,-0.5785,1.0771,0.0,0.0,6.3379,12.525293350219727,1.2360928058624268,-100.97,0,1,180,1.925,0.9554,1.0,0.686,0.2866,0.3,0.2744,0.861,1.0451
147.501,3,RETURN_HOME,6.077,1.6434,-2.0016,-0.7273,-0.5762,-2.8561,-0.9273,-0.5762,1.0917,0.0,0.0,6.2953,12.539368629455566,1.2563676834106445,-101.47,0,1,180,1.825,0.9577,1.0,0.697,0.2873,0.3,0.2788,0.8661,1.0695
147.551,3,RETURN_HOME,6.0458,1.6184,-2.0044,-0.7428,-0.5761,-2.8587,-0.9428,-0.5761,1.1049,0.0,0.0,6.2587,12.554352760314941,1.274122953414917,-102.72,0,1,180,1.67,0.9591,1.0,0.7065,0.2877,0.3,0.2826,0.8703,1.0878
147.601,3,RETURN_HOME,6.0142,1.5935,-2.0068,-0.7583,-0.5765,-2.8612,-0.9583,-0.5765,1.1183,0.0,0.0,6.2218,12.566980361938477,1.2927496433258057,-103.97,0,1,180,1.639,0.9603,1.0,0.716,0.2881,0.3,0.2864,0.8745,1.1062
147.651,3,RETURN_HOME,5.9761,1.5632,-2.0092,-0.7765,-0.5772,-2.8642,-0.9765,-0.6772,1.1884,0.0,0.0,6.1771,12.585257530212402,1.3306057453155518,-104.72,0,1,180,1.568,0.9392,1.0,0.7441,0.2818,0.3,0.2976,0.8794,1.1673
147.701,3,RETURN_HOME,5.9442,1.5372,-2.0106,-0.7915,-0.5777,-2.8666,-0.9915,-0.6777,1.201,0.0,0.0,6.1397,12.5916109085083,1.3507170677185059,-105.97,0,1,180,1.669,0.9406,1.0,0.7531,0.2822,0.3,0.3012,0.8834,1.1867
147.751,3,RETURN_HOME,5.9053,1.5063,-2.012,-0.8096,-0.5774,-2.8695,-1.0096,-0.6774,1.2158,0.0,0.0,6.0943,12.599374771118164,1.3698716163635254,-104.72,0,1,180,1.709,0.9424,1.0,0.7638,0.2827,0.3,0.3055,0.8882,1.2069
147.801,3,RETURN_HOME,5.8727,1.4816,-2.0129,-0.8247,-0.5783,-2.872,-1.0247,-0.6783,1.2288,0.0,0.0,6.0567,12.614294052124023,1.4096144437789917,-105.47,0,1,180,1.634,0.9436,1.0,0.773,0.2831,0.3,0.3092,0.8923,1.2465
147.851,3,RETURN_HOME,5.8337,1.4531,-2.0134,-0.8425,-0.5811,-2.875,-1.0425,-0.6811,1.2453,0.0,0.0,6.0119,12.622958183288574,1.428536057472229,-104.72,0,1,180,1.618,0.9445,1.0,0.7842,0.2834,0.3,0.3137,0.897,1.2663
147.901,3,RETURN_HOME,5.8004,1.4293,-2.0138,-0.8576,-0.5849,-2.8774,-1.0576,-0.6849,1.26,0.0,0.0,5.9739,12.635348320007324,1.4485363960266113,-104.97,0,1,180,1.608,0.945,1.0,0.7938,0.2835,0.3,0.3175,0.901,1.2873
147.951,3,RETURN_HOME,5.7594,1.401,-2.0156,-0.8757,-0.5903,-2.8802,-1.0757,-0.6903,1.2781,0.0,0.0,5.9273,12.649370193481445,1.4883201122283936,-104.22,0,1,180,1.729,0.9454,1.0,0.8056,0.2836,0.3,0.3222,0.9059,1.3292
148.001,3,RETURN_HOME,5.7172,1.3728,-2.0185,-0.8937,-0.5962,-2.8829,-1.0937,-0.6962,1.2965,0.0,0.0,5.8797,12.654630661010742,1.508872151374817,-104.72,0,1,180,1.546,0.9457,1.0,0.8174,0.2837,0.3,0.327,0.9106,1.3486
148.051,3,RETURN_HOME,5.6813,1.3491,-2.0206,-0.9089,-0.6012,-2.8851,-1.1089,-0.7012,1.312,0.0,0.0,5.8393,12.660006523132324,1.528601884841919,-105.97,0,1,180,1.656,0.9458,1.0,0.8272,0.2837,0.3,0.3309,0.9146,1.3682
148.101,3,RETURN_HOME,5.6451,1.3229,-2.0198,-0.9238,-0.607,-2.887,-1.1238,-0.707,1.3277,0.0,0.0,5.798,12.666592597961426,1.5699105262756348,-103.22,0,1,180,1.582,0.9456,1.0,0.837,0.2837,0.3,0.3348,0.9185,1.4134
148.151,3,RETURN_HOME,5.6008,1.2907,-2.0183,-0.9418,-0.614,-2.8895,-1.1418,-0.714,1.3467,0.0,0.0,5.7476,12.6718111038208,1.5888580083847046,-104.72,0,1,180,1.787,0.9453,1.0,0.8487,0.2836,0.3,0.3395,0.923,1.4333
148.201,3,RETURN_HOME,5.5633,1.264,-2.0172,-0.9571,-0.6196,-2.8916,-1.1571,-0.7196,1.3625,0.0,0.0,5.7051,12.674903869628906,1.6082414388656616,-104.22,0,1,180,1.538,0.9451,1.0,0.8585,0.2835,0.3,0.3434,0.9269,1.4549
148.251,3,RETURN_HOME,5.5176,1.2316,-2.0204,-0.9756,-0.6261,-2.8943,-1.1756,-0.4261,1.2504,0.0,0.0,5.6534,12.681069374084473,1.6513895988464355,-103.97,0,1,180,1.631,0.9918,1.0,0.8268,0.2975,0.3,0.3307,9979.8353,1.4383
148.301,3,RETURN_HOME,5.4789,1.2045,-2.0235,-0.9912,-0.6316,-2.8966,-1.1912,-0.4316,1.2669,0.0,0.0,5.6097,12.685843467712402,1.6727243661880493,-104.47,0,1,180,1.601,0.9914,1.0,0.8374,0.2974,0.3,0.3349,9980.6915,1.4595
148.351,3,RETURN_HOME,5.432,1.1721,-2.026,-1.0098,-0.6388,-2.8992,-1.2098,-0.4388,1.2869,0.0,0.0,5.557,12.696803092956543,1.712601661682129,-104.97,0,1,180,1.88,0.9908,1.0,0.8501,0.2973,0.3,0.34,9981.7027,1.5016
148.401,3,RETURN_HOME,5.3864,1.1402,-2.025,-1.0271,-0.6389,-2.9016,-1.2271,-0.4389,1.3032,0.0,0.0,5.5058,12.690303802490234,1.7359250783920288,-101.97,0,1,180,1.673,0.9909,1.0,0.8609,0.2973,0.3,0.3444,9982.6602,1.5256
148.451,3,RETURN_HOME,5.3396,1.1087,-2.0241,-1.0446,-0.6315,-2.9043,-1.2446,-0.4315,1.3173,0.0,0.0,5.4535,12.685958862304688,1.7564053535461426,-104.97,0,1,180,1.581,0.9917,1.0,0.8709,0.2975,0.3,0.3483,9983.6514,1.5432
148.501,3,RETURN_HOME,5.2996,1.0834,-2.0235,-1.0595,-0.6208,-2.9068,-1.2595,-0.4208,1.3279,0.0,0.0,5.4092,12.68948745727539,1.7956111431121826,-102.72,0,1,180,1.622,0.9927,1.0,0.8788,0.2978,0.3,0.3515,9984.5112,1.5819
148.551,3,RETURN_HOME,5.2505,1.0548,-2.0232,-1.0777,-0.6046,-2.9101,-1.2777,-0.4046,1.3402,0.0,0.0,5.3554,12.69788932800293,1.8194811344146729,-101.97,0,1,180,1.586,0.9941,1.0,0.8882,0.2982,0.3,0.3553,9985.5768,1.5981
148.601,3,RETURN_HOME,5.2086,1.0314,-2.0229,-1.0932,-0.5899,-2.9132,-1.2932,-0.3899,1.3507,0.0,0.0,5.3098,12.71548843383789,1.8375084400177002,-103.72,0,1,180,1.552,0.9953,1.0,0.8962,0.2986,0.3,0.3585,9986.4903,1.618
148.651,3,RETURN_HOME,5.155,1.0035,-2.024,-1.1132,-0.5724,-2.917,-1.3132,-0.3724,1.365,0.0,0.0,5.2518,12.764172554016113,1.8761297464370728,-102.22,0,1,180,1.689,0.9965,1.0,0.9068,0.2989,0.3,0.3627,9987.6577,1.6531
148.701,3,RETURN_HOME,5.1079,0.9805,-2.0257,-1.1307,-0.5584,-2.9203,-1.3307,-0.3584,1.3781,0.0,0.0,5.2012,12.79503059387207,1.8978387117385864,-102.97,0,1,180,1.563,0.9973,1.0,0.9163,0.2992,0.3,0.3665,9988.6794,1.6704
148.751,3,RETURN_HOME,5.0508,0.9536,-2.0274,-1.1514,-0.5425,-2.9243,-1.3514,-0.3425,1.3941,0.0,0.0,5.14,12.829973220825195,1.9158374071121216,-102.22,0,1,180,1.789,0.9981,1.0,0.9276,0.2994,0.3,0.3711,9989.901,1.6854
148.801,3,RETURN_HOME,5.0044,0.933,-2.0285,-1.1678,-0.529,-2.9275,-1.3678,-0.329,1.4068,0.0,0.0,5.0906,12.900595664978027,1.9516154527664185,-100.72,0,1,180,1.671,0.9987,1.0,0.9366,0.2996,0.3,0.3747,9990.8823,1.7172
148.851,3,RETURN_HOME,4.9483,0.9093,-2.0295,-1.1872,-0.5131,-2.9314,-1.3872,-0.3131,1.4221,0.0,0.0,5.0312,12.945616722106934,1.9712451696395874,-102.47,0,1,180,1.564,0.9992,1.0,0.9473,0.2998,0.3,0.3789,9992.0488,1.7347
148.901,3,RETURN_HOME,4.9008,0.89,-2.0301,-1.2033,-0.5001,-2.9346,-1.4033,-0.3001,1.4351,0.0,0.0,4.981,12.984217643737793,1.9885107278823853,-102.97,0,1,180,1.747,0.9995,1.0,0.9563,0.2999,0.3,0.3825,9993.0263,1.7471
148.951,3,RETURN_HOME,4.8425,0.8639,-2.0329,-1.2231,-0.486,-2.9385,-1.4231,-0.286,1.4515,0.0,0.0,4.919,13.06775188446045,2.021188497543335,-102.72,0,1,180,1.595,0.9998,1.0,0.9674,0.2999,0.3,0.387,9994.2177,1.7786
149.002,3,RETURN_HOME,4.7931,0.8425,-2.0351,-1.2396,-0.4744,-2.9416,-1.4396,-0.2744,1.4655,0.0,0.0,4.8666,13.111908912658691,2.038748025894165,-102.22,0,1,180,1.843,0.9999,1.0,0.9769,0.3,0.3,0.3908,9995.2182,1.7938
149.052,3,RETURN_HOME,4.733,0.8178,-2.0372,-1.2594,-0.4601,-2.9452,-1.4594,-0.2601,1.4824,0.0,0.0,4.8031,13.154634475708008,2.0546486377716064,-102.72,0,1,180,1.839,1.0,1.0,0.9883,0.3,0.3,0.3953,9996.4157,1.8078
149.101,3,RETURN_HOME,4.6677,0.7962,-2.0384,-1.2813,-0.4443,-2.9487,-1.3813,-0.2443,1.4027,0.0,0.0,4.7351,13.24318790435791,2.084862470626831,-100.47,0,1,180,1.605,1.0,1.0,0.9351,0.3,0.3,0.3741,9994.6265,1.8349
149.151,3,RETURN_HOME,4.613,0.7788,-2.0389,-1.2995,-0.4309,-2.9516,-1.3995,-0.2309,1.4184,0.0,0.0,4.6783,13.2941312789917,2.1004703044891357,-101.22,0,1,180,1.626,1.0,1.0,0.9456,0.3,0.3,0.3782,9995.6846,1.8465
149.201,3,RETURN_HOME,4.5571,0.7622,-2.0401,-1.318,-0.4174,-2.9546,-1.4,-0.2174,1.4168,0.0,0.0,4.6204,13.338140487670898,2.1148784160614014,-100.22,0,1,180,1.568,0.9999,1.0,0.9445,0.3,0.3,0.3778,9996.18,1.8609
149.251,3,RETURN_HOME,4.4864,0.7443,-2.045,-1.3386,-0.4003,-2.9585,-1.4,-0.2003,1.4143,0.0,0.0,4.5478,13.435522079467773,2.1419882774353027,-100.47,0,1,180,1.71,0.9998,1.0,0.9426,0.2999,0.3,0.377,9996.7109,1.8842
149.301,3,RETURN_HOME,4.4158,0.7269,-2.0489,-1.3562,-0.3833,-2.9623,-1.4,-0.2833,1.4284,0.0,0.0,4.4753,13.400105476379395,2.157994508743286,-100.47,0,1,180,1.533,0.9993,1.0,0.9516,0.2998,0.3,0.3806,9997.4441,1.9138
149.352,3,RETURN_HOME,4.3577,0.7129,-2.0516,-1.3684,-0.3692,-2.9653,-1.4,-0.2692,1.4256,0.0,0.0,4.4156,13.356575012207031,2.170285940170288,-99.97,0,1,180,2.277,0.9996,1.0,0.9501,0.2999,0.3,0.38,9998.0864,1.9247
149.401,3,RETURN_HOME,4.2889,0.6965,-2.0543,-1.3807,-0.3521,-2.9687,-1.4,-0.2521,1.4225,0.0,0.0,4.345,13.26501178741455,2.1943585872650146,-101.22,0,1,180,1.578,0.9999,1.0,0.9482,0.3,0.3,0.3793,9998.8509,1.9465
149.451,3,RETURN_HOME,4.2314,0.6833,-2.056,-1.3895,-0.3397,-2.9714,-1.4,-0.2397,1.4204,0.0,0.0,4.2863,13.21418285369873,2.2083444595336914,-100.22,0,1,180,1.772,1.0,1.0,0.9469,0.3,0.3,0.3788,9999.4434,1.9565
149.501,3,RETURN_HOME,4.1735,0.6705,-2.0571,-1.3977,-0.3293,-2.9739,-1.4,-0.2293,1.4187,0.0,0.0,4.227,13.170473098754883,2.21954345703125,-100.47,0,1,180,1.799,1.0,1.0,0.9458,0.3,0.3,0.3783,9999.6003,1.9662
149.55,3,RETURN_HOME,4.1035,0.6554,-2.0578,-1.4066,-0.319,-2.9766,-1.4,-0.219,1.417,0.0,0.0,4.1555,13.08004093170166,2.242793083190918,-99.22,0,1,180,1.028,1.0,1.0,0.9447,0.3,0.3,0.3779,9998.952,1.9871
149.601,3,RETURN_HOME,4.0335,0.6407,-2.0578,-1.4146,-0.3099,-2.9788,-1.4,-0.2099,1.4156,0.0,0.0,4.0841,13.029366493225098,2.2547526359558105,-100.97,0,1,180,1.141,1.0,1.0,0.9437,0.3,0.3,0.3775,9998.663,1.997
149.651,3,RETURN_HOME,3.9711,0.6298,-2.0592,-1.422,-0.3024,-2.9805,-1.4,-0.2024,1.4146,0.0,0.0,4.0207,12.983871459960938,2.264836072921753,-98.97,0,1,180,1.289,0.9999,1.0,0.9429,0.3,0.3,0.3772,9999.1024,2.0054
149.7,3,RETURN_HOME,3.8955,0.6173,-2.0607,-1.4305,-0.2934,-2.9823,-1.3,-0.1934,1.3143,0.0,0.0,3.9441,12.893659591674805,2.2862308025360107,-99.47,0,1,180,1.088,1.0,1.0,0.8762,0.3,0.3,0.3505,9999.4396,2.0243
149.751,3,RETURN_HOME,3.833,0.607,-2.0614,-1.437,-0.2857,-2.9838,-1.3,-0.1857,1.3132,0.0,0.0,3.8808,12.8444242477417,2.2973685264587402,-98.97,0,1,180,1.321,0.9999,1.0,0.8754,0.3,0.3,0.3501,9998.9786,2.0349
149.801,3,RETURN_HOME,3.7716,0.5942,-2.0597,-1.4428,-0.2791,-2.9851,-1.3,-0.1791,1.3123,0.0,0.0,3.8181,12.797246932983398,2.306666612625122,-98.47,0,1,180,1.207,0.9998,1.0,0.8747,0.2999,0.3,0.3499,9998.4083,2.0432
149.85,3,RETURN_HOME,3.6985,0.5788,-2.057,-1.4463,-0.2711,-2.9866,-1.3,-0.1711,1.3112,0.0,0.0,3.7435,12.704959869384766,2.325571298599243,-99.72,0,1,180,1.085,0.9997,1.0,0.8739,0.2999,0.3,0.3496,9998.6556,2.0604
149.9,3,RETURN_HOME,3.6262,0.5638,-2.0536,-1.4464,-0.2626,-2.988,-1.2,-0.1626,1.211,0.0,0.0,3.6697,12.6542387008667,2.3367557525634766,-100.22,0,1,180,1.063,0.9998,1.0,0.8072,0.2999,0.3,0.3229,9998.9087,2.071
149.95,3,RETURN_HOME,3.5676,0.551,-2.0489,-1.4443,-0.2556,-2.989,-1.2,-0.1556,1.21,0.0,0.0,3.6099,12.561738014221191,2.3544187545776367,-98.22,0,1,180,1.076,0.9997,1.0,0.8065,0.2999,0.3,0.3226,9998.8077,2.0865
150.0,3,RETURN_HOME,3.4976,0.5363,-2.0436,-1.4408,-0.2469,-2.9901,-1.4,-0.2469,1.4216,0.0,0.0,3.5385,12.51633071899414,2.363603353500366,-98.97,0,1,180,1.051,0.9997,1.0,0.9475,0.2999,0.3,0.379,9998.4348,2.1152
150.051,3,RETURN_HOME,3.4277,0.5223,-2.0397,-1.4334,-0.2376,-2.9911,-1.4,-0.2376,1.42,0.0,0.0,3.4673,12.465067863464355,2.3730201721191406,-98.72,0,1,180,1.315,0.9999,1.0,0.9465,0.3,0.3,0.3786,9999.0908,2.1226
150.1,3,RETURN_HOME,3.3692,0.5108,-2.0383,-1.4259,-0.2296,-2.9917,-1.4,-0.2296,1.4187,0.0,0.0,3.4078,12.375374794006348,2.3893330097198486,-97.97,0,1,180,1.081,0.9999,1.0,0.9457,0.3,0.3,0.3783,9999.5057,2.1377
150.15,3,RETURN_HOME,3.2996,0.4978,-2.0368,-1.4212,-0.2225,-2.9923,-1.4,-0.2225,1.4176,0.0,0.0,3.337,12.329583168029785,2.3977210521698,-98.72,0,1,180,1.089,1.0,1.0,0.945,0.3,0.3,0.378,9999.2135,2.1439
150.2,3,RETURN_HOME,3.2413,0.4875,-2.0357,-1.4208,-0.2184,-2.9927,-1.4,-0.2184,1.4169,0.0,0.0,3.2778,12.279093742370605,2.4081709384918213,-98.22,0,1,180,1.051,1.0,1.0,0.9446,0.3,0.3,0.3778,9998.6748,2.1509
150.25,3,RETURN_HOME,3.1825,0.4775,-2.0348,-1.4231,-0.2155,-2.993,-1.3,-0.2155,1.3177,0.0,0.0,3.2181,12.235980033874512,2.415459394454956,-98.22,0,1,180,1.118,0.9999,1.0,0.8784,0.3,0.3,0.3514,9999.0769,2.1595
150.3,3,RETURN_HOME,3.112,0.4659,-2.0336,-1.428,-0.2132,-2.9932,-1.4,-0.2132,1.4161,0.0,0.0,3.1467,12.146689414978027,2.4307589530944824,-97.72,0,1,180,1.053,1.0,1.0,0.9441,0.3,0.3,0.3776,9999.5947,2.1736
150.351,3,RETURN_HOME,3.0544,0.4562,-2.0316,-1.4319,-0.2117,-2.9934,-1.4,-0.2117,1.4159,0.0,0.0,3.0883,12.09630012512207,2.438112735748291,-97.47,0,1,180,1.542,1.0,1.0,0.9439,0.3,0.3,0.3776,9999.6424,2.1825
150.4,3,RETURN_HOME,2.9974,0.4465,-2.0294,-1.4331,-0.2102,-2.9935,-1.4,-0.2102,1.4157,0.0,0.0,3.0305,12.05406665802002,2.4454400539398193,-99.47,0,1,180,1.172,1.0,1.0,0.9438,0.3,0.3,0.3775,9999.075,2.1876
150.45,3,RETURN_HOME,2.9291,0.4353,-2.0269,-1.4345,-0.2083,-2.9936,-1.3,-0.2083,1.3166,0.0,0.0,2.9612,11.962629318237305,2.459669589996338,-98.47,0,1,180,1.119,0.9999,1.0,0.8777,0.3,0.3,0.3511,9999.0885,2.2037
150.5,3,RETURN_HOME,2.8717,0.4271,-2.0247,-1.4361,-0.2062,-2.9937,-1.3,-0.2062,1.3163,0.0,0.0,2.9033,11.911482810974121,2.4689154624938965,-97.72,0,1,180,1.004,1.0,1.0,0.8775,0.3,0.3,0.351,9999.5255,2.2113
150.551,3,RETURN_HOME,2.8026,0.4181,-2.022,-1.4386,-0.2033,-2.994,-1.4,-0.2033,1.4147,0.0,0.0,2.8336,11.867514610290527,2.4759466648101807,-97.47,0,1,180,1.143,1.0,1.0,0.9431,0.3,0.3,0.3772,9999.7958,2.2169
150.601,3,RETURN_HOME,2.7335,0.4092,-2.0197,-1.4384,-0.2001,-2.9942,-1.4,-0.2001,1.4142,0.0,0.0,2.7639,11.7775297164917,2.49049973487854,-97.97,0,1,180,1.216,1.0,1.0,0.9428,0.3,0.3,0.3771,9999.243,2.2308
150.651,3,RETURN_HOME,2.6715,0.4018,-2.0179,-1.4383,-0.1977,-2.9942,-1.2,-0.1977,1.2162,0.0,0.0,2.7016,11.725824356079102,2.497980833053589,-99.47,0,1,180,1.343,0.9999,1.0,0.8107,0.3,0.3,0.3243,9999.2754,2.2377
150.7,3,RETURN_HOME,2.6101,0.3945,-2.0164,-1.4392,-0.1955,-2.9942,-1.3,-0.1955,1.3146,0.0,0.0,2.6398,11.68017578125,2.505622386932373,-98.47,0,1,180,1.095,1.0,1.0,0.8764,0.3,0.3,0.3506,9999.7441,2.2441
150.75,3,RETURN_HOME,2.5492,0.3872,-2.0151,-1.4415,-0.1933,-2.9942,-1.4,-0.1933,1.4133,0.0,0.0,2.5784,11.59001350402832,2.519193172454834,-99.22,0,1,180,1.15,0.9999,1.0,0.9421,0.3,0.3,0.3768,9999.4821,2.2593
150.801,3,RETURN_HOME,2.4824,0.3772,-2.0134,-1.4377,-0.1911,-2.9942,-1.4,-0.1911,1.413,0.0,0.0,2.5109,11.539261817932129,2.526926040649414,-98.22,0,1,180,1.164,0.9999,1.0,0.9419,0.3,0.3,0.3768,9999.4939,2.2655
150.851,3,RETURN_HOME,2.4277,0.3688,-2.0122,-1.4325,-0.1894,-2.9943,-1.2,-0.1894,1.2149,0.0,0.0,2.4556,11.493408203125,2.533214569091797,-99.72,0,1,180,1.146,1.0,1.0,0.8099,0.3,0.3,0.324,9999.5214,2.2708
150.9,3,RETURN_HOME,2.3619,0.3589,-2.011,-1.4289,-0.1875,-2.9942,-1.3,-0.1875,1.3135,0.0,0.0,2.389,11.404335021972656,2.546455144882202,-97.47,0,1,180,1.093,1.0,1.0,0.8756,0.3,0.3,0.3502,9999.6329,2.2836
150.95,3,RETURN_HOME,2.3077,0.351,-2.009,-1.4273,-0.1858,-2.9942,-1.3,-0.1858,1.3132,0.0,0.0,2.3343,11.352739334106445,2.5547304153442383,-99.72,0,1,180,1.02,1.0,1.0,0.8754,0.3,0.3,0.3502,9999.5961,2.2915
151.0,3,RETURN_HOME,2.2425,0.3416,-2.0069,-1.4219,-0.1834,-2.9941,-1.4,-0.1834,1.412,0.0,0.0,2.2683,11.308979034423828,2.560481548309326,-98.47,0,1,180,0.965,0.9998,1.0,0.9411,0.2999,0.3,0.3764,9999.4356,2.299
151.051,3,RETURN_HOME,2.1885,0.3342,-2.0055,-1.4167,-0.1812,-2.994,-1.2,-0.1812,1.2136,0.0,0.0,2.2139,11.218120574951172,2.5748090744018555,-96.96,0,1,180,1.105,1.0,1.0,0.8091,0.3,0.3,0.3236,9999.6083,2.3111
151.101,3,RETURN_HOME,2.1261,0.3268,-2.0044,-1.4095,-0.178,-2.9938,-1.2,-0.178,1.2131,0.0,0.0,2.151,11.16899585723877,2.58070969581604,-97.97,0,1,180,1.107,1.0,1.0,0.8087,0.3,0.3,0.3235,9999.5828,2.3171
151.15,3,RETURN_HOME,2.0631,0.3193,-2.0035,-1.4065,-0.1749,-2.9935,-1.3,-0.1749,1.3117,0.0,0.0,2.0877,11.1248779296875,2.586859941482544,-97.97,0,1,180,1.147,0.9998,1.0,0.8743,0.2999,0.3,0.3497,9999.5197,2.3233
151.2,3,RETURN_HOME,2.0102,0.3139,-2.0035,-1.4022,-0.1721,-2.9932,-1.3,-0.1721,1.3113,0.0,0.0,2.0346,11.035093307495117,2.6000003814697266,-98.72,0,1,180,1.009,0.9997,1.0,0.874,0.2999,0.3,0.3496,9999.1309,2.3339
151.252,3,RETURN_HOME,1.9464,0.3085,-2.0047,-1.3945,-0.1685,-2.9928,-1.1,-0.1685,1.1128,0.0,0.0,1.9707,10.985072135925293,2.606832981109619,-97.22,0,1,180,1.931,1.0,1.0,0.7419,0.3,0.3,0.2968,9999.56,2.3398
151.301,3,RETURN_HOME,1.8931,0.3039,-2.0056,-1.389,-0.1657,-2.9924,-1.2,-0.1657,1.2114,0.0,0.0,1.9174,10.940958976745605,2.6120166778564453,-97.72,0,1,180,1.567,0.9998,1.0,0.8074,0.2999,0.3,0.323,9999.5079,2.3463
151.351,3,RETURN_HOME,1.8273,0.2986,-2.0069,-1.3849,-0.1627,-2.9919,-1.1,-0.1627,1.112,0.0,0.0,1.8515,10.85279655456543,2.6254384517669678,-98.22,0,1,180,1.582,0.9999,1.0,0.7412,0.3,0.3,0.2965,9999.1749,2.3569
151.401,3,RETURN_HOME,1.7711,0.2944,-2.0082,-1.379,-0.1601,-2.9914,-1.1,-0.1601,1.1116,0.0,0.0,1.7955,10.80370044708252,2.6318397521972656,-98.72,0,1,180,1.609,0.9998,1.0,0.7409,0.2999,0.3,0.2964,9999.5753,2.3663
151.452,3,RETURN_HOME,1.7042,0.2892,-2.0095,-1.3711,-0.1574,-2.9907,-1.4,-0.2574,1.4235,0.0,0.0,1.7286,10.75956916809082,2.637482166290283,-97.72,0,1,180,2.034,0.9999,1.0,0.9489,0.3,0.3,0.3796,9999.3731,2.3896
151.501,3,RETURN_HOME,1.6379,0.2848,-2.0069,-1.3589,-0.154,-2.99,-1.4,-0.254,1.4229,0.0,0.0,1.6625,10.67446231842041,2.649942398071289,-98.22,0,1,180,1.449,1.0,1.0,0.9485,0.3,0.3,0.3794,9999.1889,2.4006
151.551,3,RETURN_HOME,1.5832,0.2812,-2.0047,-1.3469,-0.1513,-2.9894,-1.3,-0.2513,1.3241,0.0,0.0,1.6079,10.625975608825684,2.6555938720703125,-99.22,0,1,180,1.702,0.9999,1.0,0.8826,0.3,0.3,0.353,9999.4197,2.4077
151.601,3,RETURN_HOME,1.5289,0.2772,-2.0028,-1.3408,-0.1506,-2.9886,-1.3,-0.2506,1.3239,0.0,0.0,1.5539,10.582549095153809,2.6617000102996826,-97.22,0,1,180,1.599,0.9999,1.0,0.8826,0.3,0.3,0.353,9999.313,2.4119
151.651,3,RETURN_HOME,1.467,0.2706,-2.002,-1.3388,-0.1527,-2.9874,-1.2,-0.2527,1.2263,0.0,0.0,1.4917,10.498272895812988,2.674190044403076,-99.22,0,1,180,1.727,0.9997,1.0,0.8173,0.2999,0.3,0.3269,9999.3457,2.4239
151.701,3,RETURN_HOME,1.4052,0.2634,-2.0016,-1.3397,-0.1567,-2.9859,-1.4,-0.2567,1.4233,0.0,0.0,1.4297,10.449822425842285,2.6810832023620605,-96.46,0,1,180,1.57,1.0,1.0,0.9489,0.3,0.3,0.3796,9999.4561,2.4318
151.751,3,RETURN_HOME,1.3539,0.2576,-2.001,-1.3411,-0.1606,-2.9842,-1.1,-0.2606,1.1304,0.0,0.0,1.3781,10.407574653625488,2.6875319480895996,-97.97,0,1,180,1.824,0.999,1.0,0.7529,0.2997,0.3,0.3012,9999.1597,2.4392
151.801,3,RETURN_HOME,1.2937,0.2523,-2.0,-1.3405,-0.1651,-2.982,-1.3,-0.2651,1.3268,0.0,0.0,1.3181,10.32288646697998,2.6989355087280273,-98.97,0,1,180,1.589,1.0,1.0,0.8845,0.3,0.3,0.3538,9999.435,2.451
151.851,3,RETURN_HOME,1.2329,0.2464,-1.9993,-1.3407,-0.1698,-2.9795,-1.2,-0.2698,1.23,0.0,0.0,1.2573,10.274945259094238,2.7062692642211914,-99.22,0,1,180,1.594,0.9997,1.0,0.8197,0.2999,0.3,0.3279,9999.2365,2.4608
151.901,3,RETURN_HOME,1.1822,0.2404,-1.9978,-1.3364,-0.174,-2.9772,-1.2,-0.274,1.2309,0.0,0.0,1.2064,10.18957805633545,2.719555139541626,-99.97,0,1,180,1.584,0.9997,1.0,0.8204,0.2999,0.3,0.3281,9999.2295,2.476
151.951,3,RETURN_HOME,1.1217,0.2315,-1.9945,-1.3323,-0.1796,-2.9743,-1.4,-0.2796,1.4276,0.0,0.0,1.1453,10.146437644958496,2.7253947257995605,-99.47,0,1,180,1.577,1.0,1.0,0.9517,0.3,0.3,0.3807,9999.2954,2.4793
152.001,3,RETURN_HOME,1.071,0.224,-1.9922,-1.3275,-0.1841,-2.9717,-1.1,-0.1841,1.1153,0.0,0.0,1.0941,10.098221778869629,2.733423948287964,-99.22,0,1,180,1.507,0.9992,1.0,0.7429,0.2998,0.3,0.2972,9999.1622,2.4681
152.051,3,RETURN_HOME,1.0192,0.2169,-1.9911,-1.322,-0.1881,-2.9689,-1.3,-0.2881,1.3315,0.0,0.0,1.042,10.013956069946289,2.7467041015625,-100.72,0,1,180,1.676,1.0,1.0,0.8877,0.3,0.3,0.3551,9999.1564,2.5043
152.101,3,RETURN_HOME,0.9554,0.2091,-1.9912,-1.3223,-0.1928,-2.9653,-1.2,-0.2928,1.2352,0.0,0.0,0.9781,9.971938133239746,2.754035472869873,-99.47,0,1,180,1.517,0.9997,1.0,0.8232,0.2999,0.3,0.3293,9999.2013,2.5119
152.151,3,RETURN_HOME,0.8918,0.2011,-1.9916,-1.3194,-0.195,-2.9615,-1.1,-0.295,1.1389,0.0,0.0,0.9142,9.925965309143066,2.7623727321624756,-100.97,0,1,180,1.787,0.9992,1.0,0.7586,0.2998,0.3,0.3035,9999.136,2.5206
152.201,3,RETURN_HOME,0.836,0.1929,-1.9899,-1.3197,-0.1971,-2.9583,-1.4,-0.2971,1.4312,0.0,0.0,0.858,9.842284202575684,2.7765843868255615,-101.47,0,1,180,1.542,0.9998,1.0,0.954,0.3,0.3,0.3816,9999.0157,2.5393
152.251,3,RETURN_HOME,0.7687,0.1826,-1.9875,-1.3184,-0.2,-2.9544,-1.3,-0.3,1.3342,0.0,0.0,0.7901,9.800350189208984,2.7837653160095215,-100.97,0,1,180,1.695,1.0,1.0,0.8894,0.3,0.3,0.3558,9999.0887,2.5474
152.301,3,RETURN_HOME,0.7022,0.1723,-1.9859,-1.3138,-0.2038,-2.9503,-1.2,-0.3038,1.2378,0.0,0.0,0.723,9.75205135345459,2.7923197746276855,-100.97,0,1,180,1.462,1.0,1.0,0.8252,0.3,0.3,0.3301,9999.0303,2.558
152.351,3,RETURN_HOME,0.6473,0.1636,-1.9851,-1.3139,-0.2079,-2.9467,-1.1,-0.3079,1.1423,0.0,0.0,0.6677,9.668962478637695,2.807642698287964,-101.22,0,1,180,1.676,0.9997,1.0,0.7613,0.2999,0.3,0.3045,9999.0212,2.5786
152.401,3,RETURN_HOME,0.5818,0.1531,-1.9843,-1.3163,-0.2132,-2.9422,-1.4,-0.4132,1.4597,0.0,0.0,0.6016,9.629532814025879,2.8167686462402344,-101.72,0,1,180,1.555,0.9996,1.0,0.9727,0.2999,0.3,0.3891,9998.6094,2.4788
152.501,4,NAVIGATE,0.4766,0.1351,-1.9832,-1.3113,-0.2209,-2.9339,-1.4,-0.0209,1.4002,0.0,12.0,11.8745,9.498562812805176,2.8480286598205566,-104.97,0,1,180,1.602,0.0252,1.0,0.4667,0.0076,0.3,0.1867,0.4942,2.5544
152.551,4,NAVIGATE,0.4155,0.124,-1.9828,-1.3081,-0.2296,-2.9297,-1.4,-0.0296,1.4003,0.0,12.0,11.8833,9.458941459655762,2.857961416244507,-105.97,0,1,180,1.612,0.0138,1.0,0.4668,0.0041,0.3,0.1867,0.4909,2.5698
152.601,4,NAVIGATE,0.3541,0.1119,-1.9795,-1.3095,-0.2418,-2.933,-1.4,-0.0418,1.4006,0.0,12.0,11.8933,9.414454460144043,2.872990846633911,-107.22,0,1,180,1.676,-0.0001,1.0,0.4669,-0.0,0.3,0.1868,0.4867,2.5979
152.651,4,NAVIGATE,0.3127,0.103,-1.9736,-1.3148,-0.2484,-2.9399,-1.4,-0.0484,1.4008,0.0,12.0,11.9011,9.330305099487305,2.895240306854248,-108.23,0,1,180,1.593,-0.0083,1.0,0.4669,-0.0025,0.3,0.1868,0.4843,2.6216
152.701,4,NAVIGATE,0.2501,0.0895,-1.9625,-1.3278,-0.2549,-2.9571,-1.4,-0.0549,1.4011,0.0,12.0,11.9131,9.2899169921875,2.909715414047241,-108.73,0,1,180,1.579,-0.0182,1.0,0.467,-0.0055,0.3,0.1868,0.4813,2.643
152.751,4,NAVIGATE,0.1857,0.0755,-1.9506,-1.3448,-0.2564,-2.9818,-1.4,-0.0564,1.4011,0.0,12.0,11.9259,9.244376182556152,2.9250380992889404,-108.98,0,1,180,1.737,-0.0247,1.0,0.467,-0.0074,0.3,0.1868,0.4794,2.6572
152.801,4,NAVIGATE,0.1409,0.0656,-1.9432,-1.3572,-0.2544,-3.0021,-1.4,-0.0544,1.4011,0.0,12.0,11.9352,9.159448623657227,2.9484307765960693,-108.48,0,1,180,1.632,-0.027,1.0,0.467,-0.0081,0.3,0.1868,0.4787,2.6566
152.851,4,NAVIGATE,0.0621,0.049,-1.9286,-1.3775,-0.2445,-3.0446,-1.4,-0.0445,1.4007,0.0,12.0,11.9512,9.115620613098145,2.9612817764282227,-107.97,0,1,180,1.708,-0.0265,1.0,0.4669,-0.008,0.3,0.1868,0.4788,2.6721
152.901,4,NAVIGATE,0.0041,0.0374,-1.9193,-1.3904,-0.2334,-3.08,-1.4,-0.0334,1.4004,0.0,12.0,11.9626,9.0640230178833,2.978698968887329,-107.47,0,1,180,1.693,-0.0235,1.0,0.4668,-0.0071,0.3,0.1867,0.4797,2.6717
152.951,4,NAVIGATE,-0.0547,0.0264,-1.9106,-1.4011,-0.22,-3.1194,-1.4,-0.02,1.4001,0.0,12.0,11.9737,9.017459869384766,2.991713762283325,-106.72,0,1,180,1.13,-0.0189,1.0,0.4667,-0.0057,0.3,0.1867,0.481,2.6812
153.0,4,NAVIGATE,-0.1253,0.0141,-1.8997,-1.4108,-0.2021,3.1118,-1.4,-0.0021,1.4,0.0,12.0,11.9865,8.925477027893066,3.0223803520202637,-104.72,0,1,180,1.098,-0.012,1.0,0.4667,-0.0036,0.3,0.1867,0.4831,2.6664
153.05,4,NAVIGATE,-0.193,0.0039,-1.8911,-1.4166,-0.1834,3.055,-1.4,0.0166,1.4001,0.0,12.0,11.9976,8.874893188476562,3.0259785652160645,-74.69,0,1,180,1.128,-0.0042,1.0,0.4667,-0.0013,0.3,0.1867,0.4854,2.6693
153.101,4,NAVIGATE,-0.2375,-0.002,-1.8861,-1.4191,-0.171,3.0143,-1.4,0.029,1.4003,0.0,12.0,12.0043,8.827640533447266,3.016413450241089,-73.44,0,1,180,1.13,0.0009,1.0,0.4668,0.0003,0.3,0.1867,0.487,2.6665
153.15,4,NAVIGATE,-0.3044,-0.0101,-1.8781,-1.422,-0.1532,2.9495,-1.4,0.0468,1.4008,0.0,12.0,12.014,8.738554000854492,3.003530979156494,-70.19,0,1,180,1.088,0.0081,1.0,0.4669,0.0024,0.3,0.1868,0.4892,2.6519
153.2,4,NAVIGATE,-0.374,-0.0198,-1.8703,-1.426,-0.1368,2.8801,-1.4,0.0632,1.4014,0.0,12.0,12.0256,8.692084312438965,2.9922351837158203,-68.44,0,1,180,1.142,0.014,1.0,0.4671,0.0042,0.3,0.1869,0.4911,2.655
153.251,4,NAVIGATE,-0.4331,-0.0279,-1.8637,-1.43,-0.1239,2.8188,-1.4,0.0761,1.4021,0.0,12.0,12.0357,8.664490699768066,2.9845967292785645,-66.69,0,1,180,1.14,0.0183,1.0,0.4674,0.0055,0.3,0.1869,0.4924,2.66
153.301,4,NAVIGATE,-0.4921,-0.0352,-1.8567,-1.4342,-0.1112,2.7543,-1.4,0.0888,1.4028,0.0,12.0,12.0453,6.012398719787598,2.970653772354126,-62.68,0,1,180,1.357,0.0225,1.0,0.4676,0.0067,0.3,0.187,0.4938,2.5893
153.35,4,NAVIGATE,-0.5643,-0.0466,-1.8484,-1.4395,-0.0971,2.6728,-1.4,0.1029,1.4038,0.0,12.0,12.0598,5.449715614318848,2.95987606048584,-60.43,0,1,180,1.096,0.0265,1.0,0.4679,0.008,0.3,0.1872,0.4951,2.6388
153.4,4,NAVIGATE,-0.6245,-0.0555,-1.8412,-1.4439,-0.0851,2.6016,-1.4,0.1149,1.4047,0.0,12.0,12.0717,5.03105354309082,2.952765464782715,-57.93,0,1,180,0.996,0.0301,1.0,0.4682,0.009,0.3,0.1873,0.4963,2.6404
153.45,4,NAVIGATE,-0.6966,-0.0648,-1.8323,-1.4489,-0.0697,2.5124,-1.4,0.1303,1.406,0.0,12.0,12.0849,4.362273216247559,2.9394242763519287,-53.17,0,1,180,0.996,0.0351,1.0,0.4687,0.0105,0.3,0.1875,0.498,2.5283
153.5,4,NAVIGATE,-0.7663,-0.0715,-1.8242,-1.4527,-0.0525,2.4193,-1.4,0.1475,1.4078,0.0,12.0,12.0958,4.064304351806641,2.934025764465332,-50.17,0,1,180,1.005,0.0416,1.0,0.4693,0.0125,0.3,0.1877,0.5002,2.5856
153.55,4,NAVIGATE,-0.8244,-0.076,-1.8181,-1.4551,-0.0359,2.3395,-1.4,0.1641,1.4096,0.0,12.0,12.1041,3.6449313163757324,2.9211952686309814,-44.42,0,1,180,1.028,0.0485,1.0,0.4699,0.0145,0.3,0.1879,0.5025,2.3445
153.6,4,NAVIGATE,-0.8936,-0.0801,-1.8139,-1.4566,-0.0131,2.243,-1.4,0.1869,1.4124,0.0,12.0,12.1131,3.4798965454101562,2.9147253036499023,-41.91,0,1,180,1.121,0.0588,1.0,0.4708,0.0176,0.3,0.1883,0.506,2.3947
153.65,4,NAVIGATE,-0.9611,-0.0831,-1.8182,-1.4557,0.0128,2.1473,-1.4,0.2128,1.4161,0.0,12.0,12.1212,3.3262765407562256,2.910184383392334,-38.41,0,1,180,0.96,0.0714,1.0,0.472,0.0214,0.3,0.1888,0.5102,2.4203
153.7,4,NAVIGATE,-1.0176,-0.0842,-1.8257,-1.454,0.0354,2.0692,-1.4,0.2354,1.4197,0.0,12.0,12.127,3.122650384902954,2.9003498554229736,-30.9,0,1,180,1.064,0.0825,1.0,0.4732,0.0248,0.3,0.1893,0.514,2.1328
153.75,4,NAVIGATE,-1.0822,-0.0844,-1.8389,-1.4497,0.0613,1.9787,-1.4,0.2613,1.4242,0.0,12.0,12.1327,3.050367593765259,2.8953757286071777,-28.9,0,1,180,1.032,0.0951,1.0,0.4747,0.0285,0.3,0.1899,0.5184,2.167
153.8,4,NAVIGATE,-1.1337,-0.0835,-1.8522,-1.4444,0.0813,1.9068,-1.4,0.2813,1.428,0.0,12.0,12.1366,2.983079433441162,2.8896164894104004,-24.65,0,1,180,1.101,0.1045,1.0,0.476,0.0314,0.3,0.1904,0.5218,2.124
153.851,4,NAVIGATE,-1.1858,-0.0816,-1.8665,-1.4388,0.0998,1.8384,-1.4,0.2998,1.4317,0.0,12.0,12.1396,2.9086337089538574,2.8807108402252197,-16.14,0,1,180,1.204,0.1129,1.0,0.4772,0.0339,0.3,0.1909,0.5248,1.8597
153.9,4,NAVIGATE,-1.2485,-0.0779,-1.8864,-1.4318,0.1207,1.7618,-1.4,0.3207,1.4363,0.0,12.0,12.1422,2.887223482131958,2.875624656677246,-15.14,0,1,180,1.013,0.1218,1.0,0.4788,0.0366,0.3,0.1915,0.5281,1.8891
153.951,4,NAVIGATE,-1.3116,-0.0728,-1.9079,-1.4249,0.1405,1.6916,-1.4,0.3405,1.4408,0.0,12.0,12.1439,2.870349168777466,2.870349168777466,-10.13,0,1,180,1.26,0.13,1.0,0.4803,0.039,0.3,0.1921,0.5311,1.8814
154.0,4,NAVIGATE,-1.3646,-0.0678,-1.9251,-1.4196,0.1562,1.6383,-1.4,0.3562,1.4446,0.0,12.0,12.1447,2.860083818435669,2.860083818435669,-6.38,0,1,180,0.959,0.1361,1.0,0.4815,0.0408,0.3,0.1926,0.5335,1.6531
154.05,4,NAVIGATE,-1.4271,-0.0625,-1.9463,-1.4133,0.1739,1.5805,-1.4,0.3739,1.4491,0.0,12.0,12.1467,2.8550925254821777,2.8550925254821777,-3.88,0,1,180,1.058,0.1428,1.0,0.483,0.0428,0.3,0.1932,0.536,1.6677
154.1,4,NAVIGATE,-1.4793,-0.0575,-1.963,-1.4084,0.1882,1.5377,-1.4,0.3882,1.4528,0.0,12.0,12.1479,2.8473894596099854,2.8473894596099854,-1.13,0,1,180,1.005,0.1479,1.0,0.4843,0.0444,0.3,0.1937,0.5381,1.6099
154.151,4,NAVIGATE,-1.5318,-0.0515,-1.9785,-1.404,0.2022,1.4996,-1.4,0.4022,1.4566,0.0,12.0,12.1485,2.8429994583129883,2.8429994583129883,0.88,0,1,180,1.176,0.1527,1.0,0.4855,0.0458,0.3,0.1942,0.54,1.5761
154.201,4,NAVIGATE,-1.5921,-0.0418,-1.9974,-1.3984,0.2199,1.4601,-1.4,0.4199,1.4616,0.0,12.0,12.1466,2.8294029235839844,2.8294029235839844,5.13,0,1,180,1.811,0.1593,1.0,0.4872,0.0478,0.3,0.1949,0.5427,1.4137
154.251,4,NAVIGATE,-1.6425,-0.0328,-2.0118,-1.3944,0.2347,1.4321,-1.4,0.4347,1.4659,0.0,12.0,12.1444,2.8227574825286865,2.8227574825286865,5.88,0,1,180,1.788,0.1646,1.0,0.4886,0.0494,0.3,0.1955,0.5448,1.3606
154.301,4,NAVIGATE,-1.6935,-0.0231,-2.0248,-1.3912,0.249,1.4083,-1.4,0.449,1.4702,0.0,12.0,12.1418,2.8164892196655273,2.8164892196655273,6.63,0,1,180,1.686,0.1696,1.0,0.4901,0.0509,0.3,0.196,0.5469,1.3076
154.351,4,NAVIGATE,-1.7573,-0.0132,-2.0415,-1.3891,0.2647,1.3853,-1.4,0.4647,1.4751,0.0,12.0,12.141,2.7994837760925293,2.7994837760925293,9.38,0,1,180,1.737,0.1744,1.0,0.4917,0.0523,0.3,0.1967,0.549,1.1769
154.401,4,NAVIGATE,-1.811,-0.0044,-2.0541,-1.388,0.2775,1.3702,-1.4,0.4775,1.4792,0.0,12.0,12.1403,2.792994499206543,2.7927141189575195,10.63,0,1,180,1.706,0.178,1.0,0.4931,0.0534,0.3,0.1972,0.5506,1.124
154.451,4,NAVIGATE,-1.8758,0.0073,-2.0674,-1.3877,0.2928,1.3568,-1.3,0.4928,1.3903,0.0,12.0,12.1385,2.7857296466827393,2.7842659950256348,11.14,0,1,180,1.763,0.2057,1.0,0.4634,0.0617,0.3,0.1854,0.5471,1.0676
154.501,4,NAVIGATE,-1.9302,0.0185,-2.0783,-1.3882,0.3059,1.349,-1.2,0.5059,1.3023,0.0,12.0,12.136,2.7686407566070557,2.766425609588623,11.64,0,1,180,1.689,0.237,1.0,0.4341,0.0711,0.3,0.1736,0.5447,0.9715
154.551,4,NAVIGATE,-1.9848,0.0303,-2.0875,-1.3895,0.319,1.3443,-1.2,0.519,1.3074,0.0,12.0,12.1332,2.7566604614257812,2.754862070083618,13.39,0,1,180,1.815,0.2415,1.0,0.4358,0.0724,0.3,0.1743,0.5468,0.9131
154.601,4,NAVIGATE,-2.0511,0.046,-2.0972,-1.39,0.3351,1.3422,-1.1,0.5351,1.2233,0.0,12.0,12.1286,2.7498390674591064,2.7449593544006348,11.89,0,1,180,1.507,0.2791,1.0,0.4078,0.0837,0.3,0.1631,0.5468,0.8514
154.652,4,NAVIGATE,-2.1083,0.0627,-2.1061,-1.3883,0.3502,1.3429,-1.1,0.5502,1.2299,0.0,12.0,12.122,2.728454113006592,2.72399640083313,13.14,0,1,180,2.109,0.285,1.0,0.41,0.0855,0.3,0.164,0.5495,0.7734
154.701,4,NAVIGATE,-2.1764,0.0832,-2.1147,-1.3825,0.3679,1.3462,-1.3,0.4679,1.3816,0.0,12.0,12.1139,2.7151262760162354,2.7107818126678467,12.39,0,1,180,1.712,0.1641,1.0,0.4605,0.0492,0.3,0.1842,0.5335,0.9974
154.751,4,NAVIGATE,-2.244,0.1043,-2.122,-1.371,0.3859,1.3515,-1.2,0.4859,1.2946,0.0,12.0,12.1055,2.704641819000244,2.7000041007995605,13.14,0,1,180,1.741,0.197,1.0,0.4315,0.0591,0.3,0.1726,0.5317,0.9158
154.801,4,NAVIGATE,-2.3003,0.1225,-2.1279,-1.3585,0.4005,1.3567,-1.2,0.5005,1.3002,0.0,12.0,12.0982,2.6791670322418213,2.6749022006988525,12.39,0,1,180,1.629,0.2024,1.0,0.4334,0.0607,0.3,0.1734,0.5341,0.8518
154.851,4,NAVIGATE,-2.3559,0.1409,-2.1325,-1.3476,0.4128,1.3626,-1.1,0.5128,1.2137,0.0,12.0,12.0908,2.6642441749572754,2.6612954139709473,11.64,0,1,180,1.733,0.2378,1.0,0.4046,0.0713,0.3,0.1618,0.5332,0.8051
154.901,4,NAVIGATE,-2.4113,0.1584,-2.1339,-1.3378,0.4231,1.369,-1.1,0.5231,1.2181,0.0,12.0,12.0846,2.649750232696533,2.648103713989258,11.64,0,1,180,1.568,0.2407,1.0,0.406,0.0722,0.3,0.1624,0.5346,0.7562
154.951,4,NAVIGATE,-2.4779,0.1776,-2.1313,-1.328,0.4333,1.3774,-1.4,0.4333,1.4655,0.0,12.0,12.0792,2.6234130859375,2.6221768856048584,12.39,0,1,180,1.993,0.0934,1.0,0.4885,0.028,0.3,0.1954,0.5234,1.0949
155.001,4,NAVIGATE,-2.5437,0.1975,-2.1282,-1.317,0.4432,1.3861,-1.4,0.4432,1.4685,0.0,12.0,12.0735,2.607024669647217,2.6066794395446777,10.63,0,1,180,1.769,0.0942,1.0,0.4895,0.0282,0.3,0.1958,0.524,1.0938
155.051,4,NAVIGATE,-2.5994,0.2158,-2.1245,-1.3074,0.4517,1.393,-1.3,0.4517,1.3762,0.0,12.0,12.0675,2.5941338539123535,2.5936355590820312,11.64,0,1,180,1.812,0.1171,1.0,0.4587,0.0351,0.3,0.1835,0.5186,0.9541
155.101,4,NAVIGATE,-2.6552,0.235,-2.1203,-1.3024,0.4582,1.3994,-1.2,0.4582,1.2845,0.0,12.0,12.0609,2.5788607597351074,2.5788607597351074,9.13,0,1,180,1.645,0.1423,1.0,0.4282,0.0427,0.3,0.1713,0.514,0.8683
155.151,4,NAVIGATE,-2.7215,0.2582,-2.1154,-1.303,0.4638,1.4069,-1.2,0.4638,1.2865,0.0,12.0,12.0531,2.5485777854919434,2.5485777854919434,9.13,0,1,180,1.834,0.1406,1.0,0.4288,0.0422,0.3,0.1715,0.5137,0.8538
155.201,4,NAVIGATE,-2.7857,0.2804,-2.1101,-1.3065,0.4674,1.4141,-1.1,0.4674,1.1952,0.0,12.0,12.0461,2.5345261096954346,2.53436017036438,10.63,0,1,180,1.581,0.1676,1.0,0.3984,0.0503,0.3,0.1594,0.5096,0.8059
155.252,4,NAVIGATE,-2.839,0.2989,-2.1058,-1.309,0.47,1.4196,-1.1,0.47,1.1962,0.0,12.0,12.0406,2.5192062854766846,2.5192062854766846,8.63,0,1,180,1.806,0.165,1.0,0.3987,0.0495,0.3,0.1595,0.509,0.78
155.301,4,NAVIGATE,-2.8922,0.3174,-2.1018,-1.3103,0.4724,1.4245,-1.1,0.4724,1.1972,0.0,12.0,12.0353,2.487321138381958,2.487321138381958,9.88,0,1,180,1.656,0.1623,1.0,0.3991,0.0487,0.3,0.1596,0.5083,0.7543
155.351,4,NAVIGATE,-2.9577,0.3409,-2.0943,-1.3086,0.4761,1.4293,-1.1,0.4761,1.1986,0.0,12.0,12.0284,2.473731756210327,2.473731756210327,8.38,0,1,180,1.737,0.1594,1.0,0.3995,0.0478,0.3,0.1598,0.5076,0.7255
155.402,4,NAVIGATE,-3.0121,0.3607,-2.0881,-1.3036,0.4794,1.4321,-1.4,0.3794,1.4505,0.0,12.0,12.0228,2.457334518432617,2.457334518432617,7.38,0,1,180,1.844,0.0114,1.0,0.4835,0.0034,0.3,0.1934,0.4968,1.2431
155.451,4,NAVIGATE,-3.0766,0.3844,-2.0814,-1.2932,0.4839,1.4341,-1.3932,0.3839,1.4451,0.0,12.0,12.0161,2.426781177520752,2.426781177520752,8.38,0,1,180,1.777,0.01,1.0,0.4817,0.003,0.3,0.1927,0.4957,1.2097
155.501,4,NAVIGATE,-3.1287,0.4061,-2.0771,-1.2826,0.4881,1.4342,-1.3826,0.3881,1.4361,0.0,12.0,12.0086,2.4110183715820312,2.4110183715820312,7.38,0,1,180,1.865,0.0101,1.0,0.4787,0.003,0.3,0.1915,0.4945,1.1846
155.551,4,NAVIGATE,-3.1907,0.432,-2.0724,-1.2763,0.4897,1.4327,-1.3763,0.3897,1.4304,0.0,12.0,12.0,2.3965749740600586,2.3965749740600586,8.13,0,1,180,1.734,0.0068,1.0,0.4768,0.002,0.3,0.1907,0.4928,1.1733
155.601,4,NAVIGATE,-3.2421,0.4534,-2.0695,-1.2765,0.489,1.4306,-1.3765,0.389,1.4304,0.0,12.0,11.9931,2.3638241291046143,2.3638241291046143,8.13,0,1,180,1.516,0.0016,1.0,0.4768,0.0005,0.3,0.1907,0.4912,1.1989
155.651,4,NAVIGATE,-3.3032,0.4796,-2.0686,-1.2817,0.487,1.4272,-1.3817,0.387,1.4349,0.0,12.0,11.9846,2.3487939834594727,2.3487939834594727,8.13,0,1,180,1.787,-0.0061,1.0,0.4783,-0.0018,0.3,0.1913,0.4895,1.2065
155.701,4,NAVIGATE,-3.3543,0.501,-2.0678,-1.289,0.485,1.4238,-1.389,0.385,1.4414,0.0,12.0,11.9782,2.3347036838531494,2.3347036838531494,8.88,0,1,180,1.604,-0.0135,1.0,0.4805,-0.004,0.3,0.1922,0.4881,1.2186
155.751,4,NAVIGATE,-3.4158,0.5252,-2.0676,-1.2995,0.4815,1.4189,-1.0995,0.4815,1.2003,0.0,12.0,11.9725,2.301948308944702,2.301948308944702,9.13,0,1,180,1.764,0.1231,1.0,0.4001,0.0369,0.3,0.16,0.497,0.7238
155.801,4,NAVIGATE,-3.4671,0.543,-2.0686,-1.309,0.4773,1.4143,-1.2,0.4773,1.2914,0.0,12.0,11.9701,2.286918878555298,2.286918878555298,8.88,0,1,180,1.598,0.0846,1.0,0.4305,0.0254,0.3,0.1722,0.4976,0.842
155.851,4,NAVIGATE,-3.5293,0.5645,-2.0695,-1.3199,0.4726,1.4081,-1.2,0.4726,1.2897,0.0,12.0,11.9677,2.273253917694092,2.2720284461975098,10.63,0,1,180,1.762,0.0758,1.0,0.4299,0.0227,0.3,0.172,0.4947,0.8629
155.901,4,NAVIGATE,-3.5815,0.5826,-2.0686,-1.3229,0.4717,1.4025,-1.2,0.4717,1.2894,0.0,12.0,11.966,2.2406039237976074,2.2406039237976074,9.63,0,1,180,1.515,0.0705,1.0,0.4298,0.0211,0.3,0.1719,0.4931,0.8612
155.951,4,NAVIGATE,-3.6445,0.6048,-2.0648,-1.3207,0.4729,1.3951,-1.2,0.4729,1.2898,0.0,12.0,11.9639,2.225252151489258,2.225252151489258,9.63,0,1,180,1.741,0.0658,1.0,0.4299,0.0197,0.3,0.172,0.4917,0.8646
156.001,4,NAVIGATE,-3.6969,0.6234,-2.0617,-1.3156,0.4751,1.3885,-1.2,0.4751,1.2906,0.0,12.0,11.9622,2.2111756801605225,2.2111756801605225,8.38,0,1,180,1.64,0.0628,1.0,0.4302,0.0188,0.3,0.1721,0.4909,0.8643
156.051,4,NAVIGATE,-3.7491,0.6418,-2.0593,-1.3088,0.478,1.3814,-1.2,0.478,1.2917,0.0,12.0,11.961,2.17935848236084,2.17935848236084,9.38,0,1,180,1.644,0.0602,1.0,0.4306,0.0181,0.3,0.1722,0.4903,0.8501
156.101,4,NAVIGATE,-3.8115,0.6639,-2.0568,-1.2998,0.4816,1.3725,-1.1998,0.4816,1.2929,0.0,12.0,11.9597,2.1662964820861816,2.164968967437744,10.89,0,1,180,1.696,0.0573,1.0,0.431,0.0172,0.3,0.1724,0.4896,0.8574
156.151,4,NAVIGATE,-3.8631,0.6826,-2.0548,-1.2924,0.4845,1.3647,-1.1924,0.4845,1.2871,0.0,12.0,11.9586,2.1511991024017334,2.1491141319274902,11.14,0,1,180,1.858,0.057,1.0,0.429,0.0171,0.3,0.1716,0.4887,0.8527
156.201,4,NAVIGATE,-3.9234,0.7056,-2.0525,-1.284,0.4881,1.3552,-1.184,0.4881,1.2807,0.0,12.0,11.9564,2.1201441287994385,2.117633104324341,12.64,0,1,180,1.749,0.0567,1.0,0.4269,0.017,0.3,0.1708,0.4878,0.829
156.251,4,NAVIGATE,-3.973,0.7251,-2.0506,-1.2777,0.4911,1.3471,-1.1777,0.4911,1.276,0.0,12.0,11.9545,2.1068148612976074,2.1020307540893555,11.89,0,1,180,1.64,0.0563,1.0,0.4253,0.0169,0.3,0.1701,0.487,0.8226
156.302,4,NAVIGATE,-4.0225,0.7446,-2.0488,-1.2721,0.494,1.3391,-1.1721,0.494,1.272,0.0,12.0,11.9526,2.0908801555633545,2.0880188941955566,12.14,0,1,180,1.815,0.0556,1.0,0.424,0.0167,0.3,0.1696,0.4863,0.8202
156.351,4,NAVIGATE,-4.0825,0.7673,-2.0492,-1.2664,0.4969,1.3297,-1.1664,0.4969,1.2679,0.0,12.0,11.9515,2.0597903728485107,2.05483078956604,12.39,0,1,180,1.627,0.0541,1.0,0.4226,0.0162,0.3,0.1691,0.4853,0.8069
156.401,4,NAVIGATE,-4.1324,0.7863,-2.0498,-1.262,0.4993,1.322,-1.162,0.4993,1.2648,0.0,12.0,11.9509,2.0445048809051514,2.039424180984497,14.14,0,1,180,1.547,0.0527,1.0,0.4216,0.0158,0.3,0.1686,0.4845,0.805
156.451,4,NAVIGATE,-4.1922,0.8094,-2.0502,-1.2569,0.5022,1.3129,-1.1569,0.5022,1.2612,0.0,12.0,11.9501,2.0313520431518555,2.0236661434173584,14.39,0,1,180,1.704,0.0511,1.0,0.4204,0.0153,0.3,0.1682,0.4835,0.8018
156.501,4,NAVIGATE,-4.2437,0.8282,-2.0533,-1.2533,0.5043,1.3053,-1.0533,0.5043,1.1678,0.0,12.0,11.9506,2.000211477279663,1.991225004196167,16.14,0,1,180,1.551,0.0834,1.0,0.3893,0.025,0.3,0.1557,0.4807,0.6919
156.551,4,NAVIGATE,-4.3056,0.851,-2.0571,-1.2489,0.5067,1.2963,-1.0489,0.5067,1.1649,0.0,12.0,11.9515,1.9852124452590942,1.9753646850585938,16.14,0,1,180,1.714,0.0814,1.0,0.3883,0.0244,0.3,0.1553,0.4797,0.6939
156.601,4,NAVIGATE,-4.3671,0.8743,-2.0603,-1.2445,0.5094,1.2875,-1.0445,0.5094,1.1621,0.0,12.0,11.9521,1.970811367034912,1.959147334098816,15.89,0,1,180,1.551,0.0796,1.0,0.3874,0.0239,0.3,0.155,0.4788,0.6942
156.651,4,NAVIGATE,-4.418,0.8945,-2.0633,-1.239,0.5123,1.2805,-1.039,0.5123,1.1584,0.0,12.0,11.952,1.939244270324707,1.9262332916259766,17.64,0,1,180,1.564,0.0794,1.0,0.3861,0.0238,0.3,0.1545,0.4783,0.6737
156.701,4,NAVIGATE,-4.4684,0.9151,-2.0656,-1.2312,0.5155,1.2735,-1.1312,0.4155,1.2051,0.0,12.0,11.9516,1.924370527267456,1.9093438386917114,17.89,0,1,180,1.581,-0.0312,1.0,0.4017,-0.0094,0.3,0.1607,0.4513,0.9225
156.751,4,NAVIGATE,-4.5277,0.9394,-2.0657,-1.2193,0.5191,1.2651,-1.1193,0.4191,1.1952,0.0,12.0,11.9515,1.9082001447677612,1.8936959505081177,16.14,0,1,180,1.712,-0.0303,1.0,0.3984,-0.0091,0.3,0.1594,0.4503,0.909
156.801,4,NAVIGATE,-4.576,0.9586,-2.0626,-1.2081,0.5214,1.2582,-1.1081,0.4214,1.1856,0.0,12.0,11.9521,1.8767633438110352,1.8583406209945679,18.64,0,1,180,1.668,-0.0295,1.0,0.3952,-0.0089,0.3,0.1581,0.4492,0.8784
156.851,4,NAVIGATE,-4.6336,0.982,-2.0589,-1.1965,0.5212,1.2501,-1.0965,0.4212,1.1746,0.0,12.0,11.9527,1.8620095252990723,1.8430649042129517,18.14,0,1,180,1.644,-0.0313,1.0,0.3915,-0.0094,0.3,0.1566,0.4472,0.8724
156.901,4,NAVIGATE,-4.6813,1.002,-2.056,-1.1885,0.5194,1.2436,-1.0885,0.4194,1.1666,0.0,12.0,11.9529,1.8467477560043335,1.8268433809280396,19.14,0,1,180,1.597,-0.0346,1.0,0.3889,-0.0104,0.3,0.1555,0.4451,0.8687
156.951,4,NAVIGATE,-4.729,1.0226,-2.0534,-1.1821,0.5168,1.2373,-0.9821,0.5168,1.1098,0.0,12.0,11.9527,1.8332133293151855,1.8102145195007324,18.39,0,1,180,1.805,0.0775,1.0,0.3699,0.0233,0.3,0.148,0.4712,0.6203
157.001,4,NAVIGATE,-4.7765,1.043,-2.0508,-1.1768,0.5135,1.2314,-0.9768,0.5135,1.1035,0.0,12.0,11.9528,1.8008754253387451,1.7765980958938599,18.64,0,1,180,1.65,0.0728,1.0,0.3678,0.0218,0.3,0.1471,0.469,0.6126
157.051,4,NAVIGATE,-4.8312,1.0677,-2.0474,-1.1707,0.5091,1.2247,-1.0707,0.5091,1.1855,0.0,12.0,11.9522,1.785246729850769,1.7596218585968018,19.64,0,1,180,1.552,0.0277,1.0,0.3952,0.0083,0.3,0.1581,0.4664,0.7275
157.101,4,NAVIGATE,-4.8823,1.0929,-2.0433,-1.1607,0.5081,1.2184,-0.9607,0.5081,1.0868,0.0,12.0,11.95,1.7724331617355347,1.7433499097824097,20.89,0,1,180,1.655,0.0655,1.0,0.3623,0.0197,0.3,0.1449,0.4646,0.6409
157.151,4,NAVIGATE,-4.925,1.1137,-2.0401,-1.1507,0.5092,1.2132,-0.9507,0.5092,1.0784,0.0,12.0,11.9485,1.7404118776321411,1.7090946435928345,20.64,0,1,180,1.983,0.0668,1.0,0.3595,0.02,0.3,0.1438,0.4638,0.616
157.201,4,NAVIGATE,-4.9665,1.1334,-2.0367,-1.1409,0.5105,1.2081,-0.9409,0.5105,1.0705,0.0,12.0,11.9478,1.7243409156799316,1.6901911497116089,20.89,0,1,180,1.661,0.0684,1.0,0.3568,0.0205,0.3,0.1427,0.4632,0.6033
157.251,4,NAVIGATE,-5.0154,1.1562,-2.0328,-1.1282,0.5127,1.2021,-0.9282,0.5127,1.0604,0.0,12.0,11.9474,1.7084646224975586,1.6773078441619873,19.89,0,1,180,1.99,0.0714,1.0,0.3535,0.0214,0.3,0.1414,0.4628,0.5888
157.301,4,NAVIGATE,-5.0562,1.1756,-2.0298,-1.1169,0.5151,1.1974,-0.9169,0.5151,1.0517,0.0,12.0,11.9471,1.676735281944275,1.6424975395202637,21.9,0,1,180,1.813,0.0748,1.0,0.3506,0.0224,0.3,0.1402,0.4627,0.5966
157.351,4,NAVIGATE,-5.0999,1.1951,-2.0273,-1.1064,0.5176,1.1926,-0.9064,0.5176,1.0438,0.0,12.0,11.9481,1.661914348602295,1.6255016326904297,21.9,0,1,180,1.784,0.0778,1.0,0.3479,0.0233,0.3,0.1392,0.4625,0.5793
157.402,4,NAVIGATE,-5.154,1.2187,-2.0249,-1.0942,0.5207,1.187,-0.8942,0.5207,1.0348,0.0,12.0,11.9499,1.6448974609375,1.6102607250213623,20.64,0,1,180,2.119,0.0813,1.0,0.3449,0.0244,0.3,0.138,0.4624,0.5643
157.451,4,NAVIGATE,-5.1985,1.2387,-2.0231,-1.0836,0.5233,1.1824,-0.8836,0.5233,1.0269,0.0,12.0,11.9512,1.6287603378295898,1.5915220975875854,23.15,0,1,180,2.103,0.0846,1.0,0.3423,0.0254,0.3,0.1369,0.4623,0.5743
157.501,4,NAVIGATE,-5.2353,1.2552,-2.0231,-1.0755,0.5254,1.1788,-0.8755,0.5254,1.0211,0.0,12.0,11.9523,1.5961978435516357,1.5580074787139893,23.4,0,1,180,2.013,0.087,1.0,0.3404,0.0261,0.3,0.1361,0.4622,0.5475
157.551,4,NAVIGATE,-5.2902,1.2804,-2.0237,-1.0634,0.5286,1.1735,-0.8634,0.5286,1.0124,0.0,12.0,11.9539,1.5800470113754272,1.541246771812439,22.4,0,1,180,1.844,0.0908,1.0,0.3375,0.0272,0.3,0.135,0.4622,0.5616
157.601,4,NAVIGATE,-5.3441,1.3058,-2.0241,-1.0509,0.5317,1.1683,-0.8509,0.5317,1.0034,0.0,12.0,11.9551,1.56356680393219,1.5219058990478516,23.4,0,1,180,1.782,0.095,1.0,0.3345,0.0285,0.3,0.1338,0.4623,0.5444
157.651,4,NAVIGATE,-5.388,1.327,-2.0236,-1.0399,0.5336,1.1641,-0.8399,0.5336,0.9951,0.0,12.0,11.9559,1.5309540033340454,1.4890300035476685,20.14,0,1,180,1.737,0.0983,1.0,0.3317,0.0295,0.3,0.1327,0.4622,0.5443
157.701,4,NAVIGATE,-5.4398,1.3526,-2.0228,-1.0265,0.5357,1.159,-0.8265,0.5357,0.9849,0.0,12.0,11.9565,1.5141396522521973,1.4717711210250854,22.15,0,1,180,1.599,0.1026,1.0,0.3283,0.0308,0.3,0.1313,0.4621,0.5285
157.751,4,NAVIGATE,-5.4906,1.3782,-2.0219,-1.0129,0.5379,1.1541,-0.8129,0.5379,0.9748,0.0,12.0,11.9569,1.4784777164459229,1.4349983930587769,22.9,0,1,180,1.659,0.1073,1.0,0.3249,0.0322,0.3,0.13,0.4622,0.5201
157.801,4,NAVIGATE,-5.537,1.4026,-2.0192,-0.9984,0.5398,1.1493,-0.7984,0.5398,0.9638,0.0,12.0,11.9567,1.463478922843933,1.4182202816009521,25.15,0,1,180,1.6,0.1127,1.0,0.3213,0.0338,0.3,0.1285,0.4623,0.5025
157.851,4,NAVIGATE,-5.583,1.4273,-2.0167,-0.984,0.5418,1.1444,-0.884,0.5418,1.0368,0.0,12.0,11.9562,1.4438085556030273,1.4002530574798584,23.4,0,1,180,1.658,0.064,1.0,0.3456,0.0192,0.3,0.1382,0.4574,0.5582
157.901,4,NAVIGATE,-5.6215,1.4501,-2.0162,-0.972,0.5448,1.1402,-0.872,0.5448,1.0282,0.0,12.0,11.9542,1.412455677986145,1.3643816709518433,24.9,0,1,180,1.525,0.0688,1.0,0.3427,0.0206,0.3,0.1371,0.4577,0.5489
157.951,4,NAVIGATE,-5.6683,1.481,-2.0179,-0.9577,0.5502,1.135,-0.8577,0.5502,1.019,0.0,12.0,11.949,1.3945401906967163,1.3466757535934448,23.65,0,1,180,1.692,0.076,1.0,0.3397,0.0228,0.3,0.1359,0.4587,0.5518
158.001,4,NAVIGATE,-5.7143,1.5116,-2.0193,-0.9458,0.555,1.1298,-0.8458,0.555,1.0117,0.0,12.0,11.9441,1.3576183319091797,1.3097846508026123,23.65,0,1,180,1.639,0.0818,1.0,0.3372,0.0245,0.3,0.1349,0.4594,0.5452
158.051,4,NAVIGATE,-5.7609,1.5408,-2.0201,-0.9372,0.5586,1.1247,-0.8372,0.5586,1.0064,0.0,12.0,11.9408,1.3394862413406372,1.2912206649780273,24.65,0,1,180,1.665,0.0848,1.0,0.3355,0.0254,0.3,0.1342,0.4596,0.5309
158.101,4,NAVIGATE,-5.8075,1.5694,-2.0205,-0.9306,0.5615,1.1196,-0.8306,0.5615,1.0026,0.0,12.0,11.9383,1.3243993520736694,1.2730212211608887,24.4,0,1,180,1.54,0.0863,1.0,0.3342,0.0259,0.3,0.1337,0.4596,0.5346
158.151,4,NAVIGATE,-5.8536,1.5979,-2.0207,-0.9246,0.5644,1.1147,-0.7246,0.5644,0.9185,0.0,12.0,11.936,1.286461353302002,1.2364732027053833,24.15,0,1,180,1.575,0.1486,0.927,0.3062,0.0446,0.2781,0.1225,0.4451,0.4653
158.201,4,NAVIGATE,-5.9017,1.6289,-2.0211,-0.9197,0.5683,1.1099,-0.7197,0.5683,0.917,0.0,12.0,11.9327,1.2694087028503418,1.2184655666351318,25.9,0,1,180,1.483,0.1505,0.899,0.3057,0.0451,0.2697,0.1223,0.4371,0.4531
158.251,4,NAVIGATE,-5.949,1.6594,-2.0213,-0.9142,0.5722,1.1052,-0.7142,0.5722,0.9151,0.0,12.0,11.9297,1.2354451417922974,1.1831350326538086,25.15,0,1,180,1.592,0.1528,0.9326,0.305,0.0459,0.2798,0.122,0.4476,0.4645
158.302,4,NAVIGATE,-5.996,1.6894,-2.022,-0.9056,0.5762,1.1006,-0.7056,0.5762,0.9109,0.0,12.0,11.9273,1.21559476852417,1.1617982387542725,25.65,0,1,180,1.779,0.1574,0.8995,0.3036,0.0472,0.2699,0.1215,0.4385,0.4465
158.351,4,NAVIGATE,-6.0426,1.7189,-2.0229,-0.8941,0.5799,1.0959,-0.6941,0.5799,0.9044,0.0,12.0,11.9253,1.1795127391815186,1.1255820989608765,25.4,0,1,180,1.547,0.1639,0.9273,0.3015,0.0492,0.2782,0.1206,0.448,0.4576
158.401,4,NAVIGATE,-6.088,1.7484,-2.0236,-0.8804,0.5832,1.0911,-0.6804,0.5832,0.8962,0.0,12.0,11.9231,1.1612523794174194,1.1075767278671265,24.9,0,1,180,1.44,0.1719,0.884,0.2987,0.0516,0.2652,0.1195,0.4362,0.4373
158.451,4,NAVIGATE,-6.1328,1.7766,-2.0282,-0.8659,0.5858,1.0862,-0.6659,0.5858,0.8869,0.0,12.0,11.9218,1.124254584312439,1.0675537586212158,27.4,0,1,180,1.388,0.1802,0.8828,0.2956,0.0541,0.2648,0.1183,0.4371,0.4441
158.501,4,NAVIGATE,-6.1764,1.8046,-2.0327,-0.851,0.5882,1.0812,-0.651,0.4882,0.8137,0.0,12.0,11.9203,1.106755256652832,1.0500580072402954,26.9,0,1,180,1.386,0.0986,1.0,0.2712,0.0296,0.3,0.1085,0.4381,0.5046
158.551,4,NAVIGATE,-6.2187,1.8333,-2.0357,-0.8359,0.591,1.0762,-0.6359,0.491,0.8034,0.0,12.0,11.9178,1.0863525867462158,1.0317829847335815,27.65,0,1,180,1.718,0.1083,1.0,0.2678,0.0325,0.3,0.1071,0.4396,0.5007
158.601,4,NAVIGATE,-6.2593,1.8628,-2.0368,-0.8208,0.5939,1.0712,-0.6208,0.4939,0.7934,0.0,12.0,11.9139,1.047940969467163,0.991032063961029,27.65,0,1,180,1.427,0.1186,0.9742,0.2645,0.0356,0.2923,0.1058,0.4336,0.479
158.651,4,NAVIGATE,-6.2991,1.8923,-2.0374,-0.8062,0.5941,1.0662,-0.7062,0.5941,0.9228,0.0,12.0,11.9099,1.0295584201812744,0.9745504260063171,26.65,0,1,180,1.452,0.1416,0.9502,0.3076,0.0425,0.285,0.123,0.4506,0.4452
158.701,4,NAVIGATE,-6.3386,1.9206,-2.0369,-0.7913,0.591,1.0612,-0.6913,0.591,0.9095,0.0,12.0,11.9068,0.9891766905784607,0.9383451342582703,24.15,0,1,180,1.418,0.1455,0.9371,0.3032,0.0436,0.2811,0.1213,0.446,0.4405
158.751,4,NAVIGATE,-6.3775,1.9483,-2.0358,-0.7765,0.5866,1.056,-0.6765,0.5866,0.8954,0.0,12.0,11.9042,0.9719281792640686,0.923533022403717,22.65,0,1,180,1.573,0.1484,0.9358,0.2985,0.0445,0.2807,0.1194,0.4447,0.4556
158.801,4,NAVIGATE,-6.4092,1.9713,-2.0347,-0.7658,0.5844,1.0516,-0.6658,0.5844,0.8859,0.0,12.0,11.9018,0.9347370862960815,0.8935014009475708,19.64,0,1,180,1.598,0.1511,0.9393,0.2953,0.0453,0.2818,0.1181,0.4453,0.4421
158.851,4,NAVIGATE,-6.4463,1.996,-2.0325,-0.7549,0.5824,1.0464,-0.6549,0.5824,0.8764,0.0,12.0,11.9011,0.9126704931259155,0.8777024149894714,17.89,0,1,180,1.701,0.1539,0.934,0.2921,0.0462,0.2802,0.1169,0.4432,0.4456
158.901,4,NAVIGATE,-6.4768,2.0164,-2.0306,-0.7472,0.5821,1.0422,-0.6472,0.5821,0.8705,0.0,12.0,11.9004,0.8948132395744324,0.866014838218689,15.89,0,1,180,1.632,0.1564,0.9538,0.2902,0.0469,0.2861,0.1161,0.4491,0.4436
158.951,4,NAVIGATE,-6.5133,2.0416,-2.028,-0.739,0.5832,1.0373,-0.539,0.6832,0.8702,0.0,12.0,11.8993,0.8570792078971863,0.8427947163581848,12.89,0,1,180,1.826,0.3181,0.8111,0.2901,0.0954,0.2433,0.116,0.4548,0.4063
159.001,4,NAVIGATE,-6.5513,2.0683,-2.0239,-0.732,0.5853,1.0327,-0.532,0.6853,0.8676,0.0,12.0,11.8979,0.8371644616127014,0.8318547010421753,10.89,0,1,180,1.474,0.3217,0.8227,0.2892,0.0965,0.2468,0.1157,0.459,0.4134
159.051,4,NAVIGATE,-6.5825,2.0907,-2.021,-0.7261,0.5874,1.029,-0.5261,0.6874,0.8657,0.0,12.0,11.8963,0.8225057721138,0.8225057721138,8.88,0,1,180,1.589,0.3252,0.8285,0.2886,0.0976,0.2486,0.1154,0.4615,0.4128
159.101,4,NAVIGATE,-6.6186,2.1177,-2.0164,-0.7159,0.5928,1.0247,-0.5159,0.6928,0.8638,0.0,12.0,11.8939,0.8066127896308899,0.8066127896308899,5.38,0,1,180,1.595,0.334,0.8613,0.2879,0.1002,0.2584,0.1152,0.4738,0.422
159.151,4,NAVIGATE,-6.6472,2.1401,-2.0109,-0.705,0.5991,1.0211,-0.505,0.6991,0.8624,0.0,12.0,11.8913,0.7961298227310181,0.7961298227310181,3.38,0,1,180,1.817,0.3448,0.8626,0.2875,0.1035,0.2588,0.115,0.4772,0.4249
159.201,4,NAVIGATE,-6.6809,2.1676,-2.0051,-0.6899,0.6079,1.0167,-0.4899,0.7079,0.8609,0.0,12.0,11.8874,0.791871190071106,0.791871190071106,1.63,0,1,180,1.656,0.3604,0.8477,0.287,0.1081,0.2543,0.1148,0.4772,0.419
159.251,4,NAVIGATE,-6.7076,2.1903,-2.0011,-0.6761,0.6156,1.0131,-0.4761,0.7156,0.8595,0.0,12.0,11.8837,0.7819305658340454,0.7819305658340454,-2.38,0,1,180,1.726,0.3746,0.8684,0.2865,0.1124,0.2605,0.1146,0.4875,0.4329
159.301,4,NAVIGATE,-6.7377,2.2172,-1.9977,-0.6588,0.6245,1.0088,-0.4588,0.7245,0.8576,0.0,12.0,11.8785,0.7764259576797485,0.7764259576797485,-4.38,0,1,180,1.699,0.3923,0.8576,0.2859,0.1177,0.2573,0.1143,0.4893,0.4313
159.351,4,NAVIGATE,-6.7624,2.2403,-1.9952,-0.6444,0.632,1.0053,-0.4444,0.732,0.8563,0.0,12.0,11.8736,0.7724170088768005,0.7724170088768005,-6.38,0,1,180,1.806,0.4071,0.8607,0.2854,0.1221,0.2582,0.1142,0.4945,0.4338
159.401,4,NAVIGATE,-6.7914,2.2711,-1.9943,-0.6271,0.6417,1.0011,-0.4271,0.7417,0.8559,0.0,12.0,11.8648,0.7717645764350891,0.7691701054573059,-10.38,0,1,180,1.697,0.425,0.8905,0.2853,0.1275,0.2672,0.1141,0.5088,0.4468
159.451,4,NAVIGATE,-6.815,2.2981,-1.9944,-0.6129,0.6501,0.9977,-0.4129,0.7501,0.8562,0.0,12.0,11.8563,0.8034095764160156,0.7670725584030151,-12.39,0,1,180,1.745,0.4397,0.8836,0.2854,0.1319,0.2651,0.1142,0.5112,0.4423
159.501,4,NAVIGATE,-6.8428,2.3306,-1.9947,-0.5961,0.66,0.9935,-0.3961,0.76,0.8571,0.0,12.0,11.8457,0.8280890583992004,0.768535315990448,-14.64,0,1,180,1.601,0.4569,0.8965,0.2857,0.1371,0.2689,0.1143,0.5203,0.4482
159.551,4,NAVIGATE,-6.8632,2.3586,-1.9927,-0.5818,0.6686,0.9901,-0.3818,0.7686,0.8582,0.0,12.0,11.8347,0.8799276351928711,0.7714152336120605,-18.39,0,1,180,1.612,0.4716,0.9193,0.2861,0.1415,0.2758,0.1144,0.5317,0.4547
159.601,4,NAVIGATE,-6.8829,2.3869,-1.9905,-0.5675,0.677,0.9867,-0.3675,0.877,0.9509,0.0,12.0,11.8231,7.428118705749512,0.770782470703125,-20.39,0,1,180,1.541,0.5249,0.9135,0.3328,0.1575,0.2741,0.1331,0.5646,0.4544
159.651,4,NAVIGATE,-6.9063,2.4211,-1.9885,-0.5506,0.6868,0.9827,-0.3506,0.8868,0.9536,0.0,12.0,11.809,7.417035102844238,0.7752499580383301,-22.4,0,1,180,1.623,0.5393,0.9292,0.3429,0.1618,0.2788,0.1371,0.5777,0.4601
159.701,4,NAVIGATE,-6.9238,2.4503,-1.9874,-0.5355,0.6952,0.9794,-0.3355,0.8952,0.956,0.0,12.0,11.7956,7.414821147918701,0.7813493013381958,-25.9,0,1,180,1.607,0.5521,0.9637,0.3519,0.1656,0.2891,0.1408,0.5955,0.4754
159.751,4,NAVIGATE,-6.9447,2.4856,-1.9865,-0.5173,0.7075,0.9754,-0.3173,0.9075,0.9614,0.0,12.0,11.7793,7.398539066314697,0.7848228812217712,-28.4,0,1,180,1.598,0.5679,0.9821,0.364,0.1704,0.2946,0.1456,0.6106,0.4844
159.801,4,NAVIGATE,-6.9649,2.5211,-1.9864,-0.4993,0.7222,0.9715,-0.2993,0.9222,0.9695,0.0,12.0,11.7626,7.39185094833374,0.7890987992286682,-29.9,0,1,180,1.673,0.5837,0.9952,0.3773,0.1751,0.2986,0.1509,0.6246,0.4892
159.851,4,NAVIGATE,-6.98,2.5501,-1.9883,-0.4838,0.735,0.9683,-0.2838,0.935,0.9772,0.0,12.0,11.7482,7.3810343742370605,0.8005940914154053,-33.66,0,1,180,1.689,0.5971,1.0,0.389,0.1791,0.3,0.1556,0.6347,0.5085
159.901,4,NAVIGATE,-6.995,2.5796,-1.9901,-0.4688,0.7485,0.9652,-0.2688,0.9485,0.9859,0.0,12.0,11.7334,7.365288734436035,0.8078705072402954,-35.91,0,1,180,1.636,0.6099,1.0,0.4009,0.183,0.3,0.1603,0.6433,0.5217
159.951,4,NAVIGATE,-7.0126,2.6156,-1.9921,-0.4511,0.7651,0.9616,-0.2511,0.9651,0.9972,0.0,12.0,11.7151,7.3675923347473145,0.8142840266227722,-37.66,0,1,180,1.675,0.6245,1.0,0.4152,0.1874,0.3,0.1661,0.6534,0.5287
160.001,4,NAVIGATE,-7.0282,2.6511,-1.9943,-0.4331,0.7813,0.9581,-0.2331,0.9813,1.0087,0.0,12.0,11.696,7.338165760040283,0.8287015557289124,-41.16,0,1,180,1.63,0.6388,1.0,0.4295,0.1916,0.3,0.1718,0.6634,0.5523
160.051,4,NAVIGATE,-7.0412,2.6815,-1.9959,-0.4184,0.7948,0.9553,-0.2184,0.9948,1.0185,0.0,12.0,11.6796,7.338397979736328,0.8395400643348694,-42.91,0,1,180,1.815,0.65,1.0,0.4414,0.195,0.3,0.1765,0.6715,0.5644
160.101,4,NAVIGATE,-7.0573,2.7185,-1.9983,-0.401,0.811,0.952,-0.201,1.011,1.0308,0.0,12.0,11.6598,7.321861267089844,0.8464993238449097,-44.67,0,1,180,1.751,0.6627,1.0,0.4554,0.1988,0.3,0.1822,0.681,0.5746
160.151,4,NAVIGATE,-7.0734,2.7562,-2.001,-0.3837,0.8272,0.9487,-0.1837,1.0272,1.0434,0.0,12.0,11.6396,7.301779747009277,0.8664899468421936,-48.42,0,1,180,1.729,0.6748,1.0,0.4694,0.2024,0.3,0.1878,0.6902,0.5993
160.201,4,NAVIGATE,-7.0866,2.7884,-2.0029,-0.3693,0.8406,0.946,-0.1693,1.0406,1.0543,0.0,12.0,11.6221,7.279425621032715,0.877472460269928,-49.67,0,1,180,1.653,0.6844,1.0,0.481,0.2053,0.3,0.1924,0.6977,0.6102
160.251,4,NAVIGATE,-7.1026,2.8308,-2.0065,-0.3523,0.8583,0.9428,-0.1523,1.0583,1.0692,0.0,12.0,11.5983,7.260683536529541,0.898462176322937,-52.42,0,1,180,1.723,0.6953,1.0,0.4956,0.2086,0.3,0.1982,0.7068,0.6324
160.301,4,NAVIGATE,-7.1183,2.8751,-2.0102,-0.3354,0.8765,0.9396,-0.1354,1.0765,1.085,0.0,12.0,11.573,7.2443623542785645,0.9107956290245056,-52.92,0,1,180,1.641,0.7056,1.0,0.5104,0.2117,0.3,0.2041,0.7158,0.6393
160.351,4,NAVIGATE,-7.1334,2.92,-2.0133,-0.3185,0.8945,0.9365,-0.1185,1.0945,1.1009,0.0,12.0,11.5469,7.235952377319336,0.9226822853088379,-55.68,0,1,180,1.781,0.7153,1.0,0.525,0.2146,0.3,0.21,0.7246,0.6545
160.401,4,NAVIGATE,-7.1425,2.9482,-2.0156,-0.3068,0.9052,0.9344,-0.1068,1.1052,1.1103,0.0,12.0,11.5305,7.21018648147583,0.9444254636764526,-53.92,0,1,180,1.7,0.7218,1.0,0.5343,0.2165,0.3,0.2137,0.7302,0.6775
160.451,4,NAVIGATE,-7.1557,2.9911,-2.0186,-0.2895,0.9211,0.9314,-0.0895,1.1211,1.1247,0.0,12.0,11.505,7.207417011260986,0.9558830857276917,-54.43,0,1,180,1.746,0.7311,1.0,0.5481,0.2193,0.3,0.2193,0.7386,0.6926
160.501,4,NAVIGATE,-7.1683,3.0353,-2.02,-0.272,0.9375,0.9283,-0.072,1.1375,1.1398,0.0,12.0,11.4782,7.180718898773193,0.9660184979438782,-51.67,0,1,180,1.519,0.74,1.0,0.5623,0.222,0.3,0.2249,0.7469,0.7063
160.551,4,NAVIGATE,-7.178,3.0739,-2.0172,-0.2574,0.9522,0.9257,-0.0574,1.1522,1.1537,0.0,12.0,11.4542,7.137841701507568,0.9861040711402893,-55.18,0,1,180,1.716,0.7471,1.0,0.5746,0.2241,0.3,0.2298,0.754,0.7354
160.601,4,NAVIGATE,-7.1891,3.121,-2.014,-0.24,0.97,0.9226,-0.04,1.17,1.1707,0.0,12.0,11.4245,7.1269073486328125,0.9946714639663696,-57.18,0,1,180,1.535,0.7553,1.0,0.5894,0.2266,0.3,0.2358,0.7624,0.7465
160.651,4,NAVIGATE,-7.1983,3.1607,-2.0123,-0.2255,0.9848,0.92,-0.0255,1.1848,1.1851,0.0,12.0,11.3995,7.100914478302002,1.008225917816162,-58.43,0,1,180,1.715,0.7617,1.0,0.6018,0.2285,0.3,0.2407,0.7692,0.7675
160.701,4,NAVIGATE,-7.2089,3.2007,-2.0131,-0.2115,0.9996,0.9174,-0.0115,1.1996,1.1997,0.0,12.0,11.3752,7.061939239501953,1.0310903787612915,-61.68,0,1,180,1.713,0.7675,1.0,0.6138,0.2302,0.3,0.2455,0.7758,0.7972
160.751,4,NAVIGATE,-7.2206,3.2495,-2.0139,-0.1945,1.0174,0.9142,0.0055,1.2174,1.2174,0.0,12.0,11.345,7.056020736694336,1.0436102151870728,-63.18,0,1,180,1.696,0.7742,1.0,0.6284,0.2323,0.3,0.2513,0.7836,0.8142
160.801,4,NAVIGATE,-7.2321,3.299,-2.015,-0.1774,1.0353,0.9109,0.0226,1.2353,1.2356,0.0,12.0,11.3142,7.023777961730957,1.0606461763381958,-65.19,0,1,180,1.849,0.7806,1.0,0.643,0.2342,0.3,0.2572,0.7914,0.8456
160.851,4,NAVIGATE,-7.2415,3.3407,-2.0161,-0.163,1.0504,0.9082,0.037,1.2504,1.2509,0.0,12.0,11.2882,6.986863613128662,1.0874425172805786,-68.19,0,1,180,1.655,0.7857,1.0,0.6553,0.2357,0.3,0.2621,0.7978,0.883
160.901,4,NAVIGATE,-7.2516,3.3917,-2.0172,-0.1457,1.0683,0.9049,0.0543,1.2683,1.2694,0.0,12.0,11.2556,6.972712516784668,1.1034860610961914,-69.69,0,1,180,1.677,0.7916,1.0,0.67,0.2375,0.3,0.268,0.8055,0.8982
160.951,4,NAVIGATE,-7.2586,3.436,-2.0148,-0.1311,1.0838,0.9021,0.0689,1.2838,1.2856,0.0,12.0,11.2263,6.946462631225586,1.1194926500320435,-70.94,0,1,180,1.686,0.7964,1.0,0.6826,0.2389,0.3,0.273,0.8119,0.9228
161.002,4,NAVIGATE,-7.2646,3.4816,-2.0106,-0.1165,1.0996,0.8994,0.0835,1.2996,1.3023,0.0,12.0,11.1954,6.927319049835205,1.1344220638275146,-72.44,0,1,180,1.692,0.8009,1.0,0.6954,0.2403,0.3,0.2781,0.8184,0.9451
161.051,4,NAVIGATE,-7.2708,3.5368,-2.0062,-0.0987,1.1185,0.896,0.1013,1.3185,1.3224,0.0,12.0,11.1575,6.883758068084717,1.1720775365829468,-75.19,0,1,180,1.695,0.8062,1.0,0.7108,0.2419,0.3,0.2843,0.8262,0.9846
161.101,4,NAVIGATE,-7.277,3.5837,-2.0079,-0.0845,1.1344,0.8932,0.1155,1.3344,1.3394,0.0,12.0,11.1261,6.871906280517578,1.190231442451477,-76.7,0,1,180,1.552,0.81,1.0,0.7233,0.243,0.3,0.2893,0.8323,1.0086
161.151,4,NAVIGATE,-7.2835,3.6311,-2.0126,-0.0708,1.1501,0.8904,0.1292,1.3501,1.3563,0.0,12.0,11.0945,6.850850582122803,1.2101163864135742,-77.95,0,1,180,1.76,0.8135,1.0,0.7355,0.244,0.3,0.2942,0.8382,1.0364
161.201,4,NAVIGATE,-7.29,3.6886,-2.0175,-0.0541,1.1688,0.8869,0.1459,1.3688,1.3765,0.0,12.0,11.0555,6.787981033325195,1.25089430809021,-80.7,0,1,180,1.684,0.8175,1.0,0.7502,0.2452,0.3,0.3001,0.8453,1.0903
161.251,4,NAVIGATE,-7.2971,3.7468,-2.02,-0.0379,1.1875,0.8833,0.1621,1.3875,1.3969,0.0,12.0,11.0165,6.766175746917725,1.2736202478408813,-82.2,0,1,180,1.931,0.821,1.0,0.7646,0.2463,0.3,0.3058,0.8521,1.1228
161.301,4,NAVIGATE,-7.3022,3.7958,-2.0214,-0.0243,1.2029,0.8802,0.1757,1.4029,1.4138,0.0,12.0,10.9832,6.7147088050842285,1.3161547183990479,-84.45,0,1,180,1.699,0.8238,1.0,0.7765,0.2471,0.3,0.3106,0.8577,1.1682
161.351,4,NAVIGATE,-7.3069,3.8552,-2.0227,-0.0077,1.2211,0.8766,0.1923,1.4211,1.4341,0.0,12.0,10.9421,6.6863322257995605,1.3391554355621338,-85.7,0,1,180,1.64,0.8272,1.0,0.7908,0.2482,0.3,0.3163,0.8645,1.1945
161.401,4,NAVIGATE,-7.3067,3.9137,-2.0247,0.011,1.2386,0.8729,0.211,1.4386,1.454,0.0,12.0,10.8985,6.661993026733398,1.3652088642120361,-87.21,0,1,180,1.593,0.8314,1.0,0.8059,0.2494,0.3,0.3224,0.8718,1.2269
161.451,4,NAVIGATE,-7.3061,3.9532,-2.0257,0.0236,1.2502,0.8704,0.2236,1.4502,1.4673,0.0,12.0,10.8688,6.63214635848999,1.3885551691055298,-88.21,0,1,180,1.557,0.8342,1.0,0.816,0.2502,0.3,0.3264,0.8766,1.2641
161.501,4,NAVIGATE,-7.3044,4.0132,-2.0269,0.0425,1.2678,0.8665,0.2425,1.4678,1.4876,0.0,12.0,10.8233,6.579255104064941,1.4393097162246704,-90.46,0,1,180,1.851,0.8381,1.0,0.8312,0.2514,0.3,0.3325,0.8839,1.3173
161.551,4,NAVIGATE,-7.3021,4.0762,-2.0253,0.0618,1.2864,0.8625,0.2618,1.3864,1.4109,0.0,12.0,10.7753,6.549790382385254,1.4670995473861694,-91.71,0,1,180,1.817,0.8483,1.0,0.798,0.2545,0.3,0.3192,0.8737,1.3328
161.602,4,NAVIGATE,-7.2994,4.1293,-2.0239,0.0779,1.3021,0.8591,0.2779,1.4021,1.4294,0.0,12.0,10.7345,6.521223545074463,1.4936609268188477,-92.46,0,1,180,2.086,0.8514,1.0,0.8113,0.2554,0.3,0.3245,0.88,1.3768
161.651,4,NAVIGATE,-7.2946,4.1942,-2.0232,0.0972,1.3215,0.8551,0.2972,1.4215,1.4522,0.0,12.0,10.6837,6.466556549072266,1.547134280204773,-94.71,0,1,180,1.616,0.8549,1.0,0.8276,0.2565,0.3,0.3311,0.8875,1.4261
161.701,4,NAVIGATE,-7.2889,4.2497,-2.024,0.1133,1.3361,0.8519,0.3133,1.4361,1.4698,0.0,12.0,10.6393,6.4451799392700195,1.580369472503662,-95.96,0,1,180,1.46,0.8577,1.0,0.8405,0.2573,0.3,0.3362,0.8935,1.4729
161.752,4,NAVIGATE,-7.2828,4.3055,-2.0246,0.1292,1.3487,0.8487,0.3292,1.4487,1.4857,0.0,12.0,10.5945,6.406233310699463,1.6070306301116943,-96.71,0,1,180,2.146,0.8605,1.0,0.8523,0.2582,0.3,0.3409,0.8991,1.5077
161.801,4,NAVIGATE,-7.2754,4.3729,-2.0239,0.1482,1.3621,0.8448,0.3482,1.3621,1.4059,0.0,12.0,10.5406,6.340229034423828,1.6654703617095947,-98.47,0,1,180,1.656,0.872,1.0,0.8173,0.2616,0.3,0.3269,0.8885,1.5636
161.851,4,NAVIGATE,-7.2685,4.4407,-2.0207,0.167,1.3746,0.8409,0.367,1.3746,1.4228,0.0,12.0,10.4869,6.306188106536865,1.6996928453445435,-99.72,0,1,180,1.747,0.8752,1.0,0.8302,0.2626,0.3,0.3321,0.8946,1.5914
161.901,4,NAVIGATE,-7.2619,4.4974,-2.0182,0.1827,1.3845,0.8376,0.3827,1.3845,1.4364,0.0,12.0,10.4415,6.268120765686035,1.7320184707641602,-100.47,0,1,180,1.602,0.8779,1.0,0.8406,0.2634,0.3,0.3363,0.8996,1.6103
161.951,4,NAVIGATE,-7.252,4.5661,-2.014,0.2019,1.3936,0.8338,0.4019,1.3936,1.4504,0.0,12.0,10.3853,6.208843231201172,1.7959574460983276,-102.22,0,1,180,1.723,0.8813,1.0,0.8521,0.2644,0.3,0.3409,0.9052,1.6255
162.001,4,NAVIGATE,-7.2426,4.6234,-2.0103,0.2182,1.3995,0.8305,0.4182,1.3995,1.4606,0.0,12.0,10.3378,6.1670660972595215,1.8339382410049438,-102.97,0,1,180,1.681,0.8843,1.0,0.8611,0.2653,0.3,0.3444,0.9097,1.6362
162.051,4,NAVIGATE,-7.2327,4.6808,-2.007,0.2346,1.4042,0.8271,0.4346,1.4042,1.4699,0.0,12.0,10.2899,6.144274711608887,1.8595361709594727,132.0,0,1,180,1.352,0.8873,1.0,0.8695,0.2662,0.3,0.3478,0.914,1.6463
162.1,4,NAVIGATE,-7.2187,4.7507,-2.0061,0.255,1.4093,0.823,0.455,1.4093,1.4809,0.0,12.0,10.2304,6.0849995613098145,1.873430609703064,133.5,0,1,180,0.994,0.8911,1.0,0.8798,0.2673,0.3,0.3519,0.9192,1.664
162.15,4,NAVIGATE,-7.2033,4.821,-2.0064,0.2756,1.4141,0.8189,0.4756,1.4141,1.4919,0.0,12.0,10.1699,6.061899185180664,1.8816019296646118,133.75,0,1,180,0.992,0.8949,1.0,0.8901,0.2685,0.3,0.356,0.9245,1.6753
162.201,4,NAVIGATE,-7.1901,4.8794,-2.0066,0.2927,1.4181,0.8155,0.4927,1.3181,1.4071,0.0,12.0,10.1193,6.040989398956299,1.8895617723464966,131.75,0,1,180,1.127,0.9079,1.0,0.8517,0.2724,0.3,0.3407,0.913,1.6878
162.251,4,NAVIGATE,-7.1724,4.9492,-2.0127,0.3135,1.4233,0.8114,0.5135,1.3233,1.4194,0.0,12.0,10.0577,5.993828773498535,1.9069721698760986,134.25,0,1,180,1.315,0.9115,1.0,0.8626,0.2735,0.3,0.345,0.9185,1.7089
162.3,4,NAVIGATE,-7.1571,5.0072,-2.018,0.3307,1.4277,0.808,0.5307,1.3277,1.4298,0.0,12.0,10.0061,5.966578483581543,1.9178603887557983,132.25,0,1,180,1.016,0.9144,1.0,0.8716,0.2743,0.3,0.3486,0.923,1.7222
162.351,4,NAVIGATE,-7.1413,5.0653,-2.0226,0.3473,1.4303,0.8047,0.5473,1.3303,1.4384,0.0,12.0,9.9544,5.942026138305664,1.9270613193511963,131.5,0,1,180,1.12,0.9172,1.0,0.8796,0.2752,0.3,0.3518,0.927,1.7361
162.4,4,NAVIGATE,-7.1217,5.1348,-2.025,0.3669,1.431,0.8007,0.5669,1.331,1.4467,0.0,12.0,9.8919,5.893253326416016,1.9476699829101562,134.75,0,1,180,1.051,0.9206,1.0,0.8879,0.2762,0.3,0.3552,0.9314,1.7617
162.45,4,NAVIGATE,-7.1015,5.2042,-2.0268,0.3865,1.4298,0.7967,0.5865,1.3298,1.4534,0.0,12.0,9.8292,5.864559650421143,1.9600812196731567,133.5,0,1,180,1.094,0.9241,1.0,0.8954,0.2772,0.3,0.3582,0.9354,1.7763
162.501,4,NAVIGATE,-7.084,5.2618,-2.0289,0.403,1.428,0.7934,0.603,1.328,1.4584,0.0,12.0,9.7769,5.839084625244141,1.971118450164795,134.75,0,1,180,1.101,0.9271,1.0,0.9014,0.2781,0.3,0.3606,0.9387,1.7918
162.55,4,NAVIGATE,-7.0621,5.3303,-2.036,0.4231,1.4253,0.7895,0.6231,1.3253,1.4645,0.0,12.0,9.7138,5.790665149688721,1.995145320892334,133.5,0,1,180,0.998,0.9307,1.0,0.9087,0.2792,0.3,0.3635,0.9427,1.8191
162.601,4,NAVIGATE,-7.0432,5.3874,-2.0408,0.44,1.423,0.7862,0.64,1.323,1.4697,0.0,12.0,9.661,5.761089324951172,2.0097129344940186,135.0,0,1,180,1.242,0.9336,1.0,0.9147,0.2801,0.3,0.3659,0.946,1.8354
162.65,4,NAVIGATE,-7.0232,5.4443,-2.0442,0.457,1.4208,0.7829,0.657,1.3208,1.4751,0.0,12.0,9.6074,5.731595039367676,2.0227267742156982,134.75,0,1,180,0.941,0.9365,1.0,0.921,0.281,0.3,0.3684,0.9493,1.8506
162.7,4,NAVIGATE,-7.0,5.5012,-2.0449,0.475,1.4186,0.7797,0.675,1.3186,1.4813,0.0,12.0,9.5517,5.6780242919921875,2.0499250888824463,133.25,0,1,180,0.998,0.9396,1.0,0.9279,0.2819,0.3,0.3711,0.953,1.8836
162.75,4,NAVIGATE,-6.9719,5.5694,-2.0453,0.4963,1.4161,0.7758,0.6963,1.3161,1.4889,0.0,12.0,9.4848,5.646861553192139,2.065664291381836,134.25,0,1,180,0.939,0.943,1.0,0.9361,0.2829,0.3,0.3744,0.9573,1.9035
162.8,4,NAVIGATE,-6.9477,5.6256,-2.0437,0.514,1.4138,0.7725,0.714,1.3138,1.4953,0.0,12.0,9.4288,5.618303298950195,2.080462694168091,134.75,0,1,180,1.036,0.9458,1.0,0.9429,0.2838,0.3,0.3772,0.9609,1.9228
162.85,4,NAVIGATE,-6.9172,5.6922,-2.0392,0.5352,1.4109,0.7686,0.7352,1.2109,1.4166,0.0,12.0,9.3614,5.56405782699585,2.111323118209839,135.0,0,1,180,1.027,0.9594,1.0,0.9061,0.2878,0.3,0.3624,0.9503,1.958
162.9,4,NAVIGATE,-6.8864,5.7588,-2.0349,0.5563,1.4082,0.7647,0.7563,1.2082,1.4254,0.0,12.0,9.2938,5.531527042388916,2.129021167755127,135.0,0,1,180,1.047,0.9624,1.0,0.9145,0.2887,0.3,0.3658,0.9545,1.9788
162.951,4,NAVIGATE,-6.8599,5.8144,-2.0315,0.5738,1.4063,0.7615,0.7738,1.2063,1.4331,0.0,12.0,9.2369,5.502673625946045,2.146278142929077,134.25,0,1,180,1.249,0.9646,1.0,0.9217,0.2894,0.3,0.3687,0.9581,1.9694
163.0,4,NAVIGATE,-6.8274,5.8813,-2.0278,0.5946,1.4018,0.7579,0.7946,1.2018,1.4407,0.0,12.0,9.168,5.443841934204102,2.1809263229370117,134.25,0,1,180,0.965,0.9674,1.0,0.9292,0.2902,0.3,0.3717,0.9619,1.8708
163.051,4,NAVIGATE,-6.7946,5.9479,-2.0244,0.6153,1.3948,0.7543,0.8153,1.1948,1.4464,0.0,12.0,9.0992,5.409201145172119,2.2004952430725098,135.0,0,1,180,1.919,0.9703,1.0,0.9357,0.2911,0.3,0.3743,0.9654,1.791
163.101,4,NAVIGATE,-6.7662,6.0015,-2.0262,0.633,1.3865,0.7514,0.833,1.1865,1.4497,0.0,12.0,9.0423,5.378255367279053,2.21869158744812,134.0,0,1,180,1.503,0.9729,1.0,0.9403,0.2919,0.3,0.3761,0.968,1.7223
163.151,4,NAVIGATE,-6.7318,6.0657,-2.0279,0.6541,1.3758,0.7478,0.8541,1.1758,1.4533,0.0,12.0,8.974,5.320065498352051,2.2569408416748047,135.0,0,1,180,1.685,0.9759,1.0,0.9455,0.2928,0.3,0.3782,0.971,1.6161
163.201,4,NAVIGATE,-6.6973,6.1298,-2.0278,0.675,1.3647,0.7443,0.875,1.1647,1.4568,0.0,12.0,8.9058,5.284058570861816,2.2780089378356934,135.0,0,1,180,1.539,0.9787,1.0,0.9505,0.2936,0.3,0.3802,0.9738,1.5363
163.251,4,NAVIGATE,-6.6697,6.1836,-2.0217,0.6913,1.3557,0.7414,0.8913,1.1557,1.4595,0.0,12.0,8.8496,5.221062660217285,2.317668914794922,135.0,0,1,180,1.633,0.9807,1.0,0.9542,0.2942,0.3,0.3817,0.9759,1.4504
163.301,4,NAVIGATE,-6.6359,6.2478,-2.0152,0.7109,1.345,0.7381,0.9109,1.145,1.4632,0.0,12.0,8.782,5.187707901000977,2.3395841121673584,135.0,0,1,180,1.599,0.983,1.0,0.9589,0.2949,0.3,0.3836,0.9785,1.3766
163.351,4,NAVIGATE,-6.6012,6.3118,-2.0089,0.7309,1.3348,0.735,0.9309,1.1348,1.4678,0.0,12.0,8.7139,5.154314994812012,2.361562490463257,134.75,0,1,180,2.124,0.9852,1.0,0.964,0.2955,0.3,0.3856,0.9811,1.2947
163.401,4,NAVIGATE,-6.5718,6.3651,-2.0033,0.7479,1.3267,0.7324,0.9479,1.1267,1.4724,0.0,12.0,8.6568,5.088730335235596,2.4062416553497314,135.0,0,1,180,1.707,0.9868,1.0,0.9687,0.296,0.3,0.3875,0.9835,1.2004
163.451,4,NAVIGATE,-6.5355,6.4286,-1.9976,0.7685,1.3169,0.7293,0.9685,1.1169,1.4783,0.0,12.0,8.588,5.053335666656494,2.4291653633117676,134.75,0,1,180,1.785,0.9887,1.0,0.9744,0.2966,0.3,0.3898,0.9864,1.1217
163.501,4,NAVIGATE,-6.5053,6.4808,-1.9914,0.7856,1.3084,0.7266,0.8856,1.2084,1.4982,0.0,12.0,8.5311,5.01589822769165,2.4552769660949707,134.75,0,1,180,1.646,0.9726,1.0,0.9714,0.2918,0.3,0.3886,0.9803,1.4198
163.551,4,NAVIGATE,-6.4747,6.5324,-1.9847,0.8029,1.2995,0.7239,0.9029,1.0995,1.4227,0.0,12.0,8.4744,4.947658061981201,2.5020220279693604,135.0,0,1,180,1.798,0.9835,1.0,0.9328,0.295,0.3,0.3731,0.9682,1.2466
163.601,4,NAVIGATE,-6.4369,6.594,-1.978,0.8239,1.2888,0.7204,0.9239,1.0888,1.428,0.0,12.0,8.4059,4.913784980773926,2.526247978210449,135.0,0,1,180,1.432,0.9858,1.0,0.9385,0.2957,0.3,0.3754,0.9712,1.1672
163.651,4,NAVIGATE,-6.4057,6.6453,-1.9743,0.8396,1.2817,0.7176,0.9396,1.0817,1.4327,0.0,12.0,8.349,4.874551773071289,2.5561506748199463,135.0,0,1,180,1.68,0.9873,1.0,0.9431,0.2962,0.3,0.3772,0.9734,1.0981
163.701,4,NAVIGATE,-6.3743,6.6965,-1.972,0.8531,1.2745,0.7148,0.8531,1.1745,1.4516,0.0,12.0,8.2921,4.804933547973633,2.604942560195923,135.0,0,1,180,1.671,0.9692,1.0,0.938,0.2908,0.3,0.3752,0.966,1.3958
163.751,4,NAVIGATE,-6.3356,6.7576,-1.97,0.8676,1.2653,0.7118,0.8676,1.1653,1.4528,0.0,12.0,8.2233,4.7671308517456055,2.630242109298706,135.0,0,1,180,1.677,0.9714,1.0,0.9409,0.2914,0.3,0.3763,0.9678,1.3379
163.801,4,NAVIGATE,-6.296,6.8167,-1.9679,0.8807,1.2546,0.7088,0.8807,1.1546,1.4522,0.0,12.0,8.1552,4.725887298583984,2.660210132598877,134.75,0,1,180,1.611,0.9736,1.0,0.9425,0.2921,0.3,0.377,0.9691,1.2793
163.851,4,NAVIGATE,-6.2624,6.865,-1.9663,0.8894,1.2468,0.7063,0.8894,1.1468,1.4513,0.0,12.0,8.0985,4.651597499847412,2.7132155895233154,135.0,0,1,180,1.703,0.9749,1.0,0.9433,0.2925,0.3,0.3773,0.9698,1.2906
163.901,4,NAVIGATE,-6.2213,6.9229,-1.9651,0.8976,1.2397,0.7036,0.8976,1.1397,1.4507,0.0,12.0,8.0301,4.615232467651367,2.7398407459259033,135.0,0,1,180,1.627,0.9761,1.0,0.944,0.2928,0.3,0.3776,0.9704,1.2547
163.951,4,NAVIGATE,-6.1895,6.9719,-1.9622,0.9015,1.2358,0.7014,0.9015,1.1358,1.4501,0.0,12.0,7.9745,4.575514793395996,2.771042823791504,135.0,0,1,180,1.7,0.9764,1.0,0.9439,0.2929,0.3,0.3776,0.9705,1.2307
164.001,4,NAVIGATE,-6.1505,7.0306,-1.9596,0.9058,1.232,0.6988,0.9058,1.132,1.4498,0.0,12.0,7.9072,4.501498699188232,2.827632427215576,135.0,0,1,180,1.516,0.9767,1.0,0.944,0.293,0.3,0.3776,0.9706,1.1984
164.051,4,NAVIGATE,-6.1174,7.0794,-1.9582,0.9095,1.2293,0.6967,0.9095,1.1293,1.45,0.0,12.0,7.8508,4.4656982421875,2.855573892593384,135.0,0,1,180,1.619,0.9769,1.0,0.9443,0.2931,0.3,0.3777,0.9708,1.1813
164.101,4,NAVIGATE,-6.0712,7.138,-1.9583,0.9163,1.2258,0.6943,0.9163,1.1258,1.4515,0.0,12.0,7.7781,4.424335479736328,2.885293483734131,135.0,0,1,180,1.524,0.9775,1.0,0.946,0.2933,0.3,0.3784,0.9716,1.1568
164.151,4,NAVIGATE,-6.0328,7.1868,-1.9588,0.9222,1.2227,0.6924,0.9222,1.1227,1.4529,0.0,12.0,7.7176,4.351276874542236,2.9436230659484863,134.75,0,1,180,1.656,0.9781,1.0,0.9474,0.2934,0.3,0.3789,0.9724,1.1261
164.201,4,NAVIGATE,-5.9884,7.2449,-1.9607,0.9287,1.2185,0.6903,0.9287,1.1185,1.4538,0.0,12.0,7.6467,4.315691947937012,2.9719719886779785,134.75,0,1,180,1.541,0.9787,1.0,0.9486,0.2936,0.3,0.3794,0.973,1.1011
164.251,4,NAVIGATE,-5.9538,7.2927,-1.9639,0.9331,1.2146,0.6884,0.9331,1.1146,1.4537,0.0,12.0,7.5898,4.273937225341797,3.0049219131469727,135.0,0,1,180,1.609,0.9791,1.0,0.9488,0.2937,0.3,0.3795,0.9733,1.0761
164.301,4,NAVIGATE,-5.9187,7.3405,-1.967,0.9377,1.2106,0.6866,0.9377,1.1106,1.4535,0.0,12.0,7.5327,4.2009172439575195,3.0636608600616455,135.0,0,1,180,1.441,0.9795,1.0,0.9492,0.2939,0.3,0.3797,0.9735,1.1255
164.351,4,NAVIGATE,-5.8767,7.3978,-1.9713,0.9429,1.2058,0.6844,0.9429,1.1058,1.4532,0.0,12.0,7.4643,4.1633477210998535,3.090761184692383,135.0,0,1,180,1.645,0.98,1.0,0.9494,0.294,0.3,0.3798,0.9738,1.1042
164.401,4,NAVIGATE,-5.8352,7.455,-1.9768,0.9478,1.201,0.6821,0.9478,1.101,1.4528,0.0,12.0,7.3964,4.122343063354492,3.124382734298706,135.0,0,1,180,1.565,0.9804,1.0,0.9495,0.2941,0.3,0.3798,0.9739,1.0841
164.451,4,NAVIGATE,-5.8001,7.5026,-1.9809,0.9521,1.197,0.6802,0.8521,1.197,1.4693,0.0,12.0,7.3395,4.0485053062438965,3.1851885318756104,135.0,0,1,180,1.631,0.9575,1.0,0.9379,0.2872,0.3,0.3752,0.9624,1.4104
164.501,4,NAVIGATE,-5.764,7.5506,-1.9843,0.9568,1.1933,0.6782,0.8568,1.1933,1.469,0.0,12.0,7.2815,4.012074947357178,3.2149717807769775,135.0,0,1,180,1.553,0.958,1.0,0.9382,0.2874,0.3,0.3753,0.9627,1.3906
164.551,4,NAVIGATE,-5.7193,7.6089,-1.9874,0.963,1.189,0.6757,0.863,1.189,1.4692,0.0,12.0,7.2105,3.9682092666625977,3.2475337982177734,135.0,0,1,180,1.571,0.9588,1.0,0.9391,0.2876,0.3,0.3756,0.9633,1.361
164.601,4,NAVIGATE,-5.6817,7.6573,-1.9898,0.9665,1.1869,0.6735,0.8665,1.1869,1.4696,0.0,12.0,7.1513,3.932095527648926,3.2774665355682373,135.0,0,1,180,1.631,0.9589,1.0,0.9395,0.2877,0.3,0.3758,0.9635,1.3413
164.651,4,NAVIGATE,-5.6379,7.7165,-1.9933,0.9681,1.187,0.6708,0.8681,1.187,1.4706,0.0,12.0,7.0806,3.8575103282928467,3.338538408279419,135.0,0,1,180,1.54,0.9584,1.0,0.9396,0.2875,0.3,0.3758,0.9633,1.3836
164.701,4,NAVIGATE,-5.5945,7.776,-1.9967,0.9677,1.1892,0.6682,0.8677,1.1892,1.4721,0.0,12.0,7.01,3.814255714416504,3.371522903442383,135.0,0,1,180,1.729,0.9572,1.0,0.9394,0.2872,0.3,0.3757,0.9629,1.3813
164.751,4,NAVIGATE,-5.558,7.8255,-1.9992,0.9666,1.1917,0.6661,0.8666,1.1917,1.4735,0.0,12.0,6.9511,3.739288568496704,3.343564510345459,-28.15,0,1,180,1.643,0.956,1.0,0.9391,0.2868,0.3,0.3756,0.9624,1.3579
164.801,4,NAVIGATE,-5.5116,7.8825,-2.002,0.9653,1.1939,0.6637,0.8653,1.1939,1.4745,0.0,12.0,6.8798,3.7032604217529297,3.3066208362579346,-28.65,0,1,180,1.568,0.9547,1.0,0.9385,0.2864,0.3,0.3754,0.9618,1.3535
164.851,4,NAVIGATE,-5.4727,7.9297,-2.004,0.9643,1.1956,0.6617,0.8643,1.1956,1.4753,0.0,12.0,6.8204,10.762707710266113,3.2655787467956543,-29.15,0,1,180,1.608,0.9537,1.0,0.938,0.2861,0.3,0.3752,0.9613,1.3442
164.901,4,NAVIGATE,-5.4339,7.977,-2.0057,0.9634,1.1972,0.6597,0.8634,1.1972,1.476,0.0,12.0,6.761,10.690775871276855,3.1948587894439697,-30.15,0,1,180,1.527,0.9527,1.0,0.9375,0.2858,0.3,0.375,0.9608,1.3226
164.951,4,NAVIGATE,-5.3899,8.0345,-2.0091,0.9614,1.1994,0.6573,0.9614,1.0994,1.4604,0.0,12.0,6.6915,10.654105186462402,3.1629977226257324,-30.4,0,1,180,1.692,0.9763,1.0,0.9506,0.2929,0.3,0.3802,0.9731,1.0779
165.001,4,NAVIGATE,-5.3462,8.0923,-2.0122,0.9592,1.2017,0.6548,0.9592,1.1017,1.4607,0.0,12.0,6.6221,10.61380672454834,3.1226489543914795,-31.15,0,1,180,1.631,0.9752,1.0,0.9497,0.2926,0.3,0.3799,0.9724,1.0789
165.051,4,NAVIGATE,-5.3095,8.1403,-2.0149,0.9576,1.2034,0.6529,0.8576,1.2034,1.4777,0.0,12.0,6.5642,10.542219161987305,3.053969144821167,-32.15,0,1,180,1.687,0.9483,1.0,0.9342,0.2845,0.3,0.3737,0.9581,1.3479
165.101,4,NAVIGATE,-5.2653,8.1972,-2.0198,0.9582,1.2026,0.6505,0.8582,1.2026,1.4774,0.0,12.0,6.4949,10.505402565002441,3.0222535133361816,-32.91,0,1,180,1.708,0.9475,1.0,0.9332,0.2842,0.3,0.3733,0.9575,1.3353
165.151,4,NAVIGATE,-5.2281,8.2447,-2.0233,0.9608,1.1999,0.6483,0.9608,1.0999,1.4604,0.0,12.0,6.4371,10.463565826416016,2.985323190689087,-33.66,0,1,180,1.763,0.9737,1.0,0.948,0.2921,0.3,0.3792,0.9713,1.0948
165.201,4,NAVIGATE,-5.1902,8.2922,-2.0277,0.9632,1.1976,0.6458,0.9632,1.0976,1.4603,0.0,12.0,6.3785,10.428289413452148,2.953566074371338,-33.91,0,1,180,1.629,0.9736,1.0,0.9478,0.2921,0.3,0.3791,0.9712,1.0804
165.251,4,NAVIGATE,-5.1421,8.35,-2.0389,0.9654,1.1969,0.643,0.8654,1.1969,1.477,0.0,12.0,6.3058,10.35867977142334,2.8904378414154053,-35.16,0,1,180,1.779,0.9468,1.0,0.9323,0.2841,0.3,0.3729,0.957,1.3204
165.301,4,NAVIGATE,-5.0941,8.4077,-2.0482,0.9686,1.1953,0.6402,0.8686,1.1953,1.4776,0.0,12.0,6.2333,10.321562767028809,2.8543813228607178,-36.16,0,1,180,1.682,0.9466,1.0,0.9325,0.284,0.3,0.373,0.957,1.3
165.351,4,NAVIGATE,-5.0537,8.4543,-2.0512,0.9723,1.1921,0.6378,0.8723,1.1921,1.4772,0.0,12.0,6.1734,10.253608703613281,2.7934393882751465,-36.41,0,1,180,1.746,0.9469,1.0,0.9325,0.2841,0.3,0.373,0.9571,1.3164
165.401,4,NAVIGATE,-5.005,8.5093,-2.0514,0.9753,1.1887,0.6346,0.8753,1.1887,1.4762,0.0,12.0,6.1021,10.220818519592285,2.762230634689331,-36.16,0,1,180,1.669,0.947,1.0,0.932,0.2841,0.3,0.3728,0.9569,1.3007
165.451,4,NAVIGATE,-4.9565,8.5644,-2.051,0.9766,1.187,0.6314,0.8766,1.187,1.4756,0.0,12.0,6.0308,10.18370532989502,2.7295470237731934,-35.91,0,1,180,1.689,0.9465,1.0,0.9311,0.2839,0.3,0.3724,0.9564,1.2813
165.501,4,NAVIGATE,-4.924,8.6026,-2.0501,0.9768,1.1873,0.6293,0.8768,1.1873,1.4759,0.0,12.0,5.9823,10.118057250976562,2.6689584255218506,-35.91,0,1,180,1.725,0.9458,1.0,0.9306,0.2837,0.3,0.3722,0.956,1.2922
165.551,4,NAVIGATE,-4.8753,8.6605,-2.0484,0.9762,1.1889,0.6262,0.8762,1.1889,1.4769,0.0,12.0,5.9094,10.085912704467773,2.63932204246521,-35.91,0,1,180,1.83,0.9444,1.0,0.9298,0.2833,0.3,0.3719,0.9552,1.2837
165.601,4,NAVIGATE,-4.827,8.7183,-2.0464,0.9749,1.1913,0.6231,0.8749,1.1913,1.4781,0.0,12.0,5.8369,10.049695014953613,2.6054537296295166,-34.66,0,1,180,1.625,0.9427,1.0,0.9289,0.2828,0.3,0.3716,0.9544,1.2745
165.651,4,NAVIGATE,-4.7881,8.7656,-2.0467,0.9731,1.1931,0.6206,0.9731,1.0931,1.4634,0.0,12.0,5.7782,9.984932899475098,2.5439751148223877,-35.91,0,1,180,1.611,0.9691,1.0,0.9455,0.2907,0.3,0.3782,9981.2691,1.075
165.701,4,NAVIGATE,-4.7418,8.8221,-2.0472,0.9704,1.1953,0.6175,0.9704,1.0953,1.4633,0.0,12.0,5.7082,9.946972846984863,2.5135083198547363,-35.41,0,1,180,1.587,0.9676,1.0,0.9439,0.2903,0.3,0.3776,9981.6246,1.0712
165.751,4,NAVIGATE,-4.6962,8.8791,-2.0475,0.9679,1.1975,0.6146,0.9679,1.0975,1.4633,0.0,12.0,5.6387,9.908730506896973,2.480391025543213,-36.41,0,1,180,1.579,0.966,1.0,0.9424,0.2898,0.3,0.377,9981.956,1.1115
165.801,4,NAVIGATE,-4.6675,8.9177,-2.0479,0.9671,1.1979,0.6127,0.9671,0.9979,1.3897,0.0,12.0,5.5934,9.838634490966797,2.4183270931243896,-36.66,0,1,180,1.675,0.9765,1.0,0.9046,0.2929,0.3,0.3619,9982.2065,0.9751
165.851,4,NAVIGATE,-4.6239,8.9755,-2.0483,0.9684,1.1964,0.6098,0.9684,0.9964,1.3894,0.0,12.0,5.5252,9.80237865447998,2.3904919624328613,-35.66,0,1,180,1.687,0.9758,1.0,0.9039,0.2927,0.3,0.3616,9982.698,1.0148
165.901,4,NAVIGATE,-4.5799,9.0329,-2.0485,0.9718,1.1925,0.6069,0.9718,0.9925,1.389,0.0,12.0,5.4571,9.763318061828613,2.3548622131347656,-36.16,0,1,180,1.67,0.9757,1.0,0.9035,0.2927,0.3,0.3614,9983.2431,0.992
165.951,4,NAVIGATE,-4.5434,9.0794,-2.0498,0.9751,1.1857,0.6043,0.9751,0.9857,1.3865,0.0,12.0,5.4011,9.690633773803711,2.294619083404541,-34.16,0,1,180,1.692,0.976,1.0,0.9022,0.2928,0.3,0.3609,9983.7015,0.9929
166.001,4,NAVIGATE,-4.4915,9.1441,-2.0509,0.9806,1.1726,0.6005,0.9806,0.9726,1.3811,0.0,12.0,5.3225,9.659533500671387,2.264439344406128,-35.41,0,1,180,1.641,0.977,1.0,0.8995,0.2931,0.3,0.3598,9984.3713,0.9633
166.051,4,NAVIGATE,-4.4541,9.1896,-2.0503,0.9847,1.1615,0.5976,0.9847,0.9615,1.3763,0.0,12.0,5.2666,9.623869895935059,2.229572296142578,-32.91,0,1,180,1.751,0.9779,1.0,0.8973,0.2934,0.3,0.3589,9984.859,0.9772
166.101,4,NAVIGATE,-4.4167,9.2343,-2.0482,0.9889,1.1497,0.5947,0.9889,0.9497,1.3711,0.0,12.0,5.2112,9.561982154846191,2.168220281600952,-34.16,0,1,180,1.491,0.9789,1.0,0.8948,0.2937,0.3,0.3579,9985.348,0.9797
166.151,4,NAVIGATE,-4.3713,9.2875,-2.0456,0.9939,1.1355,0.591,0.9939,0.9355,1.3649,0.0,12.0,5.1445,9.530793190002441,2.136368989944458,-34.16,0,1,180,1.758,0.9801,1.0,0.8919,0.294,0.3,0.3567,9985.9388,0.9494
166.201,4,NAVIGATE,-4.3315,9.3301,-2.0412,0.9987,1.1232,0.5878,0.9987,0.9232,1.3601,0.0,12.0,5.0882,9.500757217407227,2.1025068759918213,-34.41,0,1,180,1.793,0.9813,1.0,0.8898,0.2944,0.3,0.3559,9986.4701,0.9537
166.251,4,NAVIGATE,-4.2906,9.3717,-2.0358,1.0038,1.1109,0.5847,1.0038,0.9109,1.3555,0.0,12.0,5.0316,9.445403099060059,2.0394794940948486,-34.66,0,1,180,1.726,0.9825,1.0,0.8879,0.2948,0.3,0.3552,9987.0214,0.944
166.301,4,NAVIGATE,-4.2414,9.4215,-2.0299,1.0097,1.0967,0.5808,1.0097,0.8967,1.3504,0.0,12.0,4.9637,9.420690536499023,2.0080220699310303,-34.41,0,1,180,1.613,0.9838,1.0,0.8857,0.2952,0.3,0.3543,9987.6761,0.9129
166.351,4,NAVIGATE,-4.1893,9.4714,-2.0242,1.0163,1.0836,0.5769,1.0163,0.8836,1.3467,0.0,12.0,4.8933,9.390350341796875,1.9729301929473877,-33.66,0,1,180,1.729,0.9851,1.0,0.8845,0.2955,0.3,0.3538,9988.3776,0.9214
166.401,4,NAVIGATE,-4.145,9.513,-2.0198,1.022,1.0731,0.5737,1.022,0.8731,1.3441,0.0,12.0,4.8338,9.34248161315918,1.907913327217102,-34.41,0,1,180,1.626,0.9862,1.0,0.8837,0.2958,0.3,0.3535,9988.9725,0.9169
166.451,4,NAVIGATE,-4.0921,9.5627,-2.0153,1.0284,1.0606,0.5697,0.9284,0.8606,1.2659,0.0,12.0,4.7629,9.31676197052002,1.875661849975586,-32.91,0,1,180,1.696,0.978,1.0,0.8253,0.2934,0.3,0.3301,9986.6177,0.9587
166.501,4,NAVIGATE,-4.0489,9.6029,-2.0089,1.0335,1.0498,0.5664,0.9335,0.8498,1.2623,0.0,12.0,4.7053,9.292099952697754,1.8405731916427612,-33.41,0,1,180,1.668,0.9793,1.0,0.8241,0.2938,0.3,0.3296,9987.1863,0.961
166.551,4,NAVIGATE,-3.997,9.6509,-2.0023,1.0397,1.0367,0.5623,0.9397,0.8367,1.2582,0.0,12.0,4.6362,9.245295524597168,1.7777043581008911,-35.16,0,1,180,1.732,0.9808,1.0,0.8227,0.2942,0.3,0.3291,9987.8688,0.9382
166.601,4,NAVIGATE,-3.9452,9.6984,-1.9965,1.043,1.0232,0.5581,0.943,0.8232,1.2517,0.0,12.0,4.5675,9.224504470825195,1.7467877864837646,-35.91,0,1,180,1.639,0.9821,1.0,0.8195,0.2946,0.3,0.3278,9988.4634,0.9437
166.651,4,NAVIGATE,-3.9017,9.7372,-1.992,1.0437,1.0123,0.5547,0.9437,0.8123,1.2451,0.0,12.0,4.5104,9.179669380187988,1.6829333305358887,-37.66,0,1,180,2.017,0.9829,1.0,0.8159,0.2949,0.3,0.3264,9988.8972,0.9259
166.701,4,NAVIGATE,-3.8585,9.7758,-1.9882,1.043,1.0014,0.5514,1.043,0.8014,1.3153,0.0,12.0,4.4536,9.157560348510742,1.6545093059539795,-38.91,0,1,180,1.719,0.9913,1.0,0.8692,0.2974,0.3,0.3477,9992.3017,0.8797
166.751,4,NAVIGATE,-3.8069,9.8225,-1.9849,1.0409,0.9886,0.5474,1.0409,0.7886,1.3059,0.0,12.0,4.3857,9.138370513916016,1.6260896921157837,-39.91,0,1,180,1.717,0.9917,1.0,0.8634,0.2975,0.3,0.3453,9992.7091,0.8847
166.801,4,NAVIGATE,-3.7642,9.8631,-1.9839,1.0388,0.9786,0.5442,1.0388,0.7786,1.2981,0.0,12.0,4.3285,9.111715316772461,1.5951807498931885,-41.41,0,1,180,1.63,0.992,1.0,0.8585,0.2976,0.3,0.3434,9993.021,0.8874
166.851,4,NAVIGATE,-3.7133,9.9111,-1.9832,1.0389,0.9667,0.5406,1.0389,0.7667,1.2912,0.0,12.0,4.2605,9.066360473632812,1.544450283050537,-43.67,0,1,180,1.589,0.9924,1.0,0.8542,0.2977,0.3,0.3417,9993.4622,0.8679
166.901,4,NAVIGATE,-3.6629,9.9589,-1.9839,1.0413,0.9547,0.5369,1.0413,0.7547,1.2861,0.0,12.0,4.1932,9.045433044433594,1.5197689533233643,-44.92,0,1,180,1.607,0.993,1.0,0.8513,0.2979,0.3,0.3405,9993.954,0.8724
166.951,4,NAVIGATE,-3.6218,9.9989,-1.986,1.0445,0.9445,0.5338,1.0445,0.7445,1.2827,0.0,12.0,4.1378,8.995563507080078,1.4696067571640015,-48.17,0,1,180,1.59,0.9935,1.0,0.8495,0.298,0.3,0.3398,9994.3765,0.8802
167.001,4,NAVIGATE,-3.5804,10.0382,-1.9881,1.0484,0.9338,0.5306,1.0484,0.7338,1.2797,0.0,12.0,4.0826,8.973276138305664,1.4501129388809204,-49.17,0,1,180,1.616,0.994,1.0,0.848,0.2982,0.3,0.3392,9994.8114,0.8818
167.051,4,NAVIGATE,-3.5301,10.0866,-1.9907,1.0535,0.9216,0.5268,1.0535,0.7216,1.277,0.0,12.0,4.0153,8.952794075012207,1.4280223846435547,-50.67,0,1,180,1.596,0.9946,1.0,0.8467,0.2984,0.3,0.3387,9995.307,0.8794
167.101,4,NAVIGATE,-3.4878,10.1276,-1.9929,1.0578,0.9119,0.5236,1.0578,0.7119,1.2751,0.0,12.0,3.9586,8.929452896118164,1.403279423713684,-52.17,0,1,180,1.712,0.995,1.0,0.8458,0.2985,0.3,0.3383,9995.6754,0.8773
167.151,4,NAVIGATE,-3.4368,10.1756,-1.9953,1.0628,0.8999,0.5199,1.0628,0.6999,1.2726,0.0,12.0,3.891,8.891780853271484,1.3691298961639404,-55.43,0,1,180,1.597,0.9956,1.0,0.8446,0.2987,0.3,0.3378,9996.0645,0.8798
167.201,4,NAVIGATE,-3.3945,10.2154,-2.0001,1.0665,0.8899,0.5168,1.0665,0.6899,1.2702,0.0,12.0,3.8351,8.871057510375977,1.3515124320983887,-56.93,0,1,180,1.464,0.9959,1.0,0.8434,0.2988,0.3,0.3373,9996.3177,0.8818
167.251,4,NAVIGATE,-3.344,10.2625,-2.0073,1.0707,0.8776,0.5131,1.0707,0.6776,1.2671,0.0,12.0,3.7684,8.848623275756836,1.333020806312561,-58.68,0,1,180,1.724,0.9964,1.0,0.8417,0.2989,0.3,0.3367,9996.5317,0.8795
167.301,4,NAVIGATE,-3.3016,10.3009,-2.0125,1.0741,0.8672,0.51,1.0741,0.6672,1.2644,0.0,12.0,3.7131,8.813994407653809,1.3018465042114258,-61.93,0,1,180,1.536,0.9968,1.0,0.8402,0.299,0.3,0.3361,9996.6382,0.8791
167.351,4,NAVIGATE,-3.2526,10.3463,-2.0194,1.0772,0.8546,0.5062,1.0772,0.6546,1.2605,0.0,12.0,3.6489,8.795059204101562,1.2927123308181763,-63.68,0,1,180,1.667,0.9971,1.0,0.8379,0.2991,0.3,0.3352,9996.794,0.8861
167.401,4,NAVIGATE,-3.2118,10.3832,-2.0245,1.0797,0.8438,0.5029,1.0797,0.6438,1.2571,0.0,12.0,3.5957,8.77883243560791,1.281326413154602,-65.69,0,1,180,1.57,0.9975,1.0,0.8359,0.2992,0.3,0.3344,9997.1081,0.8946
167.451,4,NAVIGATE,-3.1705,10.4194,-2.0288,1.0823,0.8329,0.4996,1.0823,0.6329,1.2538,0.0,12.0,3.5427,8.749831199645996,1.2582240104675293,-68.94,0,1,180,1.567,0.9978,1.0,0.834,0.2993,0.3,0.3336,9997.3809,0.8934
167.501,4,NAVIGATE,-3.1241,10.4621,-2.0317,1.0843,0.8198,0.4956,1.0843,0.6198,1.2489,0.0,12.0,3.4822,8.73558521270752,1.2497498989105225,-70.94,0,1,180,1.641,0.9981,1.0,0.831,0.2994,0.3,0.3324,9997.5861,0.8964
167.551,4,NAVIGATE,-3.0775,10.5037,-2.0336,1.0863,0.8064,0.4916,1.1863,0.6064,1.3323,0.0,12.0,3.422,8.723198890686035,1.2432101964950562,-72.94,0,1,180,1.608,0.9998,1.0,0.888,0.2999,0.3,0.3552,9999.0255,0.8957
167.601,4,NAVIGATE,-3.0381,10.5373,-2.0358,1.0881,0.795,0.4881,1.1881,0.595,1.3287,0.0,12.0,3.3718,8.698212623596191,1.2302460670471191,-76.45,0,1,180,1.667,0.9999,1.0,0.8857,0.3,0.3,0.3543,9998.8441,0.8956
167.651,4,NAVIGATE,-2.9903,10.5756,-2.0431,1.0906,0.7805,0.484,1.1906,0.5805,1.3246,0.0,12.0,3.3122,8.68854808807373,1.229108452796936,-78.45,0,1,180,1.68,1.0,1.0,0.883,0.3,0.3,0.3532,9998.4722,0.8956
167.701,4,NAVIGATE,-2.9499,10.6068,-2.048,1.0951,0.7686,0.4805,1.1951,0.5686,1.3235,0.0,12.0,3.2623,8.67642879486084,1.2243717908859253,-80.45,0,1,180,1.701,1.0,1.0,0.8823,0.3,0.3,0.3529,9998.9593,0.9061
167.751,4,NAVIGATE,-2.9093,10.6384,-2.0526,1.1013,0.7572,0.4769,1.2013,0.5572,1.3242,0.0,12.0,3.2121,8.660331726074219,1.2236833572387695,-83.95,0,1,180,1.621,1.0,1.0,0.8828,0.3,0.3,0.3531,9999.4673,0.925
167.801,4,NAVIGATE,-2.8617,10.6795,-2.0591,1.1098,0.7448,0.4723,1.2098,0.5448,1.3268,0.0,12.0,3.1517,8.653828620910645,1.2257946729660034,-85.95,0,1,180,1.564,1.0,1.0,0.8845,0.3,0.3,0.3538,9999.3896,0.9233
167.851,4,NAVIGATE,-2.8129,10.7193,-2.0641,1.1194,0.7321,0.4676,1.2194,0.5321,1.3304,0.0,12.0,3.0907,8.647722244262695,1.2289091348648071,-87.96,0,1,180,1.593,0.9999,1.0,0.8868,0.3,0.3,0.3547,9998.6927,0.9354
167.901,4,NAVIGATE,-2.7723,10.7522,-2.0676,1.1276,0.7213,0.4635,1.1276,0.5213,1.2423,0.0,12.0,3.0402,8.640364646911621,1.2363026142120361,-91.21,0,1,180,1.513,0.9999,1.0,0.8282,0.3,0.3,0.3313,9999.0812,0.9664
167.951,4,NAVIGATE,-2.7242,10.7918,-2.0716,1.1376,0.7087,0.4586,1.1376,0.5087,1.2462,0.0,12.0,2.9801,8.638388633728027,1.2436819076538086,-93.21,0,1,180,1.726,1.0,1.0,0.8308,0.3,0.3,0.3323,9999.6055,0.9728
168.001,4,NAVIGATE,-2.6829,10.8238,-2.0738,1.1459,0.6976,0.4544,1.1459,0.4976,1.2493,0.0,12.0,2.9294,8.637423515319824,1.2496236562728882,-94.96,0,1,180,1.597,1.0,1.0,0.8329,0.3,0.3,0.3331,9999.0524,0.9885
168.051,4,NAVIGATE,-2.6323,10.8612,-2.075,1.1537,0.6838,0.4493,1.0537,0.4838,1.1594,0.0,12.0,2.868,8.641950607299805,1.2664883136749268,-98.47,0,1,180,1.581,0.9998,1.0,0.7727,0.2999,0.3,0.3091,9998.6009,1.0211
168.101,4,NAVIGATE,-2.5805,10.8976,-2.0751,1.1595,0.6696,0.4441,1.0595,0.4696,1.1589,0.0,12.0,2.8062,8.645336151123047,1.276476502418518,-100.22,0,1,180,1.663,0.9999,1.0,0.7726,0.3,0.3,0.309,9999.2094,1.0352
168.151,4,NAVIGATE,-2.5368,10.9269,-2.0745,1.1633,0.6576,0.4398,1.2633,0.5576,1.3809,0.0,12.0,2.7544,8.651982307434082,1.289660930633545,-101.97,0,1,180,1.671,0.9999,1.0,0.9205,0.3,0.3,0.3682,9999.4471,1.0701
168.201,4,NAVIGATE,-2.4823,10.9594,-2.0784,1.1642,0.6421,0.4345,1.3642,0.5421,1.4679,0.0,12.0,2.6915,8.666288375854492,1.3133701086044312,-105.22,0,1,180,1.634,0.9998,1.0,0.9785,0.2999,0.3,0.3914,9999.2861,1.1029
168.251,4,NAVIGATE,-2.4273,10.9907,-2.0821,1.1634,0.6268,0.4297,1.3634,0.5268,1.4617,0.0,12.0,2.6287,8.6722412109375,1.3267652988433838,-106.72,0,1,180,1.594,0.9997,1.0,0.9741,0.2999,0.3,0.3897,9999.3313,1.1206
168.301,4,NAVIGATE,-2.3813,11.0162,-2.0844,1.1663,0.6167,0.4259,1.1663,0.5167,1.2756,0.0,12.0,2.5765,8.685900688171387,1.359005093574524,-109.48,0,1,180,1.618,0.9997,1.0,0.8501,0.2999,0.3,0.3401,9999.1405,1.1587
168.351,4,NAVIGATE,-2.3355,11.0391,-2.0853,1.1738,0.6073,0.4222,0.9738,0.4073,1.0556,0.0,12.0,2.5255,8.690947532653809,1.3754711151123047,-110.98,0,1,180,1.604,1.0,1.0,0.7037,0.3,0.3,0.2815,9999.4653,1.1553
168.401,4,NAVIGATE,-2.2705,11.0709,-2.0852,1.1911,0.5964,0.4166,1.2911,0.4964,1.3832,0.0,12.0,2.4533,8.695974349975586,1.3919676542282104,-112.48,0,1,180,1.531,0.9998,1.0,0.9219,0.2999,0.3,0.3688,9999.3438,1.1926
168.451,4,NAVIGATE,-2.224,11.0937,-2.0836,1.2011,0.5888,0.4123,1.2011,0.4888,1.2968,0.0,12.0,2.4016,8.714601516723633,1.4303169250488281,-114.48,0,1,180,1.587,1.0,1.0,0.8645,0.3,0.3,0.3458,9999.2438,1.2298
168.501,4,NAVIGATE,-2.1779,11.1165,-2.0806,1.2034,0.5788,0.4083,1.2034,0.4788,1.2952,0.0,12.0,2.3503,8.724169731140137,1.4471595287322998,-114.73,0,1,180,1.571,1.0,1.0,0.8634,0.3,0.3,0.3454,9999.6895,1.2473
168.551,4,NAVIGATE,-2.1221,11.1435,-2.0769,1.2069,0.5677,0.4038,1.2069,0.4677,1.2943,0.0,12.0,2.2885,8.733011245727539,1.4667733907699585,-112.48,0,1,180,1.632,0.9999,1.0,0.8628,0.3,0.3,0.3451,9999.4339,1.2638
168.601,4,NAVIGATE,-2.0747,11.1653,-2.0716,1.2098,0.559,0.4003,1.3098,0.559,1.4241,0.0,12.0,2.2364,8.746725082397461,1.503807783126831,-113.48,0,1,180,1.435,0.9998,1.0,0.9492,0.2999,0.3,0.3797,9999.2621,1.3179
168.651,4,NAVIGATE,-2.0167,11.1905,-2.0621,1.2133,0.5487,0.3963,1.1133,0.4487,1.2003,0.0,12.0,2.1731,8.753421783447266,1.5209561586380005,-112.73,0,1,180,1.582,1.0,1.0,0.8002,0.3,0.3,0.3201,9999.7786,1.3143
168.701,4,NAVIGATE,-1.9583,11.2155,-2.0534,1.2184,0.5397,0.3926,1.1184,0.4397,1.2017,0.0,12.0,2.1096,8.759434700012207,1.5367741584777832,-112.98,0,1,180,1.571,1.0,1.0,0.8011,0.3,0.3,0.3205,9999.3812,1.3305
168.751,4,NAVIGATE,-1.9096,11.233,-2.0461,1.2252,0.5331,0.3897,1.3252,0.5331,1.4284,0.0,12.0,2.0579,8.763282775878906,1.5732394456863403,-113.23,0,1,180,1.494,1.0,1.0,0.9523,0.3,0.3,0.3809,9999.2379,1.3845
168.801,4,NAVIGATE,-1.8509,11.2533,-2.0378,1.2294,0.5243,0.3864,1.0294,0.4243,1.1134,0.0,12.0,1.9958,8.765576362609863,1.5910342931747437,-111.98,0,1,180,1.606,1.0,1.0,0.7422,0.3,0.3,0.2969,9999.7185,1.3782
168.851,4,NAVIGATE,-1.8018,11.2705,-2.0318,1.231,0.5168,0.3839,1.131,0.4168,1.2054,0.0,12.0,1.9439,8.762776374816895,1.6069904565811157,-111.48,0,1,180,1.569,0.9995,1.0,0.8032,0.2999,0.3,0.3213,9999.3656,1.393
168.901,4,NAVIGATE,-1.7419,11.2883,-2.0263,1.2361,0.5088,0.3813,1.2361,0.5088,1.3367,0.0,12.0,1.8816,8.757022857666016,1.6416107416152954,-112.73,0,1,180,1.457,1.0,1.0,0.8911,0.3,0.3,0.3565,9999.7251,1.4447
168.951,4,NAVIGATE,-1.6917,11.3032,-2.0223,1.2359,0.5011,0.3794,1.2359,0.5011,1.3337,0.0,12.0,1.8296,8.74946403503418,1.6575517654418945,-113.23,0,1,180,1.601,1.0,1.0,0.8891,0.3,0.3,0.3556,9999.4307,1.4593
169.001,4,NAVIGATE,-1.6317,11.3213,-2.0181,1.2335,0.4912,0.3775,1.1335,0.4912,1.2354,0.0,12.0,1.7672,8.741846084594727,1.6740901470184326,-112.48,0,1,180,1.558,0.9999,1.0,0.8235,0.3,0.3,0.3294,9999.4334,1.4742
169.051,4,NAVIGATE,-1.5855,11.3385,-2.0138,1.232,0.4853,0.3763,1.132,0.4853,1.2316,0.0,12.0,1.7179,8.711867332458496,1.707669973373413,-112.23,0,1,180,1.716,1.0,1.0,0.821,0.3,0.3,0.3284,9999.6927,1.5074
169.101,4,NAVIGATE,-1.5294,11.3592,-2.0092,1.2327,0.4802,0.3753,1.1327,0.4802,1.2303,0.0,12.0,1.6583,8.69462776184082,1.7225865125656128,-110.48,0,1,180,1.541,1.0,1.0,0.8202,0.3,0.3,0.3281,9999.2012,1.5213
169.151,4,NAVIGATE,-1.4732,11.3791,-2.0053,1.2326,0.4762,0.3749,1.0326,0.4762,1.1371,0.0,12.0,1.5987,8.648862838745117,1.7558927536010742,-113.48,0,1,180,1.687,0.9994,1.0,0.7577,0.2998,0.3,0.3031,9999.3766,1.5538
169.201,4,NAVIGATE,-1.4264,11.3947,-2.0025,1.2318,0.4733,0.3749,1.0318,0.4733,1.1352,0.0,12.0,1.5495,8.619034767150879,1.7720370292663574,-111.98,0,1,180,1.516,0.9996,1.0,0.7565,0.2999,0.3,0.3026,9999.2875,1.5677
169.251,4,NAVIGATE,-1.3794,11.4106,-2.0,1.2305,0.4709,0.3752,1.1305,0.4709,1.2246,0.0,12.0,1.5,8.590986251831055,1.7870450019836426,-111.23,0,1,180,1.581,1.0,1.0,0.8164,0.3,0.3,0.3266,9999.4423,1.5832
169.301,4,NAVIGATE,-1.3217,11.4303,-1.998,1.2253,0.4682,0.376,1.3253,0.5682,1.442,0.0,12.0,1.4392,8.558416366577148,1.801809310913086,-111.73,0,1,180,1.552,1.0,1.0,0.9613,0.3,0.3,0.3845,9999.488,1.6189
169.351,4,NAVIGATE,-1.2722,11.4474,-1.9973,1.2186,0.466,0.377,1.0186,0.466,1.1202,0.0,12.0,1.387,8.481311798095703,1.8354755640029907,-112.98,0,1,180,1.736,0.9998,1.0,0.7467,0.2999,0.3,0.2987,9999.3193,1.632
169.401,4,NAVIGATE,-1.2132,11.4679,-1.9967,1.2119,0.4639,0.3786,1.0119,0.4639,1.1132,0.0,12.0,1.3247,8.44099235534668,1.8504457473754883,-110.23,0,1,180,1.678,0.9999,1.0,0.742,0.3,0.3,0.2968,9999.549,1.6467
169.451,4,NAVIGATE,-1.1649,11.4857,-1.9955,1.2117,0.4644,0.3803,1.0117,0.4644,1.1131,0.0,12.0,1.2733,8.39543628692627,1.8665038347244263,-112.23,0,1,180,1.743,0.9999,1.0,0.742,0.3,0.3,0.2968,9999.1135,1.6646
169.501,4,NAVIGATE,-1.1079,11.508,-1.9925,1.2086,0.4643,0.3825,1.1086,0.4643,1.2019,0.0,12.0,1.2123,8.297903060913086,1.8996179103851318,-112.23,0,1,180,1.498,0.9998,1.0,0.8011,0.2999,0.3,0.3204,9999.3648,1.7093
169.551,4,NAVIGATE,-1.0511,11.5302,-1.9899,1.2021,0.4633,0.3851,1.0021,0.4633,1.104,0.0,12.0,1.1513,8.248298645019531,1.9142824411392212,-112.73,0,1,180,1.714,0.9999,1.0,0.736,0.3,0.3,0.2944,9999.2093,1.7191
169.601,4,NAVIGATE,-1.0012,11.5476,-1.9851,1.1958,0.4612,0.3876,0.9958,0.4612,1.0974,0.0,12.0,1.0986,8.194007873535156,1.9303040504455566,-114.48,0,1,180,1.553,1.0,1.0,0.7316,0.3,0.3,0.2926,9999.5738,1.7422
169.651,4,NAVIGATE,-0.9511,11.5648,-1.9803,1.191,0.4588,0.3902,1.191,0.5588,1.3156,0.0,12.0,1.0459,8.083578109741211,1.9678332805633545,-116.73,0,1,180,1.618,1.0,1.0,0.877,0.3,0.3,0.3508,9999.3037,1.8156
169.701,4,NAVIGATE,-0.8916,11.5854,-1.9754,1.183,0.4553,0.3936,1.083,0.5553,1.2171,0.0,12.0,0.9833,8.02614688873291,1.9888514280319214,-118.23,0,1,180,1.617,0.9993,1.0,0.8108,0.2998,0.3,0.3243,9999.0886,1.8334
169.751,4,NAVIGATE,-0.8415,11.6027,-1.9741,1.1761,0.4528,0.3966,1.0761,0.4528,1.1675,0.0,12.0,0.9306,7.972744941711426,2.0056469440460205,-118.99,0,1,180,1.764,0.9991,1.0,0.7776,0.2997,0.3,0.311,9999.0877,1.8397
169.801,4,NAVIGATE,-0.7818,11.6234,-1.9736,1.1729,0.4529,0.4002,0.9729,0.4529,1.0731,0.0,12.0,0.8678,7.850095272064209,2.0487520694732666,-121.49,0,1,180,1.554,0.9999,1.0,0.7154,0.3,0.3,0.2861,9999.386,1.879
169.851,4,NAVIGATE,-0.7325,11.6408,-1.9734,1.1713,0.455,0.4036,0.9713,0.455,1.0726,0.0,12.0,0.8158,7.793415546417236,2.0701329708099365,-122.49,0,1,180,1.561,0.9998,1.0,0.715,0.3,0.3,0.286,9999.0412,1.9059
169.901,4,NAVIGATE,-0.6759,11.6657,-1.9721,1.1691,0.4587,0.408,1.1691,0.5587,1.2957,0.0,12.0,0.7541,7.735565185546875,2.0912303924560547,-123.74,0,1,180,1.628,0.9999,1.0,0.8637,0.3,0.3,0.3455,9998.9531,1.9652
169.952,4,NAVIGATE,-0.629,11.6861,-1.9714,1.1643,0.4601,0.4119,1.0643,0.5601,1.2027,0.0,12.0,0.7029,7.604802131652832,2.1393728256225586,-125.99,0,1,180,2.148,0.9998,1.0,0.8016,0.2999,0.3,0.3206,9999.0055,2.0047
170.001,4,NAVIGATE,-0.5822,11.7064,-1.9711,1.1572,0.4601,0.416,0.9572,0.4601,1.0621,0.0,12.0,0.6521,7.540001392364502,2.1616055965423584,-126.99,0,1,180,1.667,0.9998,1.0,0.7079,0.2999,0.3,0.2832,9999.1356,2.0098
170.052,4,NAVIGATE,-0.526,11.7305,-1.967,1.153,0.4615,0.4211,0.953,0.4615,1.0589,0.0,12.0,0.591,7.476134777069092,2.1871936321258545,-128.24,0,1,180,2.089,0.9997,1.0,0.7057,0.2999,0.3,0.2823,9998.7783,2.043
170.101,4,NAVIGATE,-0.4793,11.7505,-1.9642,1.1507,0.4642,0.4255,1.1507,0.6642,1.3287,0.0,12.0,0.5403,7.339237689971924,2.239661455154419,-130.25,0,1,180,1.6,0.9991,1.0,0.8849,0.2997,0.3,0.354,9998.6226,1.8453
170.201,4,RETURN_HOME,-0.3703,11.7967,-1.959,1.1357,0.4659,0.4365,1.3357,0.2659,1.3619,0.0,0.0,11.8025,7.208720684051514,2.289743185043335,-132.25,0,1,180,1.807,-0.1644,1.0,0.454,-0.0493,0.3,0.1816,0.4323,2.112
170.251,4,RETURN_HOME,-0.3258,11.8155,-1.9576,1.1303,0.4696,0.4407,1.3303,0.2696,1.3574,0.0,0.0,11.82,7.0700836181640625,2.3477213382720947,-134.25,0,1,180,1.726,-0.1715,1.0,0.4525,-0.0515,0.3,0.181,0.4295,2.1307
170.301,4,RETURN_HOME,-0.2831,11.8341,-1.9552,1.1253,0.4778,0.4401,1.3253,0.2778,1.3541,0.0,0.0,11.8375,7.009507656097412,2.3735806941986084,-135.0,0,1,180,1.659,-0.1817,1.0,0.4514,-0.0545,0.3,0.1805,0.426,2.1479
170.351,4,RETURN_HOME,-0.2341,11.856,-1.9491,1.1286,0.4863,0.4316,1.3286,0.2863,1.3591,0.0,0.0,11.8584,6.980500221252441,2.485755681991577,-135.0,0,1,180,1.82,-0.1914,1.0,0.453,-0.0574,0.3,0.1812,0.4238,2.1725
170.401,4,RETURN_HOME,-0.1839,11.8785,-1.9401,1.1409,0.4933,0.4151,1.3409,0.2933,1.3726,0.0,0.0,11.88,7.048997402191162,2.534923791885376,-89.21,0,1,180,1.649,-0.1985,1.0,0.4575,-0.0596,0.3,0.183,0.4235,2.1811
170.451,4,RETURN_HOME,-0.1416,11.8988,-1.9282,1.156,0.497,0.3958,1.356,0.297,1.3882,0.0,0.0,11.8997,7.140176296234131,2.5323245525360107,-89.46,0,1,180,1.658,-0.2023,1.0,0.4627,-0.0607,0.3,0.1851,0.4244,2.1931
170.501,4,RETURN_HOME,-0.0898,11.9241,-1.9109,1.1776,0.4967,0.3662,1.3776,0.2967,1.4092,0.0,0.0,11.9244,7.272555351257324,2.5290706157684326,-89.71,0,1,180,1.677,-0.2032,1.0,0.4697,-0.061,0.3,0.1879,0.4269,2.209
170.551,4,RETURN_HOME,-0.0454,11.9449,-1.8961,1.1968,0.4918,0.3366,1.3968,0.2918,1.427,0.0,0.0,11.945,7.7071919441223145,2.523949384689331,-89.21,0,1,180,1.595,-0.2007,1.0,0.4757,-0.0602,0.3,0.1903,0.43,2.2045
170.601,4,RETURN_HOME,0.0077,11.9685,-1.8758,1.2192,0.4799,0.2958,1.4192,0.2799,1.4465,0.0,0.0,11.9685,8.003981590270996,2.521885871887207,-88.71,0,1,180,1.643,-0.1941,1.0,0.4822,-0.0582,0.3,0.1929,0.4346,2.2027
170.651,4,RETURN_HOME,0.0526,11.9873,-1.8585,1.2367,0.4663,0.2576,1.4367,0.2663,1.4612,0.0,0.0,11.9874,8.372832298278809,2.52057147026062,-88.21,0,1,180,1.581,-0.1866,1.0,0.4871,-0.056,0.3,0.1948,0.4388,2.2163
170.701,4,RETURN_HOME,0.108,12.0091,-1.8389,1.256,0.4476,0.2072,1.456,0.2476,1.4769,0.0,0.0,12.0096,8.708817481994629,2.519534111022949,-86.46,0,1,180,1.43,-0.1765,1.0,0.4923,-0.053,0.3,0.1969,0.444,2.2149
170.751,4,RETURN_HOME,0.1654,12.0299,-1.824,1.274,0.428,0.1519,1.474,0.228,1.4915,0.0,0.0,12.0311,8.646623611450195,2.5175716876983643,-85.45,0,1,180,1.673,-0.1665,1.0,0.4972,-0.0499,0.3,0.1989,0.4489,2.2146
170.801,4,RETURN_HOME,0.2143,12.0466,-1.8127,1.2882,0.4121,0.1021,1.3882,0.2121,1.4043,0.0,0.0,12.0485,8.597434043884277,2.512275457382202,-84.45,0,1,180,1.577,-0.1686,1.0,0.4681,-0.0506,0.3,0.1872,0.4367,2.2174
170.851,4,RETURN_HOME,0.2742,12.0659,-1.8008,1.3054,0.3942,0.0379,1.4054,0.1942,1.4187,0.0,0.0,12.069,8.506284713745117,2.510730743408203,-81.7,0,1,180,1.647,-0.1593,1.0,0.4729,-0.0478,0.3,0.1892,0.4414,2.2163
170.901,4,RETURN_HOME,0.3244,12.0812,-1.7955,1.3198,0.3807,-0.0193,1.4198,0.1807,1.4313,0.0,0.0,12.0856,8.46130657196045,2.5102412700653076,-80.45,0,1,180,1.587,-0.1529,1.0,0.4771,-0.0459,0.3,0.1908,0.445,2.2212
170.951,4,RETURN_HOME,0.386,12.0991,-1.7884,1.3358,0.3651,-0.0922,1.4358,0.1651,1.4452,0.0,0.0,12.1052,8.369302749633789,2.5043559074401855,-76.95,0,1,180,1.695,-0.1459,1.0,0.4817,-0.0438,0.3,0.1927,0.4489,2.2166
171.001,4,RETURN_HOME,0.4384,12.1137,-1.7811,1.3482,0.352,-0.1565,1.4482,0.152,1.4561,0.0,0.0,12.1216,8.324503898620605,2.5057506561279297,-74.94,0,1,180,1.514,-0.1403,1.0,0.4854,-0.0421,0.3,0.1941,0.4521,2.2245
171.052,4,RETURN_HOME,0.5025,12.1309,-1.7703,1.3622,0.3361,-0.2376,1.4622,0.1361,1.4685,0.0,0.0,12.1413,8.28091049194336,2.5033016204833984,-72.94,0,1,180,2.067,-0.1338,1.0,0.4895,-0.0401,0.3,0.1958,0.4557,2.2321
171.101,4,RETURN_HOME,0.5564,12.1447,-1.7616,1.3735,0.3223,-0.3085,1.4735,0.1223,1.4785,0.0,0.0,12.1575,8.219477653503418,2.5022318363189697,-68.44,0,1,180,1.653,-0.1282,1.0,0.4928,-0.0385,0.3,0.1971,0.4587,2.2228
171.151,4,RETURN_HOME,0.6214,12.1616,-1.7522,1.3866,0.3057,-0.3974,1.4866,0.1057,1.4903,0.0,0.0,12.1775,8.229074478149414,2.4996495246887207,-66.19,0,1,180,1.584,-0.1217,1.0,0.4968,-0.0365,0.3,0.1987,0.4622,2.2329
171.201,4,RETURN_HOME,0.6867,12.1784,-1.7438,1.3996,0.2887,-0.4904,1.3996,0.0887,1.4024,0.0,0.0,12.1978,8.271133422851562,2.501190423965454,-63.93,0,1,180,1.543,-0.1194,1.0,0.4675,-0.0358,0.3,0.187,0.4512,2.244
171.25,4,RETURN_HOME,0.7418,12.1915,-1.7367,1.4106,0.274,-0.571,1.4106,0.074,1.4125,0.0,0.0,12.214,8.480854034423828,2.5022692680358887,-58.43,0,1,180,1.008,-0.1129,1.0,0.4708,-0.0339,0.3,0.1883,0.4545,2.2328
171.3,4,RETURN_HOME,0.8001,12.2035,-1.7287,1.423,0.2586,-0.6543,1.423,0.0586,1.4242,0.0,0.0,12.2297,8.647635459899902,2.5034844875335693,-55.68,0,1,180,0.947,-0.1064,1.0,0.4747,-0.0319,0.3,0.1899,0.458,2.2386
171.35,4,RETURN_HOME,0.8728,12.2169,-1.7193,1.4375,0.2378,-0.7568,1.4375,0.0378,1.438,0.0,0.0,12.2481,8.870316505432129,2.5053324699401855,-52.67,0,1,180,1.023,-0.0975,1.0,0.4793,-0.0292,0.3,0.1917,0.4625,2.2476
171.401,4,RETURN_HOME,0.9334,12.2272,-1.7137,1.4477,0.2179,-0.843,1.4477,0.0179,1.4478,0.0,0.0,12.2627,9.567252159118652,2.50701904296875,-45.42,0,1,180,1.14,-0.0884,1.0,0.4826,-0.0265,0.3,0.193,0.4665,2.2304
171.45,4,RETURN_HOME,1.0094,12.2374,-1.715,1.4584,0.1907,-0.9455,1.4584,-0.0093,1.4584,0.0,0.0,12.2789,10.022384643554688,2.5107500553131104,-41.66,0,1,180,0.997,-0.0758,1.0,0.4861,-0.0227,0.3,0.1945,0.4717,2.2365
171.5,4,RETURN_HOME,1.0855,12.246,-1.7225,1.4661,0.162,-1.0455,1.4661,-0.038,1.4666,0.0,0.0,12.294,10.147439002990723,2.510094404220581,-37.66,0,1,180,0.956,-0.0625,1.0,0.4889,-0.0187,0.3,0.1955,0.4768,2.2418
171.55,4,RETURN_HOME,1.1486,12.2521,-1.7322,1.47,0.1389,-1.1259,1.47,-0.0611,1.4713,0.0,0.0,12.3058,2.6656174659729004,2.516268014907837,-29.9,0,1,180,1.042,-0.0519,1.0,0.4904,-0.0156,0.3,0.1962,0.4806,2.2229
171.6,4,RETURN_HOME,1.2245,12.2586,-1.7481,1.473,0.1133,-1.2178,1.473,-0.0867,1.4756,0.0,0.0,12.3196,2.6157138347625732,2.5174717903137207,-26.65,0,1,180,0.953,-0.0407,1.0,0.4919,-0.0122,0.3,0.1967,0.4845,2.2284
171.651,4,RETURN_HOME,1.2998,12.2638,-1.7659,1.4743,0.0896,-1.3039,1.4743,-0.1104,1.4785,0.0,0.0,12.3325,2.5777437686920166,2.51881742477417,-23.15,0,1,180,1.13,-0.0309,1.0,0.4928,-0.0093,0.3,0.1971,0.4879,2.2317
171.7,4,RETURN_HOME,1.3624,12.2671,-1.782,1.4746,0.0713,-1.3708,1.4746,-0.1287,1.4802,0.0,0.0,12.3425,2.5340843200683594,2.521277666091919,-13.89,0,1,180,1.035,-0.0236,1.0,0.4934,-0.0071,0.3,0.1974,0.4903,2.2067
171.75,4,RETURN_HOME,1.4382,12.2697,-1.8033,1.4747,0.0508,-1.4448,1.4747,-0.1492,1.4822,0.0,0.0,12.3538,2.5270373821258545,2.5214922428131104,-12.64,0,1,180,0.997,-0.0159,1.0,0.4941,-0.0048,0.3,0.1976,0.4929,2.2124
171.801,4,RETURN_HOME,1.501,12.2712,-1.8208,1.4745,0.0345,-1.501,1.4745,-0.1655,1.4837,0.0,0.0,12.3627,2.5246522426605225,2.5246522426605225,-9.88,0,1,180,1.127,-0.0099,1.0,0.4946,-0.003,0.3,0.1978,0.4948,2.2122
171.85,4,RETURN_HOME,1.5777,12.2725,-1.8423,1.4744,0.0156,-1.5618,1.4744,-0.1844,1.4859,0.0,0.0,12.3735,2.5286355018615723,2.5286355018615723,-2.63,0,1,180,1.035,-0.0034,1.0,0.4953,-0.001,0.3,0.1981,0.4971,2.1807
171.9,4,RETURN_HOME,1.6426,12.2732,-1.8605,1.4746,0.0002,-1.607,1.4746,-0.1998,1.4881,0.0,0.0,12.3827,2.527402877807617,2.527402877807617,-2.13,0,1,180,0.95,0.0017,1.0,0.496,0.0005,0.3,0.1984,0.4989,2.1859
171.95,4,RETURN_HOME,1.7195,12.2732,-1.8814,1.4746,-0.0179,-1.6546,1.4746,-0.2179,1.4906,0.0,0.0,12.3931,2.5297858715057373,2.5297858715057373,0.13,0,1,180,1.121,0.0075,1.0,0.4969,0.0023,0.3,0.1987,0.501,2.1859
172.0,4,RETURN_HOME,1.7833,12.2728,-1.8962,1.4743,-0.0328,-1.6889,1.4743,-0.2328,1.4926,0.0,0.0,12.4017,2.531120777130127,2.531120777130127,3.13,0,1,180,0.949,0.0123,1.0,0.4975,0.0037,0.3,0.199,0.5027,2.1679
172.05,4,RETURN_HOME,1.8594,12.2717,-1.9121,1.474,-0.0501,-1.7236,1.474,-0.2501,1.4951,0.0,0.0,12.4117,2.530726194381714,2.530726194381714,5.63,0,1,180,1.072,0.0177,1.0,0.4984,0.0053,0.3,0.1993,0.5047,2.166
172.1,4,RETURN_HOME,1.9347,12.2696,-1.9273,1.4738,-0.0671,-1.7519,1.4738,-0.2671,1.4978,0.0,0.0,12.4212,2.5293095111846924,2.5293095111846924,9.38,0,1,180,1.008,0.0229,1.0,0.4993,0.0069,0.3,0.1997,0.5066,2.1602
172.15,4,RETURN_HOME,1.9961,12.2664,-1.9392,1.4734,-0.081,-1.7708,1.4734,-0.281,1.5,0.0,0.0,12.4278,2.528994083404541,2.528576612472534,10.13,0,1,180,0.989,0.0271,1.0,0.5,0.0081,0.3,0.2,0.5081,2.1615
172.2,4,RETURN_HOME,2.0695,12.2619,-1.9526,1.4735,-0.0972,-1.7884,1.3735,-0.2972,1.4053,0.0,0.0,12.4354,2.5273008346557617,2.527092456817627,12.39,0,1,180,0.938,0.0459,1.0,0.4684,0.0138,0.3,0.1874,0.5011,2.1539
172.25,4,RETURN_HOME,2.1304,12.2577,-1.9629,1.474,-0.1106,-1.7992,1.374,-0.3106,1.4087,0.0,0.0,12.4415,2.524447441101074,2.5228917598724365,10.89,0,1,180,0.95,0.0502,1.0,0.4696,0.0151,0.3,0.1878,0.5029,2.1461
172.3,4,RETURN_HOME,2.1915,12.2544,-1.9732,1.4752,-0.1236,-1.8067,1.3752,-0.3236,1.4128,0.0,0.0,12.4488,2.5243797302246094,2.520282030105591,14.64,0,1,180,1.044,0.0541,1.0,0.4709,0.0162,0.3,0.1884,0.5046,2.1558
172.35,4,RETURN_HOME,2.2645,12.2495,-1.9844,1.4754,-0.1392,-1.8119,1.3754,-0.3392,1.4166,0.0,0.0,12.457,2.5218160152435303,2.5166165828704834,13.14,0,1,180,0.985,0.059,1.0,0.4722,0.0177,0.3,0.1889,0.5066,2.149
172.4,4,RETURN_HOME,2.3252,12.2446,-1.9927,1.4741,-0.1523,-1.8134,1.3741,-0.3523,1.4186,0.0,0.0,12.4634,2.5183358192443848,2.513657331466675,12.89,0,1,180,1.155,0.0632,1.0,0.4729,0.019,0.3,0.1891,0.5081,2.1582
172.45,4,RETURN_HOME,2.3843,12.2386,-1.9989,1.4712,-0.1656,-1.8127,1.3712,-0.3656,1.4191,0.0,0.0,12.4687,2.5116069316864014,2.5082714557647705,10.38,0,1,180,1.093,0.0681,1.0,0.473,0.0204,0.3,0.1892,0.5096,2.1593
172.5,4,RETURN_HOME,2.4549,12.2306,-2.0054,1.4667,-0.1818,-1.8094,1.3667,-0.3818,1.419,0.0,0.0,12.4746,2.506758213043213,2.506758213043213,9.63,0,1,180,0.96,0.0742,1.0,0.473,0.0223,0.3,0.1892,0.5115,2.1363
172.55,4,RETURN_HOME,2.5138,12.2225,-2.0113,1.4627,-0.1958,-1.805,1.3627,-0.3958,1.419,0.0,0.0,12.4784,2.504925012588501,2.504925012588501,8.13,0,1,180,1.063,0.0798,1.0,0.473,0.0239,0.3,0.1892,0.5131,2.1019
172.6,4,RETURN_HOME,2.585,12.2089,-2.022,1.4581,-0.2144,-1.7982,1.3581,-0.4144,1.4199,0.0,0.0,12.4795,2.5040130615234375,2.5040130615234375,5.63,0,1,180,0.99,0.0874,1.0,0.4733,0.0262,0.3,0.1893,0.5155,2.0153
172.65,4,RETURN_HOME,2.6557,12.1948,-2.0312,1.4538,-0.233,-1.7903,1.3538,-0.433,1.4213,0.0,0.0,12.4807,2.5038809776306152,2.5038809776306152,4.38,0,1,180,1.044,0.095,1.0,0.4738,0.0285,0.3,0.1895,0.518,1.9866
172.7,4,RETURN_HOME,2.7142,12.1836,-2.0402,1.4505,-0.2479,-1.7831,1.3505,-0.4479,1.4228,0.0,0.0,12.4822,2.5056700706481934,2.5056700706481934,3.13,0,1,180,0.954,0.1009,1.0,0.4743,0.0303,0.3,0.1897,0.52,1.9542
172.75,4,RETURN_HOME,2.7836,12.1709,-2.0536,1.4467,-0.2649,-1.7741,1.3467,-0.4649,1.4247,0.0,0.0,12.4851,2.5092477798461914,2.5092477798461914,0.13,0,1,180,0.938,0.1074,1.0,0.4749,0.0322,0.3,0.19,0.5222,1.8603
172.8,4,RETURN_HOME,2.8413,12.1597,-2.0631,1.4438,-0.2791,-1.7666,1.3438,-0.4791,1.4266,0.0,0.0,12.4873,2.5106637477874756,2.5106637477874756,-1.38,0,1,180,1.112,0.1127,1.0,0.4755,0.0338,0.3,0.1902,0.524,1.8229
172.851,4,RETURN_HOME,2.9107,12.1462,-2.072,1.4405,-0.2957,-1.7577,1.3405,-0.4957,1.4293,0.0,0.0,12.49,2.514596939086914,2.514596939086914,-3.13,0,1,180,1.223,0.1187,1.0,0.4764,0.0356,0.3,0.1906,0.5262,1.7912
172.9,4,RETURN_HOME,2.9686,12.1346,-2.0776,1.438,-0.3094,-1.7507,1.338,-0.5094,1.4317,0.0,0.0,12.4925,2.5201048851013184,2.5201048851013184,-5.63,0,1,180,1.05,0.1235,1.0,0.4772,0.0371,0.3,0.1909,0.5279,1.6928
172.95,4,RETURN_HOME,3.0376,12.1202,-2.083,1.4345,-0.3258,-1.7432,1.3345,-0.5258,1.4344,0.0,0.0,12.495,2.5276527404785156,2.5276527404785156,-7.13,0,1,180,0.936,0.1294,1.0,0.4781,0.0388,0.3,0.1913,0.5301,1.66
173.0,4,RETURN_HOME,3.094,12.109,-2.0841,1.4313,-0.3391,-1.7375,1.3313,-0.5391,1.4363,0.0,0.0,12.4981,2.5314254760742188,2.5314254760742188,-8.63,0,1,180,1.148,0.1342,1.0,0.4788,0.0403,0.3,0.1915,0.5318,1.6245
173.05,4,RETURN_HOME,3.1501,12.0975,-2.0842,1.428,-0.3525,-1.7326,1.328,-0.5525,1.4383,0.0,0.0,12.5009,2.6917572021484375,2.544203996658325,-11.39,0,1,180,1.081,0.139,1.0,0.4794,0.0417,0.3,0.1918,0.5335,1.5276
173.1,4,RETURN_HOME,3.2178,12.0824,-2.0838,1.4245,-0.3692,-1.7276,1.3245,-0.5692,1.4417,0.0,0.0,12.5036,2.863574504852295,2.548953056335449,-12.64,0,1,180,1.053,0.1451,1.0,0.4806,0.0435,0.3,0.1922,0.5357,1.4904
173.15,4,RETURN_HOME,3.2702,12.0675,-2.0824,1.4207,-0.3842,-1.7241,1.3207,-0.5842,1.4441,0.0,0.0,12.5028,3.0344648361206055,2.5569405555725098,-13.89,0,1,180,1.074,0.1513,1.0,0.4814,0.0454,0.3,0.1926,0.5379,1.4578
173.2,4,RETURN_HOME,3.3325,12.0483,-2.0805,1.416,-0.4028,-1.7211,1.316,-0.6028,1.4475,0.0,0.0,12.5007,3.3932838439941406,2.5748746395111084,-16.39,0,1,180,0.983,0.159,1.0,0.4825,0.0477,0.3,0.193,0.5407,1.3689
173.25,4,RETURN_HOME,3.3952,12.0279,-2.0782,1.4114,-0.4216,-1.7193,1.3114,-0.6216,1.4513,0.0,0.0,12.4979,3.555194616317749,2.579721450805664,-17.39,0,1,180,1.033,0.1667,1.0,0.4838,0.05,0.3,0.1935,0.5435,1.3389
173.301,4,RETURN_HOME,3.447,12.0094,-2.0753,1.4072,-0.4376,-1.7188,1.3072,-0.6376,1.4544,0.0,0.0,12.4943,6.259949207305908,2.589430570602417,-18.64,0,1,180,1.07,0.1734,1.0,0.4848,0.052,0.3,0.1939,0.5459,1.3028
173.35,4,RETURN_HOME,3.5094,11.9864,-2.0721,1.402,-0.457,-1.7194,1.302,-0.657,1.4584,0.0,0.0,12.4896,6.253571510314941,2.613935947418213,-20.64,0,1,180,1.055,0.1815,1.0,0.4861,0.0544,0.3,0.1944,0.5489,1.2212
173.401,4,RETURN_HOME,3.5619,11.9666,-2.0693,1.3978,-0.4733,-1.7209,1.2978,-0.6733,1.462,0.0,0.0,12.4855,6.252281188964844,2.6223037242889404,-21.9,0,1,180,1.759,0.1881,1.0,0.4873,0.0564,0.3,0.1949,0.5514,1.1847
173.451,4,RETURN_HOME,3.6153,11.946,-2.0662,1.3938,-0.49,-1.7232,1.2938,-0.69,1.4663,0.0,0.0,12.481,6.247946262359619,2.633420467376709,-22.65,0,1,180,1.755,0.1948,1.0,0.4888,0.0585,0.3,0.1955,0.554,1.1524
173.501,4,RETURN_HOME,3.6794,11.9204,-2.0628,1.389,-0.51,-1.7271,1.189,-0.71,1.3848,0.0,0.0,12.4754,6.2413153648376465,2.6543185710906982,-24.4,0,1,180,1.559,0.2367,1.0,0.4616,0.071,0.3,0.1846,0.5557,1.3709
173.551,4,RETURN_HOME,3.7335,11.899,-2.0597,1.3852,-0.5264,-1.7311,1.1852,-0.7264,1.3901,0.0,0.0,12.471,6.235873699188232,2.6671767234802246,-25.4,0,1,180,1.678,0.2433,1.0,0.4634,0.073,0.3,0.1853,0.5583,1.336
173.601,4,RETURN_HOME,3.8007,11.8742,-2.0546,1.3816,-0.5448,-1.7366,1.1816,-0.7448,1.3968,0.0,0.0,12.4676,6.233254432678223,2.6779205799102783,-26.15,0,1,180,1.51,0.25,1.0,0.4656,0.075,0.3,0.1862,0.5612,1.2977
173.651,4,RETURN_HOME,3.8565,11.8527,-2.0508,1.3767,-0.5606,-1.7417,1.1767,-0.7606,1.4011,0.0,0.0,12.4643,6.226659774780273,2.706371545791626,-27.65,0,1,180,1.588,0.2564,1.0,0.467,0.0769,0.3,0.1868,0.5637,1.2251
173.701,4,RETURN_HOME,3.9197,11.8264,-2.0479,1.3672,-0.5796,-1.7486,1.1672,-0.7796,1.4036,0.0,0.0,12.459,6.222998142242432,2.7197678089141846,-28.4,0,1,180,1.432,0.2656,1.0,0.4679,0.0797,0.3,0.1871,0.5668,1.2003
173.751,4,RETURN_HOME,3.9698,11.804,-2.0467,1.3568,-0.5954,-1.7549,1.1568,-0.7954,1.4039,0.0,0.0,12.4536,6.219691753387451,2.7324059009552,-29.15,0,1,180,1.704,0.2744,1.0,0.468,0.0823,0.3,0.1872,0.5695,1.1849
173.801,4,RETURN_HOME,4.03,11.7761,-2.0456,1.3433,-0.6146,-1.7631,1.1433,-0.8146,1.4038,0.0,0.0,12.4465,6.210488319396973,2.7653892040252686,-30.4,0,1,180,1.588,0.2853,1.0,0.4679,0.0856,0.3,0.1872,0.5728,1.1407
173.851,4,RETURN_HOME,4.0875,11.747,-2.046,1.3286,-0.6334,-1.7721,1.1286,-0.8334,1.403,0.0,0.0,12.4379,6.206486225128174,2.775273323059082,-30.9,0,1,180,1.73,0.2967,1.0,0.4677,0.089,0.3,0.1871,0.5761,1.1353
173.902,4,RETURN_HOME,4.1348,11.722,-2.0469,1.3163,-0.6491,-1.78,1.1163,-0.8491,1.4025,0.0,0.0,12.4298,6.202775478363037,2.7927544116973877,-31.4,0,1,180,1.878,0.3061,1.0,0.4675,0.0918,0.3,0.187,0.5788,1.1274
173.951,4,RETURN_HOME,4.1918,11.691,-2.0479,1.3021,-0.6678,-1.7898,1.1021,-0.8678,1.4028,0.0,0.0,12.4198,6.19190788269043,2.8235061168670654,-32.66,0,1,180,1.682,0.3171,1.0,0.4676,0.0951,0.3,0.187,0.5822,1.088
174.001,4,RETURN_HOME,4.2383,11.6624,-2.048,1.2904,-0.6838,-1.798,1.0904,-0.8838,1.4036,0.0,0.0,12.4086,6.186929702758789,2.835777759552002,-33.16,0,1,180,1.517,0.3265,1.0,0.4679,0.0979,0.3,0.1872,0.5851,1.0767
174.052,4,RETURN_HOME,4.2942,11.627,-2.0479,1.2768,-0.7032,-1.808,1.0768,-0.9032,1.4054,0.0,0.0,12.3946,6.1823601722717285,2.8534867763519287,-33.66,0,1,180,1.998,0.3374,1.0,0.4685,0.1012,0.3,0.1874,0.5886,1.0667
174.101,4,RETURN_HOME,4.3409,11.597,-2.0477,1.2657,-0.7194,-1.8163,1.0657,-0.9194,1.4075,0.0,0.0,12.3828,6.169349193572998,2.891601324081421,-34.66,0,1,180,1.604,0.3463,1.0,0.4692,0.1039,0.3,0.1877,0.5916,1.0237
174.151,4,RETURN_HOME,4.3965,11.5618,-2.0505,1.2519,-0.7377,-1.8261,1.0519,-0.9377,1.4092,0.0,0.0,12.3695,6.164867401123047,2.901426076889038,-35.16,0,1,180,1.635,0.3566,1.0,0.4697,0.107,0.3,0.1879,0.5949,1.0148
174.201,4,RETURN_HOME,4.4427,11.5318,-2.0524,1.2405,-0.7532,-1.8342,1.0405,-0.9532,1.4111,0.0,0.0,12.358,6.158267974853516,2.9191298484802246,-35.66,0,1,180,1.652,0.3652,1.0,0.4704,0.1096,0.3,0.1881,0.5977,1.0029
174.251,4,RETURN_HOME,4.4981,11.4952,-2.0543,1.2269,-0.7718,-1.8437,1.0269,-0.8718,1.347,0.0,0.0,12.3439,6.147488594055176,2.9515132904052734,-36.66,0,1,180,1.594,0.3249,1.0,0.449,0.0975,0.3,0.1796,0.5771,0.9717
174.301,4,RETURN_HOME,4.5527,11.4583,-2.0558,1.2132,-0.7905,-1.8529,1.0132,-0.8905,1.3489,0.0,0.0,12.3296,6.141143798828125,2.9697492122650146,-37.16,0,1,180,1.486,0.3362,1.0,0.4496,0.1008,0.3,0.1799,0.5807,0.9683
174.351,4,RETURN_HOME,4.5981,11.4267,-2.0567,1.2019,-0.8063,-1.8603,1.0019,-0.9063,1.351,0.0,0.0,12.3172,6.128963947296143,3.0074384212493896,-37.91,0,1,180,1.608,0.3455,1.0,0.4503,0.1036,0.3,0.1801,0.5838,0.9368
174.401,4,RETURN_HOME,4.6532,11.3871,-2.0572,1.1888,-0.8233,-1.8689,0.9888,-0.9233,1.3528,0.0,0.0,12.3012,6.120643615722656,3.021658420562744,-38.66,0,1,180,1.636,0.3553,1.0,0.4509,0.1066,0.3,0.1804,0.587,0.9304
174.451,4,RETURN_HOME,4.6994,11.3529,-2.0574,1.1781,-0.836,-1.8759,0.9781,-0.936,1.3538,0.0,0.0,12.2871,6.112664222717285,3.039961099624634,-39.16,0,1,180,1.693,0.3625,1.0,0.4513,0.1087,0.3,0.1805,0.5893,0.9199
174.501,4,RETURN_HOME,4.7453,11.3184,-2.0573,1.1674,-0.8476,-1.8826,0.9674,-0.8476,1.2862,0.0,0.0,12.2729,6.105596542358398,3.059480667114258,-39.41,0,1,180,1.58,0.3169,1.0,0.4287,0.0951,0.3,0.1715,0.5666,0.9107
174.551,4,RETURN_HOME,4.8017,11.2773,-2.0555,1.1548,-0.8609,-1.8906,0.9548,-0.8609,1.2856,0.0,0.0,12.257,6.0913825035095215,3.0937511920928955,-40.66,0,1,180,1.627,0.3252,1.0,0.4285,0.0975,0.3,0.1714,0.569,0.8751
174.601,4,RETURN_HOME,4.8497,11.2434,-2.0528,1.1446,-0.8712,-1.897,0.9446,-0.8712,1.285,0.0,0.0,12.2447,6.083747863769531,3.114886522293091,-41.16,0,1,180,1.514,0.3314,1.0,0.4283,0.0994,0.3,0.1713,0.5708,0.8654
174.651,4,RETURN_HOME,4.9064,11.2021,-2.0497,1.1324,-0.881,-1.9045,0.9324,-0.881,1.2828,0.0,0.0,12.2294,6.067690372467041,3.1540465354919434,-41.91,0,1,180,1.67,0.3375,1.0,0.4276,0.1013,0.3,0.171,0.5723,0.8339
174.701,4,RETURN_HOME,4.9642,11.1587,-2.0514,1.1208,-0.8894,-1.9117,0.9208,-0.8894,1.2802,0.0,0.0,12.2131,6.061208724975586,3.1717097759246826,-42.41,0,1,180,1.6,0.3424,1.0,0.4267,0.1027,0.3,0.1707,0.5734,0.8212
174.751,4,RETURN_HOME,5.0122,11.1218,-2.0544,1.1113,-0.8955,-1.9176,0.9113,-0.7955,1.2096,0.0,0.0,12.199,6.052999973297119,3.187617063522339,-42.91,0,1,180,1.562,0.29,1.0,0.4032,0.087,0.3,0.1613,0.5483,0.8185
174.801,4,RETURN_HOME,5.0595,11.0847,-2.0569,1.1014,-0.9011,-1.9233,0.9014,-0.8011,1.2059,0.0,0.0,12.1848,6.03799295425415,3.225585699081421,-43.92,0,1,180,1.678,0.294,1.0,0.402,0.0882,0.3,0.1608,0.549,0.7844
174.852,4,RETURN_HOME,5.1137,11.0385,-2.0567,1.0879,-0.9087,-1.93,0.8879,-0.8087,1.201,0.0,0.0,12.1655,6.030062675476074,3.25107741355896,-44.42,0,1,180,2.045,0.3002,1.0,0.4003,0.0901,0.3,0.1601,0.5502,0.7808
174.901,4,RETURN_HOME,5.158,10.9997,-2.0559,1.0766,-0.9128,-1.9355,0.8766,-0.8128,1.1954,0.0,0.0,12.149,6.0229268074035645,3.2715353965759277,-44.67,0,1,180,1.51,0.3043,1.0,0.3985,0.0913,0.3,0.1594,0.5507,0.7792
174.951,4,RETURN_HOME,5.2103,10.9534,-2.0548,1.0629,-0.9153,-1.9419,0.8629,-0.8153,1.1872,0.0,0.0,12.1295,6.01596212387085,3.2933881282806396,-45.17,0,1,180,1.731,0.3079,1.0,0.3957,0.0924,0.3,0.1583,0.5507,0.7802
175.001,4,RETURN_HOME,5.2509,10.9146,-2.0525,1.0502,-0.9157,-1.9471,0.8502,-0.8157,1.1782,0.0,0.0,12.1121,6.0016703605651855,3.3325281143188477,-46.17,0,1,180,1.61,0.311,1.0,0.3927,0.0933,0.3,0.1571,0.5504,0.755
175.051,4,RETURN_HOME,5.2992,10.8685,-2.0499,1.0349,-0.9152,-1.9533,0.8349,-0.8152,1.1669,0.0,0.0,12.0915,5.999510765075684,3.3530776500701904,-46.67,0,1,180,1.662,0.3144,1.0,0.389,0.0943,0.3,0.1556,0.5499,0.7618
175.101,4,RETURN_HOME,5.3478,10.8224,-2.0474,1.0201,-0.9144,-1.9594,0.8201,-0.8144,1.1558,0.0,0.0,12.0716,5.991260528564453,3.3973453044891357,-47.42,0,1,180,1.594,0.3174,1.0,0.3853,0.0952,0.3,0.1541,0.5493,0.7455
175.151,4,RETURN_HOME,5.391,10.7835,-2.0451,1.0089,-0.9142,-1.9643,0.8089,-0.8142,1.1478,0.0,0.0,12.056,5.991321086883545,3.4196345806121826,-47.92,0,1,180,1.725,0.3194,1.0,0.3826,0.0958,0.3,0.153,0.5489,0.7417
175.201,4,RETURN_HOME,5.4418,10.7371,-2.0425,0.9956,-0.9141,-1.9702,0.7956,-0.9141,1.2118,0.0,0.0,12.0374,5.989961624145508,3.439709424972534,-48.42,0,1,180,1.74,0.376,1.0,0.4039,0.1128,0.3,0.1616,0.5744,0.7396
175.251,4,RETURN_HOME,5.4845,10.6995,-2.0404,0.9847,-0.9137,-1.9751,0.7847,-0.8137,1.1304,0.0,0.0,12.0233,5.997352123260498,3.3900463581085205,111.98,0,1,180,1.706,0.3239,1.0,0.3768,0.0972,0.3,0.1507,0.5479,0.7179
175.301,4,RETURN_HOME,5.5367,10.6557,-2.0379,0.9722,-0.913,-1.9808,0.7722,-0.813,1.1213,0.0,0.0,12.0083,5.999718189239502,3.3537473678588867,113.23,0,1,180,1.633,0.3259,1.0,0.3738,0.0978,0.3,0.1495,0.5473,0.7166
175.351,4,RETURN_HOME,5.5792,10.6192,-2.0361,0.9614,-0.9144,-1.9856,0.7614,-0.9144,1.1899,0.0,0.0,11.9956,6.009578704833984,3.3223230838775635,112.98,0,1,180,1.715,0.3827,1.0,0.3966,0.1148,0.3,0.1587,0.5735,0.7133
175.401,4,RETURN_HOME,5.6294,10.5751,-2.0344,0.9484,-0.9155,-1.9913,0.7484,-0.8155,1.1068,0.0,0.0,11.9801,6.027605056762695,3.260796308517456,113.73,0,1,180,1.716,0.3327,1.0,0.3689,0.0998,0.3,0.1476,0.5474,0.6945
175.451,4,RETURN_HOME,5.6706,10.5382,-2.0334,0.9372,-0.9155,-1.9959,0.7372,-0.9155,1.1755,0.0,0.0,11.9671,6.046148300170898,3.2266905307769775,113.23,0,1,180,1.765,0.3887,1.0,0.3918,0.1166,0.3,0.1567,0.5733,0.6963
175.501,4,RETURN_HOME,5.711,10.5014,-2.0326,0.9258,-0.9172,-2.0006,0.7258,-0.9172,1.1696,0.0,0.0,11.9538,6.064680099487305,3.196493148803711,115.23,0,1,180,1.685,0.3925,1.0,0.3899,0.1177,0.3,0.156,0.5737,0.6969
175.551,4,RETURN_HOME,5.7623,10.4586,-2.031,0.9139,-0.9174,-2.0062,0.7139,-0.9174,1.1625,0.0,0.0,11.941,6.133724212646484,3.136380910873413,114.73,0,1,180,1.765,0.3949,1.0,0.3875,0.1185,0.3,0.155,0.5735,0.6785
175.601,4,RETURN_HOME,5.8055,10.4234,-2.0296,0.9044,-0.9186,-2.0109,0.7044,-0.9186,1.1575,0.0,0.0,11.9311,7.574837684631348,3.1043968200683594,114.98,0,1,180,1.561,0.3972,1.0,0.3858,0.1192,0.3,0.1543,0.5735,0.6741
175.651,4,RETURN_HOME,5.8557,10.3809,-2.0281,0.8924,-0.9217,-2.0165,0.6924,-0.9217,1.1528,0.0,0.0,11.9186,7.554004669189453,3.0748190879821777,113.48,0,1,180,1.72,0.4013,1.0,0.3843,0.1204,0.3,0.1537,0.5741,0.6739
175.701,4,RETURN_HOME,5.897,10.3446,-2.0245,0.882,-0.9254,-2.021,0.682,-0.9254,1.1495,0.0,0.0,11.9074,7.532805442810059,3.0460376739501953,115.73,0,1,180,1.659,0.4055,1.0,0.3832,0.1217,0.3,0.1533,0.5749,0.6748
175.751,4,RETURN_HOME,5.9454,10.3006,-2.0199,0.8689,-0.9305,-2.0265,0.6689,-0.9305,1.146,0.0,0.0,11.8932,7.486998558044434,2.986626148223877,115.48,0,1,180,1.55,0.4115,1.0,0.382,0.1234,0.3,0.1528,0.5762,0.6618
175.801,4,RETURN_HOME,5.9845,10.2637,-2.0166,0.8577,-0.9352,-2.0311,0.6577,-0.9352,1.1433,0.0,0.0,11.8809,7.467297554016113,2.9581711292266846,116.23,0,1,180,1.757,0.4168,1.0,0.3811,0.125,0.3,0.1524,0.5775,0.6626
175.851,4,RETURN_HOME,6.0305,10.2193,-2.0144,0.8439,-0.941,-2.0366,0.6439,-0.941,1.1402,0.0,0.0,11.8659,7.443886756896973,2.93160080909729,115.98,0,1,180,1.709,0.4237,1.0,0.3801,0.1271,0.3,0.152,0.5791,0.6711
175.901,4,RETURN_HOME,6.0678,10.182,-2.013,0.8321,-0.9458,-2.0413,0.6321,-0.9458,1.1376,0.0,0.0,11.8529,7.398498058319092,2.8729045391082764,117.23,0,1,180,1.595,0.4297,1.0,0.3792,0.1289,0.3,0.1517,0.5806,0.6585
175.951,4,RETURN_HOME,6.1113,10.137,-2.0117,0.8178,-0.9514,-2.047,0.6178,-0.9514,1.1344,0.0,0.0,11.8367,7.376691818237305,2.8476345539093018,116.48,0,1,180,1.617,0.4371,1.0,0.3781,0.1311,0.3,0.1513,0.5824,0.6703
176.002,4,RETURN_HOME,6.1493,10.1027,-2.0074,0.8065,-0.9547,-2.0519,0.6065,-0.9547,1.1311,0.0,0.0,11.827,7.352498531341553,2.822301149368286,115.48,0,1,180,2.171,0.4422,1.0,0.377,0.1327,0.3,0.1508,0.5835,0.6736
176.051,4,RETURN_HOME,6.1934,10.0606,-2.003,0.7927,-0.9587,-2.0577,0.5927,-0.9587,1.1272,0.0,0.0,11.8142,7.3087615966796875,2.7688937187194824,118.23,0,1,180,1.74,0.4487,1.0,0.3757,0.1346,0.3,0.1503,0.5849,0.6687
176.101,4,RETURN_HOME,6.2293,10.0249,-1.9995,0.781,-0.9622,-2.0626,0.581,-0.9622,1.124,0.0,0.0,11.8026,7.284940719604492,2.7439358234405518,116.48,0,1,180,1.571,0.4543,1.0,0.3747,0.1363,0.3,0.1499,0.5861,0.6749
176.151,4,RETURN_HOME,6.2725,9.9808,-1.9936,0.767,-0.9662,-2.0685,0.567,-0.9662,1.1203,0.0,0.0,11.7881,7.241170406341553,2.694727897644043,117.23,0,1,180,1.731,0.4609,1.0,0.3734,0.1383,0.3,0.1494,0.5876,0.6725
176.201,4,RETURN_HOME,6.3072,9.9437,-1.9896,0.7551,-0.9698,-2.0734,0.5551,-0.9698,1.1174,0.0,0.0,11.7753,7.218315601348877,2.6671741008758545,119.49,0,1,180,1.45,0.4668,1.0,0.3725,0.14,0.3,0.149,0.589,0.6786
176.251,4,RETURN_HOME,6.348,9.899,-1.9863,0.7406,-0.974,-2.0792,0.5406,-0.974,1.114,0.0,0.0,11.7596,7.196629047393799,2.644270420074463,118.23,0,1,180,1.931,0.474,1.0,0.3713,0.1422,0.3,0.1485,0.5907,0.6919
176.301,4,RETURN_HOME,6.3815,9.8618,-1.985,0.7286,-0.9773,-2.084,0.5286,-0.9773,1.1111,0.0,0.0,11.7465,7.17206335067749,2.621103525161743,119.49,0,1,180,1.822,0.48,1.0,0.3704,0.144,0.3,0.1481,0.5922,0.7018
176.351,4,RETURN_HOME,6.414,9.8243,-1.9841,0.7163,-0.9807,-2.0888,0.5163,-0.9807,1.1083,0.0,0.0,11.7327,7.125077724456787,2.5736987590789795,119.74,0,1,180,1.678,0.4863,1.0,0.3694,0.1459,0.3,0.1478,0.5937,0.6999
176.401,4,RETURN_HOME,6.4512,9.7786,-1.9847,0.701,-0.985,-2.0945,0.501,-1.085,1.1951,0.0,0.0,11.715,7.103511810302734,2.5505287647247314,120.24,0,1,180,1.637,0.5269,1.0,0.4198,0.1581,0.3,0.1679,0.626,0.7225
176.451,4,RETURN_HOME,6.4809,9.7401,-1.9864,0.6879,-0.9884,-2.0992,0.4879,-1.0884,1.1927,0.0,0.0,11.6992,7.080362796783447,2.5297343730926514,118.99,0,1,180,1.679,0.5331,1.0,0.4239,0.1599,0.3,0.1696,0.6295,0.7378
176.501,4,RETURN_HOME,6.5154,9.6935,-1.9885,0.6721,-0.9925,-2.1047,0.4721,-1.0925,1.1902,0.0,0.0,11.6797,7.03114652633667,2.4849801063537598,121.49,0,1,180,1.444,0.5406,1.0,0.4289,0.1622,0.3,0.1716,0.6338,0.7474
176.551,4,RETURN_HOME,6.5479,9.6485,-1.9914,0.6556,-0.9985,-2.1102,0.4556,-1.0985,1.1893,0.0,0.0,11.6605,7.0085883140563965,2.4626758098602295,119.24,0,1,180,1.555,0.5492,1.0,0.4354,0.1648,0.3,0.1742,0.6389,0.7715
176.601,4,RETURN_HOME,6.5739,9.6112,-1.994,0.6417,-1.0051,-2.1148,0.4417,-1.1051,1.1901,0.0,0.0,11.6443,6.986588001251221,2.442530632019043,120.99,0,1,180,1.755,0.5569,1.0,0.4419,0.1671,0.3,0.1767,0.6438,0.7897
176.651,4,RETURN_HOME,6.6043,9.5656,-1.9969,0.6254,-1.0148,-2.1203,0.4254,-1.1148,1.1932,0.0,0.0,11.624,6.938867568969727,2.401543140411377,120.74,0,1,180,1.579,0.5663,1.0,0.4505,0.1699,0.3,0.1802,0.6501,0.806
176.701,4,RETURN_HOME,6.6306,9.5262,-1.996,0.6124,-1.0245,-2.1249,0.4124,-1.1245,1.1977,0.0,0.0,11.6066,6.913404941558838,2.3825740814208984,120.99,0,1,180,1.449,0.5739,1.0,0.4582,0.1722,0.3,0.1833,0.6555,0.8249
176.751,4,RETURN_HOME,6.6611,9.4782,-1.9951,0.5969,-1.0366,-2.1303,0.3969,-1.1366,1.2039,0.0,0.0,11.5847,6.86498498916626,2.343661069869995,121.99,0,1,180,1.619,0.5829,1.0,0.4678,0.1749,0.3,0.1871,0.662,0.8374
176.801,4,RETURN_HOME,6.6902,9.4291,-1.994,0.581,-1.0489,-2.1355,0.381,-1.2489,1.3057,0.0,0.0,11.5614,6.8380303382873535,2.3246822357177734,122.24,0,1,180,1.607,0.6112,1.0,0.5321,0.1834,0.3,0.2128,0.6962,0.8586
176.851,4,RETURN_HOME,6.7116,9.3869,-1.9916,0.5669,-1.0591,-2.1398,0.3669,-1.2591,1.3115,0.0,0.0,11.5395,6.811405181884766,2.3072049617767334,122.24,0,1,180,1.727,0.6183,1.0,0.5406,0.1855,0.3,0.2162,0.7017,0.8781
176.901,4,RETURN_HOME,6.7369,9.3356,-1.9894,0.5498,-1.0713,-2.145,0.3498,-1.2713,1.3186,0.0,0.0,11.5125,6.7603631019592285,2.2716972827911377,122.49,0,1,180,1.457,0.6266,1.0,0.5508,0.188,0.3,0.2203,0.7083,0.8981
176.951,4,RETURN_HOME,6.7572,9.2921,-1.988,0.5353,-1.0836,-2.1493,0.3353,-1.2836,1.3266,0.0,0.0,11.4893,6.73163366317749,2.251400947570801,122.74,0,1,180,1.677,0.6339,1.0,0.5606,0.1902,0.3,0.2242,0.7144,0.9203
177.001,4,RETURN_HOME,6.7805,9.2379,-1.9869,0.5173,-1.1009,-2.1545,0.3173,-1.3009,1.339,0.0,0.0,11.4592,6.705996036529541,2.2362585067749023,121.49,0,1,180,1.543,0.643,1.0,0.574,0.1929,0.3,0.2296,0.7225,0.9507
177.051,4,RETURN_HOME,6.7993,9.1923,-1.9863,0.5025,-1.1166,-2.1588,0.3025,-1.3166,1.3509,0.0,0.0,11.4337,6.652559280395508,2.204991102218628,123.24,0,1,180,1.483,0.6504,1.0,0.5857,0.1951,0.3,0.2343,0.7294,0.9738
177.101,4,RETURN_HOME,6.8189,9.1389,-1.9877,0.4841,-1.1353,-2.1639,0.2841,-1.3353,1.3652,0.0,0.0,11.4025,6.619466304779053,2.187572956085205,121.99,0,1,180,1.68,0.6595,1.0,0.6002,0.1978,0.3,0.2401,0.7379,1.0094
177.151,4,RETURN_HOME,6.8331,9.0951,-1.9903,0.4683,-1.1505,-2.168,0.2683,-1.3505,1.3769,0.0,0.0,11.3759,6.5938310623168945,2.1721551418304443,122.49,0,1,180,1.702,0.6672,1.0,0.6124,0.2001,0.3,0.245,0.7451,1.0433
177.201,4,RETURN_HOME,6.85,9.0414,-1.9933,0.4497,-1.1689,-2.1729,0.2497,-1.3689,1.3915,0.0,0.0,11.3433,6.533710479736328,2.1427690982818604,123.24,0,1,180,1.547,0.6758,1.0,0.6269,0.2027,0.3,0.2508,0.7535,1.0739
177.251,4,RETURN_HOME,6.8636,8.9854,-1.9963,0.4304,-1.1882,-2.1777,0.2304,-1.3882,1.4071,0.0,0.0,11.3069,6.498506546020508,2.1258442401885986,124.99,0,1,180,1.548,0.6846,1.0,0.6422,0.2054,0.3,0.2569,0.7622,1.1088
177.301,4,RETURN_HOME,6.8738,8.9374,-1.9987,0.4142,-1.2044,-2.1817,0.2142,-1.4044,1.4207,0.0,0.0,11.2751,6.4660773277282715,2.1146435737609863,122.24,0,1,180,1.486,0.6917,1.0,0.6551,0.2075,0.3,0.262,0.7695,1.1418
177.351,4,RETURN_HOME,6.8863,8.879,-2.0013,0.3952,-1.2238,-2.1864,0.1952,-1.4238,1.4371,0.0,0.0,11.2365,6.402596473693848,2.0881049633026123,124.24,0,1,180,1.641,0.6996,1.0,0.6703,0.2099,0.3,0.2681,0.778,1.1805
177.401,4,RETURN_HOME,6.898,8.8265,-2.0032,0.3798,-1.2413,-2.1903,0.1798,-1.4413,1.4524,0.0,0.0,11.2022,6.366878032684326,2.0728273391723633,125.99,0,1,180,1.561,0.7056,1.0,0.6833,0.2117,0.3,0.2733,0.785,1.2138
177.451,4,RETURN_HOME,6.9121,8.7621,-2.0051,0.3616,-1.2623,-2.1949,0.1616,-1.4623,1.4712,0.0,0.0,11.1603,6.331785202026367,2.0615506172180176,126.74,0,1,180,1.686,0.7123,1.0,0.6987,0.2137,0.3,0.2795,0.7932,1.2529
177.501,4,RETURN_HOME,6.9236,8.7082,-2.0064,0.3466,-1.2796,-2.1986,0.1466,-1.4796,1.4869,0.0,0.0,11.1251,6.263335704803467,2.0382018089294434,127.74,0,1,180,1.624,0.7176,1.0,0.7113,0.2153,0.3,0.2845,0.7998,1.2816
177.551,4,RETURN_HOME,6.9362,8.64,-2.0071,0.3286,-1.301,-2.2031,0.1286,-1.4,1.4059,0.0,0.0,11.0798,6.222803592681885,2.0255401134490967,125.49,0,1,180,1.774,0.7193,1.0,0.6741,0.2158,0.3,0.2697,0.7854,1.3161
177.601,4,RETURN_HOME,6.9465,8.5831,-2.0075,0.3136,-1.3186,-2.2068,0.1136,-1.4,1.4046,0.0,0.0,11.0419,6.186062335968018,2.0139875411987305,124.99,0,1,180,1.606,0.7239,1.0,0.6778,0.2172,0.3,0.2711,0.7883,1.3464
177.651,4,RETURN_HOME,6.9565,8.526,-2.008,0.2988,-1.3363,-2.2104,0.0988,-1.4,1.4035,0.0,0.0,11.0039,6.114492416381836,1.9936277866363525,126.24,0,1,180,1.657,0.7284,1.0,0.6815,0.2185,0.3,0.2726,0.7911,1.3818
177.701,4,RETURN_HOME,6.9705,8.4572,-2.0104,0.2822,-1.3556,-2.2146,0.0822,-1.4,1.4024,0.0,0.0,10.9596,6.069044589996338,1.98323655128479,126.24,0,1,180,1.571,0.733,1.0,0.6854,0.2199,0.3,0.2741,0.7941,1.4083
177.751,4,RETURN_HOME,6.9838,8.3881,-2.0125,0.2656,-1.3717,-2.2188,0.0656,-1.4,1.4015,0.0,0.0,10.9149,6.0321760177612305,1.973781704902649,125.74,0,1,180,1.596,0.7377,1.0,0.6893,0.2213,0.3,0.2757,0.797,1.352
177.801,4,RETURN_HOME,6.9951,8.3303,-2.0139,0.252,-1.3828,-2.2224,0.052,-1.4,1.401,0.0,0.0,10.8777,5.950538158416748,1.9573895931243896,126.74,0,1,180,1.697,0.7414,1.0,0.6925,0.2224,0.3,0.277,0.7994,1.268
177.851,4,RETURN_HOME,7.009,8.2607,-2.0152,0.2358,-1.3939,-2.2269,0.0358,-1.4,1.4005,0.0,0.0,10.8335,5.905733108520508,1.9471335411071777,127.49,0,1,180,1.59,0.7457,1.0,0.6962,0.2237,0.3,0.2785,0.8022,1.2098
177.901,4,RETURN_HOME,7.0198,8.2026,-2.0161,0.222,-1.4016,-2.2307,0.022,-1.4,1.4002,0.0,0.0,10.7963,5.865410327911377,1.9406696557998657,126.74,0,1,180,0.985,0.7495,1.0,0.6996,0.2248,0.3,0.2798,0.8047,1.1573
177.95,4,RETURN_HOME,7.0322,8.1331,-2.0137,0.2052,-1.4095,-2.2352,0.0052,-1.4,1.4,0.0,0.0,10.7517,5.786355018615723,1.9255019426345825,128.74,0,1,180,0.954,0.754,1.0,0.7037,0.2262,0.3,0.2815,0.8077,1.0671
178.0,4,RETURN_HOME,7.044,8.0637,-2.0085,0.1881,-1.4164,-2.2399,-0.0119,-1.4,1.4001,0.0,0.0,10.7071,5.740120887756348,1.9176901578903198,128.74,0,1,180,1.015,0.7587,1.0,0.7081,0.2276,0.3,0.2832,0.8108,1.0065
178.051,4,RETURN_HOME,7.0529,8.0059,-2.0048,0.1737,-1.4216,-2.2437,-0.0263,-1.3,1.3003,0.0,0.0,10.6694,5.6978020668029785,1.9121241569519043,127.99,0,1,180,1.18,0.7635,1.0,0.6619,0.2291,0.3,0.2648,0.7938,1.1652
178.1,4,RETURN_HOME,7.0624,7.9359,-1.999,0.1561,-1.4276,-2.2484,-0.0439,-1.3,1.3007,0.0,0.0,10.6234,5.618556976318359,1.9007192850112915,127.24,0,1,180,1.034,0.7691,1.0,0.6669,0.2307,0.3,0.2668,0.7975,1.0691
178.15,4,RETURN_HOME,7.0695,7.8774,-1.9942,0.1411,-1.4322,-2.2523,-0.0589,-1.3,1.3013,0.0,0.0,10.5845,5.569767951965332,1.8946645259857178,129.49,0,1,180,1.102,0.7737,1.0,0.6712,0.2321,0.3,0.2685,0.8006,1.0072
178.201,4,RETURN_HOME,7.0759,7.8189,-1.9901,0.1263,-1.4348,-2.2563,-0.0737,-1.3,1.3021,0.0,0.0,10.5453,5.530768871307373,1.8897689580917358,127.74,0,1,180,1.235,0.7782,1.0,0.6755,0.2335,0.3,0.2702,0.8037,0.949
178.25,4,RETURN_HOME,7.0801,7.7498,-1.9928,0.1078,-1.4344,-2.2611,-0.0922,-1.3,1.3033,0.0,0.0,10.497,5.449889183044434,1.8812565803527832,130.0,0,1,180,1.076,0.7842,1.0,0.6813,0.2352,0.3,0.2725,0.8078,0.8515
178.3,4,RETURN_HOME,7.0827,7.6924,-1.9961,0.0922,-1.4322,-2.2652,-0.1078,-1.2,1.2048,0.0,0.0,10.4564,5.402078628540039,1.877411127090454,129.24,0,1,180,1.042,0.7933,1.0,0.6372,0.238,0.3,0.2549,0.7929,1.0233
178.351,4,RETURN_HOME,7.0852,7.6237,-1.9998,0.0734,-1.4286,-2.2703,-0.1266,-1.2,1.2067,0.0,0.0,10.4077,5.361351490020752,1.8756197690963745,128.24,0,1,180,1.176,0.7999,1.0,0.6435,0.24,0.3,0.2574,0.7974,0.9601
178.4,4,RETURN_HOME,7.0843,7.5673,-2.0025,0.057,-1.4244,-2.2745,-0.143,-1.2,1.2085,0.0,0.0,10.3659,5.279524803161621,1.8699826002120972,129.75,0,1,180,1.091,0.8057,1.0,0.6492,0.2417,0.3,0.2597,0.8014,0.8622
178.45,4,RETURN_HOME,7.0829,7.4998,-2.0054,0.038,-1.4169,-2.2797,-0.162,-1.2,1.2109,0.0,0.0,10.3158,5.234552383422852,1.8685283660888672,129.75,0,1,180,1.056,0.8124,1.0,0.6558,0.2437,0.3,0.2623,0.806,0.7932
178.5,4,RETURN_HOME,7.0815,7.4439,-2.0075,0.0223,-1.409,-2.284,-0.1777,-1.2,1.2131,0.0,0.0,10.2742,5.192621231079102,1.866957426071167,131.25,0,1,180,0.988,0.8177,1.0,0.6613,0.2453,0.3,0.2645,0.8098,0.7368
178.551,4,RETURN_HOME,7.0772,7.3896,-2.0133,0.0061,-1.3996,-2.2883,-0.1939,-1.1,1.117,0.0,0.0,10.232,5.111814975738525,1.8651230335235596,130.5,0,1,180,1.702,0.8313,1.0,0.619,0.2494,0.3,0.2476,0.797,0.899
178.601,4,RETURN_HOME,7.072,7.3248,-2.0194,-0.0133,-1.3883,-2.2935,-0.2133,-1.1,1.1205,0.0,0.0,10.1816,5.066181659698486,1.864133596420288,132.0,0,1,180,1.453,0.8385,1.0,0.6263,0.2515,0.3,0.2505,0.8021,0.8315
178.651,4,RETURN_HOME,7.0679,7.2707,-2.0245,-0.0292,-1.379,-2.2978,-0.2292,-1.1,1.1236,0.0,0.0,10.1399,5.02532434463501,1.8653910160064697,131.75,0,1,180,1.612,0.8441,1.0,0.6323,0.2532,0.3,0.2529,0.8062,0.7758
178.701,4,RETURN_HOME,7.0641,7.2052,-2.0333,-0.047,-1.3668,-2.303,-0.247,-1.1,1.1274,0.0,0.0,10.0904,4.945736408233643,1.8656270503997803,131.75,0,1,180,1.694,0.8501,1.0,0.6389,0.255,0.3,0.2556,0.8106,0.6774
178.751,4,RETURN_HOME,7.0605,7.151,-2.0394,-0.0618,-1.3554,-2.3072,-0.1618,-1.1,1.1118,0.0,0.0,10.0493,4.899716377258301,1.866967797279358,132.25,0,1,180,1.778,0.8063,1.0,0.5976,0.2419,0.3,0.2391,0.7809,0.7717
178.801,4,RETURN_HOME,7.0574,7.0972,-2.0444,-0.0766,-1.3434,-2.3115,-0.1766,-1.1,1.1141,0.0,0.0,10.0088,4.861337184906006,1.8699090480804443,133.5,0,1,180,1.816,0.8119,1.0,0.603,0.2436,0.3,0.2412,0.7848,0.712
178.851,4,RETURN_HOME,7.0563,7.0332,-2.048,-0.0936,-1.3286,-2.3166,-0.1936,-1.1,1.1169,0.0,0.0,9.9628,4.823777675628662,1.8709468841552734,132.75,0,1,180,1.7,0.818,1.0,0.6091,0.2454,0.3,0.2436,0.7891,0.6523
178.901,4,RETURN_HOME,7.0545,6.9804,-2.0502,-0.1062,-1.3163,-2.321,-0.1062,-1.1,1.1051,0.0,0.0,9.9243,4.7408881187438965,1.8753352165222168,132.75,0,1,180,1.605,0.7684,1.0,0.5661,0.2305,0.3,0.2265,0.757,0.7049
178.951,4,RETURN_HOME,7.0514,6.9182,-2.0519,-0.1196,-1.302,-2.3261,-0.1196,-1.1,1.1065,0.0,0.0,9.8784,4.7016754150390625,1.8794372081756592,132.25,0,1,180,1.543,0.7734,1.0,0.5705,0.232,0.3,0.2282,0.7602,0.6345
179.001,4,RETURN_HOME,7.048,6.8672,-2.0526,-0.1299,-1.2907,-2.3304,-0.1299,-1.0907,1.0984,0.0,0.0,9.8404,4.662384986877441,1.883392572402954,133.0,0,1,180,1.659,0.7777,1.0,0.5695,0.2333,0.3,0.2278,0.7611,0.6068
179.051,4,RETURN_HOME,7.0433,6.8065,-2.053,-0.1392,-1.2781,-2.3355,-0.0392,-1.0781,1.0788,0.0,0.0,9.7947,4.5828094482421875,1.890933871269226,135.0,0,1,180,1.687,0.7206,1.0,0.5183,0.2162,0.3,0.2073,0.7235,0.796
179.101,4,RETURN_HOME,7.0367,6.7564,-2.0526,-0.1458,-1.2687,-2.3396,-0.0458,-1.0687,1.0696,0.0,0.0,9.7552,4.545425891876221,1.8939825296401978,133.25,0,1,180,1.509,0.7228,1.0,0.5155,0.2169,0.3,0.2062,0.723,0.7755
179.151,4,RETURN_HOME,7.027,6.697,-2.0516,-0.1526,-1.2583,-2.3444,-0.0526,-1.0583,1.0596,0.0,0.0,9.7071,4.50778341293335,1.8972944021224976,134.0,0,1,180,1.706,0.725,1.0,0.5122,0.2175,0.3,0.2049,0.7224,0.758
179.201,4,RETURN_HOME,7.0191,6.6476,-2.0506,-0.1554,-1.25,-2.3484,-0.0554,-1.05,1.0515,0.0,0.0,9.6674,4.427459239959717,1.9078632593154907,133.5,0,1,180,1.573,0.725,1.0,0.5082,0.2175,0.3,0.2033,0.7208,0.7202
179.251,4,RETURN_HOME,7.0085,6.5898,-2.0534,-0.1561,-1.24,-2.3529,-0.0561,-1.04,1.0415,0.0,0.0,9.62,4.388982772827148,1.9121984243392944,133.25,0,1,180,1.685,0.7232,1.0,0.5022,0.217,0.3,0.2009,0.7178,0.7176
179.301,4,RETURN_HOME,6.9978,6.5326,-2.0575,-0.1548,-1.2301,-2.3573,-0.0548,-1.0301,1.0315,0.0,0.0,9.5731,4.311308860778809,1.922195553779602,135.0,0,1,180,1.487,0.7203,1.0,0.4953,0.2161,0.3,0.1981,0.7142,0.6937
179.351,4,RETURN_HOME,6.9893,6.4851,-2.0602,-0.153,-1.2218,-2.3609,-0.053,-1.0218,1.0232,0.0,0.0,9.5345,4.269373893737793,1.9272377490997314,134.75,0,1,180,1.553,0.7172,1.0,0.4892,0.2152,0.3,0.1957,0.7109,0.6875
179.401,4,RETURN_HOME,6.9854,6.4296,-2.0618,-0.1483,-1.2112,-2.365,-0.0483,-1.0112,1.0123,0.0,0.0,9.494,4.230134010314941,1.9312676191329956,134.5,0,1,180,1.583,0.7116,1.0,0.4802,0.2135,0.3,0.1921,0.7056,0.6852
179.451,4,RETURN_HOME,6.9819,6.3835,-2.0626,-0.1447,-1.2022,-2.3684,-0.0447,-1.0022,1.0032,0.0,0.0,9.4602,4.152548313140869,1.9412174224853516,135.0,0,1,180,1.692,0.707,1.0,0.4729,0.2121,0.3,0.1891,0.7012,0.6424
179.501,4,RETURN_HOME,6.9783,6.3375,-2.0629,-0.1416,-1.1933,-2.3717,-0.0416,-0.9933,0.9942,0.0,0.0,9.4266,4.111137866973877,1.9461064338684082,134.75,0,1,180,1.717,0.7027,1.0,0.4657,0.2108,0.3,0.1863,0.6971,0.6329
179.551,4,RETURN_HOME,6.9714,6.2854,-2.06,-0.139,-1.1814,-2.3756,0.061,-1.2814,1.2828,0.0,0.0,9.3865,4.071999549865723,1.9517841339111328,134.25,0,1,180,1.594,0.6335,1.0,0.5418,0.1901,0.3,0.2167,0.7068,0.8261
179.602,4,RETURN_HOME,6.9658,6.2419,-2.0576,-0.1371,-1.171,-2.3788,0.0629,-1.271,1.2726,0.0,0.0,9.3533,4.032343864440918,1.9564210176467896,134.5,0,1,180,1.794,0.6297,1.0,0.5342,0.1889,0.3,0.2137,0.7026,0.8291
179.651,4,RETURN_HOME,6.9588,6.1901,-2.0556,-0.1352,-1.1584,-2.3829,0.0648,-1.2584,1.26,0.0,0.0,9.3136,3.9527223110198975,1.9649802446365356,134.75,0,1,180,1.589,0.6253,1.0,0.5253,0.1876,0.3,0.2101,0.6977,0.818
179.701,4,RETURN_HOME,6.9518,6.1486,-2.0566,-0.1327,-1.1528,-2.3865,0.0673,-1.2528,1.2546,0.0,0.0,9.2808,3.913727045059204,1.970554232597351,134.0,0,1,180,1.559,0.6214,1.0,0.5197,0.1864,0.3,0.2079,0.6943,0.8185
179.751,4,RETURN_HOME,6.9452,6.1067,-2.0572,-0.1284,-1.1527,-2.39,-0.0284,-1.0527,1.0531,0.0,0.0,9.2481,3.8758111000061035,1.974785566329956,134.75,0,1,180,1.806,0.6803,1.0,0.4776,0.2041,0.3,0.191,0.6951,0.5667
179.801,4,RETURN_HOME,6.9365,6.0571,-2.0578,-0.1212,-1.158,-2.3938,-0.0212,-1.058,1.0582,0.0,0.0,9.2089,3.7964932918548584,1.981573462486267,135.0,0,1,180,1.574,0.6727,1.0,0.4746,0.2018,0.3,0.1898,0.6916,0.5821
179.851,4,RETURN_HOME,6.9264,6.0092,-2.0585,-0.1133,-1.1655,-2.3968,-0.0133,-1.0655,1.0656,0.0,0.0,9.1698,3.7562310695648193,1.9863396883010864,134.5,0,1,180,1.702,0.6647,1.0,0.4722,0.1994,0.3,0.1889,0.6883,0.6001
179.901,4,RETURN_HOME,6.9187,5.9682,-2.0586,-0.1074,-1.1695,-2.3989,-0.0074,-1.0695,1.0695,0.0,0.0,9.1372,3.716738700866699,1.9904481172561646,135.0,0,1,180,1.576,0.6584,1.0,0.4694,0.1975,0.3,0.1878,0.6853,0.6133
179.951,4,RETURN_HOME,6.9095,5.9179,-2.0581,-0.1023,-1.1704,-2.4014,-0.0023,-1.0704,1.0704,0.0,0.0,9.0975,3.6294476985931396,1.9973535537719727,134.25,0,1,180,1.718,0.6521,1.0,0.4653,0.1956,0.3,0.1861,0.6818,0.6143
180.001,4,RETURN_HOME,6.9019,5.8754,-2.0574,-0.0996,-1.1682,-2.4037,0.0004,-1.0682,1.0682,0.0,0.0,9.064,3.586303949356079,2.0016939640045166,135.0,0,1,180,1.643,0.6479,1.0,0.4614,0.1944,0.3,0.1846,0.679,0.6142
180.051,4,RETURN_HOME,6.8948,5.8325,-2.0564,-0.0979,-1.1642,-2.4062,0.0021,-1.0642,1.0642,0.0,0.0,9.0308,3.545250415802002,2.0049726963043213,135.0,0,1,180,1.72,0.6444,1.0,0.4571,0.1933,0.3,0.1829,0.6762,0.6148
180.101,4,RETURN_HOME,6.8889,5.7815,-2.0523,-0.0958,-1.1577,-2.4095,0.0042,-1.0577,1.0577,0.0,0.0,8.9935,3.4556198120117188,2.0112199783325195,135.0,0,1,180,1.661,0.6398,1.0,0.4512,0.1919,0.3,0.1805,0.6724,0.6098
180.151,4,RETURN_HOME,6.885,5.7391,-2.048,-0.0939,-1.1519,-2.4124,0.0061,-1.0519,1.052,0.0,0.0,8.9633,3.41908597946167,2.0153112411499023,134.75,0,1,180,1.725,0.6358,1.0,0.4459,0.1907,0.3,0.1784,0.6691,0.6138
180.201,4,RETURN_HOME,6.8805,5.6878,-2.0431,-0.0916,-1.1453,-2.416,0.0084,-1.0453,1.0454,0.0,0.0,8.9271,3.3757269382476807,2.017744541168213,134.25,0,1,180,1.884,0.631,1.0,0.4397,0.1893,0.3,0.1759,0.6652,0.621
180.251,4,RETURN_HOME,6.876,5.6453,-2.0331,-0.0899,-1.14,-2.4192,0.0101,-1.04,1.0401,0.0,0.0,8.8965,3.2899022102355957,2.024110794067383,135.0,0,1,180,1.686,0.627,1.0,0.4347,0.1881,0.3,0.1739,0.662,0.6175
180.301,4,RETURN_HOME,6.8705,5.594,-2.0206,-0.0875,-1.1343,-2.423,0.0125,-1.0343,1.0343,0.0,0.0,8.8599,3.2487547397613525,2.0274007320404053,135.0,0,1,180,1.606,0.622,1.0,0.4289,0.1866,0.3,0.1716,0.6581,0.6244
180.352,4,RETURN_HOME,6.8663,5.5511,-2.0115,-0.0853,-1.1299,-2.4263,0.0147,-1.0299,1.03,0.0,0.0,8.8295,3.2081782817840576,2.0296459197998047,134.75,0,1,180,2.043,0.6175,1.0,0.424,0.1853,0.3,0.1696,0.6549,0.6279
180.401,4,RETURN_HOME,6.8652,5.4994,-1.9999,-0.0806,-1.1251,-2.4302,0.0194,-1.0251,1.0253,0.0,0.0,8.7963,3.121936321258545,2.0353355407714844,134.75,0,1,180,1.606,0.6103,1.0,0.4172,0.1831,0.3,0.1669,0.65,0.6271
180.451,4,RETURN_HOME,6.8647,5.4475,-1.9898,-0.0757,-1.1206,-2.4341,0.0243,-1.1206,1.1208,0.0,0.0,8.7635,3.080942153930664,2.038938045501709,134.75,0,1,180,1.714,0.6045,1.0,0.4517,0.1813,0.3,0.1807,0.662,0.6334
180.501,4,RETURN_HOME,6.8641,5.4042,-1.9832,-0.0717,-1.1168,-2.4373,0.0283,-1.1168,1.1172,0.0,0.0,8.7362,3.0382914543151855,2.0407943725585938,135.0,0,1,180,1.718,0.5985,1.0,0.4458,0.1796,0.3,0.1783,0.6579,0.6419
180.551,4,RETURN_HOME,6.863,5.3521,-1.979,-0.0671,-1.1123,-2.4413,0.0329,-1.1123,1.1127,0.0,0.0,8.7032,2.9539499282836914,2.0455732345581055,135.0,0,1,180,1.789,0.5914,1.0,0.4387,0.1774,0.3,0.1755,0.6529,0.645
180.601,4,RETURN_HOME,6.8621,5.3086,-1.9764,-0.0638,-1.1103,-2.4447,0.0362,-1.1103,1.1109,0.0,0.0,8.6758,2.912602186203003,2.047926187515259,135.0,0,1,180,1.631,0.5858,1.0,0.4338,0.1757,0.3,0.1735,0.6493,0.6533
180.652,4,RETURN_HOME,6.8609,5.2553,-1.9732,-0.0599,-1.1108,-2.4489,0.0401,-1.1108,1.1116,0.0,0.0,8.6423,2.8706769943237305,2.051630973815918,135.0,0,1,180,1.979,0.5791,1.0,0.4291,0.1737,0.3,0.1716,0.6454,0.6597
180.701,4,RETURN_HOME,6.8596,5.2092,-1.9697,-0.0565,-1.1135,-2.4524,-0.0565,-0.9135,0.9153,0.0,0.0,8.6134,2.7848081588745117,2.05704927444458,135.0,0,1,180,1.579,0.6528,1.0,0.3983,0.1958,0.3,0.1593,0.6552,0.4198
180.751,4,RETURN_HOME,6.8582,5.1539,-1.9665,-0.0521,-1.1181,-2.4566,-0.0521,-0.9181,0.9196,0.0,0.0,8.5789,2.7443416118621826,2.060476303100586,134.75,0,1,180,1.616,0.6451,1.0,0.3955,0.1935,0.3,0.1582,0.6517,0.438
180.801,4,RETURN_HOME,6.8569,5.1072,-1.9656,-0.0484,-1.1218,-2.4598,-0.0484,-0.9218,0.9231,0.0,0.0,8.5499,2.703549385070801,2.0617516040802,135.0,0,1,180,1.549,0.6386,1.0,0.393,0.1916,0.3,0.1572,0.6488,0.4552
180.851,4,RETURN_HOME,6.855,5.0505,-1.9666,-0.0462,-1.1215,-2.4635,-0.0462,-0.9215,0.9227,0.0,0.0,8.5146,2.6126456260681152,2.0664663314819336,135.0,0,1,180,1.718,0.6327,1.0,0.3892,0.1898,0.3,0.1557,0.6455,0.4521
180.901,4,RETURN_HOME,6.8534,5.0036,-1.9678,-0.0462,-1.1169,-2.4668,-0.0462,-0.9169,0.9181,0.0,0.0,8.4856,2.571251392364502,2.0683786869049072,135.0,0,1,180,1.458,0.6296,1.0,0.3854,0.1889,0.3,0.1541,0.643,0.4521
180.951,4,RETURN_HOME,6.8533,4.9471,-1.9723,-0.0477,-1.1081,-2.4709,-0.0477,-0.9081,0.9094,0.0,0.0,8.4523,2.529801845550537,2.071247100830078,135.0,0,1,180,1.754,0.6271,1.0,0.3801,0.1881,0.3,0.1521,0.6402,0.4498
181.001,4,RETURN_HOME,6.8535,4.9004,-1.977,-0.0499,-1.0988,-2.4746,-0.0499,-0.8988,0.9002,0.0,0.0,8.4252,2.4424474239349365,2.008136749267578,26.9,0,1,180,1.472,0.6258,1.0,0.3756,0.1877,0.3,0.1502,0.638,0.4367
181.051,4,RETURN_HOME,6.8534,4.8452,-1.9821,-0.0531,-1.0865,-2.4792,-0.0531,-0.8865,0.888,0.0,0.0,8.3931,2.401395320892334,1.9726837873458862,26.65,0,1,180,1.791,0.6251,1.0,0.3701,0.1875,0.3,0.148,0.6356,0.4304
181.101,4,RETURN_HOME,6.8546,4.7998,-1.9873,-0.0553,-1.0761,-2.4833,-0.0553,-0.8761,0.8778,0.0,0.0,8.368,2.3599443435668945,1.9438085556030273,26.4,0,1,180,1.665,0.6241,1.0,0.3652,0.1872,0.3,0.1461,0.6333,0.4257
181.151,4,RETURN_HOME,6.856,4.7462,-1.993,-0.0578,-1.0639,-2.4884,-0.0578,-0.8639,0.8658,0.0,0.0,8.3385,2.2772631645202637,1.8751181364059448,25.9,0,1,180,1.797,0.6228,0.9499,0.3595,0.1868,0.285,0.1438,0.6156,0.4129
181.201,4,RETURN_HOME,6.8566,4.7021,-1.9972,-0.0596,-1.0541,-2.4927,0.0404,-1.0541,1.0548,0.0,0.0,8.314,2.235757827758789,1.8447571992874146,25.65,0,1,180,1.537,0.5336,1.0,0.3752,0.1601,0.3,0.1501,0.6102,0.6005
181.251,4,RETURN_HOME,6.8551,4.6573,-2.0007,-0.0623,-1.0445,-2.4972,0.0377,-1.0445,1.0452,0.0,0.0,8.2875,2.197253704071045,1.8096866607666016,25.65,0,1,180,1.655,0.5317,1.0,0.3705,0.1595,0.3,0.1482,0.6077,0.5959
181.301,4,RETURN_HOME,6.8531,4.6045,-2.0043,-0.0655,-1.0327,-2.5027,0.0345,-1.0327,1.0332,0.0,0.0,8.2563,2.113647937774658,1.7482091188430786,24.9,0,1,180,1.563,0.5296,1.0,0.3648,0.1589,0.3,0.1459,0.6048,0.5815
181.351,4,RETURN_HOME,6.8504,4.5533,-2.0071,-0.0667,-1.0249,-2.5085,0.0333,-1.0249,1.0255,0.0,0.0,8.2256,2.0732877254486084,1.7154713869094849,24.65,0,1,180,1.62,0.5262,1.0,0.3597,0.1579,0.3,0.1439,0.6018,0.5808
181.401,4,RETURN_HOME,6.8464,4.5145,-2.0083,-0.0664,-1.0205,-2.5133,0.0336,-1.0205,1.0211,0.0,0.0,8.2009,2.035531759262085,1.686926245689392,24.4,0,1,180,1.711,0.5228,1.0,0.3559,0.1568,0.3,0.1423,0.5992,0.5792
181.451,4,RETURN_HOME,6.8427,4.4755,-2.0093,-0.0646,-1.019,-2.518,0.0354,-1.019,1.0196,0.0,0.0,8.1763,1.9532158374786377,1.6222954988479614,23.9,0,1,180,1.58,0.518,1.0,0.3521,0.1554,0.3,0.1408,0.5962,0.5688
181.501,4,RETURN_HOME,6.8375,4.4285,-2.0113,-0.0613,-1.0196,-2.5234,0.0387,-1.0196,1.0204,0.0,0.0,8.1464,1.9153556823730469,1.5918173789978027,23.65,0,1,180,1.516,0.5114,1.0,0.3479,0.1534,0.3,0.1391,0.5926,0.5724
181.551,4,RETURN_HOME,6.83,4.3892,-2.0168,-0.0591,-1.021,-2.5278,0.0409,-1.021,1.0218,0.0,0.0,8.1187,1.8752267360687256,1.5616399049758911,23.4,0,1,180,1.687,0.5065,1.0,0.3451,0.152,0.3,0.138,0.59,0.5741
181.601,4,RETURN_HOME,6.8218,4.3418,-2.0223,-0.0561,-1.0231,-2.5329,0.0439,-1.0231,1.024,0.0,0.0,8.0863,1.790927529335022,1.4996148347854614,22.4,0,1,180,1.462,0.5002,1.0,0.3415,0.1501,0.3,0.1366,0.5867,0.5641
181.651,4,RETURN_HOME,6.8158,4.3018,-2.0254,-0.0533,-1.0247,-2.5371,0.0467,-1.0247,1.0258,0.0,0.0,8.0598,1.7502249479293823,1.4727996587753296,22.15,0,1,180,1.661,0.4946,1.0,0.3419,0.1484,0.3,0.1368,0.5852,0.562
181.701,4,RETURN_HOME,6.8093,4.2532,-2.0271,-0.0497,-1.0265,-2.5421,0.0503,-1.0265,1.0277,0.0,0.0,8.0285,1.7101970911026,1.4403029680252075,21.65,0,1,180,1.538,0.4876,1.0,0.3426,0.1463,0.3,0.137,0.5833,0.5662
181.751,4,RETURN_HOME,6.8045,4.2126,-2.0281,-0.0466,-1.0276,-2.5463,0.0534,-1.0276,1.029,0.0,0.0,8.003,1.6202473640441895,1.3833192586898804,20.64,0,1,180,1.706,0.4816,1.0,0.343,0.1445,0.3,0.1372,0.5817,0.5584
181.801,4,RETURN_HOME,6.8,4.1715,-2.0289,-0.0437,-1.0287,-2.5506,0.0563,-1.0287,1.0302,0.0,0.0,7.9776,1.5796829462051392,1.3540613651275635,20.14,0,1,180,1.521,0.4756,1.0,0.3434,0.1427,0.3,0.1374,0.58,0.5583
181.851,4,RETURN_HOME,6.7948,4.1216,-2.03,-0.0404,-1.0303,-2.5556,0.0596,-1.0303,1.032,0.0,0.0,7.9471,1.5352588891983032,1.3245612382888794,19.39,0,1,180,1.689,0.4684,1.0,0.344,0.1405,0.3,0.1376,0.5781,0.5577
181.901,4,RETURN_HOME,6.7902,4.0716,-2.0306,-0.0369,-1.0317,-2.5606,0.0631,-1.0317,1.0336,0.0,0.0,7.9174,1.4440091848373413,1.2671921253204346,18.14,0,1,180,1.639,0.4609,1.0,0.3445,0.1383,0.3,0.1378,0.5761,0.5563
181.951,4,RETURN_HOME,6.7851,4.0297,-2.0294,-0.0343,-1.0327,-2.5647,0.0657,-1.0327,1.0348,0.0,0.0,7.8915,1.4012439250946045,1.2447755336761475,17.14,0,1,180,1.599,0.455,1.0,0.3449,0.1365,0.3,0.138,0.5745,0.5553
182.001,4,RETURN_HOME,6.7785,3.9794,-2.0267,-0.0312,-1.0337,-2.5697,0.0688,-1.0337,1.0359,0.0,0.0,7.8603,1.3578948974609375,1.2153587341308594,16.39,0,1,180,1.727,0.4479,1.0,0.3453,0.1344,0.3,0.1381,0.5725,0.5549
182.051,4,RETURN_HOME,6.7737,3.9375,-2.0246,-0.0285,-1.0345,-2.5738,0.0715,-1.0345,1.037,0.0,0.0,7.835,1.2641630172729492,1.1640442609786987,14.64,0,1,180,1.596,0.4417,1.0,0.3457,0.1325,0.3,0.1383,0.5708,0.5454
182.101,4,RETURN_HOME,6.7711,3.8859,-2.0223,-0.0243,-1.0365,-2.5787,0.0757,-1.0365,1.0392,0.0,0.0,7.8069,1.2193626165390015,1.1353169679641724,13.89,0,1,180,1.522,0.4333,1.0,0.3464,0.13,0.3,0.1386,0.5686,0.5496
182.152,4,RETURN_HOME,6.7697,3.8428,-2.0205,-0.0207,-1.0382,-2.5827,0.0793,-1.0382,1.0413,0.0,0.0,7.7843,1.1755023002624512,1.1094305515289307,12.89,0,1,180,2.202,0.426,1.0,0.3471,0.1278,0.3,0.1388,0.5666,0.5495
182.201,4,RETURN_HOME,6.7682,3.7912,-2.0185,-0.0162,-1.0403,-2.5876,-0.0162,-0.9403,0.9404,0.0,0.0,7.7577,1.0748995542526245,1.0616421699523926,10.63,0,1,180,1.619,0.5037,0.9383,0.3158,0.1511,0.2815,0.1263,0.5589,0.469
182.251,4,RETURN_HOME,6.7664,3.7472,-2.0149,-0.0129,-1.0425,-2.5915,-0.0129,-0.9425,0.9426,0.0,0.0,7.7347,1.0381799936294556,1.0381799936294556,9.38,0,1,180,1.695,0.4964,0.9428,0.3142,0.1489,0.2828,0.1257,0.5575,0.4712
182.301,4,RETURN_HOME,6.7646,3.6947,-2.0111,-0.0087,-1.0452,-2.5962,-0.0087,-0.9452,0.9453,0.0,0.0,7.7078,1.0173468589782715,1.0173468589782715,8.38,0,1,180,1.625,0.4874,0.9502,0.3151,0.1462,0.2851,0.126,0.5573,0.4752
182.351,4,RETURN_HOME,6.7635,3.6508,-2.008,-0.0068,-1.0459,-2.6001,-0.0068,-0.9459,0.9459,0.0,0.0,7.6859,0.9709656238555908,0.9709656238555908,5.38,0,1,180,1.804,0.4814,0.9495,0.3153,0.1444,0.2848,0.1261,0.5554,0.4749
182.401,4,RETURN_HOME,6.7628,3.6066,-2.0034,-0.0065,-1.0452,-2.6041,-0.0065,-0.9452,0.9453,0.0,0.0,7.6644,0.9512741565704346,0.9512741565704346,4.13,0,1,180,1.595,0.4766,0.9506,0.3151,0.143,0.2852,0.126,0.5542,0.4748
182.452,4,RETURN_HOME,6.762,3.5538,-1.9986,-0.0079,-1.0422,-2.6092,-0.0079,-0.9422,0.9422,0.0,0.0,7.639,0.9320358037948608,0.9320358037948608,2.63,0,1,180,1.98,0.4726,0.954,0.3141,0.1418,0.2862,0.1256,0.5536,0.4766
182.501,4,RETURN_HOME,6.7621,3.5106,-1.9954,-0.0097,-1.0382,-2.6136,-0.0097,-0.9382,0.9382,0.0,0.0,7.6191,0.8935666084289551,0.8935666084289551,-0.88,0,1,180,1.631,0.4699,0.947,0.3127,0.141,0.2841,0.1251,0.5502,0.4731
182.551,4,RETURN_HOME,6.7653,3.4605,-1.9929,-0.0111,-1.0323,-2.619,-0.0111,-0.9323,0.9324,0.0,0.0,7.599,0.8800960183143616,0.8800960183143616,-2.63,0,1,180,1.603,0.466,0.9475,0.3108,0.1398,0.2842,0.1243,0.5483,0.4732
182.601,4,RETURN_HOME,6.768,3.4106,-1.991,-0.0128,-1.0261,-2.6246,-0.0128,-0.9261,0.9262,0.0,0.0,7.5788,0.8630282878875732,0.8630282878875732,-4.13,0,1,180,1.616,0.4624,0.9443,0.3087,0.1387,0.2833,0.1235,0.5455,0.4736
182.651,4,RETURN_HOME,6.7696,3.3688,-1.9912,-0.0144,-1.0212,-2.6293,-0.0144,-0.9212,0.9213,0.0,0.0,7.5615,0.8344568610191345,0.8344568610191345,-8.13,0,1,180,1.522,0.4595,0.9422,0.3071,0.1378,0.2827,0.1228,0.5433,0.4711
182.701,4,RETURN_HOME,6.7709,3.3182,-1.9938,-0.0164,-1.0159,-2.635,-0.0164,-0.9159,0.916,0.0,0.0,7.5403,0.8228769898414612,0.8228769898414612,-9.63,0,1,180,1.548,0.4561,0.9416,0.3053,0.1368,0.2825,0.1221,0.5414,0.4718
182.751,4,RETURN_HOME,6.7718,3.2681,-1.9963,-0.0183,-1.0107,-2.6408,-0.0183,-0.9107,0.9109,0.0,0.0,7.5191,0.8198441863059998,0.8114123344421387,-11.64,0,1,180,1.784,0.4526,0.9421,0.3036,0.1358,0.2826,0.1215,0.5399,0.4717
182.801,4,RETURN_HOME,6.7716,3.2294,-1.997,-0.0201,-1.0053,-2.6456,-0.2201,-0.8053,0.8348,0.0,0.0,7.5023,0.8167729377746582,0.7925671935081482,-15.89,0,1,180,1.57,0.6532,0.7185,0.3635,0.196,0.2155,0.1454,0.5569,0.3592
182.851,4,RETURN_HOME,6.7711,3.1837,-1.9976,-0.0217,-0.9988,-2.6515,-0.2217,-0.7988,0.8289,0.0,0.0,7.4822,0.815278172492981,0.785789430141449,-17.39,0,1,180,1.695,0.652,0.7283,0.3603,0.1956,0.2185,0.1441,0.5582,0.3642
182.901,4,RETURN_HOME,6.7706,3.1456,-1.9982,-0.0229,-0.9935,-2.6561,-0.2229,-0.7935,0.8242,0.0,0.0,7.4656,0.8138734698295593,0.7807096242904663,-19.64,0,1,180,1.689,0.6509,0.7389,0.3576,0.1953,0.2217,0.143,0.56,0.3694
182.951,4,RETURN_HOME,6.7728,3.0995,-2.0033,-0.0283,-0.9858,-2.6616,-0.2283,-0.7858,0.8183,0.0,0.0,7.4483,11.510292053222656,0.7715741395950317,-23.9,0,1,180,1.695,0.6533,0.7577,0.3564,0.196,0.2273,0.1426,0.5659,0.3781
183.001,4,RETURN_HOME,6.7744,3.0612,-2.0078,-0.0366,-0.9777,-2.6662,-0.2366,-0.7777,0.8128,0.0,0.0,7.434,11.512408256530762,0.7683148980140686,-23.15,0,1,180,1.493,0.6592,0.7799,0.3572,0.1978,0.234,0.1429,0.5746,0.3875
183.051,4,RETURN_HOME,6.7754,3.0156,-2.0124,-0.0499,-0.9658,-2.6719,-0.2499,-0.7658,0.8056,0.0,0.0,7.4162,11.519438743591309,0.766499400138855,-27.65,0,1,180,1.597,0.67,0.781,0.3598,0.201,0.2343,0.1439,0.5792,0.3854
183.101,4,RETURN_HOME,6.7782,2.9802,-2.016,-0.0618,-0.9539,-2.6768,-0.2618,-0.8539,0.8931,0.0,0.0,7.4044,11.53474235534668,0.7623260617256165,-28.15,0,1,180,1.578,0.6532,0.8133,0.3889,0.196,0.244,0.1556,0.5955,0.4051
183.151,4,RETURN_HOME,6.7798,2.9449,-2.019,-0.0745,-0.9413,-2.6819,-0.2745,-0.8413,0.885,0.0,0.0,7.3918,11.54594898223877,0.7601875066757202,-24.65,0,1,180,1.616,0.6633,0.8128,0.3913,0.199,0.2438,0.1565,0.5993,0.4062
183.201,4,RETURN_HOME,6.7797,2.9025,-2.022,-0.0904,-0.926,-2.6881,-0.2904,-0.826,0.8756,0.0,0.0,7.3749,11.557379722595215,0.7587027549743652,-24.9,0,1,180,1.645,0.6762,0.81,0.3947,0.2028,0.243,0.1579,0.6037,0.4058
183.252,4,RETURN_HOME,6.7758,2.866,-2.0239,-0.1046,-0.9156,-2.6934,-0.3046,-0.8156,0.8706,0.0,0.0,7.357,11.590466499328613,0.7527948617935181,-27.65,0,1,180,1.925,0.6872,0.8244,0.3988,0.2062,0.2473,0.1595,0.613,0.4157
183.301,4,RETURN_HOME,6.7704,2.8228,-2.0257,-0.1213,-0.9058,-2.6999,-0.3213,-0.8058,0.8675,0.0,0.0,7.3353,11.609922409057617,0.7513327598571777,-30.15,0,1,180,1.509,0.6993,0.8392,0.4044,0.2098,0.2518,0.1618,0.6233,0.4203
183.352,4,RETURN_HOME,6.765,2.7872,-2.0269,-0.135,-0.8993,-2.7053,-0.335,-0.7993,0.8667,0.0,0.0,7.3167,11.626908302307129,0.7490218877792358,-31.4,0,1,180,2.02,0.7087,0.8467,0.4095,0.2126,0.254,0.1638,0.6304,0.423
183.401,4,RETURN_HOME,6.7567,2.7456,-2.0281,-0.1519,-0.8929,-2.7114,-0.3519,-0.7929,0.8675,0.0,0.0,7.2932,11.664685249328613,0.7483971118927002,-35.16,0,1,180,1.601,0.7199,0.8769,0.4163,0.216,0.2631,0.1665,0.6456,0.4332
183.451,4,RETURN_HOME,6.7477,2.7041,-2.0289,-0.1684,-0.8872,-2.7173,-0.3684,-0.7872,0.8691,0.0,0.0,7.2694,11.685049057006836,0.7494124174118042,-37.16,0,1,180,1.736,0.7304,0.8823,0.4232,0.2191,0.2647,0.1693,0.6531,0.435
183.501,4,RETURN_HOME,6.7396,2.6699,-2.0305,-0.1822,-0.8823,-2.722,-0.3822,-0.7823,0.8707,0.0,0.0,7.2491,11.699816703796387,0.7514110803604126,-39.16,0,1,180,1.597,0.7391,0.8912,0.429,0.2217,0.2674,0.1716,0.6607,0.4385
183.551,4,RETURN_HOME,6.7291,2.6291,-2.0327,-0.1988,-0.8761,-2.7277,-0.3988,-0.8761,0.9626,0.0,0.0,7.2245,11.732765197753906,0.7568508982658386,-43.42,0,1,180,1.785,0.7171,0.9618,0.4602,0.2151,0.2885,0.1841,0.6877,0.4689
183.601,4,RETURN_HOME,6.718,2.5884,-2.0342,-0.2154,-0.8694,-2.7333,-0.4154,-0.8694,0.9635,0.0,0.0,7.1994,11.750350952148438,0.7615792751312256,-45.42,0,1,180,1.626,0.7267,0.979,0.4668,0.218,0.2937,0.1867,0.6984,0.477
183.651,4,RETURN_HOME,6.7094,2.5538,-2.037,-0.2285,-0.8639,-2.7379,-0.4285,-0.7639,0.8759,0.0,0.0,7.1789,11.779772758483887,0.7711766958236694,-49.17,0,1,180,1.573,0.7675,1.0,0.4482,0.2302,0.3,0.1793,0.7095,0.4858
183.701,4,RETURN_HOME,6.7004,2.5192,-2.0396,-0.2418,-0.8602,-2.7425,-0.4418,-0.6602,0.7944,0.0,0.0,7.1584,11.800419807434082,0.7778730392456055,-51.42,0,1,180,1.505,0.813,0.9936,0.4306,0.2439,0.2981,0.1722,0.7142,0.4818
183.751,4,RETURN_HOME,6.689,2.4778,-2.042,-0.2578,-0.8583,-2.7479,-0.4578,-0.6583,0.8018,0.0,0.0,7.1331,11.816526412963867,0.7846671938896179,-53.17,0,1,180,1.723,0.8206,1.0,0.4386,0.2462,0.3,0.1755,0.7216,0.498
183.801,4,RETURN_HOME,6.6818,2.4422,-2.0458,-0.2701,-0.8571,-2.7521,-0.4701,-0.6571,0.8079,0.0,0.0,7.1141,11.83203125,0.7928029894828796,-54.93,0,1,180,1.632,0.8256,1.0,0.4447,0.2477,0.3,0.1779,0.7256,0.5072
183.851,4,RETURN_HOME,6.6729,2.3995,-2.05,-0.2844,-0.8523,-2.7571,-0.4844,-0.6523,0.8125,0.0,0.0,7.0912,11.856821060180664,0.8092285990715027,-58.68,0,1,180,1.636,0.8327,1.0,0.451,0.2498,0.3,0.1804,0.7302,0.5255
183.901,4,RETURN_HOME,6.6629,2.3578,-2.0529,-0.299,-0.8432,-2.7619,-0.499,-0.6432,0.8141,0.0,0.0,7.0678,11.867114067077637,0.8189022541046143,-60.43,0,1,180,1.532,0.8414,1.0,0.4567,0.2524,0.3,0.1827,0.7351,0.5397
183.951,4,RETURN_HOME,6.6548,2.3254,-2.0532,-0.3109,-0.8326,-2.766,-0.5109,-0.6326,0.8131,0.0,0.0,7.0494,11.890371322631836,0.8389063477516174,-63.68,0,1,180,1.598,0.8498,1.0,0.4606,0.2549,0.3,0.1843,0.7392,0.571
184.001,4,RETURN_HOME,6.6439,2.287,-2.053,-0.3258,-0.818,-2.771,-0.5258,-0.618,0.8114,0.0,0.0,7.0265,11.900344848632812,0.8540034294128418,-65.44,0,1,180,1.572,0.8606,1.0,0.4655,0.2582,0.3,0.1862,0.7444,0.5883
184.051,4,RETURN_HOME,6.6339,2.2555,-2.0528,-0.3387,-0.8053,-2.7751,-0.5387,-0.6053,0.8102,0.0,0.0,7.0068,11.915657043457031,0.861755907535553,-66.94,0,1,180,1.655,0.8699,1.0,0.4699,0.261,0.3,0.188,0.7489,0.5961
184.101,4,RETURN_HOME,6.6215,2.2189,-2.0537,-0.3542,-0.79,-2.7802,-0.5542,-0.59,0.8095,0.0,0.0,6.9834,11.950481414794922,0.8842130899429321,-70.19,0,1,180,1.583,0.8807,1.0,0.4753,0.2642,0.3,0.1901,0.7543,0.6282
184.151,4,RETURN_HOME,6.6101,2.1887,-2.0539,-0.3673,-0.7775,-2.7845,-0.5673,-0.5775,0.8096,0.0,0.0,6.963,11.969883918762207,0.8994792699813843,-71.69,0,1,180,1.763,0.8895,1.0,0.4801,0.2668,0.3,0.192,0.7589,0.6412
184.201,4,RETURN_HOME,6.5939,2.1528,-2.0541,-0.384,-0.7631,-2.7895,-0.584,-0.5631,0.8113,0.0,0.0,6.9364,11.99036693572998,0.9113994836807251,-72.94,0,1,180,1.545,0.8997,1.0,0.4866,0.2699,0.3,0.1946,0.7646,0.6532
184.251,4,RETURN_HOME,6.5773,2.123,-2.0546,-0.399,-0.7515,-2.7936,-0.599,-0.5515,0.8142,0.0,0.0,6.9115,12.02631664276123,0.9367343783378601,-75.7,0,1,180,1.622,0.9081,1.0,0.493,0.2724,0.3,0.1972,0.7696,0.6782
184.301,4,RETURN_HOME,6.5603,2.0936,-2.0546,-0.4139,-0.74,-2.7976,-0.6139,-0.54,0.8176,0.0,0.0,6.8863,12.050238609313965,0.9504768252372742,-77.2,0,1,180,1.577,0.9161,1.0,0.4994,0.2748,0.3,0.1997,0.7746,0.6935
184.351,4,RETURN_HOME,6.5379,2.0576,-2.056,-0.4322,-0.7267,-2.8023,-0.6322,-0.5267,0.8228,0.0,0.0,6.8541,12.069753646850586,0.9624348282814026,-78.45,0,1,180,1.662,0.925,1.0,0.5074,0.2775,0.3,0.203,0.7805,0.7035
184.401,4,RETURN_HOME,6.5179,2.0272,-2.0582,-0.4478,-0.7157,-2.8061,-0.6478,-0.5157,0.828,0.0,0.0,6.8258,12.091445922851562,0.9763234257698059,-79.7,0,1,180,1.631,0.932,1.0,0.5145,0.2796,0.3,0.2058,0.7854,0.7155
184.451,4,RETURN_HOME,6.4933,1.9916,-2.0599,-0.4661,-0.7024,-2.8107,-0.6661,-0.5024,0.8343,0.0,0.0,6.7919,12.134794235229492,1.0068705081939697,-81.95,0,1,180,1.695,0.9399,1.0,0.5227,0.282,0.3,0.2091,0.7911,0.7548
184.501,4,RETURN_HOME,6.4683,1.9583,-2.0659,-0.4838,-0.6879,-2.8153,-0.6838,-0.4879,0.84,0.0,0.0,6.7583,12.157807350158691,1.0177778005599976,-83.45,0,1,180,1.581,0.9474,1.0,0.5306,0.2842,0.3,0.2122,0.7965,0.7646
184.551,4,RETURN_HOME,6.4472,1.9316,-2.0718,-0.4983,-0.6754,-2.819,-0.6983,-0.4754,0.8448,0.0,0.0,6.7303,12.20057487487793,1.0448275804519653,-85.7,0,1,180,1.619,0.9534,1.0,0.5369,0.286,0.3,0.2148,0.8008,0.7911
184.601,4,RETURN_HOME,6.4212,1.9002,-2.0772,-0.5155,-0.6604,-2.8235,-0.7155,-0.4604,0.8509,0.0,0.0,6.6965,12.226360321044922,1.0613641738891602,-86.71,0,1,180,1.461,0.9599,1.0,0.5445,0.288,0.3,0.2178,0.8058,0.815
184.651,4,RETURN_HOME,6.398,1.8738,-2.0761,-0.5305,-0.6481,-2.8271,-0.7305,-0.4481,0.857,0.0,0.0,6.6667,12.250079154968262,1.077751636505127,-87.96,0,1,180,1.638,0.965,1.0,0.5513,0.2895,0.3,0.2205,0.81,0.8243
184.701,4,RETURN_HOME,6.3696,1.8429,-2.0742,-0.5484,-0.6335,-2.8314,-0.7484,-0.4335,0.8648,0.0,0.0,6.6308,12.295170783996582,1.1047650575637817,-89.96,0,1,180,1.489,0.9705,1.0,0.5596,0.2912,0.3,0.2238,0.815,0.8547
184.751,4,RETURN_HOME,6.3456,1.8177,-2.0722,-0.5633,-0.6212,-2.8348,-0.7633,-0.4212,0.8718,0.0,0.0,6.6008,12.320219039916992,1.1193811893463135,-91.21,0,1,180,1.688,0.9747,1.0,0.5665,0.2924,0.3,0.2266,0.819,0.875
184.801,4,RETURN_HOME,6.3177,1.7879,-2.0661,-0.5804,-0.6063,-2.8388,-0.7804,-0.5063,0.9302,0.0,0.0,6.5658,12.342041969299316,1.1352384090423584,-92.21,0,1,180,1.573,0.9554,1.0,0.5925,0.2866,0.3,0.237,0.8236,0.9056
184.851,4,RETURN_HOME,6.294,1.7636,-2.0612,-0.5948,-0.5937,-2.842,-0.7948,-0.4937,0.9356,0.0,0.0,6.5364,12.367157936096191,1.1482470035552979,-93.21,0,1,180,1.645,0.9603,1.0,0.599,0.2881,0.3,0.2396,0.8277,0.9188
184.901,4,RETURN_HOME,6.2648,1.7354,-2.0558,-0.6122,-0.5782,-2.846,-0.8122,-0.4782,0.9426,0.0,0.0,6.5008,12.41309642791748,1.1786839962005615,-94.96,0,1,180,1.605,0.9659,1.0,0.607,0.2898,0.3,0.2428,0.8325,0.9544
184.951,4,RETURN_HOME,6.2405,1.7127,-2.0526,-0.627,-0.5669,-2.8492,-0.827,-0.4669,0.9497,0.0,0.0,6.4713,12.439370155334473,1.1943024396896362,-96.21,0,1,180,1.594,0.9699,1.0,0.614,0.291,0.3,0.2456,0.8366,0.9687
185.001,4,RETURN_HOME,6.2155,1.6904,-2.0496,-0.6418,-0.5574,-2.8524,-0.8418,-0.4574,0.9581,0.0,0.0,6.4413,12.48902416229248,1.2236701250076294,-98.22,0,1,180,1.783,0.9732,1.0,0.6216,0.292,0.3,0.2486,0.8406,1.0031
185.051,4,RETURN_HOME,6.1855,1.663,-2.0476,-0.6595,-0.5485,-2.8561,-0.8595,-0.5485,1.0196,0.0,0.0,6.4052,12.516376495361328,1.2395884990692139,-99.22,0,1,180,1.697,0.9537,1.0,0.6483,0.2861,0.3,0.2593,0.8454,1.0398
185.101,4,RETURN_HOME,6.1561,1.634,-2.0486,-0.6765,-0.5418,-2.8596,-0.8765,-0.5418,1.0304,0.0,0.0,6.3692,12.539847373962402,1.256291389465332,-99.72,0,1,180,1.727,0.957,1.0,0.6574,0.2871,0.3,0.263,0.8501,1.0562
185.151,4,RETURN_HOME,6.1306,1.6104,-2.0491,-0.6907,-0.5365,-2.8624,-0.8907,-0.5365,1.0398,0.0,0.0,6.3386,12.582059860229492,1.2855664491653442,-101.72,0,1,180,1.694,0.9596,1.0,0.6652,0.2879,0.3,0.2661,0.8539,1.0908
185.201,4,RETURN_HOME,6.1005,1.5826,-2.0468,-0.7074,-0.5318,-2.8658,-0.9074,-0.5318,1.0518,0.0,0.0,6.3024,12.604969024658203,1.3044453859329224,-102.72,0,1,180,1.613,0.9621,1.0,0.6746,0.2886,0.3,0.2698,0.8585,1.1087
185.251,4,RETURN_HOME,6.0755,1.5599,-2.0427,-0.7212,-0.5294,-2.8686,-0.9212,-0.5294,1.0625,0.0,0.0,6.2725,12.626274108886719,1.319780945777893,-103.97,0,1,180,1.753,0.9637,1.0,0.6826,0.2891,0.3,0.273,0.8622,1.125
185.301,4,RETURN_HOME,6.0495,1.5374,-2.0389,-0.7353,-0.5279,-2.8713,-0.9353,-0.5279,1.074,0.0,0.0,6.2418,12.64683723449707,1.3351455926895142,-104.72,0,1,180,1.587,0.9651,1.0,0.691,0.2895,0.3,0.2764,0.8659,1.1436
185.351,4,RETURN_HOME,6.0164,1.5101,-2.0349,-0.7528,-0.527,-2.8744,-0.9528,-0.527,1.0888,0.0,0.0,6.2031,12.683226585388184,1.3725743293762207,-104.47,0,1,180,1.755,0.9666,1.0,0.7016,0.29,0.3,0.2806,0.8706,1.1776
185.401,4,RETURN_HOME,5.9815,1.4826,-2.0313,-0.771,-0.5264,-2.8774,-0.971,-0.5264,1.1045,0.0,0.0,6.1625,12.700653076171875,1.3878918886184692,-107.47,0,1,180,1.654,0.968,1.0,0.7127,0.2904,0.3,0.2851,0.8755,1.196
185.452,4,RETURN_HOME,5.9515,1.46,-2.0285,-0.7863,-0.5258,-2.8799,-0.9863,-0.5258,1.1177,0.0,0.0,6.1279,12.714737892150879,1.406019687652588,-103.72,0,1,180,1.985,0.9691,1.0,0.7221,0.2907,0.3,0.2888,0.8796,1.2122
185.501,4,RETURN_HOME,5.9211,1.4376,-2.0244,-0.8015,-0.5251,-2.8823,-1.0015,-0.6251,1.1806,0.0,0.0,6.0931,12.744333267211914,1.441346526145935,-105.97,0,1,180,1.708,0.9493,1.0,0.7471,0.2848,0.3,0.2989,0.8836,1.267
185.551,4,RETURN_HOME,5.89,1.4153,-2.0203,-0.8167,-0.5241,-2.8848,-1.0167,-0.6241,1.193,0.0,0.0,6.0576,12.75828742980957,1.4585236310958862,-104.47,0,1,180,1.665,0.9509,1.0,0.7563,0.2853,0.3,0.3025,0.8878,1.284
185.601,4,RETURN_HOME,5.8516,1.3889,-2.016,-0.8352,-0.5224,-2.8879,-1.0352,-0.6224,1.2079,0.0,0.0,6.0142,12.769331932067871,1.4744304418563843,-105.47,0,1,180,1.816,0.9529,1.0,0.7673,0.2859,0.3,0.3069,0.8928,1.3003
185.651,4,RETURN_HOME,5.8173,1.3668,-2.0112,-0.8513,-0.5226,-2.8905,-1.0513,-0.6226,1.2218,0.0,0.0,5.9757,12.801506042480469,1.5106213092803955,-105.47,0,1,180,1.695,0.9542,1.0,0.7772,0.2863,0.3,0.3109,0.8971,1.3367
185.701,4,RETURN_HOME,5.7749,1.3402,-2.0056,-0.8707,-0.5251,-2.8937,-1.0707,-0.6251,1.2398,0.0,0.0,5.9283,12.81883430480957,1.5270886421203613,-105.72,0,1,180,1.494,0.9552,1.0,0.7895,0.2866,0.3,0.3158,0.9024,1.3541
185.751,4,RETURN_HOME,5.7389,1.3181,-2.0015,-0.8868,-0.5288,-2.8961,-1.0868,-0.6288,1.2556,0.0,0.0,5.8884,12.833488464355469,1.5433564186096191,-104.72,0,1,180,1.702,0.9557,1.0,0.8,0.2867,0.3,0.32,0.9067,1.3726
185.801,4,RETURN_HOME,5.6987,1.2957,-2.0006,-0.904,-0.5336,-2.8985,-1.104,-0.6336,1.2729,0.0,0.0,5.8442,12.863554000854492,1.579564094543457,-102.97,0,1,180,1.561,0.9561,1.0,0.8113,0.2868,0.3,0.3245,0.9113,1.4078
185.851,4,RETURN_HOME,5.6503,1.2688,-1.9997,-0.9243,-0.54,-2.9012,-1.1243,-0.64,1.2937,0.0,0.0,5.791,12.874868392944336,1.596072793006897,-104.47,0,1,180,1.677,0.9563,1.0,0.8248,0.2869,0.3,0.3299,0.9168,1.4268
185.901,4,RETURN_HOME,5.6097,1.2462,-1.9991,-0.941,-0.5453,-2.9033,-1.141,-0.6453,1.3109,0.0,0.0,5.7465,12.881828308105469,1.6143207550048828,-102.47,0,1,180,1.466,0.9565,1.0,0.8359,0.2869,0.3,0.3343,0.9213,1.4445
185.951,4,RETURN_HOME,5.5604,1.2174,-1.9975,-0.961,-0.5524,-2.9058,-1.161,-0.6524,1.3318,0.0,0.0,5.6921,12.899482727050781,1.650962471961975,-103.47,0,1,180,1.557,0.9564,1.0,0.8491,0.2869,0.3,0.3396,0.9266,1.4828
186.001,4,RETURN_HOME,5.5106,1.1886,-1.9961,-0.9807,-0.559,-2.9083,-1.1807,-0.359,1.2341,0.0,0.0,5.6374,12.905457496643066,1.6675320863723755,-101.72,0,1,180,1.586,0.9966,1.0,0.8199,0.299,0.3,0.328,9980.0187,1.4417
186.051,4,RETURN_HOME,5.4685,1.1641,-1.9962,-0.9972,-0.5648,-2.9103,-1.1972,-0.3648,1.2515,0.0,0.0,5.591,12.909453392028809,1.6856728792190552,-104.72,0,1,180,1.609,0.9963,1.0,0.8313,0.2989,0.3,0.3325,9980.969,1.4598
186.101,4,RETURN_HOME,5.416,1.1326,-2.0007,-1.0172,-0.5719,-2.9124,-1.2172,-0.3719,1.2727,0.0,0.0,5.5332,12.91865062713623,1.7231501340866089,-103.72,0,1,180,1.602,0.9959,1.0,0.845,0.2988,0.3,0.338,9982.1279,1.4976
186.151,4,RETURN_HOME,5.372,1.1067,-2.004,-1.0335,-0.5722,-2.9139,-1.2335,-0.3722,1.2884,0.0,0.0,5.4848,12.912073135375977,1.7403624057769775,-102.97,0,1,180,1.6,0.996,1.0,0.8555,0.2988,0.3,0.3422,9983.0731,1.5172
186.201,4,RETURN_HOME,5.3178,1.0757,-2.0059,-1.0534,-0.5659,-2.9158,-1.2534,-0.3659,1.3057,0.0,0.0,5.4255,12.90725326538086,1.7578768730163574,-102.47,0,1,180,1.616,0.9964,1.0,0.8674,0.2989,0.3,0.3469,9984.2279,1.5314
186.251,4,RETURN_HOME,5.2714,1.05,-2.0058,-1.0704,-0.5565,-2.9176,-1.2704,-0.3565,1.3195,0.0,0.0,5.375,12.901225090026855,1.7949661016464233,-103.47,0,1,180,1.63,0.997,1.0,0.8771,0.2991,0.3,0.3508,9985.2168,1.567
186.301,4,RETURN_HOME,5.2155,1.0202,-2.0057,-1.0908,-0.5416,-2.9201,-1.2908,-0.3416,1.3352,0.0,0.0,5.3144,12.908032417297363,1.8121564388275146,-102.22,0,1,180,1.571,0.9979,1.0,0.8882,0.2994,0.3,0.3553,9986.4035,1.5823
186.352,4,RETURN_HOME,5.1669,0.9981,-2.0047,-1.1084,-0.527,-2.9225,-1.3084,-0.327,1.3486,0.0,0.0,5.2624,12.918210983276367,1.8294929265975952,-101.72,0,1,180,1.84,0.9985,1.0,0.8978,0.2996,0.3,0.3591,9987.4291,1.5984
186.401,4,RETURN_HOME,5.1071,0.9737,-2.003,-1.1297,-0.5086,-2.9256,-1.3297,-0.3086,1.365,0.0,0.0,5.1991,12.959271430969238,1.8639006614685059,-102.72,0,1,180,1.603,0.9992,1.0,0.9093,0.2998,0.3,0.3637,9988.6749,1.628
186.451,4,RETURN_HOME,5.0471,0.9502,-2.0015,-1.1506,-0.4909,-2.9288,-1.3506,-0.2909,1.3816,0.0,0.0,5.1358,12.98526668548584,1.8805204629898071,-103.22,0,1,180,1.718,0.9997,1.0,0.9208,0.2999,0.3,0.3683,9989.8996,1.6397
186.501,4,RETURN_HOME,4.9963,0.932,-2.0011,-1.168,-0.4766,-2.9316,-1.368,-0.2766,1.3957,0.0,0.0,5.0825,13.015424728393555,1.8964776992797852,-102.47,0,1,180,1.662,0.9999,1.0,0.9304,0.3,0.3,0.3721,9990.915,1.6528
186.551,4,RETURN_HOME,4.9349,0.9109,-2.0008,-1.1886,-0.4602,-2.9348,-1.3886,-0.2602,1.4128,0.0,0.0,5.0182,13.08375358581543,1.9279210567474365,-103.47,0,1,180,1.552,1.0,1.0,0.9418,0.3,0.3,0.3767,9992.1127,1.6817
186.601,4,RETURN_HOME,4.8835,0.8938,-2.0005,-1.2056,-0.447,-2.9375,-1.4056,-0.347,1.4478,0.0,0.0,4.9646,13.116137504577637,1.9417438507080078,-102.22,0,1,180,1.488,0.9981,1.0,0.9634,0.2994,0.3,0.3854,9993.121,1.7131
186.651,4,RETURN_HOME,4.8366,0.8786,-2.0,-1.2205,-0.4335,-2.9401,-1.4205,-0.3335,1.4591,0.0,0.0,4.9158,13.152070999145508,1.9559268951416016,-102.22,0,1,180,1.669,0.9987,1.0,0.9715,0.2996,0.3,0.3886,9994.0793,1.7255
186.701,4,RETURN_HOME,4.7794,0.8608,-1.9994,-1.2385,-0.4173,-2.9434,-1.4385,-0.3173,1.4731,0.0,0.0,4.8563,13.228959083557129,1.9851303100585938,-101.22,0,1,180,1.552,0.9992,1.0,0.9813,0.2998,0.3,0.3925,9995.2464,1.7505
186.751,4,RETURN_HOME,4.7308,0.8461,-1.9989,-1.254,-0.4056,-2.946,-1.454,-0.3056,1.4857,0.0,0.0,4.8059,13.26757526397705,1.998236894607544,-102.22,0,1,180,1.513,0.9995,1.0,0.99,0.2999,0.3,0.396,9996.2296,1.7612
186.801,4,RETURN_HOME,4.668,0.8293,-1.9994,-1.2744,-0.3936,-2.9491,-1.4744,-0.1936,1.4871,0.0,0.0,4.7411,13.308048248291016,2.010991334915161,-100.22,0,1,180,1.649,0.999,1.0,0.9904,0.2997,0.3,0.3962,9996.4998,1.7503
186.851,4,RETURN_HOME,4.6151,0.8154,-1.9997,-1.2916,-0.3852,-2.9516,-1.3916,-0.2852,1.4205,0.0,0.0,4.6866,13.392017364501953,2.0371859073638916,-101.22,0,1,180,1.59,0.9996,1.0,0.9466,0.2999,0.3,0.3787,9995.498,1.7934
186.901,4,RETURN_HOME,4.5609,0.8016,-1.9999,-1.309,-0.3781,-2.9539,-1.4,-0.2781,1.4274,0.0,0.0,4.6308,13.43065071105957,2.0497825145721436,-99.97,0,1,180,1.436,0.9998,1.0,0.9513,0.2999,0.3,0.3805,9996.3032,1.805
186.951,4,RETURN_HOME,4.4919,0.7848,-2.0002,-1.3311,-0.3681,-2.9567,-1.4,-0.2681,1.4254,0.0,0.0,4.5599,13.459512710571289,2.0598156452178955,-100.47,0,1,180,1.669,0.9999,1.0,0.9502,0.3,0.3,0.3801,9997.0003,1.8165
187.001,4,RETURN_HOME,4.4226,0.7684,-2.0003,-1.3502,-0.3577,-2.9595,-1.4,-0.2577,1.4235,0.0,0.0,4.4889,13.364726066589355,2.085033416748047,-100.22,0,1,180,1.428,0.9999,1.0,0.949,0.3,0.3,0.3796,9997.6967,1.8392
187.051,4,RETURN_HOME,4.3651,0.755,-1.9992,-1.3638,-0.3492,-2.9617,-1.4,-0.2492,1.422,0.0,0.0,4.4299,13.320381164550781,2.096907377243042,-102.47,0,1,180,1.702,1.0,1.0,0.948,0.3,0.3,0.3792,9998.2696,1.8491
187.102,4,RETURN_HOME,4.3078,0.7421,-1.9965,-1.3754,-0.3409,-2.9638,-1.4,-0.2409,1.4206,0.0,0.0,4.3712,13.274761199951172,2.107300281524658,-99.97,0,1,180,2.058,1.0,1.0,0.947,0.3,0.3,0.3788,9998.8255,1.8566
187.151,4,RETURN_HOME,4.2388,0.7269,-1.9937,-1.3872,-0.3313,-2.9661,-1.4,-0.2313,1.419,0.0,0.0,4.3007,13.17834758758545,2.1309897899627686,-102.22,0,1,180,1.733,1.0,1.0,0.946,0.3,0.3,0.3784,9999.4092,1.8776
187.201,4,RETURN_HOME,4.1698,0.7123,-1.9924,-1.3972,-0.3219,-2.9681,-1.4,-0.2219,1.4175,0.0,0.0,4.2302,13.131916046142578,2.1403961181640625,-99.97,0,1,180,1.529,0.9999,1.0,0.9449,0.3,0.3,0.378,9999.3631,1.8859
187.25,4,RETURN_HOME,4.1122,0.7005,-1.9923,-1.4045,-0.3142,-2.9697,-1.4,-0.2142,1.4163,0.0,0.0,4.1714,13.087271690368652,2.150312900543213,-101.22,0,1,180,0.979,0.9999,1.0,0.9441,0.3,0.3,0.3776,9998.8636,1.8948
187.3,4,RETURN_HOME,4.0429,0.6867,-1.9923,-1.4123,-0.3049,-2.9715,-1.4,-0.2049,1.4149,0.0,0.0,4.1008,12.9904203414917,2.1720051765441895,-99.47,0,1,180,0.982,0.9997,1.0,0.943,0.2999,0.3,0.3772,9998.2459,1.9136
187.35,4,RETURN_HOME,3.986,0.6758,-1.9913,-1.4179,-0.2968,-2.9728,-1.3,-0.1968,1.3148,0.0,0.0,4.0429,12.943733215332031,2.1808583736419678,-100.97,0,1,180,0.935,0.9998,1.0,0.8764,0.3,0.3,0.3506,9998.6021,1.9222
187.401,4,RETURN_HOME,3.9177,0.6632,-1.9901,-1.4244,-0.2869,-2.9743,-1.3,-0.1869,1.3134,0.0,0.0,3.9735,12.900567054748535,2.1896448135375977,-99.47,0,1,180,1.17,0.9997,1.0,0.8753,0.2999,0.3,0.3501,9998.7743,1.9295
187.451,4,RETURN_HOME,3.8606,0.6529,-1.9892,-1.4293,-0.2787,-2.9754,-1.3,-0.1787,1.3122,0.0,0.0,3.9154,12.801239013671875,2.210151195526123,-99.47,0,1,180,1.276,0.9995,1.0,0.8744,0.2999,0.3,0.3498,9998.5806,1.9475
187.5,4,RETURN_HOME,3.7913,0.6424,-1.9867,-1.4324,-0.2679,-2.9767,-1.4,-0.2679,1.4254,0.0,0.0,3.8454,12.756365776062012,2.217252492904663,-99.22,0,1,180,0.938,0.9998,1.0,0.9501,0.2999,0.3,0.38,9998.3181,1.9741
187.55,4,RETURN_HOME,3.7335,0.6341,-1.9847,-1.4326,-0.2588,-2.9776,-1.4,-0.2588,1.4237,0.0,0.0,3.787,12.71009349822998,2.2277979850769043,-98.72,0,1,180,1.05,0.9999,1.0,0.949,0.3,0.3,0.3796,9998.9111,1.9799
187.6,4,RETURN_HOME,3.6643,0.6242,-1.9827,-1.4305,-0.2479,-2.9784,-1.4,-0.2479,1.4218,0.0,0.0,3.7171,12.610734939575195,2.2449569702148438,-98.47,0,1,180,0.941,1.0,1.0,0.9478,0.3,0.3,0.3791,9999.6046,1.9967
187.65,4,RETURN_HOME,3.6079,0.6155,-1.9847,-1.4297,-0.2411,-2.979,-1.4,-0.2411,1.4206,0.0,0.0,3.6601,12.566216468811035,2.2537264823913574,-98.97,0,1,180,1.087,1.0,1.0,0.9471,0.3,0.3,0.3788,9999.5806,2.0038
187.7,4,RETURN_HOME,3.5402,0.6051,-1.9869,-1.4307,-0.2354,-2.9794,-1.4,-0.2354,1.4197,0.0,0.0,3.5916,12.521217346191406,2.260821580886841,-99.97,0,1,180,0.964,1.0,1.0,0.9464,0.3,0.3,0.3786,9998.9194,2.0099
187.75,4,RETURN_HOME,3.4829,0.5963,-1.9886,-1.433,-0.2325,-2.9795,-1.3,-0.2325,1.3206,0.0,0.0,3.5335,12.424802780151367,2.277167797088623,-99.47,0,1,180,0.985,1.0,1.0,0.8804,0.3,0.3,0.3522,9998.7886,2.0252
187.8,4,RETURN_HOME,3.4105,0.5843,-1.9901,-1.4381,-0.2308,-2.9795,-1.3,-0.2308,1.3203,0.0,0.0,3.4602,12.380142211914062,2.2862937450408936,-99.72,0,1,180,1.053,1.0,1.0,0.8802,0.3,0.3,0.3521,9999.4771,2.0334
187.85,4,RETURN_HOME,3.3504,0.5744,-1.9912,-1.4426,-0.2297,-2.9793,-1.4,-0.2297,1.4187,0.0,0.0,3.3992,12.334331512451172,2.293095588684082,-100.72,0,1,180,1.149,1.0,1.0,0.9458,0.3,0.3,0.3783,9999.6684,2.0391
187.9,4,RETURN_HOME,3.2782,0.5623,-1.9917,-1.4447,-0.2284,-2.979,-1.4,-0.2284,1.4185,0.0,0.0,3.3261,12.236931800842285,2.3084185123443604,-98.72,0,1,180,1.064,1.0,1.0,0.9456,0.3,0.3,0.3783,9999.0888,2.0555
187.95,4,RETURN_HOME,3.2181,0.5515,-1.9914,-1.4439,-0.2272,-2.9787,-1.3,-0.2272,1.3197,0.0,0.0,3.265,12.188594818115234,2.3167002201080322,-98.72,0,1,180,0.965,1.0,1.0,0.8798,0.3,0.3,0.3519,9998.8369,2.0625
188.0,4,RETURN_HOME,3.1464,0.5389,-1.9911,-1.4441,-0.2256,-2.9783,-1.3,-0.2256,1.3194,0.0,0.0,3.1922,12.142060279846191,2.3231208324432373,-98.97,0,1,180,0.996,1.0,1.0,0.8796,0.3,0.3,0.3518,9999.5544,2.0703
188.051,4,RETURN_HOME,3.0748,0.525,-1.9923,-1.4448,-0.2239,-2.9779,-1.4,-0.2239,1.4178,0.0,0.0,3.1193,12.045538902282715,2.3393898010253906,-100.22,0,1,180,1.448,0.9999,1.0,0.9451,0.3,0.3,0.3781,9999.5898,2.0851
188.1,4,RETURN_HOME,3.0153,0.5132,-1.9938,-1.4439,-0.2223,-2.9775,-1.4,-0.2223,1.4175,0.0,0.0,3.0586,11.999975204467773,2.3463923931121826,-99.97,0,1,180,0.959,0.9999,1.0,0.945,0.3,0.3,0.378,9999.2268,2.0917
188.15,4,RETURN_HOME,2.9443,0.4996,-1.9954,-1.4409,-0.2202,-2.977,-1.2,-0.2202,1.22,0.0,0.0,2.9864,11.953786849975586,2.353489875793457,-100.72,0,1,180,1.105,0.9999,1.0,0.8133,0.3,0.3,0.3253,9999.0155,2.0986
188.2,4,RETURN_HOME,2.8845,0.487,-1.9948,-1.4401,-0.2188,-2.9765,-1.3,-0.2188,1.3183,0.0,0.0,2.9253,11.855049133300781,2.368403434753418,-99.47,0,1,180,0.947,1.0,1.0,0.8789,0.3,0.3,0.3515,9999.5668,2.115
188.25,4,RETURN_HOME,2.8129,0.4722,-1.9937,-1.4411,-0.2173,-2.9761,-1.4,-0.2173,1.4168,0.0,0.0,2.8523,11.811005592346191,2.3764467239379883,-98.22,0,1,180,1.03,0.9999,1.0,0.9444,0.3,0.3,0.3778,9999.5193,2.1198
188.3,4,RETURN_HOME,2.7536,0.4605,-1.9929,-1.4385,-0.2158,-2.9757,-1.4,-0.2158,1.4165,0.0,0.0,2.7918,11.765312194824219,2.3839809894561768,-99.22,0,1,180,1.184,0.9999,1.0,0.9443,0.3,0.3,0.3777,9999.37,2.1263
188.35,4,RETURN_HOME,2.6824,0.4462,-1.993,-1.4345,-0.2143,-2.9754,-1.2,-0.2143,1.219,0.0,0.0,2.7193,11.66830062866211,2.3976049423217773,-99.47,0,1,180,1.097,0.9999,1.0,0.8126,0.3,0.3,0.325,9999.2358,2.1415
188.4,4,RETURN_HOME,2.6116,0.4325,-1.9933,-1.4332,-0.2129,-2.9752,-1.3,-0.2129,1.3173,0.0,0.0,2.6472,11.622038841247559,2.4046459197998047,-99.47,0,1,180,1.089,1.0,1.0,0.8782,0.3,0.3,0.3513,9999.7175,2.1476
188.45,4,RETURN_HOME,2.5532,0.4222,-1.9928,-1.4338,-0.2113,-2.9751,-1.4,-0.2113,1.4159,0.0,0.0,2.5879,11.531820297241211,2.417881965637207,-100.22,0,1,180,0.965,0.9999,1.0,0.9438,0.3,0.3,0.3775,9999.4369,2.1622
188.5,4,RETURN_HOME,2.496,0.4148,-1.9903,-1.4306,-0.2082,-2.975,-1.4,-0.2082,1.4154,0.0,0.0,2.5302,11.480154037475586,2.4257125854492188,-99.97,0,1,180,1.018,0.9999,1.0,0.9435,0.3,0.3,0.3774,9999.5244,2.1689
188.55,4,RETURN_HOME,2.4276,0.4059,-1.9878,-1.4255,-0.2047,-2.9751,-1.2,-0.2047,1.2173,0.0,0.0,2.4613,11.435111045837402,2.4319212436676025,-99.72,0,1,180,1.021,1.0,1.0,0.8115,0.3,0.3,0.3246,9999.539,2.1746
188.601,4,RETURN_HOME,2.3714,0.398,-1.9871,-1.4232,-0.2023,-2.9751,-1.2,-0.2023,1.2169,0.0,0.0,2.4046,11.344903945922852,2.4457786083221436,-99.22,0,1,180,1.274,1.0,1.0,0.8113,0.3,0.3,0.3245,9999.5432,2.186
188.65,4,RETURN_HOME,2.3069,0.3861,-1.9906,-1.4225,-0.201,-2.9753,-1.3,-0.201,1.3154,0.0,0.0,2.339,11.294353485107422,2.4522488117218018,-98.97,0,1,180,1.006,0.9999,1.0,0.8769,0.3,0.3,0.3508,9999.5485,2.193
188.7,4,RETURN_HOME,2.2528,0.3766,-1.9932,-1.4192,-0.1997,-2.9754,-1.4,-0.1997,1.4142,0.0,0.0,2.2841,11.249662399291992,2.4579567909240723,-99.47,0,1,180,0.942,0.9997,1.0,0.9425,0.2999,0.3,0.377,9999.3376,2.1981
188.75,4,RETURN_HOME,2.1888,0.3653,-1.995,-1.411,-0.198,-2.9755,-1.2,-0.198,1.2162,0.0,0.0,2.2191,11.158156394958496,2.471207857131958,-98.97,0,1,180,0.956,1.0,1.0,0.8108,0.3,0.3,0.3243,9999.6034,2.2103
188.8,4,RETURN_HOME,2.1266,0.3543,-1.9947,-1.4029,-0.1961,-2.9753,-1.2,-0.1961,1.2159,0.0,0.0,2.1559,11.108525276184082,2.477174997329712,-99.72,0,1,180,1.018,1.0,1.0,0.8106,0.3,0.3,0.3242,9999.5949,2.2176
188.851,4,RETURN_HOME,2.0744,0.3454,-1.9945,-1.3994,-0.1945,-2.9753,-1.3,-0.1945,1.3145,0.0,0.0,2.103,11.063167572021484,2.483231544494629,-98.72,0,1,180,1.741,0.9999,1.0,0.8762,0.3,0.3,0.3505,9999.6057,2.2244
188.901,4,RETURN_HOME,2.0094,0.3362,-1.9947,-1.3943,-0.1916,-2.9754,-1.1,-0.1916,1.1166,0.0,0.0,2.0374,10.975077629089355,2.497032880783081,-98.97,0,1,180,1.466,1.0,1.0,0.7444,0.3,0.3,0.2977,9999.5697,2.2346
188.951,4,RETURN_HOME,1.9545,0.3291,-1.9951,-1.3894,-0.1889,-2.9755,-1.1,-0.1889,1.1161,0.0,0.0,1.982,10.924276351928711,2.503486394882202,-101.47,0,1,180,1.766,1.0,1.0,0.7441,0.3,0.3,0.2976,9999.6214,2.2407
189.001,4,RETURN_HOME,1.8886,0.3207,-1.9956,-1.3848,-0.1858,-2.9756,-1.2,-0.1858,1.2143,0.0,0.0,1.9157,10.880412101745605,2.5090160369873047,-99.22,0,1,180,1.508,0.9999,1.0,0.8094,0.3,0.3,0.3238,9999.5841,2.2461
189.051,4,RETURN_HOME,1.8208,0.3114,-1.9979,-1.3763,-0.1829,-2.9758,-1.1,-0.1829,1.1151,0.0,0.0,1.8472,10.791653633117676,2.520233631134033,-99.97,0,1,180,1.577,1.0,1.0,0.7434,0.3,0.3,0.2974,9999.3187,2.2576
189.101,4,RETURN_HOME,1.7644,0.3037,-1.9999,-1.3665,-0.1807,-2.9758,-1.1,-0.1807,1.1147,0.0,0.0,1.7903,10.742424964904785,2.5262889862060547,-98.72,0,1,180,1.692,1.0,1.0,0.7431,0.3,0.3,0.2973,9999.8271,2.2635
189.151,4,RETURN_HOME,1.6975,0.2945,-2.0028,-1.3556,-0.1784,-2.9759,-1.2,-0.1784,1.2132,0.0,0.0,1.7229,10.701152801513672,2.5323140621185303,-100.47,0,1,180,1.592,0.9997,1.0,0.8086,0.2999,0.3,0.3234,9999.412,2.2683
189.201,4,RETURN_HOME,1.6423,0.2867,-2.0074,-1.345,-0.1766,-2.9759,-1.2,-0.1766,1.2129,0.0,0.0,1.6671,10.614812850952148,2.5437469482421875,-98.97,0,1,180,1.696,0.9996,1.0,0.8083,0.2999,0.3,0.3233,9999.3218,2.2809
189.251,4,RETURN_HOME,1.5768,0.2775,-2.0121,-1.3311,-0.1745,-2.9758,-1.1,-0.1745,1.1137,0.0,0.0,1.6011,10.566386222839355,2.5496275424957275,-98.22,0,1,180,1.62,0.9999,1.0,0.7424,0.3,0.3,0.297,9999.4394,2.2859
189.301,4,RETURN_HOME,1.5224,0.2704,-2.015,-1.3219,-0.1727,-2.9757,-1.1,-0.1727,1.1135,0.0,0.0,1.5462,10.525062561035156,2.555041551589966,-99.97,0,1,180,1.54,0.9998,1.0,0.7422,0.2999,0.3,0.2969,9999.5731,2.2907
189.351,4,RETURN_HOME,1.4666,0.2648,-2.0156,-1.3157,-0.1702,-2.9756,-1.2,-0.1702,1.212,0.0,0.0,1.4903,10.43949031829834,2.5659329891204834,-99.22,0,1,180,1.757,0.9993,1.0,0.8074,0.2998,0.3,0.323,9999.1221,2.3024
189.401,4,RETURN_HOME,1.4004,0.2581,-2.0159,-1.3076,-0.1672,-2.9752,-1.4,-0.2672,1.4253,0.0,0.0,1.424,10.391997337341309,2.5723724365234375,-99.47,0,1,180,1.535,1.0,1.0,0.9502,0.3,0.3,0.3801,9999.4443,2.3263
189.451,4,RETURN_HOME,1.3459,0.2521,-2.0168,-1.2994,-0.1648,-2.9748,-1.0994,-0.1648,1.1116,0.0,0.0,1.3693,10.35122013092041,2.5785086154937744,-99.72,0,1,180,1.566,0.9993,1.0,0.7406,0.2998,0.3,0.2962,9999.2159,2.3126
189.501,4,RETURN_HOME,1.2811,0.2431,-2.0214,-1.292,-0.163,-2.9741,-1.292,-0.263,1.3185,0.0,0.0,1.304,10.267088890075684,2.588644027709961,-99.47,0,1,180,1.422,0.9999,1.0,0.8789,0.3,0.3,0.3516,9999.3512,2.3415
189.551,4,RETURN_HOME,1.2276,0.2358,-2.0246,-1.2911,-0.1631,-2.9733,-1.1911,-0.2631,1.2198,0.0,0.0,1.25,10.220727920532227,2.5933568477630615,-98.97,0,1,180,1.666,0.9996,1.0,0.8129,0.2999,0.3,0.3251,9999.1901,2.3479
189.601,4,RETURN_HOME,1.1624,0.2275,-2.0249,-1.2882,-0.1623,-2.9721,-1.1882,-0.2623,1.2168,0.0,0.0,1.1844,10.18127155303955,2.6001594066619873,-99.97,0,1,180,1.537,0.9997,1.0,0.8109,0.2999,0.3,0.3244,9999.1771,2.3525
189.652,4,RETURN_HOME,1.1073,0.221,-2.0224,-1.2882,-0.163,-2.971,-1.3882,-0.263,1.4129,0.0,0.0,1.1292,10.100274085998535,2.610851764678955,-101.22,0,1,180,2.063,1.0,1.0,0.9419,0.3,0.3,0.3768,9999.2691,2.3645
189.701,4,RETURN_HOME,1.0419,0.2132,-2.0195,-1.2875,-0.1654,-2.9695,-1.2875,-0.2654,1.3145,0.0,0.0,1.0635,10.054027557373047,2.6167707443237305,-99.47,0,1,180,1.641,1.0,1.0,0.8764,0.3,0.3,0.3505,9999.3166,2.3708
189.751,4,RETURN_HOME,0.9878,0.2072,-2.0186,-1.2855,-0.1685,-2.968,-1.1855,-0.2685,1.2155,0.0,0.0,1.0093,10.013860702514648,2.6221964359283447,-99.47,0,1,180,1.553,0.9999,1.0,0.8102,0.3,0.3,0.3241,9999.0965,2.3765
189.801,4,RETURN_HOME,0.9234,0.2004,-2.0185,-1.2877,-0.1732,-2.9658,-1.1877,-0.2732,1.2187,0.0,0.0,0.9449,9.932637214660645,2.6338553428649902,-99.22,0,1,180,1.602,0.9999,1.0,0.8124,0.3,0.3,0.325,9999.1245,2.39
189.851,4,RETURN_HOME,0.8699,0.1944,-2.0183,-1.2909,-0.1774,-2.9638,-1.0909,-0.2774,1.1256,0.0,0.0,0.8914,9.887880325317383,2.640723466873169,-101.47,0,1,180,1.668,0.9996,1.0,0.7501,0.2999,0.3,0.3,9999.2226,2.3968
189.901,4,RETURN_HOME,0.809,0.1859,-2.02,-1.292,-0.183,-2.9609,-1.292,-0.283,1.3227,0.0,0.0,0.8301,9.847208976745605,2.646317481994629,-99.22,0,1,180,1.648,0.9999,1.0,0.8817,0.3,0.3,0.3527,9998.8777,2.4048
189.951,4,RETURN_HOME,0.7593,0.1784,-2.022,-1.2908,-0.1876,-2.9583,-1.2908,-0.2876,1.3224,0.0,0.0,0.7799,9.767157554626465,2.6576085090637207,-99.72,0,1,180,1.762,0.9999,1.0,0.8816,0.3,0.3,0.3526,9999.044,2.4232
190.001,4,RETURN_HOME,0.6995,0.1691,-2.024,-1.2844,-0.1929,-2.9549,-1.1844,-0.2929,1.2201,0.0,0.0,0.7197,9.719460487365723,2.6647748947143555,-100.97,0,1,180,1.585,1.0,1.0,0.8134,0.3,0.3,0.3253,9999.1193,2.4297
190.051,4,RETURN_HOME,0.6525,0.161,-2.027,-1.2799,-0.198,-2.9517,-1.0799,-0.298,1.1203,0.0,0.0,0.672,9.680754661560059,2.6712710857391357,-100.47,0,1,180,1.793,0.9996,1.0,0.7466,0.2999,0.3,0.2986,9999.1109,2.4403
190.101,4,RETURN_HOME,0.5955,0.151,-2.0299,-1.2779,-0.2039,-2.9477,-1.0779,-0.2039,1.097,0.0,0.0,0.6143,9.600794792175293,2.685375928878784,-102.22,0,1,180,1.592,0.9981,1.0,0.73,0.2994,0.3,0.292,9998.6536,2.4387
190.201,5,NAVIGATE,0.5023,0.1355,-2.034,-1.2706,-0.2124,-2.94,-1.4706,-0.0124,1.4707,0.0,12.0,11.8752,9.517001152038574,2.7044992446899414,-104.72,0,1,180,1.71,0.0339,1.0,0.4902,0.0102,0.3,0.1961,0.5063,2.4059
190.251,5,NAVIGATE,0.4474,0.1266,-2.0359,-1.2605,-0.2158,-2.9352,-1.4605,-0.0158,1.4606,0.0,12.0,11.8818,9.438889503479004,2.722414970397949,-106.22,0,1,180,1.704,0.0268,1.0,0.4869,0.0081,0.3,0.1947,0.5028,2.4258
190.301,5,NAVIGATE,0.3932,0.1179,-2.0343,-1.247,-0.2191,-2.9367,-1.447,-0.0191,1.4472,0.0,12.0,11.8886,9.396839141845703,2.733853816986084,-107.47,0,1,180,1.564,0.0199,1.0,0.4824,0.006,0.3,0.193,0.4989,2.4423
190.351,5,NAVIGATE,0.3489,0.1111,-2.0275,-1.245,-0.2177,-2.9447,-1.445,-0.0177,1.4451,0.0,12.0,11.894,9.354348182678223,2.7449491024017334,-108.23,0,1,180,1.672,0.0171,1.0,0.4817,0.0051,0.3,0.1927,0.4978,2.457
190.401,5,NAVIGATE,0.2947,0.1027,-2.0165,-1.252,-0.2145,-2.9621,-1.452,-0.0145,1.4521,0.0,12.0,11.9009,9.275667190551758,2.7669708728790283,-108.98,0,1,180,1.676,0.0148,1.0,0.484,0.0044,0.3,0.1936,0.4981,2.4673
190.451,5,NAVIGATE,0.2486,0.0967,-2.0041,-1.2636,-0.2104,-2.9824,-1.4636,-0.0104,1.4637,0.0,12.0,11.9059,9.232970237731934,2.778897762298584,-108.98,0,1,180,1.77,0.0138,1.0,0.4879,0.0041,0.3,0.1952,0.4993,2.4774
190.501,5,NAVIGATE,0.192,0.0909,-1.9859,-1.2819,-0.2034,-3.0133,-1.4819,-0.0034,1.4819,0.0,12.0,11.9106,9.195769309997559,2.793644428253174,-108.98,0,1,180,1.579,0.0138,1.0,0.494,0.0041,0.3,0.1976,0.5017,2.4875
190.551,5,NAVIGATE,0.1437,0.086,-1.97,-1.2991,-0.1961,-3.0439,-1.4991,0.0039,1.4991,0.0,12.0,11.9149,9.118084907531738,2.8141989707946777,-108.23,0,1,180,1.803,0.0146,1.0,0.4997,0.0044,0.3,0.1999,0.5043,2.4819
190.601,5,NAVIGATE,0.0849,0.0799,-1.9495,-1.3204,-0.1853,-3.086,-1.4,0.0147,1.4001,0.0,12.0,11.9204,9.071866035461426,2.823436737060547,-107.47,0,1,180,1.537,0.0176,1.0,0.4667,0.0053,0.3,0.1867,0.492,2.4872
190.651,5,NAVIGATE,0.0252,0.0739,-1.9282,-1.3416,-0.1722,-3.1334,-1.4,0.0278,1.4003,0.0,12.0,11.9261,9.029997825622559,2.8404626846313477,-106.72,0,1,180,1.832,0.022,1.0,0.4668,0.0066,0.3,0.1867,0.4933,2.4965
190.701,5,NAVIGATE,-0.0257,0.0691,-1.9109,-1.3586,-0.1602,3.1063,-1.4,0.0398,1.4006,0.0,12.0,11.9309,8.943076133728027,2.8619070053100586,-104.72,0,1,180,1.59,0.0263,1.0,0.4669,0.0079,0.3,0.1867,0.4946,2.4765
190.751,5,NAVIGATE,-0.0892,0.0654,-1.8941,-1.3761,-0.1432,3.0495,-1.4,0.0568,1.4012,0.0,12.0,11.9349,8.890948295593262,2.8677306175231934,-72.94,0,1,180,1.54,0.033,1.0,0.4671,0.0099,0.3,0.1868,0.4967,2.4813
190.801,5,NAVIGATE,-0.143,0.0629,-1.8809,-1.3877,-0.1281,2.9986,-1.4,0.0719,1.4018,0.0,12.0,11.9379,8.846235275268555,2.859342098236084,-71.44,0,1,180,1.723,0.0393,1.0,0.4673,0.0118,0.3,0.1869,0.4987,2.4867
190.851,5,NAVIGATE,-0.2083,0.0603,-1.8653,-1.3983,-0.1095,2.9332,-1.4,0.0905,1.4029,0.0,12.0,11.9415,8.754594802856445,2.8382608890533447,-68.69,0,1,180,1.627,0.0471,1.0,0.4676,0.0141,0.3,0.1871,0.5012,2.4254
190.9,5,NAVIGATE,-0.2662,0.0592,-1.8533,-1.4063,-0.0937,2.8752,-1.4,0.1063,1.404,0.0,12.0,11.9437,8.711030960083008,2.8270530700683594,-66.69,0,1,180,1.073,0.0535,1.0,0.468,0.016,0.3,0.1872,0.5032,2.4048
190.951,5,NAVIGATE,-0.3356,0.0583,-1.8389,-1.414,-0.075,2.8016,-1.4,0.125,1.4056,0.0,12.0,11.9464,8.690910339355469,2.8169898986816406,-64.94,0,1,180,1.313,0.0609,1.0,0.4685,0.0183,0.3,0.1874,0.5057,2.4621
191.0,5,NAVIGATE,-0.4044,0.058,-1.8245,-1.4202,-0.0567,2.7234,-1.4,0.1433,1.4073,0.0,12.0,11.9488,5.513241291046143,2.796393871307373,-61.18,0,1,180,1.061,0.0681,1.0,0.4691,0.0204,0.3,0.1876,0.5081,2.3204
191.05,5,NAVIGATE,-0.4592,0.0587,-1.8116,-1.4238,-0.0414,2.655,-1.4,0.1586,1.4089,0.0,12.0,11.9501,5.0076141357421875,2.786470651626587,-58.68,0,1,180,0.97,0.0743,1.0,0.4696,0.0223,0.3,0.1879,0.5101,2.3132
191.1,5,NAVIGATE,-0.5143,0.0598,-1.799,-1.4273,-0.0263,2.5835,-1.4,0.1737,1.4107,0.0,12.0,11.9513,4.6290178298950195,2.7780704498291016,-56.43,0,1,180,0.983,0.0803,1.0,0.4702,0.0241,0.3,0.1881,0.5122,2.3419
191.151,5,NAVIGATE,-0.582,0.0612,-1.7841,-1.432,-0.0081,2.4937,-1.4,0.1919,1.4131,0.0,12.0,11.9529,4.02139139175415,2.7589476108551025,-51.67,0,1,180,1.19,0.0874,1.0,0.471,0.0262,0.3,0.1884,0.5146,2.1759
191.2,5,NAVIGATE,-0.652,0.0629,-1.7695,-1.4373,0.0106,2.4002,-1.4,0.2106,1.4158,0.0,12.0,11.9549,3.7532665729522705,2.748960494995117,-48.92,0,1,180,0.997,0.0946,1.0,0.4719,0.0284,0.3,0.1888,0.5172,2.2232
191.25,5,NAVIGATE,-0.7103,0.0647,-1.7587,-1.4414,0.0282,2.3207,-1.4,0.2282,1.4185,0.0,12.0,11.9564,3.373322010040283,2.7346715927124023,-43.16,0,1,180,1.026,0.1019,1.0,0.4728,0.0306,0.3,0.1891,0.5197,1.9648
191.3,5,NAVIGATE,-0.7833,0.0675,-1.7496,-1.4466,0.0519,2.2249,-1.4,0.2519,1.4225,0.0,12.0,11.9582,3.2222495079040527,2.727900505065918,-40.41,0,1,180,0.984,0.1122,1.0,0.4742,0.0337,0.3,0.1897,0.5233,2.0342
191.35,5,NAVIGATE,-0.8585,0.0712,-1.7465,-1.4515,0.0783,2.1304,-1.4,0.2783,1.4274,0.0,12.0,11.9596,3.085844039916992,2.719332456588745,-37.16,0,1,180,1.023,0.1241,1.0,0.4758,0.0372,0.3,0.1903,0.5275,2.0441
191.4,5,NAVIGATE,-0.9206,0.0753,-1.7483,-1.4539,0.1009,2.0535,-1.4,0.3009,1.432,0.0,12.0,11.9602,2.899566411972046,2.706186056137085,-31.15,0,1,180,1.019,0.1343,1.0,0.4773,0.0403,0.3,0.1909,0.5312,1.7472
191.45,5,NAVIGATE,-0.9968,0.0835,-1.7599,-1.4553,0.1281,1.9648,-1.4,0.3281,1.4379,0.0,12.0,11.9581,2.832120180130005,2.7017109394073486,-27.65,0,1,180,0.993,0.1462,1.0,0.4793,0.0439,0.3,0.1917,0.5356,1.7843
191.5,5,NAVIGATE,-1.0599,0.0912,-1.7725,-1.4549,0.1493,1.8946,-1.4,0.3493,1.4429,0.0,12.0,11.9559,2.774020195007324,2.6951165199279785,-25.15,0,1,180,0.995,0.1551,1.0,0.481,0.0465,0.3,0.1924,0.5389,1.7273
191.55,5,NAVIGATE,-1.1223,0.0994,-1.7865,-1.4532,0.169,1.8282,-1.4,0.369,1.4478,0.0,12.0,11.9534,2.7046728134155273,2.682727575302124,-15.89,0,1,180,0.932,0.163,1.0,0.4826,0.0489,0.3,0.193,0.5419,1.4535
191.6,5,NAVIGATE,-1.193,0.1093,-1.8091,-1.4486,0.1909,1.754,-1.4,0.3909,1.4536,0.0,12.0,11.9504,2.683605670928955,2.67519474029541,-14.14,0,1,180,0.935,0.1714,1.0,0.4845,0.0514,0.3,0.1938,0.5452,1.4816
191.65,5,NAVIGATE,-1.2629,0.1196,-1.8327,-1.4433,0.2112,1.6863,-1.4,0.4112,1.4591,0.0,12.0,11.9473,2.67008376121521,2.667795419692993,-10.89,0,1,180,0.929,0.1788,1.0,0.4864,0.0536,0.3,0.1945,0.5482,1.4639
191.7,5,NAVIGATE,-1.3209,0.1289,-1.8519,-1.4385,0.2271,1.6349,-1.4,0.4271,1.4637,0.0,12.0,11.9444,2.6551334857940674,2.6551334857940674,-5.88,0,1,180,1.089,0.1842,1.0,0.4879,0.0553,0.3,0.1952,0.5504,1.2408
191.75,5,NAVIGATE,-1.3892,0.1408,-1.8757,-1.4328,0.245,1.5793,-1.4,0.445,1.469,0.0,12.0,11.9403,2.648258686065674,2.648258686065674,-3.38,0,1,180,1.032,0.19,1.0,0.4897,0.057,0.3,0.1959,0.5529,1.2415
191.8,5,NAVIGATE,-1.4572,0.1534,-1.8981,-1.4272,0.2624,1.5303,-1.4,0.4624,1.4744,0.0,12.0,11.9359,2.6407923698425293,2.6407923698425293,-1.88,0,1,180,0.982,0.1953,1.0,0.4915,0.0586,0.3,0.1966,0.5552,1.2111
191.851,5,NAVIGATE,-1.5018,0.1623,-1.9119,-1.4234,0.2737,1.5012,-1.3,0.4737,1.3836,0.0,12.0,11.9325,2.625098705291748,2.625098705291748,3.38,0,1,180,1.208,0.2214,1.0,0.4612,0.0664,0.3,0.1845,0.5509,0.9953
191.9,5,NAVIGATE,-1.5658,0.1769,-1.9302,-1.4175,0.2906,1.4629,-1.3,0.4906,1.3895,0.0,12.0,11.9264,2.6191184520721436,2.6191184520721436,5.38,0,1,180,1.031,0.2272,1.0,0.4632,0.0682,0.3,0.1853,0.5534,0.9773
191.95,5,NAVIGATE,-1.6302,0.1921,-1.9469,-1.4122,0.3074,1.431,-1.2,0.5074,1.3029,0.0,12.0,11.9199,2.60855770111084,2.60855770111084,4.38,0,1,180,1.137,0.2598,1.0,0.4343,0.0779,0.3,0.1737,0.5517,0.9168
192.001,5,NAVIGATE,-1.6738,0.2028,-1.957,-1.4083,0.3183,1.413,-1.2,0.5183,1.3071,0.0,12.0,11.9154,2.599858283996582,2.599858283996582,7.63,0,1,180,1.319,0.2636,1.0,0.4357,0.0791,0.3,0.1743,0.5534,0.8614
192.05,5,NAVIGATE,-1.7416,0.22,-1.9705,-1.4026,0.3341,1.3907,-1.3,0.4341,1.3706,0.0,12.0,11.9081,2.5816597938537598,2.5816597938537598,8.38,0,1,180,1.065,0.1746,1.0,0.4569,0.0524,0.3,0.1827,0.5351,1.0447
192.101,5,NAVIGATE,-1.809,0.2376,-1.9824,-1.3939,0.3499,1.3738,-1.3,0.4499,1.3757,0.0,12.0,11.9006,2.5714871883392334,2.570905923843384,10.89,0,1,180,1.646,0.1796,1.0,0.4586,0.0539,0.3,0.1834,0.5373,0.9915
192.151,5,NAVIGATE,-1.8648,0.2524,-1.9903,-1.3845,0.3628,1.3632,-1.2,0.4628,1.2861,0.0,12.0,11.8947,2.5528197288513184,2.551406145095825,11.14,0,1,180,1.65,0.2091,1.0,0.4287,0.0627,0.3,0.1715,0.5342,0.8841
192.201,5,NAVIGATE,-1.9314,0.2698,-1.9972,-1.3736,0.3753,1.3543,-1.2,0.4753,1.2907,0.0,12.0,11.8881,2.5422966480255127,2.5408809185028076,11.39,0,1,180,1.658,0.2123,1.0,0.4302,0.0637,0.3,0.1721,0.5358,0.843
192.251,5,NAVIGATE,-1.9973,0.2878,-2.0032,-1.3639,0.3861,1.3491,-1.1,0.4861,1.2026,0.0,12.0,11.8812,2.531118869781494,2.5279369354248047,10.63,0,1,180,1.588,0.2447,1.0,0.4009,0.0734,0.3,0.1603,0.5337,0.7909
192.301,5,NAVIGATE,-2.0503,0.3039,-2.0042,-1.3552,0.3945,1.3475,-1.3,0.3945,1.3585,0.0,12.0,11.8744,2.5074870586395264,2.503952741622925,12.64,0,1,180,1.433,0.1208,1.0,0.4528,0.0362,0.3,0.1811,0.5174,1.0322
192.351,5,NAVIGATE,-2.1132,0.3237,-2.0044,-1.3441,0.4046,1.3483,-1.3,0.4046,1.3615,0.0,12.0,11.866,2.496515989303589,2.4913220405578613,13.64,0,1,180,1.573,0.1224,1.0,0.4538,0.0367,0.3,0.1815,0.5182,0.9837
192.401,5,NAVIGATE,-2.1655,0.3404,-2.0046,-1.334,0.4125,1.3506,-1.3,0.4125,1.3639,0.0,12.0,11.859,2.4841928482055664,2.4775590896606445,13.14,0,1,180,1.572,0.1233,1.0,0.4546,0.037,0.3,0.1819,0.5188,0.9381
192.451,5,NAVIGATE,-2.2154,0.3582,-2.0062,-1.325,0.4186,1.3543,-1.2,0.4186,1.2709,0.0,12.0,11.8507,2.45814847946167,2.4537017345428467,12.89,0,1,180,1.683,0.147,1.0,0.4236,0.0441,0.3,0.1695,0.5136,0.8925
192.501,5,NAVIGATE,-2.2749,0.3799,-2.0084,-1.3176,0.4238,1.3601,-1.2,0.4238,1.2726,0.0,12.0,11.8407,2.444561243057251,2.4405152797698975,12.39,0,1,180,1.512,0.1456,1.0,0.4242,0.0437,0.3,0.1697,0.5134,0.854
192.551,5,NAVIGATE,-2.3352,0.4018,-2.0102,-1.3136,0.4278,1.3672,-1.2,0.4278,1.274,0.0,12.0,11.8309,2.4309310913085938,2.4276785850524902,11.39,0,1,180,1.675,0.1433,1.0,0.4247,0.043,0.3,0.1699,0.5129,0.8164
192.601,5,NAVIGATE,-2.3872,0.4211,-2.0105,-1.3112,0.4317,1.3738,-1.1,0.4317,1.1817,0.0,12.0,11.8224,2.4010510444641113,2.4010510444641113,9.88,0,1,180,1.512,0.1698,1.0,0.3939,0.051,0.3,0.1576,0.5085,0.7887
192.651,5,NAVIGATE,-2.4494,0.4439,-2.011,-1.3083,0.4357,1.3823,-1.1,0.4357,1.1831,0.0,12.0,11.8128,2.3897032737731934,2.388005018234253,12.64,0,1,180,1.569,0.1675,1.0,0.3944,0.0502,0.3,0.1578,0.508,0.754
192.701,5,NAVIGATE,-2.5119,0.466,-2.012,-1.3043,0.4392,1.391,-1.1,0.4392,1.1844,0.0,12.0,11.8043,2.3748745918273926,2.3735363483428955,10.63,0,1,180,1.625,0.1647,1.0,0.3948,0.0494,0.3,0.1579,0.5073,0.7222
192.752,5,NAVIGATE,-2.5539,0.48,-2.013,-1.3001,0.441,1.3966,-1.1,0.441,1.1851,0.0,12.0,11.7997,2.3474597930908203,2.3458847999572754,10.63,0,1,180,2.148,0.1624,1.0,0.395,0.0487,0.3,0.158,0.5067,0.7066
192.801,5,NAVIGATE,-2.6164,0.5009,-2.0145,-1.2913,0.4436,1.4046,-1.3913,0.3436,1.4331,0.0,12.0,11.793,2.334665298461914,2.3326971530914307,10.89,0,1,180,1.673,0.0184,1.0,0.4777,0.0055,0.3,0.1911,0.4966,1.1084
192.851,5,NAVIGATE,-2.6774,0.5229,-2.0162,-1.279,0.4471,1.4117,-1.379,0.3471,1.422,0.0,12.0,11.7853,2.318464994430542,2.318464994430542,9.13,0,1,180,1.657,0.0174,1.0,0.474,0.0052,0.3,0.1896,0.4948,1.0631
192.901,5,NAVIGATE,-2.7263,0.5426,-2.018,-1.267,0.4506,1.4165,-1.367,0.3506,1.4112,0.0,12.0,11.7773,2.291250705718994,2.290379524230957,10.13,0,1,180,1.481,0.0175,1.0,0.4704,0.0052,0.3,0.1882,0.4934,1.083
192.951,5,NAVIGATE,-2.7849,0.5662,-2.02,-1.2592,0.4514,1.421,-1.3592,0.3514,1.4039,0.0,12.0,11.7681,2.276841640472412,2.276841640472412,7.13,0,1,180,1.739,0.0141,1.0,0.468,0.0042,0.3,0.1872,0.4914,1.0605
193.001,5,NAVIGATE,-2.8322,0.5847,-2.0215,-1.258,0.4499,1.424,-1.358,0.3499,1.4023,0.0,12.0,11.7614,2.2623209953308105,2.2623209953308105,8.63,0,1,180,1.549,0.009,1.0,0.4674,0.0027,0.3,0.187,0.4897,1.0505
193.051,5,NAVIGATE,-2.879,0.6025,-2.0229,-1.261,0.447,1.4264,-1.361,0.347,1.4046,0.0,12.0,11.7555,2.247466802597046,2.247466802597046,9.38,0,1,180,1.704,0.0022,1.0,0.4682,0.0007,0.3,0.1873,0.4879,1.046
193.101,5,NAVIGATE,-2.9359,0.6237,-2.0245,-1.2689,0.4429,1.4284,-1.3689,0.3429,1.4112,0.0,12.0,11.749,2.221625804901123,2.221625804901123,9.38,0,1,180,1.56,-0.0071,1.0,0.4704,-0.0021,0.3,0.1882,0.486,1.0898
193.151,5,NAVIGATE,-2.9859,0.6417,-2.0263,-1.2779,0.4395,1.4293,-1.3779,0.3395,1.4191,0.0,12.0,11.7442,2.2063417434692383,2.2063417434692383,9.13,0,1,180,1.696,-0.0155,1.0,0.473,-0.0047,0.3,0.1892,0.4846,1.0969
193.201,5,NAVIGATE,-3.0374,0.6596,-2.0283,-1.2878,0.4361,1.4295,-1.3878,0.3361,1.4279,0.0,12.0,11.7401,2.193441390991211,2.193441390991211,8.63,0,1,180,1.619,-0.0241,1.0,0.476,-0.0072,0.3,0.1904,0.4832,1.102
193.251,5,NAVIGATE,-3.0998,0.6809,-2.0304,-1.2993,0.4323,1.4288,-1.3993,0.3323,1.4382,0.0,12.0,11.7358,2.166323661804199,2.166323661804199,7.63,0,1,180,1.552,-0.0341,1.0,0.4794,-0.0102,0.3,0.1918,0.4815,1.1008
193.301,5,NAVIGATE,-3.1644,0.7017,-2.0351,-1.3109,0.4285,1.427,-1.4,0.3285,1.438,0.0,12.0,11.7331,2.1518423557281494,2.1518423557281494,8.13,0,1,180,1.638,-0.0426,1.0,0.4793,-0.0128,0.3,0.1917,0.4789,1.1051
193.351,5,NAVIGATE,-3.2192,0.7187,-2.0397,-1.3201,0.4252,1.4247,-1.4,0.3252,1.4373,0.0,12.0,11.7316,2.138874053955078,2.138874053955078,8.38,0,1,180,1.751,-0.0497,1.0,0.4791,-0.0149,0.3,0.1916,0.4767,1.1471
193.401,5,NAVIGATE,-3.2742,0.7356,-2.0437,-1.3287,0.4219,1.4218,-1.4,0.3219,1.4365,0.0,12.0,11.7306,2.113131284713745,2.113131284713745,8.38,0,1,180,1.567,-0.0568,1.0,0.4788,-0.0171,0.3,0.1915,0.4745,1.1366
193.451,5,NAVIGATE,-3.3406,0.7561,-2.0469,-1.3384,0.4183,1.4173,-1.4,0.3183,1.4357,0.0,12.0,11.7297,2.0986545085906982,2.0986545085906982,7.88,0,1,180,1.976,-0.0652,1.0,0.4786,-0.0196,0.3,0.1914,0.4719,1.1435
193.502,5,NAVIGATE,-3.3961,0.7732,-2.0487,-1.3458,0.4153,1.413,-1.1,0.4153,1.1758,0.0,12.0,11.7292,2.0864109992980957,2.0864109992980957,9.63,0,1,180,2.367,0.0672,1.0,0.3919,0.0202,0.3,0.1568,0.4769,0.7015
193.551,5,NAVIGATE,-3.4628,0.7934,-2.0504,-1.3545,0.4112,1.407,-1.1,0.4112,1.1744,0.0,12.0,11.7294,2.0629866123199463,2.0617730617523193,10.13,0,1,180,1.628,0.058,1.0,0.3915,0.0174,0.3,0.1566,0.474,0.7127
193.601,5,NAVIGATE,-3.5316,0.8121,-2.0531,-1.3626,0.4067,1.4005,-1.2,0.4067,1.267,0.0,12.0,11.732,2.0486409664154053,2.0477399826049805,10.63,0,1,180,1.479,0.021,1.0,0.4223,0.0063,0.3,0.1689,0.4752,0.8189
193.652,5,NAVIGATE,-3.5885,0.8279,-2.055,-1.3627,0.406,1.3945,-1.2,0.406,1.2668,0.0,12.0,11.7343,2.0351920127868652,2.0351920127868652,8.88,0,1,180,2.45,0.0154,1.0,0.4223,0.0046,0.3,0.1689,0.4735,0.8248
193.701,5,NAVIGATE,-3.6562,0.8466,-2.0568,-1.355,0.4073,1.3865,-1.2,0.4073,1.2672,0.0,12.0,11.7374,2.0107054710388184,2.0107054710388184,9.88,0,1,180,1.53,0.0104,1.0,0.4224,0.0031,0.3,0.169,0.4721,0.8187
193.751,5,NAVIGATE,-3.7118,0.8618,-2.058,-1.3451,0.4093,1.3793,-1.2,0.4093,1.2679,0.0,12.0,11.7404,1.9973050355911255,1.9972656965255737,10.13,0,1,180,1.751,0.0071,1.0,0.4226,0.0021,0.3,0.1691,0.4712,0.8219
193.801,5,NAVIGATE,-3.7669,0.8774,-2.0588,-1.3343,0.4117,1.3715,-1.2,0.4117,1.2687,0.0,12.0,11.7432,1.9853785037994385,1.9850366115570068,10.89,0,1,180,1.594,0.004,1.0,0.4229,0.0012,0.3,0.1692,0.4704,0.8295
193.851,5,NAVIGATE,-3.8341,0.896,-2.0594,-1.3222,0.4146,1.3617,-1.2,0.4146,1.2696,0.0,12.0,11.7473,1.9616576433181763,1.9600918292999268,12.14,0,1,180,1.602,0.0002,1.0,0.4232,0.0,0.3,0.1693,0.4693,0.8151
193.901,5,NAVIGATE,-3.9036,0.9143,-2.0598,-1.3125,0.4169,1.3517,-1.2,0.4169,1.2704,0.0,12.0,11.753,1.9474694728851318,1.9467854499816895,11.14,0,1,180,1.614,-0.0042,1.0,0.4235,-0.0013,0.3,0.1694,0.4681,0.8203
193.952,5,NAVIGATE,-3.9606,0.9297,-2.0599,-1.3056,0.4189,1.3434,-1.2,0.4189,1.271,0.0,12.0,11.7574,1.936219334602356,1.934531807899475,13.14,0,1,180,2.33,-0.0077,1.0,0.4237,-0.0023,0.3,0.1695,0.4671,0.8248
194.001,5,NAVIGATE,-4.0267,0.9466,-2.0613,-1.2978,0.4203,1.3335,-1.1978,0.4203,1.2694,0.0,12.0,11.764,1.911791443824768,1.909071445465088,13.39,0,1,180,1.63,-0.0119,1.0,0.4231,-0.0036,0.3,0.1693,0.4657,0.8189
194.051,5,NAVIGATE,-4.0804,0.9595,-2.0634,-1.2917,0.4209,1.3253,-1.1917,0.4209,1.2639,0.0,12.0,11.7704,1.8982762098312378,1.894263744354248,13.64,0,1,180,2.058,-0.0145,1.0,0.4213,-0.0044,0.3,0.1685,0.4642,0.816
194.102,5,NAVIGATE,-4.1336,0.9729,-2.065,-1.2863,0.4217,1.3172,-1.1863,0.4217,1.2591,0.0,12.0,11.7764,1.888252854347229,1.8826260566711426,13.64,0,1,180,2.36,-0.0171,1.0,0.4197,-0.0051,0.3,0.1679,0.4628,0.8136
194.151,5,NAVIGATE,-4.1976,0.989,-2.0682,-1.2805,0.4226,1.3076,-1.1805,0.4226,1.2539,0.0,12.0,11.784,1.8650727272033691,1.8562260866165161,14.89,0,1,180,1.759,-0.0205,1.0,0.418,-0.0061,0.3,0.1672,0.461,0.8008
194.202,5,NAVIGATE,-4.2508,1.0026,-2.071,-1.276,0.4233,1.2998,-1.176,0.4233,1.2498,0.0,12.0,11.7903,1.8509060144424438,1.8422189950942993,15.14,0,1,180,2.376,-0.0233,1.0,0.4166,-0.007,0.3,0.1666,0.4597,0.8012
194.251,5,NAVIGATE,-4.3142,1.0195,-2.0735,-1.2707,0.4245,1.2905,-1.1707,0.4245,1.2453,0.0,12.0,11.7976,1.8377721309661865,1.829936146736145,14.14,0,1,180,1.773,-0.0265,1.0,0.4151,-0.0079,0.3,0.166,0.4581,0.8053
194.301,5,NAVIGATE,-4.3665,1.034,-2.0752,-1.2662,0.4259,1.283,-1.1662,0.4259,1.2415,0.0,12.0,11.8033,1.81410551071167,1.803990125656128,15.14,0,1,180,1.517,-0.0288,1.0,0.4138,-0.0086,0.3,0.1655,0.4569,0.7883
194.351,5,NAVIGATE,-4.4287,1.0519,-2.0765,-1.2605,0.4277,1.2743,-1.1605,0.4277,1.2369,0.0,12.0,11.81,1.801100254058838,1.7880258560180664,18.39,0,1,180,1.687,-0.0313,1.0,0.4123,-0.0094,0.3,0.1649,0.4555,0.783
194.401,5,NAVIGATE,-4.4801,1.0671,-2.0771,-1.2556,0.4294,1.2672,-1.1556,0.4294,1.2328,0.0,12.0,11.8152,1.7890956401824951,1.7747024297714233,16.89,0,1,180,1.787,-0.0331,1.0,0.4109,-0.0099,0.3,0.1644,0.4544,0.7771
194.451,5,NAVIGATE,-4.5427,1.0862,-2.0759,-1.2498,0.4325,1.2589,-1.1498,0.4325,1.2285,0.0,12.0,11.8215,1.7664676904678345,1.7475745677947998,17.14,0,1,180,1.615,-0.0347,1.0,0.4095,-0.0104,0.3,0.1638,0.4534,0.7583
194.502,5,NAVIGATE,-4.5947,1.1025,-2.0744,-1.245,0.4353,1.2521,-1.145,0.4353,1.2249,0.0,12.0,11.8265,1.7525824308395386,1.7317243814468384,19.89,0,1,180,2.276,-0.0357,1.0,0.4083,-0.0107,0.3,0.1633,0.4526,0.7515
194.551,5,NAVIGATE,-4.6562,1.1223,-2.0723,-1.2389,0.4384,1.2442,-1.1389,0.4384,1.2203,0.0,12.0,11.8324,1.7401655912399292,1.7201499938964844,19.39,0,1,180,1.571,-0.037,1.0,0.4068,-0.0111,0.3,0.1627,0.4516,0.7472
194.601,5,NAVIGATE,-4.7063,1.1383,-2.0697,-1.2329,0.4408,1.2377,-1.0329,0.4408,1.123,0.0,12.0,11.8374,1.7155238389968872,1.6931174993515015,20.14,0,1,180,1.632,-0.0055,1.0,0.3743,-0.0017,0.3,0.1497,0.4481,0.6594
194.651,5,NAVIGATE,-4.7658,1.1581,-2.0666,-1.226,0.4436,1.2302,-1.026,0.4436,1.1178,0.0,12.0,11.8431,1.699954628944397,1.6768321990966797,20.64,0,1,180,1.605,-0.0061,1.0,0.3726,-0.0018,0.3,0.149,0.4472,0.6502
194.701,5,NAVIGATE,-4.8148,1.175,-2.0632,-1.2202,0.446,1.2241,-1.0202,0.446,1.1134,0.0,12.0,11.8475,1.6870474815368652,1.6638267040252686,19.14,0,1,180,1.506,-0.0064,1.0,0.3711,-0.0019,0.3,0.1485,0.4465,0.6721
194.751,5,NAVIGATE,-4.8724,1.1956,-2.0557,-1.2109,0.4488,1.2171,-1.0109,0.4488,1.106,0.0,12.0,11.8523,1.6624864339828491,1.634876012802124,19.64,0,1,180,1.617,-0.0058,1.0,0.3687,-0.0017,0.3,0.1475,0.4457,0.6529
194.801,5,NAVIGATE,-4.9296,1.2164,-2.049,-1.1993,0.4516,1.2103,-0.9993,0.4516,1.0966,0.0,12.0,11.8569,1.6487523317337036,1.6204315423965454,19.39,0,1,180,1.667,-0.0043,1.0,0.3655,-0.0013,0.3,0.1462,0.4449,0.6403
194.851,5,NAVIGATE,-4.9772,1.2341,-2.0459,-1.1883,0.4538,1.2049,-0.9883,0.4538,1.0875,0.0,12.0,11.8607,1.6355245113372803,1.6056218147277832,20.14,0,1,180,1.64,-0.0026,1.0,0.3625,-0.0008,0.3,0.145,0.4442,0.6285
194.901,5,NAVIGATE,-5.0338,1.2555,-2.044,-1.1741,0.4563,1.1986,-0.9741,0.4563,1.0757,0.0,12.0,11.8652,1.6078249216079712,1.5767391920089722,22.15,0,1,180,1.648,-0.0,1.0,0.3586,-0.0,0.3,0.1434,0.4434,0.6282
194.951,5,NAVIGATE,-5.0805,1.2735,-2.0425,-1.1619,0.4584,1.1935,-0.9619,0.4584,1.0655,0.0,12.0,11.8689,1.5934805870056152,1.5618691444396973,20.64,0,1,180,1.681,0.0023,1.0,0.3552,0.0007,0.3,0.1421,0.4428,0.6118
195.001,5,NAVIGATE,-5.1267,1.2913,-2.0416,-1.1498,0.4604,1.1885,-0.9498,0.4604,1.0555,0.0,12.0,11.8727,1.581790566444397,1.5467498302459717,21.65,0,1,180,1.722,0.0048,1.0,0.3518,0.0015,0.3,0.1407,0.4422,0.5975
195.051,5,NAVIGATE,-5.1815,1.3125,-2.0411,-1.1355,0.4628,1.1827,-0.9355,0.4628,1.0437,0.0,12.0,11.8773,1.5532089471817017,1.5176992416381836,20.89,0,1,180,2.073,0.008,1.0,0.3479,0.0024,0.3,0.1392,0.4416,0.6007
195.101,5,NAVIGATE,-5.2267,1.3305,-2.0407,-1.1238,0.4649,1.1779,-0.9238,0.4649,1.0341,0.0,12.0,11.8809,1.54051673412323,1.5022907257080078,22.15,0,1,180,1.702,0.0107,1.0,0.3447,0.0032,0.3,0.1379,0.4411,0.5855
195.151,5,NAVIGATE,-5.2818,1.3499,-2.0391,-1.1106,0.4663,1.1723,-0.9106,0.4663,1.023,0.0,12.0,11.8879,1.5249959230422974,1.4871455430984497,24.15,0,1,180,1.757,0.0128,1.0,0.341,0.0038,0.3,0.1364,0.4403,0.5718
195.201,5,NAVIGATE,-5.3278,1.3655,-2.0376,-1.0999,0.4671,1.1678,-0.8999,0.4671,1.0139,0.0,12.0,11.8944,1.4977152347564697,1.4583898782730103,25.15,0,1,180,1.58,0.0143,1.0,0.338,0.0043,0.3,0.1352,0.4395,0.5758
195.251,5,NAVIGATE,-5.3821,1.3848,-2.0358,-1.087,0.4684,1.1625,-0.887,0.4684,1.0031,0.0,12.0,11.9017,1.4824893474578857,1.4417383670806885,23.9,0,1,180,1.596,0.0166,1.0,0.3344,0.005,0.3,0.1337,0.4387,0.5602
195.301,5,NAVIGATE,-5.4228,1.4007,-2.036,-1.0743,0.4696,1.1582,-0.8743,0.4696,0.9925,0.0,12.0,11.906,1.4687670469284058,1.4260448217391968,22.65,0,1,180,1.713,0.02,1.0,0.3308,0.006,0.3,0.1323,0.4383,0.5669
195.351,5,NAVIGATE,-5.4714,1.4204,-2.0361,-1.0592,0.4712,1.1531,-0.8592,0.4712,0.98,0.0,12.0,11.9107,1.4374752044677734,1.396873116493225,23.4,0,1,180,2.159,0.0243,1.0,0.3267,0.0073,0.3,0.1307,0.438,0.5406
195.401,5,NAVIGATE,-5.5116,1.4371,-2.036,-1.0468,0.4727,1.1489,-0.8468,0.4727,0.9698,0.0,12.0,11.9144,1.4236242771148682,1.3797756433486938,23.4,0,1,180,1.552,0.0282,1.0,0.3233,0.0085,0.3,0.1293,0.4378,0.5483
195.452,5,NAVIGATE,-5.5489,1.4529,-2.0388,-1.0328,0.4737,1.1447,-0.8328,0.4737,0.9581,0.0,12.0,11.9177,1.4096989631652832,1.3645755052566528,24.4,0,1,180,1.841,0.0329,1.0,0.3194,0.0099,0.3,0.1277,0.4376,0.5312
195.501,5,NAVIGATE,-5.5935,1.4724,-2.0414,-1.0163,0.4751,1.1396,-0.8163,0.4751,0.9445,0.0,12.0,11.9213,1.3791130781173706,1.3347660303115845,24.65,0,1,180,1.733,0.0387,1.0,0.3148,0.0116,0.3,0.1259,0.4376,0.5289
195.551,5,NAVIGATE,-5.6306,1.4891,-2.0431,-1.0029,0.4765,1.1354,-0.8029,0.4765,0.9337,0.0,12.0,11.924,1.3648934364318848,1.3173658847808838,25.65,0,1,180,1.679,0.0437,1.0,0.3112,0.0131,0.3,0.1245,0.4376,0.5328
195.601,5,NAVIGATE,-5.6758,1.5092,-2.047,-0.9875,0.4781,1.1304,-0.7875,0.4781,0.9212,0.0,12.0,11.9278,1.3493956327438354,1.3003606796264648,23.9,0,1,180,1.479,0.0496,1.0,0.3071,0.0149,0.3,0.1228,0.4377,0.5154
195.651,5,NAVIGATE,-5.7132,1.5263,-2.0495,-0.975,0.4795,1.1263,-0.775,0.4795,0.9113,0.0,12.0,11.9306,1.3198953866958618,1.2697482109069824,26.65,0,1,180,1.717,0.0547,1.0,0.3038,0.0164,0.3,0.1215,0.4379,0.5065
195.701,5,NAVIGATE,-5.7578,1.547,-2.0519,-0.9602,0.481,1.1215,-0.7602,0.481,0.8996,0.0,12.0,11.9339,1.302825689315796,1.2534050941467285,23.15,0,1,180,1.56,0.0607,0.9889,0.2999,0.0182,0.2967,0.1199,0.4348,0.488
195.751,5,NAVIGATE,-5.8019,1.5676,-2.0536,-0.9454,0.4821,1.1167,-0.7454,0.4821,0.8877,0.0,12.0,11.9372,1.2880915403366089,1.2367967367172241,25.4,0,1,180,1.624,0.0665,0.9897,0.2959,0.02,0.2969,0.1184,0.4352,0.4924
195.801,5,NAVIGATE,-5.8383,1.5851,-2.0545,-0.9331,0.4831,1.1127,-0.8331,0.4831,0.963,0.0,12.0,11.9397,1.255911111831665,1.2053406238555908,24.9,0,1,180,2.149,0.0146,1.0,0.321,0.0044,0.3,0.1284,0.4328,0.5177
195.851,5,NAVIGATE,-5.8811,1.6065,-2.058,-0.9179,0.4847,1.108,-0.8179,0.4847,0.9507,0.0,12.0,11.942,1.2407090663909912,1.1881871223449707,24.65,0,1,180,1.66,0.0201,1.0,0.3169,0.006,0.3,0.1268,0.4328,0.5303
195.901,5,NAVIGATE,-5.9161,1.6246,-2.0625,-0.9052,0.4862,1.1039,-0.8052,0.4862,0.9406,0.0,12.0,11.9436,1.2240219116210938,1.1721546649932861,25.65,0,1,180,1.555,0.025,1.0,0.3135,0.0075,0.3,0.1254,0.4329,0.5248
195.952,5,NAVIGATE,-5.9577,1.6467,-2.0666,-0.8925,0.4878,1.0989,-0.7925,0.4878,0.9306,0.0,12.0,11.9451,1.1926027536392212,1.139474868774414,27.15,0,1,180,2.386,0.0296,1.0,0.3102,0.0089,0.3,0.1241,0.433,0.5183
196.001,5,NAVIGATE,-6.0008,1.6707,-2.0682,-0.883,0.4901,1.0941,-0.783,0.4901,0.9238,0.0,12.0,11.9459,1.1760529279708862,1.1223273277282715,29.65,0,1,180,1.651,0.033,1.0,0.3079,0.0099,0.3,0.1232,0.4331,0.5115
196.051,5,NAVIGATE,-6.0367,1.691,-2.0686,-0.8766,0.4922,1.0901,-0.7766,0.4922,0.9194,0.0,12.0,11.9465,1.160466194152832,1.1059447526931763,26.65,0,1,180,1.816,0.0351,1.0,0.3065,0.0105,0.3,0.1226,0.4331,0.5013
196.101,5,NAVIGATE,-6.0723,1.7113,-2.0685,-0.8707,0.4943,1.0863,-0.7707,0.4943,0.9156,0.0,12.0,11.947,1.1271190643310547,1.0732600688934326,25.9,0,1,180,1.497,0.037,1.0,0.3052,0.0111,0.3,0.1221,0.4332,0.4656
196.151,5,NAVIGATE,-6.1163,1.7351,-2.0666,-0.8651,0.4964,1.0819,-0.7651,0.4964,0.912,0.0,12.0,11.949,1.110538125038147,1.0538355112075806,27.65,0,1,180,1.584,0.0381,1.0,0.304,0.0114,0.3,0.1216,0.433,0.45
196.201,5,NAVIGATE,-6.1529,1.7549,-2.0644,-0.8604,0.4981,1.0784,-0.7604,0.4981,0.909,0.0,12.0,11.9507,1.0927449464797974,1.0379371643066406,29.65,0,1,180,1.717,0.0391,1.0,0.303,0.0117,0.3,0.1212,0.4329,0.4339
196.251,5,NAVIGATE,-6.1962,1.7788,-2.0616,-0.8542,0.5002,1.0743,-0.6542,0.5002,0.8235,0.0,12.0,11.9526,1.0591809749603271,1.005395531654358,28.15,0,1,180,1.688,0.1077,0.9513,0.2745,0.0323,0.2854,0.1098,0.4275,0.4697
196.301,5,NAVIGATE,-6.2299,1.8008,-2.0588,-0.8475,0.5032,1.0708,-0.6475,0.5032,0.82,0.0,12.0,11.9514,1.0413576364517212,0.986962080001831,28.9,0,1,180,1.585,0.112,0.9526,0.2733,0.0336,0.2858,0.1093,0.4287,0.4672
196.351,5,NAVIGATE,-6.27,1.827,-2.0554,-0.8393,0.5065,1.0667,-0.6393,0.6065,0.8812,0.0,12.0,11.9501,1.025348424911499,0.9697926044464111,28.15,0,1,180,1.545,0.2053,0.8316,0.2937,0.0616,0.2495,0.1175,0.4286,0.4117
196.401,5,NAVIGATE,-6.3025,1.8491,-2.053,-0.83,0.5094,1.0632,-0.63,0.6094,0.8765,0.0,12.0,11.9483,0.9917521476745605,0.9383869767189026,26.15,0,1,180,1.615,0.2116,0.8492,0.2922,0.0635,0.2548,0.1169,0.4351,0.4212
196.451,5,NAVIGATE,-6.3384,1.8772,-2.0517,-0.8151,0.5132,1.059,-0.6151,0.6132,0.8685,0.0,12.0,11.9435,0.9710066914558411,0.9218438863754272,23.9,0,1,180,1.54,0.2225,0.8333,0.2895,0.0668,0.25,0.1158,0.4326,0.4144
196.501,5,NAVIGATE,-6.3681,1.9005,-2.0505,-0.8011,0.5181,1.0554,-0.7011,0.5181,0.8718,0.0,12.0,11.9396,0.9556078910827637,0.9076418876647949,22.65,0,1,180,1.578,0.0737,0.9877,0.2906,0.0221,0.2963,0.1162,0.4346,0.3885
196.551,5,NAVIGATE,-6.4035,1.9287,-2.0482,-0.7833,0.5264,1.051,-0.6833,0.5264,0.8626,0.0,12.0,11.9346,0.9203773140907288,0.879671573638916,19.39,0,1,180,1.652,0.09,0.9767,0.2875,0.027,0.293,0.115,0.435,0.3919
196.601,5,NAVIGATE,-6.4325,1.9529,-2.0449,-0.7685,0.5346,1.0472,-0.6685,0.5346,0.8559,0.0,12.0,11.9299,0.9002814888954163,0.8681430816650391,17.39,0,1,180,1.471,0.1049,0.9947,0.2853,0.0315,0.2984,0.1141,0.444,0.4044
196.651,5,NAVIGATE,-6.467,1.9819,-2.0413,-0.7537,0.5422,1.0426,-0.6537,0.6422,0.9164,0.0,12.0,11.9241,0.8830918669700623,0.8556368350982666,15.64,0,1,180,1.584,0.2019,0.9115,0.3055,0.0606,0.2735,0.1222,0.4562,0.4225
196.701,5,NAVIGATE,-6.489,2.0013,-2.0395,-0.7453,0.546,1.0396,-0.6453,0.646,0.9131,0.0,12.0,11.9198,0.8662034869194031,0.8463425636291504,13.89,0,1,180,1.6,0.2088,0.9147,0.3044,0.0626,0.2744,0.1217,0.4588,0.4222
196.751,5,NAVIGATE,-6.5185,2.0305,-2.0396,-0.7333,0.5497,1.0353,-0.5333,0.6497,0.8406,0.0,12.0,11.9115,0.8289812207221985,0.8282193541526794,10.13,0,1,180,1.623,0.2997,0.8414,0.2802,0.0899,0.2524,0.1121,0.4544,0.4208
196.801,5,NAVIGATE,-6.5434,2.0546,-2.0396,-0.7246,0.5537,1.0317,-0.5246,0.6537,0.8382,0.0,12.0,11.9049,0.8181727528572083,0.8181727528572083,8.38,0,1,180,1.594,0.3075,0.8788,0.2794,0.0923,0.2636,0.1118,0.4677,0.4319
196.851,5,NAVIGATE,-6.5735,2.084,-2.038,-0.7151,0.5604,1.0274,-0.5151,0.6604,0.8375,0.0,12.0,11.897,0.8129164576530457,0.8129164576530457,6.38,0,1,180,1.666,0.3174,0.874,0.2792,0.0952,0.2622,0.1117,0.4691,0.4283
196.901,5,NAVIGATE,-6.5987,2.1088,-2.0354,-0.7058,0.5675,1.024,-0.5058,0.6675,0.8375,0.0,12.0,11.8903,0.7998524308204651,0.7998524308204651,2.38,0,1,180,1.618,0.3279,0.8891,0.2792,0.0984,0.2667,0.1117,0.4767,0.4408
196.951,5,NAVIGATE,-6.6239,2.1336,-2.0329,-0.6949,0.5753,1.0206,-0.4949,0.6753,0.8372,0.0,12.0,11.8837,0.7956152558326721,0.7956152558326721,0.38,0,1,180,1.68,0.3402,0.8805,0.2791,0.1021,0.2642,0.1116,0.4779,0.4394
197.001,5,NAVIGATE,-6.6554,2.1633,-2.0296,-0.6807,0.585,1.0166,-0.4807,0.685,0.8368,0.0,12.0,11.8767,0.7926409244537354,0.7926409244537354,-1.63,0,1,180,1.766,0.3561,0.8767,0.2789,0.1068,0.263,0.1116,0.4814,0.4385
197.051,5,NAVIGATE,-6.6878,2.1932,-2.0261,-0.6656,0.5946,1.0126,-0.4656,0.7946,0.9209,0.0,12.0,11.8702,0.7872043251991272,0.7872043251991272,-5.88,0,1,180,1.701,0.4279,0.8705,0.307,0.1284,0.2611,0.1228,0.5123,0.4384
197.101,5,NAVIGATE,-6.7143,2.2182,-2.0233,-0.6525,0.6023,1.0093,-0.4525,0.8023,0.9211,0.0,12.0,11.8644,0.7847701907157898,0.7847701907157898,-7.88,0,1,180,1.632,0.4401,0.8762,0.307,0.132,0.2628,0.1228,0.5177,0.4428
197.151,5,NAVIGATE,-6.7471,2.2471,-2.0214,-0.6372,0.6101,1.0053,-0.4372,0.8101,0.9206,0.0,12.0,11.8593,0.7834317684173584,0.7834317684173584,-9.88,0,1,180,1.736,0.4535,0.8941,0.3069,0.1361,0.2682,0.1227,0.527,0.452
197.201,5,NAVIGATE,-6.774,2.2712,-2.0201,-0.6242,0.6186,1.002,-0.4242,0.8186,0.922,0.0,12.0,11.8548,0.8457988500595093,0.786902129650116,-13.89,0,1,180,1.803,0.4657,0.9239,0.3073,0.1397,0.2772,0.1229,0.5398,0.4625
197.251,5,NAVIGATE,-6.8053,2.3007,-2.0186,-0.6086,0.6312,0.9981,-0.4086,0.8312,0.9262,0.0,12.0,11.8486,0.8766695261001587,0.7900682091712952,-16.14,0,1,180,1.937,0.4812,0.9455,0.3087,0.1444,0.2837,0.1235,0.5515,0.4729
197.301,5,NAVIGATE,-6.8382,2.3343,-2.0194,-0.5947,0.6472,0.9943,-0.3947,0.8472,0.9346,0.0,12.0,11.8401,7.458908557891846,0.7952064275741577,-20.14,0,1,180,1.591,0.4961,0.9665,0.3115,0.1488,0.29,0.1246,0.5634,0.4794
197.351,5,NAVIGATE,-6.8647,2.3625,-2.0199,-0.5831,0.6614,0.9912,-0.3831,0.8614,0.9427,0.0,12.0,11.8324,7.457901477813721,0.7994906902313232,-22.15,0,1,180,1.762,0.5085,0.994,0.3195,0.1525,0.2982,0.1278,0.5786,0.4927
197.401,5,NAVIGATE,-6.896,2.3966,-2.0212,-0.5691,0.6786,0.9875,-0.3691,0.8786,0.953,0.0,12.0,11.8229,7.446579933166504,0.8038496375083923,-24.15,0,1,180,1.615,0.523,1.0,0.3323,0.1569,0.3,0.1329,0.5898,0.4945
197.451,5,NAVIGATE,-6.9233,2.4247,-2.0259,-0.5579,0.6931,0.9844,-0.3579,0.8931,0.9622,0.0,12.0,11.8161,7.442533016204834,0.8147289156913757,-27.4,0,1,180,2.11,0.5342,1.0,0.3427,0.1603,0.3,0.1371,0.5973,0.5161
197.501,5,NAVIGATE,-6.9548,2.459,-2.0307,-0.5441,0.7101,0.9807,-0.3441,0.9101,0.973,0.0,12.0,11.8067,7.425179958343506,0.8216843605041504,-29.9,0,1,180,1.733,0.5476,1.0,0.3552,0.1643,0.3,0.1421,0.6063,0.528
197.551,5,NAVIGATE,-6.9844,2.4934,-2.0344,-0.5297,0.7266,0.9769,-0.3297,0.9266,0.9835,0.0,12.0,11.7965,7.426469802856445,0.8269798755645752,-31.65,0,1,180,1.638,0.5608,1.0,0.3677,0.1682,0.3,0.1471,0.6153,0.5341
197.601,5,NAVIGATE,-7.0078,2.5222,-2.0366,-0.5173,0.7401,0.9737,-0.3173,0.9401,0.9922,0.0,12.0,11.7872,7.405523300170898,0.8426473140716553,-35.16,0,1,180,1.555,0.5718,1.0,0.3782,0.1715,0.3,0.1513,0.6228,0.5608
197.651,5,NAVIGATE,-7.0348,2.5575,-2.0385,-0.502,0.7562,0.9699,-0.302,0.9562,1.0028,0.0,12.0,11.775,7.402200222015381,0.850252628326416,-37.41,0,1,180,1.736,0.5848,1.0,0.3909,0.1754,0.3,0.1564,0.6318,0.5754
197.701,5,NAVIGATE,-7.0565,2.5885,-2.0372,-0.4888,0.77,0.9666,-0.2888,0.97,1.0121,0.0,12.0,11.7631,7.392582893371582,0.8591488003730774,-39.16,0,1,180,1.527,0.5957,1.0,0.4019,0.1787,0.3,0.1608,0.6395,0.5839
197.751,5,NAVIGATE,-7.0773,2.6207,-2.0341,-0.4752,0.7841,0.9633,-0.2752,0.9841,1.0219,0.0,12.0,11.7499,7.3766374588012695,0.8787983655929565,-42.41,0,1,180,1.626,0.6065,1.0,0.4132,0.182,0.3,0.1653,0.6472,0.6119
197.802,5,NAVIGATE,-7.1013,2.6599,-2.0305,-0.4588,0.8011,0.9594,-0.2588,1.0011,1.034,0.0,12.0,11.7332,7.365443706512451,0.8913480639457703,-44.42,0,1,180,2.333,0.6192,1.0,0.4269,0.1858,0.3,0.1707,0.6565,0.6274
197.851,5,NAVIGATE,-7.127,2.6985,-2.0271,-0.4431,0.8177,0.9554,-0.2431,1.0177,1.0463,0.0,12.0,11.718,7.344212532043457,0.9020675420761108,-45.42,0,1,180,1.722,0.6308,1.0,0.44,0.1892,0.3,0.176,0.6652,0.6391
197.901,5,NAVIGATE,-7.1484,2.7309,-2.0245,-0.4301,0.8315,0.9521,-0.2301,1.0315,1.0569,0.0,12.0,11.7053,7.3316144943237305,0.9242696762084961,-48.92,0,1,180,1.567,0.6399,1.0,0.4509,0.192,0.3,0.1803,0.6723,0.6649
197.951,5,NAVIGATE,-7.1727,2.7706,-2.0215,-0.4143,0.8482,0.9481,-0.2143,1.0482,1.0699,0.0,12.0,11.6889,7.310791015625,0.9371806383132935,-51.17,0,1,180,1.575,0.6506,1.0,0.4641,0.1952,0.3,0.1856,0.6808,0.6789
198.001,5,NAVIGATE,-7.1895,2.8045,-2.0133,-0.4003,0.8624,0.9448,-0.2003,1.0624,1.0811,0.0,12.0,11.6725,7.311895847320557,0.9486081600189209,-51.67,0,1,180,1.565,0.6601,1.0,0.4757,0.198,0.3,0.1903,0.6883,0.6919
198.051,5,NAVIGATE,-7.2081,2.846,-2.0031,-0.383,0.8795,0.9408,-0.183,1.0795,1.0949,0.0,12.0,11.6513,7.300914287567139,0.9756299257278442,-53.17,0,1,180,1.943,0.6712,1.0,0.4899,0.2014,0.3,0.196,0.6973,0.7149
198.101,5,NAVIGATE,-7.223,2.8812,-1.9957,-0.3684,0.8939,0.9375,-0.1684,1.0939,1.1068,0.0,12.0,11.6329,7.274596691131592,0.9901930689811707,-53.17,0,1,180,1.488,0.6803,1.0,0.5019,0.2041,0.3,0.2008,0.7048,0.7297
198.152,5,NAVIGATE,-7.2388,2.928,-1.9853,-0.3501,0.913,0.9335,-0.1501,1.113,1.1231,0.0,12.0,11.6061,7.252773284912109,1.001674771308899,-52.17,0,1,180,2.414,0.6913,1.0,0.5176,0.2074,0.3,0.207,0.7144,0.7416
198.201,5,NAVIGATE,-7.2513,2.9673,-1.978,-0.3349,0.929,0.9302,-0.1349,1.129,1.137,0.0,12.0,11.5833,7.232746601104736,1.0249463319778442,-55.18,0,1,180,1.662,0.7,1.0,0.5306,0.21,0.3,0.2122,0.7223,0.7701
198.251,5,NAVIGATE,-7.2655,3.0152,-1.9715,-0.3167,0.9479,0.9262,-0.1167,1.1479,1.1538,0.0,12.0,11.5548,7.2066216468811035,1.0384703874588013,-54.18,0,1,180,1.723,0.71,1.0,0.5461,0.213,0.3,0.2184,0.7314,0.7862
198.301,5,NAVIGATE,-7.2764,3.056,-1.9684,-0.3015,0.9637,0.9231,-0.1015,1.1637,1.1681,0.0,12.0,11.53,7.19338321685791,1.049031138420105,-54.43,0,1,180,1.594,0.718,1.0,0.5591,0.2154,0.3,0.2236,0.739,0.8026
198.351,5,NAVIGATE,-7.2888,3.1055,-1.9657,-0.2834,0.9824,0.9193,-0.0834,1.1824,1.1853,0.0,12.0,11.4996,7.156557559967041,1.07222580909729,-56.93,0,1,180,1.588,0.727,1.0,0.5745,0.2181,0.3,0.2298,0.7479,0.8338
198.401,5,NAVIGATE,-7.2999,3.1542,-1.9657,-0.2652,1.0005,0.9156,-0.0652,1.2005,1.2022,0.0,12.0,11.469,7.1497626304626465,1.085537075996399,-58.68,0,1,180,1.562,0.7356,1.0,0.5896,0.2207,0.3,0.2358,0.7565,0.8493
198.452,5,NAVIGATE,-7.3081,3.1943,-1.9675,-0.25,1.0151,0.9124,-0.05,1.2151,1.2161,0.0,12.0,11.4433,7.123919486999512,1.101407766342163,-60.18,0,1,180,2.249,0.7426,1.0,0.6021,0.2228,0.3,0.2408,0.7636,0.8695
198.501,5,NAVIGATE,-7.3175,3.2433,-1.9698,-0.2319,1.0324,0.9086,-0.0319,1.2324,1.2328,0.0,12.0,11.4116,7.094486236572266,1.1285161972045898,-62.93,0,1,180,1.44,0.7505,1.0,0.6168,0.2251,0.3,0.2467,0.7719,0.9089
198.551,5,NAVIGATE,-7.3241,3.2864,-1.971,-0.2167,1.0478,0.9054,-0.0167,1.2478,1.2479,0.0,12.0,11.3828,7.071051120758057,1.1438682079315186,-64.68,0,1,180,1.831,0.7568,1.0,0.6296,0.227,0.3,0.2519,0.7789,0.9267
198.601,5,NAVIGATE,-7.3299,3.331,-1.9718,-0.2014,1.0637,0.9023,-0.0014,1.2637,1.2637,0.0,12.0,11.3525,7.058628559112549,1.1596249341964722,-65.94,0,1,180,1.583,0.7629,1.0,0.6427,0.2289,0.3,0.2571,0.7859,0.9489
198.651,5,NAVIGATE,-7.3364,3.385,-1.9727,-0.1832,1.0825,0.8987,0.0168,1.2825,1.2826,0.0,12.0,11.3155,7.019498825073242,1.1919890642166138,-68.69,0,1,180,1.549,0.7697,1.0,0.6582,0.2309,0.3,0.2633,0.7942,0.9934
198.701,5,NAVIGATE,-7.3401,3.4299,-1.9726,-0.1676,1.098,0.8957,0.0324,1.298,1.2984,0.0,12.0,11.2838,6.987328052520752,1.2123150825500488,-70.19,0,1,180,1.582,0.7755,1.0,0.6713,0.2327,0.3,0.2685,0.8012,1.0166
198.751,5,NAVIGATE,-7.3437,3.4842,-1.9723,-0.1487,1.1164,0.8921,0.0513,1.3164,1.3174,0.0,12.0,11.245,6.9780378341674805,1.228237271308899,-71.44,0,1,180,1.655,0.7821,1.0,0.6869,0.2346,0.3,0.2748,0.8094,1.0427
198.801,5,NAVIGATE,-7.3465,3.53,-1.9723,-0.1332,1.1316,0.8892,0.0668,1.3316,1.3332,0.0,12.0,11.2122,6.941883087158203,1.2646174430847168,-74.19,0,1,180,1.484,0.7873,1.0,0.6998,0.2362,0.3,0.2799,0.8161,1.095
198.851,5,NAVIGATE,-7.3545,3.5851,-1.9776,-0.1165,1.1491,0.8857,0.0835,1.3491,1.3517,0.0,12.0,11.1758,6.900371074676514,1.2891700267791748,-75.44,0,1,180,1.672,0.7922,1.0,0.7138,0.2376,0.3,0.2855,0.8232,1.1206
198.901,5,NAVIGATE,-7.3611,3.6315,-1.9824,-0.1028,1.1637,0.8827,0.0972,1.3637,1.3672,0.0,12.0,11.1453,6.89059591293335,1.3088197708129883,-76.95,0,1,180,1.731,0.7959,1.0,0.7254,0.2388,0.3,0.2902,0.8289,1.1351
198.951,5,NAVIGATE,-7.3679,3.6879,-1.9876,-0.0863,1.1812,0.8793,0.1137,1.3812,1.3859,0.0,12.0,11.1075,6.845787048339844,1.3504785299301147,-79.2,0,1,180,1.722,0.8002,1.0,0.7394,0.2401,0.3,0.2957,0.8358,1.1946
199.001,5,NAVIGATE,-7.3738,3.7462,-1.997,-0.0692,1.1993,0.8759,0.1308,1.3993,1.4054,0.0,12.0,11.0679,6.810168266296387,1.3764392137527466,-80.7,0,1,180,1.572,0.8045,1.0,0.7538,0.2414,0.3,0.3015,0.8429,1.2264
199.051,5,NAVIGATE,-7.3779,3.7953,-2.0037,-0.0547,1.2143,0.873,0.1453,1.4143,1.4218,0.0,12.0,11.0341,6.792072772979736,1.3956974744796753,-81.7,0,1,180,1.725,0.808,1.0,0.7659,0.2424,0.3,0.3064,0.8488,1.2547
199.101,5,NAVIGATE,-7.3819,3.8552,-2.0089,-0.0372,1.2324,0.8695,0.1628,1.4324,1.4416,0.0,12.0,10.9922,6.742173194885254,1.4438716173171997,-83.95,0,1,180,1.63,0.8121,1.0,0.7805,0.2436,0.3,0.3122,0.8558,1.3052
199.151,5,NAVIGATE,-7.3844,3.9063,-2.0098,-0.0223,1.2478,0.8665,0.1777,1.4478,1.4586,0.0,12.0,10.9562,6.720816135406494,1.4704855680465698,-85.2,0,1,180,1.784,0.8153,1.0,0.7929,0.2446,0.3,0.3171,0.8617,1.339
199.201,5,NAVIGATE,-7.3862,3.9578,-2.0103,-0.0074,1.2631,0.8636,0.1926,1.4631,1.4757,0.0,12.0,10.9194,6.682544231414795,1.4958056211471558,-86.2,0,1,180,1.756,0.8185,1.0,0.8053,0.2456,0.3,0.3221,0.8677,1.3772
199.251,5,NAVIGATE,-7.3877,4.0202,-2.0094,0.0106,1.2815,0.86,0.2106,1.4815,1.4964,0.0,12.0,10.8745,6.6380743980407715,1.5490761995315552,-88.46,0,1,180,1.643,0.8221,1.0,0.8202,0.2466,0.3,0.3281,0.8747,1.4292
199.301,5,NAVIGATE,-7.3886,4.0727,-2.0069,0.0256,1.2971,0.8571,0.2256,1.3971,1.4152,0.0,12.0,10.8366,6.622971057891846,1.5746917724609375,-89.46,0,1,180,1.582,0.8308,1.0,0.7839,0.2493,0.3,0.3136,0.8628,1.4403
199.351,5,NAVIGATE,-7.3886,4.1364,-2.004,0.0436,1.3161,0.8535,0.2436,1.4161,1.4369,0.0,12.0,10.7901,6.591156959533691,1.6046037673950195,-90.46,0,1,180,1.644,0.8343,1.0,0.7992,0.2503,0.3,0.3197,0.87,1.4437
199.401,5,NAVIGATE,-7.3875,4.2018,-2.0008,0.062,1.3351,0.85,0.262,1.4351,1.4588,0.0,12.0,10.7419,6.528629779815674,1.6654636859893799,-92.46,0,1,180,1.677,0.8377,1.0,0.8147,0.2513,0.3,0.3259,0.8772,1.4486
199.451,5,NAVIGATE,-7.3857,4.257,-1.9983,0.0772,1.349,0.8471,0.2772,1.449,1.4752,0.0,12.0,10.7006,6.499079704284668,1.6913572549819946,-93.46,0,1,180,1.616,0.8404,1.0,0.8266,0.2521,0.3,0.3306,0.8828,1.4513
199.501,5,NAVIGATE,-7.3832,4.3125,-1.996,0.0926,1.3611,0.844,0.2926,1.4611,1.4901,0.0,12.0,10.6587,6.464784145355225,1.6992290019989014,133.0,0,1,180,1.592,0.8432,1.0,0.8377,0.253,0.3,0.3351,0.888,1.4566
199.551,5,NAVIGATE,-7.3781,4.3794,-1.9902,0.1113,1.3738,0.8403,0.3113,1.3738,1.4086,0.0,12.0,10.607,6.412435531616211,1.7032400369644165,132.5,0,1,180,1.688,0.8544,1.0,0.8023,0.2563,0.3,0.3209,0.8773,1.4646
199.601,5,NAVIGATE,-7.3715,4.4467,-1.9837,0.1304,1.3856,0.8364,0.3304,1.3856,1.4244,0.0,12.0,10.5543,6.374293804168701,1.705293893814087,131.25,0,1,180,1.591,0.8581,1.0,0.8149,0.2574,0.3,0.326,0.8834,1.4706
199.651,5,NAVIGATE,-7.3655,4.503,-1.979,0.1464,1.3951,0.833,0.3464,1.3951,1.4375,0.0,12.0,10.5098,6.337452411651611,1.7090656757354736,131.25,0,1,180,1.684,0.8612,1.0,0.8253,0.2584,0.3,0.3301,0.8885,1.4779
199.7,5,NAVIGATE,-7.3551,4.5714,-1.9731,0.1662,1.4041,0.8289,0.3662,1.4041,1.4511,0.0,12.0,10.4538,6.300658702850342,1.7164442539215088,132.0,0,1,180,0.978,0.8652,1.0,0.837,0.2596,0.3,0.3348,0.8943,1.4889
199.75,5,NAVIGATE,-7.3458,4.6286,-1.9688,0.1829,1.4099,0.8254,0.3829,1.4099,1.461,0.0,12.0,10.4066,6.281440258026123,1.721966028213501,132.0,0,1,180,0.999,0.8686,1.0,0.846,0.2606,0.3,0.3384,0.899,1.4973
199.8,5,NAVIGATE,-7.336,4.6859,-1.9653,0.1995,1.4146,0.8219,0.3995,1.4146,1.47,0.0,12.0,10.3592,6.2601237297058105,1.7263115644454956,131.75,0,1,180,1.08,0.8719,1.0,0.8545,0.2616,0.3,0.3418,0.9034,1.5054
199.85,5,NAVIGATE,-7.3288,4.7562,-1.9574,0.2179,1.4194,0.8177,0.4179,1.4194,1.4796,0.0,12.0,10.3045,6.221665382385254,1.737389087677002,132.0,0,1,180,1.066,0.8752,1.0,0.8633,0.2626,0.3,0.3453,0.9079,1.5191
199.9,5,NAVIGATE,-7.3217,4.8146,-1.952,0.2335,1.423,0.8142,0.4335,1.423,1.4876,0.0,12.0,10.2585,6.200082302093506,1.7438651323318481,134.25,0,1,180,1.031,0.878,1.0,0.8708,0.2634,0.3,0.3483,0.9117,1.5301
199.951,5,NAVIGATE,-7.3115,4.8849,-1.947,0.2527,1.4276,0.81,0.4527,1.4276,1.4977,0.0,12.0,10.202,6.177914142608643,1.7500914335250854,133.0,0,1,180,1.205,0.8814,1.0,0.88,0.2644,0.3,0.352,0.9164,1.5403
200.0,5,NAVIGATE,-7.2996,4.9447,-1.9442,0.2699,1.4321,0.8065,0.4699,1.3321,1.4125,0.0,12.0,10.1519,6.136458873748779,1.7641948461532593,134.0,0,1,180,1.107,0.8946,1.0,0.8424,0.2684,0.3,0.337,0.9054,1.558
200.05,5,NAVIGATE,-7.2846,5.0161,-1.9419,0.2905,1.4376,0.8022,0.4905,1.3376,1.4247,0.0,12.0,10.0916,6.109403133392334,1.772950530052185,133.0,0,1,180,1.067,0.8983,1.0,0.8532,0.2695,0.3,0.3413,0.9107,1.571
200.101,5,NAVIGATE,-7.2719,5.076,-1.941,0.3074,1.4426,0.7986,0.5074,1.3426,1.4353,0.0,12.0,10.041,6.086343288421631,1.781272053718567,134.25,0,1,180,1.187,0.9011,1.0,0.8622,0.2703,0.3,0.3449,0.9152,1.5816
200.151,5,NAVIGATE,-7.2572,5.1498,-1.9416,0.3267,1.4467,0.7943,0.5267,1.3467,1.446,0.0,12.0,9.9796,6.040673732757568,1.7990381717681885,133.25,0,1,180,1.47,0.9041,1.0,0.8716,0.2712,0.3,0.3486,0.9199,1.6035
200.201,5,NAVIGATE,-7.2443,5.2108,-1.9426,0.3427,1.4479,0.7907,0.5427,1.3479,1.4531,0.0,12.0,9.9284,6.013256549835205,1.8094291687011719,133.75,0,1,180,1.323,0.9069,1.0,0.8785,0.2721,0.3,0.3514,0.9235,1.617
200.25,5,NAVIGATE,-7.2267,5.2837,-1.9456,0.3624,1.4475,0.7864,0.5624,1.3475,1.4601,0.0,12.0,9.8658,5.9881415367126465,1.8185402154922485,134.5,0,1,180,1.039,0.9104,1.0,0.8862,0.2731,0.3,0.3545,0.9276,1.6309
200.3,5,NAVIGATE,-7.2107,5.3443,-1.9494,0.3792,1.4461,0.7828,0.5792,1.3461,1.4654,0.0,12.0,9.8129,5.935889720916748,1.8398298025131226,134.5,0,1,180,1.055,0.9135,1.0,0.8924,0.274,0.3,0.357,0.931,1.6542
200.35,5,NAVIGATE,-7.1941,5.4044,-1.953,0.396,1.4442,0.7791,0.596,1.3442,1.4704,0.0,12.0,9.76,5.910052299499512,1.8525340557098389,133.25,0,1,180,1.102,0.9165,1.0,0.8985,0.275,0.3,0.3594,0.9344,1.6725
200.4,5,NAVIGATE,-7.1771,5.4654,-1.9571,0.4126,1.4427,0.7755,0.6126,1.3427,1.4758,0.0,12.0,9.7063,5.884946346282959,1.8650169372558594,134.75,0,1,180,1.073,0.9194,1.0,0.9046,0.2758,0.3,0.3618,0.9377,1.686
200.451,5,NAVIGATE,-7.156,5.5401,-1.9626,0.4321,1.4416,0.7711,0.6321,1.3416,1.4831,0.0,12.0,9.6405,5.83329963684082,1.8879420757293701,133.5,0,1,180,1.065,0.9225,1.0,0.9121,0.2768,0.3,0.3649,0.9416,1.7133
200.5,5,NAVIGATE,-7.1378,5.6017,-1.9668,0.4483,1.4406,0.7675,0.6483,1.3406,1.4891,0.0,12.0,9.5858,5.802050590515137,1.9035564661026,135.0,0,1,180,1.031,0.9251,1.0,0.9184,0.2775,0.3,0.3674,0.9449,1.7313
200.55,5,NAVIGATE,-7.1132,5.6729,-1.9691,0.4681,1.4384,0.7631,0.6681,1.3384,1.4959,0.0,12.0,9.52,5.774759769439697,1.9158169031143188,134.5,0,1,180,0.948,0.9283,1.0,0.9258,0.2785,0.3,0.3703,0.9488,1.7489
200.6,5,NAVIGATE,-7.0871,5.7426,-1.9702,0.4879,1.4358,0.7588,0.6879,1.2358,1.4143,0.0,12.0,9.4542,5.720052719116211,1.94356107711792,134.75,0,1,180,1.035,0.9429,1.0,0.889,0.2829,0.3,0.3556,0.9385,1.7814
200.65,5,NAVIGATE,-7.065,5.8006,-1.9712,0.5044,1.4337,0.7552,0.7044,1.2337,1.4206,0.0,12.0,9.3993,5.686925411224365,1.9611886739730835,134.75,0,1,180,1.039,0.9455,1.0,0.8955,0.2836,0.3,0.3582,0.9418,1.8003
200.7,5,NAVIGATE,-7.0392,5.8671,-1.9737,0.5235,1.4299,0.7509,0.7235,1.2299,1.4269,0.0,12.0,9.3361,5.659848213195801,1.9756903648376465,134.75,0,1,180,0.965,0.9485,1.0,0.9023,0.2845,0.3,0.3609,0.9455,1.8178
200.751,5,NAVIGATE,-7.0173,5.9221,-1.9758,0.5392,1.4247,0.7474,0.7392,1.2247,1.4305,0.0,12.0,9.2835,5.629652976989746,1.9914121627807617,134.5,0,1,180,1.26,0.9511,1.0,0.907,0.2853,0.3,0.3628,0.9481,1.8382
200.8,5,NAVIGATE,-6.9949,5.9771,-1.9779,0.555,1.4179,0.7438,0.755,1.2179,1.4329,0.0,12.0,9.2306,5.568900108337402,2.0260918140411377,134.75,0,1,180,0.965,0.9538,1.0,0.9112,0.2862,0.3,0.3645,0.9506,1.874
200.85,5,NAVIGATE,-6.9685,6.0438,-1.9788,0.5737,1.4078,0.7395,0.7737,1.2078,1.4344,0.0,12.0,9.1671,5.537685394287109,2.042595624923706,135.0,0,1,180,1.058,0.9571,1.0,0.9153,0.2871,0.3,0.3661,0.9532,1.8949
200.901,5,NAVIGATE,-6.946,6.0992,-1.9794,0.5896,1.3986,0.7359,0.7896,1.1986,1.4353,0.0,12.0,9.114,5.508852481842041,2.0596649646759033,135.0,0,1,180,1.667,0.9599,1.0,0.9185,0.288,0.3,0.3674,0.9554,1.9157
200.951,5,NAVIGATE,-6.9176,6.1653,-1.9802,0.6091,1.3873,0.7317,0.8091,1.1873,1.4367,0.0,12.0,9.0497,5.44362735748291,2.096956253051758,134.75,0,1,180,1.577,0.9633,1.0,0.9226,0.289,0.3,0.3691,0.958,1.9121
201.001,5,NAVIGATE,-6.8916,6.2202,-1.9809,0.6261,1.378,0.7282,0.8261,1.178,1.4388,0.0,12.0,8.9945,5.413021087646484,2.116222620010376,135.0,0,1,180,1.721,0.966,1.0,0.9266,0.2898,0.3,0.3706,0.9605,1.8442
201.051,5,NAVIGATE,-6.8598,6.2857,-1.9818,0.6465,1.367,0.7242,0.8465,1.167,1.4417,0.0,12.0,8.9281,5.381260395050049,2.1344025135040283,135.0,0,1,180,1.592,0.9692,1.0,0.9316,0.2908,0.3,0.3726,0.9634,1.7705
201.101,5,NAVIGATE,-6.8326,6.3404,-1.9819,0.6635,1.3583,0.7209,0.8635,1.1583,1.4448,0.0,12.0,8.8722,5.31367301940918,2.178903102874756,134.75,0,1,180,1.723,0.9717,1.0,0.9359,0.2915,0.3,0.3744,0.9659,1.6736
201.151,5,NAVIGATE,-6.7987,6.408,-1.9791,0.6839,1.3489,0.7169,0.8839,1.1489,1.4496,0.0,12.0,8.803,5.283742427825928,2.1970252990722656,135.0,0,1,180,1.75,0.9744,1.0,0.9416,0.2923,0.3,0.3767,0.969,1.5994
201.201,5,NAVIGATE,-6.7699,6.4637,-1.9771,0.7008,1.3411,0.7138,0.9008,1.1411,1.4538,0.0,12.0,8.7454,5.217370986938477,2.239691734313965,135.0,0,1,180,1.661,0.9765,1.0,0.9465,0.293,0.3,0.3786,0.9715,1.5072
201.251,5,NAVIGATE,-6.7345,6.5296,-1.9759,0.7212,1.3315,0.71,0.9212,1.1315,1.4591,0.0,12.0,8.6763,5.181596755981445,2.265125274658203,135.0,0,1,180,1.562,0.979,1.0,0.9523,0.2937,0.3,0.3809,0.9746,1.4648
201.301,5,NAVIGATE,-6.698,6.5943,-1.9761,0.7418,1.3218,0.7064,0.9418,1.1218,1.4647,0.0,12.0,8.6073,5.147977828979492,2.2872703075408936,135.0,0,1,180,2.07,0.9814,1.0,0.9583,0.2944,0.3,0.3833,0.9777,1.39
201.351,5,NAVIGATE,-6.667,6.6477,-1.9765,0.7589,1.3136,0.7034,0.9589,1.1136,1.4696,0.0,12.0,8.5496,5.080679893493652,2.3316338062286377,135.0,0,1,180,1.739,0.9832,1.0,0.9633,0.295,0.3,0.3853,0.9803,1.3011
201.401,5,NAVIGATE,-6.6298,6.7134,-1.9761,0.7791,1.3044,0.6998,0.9791,1.1044,1.4759,0.0,12.0,8.4796,5.041555404663086,2.3590524196624756,134.75,0,1,180,1.614,0.9852,1.0,0.9694,0.2956,0.3,0.3878,0.9833,1.226
201.451,5,NAVIGATE,-6.5985,6.7683,-1.9757,0.7959,1.2968,0.6969,0.9959,1.0968,1.4815,0.0,12.0,8.4208,5.008323669433594,2.3837859630584717,135.0,0,1,180,1.635,0.9867,1.0,0.9745,0.296,0.3,0.3898,0.9858,1.1615
201.501,5,NAVIGATE,-6.5599,6.8333,-1.9756,0.8161,1.2874,0.6934,0.9161,1.1874,1.4997,0.0,12.0,8.3502,4.93834924697876,2.43345308303833,134.75,0,1,180,1.552,0.9698,1.0,0.9696,0.2909,0.3,0.3878,0.9788,1.4712
201.551,5,NAVIGATE,-6.5175,6.8963,-1.976,0.8381,1.2768,0.69,0.9381,1.0768,1.4281,0.0,12.0,8.278,4.899215221405029,2.4623098373413086,135.0,0,1,180,1.767,0.982,1.0,0.935,0.2946,0.3,0.374,0.9686,1.2611
201.601,5,NAVIGATE,-6.4812,6.948,-1.9766,0.8566,1.2677,0.687,0.9566,1.0677,1.4335,0.0,12.0,8.2175,4.864804267883301,2.4875895977020264,134.75,0,1,180,1.692,0.9842,1.0,0.9406,0.2953,0.3,0.3762,0.9715,1.1903
201.651,5,NAVIGATE,-6.4445,6.9993,-1.9773,0.8732,1.2604,0.6839,0.9732,1.0604,1.4393,0.0,12.0,8.1571,4.7912750244140625,2.5415902137756348,134.75,0,1,180,1.69,0.9859,1.0,0.946,0.2958,0.3,0.3784,0.9741,1.1051
201.701,5,NAVIGATE,-6.3986,7.0614,-1.9811,0.8908,1.2517,0.6804,0.8908,1.1517,1.456,0.0,12.0,8.0828,4.749809265136719,2.571913480758667,135.0,0,1,180,1.512,0.9676,1.0,0.9393,0.2903,0.3,0.3757,0.966,1.4466
201.751,5,NAVIGATE,-6.3602,7.1127,-1.9841,0.9038,1.244,0.6775,0.9038,1.144,1.4579,0.0,12.0,8.0211,4.711587905883789,2.598341226577759,135.0,0,1,180,1.561,0.9697,1.0,0.9424,0.2909,0.3,0.377,0.9679,1.3983
201.801,5,NAVIGATE,-6.3146,7.1733,-1.9877,0.9181,1.2338,0.674,0.9181,1.1338,1.4589,0.0,12.0,7.948,4.638533592224121,2.6530890464782715,135.0,0,1,180,1.707,0.9719,1.0,0.9453,0.2916,0.3,0.3781,0.9697,1.4155
201.852,5,NAVIGATE,-6.279,7.2228,-1.9915,0.9269,1.2265,0.6712,0.9269,1.1265,1.4588,0.0,12.0,7.8898,4.593210220336914,2.684842109680176,135.0,0,1,180,2.066,0.9732,1.0,0.9465,0.292,0.3,0.3786,0.9706,1.3787
201.901,5,NAVIGATE,-6.2357,7.2817,-1.9956,0.9352,1.2195,0.6679,0.9352,1.1195,1.4587,0.0,12.0,7.8196,4.5569233894348145,2.713409185409546,135.0,0,1,180,1.679,0.9743,1.0,0.9475,0.2923,0.3,0.379,0.9713,1.3486
201.951,5,NAVIGATE,-6.1912,7.3394,-1.9991,0.9419,1.2138,0.6648,0.9419,1.1138,1.4587,0.0,12.0,7.7494,4.481163501739502,2.771857738494873,135.0,0,1,180,1.825,0.9751,1.0,0.9483,0.2925,0.3,0.3793,0.9718,1.3123
202.001,5,NAVIGATE,-6.1528,7.3858,-2.0015,0.9472,1.2092,0.6623,0.9472,1.1092,1.4586,0.0,12.0,7.6908,4.439620018005371,2.8038604259490967,135.0,0,1,180,1.642,0.9758,1.0,0.9488,0.2927,0.3,0.3795,0.9723,1.2847
202.051,5,NAVIGATE,-6.1065,7.4415,-2.0039,0.9532,1.2042,0.6596,0.9532,1.1042,1.4587,0.0,12.0,7.6203,4.402682781219482,2.832542657852173,135.0,0,1,180,1.791,0.9765,1.0,0.9496,0.2929,0.3,0.3798,0.9728,1.2596
202.101,5,NAVIGATE,-6.0686,7.4888,-2.0079,0.9576,1.2007,0.6573,0.9576,1.1007,1.459,0.0,12.0,7.5617,4.328095436096191,2.8944804668426514,135.0,0,1,180,1.607,0.9769,1.0,0.9501,0.2931,0.3,0.38,0.9731,1.2246
202.151,5,NAVIGATE,-6.0235,7.546,-2.0136,0.9626,1.1968,0.6548,0.9626,1.0968,1.4593,0.0,12.0,7.4913,4.285111427307129,2.928370475769043,135.0,0,1,180,1.702,0.9772,1.0,0.9507,0.2932,0.3,0.3803,0.9735,1.2034
202.201,5,NAVIGATE,-5.9856,7.5936,-2.0176,0.967,1.1933,0.6527,0.967,1.0933,1.4596,0.0,12.0,7.4326,4.249907970428467,2.957855224609375,135.0,0,1,180,1.517,0.9776,1.0,0.9513,0.2933,0.3,0.3805,0.9738,1.2706
202.251,5,NAVIGATE,-5.9407,7.649,-2.0237,0.9721,1.1879,0.6501,0.9721,1.0879,1.459,0.0,12.0,7.3636,4.175510883331299,3.0172173976898193,135.0,0,1,180,1.588,0.9782,1.0,0.9514,0.2934,0.3,0.3806,0.974,1.2305
202.301,5,NAVIGATE,-5.8958,7.7037,-2.0296,0.9774,1.1819,0.6476,0.9774,1.0819,1.458,0.0,12.0,7.2951,4.13637638092041,3.0531911849975586,135.0,0,1,180,1.6,0.9788,1.0,0.9514,0.2936,0.3,0.3805,0.9742,1.2027
202.351,5,NAVIGATE,-5.858,7.7492,-2.0337,0.982,1.1769,0.6456,0.982,1.0769,1.4574,0.0,12.0,7.2378,4.097154140472412,3.085617780685425,135.0,0,1,180,1.59,0.9793,1.0,0.9515,0.2938,0.3,0.3806,0.9744,1.1791
202.401,5,NAVIGATE,-5.8179,7.7939,-2.0377,0.9876,1.1714,0.6435,0.9876,1.0714,1.4571,0.0,12.0,7.179,11.084924697875977,3.144760847091675,135.0,0,1,180,1.589,0.98,1.0,0.952,0.294,0.3,0.3808,0.9748,1.1407
202.451,5,NAVIGATE,-5.769,7.8474,-2.0416,0.9945,1.1648,0.6411,0.9945,1.0648,1.457,0.0,12.0,7.1081,11.047319412231445,3.1816487312316895,135.0,0,1,180,1.561,0.9809,1.0,0.9528,0.2943,0.3,0.3811,0.9754,1.1127
202.501,5,NAVIGATE,-5.7281,7.8919,-2.0441,1.0003,1.1595,0.6392,1.0003,1.0595,1.4571,0.0,12.0,7.049,11.00971508026123,3.2119717597961426,135.0,0,1,180,1.625,0.9816,1.0,0.9536,0.2945,0.3,0.3814,0.9759,1.1643
202.551,5,NAVIGATE,-5.683,7.9458,-2.0508,1.0054,1.1534,0.6369,1.0054,1.0534,1.4562,0.0,12.0,6.9809,10.939810752868652,3.2776026725769043,135.0,0,1,180,1.97,0.9822,1.0,0.9535,0.2947,0.3,0.3814,0.976,1.1227
202.601,5,NAVIGATE,-5.6373,7.9995,-2.0561,1.0106,1.1474,0.6347,1.0106,1.0474,1.4554,0.0,12.0,6.9125,10.896590232849121,3.3143186569213867,135.0,0,1,180,1.605,0.9827,1.0,0.9535,0.2948,0.3,0.3814,0.9762,1.0959
202.652,5,NAVIGATE,-5.5987,8.0441,-2.0595,1.015,1.1425,0.6328,1.015,1.0425,1.455,0.0,12.0,6.8553,10.860697746276855,3.3448433876037598,135.0,0,1,180,2.047,0.9832,1.0,0.9537,0.295,0.3,0.3815,0.9764,1.0738
202.701,5,NAVIGATE,-5.5523,8.0972,-2.0627,1.0202,1.1366,0.6305,1.0202,1.0366,1.4545,0.0,12.0,6.7868,10.785897254943848,3.3439061641693115,-31.4,0,1,180,1.611,0.9837,1.0,0.9539,0.2951,0.3,0.3815,0.9767,1.1139
202.751,5,NAVIGATE,-5.5132,8.1414,-2.0644,1.0248,1.1318,0.6287,1.0248,1.0318,1.4543,0.0,12.0,6.7294,10.744970321655273,3.305204391479492,-31.9,0,1,180,1.691,0.9842,1.0,0.9542,0.2953,0.3,0.3817,0.9769,1.0868
202.801,5,NAVIGATE,-5.4743,8.1865,-2.0644,1.0293,1.1274,0.6269,1.0293,1.0274,1.4543,0.0,12.0,6.6716,10.712227821350098,3.26926589012146,-32.41,0,1,180,1.66,0.9845,1.0,0.9546,0.2954,0.3,0.3818,0.9772,1.0629
202.851,5,NAVIGATE,-5.4279,8.2423,-2.062,1.0345,1.1229,0.6247,0.9345,1.1229,1.4609,0.0,12.0,6.6017,10.638821601867676,3.204202890396118,-33.16,0,1,180,1.711,0.9635,1.0,0.9383,0.289,0.3,0.3753,0.9644,1.3325
202.901,5,NAVIGATE,-5.3887,8.2884,-2.0598,1.0392,1.1188,0.6228,0.9392,1.1188,1.4608,0.0,12.0,6.5433,10.595212936401367,3.165175199508667,-34.16,0,1,180,1.625,0.964,1.0,0.9387,0.2892,0.3,0.3755,0.9647,1.3043
202.951,5,NAVIGATE,-5.3426,8.3457,-2.0558,1.0446,1.1148,0.6204,0.9446,1.1148,1.4612,0.0,12.0,6.4729,10.55980110168457,3.1323819160461426,-34.16,0,1,180,1.596,0.9643,1.0,0.9394,0.2893,0.3,0.3758,0.9651,1.3389
203.001,5,NAVIGATE,-5.2972,8.4045,-2.0508,1.0475,1.1138,0.6178,0.9475,1.1138,1.4623,0.0,12.0,6.4022,10.491909980773926,3.0662484169006348,-35.66,0,1,180,1.61,0.9639,1.0,0.9397,0.2892,0.3,0.3759,0.965,1.3064
203.051,5,NAVIGATE,-5.2587,8.453,-2.0469,1.0483,1.1145,0.6157,0.9483,1.1145,1.4633,0.0,12.0,6.3431,10.45182991027832,3.028879404067993,-35.41,0,1,180,1.545,0.9631,1.0,0.9396,0.2889,0.3,0.3758,0.9648,1.2943
203.101,5,NAVIGATE,-5.2191,8.5034,-2.0425,1.0484,1.1173,0.6137,0.9484,1.1173,1.4655,0.0,12.0,6.2821,10.384836196899414,2.963782548904419,-34.41,0,1,180,1.559,0.962,1.0,0.9398,0.2886,0.3,0.3759,0.9645,1.3198
203.151,5,NAVIGATE,-5.1706,8.5649,-2.037,1.0479,1.1222,0.6113,0.9479,1.1222,1.469,0.0,12.0,6.2077,10.35091781616211,2.932145595550537,-35.91,0,1,180,1.64,0.9602,1.0,0.9403,0.2881,0.3,0.3761,0.9642,1.3131
203.201,5,NAVIGATE,-5.1219,8.6256,-2.032,1.0469,1.1271,0.609,0.9469,1.1271,1.472,0.0,12.0,6.1336,10.309423446655273,2.893907308578491,-34.91,0,1,180,1.622,0.9584,1.0,0.9405,0.2875,0.3,0.3762,0.9637,1.3063
203.251,5,NAVIGATE,-5.0794,8.677,-2.0296,1.0464,1.1316,0.607,1.0464,1.0316,1.4694,0.0,12.0,6.0698,10.275324821472168,2.8612682819366455,-34.91,0,1,180,1.729,0.9803,1.0,0.9603,0.2941,0.3,0.3841,9980.4346,1.1025
203.301,5,NAVIGATE,-5.037,8.7278,-2.0273,1.0459,1.1354,0.605,0.9459,1.1354,1.4778,0.0,12.0,6.0065,10.204813957214355,2.7962355613708496,-34.91,0,1,180,1.72,0.9553,1.0,0.9412,0.2866,0.3,0.3765,0.9631,1.3219
203.351,5,NAVIGATE,-4.9862,8.7882,-2.0249,1.0454,1.1393,0.6026,0.9454,1.1393,1.4805,0.0,12.0,5.9311,10.165204048156738,2.760221481323242,-35.91,0,1,180,1.696,0.9536,1.0,0.9412,0.2861,0.3,0.3765,0.9625,1.3086
203.401,5,NAVIGATE,-4.9449,8.8372,-2.0202,1.0458,1.14,0.6004,1.0458,1.04,1.4749,0.0,12.0,5.8698,10.129178047180176,2.7268240451812744,-33.16,0,1,180,1.59,0.9773,1.0,0.9609,0.2932,0.3,0.3844,9981.8955,1.1178
203.451,5,NAVIGATE,-4.8952,8.8956,-2.0152,1.0461,1.1404,0.5973,0.9461,1.1404,1.4817,0.0,12.0,5.7966,10.061269760131836,2.6611359119415283,-34.91,0,1,180,1.592,0.9514,1.0,0.9398,0.2854,0.3,0.3759,0.9613,1.3144
203.501,5,NAVIGATE,-4.8463,8.9536,-2.0109,1.0461,1.1407,0.5943,1.0461,1.0407,1.4755,0.0,12.0,5.7243,10.026260375976562,2.623985528945923,-33.91,0,1,180,1.581,0.9755,1.0,0.9596,0.2927,0.3,0.3839,9982.8779,1.1291
203.551,5,NAVIGATE,-4.8085,9.0022,-2.0081,1.0465,1.1397,0.5916,1.0465,1.0397,1.4752,0.0,12.0,5.6664,9.960653305053711,2.5583910942077637,-33.91,0,1,180,1.584,0.9749,1.0,0.9587,0.2925,0.3,0.3835,9983.2421,1.0995
203.601,5,NAVIGATE,-4.7624,9.0599,-2.0052,1.0465,1.139,0.5883,0.9465,1.039,1.4055,0.0,12.0,5.5968,9.930481910705566,2.526052474975586,-33.91,0,1,180,1.587,0.9614,1.0,0.9008,0.2884,0.3,0.3603,9980.5965,1.1948
203.651,5,NAVIGATE,-4.7227,9.1073,-2.0034,1.0483,1.1373,0.5855,1.0483,0.9373,1.4062,0.0,12.0,5.5382,9.897958755493164,2.4879302978515625,-33.66,0,1,180,1.587,0.9838,1.0,0.9223,0.2952,0.3,0.3689,9984.1062,1.0058
203.701,5,NAVIGATE,-4.6813,9.1539,-2.0023,1.0521,1.1343,0.5826,1.0521,1.0343,1.4753,0.0,12.0,5.4786,9.868229866027832,2.455991268157959,-32.91,0,1,180,1.622,0.9735,1.0,0.9575,0.2921,0.3,0.383,9984.5092,1.0929
203.751,5,NAVIGATE,-4.6314,9.2093,-2.0013,1.0548,1.1294,0.5789,1.0548,0.9294,1.4058,0.0,12.0,5.4072,9.811508178710938,2.3892133235931396,-34.91,0,1,180,1.662,0.9839,1.0,0.9221,0.2952,0.3,0.3688,9985.236,0.9979
203.801,5,NAVIGATE,-4.5811,9.2657,-1.9994,1.058,1.1225,0.5752,0.958,0.9225,1.33,0.0,12.0,5.3351,9.781999588012695,2.3525376319885254,-32.41,0,1,180,1.513,0.974,1.0,0.8636,0.2922,0.3,0.3454,9982.7544,1.0736
203.852,5,NAVIGATE,-4.5389,9.3132,-1.9972,1.0617,1.1167,0.5721,1.0617,0.9167,1.4027,0.0,12.0,5.2745,9.755167961120605,2.3178234100341797,-32.91,0,1,180,1.677,0.9842,1.0,0.9204,0.2953,0.3,0.3682,9986.3484,0.9981
203.901,5,NAVIGATE,-4.4965,9.3601,-1.9953,1.0661,1.1093,0.5688,1.0661,0.9093,1.4012,0.0,12.0,5.2141,9.701457023620605,2.2523350715637207,-31.65,0,1,180,1.712,0.9847,1.0,0.9198,0.2954,0.3,0.3679,9986.8891,1.004
203.951,5,NAVIGATE,-4.4451,9.417,-1.9935,1.0695,1.0986,0.5646,1.0695,0.8986,1.3969,0.0,12.0,5.1411,9.675738334655762,2.213920831680298,-32.66,0,1,180,1.686,0.9852,1.0,0.9175,0.2956,0.3,0.367,9987.48,0.9769
204.001,5,NAVIGATE,-4.4022,9.4641,-1.9924,1.0729,1.0889,0.561,0.9729,0.8889,1.3178,0.0,12.0,5.0803,9.653470993041992,2.1798126697540283,-33.91,0,1,180,1.573,0.9764,1.0,0.8578,0.2929,0.3,0.3431,9984.9241,1.0357
204.051,5,NAVIGATE,-4.3504,9.5195,-1.9913,1.0779,1.0767,0.5566,0.9779,0.8767,1.3133,0.0,12.0,5.0079,9.608299255371094,2.1122517585754395,-32.66,0,1,180,1.582,0.9775,1.0,0.8558,0.2932,0.3,0.3423,9985.5666,1.0238
204.101,5,NAVIGATE,-4.2994,9.5745,-1.9886,1.0829,1.0645,0.5519,0.9829,0.8645,1.309,0.0,12.0,4.9364,9.582599639892578,2.07358717918396,-31.9,0,1,180,1.71,0.9785,1.0,0.8539,0.2936,0.3,0.3416,9986.1979,1.0316
204.151,5,NAVIGATE,-4.2568,9.6195,-1.9865,1.0852,1.054,0.5479,0.9852,0.854,1.3038,0.0,12.0,4.8772,9.567913055419922,2.0394296646118164,-32.41,0,1,180,1.736,0.9792,1.0,0.8511,0.2938,0.3,0.3404,9986.6651,1.004
204.201,5,NAVIGATE,-4.2054,9.6725,-1.9844,1.0859,1.0413,0.5432,1.0859,0.8413,1.3737,0.0,12.0,4.8065,9.533143997192383,1.972720742225647,-32.41,0,1,180,1.643,0.9882,1.0,0.905,0.2965,0.3,0.362,9990.1939,0.9699
204.251,5,NAVIGATE,-4.1587,9.7245,-1.982,1.0828,1.0291,0.5386,1.0828,0.8291,1.3638,0.0,12.0,4.7405,9.51465892791748,1.9335856437683105,-32.66,0,1,180,1.62,0.9883,1.0,0.8986,0.2965,0.3,0.3594,9990.5167,0.9437
204.301,5,NAVIGATE,-4.1193,9.7672,-1.9805,1.0797,1.019,0.535,1.0797,0.819,1.3552,0.0,12.0,4.6855,9.4819974899292,1.8699772357940674,-34.91,0,1,180,1.551,0.9884,1.0,0.893,0.2965,0.3,0.3572,9990.7741,0.9332
204.351,5,NAVIGATE,-4.0708,9.8171,-1.9791,1.0788,1.0069,0.5308,1.0788,0.8069,1.3472,0.0,12.0,4.6191,9.46529769897461,1.8374755382537842,-35.16,0,1,180,1.679,0.9888,1.0,0.8881,0.2966,0.3,0.3552,9991.1718,0.9435
204.401,5,NAVIGATE,-4.029,9.8575,-1.9783,1.0803,0.9966,0.527,1.0803,0.7966,1.3423,0.0,12.0,4.5632,9.443947792053223,1.802214503288269,-36.41,0,1,180,1.54,0.9893,1.0,0.8852,0.2968,0.3,0.3541,9991.5822,0.9159
204.451,5,NAVIGATE,-3.9869,9.8974,-1.9777,1.0833,0.9862,0.5233,1.0833,0.7862,1.3385,0.0,12.0,4.5074,9.413963317871094,1.7417044639587402,-38.16,0,1,180,1.689,0.9899,1.0,0.8833,0.297,0.3,0.3533,9992.0357,0.9431
204.501,5,NAVIGATE,-3.9365,9.9447,-1.9785,1.088,0.9733,0.5186,1.088,0.7733,1.3348,0.0,12.0,4.4407,9.402667045593262,1.7130687236785889,-39.41,0,1,180,1.54,0.9907,1.0,0.8816,0.2972,0.3,0.3526,9992.6095,0.9147
204.551,5,NAVIGATE,-3.8862,9.9913,-1.9816,1.0935,0.9602,0.5139,1.0935,0.7602,1.3318,0.0,12.0,4.3746,9.382539749145508,1.6780650615692139,-40.41,0,1,180,1.695,0.9915,1.0,0.8803,0.2975,0.3,0.3521,9993.1911,0.9141
204.601,5,NAVIGATE,-3.8439,10.0297,-1.9841,1.0981,0.9491,0.5099,1.0981,0.7491,1.3293,0.0,12.0,4.3194,9.361124992370605,1.6238442659378052,-42.66,0,1,180,1.543,0.9922,1.0,0.8793,0.2977,0.3,0.3517,9993.6737,0.9263
204.651,5,NAVIGATE,-3.7927,10.0767,-1.9866,1.1033,0.9363,0.5051,1.1033,0.7363,1.3264,0.0,12.0,4.2525,9.347086906433105,1.5973114967346191,-43.67,0,1,180,1.69,0.9929,1.0,0.878,0.2979,0.3,0.3512,9994.2164,0.8952
204.701,5,NAVIGATE,-3.7412,10.1244,-1.9886,1.1082,0.9238,0.5003,1.1082,0.7238,1.3236,0.0,12.0,4.1851,9.336444854736328,1.5672180652618408,-45.17,0,1,180,1.735,0.9935,1.0,0.8767,0.2981,0.3,0.3507,9994.714,0.8952
204.751,5,NAVIGATE,-3.6979,10.1633,-1.9902,1.1121,0.9132,0.4964,1.1121,0.7132,1.3212,0.0,12.0,4.129,9.313936233520508,1.5171560049057007,-47.67,0,1,180,1.589,0.994,1.0,0.8755,0.2982,0.3,0.3502,9995.1046,0.915
204.801,5,NAVIGATE,-3.6464,10.2067,-1.9936,1.1166,0.8994,0.4917,1.1166,0.6994,1.3176,0.0,12.0,4.0635,9.303998947143555,1.4926371574401855,-48.92,0,1,180,1.584,0.9948,1.0,0.8738,0.2984,0.3,0.3495,9995.5642,0.9132
204.851,5,NAVIGATE,-3.6032,10.242,-1.9963,1.1203,0.8876,0.4879,1.1203,0.6876,1.3145,0.0,12.0,4.0092,9.294500350952148,1.4690319299697876,-50.42,0,1,180,1.744,0.9953,1.0,0.8723,0.2986,0.3,0.3489,9995.921,0.9081
204.901,5,NAVIGATE,-3.5596,10.2768,-1.9987,1.124,0.8758,0.4842,1.124,0.6758,1.3116,0.0,12.0,3.9547,9.273489952087402,1.4261972904205322,-53.17,0,1,180,1.655,0.9959,1.0,0.8708,0.2988,0.3,0.3483,9996.2381,0.9064
204.951,5,NAVIGATE,-3.5063,10.3167,-2.0005,1.1286,0.8609,0.4797,1.1286,0.6609,1.3079,0.0,12.0,3.8895,9.267123222351074,1.4071780443191528,-54.68,0,1,180,1.677,0.9966,1.0,0.869,0.299,0.3,0.3476,9996.5799,0.8952
205.001,5,NAVIGATE,-3.4526,10.3558,-2.0019,1.1333,0.8459,0.4753,1.1333,0.6459,1.3044,0.0,12.0,3.8242,9.2574462890625,1.3862382173538208,-56.43,0,1,180,1.606,0.9973,1.0,0.8673,0.2992,0.3,0.3469,9996.8224,0.8979
205.051,5,NAVIGATE,-3.4078,10.3884,-2.0034,1.137,0.8337,0.4716,1.137,0.6337,1.3017,0.0,12.0,3.7697,9.239235877990723,1.3483010530471802,-59.43,0,1,180,1.768,0.9978,1.0,0.8659,0.2993,0.3,0.3463,9997.0314,0.906
205.101,5,NAVIGATE,-3.3548,10.4293,-2.0076,1.1411,0.82,0.4673,1.1411,0.62,1.2986,0.0,12.0,3.7043,9.231154441833496,1.3350037336349487,-61.18,0,1,180,1.709,0.9982,1.0,0.8642,0.2995,0.3,0.3457,9997.5004,0.905
205.152,5,NAVIGATE,-3.3102,10.4627,-2.0106,1.1446,0.8084,0.4638,1.1446,0.6084,1.2962,0.0,12.0,3.6498,9.222521781921387,1.3171148300170898,-62.93,0,1,180,2.029,0.9986,1.0,0.8629,0.2996,0.3,0.3452,9997.8264,0.893
205.201,5,NAVIGATE,-3.256,10.5015,-2.0138,1.1488,0.7943,0.4596,1.1488,0.5943,1.2935,0.0,12.0,3.5842,9.20594310760498,1.289866328239441,-66.44,0,1,180,1.885,0.9989,1.0,0.8614,0.2997,0.3,0.3446,9998.091,0.89
205.252,5,NAVIGATE,-3.2007,10.5387,-2.0169,1.1532,0.7797,0.4556,1.1532,0.5797,1.2907,0.0,12.0,3.5185,9.197734832763672,1.2786011695861816,-68.19,0,1,180,2.502,0.9993,1.0,0.8599,0.2998,0.3,0.344,9998.1478,0.8982
205.301,5,NAVIGATE,-3.1545,10.5692,-2.0189,1.1569,0.7674,0.4522,1.1569,0.5674,1.2885,0.0,12.0,3.4639,9.192493438720703,1.2662405967712402,-70.19,0,1,180,1.662,0.9995,1.0,0.8586,0.2999,0.3,0.3435,9998.2567,0.9091
205.351,5,NAVIGATE,-3.1083,10.5991,-2.0199,1.1605,0.755,0.449,1.1605,0.555,1.2864,0.0,12.0,3.4093,9.175371170043945,1.2470943927764893,-73.69,0,1,180,1.817,0.9997,1.0,0.8574,0.2999,0.3,0.343,9998.7845,0.8998
205.401,5,NAVIGATE,-3.0526,10.6345,-2.0195,1.1649,0.74,0.4451,1.1649,0.54,1.284,0.0,12.0,3.3441,9.167522430419922,1.2435840368270874,-75.7,0,1,180,1.925,0.9999,1.0,0.8559,0.3,0.3,0.3424,9999.3298,0.9051
205.451,5,NAVIGATE,-3.0061,10.6634,-2.0191,1.1685,0.7275,0.442,1.1685,0.5275,1.282,0.0,12.0,3.2898,9.15921688079834,1.237544059753418,-77.7,0,1,180,1.689,1.0,1.0,0.8547,0.3,0.3,0.3419,9999.3088,0.9156
205.501,5,NAVIGATE,-2.953,10.697,-2.0218,1.1719,0.7123,0.4383,1.1719,0.5123,1.279,0.0,12.0,3.2277,9.145352363586426,1.2289315462112427,-81.45,0,1,180,1.658,1.0,1.0,0.8526,0.3,0.3,0.3411,9998.796,0.9129
205.551,5,NAVIGATE,-2.902,10.7294,-2.027,1.1744,0.6971,0.4346,1.1744,0.4971,1.2753,0.0,12.0,3.1679,9.1384859085083,1.2280625104904175,-83.45,0,1,180,1.642,0.9999,1.0,0.8501,0.3,0.3,0.34,9998.6359,0.9205
205.601,5,NAVIGATE,-2.8588,10.7561,-2.0306,1.1767,0.6845,0.4316,1.0767,0.4845,1.1807,0.0,12.0,3.1177,9.121978759765625,1.228073000907898,-87.46,0,1,180,1.697,0.9999,1.0,0.7871,0.3,0.3,0.3148,9999.0668,0.9405
205.651,5,NAVIGATE,-2.8048,10.7886,-2.033,1.1808,0.6695,0.4282,1.0808,0.4695,1.1784,0.0,12.0,3.0552,9.114681243896484,1.2295175790786743,-89.21,0,1,180,1.776,1.0,1.0,0.7856,0.3,0.3,0.3142,9999.5716,0.9497
205.701,5,NAVIGATE,-2.7499,10.8205,-2.0346,1.1847,0.6544,0.4248,1.0847,0.4544,1.176,0.0,12.0,2.9922,9.108461380004883,1.235247254371643,-91.21,0,1,180,1.585,1.0,1.0,0.784,0.3,0.3,0.3136,9998.9728,0.9598
205.751,5,NAVIGATE,-2.7039,10.8465,-2.0355,1.1858,0.6415,0.4219,1.1858,0.5415,1.3036,0.0,12.0,2.9396,9.093193054199219,1.2475148439407349,-94.96,0,1,180,1.651,0.9997,1.0,0.8688,0.2999,0.3,0.3475,9998.7815,0.9983
205.801,5,NAVIGATE,-2.6574,10.8683,-2.0365,1.1855,0.627,0.4193,1.1855,0.527,1.2974,0.0,12.0,2.8883,9.086223602294922,1.2530535459518433,-96.96,0,1,180,1.943,0.9999,1.0,0.8648,0.3,0.3,0.3459,9999.2326,1.0103
205.851,5,NAVIGATE,-2.5921,10.8986,-2.0375,1.1831,0.6069,0.4158,1.1831,0.5069,1.2871,0.0,12.0,2.8164,9.079398155212402,1.261439323425293,-98.72,0,1,180,1.75,1.0,1.0,0.8581,0.3,0.3,0.3432,9999.6124,1.025
205.901,5,NAVIGATE,-2.5544,10.9159,-2.0375,1.1832,0.5974,0.4139,1.1832,0.4974,1.2835,0.0,12.0,2.7749,9.062308311462402,1.2836207151412964,-102.47,0,1,180,1.654,1.0,1.0,0.8556,0.3,0.3,0.3423,9999.2875,1.0571
205.951,5,NAVIGATE,-2.4964,10.9427,-2.0361,1.1856,0.5863,0.4112,1.2856,0.4863,1.3745,0.0,12.0,2.711,9.052498817443848,1.2940746545791626,-103.97,0,1,180,1.638,0.9992,1.0,0.9157,0.2998,0.3,0.3663,9998.7583,1.0736
206.001,5,NAVIGATE,-2.4383,10.9693,-2.0345,1.1893,0.5771,0.4086,1.0893,0.4771,1.1892,0.0,12.0,2.6472,9.04531478881836,1.3070253133773804,-105.72,0,1,180,1.635,0.9999,1.0,0.7927,0.3,0.3,0.3171,9999.2644,1.091
206.051,5,NAVIGATE,-2.3897,10.99,-2.0318,1.1933,0.5697,0.4068,1.0933,0.4697,1.1899,0.0,12.0,2.5944,9.024518966674805,1.336426854133606,-109.23,0,1,180,1.595,1.0,1.0,0.7933,0.3,0.3,0.3173,9999.4625,1.1267
206.101,5,NAVIGATE,-2.3309,11.0127,-2.0265,1.2016,0.5607,0.4046,1.3016,0.5607,1.4173,0.0,12.0,2.5314,9.00970458984375,1.3519012928009033,-110.73,0,1,180,1.817,1.0,1.0,0.9448,0.3,0.3,0.3779,9999.7426,1.1642
206.151,5,NAVIGATE,-2.2719,11.0355,-2.0218,1.2062,0.5506,0.4024,1.3062,0.5506,1.4175,0.0,12.0,2.4682,8.993292808532715,1.368053674697876,-111.73,0,1,180,1.723,1.0,1.0,0.945,0.3,0.3,0.378,9999.1503,1.1792
206.201,5,NAVIGATE,-2.22,11.0542,-2.0182,1.2087,0.5423,0.4011,1.0087,0.4423,1.1014,0.0,12.0,2.4131,8.966867446899414,1.4041941165924072,-112.48,0,1,180,2.151,0.9999,1.0,0.7342,0.3,0.3,0.2937,9999.4462,1.1955
206.251,5,NAVIGATE,-2.1666,11.0726,-2.0149,1.2144,0.5362,0.3999,1.2144,0.5362,1.3275,0.0,12.0,2.3567,8.952631950378418,1.4222513437271118,-112.98,0,1,180,1.732,0.9999,1.0,0.885,0.3,0.3,0.354,9999.5407,1.2316
206.301,5,NAVIGATE,-2.1028,11.095,-2.0116,1.2239,0.5311,0.3987,1.3239,0.5311,1.4265,0.0,12.0,2.2893,8.935173034667969,1.439375638961792,-112.73,0,1,180,1.636,0.9997,1.0,0.9507,0.2999,0.3,0.3803,9999.3377,1.2482
206.351,5,NAVIGATE,-2.0524,11.1118,-2.01,1.2265,0.5255,0.3979,1.0265,0.4255,1.1112,0.0,12.0,2.2364,8.897086143493652,1.476940631866455,-111.73,0,1,180,1.694,0.9999,1.0,0.7407,0.3,0.3,0.2963,9999.4223,1.2627
206.401,5,NAVIGATE,-1.9926,11.1318,-2.0087,1.2298,0.5206,0.3972,1.2298,0.5206,1.3355,0.0,12.0,2.1736,8.875153541564941,1.493669033050537,-112.98,0,1,180,1.55,0.9999,1.0,0.8903,0.3,0.3,0.3561,9999.5267,1.2984
206.451,5,NAVIGATE,-1.9327,11.1523,-2.0076,1.2348,0.5166,0.3968,1.2348,0.5166,1.3385,0.0,12.0,2.1104,8.851183891296387,1.5098876953125,-113.73,0,1,180,1.517,0.9999,1.0,0.8922,0.3,0.3,0.3569,9999.4514,1.3164
206.501,5,NAVIGATE,-1.8933,11.1652,-2.0077,1.2344,0.5121,0.3966,1.3344,0.6121,1.4681,0.0,12.0,2.0692,8.796648979187012,1.5451842546463013,-111.23,0,1,180,1.597,0.9999,1.0,0.9786,0.3,0.3,0.3914,9999.4491,1.3693
206.551,5,NAVIGATE,-1.8342,11.1848,-2.0079,1.2342,0.5062,0.3968,1.1342,0.5062,1.242,0.0,12.0,2.0072,8.767836570739746,1.5630131959915161,-112.48,0,1,180,1.533,1.0,1.0,0.828,0.3,0.3,0.3312,9999.7836,1.3634
206.601,5,NAVIGATE,-1.7748,11.205,-2.0079,1.2358,0.5015,0.3972,1.1358,0.5015,1.2416,0.0,12.0,1.9447,8.734676361083984,1.5795305967330933,-113.23,0,1,180,1.593,1.0,1.0,0.8277,0.3,0.3,0.3311,9999.5291,1.3799
206.651,5,NAVIGATE,-1.7242,11.2224,-2.0065,1.2408,0.5007,0.3978,1.0408,0.5007,1.155,0.0,12.0,1.8914,8.663917541503906,1.615175724029541,-114.73,0,1,180,1.747,0.9997,1.0,0.7698,0.2999,0.3,0.3079,9999.3418,1.4162
206.701,5,NAVIGATE,-1.6735,11.2401,-2.0051,1.2442,0.5,0.3986,1.0442,0.5,1.1577,0.0,12.0,1.838,8.624873161315918,1.631079912185669,-112.73,0,1,180,1.525,0.9998,1.0,0.7717,0.2999,0.3,0.3087,9999.5973,1.4318
206.752,5,NAVIGATE,-1.612,11.2622,-2.0037,1.2462,0.4991,0.3999,1.1462,0.4991,1.2502,0.0,12.0,1.7728,8.587539672851562,1.6478503942489624,-111.98,0,1,180,2.145,0.9998,1.0,0.8333,0.2999,0.3,0.3333,9999.4807,1.4496
206.801,5,NAVIGATE,-1.5578,11.2829,-2.0028,1.2453,0.4985,0.4012,1.1453,0.4985,1.2491,0.0,12.0,1.7149,8.496389389038086,1.682227611541748,-113.23,0,1,180,1.55,0.9998,1.0,0.8326,0.2999,0.3,0.333,9999.3583,1.4834
206.851,5,NAVIGATE,-1.4936,11.3077,-2.002,1.2395,0.4972,0.4032,1.0395,0.4972,1.1523,0.0,12.0,1.6463,8.450746536254883,1.698555827140808,-113.23,0,1,180,1.709,0.9999,1.0,0.7682,0.3,0.3,0.3073,9999.5332,1.5003
206.901,5,NAVIGATE,-1.4306,11.3318,-2.0005,1.2334,0.4956,0.4056,1.0334,0.4956,1.1461,0.0,12.0,1.5789,8.405267715454102,1.7152897119522095,-112.73,0,1,180,1.496,0.9999,1.0,0.764,0.3,0.3,0.3056,9999.5894,1.5162
206.951,5,NAVIGATE,-1.3789,11.3511,-1.9981,1.2286,0.4936,0.4077,1.1286,0.4936,1.2318,0.0,12.0,1.5239,8.302739143371582,1.7505197525024414,-112.48,0,1,180,1.636,0.9996,1.0,0.8209,0.2999,0.3,0.3284,9999.1633,1.5495
207.001,5,NAVIGATE,-1.3277,11.3704,-1.9961,1.2225,0.4913,0.4099,1.1225,0.4913,1.2253,0.0,12.0,1.4694,8.249985694885254,1.7671451568603516,-114.23,0,1,180,1.506,0.9995,1.0,0.8165,0.2999,0.3,0.3266,9999.3149,1.5658
207.051,5,NAVIGATE,-1.2672,11.3934,-1.9925,1.2137,0.4883,0.4127,1.0137,0.4883,1.1252,0.0,12.0,1.4049,8.198294639587402,1.7835537195205688,-112.48,0,1,180,1.558,1.0,1.0,0.7501,0.3,0.3,0.3,9999.2779,1.5821
207.101,5,NAVIGATE,-1.2175,11.4124,-1.989,1.2077,0.486,0.4152,1.0077,0.486,1.1188,0.0,12.0,1.3519,8.085436820983887,1.817760944366455,-114.73,0,1,180,1.587,1.0,1.0,0.7458,0.3,0.3,0.2983,9999.7106,1.6195
207.151,5,NAVIGATE,-1.1583,11.4352,-1.9854,1.2026,0.4834,0.4183,1.0026,0.4834,1.113,0.0,12.0,1.2887,8.03329849243164,1.8324705362319946,-114.23,0,1,180,1.573,1.0,1.0,0.742,0.3,0.3,0.2968,9999.3022,1.635
207.201,5,NAVIGATE,-1.101,11.4581,-1.9857,1.1957,0.4809,0.4215,1.0957,0.5809,1.2401,0.0,12.0,1.2272,7.978047847747803,1.851163387298584,-114.48,0,1,180,1.551,0.9995,1.0,0.8264,0.2999,0.3,0.3306,9999.2189,1.6749
207.251,5,NAVIGATE,-1.0541,11.4772,-1.9875,1.1884,0.4788,0.4243,1.0884,0.4788,1.189,0.0,12.0,1.1766,7.8612260818481445,1.8858345746994019,-114.73,0,1,180,1.598,0.9989,1.0,0.7919,0.2997,0.3,0.3167,9999.0756,1.6958
207.301,5,NAVIGATE,-1.0074,11.4962,-1.9892,1.1798,0.4765,0.4272,0.9798,0.4765,1.0895,0.0,12.0,1.1263,7.806825160980225,1.9019335508346558,-115.73,0,1,180,1.432,0.9999,1.0,0.7263,0.3,0.3,0.2905,9999.3136,1.7109
207.352,5,NAVIGATE,-0.9483,11.5191,-1.9946,1.1728,0.4766,0.4309,0.9728,0.4766,1.0833,0.0,12.0,1.0632,7.751132011413574,1.9210373163223267,-117.48,0,1,180,1.812,0.9999,1.0,0.7221,0.3,0.3,0.2889,9999.4177,1.7346
207.401,5,NAVIGATE,-0.899,11.5382,-1.9991,1.1686,0.477,0.4342,1.0686,0.577,1.2145,0.0,12.0,1.0106,7.68740701675415,1.9394850730895996,-117.98,0,1,180,1.671,0.9998,1.0,0.8095,0.2999,0.3,0.3238,9999.0594,1.7822
207.451,5,NAVIGATE,-0.8502,11.5573,-2.003,1.1632,0.4767,0.4376,1.0632,0.5767,1.2096,0.0,12.0,0.9585,7.572394371032715,1.976815104484558,-120.99,0,1,180,1.664,0.9999,1.0,0.8063,0.3,0.3,0.3225,9999.2801,1.8323
207.501,5,NAVIGATE,-0.7893,11.5808,-2.0017,1.1562,0.4756,0.4417,0.9562,0.4756,1.0679,0.0,12.0,0.8937,7.5171403884887695,1.9980976581573486,-121.74,0,1,180,1.487,0.9996,1.0,0.7117,0.2999,0.3,0.2847,9999.1024,1.8216
207.551,5,NAVIGATE,-0.7389,11.6004,-1.9999,1.1517,0.4762,0.4453,0.9517,0.4762,1.0642,0.0,12.0,0.84,7.452064037322998,2.0221946239471436,-123.24,0,1,180,1.68,0.9995,1.0,0.7091,0.2998,0.3,0.2836,9999.2274,1.8494
207.601,5,NAVIGATE,-0.6891,11.62,-1.9982,1.1485,0.4786,0.4491,1.1485,0.6786,1.334,0.0,12.0,0.7869,7.336297035217285,2.065161943435669,-125.24,0,1,180,1.445,0.9996,1.0,0.889,0.2999,0.3,0.3556,9998.9294,1.9324
207.651,5,NAVIGATE,-0.6283,11.6437,-2.0011,1.1422,0.4805,0.4539,1.0422,0.5805,1.193,0.0,12.0,0.7223,7.280002593994141,2.087114095687866,-126.24,0,1,180,1.5,1.0,1.0,0.7953,0.3,0.3,0.3181,9999.1933,1.946
207.701,5,NAVIGATE,-0.5684,11.6674,-2.0047,1.1346,0.4817,0.4589,0.9346,0.5817,1.1009,0.0,12.0,0.6586,7.213228225708008,2.114798069000244,-127.49,0,1,180,1.636,0.9996,1.0,0.7336,0.2999,0.3,0.2935,9999.1161,1.9728
207.751,5,NAVIGATE,-0.5198,11.6871,-2.0071,1.1318,0.4858,0.4633,0.9318,0.4858,1.0509,0.0,12.0,0.6067,7.091190814971924,2.160369396209717,-129.49,0,1,180,1.532,0.9981,1.0,0.6993,0.2994,0.3,0.2797,9998.8278,2.0161
207.801,5,NAVIGATE,-0.4641,11.71,-2.0083,1.1285,0.4913,0.4691,1.1285,0.6913,1.3234,0.0,12.0,0.5472,7.028540134429932,2.18422794342041,-130.5,0,1,180,1.652,1.0,1.0,0.8823,0.3,0.3,0.3529,9998.709,1.8212
207.899,5,HOLD,-0.3643,11.7536,-2.0101,1.1137,0.4984,0.4814,0.0,0.0,0.0,-0.4180201292037964,11.729422569274902,0.0589,6.956367015838623,2.213599681854248,-131.75,0,,0,0.0,,,,,,,,
207.949,5,HOLD,-0.3129,11.7794,-2.012,1.1107,0.5065,0.4886,0.0,0.0,0.0,-0.4180201292037964,11.729422569274902,0.1164,6.956367015838623,2.213599681854248,-131.75,0,,0,0.0,,,,,,,,
207.999,5,HOLD,-0.2698,11.8011,-2.0129,1.1116,0.517,0.4946,0.0,0.0,0.0,-0.4180201292037964,11.729422569274902,0.1646,6.956367015838623,2.213599681854248,-131.75,0,,0,0.0,,,,,,,,
208.049,5,HOLD,-0.217,11.8283,-2.0128,1.0838,0.515,0.5013,0.0,0.0,0.0,-0.4180201292037964,11.729422569274902,0.224,6.956367015838623,2.213599681854248,-131.75,0,,0,0.0,,,,,,,,
208.099,5,HOLD,-0.165,11.8558,-2.0123,1.0281,0.4951,0.5067,0.0,0.0,0.0,-0.4180201292037964,11.729422569274902,0.2829,6.956367015838623,2.213599681854248,-131.75,0,,0,0.0,,,,,,,,
208.149,5,HOLD,-0.1241,11.8774,-2.0125,0.9654,0.4669,0.5099,0.0,0.0,0.0,-0.4180201292037964,11.729422569274902,0.3291,6.956367015838623,2.213599681854248,-131.75,0,,0,0.0,,,,,,,,
208.199,5,HOLD,-0.077,11.9028,-2.0126,0.8798,0.4247,0.5125,0.0,0.0,0.0,-0.4180201292037964,11.729422569274902,0.3825,6.956367015838623,2.213599681854248,-131.75,0,,0,0.0,,,,,,,,
208.249,5,HOLD,-0.0342,11.9258,-2.0126,0.7897,0.3778,0.5138,0.0,0.0,0.0,-0.4180201292037964,11.729422569274902,0.4311,6.956367015838623,2.213599681854248,-131.75,0,,0,0.0,,,,,,,,
208.299,5,HOLD,-0.0022,11.9428,-2.0125,0.7147,0.338,0.5142,0.0,0.0,0.0,-0.4180201292037964,11.729422569274902,0.4674,6.956367015838623,2.213599681854248,-131.75,0,,0,0.0,,,,,,,,
208.349,5,HOLD,0.0261,11.9565,-2.0143,0.6408,0.298,0.514,0.0,0.0,0.0,-0.4180201292037964,11.729422569274902,0.4989,6.956367015838623,2.213599681854248,-131.75,0,,0,0.0,,,,,,,,
208.399,5,HOLD,0.0561,11.9709,-2.0158,0.5554,0.2521,0.513,0.0,0.0,0.0,-0.4180201292037964,11.729422569274902,0.532,6.956367015838623,2.213599681854248,-131.75,0,,0,0.0,,,,,,,,
208.449,5,HOLD,0.0773,11.9808,-2.016,0.4871,0.2158,0.5116,0.0,0.0,0.0,-0.4180201292037964,11.729422569274902,0.5555,6.956367015838623,2.213599681854248,-131.75,0,,0,0.0,,,,,,,,
208.499,5,HOLD,0.0973,11.99,-2.0127,0.4077,0.1744,0.5094,0.0,0.0,0.0,-0.4180201292037964,11.729422569274902,0.5774,6.956367015838623,2.213599681854248,-131.75,0,,0,0.0,,,,,,,,
208.549,5,HOLD,0.1136,11.9972,-2.0096,0.3321,0.1356,0.5068,0.0,0.0,0.0,-0.4180201292037964,11.729422569274902,0.5953,6.956367015838623,2.213599681854248,-131.75,0,,0,0.0,,,,,,,,
208.6,5,HOLD,0.1237,12.002,-2.0072,0.2716,0.1051,0.5044,0.0,0.0,0.0,-0.4180201292037964,11.729422569274902,0.6065,6.956367015838623,2.213599681854248,-131.75,0,,0,0.0,,,,,,,,
208.649,5,HOLD,0.1315,12.0064,-2.0047,0.2019,0.0701,0.5014,0.0,0.0,0.0,-0.4180201292037964,11.729422569274902,0.6153,6.956367015838623,2.213599681854248,-131.75,0,,0,0.0,,,,,,,,
208.699,5,HOLD,0.1358,12.0087,-2.0028,0.1471,0.0427,0.4988,0.0,0.0,0.0,-0.4180201292037964,11.729422569274902,0.6202,6.956367015838623,2.213599681854248,-131.75,0,,0,0.0,,,,,,,,
208.749,5,HOLD,0.1366,12.0097,-2.0013,0.0842,0.0116,0.4959,0.0,0.0,0.0,-0.4180201292037964,11.729422569274902,0.6214,6.956367015838623,2.213599681854248,-131.75,0,,0,0.0,,,,,,,,
208.799,5,HOLD,0.134,12.0091,-2.0006,0.0345,-0.0129,0.4934,0.0,0.0,0.0,-0.4180201292037964,11.729422569274902,0.6188,6.956367015838623,2.213599681854248,-131.75,0,,0,0.0,,,,,,,,
208.849,5,HOLD,0.129,12.0073,-1.9999,-0.021,-0.0403,0.4905,0.0,0.0,0.0,-0.4180201292037964,11.729422569274902,0.6136,6.956367015838623,2.213599681854248,-131.75,0,,0,0.0,,,,,,,,
208.9,5,HOLD,0.1226,12.0022,-2.0006,-0.064,-0.0627,0.488,0.0,0.0,0.0,-0.4180201292037964,11.729422569274902,0.6056,6.956367015838623,2.213599681854248,-131.75,0,,0,0.0,,,,,,,,
208.949,5,HOLD,0.1129,11.9935,-2.0023,-0.1115,-0.0885,0.4852,0.0,0.0,0.0,-0.4180201292037964,11.729422569274902,0.5929,6.956367015838623,2.213599681854248,-131.75,0,,0,0.0,,,,,,,,
209.0,5,HOLD,0.1036,11.9858,-2.0035,-0.1475,-0.108,0.4829,0.0,0.0,0.0,-0.4180201292037964,11.729422569274902,0.5813,6.956367015838623,2.213599681854248,-131.75,0,,0,0.0,,,,,,,,
209.049,5,HOLD,0.0897,11.9762,-2.0047,-0.1875,-0.1293,0.4804,0.0,0.0,0.0,-0.4180201292037964,11.729422569274902,0.5645,6.956367015838623,2.213599681854248,-131.75,0,,0,0.0,,,,,,,,
209.099,5,HOLD,0.0771,11.9678,-2.0054,-0.2176,-0.1451,0.4784,0.0,0.0,0.0,-0.4180201292037964,11.729422569274902,0.5495,6.956367015838623,2.213599681854248,-131.75,0,,0,0.0,,,,,,,,
209.149,5,HOLD,0.0611,11.9574,-2.0061,-0.25,-0.1616,0.4762,0.0,0.0,0.0,-0.4180201292037964,11.729422569274902,0.5306,6.956367015838623,2.213599681854248,-131.75,0,,0,0.0,,,,,,,,
209.199,5,HOLD,0.046,11.9488,-2.0063,-0.2745,-0.1733,0.4746,0.0,0.0,0.0,-0.4180201292037964,11.729422569274902,0.5133,6.956367015838623,2.213599681854248,-131.75,0,,0,0.0,,,,,,,,
209.249,5,HOLD,0.0275,11.9382,-2.0063,-0.3004,-0.1852,0.4728,0.0,0.0,0.0,-0.4180201292037964,11.729422569274902,0.492,6.956367015838623,2.213599681854248,-131.75,0,,0,0.0,,,,,,,,
209.299,5,HOLD,0.0121,11.93,-2.0066,-0.3192,-0.1931,0.4714,0.0,0.0,0.0,-0.4180201292037964,11.729422569274902,0.4746,6.956367015838623,2.213599681854248,-131.75,0,,0,0.0,,,,,,,,
209.349,5,HOLD,-0.0048,11.9236,-2.0086,-0.3381,-0.1991,0.47,0.0,0.0,0.0,-0.4180201292037964,11.729422569274902,0.4565,6.956367015838623,2.213599681854248,-131.75,0,,0,0.0,,,,,,,,
209.399,5,HOLD,-0.0194,11.9177,-2.01,-0.3514,-0.203,0.469,0.0,0.0,0.0,-0.4180201292037964,11.729422569274902,0.4408,6.956367015838623,2.213599681854248,-131.75,0,,0,0.0,,,,,,,,
209.449,5,HOLD,-0.0378,11.9097,-2.0107,-0.3649,-0.2069,0.4681,0.0,0.0,0.0,-0.4180201292037964,11.729422569274902,0.4207,6.956367015838623,2.213599681854248,-131.75,0,,0,0.0,,,,,,,,
209.499,5,HOLD,-0.0541,11.902,-2.0101,-0.3744,-0.2098,0.4676,0.0,0.0,0.0,-0.4180201292037964,11.729422569274902,0.4028,6.956367015838623,2.213599681854248,-131.75,0,,0,0.0,,,,,,,,
209.549,5,HOLD,-0.0738,11.8926,-2.0094,-0.3836,-0.2128,0.4672,0.0,0.0,0.0,-0.4180201292037964,11.729422569274902,0.3809,6.956367015838623,2.213599681854248,-131.75,0,,0,0.0,,,,,,,,
209.599,5,HOLD,-0.0923,11.8828,-2.0083,-0.39,-0.2154,0.467,0.0,0.0,0.0,-0.4180201292037964,11.729422569274902,0.3601,6.956367015838623,2.213599681854248,-131.75,0,,0,0.0,,,,,,,,
209.649,5,HOLD,-0.1117,11.8719,-2.007,-0.3952,-0.2178,0.467,0.0,0.0,0.0,-0.4180201292037964,11.729422569274902,0.3379,6.956367015838623,2.213599681854248,-131.75,0,,0,0.0,,,,,,,,
209.699,5,HOLD,-0.1347,11.8591,-2.0056,-0.3993,-0.2198,0.467,0.0,0.0,0.0,-0.4180201292037964,11.729422569274902,0.3116,6.956367015838623,2.213599681854248,-131.75,0,,0,0.0,,,,,,,,
209.75,5,HOLD,-0.1582,11.8463,-2.004,-0.401,-0.2207,0.4673,0.0,0.0,0.0,-0.4180201292037964,11.729422569274902,0.2849,6.956367015838623,2.213599681854248,-131.75,0,,0,0.0,,,,,,,,
209.799,5,HOLD,-0.1777,11.8358,-2.0027,-0.4007,-0.2206,0.4676,0.0,0.0,0.0,-0.4180201292037964,11.729422569274902,0.2628,6.956367015838623,2.213599681854248,-131.75,0,,0,0.0,,,,,,,,
209.849,5,HOLD,-0.2004,11.8235,-2.0014,-0.3984,-0.2194,0.4681,0.0,0.0,0.0,-0.4180201292037964,11.729422569274902,0.237,6.956367015838623,2.213599681854248,-131.75,0,,0,0.0,,,,,,,,
209.899,5,HOLD,-0.2162,11.8134,-1.999,-0.3935,-0.2173,0.4685,0.0,0.0,0.0,-0.4180201292037964,11.729422569274902,0.2186,6.956367015838623,2.213599681854248,-131.75,0,,0,0.0,,,,,,,,
209.949,5,HOLD,-0.234,11.8015,-1.9959,-0.3858,-0.214,0.4692,0.0,0.0,0.0,-0.4180201292037964,11.729422569274902,0.1976,6.956367015838623,2.213599681854248,-131.75,0,,0,0.0,,,,,,,,
209.999,5,HOLD,-0.2486,11.7919,-1.9938,-0.3784,-0.2104,0.4697,0.0,0.0,0.0,-0.4180201292037964,11.729422569274902,0.1806,6.956367015838623,2.213599681854248,-131.75,0,,0,0.0,,,,,,,,
210.049,5,HOLD,-0.2666,11.7801,-1.9945,-0.3687,-0.2054,0.4703,0.0,0.0,0.0,-0.4180201292037964,11.729422569274902,0.1597,6.956367015838623,2.213599681854248,-131.75,0,,0,0.0,,,,,,,,
210.099,5,HOLD,-0.2811,11.7706,-1.9951,-0.3601,-0.2007,0.4709,0.0,0.0,0.0,-0.4180201292037964,11.729422569274902,0.1429,6.956367015838623,2.213599681854248,-131.75,0,,0,0.0,,,,,,,,
210.149,5,HOLD,-0.2976,11.7601,-1.9966,-0.3491,-0.1944,0.4716,0.0,0.0,0.0,-0.4180201292037964,11.729422569274902,0.1243,6.956367015838623,2.213599681854248,-131.75,0,,0,0.0,,,,,,,,
210.199,5,HOLD,-0.3088,11.7535,-2.0006,-0.3389,-0.1878,0.4721,0.0,0.0,0.0,-0.4180201292037964,11.729422569274902,0.1118,6.956367015838623,2.213599681854248,-131.75,0,,0,0.0,,,,,,,,
210.249,5,HOLD,-0.3222,11.7459,-2.0049,-0.3265,-0.1797,0.4727,0.0,0.0,0.0,-0.4180201292037964,11.729422569274902,0.0972,6.956367015838623,2.213599681854248,-131.75,0,,0,0.0,,,,,,,,
210.299,5,HOLD,-0.3352,11.7386,-2.0106,-0.3139,-0.1714,0.4731,0.0,0.0,0.0,-0.4180201292037964,11.729422569274902,0.0833,6.956367015838623,2.213599681854248,-131.75,0,,0,0.0,,,,,,,,
210.349,5,HOLD,-0.3458,11.733,-2.018,-0.3033,-0.1644,0.4734,0.0,0.0,0.0,-0.4180201292037964,11.729422569274902,0.0723,6.956367015838623,2.213599681854248,-131.75,0,,0,0.0,,,,,,,,
210.399,5,HOLD,-0.3583,11.7265,-2.0255,-0.2905,-0.1562,0.4737,0.0,0.0,0.0,-0.4180201292037964,11.729422569274902,0.0598,6.956367015838623,2.213599681854248,-131.75,0,,0,0.0,,,,,,,,
210.449,5,HOLD,-0.3694,11.7203,-2.0301,-0.2803,-0.1499,0.4739,0.0,0.0,0.0,-0.4180201292037964,11.729422569274902,0.0495,6.956367015838623,2.213599681854248,-131.75,0,,0,0.0,,,,,,,,
210.499,5,HOLD,-0.3817,11.7128,-2.0329,-0.2706,-0.1443,0.4742,0.0,0.0,0.0,-0.4180201292037964,11.729422569274902,0.0399,6.956367015838623,2.213599681854248,-131.75,0,,0,0.0,,,,,,,,
210.549,5,HOLD,-0.3957,11.7045,-2.0355,-0.2588,-0.1376,0.4745,0.0,0.0,0.0,-0.4180201292037964,11.729422569274902,0.0334,6.956367015838623,2.213599681854248,-131.75,0,,0,0.0,,,,,,,,
210.599,5,HOLD,-0.4083,11.6992,-2.0373,-0.2465,-0.1297,0.4747,0.0,0.0,0.0,-0.4180201292037964,11.729422569274902,0.0318,6.956367015838623,2.213599681854248,-131.75,0,,0,0.0,,,,,,,,
210.65,5,HOLD,-0.4181,11.6959,-2.0383,-0.2358,-0.1225,0.4749,0.0,0.0,0.0,-0.4180201292037964,11.729422569274902,0.0336,6.956367015838623,2.213599681854248,-131.75,0,,0,0.0,,,,,,,,
210.699,5,HOLD,-0.4273,11.6926,-2.039,-0.225,-0.1155,0.4751,0.0,0.0,0.0,-0.4180201292037964,11.729422569274902,0.0379,6.956367015838623,2.213599681854248,-131.75,0,,0,0.0,,,,,,,,
210.75,5,HOLD,-0.4354,11.6902,-2.037,-0.2138,-0.1082,0.4752,0.0,0.0,0.0,-0.4180201292037964,11.729422569274902,0.0429,6.956367015838623,2.213599681854248,-131.75,0,,0,0.0,,,,,,,,
210.799,5,HOLD,-0.4444,11.6875,-2.0339,-0.2001,-0.0997,0.4753,0.0,0.0,0.0,-0.4180201292037964,11.729422569274902,0.0495,6.956367015838623,2.213599681854248,-131.75,0,,0,0.0,,,,,,,,
210.849,5,HOLD,-0.4528,11.685,-2.031,-0.1865,-0.0916,0.4753,0.0,0.0,0.0,-0.4180201292037964,11.729422569274902,0.0564,6.956367015838623,2.213599681854248,-131.75,0,,0,0.0,,,,,,,,
210.899,5,HOLD,-0.4581,11.6817,-2.0285,-0.1748,-0.0857,0.4753,0.0,0.0,0.0,-0.4180201292037964,11.729422569274902,0.0624,6.956367015838623,2.213599681854248,-131.75,0,,0,0.0,,,,,,,,
210.95,5,HOLD,-0.4642,11.6779,-2.0257,-0.161,-0.079,0.4754,0.0,0.0,0.0,-0.4180201292037964,11.729422569274902,0.0691,6.956367015838623,2.213599681854248,-131.75,0,,0,0.0,,,,,,,,
210.999,5,HOLD,-0.4689,11.675,-2.0236,-0.1498,-0.0737,0.4755,0.0,0.0,0.0,-0.4180201292037964,11.729422569274902,0.0745,6.956367015838623,2.213599681854248,-131.75,0,,0,0.0,,,,,,,,
211.049,5,HOLD,-0.4732,11.6733,-2.0192,-0.1365,-0.0662,0.4756,0.0,0.0,0.0,-0.4180201292037964,11.729422569274902,0.0787,6.956367015838623,2.213599681854248,-131.75,0,,0,0.0,,,,,,,,
211.099,5,HOLD,-0.4766,11.672,-2.0158,-0.1259,-0.0603,0.4756,0.0,0.0,0.0,-0.4180201292037964,11.729422569274902,0.0821,6.956367015838623,2.213599681854248,-131.75,0,,0,0.0,,,,,,,,
211.149,5,HOLD,-0.4798,11.6715,-2.0135,-0.1135,-0.0532,0.4756,0.0,0.0,0.0,-0.4180201292037964,11.729422569274902,0.0847,6.956367015838623,2.213599681854248,-131.75,0,,0,0.0,,,,,,,,
211.199,5,HOLD,-0.4813,11.6726,-2.0137,-0.1033,-0.0472,0.4755,0.0,0.0,0.0,-0.4180201292037964,11.729422569274902,0.0851,6.956367015838623,2.213599681854248,-131.75,0,,0,0.0,,,,,,,,
211.25,5,HOLD,-0.483,11.6737,-2.0139,-0.0917,-0.0406,0.4754,0.0,0.0,0.0,-0.4180201292037964,11.729422569274902,0.0856,6.956367015838623,2.213599681854248,-131.75,0,,0,0.0,,,,,,,,
211.299,5,HOLD,-0.4851,11.6744,-2.0141,-0.083,-0.0356,0.4753,0.0,0.0,0.0,-0.4180201292037964,11.729422569274902,0.0868,6.956367015838623,2.213599681854248,-131.75,0,,0,0.0,,,,,,,,
211.349,5,HOLD,-0.4887,11.6747,-2.0144,-0.0736,-0.0303,0.4752,0.0,0.0,0.0,-0.4180201292037964,11.729422569274902,0.0893,6.956367015838623,2.213599681854248,-131.75,0,,0,0.0,,,,,,,,
211.399,5,HOLD,-0.4913,11.675,-2.0145,-0.0663,-0.0265,0.4751,0.0,0.0,0.0,-0.4180201292037964,11.729422569274902,0.0912,6.956367015838623,2.213599681854248,-131.75,0,,0,0.0,,,,,,,,
211.449,5,HOLD,-0.4932,11.6765,-2.0147,-0.0579,-0.0215,0.475,0.0,0.0,0.0,-0.4180201292037964,11.729422569274902,0.092,6.956367015838623,2.213599681854248,-131.75,0,,0,0.0,,,,,,,,
211.499,5,HOLD,-0.494,11.6786,-2.0149,-0.0509,-0.0172,0.475,0.0,0.0,0.0,-0.4180201292037964,11.729422569274902,0.0914,6.956367015838623,2.213599681854248,-131.75,0,,0,0.0,,,,,,,,
211.549,5,HOLD,-0.4948,11.6808,-2.015,-0.043,-0.0126,0.475,0.0,0.0,0.0,-0.4180201292037964,11.729422569274902,0.0908,6.956367015838623,2.213599681854248,-131.75,0,,0,0.0,,,,,,,,
211.599,5,HOLD,-0.4937,11.684,-2.0124,-0.036,-0.0089,0.475,0.0,0.0,0.0,-0.4180201292037964,11.729422569274902,0.0883,6.956367015838623,2.213599681854248,-131.75,0,,0,0.0,,,,,,,,
211.649,5,HOLD,-0.492,11.6878,-2.0088,-0.0279,-0.005,0.4749,0.0,0.0,0.0,-0.4180201292037964,11.729422569274902,0.0849,6.956367015838623,2.213599681854248,-131.75,0,,0,0.0,,,,,,,,
211.7,5,HOLD,-0.4906,11.6906,-2.0061,-0.0217,-0.0024,0.4748,0.0,0.0,0.0,-0.4180201292037964,11.729422569274902,0.0823,6.956367015838623,2.213599681854248,-131.75,0,,0,0.0,,,,,,,,
211.749,5,HOLD,-0.4871,11.6947,-2.0045,-0.0141,0.0008,0.4746,0.0,0.0,0.0,-0.4180201292037964,11.729422569274902,0.0773,6.956367015838623,2.213599681854248,-131.75,0,,0,0.0,,,,,,,,
211.799,5,HOLD,-0.4835,11.6985,-2.0034,-0.0073,0.0033,0.4746,0.0,0.0,0.0,-0.4180201292037964,11.729422569274902,0.0724,6.956367015838623,2.213599681854248,-131.75,0,,0,0.0,,,,,,,,
211.849,5,HOLD,-0.4806,11.7015,-2.0023,-0.0023,0.0048,0.4747,0.0,0.0,0.0,-0.4180201292037964,11.729422569274902,0.0686,6.956367015838623,2.213599681854248,-131.75,0,,0,0.0,,,,,,,,
211.899,5,HOLD,-0.4775,11.7046,-1.9998,0.0019,0.0059,0.4747,0.0,0.0,0.0,-0.4180201292037964,11.729422569274902,0.0645,6.956367015838623,2.213599681854248,-131.75,0,,0,0.0,,,,,,,,
211.949,5,HOLD,-0.4741,11.708,-1.9974,0.0061,0.0066,0.4747,0.0,0.0,0.0,-0.4180201292037964,11.729422569274902,0.06,6.956367015838623,2.213599681854248,-131.75,0,,0,0.0,,,,,,,,
212.0,5,HOLD,-0.472,11.7108,-1.9963,0.0088,0.0068,0.4746,0.0,0.0,0.0,-0.4180201292037964,11.729422569274902,0.0571,6.956367015838623,2.213599681854248,-131.75,0,,0,0.0,,,,,,,,
212.049,5,HOLD,-0.4721,11.715,-1.9979,0.0105,0.0073,0.4746,0.0,0.0,0.0,-0.4180201292037964,11.729422569274902,0.0559,6.956367015838623,2.213599681854248,-131.75,0,,0,0.0,,,,,,,,
212.099,5,HOLD,-0.472,11.7181,-1.9991,0.0115,0.0072,0.4746,0.0,0.0,0.0,-0.4180201292037964,11.729422569274902,0.0552,6.956367015838623,2.213599681854248,-131.75,0,,0,0.0,,,,,,,,
212.149,5,HOLD,-0.4707,11.7218,-2.0019,0.013,0.007,0.4747,0.0,0.0,0.0,-0.4180201292037964,11.729422569274902,0.0532,6.956367015838623,2.213599681854248,-131.75,0,,0,0.0,,,,,,,,
212.199,5,HOLD,-0.4677,11.7253,-2.0061,0.0152,0.0067,0.4747,0.0,0.0,0.0,-0.4180201292037964,11.729422569274902,0.0499,6.956367015838623,2.213599681854248,-131.75,0,,0,0.0,,,,,,,,
212.249,5,HOLD,-0.4649,11.7283,-2.0098,0.0172,0.0061,0.4746,0.0,0.0,0.0,-0.4180201292037964,11.729422569274902,0.0469,6.956367015838623,2.213599681854248,-131.75,0,,0,0.0,,,,,,,,
212.299,5,HOLD,-0.4612,11.7317,-2.0156,0.0194,0.0051,0.4745,0.0,0.0,0.0,-0.4180201292037964,11.729422569274902,0.0432,6.956367015838623,2.213599681854248,-131.75,0,,0,0.0,,,,,,,,
212.349,5,HOLD,-0.4579,11.7342,-2.0211,0.0211,0.004,0.4744,0.0,0.0,0.0,-0.4180201292037964,11.729422569274902,0.0402,6.956367015838623,2.213599681854248,-131.75,0,,0,0.0,,,,,,,,
212.399,5,HOLD,-0.4548,11.7363,-2.0258,0.0222,0.0026,0.4743,0.0,0.0,0.0,-0.4180201292037964,11.729422569274902,0.0374,6.956367015838623,2.213599681854248,-131.75,0,,0,0.0,,,,,,,,
212.449,5,HOLD,-0.4504,11.7379,-2.0314,0.0235,0.0002,0.4741,0.0,0.0,0.0,-0.4180201292037964,11.729422569274902,0.0335,6.956367015838623,2.213599681854248,-131.75,0,,0,0.0,,,,,,,,
212.499,5,HOLD,-0.4463,11.7384,-2.0358,0.0245,-0.0023,0.474,0.0,0.0,0.0,-0.4180201292037964,11.729422569274902,0.0297,6.956367015838623,2.213599681854248,-131.75,0,,0,0.0,,,,,,,,
212.549,5,HOLD,-0.4419,11.7388,-2.04,0.025,-0.0055,0.4739,0.0,0.0,0.0,-0.4180201292037964,11.729422569274902,0.0256,6.956367015838623,2.213599681854248,-131.75,0,,0,0.0,,,,,,,,
212.599,5,HOLD,-0.4379,11.7418,-2.0373,0.0247,-0.0073,0.4739,0.0,0.0,0.0,-0.4180201292037964,11.729422569274902,0.0234,6.956367015838623,2.213599681854248,-131.75,0,,0,0.0,,,,,,,,
